ARM GAS  /tmp/ccfF4MKe.s 			page 1


   1              		.cpu cortex-m4
   2              		.arch armv7e-m
   3              		.fpu softvfp
   4              		.eabi_attribute 20, 1
   5              		.eabi_attribute 21, 1
   6              		.eabi_attribute 23, 3
   7              		.eabi_attribute 24, 1
   8              		.eabi_attribute 25, 1
   9              		.eabi_attribute 26, 1
  10              		.eabi_attribute 30, 2
  11              		.eabi_attribute 34, 1
  12              		.eabi_attribute 18, 4
  13              		.file	"chcond.c"
  14              		.file 1 "/home/rob/Projects/ChibiStudio/ChibiStudio_23/tools/GNU Tools ARM Embedded/11.3.1 2022q3/
  15              		.file 2 "/home/rob/Projects/ChibiStudio/ChibiStudio_23/tools/GNU Tools ARM Embedded/11.3.1 2022q3/
  16              		.file 3 "../../chibios_trunk/os/common/ports/ARM-common/chtypes.h"
  17              		.file 4 "../../chibios_trunk/os/rt/include/chearly.h"
  18              		.file 5 "../../chibios_trunk/os/rt/include/chobjects.h"
  19              		.file 6 "../../chibios_trunk/os/rt/include/chrfcu.h"
  20              		.file 7 "../../chibios_trunk/os/rt/include/chdebug.h"
  21              		.file 8 "../../chibios_trunk/os/rt/include/chtime.h"
  22              		.file 9 "../../chibios_trunk/os/rt/include/chlists.h"
  23              		.file 10 "../../chibios_trunk/os/rt/include/chtrace.h"
  24              		.file 11 "../../chibios_trunk/os/common/ports/ARMv7-M/chcore.h"
  25              		.file 12 "../../chibios_trunk/os/rt/include/chsem.h"
  26              		.file 13 "../../chibios_trunk/os/rt/include/chmtx.h"
  27              		.file 14 "../../chibios_trunk/os/rt/include/chcond.h"
  28              		.file 15 "../../chibios_trunk/os/rt/include/chschd.h"
  29              		.file 16 "../../chibios_trunk/os/rt/src/chcond.c"
  30              		.file 17 "../../chibios_trunk/os/rt/include/chthreads.h"
  31              		.file 18 "../../chibios_trunk/os/rt/include/chsys.h"
  32              		.file 19 "../../chibios_trunk/os/common/ext/ARM/CMSIS/Core/Include/cmsis_gcc.h"
  33              		.section	.gnu.debuglto_.debug_info,"e",%progbits
  34              	.Ldebug_info0:
  35              		.hidden	chcond.c.b04ce3d6
  36              		.weak	chcond.c.b04ce3d6
  37              	chcond.c.b04ce3d6:
  38 0000 040D0000 		.4byte	0xd04
  39 0004 0500     		.2byte	0x5
  40 0006 01       		.byte	0x1
  41 0007 04       		.byte	0x4
  42 0008 00000000 		.4byte	.Ldebug_abbrev0
  43 000c 25       		.uleb128 0x25
  44 000d FB020000 		.4byte	.LASF164
  45 0011 1D       		.byte	0x1d
  46 0012 76010000 		.4byte	.LASF165
  47 0016 95060000 		.4byte	.LASF166
  48 001a 00000000 		.4byte	.Ldebug_line0
  49 001e 26       		.uleb128 0x26
  50 001f 04       		.byte	0x4
  51 0020 05       		.byte	0x5
  52 0021 696E7400 		.ascii	"int\000"
  53 0025 06       		.uleb128 0x6
  54 0026 04       		.byte	0x4
  55 0027 07       		.byte	0x7
  56 0028 85020000 		.4byte	.LASF0
  57 002c 06       		.uleb128 0x6
ARM GAS  /tmp/ccfF4MKe.s 			page 2


  58 002d 08       		.byte	0x8
  59 002e 05       		.byte	0x5
  60 002f FA000000 		.4byte	.LASF1
  61 0033 06       		.uleb128 0x6
  62 0034 08       		.byte	0x8
  63 0035 04       		.byte	0x4
  64 0036 5A060000 		.4byte	.LASF2
  65 003a 06       		.uleb128 0x6
  66 003b 01       		.byte	0x1
  67 003c 06       		.byte	0x6
  68 003d 08010000 		.4byte	.LASF3
  69 0041 01       		.uleb128 0x1
  70 0042 43000000 		.4byte	.LASF6
  71 0046 01       		.byte	0x1
  72 0047 2B       		.byte	0x2b
  73 0048 18       		.byte	0x18
  74 0049 4D000000 		.4byte	0x4d
  75 004d 06       		.uleb128 0x6
  76 004e 01       		.byte	0x1
  77 004f 08       		.byte	0x8
  78 0050 91050000 		.4byte	.LASF4
  79 0054 06       		.uleb128 0x6
  80 0055 02       		.byte	0x2
  81 0056 05       		.byte	0x5
  82 0057 A6050000 		.4byte	.LASF5
  83 005b 01       		.uleb128 0x1
  84 005c 79060000 		.4byte	.LASF7
  85 0060 01       		.byte	0x1
  86 0061 39       		.byte	0x39
  87 0062 19       		.byte	0x19
  88 0063 67000000 		.4byte	0x67
  89 0067 06       		.uleb128 0x6
  90 0068 02       		.byte	0x2
  91 0069 07       		.byte	0x7
  92 006a BB030000 		.4byte	.LASF8
  93 006e 01       		.uleb128 0x1
  94 006f 3D040000 		.4byte	.LASF9
  95 0073 01       		.byte	0x1
  96 0074 4D       		.byte	0x4d
  97 0075 18       		.byte	0x18
  98 0076 7A000000 		.4byte	0x7a
  99 007a 06       		.uleb128 0x6
 100 007b 04       		.byte	0x4
 101 007c 05       		.byte	0x5
 102 007d 58010000 		.4byte	.LASF10
 103 0081 01       		.uleb128 0x1
 104 0082 04020000 		.4byte	.LASF11
 105 0086 01       		.byte	0x1
 106 0087 4F       		.byte	0x4f
 107 0088 19       		.byte	0x19
 108 0089 8D000000 		.4byte	0x8d
 109 008d 06       		.uleb128 0x6
 110 008e 04       		.byte	0x4
 111 008f 07       		.byte	0x7
 112 0090 AC020000 		.4byte	.LASF12
 113 0094 01       		.uleb128 0x1
 114 0095 34050000 		.4byte	.LASF13
ARM GAS  /tmp/ccfF4MKe.s 			page 3


 115 0099 01       		.byte	0x1
 116 009a 69       		.byte	0x69
 117 009b 19       		.byte	0x19
 118 009c A0000000 		.4byte	0xa0
 119 00a0 06       		.uleb128 0x6
 120 00a1 08       		.byte	0x8
 121 00a2 07       		.byte	0x7
 122 00a3 AC000000 		.4byte	.LASF14
 123 00a7 27       		.uleb128 0x27
 124 00a8 04       		.byte	0x4
 125 00a9 06       		.uleb128 0x6
 126 00aa 01       		.byte	0x1
 127 00ab 08       		.byte	0x8
 128 00ac 6D060000 		.4byte	.LASF15
 129 00b0 0A       		.uleb128 0xa
 130 00b1 A9000000 		.4byte	0xa9
 131 00b5 04       		.uleb128 0x4
 132 00b6 B0000000 		.4byte	0xb0
 133 00ba 1E       		.uleb128 0x1e
 134 00bb B5000000 		.4byte	0xb5
 135 00bf 01       		.uleb128 0x1
 136 00c0 FF070000 		.4byte	.LASF16
 137 00c4 02       		.byte	0x2
 138 00c5 18       		.byte	0x18
 139 00c6 13       		.byte	0x13
 140 00c7 41000000 		.4byte	0x41
 141 00cb 01       		.uleb128 0x1
 142 00cc B9010000 		.4byte	.LASF17
 143 00d0 02       		.byte	0x2
 144 00d1 24       		.byte	0x24
 145 00d2 14       		.byte	0x14
 146 00d3 5B000000 		.4byte	0x5b
 147 00d7 01       		.uleb128 0x1
 148 00d8 89050000 		.4byte	.LASF18
 149 00dc 02       		.byte	0x2
 150 00dd 2C       		.byte	0x2c
 151 00de 13       		.byte	0x13
 152 00df 6E000000 		.4byte	0x6e
 153 00e3 01       		.uleb128 0x1
 154 00e4 25060000 		.4byte	.LASF19
 155 00e8 02       		.byte	0x2
 156 00e9 30       		.byte	0x30
 157 00ea 14       		.byte	0x14
 158 00eb 81000000 		.4byte	0x81
 159 00ef 01       		.uleb128 0x1
 160 00f0 2A000000 		.4byte	.LASF20
 161 00f4 02       		.byte	0x2
 162 00f5 3C       		.byte	0x3c
 163 00f6 14       		.byte	0x14
 164 00f7 94000000 		.4byte	0x94
 165 00fb 1E       		.uleb128 0x1e
 166 00fc EF000000 		.4byte	0xef
 167 0100 01       		.uleb128 0x1
 168 0101 D0020000 		.4byte	.LASF21
 169 0105 03       		.byte	0x3
 170 0106 48       		.byte	0x48
 171 0107 1D       		.byte	0x1d
ARM GAS  /tmp/ccfF4MKe.s 			page 4


 172 0108 EF000000 		.4byte	0xef
 173 010c 01       		.uleb128 0x1
 174 010d 47040000 		.4byte	.LASF22
 175 0111 04       		.byte	0x4
 176 0112 50       		.byte	0x50
 177 0113 19       		.byte	0x19
 178 0114 00010000 		.4byte	0x100
 179 0118 01       		.uleb128 0x1
 180 0119 13040000 		.4byte	.LASF23
 181 011d 04       		.byte	0x4
 182 011e 53       		.byte	0x53
 183 011f 19       		.byte	0x19
 184 0120 BF000000 		.4byte	0xbf
 185 0124 01       		.uleb128 0x1
 186 0125 6D010000 		.4byte	.LASF24
 187 0129 04       		.byte	0x4
 188 012a 54       		.byte	0x54
 189 012b 19       		.byte	0x19
 190 012c BF000000 		.4byte	0xbf
 191 0130 01       		.uleb128 0x1
 192 0131 60050000 		.4byte	.LASF25
 193 0135 04       		.byte	0x4
 194 0136 55       		.byte	0x55
 195 0137 19       		.byte	0x19
 196 0138 BF000000 		.4byte	0xbf
 197 013c 01       		.uleb128 0x1
 198 013d 6D050000 		.4byte	.LASF26
 199 0141 04       		.byte	0x4
 200 0142 57       		.byte	0x57
 201 0143 19       		.byte	0x19
 202 0144 E3000000 		.4byte	0xe3
 203 0148 01       		.uleb128 0x1
 204 0149 DF030000 		.4byte	.LASF27
 205 014d 04       		.byte	0x4
 206 014e 58       		.byte	0x58
 207 014f 19       		.byte	0x19
 208 0150 D7000000 		.4byte	0xd7
 209 0154 01       		.uleb128 0x1
 210 0155 31040000 		.4byte	.LASF28
 211 0159 04       		.byte	0x4
 212 015a 5A       		.byte	0x5a
 213 015b 19       		.byte	0x19
 214 015c E3000000 		.4byte	0xe3
 215 0160 01       		.uleb128 0x1
 216 0161 69020000 		.4byte	.LASF29
 217 0165 04       		.byte	0x4
 218 0166 5C       		.byte	0x5c
 219 0167 19       		.byte	0x19
 220 0168 D7000000 		.4byte	0xd7
 221 016c 01       		.uleb128 0x1
 222 016d 56050000 		.4byte	.LASF30
 223 0171 04       		.byte	0x4
 224 0172 80       		.byte	0x80
 225 0173 12       		.byte	0x12
 226 0174 25000000 		.4byte	0x25
 227 0178 01       		.uleb128 0x1
 228 0179 E2070000 		.4byte	.LASF31
ARM GAS  /tmp/ccfF4MKe.s 			page 5


 229 017d 04       		.byte	0x4
 230 017e 85       		.byte	0x85
 231 017f 1A       		.byte	0x1a
 232 0180 84010000 		.4byte	0x184
 233 0184 07       		.uleb128 0x7
 234 0185 CE030000 		.4byte	.LASF47
 235 0189 4C       		.byte	0x4c
 236 018a 05       		.byte	0x5
 237 018b 9C       		.byte	0x9c
 238 018c 08       		.byte	0x8
 239 018d 6E020000 		.4byte	0x26e
 240 0191 09       		.uleb128 0x9
 241 0192 68647200 		.ascii	"hdr\000"
 242 0196 05       		.byte	0x5
 243 0197 AD       		.byte	0xad
 244 0198 05       		.byte	0x5
 245 0199 25070000 		.4byte	0x725
 246 019d 00       		.byte	0
 247 019e 09       		.uleb128 0x9
 248 019f 63747800 		.ascii	"ctx\000"
 249 01a3 05       		.byte	0x5
 250 01a4 B1       		.byte	0xb1
 251 01a5 21       		.byte	0x21
 252 01a6 90060000 		.4byte	0x690
 253 01aa 0C       		.byte	0xc
 254 01ab 02       		.uleb128 0x2
 255 01ac BE020000 		.4byte	.LASF32
 256 01b0 05       		.byte	0x5
 257 01b1 B6       		.byte	0xb6
 258 01b2 21       		.byte	0x21
 259 01b3 B8030000 		.4byte	0x3b8
 260 01b7 10       		.byte	0x10
 261 01b8 02       		.uleb128 0x2
 262 01b9 41060000 		.4byte	.LASF33
 263 01bd 05       		.byte	0x5
 264 01be BB       		.byte	0xbb
 265 01bf 22       		.byte	0x22
 266 01c0 27080000 		.4byte	0x827
 267 01c4 18       		.byte	0x18
 268 01c5 02       		.uleb128 0x2
 269 01c6 E8020000 		.4byte	.LASF34
 270 01ca 05       		.byte	0x5
 271 01cb C0       		.byte	0xc0
 272 01cc 22       		.byte	0x22
 273 01cd B5000000 		.4byte	0xb5
 274 01d1 1C       		.byte	0x1c
 275 01d2 02       		.uleb128 0x2
 276 01d3 66060000 		.4byte	.LASF35
 277 01d7 05       		.byte	0x5
 278 01d8 C9       		.byte	0xc9
 279 01d9 22       		.byte	0x22
 280 01da 2C080000 		.4byte	0x82c
 281 01de 20       		.byte	0x20
 282 01df 02       		.uleb128 0x2
 283 01e0 0F020000 		.4byte	.LASF36
 284 01e4 05       		.byte	0x5
 285 01e5 CE       		.byte	0xce
ARM GAS  /tmp/ccfF4MKe.s 			page 6


 286 01e6 22       		.byte	0x22
 287 01e7 2C080000 		.4byte	0x82c
 288 01eb 24       		.byte	0x24
 289 01ec 02       		.uleb128 0x2
 290 01ed 52010000 		.4byte	.LASF37
 291 01f1 05       		.byte	0x5
 292 01f2 D3       		.byte	0xd3
 293 01f3 21       		.byte	0x21
 294 01f4 24010000 		.4byte	0x124
 295 01f8 28       		.byte	0x28
 296 01f9 02       		.uleb128 0x2
 297 01fa 07080000 		.4byte	.LASF38
 298 01fe 05       		.byte	0x5
 299 01ff D7       		.byte	0xd7
 300 0200 21       		.byte	0x21
 301 0201 18010000 		.4byte	0x118
 302 0205 29       		.byte	0x29
 303 0206 02       		.uleb128 0x2
 304 0207 F5000000 		.4byte	.LASF39
 305 020b 05       		.byte	0x5
 306 020c DC       		.byte	0xdc
 307 020d 21       		.byte	0x21
 308 020e 30010000 		.4byte	0x130
 309 0212 2A       		.byte	0x2a
 310 0213 08       		.uleb128 0x8
 311 0214 7500     		.ascii	"u\000"
 312 0216 05       		.byte	0x5
 313 0217 2D01     		.2byte	0x12d
 314 0219 21       		.byte	0x21
 315 021a 52070000 		.4byte	0x752
 316 021e 2C       		.byte	0x2c
 317 021f 03       		.uleb128 0x3
 318 0220 25020000 		.4byte	.LASF40
 319 0224 3201     		.2byte	0x132
 320 0226 21       		.byte	0x21
 321 0227 8C030000 		.4byte	0x38c
 322 022b 30       		.byte	0x30
 323 022c 03       		.uleb128 0x3
 324 022d 6F020000 		.4byte	.LASF41
 325 0231 3801     		.2byte	0x138
 326 0233 21       		.byte	0x21
 327 0234 B8030000 		.4byte	0x3b8
 328 0238 34       		.byte	0x34
 329 0239 03       		.uleb128 0x3
 330 023a F9030000 		.4byte	.LASF42
 331 023e 3E01     		.2byte	0x13e
 332 0240 21       		.byte	0x21
 333 0241 54010000 		.4byte	0x154
 334 0245 3C       		.byte	0x3c
 335 0246 03       		.uleb128 0x3
 336 0247 6C080000 		.4byte	.LASF43
 337 024b 4501     		.2byte	0x145
 338 024d 22       		.byte	0x22
 339 024e 22080000 		.4byte	0x822
 340 0252 40       		.byte	0x40
 341 0253 03       		.uleb128 0x3
 342 0254 64040000 		.4byte	.LASF44
ARM GAS  /tmp/ccfF4MKe.s 			page 7


 343 0258 4901     		.2byte	0x149
 344 025a 21       		.byte	0x21
 345 025b 3C010000 		.4byte	0x13c
 346 025f 44       		.byte	0x44
 347 0260 03       		.uleb128 0x3
 348 0261 94070000 		.4byte	.LASF45
 349 0265 5001     		.2byte	0x150
 350 0267 22       		.byte	0x22
 351 0268 A7000000 		.4byte	0xa7
 352 026c 48       		.byte	0x48
 353 026d 00       		.byte	0
 354 026e 01       		.uleb128 0x1
 355 026f 35070000 		.4byte	.LASF46
 356 0273 04       		.byte	0x4
 357 0274 8A       		.byte	0x8a
 358 0275 1F       		.byte	0x1f
 359 0276 7A020000 		.4byte	0x27a
 360 027a 28       		.uleb128 0x28
 361 027b 18070000 		.4byte	.LASF48
 362 027f A008     		.2byte	0x8a0
 363 0281 05       		.byte	0x5
 364 0282 8F01     		.2byte	0x18f
 365 0284 08       		.byte	0x8
 366 0285 00030000 		.4byte	0x300
 367 0289 03       		.uleb128 0x3
 368 028a EB070000 		.4byte	.LASF49
 369 028e 9301     		.2byte	0x193
 370 0290 21       		.byte	0x21
 371 0291 5A080000 		.4byte	0x85a
 372 0295 00       		.byte	0
 373 0296 03       		.uleb128 0x3
 374 0297 3F010000 		.4byte	.LASF50
 375 029b 9701     		.2byte	0x197
 376 029d 21       		.byte	0x21
 377 029e E6060000 		.4byte	0x6e6
 378 02a2 10       		.byte	0x10
 379 02a3 03       		.uleb128 0x3
 380 02a4 54070000 		.4byte	.LASF51
 381 02a8 9E01     		.2byte	0x19e
 382 02aa 21       		.byte	0x21
 383 02ab 0D070000 		.4byte	0x70d
 384 02af 28       		.byte	0x28
 385 02b0 03       		.uleb128 0x3
 386 02b1 F3020000 		.4byte	.LASF52
 387 02b5 A301     		.2byte	0x1a3
 388 02b7 21       		.byte	0x21
 389 02b8 6C010000 		.4byte	0x16c
 390 02bc 30       		.byte	0x30
 391 02bd 03       		.uleb128 0x3
 392 02be 0D000000 		.4byte	.LASF53
 393 02c2 A901     		.2byte	0x1a9
 394 02c4 21       		.byte	0x21
 395 02c5 27030000 		.4byte	0x327
 396 02c9 34       		.byte	0x34
 397 02ca 03       		.uleb128 0x3
 398 02cb 72060000 		.4byte	.LASF54
 399 02cf AE01     		.2byte	0x1ae
ARM GAS  /tmp/ccfF4MKe.s 			page 8


 400 02d1 22       		.byte	0x22
 401 02d2 C5080000 		.4byte	0x8c5
 402 02d6 38       		.byte	0x38
 403 02d7 03       		.uleb128 0x3
 404 02d8 CC000000 		.4byte	.LASF55
 405 02dc B201     		.2byte	0x1b2
 406 02de 21       		.byte	0x21
 407 02df 78010000 		.4byte	0x178
 408 02e3 3C       		.byte	0x3c
 409 02e4 08       		.uleb128 0x8
 410 02e5 64626700 		.ascii	"dbg\000"
 411 02e9 05       		.byte	0x5
 412 02ea B601     		.2byte	0x1b6
 413 02ec 21       		.byte	0x21
 414 02ed 68030000 		.4byte	0x368
 415 02f1 88       		.byte	0x88
 416 02f2 03       		.uleb128 0x3
 417 02f3 35080000 		.4byte	.LASF56
 418 02f7 BB01     		.2byte	0x1bb
 419 02f9 21       		.byte	0x21
 420 02fa FE050000 		.4byte	0x5fe
 421 02fe 94       		.byte	0x94
 422 02ff 00       		.byte	0
 423 0300 01       		.uleb128 0x1
 424 0301 6D040000 		.4byte	.LASF57
 425 0305 06       		.byte	0x6
 426 0306 3F       		.byte	0x3f
 427 0307 12       		.byte	0x12
 428 0308 E3000000 		.4byte	0xe3
 429 030c 07       		.uleb128 0x7
 430 030d 9D010000 		.4byte	.LASF58
 431 0311 04       		.byte	0x4
 432 0312 06       		.byte	0x6
 433 0313 44       		.byte	0x44
 434 0314 10       		.byte	0x10
 435 0315 27030000 		.4byte	0x327
 436 0319 02       		.uleb128 0x2
 437 031a C2070000 		.4byte	.LASF59
 438 031e 06       		.byte	0x6
 439 031f 48       		.byte	0x48
 440 0320 21       		.byte	0x21
 441 0321 00030000 		.4byte	0x300
 442 0325 00       		.byte	0
 443 0326 00       		.byte	0
 444 0327 01       		.uleb128 0x1
 445 0328 9F050000 		.4byte	.LASF60
 446 032c 06       		.byte	0x6
 447 032d 49       		.byte	0x49
 448 032e 03       		.byte	0x3
 449 032f 0C030000 		.4byte	0x30c
 450 0333 07       		.uleb128 0x7
 451 0334 15020000 		.4byte	.LASF61
 452 0338 0C       		.byte	0xc
 453 0339 07       		.byte	0x7
 454 033a 3E       		.byte	0x3e
 455 033b 10       		.byte	0x10
 456 033c 68030000 		.4byte	0x368
ARM GAS  /tmp/ccfF4MKe.s 			page 9


 457 0340 02       		.uleb128 0x2
 458 0341 07070000 		.4byte	.LASF62
 459 0345 07       		.byte	0x7
 460 0346 46       		.byte	0x46
 461 0347 24       		.byte	0x24
 462 0348 BA000000 		.4byte	0xba
 463 034c 00       		.byte	0
 464 034d 02       		.uleb128 0x2
 465 034e C7070000 		.4byte	.LASF63
 466 0352 07       		.byte	0x7
 467 0353 4B       		.byte	0x4b
 468 0354 19       		.byte	0x19
 469 0355 60010000 		.4byte	0x160
 470 0359 04       		.byte	0x4
 471 035a 02       		.uleb128 0x2
 472 035b 45020000 		.4byte	.LASF64
 473 035f 07       		.byte	0x7
 474 0360 4F       		.byte	0x4f
 475 0361 19       		.byte	0x19
 476 0362 60010000 		.4byte	0x160
 477 0366 08       		.byte	0x8
 478 0367 00       		.byte	0
 479 0368 01       		.uleb128 0x1
 480 0369 5E000000 		.4byte	.LASF65
 481 036d 07       		.byte	0x7
 482 036e 51       		.byte	0x51
 483 036f 03       		.byte	0x3
 484 0370 33030000 		.4byte	0x333
 485 0374 01       		.uleb128 0x1
 486 0375 E8060000 		.4byte	.LASF66
 487 0379 08       		.byte	0x8
 488 037a 6D       		.byte	0x6d
 489 037b 12       		.byte	0x12
 490 037c E3000000 		.4byte	0xe3
 491 0380 01       		.uleb128 0x1
 492 0381 5B020000 		.4byte	.LASF67
 493 0385 08       		.byte	0x8
 494 0386 79       		.byte	0x79
 495 0387 12       		.byte	0x12
 496 0388 E3000000 		.4byte	0xe3
 497 038c 01       		.uleb128 0x1
 498 038d C9040000 		.4byte	.LASF68
 499 0391 09       		.byte	0x9
 500 0392 32       		.byte	0x32
 501 0393 18       		.byte	0x18
 502 0394 98030000 		.4byte	0x398
 503 0398 07       		.uleb128 0x7
 504 0399 1B040000 		.4byte	.LASF69
 505 039d 04       		.byte	0x4
 506 039e 09       		.byte	0x9
 507 039f 38       		.byte	0x38
 508 03a0 08       		.byte	0x8
 509 03a1 B3030000 		.4byte	0x3b3
 510 03a5 02       		.uleb128 0x2
 511 03a6 18000000 		.4byte	.LASF70
 512 03aa 09       		.byte	0x9
 513 03ab 39       		.byte	0x39
ARM GAS  /tmp/ccfF4MKe.s 			page 10


 514 03ac 1A       		.byte	0x1a
 515 03ad B3030000 		.4byte	0x3b3
 516 03b1 00       		.byte	0
 517 03b2 00       		.byte	0
 518 03b3 04       		.uleb128 0x4
 519 03b4 8C030000 		.4byte	0x38c
 520 03b8 01       		.uleb128 0x1
 521 03b9 C5020000 		.4byte	.LASF71
 522 03bd 09       		.byte	0x9
 523 03be 3F       		.byte	0x3f
 524 03bf 19       		.byte	0x19
 525 03c0 C9030000 		.4byte	0x3c9
 526 03c4 0A       		.uleb128 0xa
 527 03c5 B8030000 		.4byte	0x3b8
 528 03c9 07       		.uleb128 0x7
 529 03ca A5010000 		.4byte	.LASF72
 530 03ce 08       		.byte	0x8
 531 03cf 09       		.byte	0x9
 532 03d0 45       		.byte	0x45
 533 03d1 08       		.byte	0x8
 534 03d2 F1030000 		.4byte	0x3f1
 535 03d6 02       		.uleb128 0x2
 536 03d7 18000000 		.4byte	.LASF70
 537 03db 09       		.byte	0x9
 538 03dc 46       		.byte	0x46
 539 03dd 1A       		.byte	0x1a
 540 03de F1030000 		.4byte	0x3f1
 541 03e2 00       		.byte	0
 542 03e3 02       		.uleb128 0x2
 543 03e4 4D000000 		.4byte	.LASF73
 544 03e8 09       		.byte	0x9
 545 03e9 47       		.byte	0x47
 546 03ea 1A       		.byte	0x1a
 547 03eb F1030000 		.4byte	0x3f1
 548 03ef 04       		.byte	0x4
 549 03f0 00       		.byte	0
 550 03f1 04       		.uleb128 0x4
 551 03f2 B8030000 		.4byte	0x3b8
 552 03f6 01       		.uleb128 0x1
 553 03f7 87000000 		.4byte	.LASF74
 554 03fb 09       		.byte	0x9
 555 03fc 4E       		.byte	0x4e
 556 03fd 22       		.byte	0x22
 557 03fe 02040000 		.4byte	0x402
 558 0402 07       		.uleb128 0x7
 559 0403 5C070000 		.4byte	.LASF75
 560 0407 0C       		.byte	0xc
 561 0408 09       		.byte	0x9
 562 0409 55       		.byte	0x55
 563 040a 08       		.byte	0x8
 564 040b 37040000 		.4byte	0x437
 565 040f 02       		.uleb128 0x2
 566 0410 18000000 		.4byte	.LASF70
 567 0414 09       		.byte	0x9
 568 0415 56       		.byte	0x56
 569 0416 1A       		.byte	0x1a
 570 0417 37040000 		.4byte	0x437
ARM GAS  /tmp/ccfF4MKe.s 			page 11


 571 041b 00       		.byte	0
 572 041c 02       		.uleb128 0x2
 573 041d 4D000000 		.4byte	.LASF73
 574 0421 09       		.byte	0x9
 575 0422 57       		.byte	0x57
 576 0423 1A       		.byte	0x1a
 577 0424 37040000 		.4byte	0x437
 578 0428 04       		.byte	0x4
 579 0429 02       		.uleb128 0x2
 580 042a 05050000 		.4byte	.LASF76
 581 042e 09       		.byte	0x9
 582 042f 58       		.byte	0x58
 583 0430 19       		.byte	0x19
 584 0431 3C010000 		.4byte	0x13c
 585 0435 08       		.byte	0x8
 586 0436 00       		.byte	0
 587 0437 04       		.uleb128 0x4
 588 0438 F6030000 		.4byte	0x3f6
 589 043c 01       		.uleb128 0x1
 590 043d D7010000 		.4byte	.LASF77
 591 0441 09       		.byte	0x9
 592 0442 5F       		.byte	0x5f
 593 0443 1E       		.byte	0x1e
 594 0444 48040000 		.4byte	0x448
 595 0448 07       		.uleb128 0x7
 596 0449 29010000 		.4byte	.LASF78
 597 044d 0C       		.byte	0xc
 598 044e 09       		.byte	0x9
 599 044f 64       		.byte	0x64
 600 0450 08       		.byte	0x8
 601 0451 7D040000 		.4byte	0x47d
 602 0455 02       		.uleb128 0x2
 603 0456 18000000 		.4byte	.LASF70
 604 045a 09       		.byte	0x9
 605 045b 65       		.byte	0x65
 606 045c 1A       		.byte	0x1a
 607 045d 7D040000 		.4byte	0x47d
 608 0461 00       		.byte	0
 609 0462 02       		.uleb128 0x2
 610 0463 4D000000 		.4byte	.LASF73
 611 0467 09       		.byte	0x9
 612 0468 66       		.byte	0x66
 613 0469 1A       		.byte	0x1a
 614 046a 7D040000 		.4byte	0x47d
 615 046e 04       		.byte	0x4
 616 046f 02       		.uleb128 0x2
 617 0470 1D000000 		.4byte	.LASF79
 618 0474 09       		.byte	0x9
 619 0475 67       		.byte	0x67
 620 0476 19       		.byte	0x19
 621 0477 80030000 		.4byte	0x380
 622 047b 08       		.byte	0x8
 623 047c 00       		.byte	0
 624 047d 04       		.uleb128 0x4
 625 047e 3C040000 		.4byte	0x43c
 626 0482 10       		.uleb128 0x10
 627 0483 08       		.byte	0x8
ARM GAS  /tmp/ccfF4MKe.s 			page 12


 628 0484 83       		.byte	0x83
 629 0485 05       		.byte	0x5
 630 0486 A5040000 		.4byte	0x4a5
 631 048a 09       		.uleb128 0x9
 632 048b 6E747000 		.ascii	"ntp\000"
 633 048f 0A       		.byte	0xa
 634 0490 87       		.byte	0x87
 635 0491 1E       		.byte	0x1e
 636 0492 A5040000 		.4byte	0x4a5
 637 0496 00       		.byte	0
 638 0497 02       		.uleb128 0x2
 639 0498 0D080000 		.4byte	.LASF80
 640 049c 0A       		.byte	0xa
 641 049d 8B       		.byte	0x8b
 642 049e 1E       		.byte	0x1e
 643 049f A7000000 		.4byte	0xa7
 644 04a3 04       		.byte	0x4
 645 04a4 00       		.byte	0
 646 04a5 04       		.uleb128 0x4
 647 04a6 78010000 		.4byte	0x178
 648 04aa 10       		.uleb128 0x10
 649 04ab 08       		.byte	0x8
 650 04ac 90       		.byte	0x90
 651 04ad 05       		.byte	0x5
 652 04ae CC040000 		.4byte	0x4cc
 653 04b2 09       		.uleb128 0x9
 654 04b3 747000   		.ascii	"tp\000"
 655 04b6 0A       		.byte	0xa
 656 04b7 94       		.byte	0x94
 657 04b8 1E       		.byte	0x1e
 658 04b9 A5040000 		.4byte	0x4a5
 659 04bd 00       		.byte	0
 660 04be 09       		.uleb128 0x9
 661 04bf 6D736700 		.ascii	"msg\000"
 662 04c3 0A       		.byte	0xa
 663 04c4 98       		.byte	0x98
 664 04c5 1D       		.byte	0x1d
 665 04c6 48010000 		.4byte	0x148
 666 04ca 04       		.byte	0x4
 667 04cb 00       		.byte	0
 668 04cc 10       		.uleb128 0x10
 669 04cd 04       		.byte	0x4
 670 04ce 9D       		.byte	0x9d
 671 04cf 05       		.byte	0x5
 672 04d0 E2040000 		.4byte	0x4e2
 673 04d4 02       		.uleb128 0x2
 674 04d5 E8020000 		.4byte	.LASF34
 675 04d9 0A       		.byte	0xa
 676 04da A1       		.byte	0xa1
 677 04db 1E       		.byte	0x1e
 678 04dc B5000000 		.4byte	0xb5
 679 04e0 00       		.byte	0
 680 04e1 00       		.byte	0
 681 04e2 10       		.uleb128 0x10
 682 04e3 04       		.byte	0x4
 683 04e4 A6       		.byte	0xa6
 684 04e5 05       		.byte	0x5
ARM GAS  /tmp/ccfF4MKe.s 			page 13


 685 04e6 F8040000 		.4byte	0x4f8
 686 04ea 02       		.uleb128 0x2
 687 04eb E7050000 		.4byte	.LASF81
 688 04ef 0A       		.byte	0xa
 689 04f0 AA       		.byte	0xaa
 690 04f1 1E       		.byte	0x1e
 691 04f2 B5000000 		.4byte	0xb5
 692 04f6 00       		.byte	0
 693 04f7 00       		.byte	0
 694 04f8 10       		.uleb128 0x10
 695 04f9 08       		.byte	0x8
 696 04fa AF       		.byte	0xaf
 697 04fb 05       		.byte	0x5
 698 04fc 1B050000 		.4byte	0x51b
 699 0500 09       		.uleb128 0x9
 700 0501 75703100 		.ascii	"up1\000"
 701 0505 0A       		.byte	0xa
 702 0506 B3       		.byte	0xb3
 703 0507 1E       		.byte	0x1e
 704 0508 A7000000 		.4byte	0xa7
 705 050c 00       		.byte	0
 706 050d 09       		.uleb128 0x9
 707 050e 75703200 		.ascii	"up2\000"
 708 0512 0A       		.byte	0xa
 709 0513 B7       		.byte	0xb7
 710 0514 1E       		.byte	0x1e
 711 0515 A7000000 		.4byte	0xa7
 712 0519 04       		.byte	0x4
 713 051a 00       		.byte	0
 714 051b 18       		.uleb128 0x18
 715 051c 08       		.byte	0x8
 716 051d 0A       		.byte	0xa
 717 051e 7F       		.byte	0x7f
 718 051f 59050000 		.4byte	0x559
 719 0523 19       		.uleb128 0x19
 720 0524 737700   		.ascii	"sw\000"
 721 0527 8C       		.byte	0x8c
 722 0528 82040000 		.4byte	0x482
 723 052c 19       		.uleb128 0x19
 724 052d 72647900 		.ascii	"rdy\000"
 725 0531 99       		.byte	0x99
 726 0532 AA040000 		.4byte	0x4aa
 727 0536 19       		.uleb128 0x19
 728 0537 69737200 		.ascii	"isr\000"
 729 053b A2       		.byte	0xa2
 730 053c CC040000 		.4byte	0x4cc
 731 0540 0D       		.uleb128 0xd
 732 0541 B9050000 		.4byte	.LASF82
 733 0545 0A       		.byte	0xa
 734 0546 AB       		.byte	0xab
 735 0547 07       		.byte	0x7
 736 0548 E2040000 		.4byte	0x4e2
 737 054c 0D       		.uleb128 0xd
 738 054d 68050000 		.4byte	.LASF83
 739 0551 0A       		.byte	0xa
 740 0552 B8       		.byte	0xb8
 741 0553 07       		.byte	0x7
ARM GAS  /tmp/ccfF4MKe.s 			page 14


 742 0554 F8040000 		.4byte	0x4f8
 743 0558 00       		.byte	0
 744 0559 10       		.uleb128 0x10
 745 055a 10       		.byte	0x10
 746 055b 6C       		.byte	0x6c
 747 055c 09       		.byte	0x9
 748 055d 9E050000 		.4byte	0x59e
 749 0561 1A       		.uleb128 0x1a
 750 0562 6D000000 		.4byte	.LASF84
 751 0566 70       		.byte	0x70
 752 0567 E3000000 		.4byte	0xe3
 753 056b 03       		.byte	0x3
 754 056c 00       		.byte	0
 755 056d 1A       		.uleb128 0x1a
 756 056e 52010000 		.4byte	.LASF37
 757 0572 74       		.byte	0x74
 758 0573 E3000000 		.4byte	0xe3
 759 0577 05       		.byte	0x5
 760 0578 03       		.byte	0x3
 761 0579 1A       		.uleb128 0x1a
 762 057a 52040000 		.4byte	.LASF85
 763 057e 7A       		.byte	0x7a
 764 057f E3000000 		.4byte	0xe3
 765 0583 18       		.byte	0x18
 766 0584 08       		.byte	0x8
 767 0585 02       		.uleb128 0x2
 768 0586 00050000 		.4byte	.LASF86
 769 058a 0A       		.byte	0xa
 770 058b 7E       		.byte	0x7e
 771 058c 19       		.byte	0x19
 772 058d 74030000 		.4byte	0x374
 773 0591 04       		.byte	0x4
 774 0592 09       		.uleb128 0x9
 775 0593 7500     		.ascii	"u\000"
 776 0595 0A       		.byte	0xa
 777 0596 B9       		.byte	0xb9
 778 0597 05       		.byte	0x5
 779 0598 1B050000 		.4byte	0x51b
 780 059c 08       		.byte	0x8
 781 059d 00       		.byte	0
 782 059e 01       		.uleb128 0x1
 783 059f 27070000 		.4byte	.LASF87
 784 05a3 0A       		.byte	0xa
 785 05a4 BA       		.byte	0xba
 786 05a5 03       		.byte	0x3
 787 05a6 59050000 		.4byte	0x559
 788 05aa 29       		.uleb128 0x29
 789 05ab 0808     		.2byte	0x808
 790 05ad 0A       		.byte	0xa
 791 05ae C0       		.byte	0xc0
 792 05af 09       		.byte	0x9
 793 05b0 E9050000 		.4byte	0x5e9
 794 05b4 02       		.uleb128 0x2
 795 05b5 D3040000 		.4byte	.LASF88
 796 05b9 0A       		.byte	0xa
 797 05ba C4       		.byte	0xc4
 798 05bb 19       		.byte	0x19
ARM GAS  /tmp/ccfF4MKe.s 			page 15


 799 05bc CB000000 		.4byte	0xcb
 800 05c0 00       		.byte	0
 801 05c1 02       		.uleb128 0x2
 802 05c2 B6030000 		.4byte	.LASF89
 803 05c6 0A       		.byte	0xa
 804 05c7 C8       		.byte	0xc8
 805 05c8 19       		.byte	0x19
 806 05c9 CB000000 		.4byte	0xcb
 807 05cd 02       		.byte	0x2
 808 05ce 09       		.uleb128 0x9
 809 05cf 70747200 		.ascii	"ptr\000"
 810 05d3 0A       		.byte	0xa
 811 05d4 CC       		.byte	0xcc
 812 05d5 1A       		.byte	0x1a
 813 05d6 E9050000 		.4byte	0x5e9
 814 05da 04       		.byte	0x4
 815 05db 02       		.uleb128 0x2
 816 05dc F2060000 		.4byte	.LASF90
 817 05e0 0A       		.byte	0xa
 818 05e1 D0       		.byte	0xd0
 819 05e2 19       		.byte	0x19
 820 05e3 EE050000 		.4byte	0x5ee
 821 05e7 08       		.byte	0x8
 822 05e8 00       		.byte	0
 823 05e9 04       		.uleb128 0x4
 824 05ea 9E050000 		.4byte	0x59e
 825 05ee 0E       		.uleb128 0xe
 826 05ef 9E050000 		.4byte	0x59e
 827 05f3 FE050000 		.4byte	0x5fe
 828 05f7 0F       		.uleb128 0xf
 829 05f8 25000000 		.4byte	0x25
 830 05fc 7F       		.byte	0x7f
 831 05fd 00       		.byte	0
 832 05fe 01       		.uleb128 0x1
 833 05ff BE050000 		.4byte	.LASF91
 834 0603 0A       		.byte	0xa
 835 0604 D1       		.byte	0xd1
 836 0605 03       		.byte	0x3
 837 0606 AA050000 		.4byte	0x5aa
 838 060a 16       		.uleb128 0x16
 839 060b 52000000 		.4byte	.LASF92
 840 060f 24       		.byte	0x24
 841 0610 0B       		.byte	0xb
 842 0611 BB01     		.2byte	0x1bb
 843 0613 08       		.byte	0x8
 844 0614 90060000 		.4byte	0x690
 845 0618 08       		.uleb128 0x8
 846 0619 723400   		.ascii	"r4\000"
 847 061c 0B       		.byte	0xb
 848 061d CE01     		.2byte	0x1ce
 849 061f 11       		.byte	0x11
 850 0620 E3000000 		.4byte	0xe3
 851 0624 00       		.byte	0
 852 0625 08       		.uleb128 0x8
 853 0626 723500   		.ascii	"r5\000"
 854 0629 0B       		.byte	0xb
 855 062a CF01     		.2byte	0x1cf
ARM GAS  /tmp/ccfF4MKe.s 			page 16


 856 062c 11       		.byte	0x11
 857 062d E3000000 		.4byte	0xe3
 858 0631 04       		.byte	0x4
 859 0632 08       		.uleb128 0x8
 860 0633 723600   		.ascii	"r6\000"
 861 0636 0B       		.byte	0xb
 862 0637 D001     		.2byte	0x1d0
 863 0639 11       		.byte	0x11
 864 063a E3000000 		.4byte	0xe3
 865 063e 08       		.byte	0x8
 866 063f 08       		.uleb128 0x8
 867 0640 723700   		.ascii	"r7\000"
 868 0643 0B       		.byte	0xb
 869 0644 D101     		.2byte	0x1d1
 870 0646 11       		.byte	0x11
 871 0647 E3000000 		.4byte	0xe3
 872 064b 0C       		.byte	0xc
 873 064c 08       		.uleb128 0x8
 874 064d 723800   		.ascii	"r8\000"
 875 0650 0B       		.byte	0xb
 876 0651 D201     		.2byte	0x1d2
 877 0653 11       		.byte	0x11
 878 0654 E3000000 		.4byte	0xe3
 879 0658 10       		.byte	0x10
 880 0659 08       		.uleb128 0x8
 881 065a 723900   		.ascii	"r9\000"
 882 065d 0B       		.byte	0xb
 883 065e D301     		.2byte	0x1d3
 884 0660 11       		.byte	0x11
 885 0661 E3000000 		.4byte	0xe3
 886 0665 14       		.byte	0x14
 887 0666 08       		.uleb128 0x8
 888 0667 72313000 		.ascii	"r10\000"
 889 066b 0B       		.byte	0xb
 890 066c D401     		.2byte	0x1d4
 891 066e 11       		.byte	0x11
 892 066f E3000000 		.4byte	0xe3
 893 0673 18       		.byte	0x18
 894 0674 08       		.uleb128 0x8
 895 0675 72313100 		.ascii	"r11\000"
 896 0679 0B       		.byte	0xb
 897 067a D501     		.2byte	0x1d5
 898 067c 11       		.byte	0x11
 899 067d E3000000 		.4byte	0xe3
 900 0681 1C       		.byte	0x1c
 901 0682 08       		.uleb128 0x8
 902 0683 6C7200   		.ascii	"lr\000"
 903 0686 0B       		.byte	0xb
 904 0687 D601     		.2byte	0x1d6
 905 0689 11       		.byte	0x11
 906 068a E3000000 		.4byte	0xe3
 907 068e 20       		.byte	0x20
 908 068f 00       		.byte	0
 909 0690 16       		.uleb128 0x16
 910 0691 F3040000 		.4byte	.LASF93
 911 0695 04       		.byte	0x4
 912 0696 0B       		.byte	0xb
ARM GAS  /tmp/ccfF4MKe.s 			page 17


 913 0697 DF01     		.2byte	0x1df
 914 0699 08       		.byte	0x8
 915 069a AC060000 		.4byte	0x6ac
 916 069e 08       		.uleb128 0x8
 917 069f 737000   		.ascii	"sp\000"
 918 06a2 0B       		.byte	0xb
 919 06a3 E001     		.2byte	0x1e0
 920 06a5 1A       		.byte	0x1a
 921 06a6 AC060000 		.4byte	0x6ac
 922 06aa 00       		.byte	0
 923 06ab 00       		.byte	0
 924 06ac 04       		.uleb128 0x4
 925 06ad 0A060000 		.4byte	0x60a
 926 06b1 07       		.uleb128 0x7
 927 06b2 8C040000 		.4byte	.LASF94
 928 06b6 18       		.byte	0x18
 929 06b7 05       		.byte	0x5
 930 06b8 64       		.byte	0x64
 931 06b9 10       		.byte	0x10
 932 06ba E6060000 		.4byte	0x6e6
 933 06be 02       		.uleb128 0x2
 934 06bf 50050000 		.4byte	.LASF95
 935 06c3 05       		.byte	0x5
 936 06c4 68       		.byte	0x68
 937 06c5 21       		.byte	0x21
 938 06c6 3C040000 		.4byte	0x43c
 939 06ca 00       		.byte	0
 940 06cb 02       		.uleb128 0x2
 941 06cc B0050000 		.4byte	.LASF96
 942 06d0 05       		.byte	0x5
 943 06d1 73       		.byte	0x73
 944 06d2 21       		.byte	0x21
 945 06d3 74030000 		.4byte	0x374
 946 06d7 0C       		.byte	0xc
 947 06d8 02       		.uleb128 0x2
 948 06d9 5A040000 		.4byte	.LASF97
 949 06dd 05       		.byte	0x5
 950 06de 79       		.byte	0x79
 951 06df 21       		.byte	0x21
 952 06e0 FB000000 		.4byte	0xfb
 953 06e4 10       		.byte	0x10
 954 06e5 00       		.byte	0
 955 06e6 01       		.uleb128 0x1
 956 06e7 DF000000 		.4byte	.LASF98
 957 06eb 05       		.byte	0x5
 958 06ec 7B       		.byte	0x7b
 959 06ed 03       		.byte	0x3
 960 06ee B1060000 		.4byte	0x6b1
 961 06f2 07       		.uleb128 0x7
 962 06f3 E7010000 		.4byte	.LASF99
 963 06f7 08       		.byte	0x8
 964 06f8 05       		.byte	0x5
 965 06f9 80       		.byte	0x80
 966 06fa 10       		.byte	0x10
 967 06fb 0D070000 		.4byte	0x70d
 968 06ff 02       		.uleb128 0x2
 969 0700 ED020000 		.4byte	.LASF100
ARM GAS  /tmp/ccfF4MKe.s 			page 18


 970 0704 05       		.byte	0x5
 971 0705 84       		.byte	0x84
 972 0706 21       		.byte	0x21
 973 0707 B8030000 		.4byte	0x3b8
 974 070b 00       		.byte	0
 975 070c 00       		.byte	0
 976 070d 01       		.uleb128 0x1
 977 070e 09060000 		.4byte	.LASF101
 978 0712 05       		.byte	0x5
 979 0713 85       		.byte	0x85
 980 0714 03       		.byte	0x3
 981 0715 F2060000 		.4byte	0x6f2
 982 0719 01       		.uleb128 0x1
 983 071a 79040000 		.4byte	.LASF102
 984 071e 05       		.byte	0x5
 985 071f 8A       		.byte	0x8a
 986 0720 14       		.byte	0x14
 987 0721 A5040000 		.4byte	0x4a5
 988 0725 18       		.uleb128 0x18
 989 0726 0C       		.byte	0xc
 990 0727 05       		.byte	0x5
 991 0728 A0       		.byte	0xa0
 992 0729 52070000 		.4byte	0x752
 993 072d 0D       		.uleb128 0xd
 994 072e 4E080000 		.4byte	.LASF103
 995 0732 05       		.byte	0x5
 996 0733 A4       		.byte	0xa4
 997 0734 21       		.byte	0x21
 998 0735 8C030000 		.4byte	0x38c
 999 0739 0D       		.uleb128 0xd
 1000 073a ED020000 		.4byte	.LASF100
 1001 073e 05       		.byte	0x5
 1002 073f A8       		.byte	0xa8
 1003 0740 21       		.byte	0x21
 1004 0741 B8030000 		.4byte	0x3b8
 1005 0745 0D       		.uleb128 0xd
 1006 0746 11070000 		.4byte	.LASF104
 1007 074a 05       		.byte	0x5
 1008 074b AC       		.byte	0xac
 1009 074c 21       		.byte	0x21
 1010 074d F6030000 		.4byte	0x3f6
 1011 0751 00       		.byte	0
 1012 0752 18       		.uleb128 0x18
 1013 0753 04       		.byte	0x4
 1014 0754 05       		.byte	0x5
 1015 0755 F0       		.byte	0xf0
 1016 0756 BB070000 		.4byte	0x7bb
 1017 075a 0D       		.uleb128 0xd
 1018 075b 23000000 		.4byte	.LASF105
 1019 075f 05       		.byte	0x5
 1020 0760 F7       		.byte	0xf7
 1021 0761 21       		.byte	0x21
 1022 0762 48010000 		.4byte	0x148
 1023 0766 0D       		.uleb128 0xd
 1024 0767 C3000000 		.4byte	.LASF106
 1025 076b 05       		.byte	0x5
 1026 076c FE       		.byte	0xfe
ARM GAS  /tmp/ccfF4MKe.s 			page 19


 1027 076d 21       		.byte	0x21
 1028 076e 48010000 		.4byte	0x148
 1029 0772 11       		.uleb128 0x11
 1030 0773 0D080000 		.4byte	.LASF80
 1031 0777 0501     		.2byte	0x105
 1032 0779 22       		.byte	0x22
 1033 077a A7000000 		.4byte	0xa7
 1034 077e 11       		.uleb128 0x11
 1035 077f 12000000 		.4byte	.LASF107
 1036 0783 0C01     		.2byte	0x10c
 1037 0785 22       		.byte	0x22
 1038 0786 BB070000 		.4byte	0x7bb
 1039 078a 11       		.uleb128 0x11
 1040 078b D7000000 		.4byte	.LASF108
 1041 078f 1101     		.2byte	0x111
 1042 0791 21       		.byte	0x21
 1043 0792 48010000 		.4byte	0x148
 1044 0796 11       		.uleb128 0x11
 1045 0797 A5020000 		.4byte	.LASF109
 1046 079b 1A01     		.2byte	0x11a
 1047 079d 22       		.byte	0x22
 1048 079e E8070000 		.4byte	0x7e8
 1049 07a2 11       		.uleb128 0x11
 1050 07a3 2E060000 		.4byte	.LASF110
 1051 07a7 2301     		.2byte	0x123
 1052 07a9 22       		.byte	0x22
 1053 07aa 22080000 		.4byte	0x822
 1054 07ae 11       		.uleb128 0x11
 1055 07af CD050000 		.4byte	.LASF111
 1056 07b3 2B01     		.2byte	0x12b
 1057 07b5 21       		.byte	0x21
 1058 07b6 54010000 		.4byte	0x154
 1059 07ba 00       		.byte	0
 1060 07bb 04       		.uleb128 0x4
 1061 07bc 19070000 		.4byte	0x719
 1062 07c0 07       		.uleb128 0x7
 1063 07c1 EE050000 		.4byte	.LASF112
 1064 07c5 0C       		.byte	0xc
 1065 07c6 0C       		.byte	0xc
 1066 07c7 34       		.byte	0x34
 1067 07c8 10       		.byte	0x10
 1068 07c9 E8070000 		.4byte	0x7e8
 1069 07cd 02       		.uleb128 0x2
 1070 07ce ED020000 		.4byte	.LASF100
 1071 07d2 0C       		.byte	0xc
 1072 07d3 35       		.byte	0x35
 1073 07d4 19       		.byte	0x19
 1074 07d5 B8030000 		.4byte	0x3b8
 1075 07d9 00       		.byte	0
 1076 07da 09       		.uleb128 0x9
 1077 07db 636E7400 		.ascii	"cnt\000"
 1078 07df 0C       		.byte	0xc
 1079 07e0 37       		.byte	0x37
 1080 07e1 19       		.byte	0x19
 1081 07e2 60010000 		.4byte	0x160
 1082 07e6 08       		.byte	0x8
 1083 07e7 00       		.byte	0
ARM GAS  /tmp/ccfF4MKe.s 			page 20


 1084 07e8 04       		.uleb128 0x4
 1085 07e9 C0070000 		.4byte	0x7c0
 1086 07ed 07       		.uleb128 0x7
 1087 07ee B9070000 		.4byte	.LASF113
 1088 07f2 10       		.byte	0x10
 1089 07f3 0D       		.byte	0xd
 1090 07f4 39       		.byte	0x39
 1091 07f5 08       		.byte	0x8
 1092 07f6 22080000 		.4byte	0x822
 1093 07fa 02       		.uleb128 0x2
 1094 07fb ED020000 		.4byte	.LASF100
 1095 07ff 0D       		.byte	0xd
 1096 0800 3A       		.byte	0x3a
 1097 0801 19       		.byte	0x19
 1098 0802 B8030000 		.4byte	0x3b8
 1099 0806 00       		.byte	0
 1100 0807 02       		.uleb128 0x2
 1101 0808 41060000 		.4byte	.LASF33
 1102 080c 0D       		.byte	0xd
 1103 080d 3C       		.byte	0x3c
 1104 080e 1A       		.byte	0x1a
 1105 080f A5040000 		.4byte	0x4a5
 1106 0813 08       		.byte	0x8
 1107 0814 02       		.uleb128 0x2
 1108 0815 18000000 		.4byte	.LASF70
 1109 0819 0D       		.byte	0xd
 1110 081a 3E       		.byte	0x3e
 1111 081b 1A       		.byte	0x1a
 1112 081c E3080000 		.4byte	0x8e3
 1113 0820 0C       		.byte	0xc
 1114 0821 00       		.byte	0
 1115 0822 04       		.uleb128 0x4
 1116 0823 ED070000 		.4byte	0x7ed
 1117 0827 04       		.uleb128 0x4
 1118 0828 6E020000 		.4byte	0x26e
 1119 082c 04       		.uleb128 0x4
 1120 082d 0C010000 		.4byte	0x10c
 1121 0831 16       		.uleb128 0x16
 1122 0832 23040000 		.4byte	.LASF114
 1123 0836 10       		.byte	0x10
 1124 0837 05       		.byte	0x5
 1125 0838 6101     		.2byte	0x161
 1126 083a 10       		.byte	0x10
 1127 083b 5A080000 		.4byte	0x85a
 1128 083f 03       		.uleb128 0x3
 1129 0840 11070000 		.4byte	.LASF104
 1130 0844 6601     		.2byte	0x166
 1131 0846 21       		.byte	0x21
 1132 0847 F6030000 		.4byte	0x3f6
 1133 084b 00       		.byte	0
 1134 084c 03       		.uleb128 0x3
 1135 084d 1A050000 		.4byte	.LASF115
 1136 0851 6A01     		.2byte	0x16a
 1137 0853 22       		.byte	0x22
 1138 0854 A5040000 		.4byte	0x4a5
 1139 0858 0C       		.byte	0xc
 1140 0859 00       		.byte	0
ARM GAS  /tmp/ccfF4MKe.s 			page 21


 1141 085a 1F       		.uleb128 0x1f
 1142 085b 00000000 		.4byte	.LASF116
 1143 085f 6B01     		.2byte	0x16b
 1144 0861 31080000 		.4byte	0x831
 1145 0865 16       		.uleb128 0x16
 1146 0866 DD040000 		.4byte	.LASF117
 1147 086a 14       		.byte	0x14
 1148 086b 05       		.byte	0x5
 1149 086c 7001     		.2byte	0x170
 1150 086e 10       		.byte	0x10
 1151 086f B5080000 		.4byte	0x8b5
 1152 0873 03       		.uleb128 0x3
 1153 0874 E8020000 		.4byte	.LASF34
 1154 0878 7401     		.2byte	0x174
 1155 087a 22       		.byte	0x22
 1156 087b B5000000 		.4byte	0xb5
 1157 087f 00       		.byte	0
 1158 0880 03       		.uleb128 0x3
 1159 0881 2D020000 		.4byte	.LASF118
 1160 0885 7A01     		.2byte	0x17a
 1161 0887 22       		.byte	0x22
 1162 0888 2C080000 		.4byte	0x82c
 1163 088c 04       		.byte	0x4
 1164 088d 03       		.uleb128 0x3
 1165 088e 14080000 		.4byte	.LASF119
 1166 0892 7E01     		.2byte	0x17e
 1167 0894 22       		.byte	0x22
 1168 0895 2C080000 		.4byte	0x82c
 1169 0899 08       		.byte	0x8
 1170 089a 03       		.uleb128 0x3
 1171 089b 33000000 		.4byte	.LASF120
 1172 089f 8401     		.2byte	0x184
 1173 08a1 22       		.byte	0x22
 1174 08a2 2C080000 		.4byte	0x82c
 1175 08a6 0C       		.byte	0xc
 1176 08a7 03       		.uleb128 0x3
 1177 08a8 5D080000 		.4byte	.LASF121
 1178 08ac 8801     		.2byte	0x188
 1179 08ae 22       		.byte	0x22
 1180 08af 2C080000 		.4byte	0x82c
 1181 08b3 10       		.byte	0x10
 1182 08b4 00       		.byte	0
 1183 08b5 1F       		.uleb128 0x1f
 1184 08b6 9A070000 		.4byte	.LASF122
 1185 08ba 8A01     		.2byte	0x18a
 1186 08bc 65080000 		.4byte	0x865
 1187 08c0 0A       		.uleb128 0xa
 1188 08c1 B5080000 		.4byte	0x8b5
 1189 08c5 04       		.uleb128 0x4
 1190 08c6 C0080000 		.4byte	0x8c0
 1191 08ca 2A       		.uleb128 0x2a
 1192 08cb 63683000 		.ascii	"ch0\000"
 1193 08cf 12       		.byte	0x12
 1194 08d0 4101     		.2byte	0x141
 1195 08d2 16       		.byte	0x16
 1196 08d3 6E020000 		.4byte	0x26e
 1197 08d7 01       		.uleb128 0x1
ARM GAS  /tmp/ccfF4MKe.s 			page 22


 1198 08d8 3D020000 		.4byte	.LASF123
 1199 08dc 0D       		.byte	0xd
 1200 08dd 34       		.byte	0x34
 1201 08de 19       		.byte	0x19
 1202 08df ED070000 		.4byte	0x7ed
 1203 08e3 04       		.uleb128 0x4
 1204 08e4 D7080000 		.4byte	0x8d7
 1205 08e8 07       		.uleb128 0x7
 1206 08e9 A3040000 		.4byte	.LASF124
 1207 08ed 08       		.byte	0x8
 1208 08ee 0E       		.byte	0xe
 1209 08ef 3B       		.byte	0x3b
 1210 08f0 10       		.byte	0x10
 1211 08f1 03090000 		.4byte	0x903
 1212 08f5 02       		.uleb128 0x2
 1213 08f6 ED020000 		.4byte	.LASF100
 1214 08fa 0E       		.byte	0xe
 1215 08fb 3C       		.byte	0x3c
 1216 08fc 19       		.byte	0x19
 1217 08fd B8030000 		.4byte	0x3b8
 1218 0901 00       		.byte	0
 1219 0902 00       		.byte	0
 1220 0903 01       		.uleb128 0x1
 1221 0904 14010000 		.4byte	.LASF125
 1222 0908 0E       		.byte	0xe
 1223 0909 3E       		.byte	0x3e
 1224 090a 03       		.byte	0x3
 1225 090b E8080000 		.4byte	0x8e8
 1226 090f 06       		.uleb128 0x6
 1227 0910 01       		.byte	0x1
 1228 0911 02       		.byte	0x2
 1229 0912 83050000 		.4byte	.LASF126
 1230 0916 20       		.uleb128 0x20
 1231 0917 72000000 		.4byte	.LASF132
 1232 091b 99       		.byte	0x99
 1233 091c 09       		.byte	0x9
 1234 091d 48010000 		.4byte	0x148
 1235 0921 30090000 		.4byte	0x930
 1236 0925 0B       		.uleb128 0xb
 1237 0926 24010000 		.4byte	0x124
 1238 092a 0B       		.uleb128 0xb
 1239 092b 80030000 		.4byte	0x380
 1240 092f 00       		.byte	0
 1241 0930 13       		.uleb128 0x13
 1242 0931 AE010000 		.4byte	.LASF127
 1243 0935 0D       		.byte	0xd
 1244 0936 69       		.byte	0x69
 1245 0937 41090000 		.4byte	0x941
 1246 093b 0B       		.uleb128 0xb
 1247 093c E3080000 		.4byte	0x8e3
 1248 0940 00       		.byte	0
 1249 0941 13       		.uleb128 0x13
 1250 0942 FB050000 		.4byte	.LASF128
 1251 0946 0F       		.byte	0xf
 1252 0947 98       		.byte	0x98
 1253 0948 52090000 		.4byte	0x952
 1254 094c 0B       		.uleb128 0xb
ARM GAS  /tmp/ccfF4MKe.s 			page 23


 1255 094d 24010000 		.4byte	0x124
 1256 0951 00       		.byte	0
 1257 0952 13       		.uleb128 0x13
 1258 0953 78020000 		.4byte	.LASF129
 1259 0957 0D       		.byte	0xd
 1260 0958 6D       		.byte	0x6d
 1261 0959 63090000 		.4byte	0x963
 1262 095d 0B       		.uleb128 0xb
 1263 095e E3080000 		.4byte	0x8e3
 1264 0962 00       		.byte	0
 1265 0963 14       		.uleb128 0x14
 1266 0964 14060000 		.4byte	.LASF130
 1267 0968 07       		.byte	0x7
 1268 0969 AE       		.byte	0xae
 1269 096a 14       		.uleb128 0x14
 1270 096b F3010000 		.4byte	.LASF131
 1271 096f 0F       		.byte	0xf
 1272 0970 9B       		.byte	0x9b
 1273 0971 20       		.uleb128 0x20
 1274 0972 35060000 		.4byte	.LASF133
 1275 0976 97       		.byte	0x97
 1276 0977 0D       		.byte	0xd
 1277 0978 A5040000 		.4byte	0x4a5
 1278 097c 86090000 		.4byte	0x986
 1279 0980 0B       		.uleb128 0xb
 1280 0981 A5040000 		.4byte	0x4a5
 1281 0985 00       		.byte	0
 1282 0986 14       		.uleb128 0x14
 1283 0987 02040000 		.4byte	.LASF134
 1284 098b 07       		.byte	0x7
 1285 098c AD       		.byte	0xad
 1286 098d 14       		.uleb128 0x14
 1287 098e 92020000 		.4byte	.LASF135
 1288 0992 07       		.byte	0x7
 1289 0993 A8       		.byte	0xa8
 1290 0994 14       		.uleb128 0x14
 1291 0995 3F050000 		.4byte	.LASF136
 1292 0999 07       		.byte	0x7
 1293 099a A7       		.byte	0xa7
 1294 099b 13       		.uleb128 0x13
 1295 099c 87070000 		.4byte	.LASF137
 1296 09a0 0F       		.byte	0xf
 1297 09a1 9A       		.byte	0x9a
 1298 09a2 B1090000 		.4byte	0x9b1
 1299 09a6 0B       		.uleb128 0xb
 1300 09a7 A5040000 		.4byte	0x4a5
 1301 09ab 0B       		.uleb128 0xb
 1302 09ac 48010000 		.4byte	0x148
 1303 09b0 00       		.byte	0
 1304 09b1 13       		.uleb128 0x13
 1305 09b2 AF070000 		.4byte	.LASF138
 1306 09b6 04       		.byte	0x4
 1307 09b7 E7       		.byte	0xe7
 1308 09b8 C2090000 		.4byte	0x9c2
 1309 09bc 0B       		.uleb128 0xb
 1310 09bd B5000000 		.4byte	0xb5
 1311 09c1 00       		.byte	0
ARM GAS  /tmp/ccfF4MKe.s 			page 24


 1312 09c2 21       		.uleb128 0x21
 1313 09c3 B6040000 		.4byte	.LASF139
 1314 09c7 4301     		.2byte	0x143
 1315 09c9 48010000 		.4byte	0x148
 1316 09cd 1A0A0000 		.4byte	0xa1a
 1317 09d1 1B       		.uleb128 0x1b
 1318 09d2 637000   		.ascii	"cp\000"
 1319 09d5 10       		.byte	0x10
 1320 09d6 4301     		.2byte	0x143
 1321 09d8 30       		.byte	0x30
 1322 09d9 1A0A0000 		.4byte	0xa1a
 1323 09dd 1C       		.uleb128 0x1c
 1324 09de E0020000 		.4byte	.LASF140
 1325 09e2 10       		.byte	0x10
 1326 09e3 4301     		.2byte	0x143
 1327 09e5 42       		.byte	0x42
 1328 09e6 80030000 		.4byte	0x380
 1329 09ea 2B       		.uleb128 0x2b
 1330 09eb D8030000 		.4byte	.LASF141
 1331 09ef 10       		.byte	0x10
 1332 09f0 4401     		.2byte	0x144
 1333 09f2 0D       		.byte	0xd
 1334 09f3 A5040000 		.4byte	0x4a5
 1335 09f7 17       		.uleb128 0x17
 1336 09f8 6D7000   		.ascii	"mp\000"
 1337 09fb 10       		.byte	0x10
 1338 09fc 4501     		.2byte	0x145
 1339 09fe 0C       		.byte	0xc
 1340 09ff E3080000 		.4byte	0x8e3
 1341 0a03 17       		.uleb128 0x17
 1342 0a04 6D736700 		.ascii	"msg\000"
 1343 0a08 10       		.byte	0x10
 1344 0a09 4601     		.2byte	0x146
 1345 0a0b 09       		.byte	0x9
 1346 0a0c 48010000 		.4byte	0x148
 1347 0a10 0C       		.uleb128 0xc
 1348 0a11 D4050000 		.4byte	.LASF144
 1349 0a15 2F0A0000 		.4byte	0xa2f
 1350 0a19 00       		.byte	0
 1351 0a1a 04       		.uleb128 0x4
 1352 0a1b 03090000 		.4byte	0x903
 1353 0a1f 0E       		.uleb128 0xe
 1354 0a20 B0000000 		.4byte	0xb0
 1355 0a24 2F0A0000 		.4byte	0xa2f
 1356 0a28 0F       		.uleb128 0xf
 1357 0a29 25000000 		.4byte	0x25
 1358 0a2d 12       		.byte	0x12
 1359 0a2e 00       		.byte	0
 1360 0a2f 0A       		.uleb128 0xa
 1361 0a30 1F0A0000 		.4byte	0xa1f
 1362 0a34 21       		.uleb128 0x21
 1363 0a35 23080000 		.4byte	.LASF142
 1364 0a39 1D01     		.2byte	0x11d
 1365 0a3b 48010000 		.4byte	0x148
 1366 0a3f 6A0A0000 		.4byte	0xa6a
 1367 0a43 1B       		.uleb128 0x1b
 1368 0a44 637000   		.ascii	"cp\000"
ARM GAS  /tmp/ccfF4MKe.s 			page 25


 1369 0a47 10       		.byte	0x10
 1370 0a48 1D01     		.2byte	0x11d
 1371 0a4a 2F       		.byte	0x2f
 1372 0a4b 1A0A0000 		.4byte	0xa1a
 1373 0a4f 1C       		.uleb128 0x1c
 1374 0a50 E0020000 		.4byte	.LASF140
 1375 0a54 10       		.byte	0x10
 1376 0a55 1D01     		.2byte	0x11d
 1377 0a57 41       		.byte	0x41
 1378 0a58 80030000 		.4byte	0x380
 1379 0a5c 17       		.uleb128 0x17
 1380 0a5d 6D736700 		.ascii	"msg\000"
 1381 0a61 10       		.byte	0x10
 1382 0a62 1E01     		.2byte	0x11e
 1383 0a64 09       		.byte	0x9
 1384 0a65 48010000 		.4byte	0x148
 1385 0a69 00       		.byte	0
 1386 0a6a 22       		.uleb128 0x22
 1387 0a6b 61010000 		.4byte	.LASF143
 1388 0a6f E9       		.byte	0xe9
 1389 0a70 48010000 		.4byte	0x148
 1390 0a74 B00A0000 		.4byte	0xab0
 1391 0a78 05       		.uleb128 0x5
 1392 0a79 637000   		.ascii	"cp\000"
 1393 0a7c 10       		.byte	0x10
 1394 0a7d E9       		.byte	0xe9
 1395 0a7e 29       		.byte	0x29
 1396 0a7f 1A0A0000 		.4byte	0xa1a
 1397 0a83 2C       		.uleb128 0x2c
 1398 0a84 D8030000 		.4byte	.LASF141
 1399 0a88 10       		.byte	0x10
 1400 0a89 EA       		.byte	0xea
 1401 0a8a 0D       		.byte	0xd
 1402 0a8b A5040000 		.4byte	0x4a5
 1403 0a8f 15       		.uleb128 0x15
 1404 0a90 6D7000   		.ascii	"mp\000"
 1405 0a93 10       		.byte	0x10
 1406 0a94 EB       		.byte	0xeb
 1407 0a95 0C       		.byte	0xc
 1408 0a96 E3080000 		.4byte	0x8e3
 1409 0a9a 15       		.uleb128 0x15
 1410 0a9b 6D736700 		.ascii	"msg\000"
 1411 0a9f 10       		.byte	0x10
 1412 0aa0 EC       		.byte	0xec
 1413 0aa1 09       		.byte	0x9
 1414 0aa2 48010000 		.4byte	0x148
 1415 0aa6 0C       		.uleb128 0xc
 1416 0aa7 D4050000 		.4byte	.LASF144
 1417 0aab C00A0000 		.4byte	0xac0
 1418 0aaf 00       		.byte	0
 1419 0ab0 0E       		.uleb128 0xe
 1420 0ab1 B0000000 		.4byte	0xb0
 1421 0ab5 C00A0000 		.4byte	0xac0
 1422 0ab9 0F       		.uleb128 0xf
 1423 0aba 25000000 		.4byte	0x25
 1424 0abe 0B       		.byte	0xb
 1425 0abf 00       		.byte	0
ARM GAS  /tmp/ccfF4MKe.s 			page 26


 1426 0ac0 0A       		.uleb128 0xa
 1427 0ac1 B00A0000 		.4byte	0xab0
 1428 0ac5 22       		.uleb128 0x22
 1429 0ac6 7C070000 		.4byte	.LASF145
 1430 0aca CF       		.byte	0xcf
 1431 0acb 48010000 		.4byte	0x148
 1432 0acf EB0A0000 		.4byte	0xaeb
 1433 0ad3 05       		.uleb128 0x5
 1434 0ad4 637000   		.ascii	"cp\000"
 1435 0ad7 10       		.byte	0x10
 1436 0ad8 CF       		.byte	0xcf
 1437 0ad9 28       		.byte	0x28
 1438 0ada 1A0A0000 		.4byte	0xa1a
 1439 0ade 15       		.uleb128 0x15
 1440 0adf 6D736700 		.ascii	"msg\000"
 1441 0ae3 10       		.byte	0x10
 1442 0ae4 D0       		.byte	0xd0
 1443 0ae5 09       		.byte	0x9
 1444 0ae6 48010000 		.4byte	0x148
 1445 0aea 00       		.byte	0
 1446 0aeb 12       		.uleb128 0x12
 1447 0aec 9B000000 		.4byte	.LASF146
 1448 0af0 B1       		.byte	0xb1
 1449 0af1 0A0B0000 		.4byte	0xb0a
 1450 0af5 05       		.uleb128 0x5
 1451 0af6 637000   		.ascii	"cp\000"
 1452 0af9 10       		.byte	0x10
 1453 0afa B1       		.byte	0xb1
 1454 0afb 2D       		.byte	0x2d
 1455 0afc 1A0A0000 		.4byte	0xa1a
 1456 0b00 0C       		.uleb128 0xc
 1457 0b01 D4050000 		.4byte	.LASF144
 1458 0b05 1A0B0000 		.4byte	0xb1a
 1459 0b09 00       		.byte	0
 1460 0b0a 0E       		.uleb128 0xe
 1461 0b0b B0000000 		.4byte	0xb0
 1462 0b0f 1A0B0000 		.4byte	0xb1a
 1463 0b13 0F       		.uleb128 0xf
 1464 0b14 25000000 		.4byte	0x25
 1465 0b18 10       		.byte	0x10
 1466 0b19 00       		.byte	0
 1467 0b1a 0A       		.uleb128 0xa
 1468 0b1b 0A0B0000 		.4byte	0xb0a
 1469 0b1f 12       		.uleb128 0x12
 1470 0b20 0A050000 		.4byte	.LASF147
 1471 0b24 9E       		.byte	0x9e
 1472 0b25 350B0000 		.4byte	0xb35
 1473 0b29 05       		.uleb128 0x5
 1474 0b2a 637000   		.ascii	"cp\000"
 1475 0b2d 10       		.byte	0x10
 1476 0b2e 9E       		.byte	0x9e
 1477 0b2f 2C       		.byte	0x2c
 1478 0b30 1A0A0000 		.4byte	0xa1a
 1479 0b34 00       		.byte	0
 1480 0b35 12       		.uleb128 0x12
 1481 0b36 75050000 		.4byte	.LASF148
 1482 0b3a 8B       		.byte	0x8b
ARM GAS  /tmp/ccfF4MKe.s 			page 27


 1483 0b3b 610B0000 		.4byte	0xb61
 1484 0b3f 05       		.uleb128 0x5
 1485 0b40 637000   		.ascii	"cp\000"
 1486 0b43 10       		.byte	0x10
 1487 0b44 8B       		.byte	0x8b
 1488 0b45 2A       		.byte	0x2a
 1489 0b46 1A0A0000 		.4byte	0xa1a
 1490 0b4a 0C       		.uleb128 0xc
 1491 0b4b D4050000 		.4byte	.LASF144
 1492 0b4f 710B0000 		.4byte	0xb71
 1493 0b53 2D       		.uleb128 0x2d
 1494 0b54 15       		.uleb128 0x15
 1495 0b55 747000   		.ascii	"tp\000"
 1496 0b58 10       		.byte	0x10
 1497 0b59 91       		.byte	0x91
 1498 0b5a 0F       		.byte	0xf
 1499 0b5b A5040000 		.4byte	0x4a5
 1500 0b5f 00       		.byte	0
 1501 0b60 00       		.byte	0
 1502 0b61 0E       		.uleb128 0xe
 1503 0b62 B0000000 		.4byte	0xb0
 1504 0b66 710B0000 		.4byte	0xb71
 1505 0b6a 0F       		.uleb128 0xf
 1506 0b6b 25000000 		.4byte	0x25
 1507 0b6f 0D       		.byte	0xd
 1508 0b70 00       		.byte	0
 1509 0b71 0A       		.uleb128 0xa
 1510 0b72 610B0000 		.4byte	0xb61
 1511 0b76 12       		.uleb128 0x12
 1512 0b77 4E020000 		.4byte	.LASF149
 1513 0b7b 75       		.byte	0x75
 1514 0b7c 950B0000 		.4byte	0xb95
 1515 0b80 05       		.uleb128 0x5
 1516 0b81 637000   		.ascii	"cp\000"
 1517 0b84 10       		.byte	0x10
 1518 0b85 75       		.byte	0x75
 1519 0b86 29       		.byte	0x29
 1520 0b87 1A0A0000 		.4byte	0xa1a
 1521 0b8b 0C       		.uleb128 0xc
 1522 0b8c D4050000 		.4byte	.LASF144
 1523 0b90 A50B0000 		.4byte	0xba5
 1524 0b94 00       		.byte	0
 1525 0b95 0E       		.uleb128 0xe
 1526 0b96 B0000000 		.4byte	0xb0
 1527 0b9a A50B0000 		.4byte	0xba5
 1528 0b9e 0F       		.uleb128 0xf
 1529 0b9f 25000000 		.4byte	0x25
 1530 0ba3 0C       		.byte	0xc
 1531 0ba4 00       		.byte	0
 1532 0ba5 0A       		.uleb128 0xa
 1533 0ba6 950B0000 		.4byte	0xb95
 1534 0baa 12       		.uleb128 0x12
 1535 0bab E5030000 		.4byte	.LASF150
 1536 0baf 63       		.byte	0x63
 1537 0bb0 C90B0000 		.4byte	0xbc9
 1538 0bb4 05       		.uleb128 0x5
 1539 0bb5 637000   		.ascii	"cp\000"
ARM GAS  /tmp/ccfF4MKe.s 			page 28


 1540 0bb8 10       		.byte	0x10
 1541 0bb9 63       		.byte	0x63
 1542 0bba 30       		.byte	0x30
 1543 0bbb 1A0A0000 		.4byte	0xa1a
 1544 0bbf 0C       		.uleb128 0xc
 1545 0bc0 D4050000 		.4byte	.LASF144
 1546 0bc4 D90B0000 		.4byte	0xbd9
 1547 0bc8 00       		.byte	0
 1548 0bc9 0E       		.uleb128 0xe
 1549 0bca B0000000 		.4byte	0xb0
 1550 0bce D90B0000 		.4byte	0xbd9
 1551 0bd2 0F       		.uleb128 0xf
 1552 0bd3 25000000 		.4byte	0x25
 1553 0bd7 13       		.byte	0x13
 1554 0bd8 00       		.byte	0
 1555 0bd9 0A       		.uleb128 0xa
 1556 0bda C90B0000 		.4byte	0xbc9
 1557 0bde 12       		.uleb128 0x12
 1558 0bdf 84060000 		.4byte	.LASF151
 1559 0be3 4D       		.byte	0x4d
 1560 0be4 FD0B0000 		.4byte	0xbfd
 1561 0be8 05       		.uleb128 0x5
 1562 0be9 637000   		.ascii	"cp\000"
 1563 0bec 10       		.byte	0x10
 1564 0bed 4D       		.byte	0x4d
 1565 0bee 2D       		.byte	0x2d
 1566 0bef 1A0A0000 		.4byte	0xa1a
 1567 0bf3 0C       		.uleb128 0xc
 1568 0bf4 D4050000 		.4byte	.LASF144
 1569 0bf8 1A0B0000 		.4byte	0xb1a
 1570 0bfc 00       		.byte	0
 1571 0bfd 2E       		.uleb128 0x2e
 1572 0bfe 47060000 		.4byte	.LASF152
 1573 0c02 0D       		.byte	0xd
 1574 0c03 A0       		.byte	0xa0
 1575 0c04 18       		.byte	0x18
 1576 0c05 E3080000 		.4byte	0x8e3
 1577 0c09 2F       		.uleb128 0x2f
 1578 0c0a F1070000 		.4byte	.LASF153
 1579 0c0e 11       		.byte	0x11
 1580 0c0f 5701     		.2byte	0x157
 1581 0c11 19       		.byte	0x19
 1582 0c12 A5040000 		.4byte	0x4a5
 1583 0c16 30       		.uleb128 0x30
 1584 0c17 CF070000 		.4byte	.LASF154
 1585 0c1b 0F       		.byte	0xf
 1586 0c1c AF       		.byte	0xaf
 1587 0c1d 14       		.byte	0x14
 1588 0c1e 440C0000 		.4byte	0xc44
 1589 0c22 05       		.uleb128 0x5
 1590 0c23 717000   		.ascii	"qp\000"
 1591 0c26 0F       		.byte	0xf
 1592 0c27 AF       		.byte	0xaf
 1593 0c28 33       		.byte	0x33
 1594 0c29 F1030000 		.4byte	0x3f1
 1595 0c2d 05       		.uleb128 0x5
 1596 0c2e 747000   		.ascii	"tp\000"
ARM GAS  /tmp/ccfF4MKe.s 			page 29


 1597 0c31 0F       		.byte	0xf
 1598 0c32 AF       		.byte	0xaf
 1599 0c33 43       		.byte	0x43
 1600 0c34 F1030000 		.4byte	0x3f1
 1601 0c38 15       		.uleb128 0x15
 1602 0c39 637000   		.ascii	"cp\000"
 1603 0c3c 0F       		.byte	0xf
 1604 0c3d B1       		.byte	0xb1
 1605 0c3e 0F       		.byte	0xf
 1606 0c3f F1030000 		.4byte	0x3f1
 1607 0c43 00       		.byte	0
 1608 0c44 23       		.uleb128 0x23
 1609 0c45 42080000 		.4byte	.LASF155
 1610 0c49 12       		.byte	0x12
 1611 0c4a A501     		.2byte	0x1a5
 1612 0c4c 14       		.byte	0x14
 1613 0c4d 5B0C0000 		.4byte	0xc5b
 1614 0c51 0C       		.uleb128 0xc
 1615 0c52 D4050000 		.4byte	.LASF144
 1616 0c56 C00A0000 		.4byte	0xac0
 1617 0c5a 00       		.byte	0
 1618 0c5b 1D       		.uleb128 0x1d
 1619 0c5c DD050000 		.4byte	.LASF156
 1620 0c60 12       		.byte	0x12
 1621 0c61 9701     		.2byte	0x197
 1622 0c63 14       		.byte	0x14
 1623 0c64 1D       		.uleb128 0x1d
 1624 0c65 46010000 		.4byte	.LASF157
 1625 0c69 0B       		.byte	0xb
 1626 0c6a D702     		.2byte	0x2d7
 1627 0c6c 1B       		.byte	0x1b
 1628 0c6d 1D       		.uleb128 0x1d
 1629 0c6e 53080000 		.4byte	.LASF158
 1630 0c72 0B       		.byte	0xb
 1631 0c73 BF02     		.2byte	0x2bf
 1632 0c75 1B       		.byte	0x1b
 1633 0c76 23       		.uleb128 0x23
 1634 0c77 F9060000 		.4byte	.LASF159
 1635 0c7b 13       		.byte	0x13
 1636 0c7c EB01     		.2byte	0x1eb
 1637 0c7e 1B       		.byte	0x1b
 1638 0c7f 910C0000 		.4byte	0xc91
 1639 0c83 1C       		.uleb128 0x1c
 1640 0c84 37010000 		.4byte	.LASF160
 1641 0c88 13       		.byte	0x13
 1642 0c89 EB01     		.2byte	0x1eb
 1643 0c8b 32       		.byte	0x32
 1644 0c8c E3000000 		.4byte	0xe3
 1645 0c90 00       		.byte	0
 1646 0c91 31       		.uleb128 0x31
 1647 0c92 C2010000 		.4byte	.LASF161
 1648 0c96 09       		.byte	0x9
 1649 0c97 1801     		.2byte	0x118
 1650 0c99 1B       		.byte	0x1b
 1651 0c9a F1030000 		.4byte	0x3f1
 1652 0c9e BA0C0000 		.4byte	0xcba
 1653 0ca2 1B       		.uleb128 0x1b
ARM GAS  /tmp/ccfF4MKe.s 			page 30


 1654 0ca3 717000   		.ascii	"qp\000"
 1655 0ca6 09       		.byte	0x9
 1656 0ca7 1801     		.2byte	0x118
 1657 0ca9 3C       		.byte	0x3c
 1658 0caa F1030000 		.4byte	0x3f1
 1659 0cae 17       		.uleb128 0x17
 1660 0caf 7000     		.ascii	"p\000"
 1661 0cb1 09       		.byte	0x9
 1662 0cb2 1901     		.2byte	0x119
 1663 0cb4 0F       		.byte	0xf
 1664 0cb5 F1030000 		.4byte	0x3f1
 1665 0cb9 00       		.byte	0
 1666 0cba 24       		.uleb128 0x24
 1667 0cbb 22050000 		.4byte	.LASF162
 1668 0cbf F9       		.byte	0xf9
 1669 0cc0 0F090000 		.4byte	0x90f
 1670 0cc4 D40C0000 		.4byte	0xcd4
 1671 0cc8 05       		.uleb128 0x5
 1672 0cc9 717000   		.ascii	"qp\000"
 1673 0ccc 09       		.byte	0x9
 1674 0ccd F9       		.byte	0xf9
 1675 0cce 38       		.byte	0x38
 1676 0ccf D40C0000 		.4byte	0xcd4
 1677 0cd3 00       		.byte	0
 1678 0cd4 04       		.uleb128 0x4
 1679 0cd5 C4030000 		.4byte	0x3c4
 1680 0cd9 24       		.uleb128 0x24
 1681 0cda 43070000 		.4byte	.LASF163
 1682 0cde EC       		.byte	0xec
 1683 0cdf 0F090000 		.4byte	0x90f
 1684 0ce3 F30C0000 		.4byte	0xcf3
 1685 0ce7 05       		.uleb128 0x5
 1686 0ce8 717000   		.ascii	"qp\000"
 1687 0ceb 09       		.byte	0x9
 1688 0cec EC       		.byte	0xec
 1689 0ced 37       		.byte	0x37
 1690 0cee D40C0000 		.4byte	0xcd4
 1691 0cf2 00       		.byte	0
 1692 0cf3 32       		.uleb128 0x32
 1693 0cf4 6E070000 		.4byte	.LASF167
 1694 0cf8 09       		.byte	0x9
 1695 0cf9 DE       		.byte	0xde
 1696 0cfa 14       		.byte	0x14
 1697 0cfb 05       		.uleb128 0x5
 1698 0cfc 717000   		.ascii	"qp\000"
 1699 0cff 09       		.byte	0x9
 1700 0d00 DE       		.byte	0xde
 1701 0d01 2E       		.byte	0x2e
 1702 0d02 F1030000 		.4byte	0x3f1
 1703 0d06 00       		.byte	0
 1704 0d07 00       		.byte	0
 1705              		.section	.gnu.debuglto_.debug_abbrev,"e",%progbits
 1706              	.Ldebug_abbrev0:
 1707 0000 01       		.uleb128 0x1
 1708 0001 16       		.uleb128 0x16
 1709 0002 00       		.byte	0
 1710 0003 03       		.uleb128 0x3
ARM GAS  /tmp/ccfF4MKe.s 			page 31


 1711 0004 0E       		.uleb128 0xe
 1712 0005 3A       		.uleb128 0x3a
 1713 0006 0B       		.uleb128 0xb
 1714 0007 3B       		.uleb128 0x3b
 1715 0008 0B       		.uleb128 0xb
 1716 0009 39       		.uleb128 0x39
 1717 000a 0B       		.uleb128 0xb
 1718 000b 49       		.uleb128 0x49
 1719 000c 13       		.uleb128 0x13
 1720 000d 00       		.byte	0
 1721 000e 00       		.byte	0
 1722 000f 02       		.uleb128 0x2
 1723 0010 0D       		.uleb128 0xd
 1724 0011 00       		.byte	0
 1725 0012 03       		.uleb128 0x3
 1726 0013 0E       		.uleb128 0xe
 1727 0014 3A       		.uleb128 0x3a
 1728 0015 0B       		.uleb128 0xb
 1729 0016 3B       		.uleb128 0x3b
 1730 0017 0B       		.uleb128 0xb
 1731 0018 39       		.uleb128 0x39
 1732 0019 0B       		.uleb128 0xb
 1733 001a 49       		.uleb128 0x49
 1734 001b 13       		.uleb128 0x13
 1735 001c 38       		.uleb128 0x38
 1736 001d 0B       		.uleb128 0xb
 1737 001e 00       		.byte	0
 1738 001f 00       		.byte	0
 1739 0020 03       		.uleb128 0x3
 1740 0021 0D       		.uleb128 0xd
 1741 0022 00       		.byte	0
 1742 0023 03       		.uleb128 0x3
 1743 0024 0E       		.uleb128 0xe
 1744 0025 3A       		.uleb128 0x3a
 1745 0026 21       		.uleb128 0x21
 1746 0027 05       		.sleb128 5
 1747 0028 3B       		.uleb128 0x3b
 1748 0029 05       		.uleb128 0x5
 1749 002a 39       		.uleb128 0x39
 1750 002b 0B       		.uleb128 0xb
 1751 002c 49       		.uleb128 0x49
 1752 002d 13       		.uleb128 0x13
 1753 002e 38       		.uleb128 0x38
 1754 002f 0B       		.uleb128 0xb
 1755 0030 00       		.byte	0
 1756 0031 00       		.byte	0
 1757 0032 04       		.uleb128 0x4
 1758 0033 0F       		.uleb128 0xf
 1759 0034 00       		.byte	0
 1760 0035 0B       		.uleb128 0xb
 1761 0036 21       		.uleb128 0x21
 1762 0037 04       		.sleb128 4
 1763 0038 49       		.uleb128 0x49
 1764 0039 13       		.uleb128 0x13
 1765 003a 00       		.byte	0
 1766 003b 00       		.byte	0
 1767 003c 05       		.uleb128 0x5
ARM GAS  /tmp/ccfF4MKe.s 			page 32


 1768 003d 05       		.uleb128 0x5
 1769 003e 00       		.byte	0
 1770 003f 03       		.uleb128 0x3
 1771 0040 08       		.uleb128 0x8
 1772 0041 3A       		.uleb128 0x3a
 1773 0042 0B       		.uleb128 0xb
 1774 0043 3B       		.uleb128 0x3b
 1775 0044 0B       		.uleb128 0xb
 1776 0045 39       		.uleb128 0x39
 1777 0046 0B       		.uleb128 0xb
 1778 0047 49       		.uleb128 0x49
 1779 0048 13       		.uleb128 0x13
 1780 0049 00       		.byte	0
 1781 004a 00       		.byte	0
 1782 004b 06       		.uleb128 0x6
 1783 004c 24       		.uleb128 0x24
 1784 004d 00       		.byte	0
 1785 004e 0B       		.uleb128 0xb
 1786 004f 0B       		.uleb128 0xb
 1787 0050 3E       		.uleb128 0x3e
 1788 0051 0B       		.uleb128 0xb
 1789 0052 03       		.uleb128 0x3
 1790 0053 0E       		.uleb128 0xe
 1791 0054 00       		.byte	0
 1792 0055 00       		.byte	0
 1793 0056 07       		.uleb128 0x7
 1794 0057 13       		.uleb128 0x13
 1795 0058 01       		.byte	0x1
 1796 0059 03       		.uleb128 0x3
 1797 005a 0E       		.uleb128 0xe
 1798 005b 0B       		.uleb128 0xb
 1799 005c 0B       		.uleb128 0xb
 1800 005d 3A       		.uleb128 0x3a
 1801 005e 0B       		.uleb128 0xb
 1802 005f 3B       		.uleb128 0x3b
 1803 0060 0B       		.uleb128 0xb
 1804 0061 39       		.uleb128 0x39
 1805 0062 0B       		.uleb128 0xb
 1806 0063 01       		.uleb128 0x1
 1807 0064 13       		.uleb128 0x13
 1808 0065 00       		.byte	0
 1809 0066 00       		.byte	0
 1810 0067 08       		.uleb128 0x8
 1811 0068 0D       		.uleb128 0xd
 1812 0069 00       		.byte	0
 1813 006a 03       		.uleb128 0x3
 1814 006b 08       		.uleb128 0x8
 1815 006c 3A       		.uleb128 0x3a
 1816 006d 0B       		.uleb128 0xb
 1817 006e 3B       		.uleb128 0x3b
 1818 006f 05       		.uleb128 0x5
 1819 0070 39       		.uleb128 0x39
 1820 0071 0B       		.uleb128 0xb
 1821 0072 49       		.uleb128 0x49
 1822 0073 13       		.uleb128 0x13
 1823 0074 38       		.uleb128 0x38
 1824 0075 0B       		.uleb128 0xb
ARM GAS  /tmp/ccfF4MKe.s 			page 33


 1825 0076 00       		.byte	0
 1826 0077 00       		.byte	0
 1827 0078 09       		.uleb128 0x9
 1828 0079 0D       		.uleb128 0xd
 1829 007a 00       		.byte	0
 1830 007b 03       		.uleb128 0x3
 1831 007c 08       		.uleb128 0x8
 1832 007d 3A       		.uleb128 0x3a
 1833 007e 0B       		.uleb128 0xb
 1834 007f 3B       		.uleb128 0x3b
 1835 0080 0B       		.uleb128 0xb
 1836 0081 39       		.uleb128 0x39
 1837 0082 0B       		.uleb128 0xb
 1838 0083 49       		.uleb128 0x49
 1839 0084 13       		.uleb128 0x13
 1840 0085 38       		.uleb128 0x38
 1841 0086 0B       		.uleb128 0xb
 1842 0087 00       		.byte	0
 1843 0088 00       		.byte	0
 1844 0089 0A       		.uleb128 0xa
 1845 008a 26       		.uleb128 0x26
 1846 008b 00       		.byte	0
 1847 008c 49       		.uleb128 0x49
 1848 008d 13       		.uleb128 0x13
 1849 008e 00       		.byte	0
 1850 008f 00       		.byte	0
 1851 0090 0B       		.uleb128 0xb
 1852 0091 05       		.uleb128 0x5
 1853 0092 00       		.byte	0
 1854 0093 49       		.uleb128 0x49
 1855 0094 13       		.uleb128 0x13
 1856 0095 00       		.byte	0
 1857 0096 00       		.byte	0
 1858 0097 0C       		.uleb128 0xc
 1859 0098 34       		.uleb128 0x34
 1860 0099 00       		.byte	0
 1861 009a 03       		.uleb128 0x3
 1862 009b 0E       		.uleb128 0xe
 1863 009c 49       		.uleb128 0x49
 1864 009d 13       		.uleb128 0x13
 1865 009e 34       		.uleb128 0x34
 1866 009f 19       		.uleb128 0x19
 1867 00a0 00       		.byte	0
 1868 00a1 00       		.byte	0
 1869 00a2 0D       		.uleb128 0xd
 1870 00a3 0D       		.uleb128 0xd
 1871 00a4 00       		.byte	0
 1872 00a5 03       		.uleb128 0x3
 1873 00a6 0E       		.uleb128 0xe
 1874 00a7 3A       		.uleb128 0x3a
 1875 00a8 0B       		.uleb128 0xb
 1876 00a9 3B       		.uleb128 0x3b
 1877 00aa 0B       		.uleb128 0xb
 1878 00ab 39       		.uleb128 0x39
 1879 00ac 0B       		.uleb128 0xb
 1880 00ad 49       		.uleb128 0x49
 1881 00ae 13       		.uleb128 0x13
ARM GAS  /tmp/ccfF4MKe.s 			page 34


 1882 00af 00       		.byte	0
 1883 00b0 00       		.byte	0
 1884 00b1 0E       		.uleb128 0xe
 1885 00b2 01       		.uleb128 0x1
 1886 00b3 01       		.byte	0x1
 1887 00b4 49       		.uleb128 0x49
 1888 00b5 13       		.uleb128 0x13
 1889 00b6 01       		.uleb128 0x1
 1890 00b7 13       		.uleb128 0x13
 1891 00b8 00       		.byte	0
 1892 00b9 00       		.byte	0
 1893 00ba 0F       		.uleb128 0xf
 1894 00bb 21       		.uleb128 0x21
 1895 00bc 00       		.byte	0
 1896 00bd 49       		.uleb128 0x49
 1897 00be 13       		.uleb128 0x13
 1898 00bf 2F       		.uleb128 0x2f
 1899 00c0 0B       		.uleb128 0xb
 1900 00c1 00       		.byte	0
 1901 00c2 00       		.byte	0
 1902 00c3 10       		.uleb128 0x10
 1903 00c4 13       		.uleb128 0x13
 1904 00c5 01       		.byte	0x1
 1905 00c6 0B       		.uleb128 0xb
 1906 00c7 0B       		.uleb128 0xb
 1907 00c8 3A       		.uleb128 0x3a
 1908 00c9 21       		.uleb128 0x21
 1909 00ca 0A       		.sleb128 10
 1910 00cb 3B       		.uleb128 0x3b
 1911 00cc 0B       		.uleb128 0xb
 1912 00cd 39       		.uleb128 0x39
 1913 00ce 0B       		.uleb128 0xb
 1914 00cf 01       		.uleb128 0x1
 1915 00d0 13       		.uleb128 0x13
 1916 00d1 00       		.byte	0
 1917 00d2 00       		.byte	0
 1918 00d3 11       		.uleb128 0x11
 1919 00d4 0D       		.uleb128 0xd
 1920 00d5 00       		.byte	0
 1921 00d6 03       		.uleb128 0x3
 1922 00d7 0E       		.uleb128 0xe
 1923 00d8 3A       		.uleb128 0x3a
 1924 00d9 21       		.uleb128 0x21
 1925 00da 05       		.sleb128 5
 1926 00db 3B       		.uleb128 0x3b
 1927 00dc 05       		.uleb128 0x5
 1928 00dd 39       		.uleb128 0x39
 1929 00de 0B       		.uleb128 0xb
 1930 00df 49       		.uleb128 0x49
 1931 00e0 13       		.uleb128 0x13
 1932 00e1 00       		.byte	0
 1933 00e2 00       		.byte	0
 1934 00e3 12       		.uleb128 0x12
 1935 00e4 2E       		.uleb128 0x2e
 1936 00e5 01       		.byte	0x1
 1937 00e6 3F       		.uleb128 0x3f
 1938 00e7 19       		.uleb128 0x19
ARM GAS  /tmp/ccfF4MKe.s 			page 35


 1939 00e8 03       		.uleb128 0x3
 1940 00e9 0E       		.uleb128 0xe
 1941 00ea 3A       		.uleb128 0x3a
 1942 00eb 21       		.uleb128 0x21
 1943 00ec 10       		.sleb128 16
 1944 00ed 3B       		.uleb128 0x3b
 1945 00ee 0B       		.uleb128 0xb
 1946 00ef 39       		.uleb128 0x39
 1947 00f0 21       		.uleb128 0x21
 1948 00f1 06       		.sleb128 6
 1949 00f2 27       		.uleb128 0x27
 1950 00f3 19       		.uleb128 0x19
 1951 00f4 01       		.uleb128 0x1
 1952 00f5 13       		.uleb128 0x13
 1953 00f6 00       		.byte	0
 1954 00f7 00       		.byte	0
 1955 00f8 13       		.uleb128 0x13
 1956 00f9 2E       		.uleb128 0x2e
 1957 00fa 01       		.byte	0x1
 1958 00fb 3F       		.uleb128 0x3f
 1959 00fc 19       		.uleb128 0x19
 1960 00fd 03       		.uleb128 0x3
 1961 00fe 0E       		.uleb128 0xe
 1962 00ff 3A       		.uleb128 0x3a
 1963 0100 0B       		.uleb128 0xb
 1964 0101 3B       		.uleb128 0x3b
 1965 0102 0B       		.uleb128 0xb
 1966 0103 39       		.uleb128 0x39
 1967 0104 21       		.uleb128 0x21
 1968 0105 08       		.sleb128 8
 1969 0106 27       		.uleb128 0x27
 1970 0107 19       		.uleb128 0x19
 1971 0108 3C       		.uleb128 0x3c
 1972 0109 19       		.uleb128 0x19
 1973 010a 01       		.uleb128 0x1
 1974 010b 13       		.uleb128 0x13
 1975 010c 00       		.byte	0
 1976 010d 00       		.byte	0
 1977 010e 14       		.uleb128 0x14
 1978 010f 2E       		.uleb128 0x2e
 1979 0110 00       		.byte	0
 1980 0111 3F       		.uleb128 0x3f
 1981 0112 19       		.uleb128 0x19
 1982 0113 03       		.uleb128 0x3
 1983 0114 0E       		.uleb128 0xe
 1984 0115 3A       		.uleb128 0x3a
 1985 0116 0B       		.uleb128 0xb
 1986 0117 3B       		.uleb128 0x3b
 1987 0118 0B       		.uleb128 0xb
 1988 0119 39       		.uleb128 0x39
 1989 011a 21       		.uleb128 0x21
 1990 011b 08       		.sleb128 8
 1991 011c 27       		.uleb128 0x27
 1992 011d 19       		.uleb128 0x19
 1993 011e 3C       		.uleb128 0x3c
 1994 011f 19       		.uleb128 0x19
 1995 0120 00       		.byte	0
ARM GAS  /tmp/ccfF4MKe.s 			page 36


 1996 0121 00       		.byte	0
 1997 0122 15       		.uleb128 0x15
 1998 0123 34       		.uleb128 0x34
 1999 0124 00       		.byte	0
 2000 0125 03       		.uleb128 0x3
 2001 0126 08       		.uleb128 0x8
 2002 0127 3A       		.uleb128 0x3a
 2003 0128 0B       		.uleb128 0xb
 2004 0129 3B       		.uleb128 0x3b
 2005 012a 0B       		.uleb128 0xb
 2006 012b 39       		.uleb128 0x39
 2007 012c 0B       		.uleb128 0xb
 2008 012d 49       		.uleb128 0x49
 2009 012e 13       		.uleb128 0x13
 2010 012f 00       		.byte	0
 2011 0130 00       		.byte	0
 2012 0131 16       		.uleb128 0x16
 2013 0132 13       		.uleb128 0x13
 2014 0133 01       		.byte	0x1
 2015 0134 03       		.uleb128 0x3
 2016 0135 0E       		.uleb128 0xe
 2017 0136 0B       		.uleb128 0xb
 2018 0137 0B       		.uleb128 0xb
 2019 0138 3A       		.uleb128 0x3a
 2020 0139 0B       		.uleb128 0xb
 2021 013a 3B       		.uleb128 0x3b
 2022 013b 05       		.uleb128 0x5
 2023 013c 39       		.uleb128 0x39
 2024 013d 0B       		.uleb128 0xb
 2025 013e 01       		.uleb128 0x1
 2026 013f 13       		.uleb128 0x13
 2027 0140 00       		.byte	0
 2028 0141 00       		.byte	0
 2029 0142 17       		.uleb128 0x17
 2030 0143 34       		.uleb128 0x34
 2031 0144 00       		.byte	0
 2032 0145 03       		.uleb128 0x3
 2033 0146 08       		.uleb128 0x8
 2034 0147 3A       		.uleb128 0x3a
 2035 0148 0B       		.uleb128 0xb
 2036 0149 3B       		.uleb128 0x3b
 2037 014a 05       		.uleb128 0x5
 2038 014b 39       		.uleb128 0x39
 2039 014c 0B       		.uleb128 0xb
 2040 014d 49       		.uleb128 0x49
 2041 014e 13       		.uleb128 0x13
 2042 014f 00       		.byte	0
 2043 0150 00       		.byte	0
 2044 0151 18       		.uleb128 0x18
 2045 0152 17       		.uleb128 0x17
 2046 0153 01       		.byte	0x1
 2047 0154 0B       		.uleb128 0xb
 2048 0155 0B       		.uleb128 0xb
 2049 0156 3A       		.uleb128 0x3a
 2050 0157 0B       		.uleb128 0xb
 2051 0158 3B       		.uleb128 0x3b
 2052 0159 0B       		.uleb128 0xb
ARM GAS  /tmp/ccfF4MKe.s 			page 37


 2053 015a 39       		.uleb128 0x39
 2054 015b 21       		.uleb128 0x21
 2055 015c 03       		.sleb128 3
 2056 015d 01       		.uleb128 0x1
 2057 015e 13       		.uleb128 0x13
 2058 015f 00       		.byte	0
 2059 0160 00       		.byte	0
 2060 0161 19       		.uleb128 0x19
 2061 0162 0D       		.uleb128 0xd
 2062 0163 00       		.byte	0
 2063 0164 03       		.uleb128 0x3
 2064 0165 08       		.uleb128 0x8
 2065 0166 3A       		.uleb128 0x3a
 2066 0167 21       		.uleb128 0x21
 2067 0168 0A       		.sleb128 10
 2068 0169 3B       		.uleb128 0x3b
 2069 016a 0B       		.uleb128 0xb
 2070 016b 39       		.uleb128 0x39
 2071 016c 21       		.uleb128 0x21
 2072 016d 07       		.sleb128 7
 2073 016e 49       		.uleb128 0x49
 2074 016f 13       		.uleb128 0x13
 2075 0170 00       		.byte	0
 2076 0171 00       		.byte	0
 2077 0172 1A       		.uleb128 0x1a
 2078 0173 0D       		.uleb128 0xd
 2079 0174 00       		.byte	0
 2080 0175 03       		.uleb128 0x3
 2081 0176 0E       		.uleb128 0xe
 2082 0177 3A       		.uleb128 0x3a
 2083 0178 21       		.uleb128 0x21
 2084 0179 0A       		.sleb128 10
 2085 017a 3B       		.uleb128 0x3b
 2086 017b 0B       		.uleb128 0xb
 2087 017c 39       		.uleb128 0x39
 2088 017d 21       		.uleb128 0x21
 2089 017e 19       		.sleb128 25
 2090 017f 49       		.uleb128 0x49
 2091 0180 13       		.uleb128 0x13
 2092 0181 0D       		.uleb128 0xd
 2093 0182 0B       		.uleb128 0xb
 2094 0183 6B       		.uleb128 0x6b
 2095 0184 0B       		.uleb128 0xb
 2096 0185 00       		.byte	0
 2097 0186 00       		.byte	0
 2098 0187 1B       		.uleb128 0x1b
 2099 0188 05       		.uleb128 0x5
 2100 0189 00       		.byte	0
 2101 018a 03       		.uleb128 0x3
 2102 018b 08       		.uleb128 0x8
 2103 018c 3A       		.uleb128 0x3a
 2104 018d 0B       		.uleb128 0xb
 2105 018e 3B       		.uleb128 0x3b
 2106 018f 05       		.uleb128 0x5
 2107 0190 39       		.uleb128 0x39
 2108 0191 0B       		.uleb128 0xb
 2109 0192 49       		.uleb128 0x49
ARM GAS  /tmp/ccfF4MKe.s 			page 38


 2110 0193 13       		.uleb128 0x13
 2111 0194 00       		.byte	0
 2112 0195 00       		.byte	0
 2113 0196 1C       		.uleb128 0x1c
 2114 0197 05       		.uleb128 0x5
 2115 0198 00       		.byte	0
 2116 0199 03       		.uleb128 0x3
 2117 019a 0E       		.uleb128 0xe
 2118 019b 3A       		.uleb128 0x3a
 2119 019c 0B       		.uleb128 0xb
 2120 019d 3B       		.uleb128 0x3b
 2121 019e 05       		.uleb128 0x5
 2122 019f 39       		.uleb128 0x39
 2123 01a0 0B       		.uleb128 0xb
 2124 01a1 49       		.uleb128 0x49
 2125 01a2 13       		.uleb128 0x13
 2126 01a3 00       		.byte	0
 2127 01a4 00       		.byte	0
 2128 01a5 1D       		.uleb128 0x1d
 2129 01a6 2E       		.uleb128 0x2e
 2130 01a7 00       		.byte	0
 2131 01a8 03       		.uleb128 0x3
 2132 01a9 0E       		.uleb128 0xe
 2133 01aa 3A       		.uleb128 0x3a
 2134 01ab 0B       		.uleb128 0xb
 2135 01ac 3B       		.uleb128 0x3b
 2136 01ad 05       		.uleb128 0x5
 2137 01ae 39       		.uleb128 0x39
 2138 01af 0B       		.uleb128 0xb
 2139 01b0 27       		.uleb128 0x27
 2140 01b1 19       		.uleb128 0x19
 2141 01b2 00       		.byte	0
 2142 01b3 00       		.byte	0
 2143 01b4 1E       		.uleb128 0x1e
 2144 01b5 35       		.uleb128 0x35
 2145 01b6 00       		.byte	0
 2146 01b7 49       		.uleb128 0x49
 2147 01b8 13       		.uleb128 0x13
 2148 01b9 00       		.byte	0
 2149 01ba 00       		.byte	0
 2150 01bb 1F       		.uleb128 0x1f
 2151 01bc 16       		.uleb128 0x16
 2152 01bd 00       		.byte	0
 2153 01be 03       		.uleb128 0x3
 2154 01bf 0E       		.uleb128 0xe
 2155 01c0 3A       		.uleb128 0x3a
 2156 01c1 21       		.uleb128 0x21
 2157 01c2 05       		.sleb128 5
 2158 01c3 3B       		.uleb128 0x3b
 2159 01c4 05       		.uleb128 0x5
 2160 01c5 39       		.uleb128 0x39
 2161 01c6 21       		.uleb128 0x21
 2162 01c7 03       		.sleb128 3
 2163 01c8 49       		.uleb128 0x49
 2164 01c9 13       		.uleb128 0x13
 2165 01ca 00       		.byte	0
 2166 01cb 00       		.byte	0
ARM GAS  /tmp/ccfF4MKe.s 			page 39


 2167 01cc 20       		.uleb128 0x20
 2168 01cd 2E       		.uleb128 0x2e
 2169 01ce 01       		.byte	0x1
 2170 01cf 3F       		.uleb128 0x3f
 2171 01d0 19       		.uleb128 0x19
 2172 01d1 03       		.uleb128 0x3
 2173 01d2 0E       		.uleb128 0xe
 2174 01d3 3A       		.uleb128 0x3a
 2175 01d4 21       		.uleb128 0x21
 2176 01d5 0F       		.sleb128 15
 2177 01d6 3B       		.uleb128 0x3b
 2178 01d7 0B       		.uleb128 0xb
 2179 01d8 39       		.uleb128 0x39
 2180 01d9 0B       		.uleb128 0xb
 2181 01da 27       		.uleb128 0x27
 2182 01db 19       		.uleb128 0x19
 2183 01dc 49       		.uleb128 0x49
 2184 01dd 13       		.uleb128 0x13
 2185 01de 3C       		.uleb128 0x3c
 2186 01df 19       		.uleb128 0x19
 2187 01e0 01       		.uleb128 0x1
 2188 01e1 13       		.uleb128 0x13
 2189 01e2 00       		.byte	0
 2190 01e3 00       		.byte	0
 2191 01e4 21       		.uleb128 0x21
 2192 01e5 2E       		.uleb128 0x2e
 2193 01e6 01       		.byte	0x1
 2194 01e7 3F       		.uleb128 0x3f
 2195 01e8 19       		.uleb128 0x19
 2196 01e9 03       		.uleb128 0x3
 2197 01ea 0E       		.uleb128 0xe
 2198 01eb 3A       		.uleb128 0x3a
 2199 01ec 21       		.uleb128 0x21
 2200 01ed 10       		.sleb128 16
 2201 01ee 3B       		.uleb128 0x3b
 2202 01ef 05       		.uleb128 0x5
 2203 01f0 39       		.uleb128 0x39
 2204 01f1 21       		.uleb128 0x21
 2205 01f2 07       		.sleb128 7
 2206 01f3 27       		.uleb128 0x27
 2207 01f4 19       		.uleb128 0x19
 2208 01f5 49       		.uleb128 0x49
 2209 01f6 13       		.uleb128 0x13
 2210 01f7 01       		.uleb128 0x1
 2211 01f8 13       		.uleb128 0x13
 2212 01f9 00       		.byte	0
 2213 01fa 00       		.byte	0
 2214 01fb 22       		.uleb128 0x22
 2215 01fc 2E       		.uleb128 0x2e
 2216 01fd 01       		.byte	0x1
 2217 01fe 3F       		.uleb128 0x3f
 2218 01ff 19       		.uleb128 0x19
 2219 0200 03       		.uleb128 0x3
 2220 0201 0E       		.uleb128 0xe
 2221 0202 3A       		.uleb128 0x3a
 2222 0203 21       		.uleb128 0x21
 2223 0204 10       		.sleb128 16
ARM GAS  /tmp/ccfF4MKe.s 			page 40


 2224 0205 3B       		.uleb128 0x3b
 2225 0206 0B       		.uleb128 0xb
 2226 0207 39       		.uleb128 0x39
 2227 0208 21       		.uleb128 0x21
 2228 0209 07       		.sleb128 7
 2229 020a 27       		.uleb128 0x27
 2230 020b 19       		.uleb128 0x19
 2231 020c 49       		.uleb128 0x49
 2232 020d 13       		.uleb128 0x13
 2233 020e 01       		.uleb128 0x1
 2234 020f 13       		.uleb128 0x13
 2235 0210 00       		.byte	0
 2236 0211 00       		.byte	0
 2237 0212 23       		.uleb128 0x23
 2238 0213 2E       		.uleb128 0x2e
 2239 0214 01       		.byte	0x1
 2240 0215 03       		.uleb128 0x3
 2241 0216 0E       		.uleb128 0xe
 2242 0217 3A       		.uleb128 0x3a
 2243 0218 0B       		.uleb128 0xb
 2244 0219 3B       		.uleb128 0x3b
 2245 021a 05       		.uleb128 0x5
 2246 021b 39       		.uleb128 0x39
 2247 021c 0B       		.uleb128 0xb
 2248 021d 27       		.uleb128 0x27
 2249 021e 19       		.uleb128 0x19
 2250 021f 01       		.uleb128 0x1
 2251 0220 13       		.uleb128 0x13
 2252 0221 00       		.byte	0
 2253 0222 00       		.byte	0
 2254 0223 24       		.uleb128 0x24
 2255 0224 2E       		.uleb128 0x2e
 2256 0225 01       		.byte	0x1
 2257 0226 03       		.uleb128 0x3
 2258 0227 0E       		.uleb128 0xe
 2259 0228 3A       		.uleb128 0x3a
 2260 0229 21       		.uleb128 0x21
 2261 022a 09       		.sleb128 9
 2262 022b 3B       		.uleb128 0x3b
 2263 022c 0B       		.uleb128 0xb
 2264 022d 39       		.uleb128 0x39
 2265 022e 21       		.uleb128 0x21
 2266 022f 14       		.sleb128 20
 2267 0230 27       		.uleb128 0x27
 2268 0231 19       		.uleb128 0x19
 2269 0232 49       		.uleb128 0x49
 2270 0233 13       		.uleb128 0x13
 2271 0234 01       		.uleb128 0x1
 2272 0235 13       		.uleb128 0x13
 2273 0236 00       		.byte	0
 2274 0237 00       		.byte	0
 2275 0238 25       		.uleb128 0x25
 2276 0239 11       		.uleb128 0x11
 2277 023a 01       		.byte	0x1
 2278 023b 25       		.uleb128 0x25
 2279 023c 0E       		.uleb128 0xe
 2280 023d 13       		.uleb128 0x13
ARM GAS  /tmp/ccfF4MKe.s 			page 41


 2281 023e 0B       		.uleb128 0xb
 2282 023f 03       		.uleb128 0x3
 2283 0240 0E       		.uleb128 0xe
 2284 0241 1B       		.uleb128 0x1b
 2285 0242 0E       		.uleb128 0xe
 2286 0243 10       		.uleb128 0x10
 2287 0244 17       		.uleb128 0x17
 2288 0245 00       		.byte	0
 2289 0246 00       		.byte	0
 2290 0247 26       		.uleb128 0x26
 2291 0248 24       		.uleb128 0x24
 2292 0249 00       		.byte	0
 2293 024a 0B       		.uleb128 0xb
 2294 024b 0B       		.uleb128 0xb
 2295 024c 3E       		.uleb128 0x3e
 2296 024d 0B       		.uleb128 0xb
 2297 024e 03       		.uleb128 0x3
 2298 024f 08       		.uleb128 0x8
 2299 0250 00       		.byte	0
 2300 0251 00       		.byte	0
 2301 0252 27       		.uleb128 0x27
 2302 0253 0F       		.uleb128 0xf
 2303 0254 00       		.byte	0
 2304 0255 0B       		.uleb128 0xb
 2305 0256 0B       		.uleb128 0xb
 2306 0257 00       		.byte	0
 2307 0258 00       		.byte	0
 2308 0259 28       		.uleb128 0x28
 2309 025a 13       		.uleb128 0x13
 2310 025b 01       		.byte	0x1
 2311 025c 03       		.uleb128 0x3
 2312 025d 0E       		.uleb128 0xe
 2313 025e 0B       		.uleb128 0xb
 2314 025f 05       		.uleb128 0x5
 2315 0260 3A       		.uleb128 0x3a
 2316 0261 0B       		.uleb128 0xb
 2317 0262 3B       		.uleb128 0x3b
 2318 0263 05       		.uleb128 0x5
 2319 0264 39       		.uleb128 0x39
 2320 0265 0B       		.uleb128 0xb
 2321 0266 01       		.uleb128 0x1
 2322 0267 13       		.uleb128 0x13
 2323 0268 00       		.byte	0
 2324 0269 00       		.byte	0
 2325 026a 29       		.uleb128 0x29
 2326 026b 13       		.uleb128 0x13
 2327 026c 01       		.byte	0x1
 2328 026d 0B       		.uleb128 0xb
 2329 026e 05       		.uleb128 0x5
 2330 026f 3A       		.uleb128 0x3a
 2331 0270 0B       		.uleb128 0xb
 2332 0271 3B       		.uleb128 0x3b
 2333 0272 0B       		.uleb128 0xb
 2334 0273 39       		.uleb128 0x39
 2335 0274 0B       		.uleb128 0xb
 2336 0275 01       		.uleb128 0x1
 2337 0276 13       		.uleb128 0x13
ARM GAS  /tmp/ccfF4MKe.s 			page 42


 2338 0277 00       		.byte	0
 2339 0278 00       		.byte	0
 2340 0279 2A       		.uleb128 0x2a
 2341 027a 34       		.uleb128 0x34
 2342 027b 00       		.byte	0
 2343 027c 03       		.uleb128 0x3
 2344 027d 08       		.uleb128 0x8
 2345 027e 3A       		.uleb128 0x3a
 2346 027f 0B       		.uleb128 0xb
 2347 0280 3B       		.uleb128 0x3b
 2348 0281 05       		.uleb128 0x5
 2349 0282 39       		.uleb128 0x39
 2350 0283 0B       		.uleb128 0xb
 2351 0284 49       		.uleb128 0x49
 2352 0285 13       		.uleb128 0x13
 2353 0286 3F       		.uleb128 0x3f
 2354 0287 19       		.uleb128 0x19
 2355 0288 3C       		.uleb128 0x3c
 2356 0289 19       		.uleb128 0x19
 2357 028a 00       		.byte	0
 2358 028b 00       		.byte	0
 2359 028c 2B       		.uleb128 0x2b
 2360 028d 34       		.uleb128 0x34
 2361 028e 00       		.byte	0
 2362 028f 03       		.uleb128 0x3
 2363 0290 0E       		.uleb128 0xe
 2364 0291 3A       		.uleb128 0x3a
 2365 0292 0B       		.uleb128 0xb
 2366 0293 3B       		.uleb128 0x3b
 2367 0294 05       		.uleb128 0x5
 2368 0295 39       		.uleb128 0x39
 2369 0296 0B       		.uleb128 0xb
 2370 0297 49       		.uleb128 0x49
 2371 0298 13       		.uleb128 0x13
 2372 0299 00       		.byte	0
 2373 029a 00       		.byte	0
 2374 029b 2C       		.uleb128 0x2c
 2375 029c 34       		.uleb128 0x34
 2376 029d 00       		.byte	0
 2377 029e 03       		.uleb128 0x3
 2378 029f 0E       		.uleb128 0xe
 2379 02a0 3A       		.uleb128 0x3a
 2380 02a1 0B       		.uleb128 0xb
 2381 02a2 3B       		.uleb128 0x3b
 2382 02a3 0B       		.uleb128 0xb
 2383 02a4 39       		.uleb128 0x39
 2384 02a5 0B       		.uleb128 0xb
 2385 02a6 49       		.uleb128 0x49
 2386 02a7 13       		.uleb128 0x13
 2387 02a8 00       		.byte	0
 2388 02a9 00       		.byte	0
 2389 02aa 2D       		.uleb128 0x2d
 2390 02ab 0B       		.uleb128 0xb
 2391 02ac 01       		.byte	0x1
 2392 02ad 00       		.byte	0
 2393 02ae 00       		.byte	0
 2394 02af 2E       		.uleb128 0x2e
ARM GAS  /tmp/ccfF4MKe.s 			page 43


 2395 02b0 2E       		.uleb128 0x2e
 2396 02b1 00       		.byte	0
 2397 02b2 03       		.uleb128 0x3
 2398 02b3 0E       		.uleb128 0xe
 2399 02b4 3A       		.uleb128 0x3a
 2400 02b5 0B       		.uleb128 0xb
 2401 02b6 3B       		.uleb128 0x3b
 2402 02b7 0B       		.uleb128 0xb
 2403 02b8 39       		.uleb128 0x39
 2404 02b9 0B       		.uleb128 0xb
 2405 02ba 27       		.uleb128 0x27
 2406 02bb 19       		.uleb128 0x19
 2407 02bc 49       		.uleb128 0x49
 2408 02bd 13       		.uleb128 0x13
 2409 02be 00       		.byte	0
 2410 02bf 00       		.byte	0
 2411 02c0 2F       		.uleb128 0x2f
 2412 02c1 2E       		.uleb128 0x2e
 2413 02c2 00       		.byte	0
 2414 02c3 03       		.uleb128 0x3
 2415 02c4 0E       		.uleb128 0xe
 2416 02c5 3A       		.uleb128 0x3a
 2417 02c6 0B       		.uleb128 0xb
 2418 02c7 3B       		.uleb128 0x3b
 2419 02c8 05       		.uleb128 0x5
 2420 02c9 39       		.uleb128 0x39
 2421 02ca 0B       		.uleb128 0xb
 2422 02cb 27       		.uleb128 0x27
 2423 02cc 19       		.uleb128 0x19
 2424 02cd 49       		.uleb128 0x49
 2425 02ce 13       		.uleb128 0x13
 2426 02cf 00       		.byte	0
 2427 02d0 00       		.byte	0
 2428 02d1 30       		.uleb128 0x30
 2429 02d2 2E       		.uleb128 0x2e
 2430 02d3 01       		.byte	0x1
 2431 02d4 03       		.uleb128 0x3
 2432 02d5 0E       		.uleb128 0xe
 2433 02d6 3A       		.uleb128 0x3a
 2434 02d7 0B       		.uleb128 0xb
 2435 02d8 3B       		.uleb128 0x3b
 2436 02d9 0B       		.uleb128 0xb
 2437 02da 39       		.uleb128 0x39
 2438 02db 0B       		.uleb128 0xb
 2439 02dc 27       		.uleb128 0x27
 2440 02dd 19       		.uleb128 0x19
 2441 02de 01       		.uleb128 0x1
 2442 02df 13       		.uleb128 0x13
 2443 02e0 00       		.byte	0
 2444 02e1 00       		.byte	0
 2445 02e2 31       		.uleb128 0x31
 2446 02e3 2E       		.uleb128 0x2e
 2447 02e4 01       		.byte	0x1
 2448 02e5 03       		.uleb128 0x3
 2449 02e6 0E       		.uleb128 0xe
 2450 02e7 3A       		.uleb128 0x3a
 2451 02e8 0B       		.uleb128 0xb
ARM GAS  /tmp/ccfF4MKe.s 			page 44


 2452 02e9 3B       		.uleb128 0x3b
 2453 02ea 05       		.uleb128 0x5
 2454 02eb 39       		.uleb128 0x39
 2455 02ec 0B       		.uleb128 0xb
 2456 02ed 27       		.uleb128 0x27
 2457 02ee 19       		.uleb128 0x19
 2458 02ef 49       		.uleb128 0x49
 2459 02f0 13       		.uleb128 0x13
 2460 02f1 01       		.uleb128 0x1
 2461 02f2 13       		.uleb128 0x13
 2462 02f3 00       		.byte	0
 2463 02f4 00       		.byte	0
 2464 02f5 32       		.uleb128 0x32
 2465 02f6 2E       		.uleb128 0x2e
 2466 02f7 01       		.byte	0x1
 2467 02f8 03       		.uleb128 0x3
 2468 02f9 0E       		.uleb128 0xe
 2469 02fa 3A       		.uleb128 0x3a
 2470 02fb 0B       		.uleb128 0xb
 2471 02fc 3B       		.uleb128 0x3b
 2472 02fd 0B       		.uleb128 0xb
 2473 02fe 39       		.uleb128 0x39
 2474 02ff 0B       		.uleb128 0xb
 2475 0300 27       		.uleb128 0x27
 2476 0301 19       		.uleb128 0x19
 2477 0302 00       		.byte	0
 2478 0303 00       		.byte	0
 2479 0304 00       		.byte	0
 2480              		.section	.gnu.debuglto_.debug_line,"e",%progbits
 2481              	.Ldebug_line0:
 2482 0000 A8000000 		.4byte	.LELT0-.LSLT0
 2483              	.LSLT0:
 2484 0004 0500     		.2byte	0x5
 2485 0006 04       		.byte	0x4
 2486 0007 00       		.byte	0
 2487 0008 A0000000 		.4byte	.LELTP0-.LASLTP0
 2488              	.LASLTP0:
 2489 000c 01       		.byte	0x1
 2490 000d 01       		.byte	0x1
 2491 000e 01       		.byte	0x1
 2492 000f F6       		.byte	0xf6
 2493 0010 F2       		.byte	0xf2
 2494 0011 0D       		.byte	0xd
 2495 0012 00       		.byte	0
 2496 0013 01       		.byte	0x1
 2497 0014 01       		.byte	0x1
 2498 0015 01       		.byte	0x1
 2499 0016 01       		.byte	0x1
 2500 0017 00       		.byte	0
 2501 0018 00       		.byte	0
 2502 0019 00       		.byte	0
 2503 001a 01       		.byte	0x1
 2504 001b 00       		.byte	0
 2505 001c 00       		.byte	0
 2506 001d 01       		.byte	0x1
 2507 001e 01       		.byte	0x1
 2508 001f 01       		.uleb128 0x1
ARM GAS  /tmp/ccfF4MKe.s 			page 45


 2509 0020 1F       		.uleb128 0x1f
 2510 0021 08       		.uleb128 0x8
 2511 0022 88000000 		.4byte	.LASF168
 2512 0026 01010000 		.4byte	.LASF169
 2513 002a A6010000 		.4byte	.LASF170
 2514 002e CB020000 		.4byte	.LASF171
 2515 0032 72010000 		.4byte	.LASF172
 2516 0036 83020000 		.4byte	.LASF173
 2517 003a 11000000 		.4byte	.LASF174
 2518 003e 07020000 		.4byte	.LASF175
 2519 0042 02       		.byte	0x2
 2520 0043 01       		.uleb128 0x1
 2521 0044 1F       		.uleb128 0x1f
 2522 0045 02       		.uleb128 0x2
 2523 0046 0B       		.uleb128 0xb
 2524 0047 14       		.uleb128 0x14
 2525 0048 3A010000 		.4byte	.LASF176
 2526 004c 00       		.byte	0
 2527 004d 00000000 		.4byte	.LASF177
 2528 0051 06       		.byte	0x6
 2529 0052 DF010000 		.4byte	.LASF178
 2530 0056 07       		.byte	0x7
 2531 0057 D5010000 		.4byte	.LASF179
 2532 005b 02       		.byte	0x2
 2533 005c AD020000 		.4byte	.LASF180
 2534 0060 04       		.byte	0x4
 2535 0061 FB010000 		.4byte	.LASF181
 2536 0065 04       		.byte	0x4
 2537 0066 7A020000 		.4byte	.LASF182
 2538 006a 04       		.byte	0x4
 2539 006b B7020000 		.4byte	.LASF183
 2540 006f 04       		.byte	0x4
 2541 0070 94010000 		.4byte	.LASF184
 2542 0074 04       		.byte	0x4
 2543 0075 F1010000 		.4byte	.LASF185
 2544 0079 04       		.byte	0x4
 2545 007a C1020000 		.4byte	.LASF186
 2546 007e 04       		.byte	0x4
 2547 007f F0000000 		.4byte	.LASF187
 2548 0083 03       		.byte	0x3
 2549 0084 F9000000 		.4byte	.LASF188
 2550 0088 04       		.byte	0x4
 2551 0089 6A010000 		.4byte	.LASF189
 2552 008d 04       		.byte	0x4
 2553 008e 9D010000 		.4byte	.LASF190
 2554 0092 04       		.byte	0x4
 2555 0093 E7000000 		.4byte	.LASF191
 2556 0097 04       		.byte	0x4
 2557 0098 61010000 		.4byte	.LASF192
 2558 009c 05       		.byte	0x5
 2559 009d DB000000 		.4byte	.LASF193
 2560 00a1 04       		.byte	0x4
 2561 00a2 E9010000 		.4byte	.LASF194
 2562 00a6 04       		.byte	0x4
 2563 00a7 A1020000 		.4byte	.LASF195
 2564 00ab 01       		.byte	0x1
 2565              	.LELTP0:
ARM GAS  /tmp/ccfF4MKe.s 			page 46


 2566              	.LELT0:
 2567              		.section	.gnu.debuglto_.debug_str,"eMS",%progbits,1
 2568              	.LASF116:
 2569 0000 72656164 		.ascii	"ready_list_t\000"
 2569      795F6C69 
 2569      73745F74 
 2569      00
 2570              	.LASF53:
 2571 000d 72666375 		.ascii	"rfcu\000"
 2571      00
 2572              	.LASF107:
 2573 0012 77747472 		.ascii	"wttrp\000"
 2573      7000
 2574              	.LASF70:
 2575 0018 6E657874 		.ascii	"next\000"
 2575      00
 2576              	.LASF79:
 2577 001d 64656C74 		.ascii	"delta\000"
 2577      6100
 2578              	.LASF105:
 2579 0023 7264796D 		.ascii	"rdymsg\000"
 2579      736700
 2580              	.LASF20:
 2581 002a 75696E74 		.ascii	"uint64_t\000"
 2581      36345F74 
 2581      00
 2582              	.LASF120:
 2583 0033 69646C65 		.ascii	"idlethread_base\000"
 2583      74687265 
 2583      61645F62 
 2583      61736500 
 2584              	.LASF6:
 2585 0043 5F5F7569 		.ascii	"__uint8_t\000"
 2585      6E74385F 
 2585      7400
 2586              	.LASF73:
 2587 004d 70726576 		.ascii	"prev\000"
 2587      00
 2588              	.LASF92:
 2589 0052 706F7274 		.ascii	"port_intctx\000"
 2589      5F696E74 
 2589      63747800 
 2590              	.LASF65:
 2591 005e 73797374 		.ascii	"system_debug_t\000"
 2591      656D5F64 
 2591      65627567 
 2591      5F7400
 2592              	.LASF84:
 2593 006d 74797065 		.ascii	"type\000"
 2593      00
 2594              	.LASF132:
 2595 0072 63685363 		.ascii	"chSchGoSleepTimeoutS\000"
 2595      68476F53 
 2595      6C656570 
 2595      54696D65 
 2595      6F757453 
 2596              	.LASF74:
ARM GAS  /tmp/ccfF4MKe.s 			page 47


 2597 0087 63685F70 		.ascii	"ch_priority_queue_t\000"
 2597      72696F72 
 2597      6974795F 
 2597      71756575 
 2597      655F7400 
 2598              	.LASF146:
 2599 009b 6368436F 		.ascii	"chCondBroadcastI\000"
 2599      6E644272 
 2599      6F616463 
 2599      61737449 
 2599      00
 2600              	.LASF14:
 2601 00ac 6C6F6E67 		.ascii	"long long unsigned int\000"
 2601      206C6F6E 
 2601      6720756E 
 2601      7369676E 
 2601      65642069 
 2602              	.LASF106:
 2603 00c3 65786974 		.ascii	"exitcode\000"
 2603      636F6465 
 2603      00
 2604              	.LASF55:
 2605 00cc 6D61696E 		.ascii	"mainthread\000"
 2605      74687265 
 2605      616400
 2606              	.LASF108:
 2607 00d7 73656E74 		.ascii	"sentmsg\000"
 2607      6D736700 
 2608              	.LASF98:
 2609 00df 76697274 		.ascii	"virtual_timers_list_t\000"
 2609      75616C5F 
 2609      74696D65 
 2609      72735F6C 
 2609      6973745F 
 2610              	.LASF39:
 2611 00f5 72656673 		.ascii	"refs\000"
 2611      00
 2612              	.LASF1:
 2613 00fa 6C6F6E67 		.ascii	"long long int\000"
 2613      206C6F6E 
 2613      6720696E 
 2613      7400
 2614              	.LASF3:
 2615 0108 7369676E 		.ascii	"signed char\000"
 2615      65642063 
 2615      68617200 
 2616              	.LASF125:
 2617 0114 636F6E64 		.ascii	"condition_variable_t\000"
 2617      6974696F 
 2617      6E5F7661 
 2617      72696162 
 2617      6C655F74 
 2618              	.LASF78:
 2619 0129 63685F64 		.ascii	"ch_delta_list\000"
 2619      656C7461 
 2619      5F6C6973 
 2619      7400
ARM GAS  /tmp/ccfF4MKe.s 			page 48


 2620              	.LASF160:
 2621 0137 62617365 		.ascii	"basePri\000"
 2621      50726900 
 2622              	.LASF50:
 2623 013f 76746C69 		.ascii	"vtlist\000"
 2623      737400
 2624              	.LASF157:
 2625 0146 706F7274 		.ascii	"port_unlock\000"
 2625      5F756E6C 
 2625      6F636B00 
 2626              	.LASF37:
 2627 0152 73746174 		.ascii	"state\000"
 2627      6500
 2628              	.LASF10:
 2629 0158 6C6F6E67 		.ascii	"long int\000"
 2629      20696E74 
 2629      00
 2630              	.LASF143:
 2631 0161 6368436F 		.ascii	"chCondWaitS\000"
 2631      6E645761 
 2631      69745300 
 2632              	.LASF24:
 2633 016d 74737461 		.ascii	"tstate_t\000"
 2633      74655F74 
 2633      00
 2634              	.LASF165:
 2635 0176 2E2E2F2E 		.ascii	"../../chibios_trunk/os/rt/src/chcond.c\000"
 2635      2E2F6368 
 2635      6962696F 
 2635      735F7472 
 2635      756E6B2F 
 2636              	.LASF58:
 2637 019d 63685F72 		.ascii	"ch_rfcu\000"
 2637      66637500 
 2638              	.LASF72:
 2639 01a5 63685F71 		.ascii	"ch_queue\000"
 2639      75657565 
 2639      00
 2640              	.LASF127:
 2641 01ae 63684D74 		.ascii	"chMtxLockS\000"
 2641      784C6F63 
 2641      6B5300
 2642              	.LASF17:
 2643 01b9 75696E74 		.ascii	"uint16_t\000"
 2643      31365F74 
 2643      00
 2644              	.LASF161:
 2645 01c2 63685F71 		.ascii	"ch_queue_fifo_remove\000"
 2645      75657565 
 2645      5F666966 
 2645      6F5F7265 
 2645      6D6F7665 
 2646              	.LASF77:
 2647 01d7 63685F64 		.ascii	"ch_delta_list_t\000"
 2647      656C7461 
 2647      5F6C6973 
 2647      745F7400 
ARM GAS  /tmp/ccfF4MKe.s 			page 49


 2648              	.LASF99:
 2649 01e7 63685F72 		.ascii	"ch_registry\000"
 2649      65676973 
 2649      74727900 
 2650              	.LASF131:
 2651 01f3 63685363 		.ascii	"chSchRescheduleS\000"
 2651      68526573 
 2651      63686564 
 2651      756C6553 
 2651      00
 2652              	.LASF11:
 2653 0204 5F5F7569 		.ascii	"__uint32_t\000"
 2653      6E743332 
 2653      5F7400
 2654              	.LASF36:
 2655 020f 7761656E 		.ascii	"waend\000"
 2655      6400
 2656              	.LASF61:
 2657 0215 63685F73 		.ascii	"ch_system_debug\000"
 2657      79737465 
 2657      6D5F6465 
 2657      62756700 
 2658              	.LASF40:
 2659 0225 77616974 		.ascii	"waiting\000"
 2659      696E6700 
 2660              	.LASF118:
 2661 022d 6D61696E 		.ascii	"mainthread_base\000"
 2661      74687265 
 2661      61645F62 
 2661      61736500 
 2662              	.LASF123:
 2663 023d 6D757465 		.ascii	"mutex_t\000"
 2663      785F7400 
 2664              	.LASF64:
 2665 0245 6C6F636B 		.ascii	"lock_cnt\000"
 2665      5F636E74 
 2665      00
 2666              	.LASF149:
 2667 024e 6368436F 		.ascii	"chCondSignal\000"
 2667      6E645369 
 2667      676E616C 
 2667      00
 2668              	.LASF67:
 2669 025b 73797369 		.ascii	"sysinterval_t\000"
 2669      6E746572 
 2669      76616C5F 
 2669      7400
 2670              	.LASF29:
 2671 0269 636E745F 		.ascii	"cnt_t\000"
 2671      7400
 2672              	.LASF41:
 2673 026f 6D736771 		.ascii	"msgqueue\000"
 2673      75657565 
 2673      00
 2674              	.LASF129:
 2675 0278 63684D74 		.ascii	"chMtxUnlockS\000"
 2675      78556E6C 
ARM GAS  /tmp/ccfF4MKe.s 			page 50


 2675      6F636B53 
 2675      00
 2676              	.LASF0:
 2677 0285 756E7369 		.ascii	"unsigned int\000"
 2677      676E6564 
 2677      20696E74 
 2677      00
 2678              	.LASF135:
 2679 0292 5F5F6462 		.ascii	"__dbg_check_unlock\000"
 2679      675F6368 
 2679      65636B5F 
 2679      756E6C6F 
 2679      636B00
 2680              	.LASF109:
 2681 02a5 77747365 		.ascii	"wtsemp\000"
 2681      6D7000
 2682              	.LASF12:
 2683 02ac 6C6F6E67 		.ascii	"long unsigned int\000"
 2683      20756E73 
 2683      69676E65 
 2683      6420696E 
 2683      7400
 2684              	.LASF32:
 2685 02be 72717565 		.ascii	"rqueue\000"
 2685      756500
 2686              	.LASF71:
 2687 02c5 63685F71 		.ascii	"ch_queue_t\000"
 2687      75657565 
 2687      5F7400
 2688              	.LASF21:
 2689 02d0 706F7274 		.ascii	"port_stkalign_t\000"
 2689      5F73746B 
 2689      616C6967 
 2689      6E5F7400 
 2690              	.LASF140:
 2691 02e0 74696D65 		.ascii	"timeout\000"
 2691      6F757400 
 2692              	.LASF34:
 2693 02e8 6E616D65 		.ascii	"name\000"
 2693      00
 2694              	.LASF100:
 2695 02ed 71756575 		.ascii	"queue\000"
 2695      6500
 2696              	.LASF52:
 2697 02f3 636F7265 		.ascii	"core_id\000"
 2697      5F696400 
 2698              	.LASF164:
 2699 02fb 474E5520 		.ascii	"GNU C17 11.3.1 20220712 -mcpu=cortex-m4 -mthumb -mf"
 2699      43313720 
 2699      31312E33 
 2699      2E312032 
 2699      30323230 
 2700 032e 6C6F6174 		.ascii	"loat-abi=soft -march=armv7e-m -ggdb -O2 -fomit-fram"
 2700      2D616269 
 2700      3D736F66 
 2700      74202D6D 
 2700      61726368 
ARM GAS  /tmp/ccfF4MKe.s 			page 51


 2701 0361 652D706F 		.ascii	"e-pointer -falign-functions=16 -ffunction-sections "
 2701      696E7465 
 2701      72202D66 
 2701      616C6967 
 2701      6E2D6675 
 2702 0394 2D666461 		.ascii	"-fdata-sections -fno-common -flto\000"
 2702      74612D73 
 2702      65637469 
 2702      6F6E7320 
 2702      2D666E6F 
 2703              	.LASF89:
 2704 03b6 73697A65 		.ascii	"size\000"
 2704      00
 2705              	.LASF8:
 2706 03bb 73686F72 		.ascii	"short unsigned int\000"
 2706      7420756E 
 2706      7369676E 
 2706      65642069 
 2706      6E7400
 2707              	.LASF47:
 2708 03ce 63685F74 		.ascii	"ch_thread\000"
 2708      68726561 
 2708      6400
 2709              	.LASF141:
 2710 03d8 63757272 		.ascii	"currtp\000"
 2710      747000
 2711              	.LASF27:
 2712 03df 6D73675F 		.ascii	"msg_t\000"
 2712      7400
 2713              	.LASF150:
 2714 03e5 6368436F 		.ascii	"chCondObjectDispose\000"
 2714      6E644F62 
 2714      6A656374 
 2714      44697370 
 2714      6F736500 
 2715              	.LASF42:
 2716 03f9 6570656E 		.ascii	"epending\000"
 2716      64696E67 
 2716      00
 2717              	.LASF134:
 2718 0402 63684462 		.ascii	"chDbgCheckClassI\000"
 2718      67436865 
 2718      636B436C 
 2718      61737349 
 2718      00
 2719              	.LASF23:
 2720 0413 746D6F64 		.ascii	"tmode_t\000"
 2720      655F7400 
 2721              	.LASF69:
 2722 041b 63685F6C 		.ascii	"ch_list\000"
 2722      69737400 
 2723              	.LASF114:
 2724 0423 63685F72 		.ascii	"ch_ready_list\000"
 2724      65616479 
 2724      5F6C6973 
 2724      7400
 2725              	.LASF28:
ARM GAS  /tmp/ccfF4MKe.s 			page 52


 2726 0431 6576656E 		.ascii	"eventmask_t\000"
 2726      746D6173 
 2726      6B5F7400 
 2727              	.LASF9:
 2728 043d 5F5F696E 		.ascii	"__int32_t\000"
 2728      7433325F 
 2728      7400
 2729              	.LASF22:
 2730 0447 73746B61 		.ascii	"stkalign_t\000"
 2730      6C69676E 
 2730      5F7400
 2731              	.LASF85:
 2732 0452 72747374 		.ascii	"rtstamp\000"
 2732      616D7000 
 2733              	.LASF97:
 2734 045a 6C617374 		.ascii	"laststamp\000"
 2734      7374616D 
 2734      7000
 2735              	.LASF44:
 2736 0464 7265616C 		.ascii	"realprio\000"
 2736      7072696F 
 2736      00
 2737              	.LASF57:
 2738 046d 72666375 		.ascii	"rfcu_mask_t\000"
 2738      5F6D6173 
 2738      6B5F7400 
 2739              	.LASF102:
 2740 0479 74687265 		.ascii	"thread_reference_t\000"
 2740      61645F72 
 2740      65666572 
 2740      656E6365 
 2740      5F7400
 2741              	.LASF94:
 2742 048c 63685F76 		.ascii	"ch_virtual_timers_list\000"
 2742      69727475 
 2742      616C5F74 
 2742      696D6572 
 2742      735F6C69 
 2743              	.LASF124:
 2744 04a3 636F6E64 		.ascii	"condition_variable\000"
 2744      6974696F 
 2744      6E5F7661 
 2744      72696162 
 2744      6C6500
 2745              	.LASF139:
 2746 04b6 6368436F 		.ascii	"chCondWaitTimeoutS\000"
 2746      6E645761 
 2746      69745469 
 2746      6D656F75 
 2746      745300
 2747              	.LASF68:
 2748 04c9 63685F6C 		.ascii	"ch_list_t\000"
 2748      6973745F 
 2748      7400
 2749              	.LASF88:
 2750 04d3 73757370 		.ascii	"suspended\000"
 2750      656E6465 
ARM GAS  /tmp/ccfF4MKe.s 			page 53


 2750      6400
 2751              	.LASF117:
 2752 04dd 63685F6F 		.ascii	"ch_os_instance_config\000"
 2752      735F696E 
 2752      7374616E 
 2752      63655F63 
 2752      6F6E6669 
 2753              	.LASF93:
 2754 04f3 706F7274 		.ascii	"port_context\000"
 2754      5F636F6E 
 2754      74657874 
 2754      00
 2755              	.LASF86:
 2756 0500 74696D65 		.ascii	"time\000"
 2756      00
 2757              	.LASF76:
 2758 0505 7072696F 		.ascii	"prio\000"
 2758      00
 2759              	.LASF147:
 2760 050a 6368436F 		.ascii	"chCondBroadcast\000"
 2760      6E644272 
 2760      6F616463 
 2760      61737400 
 2761              	.LASF115:
 2762 051a 63757272 		.ascii	"current\000"
 2762      656E7400 
 2763              	.LASF162:
 2764 0522 63685F71 		.ascii	"ch_queue_notempty\000"
 2764      75657565 
 2764      5F6E6F74 
 2764      656D7074 
 2764      7900
 2765              	.LASF13:
 2766 0534 5F5F7569 		.ascii	"__uint64_t\000"
 2766      6E743634 
 2766      5F7400
 2767              	.LASF136:
 2768 053f 5F5F6462 		.ascii	"__dbg_check_lock\000"
 2768      675F6368 
 2768      65636B5F 
 2768      6C6F636B 
 2768      00
 2769              	.LASF95:
 2770 0550 646C6973 		.ascii	"dlist\000"
 2770      7400
 2771              	.LASF30:
 2772 0556 636F7265 		.ascii	"core_id_t\000"
 2772      5F69645F 
 2772      7400
 2773              	.LASF25:
 2774 0560 74726566 		.ascii	"trefs_t\000"
 2774      735F7400 
 2775              	.LASF83:
 2776 0568 75736572 		.ascii	"user\000"
 2776      00
 2777              	.LASF26:
 2778 056d 74707269 		.ascii	"tprio_t\000"
ARM GAS  /tmp/ccfF4MKe.s 			page 54


 2778      6F5F7400 
 2779              	.LASF148:
 2780 0575 6368436F 		.ascii	"chCondSignalI\000"
 2780      6E645369 
 2780      676E616C 
 2780      4900
 2781              	.LASF126:
 2782 0583 5F426F6F 		.ascii	"_Bool\000"
 2782      6C00
 2783              	.LASF18:
 2784 0589 696E7433 		.ascii	"int32_t\000"
 2784      325F7400 
 2785              	.LASF4:
 2786 0591 756E7369 		.ascii	"unsigned char\000"
 2786      676E6564 
 2786      20636861 
 2786      7200
 2787              	.LASF60:
 2788 059f 72666375 		.ascii	"rfcu_t\000"
 2788      5F7400
 2789              	.LASF5:
 2790 05a6 73686F72 		.ascii	"short int\000"
 2790      7420696E 
 2790      7400
 2791              	.LASF96:
 2792 05b0 6C617374 		.ascii	"lasttime\000"
 2792      74696D65 
 2792      00
 2793              	.LASF82:
 2794 05b9 68616C74 		.ascii	"halt\000"
 2794      00
 2795              	.LASF91:
 2796 05be 74726163 		.ascii	"trace_buffer_t\000"
 2796      655F6275 
 2796      66666572 
 2796      5F7400
 2797              	.LASF111:
 2798 05cd 65776D61 		.ascii	"ewmask\000"
 2798      736B00
 2799              	.LASF144:
 2800 05d4 5F5F6675 		.ascii	"__func__\000"
 2800      6E635F5F 
 2800      00
 2801              	.LASF156:
 2802 05dd 63685379 		.ascii	"chSysLock\000"
 2802      734C6F63 
 2802      6B00
 2803              	.LASF81:
 2804 05e7 72656173 		.ascii	"reason\000"
 2804      6F6E00
 2805              	.LASF112:
 2806 05ee 63685F73 		.ascii	"ch_semaphore\000"
 2806      656D6170 
 2806      686F7265 
 2806      00
 2807              	.LASF128:
 2808 05fb 63685363 		.ascii	"chSchGoSleepS\000"
ARM GAS  /tmp/ccfF4MKe.s 			page 55


 2808      68476F53 
 2808      6C656570 
 2808      5300
 2809              	.LASF101:
 2810 0609 72656769 		.ascii	"registry_t\000"
 2810      73747279 
 2810      5F7400
 2811              	.LASF130:
 2812 0614 63684462 		.ascii	"chDbgCheckClassS\000"
 2812      67436865 
 2812      636B436C 
 2812      61737353 
 2812      00
 2813              	.LASF19:
 2814 0625 75696E74 		.ascii	"uint32_t\000"
 2814      33325F74 
 2814      00
 2815              	.LASF110:
 2816 062e 77746D74 		.ascii	"wtmtxp\000"
 2816      787000
 2817              	.LASF133:
 2818 0635 63685363 		.ascii	"chSchReadyI\000"
 2818      68526561 
 2818      64794900 
 2819              	.LASF33:
 2820 0641 6F776E65 		.ascii	"owner\000"
 2820      7200
 2821              	.LASF152:
 2822 0647 63684D74 		.ascii	"chMtxGetNextMutexX\000"
 2822      78476574 
 2822      4E657874 
 2822      4D757465 
 2822      785800
 2823              	.LASF2:
 2824 065a 6C6F6E67 		.ascii	"long double\000"
 2824      20646F75 
 2824      626C6500 
 2825              	.LASF35:
 2826 0666 77616261 		.ascii	"wabase\000"
 2826      736500
 2827              	.LASF15:
 2828 066d 63686172 		.ascii	"char\000"
 2828      00
 2829              	.LASF54:
 2830 0672 636F6E66 		.ascii	"config\000"
 2830      696700
 2831              	.LASF7:
 2832 0679 5F5F7569 		.ascii	"__uint16_t\000"
 2832      6E743136 
 2832      5F7400
 2833              	.LASF151:
 2834 0684 6368436F 		.ascii	"chCondObjectInit\000"
 2834      6E644F62 
 2834      6A656374 
 2834      496E6974 
 2834      00
 2835              	.LASF166:
ARM GAS  /tmp/ccfF4MKe.s 			page 56


 2836 0695 2F686F6D 		.ascii	"/home/rob/Projects/ChibiStudio/ChibiStudio_23/works"
 2836      652F726F 
 2836      622F5072 
 2836      6F6A6563 
 2836      74732F43 
 2837 06c8 70616365 		.ascii	"pace_trunk/STM32_GPIB_firmware/\000"
 2837      5F747275 
 2837      6E6B2F53 
 2837      544D3332 
 2837      5F475049 
 2838              	.LASF66:
 2839 06e8 73797374 		.ascii	"systime_t\000"
 2839      696D655F 
 2839      7400
 2840              	.LASF90:
 2841 06f2 62756666 		.ascii	"buffer\000"
 2841      657200
 2842              	.LASF159:
 2843 06f9 5F5F7365 		.ascii	"__set_BASEPRI\000"
 2843      745F4241 
 2843      53455052 
 2843      4900
 2844              	.LASF62:
 2845 0707 70616E69 		.ascii	"panic_msg\000"
 2845      635F6D73 
 2845      6700
 2846              	.LASF104:
 2847 0711 70717565 		.ascii	"pqueue\000"
 2847      756500
 2848              	.LASF48:
 2849 0718 63685F6F 		.ascii	"ch_os_instance\000"
 2849      735F696E 
 2849      7374616E 
 2849      636500
 2850              	.LASF87:
 2851 0727 74726163 		.ascii	"trace_event_t\000"
 2851      655F6576 
 2851      656E745F 
 2851      7400
 2852              	.LASF46:
 2853 0735 6F735F69 		.ascii	"os_instance_t\000"
 2853      6E737461 
 2853      6E63655F 
 2853      7400
 2854              	.LASF163:
 2855 0743 63685F71 		.ascii	"ch_queue_isempty\000"
 2855      75657565 
 2855      5F697365 
 2855      6D707479 
 2855      00
 2856              	.LASF51:
 2857 0754 7265676C 		.ascii	"reglist\000"
 2857      69737400 
 2858              	.LASF75:
 2859 075c 63685F70 		.ascii	"ch_priority_queue\000"
 2859      72696F72 
 2859      6974795F 
ARM GAS  /tmp/ccfF4MKe.s 			page 57


 2859      71756575 
 2859      6500
 2860              	.LASF167:
 2861 076e 63685F71 		.ascii	"ch_queue_init\000"
 2861      75657565 
 2861      5F696E69 
 2861      7400
 2862              	.LASF145:
 2863 077c 6368436F 		.ascii	"chCondWait\000"
 2863      6E645761 
 2863      697400
 2864              	.LASF137:
 2865 0787 63685363 		.ascii	"chSchWakeupS\000"
 2865      6857616B 
 2865      65757053 
 2865      00
 2866              	.LASF45:
 2867 0794 6D706F6F 		.ascii	"mpool\000"
 2867      6C00
 2868              	.LASF122:
 2869 079a 6F735F69 		.ascii	"os_instance_config_t\000"
 2869      6E737461 
 2869      6E63655F 
 2869      636F6E66 
 2869      69675F74 
 2870              	.LASF138:
 2871 07af 63685379 		.ascii	"chSysHalt\000"
 2871      7348616C 
 2871      7400
 2872              	.LASF113:
 2873 07b9 63685F6D 		.ascii	"ch_mutex\000"
 2873      75746578 
 2873      00
 2874              	.LASF59:
 2875 07c2 6D61736B 		.ascii	"mask\000"
 2875      00
 2876              	.LASF63:
 2877 07c7 6973725F 		.ascii	"isr_cnt\000"
 2877      636E7400 
 2878              	.LASF154:
 2879 07cf 63685F73 		.ascii	"ch_sch_prio_insert\000"
 2879      63685F70 
 2879      72696F5F 
 2879      696E7365 
 2879      727400
 2880              	.LASF31:
 2881 07e2 74687265 		.ascii	"thread_t\000"
 2881      61645F74 
 2881      00
 2882              	.LASF49:
 2883 07eb 726C6973 		.ascii	"rlist\000"
 2883      7400
 2884              	.LASF153:
 2885 07f1 63685468 		.ascii	"chThdGetSelfX\000"
 2885      64476574 
 2885      53656C66 
 2885      5800
ARM GAS  /tmp/ccfF4MKe.s 			page 58


 2886              	.LASF16:
 2887 07ff 75696E74 		.ascii	"uint8_t\000"
 2887      385F7400 
 2888              	.LASF38:
 2889 0807 666C6167 		.ascii	"flags\000"
 2889      7300
 2890              	.LASF80:
 2891 080d 77746F62 		.ascii	"wtobjp\000"
 2891      6A7000
 2892              	.LASF119:
 2893 0814 6D61696E 		.ascii	"mainthread_end\000"
 2893      74687265 
 2893      61645F65 
 2893      6E6400
 2894              	.LASF142:
 2895 0823 6368436F 		.ascii	"chCondWaitTimeout\000"
 2895      6E645761 
 2895      69745469 
 2895      6D656F75 
 2895      7400
 2896              	.LASF56:
 2897 0835 74726163 		.ascii	"trace_buffer\000"
 2897      655F6275 
 2897      66666572 
 2897      00
 2898              	.LASF155:
 2899 0842 63685379 		.ascii	"chSysUnlock\000"
 2899      73556E6C 
 2899      6F636B00 
 2900              	.LASF103:
 2901 084e 6C697374 		.ascii	"list\000"
 2901      00
 2902              	.LASF158:
 2903 0853 706F7274 		.ascii	"port_lock\000"
 2903      5F6C6F63 
 2903      6B00
 2904              	.LASF121:
 2905 085d 69646C65 		.ascii	"idlethread_end\000"
 2905      74687265 
 2905      61645F65 
 2905      6E6400
 2906              	.LASF43:
 2907 086c 6D74786C 		.ascii	"mtxlist\000"
 2907      69737400 
 2908              		.section	.gnu.debuglto_.debug_line_str,"eMS",%progbits,1
 2909              	.LASF177:
 2910 0000 5F646566 		.ascii	"_default_types.h\000"
 2910      61756C74 
 2910      5F747970 
 2910      65732E68 
 2910      00
 2911              	.LASF174:
 2912 0011 2F686F6D 		.ascii	"/home/rob/Projects/ChibiStudio/ChibiStudio_23/tools"
 2912      652F726F 
 2912      622F5072 
 2912      6F6A6563 
 2912      74732F43 
ARM GAS  /tmp/ccfF4MKe.s 			page 59


 2913 0044 2F474E55 		.ascii	"/GNU Tools ARM Embedded/11.3.1 2022q3/arm-none-eabi"
 2913      20546F6F 
 2913      6C732041 
 2913      524D2045 
 2913      6D626564 
 2914 0077 2F696E63 		.ascii	"/include/machine\000"
 2914      6C756465 
 2914      2F6D6163 
 2914      68696E65 
 2914      00
 2915              	.LASF168:
 2916 0088 2F686F6D 		.ascii	"/home/rob/Projects/ChibiStudio/ChibiStudio_23/works"
 2916      652F726F 
 2916      622F5072 
 2916      6F6A6563 
 2916      74732F43 
 2917 00bb 70616365 		.ascii	"pace_trunk/STM32_GPIB_firmware/\000"
 2917      5F747275 
 2917      6E6B2F53 
 2917      544D3332 
 2917      5F475049 
 2918              	.LASF193:
 2919 00db 63687468 		.ascii	"chthreads.h\000"
 2919      72656164 
 2919      732E6800 
 2920              	.LASF191:
 2921 00e7 63687363 		.ascii	"chschd.h\000"
 2921      68642E68 
 2921      00
 2922              	.LASF187:
 2923 00f0 6368636F 		.ascii	"chcore.h\000"
 2923      72652E68 
 2923      00
 2924              	.LASF188:
 2925 00f9 63687365 		.ascii	"chsem.h\000"
 2925      6D2E6800 
 2926              	.LASF169:
 2927 0101 2E2E2F2E 		.ascii	"../../chibios_trunk/os/common/ext/ARM/CMSIS/Core/In"
 2927      2E2F6368 
 2927      6962696F 
 2927      735F7472 
 2927      756E6B2F 
 2928 0134 636C7564 		.ascii	"clude\000"
 2928      6500
 2929              	.LASF176:
 2930 013a 2E2E2F2E 		.ascii	"../../chibios_trunk/os/rt/src/chcond.c\000"
 2930      2E2F6368 
 2930      6962696F 
 2930      735F7472 
 2930      756E6B2F 
 2931              	.LASF192:
 2932 0161 6368636F 		.ascii	"chcond.c\000"
 2932      6E642E63 
 2932      00
 2933              	.LASF189:
 2934 016a 63686D74 		.ascii	"chmtx.h\000"
 2934      782E6800 
ARM GAS  /tmp/ccfF4MKe.s 			page 60


 2935              	.LASF172:
 2936 0172 2E2E2F2E 		.ascii	"../../chibios_trunk/os/rt/include\000"
 2936      2E2F6368 
 2936      6962696F 
 2936      735F7472 
 2936      756E6B2F 
 2937              	.LASF184:
 2938 0194 63687469 		.ascii	"chtime.h\000"
 2938      6D652E68 
 2938      00
 2939              	.LASF190:
 2940 019d 6368636F 		.ascii	"chcond.h\000"
 2940      6E642E68 
 2940      00
 2941              	.LASF170:
 2942 01a6 2E2E2F2E 		.ascii	"../../chibios_trunk/os/common/ports/ARM-common\000"
 2942      2E2F6368 
 2942      6962696F 
 2942      735F7472 
 2942      756E6B2F 
 2943              	.LASF179:
 2944 01d5 63687479 		.ascii	"chtypes.h\000"
 2944      7065732E 
 2944      6800
 2945              	.LASF178:
 2946 01df 5F737464 		.ascii	"_stdint.h\000"
 2946      696E742E 
 2946      6800
 2947              	.LASF194:
 2948 01e9 63687379 		.ascii	"chsys.h\000"
 2948      732E6800 
 2949              	.LASF185:
 2950 01f1 63686C69 		.ascii	"chlists.h\000"
 2950      7374732E 
 2950      6800
 2951              	.LASF181:
 2952 01fb 63686F62 		.ascii	"chobjects.h\000"
 2952      6A656374 
 2952      732E6800 
 2953              	.LASF175:
 2954 0207 2F686F6D 		.ascii	"/home/rob/Projects/ChibiStudio/ChibiStudio_23/tools"
 2954      652F726F 
 2954      622F5072 
 2954      6F6A6563 
 2954      74732F43 
 2955 023a 2F474E55 		.ascii	"/GNU Tools ARM Embedded/11.3.1 2022q3/arm-none-eabi"
 2955      20546F6F 
 2955      6C732041 
 2955      524D2045 
 2955      6D626564 
 2956 026d 2F696E63 		.ascii	"/include/sys\000"
 2956      6C756465 
 2956      2F737973 
 2956      00
 2957              	.LASF182:
 2958 027a 63687266 		.ascii	"chrfcu.h\000"
 2958      63752E68 
ARM GAS  /tmp/ccfF4MKe.s 			page 61


 2958      00
 2959              	.LASF173:
 2960 0283 2E2E2F2E 		.ascii	"../../chibios_trunk/os/rt/src\000"
 2960      2E2F6368 
 2960      6962696F 
 2960      735F7472 
 2960      756E6B2F 
 2961              	.LASF195:
 2962 02a1 636D7369 		.ascii	"cmsis_gcc.h\000"
 2962      735F6763 
 2962      632E6800 
 2963              	.LASF180:
 2964 02ad 63686561 		.ascii	"chearly.h\000"
 2964      726C792E 
 2964      6800
 2965              	.LASF183:
 2966 02b7 63686465 		.ascii	"chdebug.h\000"
 2966      6275672E 
 2966      6800
 2967              	.LASF186:
 2968 02c1 63687472 		.ascii	"chtrace.h\000"
 2968      6163652E 
 2968      6800
 2969              	.LASF171:
 2970 02cb 2E2E2F2E 		.ascii	"../../chibios_trunk/os/common/ports/ARMv7-M\000"
 2970      2E2F6368 
 2970      6962696F 
 2970      735F7472 
 2970      756E6B2F 
 2971              		.text
 2972              		.section	.gnu.lto_.profile.b96ed3b98aac8d71,"e",%progbits
 2973 0000 789C6362 		.ascii	"x\234cb\000\001\000\000\022\000\003"
 2973      00010000 
 2973      120003
 2974              		.text
 2975              		.section	.gnu.lto_.icf.b96ed3b98aac8d71,"e",%progbits
 2976 0000 789C1365 		.ascii	"x\234\023ed\200\003\021\206\325\257\216L\346\025`b`"
 2976      64800311 
 2976      86D5AF8E 
 2976      4CE61560 
 2976      6260
 2977 0012 62646262 		.ascii	"bdbbb\006c\020\033\0153^\274\333\372\201\203\203\211"
 2977      62066310 
 2977      1B0D335E 
 2977      BCDBFA81 
 2977      838389
 2978 0025 85899589 		.ascii	"\205\211\225\211\015\210A\312\330\2318\230\327vt\235"
 2978      0D8841CA 
 2978      D8993898 
 2978      D776749D 
 2979 0035 E366F9BA 		.ascii	"\343f\371\272\346\351K\016\026\230Z\326u_V\354db{y\274"
 2979      E6E94B0E 
 2979      16985AD6 
 2979      755F56EC 
 2979      64627B79 
 2980 004a C18509C8 		.ascii	"\301\205\011\310\347d_\3370\357\027;\307\314\316\253"
 2980      E7645FDF 
ARM GAS  /tmp/ccfF4MKe.s 			page 62


 2980      30EF173B 
 2980      C7CCCEAB 
 2981 005a E7583940 		.ascii	"\347X9@\002\310\006s^\377|\3728\017\327\311\271G\016"
 2981      02C80673 
 2981      5EFF7CFA 
 2981      380FD7C9 
 2981      B9470E
 2982 006d B372A14B 		.ascii	"\263r\241K2q11s_x7k\023\017\317\232\303?\017\202\025"
 2982      32713131 
 2982      735F7837 
 2982      6B130FCF 
 2982      9AC33F0F 
 2983 0083 A0488234 		.ascii	"\240H\2024\360\376z\360\372\000/\337\305\316\276\215"
 2983      F0FE7AF0 
 2983      FA002FDF 
 2983      C5CEBE8D 
 2984 0093 AC0CFC37 		.ascii	"\254\014\3747\016\315ie\343\000\273\221\033(\317\005"
 2984      0ECD6965 
 2984      E300BB91 
 2984      1B28CF05 
 2985 00a3 C1023BF7 		.ascii	"\301\002;\367\374x\300-xr\341\233o\\\014B\207f\315\230"
 2985      FC78C02D 
 2985      7872E19B 
 2985      6F5C0C42 
 2985      8766CD98 
 2986 00b7 C0C986AC 		.ascii	"\300\311\206\254Fx\315\357E\177\371D\232\347\264_\342"
 2986      4678CDEF 
 2986      457FF944 
 2986      9AE7B45F 
 2986      E2
 2987 00c8 65600000 		.ascii	"e`\000\000{\230>\224"
 2987      7B983E94 
 2988              		.text
 2989              		.section	.gnu.lto_.ipa_sra.b96ed3b98aac8d71,"e",%progbits
 2990 0000 789C4D4E 		.ascii	"x\234MN\321\016\200 \010\274CW\256\271Z\255\017\356"
 2990      D10E8020 
 2990      08BC4357 
 2990      AEB95AAD 
 2990      0FEE
 2991 0012 B77B4B11 		.ascii	"\267{K\021\014\035\343\200\343\270\027\377\253\020\207"
 2991      0C1DE380 
 2991      E3B817FF 
 2991      AB1087
 2992 0021 24FA5798 		.ascii	"$\372W\2305k\271\320f\302\271\025p\231L[\337B\243\345"
 2992      356BB9D0 
 2992      66C2B915 
 2992      70994C5B 
 2992      DF42A3E5 
 2993 0035 6AA5C54E 		.ascii	"j\245\305N\024\254:%\237\254\304C))\212\2148\225\234"
 2993      14AC3A25 
 2993      9FACC443 
 2993      29298A8C 
 2993      38959C
 2994 0048 9C2AE0E5 		.ascii	"\234*\340\345n\331\272b\256\3439\341\357\022\274\245"
 2994      6ED9BA62 
 2994      AEE339E1 
 2994      EF12BCA5 
ARM GAS  /tmp/ccfF4MKe.s 			page 63


 2995 0058 0B387DDC 		.ascii	"\0138}\334\243\012\341\003\354\201\003\237"
 2995      A30AE103 
 2995      EC81039F 
 2996              		.text
 2997              		.section	.gnu.lto_.inline.b96ed3b98aac8d71,"e",%progbits
 2998 0000 789C8D93 		.ascii	"x\234\215\223\275N\002A\020\307ggW<\360\204\20046>\213"
 2998      BD4E0241 
 2998      10C76767 
 2998      573CF084 
 2998      8034363E 
 2999 0015 4FC04BF0 		.ascii	"O\300K\360\251O\261Zi\2429;\017B!11V\230\210V6h\002"
 2999      A94FB15A 
 2999      69A2393B 
 2999      0F422131 
 2999      31569888 
 3000 002d 266A4222 		.ascii	"&jB\"&\264J\010\235\211\205\032\023-\234\333\305\373"
 3000      26B44A08 
 3000      9D89851A 
 3000      132D9CDB 
 3000      C5FB
 3001 003f 8003DC6A 		.ascii	"\200\003\334jnn\3467\363\337\231M\012p\217\011\220\270"
 3001      6E6EE637 
 3001      F3DF994D 
 3001      0A708F09 
 3001      90B8
 3002 0051 2EDF9471 		.ascii	".\337\224q\203\321A\023\370:\210\364W\253\376\304K\000"
 3002      83D14113 
 3002      F83A88F4 
 3002      57ABFEC4 
 3002      4B00
 3003 0063 C68E9492 		.ascii	"\306\216\224\222\347\020\020X\365\242W\301<\202pmP\034"
 3003      E7101058 
 3003      F5A257C1 
 3003      3C82706D 
 3003      501C
 3004 0075 0689D7E3 		.ascii	"\006\211\327\343\227],2\300\324\266\224G\364\003\"["
 3004      975D2C32 
 3004      C0D4B694 
 3004      47F40322 
 3004      5B
 3005 0086 94882A91 		.ascii	"\224\210*\221\016.\2518\246*\342A\006\002&\2139\266"
 3005      0E2EA938 
 3005      A62AE241 
 3005      0602268B 
 3005      39B6
 3006 0098 8068A7DC 		.ascii	"\200h\247\334h\363<\243@\\&\017G\351@\262\324\206t\333"
 3006      68F33CA3 
 3006      405C260F 
 3006      47E940B2 
 3006      D48674DB 
 3007 00ac 10CA97D3 		.ascii	"\020\312\227\323\245C\270\0210\011s\202\005\017\263"
 3007      A543B811 
 3007      30097382 
 3007      050FB3
 3008 00bb 40194D4A 		.ascii	"@\031MJ\201Em\374\007\023\3422`\305>\377>\305\222G6"
 3008      81456DFC 
 3008      0713E232 
ARM GAS  /tmp/ccfF4MKe.s 			page 64


 3008      60C53EFF 
 3008      3EC59247 
 3009 00d0 7FBAED4B 		.ascii	"\177\272\355KG\256q_\253\366C\310Z\0327\307\264\206"
 3009      47AE715F 
 3009      ABF643C8 
 3009      5A1A37C7 
 3009      B486
 3010 00e2 D063903C 		.ascii	"\320c\220<\033|\326x\321G\277\375\350\037\316\242k\014"
 3010      1B7CD678 
 3010      D147BFFD 
 3010      E81FCEA2 
 3010      6B0C
 3011 00f4 A587F074 		.ascii	"\245\207\360t!\023R\326\240\333\303M\037\365\255U\267"
 3011      211352D6 
 3011      A0DBC34D 
 3011      1FF5AD55 
 3011      B7
 3012 0105 D56CEFEA 		.ascii	"\325l\357\352\357\217X\230\240r\223\315\241\306!J\361"
 3012      EF8F5898 
 3012      A07293CD 
 3012      A1C6214A 
 3012      F1
 3013 0116 CF741380 		.ascii	"\317t\023\200\356\214\"\322?q\035\350WK\371\3723\001"
 3013      EE8C22D2 
 3013      3F711DE8 
 3013      574BF9FA 
 3013      3301
 3014 0128 AB95C670 		.ascii	"\253\225\306p\317Y8\267'5\337|\0002S\251w\245\256/\274"
 3014      CF5938B7 
 3014      2735DF7C 
 3014      003253A9 
 3014      77A5AE2F 
 3015 013d E1A91A92 		.ascii	"\341\251\032\222J\203=_\203\252\344u\237\202\265\316"
 3015      4A833D5F 
 3015      83AAE475 
 3015      9F82B5CE 
 3016 014d F06A9FBA 		.ascii	"\360j\237\272\307Q\367\364j\342\316\376\306i\367\233"
 3016      C751F7F4 
 3016      6AE2CEFE 
 3016      C669F79B 
 3017 015d 3CB8FB9E 		.ascii	"<\270\373\236\010a7\206\017<\013F@\216p\000T\314\312"
 3017      08613786 
 3017      0F3C0B46 
 3017      408E7000 
 3017      54CCCA
 3018 0170 8C149161 		.ascii	"\214\024\221a\375\011\261\306\025YS\024M\210KCL:\017"
 3018      FD09B1C6 
 3018      15595314 
 3018      4D884B43 
 3018      4C3A0F
 3019 0183 71AE385D 		.ascii	"q\2568]__\243\366\300/@\352\241\271"
 3019      5F5FA3F6 
 3019      C02F40EA 
 3019      A1B9
 3020              		.text
 3021              		.section	.gnu.lto_.jmpfuncs.b96ed3b98aac8d71,"e",%progbits
 3022 0000 789CA553 		.ascii	"x\234\245S[\016\2020\020\234Y\032 \206G@\324/\317\346"
ARM GAS  /tmp/ccfF4MKe.s 			page 65


 3022      5B0E8230 
 3022      109C591A 
 3022      20864740 
 3022      D42FCFE6 
 3023 0014 517A2B45 		.ascii	"Qz+E\277<\230\011.\317\360LHi\272\037\355\356\316\354"
 3023      BF3C9809 
 3023      2ECFF04C 
 3023      4869BA1F 
 3023      EDEECEEC 
 3024 0028 4CDAD260 		.ascii	"L\332\322`X\021\204\364\254P7\001\361$\005\277\206\320"
 3024      581184F4 
 3024      AC503701 
 3024      F12405BF 
 3024      86D0
 3025 003a F8555595 		.ascii	"\370UU\225R\374\007\251Q\325'\355\354\263\324L@hPXr"
 3025      52FC07A9 
 3025      51D527ED 
 3025      ECB3D44C 
 3025      40685058 
 3026 004f B807A645 		.ascii	"\270\007\246E\232\343{^\202:e%V\276l\316\307'\371\342"
 3026      9AE37B5E 
 3026      823A6525 
 3026      56BE6CCE 
 3026      C727F9E2 
 3027 0063 0E107FC0 		.ascii	"\016\020\177\300\310\2351\0165\207\355\000c\301\215"
 3027      C89D310E 
 3027      3587ED00 
 3027      63C18D
 3028 0072 4B98AB55 		.ascii	"K\230\253U\226\2633\313\251\223\271 \361\244p\006E\264"
 3028      96B333CB 
 3028      A993B920 
 3028      F1A47006 
 3028      45B4
 3029 0084 8D7A7147 		.ascii	"\215zqGMX\347bUl,\346\320H\2678\305\2773h.\203\366\005"
 3029      4D58E762 
 3029      556C2CE6 
 3029      D048B738 
 3029      C5BF3368 
 3030 009c 8558764F 		.ascii	"\205XvO\317\375Tk\002\256G\236\203{3\262N\375\252\370"
 3030      CFFD546B 
 3030      02AE479E 
 3030      837B33B2 
 3030      4EFDAAF8 
 3031 00b0 BCFD68B1 		.ascii	"\274\375h\261\225d1\263\021~8\326o\271(9f\311\355\210"
 3031      956431B3 
 3031      117E38D6 
 3031      6FB92839 
 3031      66C9ED88 
 3032 00c4 25EECD7B 		.ascii	"%\356\315{\\+jc\3246J\002\263\342\334\212\031\300\037"
 3032      5C2B6A63 
 3032      D4364A02 
 3032      B3E2DC8A 
 3032      19C01F
 3033 00d7 0D0A0223 		.ascii	"\015\012\002#"
 3034              		.text
 3035              		.section	.gnu.lto_.pureconst.b96ed3b98aac8d71,"e",%progbits
 3036 0000 789C05C1 		.ascii	"x\234\005\301\201\011\000 \014\003\260\011\255\210\014"
ARM GAS  /tmp/ccfF4MKe.s 			page 66


 3036      81090020 
 3036      0C03B009 
 3036      AD880C
 3037 000f 45F1058F 		.ascii	"E\361\005\217\266\247\364:\223\033\021\031B1!\324\207"
 3037      B6A7F43A 
 3037      931B1119 
 3037      423121D4 
 3037      87
 3038 0020 66762185 		.ascii	"fv!\205aNa\231[8\346\007\241\"\010\273"
 3038      614E6199 
 3038      5B38E607 
 3038      A12208BB 
 3039              		.text
 3040              		.section	.gnu.lto_.ipa_modref.b96ed3b98aac8d71,"e",%progbits
 3041 0000 789C658F 		.ascii	"x\234e\217K\016\3020\014DgL\304\002!\010\010)\374Js"
 3041      4B0EC230 
 3041      0C44674C 
 3041      C4022108 
 3041      0829FC4A 
 3042 0015 2ACEE376 		.ascii	"*\316\343v\315\206\033p\324\032\227\240\266\211\224"
 3042      CD861B70 
 3042      D41A97A0 
 3042      B68994
 3043 0024 5899F11B 		.ascii	"X\231\361\033'O\342\2776\220\210\034#D\316\240\220\220"
 3043      274FE2BF 
 3043      3690881C 
 3043      2344CEA0 
 3043      9090
 3044 0036 8BD52B5D 		.ascii	"\213\325+]d\021\021\374>\025!0=g;\263\235k\246\321\274"
 3044      641111FC 
 3044      3E152130 
 3044      3D673BB3 
 3044      9D6BA6D1 
 3045 004b D9BE9BE8 		.ascii	"\331\276\233\350\246C6d\2340\263Jt=\2741\177\273\320"
 3045      A6433664 
 3045      9C30B34A 
 3045      743DBC31 
 3045      7FBBD0
 3046 005e ABD41AD9 		.ascii	"\253\324\032\331\2615\303\003\011\375\250r\377\013y"
 3046      B135C303 
 3046      09FDA872 
 3046      FF0B79
 3047 006d 58C7CA3B 		.ascii	"X\307\312;EZ\253M\371]A\017\376\370\202v\032\216\202"
 3047      455AAB4D 
 3047      F95D410F 
 3047      FEF88276 
 3047      1A8E82
 3048 0080 B464F965 		.ascii	"\264d\371eg\234\276\373p\2224e{}u\202\001\257_\023r"
 3048      679CBEFB 
 3048      70923465 
 3048      7B7D7582 
 3048      01AF5F13 
 3049              		.text
 3050              		.section	.gnu.lto_.lto.b96ed3b98aac8d71,"e",%progbits
 3051 0000 0B000300 		.ascii	"\013\000\003\000\001\000\000\000"
 3051      01000000 
 3052              		.text
ARM GAS  /tmp/ccfF4MKe.s 			page 67


 3053              		.section	.gnu.lto_chSysUnlock.192.b96ed3b98aac8d71,"e",%progbits
 3054 0000 789C7D53 		.ascii	"x\234}S}h\023g\030\177\236\367\275\273\\\252\014\231"
 3054      7D681367 
 3054      187F9EF7 
 3054      BDBB5CAA 
 3054      0C99
 3055 0012 C8DCF64F 		.ascii	"\310\334\366Op\210\340GN\315\326\261\377tA\244\214`"
 3055      7088E047 
 3055      4ECDD6B1 
 3055      FF7441A4 
 3055      8C60
 3056 0024 310E9965 		.ascii	"1\016\231e\204\366z\263gM\257\334%\353\212+w&\255\203"
 3056      84F67AB3 
 3056      674DAFDC 
 3056      25EB8A2B 
 3056      7726AD83 
 3057 0038 C8281107 		.ascii	"\310(\021\007\212\332\352\177\023d\262\225\255\325\256"
 3057      8ADAEA7F 
 3057      1364B295 
 3057      ADD5AE
 3058 0047 6DC0B9F9 		.ascii	"m\300\271\371Q?\251_+\263\243sn8(Bu\033\250\353\236"
 3058      513FA95F 
 3058      2BB3A373 
 3058      6E382842 
 3058      751BA8EB 
 3059 005c F792B4F1 		.ascii	"\367\222\264\361\217\355\310\345}\276~\277\347\371\345"
 3059      8FEDC8E5 
 3059      7DBE7EBF 
 3059      E7F9E5
 3060 006b 79738D03 		.ascii	"ys\215\003D\020`\033\000\240\002\270/\237c\340y\336"
 3060      4410601B 
 3060      00A002B8 
 3060      2F9F63E0 
 3060      79DE
 3061 007d BA0063D9 		.ascii	"\272\000c\331\374^\206\375x\351`\237\"u\345_\350\273"
 3061      FC5E86FD 
 3061      78E9609F 
 3061      2275E55F 
 3061      E8BB
 3062 008f 3FFA96C4 		.ascii	"?\372\226\304Yg~\336s\021\011?\233\305\310\270;\237"
 3062      59677EDE 
 3062      7311093F 
 3062      9BC5C8B8 
 3062      3B9F
 3063 00a1 0B12C6F7 		.ascii	"\013\022\306\367\020\\\306%\031]<\3065\212\374}\366"
 3063      105CC625 
 3063      195D3CC6 
 3063      358AFC7D 
 3063      F6
 3064 00b2 8FAB77D6 		.ascii	"\217\253w\326d\274\256\305\017\000\\(=\363|\033e$\243"
 3064      64BCAEC5 
 3064      0F005C28 
 3064      3DF37C1B 
 3064      6524A3
 3065 00c5 E3140219 		.ascii	"\343\024\002\031T;\360\270\032\006p\027y\312B$\016e"
 3065      543BF0B8 
 3065      1A067017 
ARM GAS  /tmp/ccfF4MKe.s 			page 68


 3065      79CA4224 
 3065      0E65
 3066 00d7 11866454 		.ascii	"\021\206dTw\213\374\252\002q}\225\033\277\362\312a\257"
 3066      778BFCAA 
 3066      02717D95 
 3066      1BBFF2CA 
 3066      61AF
 3067 00e9 20B50F61 		.ascii	" \265\017a\307\2678\2100\214\214_\301\354\3132\256\020"
 3067      C7B73888 
 3067      308C8C5F 
 3067      C1ECCB32 
 3067      AE10
 3068 00fb 05FBBB4F 		.ascii	"\005\373\273O\366\257<\223\365\316y\242\304-\225P\303"
 3068      F6AF3C93 
 3068      F5CE79A2 
 3068      C42D9550 
 3068      C3
 3069 010c 52839F0E 		.ascii	"R\203\237\016)#\010\247\261CLP@\352LId\322\311\353r"
 3069      292308A7 
 3069      B1434C50 
 3069      40EA4C49 
 3069      64D2C9EB 
 3070 0121 C17B3AD3 		.ascii	"\301{:\323\355\025~[t\254o\372\336\255\272\005\010L"
 3070      ED157E5B 
 3070      74AC6FFA 
 3070      DEADBA05 
 3070      084C
 3071 0133 66C0140E 		.ascii	"f\300\024\016, \321+\003S\025`\301\000\275*\305\203"
 3071      2C20D12B 
 3071      03531560 
 3071      C100BD2A 
 3071      C583
 3072 0145 14ABA217 		.ascii	"\024\253\242\027\240\207\303\014=\034\275\002@/gE'K"
 3072      A087C30C 
 3072      3D1CBD02 
 3072      402F6745 
 3072      274B
 3073 0157 CE5FCC9B 		.ascii	"\316_\314\233\354\035Gx\306\262!\310!k6\001\330|?\374"
 3073      EC1D4778 
 3073      C6B221C8 
 3073      216B3601 
 3073      D87C3FFC 
 3074 016b E5A1A5FE 		.ascii	"\345\241\245\3769Di:\227\024\277\236\260\314p\220\323"
 3074      3944693A 
 3074      9714BF9E 
 3074      B0CC7090 
 3074      D3
 3075 017c EFA21842 		.ascii	"\357\242\030B4A\014\235\316\023\010\365\337\341\031"
 3075      34410C9D 
 3075      CE1308F5 
 3075      DFE119
 3076 018b 11AA2619 		.ascii	"\021\252&\031j\342,\276\017e\247\356{|\017\3007\323"
 3076      6AE22CBE 
 3076      0F65A7EE 
 3076      7B7C0FC0 
 3076      37D3
 3077 019d 3FE05612 		.ascii	"?\340V\022\373\204e\307>A\316\004Q%\305\371J\212\013"
ARM GAS  /tmp/ccfF4MKe.s 			page 69


 3077      FB8465C7 
 3077      3E41CE04 
 3077      5125C5F9 
 3077      4A8A0B
 3078 01b0 95141705 		.ascii	"\225\024\027\005E\0163\202c\024\005C\346\037b\340\234"
 3078      450E3382 
 3078      63140543 
 3078      E61F62E0 
 3078      9C
 3079 01c1 D1EC5D21 		.ascii	"\321\354]!.\345Py7\016\300\271B\033f/\301\237\254\363"
 3079      2EE55079 
 3079      370EC0B9 
 3079      421B662F 
 3079      C19FACF3 
 3080 01d5 41944B78 		.ascii	"A\224Kx\031\375}\366r\376\373\350\301\210\020\315\213"
 3080      19FD7DF6 
 3080      72FEFBE8 
 3080      C18810CD 
 3080      8B
 3081 01e6 1AE4E75B 		.ascii	"\032\344\347[_\255l}M\264\366M\353:n\362\007\026\020"
 3081      5FAD6C7D 
 3081      4DB4F64D 
 3081      EB3A6EF2 
 3081      071610
 3082 01f9 85645BE8 		.ascii	"\205d[\350\003D.\226\032\233\205\274s\003k\346\246\275"
 3082      03442E96 
 3082      1A9B85BC 
 3082      73036BE6 
 3082      A6BD
 3083 020b 891B4BF8 		.ascii	"\211\033K\370\015\2670:\213\247\233\250\244\347\360"
 3083      0DB7303A 
 3083      8BA79BA8 
 3083      A4E7F0
 3084 021a 751FDFC1 		.ascii	"u\037\337\301R\325\217\245\252\354\000\211R\271\302"
 3084      52D58FA5 
 3084      AAEC0089 
 3084      52B9C2
 3085 0229 03658541 		.ascii	"\003e\205A\256\026\025V\225\025\006I\323\254\300\252"
 3085      AE161556 
 3085      95150649 
 3085      D3ACC0AA 
 3086 0239 3981D2DE 		.ascii	"9\201\322\336/\272e!P\3667\365\214u\372+]?\342\212\301"
 3086      2FBA6521 
 3086      50F637F5 
 3086      8C75FA2B 
 3086      5D3FE28A 
 3087 024e 9421B7B8 		.ascii	"\224!\267\27002\332\374\021\244Aw\002\357\"\325\354"
 3087      3032DAFC 
 3087      11A44177 
 3087      02EF22D5 
 3087      EC
 3088 025f A11186DC 		.ascii	"\241\021\206\334\237q\000\331k>\225LCy\222\340\012\224"
 3088      9F7100D9 
 3088      6B3E954C 
 3088      437992E0 
 3088      0A94
 3089 0271 573F39F6 		.ascii	"W?9\366\2528\246\217\367\334\235\272\275P\\L\021|<\265"
ARM GAS  /tmp/ccfF4MKe.s 			page 70


 3089      AA38A68F 
 3089      F7DC9DBA 
 3089      BD505C4C 
 3089      117C3CB5 
 3090 0285 98CECC51 		.ascii	"\230\316\314Q\0068\214J;\3727j\372\327\375\337L\034"
 3090      06388C4A 
 3090      3BFA376A 
 3090      FAD7FDDF 
 3090      4C1C
 3091 0297 411C29D6 		.ascii	"A\034)\326\014N\004\261\200\360\224e\226\210\333|\200"
 3091      0C4E04B1 
 3091      80F09465 
 3091      9688DB7C 
 3091      80
 3092 02a8 C9B8EC38 		.ascii	"\311\270\3548\333\243\366\2732\006\251\335/\010t\334"
 3092      DBA3F6BB 
 3092      3206A9DD 
 3092      2F0874DC 
 3093 02b8 C34931DF 		.ascii	"\303I1\337\262\023\224\371\332\025\361\373>[\346\341"
 3093      B21394F9 
 3093      DA15F1FB 
 3093      3E5BE6E1 
 3094 02c8 E73D8FA6 		.ascii	"\347=\217\246T\301\0170C\356\251Oo\216\253\364g\366"
 3094      54C10F30 
 3094      43EEA94F 
 3094      6F8EABF4 
 3094      67F6
 3095 02da 55F7702C 		.ascii	"U\367p,\216\232)\0107\2565YIC\263\255\006\255\326\266"
 3095      8E9A2908 
 3095      37AE3559 
 3095      4943B3AD 
 3095      06ADD6B6 
 3096 02ee 76187ACA 		.ascii	"v\030z\312\321\242Mf\203\031O\245\033M\253\322N\254"
 3096      D1A24D66 
 3096      83194FA5 
 3096      1B4DABD2 
 3096      4EAC
 3097 0300 8D686D96 		.ascii	"\215hm\226\335\354\264\326\353F\"e\247[\232\265\370"
 3097      DDECB4D6 
 3097      EB462265 
 3097      A75B9AB5 
 3097      F8
 3098 0311 9658646D 		.ascii	"\226Xdmbcm\315\333\211\017L;\331Vo\033\032,\017\207"
 3098      62636DCD 
 3098      DB890F4C 
 3098      3BD9566F 
 3098      1B1A2C0F 
 3099 0326 35FAE802 		.ascii	"5\372\350\002j9\245J\313\321\354\224f\266\350;\323\215"
 3099      6A39A54A 
 3099      CBD1EC94 
 3099      66B6E83B 
 3099      D38D
 3100 0338 06E59C76 		.ascii	"\006\345\234v'\334\004\201\206z\307\250\265\315\015"
 3100      27DC0481 
 3100      867AC7A8 
 3100      B5CD0D
 3101 0347 FF01D1AD 		.ascii	"\377\001\321\255d\322j\321\214\217R\332\372\3151-\032"
ARM GAS  /tmp/ccfF4MKe.s 			page 71


 3101      64D26AD1 
 3101      8C8F52DA 
 3101      FACD312D 
 3101      1A
 3102 0358 8BD7C4B5 		.ascii	"\213\327\304\265\250E]j\312LI\307t\022\333u\235\330"
 3102      A8455D6A 
 3102      CA4C49C7 
 3102      7412DB75 
 3102      9DD8
 3103 036a 5ED49B74 		.ascii	"^\324\233t\253\2451\254\207\033V\277\256\033\221\306"
 3103      ABA531AC 
 3103      871B56BF 
 3103      AE1B91C6 
 3104 037a 6A78E3FF 		.ascii	"jx\343\377\211[-\233\004\023\365\207o\256\212i\002n"
 3104      895B2D9B 
 3104      0413F587 
 3104      6FAE8A69 
 3104      026E
 3105 038c 1B44B420 		.ascii	"\033D\264 \026\337\034\022\243\265\332\346\312\320\322"
 3105      16DF1C12 
 3105      A3B5DAE6 
 3105      CAD0D2
 3106 039b D5C06C08 		.ascii	"\325\300l\010$\215\244e\267\303\277CU\231A"
 3106      248DA465 
 3106      B7C3BF43 
 3106      559941
 3107              		.text
 3108              		.section	.gnu.lto_ch_sch_prio_insert.216.b96ed3b98aac8d71,"e",%progbits
 3109 0000 789C6D92 		.ascii	"x\234m\222]H\024Q\024\307\317\271wf\235\315Z\244\020"
 3109      5D481451 
 3109      14C7CFB9 
 3109      77669DCD 
 3109      5AA410
 3110 0013 F725EAAD 		.ascii	"\367%\352\255\007q\3074|\212\222|\210\210@\260w\323"
 3110      0771C734 
 3110      7C8A927C 
 3110      888840B0 
 3110      77D3
 3111 0025 D9ADDDFC 		.ascii	"\331\255\335\374\230u?2\241\305q\323\004}\260\315\007"
 3111      98753F32 
 3111      A1C571D3 
 3111      047DB0CD 
 3111      07
 3112 0036 85D23EE8 		.ascii	"\205\322>\350A\263\210\350e\023[\315\217D\327\350C\304"
 3112      41B388E8 
 3112      65135BCD 
 3112      8F44D7E8 
 3112      43C4
 3113 0048 42C43002 		.ascii	"B\3040\002s_\254\310\212\002;sw\325\215\032f\356\234"
 3113      735FACC8 
 3113      8A023B73 
 3113      77D58D1A 
 3113      66EE9C
 3114 005b 7BEFEFFC 		.ascii	"{\357\357\374\377g\316\235\002\016\320\003\000^z0\003"
 3114      FF67CE9D 
 3114      020ED003 
 3114      005E7A30 
ARM GAS  /tmp/ccfF4MKe.s 			page 72


 3114      03
 3115 006c F05AA48D 		.ascii	"\360Z\244\215\201a\030\305\031\014;#;D\304Ys\244\235"
 3115      816118C5 
 3115      190C3B23 
 3115      3B44C459 
 3115      73A49D
 3116 007f E130F647 		.ascii	"\3410\366G\237\036\226Z\"\266\371\311Q.I\354J$\363\257"
 3116      9F1E965A 
 3116      22B6F9C9 
 3116      512E49EC 
 3116      4A24F3AF 
 3117 0093 150B763E 		.ascii	"\025\013v>\312J&\313\330\024i\263R\212\230!42\332\226"
 3117      CA4A26CB 
 3117      D81469B3 
 3117      528A9821 
 3117      3432DA96 
 3118 00a7 915EB07D 		.ascii	"\221^\260}\335\346*m\377\230H\254-\344\207\215\026\373"
 3118      DDE62A6D 
 3118      FF9848AC 
 3118      2DE4878D 
 3118      16FB
 3119 00b9 2A406372 		.ascii	"*@crGF\313\036\224h\314\306\3752*a\204\274\021\303x"
 3119      4746CB1E 
 3119      9468CCC6 
 3119      FD322A61 
 3119      84BC11C3 
 3120 00ce 95881A86 		.ascii	"\225\210\032\206\025B\203\330\370\004\243\010\300\260"
 3120      154283D8 
 3120      F804A308 
 3120      C0B0
 3121 00dc 05EFD809 		.ascii	"\005\357\330\011\350N\001\355\227[\215,)4\224\016<\260"
 3121      E84E01ED 
 3121      975B8D2C 
 3121      2934940E 
 3121      3CB0
 3122 00ee 9B7ACA75 		.ascii	"\233z\312u\2441\227\240\265O\037[mW\233\224Pl\223\002"
 3122      A43197A0 
 3122      B54F1F5B 
 3122      6D579B94 
 3122      506C9302 
 3123 0102 68C1A83D 		.ascii	"h\301\250=\023\206Q\370\323\012b\014\037\276\221G\214"
 3123      138651F8 
 3123      D30A620C 
 3123      1FBE9147 
 3123      8C
 3124 0113 DF1B1D86 		.ascii	"\337\033\035\206\261\221\3271\226\350B\033\002c\214"
 3124      B191D731 
 3124      96E8421B 
 3124      02638C
 3125 0122 1E4EBA12 		.ascii	"\036N\272\022\020\"\233\203\005q\020\0253\262\"\016"
 3125      10229B83 
 3125      05711015 
 3125      33B2220E 
 3126 0132 51722F87 		.ascii	"Qr/\207{\013\313Eh\214\000\334\344L\304M\024\177g\306"
 3126      7B0BCB45 
 3126      688C00DC 
 3126      E44CC44D 
ARM GAS  /tmp/ccfF4MKe.s 			page 73


 3126      147F67C6 
 3127 0146 F26C1CE9 		.ascii	"\362l\034\351\035\276u\224pn\001\023\340\324\003C2\011"
 3127      1DBE7594 
 3127      706E0113 
 3127      E0D40343 
 3127      3209
 3128 0158 463BC5A6 		.ascii	"F;\305\246\020\227\005<\0277;(\302\3718\203_,\034\353"
 3128      1097053C 
 3128      17373B28 
 3128      C2F93883 
 3128      5F2C1CEB 
 3129 016c DFC9156A 		.ascii	"\337\311\025jK\310\374\230\373fs\373l\015\201g\010E"
 3129      4BC8FC98 
 3129      FB6673FB 
 3129      6C0D8167 
 3129      0845
 3130 017e 142AA151 		.ascii	"\024*\241Q\254\007\020\372\007M\025E\244\276\213\347"
 3130      AC0710FA 
 3130      074D1545 
 3130      A4BE8BE7 
 3131 018e C03A6B5E 		.ascii	"\300:k^-\341\026Z\241\253\225\313\334\302z\027/q\305"
 3131      2DE1165A 
 3131      A1AB95CB 
 3131      DCC27A17 
 3131      2F71C5
 3132 01a1 125B3C43 		.ascii	"\022[<C%H\323\243\211\017\334,\001M\223\237\353\313"
 3132      2548D3A3 
 3132      890FDC2C 
 3132      014D939F 
 3132      EBCB
 3133 01b3 568E6413 		.ascii	"V\216d\023\334\266\331\353\257\0357g\302\250n\002uH"
 3133      DCB6D9EB 
 3133      AF1D3767 
 3133      C2A86E02 
 3133      7548
 3134 01c5 4D56F6D5 		.ascii	"MV\366\325<\307*\020\025\364\035\360L\3429\262\020\245"
 3134      3CC72A10 
 3134      15F41DF0 
 3134      4CE239B2 
 3134      10A5
 3135 01d7 CE20679B 		.ascii	"\316 g\233\351G\374\325i\351Si\351\343X3\275\225?\203"
 3135      E947FCD5 
 3135      69E95369 
 3135      E9E35833 
 3135      BD953F83 
 3136 01eb 9EB810A0 		.ascii	"\236\270\020\240\202\227\306\036w\251\2344\304\037\321"
 3136      8297C61E 
 3136      77A99C34 
 3136      C41FD1
 3137 01fa CB2D6FEF 		.ascii	"\313-o\357\366LqD\252W\036H\357\351\"\365\224\014\273"
 3137      F64C7144 
 3137      AA571E48 
 3137      EFE922F5 
 3137      940CBB
 3138 020d FBB3536E 		.ascii	"\373\263Sn+\254\241z\253'/\314\236pI\220KI2\326\237"
 3138      2BACA17A 
 3138      AB272FCC 
ARM GAS  /tmp/ccfF4MKe.s 			page 74


 3138      9E704990 
 3138      4B4932D6 
 3139 0222 C3798A55 		.ascii	"\303y\212U\032.l\241/\321\225\254\375K\333\034\373\237"
 3139      1A2E6CA1 
 3139      2FD195AC 
 3139      FD4BDB1C 
 3139      FB9F
 3140 0234 D66B13E0 		.ascii	"\326k\023\340\\h}Nj\335\330v\335\325pq\213\234\025\256"
 3140      5C687D4E 
 3140      6ADDD876 
 3140      DDD57071 
 3140      8B9C15AE 
 3141 0248 56417EFD 		.ascii	"VA~\375\207di\246sB\323\012\033,\374\376\333\311\344"
 3141      876469A6 
 3141      7342D30A 
 3141      1B2CFCFE 
 3141      DBC9E4
 3142 025b F9485CE1 		.ascii	"\371H\\\341t2\\\221\030}8\016l\376M\000e\252[\257q\251"
 3142      74325C91 
 3142      187D380E 
 3142      6CFE4D00 
 3142      65AA5BAF 
 3143 0271 3EBD522D 		.ascii	">\275R-\365\351\347]Z\300\257\226\270=\225\236\262@"
 3143      F5E9E75D 
 3143      5AC0AF96 
 3143      B83D959E 
 3143      B240
 3144 0283 D0E9D1D3 		.ascii	"\320\351\321\323\343\362\202B\265^\367U\371\275\025"
 3144      E3F28242 
 3144      B55EF755 
 3144      F9BD15
 3145 0292 9AAB3CE0 		.ascii	"\232\253<\340\013\326V\251e\247O\025\026\224\037/=q"
 3145      0BD656A9 
 3145      65A74F15 
 3145      16941F2F 
 3145      3D71
 3146 02a4 ACFCACC7 		.ascii	"\254\374\254\307WS_\341s\251\220\353p\250tkf\252\356"
 3146      57535FE1 
 3146      73A990EB 
 3146      70A8746B 
 3146      66AAEE
 3147 02b7 4F91BA5F 		.ascii	"O\221\272_\365\005TO\255V\035t\272h\317\257\271\235"
 3147      F505544F 
 3147      AD561D74 
 3147      BA68CFAF 
 3147      B99D
 3148 02c9 0E37B03A 		.ascii	"\0167\260:\357n\315\255\351\265N\207\346\250\314?\244"
 3148      EF6ECDAD 
 3148      E9B54E87 
 3148      E6A8CC3F 
 3148      A4
 3149 02da B90A9D45 		.ascii	"\271\012\235E\300\002^\246y\377\000\206\310ZY"
 3149      C0025EA6 
 3149      79FF0086 
 3149      C85A59
 3150              		.text
 3151              		.section	.gnu.lto_chCondObjectInit.336.b96ed3b98aac8d71,"e",%progbits
ARM GAS  /tmp/ccfF4MKe.s 			page 75


 3152 0000 789C7552 		.ascii	"x\234uRMHTQ\030\375\316\275o^3\010.\2122wC\233\026\325"
 3152      4D485451 
 3152      18FDCEBD 
 3152      6F5E3308 
 3152      2E8A3277 
 3153 0018 BC724268 		.ascii	"\274rBh\027\011I\213@\260MD\014\372f\322\311\237\247"
 3153      1709498B 
 3153      40B04D44 
 3153      0CFA66D2 
 3153      C99FA7
 3154 002b 6F466C10 		.ascii	"oFl\020\233\3538\031LTL\231 \230\322\316 h\341F\315"
 3154      9BEB3819 
 3154      4C544C99 
 3154      2098D2CE 
 3154      2068E146 
 3155 0040 9F114B8B 		.ascii	"\237\021K\213,m\250\235E\314\"&[\024\004%\250\331\275"
 3155      2C6DA89D 
 3155      45CC2226 
 3155      5B140425 
 3155      A8D9BD
 3156 0053 6FD422E8 		.ascii	"o\324\"\350\361\356\317\271\367\234\363\316\375\356"
 3156      F1EECFB9 
 3156      F79CF3CE 
 3156      FDEE
 3157 0061 BBC28866 		.ascii	"\273\302\210f\211\250R6\270\010w\322)FB\210\223\273"
 3157      89A85236 
 3157      B80877D2 
 3157      29464288 
 3157      93BB
 3158 0073 18EB4EDF 		.ascii	"\030\353N\337`x\202W\375#\272\226L\027\217|Z8\241q\364"
 3158      60788257 
 3158      FD23BA96 
 3158      4C178F7C 
 3158      5A38A171 
 3159 0088 EE303474 		.ascii	"\35604t\245S\036\311p\020(\316\270\2068\036pC.\254>"
 3159      A5531EC9 
 3159      701028CE 
 3159      B886381E 
 3159      70432EAC 
 3160 009d FBB234B2 		.ascii	"\373\2624\262_\014g\260B\024'\347qA\337\003M\366{\341"
 3160      5F0C67B0 
 3160      421427E7 
 3160      7141DF03 
 3160      4DF67BE1 
 3161 00b1 75C17D95 		.ascii	"u\301}\225\216d\204Xz?*\204\207:\307\021\037\303(\210"
 3161      8E648458 
 3161      7A3F2A84 
 3161      873AC711 
 3161      1FC32888 
 3162 00c5 18BA902F 		.ascii	"\030\272\220/!*rtpAN:&!\325\356^\325+\321\352\207\324"
 3162      212A7274 
 3162      70414E3A 
 3162      2621D5EE 
 3162      5ED52BD1 
 3163 00dc D47CC980 		.ascii	"\324|\311\200\310h\261)t8\272i0\336\205\265R\027\016"
 3163      C868B129 
 3163      7438BA69 
ARM GAS  /tmp/ccfF4MKe.s 			page 76


 3163      30DE85B5 
 3163      52170E
 3164 00ef 29C272CF 		.ascii	")\302r\317\375YHB\322+\031\361-\206\223\241H\245{{,"
 3164      FD594842 
 3164      D22B19F1 
 3164      2D8693A1 
 3164      48A57B7B 
 3165 0104 039A4087 		.ascii	"\003\232@\207\372\312\014\244\273\334\003\323\036g]"
 3165      FACA0CA4 
 3165      BBDC03D3 
 3165      1E675D
 3166 0113 19B1BE79 		.ascii	"\031\261\276y[\210\257\245\237\227W\334E \346b\304t"
 3166      5B88AFA5 
 3166      9F9757DC 
 3166      4520E662 
 3166      C474
 3167 0125 2E9B468C 		.ascii	".\233F\214\353\300\270\244\016rU\002\241Ad\210\2068"
 3167      EBC0B8A4 
 3167      0E725502 
 3167      A1416488 
 3167      8638
 3168 0137 2B806E09 		.ascii	"+\200n\011~2\221\233\236\203\032\017\024\2725\326\235"
 3168      7E32919B 
 3168      9E831A0F 
 3168      14BA35D6 
 3168      9D
 3169 0148 BD0E0EAE 		.ascii	"\275\016\016\256\353\235R\272\306\022\277$d\034\264"
 3169      EB9D52BA 
 3169      C612BF24 
 3169      641CB4
 3170 0157 C1AE7939 		.ascii	"\301\256y9OAo\265\2108\323e\015\231\207~\260\344J\005"
 3170      4F416FB5 
 3170      8838D365 
 3170      0D99877E 
 3170      B0E44A05 
 3171 016b E7780AA7 		.ascii	"\347x\012\247hC\234\347\027\372\375\312\234;~\033,\351"
 3171      68439CE7 
 3171      17FAFDCA 
 3171      9C3B7E1B 
 3171      2CE9
 3172 017d A5145843 		.ascii	"\245\024XC\330\251h\235\252\211\364\250k\227\343#h\241"
 3172      D8A9689D 
 3172      AA89F4A8 
 3172      6B97E323 
 3172      68A1
 3173 018f E79887DC 		.ascii	"\347\230\207\334\357\021\302]\367\002\023`\305\216\213"
 3173      EF11C25D 
 3173      F7021360 
 3173      C58E8B
 3174 019e B693D1B5 		.ascii	"\266\223\321\265\235-\227\325U\234\276\024\270\246\264"
 3174      9D2D97D5 
 3174      559CBE14 
 3174      B8A6B4
 3175 01ad 9230BCAF 		.ascii	"\2220\274\257\306\236U\216\345\022\270\003/q\221\244"
 3175      C69E558E 
 3175      E512B803 
 3175      2F7191A4 
ARM GAS  /tmp/ccfF4MKe.s 			page 77


 3176 01bd 979CE711 		.ascii	"\227\234\347\021[\200:^\302\213i\311W\372\357\223\367"
 3176      5B803A5E 
 3176      C28B69C9 
 3176      57FAEF93 
 3176      F7
 3177 01ce D66FF501 		.ascii	"\326o\365\001\031\347\270\271\364\242\0073P\216\003"
 3177      19E7B8B9 
 3177      F4A20733 
 3177      508E03
 3178 01dd 0F8B65B2 		.ascii	"\017\213e\262\030\234D\024\260_\203\224_\236\305\026"
 3178      189C4414 
 3178      B05F8394 
 3178      5F9EC516 
 3179 01ed 7141D6BB 		.ascii	"qA\326\273 \317\335]\374\303\376\207\367\006\347\267"
 3179      20CFDD5D 
 3179      FCC3FE87 
 3179      F706E7B7 
 3180 01fd 79896F63 		.ascii	"y\211oc7\263s\352?\203\272\301M\226\370\370\356\264"
 3180      37B373EA 
 3180      3F83BAC1 
 3180      4D96F8F8 
 3180      EEB4
 3181 020f 539A418E 		.ascii	"S\232A\216\302\241\022\031\005\253\215z\253)d\330V\255"
 3181      C2A11219 
 3181      05AB8D7A 
 3181      AB2964D8 
 3181      56AD
 3182 0221 51655B97 		.ascii	"Qe[\227Cf4bT\324\207k\303\325\321\266`\330\372{\036"
 3182      43663462 
 3182      54D4876B 
 3182      C3D5D1B6 
 3182      60D8FA7B 
 3183 0236 28F31BED 		.ascii	"(\363\033\355\226\335\020i\2511C\201\250\335\326\334"
 3183      96DD1069 
 3183      A9314381 
 3183      A8DDD6DC 
 3184 0246 60549F3B 		.ascii	"`T\237;\353/\013TV\2359\025\270\024\266\233\332k\354"
 3184      EB2F0B54 
 3184      569D3915 
 3184      B814B69B 
 3184      DA6BEC
 3185 0259 9041077D 		.ascii	"\220A\007}>C\276\246\222Z\221-\246\0251\354\250\021"
 3185      3E43BEA6 
 3185      925A912D 
 3185      A61531EC 
 3185      A811
 3186 026b B14DB96E 		.ascii	"\261M\271nZ\315A\237I\314l\331\275\015|\265G\217\233"
 3186      5ACD419F 
 3186      49CC6CD9 
 3186      BD0D7CB5 
 3186      478F9B
 3187 027e 217FB09C 		.ascii	"!\177\260\234Xk\313\341\377\033\204\233\315\306\266"
 3187      586BCBE1 
 3187      FF1B849B 
 3187      CDC6B6
 3188 028d 6048EE35 		.ascii	"`H\3565\206#\321\210\257\236~\003\2268\025~"
 3188      8623D188 
ARM GAS  /tmp/ccfF4MKe.s 			page 78


 3188      AF9E7E03 
 3188      9638157E 
 3189              		.text
 3190              		.section	.gnu.lto_chCondObjectDispose.337.b96ed3b98aac8d71,"e",%progbits
 3191 0000 789C7D92 		.ascii	"x\234}\222OH\024q\024\307\337\373\375ffW\305\204B*\352"
 3191      4F481471 
 3191      14C7DFFB 
 3191      FD666657 
 3191      C584422A 
 3192 0015 B074E950 		.ascii	"\260t\351P\355\224\033B\267\310\203t\010\004\213\210"
 3192      ED941B42 
 3192      B7C88374 
 3192      08048B88 
 3193 0025 884567A7 		.ascii	"\210Eg\247\\\377\215\356\256\210\210\355\317\335\325"
 3193      5CFF8DEE 
 3193      AE8888ED 
 3193      CFDDD5
 3194 0034 602364C3 		.ascii	"`#d\303\004I\224n\035\202\002;\354\232\177V,,\264\014"
 3194      0449946E 
 3194      1D82023B 
 3194      EC9A7F56 
 3194      2C2CB40C 
 3195 0048 F328151E 		.ascii	"\363(\025\036\322\254C\020\245`f\3577\272\353v\250e"
 3195      D2AC4310 
 3195      A56066EF 
 3195      37BAEB76 
 3195      A865
 3196 005a 7F33EFFD 		.ascii	"\1773\357\375~\337\367}o>3?\030\300\024\000\324\321"
 3196      7EDFF77D 
 3196      6F3E333F 
 3196      18C01400 
 3196      D4D1
 3197 006c 4207E0DD 		.ascii	"B\007\340\335D\234\201\020\342\254\203\261h\3426\303"
 3197      449C8110 
 3197      E2AC83B1 
 3197      68E236C3 
 3198 007c 67F8BA7F 		.ascii	"g\370\272\177XSb\211=\303\237f\317(\034{\263\012\205"
 3198      58536289 
 3198      3DC39F66 
 3198      CF281C7B 
 3198      B30A85
 3199 008f 75E528BA 		.ascii	"u\345(\272w\024*\366e\025\032v&\342y\244\2603\2040\343"
 3199      77142AF6 
 3199      65151A76 
 3199      26E279A4 
 3199      B0338430 
 3200 00a4 8AAA6118 		.ascii	"\212\252a\030\037p\235\266\326_|y\222: \036\246q\025"
 3200      1F709DB6 
 3200      D65F7C79 
 3200      923A201E 
 3200      A67115
 3201 00b7 200CF64F 		.ascii	" \014\366OEm\037\222\211V\214.\025\2357\341DZ\210\267"
 3201      456D1F92 
 3201      89568C2E 
 3201      159D37E1 
 3201      445A88B7 
 3202 00cb 2B4921F2 		.ascii	"+I!\362\240c\004\303)L\"\000\303N|\272\037\240\300\256"
ARM GAS  /tmp/ccfF4MKe.s 			page 79


 3202      A06304C3 
 3202      294C2200 
 3202      C34E7CBA 
 3202      1FA0C0AE 
 3203 00df 43152968 		.ascii	"C\025)h\037C\252v\366\312\253,Z\177\037_\\>4 \322J\333"
 3203      1F43AA76 
 3203      F6CAAB2C 
 3203      5A7F1F5F 
 3203      5C3E3420 
 3204 00f6 38B6DB75 		.ascii	"8\266\333u\023\310x'.\037T\361\230\024,v\317L!\011b"
 3204      13C87827 
 3204      2E1F54F1 
 3204      98142C76 
 3204      CF4C2109 
 3205 010b 2E528477 		.ascii	".R\204w\024\366\014\0054]r\371T\032a\024\333e\227I$"
 3205      14F60C05 
 3205      345D72F9 
 3205      541A6114 
 3205      DB659749 
 3206 0120 773A43A6 		.ascii	"w:C\246<\236W\323\342\327V\217\020\037\016\177\035X"
 3206      3C9E57D3 
 3206      E2D7568F 
 3206      101F0E7F 
 3206      1D58
 3207 0132 73162130 		.ascii	"s\026!0\225\001\3238-\005\230C\245\\\243\330A+\037q"
 3207      9501D338 
 3207      2D059843 
 3207      A55CA3D8 
 3207      412B1F71 
 3208 0146 040B6913 		.ascii	"\004\013i\023`\220K(BA\221\006\030\342l;\211R\262\306"
 3208      60904B28 
 3208      42419106 
 3208      18E26C3B 
 3208      8952B2C6 
 3209 015a C4D2FD69 		.ascii	"\304\322\375i\224\367#\333\227\015\026\235\277\205\034"
 3209      94F723DB 
 3209      970D169D 
 3209      BF851C
 3210 0169 79BED641 		.ascii	"y\276\326A]7X\3447\245\214#l\262.\027\347q\324\254\006"
 3210      5D3758E4 
 3210      37A58C23 
 3210      6CB22E17 
 3210      E771D4AC 
 3211 017e 004E4DA8 		.ascii	"\000NM\250{>\374d\261\3252\316\3619\332\020\2078_\231"
 3211      7B3EFC64 
 3211      B1D532CE 
 3211      F139DA10 
 3211      87385F99 
 3212 0192 EDF74873 		.ascii	"\355\367Hsn\373m\262\230\013\342\310\3747l\302\246d"
 3212      6EFB6DB2 
 3212      980BE2C8 
 3212      FC376CC2 
 3212      A664
 3213 01a4 441E662B 		.ascii	"D\036f+\335\037\241b\274Dj\037\307n!\234\346+\034EV"
 3213      DD1FA162 
 3213      BC446A1F 
 3213      C76E219C 
ARM GAS  /tmp/ccfF4MKe.s 			page 80


 3213      E62B1C45 
 3214 01b9 64BB28D9 		.ascii	"d\273(\331\03113\333\322\200\343\2579#}q\244\227J.$"
 3214      193133DB 
 3214      D280E3AF 
 3214      39237D71 
 3214      A4974A2E 
 3215 01ce 757A6BA7 		.ascii	"uzk\247\244u\251\214\257\315\340U S\0317\317\242|\314"
 3215      A475A98C 
 3215      AFCDE055 
 3215      20531937 
 3215      CFA27CCC 
 3216 01e2 880B2748 		.ascii	"\210\013'H-k\277\217\335K\366\364!\246\355\307^\032"
 3216      2D6BBF8F 
 3216      DD4BF6F4 
 3216      21A6EDC7 
 3216      5E1A
 3217 01f4 9BCBC349 		.ascii	"\233\313\303I\224~\343\237\213y!\315\330\206\366lp\245"
 3217      947EE39F 
 3217      8B7921CD 
 3217      D886F66C 
 3217      70A5
 3218 0206 F60D4269 		.ascii	"\366\015Bi\214L.\317\341%z\021\322\347[\352\316\300"
 3218      8C4C2ECF 
 3218      E1257A11 
 3218      D2E75BEA 
 3218      CEC0
 3219 0218 B4FCB070 		.ascii	"\264\374\260p\302\306\023] <*Wxa\206\225\306\325mV\216"
 3219      C2C6135D 
 3219      203C2A57 
 3219      78618695 
 3219      C6D56D56 
 3220 022d 0C2B8DE8 		.ascii	"\014+\215\350dQ9vQ\251\377C\225\013\351]\016\244\205"
 3220      64513976 
 3220      51A9FF43 
 3220      950BE95D 
 3220      0EA485
 3221 0240 5D485A16 		.ascii	"]HZ\026\222j\033l\261\310\307T\271m>\310q\3730\222\226"
 3221      926A1B6C 
 3221      B1C8C754 
 3221      B96D3EC8 
 3221      71FB3092 
 3222 0255 69A55E63 		.ascii	"i\245^c5\230z\300\252\326+\002V\255i\204\202zY\215\277"
 3222      35987AC0 
 3222      AAD62B02 
 3222      56AD6984 
 3222      827A598D 
 3223 026a DA5F196A 		.ascii	"\332_\031j\361\371\255\334\330[\342\321[\255@]\260\251"
 3223      F1F9ADDC 
 3223      D85BE2D1 
 3223      5BAD405D 
 3223      B0A9
 3224 027c CA30BDA1 		.ascii	"\3120\275\241@Kc\235^y\361\202\247\304[^q\376\234\367"
 3224      404B639D 
 3224      5E79F182 
 3224      A7C45B5E 
 3224      71FE9CF7 
 3225 0290 BA3FD0D0 		.ascii	"\272?\320\320Z\0250u8\352v\353\3647d\251\025\334QZA"
ARM GAS  /tmp/ccfF4MKe.s 			page 81


 3225      5A153075 
 3225      38EA76EB 
 3225      F43764A9 
 3225      15DC515A 
 3226 02a5 3D10D283 		.ascii	"=\020\322\203\001\203\366\015\253\321\3476\200\031M"
 3226      0183F60D 
 3226      ABD1E736 
 3226      80194D
 3227 02b4 7B3389BB 		.ascii	"{3\211\273\372\344i\303\364\370J\20157\035\377\267\201"
 3227      FAE469C3 
 3227      F4F84A81 
 3227      35371DFF 
 3227      B781
 3228 02c6 BFD1A86F 		.ascii	"\277\321\250o\361\231tV\357\017\206\202\356\032\370"
 3228      F1997456 
 3228      EF0F8682 
 3228      EE1AF8
 3229 02d5 0334BB38 		.ascii	"\0034\2738\205"
 3229      85
 3230              		.text
 3231              		.section	.gnu.lto_chCondSignal.338.b96ed3b98aac8d71,"e",%progbits
 3232 0000 789C8D54 		.ascii	"x\234\215Tkl\024U\024\276\347\336\331Wk\253\001QJ\264"
 3232      6B6C1455 
 3232      14BEE7DE 
 3232      D9576BAB 
 3232      01514AB4 
 3233 0014 D9D49826 		.ascii	"\331\324\230&\012\035\244\212\361\227bC\232\3064VV~"
 3233      0A1DA48A 
 3233      F1976243 
 3233      9AC63456 
 3233      567E
 3234 0026 98C63474 		.ascii	"\230\3064t\272\312R\266\263\235m\255\315\006w\372\240"
 3234      BACA52B6 
 3234      B39D6DAD 
 3234      CD0677FA 
 3234      A0
 3235 0037 84552C15 		.ascii	"\204U,\025h\202\326>L\014\230\030\374A\320\226\266\260"
 3235      6882D63E 
 3235      4C0C9818 
 3235      FC41D096 
 3235      B6B0
 3236 0049 65D11669 		.ascii	"e\321\026iy,\301\330RZ\255\242\205\206\207\245B\011"
 3236      792CC1D8 
 3236      525AADA2 
 3236      858687A5 
 3236      4209
 3237 005b 5DEAB977 		.ascii	"]\352\271wf\027\214bl\272{\357\235\363\235\357|\347"
 3237      66178C62 
 3237      6CBA7BEF 
 3237      9DF39DEF 
 3237      7CE7
 3238 006d BB677687 		.ascii	"\273gv\207\205\220\355@H)!\004l\004>j\012Q\242\353\372"
 3238      8590ED40 
 3238      48292104 
 3238      6C043E6A 
 3238      0A51A2EB 
 3239 0082 4B364AEB 		.ascii	"K6J\353\232\336\247\320\015C\273\367[\245\372\246\324"
ARM GAS  /tmp/ccfF4MKe.s 			page 82


 3239      9ADEA7D0 
 3239      0D43BBF7 
 3239      5BA5FAA6 
 3239      D4
 3240 0093 FDBF0DBE 		.ascii	"\375\277\015\276 1\330\231@Ht\263\2018\336\321\222!"
 3240      2031D899 
 3240      404874B3 
 3240      8138DED1 
 3240      9221
 3241 00a5 3534A51E 		.ascii	"54\245\036\030\373\345q\311\002\315\011\204\025j\232"
 3241      18FBE571 
 3241      C902CD09 
 3241      84156A9A 
 3242 00b5 420E4488 		.ascii	"B\016D\210\023\220 e\222\305\012A\350`2>\232\375v\352"
 3242      13902065 
 3242      92C50A41 
 3242      E860323E 
 3242      9AFD76EA 
 3243 00c9 54EF627D 		.ascii	"T\357b}o\030.\021\022$\342\317\002\326\205\200$\326"
 3243      6F182E11 
 3243      1224E2CF 
 3243      02D68580 
 3243      24D6
 3244 00db 45E0B480 		.ascii	"E\340\264\200\375=\262,\254\353\247\206;u\335A6\035"
 3244      FD3DB22C 
 3244      ACEBA786 
 3244      3B75DD41 
 3244      361D
 3245 00ed 84601774 		.ascii	"\204`\027t\242\\\0125\240?JH\262\310c\010\334\011\230"
 3245      A25C0A35 
 3245      A03F4A48 
 3245      B2C86308 
 3245      DC0998
 3246 0100 FA346267 		.ascii	"\3724bgGC]\027m-z\270\336\031\350\205j\201?\204)5\260"
 3246      47435D17 
 3246      6D2D7AB8 
 3246      DE19E885 
 3246      6A813F84 
 3247 0117 2FCD02C9 		.ascii	"/\315\002\311|_}\230\203\355\021\376\315\351\257unm"
 3247      7C5F7D98 
 3247      83ED11FE 
 3247      CDE9AF75 
 3247      6E6D
 3248 0129 4BDD0E81 		.ascii	"K\335\016\201\260\011\357\003Jk\340\263\2648a\303\345"
 3248      B009EF03 
 3248      4A6BE0B3 
 3248      B43861C3 
 3248      E5
 3249 013a 08188461 		.ascii	"\010\030\204aS@\037\010\251\311\274\211X\207\345\010"
 3249      53401F08 
 3249      A9C9BC89 
 3249      5887E508 
 3250 014a 901EA8FE 		.ascii	"\220\036\250\376W\001\301\204\000\024{\024H\004Dq\024"
 3250      5701C184 
 3250      00147B14 
 3250      48044471 
 3250      14
ARM GAS  /tmp/ccfF4MKe.s 			page 83


 3251 015b 5EF59DB9 		.ascii	"^\365\235\271\251\354\007\223\253g_d\356\031\244\252"
 3251      A9EC0793 
 3251      AB675F64 
 3251      EE19A4AA 
 3252 016b 34020390 		.ascii	"4\002\003\220\210\264|\330?j%\307\300\317\205\377\021"
 3252      88B47CD8 
 3252      3F6A25C7 
 3252      C0CF85FF 
 3252      11
 3253 017c 173E3BDD 		.ascii	"\027>;\335x\356\344\022,%\225\037\207*Qi\020\250\255"
 3253      78EEE412 
 3253      2C25951F 
 3253      872A5169 
 3253      10A8AD
 3254 018f 06EAE2DA 		.ascii	"\006\352\342\332\357\354\230?\2604R\247\017\350\034"
 3254      EFEC983F 
 3254      B03452A7 
 3254      0FE81C
 3255 019e 12342177 		.ascii	"\0224!w\305\367\177b\035\002\362=Tq+O@\\\222z*Qb4tk"
 3255      C5F77F62 
 3255      1D02F23D 
 3255      54712B4F 
 3255      405C927A 
 3256 01b8 4B3A2FE1 		.ascii	"K:/\341\015\203*\362O\003u\324\300\300?\355\361\306"
 3256      0D832AF2 
 3256      4F0375D4 
 3256      C0C03FED 
 3256      F1C6
 3257 01ca ED397DB7 		.ascii	"\3559}\267Bg\254<\312\335Qy\2013\200\274\030\003\232"
 3257      4267AC3C 
 3257      CADD5179 
 3257      813380BC 
 3257      18039A
 3258 01dd F455D412 		.ascii	"\364U\324\022\326\347\346\033u\375j\372\371\321y\373"
 3258      D6E7E61B 
 3258      75FD6AFA 
 3258      F9D179FB 
 3259 01ed 02203499 		.ascii	"\002 4\231\022\372\000\303\217D(\265\001\034\204$\334"
 3259      12FA00C3 
 3259      8F4428B5 
 3259      011C8424 
 3259      DC
 3260 01fe A4E08790 		.ascii	"\244\340\207\220V\306GJ\227@\017\023\322\306\250q\250"
 3260      56C6474A 
 3260      97400F13 
 3260      D2C6A871 
 3260      A8
 3261 020f C3C34DAA 		.ascii	"\303\303M\252O\214\243Q\270f\030_\267i]t\0130`6\353"
 3261      4F8CA351 
 3261      B866185F 
 3261      B7695D74 
 3261      0B306036 
 3262 0224 26AC769B 		.ascii	"&\254v\233\326\336\301#e@bt\263\223\261\020X\335\012"
 3262      D6DEC123 
 3262      65406274 
 3262      B393B110 
 3262      58DD0A
ARM GAS  /tmp/ccfF4MKe.s 			page 84


 3263 0237 8E0DB5E2 		.ascii	"\216\015\265\342L\322\007\311\015Z\177)\2071\370\001"
 3263      4CD207C9 
 3263      0D5A7F29 
 3263      8731F801 
 3264 0247 C408B631 		.ascii	"\304\010\266169\270;\233\2233\301\027\243\365N\022\002"
 3264      3639B83B 
 3264      9B9333C1 
 3264      17A3F54E 
 3264      1202
 3265 0259 5AF4A698 		.ascii	"Z\364\246\230\317B\356\015r\024\226\342\372%Ho\214\300"
 3265      CF42EE0D 
 3265      721496E2 
 3265      FA25486F 
 3265      8CC0
 3266 026b 3060BC41 		.ascii	"0`\274A\327\355\205\347\240\007\350\303\202EJh\264\304"
 3266      D7ED85E7 
 3266      A007E8C3 
 3266      82454A68 
 3266      B4C4
 3267 027d B54D4CDB 		.ascii	"\265ML\333\370r\275\253e\354\343f\000C\365\304\365\021"
 3267      F872BDAB 
 3267      65ECE366 
 3267      0043F5C4 
 3267      F511
 3268 028f 070C88ED 		.ascii	"\007\014\210\355\365\330\236;S?.\204cF\240\355\312b"
 3268      F5D89E3B 
 3268      533F2E84 
 3268      6346A0ED 
 3268      CA62
 3269 02a1 5C6BDB29 		.ascii	"\\k\333)\201A\260\226\303r\201\271\320\366\365\370\247"
 3269      8141B096 
 3269      C37281B9 
 3269      D0F6F5F8 
 3269      A7
 3270 02b2 004306A6 		.ascii	"\000C\006\246{\334\001'\200\314\321\332\014\356\355"
 3270      7BDC0127 
 3270      80CCD1DA 
 3270      0CEEED
 3271 02c1 9FD40299 		.ascii	"\237\324\002\231\015\254\301\276\326\002\016\2241\006"
 3271      0DACC1BE 
 3271      D6020E94 
 3271      3106
 3272 02cf 04977138 		.ascii	"\004\227q8\317Egn\305\200\213?\376\031\270q\265\327"
 3272      CF45676E 
 3272      C5808B3F 
 3272      FE19B871 
 3272      B5D7
 3273 02e1 E6F6B45E 		.ascii	"\346\366\264^\261sv\341\343tW\313\314\310\347`\212\231"
 3273      B17376E1 
 3273      E37457CB 
 3273      CCC8E760 
 3273      8A99
 3274 02f3 B839C21D 		.ascii	"\2709\302\035\253\023\275\277\366*>\244i\002\325\271"
 3274      AB13BDBF 
 3274      F62A3EA4 
 3274      6902D5B9 
 3275 0303 6D26175F 		.ascii	"m&\027_jnlsh\210\341;\2156`\257{\323_\361\235\345uV"
ARM GAS  /tmp/ccfF4MKe.s 			page 85


 3275      6A6E6C73 
 3275      6888E13B 
 3275      8D3660AF 
 3275      7BD35FF1 
 3276 031b E2C19EF7 		.ascii	"\342\301\236\367+\344\022L\305\375\344c\201\013FA'\234"
 3276      2BE4124C 
 3276      C5FDE463 
 3276      810B4641 
 3276      279C
 3277 032d 0626191E 		.ascii	"\006&\031\036\354\232nD\017\242f\255\223\0168#(\017"
 3277      EC9A6E44 
 3277      0FA266AD 
 3277      930E3823 
 3277      280F
 3278 033f 5D5CC492 		.ascii	"]\\\304\222\320f/\010{\311j\337\357@V\326#c\316$\254"
 3278      D0662F08 
 3278      7BC96ADF 
 3278      EF4056D6 
 3278      2363CE24 
 3279 0354 C21912C2 		.ascii	"\302\031\022\302\273\266\315\364'\243\010\340\263\306"
 3279      BBB6CDF4 
 3279      27A308E0 
 3279      B3C6
 3280 0362 2F30B284 		.ascii	"/0\262\204I,\311\274@\313\360\007\023M41\0367\373\251"
 3280      492CC9BC 
 3280      40CBF007 
 3280      134D3431 
 3280      1E37FBA9 
 3281 0376 F0712DF4 		.ascii	"\360q-\364\335\255~-\212&\0361o \352\200\243\202\270"
 3281      DDAD7E2D 
 3281      8A261E31 
 3281      6F20EA80 
 3281      A382B8
 3282 0389 FD458800 		.ascii	"\375E\210\000\362\210\264\250)\350\021\226\202\202\002"
 3282      F288B4A8 
 3282      29E81196 
 3282      828202
 3283 0398 A6A0BC0D 		.ascii	"\246\240\274\015\227P\020o10\205\202\"\0024\035:K\215"
 3283      9750106F 
 3283      31308582 
 3283      2202341D 
 3283      3A4B8D
 3284 03ab A8CF8C4E 		.ascii	"\250\317\214N\322\300e\021f)\202\355\226\301\326\362"
 3284      D2C06511 
 3284      662982ED 
 3284      96C1D6F2 
 3285 03bb C5220357 		.ascii	"\305\"\003W\022\307\245\004\256\302\341 \007\012i\023"
 3285      12C7A504 
 3285      AEC2E120 
 3285      070A6913 
 3286 03cb B168BCC5 		.ascii	"\261h\274\305\033[v\001\357\261/n\036\326\3423\334\236"
 3286      1B5B7601 
 3286      EFB12F6E 
 3286      1ED6E233 
 3286      DC9E
 3287 03dd CCAFA437 		.ascii	"\314\257\2447\330\315\177\374\222pn\351\023\242m\353"
 3287      D8CD7FFC 
ARM GAS  /tmp/ccfF4MKe.s 			page 86


 3287      92706EE9 
 3287      13A26DEB 
 3288 03ed DFDF8ADB 		.ascii	"\337\337\212\333\375\367\334\3377\210\305\373\233\247"
 3288      FDF7DCDF 
 3288      3788C5FB 
 3288      9BA7
 3289 03fb B53FC572 		.ascii	"\265?\305r\205M\255\014\014|m\230\037]\362z\325\353"
 3289      854DAD0C 
 3289      0C7C6D98 
 3289      1F5DF27A 
 3289      D5EB
 3290 040d 9635B558 		.ascii	"\2265\265X.\320\324\015n\245\302/\347\254\367\024{\\"
 3290      2ED0D40D 
 3290      6EA5C22F 
 3290      E7ACF714 
 3290      7B5C
 3291 041f 1595251E 		.ascii	"\025\225%\036\365\336}\321\212l\271J\325J\375\276u\212"
 3291      F5DE7DD1 
 3291      8A6CB94A 
 3291      D54AFDBE 
 3291      758A
 3292 0431 BBA842AB 		.ascii	"\273\250B\253,+\225]\257\347g\257(\312-\310{\271\350"
 3292      2C2B955D 
 3292      AFE767AF 
 3292      28CA2DC8 
 3292      7BB9E8
 3293 0444 2D8FE6AD 		.ascii	"-\217\346\255Z\247\271e\222\231\225%\343\277\302SU\277"
 3293      5AA7B965 
 3293      92999525 
 3293      E3BFC253 
 3293      55BF
 3294 0456 8954FDB2 		.ascii	"\211T\375\262V!\3735\005\237+jYI\226B\250\342[\020?"
 3294      5621FB35 
 3294      059F2B6A 
 3294      59499642 
 3294      A8E25B10 
 3295 046b 64152F7F 		.ascii	"d\025/\177Vqg\227\254$\340[z\377|O\231\262\261\262\304"
 3295      56716797 
 3295      AC24E05B 
 3295      7AFF7C4F 
 3295      99B2B1B2 
 3296 0480 8DB18D1E 		.ascii	"\215\261\215\036\177\205?k=\241\345\276\247\376\017"
 3296      7F853F6B 
 3296      3DA1E5BE 
 3296      A7FE0F
 3297 048f DE5FCDD1 		.ascii	"\336_\315\321\266\342u~w\201\346Y}\237\024E\365z\325"
 3297      B6E2757E 
 3297      7781E659 
 3297      7D9F1445 
 3297      F57AD5
 3298 04a2 32D9FD6E 		.ascii	"2\331\375n\205\274jM\276\234\223\357\312s\3119*v\225"
 3298      85BC6A4D 
 3298      BE9C93EF 
 3298      CA73C939 
 3298      2A7695
 3299 04b5 1767F2FA 		.ascii	"\027g\362\372=\376\242\267\025\005\331\236\373o\026"
 3299      3DFEA2B7 
ARM GAS  /tmp/ccfF4MKe.s 			page 87


 3299      1505D99E 
 3299      FB6F16
 3300 04c4 9FAAA19B 		.ascii	"\237\252\241\233\310\363\316\363\313\362E\333\232\033"
 3300      C8F3CEF3 
 3300      CBF245DB 
 3300      9A1B
 3301 04d2 B31ECA77 		.ascii	"\263\036\312w\255qr\035>\315\263\324\371\344rB5b\363"
 3301      AD71721D 
 3301      3ECDB3D4 
 3301      F9E47242 
 3301      3562F3
 3302 04e5 BABDAA56 		.ascii	"\272\275\252VM\376\002\350\336{\203"
 3302      4DFE02E8 
 3302      DE7B83
 3303              		.text
 3304              		.section	.gnu.lto_chCondSignalI.339.b96ed3b98aac8d71,"e",%progbits
 3305 0000 789C7594 		.ascii	"x\234u\224mh[U\030\307\237\347\234\233\233\244q\025"
 3305      6D685B55 
 3305      18C79FE7 
 3305      9C9B9BA4 
 3305      7115
 3306 0012 5F5A9CE8 		.ascii	"_Z\234\350\014\363\203\037\246\271\262Ja\237|)2\246"
 3306      0CF3831F 
 3306      A6B9B24A 
 3306      619F7C29 
 3306      32A6
 3307 0024 0C27D10F 		.ascii	"\014'\321\017\243HXo#\211\315\232,/\204Qfn\332\264\303"
 3307      A348586F 
 3307      2389CD9A 
 3307      2C2F8451 
 3307      666EDAB4 
 3308 0039 A88CC82C 		.ascii	"\250\214\310,\014\353\334\374 \035\210\012CH\327\267"
 3308      0CEBDCFC 
 3308      201D880A 
 3308      4348D7B7 
 3309 0049 CCD9B7A4 		.ascii	"\314\331\267\244c%m\231\256\263\314\350f7\277\314M\\"
 3309      63256D99 
 3309      AEB3CCE8 
 3309      6637BFCC 
 3309      4D5C
 3310 005b C7ACF339 		.ascii	"\307\254\3639\347\346\246\202\032r\357=\317}\236\377"
 3310      E7E6A682 
 3310      1A72EF3D 
 3310      CF7D9EFF 
 3311 006b FFFCCE39 		.ascii	"\377\374\3169O2\244\000L\003@\007]h\007\374 \227e`\030"
 3311      4F32A400 
 3311      4C034007 
 3311      5D6807FC 
 3311      20976560 
 3312 0080 C67376C6 		.ascii	"\306sv\306zr\3572\034\306\263GN\252J&W\177\362\312\354"
 3312      7A72EF32 
 3312      1CC6B347 
 3312      4EAA4A26 
 3312      577FF2CA 
 3313 0095 3685E3E1 		.ascii	"6\205\343\341Z\205\302z\315\212\322\361\201\315J_\256"
 3313      5A85C27A 
 3313      CD8AD2F1 
ARM GAS  /tmp/ccfF4MKe.s 			page 88


 3313      81CD4A5F 
 3313      AE
 3314 00a6 FEEBE59F 		.ascii	"\376\353\345\237\036Ul\330_\253P1\235\313:\251BF\010"
 3314      1E556CD8 
 3314      5FAB5031 
 3314      9DCB3AA9 
 3314      424608
 3315 00b9 29C6159B 		.ascii	")\306\025\233\212)<\3165z\265:\361\353W\363\017\031"
 3315      8A293CCE 
 3315      357AB53A 
 3315      F1EB57F3 
 3315      0F19
 3316 00cb 8305BC06 		.ascii	"\203\005\274\006\220\002\371\261\241\372\000\222\211"
 3316      9002F9B1 
 3316      A1FA0092 
 3316      89
 3317 00d8 DA806E1B 		.ascii	"\332\200n\033:\336\206\247\012\2061w!o\030N8p\012SC"
 3317      3ADE86A7 
 3317      0A863177 
 3317      216F184E 
 3317      38700A53 
 3318 00ed 98470086 		.ascii	"\230G\000\206i\034o\004pI\035\263!\015\272F\221\324"
 3318      691C6F04 
 3318      70491DB3 
 3318      210DBA46 
 3318      91D4
 3319 00ff 8EC3E22E 		.ascii	"\216\303\342.D\253\313\331\333\0077\015\030\005e\377"
 3319      44ABCBD9 
 3319      DB07370D 
 3319      180565FF 
 3320 010f 187649DD 		.ascii	"\030vI\33582\236\306\351\2156\334\"\012.\366}4\201T"
 3320      38329EC6 
 3320      E98D36DC 
 3320      220A2EF6 
 3320      7D348154 
 3321 0123 90715345 		.ascii	"\220qSE\252Z!\031\\D\227_\210\026\020F\260K\314r\032"
 3321      AA5A2119 
 3321      5C44975F 
 3321      88161046 
 3321      B04BCC72 
 3322 0138 4DF76FC5 		.ascii	"M\367o\305}\213\351>t\325.\305\3113\230\220bJB\032\277"
 3322      7D8BE93E 
 3322      74D52EC5 
 3322      C9339890 
 3322      624A421A 
 3323 014d D8287068 		.ascii	"\330(ph\234\230\220\222IK\222\277\330w\242\327nL\033"
 3323      9C989092 
 3323      494B92BF 
 3323      D877A2D7 
 3323      6E4C1B
 3324 0160 4A6CD25A 		.ascii	"Jl\322Z\210\020,4\012\301\224\230\213\242\371\306\032"
 3324      88102C34 
 3324      0AC19498 
 3324      8BA2F9C6 
 3324      1A
 3325 0171 7EFE9DC7 		.ascii	"~\376\235\307\004~r\254\352?\203LI\343\247\377\306O"
 3325      047E72AC 
ARM GAS  /tmp/ccfF4MKe.s 			page 89


 3325      EA3F834C 
 3325      49E3A7FF 
 3325      C64F
 3326 0183 5AF833EB 		.ascii	"Z\3703\353\370\253\013\337\330\212\010\323\230\370O"
 3326      F8AB0BDF 
 3326      D88A08D3 
 3326      98F84F
 3327 0192 E2548D98 		.ascii	"\342T\215\230\2267\213PB\242\245\010\231\375\313\262"
 3327      96378B50 
 3327      42A2A508 
 3327      99FDCBB2 
 3328 01a2 AD60FC79 		.ascii	"\255`\374y\367\220Q\370\245\341\307\317~\273\274\364"
 3328      F79051F8 
 3328      A5E1C7CF 
 3328      7EBBBCF4 
 3329 01b2 D27D08CC 		.ascii	"\322}\010\314\301\20099]\0120\305\211x\212\230\231R"
 3329      C1803939 
 3329      5D0A30C5 
 3329      89788A98 
 3329      9952
 3330 01c4 4F17C051 		.ascii	"O\027\300Q.\316\333P\320(\000|\302\231\031\364Pp\213"
 3330      2ECEDB50 
 3330      D028007C 
 3330      C29919F4 
 3330      50708B
 3331 01d7 199561C2 		.ascii	"\031\225a\302Xc=n\310\"\353\010\322q\335#_\217\324\211"
 3331      58633D6E 
 3331      C822EB08 
 3331      D271DD23 
 3331      5F8FD489 
 3332 01eb C766F376 		.ascii	"\307f\363v\207\365\224\017\"G\356T\017\020\305\035\326"
 3332      87F5940F 
 3332      2247EE54 
 3332      0F10C51D 
 3332      D6
 3333 01fc FD17858C 		.ascii	"\375\027\205\214\013e\257\233\363,\252~\035\2003\225"
 3333      0B65AF9B 
 3333      F32CAA7E 
 3333      1D803395 
 3334 020c DA88DD0B 		.ascii	"\332\210\335\013\177\260\314\265\026\316qN\356!\315"
 3334      7FB0CCB5 
 3334      16CE714E 
 3334      EE21CD
 3335 021b C957668F 		.ascii	"\311Wf\2174\211)\271\364[c\0319\237\357\015\331R\255"
 3335      348929B9 
 3335      F45B6319 
 3335      399FEF0D 
 3335      D952AD
 3336 022e E20CC8A3 		.ascii	"\342\014\310\243u\037=?Ge\367\002\316#\345\373\014\303"
 3336      751F3D3F 
 3336      4765F702 
 3336      CE23E5FB 
 3336      0CC3
 3337 0240 D1BA8823 		.ascii	"\321\272\210#\310\036\224.J\215\334f\261U\346\352\004"
 3337      C81E942E 
 3337      4A8DDC66 
 3337      B155E6EA 
ARM GAS  /tmp/ccfF4MKe.s 			page 90


 3337      04
 3338 0251 4E7FF62C 		.ascii	"N\177\366,\247\346%1U\014nz=tNX6S\340\360\236\307W\201"
 3338      A7E62531 
 3338      550C6E7A 
 3338      3D744E58 
 3338      3653E0F0 
 3339 0269 CC68BCF2 		.ascii	"\314h\274\362H\362;\024\253\356v\3438rE\030\334\034"
 3339      48F23B14 
 3339      ABEE76E3 
 3339      38724518 
 3339      DC1C
 3340 027b FDF0C6A1 		.ascii	"\375\360\306\241~Dj&aw\353\234\023O\243\260\034\273"
 3340      7E446A26 
 3340      6177EB9C 
 3340      134FA3B0 
 3340      1CBB
 3341 028d DAC05D04 		.ascii	"\332\300]\004\267\037%\024\274\022\272\200\320\234!"
 3341      B71F2514 
 3341      BC12BA80 
 3341      D09C21
 3342 029c C79D4BF8 		.ascii	"\307\235K\3702\265\234\360\271>\364\376\\\321E?!\024"
 3342      32B59CF0 
 3342      B93EF4FE 
 3342      5CD1453F 
 3342      2114
 3343 02ae AD29967D 		.ascii	"\255)\226}\346a\256pWu\331\266\357\337\253\344Xm\253"
 3343      E661AE70 
 3343      5775D9B6 
 3343      EFDFABE4 
 3343      586DAB
 3344 02c1 E78B7538 		.ascii	"\347\213u8%u\307v\343\314:\300\365\362\307\210E\023"
 3344      2575C776 
 3344      E3CC3AC0 
 3344      F5F2C788 
 3344      4513
 3345 02d3 E066D989 		.ascii	"\340f\331\211\263f\315\263XB\262\222X\345*S#\257'\246"
 3345      B366CDB3 
 3345      5842B292 
 3345      58E52A53 
 3345      23AF27A6 
 3346 02e7 6495C91B 		.ascii	"d\225\311\033\370\201\230\304*\223\313\304T\222E7\262"
 3346      F88198C4 
 3346      2A93CBC4 
 3346      54924537 
 3346      B2
 3347 02f8 8BCCCC86 		.ascii	"\213\314\314\206\252\331\025\226\274$\323\274^\272\335"
 3347      AAD91596 
 3347      BC24D3BC 
 3347      5EBADD
 3348 0307 36DD064E 		.ascii	"6\335\006N4\230umV\335\206d\005w\210:IVY+[\213,gi\213"
 3348      3498756D 
 3348      56DD8664 
 3348      0577883A 
 3348      4956592B 
 3349 0321 A61067AC 		.ascii	"\246\020g\254\355+Y\203I\013q\261\310\204\351\357\203"
 3349      ED2B5983 
 3349      490B71B1 
ARM GAS  /tmp/ccfF4MKe.s 			page 91


 3349      C884E9EF 
 3349      83
 3350 0332 64AAC64C 		.ascii	"d\252\306L@\341\311\267\007~\256\035\306\213\227\261"
 3350      40E1C9B7 
 3350      077EAE1D 
 3350      C68B97B1 
 3351 0342 05E45C83 		.ascii	"\005\344\\\203\033\236\277\202\343\364\367 \232D\350"
 3351      1B9EBF82 
 3351      E3F4F720 
 3351      9A44E8
 3352 0351 CF939EFA 		.ascii	"\317\223\236\372\342\3306\321\030\243\251aJq\027{\\"
 3352      E2D836D1 
 3352      18A3A961 
 3352      4A71177B 
 3352      5C
 3353 0362 EEA3BADE 		.ascii	"\356\243\272\336\262wY\367\245\245\242\203\266\\\356"
 3353      B27759F7 
 3353      A5A5A283 
 3353      B65CEE
 3354 0371 F1518E66 		.ascii	"\361Q\216f\256\273 B\257\026\010\357\365k\321p\233\266"
 3354      AEBB2042 
 3354      AF1608EF 
 3354      F56BD170 
 3354      9BB6
 3355 0383 2B1A7ECB 		.ascii	"+\032~\313\257\307cZK \330\026\364\306\023\355\301\360"
 3355      AFC7635A 
 3355      4B20D816 
 3355      F4C613ED 
 3355      C1F0
 3356 0395 3FC7BEAD 		.ascii	"?\307\276\255MZ2\034\355\210E\366\350~_<\232\350\354"
 3356      4D5A321C 
 3356      ED8845F6 
 3356      E87E5F3C 
 3356      9AE8EC
 3357 03a8 D0BCAFED 		.ascii	"\320\274\257\355l\332\352\333\276k\307\013\2767\203"
 3357      6CDAEADB 
 3357      BE6BC70B 
 3357      BE3783
 3358 03b7 D1BDC93D 		.ascii	"\321\275\311=Q\277\006Ox<\032}u!\015\307\252\225\341"
 3358      51BF064F 
 3358      783C1A7D 
 3358      75210DC7 
 3358      AA95E1
 3359 03ca 98168D6B 		.ascii	"\230\026\215k\261\250N\357\365pg\273G\007\246G\356\267"
 3359      B1A84EEF 
 3359      F57067BB 
 3359      4707A647 
 3359      EEB7
 3360 03dc 024FDBD3 		.ascii	"\002O\333\323\317\350\376\246\366f`\373\"O\376\277A"
 3360      CFE8FEA6 
 3360      F66660FB 
 3360      224FFEBF 
 3360      41
 3361 03ed B0530F25 		.ascii	"\260S\017%\332\375\224\013\005c\361\230'\000\030a\361"
 3361      DAFD940B 
 3361      0563F198 
 3361      27001861 
ARM GAS  /tmp/ccfF4MKe.s 			page 92


 3361      F1
 3362 03fe C8DF1892 		.ascii	"\310\337\030\222\347>"
 3362      E73E
 3363              		.text
 3364              		.section	.gnu.lto_chCondBroadcast.340.b96ed3b98aac8d71,"e",%progbits
 3365 0000 789C7D52 		.ascii	"x\234}R]H\024Q\024>\347\256\243\273I\020\211a=-E\010"
 3365      5D481451 
 3365      143EE7AE 
 3365      A3BB4910 
 3365      89613D2D 
 3366 0016 A53BA2FD 		.ascii	"\245;\242\375\274V\022\261\310\202\270=\267\354\316"
 3366      BC5612B1 
 3366      C882B83D 
 3366      B7ECCE
 3367 0025 4E3AD9EC 		.ascii	"N:\331\354l3\273\331\"\265\327\335\350A\250PR\260l-"
 3367      6C33BBD9 
 3367      22B5D7DD 
 3367      E841A850 
 3367      52B06C2D 
 3368 0039 302808C4 		.ascii	"0(\010\304\207b\323\314\261u\321\350\241\210\3000I\221"
 3368      8762D3CC 
 3368      B175D1E8 
 3368      A188C030 
 3368      4991
 3369 004b 28489048 		.ascii	"(H\220HC\037,\273wv-_l\030\346\236\363}\347|\347\233"
 3369      431F2CBB 
 3369      77762D5F 
 3369      6C18E69E 
 3369      F37DE77C 
 3370 0061 33E32600 		.ascii	"3\343&\000g\020`\037\000\240\015\260\263\243\235\000"
 3370      6710601F 
 3370      00A00DB0 
 3370      B3A39D00 
 3371 0071 A5F45811 		.ascii	"\245\364X\021\301\266\216v\007\016\243\225!\304\011"
 3371      C1B68E76 
 3371      070EA395 
 3371      21C409
 3372 0080 C6F1BE4D 		.ascii	"\306\361\276Md\351jvan\252\214>4\361\033@\034\254K\300"
 3372      64E96A76 
 3372      616EAA8C 
 3372      3E34F11B 
 3372      401CAC4B 
 3373 0095 C2122C60 		.ascii	"\302\022,`\317Rt\012h\277\002\225&\245og\322\224:\340"
 3373      CF52740A 
 3373      68BF0295 
 3373      26A56F67 
 3373      D2943AE0 
 3374 00a9 F210C69F 		.ascii	"\362\020\306\237a\232\215a\242\370h\027@\261\325\207"
 3374      619A8D61 
 3374      A2F86817 
 3374      40B1D587 
 3375 00b9 02B2A075 		.ascii	"\002\262\240u\004\301\012b/\254\200\015H\177\256\206"
 3375      04C10A62 
 3375      2FAC800D 
 3375      487FAE86 
 3376 00c9 E718CBC1 		.ascii	"\347\030\313\301\243\370\027\357}\234\235)\004\023["
 3376      A3F817EF 
ARM GAS  /tmp/ccfF4MKe.s 			page 93


 3376      7D9C9D29 
 3376      04135B
 3377 00d8 586E1FE5 		.ascii	"Xn\037\345(\237\262\232\272\361\361\315\236^j\026D_"
 3377      289FB29A 
 3377      BAF1F1CD 
 3377      9E5E6A16 
 3377      445F
 3378 00ea 62AB3528 		.ascii	"b\2535(\203Dh\303\344n\001\017\362\202\241\316\365'"
 3378      834468C3 
 3378      E46E010F 
 3378      F282A1CE 
 3378      F527
 3379 00fc 1599249D 		.ascii	"\025\231$\235\244\274$\236/\261\\s\331\325\211;\205"
 3379      A4BC249E 
 3379      2FB15C73 
 3379      D9D5893B 
 3379      85
 3380 010d E30863D8 		.ascii	"\343\010c\330\312\215e\221\031\342\344\300;\301\244"
 3380      CA8D6591 
 3380      19E2E4C0 
 3380      3BC1A4
 3381 011c 6BEB37A9 		.ascii	"k\3537\251\371\265tl`\354KO\235\235 \0161*e\343;\242"
 3381      F9B5746C 
 3381      60EC4B4F 
 3381      9D9D200E 
 3381      312A65E3 
 3382 0132 05484D80 		.ascii	"\005HM\200>\033\311%I\226\254\020:\337\361\032\371\271"
 3382      3E1BC925 
 3382      4996AC10 
 3382      3ADFF11A 
 3382      F9B9
 3383 0144 34D8F5E9 		.ascii	"4\330\365\351v7r\367\034]\232v\340h\216\370\331\377"
 3383      763772F7 
 3383      1C5D9A76 
 3383      E0688EF8 
 3383      D9FF
 3384 0156 7BE14309 		.ascii	"{\341C\011\2329\242o\261\214\235\211{\0040\203\205Q"
 3384      9A39A26F 
 3384      B18C9D89 
 3384      7B043083 
 3384      8551
 3385 0168 ACB26A46 		.ascii	"\254\262jFz\237\316\336E\034\317\325\014\317:0\213\260"
 3385      7A9FCEDE 
 3385      451CCFD5 
 3385      0CCF3A30 
 3385      8BB0
 3386 017a 46127BB9 		.ascii	"F\022{\271\267\014\021\260\374=\271f7\004t0\247\223"
 3386      B70C11B0 
 3386      FC3DB966 
 3386      37047430 
 3386      A793
 3387 018c 08EC7885 		.ascii	"\010\354x\205\023|%\345S\214\270\300a\346\203+\177_"
 3387      137C25E5 
 3387      538CB8C0 
 3387      61E6832B 
 3387      7F5F
 3388 019e EE4F2DDA 		.ascii	"\356O-\332\271\272\345\357\307`\327\362\364\003\314"
ARM GAS  /tmp/ccfF4MKe.s 			page 94


 3388      B9BAE5EF 
 3388      C760D7F2 
 3388      F403CC
 3389 01ad 9B995F99 		.ascii	"\233\231_\231F\370E\222NhG\242\251\014$\333\254\252"
 3389      46F84592 
 3389      4E6847A2 
 3389      A90C24DB 
 3389      ACAA
 3390 01bf F4F5CE3A 		.ascii	"\364\365\316:\366\365\031w\325\342\224F\000\033!\333"
 3390      F6F51977 
 3390      D5E29446 
 3390      001B21DB 
 3391 01cf ADA65BC5 		.ascii	"\255\246[\305\377z$\310\267\314woB\375\026\272N\022"
 3391      FF7A24C8 
 3391      B7CC776F 
 3391      42FD16BA 
 3391      4E12
 3392 01e1 733D75D6 		.ascii	"s=u\326\017\222\262anM\011\223\247^\261ISeQ\327\002"
 3392      0F92B261 
 3392      6E4D0993 
 3392      A75EB149 
 3392      536551D7 
 3393 01f6 62BDAE9D 		.ascii	"b\275\256\235\223\245\210!\3266)\001\305\033\211\006"
 3393      93A58821 
 3393      D6362901 
 3393      C51B8906 
 3394 0206 156D73EC 		.ascii	"\025ms\354\253\256\021[4\275\331\010\373%\331\027\321"
 3394      ABAE115B 
 3394      34BDD908 
 3394      FB25D917 
 3394      D1
 3395 0217 A3A166D1 		.ascii	"\243\241f\321{\332SS\355;U\357>\341;\253\350j\213_\227"
 3395      7BDA5353 
 3395      ED3B55EF 
 3395      3EE13BAB 
 3395      E86A8B5F 
 3396 022c 452877B9 		.ascii	"E(w\271DvK\274U3\362\225\232!\352\021\321\320%\206K"
 3396      44764BBC 
 3396      5533F295 
 3396      9A21EA11 
 3396      D1D02586 
 3397 0241 5A28E892 		.ascii	"Z(\350\222\200H\341\235\033\211+PuH\222k\202G\340\300"
 3397      8048E19D 
 3397      1B892B50 
 3397      7548926B 
 3397      8247E0C0 
 3398 0255 D6DD4A48 		.ascii	"\326\335JH:\037\015\312\2143b\206\253\011\212\002~C"
 3398      3A1F0DCA 
 3398      8C336286 
 3398      AB098A02 
 3398      7E43
 3399 0267 AED79593 		.ascii	"\256\327\225\223[\264H\232\252j!Q\276\024\021\2177x"
 3399      5BB4489A 
 3399      AA6A2151 
 3399      BE14118F 
 3399      3778
 3400 0279 C45A8FD7 		.ascii	"\304Z\217\327\355\025k5\346\321\275\241\244\032\212"
ARM GAS  /tmp/ccfF4MKe.s 			page 95


 3400      ED156B35 
 3400      E6D1BDA1 
 3400      A41A8A
 3401 0288 E16B9424 		.ascii	"\341k\224$\246v\370\377*aMg\273a:\027\217Vz\254\227"
 3401      A676F8FF 
 3401      2A614D67 
 3401      BB613A17 
 3401      8F567AAC 
 3402 029d D065D6B5 		.ascii	"\320e\326\265\303\343mpr\037a]\251p\356\257\002\242"
 3402      C3E36D70 
 3402      721F615D 
 3402      A970EEAF 
 3402      02A2
 3403 02af 43912AAB 		.ascii	"C\221*\253\232\036\203?g\323>'"
 3403      9A1E833F 
 3403      67D33E27 
 3404              		.text
 3405              		.section	.gnu.lto_chCondBroadcastI.341.b96ed3b98aac8d71,"e",%progbits
 3406 0000 789C7553 		.ascii	"x\234uS]L\\E\024>\337\314\275\373\023\354\222T1\326"
 3406      5D4C5C45 
 3406      143EDFCC 
 3406      BDFB13EC 
 3406      925431D6 
 3407 0014 87BAF1C5 		.ascii	"\207\272\361\305\207*\327\024\323\324\027\377\210i\232"
 3407      872AD714 
 3407      D3D417FF 
 3407      88699A
 3408 0023 A6B106FB 		.ascii	"\246\261\006\373`\210\301\262\254aeaq\227u\323\020\272"
 3408      6088C1B2 
 3408      AC616561 
 3408      719775D3 
 3408      10BA
 3409 0035 97FFB8A4 		.ascii	"\227\377\270\244\241K*\251I-m\037\014&\246>\364\005"
 3409      A14B2AA9 
 3409      492D6D1F 
 3409      0C26A63E 
 3409      F405
 3410 0047 68812516 		.ascii	"h\201%\026\012\201F\334\330P\223\322(\261U\352\013\241"
 3410      0A8146DC 
 3410      D85093D2 
 3410      28B155EA 
 3410      0BA1
 3411 0059 AD94B658 		.ascii	"\255\224\266X\317\314\335]L\324\315\336\2313\347|\347"
 3411      CFCCDD5D 
 3411      4CD4CDDE 
 3411      9933E77C 
 3411      E7
 3412 006a 9B6FCE99 		.ascii	"\233o\316\231\211\030D\223D\324\302\037\274\204\276"
 3412      89184493 
 3412      44D4C21F 
 3412      BC84BE
 3413 0079 744A906D 		.ascii	"tJ\220m\333o\270\205hO\367\010\\\300\225/\316\273\214"
 3413      DB6FB885 
 3413      684FF708 
 3413      5CC0952F 
 3413      CEBB8C
 3414 008c AEB4EFFC 		.ascii	"\256\264\357\374\255\271W\015\211\376\002\302\205\023"
ARM GAS  /tmp/ccfF4MKe.s 			page 96


 3414      ADB9570D 
 3414      89FE02C2 
 3414      8513
 3415 009a 421B064E 		.ascii	"B\033\006N\364}\005mzD\207\223\225]y\260\333\350N\373"
 3415      F47D056D 
 3415      7A448793 
 3415      955D79B0 
 3415      DBE84EFB 
 3416 00ae CEF576BA 		.ascii	"\316\365v\272\0157Z\323)\007\000J\012\3512<n$\205\207"
 3416      0D375AD3 
 3416      2907004A 
 3416      0AE9323C 
 3416      6E248587 
 3417 00c2 367F67A4 		.ascii	"6\177g\244\305\361\373\223\177\034[|\306\036\314\340"
 3417      C5F1FB93 
 3417      7F1C5B7C 
 3417      C61ECCE0 
 3418 00d2 3651D289 		.ascii	"6Q\322\211\230p=\011\203\307\022\370Mx\216\320K\031"
 3418      98703D09 
 3418      83C712F8 
 3418      4D788ED0 
 3418      4B19
 3419 00e4 DB9E5F1C 		.ascii	"\333\236_\034\262m/\265\214 9\214!\020\011\264\342^"
 3419      B26D2FB5 
 3419      8C20398C 
 3419      211009B4 
 3419      E25E
 3420 00f6 095191CE 		.ascii	"\011Q\221\316\023&\330h\036\005g{\216\253Q%\335\277"
 3420      1326D868 
 3420      1E05677B 
 3420      8EAB5125 
 3420      DDBF
 3421 0108 915AEFDE 		.ascii	"\221Z\357\336~\322\316\030\207\307\320\254\363\306!"
 3421      7ED2CE18 
 3421      87C7D0AC 
 3421      F3C621
 3422 0117 642BA6B7 		.ascii	"d+\246\267\231\330\241\000\327\273\226'\301\200\016"
 3422      99D8A100 
 3422      D7BB9627 
 3422      C1800E
 3423 0126 3F239239 		.ascii	"?#\2229\204\326P\244\324=:+3\240\213hV\333L\300\241"
 3423      84D650A4 
 3423      D43D3A2B 
 3423      33A08B68 
 3423      56DB4CC0 
 3424 013b BFA4C61D 		.ascii	"\277\244\306\035\016\375\360\262[g'\276C\\gs\220Zqn"
 3424      0EFDF0B2 
 3424      5B6727BE 
 3424      435C6773 
 3424      905A716E 
 3425 014f 9BD2C376 		.ascii	"\233\322\303v|2\257ee\350\263\001\3371$\306r\300)\010"
 3425      7C32AF65 
 3425      65E8B301 
 3425      DF3124C6 
 3425      72C02908 
 3426 0163 A31567FF 		.ascii	"\243\025g\377-$\221\0272\265)dh\243\317\274\254\204"
 3426      2D249117 
ARM GAS  /tmp/ccfF4MKe.s 			page 97


 3426      32B52964 
 3426      68A3CFBC 
 3426      AC84
 3427 0175 C4FF73EB 		.ascii	"\304\377s\353dak\3269\003\232\006o\313+\010\327\267"
 3427      64616BD6 
 3427      39039A06 
 3427      6FCB2B08 
 3427      D7B7
 3428 0187 5933633F 		.ascii	"Y3c?z\334kg~+932sk}\337V\220p\013\022\036\311\237A\302"
 3428      7ADC6B67 
 3428      7E2B3933 
 3428      32736B7D 
 3428      DF569070 
 3429 01a2 6B9230BC 		.ascii	"k\2220\274\300\010|l\024\363GtJ\322\312\203\301\335"
 3429      C0087C6C 
 3429      14F34774 
 3429      4AD2CA83 
 3429      C1DD
 3430 01b4 B0334403 		.ascii	"\2603D\003Rh\273\235\3555a/-\314\2026D\273\237R\020"
 3430      5268BB9D 
 3430      ED35612F 
 3430      2DCC8236 
 3430      44BB9F52 
 3431 01c9 75212EFD 		.ascii	"u!.\375\023\332}\255HM\317;\303C\321\236\355\206\204"
 3431      13DA7DAD 
 3431      484DCF3B 
 3431      C343D19E 
 3431      ED8684
 3432 01dc F4BA5A58 		.ascii	"\364\272ZX\307C\321\366\027/\205T\231\235~)Sp\005\003"
 3432      C743D1F6 
 3432      172F8554 
 3432      999D7E29 
 3432      53700503 
 3433 01f0 4452B8F8 		.ascii	"DR\270\370~\210b\372St\334.\227\022W\240o\300\200\224"
 3433      7E8862FA 
 3433      5374DC2E 
 3433      971257A0 
 3433      6FC08094 
 3434 0204 D756E74D 		.ascii	"\327V\347M\265\245\324|\033\242C\357W\365\201\276\036"
 3434      B5A5D47C 
 3434      1BA243EF 
 3434      57F581BE 
 3434      1E
 3435 0215 95AAA8CC 		.ascii	"\225\252\250\314Q\031\343\371\033\030\357\377\200yp"
 3435      5119E3F9 
 3435      1B18EFFF 
 3435      807970
 3436 0224 BCCBB63D 		.ascii	"\274\313\266=\225Y\\\204xJ\263\270\012\302\325\312H"
 3436      95595C84 
 3436      784AB3B8 
 3436      0AC2D5CA 
 3436      48
 3437 0235 772E5C96 		.ascii	"w.\\\226\205s\334\233\025<\267\235\256\300\024\244\251"
 3437      8573DC9B 
 3437      153CB79D 
 3437      AEC014A4 
 3437      A9
ARM GAS  /tmp/ccfF4MKe.s 			page 98


 3438 0246 5C77463F 		.ascii	"\\wF?_\311~\011p\245\025\340N\326\213\031h\314\353\230"
 3438      5FC97E09 
 3438      70A515E0 
 3438      4ED68B19 
 3438      68CCEB98 
 3439 025a 862CD6DE 		.ascii	"\206,\326\336\265,\324y\306\226\237\226>\226\222\200"
 3439      B52CD479 
 3439      C6969F96 
 3439      3E969280 
 3440 026a 9640073F 		.ascii	"\226@\007?\374\021\264\213[\345I\\E\005w@\201VSW\205"
 3440      FC11B48B 
 3440      5BE5495C 
 3440      45057740 
 3440      81565357 
 3441 027f 130DE7A2 		.ascii	"\023\015\347\242\277\213\304\202\016K\237f[w\330N~]"
 3441      BF8BC482 
 3441      0E4B9F66 
 3441      5B77D84E 
 3441      7E5D
 3442 0291 E2E0AAF3 		.ascii	"\342\340\252\363\270-\211\237\360\256\302ieK\033Y-d"
 3442      B82D899F 
 3442      F0AEC269 
 3442      654B1B59 
 3442      2D64
 3443 02a3 65F8E8DD 		.ascii	"e\370\350\335\331\343\340\347\006u;\330\343ge\244\352"
 3443      D9E3E0E7 
 3443      06753BD8 
 3443      E36765A4 
 3443      EA
 3444 02b4 73BA481A 		.ascii	"s\272H\032\\\241w\366sY\213\305\263\212\365\356\340"
 3444      5CA177F6 
 3444      73598BC5 
 3444      B38AF5EE 
 3444      E0
 3445 02c5 1C5862BD 		.ascii	"\034Xb\275#Q\261\276\266\367\323\353j\245\205\356Y\304"
 3445      2351B1BE 
 3445      B6F7D3EB 
 3445      6AA585EE 
 3445      59C4
 3446 02d7 DBA4771B 		.ascii	"\333\244w\033\274\204\362\033x\223\210\333qD\327\312"
 3446      BC84F21B 
 3446      789388DB 
 3446      7144D7CA 
 3447 02e7 C35EDB40 		.ascii	"\303^\333@\256\020=[\024]\177\352\246\224f\236\352\271"
 3447      AE103D5B 
 3447      145D7FEA 
 3447      A694669E 
 3447      EAB9
 3448 02f9 F16478AE 		.ascii	"\361dx\256\300u\360\027\214\3623\324o~p{b)/n|\263\264"
 3448      C075F017 
 3448      8CF233D4 
 3448      6F7E707B 
 3448      62292F6E 
 3449 0310 ABBDFD40 		.ascii	"\253\275\375@\306a\\\373\336\213\211\\\035Kd1\213<\234"
 3449      C6615CFB 
 3449      DE8B895C 
 3449      1D4B6431 
ARM GAS  /tmp/ccfF4MKe.s 			page 99


 3449      8B3C9C
 3450 0323 ABE38564 		.ascii	"\253\343\205d\370W.A\007s\016'or\251&\362\007_\3559"
 3450      F8572E41 
 3450      07730E27 
 3450      6F72A926 
 3450      F2075FED 
 3451 0338 AA0FAEDE 		.ascii	"\252\017\256\336\247s_Ln\211\323Zw\241\321\217E\333"
 3451      A7735F4C 
 3451      6E89D35A 
 3451      77A1D18F 
 3451      45DB
 3452 034a CFEBFBB4 		.ascii	"\317\353\373\264\373\224\204v\267\351\376WX\265\221"
 3452      FB948476 
 3452      B7E9FE57 
 3452      58B591
 3453 0359 FAA0158D 		.ascii	"\372\240\025\215T[\007\242\221\217\203\201\246\230U"
 3453      545B07A2 
 3453      918F8381 
 3453      A69855
 3454 0368 5E1BAA0E 		.ascii	"^\033\252\016U4\305kB\221\177\332U;\313\254D$Z\027k"
 3454      5534C56B 
 3454      42917FDA 
 3454      553BCBAC 
 3454      44245A17 
 3455 037d 3C140856 		.ascii	"<\024\010V5E\343\015uV\305{\373\313vV\3559\260\367\255"
 3455      3545E30D 
 3455      7556C57B 
 3455      FBCB7656 
 3455      ED39B0F7 
 3456 0392 AA8F42D1 		.ascii	"\252\217B\321\372\304\241h\320\242\027JK-\376\007Tj"
 3456      FAC4A168 
 3456      D0A2174A 
 3456      4B2DFE07 
 3456      546A
 3457 03a4 24964346 		.ascii	"$\226CFbV\264\311\212E\003\354\017D\032jJ\003$\002\215"
 3457      6256B4C9 
 3457      8A4503EC 
 3457      0F441A6A 
 3457      4A032402 
 3458 03b9 5BF38BD2 		.ascii	"[\363\213\322\352\227_\011\004\313jv\221\370\244\361"
 3458      EA975F09 
 3458      04CB6A76 
 3458      91F8A4F1 
 3459 03c9 C5FF2708 		.ascii	"\305\377'\0105\004\302\361\232 \307\302\241XS\254\264"
 3459      3504C2F1 
 3459      9A20C7C2 
 3459      A15853AC 
 3459      B4
 3460 03da 96D0F837 		.ascii	"\226\320\3707\235g\322\361"
 3460      9D67D2F1 
 3461              		.text
 3462              		.section	.gnu.lto_chCondWait.342.b96ed3b98aac8d71,"e",%progbits
 3463 0000 789C7D52 		.ascii	"x\234}RMHTQ\024>\347\316\217#\202D1P\321b\010J(\235"
 3463      4D485451 
 3463      143EE7CE 
 3463      8F238244 
 3463      3150D162 
ARM GAS  /tmp/ccfF4MKe.s 			page 100


 3464 0018 274ED6B6 		.ascii	"'N\326\266\222\010\027#\342\264\037\234\347K'{>{o\246"
 3464      92081723 
 3464      E2B41F9C 
 3464      E74B277B 
 3464      3E7B6FA6 
 3465 002c 698869DE 		.ascii	"i\210i\336\214\341B\350G\311\026ej\320\220\2736e\203"
 3465      8CE142E8 
 3465      47C91665 
 3465      6AD090BB 
 3465      366583
 3466 003f 698D9ADA 		.ascii	"i\215\232\332\017Y\331\017\246\245(\204\013\311$\003"
 3466      0F59D90F 
 3466      A6A52884 
 3466      0BC92403 
 3467 004f 5D5876EE 		.ascii	"]Xv\356\233Q\334\030<\356=\347|\337\371\356w\016/\302"
 3467      9B51DC18 
 3467      3CEE3DE7 
 3467      7CDFF9EE 
 3467      770E2FC2 
 3468 0063 007C08B0 		.ascii	"\000|\010\260\037\000\320\004\330\322\334\304@\327\365"
 3468      1F00D004 
 3468      D8D2DCC4 
 3468      40D7F5
 3469 0072 A3590C63 		.ascii	"\243Y\014c\315M?{\036\232\261\017\215\002B\224a\024"
 3469      CD4D3F7B 
 3469      1E9AB10F 
 3469      8D024294 
 3469      6114
 3470 0084 EF9A2C68 		.ascii	"\357\232,h\335\201f:\355\350\020\010Z\031\232_\\\332"
 3470      DD81663A 
 3470      EDE81008 
 3470      5A199A5F 
 3470      5CDA
 3471 0096 D3D69532 		.ascii	"\323\326\2252G!\222\304\307$\007`A\333%(H\351\372\273"
 3471      472192C4 
 3471      C7240760 
 3471      41DB2528 
 3471      48E9FABB 
 3472 00aa F1A4AE67 		.ascii	"\361\244\256g\303\305\036\314`\214\305\360\203\335`"
 3472      C3C51ECC 
 3472      608CC5F0 
 3472      83DD60
 3473 00b9 DC403A0F 		.ascii	"\334@:\017\222\304b\327\375\306\334\3531[\264\0277\024"
 3473      92C462D7 
 3473      FDC6DCEB 
 3473      315BB417 
 3473      3714
 3474 00cb 623865CF 		.ascii	"b8e\317\201>\204\010Y\263`\016@\370\031\347S\020J\031"
 3474      813E8408 
 3474      59B3600E 
 3474      40F819E7 
 3474      53104A19 
 3475 00df 0135263F 		.ascii	"\0015&?\271\340)\206\322\345~\334\250\267%\207\276Z"
 3475      B9E02986 
 3475      D2E57EDC 
 3475      A8B72587 
 3475      BE5A
ARM GAS  /tmp/ccfF4MKe.s 			page 101


 3476 00f1 610083FC 		.ascii	"a\000\203\374\231A^\345^V\272\257N\276\335\335\246\247"
 3476      99415EE5 
 3476      5E56BAAF 
 3476      4EBEDDDD 
 3476      A6A7
 3477 0103 CCDA730C 		.ascii	"\314\332s\014\033\017\015!\263\306\260a\027\371\340"
 3477      1B0F0D21 
 3477      B3C6B061 
 3477      17F9E0
 3478 0112 84B196B5 		.ascii	"\204\261\226\265G\371\203\015\372\013\235S\"\031\212"
 3478      47F9830D 
 3478      FA0B9D53 
 3478      22198A
 3479 0121 310F975D 		.ascii	"1\017\227]\031\271m\035F\030\3040\320{#H\206\010D\354"
 3479      19B96D1D 
 3479      4618C430 
 3479      D07B2348 
 3479      860844EC 
 3480 0135 C5076396 		.ascii	"\305\007c\226\224\276\272vMO\315\331g\346f\276\177+"
 3480      94BEBA76 
 3480      4D4FCDD9 
 3480      67E666BE 
 3480      7F2B
 3481 0147 B331C41E 		.ascii	"\2631\304\0364\003\201\000\355&\276U\335\214z\012\240"
 3481      34038100 
 3481      ED26BE55 
 3481      DD8C7A0A 
 3481      A0
 3482 0158 C3C4D249 		.ascii	"\303\304\322I\003%\313L\237}?\212\306\3751\227_K3\255"
 3482      0325CB4C 
 3482      9F7D3F8A 
 3482      C6FD3197 
 3482      5F4B33AD 
 3483 016c 53B76E22 		.ascii	"S\267n\"\037\206\027\227&\262\261\337\010\227\022\211"
 3483      1F861797 
 3483      26B2B1DF 
 3483      08971289 
 3484 017c BFF3E33B 		.ascii	"\277\363\343;p \015t,\354\244;\336\311\000\207\320\252"
 3484      70200D74 
 3484      2CECA43B 
 3484      DEC90087 
 3484      D0AA
 3485 018e 61A1C1F9 		.ascii	"a\241\301\371\321\326=}\007q8\315y2\235\215#\010\253"
 3485      D1D63D7D 
 3485      077138CD 
 3485      79329D8D 
 3485      2308AB
 3486 01a1 2CBE975B 		.ascii	",\276\227[\035a\026\314\033g\215\266s\026\314\246\251"
 3486      1D6116CC 
 3486      1B678DB6 
 3486      7316CCA6 
 3486      A9
 3487 01b2 5E21D0F5 		.ascii	"^!\320\365\032_\362\015\345M\022\240\360\362\033\344"
 3487      1A5FF20D 
 3487      E54D12A0 
 3487      F0F21BE4 
 3488 01c2 BEE28BF7 		.ascii	"\276\342\213\367\022\355\0136\256n\330\3745\323\372"
ARM GAS  /tmp/ccfF4MKe.s 			page 102


 3488      12ED0B36 
 3488      AE6ED8FC 
 3488      35D3FA
 3489 01d1 7B228119 		.ascii	"{\"\201\0313\263\313\023\010\177X\203\003\232\220\311"
 3489      33B3CB13 
 3489      087F5883 
 3489      039A90C9 
 3490 01e1 B5546439 		.ascii	"\265Td9\006+y\345s\031\3753\204]\356t\231\314\204VK"
 3490      062B79E5 
 3490      7319FD33 
 3490      845DEE74 
 3490      99CC8456 
 3491 01f6 0026C6F8 		.ascii	"\000&\306\370pq\007\255\303d6\004\276\214n\022\250\204"
 3491      707107AD 
 3491      C3643604 
 3491      BE8C6E12 
 3491      A884
 3492 0208 4CFFEC44 		.ascii	"L\377\354D.\254\321T\305\304\002\2768L\357*\236\342"
 3492      2EACD154 
 3492      C5C402BE 
 3492      384CEF2A 
 3492      9EE2
 3493 021a A947A851 		.ascii	"\251G\250QdIP\025\237P\256*g$1\240\011%5~\237\337\023"
 3493      64495015 
 3493      9F50AE2A 
 3493      672431A0 
 3493      0925357E 
 3494 0231 0856F995 		.ascii	"\010V\371\225\315\261\267\310%\204\024\265V\253\257"
 3494      CDB1B7C8 
 3494      258414B5 
 3494      56ABAF
 3495 0240 14256F40 		.ascii	"\024%o@\015\326\325\012\236SnW\221\367dy\351q\357i\277"
 3495      0DD6D50A 
 3495      9E536E57 
 3495      91F76479 
 3495      E971EF69 
 3496 0255 2A872A55 		.ascii	"*\207*UI\200<\247S\240O\344\255\212\226a*\232\240\006"
 3496      49803CA7 
 3496      53A04FE4 
 3496      AD8A9661 
 3496      2A9AA006 
 3497 0269 044D15A9 		.ascii	"\004M\025\251.*uUN\021\230X\277}=q\372\012\017\211\222"
 3497      2E2A7555 
 3497      4E119858 
 3497      BF7D3D71 
 3497      FA0A0F89 
 3498 027e ABEA3098 		.ascii	"\253\3520\230d\255\372\300\326\012\376:\361l\260J\""
 3498      64ADFAC0 
 3498      D60AFE3A 
 3498      F16CB04A 
 3498      22
 3499 028f 4C0B6BCE 		.ascii	"L\013k\316\032\310\362UjR\271\352?\261E\213\250\310"
 3499      1AC8F255 
 3499      6A52B9EA 
 3499      3FB1458B 
 3499      A8C8
 3500 02a1 B2522748 		.ascii	"\262R'H\027\002\302\261\012\267P\342\366\224z\204\022"
ARM GAS  /tmp/ccfF4MKe.s 			page 103


 3500      1702C2B1 
 3500      0AB750E2 
 3500      F6947A84 
 3500      12
 3501 02b2 857C96AE 		.ascii	"\205|\226\256+\311\232_\363V\213\"\251\025\377_\245"
 3501      2BC99A5F 
 3501      F3568B22 
 3501      A915FF5F 
 3501      A5
 3502 02c3 5E51693F 		.ascii	"^Qi?\244s\376H\201\333\030D\225\250k\233\333S\341\340"
 3502      A473FE48 
 3502      81DB1844 
 3502      95A86B9B 
 3502      DB53E1E0 
 3503 02d7 3EEA557F 		.ascii	">\352U\177\276c_!0\025\262dIV\3240\374\003\376\336U"
 3503      BE635F21 
 3503      3015B264 
 3503      4956D430 
 3503      FC03FEDE 
 3504 02ec D5       		.ascii	"\325"
 3505              		.text
 3506              		.section	.gnu.lto_chCondWaitS.343.b96ed3b98aac8d71,"e",%progbits
 3507 0000 789C8D53 		.ascii	"x\234\215S}h[U\024?\347\336\367^\022\033\023P\263*T"
 3507      7D685B55 
 3507      143FE7DE 
 3507      F75E121B 
 3507      1350B32A 
 3508 0015 A9FE2338 		.ascii	"\251\376#8\2277V\035\370\207\240\016)C\304J\025\021"
 3508      9737561D 
 3508      F887A00E 
 3508      2943C44A 
 3508      1511
 3509 0027 91D0BEC4 		.ascii	"\221\320\276\3045\3264\365%!\2161\337k\323\265\220!"
 3509      35D634F5 
 3509      25218E31 
 3509      DF6BD3B5 
 3509      9021
 3510 0039 6DB556E7 		.ascii	"m\265V\347:u\210\264EeH\267u\235\265\315\346\334\320"
 3510      3A7588B4 
 3510      456548B7 
 3510      759DB5CD 
 3510      E6DCD0
 3511 004c 55332AD4 		.ascii	"U3*\324\257\255`\361\243Ut\325\211+\326Y\317\275/_\202"
 3511      AFAD60F1 
 3511      A35574D5 
 3511      892BD659 
 3511      CFBD2F5F 
 3512 0061 8A909B7B 		.ascii	"\212\220\233{\3179\277\363;\277s\356}\325*\300*\000"
 3512      CF39BFF3 
 3512      3BBF73EE 
 3512      7DD52AC0 
 3512      2A00
 3513 0073 B4D14217 		.ascii	"\264\321B\027\340\263\375Y\006\266m\337\341b,\323\277"
 3513      E0B3FD59 
 3513      06B66DDF 
 3513      E1622CD3 
 3513      BF
ARM GAS  /tmp/ccfF4MKe.s 			page 104


 3514 0084 9BE131FC 		.ascii	"\233\3411\374h\317\230\246t\365\373\306\276\235\271"
 3514      68CF98A6 
 3514      74F5FBC6 
 3514      BE9DB9
 3515 0093 4DE13850 		.ascii	"M\3418PB(lW\005\242\273\200Pq\260\204\320\260\243?{"
 3515      42286C57 
 3515      05A2BB80 
 3515      5071B084 
 3515      D0B0A33F 
 3516 00a8 7EFAA042 		.ascii	"~\372\240B \351@\260\030WT\015-\334\317U\324\256D\302"
 3516      20E940B0 
 3516      1857540D 
 3516      2DDCCF55 
 3516      D4AE44C2 
 3517 00bc 6B01ACD5 		.ascii	"k\001\254\325)\274\362\376\017}\2535C#9\305\202\235"
 3517      29BCF2FE 
 3517      0F7DAB35 
 3517      432339C5 
 3517      829D
 3518 00ce 47701C49 		.ascii	"Gp\034I\023\250\350~\0326\344l\373\314\347Gl\333\003"
 3518      13A8E87E 
 3518      1A36E46C 
 3518      FBCCE747 
 3518      6CDB03
 3519 00e1 3B8E6221 		.ascii	";\216b!\306X\007\256\\%\021\003H\377\353\211b\371\354"
 3519      C65807AE 
 3519      5C251103 
 3519      48FFEB89 
 3519      62F9EC
 3520 00f4 70B7AFAF 		.ascii	"p\267\257\257\303mMb\211\241\003_\012\020\346E\211!"
 3520      C36D4D62 
 3520      89A1035F 
 3520      0A10E645 
 3520      8921
 3521 0106 A2E52F7B 		.ascii	"\242\345/{z\004f\373T%\246W`\366\2260_\014KL:W\211\311"
 3521      7A0466FB 
 3521      5425A657 
 3521      60F69630 
 3521      5F0C4B4C 
 3522 011e 04AAE018 		.ascii	"\004\252\340\030N\343\273\010;\251\276\212U\000\251"
 3522      4EE3BB08 
 3522      3BA9BE8A 
 3522      5500A9
 3523 012d F7444E15 		.ascii	"\367DN\025\325\036\251\206\343\230\002\362\235@\307"
 3523      D51EA986 
 3523      E39802F2 
 3523      9D40C7
 3524 013c 09903859 		.ascii	"\011\2208Y\214\256\374\370\234J\361\204\210\237Br\213"
 3524      8CAEFCF8 
 3524      9C4AF184 
 3524      889F4272 
 3524      8B
 3525 014d 0E701299 		.ascii	"\016p\022\231\353\300\254\232\263\377X\353\265\355\374"
 3525      EBC0AC9A 
 3525      B3FF58EB 
 3525      B5EDFC
 3526 015c EDE7CEAE 		.ascii	"\355\347\316\256y\256F`n\006\314\303i)tVi\327h\271\200"
ARM GAS  /tmp/ccfF4MKe.s 			page 105


 3526      79AE4660 
 3526      6E06CCC3 
 3526      69297456 
 3526      69D768B9 
 3527 0171 5DE6A6E5 		.ascii	"]\346\246\345\005\306}\210G1\000DP\015L\001x\231\213"
 3527      05C67D88 
 3527      47310044 
 3527      500D4C01 
 3527      78998B
 3528 0184 89DB0ADA 		.ascii	"\211\333\012\3329\200W8s\214\014\031\027\231\275p(\217"
 3528      39805738 
 3528      738C0C19 
 3528      1799BD70 
 3528      288F
 3529 0196 62BF303A 		.ascii	"b\2770:8?7\204B\235\360^\230\363\340\011\204U\32695"
 3529      383F3784 
 3529      429DF05E 
 3529      98F3E009 
 3529      8455D639 
 3530 01ab 7A39AFA6 		.ascii	"z9\257\246\213\210\012\265Yd\321m\264\277\211\020\371"
 3530      8B880AB5 
 3530      5964D16D 
 3530      B4BF8910 
 3530      F9
 3531 01bc 103F10AE 		.ascii	"\020?\020\256\315\304\3466Nc\023\265&\317\351\031\014"
 3531      CDC4E636 
 3531      4E6313B5 
 3531      26CFE919 
 3531      0C
 3532 01cd D199683A 		.ascii	"\321\231h:\227'\2369\330\373\002\322\015c\016y\265d"
 3532      97279E39 
 3532      D8FB02D2 
 3532      0D630E79 
 3532      B564
 3533 01df 1E2FD47B 		.ascii	"\036/\324{}_\337n\252w\322\251\367\374i\017\236r\352"
 3533      7D5FDF6E 
 3533      AA77D2A9 
 3533      F7FC690F 
 3533      9E72EA
 3534 01f2 2DD5702F 		.ascii	"-\325p/\325K\243S\347\321\206\217\021$\361#y|\230\346"
 3534      D54BA353 
 3534      E7D1868F 
 3534      1124F123 
 3534      797C98E6 
 3535 0206 53203E9C 		.ascii	"S >\234\037\220\304S\310\275\222b\302!^\230\364\303"
 3535      1F90C453 
 3535      C8BD9262 
 3535      C2215E98 
 3535      F4C3
 3536 0218 2596A905 		.ascii	"%\226\251\005\322\372\320\2034\310u\322;\345\027\333"
 3536      D2FAD083 
 3536      34C875D2 
 3536      3BE517DB 
 3537 0228 0DCEDF2A 		.ascii	"\015\316\337*\313\314\366 G\356\323v\320\254\251\352"
 3537      CBCCF620 
 3537      47EED376 
 3537      D0ACA9EA 
ARM GAS  /tmp/ccfF4MKe.s 			page 106


 3538 0238 9F64328E 		.ascii	"\237d2\216\224\271\253\226\363,j\367\337\007\300\231"
 3538      94B9AB96 
 3538      F32C6AF7 
 3538      DF07C099 
 3539 0248 46AF925D 		.ascii	"F\257\222]\003\277\261\256\357\267p\216\237\310\313"
 3539      03BFB1AE 
 3539      EFB7708E 
 3539      9FC8CB
 3540 0257 A619F2C5 		.ascii	"\246\031\362\305\231=ub\204\\\362]b]\262\336=[\305\223"
 3540      993D7562 
 3540      845CF25D 
 3540      625DB2DE 
 3540      3D5BC593 
 3541 026b D3EA9D51 		.ascii	"\323\352\235Qi\365O\312\026\224\273?\3059\244x75Q\377"
 3541      69F54FCA 
 3541      1694BB3F 
 3541      C539A478 
 3541      373551FF 
 3542 027f 191E4776 		.ascii	"\031\036Gv\235dQJ7\201Em\013g\376A\247\302\275\332\366"
 3542      9D64514A 
 3542      3781456D 
 3542      0B67FE41 
 3542      A7C2BDDA 
 3543 0294 B24E952B 		.ascii	"\262N\225+\216N\255\250S%e%\231ZY\246\372_2+\005\236"
 3543      8E4EADA8 
 3543      53256525 
 3543      995A59A6 
 3543      FA5F322B 
 3544 02aa AB10385F 		.ascii	"\253\0208_\026\250\225\004\252%\201s\376\022\317\235"
 3544      16A89504 
 3544      AA258173 
 3544      FE12CF9D 
 3545 02ba D31615F7 		.ascii	"\323\026\025\367\262\353e`\336/\004\016\215\256\023"
 3545      B2EB6560 
 3545      DE2F040E 
 3545      8DAE13
 3546 02c9 9494B7E8 		.ascii	"\224\224\267\350\225WWx!\357X_\341\004\301\2051\342"
 3546      95575778 
 3546      21EF585F 
 3546      E104C185 
 3546      31E2
 3547 02db 5B82051C 		.ascii	"[\202\005\034\027\311>\231\372s^^\375`\026\271\253\230"
 3547      17C93E99 
 3547      FA735E5E 
 3547      FD6016B9 
 3547      AB98
 3548 02ed 5D73C86A 		.ascii	"]s\310j\236-\245\217Y_\343\333\224\220\2251l\375\306"
 3548      9E2DA58F 
 3548      595FE3DB 
 3548      94909531 
 3548      6CFDC6
 3549 0300 1987C870 		.ascii	"\031\207\310p\0273n\256\254w\300\372\016\337\262\240"
 3549      17336EAE 
 3549      AC77C0FA 
 3549      0EDFB2A0 
 3550 0310 608EE863 		.ascii	"`\216\350c\326\"\276QA\260D\004b\210\242\217QkXhqq7"
 3550      D622BE51 
ARM GAS  /tmp/ccfF4MKe.s 			page 107


 3550      41B04404 
 3550      6288A28F 
 3550      516B5868 
 3551 0327 DB20F5FC 		.ascii	"\333 \365\374R\356\3615k?\305\264k\321\3056\312\330"
 3551      52EEF135 
 3551      6B3FC5B4 
 3551      6BD1C536 
 3551      CAD8
 3552 0339 AF7EE795 		.ascii	"\257~\347\225r\036(\026\366\377\275\321\237\312\215"
 3552      721E2816 
 3552      F6FFBDD1 
 3552      9FCA8D
 3553 0348 06ACF3B8 		.ascii	"\006\254\363\270\217\014\361f_\365\323\027\311\003\222"
 3553      8F0CF166 
 3553      5FF5D317 
 3553      C90392
 3554 0357 E4621ECB 		.ascii	"\344b\036\313S\334[9\305\337\375\260F\330[\011\010\342"
 3554      53DC5B39 
 3554      C5DFFDB0 
 3554      46D85B09 
 3554      08E2
 3555 0369 D345E70A 		.ascii	"\323E\347\012:s\302l\324[\342\261\210n\306\233\365\006"
 3555      3A73C26C 
 3555      D45BE2B1 
 3555      886EC69B 
 3555      F506
 3556 037b 33FE78C4 		.ascii	"3\376x\304H&\364--\321\346hc2\025\216\306+\317\241M"
 3556      4826F42D 
 3556      2DD1E668 
 3556      6332158E 
 3556      C62BCFA1 
 3557 0390 757A3A6E 		.ascii	"uz:n\266&\332\233\214H(i\246\332Z\365\306\007\356\255"
 3557      B626DA9B 
 3557      8C482869 
 3557      A6DA5AF5 
 3557      C607EEAD 
 3558 03a4 DB14AA6F 		.ascii	"\333\024\252o\330zW\350\261\250\031K7\231\021\035n\014"
 3558      D87A57E8 
 3558      B1A8194B 
 3558      3799111D 
 3558      6E0C
 3559 03b6 0675FA19 		.ascii	"\006u\372\031\"5\236( \343\011\335L\352\011\323 \277"
 3559      22359E28 
 3559      20E309DD 
 3559      4CEA09D3 
 3559      20BF
 3560 03c8 116F0B07 		.ascii	"\021o\013\007\015`F\373\025E#\330\274\361\026#R\027"
 3560      0D6046FB 
 3560      154523D8 
 3560      BCF11623 
 3560      5217
 3561 03da DE0C3C96 		.ascii	"\336\014<\226\330\306b\355\232\2212\315d{\360\337\271"
 3561      D8C662ED 
 3561      9A9132CD 
 3561      647BF0DF 
 3561      B9
 3562 03eb A26DC613 		.ascii	"\242m\306\023\251p\204b\311\0263\322\024N\004[\340\246"
ARM GAS  /tmp/ccfF4MKe.s 			page 108


 3562      A9708462 
 3562      C91633D2 
 3562      144E045B 
 3562      E0A6
 3563 03fd FF038F25 		.ascii	"\377\003\217%\237\"\350_\003\015\375E"
 3563      9F22E85F 
 3563      030DFD45 
 3564              		.text
 3565              		.section	.gnu.lto_chCondWaitTimeout.344.b96ed3b98aac8d71,"e",%progbits
 3566 0000 789C7D52 		.ascii	"x\234}R]H\024Q\024>\347\316\216\353V\224\244B\005\301"
 3566      5D481451 
 3566      143EE7CE 
 3566      8EEB5694 
 3566      A44205C1 
 3567 0014 129450BA 		.ascii	"\022\224P\272#\376\324k%\021>,H\333\373\242\343\244"
 3567      23FED46B 
 3567      25113E2C 
 3567      48DBFBA2 
 3567      E3A4
 3568 0026 A38DA333 		.ascii	"\243\215\2433\273m\022\346\254KFB\245R\366\247\226\017"
 3568      BB6D12E6 
 3568      AC4B4642 
 3568      A552F6A7 
 3568      960F
 3569 0038 463D440F 		.ascii	"F=D\017\375\211\211n\251\251d(\006\021&\031f\370 \210"
 3569      FD89896E 
 3569      A9A96428 
 3569      06112619 
 3569      66F82088 
 3570 004c 68A00F9A 		.ascii	"h\240\017\232\235;\273I/\005\303=\367\234\357\273\337"
 3570      9D3BBB49 
 3570      2F05C33D 
 3570      F79CEFBB 
 3570      DF
 3571 005d F9CE611E 		.ascii	"\371\316a\0362\2002\0048\000\000(\0006750\260,\353\250"
 3571      32803204 
 3571      38000028 
 3571      00363735 
 3571      30B02CEB 
 3572 0072 9361B8A9 		.ascii	"\223a\270\251an\364\271\003\373\320. \3242\254\305\016"
 3572      616EF4B9 
 3572      03FBD02E 
 3572      20D432AC 
 3572      C50E
 3573 0084 41C48464 		.ascii	"A\304\204dt\320\231\212n\211\240\325\301\371\361[{["
 3573      74D0998A 
 3573      6E89A0D5 
 3573      C1F9F15B 
 3573      7B5B
 3574 0096 1F451DB5 		.ascii	"\037E\035\265P\323\205\257H\016@\304\304\213\220\021"
 3574      50D385AF 
 3574      480E40C4 
 3574      C48B9011 
 3575 00a6 B5ACF1E9 		.ascii	"\265\254\361\351.\313r\301\205n\214c\214\205\261?\205"
 3575      2ECB72C1 
 3575      856E8C63 
 3575      8C85B13F 
ARM GAS  /tmp/ccfF4MKe.s 			page 109


 3575      85
 3576 00b7 F01B1823 		.ascii	"\360\033\030#\\\211\\\266\222\034\325=\233\004!\214"
 3576      5C895CB6 
 3576      921CD53D 
 3576      9B04218C 
 3577 00c7 6329B644 		.ascii	"c)\266D+\322y\210z,\366>\256\337\336\030N\254\355\305"
 3577      2BD27988 
 3577      7A2CF63E 
 3577      AEDFDE18 
 3577      4EACEDC5 
 3578 00db CD16619C 		.ascii	"\315\026a\234J\331\012}\0105\344]\304\255\000\2417\234"
 3578      4AD90A7D 
 3578      0835E45D 
 3578      C4AD00A1 
 3578      379C
 3579 00ed 4F97E05B 		.ascii	"O\227\340[\373B\017\273fs \212\301X\271\0377\353\255"
 3579      FB420FBB 
 3579      6673208A 
 3579      C158B91F 
 3579      37EBAD
 3580 0100 C3835309 		.ascii	"\303\203S\0110\200&o\363\236W\271\227\325O\327\276\214"
 3580      3080266F 
 3580      F39E57B9 
 3580      97D54FD7 
 3580      BE8C
 3581 0112 ED69B5A2 		.ascii	"\355i\265\242\216\252w\030\262\033\015!s\2061\262\233"
 3581      8EAA7718 
 3581      B21B0D21 
 3581      738631B2 
 3581      9B
 3582 0123 7C70C252 		.ascii	"|p\302R\363\306\213\364\376\2105lqJM\234b\017\314eW"
 3582      F3C68BF4 
 3582      FE88356C 
 3582      714A4D9C 
 3582      620FCC65 
 3583 0138 87EE250C 		.ascii	"\207\356%\014#\014b\010\250\337\010\222!\002\021{\361"
 3583      230C6208 
 3583      A8DF0892 
 3583      2102117B 
 3583      F1
 3584 0149 E98418B5 		.ascii	"\351\204\030\265\3266\256[\321\271\324\216\247\023w"
 3584      D636AE5B 
 3584      D1B9D48E 
 3584      A71377
 3585 0158 7A9E6D71 		.ascii	"z\236mq1\304n\024\020{P\004\242\000\264\013|\371\226"
 3585      31C46E14 
 3585      107B5004 
 3585      A200B40B 
 3585      7CF996
 3586 016b 03AD28C0 		.ascii	"\003\255(\300}\201\305\222\010%+\314\232Y\237@;6&\363"
 3586      7D81C592 
 3586      08252BCC 
 3586      9A599F40 
 3586      3B3626F3 
 3587 017f B0DCD1F2 		.ascii	"\260\334\321\362\365n\013\362\221xqy\322\205\375\366"
 3587      F56E0BF2 
 3587      91787179 
ARM GAS  /tmp/ccfF4MKe.s 			page 110


 3587      D285FDF6 
 3588 018f 75F947E7 		.ascii	"u\371G\347\257\371\317\3118\020\003\356/\354\242X\367"
 3588      AFF9CFC9 
 3588      381003EE 
 3588      2FECA258 
 3588      F7
 3589 01a0 80010E61 		.ascii	"\200\001\016aB\025f\332\234'm/\247\333\020\207c\234"
 3589      421566DA 
 3589      9C276D2F 
 3589      A7DB1087 
 3589      639C
 3590 01b2 D7D32E1C 		.ascii	"\327\323.\034AXcu\373\270\3411&b\3327V\237\250\213\350"
 3590      41586375 
 3590      FBB8E131 
 3590      2662DA37 
 3590      569FA88B 
 3591 01c7 A2D94611 		.ascii	"\242\331F\021(|@{Oi\337\011\320xy\014\271\257\272\305"
 3591      287C407B 
 3591      4F69DF09 
 3591      D078790C 
 3591      B9AFBAC5 
 3592 01db D9CEF685 		.ascii	"\331\316\366\205D\256n\333\\\352h\3719\331\211q33+\223"
 3592      44AE6EDB 
 3592      5CEA68F9 
 3592      39D98971 
 3592      33332B93 
 3593 01ef 08EB2CE2 		.ascii	"\010\353,\342\206\006d\345*\025\3316\233\325u\265\331"
 3593      860664E5 
 3593      2A15D936 
 3593      9BD575B5 
 3593      D9
 3594 0200 47BF1661 		.ascii	"G\277\026a\227\036d\013\"\241\212\014 0A`;\270\252\233"
 3594      971E640B 
 3594      22A18A0C 
 3594      20304160 
 3594      3BB8AA9B 
 3595 0214 162288B6 		.ascii	"\026\"\210\266\304\315\217\177I\370!\2560s;\0316h\256"
 3595      C4CD8F7F 
 3595      49F821AE 
 3595      30733B19 
 3595      3668AE
 3596 0227 5C62015F 		.ascii	"\\b\001_\035\306\266U\027\345\251O*\3255E2\364\"\251"
 3596      1DC6B655 
 3596      17E5A94F 
 3596      2AD53545 
 3596      32F422A9 
 3597 023b C0D0CB14 		.ascii	"\300\320\313\0249`Jy\245j\221\352\013\004\213U\375\357"
 3597      39604A79 
 3597      A56A91EA 
 3597      0B048B55 
 3597      FDEF
 3598 024d BB3F2B5B 		.ascii	"\273?+[\012\351F\271YY(+\376\200\021\254(\227|\247\275"
 3598      0AE946B9 
 3598      5959282B 
 3598      FE8011AC 
 3598      28977CA7 
 3599 0262 D959FE93 		.ascii	"\331Y\376\223\005\371\307\375gTC\013\025\032\212\004"
ARM GAS  /tmp/ccfF4MKe.s 			page 111


 3599      05F9C7FD 
 3599      6754430B 
 3599      151A8A04 
 3600 0272 691E8F44 		.ascii	"i\036\217D\237\314\237\352f\234\251\233\222\021\220"
 3600      9FCC9FEA 
 3600      669CA99B 
 3600      921190
 3601 0281 4C43A6BA 		.ascii	"LC\246\272\254W\024{d`r\345\316?\211\247(3GV\262\213"
 3601      AC57147B 
 3601      646072E5 
 3601      CE3F89A7 
 3601      28334756 
 3602 0297 0F8333A0 		.ascii	"\017\2033\240j\212\036\014\010\232Yr\360\337Jj\205|"
 3602      6A8A1E0C 
 3602      089A5972 
 3602      F0DF4A6A 
 3602      857C
 3603 02a9 3658AC10 		.ascii	"6X\254\020fV\233\236Rp\026\025\232J\201\241\236\370"
 3603      66569B9E 
 3603      52701615 
 3603      9A4A81A1 
 3603      9EF8
 3604 02bb C71359D7 		.ascii	"\307\023Y\3274\275BR\316\007\244c\247\274R\236\327\227"
 3604      34BD4252 
 3604      CE07A463 
 3604      A7BC529E 
 3604      D797
 3605 02cd EF93F274 		.ascii	"\357\223\362t\362\233\377GI3U\323_\"\313\244\226\373"
 3605      F29BFF47 
 3605      493355D3 
 3605      5F22CBA4 
 3605      96FB
 3606 02df 7F954ADD 		.ascii	"\177\225J\335\240=\221\316\271#\031^{ C\241WI^\337)"
 3606      A03D91CE 
 3606      B923195E 
 3606      7B2043A1 
 3606      57495EDF 
 3607 02f4 37F75169 		.ascii	"7\367Qi\250\351\356\375\231\300\014pj\212\246\033\325"
 3607      A8E9EEFD 
 3607      99C00C70 
 3607      6A8AA61B 
 3607      D5
 3608 0305 F01B39E0 		.ascii	"\360\0339\340b\263"
 3608      62B3
 3609              		.text
 3610              		.section	.gnu.lto_chCondWaitTimeoutS.345.b96ed3b98aac8d71,"e",%progbits
 3611 0000 789C8D54 		.ascii	"x\234\215TmL[U\030>\3579\367\336\266TIC\225%\015d\235"
 3611      6D4C5B55 
 3611      183EEF39 
 3611      F7DEB654 
 3611      49439525 
 3612 0017 FE30F1A3 		.ascii	"\3760\361\243\327\200.\361\237\221\340\262\037\213K"
 3612      D7802EF1 
 3612      9F91E0B2 
 3612      1F8B4B
 3613 0026 D0F81543 		.ascii	"\320\370\025C\240T\250\263\224\365#\270,\363\336R>\222"
 3613      A054A8B3 
ARM GAS  /tmp/ccfF4MKe.s 			page 112


 3613      94F523B8 
 3613      2CF3DE52 
 3613      3E92
 3614 0038 E2149601 		.ascii	"\342\024\226\001\253\003a\242\023\202\013\333\230\331"
 3614      AB0361A2 
 3614      13820BDB 
 3614      98D9
 3615 0046 C489750C 		.ascii	"\304\211u\014d\0313\033qM\024\277F\262\011C\023\314"
 3615      6419331B 
 3615      714D14BF 
 3615      46B20943 
 3615      13CC
 3616 0058 12379D88 		.ascii	"\0227\235\210\3579\267\275\364\307Llz\3579\347}\237"
 3616      EF39B7BD 
 3616      F4C74C6C 
 3616      7AEF39E7 
 3616      7D9F
 3617 006a F7799FF3 		.ascii	"\367y\237\363\364\234\366\310\2040 \3440!\004\362\010"
 3617      F49CF6C8 
 3617      843020E4 
 3617      302104F2 
 3617      08
 3618 007b ECEB4C50 		.ascii	"\354\353LP\242\353\372\223\026J\233;\333)L\302\205\344"
 3618      A2EBFA93 
 3618      164A9B3B 
 3618      DB294CC2 
 3618      85E4
 3619 008d 9822C53B 		.ascii	"\230\"\305;\363\307\256\315>!1\214\332E\244%\023\221"
 3619      F3C7AECD 
 3619      3E21318C 
 3619      DA45A425 
 3619      1391
 3620 009f A0CBAC91 		.ascii	"\240\313\254\221ikNM[\006\241@\217\211\260\320\003\035"
 3620      696B4E4D 
 3620      5B06A140 
 3620      8F89B0D0 
 3620      031D
 3621 00b1 C73721E2 		.ascii	"\3077!\342\317\376\0176J\311\216\005h\373y\336-Y!\271"
 3621      CFFE0F36 
 3621      4AC98E05 
 3621      68FB79DE 
 3621      2D5921B9 
 3622 00c5 EFFD4D06 		.ascii	"\357\375M\006\304\006\261\316\304W\363'$D\211\000\020"
 3622      C406B1CE 
 3622      C457F327 
 3622      24448900 
 3622      10
 3623 00d6 8D324956 		.ascii	"\2152IV,V\033hp\210\311\2408A\302\367\275\340V\021q"
 3623      2C561B68 
 3623      7088C9A0 
 3623      3841C2F7 
 3623      BDE05611 
 3624 00eb 6B6AF9E8 		.ascii	"kj\371\350\261\342\336\241\224\244\221=\247\340$n\207"
 3624      B1E2DEA1 
 3624      94A4913D 
 3624      A7E0246E 
 3624      87
ARM GAS  /tmp/ccfF4MKe.s 			page 113


 3625 00fc 1019AC6F 		.ascii	"\020\031\254o\222GR\272~q\361\224\256\333\310\356q\310"
 3625      924752BA 
 3625      7E71F194 
 3625      AEDBC8EE 
 3625      71C8
 3626 010e E4288DC1 		.ascii	"\344(\215\301%'\346\367\203\001H\304\333t\207\264\353"
 3626      2527E6F7 
 3626      830148C4 
 3626      DB7487B4 
 3626      EB
 3627 011f B4096031 		.ascii	"\264\011`1\370\301)(z\001\337\017a\217\225\267GZ\363"
 3627      F8C12928 
 3627      7A01DF0F 
 3627      618F95B7 
 3627      475AF3
 3628 0132 3B62566D 		.ascii	";bVm\002\314\0261\210\337\203\230\001\201A\242\225\275"
 3628      02CC1631 
 3628      88DF8398 
 3628      018141A2 
 3628      95BD
 3629 0144 ED6D1CD3 		.ascii	"\355m\034\323\230\312\305\334\344\255\006M\314[#\002"
 3629      98CAC5DC 
 3629      E4AD064D 
 3629      CC5B2302 
 3630 0154 133D938B 		.ascii	"\023=\223\213\271\356\264\223I\370\022\276\000\262\007"
 3630      B9EEB493 
 3630      49F812BE 
 3630      00B207
 3631 0163 FBCB6027 		.ascii	"\373\313`'$<\305k\354\330{h\0039\013a\202\261i0\202"
 3631      243CC56B 
 3631      ECD87B68 
 3631      03390B61 
 3631      82B16930 
 3632 0178 84EC9CC9 		.ascii	"\204\354\234\311foMw\311\230\337\311\363\347\000\303"
 3632      666F4D77 
 3632      C998DFC9 
 3632      F3E700C3 
 3633 0188 7C073001 		.ascii	"|\0070\001\324::'\247\364\277\327\336\321\365\237^8"
 3633      D43A3A27 
 3633      A7F4BFD7 
 3633      DED1F59F 
 3633      5E38
 3634 019a 38F9CB11 		.ascii	"8\371\313\021(\006Bm\224\320<\206\217\204s\031G\005"
 3634      2806426D 
 3634      94D03C86 
 3634      8F847319 
 3634      4705
 3635 01ac 1F0BCEAD 		.ascii	"\037\013\316\2558\332\360\311#\324n\307\307A\250T\000"
 3635      38DAF0C9 
 3635      23D46EC7 
 3635      C741A854 
 3635      00
 3636 01bd 300E4E80 		.ascii	"0\016N\200\323\340\"HY\204\322\010y\217\2215\3740\320"
 3636      D3E02248 
 3636      5984D208 
 3636      798F9135 
 3636      FC30D0
ARM GAS  /tmp/ccfF4MKe.s 			page 114


 3637 01d0 5384F433 		.ascii	"S\204\3643j,\342\270\270I\365\205d\032\370xc\251\373"
 3637      6A2CE2B8 
 3637      B849F585 
 3637      641AF878 
 3637      63A9FB
 3638 01e3 C7742F70 		.ascii	"\307t/p\275<z#m\203i \267i\323\304\360\335\254\010\177"
 3638      BD3C7A23 
 3638      6D836920 
 3638      B769D3C4 
 3638      F0DDAC08 
 3639 01f8 BB5AAE3F 		.ascii	"\273Z\256?\001\264\326\207\343\307@\274\263p\236\207"
 3639      01B4D687 
 3639      E3C740BC 
 3639      B3709E87 
 3640 0208 36E396AC 		.ascii	"6\343\226\254U\027\240\0227+\346\321\257\341\025\234"
 3640      5517A012 
 3640      372BE6D1 
 3640      AFE1159C 
 3641 0218 234DD3CA 		.ascii	"#M\323\312\247{\017t\367\000\236\0138\003\254H0\037"
 3641      A77B0F74 
 3641      F7009E0B 
 3641      3803AC48 
 3641      301F
 3642 022a CCF4BBDA 		.ascii	"\314\364\273\332\327\321\216\375f\214~]\347mp\316\350"
 3642      D7D18EFD 
 3642      668C7E5D 
 3642      E76D70CE 
 3642      E8
 3643 023b B754C41C 		.ascii	"\267T\304\034\330/\012F\237\227\237\276\010D\020\277"
 3643      D82F0A46 
 3643      9F979FBE 
 3643      084410BF 
 3644 024b 78099E47 		.ascii	"x\011\236G\3072\304\357\246\367\013\342\0240\207\240"
 3644      C732C4EF 
 3644      A6F70BE2 
 3644      143087A0 
 3645 025b E8338817 		.ascii	"\3503\210\027\216\026\222U\032w\023\324\372\\\005Z\273"
 3645      8E169255 
 3645      1A7713D4 
 3645      FA5C055A 
 3645      BB
 3646 026c 41448F17 		.ascii	"AD\217\027\362\341>\343u\233\306\347\332\200\001+Pv"
 3646      F2E13EE3 
 3646      759BC6E7 
 3646      DA80012B 
 3646      5076
 3647 027e A3FBD8F5 		.ascii	"\243\373\330\365\037\\R\274W\253\264\305\315X\002\224"
 3647      1F5C52BC 
 3647      57ABB4C5 
 3647      CD580294 
 3648 028e 67B6E13D 		.ascii	"g\266\341=\243\012\236e\352\"\177\320\346\353e\214\301"
 3648      A30A9E65 
 3648      EA227FD0 
 3648      E6EB658C 
 3648      C1
 3649 029f 65F1F3A3 		.ascii	"e\361\363\243\207\254\007/\212\360P\312pI\314\251\354"
 3649      87AC072F 
ARM GAS  /tmp/ccfF4MKe.s 			page 115


 3649      8AF050CA 
 3649      7049CCA9 
 3649      EC
 3650 02b0 5AE79299 		.ascii	"Z\347\222\231dp)Y.\031\253M*e\235J\232Z\036\274B8\225"
 3650      64702959 
 3650      2E19AB4D 
 3650      2A659D4A 
 3650      9A5A1EBC 
 3651 02c7 2CB4ADD2 		.ascii	",\264\255\322f\241}\353\026~\240\225r\303v\245<(\354"
 3651      66A17DEB 
 3651      167EA095 
 3651      72C376A5 
 3651      3C28EC
 3652 02da 90CAE6E1 		.ascii	"\220\312\346\341;\300|+\032R\376=\234\005\272Q\320\310"
 3652      3BC07C2B 
 3652      1A52FE3D 
 3652      9C05BA51 
 3652      D0C8
 3653 02ec E8902E71 		.ascii	"\350\220.q\032\310\356s\341\304\035\366la\016\245q]"
 3653      1AC8EE73 
 3653      E1C41DF6 
 3653      6C610EA5 
 3653      715D
 3654 02fe A795590C 		.ascii	"\247\225Y\014\235\266\254N+\327\351\316\350\264\255"
 3654      9DB6AC4E 
 3654      2BD7E9CE 
 3654      E8B4AD
 3655 030d EB541667 		.ascii	"\353T\026g\223\245\234\237\335Af\256\300+9\002\027\326"
 3655      93A59C9F 
 3655      DD4166AE 
 3655      C02B3902 
 3655      17D6
 3656 031f 055A4C81 		.ascii	"\005ZL\201\262)p\274\320\344\371\\\373L\303\356\016"
 3656      B22970BC 
 3656      D0E4F95C 
 3656      FB4CC3EE 
 3656      0E
 3657 0330 7ABFC8CC 		.ascii	"z\277\310\314\025r\205\275\303\205\234\023\013\027\357"
 3657      157285BD 
 3657      C3859C13 
 3657      0B17EF
 3658 033f 12E72073 		.ascii	"\022\347 s\334NjW\341\023\204\363\305P\376\022\271\006"
 3658      DC4E6A57 
 3658      E11384F3 
 3658      C550FE12 
 3658      B906
 3659 0351 63BCB840 		.ascii	"c\274\270@\224^N\213s\324\235\000\226\227\255.:\246"
 3659      945E4E8B 
 3659      73D49D00 
 3659      9697AD2E 
 3659      3AA6
 3660 0363 BDF48D59 		.ascii	"\275\364\215Y>\252-\302\021,H\210\034\370\227\014?x"
 3660      3EAA2DC2 
 3660      112C4888 
 3660      1CF8970C 
 3660      3F78
 3661 0375 853D5BF1 		.ascii	"\205=[\361pn\277\021m\031\2065\222Y\016\251\243\332"
ARM GAS  /tmp/ccfF4MKe.s 			page 116


 3661      706EBF11 
 3661      6D198635 
 3661      92590EA9 
 3661      A3DA
 3662 0387 AFF0510E 		.ascii	"\257\360Q\016\301oH\300]\344\033\371P\033\344Z\362\230"
 3662      C16F48C0 
 3662      5DE41BF9 
 3662      501BE45A 
 3662      F298
 3663 0399 9DAA424F 		.ascii	"\235\252BO\232o\262e\240\224\2710\333\257\365aV)\006"
 3663      9A6FB265 
 3663      A094B930 
 3663      DBAFF561 
 3663      562906
 3664 03ac 0B73D212 		.ascii	"\013s\322\022~\224\335xO\231K \277E\345\334\367I\027"
 3664      7E94DD78 
 3664      4F994B20 
 3664      BF45E5DC 
 3664      F74917
 3665 03bf 73291A68 		.ascii	"s)\032h\031\347\2553k\207\376\002\363\302\316\247i\216"
 3665      19E7AD33 
 3665      6B87FE02 
 3665      F3C2CEA7 
 3665      698E
 3666 03d1 6BC9AC6B 		.ascii	"k\311\254k\034i3=\026\310\337\221o\2156\015<\216\374"
 3666      1C69333D 
 3666      16C8DF91 
 3666      6F8D360D 
 3666      3C8EFC
 3667 03e4 84FF0F80 		.ascii	"\204\377\017\200\221oJ\361e\205Z\027\014\370\324P\260"
 3667      916F4AF1 
 3667      65855A17 
 3667      0CF8D450 
 3667      B0
 3668 03f5 5ADD1E0A 		.ascii	"Z\335\036\012\276\346\363F\302jY\235\277\332_\021\211"
 3668      BEE6F346 
 3668      C26A599D 
 3668      BFDA5F11 
 3668      89
 3669 0406 D6F883B9 		.ascii	"\326\370\203\271\363\312\222R\2651\030\332\021n\250"
 3669      F3CA9252 
 3669      B53118DA 
 3669      116EA8
 3670 0415 F2FA2A23 		.ascii	"\362\372*#\241h\375\016\265\342\331m\245%\225[\266o"
 3670      A168FD0E 
 3670      B5E2D96D 
 3670      A525955B 
 3670      B66F
 3671 0427 7DAAF255 		.ascii	"}\252\362U\177(\320X\025\362\251\344\001\217G\305\257"
 3671      7F28D058 
 3671      15F2A9E4 
 3671      018F47C5 
 3671      AF
 3672 0438 979706C3 		.ascii	"\227\227\006\303\031d0\254\206\"j8\344\305\2707X_\343"
 3672      196430AC 
 3672      86226A38 
 3672      E4C5B837 
ARM GAS  /tmp/ccfF4MKe.s 			page 117


 3672      585FE3
 3673 044b F112EA6D 		.ascii	"\361\022\352m(\310.<\325\217>\346\365\225\326l&\226"
 3673      28C82E3C 
 3673      D58F3EE6 
 3673      F595D66C 
 3673      2696
 3674 045d 883FE00B 		.ascii	"\210?\340\013F#,\020\256\245\201\006\305\033\015\205"
 3674      46232C10 
 3674      AEA58106 
 3674      C51B0D85 
 3675 046d 220D9EFF 		.ascii	"\"\015\236\377\346\364\327{_\217\326\3700\027\251\013"
 3675      E6F4D77B 
 3675      5F8FD6F8 
 3675      3017A90B 
 3676 047d F9AA6AC2 		.ascii	"\371\252j\302\236:\362\340\377\201\007\"o \364_\267"
 3676      9E3AF2E0 
 3676      FF810722 
 3676      6F20F45F 
 3676      B7
 3677 048e 983692   		.ascii	"\2306\222"
 3678              		.text
 3679              		.section	.gnu.lto_.symbol_nodes.b96ed3b98aac8d71,"e",%progbits
 3680 0000 789C7592 		.ascii	"x\234u\222\273o\323P\024\306\357='q-\307\212\025'vJ"
 3680      BB6FD350 
 3680      14C6EF3D 
 3680      27712DC7 
 3680      8A152776 
 3681 0015 42690AE5 		.ascii	"Bi\012\345\375\246P\312\212\362\177\235\004\205\251"
 3681      FDA650CA 
 3681      8AF27F9D 
 3681      0485A9
 3682 0024 48D0A962 		.ascii	"H\320\251b\0042 \006\026&\230\030\214`\250Py6\245\274"
 3682      04322006 
 3682      16269818 
 3682      8C60A850 
 3682      7936A5BC 
 3683 0038 1A422994 		.ascii	"\032B)\224\227\030\273\204\353\234\353DP\337\273\344"
 3683      9718BB84 
 3683      EB9CEB44 
 3683      50DFBBE4 
 3684 0048 D3F7FD8E 		.ascii	"\323\367\375\216\317g\337\214g\205\020\320\221T\273"
 3684      CF67DF8C 
 3684      678510D0 
 3684      9154BB
 3685 0057 B3D69D95 		.ascii	"\263\326\235\225\327\236\012AB\334o4\233\015\214\223"
 3685      D79E0A41 
 3685      42DC6F34 
 3685      9B0D8C93 
 3686 0067 8792A6FA 		.ascii	"\207\222\246\372\352\340\216(\333\205\275\265\370\367"
 3686      EAE08E28 
 3686      DB85BDB5 
 3686      F8F7
 3687 0075 13788D8B 		.ascii	"\023x\215\213B ,\003\355k\250\223I\330\007\215\246\214"
 3687      42202C03 
 3687      ED6BA893 
 3687      49D8078D 
 3687      A68C
ARM GAS  /tmp/ccfF4MKe.s 			page 118


 3688 0087 89B75060 		.ascii	"\211\267P`\342\031\320t*\361\016|&\236\003\355O%\336"
 3688      E219D074 
 3688      2AF10E7C 
 3688      269E03ED 
 3688      4F25DE
 3689 009a 43918917 		.ascii	"C\221\211\027@\007R\211\317Pb\342\025\320\301\337\333"
 3689      40075289 
 3689      CF5062E2 
 3689      15D0C1DF 
 3689      DB
 3690 00ab B7E7FE07 		.ascii	"\267\347\376\0076!`\340%\320\241\264G\300\012\320\341"
 3690      362160E0 
 3690      25D0A1B4 
 3690      47C00AD0 
 3690      E1
 3691 00bc D4677F83 		.ascii	"\324g\177\203\220G_\003\035I\035]\005:\372\317\207J"
 3691      90475F03 
 3691      1D491D5D 
 3691      053AFACF 
 3691      874A
 3692 00ce 467F4299 		.ascii	"F\177B\231G;@\307\322F\345\032\320\361\276>\223\203"
 3692      473B40C7 
 3692      D246E51A 
 3692      D0F1BE3E 
 3692      9383
 3693 00e0 5008C50D 		.ascii	"P\010\305\015\2627@'L\331:\320IS\366\001\350\224)\373"
 3693      B2374027 
 3693      4CD93AD0 
 3693      4953F601 
 3693      E89429FB 
 3694 00f4 0874DA94 		.ascii	"\010t\332\224m\000\2351e=\240\031S\366\005\350\254)"
 3694      6D009D31 
 3694      653DA019 
 3694      53F605E8 
 3694      AC29
 3695 0106 FB0174CE 		.ascii	"\373\001t\316\224}\007\2325e[@\347M\331W\2409S\366\013"
 3695      947D079A 
 3695      35655B40 
 3695      E74DD957 
 3695      A03953F6 
 3696 011b E8822143 		.ascii	"\350\202!CY\346K\252\243\014YE\226\222\233K\327gd\333"
 3696      59E64BAA 
 3696      A30C5945 
 3696      96929B4B 
 3696      D76764DB 
 3697 012f 4119CCDF 		.ascii	"A\031\314\337\275\232\225\255\034fB\276\253Hb&\340\330"
 3697      BD9A95AD 
 3697      1C6642BE 
 3697      AB486226 
 3697      E0D8
 3698 0141 426B645A 		.ascii	"BkdZ;\315\334\320\314\243=\"\355!i\357b\263\227C{|\365"
 3698      3BCDDCD0 
 3698      CCA33D22 
 3698      ED2169EF 
 3698      62B39743 
 3699 0158 4A770164 		.ascii	"Jw\001d\273\214\266d\267[F\247\312\262\216\216\236o"
 3699      BB8CB664 
ARM GAS  /tmp/ccfF4MKe.s 			page 119


 3699      B75B46A7 
 3699      CAB28E8E 
 3699      9E6F
 3700 016a 59E8F07C 		.ascii	"Y\350\360|O\251\012\017EEt\253\203\177x\035\335p \024"
 3700      4FA90A0F 
 3700      454574AB 
 3700      837F781D 
 3700      DD702014 
 3701 017e E7069D3F 		.ascii	"\347\006\235?\313\331\230s+\013\227W\036c\334#\257W"
 3701      CBD99873 
 3701      2B0B9757 
 3701      1E63DC23 
 3701      AF57
 3702 0190 B6C730EF 		.ascii	"\266\3070\357\352=J\356\326\256\203\371d\273\203^m\310"
 3702      EA3D4AEE 
 3702      D6AE83F9 
 3702      64BB835E 
 3702      6DC8
 3703 01a2 7A7A7D4F 		.ascii	"zz}O\271\274^\275]b\266\275\304l\371\350MjRI\301\362"
 3703      B9BC5EBD 
 3703      5D62B6BD 
 3703      C46CF9E8 
 3703      4D6A5249 
 3704 01b8 6688DE1E 		.ascii	"f\210\336\036\355*9\241\337\244\202\005]&\032\303\202"
 3704      ED2A39A1 
 3704      DFA48205 
 3704      5D261AC3 
 3704      82
 3705 01c9 C7F29283 		.ascii	"\307\362\222\203\205Q\003\277\306w\242\032\370\372z"
 3705      855103BF 
 3705      C677A21A 
 3705      F8FA7A
 3706 01d8 54033F5C 		.ascii	"T\003?\\\274\267\261\204\361g\363\203G[\267\326\205"
 3706      BCB7B184 
 3706      F167F383 
 3706      475BB7D6 
 3706      85
 3707 01e9 8CF2CAD5 		.ascii	"\214\362\312\325m|\345r\233\"\372I\033%\2236e\364\247"
 3707      6D7CE572 
 3707      9B22FA49 
 3707      1B259336 
 3707      65F4A7
 3708 01fc B4ABE4C4 		.ascii	"\264\253\344\304\223\376\215m)[U,\215\332\224\374a\233"
 3708      93FE8D6D 
 3708      295B552C 
 3708      8DDA94FC 
 3708      619B
 3709 020e D2B08DF8 		.ascii	"\322\260\215\370\013}\204\272B"
 3709      0B7D84BA 
 3709      42
 3710              		.text
 3711              		.section	.gnu.lto_.refs.b96ed3b98aac8d71,"e",%progbits
 3712 0000 789C1DC7 		.ascii	"x\234\035\307A\012\200 \024\006\341y\277\326\3234\222"
 3712      410A8020 
 3712      1406E179 
 3712      BFD6D334 
 3712      92
ARM GAS  /tmp/ccfF4MKe.s 			page 120


 3713 0011 8AA0562D 		.ascii	"\212\240V-\272P\367\277L\322\342\033\230\027\210\206"
 3713      BA50F7BF 
 3713      4CD2E21B 
 3713      98178886 
 3714 0021 1C29812A 		.ascii	"\034)\201*\012;\0265d4\312{\375\304\222r\306&\225\202"
 3714      0A3B1635 
 3714      6434CA7B 
 3714      FDC49272 
 3714      C6269582 
 3715 0035 55CD85B0 		.ascii	"U\315\205\260\240\210\332\321\335\204\365\277\355\352"
 3715      A088DAD1 
 3715      DD84F5BF 
 3715      EDEA
 3716 0043 1EF8005A 		.ascii	"\036\370\000ZA\002@"
 3716      410240
 3717              		.text
 3718              		.section	.gnu.lto_.decls.b96ed3b98aac8d71,"e",%progbits
 3719 0000 789CAD7A 		.ascii	"x\234\255z\011TU\347\226\3469\377\371\317\3450+jB\336"
 3719      095455E7 
 3719      96E639FF 
 3719      F9CFE530 
 3719      2B6A42DE 
 3720 0014 EAEA4A75 		.ascii	"\352\352Ju'\245\361ub\314\344\253\356^\325\357%U\225"
 3720      27A5F175 
 3720      62CCE4AB 
 3720      EE5ED5EF 
 3720      255595
 3721 0027 975E2F55 		.ascii	"\227^/U\251\360j\245j\325\253\272\205pU^\230r\357E\343"
 3721      A9F06AA5 
 3721      6AD5ABBA 
 3721      8570555E 
 3721      9872EF45 
 3722 003c AB5EAB0F 		.ascii	"\253^\253\0173\006D\006\005\004TF\007\024\271*\310\344"
 3722      33064406 
 3722      05045446 
 3722      0714B92A 
 3722      C8E4
 3723 004e 70191444 		.ascii	"p\031\024DEqdT\004A&\005D\021p\240\367?\334\021\223"
 3723      45716454 
 3723      04412605 
 3723      441170A0 
 3723      F73FDC11 
 3724 0063 67AF6E97 		.ascii	"g\257n\227\233s\317\335\373\337\373\333\303\277\377"
 3724      9B73CFDD 
 3724      FBDFFBDB 
 3724      C3BFFF
 3725 0072 01A2DE15 		.ascii	"\001\242\336\025\204D7A\350\325\010\302<\374\363\024"
 3725      84443741 
 3725      E8D508C2 
 3725      3CFCF314 
 3726 0082 04E12AD0 		.ascii	"\004\341*\320\177\005j\006j\002\032\006\372\027Q\020"
 3726      7F056A06 
 3726      6A021A06 
 3726      FA175110 
 3727 0092 B4408B91 		.ascii	"\264@\213\221 \370\000-\001\372Wx_\006\317\327\200\376"
 3727      20F8002D 
 3727      01FA5778 
ARM GAS  /tmp/ccfF4MKe.s 			page 121


 3727      5F06CFD7 
 3727      80FE
 3728 00a4 14E83AC8 		.ascii	"\024\350:\310\275\015\317\373\360\375\007\360\374\013"
 3728      BD0DCFFB 
 3728      F0FD07F0 
 3728      FC0B
 3729 00b2 A05F037D 		.ascii	"\240_\003}\015\364;\240u@\337\002\351\201\376\000t\026"
 3729      0DF43BA0 
 3729      7540DF02 
 3729      E981FE00 
 3729      7416
 3730 00c4 E47F07B2 		.ascii	"\344\177\007\262\003\360\\\012\357\377\016\264\014\336"
 3730      03F05C0A 
 3730      EFFF0EB4 
 3730      0CDE
 3731 00d2 FF173CFF 		.ascii	"\377\027<\377#P$\320\373@\321@\237\003\375=\320?\003"
 3731      235024D0 
 3731      FB40D140 
 3731      9F03FD3D 
 3731      D03F03
 3732 00e5 E9807E0F 		.ascii	"\351\200~\017\024\013\364\035P<\320f\240-@[\201\262"
 3732      140BF41D 
 3732      503CD066 
 3732      A02D405B 
 3732      81B2
 3733 00f7 80B281F6 		.ascii	"\200\262\201\366\000\345\003\025\003\355\003:\000T\012"
 3733      00E50315 
 3733      03ED033A 
 3733      00540A
 3734 0106 7404E818 		.ascii	"t\004\350\030P\005P\015\220?\026\204?\027\230-3P\003"
 3734      5005500D 
 3734      903F1684 
 3734      3F17982D 
 3734      335003
 3735 0119 D1C77D20 		.ascii	"\321\307} >\236\205\247\206\307`9\211\013\327\277\012"
 3735      3E9E85A7 
 3735      86C76039 
 3735      890BD7BF 
 3735      0A
 3736 012a E81CC747 		.ascii	"\350\034\307G0c \017\240N\220\021\341y\023\236-\034"
 3736      3063200F 
 3736      A04E9011 
 3736      E179139E 
 3736      2D1C
 3737 013c 4F261042 		.ascii	"O&\020B6\177\277\202\347\220\300bv\003\350<\307~\001"
 3737      367FBF82 
 3737      E790C062 
 3737      7603E83C 
 3737      C77E01
 3738 014f E81DA024 		.ascii	"\350\035\240$\240V\240\253@\222,\010^\002\213\007\311"
 3738      A056A0AB 
 3738      40922C08 
 3738      5E028B07 
 3738      C9
 3739 0160 07C14062 		.ascii	"\007\301@bw\206c\262\327Il\333\353m\004\332\006\376"
 3739      778663B2 
 3739      D7496CDB 
ARM GAS  /tmp/ccfF4MKe.s 			page 122


 3739      EB6D04DA 
 3739      06FE
 3740 0172 2D15580C 		.ascii	"-\025X\014I~nr=$7\026\337,8\333\221\015K\007\320_r,"
 3740      497E6E72 
 3740      3D243716 
 3740      DF2C38DB 
 3740      910D4B07 
 3741 018a 6FF17CFD 		.ascii	"o\361|\375'\304\354\022\275\205\240\3675\201\345\205"
 3741      27C4EC12 
 3741      BD85A0F7 
 3741      3581E585 
 3742 019a E8BD8D58 		.ascii	"\350\275\215X=|m\247\267\351Gt\367\002}\371\022\335"
 3742      3D7C6DA7 
 3742      B7E94774 
 3742      F7027DF9 
 3742      12DD
 3743 01ac 963A2036 		.ascii	"\226: 6*A\377\333\002\313\371\333\034\363]\236\243A"
 3743      2A41FFDB 
 3743      02CBF9DB 
 3743      1CF35D9E 
 3743      A341
 3744 01be A0619EA7 		.ascii	"\240a\236\247Qn\367w\177\304\2371\240o\234b\333\314"
 3744      516EF777 
 3744      7FC49F31 
 3744      A06F9C62 
 3744      DBCC
 3745 01d0 6B64D54F 		.ascii	"kd\325O\340 \276\336\347\365\264\233\327\344y\300\366"
 3745      E020BEDE 
 3745      E7F5B49B 
 3745      D7E479C0 
 3745      F6
 3746 01e1 96C06A91 		.ascii	"\226\300j\221`\263`\260`$yYg\207\247\231\327 \261\363"
 3746      60B360B0 
 3746      60247959 
 3746      6787A799 
 3746      D720B1F3 
 3747 01f5 326C0F48 		.ascii	"2l\017H\035\376\221x4\362\371B\346\310?\001a\240\245"
 3747      1DFE9178 
 3747      34F2F942 
 3747      E6C83F01 
 3747      61A0A5
 3748 0208 40E3BCC6 		.ascii	"@\343\274\306\213\200\334\241V\026\011ln\274\375\222"
 3748      8B80DCA1 
 3748      5616096C 
 3748      6EBCFD92 
 3749 0218 58BDCCEF 		.ascii	"X\275\314\357\011\304\346\323\337 6G\210\177\327\271"
 3749      09C4E6D3 
 3749      DF203647 
 3749      887FD7B9 
 3750 0228 7FBFFF11 		.ascii	"\177\277\377\021\377\276E\216\363\342\217\371g_K\226"
 3750      FFBE458E 
 3750      F3E28FF9 
 3750      675F4B96 
 3751 0238 DA25FED8 		.ascii	"\332%\376\330c\177\231o$\026\366q\360\346\376\021~\374"
 3751      637F996F 
 3751      2416F671 
 3751      F0E6FE11 
ARM GAS  /tmp/ccfF4MKe.s 			page 123


 3751      7EFC
 3752 024a FF858F93 		.ascii	"\377\205\217\223\210\365\212p\356_?\370\367!\327\363"
 3752      88F58A70 
 3752      EE5F3FF8 
 3752      F721D7F3 
 3753 025a 1DD733C5 		.ascii	"\035\3273\305\3636\015\317Y\304\372\224}\035\277l\256"
 3753      F3360DCF 
 3753      59C4FA94 
 3753      7D1DBF6C 
 3753      AE
 3754 026b 5BE634E9 		.ascii	"[\3464\351W~<\016\025?\021\007\373\371=\207X\037:\204"
 3754      577E3C0E 
 3754      153F1107 
 3754      FBF93D87 
 3754      581F3A84 
 3755 027f 6C7EFB88 		.ascii	"l~\373\210\216\371\267\314\353Ax>E\254\007\250@\317"
 3755      8EF9B7CC 
 3755      EB41783E 
 3755      45AC07A8 
 3755      40CF
 3756 0291 10EB6326 		.ascii	"\020\353c&\304\342D\372\332\022\210\315b\356\323\026"
 3756      C4E244FA 
 3756      DA1288CD 
 3756      62EED316 
 3757 02a1 64EBC5AF 		.ascii	"d\353\305\257\022\237\347\210\365\320\357y|\246 >\037"
 3757      129FE788 
 3757      F5D0EF79 
 3757      7CA6203E 
 3757      1F
 3758 02b2 715D9BED 		.ascii	"q]\233\355t9\307\350\017\377\237b\224i\027#\262n\374"
 3758      7439C7E8 
 3758      0FFF9F62 
 3758      94691723 
 3758      B26EFC
 3759 02c5 82C7A8FD 		.ascii	"\202\307\250\375\3771N/\020\353\361\325\210\305H\263"
 3759      FF314E2F 
 3759      10EBF1D5 
 3759      88C548B3 
 3760 02d5 44C49A65 		.ascii	"D\304\232e\342\233\012\022\024\027\341c\225\376\253"
 3760      E29B0A12 
 3760      1417E163 
 3760      95FEAB
 3761 02e4 7F5DA881 		.ascii	"\177]\250\201\261\360o\215\207\362?\001w\337\243\322"
 3761      B1F06F8D 
 3761      87F23F01 
 3761      77DFA3D2 
 3762 02f4 7DC89731 		.ascii	"}\310\2271\315\224sB<)\326\222O\212\037\360\323[\266"
 3762      CD947342 
 3762      3C29D692 
 3762      4F8A1FF0 
 3762      D35BB6
 3763 0307 8CBA39F0 		.ascii	"\214\2729\360OY\370\030\355\214\315\037\367^lV\325\011"
 3763      4F59F818 
 3763      ED8CCD1F 
 3763      F75E6C56 
 3763      D509
 3764 0319 35AF1E9F 		.ascii	"5\257\036\237\026\253\304J\222\004\221\032W\300\270"
ARM GAS  /tmp/ccfF4MKe.s 			page 124


 3764      16ABC44A 
 3764      9204911A 
 3764      57C0B8
 3765 0328 5950FE55 		.ascii	"YP\376U\300\232\204\234\312*\027\337\225+AG\014\250"
 3765      C09A849C 
 3765      CA2A17DF 
 3765      952B4147 
 3765      0CA8
 3766 033a C142BD58 		.ascii	"\301B\275X'\202\241FPtV<C\224\201\222\231\314\246'}"
 3766      2782A146 
 3766      5074563C 
 3766      43948192 
 3766      99CCA627 
 3767 034f FF393F3E 		.ascii	"\3779?>^M\211\224\314b\003\260\231\302\325\202P%\022"
 3767      5E4D8994 
 3767      CC6203B0 
 3767      99C2D582 
 3767      502512
 3768 0362 09537274 		.ascii	"\011Srt\274\272(\306\303,V\3333?\004(\227\037=\235\223"
 3768      BCBA28C6 
 3768      C32C56DB 
 3768      333F0428 
 3768      971F3D9D 
 3769 0377 7D1D0D9C 		.ascii	"}\035\015\234\2627\200Q\327\215\301\253.V\264M||3\231"
 3769      B2378051 
 3769      D78DC1AB 
 3769      2E56B44D 
 3769      7C7C3399 
 3770 038b 8268CF0F 		.ascii	"\202h\317\017U\211\262\225\327\314y\347\230'\036\340"
 3770      5589B295 
 3770      D7CC79E7 
 3770      98271EE0 
 3771 039b 49AFA0DC 		.ascii	"I\257\240\334\025\005eT\004\341\234\223c\252\213CL."
 3771      15056554 
 3771      04E19C93 
 3771      63AA8B43 
 3771      4C2E
 3772 03ad 8AAD3C66 		.ascii	"\212\255<f\317\211\300`\311\3311\321A\340\222E\000\243"
 3772      CF89C060 
 3772      C9D931D1 
 3772      41E09245 
 3772      00A3
 3773 03bf 8ABA5395 		.ascii	"\212\272S\225\266\240]\346\246\332\200\224T$hV\210d"
 3773      B6A05DE6 
 3773      A6DA8094 
 3773      54246856 
 3773      8864
 3774 03d1 73E20D4F 		.ascii	"s\342\015OA\311@ ?[\223yQ\343M\345\3151\256\002\025"
 3774      41C94020 
 3774      3F5B9379 
 3774      51E34DE5 
 3774      CD31AE02 
 3775 03e6 BF2EAEA8 		.ascii	"\277.\256\250\025\257\211WE\254<x|\356\232\333\312\225"
 3775      15AF8957 
 3775      45AC3C78 
 3775      7CEE9ADB 
 3775      CA95
ARM GAS  /tmp/ccfF4MKe.s 			page 125


 3776 03f8 BE2B8944 		.ascii	"\276+\211DUa\262\027\004\357\206xE\354\340\212!\016"
 3776      5561B217 
 3776      04EF8678 
 3776      45ECE08A 
 3776      210E
 3777 040a 1020C23C 		.ascii	"\020 \302<\334@\231m\020\274\016\373\340Y\203v^l\021"
 3777      DC40996D 
 3777      10BC0EFB 
 3777      E0598376 
 3777      5E6C11
 3778 041d C1950E40 		.ascii	"\301\225\016@\332.v\2127y^Le,\352m\220\222\016\207\224"
 3778      DA2E768A 
 3778      37795E4C 
 3778      652CEA6D 
 3778      90920E87 
 3779 0432 60945110 		.ascii	"`\224Q\020Y\216|\0355\\r\324\240\300B\242@\323S\016"
 3779      598E7C1D 
 3779      355C72D4 
 3779      A0C042A2 
 3779      40D3530E 
 3780 0446 106F1A8B 		.ascii	"\020o\032\213fF$\207\320\334\022o\363\330\035!\002\007"
 3780      66462487 
 3780      D0DC126F 
 3780      F3D81D21 
 3780      0207
 3781 0458 4C8FD21D 		.ascii	"L\217\322\035\203\333k\021\300h\337\226\2353\2425vw"
 3781      83DB6B11 
 3781      C068DF96 
 3781      9D33A235 
 3781      7677
 3782 046a 38983E92 		.ascii	"8\230>\222B\234U\334\\\352\275\322\227\000\236\255R"
 3782      429C55DC 
 3782      5CEABDD2 
 3782      97009EAD 
 3782      52
 3783 047b 55578F3E 		.ascii	"UW\217>p\364\256\223\243\023\024&\375\356\0260k\305"
 3783      70F4AE93 
 3783      A3131426 
 3783      FDEE1630 
 3783      6BC5
 3784 048d 7EA678F0 		.ascii	"~\246x\360\306\210\267\257#\277\327\216\257\\\271{8"
 3784      C688B7AF 
 3784      23BFD78E 
 3784      AF5CB97B 
 3784      38
 3785 049e 4E7A63A5 		.ascii	"Nzc\245]\011SW\205A\020\031\022\357\211\303D\014x3\323"
 3785      5D095357 
 3785      85411019 
 3785      12EF89C3 
 3785      440C7833 
 3786 04b3 E9EDC53E 		.ascii	"\351\355\305>\221\220)\217&\261[\034\024i!Z\315\233"
 3786      9190298F 
 3786      26B15B1C 
 3786      1469215A 
 3786      CD9B
 3787 04c5 2EC4D250 		.ascii	".\304\322P\016\210=\300s\204f\352.V\011\257K\274\000"
 3787      0E883DC0 
ARM GAS  /tmp/ccfF4MKe.s 			page 126


 3787      738466EA 
 3787      2E5609AF 
 3787      4BBC00
 3788 04d8 3CA69E17 		.ascii	"<\246\236\027\367\334P\373\006\253\327\226q#\2548\233"
 3788      F7DC50FB 
 3788      06ABD796 
 3788      7123AC38 
 3788      9B
 3789 04e9 C90F9867 		.ascii	"\311\017\230g#\020ahY\312S\022\304\273S\207\036y;\004"
 3789      23106168 
 3789      59CA5312 
 3789      C4BB5387 
 3789      1E793B04 
 3790 04fd 715C9CB0 		.ascii	"q\\\234\260\004\361\332\\\352\270\306\252n\202\253\233"
 3790      04F1DA5C 
 3790      EAB8C6AA 
 3790      6E82AB9B 
 3791 050d 64EA7EA1 		.ascii	"d\352~\241\304H\202\262U\002\271\372\0273;]\235\012"
 3791      C44882B2 
 3791      5502B9FA 
 3791      17333B5D 
 3791      9D0A
 3792 051f EF91A5F0 		.ascii	"\357\221\245\360@\364}e'\210\026Hd\330\012\245\004>"
 3792      40F47D65 
 3792      27881648 
 3792      64D80AA5 
 3792      043E
 3793 0531 1F023A06 		.ascii	"\037\002:\006T\003TGT4\016\\M\221\035p\274\020\347-"
 3793      54035447 
 3793      54340E5C 
 3793      4D911D70 
 3793      BC10E72D 
 3794 0545 38CAB615 		.ascii	"8\312\266\025=\362\264\342\230\3478H+SZA\251\013\235"
 3794      3DF2B4E2 
 3794      98E73848 
 3794      2B535A41 
 3794      A90B9D
 3795 0558 082EF024 		.ascii	"\010.\360$\243\277Wn\020\205\367G\346.k\274U\007L1\310"
 3795      A3BF576E 
 3795      1085F747 
 3795      E62E6BBC 
 3795      55074C31 
 3796 056d A5568C46 		.ascii	"\245V\214FQH\351\006\273}D,&~\3479\307\256\026\217\022"
 3796      5148E906 
 3796      BB7D442C 
 3796      267EE739 
 3796      C7AE168F 
 3797 0582 10ABB231 		.ascii	"\020\253\2621*\360x\317\264#\260-\026\001\214\232\206"
 3797      2AF078CF 
 3797      B423B02D 
 3797      16018C9A 
 3797      86
 3798 0593 F70EBB5B 		.ascii	"\367\016\273[\201\375\200\030\260D\002\3541\031\234"
 3798      81FD8018 
 3798      B04402EC 
 3798      31199C
 3799 05a2 D2B47354 		.ascii	"\322\264sTv\346'\241D\272\020L\037Lz\335\312\333\312"
ARM GAS  /tmp/ccfF4MKe.s 			page 127


 3799      76E627A1 
 3799      44BA104C 
 3799      1F4C7ADD 
 3799      CADBCA
 3800 05b5 C72693B1 		.ascii	"\307&\223\261\011XP`\203\252da\001\373$$\250>PN+IM\221"
 3800      09585060 
 3800      83AA6461 
 3800      01FB2424 
 3800      A83E504E 
 3801 05cd A2321DD8 		.ascii	"\2422\035\330B+#\026E\242\014dW\031D\325\326sid\346"
 3801      422B2316 
 3801      45A20C64 
 3801      571944D5 
 3801      D6736964 
 3802 05e2 0E0BDB1C 		.ascii	"\016\013\333\034y$\016/\366Q^,JY\3003\215\307s\235\251"
 3802      79240E2F 
 3802      F6515E2C 
 3802      4A59C033 
 3802      8DC7739D 
 3803 05f7 0BC7D90A 		.ascii	"\013\307\331\012]\310\000\307w\240\355(\035e\2434\224"
 3803      5DC800C7 
 3803      77A0ED28 
 3803      1D65A334 
 3803      94
 3804 0608 8532D14E 		.ascii	"\2052\321N\304\246\376\304yfyR|&:\2432\3250\304*z\276"
 3804      C4A6FEC4 
 3804      79667952 
 3804      7C263AA3 
 3804      32D530C4 
 3805 061f 8037D175 		.ascii	"\2007\321u\200\216{,>]\310\313e:\223Q\234#*\350\262"
 3805      808E7B2C 
 3805      3E5DC8CB 
 3805      653A9351 
 3805      9C232AE8 
 3806 0634 8B943D58 		.ascii	"\213\224=X\320\374\011\324\010\374\200\256\001\221B"
 3806      D0FC09D4 
 3806      08FC80AE 
 3806      019142
 3807 0643 D5DD73D5 		.ascii	"\325\335s\325\022)\303!\265>R\022>\376\000v\247\177"
 3807      1229C321 
 3807      B53E5212 
 3807      3EFE0076 
 3807      A77F
 3808 0655 522BEE46 		.ascii	"R+\356F\273\220r\010\302y\224\010m\233\3325\356\355"
 3808      BB907208 
 3808      C2799408 
 3808      6D9BDA35 
 3808      EEED
 3809 0667 20546015 		.ascii	" T`\025\252\001!3\021J\277\263\277\337QS\261E\010J\370"
 3809      AA012133 
 3809      114ABFB3 
 3809      BFDF5153 
 3809      B145084A 
 3810 067c 4DE51CD8 		.ascii	"M\345\034\330~G\374\337@\202r\211\014\270z\362\372."
 3810      7E47FCDF 
 3810      40827289 
 3810      0CB87AF2 
ARM GAS  /tmp/ccfF4MKe.s 			page 128


 3810      FA2E
 3811 068e 44063C52 		.ascii	"D\006<R\315Y)\032\266\252\034D\357\324\212%\350\000"
 3811      CD59291A 
 3811      B6AA1C44 
 3811      EFD48A25 
 3811      E800
 3812 06a0 C2E8C158 		.ascii	"\302\350\301XR\246\255\225\037\342\316\220\305W\351"
 3812      52A6AD95 
 3812      1FE2CE90 
 3812      C557E9
 3813 06af C4645AF8 		.ascii	"\304dZ\370*w\300\370 \350\322\354\037*\032\300\177&"
 3813      2A77C0F8 
 3813      20E8D2EC 
 3813      1F2A1AC0 
 3813      7F26
 3814 06c1 8ADE4051 		.ascii	"\212\336@Q\252\372\354O\217!{$G\020\254\373\345\350"
 3814      AAFAEC4F 
 3814      8F217B24 
 3814      4710ACFB 
 3814      E5E8
 3815 06d3 288227CC 		.ascii	"(\202'\314\233\330\316ct\352\015\231\235\371\020\220"
 3815      9BD8CE63 
 3815      74EA0D99 
 3815      9DF91090 
 3816 06e3 E2DC1837 		.ascii	"\342\334\0307\253\325\012n\3658\261:\012\326&\011\362"
 3816      ABD50A6E 
 3816      F538B13A 
 3816      0AD62609 
 3816      F2
 3817 06f4 43C7938A 		.ascii	"C\307\223\212\260C}W\241j>\001T\031\004\362\032j[\035"
 3817      B0437D57 
 3817      A16A3E01 
 3817      541904F2 
 3817      1A6A5B1D 
 3818 0708 FB708D45 		.ascii	"\373p\215E\000\243\323\203\017{lm\266\226[8\3016\025"
 3818      00A3D383 
 3818      0F7B6C6D 
 3818      B6965B38 
 3818      C13615
 3819 071b 8B946459 		.ascii	"\213\224dYPv\000\355\004\312%\312\266\214\217\376\314"
 3819      507600ED 
 3819      04CA25CA 
 3819      B68C8FFE 
 3819      CC
 3820 072c 41571DAA 		.ascii	"AW\035\252\267\350J\333;R\213\254\272\352\271.r\360"
 3820      B7E84ADB 
 3820      3B528BAC 
 3820      BAEAB92E 
 3820      72F0
 3821 073e 54F6C358 		.ascii	"T\366\303X|\352z\3012\332\265g:G\325\331w\032\242\325"
 3821      7CEA7AC1 
 3821      32DAB567 
 3821      3A47D5D9 
 3821      771AA2D5 
 3822 0752 6658FB91 		.ascii	"fX\373\221\031\235\375\361\212m\004f\255x\206\024\251"
 3822      199DFDF1 
 3822      8A6D0466 
ARM GAS  /tmp/ccfF4MKe.s 			page 129


 3822      AD788614 
 3822      A9
 3823 0763 322A1350 		.ascii	"2*\023P\027H\365\364be\034T\276\3254\221\021\347\271"
 3823      1748F5F4 
 3823      62651C54 
 3823      BED53491 
 3823      11E7B9
 3824 0776 92FDF35D 		.ascii	"\222\375\363]i\375\307\332\363\310\001\237\\\322\236"
 3824      69FDC7DA 
 3824      F3C8019F 
 3824      5CD29E
 3825 0785 07C419F1 		.ascii	"\007\304\031\361\01271-Zf\3140\353\317g\321ida\222\376"
 3825      0A37312D 
 3825      5A66CC30 
 3825      EBCF67D1 
 3825      69646192 
 3826 079a CDB71F07 		.ascii	"\315\267\037\007\233\342\324E\221\036{Q\021p!)\302\254"
 3826      9BE2D445 
 3826      911E7B51 
 3826      11702129 
 3826      C2AC
 3827 07ac 7571DDD9 		.ascii	"uq\335\331D\213\272\024\035\266\016$\207\004\206\374"
 3827      448BBA14 
 3827      1DB60E24 
 3827      870486FC 
 3828 07bc 41F1D7C0 		.ascii	"A\361\327\300k\022O\001\217-\010'\221e\026\275`\263"
 3828      6B124F01 
 3828      8F2D0827 
 3828      916516BD 
 3828      60B3
 3829 07ce E8B1     		.ascii	"\350\261"
 3830 07d0 386585F3 		.ascii	"8e\205\363\220Y$#{\212e\010\307\240\330\004#\355\226"
 3830      90592423 
 3830      7B8A6508 
 3830      C7A0D804 
 3830      23ED96
 3831 07e3 04EB2A74 		.ascii	"\004\353*t\016\301\0263\036\230\265b\033\272\200.\241"
 3831      0EC11633 
 3831      1E98B562 
 3831      1BBA802E 
 3831      A1
 3832 07f4 9BA81DB5 		.ascii	"\233\250\035\265\242nt\021u\241\033\250\023\235GW\321"
 3832      A26E7411 
 3832      75A11BA8 
 3832      139D4757 
 3832      D1
 3833 0805 65740D75 		.ascii	"et\015u\240\353\210-Q\0233\007\030\232'\242\005\315"
 3833      A0EB882D 
 3833      51133307 
 3833      189A27A2 
 3833      05CD
 3834 0817 B4D5C589 		.ascii	"\264\325\305\211\255\347\371\204\177`\2053fq\322\264"
 3834      ADE7F984 
 3834      7F608533 
 3834      6671D2B4 
 3835 0827 3F91621D 		.ascii	"?\221b\035\206\275\254\2059j\215\300\211}i\236&U\312"
 3835      86BDAC85 
ARM GAS  /tmp/ccfF4MKe.s 			page 130


 3835      396A8DC0 
 3835      897D699E 
 3835      2655CA
 3836 083a 43B976C1 		.ascii	"C\271v\301\311A\224\367\364\014\325z\002UZ\007\226Y"
 3836      C94194F7 
 3836      F40CD57A 
 3836      02555A07 
 3836      9659
 3837 084c 2390C0BA 		.ascii	"#\220\300\272\324qdr`r@;\017\246\261-\315}\007@,>\246"
 3837      D4716472 
 3837      6072403B 
 3837      0FA6B12D 
 3837      CD7D0740 
 3838 0863 1E16BD0C 		.ascii	"\036\026\275\0144g\345\316\332\362U\306\362U\210\362"
 3838      3467E5CE 
 3838      DAF255C6 
 3838      F25588F2 
 3839 0873 ED207D4C 		.ascii	"\355 }L\325\356\266\344k\277C\276\350\246\346Q\321t"
 3839      D5EEB6E4 
 3839      6BBF43BE 
 3839      E8A6E651 
 3839      D174
 3840 0885 ABDD5E92 		.ascii	"\253\335^\222\306x\313\253\307\030v\232\343\251Wl\363"
 3840      C678CBAB 
 3840      C718769A 
 3840      E3A9576C 
 3840      F3
 3841 0896 A787EBBF 		.ascii	"\247\207\353\277E\246\004l5;\236\\\266-\277]|\331\273"
 3841      45A6046C 
 3841      353B9E5C 
 3841      B62DBF5D 
 3841      7CD9BB
 3842 08a9 4D178F2B 		.ascii	"M\027\217+\221u\303\266\206r\233\017\354e\023/\205,"
 3842      9175C3B6 
 3842      86729B0F 
 3842      EC65132F 
 3842      852C
 3843 08bb BA098BC8 		.ascii	"\272\011\213\310\266Z\025\225\307\264\356U\362\252\302"
 3843      B65A1595 
 3843      C7B4EE55 
 3843      F2AAC2
 3844 08ca 6B9486D8 		.ascii	"k\224\206\330\215=\222\354\270\357\024\206\370\244\217"
 3844      8D3D92EC 
 3844      B8EF1486 
 3844      F8A48F
 3845 08d9 23FCD1EA 		.ascii	"#\374\321\352\264\011\017\007\3760\032\262L\324\027"
 3845      B4090F07 
 3845      FE301AB2 
 3845      4CD417
 3846 08e8 6A45B362 		.ascii	"jE\263b\265=b\311/\263\215\224\355\032A\263\034\226"
 3846      B53D62C9 
 3846      2FB38D94 
 3846      ED1A41B3 
 3846      1C96
 3847 08fa 64097EC2 		.ascii	"d\011~\302\324'\352\356\357\230\315\241\375tL5G\311"
 3847      D427EAEE 
 3847      EF98CDA1 
ARM GAS  /tmp/ccfF4MKe.s 			page 131


 3847      FD744C35 
 3847      47C9
 3848 090c 90EB3104 		.ascii	"\220\3531\004'\354\345\265\3428z\200\224\002\015l\010"
 3848      27ECE5B5 
 3848      E2387A80 
 3848      94020D6C 
 3848      08
 3849 091d 3464F03C 		.ascii	"4d\360<\310\266\244\252u.\326\205{\011S\376\030\011"
 3849      C8B6A4AA 
 3849      752ED685 
 3849      7B0953FE 
 3849      1809
 3850 092f AB1F21E5 		.ascii	"\253\037!\345\030HV\021\205\333\353\236\366;\3578\236"
 3850      18485611 
 3850      85DBEB9E 
 3850      F63BEF38 
 3850      9E
 3851 0940 20BEE350 		.ascii	" \276\343P\352\211\310\341\321\276^7'\221Yd\333\224"
 3851      EA89C8E1 
 3851      D1BE5E37 
 3851      27915964 
 3851      DB94
 3852 0952 48100F5F 		.ascii	"H\020\017_\345<\210j\206+\236\346#\273\216\013\273\211"
 3852      E53C886A 
 3852      862B9EE6 
 3852      23BB8E0B 
 3852      BB89
 3853 0964 FF318FD8 		.ascii	"\3771\217\330\320h>T\230G\202*\275@h\036\301@2X\306"
 3853      D0683E54 
 3853      9847822A 
 3853      BD40681E 
 3853      C1403258 
 3854 0979 9A938F0A 		.ascii	"\232\223\217\012\252=\355\006\2121\022m\325\373}I'\026"
 3854      AA3DED06 
 3854      8A31126D 
 3854      D5FB7D49 
 3854      2716
 3855 098b 6083142B 		.ascii	"`\203\024+EK(FR\256\022;\265E\261]^6\361\377\236\300"
 3855      454B2846 
 3855      52AE123B 
 3855      B545B15D 
 3855      5E36F1FF 
 3856 09a1 A4B39874 		.ascii	"\244\263\230t\202$l\221\342%\224@\224C\242\332\301\331"
 3856      82246C91 
 3856      E2259440 
 3856      9443A2DA 
 3856      C1D9
 3857 09b3 1EA03B64 		.ascii	"\036\240;d\350\311\273\025\251x%k\177\331O&z~\301\332"
 3857      E8C9BB15 
 3857      A978256B 
 3857      7FD94F26 
 3857      7A7EC1DA 
 3858 09c7 DFB09024 		.ascii	"\337\260\220$\245H\316\207\237\321X>\373\266\3323\355"
 3858      A548CE87 
 3858      9FD1583E 
 3858      FBB6DA33 
 3858      ED
ARM GAS  /tmp/ccfF4MKe.s 			page 132


 3859 09d8 9A019BCC 		.ascii	"\232\001\233\314)R\255\270MJ\226H\326\323\\\004%\323"
 3859      2952ADB8 
 3859      4D4A9648 
 3859      D6D35C04 
 3859      25D3
 3860 09ea 05BA6C7A 		.ascii	"\005\272lzdZ\025\362]\351\264\360\247\203\350v\211\357"
 3860      645A15F2 
 3860      5DE9B4F0 
 3860      A783E876 
 3860      89EF
 3861 09fc F23B63F9 		.ascii	"\362;c\3714L\223\322\355\325+\273\211\202\253-\255\227"
 3861      344C93D2 
 3861      EDD52BBB 
 3861      8982AB2D 
 3861      AD97
 3862 0a0e 24B6BB3E 		.ascii	"$\266\273>\027k\235\257\231\322\217\366h!\023\224gP"
 3862      176B9DAF 
 3862      99D28FF6 
 3862      68211394 
 3862      6750
 3863 0a20 14058062 		.ascii	"\024\005\200b/P\011(\322\354m7\365x\261\343\212\351"
 3863      2F500928 
 3863      D2EC6D37 
 3863      F578B1E3 
 3863      8AE9
 3864 0a32 10D39488 		.ascii	"\020\323\224\210\262\245\334\237\360(\0274\345H\273"
 3864      B2A5DC9F 
 3864      F0281734 
 3864      E548BB
 3865 0a41 24DEBFAA 		.ascii	"$\336\277\252\212\267\261\035\317N\373Q\020$\245\024"
 3865      8AB7B11D 
 3865      CF4EFB51 
 3865      1024A514 
 3866 0a51 8C988891 		.ascii	"\214\230\210\221\334\304\254\277\343G\242mg\250t\"\332"
 3866      DCC4ACBF 
 3866      E347A26D 
 3866      67A87422 
 3866      DA
 3867 0a62 23E5FF84 		.ascii	"#\345\377\204\215|\260\221'\025X\202\221c\211\3656\224"
 3867      8D7CB091 
 3867      27155882 
 3867      916389F5 
 3867      3694
 3868 0a74 EF60037B 		.ascii	"\357`\003{\214\337\276\271\035\263\215\033A\3235\360"
 3868      8CDFBEB9 
 3868      1DB38D1B 
 3868      41D335F0 
 3869 0a84 1D642C5D 		.ascii	"\035d,]J\225\212\235\324\233f\330\206>EJ\004\236\343"
 3869      4A958A9D 
 3869      D49B66D8 
 3869      863E454A 
 3869      049EE3
 3870 0a97 41C0DE74 		.ascii	"A\300\336t1\230\336/\355\223\366J\205R\021w\322\324"
 3870      3198DE2F 
 3870      ED93F64A 
 3870      85521177 
 3870      D2D4
ARM GAS  /tmp/ccfF4MKe.s 			page 133


 3871 0aa9 C200644A 		.ascii	"\302\000dJ;\026\352\255fzs\245\254\005zM\271\214\227"
 3871      3B16EAAD 
 3871      667A73A5 
 3871      AC057A4D 
 3871      B98C97
 3872 0abc 2FED76E4 		.ascii	"/\355v\344a\257\254\236\252j\205\257\207$0c\205\311"
 3872      61AFAC9E 
 3872      AA6A85AF 
 3872      87243063 
 3872      85C9
 3873 0ace 5B55B1DE 		.ascii	"[U\261\3367F*B%R\224\004\265\272z\016\035\224`\277a"
 3873      37462A42 
 3873      25529404 
 3873      B5BA7A0E 
 3873      1D9460BF 
 3874 0ae3 05F88344 		.ascii	"\005\370\203D\026\252\022\000X*\035\220\016Ie\322aK"
 3874      16AA1200 
 3874      582A1D90 
 3874      0E4965D2 
 3874      614B
 3875 0af5 16E68AC3 		.ascii	"\026\346\212\303\363=\272\010\323i{7W\230\234L\364\316"
 3875      F33DBA08 
 3875      D3697B37 
 3875      57989C4C 
 3875      F4CE
 3876 0b07 A3E7A0F7 		.ascii	"\243\347\240\367\031\"w\024T1m\274\246\241\2068\363"
 3876      19227714 
 3876      54316DBC 
 3876      A6A18638 
 3876      F3
 3877 0b18 A71E0952 		.ascii	"\247\036\011R\234T\002\246,FY\365\314\322\325\256X\232"
 3877      9C5402A6 
 3877      2C4659F5 
 3877      CCD2D5AE 
 3877      589A
 3878 0b2a 134B3876 		.ascii	"\023K8v\333\351\365\005;\332\316\240iT\342\230\021\364"
 3878      DBE9F505 
 3878      3BDACEA0 
 3878      6954E298 
 3878      11F4
 3879 0b3c A2656EA7 		.ascii	"\242en\247\207\257#\350a\264\0005F3\275\325f\327\327"
 3879      87AF23E8 
 3879      61B40035 
 3879      4633BDD5 
 3879      66D7D7
 3880 0b4f 99601E32 		.ascii	"\231`\0362I\203h\200\\.I\244\021\011\330m*\246\347\274"
 3880      49836880 
 3880      5C2E49A4 
 3880      1109D86D 
 3880      2AA6E7BC 
 3881 0b63 ECBBD2FE 		.ascii	"\354\273\322\376\224\327\217\372\200u\024T\225K\307"
 3881      94D78FFA 
 3881      80751454 
 3881      954BC7
 3882 0b72 A5635205 		.ascii	"\245cR\005/\220\211\334&\012g\024\335CG\235g\352D\322"
 3882      2F9089DC 
 3882      260A6714 
ARM GAS  /tmp/ccfF4MKe.s 			page 134


 3882      DD43479D 
 3882      67EA44D2 
 3883 0b86 BE56CFCB 		.ascii	"\276V\317\313\2524\211\036\002\223\266E[\202\366\357"
 3883      AA34891E 
 3883      0293B645 
 3883      5B82F6EF 
 3884 0b96 A3093A22 		.ascii	"\243\011:\"M\001\217\001\260:i\312\272\007\013V\224"
 3884      4D018F01 
 3884      B03A69CA 
 3884      BA070B56 
 3884      94
 3885 0ba7 C724BA6F 		.ascii	"\307$\272o?\020\026Q\245\034\312\032\015]h\357w\367"
 3885      3F101651 
 3885      A51CCA1A 
 3885      0D5D68EF 
 3885      77F7
 3886 0bb9 75045729 		.ascii	"u\004W)9\241#\213\204\2504\300Th\002\272D\306\225\015"
 3886      39A1238B 
 3886      84A834C0 
 3886      546802BA 
 3886      44C6950D 
 3887 0bcd 7445381D 		.ascii	"tE8\035\232NH\226C\323u\"\221\326\226\\\350\276\270"
 3887      9A4E4896 
 3887      43D37522 
 3887      91D6965C 
 3887      E8BEB8
 3888 0be0 F7657BCA 		.ascii	"\367e{\312\333\240e\034d\224\322\236\243\027\\}\027"
 3888      DBA0651C 
 3888      6494D29E 
 3888      A3175C7D 
 3888      17
 3889 0bf1 9C81CD52 		.ascii	"\234\201\315R=\0008#5H\215\2746\252&\346M\037\322M\326"
 3889      3D003823 
 3889      35488DBC 
 3889      36AA26E6 
 3889      4D1FD24D 
 3890 0c06 49A916B8 		.ascii	"I\251\026\270\366\341!!\330\303\356\023NJuV&\013\301"
 3890      F6E12121 
 3890      D8C3EE13 
 3890      4E4A7556 
 3890      260BC1
 3891 0c19 1DB09F1C 		.ascii	"\035\260\237\034\235N\002{Z:e?\022\332P\261\0028\317"
 3891      9D4E027B 
 3891      5A3A653F 
 3891      12DA50B1 
 3891      0238CF
 3892 0c2c 9DDC31EC 		.ascii	"\235\3341\354\346t\337p\326\021\200R\256\010\312i\240"
 3892      E674DF70 
 3892      D6118052 
 3892      AE08CA69 
 3892      A0
 3893 0c3d B364407B 		.ascii	"\263d@{\306\325\\\307%\261E:/\2615\261\233\0104\226"
 3893      C6D55CC7 
 3893      25B1453A 
 3893      2FB135B1 
 3893      9B083496 
 3894 0c51 1F7E83F2 		.ascii	"\037~\203\362\315\234\177\301\302\307\250m{\217j[\216"
ARM GAS  /tmp/ccfF4MKe.s 			page 135


 3894      CD9C7FC1 
 3894      C2C7A86D 
 3894      7B8F6A5B 
 3894      8E
 3895 0c62 2F723870 		.ascii	"/r8p8\205]6\030\230\006z\001\004\213\011F\331\227\267"
 3895      38855D36 
 3895      1898067A 
 3895      01048B09 
 3895      46D997B7 
 3896 0c76 3E755EBB 		.ascii	">u^\273\256H\226k\032|\345\340\324\244\233s\003\276"
 3896      AE48966B 
 3896      1A7CE5E0 
 3896      D4A49B73 
 3896      03BE
 3897 0c88 2C5D0353 		.ascii	",]\003S\327yM\315\234*\211<\366V#]\001\256Jm\300\263"
 3897      D7794DCD 
 3897      9C2A893C 
 3897      F656235D 
 3897      01AE4A6D 
 3898 0c9e 77BF9618 		.ascii	"w\277\226\0309Z1\337\345|Oq\303\246D\251w\0254]\002"
 3898      395A31DF 
 3898      E57C4F71 
 3898      C3A644A9 
 3898      7715345D 
 3899 0cb3 BF41820F 		.ascii	"\277A\202\017\202\322B\206\215Wl\351\223\234\260uI]"
 3899      82D24286 
 3899      8D576CE9 
 3899      939CB075 
 3899      495D
 3900 0cc5 42ADD829 		.ascii	"B\255\330)uH\3125W\210\005\310\341\331\372'\231\014"
 3900      7548CA35 
 3900      578805C8 
 3900      E1D9FA27 
 3900      990C
 3901 0cd7 A45D7FBA 		.ascii	"\244]\177\272%\335\006\375\275\226\334N\247'\275M\020"
 3901      25DD06FD 
 3901      BD96DC4E 
 3901      A727BD4D 
 3901      10
 3902 0ce8 92EB8DDB 		.ascii	"\222\353\215\333\366\035F\031\"\246\314\325\321\354"
 3902      F61D4619 
 3902      22A6CCD5 
 3902      D1EC
 3903 0cf6 6ECC4EC3 		.ascii	"n\314N\303\035\233\006\262y\021\225)08\007\024\355&"
 3903      1D9B06B2 
 3903      79119529 
 3903      30380714 
 3903      ED26
 3904 0d08 285BDC60 		.ascii	"([\334`\324\331+\347\036:f\351\2364\304\263\224I\004"
 3904      D4D92BE7 
 3904      1E3A66E9 
 3904      9E34C4B3 
 3904      944904
 3905 0d1b 8E8D5436 		.ascii	"\216\215T6i\034w.\026\001\214v\034JJ\363\260\355\\x"
 3905      691C772E 
 3905      16018C76 
 3905      1C4A4AF3 
ARM GAS  /tmp/ccfF4MKe.s 			page 136


 3905      B0ED5C78 
 3906 0d2f D846499A 		.ascii	"\330FI\232\366\201\205R\242 \365y\334\025O\247\020\334"
 3906      F6818552 
 3906      A220F579 
 3906      DC154FA7 
 3906      10DC
 3907 0d41 B7A647D9 		.ascii	"\267\246G\331\333z\277\020\257\344+\361\255\304K\205"
 3907      DB7ABF10 
 3907      AFE42BF1 
 3907      ADC44B85 
 3908 0d51 5EB47E1F 		.ascii	"^\264~\037Hc\322C\207\022%\032Z\331E\332\250\324 >\\"
 3908      4863D243 
 3908      8712251A 
 3908      5AD945DA 
 3908      A8D4203E 
 3909 0d66 B04A5F64 		.ascii	"\260J_d\305=*U\3333\235o\331\356\201\332ZqR\232\220"
 3909      C53D2A55 
 3909      DB339D6F 
 3909      D9EE81DA 
 3909      5A71529A 
 3910 0d7b C6596BBA 		.ascii	"\306Yk\272=v\327\344\345T\330\303\216BJ-8s\005\250\233"
 3910      3D76D7E4 
 3910      E554D8C3 
 3910      8E424A2D 
 3910      387305A8 
 3911 0d90 38B4A77E 		.ascii	"8\264\247~fP\343\335\353x6\235\226,gS%eGT\271D\316?"
 3911      6650E3DD 
 3911      EB78369D 
 3911      962C6753 
 3911      25654754 
 3912 0da8 2ABB952A 		.ascii	"*\273\225*d\267RS\322\2404'\331\035%\350\316\202a\236"
 3912      64B75253 
 3912      D2A03427 
 3912      D91D25E8 
 3912      CE82619E 
 3913 0dbc 4103C073 		.ascii	"A\003\300s8\365p@\276B\277\004{\362G\300\256\025g\244"
 3913      38F57040 
 3913      BE42BF04 
 3913      7BF247C0 
 3913      AE1567A4 
 3914 0dd0 59E92901 		.ascii	"Y\351)\001t\207\\\265\025\302\320,\263\370Dz\014L\373"
 3914      74875CB5 
 3914      15C2D02C 
 3914      B3F8447A 
 3914      0C4CFB
 3915 0de3 C38D3240 		.ascii	"\303\2152@`\016\036+\377w_G-\317\034\265(O\301\245H"
 3915      600E1E2B 
 3915      FF775F47 
 3915      2DCF1CB5 
 3915      284FC1A5 
 3916 0df8 7741D9E6 		.ascii	"wA\331\346\016+w\342\216\211\263\256\366W\305\264\233"
 3916      0E2B77E2 
 3916      8E89B3AE 
 3916      F657C5B4 
 3916      9B
 3917 0e09 CF4B91B8 		.ascii	"\317K\221\270V\214\302\321\230/\217\255\007\255we\221"
 3917      568CC2D1 
ARM GAS  /tmp/ccfF4MKe.s 			page 137


 3917      982F8FAD 
 3917      07AD7765 
 3917      91
 3918 0e1a D8D19B89 		.ascii	"\330\321\233\211Nv\204ID*\216\304\016\336(\231`\002"
 3918      4E768449 
 3918      442A8EC4 
 3918      0EDE2899 
 3918      6002
 3919 0e2c 9D7F76FC 		.ascii	"\235\177v\374\204\350\264\\\304`;\003\320A\363\026\223"
 3919      84E8B45C 
 3919      C4603B03 
 3919      D041F316 
 3919      93
 3920 0e3d DDDA0F22 		.ascii	"\335\332\017\"^\332\335\236\372\300\305v\220$s\357i"
 3920      5EDADD9E 
 3920      FAC0C576 
 3920      902473EF 
 3920      69
 3921 0e4e 29394055 		.ascii	")9@UIwQ\"f\013\304\035dmn#\245\024Y\017j\226\0221=:"
 3921      49775122 
 3921      660BC41D 
 3921      646D6E23 
 3921      A514590F 
 3922 0e68 D89DE74C 		.ascii	"\330\235\347Le\204\013\341z.\335\0056\015\007\017\227"
 3922      65840BE1 
 3922      7A2EDD05 
 3922      360D070F 
 3922      97
 3923 0e79 3546F138 		.ascii	"5F\3618\016f6\250\256\025\267\342\037\3606\234\202\223"
 3923      0E6636A8 
 3923      AE15B7E2 
 3923      1FF0369C 
 3923      8293
 3924 0e8b 7112DE82 		.ascii	"q\022\336\202Sq\002\346\253\317\255\213\324\305V\351"
 3924      537102E6 
 3924      ABCFAD8B 
 3924      D4C556E9 
 3925 0e9b 1C68B11D 		.ascii	"\034h\261\035\032\331*z\220\302\213\305/\200\307\026"
 3925      1AD92A7A 
 3925      90C28BC5 
 3925      2F80C716 
 3926 0eab 70EBE2D3 		.ascii	"p\353\342\323\261\225&\372\246t\311:n\332\006\356\024"
 3926      B19526FA 
 3926      A674C93A 
 3926      6EDA06EE 
 3926      14
 3927 0ebc 83DE27F5 		.ascii	"\203\336'\365\000\227\245\322z\3005\235gC\273\245v\207"
 3927      0097A5D2 
 3927      7AC0359D 
 3927      6743BBA5 
 3927      7687
 3928 0ece A14CEF03 		.ascii	"\241L\357\0036\262I\252\001&KG\265\304\356.[\223/\375"
 3928      36B249AA 
 3928      01264B47 
 3928      B5C4EE2E 
 3928      5B932FFD 
 3929 0ee2 8D756E5A 		.ascii	"\215unZF\246aR\363\251YI)\256V\336-\276\350\244S^\306"
ARM GAS  /tmp/ccfF4MKe.s 			page 138


 3929      46A66152 
 3929      F3A95949 
 3929      29AE56DE 
 3929      2DBEE8A4 
 3930 0ef9 93D4F7AC 		.ascii	"\223\324\367\254\254\025\214\263\235r\216\267\024m\245"
 3930      AC158CB3 
 3930      9D728EB7 
 3930      146DA5
 3931 0f08 371731E6 		.ascii	"7\0271\346\037\273\351?:W\035mS\274\203\033\315\240"
 3931      1FBBE93F 
 3931      3A571D6D 
 3931      53BC831B 
 3931      CDA0
 3932 0f1a C3AFCD16 		.ascii	"\303\257\315\026\346b+\317r\001\225\011<\245\210TG]"
 3932      E6622BCF 
 3932      72019509 
 3932      3CA58854 
 3932      475D
 3933 0f2c F9C0612F 		.ascii	"\371\300a/\207N\223\205\255W\247/\222\256\347\333~\205"
 3933      874E9385 
 3933      AD57A72F 
 3933      92AEE7DB 
 3933      7E85
 3934 0f3e B0932BCE 		.ascii	"\260\223+\316&\212\225\272s\363\321\236\016\313#\015"
 3934      268A95BA 
 3934      73F3D19E 
 3934      0ECB230D 
 3935 0f4e FEB89803 		.ascii	"\376\270\230\003\231\314\305\273\360n^\2743U\265\371"
 3935      99CCC5BB 
 3935      F06E5EBC 
 3935      3355B5F9 
 3936 0f5e 655ED63B 		.ascii	"e^\326;\342\034l\327D\211\352g\217\302\241\277&\302"
 3936      E21C6CD7 
 3936      4489EA67 
 3936      8FC2A1BF 
 3936      26C2
 3937 0f70 5939073B 		.ascii	"Y9\007;\265\036\323\013z\263\235\215\253\305\034\307"
 3937      B51ED30B 
 3937      7AB39D8D 
 3937      ABC51CC7 
 3938 0f80 D2066CA7 		.ascii	"\322\006l\247v\234\264]\013Y\330{\250\3237{L\267l\227"
 3938      769CB45D 
 3938      0B59D87B 
 3938      A8D3377B 
 3938      4CB76C97 
 3939 0f94 307B382F 		.ascii	"0{8/\2178}\023\234\306\227b"
 3939      8F387D13 
 3939      9CC69762 
 3940 0fa0 4E2761E7 		.ascii	"N'a\347\306\237\217\013\000y\241\005u\371\351:;\324"
 3940      C69F8F0B 
 3940      0079A105 
 3940      75F9E93A 
 3940      3BD4
 3941 0fb2 05F6A895 		.ascii	"\005\366\250\225\014\017\2626\357i\236\360vj\375E6\035"
 3941      0C0FB236 
 3941      EF699EF0 
 3941      766AFD45 
ARM GAS  /tmp/ccfF4MKe.s 			page 139


 3941      361D
 3942 0fc4 90D3CA9C 		.ascii	"\220\323\312\234H/+\212b\216b/\2463\316\035\243\312"
 3942      482F2B8A 
 3942      628E622F 
 3942      A633CE1D 
 3942      A3CA
 3943 0fd6 F88C4957 		.ascii	"\370\214IW\3473\342~,\254\336\2071\352\237+\350t\341"
 3943      E733E27E 
 3943      2CACDE87 
 3943      31EA9F2B 
 3943      E874E1
 3944 0fe9 7BB77F3B 		.ascii	"{\267\177;\306/C\016`\302\007\325\247*\333:\220\205"
 3944      C62F430E 
 3944      60C207D5 
 3944      A72ADB3A 
 3944      9085
 3945 0ffb 5BE1CCAD 		.ascii	"[\341\314\255\351"
 3945      E9
 3946 1000 4E9B7459 		.ascii	"N\233tY~\320\003\225`\245\212@\355h\335W\215&\311\305"
 3946      7ED00395 
 3946      60A58A40 
 3946      ED68DD57 
 3946      8D26C9C5 
 3947 1014 72826A8E 		.ascii	"r\202j\216lTR\012\206T\223\252\206\253g\207\262\262"
 3947      6C54520A 
 3947      865493AA 
 3947      86AB6787 
 3947      B2B2
 3948 1026 E3861216 		.ascii	"\343\206\022\026\247F\221\262NP\177\226\005_gg\367\246"
 3948      A74691B2 
 3948      4E507F96 
 3948      055F6767 
 3948      F7A6
 3949 1038 A03C89E8 		.ascii	"\240<\211\350V\325h\017\265\034\036Q\033\324\3508\362"
 3949      56D5680F 
 3949      B51C1E51 
 3949      1BD4E838 
 3949      F2
 3950 1049 9EE49B17 		.ascii	"\236\344\233\027\315\252\345\262\250\232\343T\223YS"
 3950      CDAAE5B2 
 3950      A89AE354 
 3950      935953
 3951 1058 D0A0C665 		.ascii	"\320\240\306e\251\277\311\316\036j\246w\327i\275\271"
 3951      A9BFC9CE 
 3951      1E6AA677 
 3951      D769BDB9 
 3952 1068 F1DE79D1 		.ascii	"\361\336y\321\335\011y\015\352\033y\240%\013j7U\214"
 3952      DD09790D 
 3952      EA1B79A0 
 3952      250B6A37 
 3952      558C
 3953 107a 84219166 		.ascii	"\204!\221f5\325,\246\344\345nM\216il\317\022\323\363"
 3953      35D52CA6 
 3953      E4E56E4D 
 3953      8E696CCF 
 3953      12D3F3
 3954 108d CC6A649E 		.ascii	"\314jd\2369A\214,0'D\202\354\353\251Q\215\252Z\037\243"
ARM GAS  /tmp/ccfF4MKe.s 			page 140


 3954      39418C2C 
 3954      30274482 
 3954      ECEBA951 
 3954      8DAA5A1F 
 3955 10a2 44AA8D09 		.ascii	"D\252\215\011\251y\215\011\213S\012\032\325\324\202"
 3955      A9798D09 
 3955      8B530A1A 
 3955      D5D482
 3956 10b1 C6844579 		.ascii	"\306\204EyD\004\247D\231\325\224\274\030%%\252\233T"
 3956      4404A744 
 3956      99D594BC 
 3956      182525AA 
 3956      9B54
 3957 10c3 6CC22232 		.ascii	"l\302\"2\034\370J\012\014 \273\232\305)\000<\262@MY"
 3957      1CF84A0A 
 3957      0C20BB9A 
 3957      C529003C 
 3957      B2404D59 
 3958 10d7 1C591013 		.ascii	"\034Y\020\023\031\011#\027\003[\315,P\023\026\245\026"
 3958      19092317 
 3958      035BCD2C 
 3958      501316A5 
 3958      16
 3959 10e8 C4802C56 		.ascii	"\304\200,V\301\320\277\321\353\002P\001\007b\365\227"
 3959      C1D0BFD1 
 3959      EB025001 
 3959      0762F597 
 3960 10f8 10B394A6 		.ascii	"\020\263\224\246.\315C\202\377\304\205\364\012/qY\312"
 3960      2ECD4382 
 3960      FFC485F4 
 3960      0A2F7159 
 3960      CA
 3961 1109 2F05F1FD 		.ascii	"/\005\361\375EJ7\211\337\201\231\356\006\351?\250\344"
 3961      454A3789 
 3961      DF8199EE 
 3961      06E93FA8 
 3961      E4
 3962 111a E4AF2E1D 		.ascii	"\344\257.\035a'\177\301\204\205IP\261\"%K\2351\335k"
 3962      61277FC1 
 3962      84854950 
 3962      B122254B 
 3962      9D31DD6B 
 3963 112e EB585D1F 		.ascii	"\353X]\037\255\356\007\231_\233p\031\246\023H(\303\302"
 3963      ADEE0799 
 3963      5F9B7019 
 3963      A6134828 
 3963      C3C2
 3964 1140 615C8AD7 		.ascii	"a\\\212\3274\372*\351\236\302\317\267\247@+\273\037"
 3964      34FA2AE9 
 3964      9EC2CFB7 
 3964      A7402BBB 
 3964      1F
 3965 1151 A38ACD2A 		.ascii	"\243\212\315*.\301G\361\021\336;\016a\261\004\257i\363"
 3965      2EC147F1 
 3965      11DE3B0E 
 3965      61B104AF 
 3965      69F3
ARM GAS  /tmp/ccfF4MKe.s 			page 141


 3966 1163 85B2F0C1 		.ascii	"\205\262\360\301\250\357Pm\247\342\\\026\025P\026\345"
 3966      A8EF506D 
 3966      A7E25C16 
 3966      155016E5 
 3967 1173 18049640 		.ascii	"\030\004\226@\243\316\0221\032\275\330r\311\303V\037"
 3967      A3CE1231 
 3967      1ABDD872 
 3967      C9C3561F 
 3968 1183 95F838A4 		.ascii	"\225\3708\244\276\012\023A\322\205\342\316\376\245\255"
 3968      BE0A1341 
 3968      D285E2CE 
 3968      FEA5AD
 3969 1192 3C9C986A 		.ascii	"<\234\230jM\302\224m\233W\315\353\262\206\362\01665"
 3969      4DC2946D 
 3969      9B57CDEB 
 3969      B286F20E 
 3969      3635
 3970 11a4 E7BA391B 		.ascii	"\347\2729\033\257\005\343'\311\2351Y%\022\300\370\354"
 3970      AF05E327 
 3970      C99D3159 
 3970      2512C0F8 
 3970      EC
 3971 11b5 B97B6790 		.ascii	"\271{g\220\315\370I|\002\006\237\302D\020t\014\354z"
 3971      CDF8497C 
 3971      02069FC2 
 3971      4410740C 
 3971      EC7A
 3972 11c7 6E72B759 		.ascii	"nr\267Yw\342\226\226\304\037\363\\\236\353\211Nc\345"
 3972      77E29696 
 3972      C41FF35C 
 3972      9EEB894E 
 3972      63E5
 3973 11d9 B0A7A054 		.ascii	"\260\247\240T{\222]i\373\375q\307_\273\346\343\006\314"
 3973      7B925D69 
 3973      FBFD71C7 
 3973      5FBBE6E3 
 3973      06CC
 3974 11eb BBD04CCD 		.ascii	"\273\320L\315\345:O\007f\221\215y\360\326\2352\311\352"
 3974      E53A4F07 
 3974      66918D79 
 3974      F0D69D32 
 3974      C9EA
 3975 11fd 4C2377E6 		.ascii	"L#w\346\0145u,j\314\344\352*\220\327Ix}<\230\225\343"
 3975      0C35752C 
 3975      6ACCE4EA 
 3975      2A90D749 
 3975      787D3C98 
 3976 1213 E69CC526 		.ascii	"\346\234\305&,\234\245\302\207z\037\317x\254\310\202"
 3976      2C9CA5C2 
 3976      877A1FCF 
 3976      78ACC882 
 3977 1223 64963F68 		.ascii	"d\226?h;\346\013\373!2'p\023\256\347\311\254\347\311"
 3977      3BE60BFB 
 3977      21322770 
 3977      13AEE7C9 
 3977      ACE7C9
 3978 1236 BCF53A4D 		.ascii	"\274\365:M\344\236~\226\310\323\220\310f\314\234\254"
ARM GAS  /tmp/ccfF4MKe.s 			page 142


 3978      E49E7E96 
 3978      C8D390C8 
 3978      66CC9CAC 
 3979 1246 C3E269BC 		.ascii	"\303\342i\274f\352u\214N\354\237Jpw\216c\013\304\361"
 3979      66EA758C 
 3979      4EEC9F4A 
 3979      70778E63 
 3979      0BC4F1
 3980 1259 3849E252 		.ascii	"8I\342R\210c\036\304\361\304\251\334\223^\2668^\300"
 3980      88631EC4 
 3980      F1C4A9DC 
 3980      935EB638 
 3980      5EC0
 3981 126b E48F4F2E 		.ascii	"\344\217O.b\"\010\210\236\336\333\177F\266\305\321\211"
 3981      62220888 
 3981      9EDEDB7F 
 3981      46B6C5D1 
 3981      89
 3982 127c 7BADBEE2 		.ascii	"{\255\276\3420Z\376\320\023\265b%\336KP\322\274\340"
 3982      305AFED0 
 3982      13B56225 
 3982      DE4B50D2 
 3982      BCE0
 3983 128e CB5DB3D9 		.ascii	"\313]\263\331\317<\211\023\023\347\033\276#\305\370"
 3983      CF3C8913 
 3983      13E71BBE 
 3983      23C5F8
 3984 129d CB26DCC6 		.ascii	"\313&\334\306\361\267q\374%\014\377E\216\277\025\360"
 3984      F1B771FC 
 3984      250CFF45 
 3984      8EBF15F0 
 3985 12ad 5FC14CF9 		.ascii	"_\301L\371e,\266\3425\247\001\177el\333\035\017g\374"
 3985      652CB6E2 
 3985      35A7017F 
 3985      656CDB1D 
 3985      0F67FC
 3986 12c0 D7007F0B 		.ascii	"\327\000\177\013\271u\362\004\374C`\256\252p*E\266\341"
 3986      B975F204 
 3986      FC4360AE 
 3986      AA702A45 
 3986      B6E1
 3987 12d2 BF81C91F 		.ascii	"\277\201\311\037\227\334\304D\220\354\205\342\367L\213"
 3987      97DCC444 
 3987      90EC85E2 
 3987      F74C8B
 3988 12e1 36FC4EDC 		.ascii	"6\374N\334\303\327\307g\224\345{\275P;V\312\001\377"
 3988      C3D7C767 
 3988      94E57BBD 
 3988      503B56CA 
 3988      01FF
 3989 12f3 69825FBD 		.ascii	"i\202_\275\177tN\246\370\357[\361wq\374]\034\377\364"
 3989      7F744EA6 
 3989      F8EF5BF1 
 3989      7771FC5D 
 3989      1CFFF4
 3990 1306 6B14FF38 		.ascii	"k\024\3778\307\337\016\370\2731S\336\211\305v\274&\021"
 3990      C7DF0EF8 
ARM GAS  /tmp/ccfF4MKe.s 			page 143


 3990      BB3153DE 
 3990      89C576BC 
 3990      2611
 3991 1318 F057DFCD 		.ascii	"\360W\337\315\237\3218\343\277\005\370\257\223\370{"
 3991      9FD138E3 
 3991      BF05F8AF 
 3991      93F87B
 3992 1327 01FE09F2 		.ascii	"\001\376\011\362k\224\244{q\2366\374\275\3706(\271\203"
 3992      6B94A47B 
 3992      719E36FC 
 3992      BDF83628 
 3992      B983
 3993 1339 89207013 		.ascii	"\211 p\023\352\263&\274l\370\235\270]{{z\224\345\027"
 3993      EAB326BC 
 3993      6CF89DB8 
 3993      5D7B7B7A 
 3993      94E517
 3994 134c BC501F56 		.ascii	"\274P\037V\272\000\377 \301\237\222y\263\315\235\342"
 3994      BA00FF20 
 3994      C19F9279 
 3994      B3CD9DE2 
 3995 135c CF3963C1 		.ascii	"\3179c\301?\300\361\017p\374\025\014\377\356\001\206"
 3995      3FC0F10F 
 3995      70FC150C 
 3995      FFEE0186 
 3996 136c BF0FF00F 		.ascii	"\277\017\360\017b\246\374.\026\373\360\232\226\327`"
 3996      62A6FC2E 
 3996      16FBF09A 
 3996      96D760
 3997 137b 86159FEB 		.ascii	"\206\025\237\353\021\227?\362\"\263$\316[PR\275A\373"
 3997      11973FF2 
 3997      22B324CE 
 3997      5B5052BD 
 3997      41FB
 3998 138d 44DAE344 		.ascii	"D\332\343D/\252}\330\252}\204k\037\341\332G\227Q\355"
 3998      2FAA7DD8 
 3998      AA7D846B 
 3998      1FE1DA47 
 3998      9751ED
 3999 13a0 6303B6EA 		.ascii	"c\003\266\352\034\345\3259\214\305{x\215\012\332\267"
 3999      1CE5D539 
 3999      8CC57B78 
 3999      8D0ADAB7 
 4000 13b0 EF1E7F84 		.ascii	"\357\036\177\204\226\027x\223\005\242\014\264\327x\277"
 4000      96177893 
 4000      05A20CB4 
 4000      D778BF
 4001 13bf 64B6F477 		.ascii	"d\266\364w\366yYfK,b\263e\022\013\023lW2\361\330\354"
 4001      F6795966 
 4001      4B2C62B3 
 4001      65120B13 
 4001      6C5732F1 
 4002 13d5 46A174DC 		.ascii	"F\241t\334cP&\3618\2072\316\241\214,\245Pn\337\263u"
 4002      635026F1 
 4002      388732CE 
 4002      A18C2CA5 
 4002      506EDFB3 
ARM GAS  /tmp/ccfF4MKe.s 			page 144


 4003 13ea BC87BCE3 		.ascii	"\274\207\274\343=\300\342\030^\263w\031F#\351wO\271"
 4003      3DC0E218 
 4003      5EB37719 
 4003      4623E977 
 4003      4FB9
 4004 13fc 2E3FEB8D 		.ascii	".?\353\215\252\261\322\011P\006\010\224\302\266\311"
 4004      AAB1D209 
 4004      50060894 
 4004      C2B6C9
 4005 140b 584F02E5 		.ascii	"XO\002\345\201D\240\234\210\313-sa\310\236\300\322\230"
 4005      8144A09C 
 4005      88CB2D73 
 4005      61C89EC0 
 4005      D298
 4006 141d 56D05FA4 		.ascii	"V\320_\244qF6\213\205\031Vu\225\031\371\032\212,q\224"
 4006      7146368B 
 4006      85195675 
 4006      9519F91A 
 4006      8A2C7194 
 4007 1431 219BC5D3 		.ascii	"!\233\305\323\034\3314GV\277\204\"\3339\312\220U\003"
 4007      1CD93447 
 4007      56BF8422 
 4007      DB39CA90 
 4007      5503
 4008 1443 B239CCBA 		.ascii	"\2629\314\272\344c,N\3415)K1\212\3179]\306.\210\315"
 4008      E4632C4E 
 4008      E135294B 
 4008      318ACF39 
 4008      5DC62E88 
 4009 1458 0BFE7EA2 		.ascii	"\013\376~\242\260p\344\036\266\355\363\351\036\266\346"
 4009      B070E41E 
 4009      B6EDF3E9 
 4009      1EB6E6
 4010 1467 C7F7B0CA 		.ascii	"\307\367\260\312\014\015pru\247D\3340\213\304\253'\246"
 4010      0C0D7072 
 4010      75A744DC 
 4010      308BC4AB 
 4010      27A6
 4011 1479 EB450A7B 		.ascii	"\353E\012{\235\007\257\342\3433\313\\\235\273S\244,"
 4011      9D07AFE2 
 4011      E333CB5C 
 4011      9DBB53A4 
 4011      2C
 4012 148a A8325F63 		.ascii	"\2502_c\216\027<\354z\337\262\306D\312/\270O/\270O\031"
 4012      8E173CEC 
 4012      7ADFB2C6 
 4012      44CA2FB8 
 4012      4F2FB84F 
 4013 149f BE4AE522 		.ascii	"\276J\345\"P;\277\345i\207\370\363,\225,J\251G\376\""
 4013      503BBFE5 
 4013      6987F8F3 
 4013      2C952C4A 
 4013      A947FE22 
 4014 14b3 4DCD4B90 		.ascii	"M\315K\220\236\343h\271V\244(\205hYX\323\262X\251%\262"
 4014      9EE368B9 
 4014      56A42885 
 4014      685958D3 
ARM GAS  /tmp/ccfF4MKe.s 			page 145


 4014      B258A925 
 4015 14c8 57A69F0E 		.ascii	"W\246\237\016kx\317\273s\323\256\347\305\312Ly\254\314"
 4015      6B78CFBB 
 4015      73D3AEE7 
 4015      C5CA4C79 
 4015      ACCC
 4016 14da 94EF794D 		.ascii	"\224\357yM9O\006\250\347\013\237\2114\270{\254i\217"
 4016      394F06A8 
 4016      E70B9F89 
 4016      34B87BAC 
 4016      698F
 4017 14ec E7B2F15C 		.ascii	"\347\262\361\\\366\3142\345\006\221\255\033\031\243"
 4017      F6CC32E5 
 4017      0691AD1B 
 4017      19A3
 4018 14fa A2A693E4 		.ascii	"\242\246\223\344\227\026T\361,\336\302\205\267p\341"
 4018      971654F1 
 4018      2CDEC285 
 4018      B770E1
 4019 1509 F2A5CA10 		.ascii	"\362\245\312\020\021~TU[H\213\3578\"\261\251\356\357"
 4019      117E5455 
 4019      5B488BEF 
 4019      3822B1A9 
 4019      EEEF
 4020 151b 4BF1760E 		.ascii	"K\361v\016\306VYH\222Y\361=\277.\255 .^\333\367p\366"
 4020      C6565948 
 4020      9259F13D 
 4020      BF2EAD20 
 4020      2E5EDBF7 
 4021 1531 CDBAE8BC 		.ascii	"\315\272\350\274\025[\345D\2569\021D\2045G\226({\026"
 4021      155BE544 
 4021      AE391144 
 4021      84354796 
 4021      287B16
 4022 1544 0B8A6931 		.ascii	"\013\212i1\210?\274\325\275\337\003t\247\000G9N\276"
 4022      883FBCD5 
 4022      BDDF0374 
 4022      A7004739 
 4022      4EBE
 4023 1556 291F4DCF 		.ascii	")\037M\317\221\341\2334YH\225\225Z\362U}\327\300=Rc"
 4023      91E19B34 
 4023      59489595 
 4023      5AF2557D 
 4023      D7C03D52 
 4024 156b DB65215D 		.ascii	"\333e!]\306(K\035\231r'x\\\010\234\333\333Lg1}\313\000"
 4024      C6284B1D 
 4024      99722778 
 4024      5C089CDB 
 4024      DB4C6731 
 4025 1582 DE9DF18C 		.ascii	"\336\235\361\214I\027\0138\027\206-K\0262\031\266\326"
 4025      49170B38 
 4025      17862D4B 
 4025      163219B6 
 4025      D6
 4026 1593 6B45F28A 		.ascii	"kE\362\212\334\0045!\336\374\025\354\224jQ\226\274\215"
 4026      DC043521 
 4026      DEFC15EC 
ARM GAS  /tmp/ccfF4MKe.s 			page 146


 4026      946A5196 
 4026      BC8D
 4027 15a5 42DB210B 		.ascii	"B\333!\013\333\0106Ai \006\313\232\013\326\021\037\252"
 4027      DB083641 
 4027      692006CB 
 4027      9A0BD611 
 4027      1FAA
 4028 15b7 26E6D57F 		.ascii	"&\346\325\177\316U\353\221\011gs\027\262\251\013[\227"
 4028      CE55EB91 
 4028      09677317 
 4028      B2A90B5B 
 4028      97
 4029 15c8 283788A0 		.ascii	"(7\210\240z\261\3551\001+\304\322\320\334\274Yx\334"
 4029      7AB1ED31 
 4029      012BC4D2 
 4029      D0DCBC59 
 4029      78DC
 4030 15da 8BBC26A2 		.ascii	"\213\274&\242]2\371\345\374\376\023\013\266&{da7Esr"
 4030      5D32F9E5 
 4030      FCFE130B 
 4030      B6267B64 
 4030      61374573 
 4031 15ef E0E2564F 		.ascii	"\340\342VOj\345xA\3017\304\312\0369\227[\311\245Vr\226"
 4031      6AE57841 
 4031      C137C4CA 
 4031      1E39975B 
 4031      C9A55672 
 4032 1604 28FD3448 		.ascii	"(\3754H\027ZKE\216g\342\237\030\236|.\231O%\267/Q\036"
 4032      175A4B45 
 4032      8E67E29F 
 4032      189E7C2E 
 4032      994F25B7 
 4033 161b 11C9CAEB 		.ascii	"\021\311\312\353\2435\032\006\200\340y~s\372\211\247"
 4033      A3351A06 
 4033      80E0797E 
 4033      73FA89A7 
 4034 162b 0540229F 		.ascii	"\005@\"\237\215\305\262PD\001\314\345\366\325\270\320"
 4034      8DC5B250 
 4034      4401CCE5 
 4034      F6D5B8D0 
 4035 163b 5441F95E 		.ascii	"TA\371^\377\210\244\252X.\344z\013\251\336I\037E\365"
 4035      FF88A4AA 
 4035      582EE47A 
 4035      0BA9DE49 
 4035      1F45F5
 4036 164e 217F86D0 		.ascii	"!\177\206\320\277\253\216\211N\314_\356\242Y5\341}\\"
 4036      BFAB8E89 
 4036      4ECC5FEE 
 4036      A25935E1 
 4036      7D5C
 4037 1660 741F158D 		.ascii	"t\037\025\215[\242\244\022\321\230\354[\011\"w\353\350"
 4037      5BA2A412 
 4037      D198EC5B 
 4037      092277EB 
 4037      E8
 4038 1671 370CEC01 		.ascii	"7\014\354\001.y\200J\216\370(\005D\362\207\250\304\223"
 4038      2E79804A 
ARM GAS  /tmp/ccfF4MKe.s 			page 147


 4038      8EF82805 
 4038      44F287A8 
 4038      C493
 4039 1683 348FD9B4 		.ascii	"4\217\331\264\251e\2146\236\306\316\321*\225\205C\024"
 4039      A9658C36 
 4039      9EC6CED1 
 4039      2A958543 
 4039      14
 4040 1694 EC9DEDCD 		.ascii	"\354\235\355\315O\274\250\332\252\332\324\377F\324\226"
 4040      4FBCA8DA 
 4040      AADAD4FF 
 4040      46D496
 4041 16a3 CA07B9DA 		.ascii	"\312\007\271\332\203T\255\311G)%j\315\243g\256\320\202"
 4041      8354ADC9 
 4041      4729256A 
 4041      CDA367AE 
 4041      D082
 4042 16b5 D84B6370 		.ascii	"\330Kcp\267+\327\2448\253=\"\013&\252\2669k\3447\034"
 4042      B72BD7A4 
 4042      38AB3D22 
 4042      0B26AAB6 
 4042      396BE437 
 4043 16ca 6C14057B 		.ascii	"l\024\005{D.\343Z\313\250\326:\037\245\226h\315\233"
 4043      442EE35A 
 4043      CBA8D63A 
 4043      1FA59668 
 4043      CD9B
 4044 16dc 49AA56B8 		.ascii	"I\252V\270\3756n\377\030\227<F%\257\370(\315Drw\361"
 4044      FD366EFF 
 4044      18973C46 
 4044      25AFF828 
 4044      CD447277 
 4045 16f1 9D1B8867 		.ascii	"\235\033\210g\253\227WO\005\227\254\240\222\375>J\207"
 4045      AB97574F 
 4045      0597ACA0 
 4045      92FD3E4A 
 4045      87
 4046 1702 CFC2569A 		.ascii	"\317\302V\232T57\254a\300\253\240z\022\322[\346$\347"
 4046      543537AC 
 4046      61C0ABA0 
 4046      7A12D25B 
 4046      E624E7
 4047 1715 565A230B 		.ascii	"VZ#\013\325\024x\321\305\216do\236\274\264\233o\221"
 4047      D51478D1 
 4047      C58E646F 
 4047      9EBCB49B 
 4047      6F91
 4048 1727 8CD4C895 		.ascii	"\214\324\310\225\334L%5\223\341\243<\360\021\224g\304"
 4048      DC4C2535 
 4048      93E1A33C 
 4048      F0119467 
 4048      C4
 4049 1738 54627D43 		.ascii	"Tb}C.\321}\222\016\316,8\362+bh\216Fh\367LR\341\202"
 4049      2ED17D92 
 4049      0ECE2C38 
 4049      F22B6268 
 4049      8E4668F7 
ARM GAS  /tmp/ccfF4MKe.s 			page 148


 4050 1750 EE669685 		.ascii	"\356f\226\205\323\226\356V^s\364\351\273\015\264\273"
 4050      D396EE56 
 4050      5E73F4E9 
 4050      BB0DB4BB 
 4051 1760 A53423B3 		.ascii	"\2454#\263|\202\2329%\327\301'\276\356\373*\227\227"
 4051      7C829A39 
 4051      25D7C127 
 4051      BEEEFB2A 
 4051      9797
 4052 1772 38992143 		.ascii	"8\231!C\253:G'\036kX\357\252[j\302\365td\203\334(\327"
 4052      AB3A4727 
 4052      1E6B58EF 
 4052      AA5B6AC2 
 4052      F5746483 
 4053 1789 F391777D 		.ascii	"\363\221w}\225n\030\251i9]\262W\3743Q\364b\277\271\302"
 4053      956E18A9 
 4053      69395DB2 
 4053      57FC3351 
 4053      F462BFB9 
 4054 179e 4DB299FC 		.ascii	"M\262\231\374\346*\306\203\374\346\352\214\334$\013"
 4054      E62AC683 
 4054      FCE6EA8C 
 4054      DC240B
 4055 17ad CDF25919 		.ascii	"\315\362Y\0315A`j\216\335\350\267\235|M|[y\216zV:0\374"
 4055      3541606A 
 4055      8EDDE8B7 
 4055      9D7C4D7C 
 4055      5B798E7A 
 4056 17c5 C8F69BC3 		.ascii	"\310\366\233\303\347\234\327By\015C"
 4056      E79CD742 
 4056      790D43
 4057 17d0 B171B63F 		.ascii	"\261q\266?\362\311\222\031\357<\345\345\315\366\317"
 4057      F2C99219 
 4057      EF3CE5E5 
 4057      CDF6CF
 4058 17df DBFECE66 		.ascii	"\333\376\316f+\347]\240\274\375\351IC\266;\275\022\256"
 4058      2BE75DA0 
 4058      BCFDE949 
 4058      43B63BBD 
 4058      12AE
 4059 17f1 F322E50D 		.ascii	"\363\"\345\015<\270\223\355\351\274\227i\225\205\325"
 4059      3CB893ED 
 4059      E9BC9769 
 4059      9585D5
 4060 1800 1FC0C9A4 		.ascii	"\037\300\311\244$#J\264\355`X\\/\311\204MN\231\032\214"
 4060      24234AB4 
 4060      ED60585C 
 4060      2FC9844D 
 4060      4E991A8C 
 4061 1814 22476F14 		.ascii	"\"Go\024/\370Md\033\214\276,\203\200\013\354\204~\001"
 4061      2FF84D64 
 4061      1B8CBE2C 
 4061      83800BEC 
 4061      847E01
 4062 1827 BBE8A3FB 		.ascii	"\273\350\243\373k\335mj\256\312W`\3745\231\310\011J"
 4062      6BDD6D6A 
 4062      AECA5760 
ARM GAS  /tmp/ccfF4MKe.s 			page 149


 4062      FC3599C8 
 4062      094A
 4063 1839 DF92858B 		.ascii	"\337\222\205\213\327\250y~\304\3139\2377e\341\206%\237"
 4063      D7A8797E 
 4063      C4CB399F 
 4063      3765E186 
 4063      259F
 4064 184b B7124FC5 		.ascii	"\267\022O\305\273\363\244\340\233\362uV5\355\360\201"
 4064      BBF3A4E0 
 4064      9BF27556 
 4064      35EDF081 
 4065 185b E564EA0D 		.ascii	"\345d\352\015X\001\007F*XQ\230\0276\322\023\335y1\266"
 4065      58010746 
 4065      2A585198 
 4065      1736D213 
 4065      DD7931B6 
 4066 186f 489EE611 		.ascii	"H\236\346\021\351$\200&\010\240\356\273\017\247\334"
 4066      E9248026 
 4066      08A0EEBB 
 4066      0FA7DC
 4067 187e 1C6EB2ED 		.ascii	"\034n\262\355\376Rs \355b\234-E\335<\324=TqNTC\007\355"
 4067      FE527320 
 4067      ED629C2D 
 4067      45DD3CD4 
 4067      3D54714E 
 4068 1896 A73D32F1 		.ascii	"\247=2\361\2444-=\307\335\342I\223\314P\334\226\205"
 4068      A4342D3D 
 4068      C7DDE249 
 4068      93CC50DC 
 4068      9685
 4069 18a8 5BDC1353 		.ascii	"[\334\023Sw<[\276\352\336\272-w17z\341\003s\243\003"
 4069      773C5BBE 
 4069      EADEBA2D 
 4069      7731377A 
 4069      E10373A3 
 4070 18bd DC28DA77 		.ascii	"\334(\332w\277\315v\316o\345H\357\020\244\221K\027\206"
 4070      BFCD76CE 
 4070      6FE548EF 
 4070      10A4914B 
 4070      1786
 4071 18cf EEF499B2 		.ascii	"\356\364\231\262q\353\2343\213\314\340]Y\350\347\006"
 4071      71EB9C33 
 4071      8BCCE05D 
 4071      59E8E706 
 4072 18df 27AA8693 		.ascii	"'\252\206\223\275.\253j^\212xW\356c\006\007\340\003"
 4072      BD2EAB6A 
 4072      5E8A7857 
 4072      EE630607 
 4072      E003
 4073 18f1 3398FA86 		.ascii	"3\230\372\206\222\261\324r\350\234\274\316\017\235)"
 4073      92B1D472 
 4073      E89CBCCE 
 4073      0F9D29
 4074 1900 70E81C64 		.ascii	"p\350\034d\242\367\344A.\332\345\253\344-}\311\204\231"
 4074      A2F7E441 
 4074      2EDAE5AB 
 4074      E42D7DC9 
ARM GAS  /tmp/ccfF4MKe.s 			page 150


 4074      8499
 4075 1912 8109735B 		.ascii	"\201\011s[S[\245\252\261p\260\177\007\016\262Ct\350"
 4075      535BA5AA 
 4075      B170B07F 
 4075      070EB243 
 4075      74E8
 4076 1924 B03C220F 		.ascii	"\260<\"\017\361\261\367}\225\222\245\226L\316Z3\011"
 4076      F1B1F77D 
 4076      9592A596 
 4076      4CCE5A33 
 4076      09
 4077 1935 21186566 		.ascii	"!\030ef\306\340\003\023\255\201\020\\-?\361\2615\002"
 4077      C6E00313 
 4077      AD81105C 
 4077      2D3FF1B1 
 4077      3502
 4078 1947 ED3C02F7 		.ascii	"\355<\002\367i\270\023ngN\332.\247\366\360T<\240\274"
 4078      69B8136E 
 4078      674EDA2E 
 4078      A7F6F054 
 4078      3CA0BC
 4079 195a 17359957 		.ascii	"\0275\231Wlw8}|\3348\345]9\337\275\303\306+\346\343"
 4079      6C77387D 
 4079      7CDC38E5 
 4079      5D39DFBD 
 4079      C3C62BE6 
 4080 196f 2628AFF5 		.ascii	"&(\257\365He\245\355R\253\211\217\233\244\274\221\331"
 4080      4865A5ED 
 4080      52AB898F 
 4080      9BA4BC91 
 4080      D9
 4081 1980 1759B63F 		.ascii	"\027Y\266?F\230\264\\\027R^g\376\211A/\247\253\320,"
 4081      4698B45C 
 4081      17525E67 
 4081      FE89412F 
 4081      A7ABD02C 
 4082 1994 EC706105 		.ascii	"\354pa\005\371\3311\3663\353\370)n\367\021\311\346\011"
 4082      F9D931F6 
 4082      33EBF829 
 4082      6EF711C9 
 4082      E609
 4083 19a6 124DD3F5 		.ascii	"\022M\323\365\271K\336\316\353\335\264l\273\013(\037"
 4083      B94BDECE 
 4083      EBDDB46C 
 4083      BB0B281F 
 4084 19b6 7C58F1B6 		.ascii	"|X\361\266\245\223\341i\3711\013\330\023\370\300\002"
 4084      A593E169 
 4084      F9310BD8 
 4084      13F8C002 
 4085 19c6 B6C55799 		.ascii	"\266\305W\231%\232\306\212\307&\254=1\033\363}\254\235"
 4085      259AC68A 
 4085      C726AC3D 
 4085      311BF37D 
 4085      AC9D
 4086 19d8 A6AADAC8 		.ascii	"\246\252\332\310\2167\255\232f\345\031\246i\016>0M\317"
 4086      8E37AD9A 
 4086      66E519A6 
ARM GAS  /tmp/ccfF4MKe.s 			page 151


 4086      690E3E30 
 4086      4DCF
 4087 19ea E1A4D336 		.ascii	"\341\244\3236<\227o\213E)\307\373\224\255<%G\257\330"
 4087      3C976F8B 
 4087      4529C7FB 
 4087      94AD3C25 
 4087      47AFD8
 4088 19fd 2A3392F3 		.ascii	"*3\222\363\236Q\336\216\306\234I[\207;\302y\317)/\371"
 4088      9E51DE8E 
 4088      C69C495B 
 4088      873BC279 
 4088      CF292FF9 
 4089 1a11 C8C04EDB 		.ascii	"\310\300N\333\375\331,\217\341\013\312;\322[\372\334"
 4089      FDD92C8F 
 4089      E10BCA3B 
 4089      D25BFADC 
 4090 1a21 36AE868F 		.ascii	"6\256\206\217\233'\253\001\016\325}o\374\363\367\336"
 4090      9B27AB01 
 4090      0ED57D6F 
 4090      FCF3F7DE 
 4091 1a31 5B05FF03 		.ascii	"[\005\377\0036\004\255\015\0123h\215\372\210\320oW\205"
 4091      3604AD0D 
 4091      0A33688D 
 4091      FA88D06F 
 4091      5785
 4092 1a43 1956E98D 		.ascii	"\031V\351\215\253\014\372\000\370> ,4\360\275\000\345"
 4092      AB0CFA00 
 4092      F83E202C 
 4092      34F0BD00 
 4092      E5
 4093 1a54 F3BFFD87 		.ascii	"\363\277\375\2077?[\275F\360\261|\363\336\332\367?\012"
 4093      373F5BBD 
 4093      46F0B17C 
 4093      F3DEDAF7 
 4093      3F0A
 4094 1a66 D07D18F8 		.ascii	"\320}\030\370\211\240\004l\320~\027\241\213\320\271"
 4094      89A0046C 
 4094      D07E17A1 
 4094      8BD0B9
 4095 1a75 593E688D 		.ascii	"Y>h\2158\\\257\333\350\267jCX\210n\225>l\355\252\257"
 4095      385CAFDB 
 4095      E8B76A43 
 4095      58886E95 
 4095      3E6CEDAA 
 4096 1a8a F461BFD7 		.ascii	"\364a\277\327\005\030\015\253>#\206\374\214\021\201"
 4096      05180DAB 
 4096      3E2386FC 
 4096      8C1181
 4097 1a99 4161F69F 		.ascii	"Aa\366\237\265\037|\270jS\230\376[C\270\177\200\216"
 4097      B51F7CB8 
 4097      6A5398FE 
 4097      5B43B87F 
 4097      808E
 4098 1aab A3F0FBED 		.ascii	"\243\360\373\355\227\037~\240\375\374\253/>\325\256"
 4098      971F7EA0 
 4098      FDFCAB2F 
 4098      3ED5AE
ARM GAS  /tmp/ccfF4MKe.s 			page 152


 4099 1aba 0BD2876C 		.ascii	"\013\322\207l\362\327\353V\011\377\345\307\361\006\205"
 4099      F2D7EB56 
 4099      09FFE5C7 
 4099      F10685
 4100 1ac9 06044704 		.ascii	"\006\004G\004\352\200\027\034d0\032\336\333 h\302)\234"
 4100      EA80171C 
 4100      64301ADE 
 4100      DB2068C2 
 4100      299C
 4101 1adb C5802B5C 		.ascii	"\305\200+\\\037\024\246\0172nf\000\227,\370\206B\016"
 4101      1F14A60F 
 4101      326E6600 
 4101      972CF886 
 4101      420E
 4102 1aed 0A733192 		.ascii	"\012s1\222\237Z\243L\277\304D\221\013\310\222\247+\177"
 4102      9F5AA34C 
 4102      BFC44491 
 4102      0BC892A7 
 4102      2B7F
 4103 1aff 6A8DEFBD 		.ascii	"j\215\357\275\012\206\260\265\324a@\241\350u\376\301"
 4103      0A86B0B5 
 4103      D46140A1 
 4103      E875FEC1 
 4104 1b0f 547988F1 		.ascii	"Ty\210\361{\242\201\004,$\302\250\373^\321\205\353B"
 4104      7BA28104 
 4104      2C24C2A8 
 4104      FB5ED185 
 4104      EB42
 4105 1b21 038342D7 		.ascii	"\003\203B\327\273\3536\352B\215!\376\206o\265F%\304"
 4105      BBEB36EA 
 4105      428D21FE 
 4105      866FB546 
 4105      25C4
 4106 1b33 B09E5A77 		.ascii	"\260\236Zw\331\344\037d\004\246\030\241\321m\"<\315"
 4106      D9E41F64 
 4106      04A618A1 
 4106      D16D223C 
 4106      CD
 4107 1b44 26236808 		.ascii	"&#h\010\207\207A\027\022\356\001Z\340\351\037\276!L"
 4107      87874117 
 4107      12EE015A 
 4107      E0E91FBE 
 4107      214C
 4108 1b56 AF733190 		.ascii	"\257s1\220\361\206\3652\020\240\337d4\352\303\011`\343"
 4108      F186F532 
 4108      10A0DF64 
 4108      34EAC309 
 4108      60E3
 4109 1b68 06301EA8 		.ascii	"\0060\036\250\260\207\326\350\303?\350u\353tz](\011"
 4109      B087D6E8 
 4109      C33FE875 
 4109      EB747A5D 
 4109      2809
 4110 1b7a 356803A8 		.ascii	"5h\003\250\341\212\356\373 c@X\240N\243\017\334\014"
 4110      E18AEEFB 
 4110      20634058 
 4110      A04EA30F 
ARM GAS  /tmp/ccfF4MKe.s 			page 153


 4110      DC0C
 4111 1b8c 4A308818 		.ascii	"J0\210\030\\\214\344'\350[\027\354\277\036\336B\200"
 4111      5C8CE427 
 4111      E85B17EC 
 4111      BF1EDE42 
 4111      80
 4112 1b9d 0F6F06A3 		.ascii	"\017o\006\243\277Q\247\030\351\203\030\363\007'\334"
 4112      BF51A718 
 4112      E98318F3 
 4112      0727DC
 4113 1bac 0CC66FFD 		.ascii	"\014\306o\375\203\203\326\207\022\215\376k\375\015:"
 4113      8383D687 
 4113      128DFE6B 
 4113      FD0D3A
 4114 1bbb 1CEA1FA2 		.ascii	"\034\352\037\242\303\001\033\374\365r\330\246P\235\336"
 4114      C3011BFC 
 4114      F572D8A6 
 4114      509DDE
 4115 1bca 0BE040B4 		.ascii	"\013\340@\264\202Ba\034X\366\264\373\014c\364\324e)"
 4115      8242611C 
 4115      58F6B4FB 
 4115      0C63F4D4 
 4115      6529
 4116 1bdc C0F83D32 		.ascii	"\300\370=2\204\273\207\207\351\215\3005\302\253\007"
 4116      84BB8787 
 4116      E98DC035 
 4116      C2AB07
 4117 1beb FD0C3507 		.ascii	"\375\0145\007\3612~\374#\221\017\010\013\011\011\013"
 4117      F1327EFC 
 4117      23910F08 
 4117      0B09090B 
 4118 1bfb 5D45440D 		.ascii	"]ED\015\253~\365\365\227\033\327\274\373%\255]\275\016"
 4118      AB7EF5F5 
 4118      971BD7BC 
 4118      FB25AD5D 
 4118      BD0E
 4119 1c0d 12206D08 		.ascii	"\022 m\010\324\313!\341aa\301\036F=\251\257\265\021"
 4119      D4CB21E1 
 4119      6161C11E 
 4119      463DA9AF 
 4119      B511
 4120 1c1f EBC07F29 		.ascii	"\353\300\177)\334\250\367d_\320\360C\011\030\202\376"
 4120      DCA8F764 
 4120      5FD0F043 
 4120      091882FE 
 4121 1c2f A05322C0 		.ascii	"\240S\"\300\360\352O\264FWC\204\201\344G\027\250a\003"
 4121      F0EA4FB4 
 4121      46574384 
 4121      81E44717 
 4121      A86103
 4122 1c42 B0312844 		.ascii	"\2601(D\347j\330l OH\024\021\204\0125\272\350I,B\302"
 4122      E76AD86C 
 4122      204F4814 
 4122      11840A35 
 4122      BAE8492C 
 4123 1c58 B17173B8 		.ascii	"\261qs\270\016G\030@uD\370\007@\253_\251Z)\004\200\211"
 4123      0E471840 
ARM GAS  /tmp/ccfF4MKe.s 			page 154


 4123      7544F807 
 4123      40AB5FA9 
 4123      5A290480 
 4124 1c6d 37F80743 		.ascii	"7\370\007C t\376\206\260P)\310\240\227 \023\022\244"
 4124      2074FE86 
 4124      B05029C8 
 4124      A0972013 
 4124      12A4
 4125 1c7f 0219C391 		.ascii	"\002\031\303\221a\223\024j\014\367\262\207\2575J\201"
 4125      6193146A 
 4125      0CF7B287 
 4125      AF354A81 
 4126 1c8f 6BD7BB80 		.ascii	"k\327\273\200\2406 \324(\007\020\007\\\303\375C\203"
 4126      A03620D4 
 4126      28071007 
 4126      5CC3FD43 
 4126      83
 4127 1ca0 02B430C8 		.ascii	"\002\2640\310\233T\007 \325\205h\003uk#\326+\301a\001"
 4127      9B540720 
 4127      D5856803 
 4127      756B23D6 
 4127      2BC16101 
 4128 1cb4 DF12C157 		.ascii	"\337\022\301W\202D\207\000$/{\025Z\243[\210?\270LKH"
 4128      82448700 
 4128      242F7B15 
 4128      5AA35B88 
 4128      3FB84C4B 
 4129 1cc9 03195917 		.ascii	"\003\031Y\027\264~\231cR\265\354\333\245\013\277\202"
 4129      B47E9963 
 4129      52B5ECDB 
 4129      A50BBF82 
 4130 1cd9 E0EAD705 		.ascii	"\340\352\327\005D\220\311D\236\230\324\263;\371\244"
 4130      4490C944 
 4130      9E98D4B3 
 4130      3BF9A4
 4131 1ce8 6555FFF3 		.ascii	"eU\377\363W\201E\344\311\264\246\343`bBz\265A\201\256"
 4131      578145E4 
 4131      C9B4A6E3 
 4131      6062427A 
 4131      B54181AE 
 4132 1cfc FC4912A1 		.ascii	"\374I\022\241[O&\230;\261\242[\017\237\364\233\335,"
 4132      5B4F2698 
 4132      3BB1A25B 
 4132      0F9FF49B 
 4132      DD2C
 4133 1d0e 1FA0C836 		.ascii	"\037\240\3106\032\351\364\013\3667\030I\012\345@\362"
 4133      1AE9F40B 
 4133      F6371849 
 4133      0AE540F2 
 4134 1d1e EA09C281 		.ascii	"\352\011\302\201\272`\243?\235\335\336\016oP\335\364"
 4134      BA60A33F 
 4134      9DDDDE0E 
 4134      6F50DDF4 
 4135 1d2e C513E200 		.ascii	"\305\023\342\000\236\353\364\033\375\203\265\306\327"
 4135      9EEBF41B 
 4135      FD83B5C6 
 4135      D7
ARM GAS  /tmp/ccfF4MKe.s 			page 155


 4136 1d3b 40666390 		.ascii	"@fc\220\336\030A^@\217\336\300\032\004\321K\013\201"
 4136      DE18415E 
 4136      408FDEC0 
 4136      1A04D14B 
 4136      0B81
 4137 1d4d 56C6271F 		.ascii	"V\306'\037i\215\313^\"\006:\365\026\273$\222\233\265"
 4137      698DCB5E 
 4137      22063AF5 
 4137      16BB2492 
 4137      9BB5
 4138 1d5f ACCB44E8 		.ascii	"\254\313D\350aF\032=l_\201?\264Kh\215+_%8\320\032 6"
 4138      61461A3D 
 4138      6C5F813F 
 4138      B44B688D 
 4138      2B5F2538 
 4139 1d77 3EA43B43 		.ascii	">\244;C\333\010\013\325n\364\327\007\371\257\015\326"
 4139      DB080BD5 
 4139      6EF4D707 
 4139      F9AF0DD6 
 4140 1d87 BD526869 		.ascii	"\275RhiS\337 ,]8\\k\204N\343\267\331\360\017\241\244"
 4140      53DF202C 
 4140      5D385C6B 
 4140      844EE3B7 
 4140      D9F00FA1 
 4141 1d9c 840437AD 		.ascii	"\204\0047\255v]Dh\200V\373\336G\322\352O\004W\177}\310"
 4141      765D4468 
 4141      8056FBDE 
 4141      47D2EA4F 
 4141      04577F7D 
 4142 1db1 C635BA77 		.ascii	"\3065\272wC\0047H\003\240}7\344#\301\335n\300+a\207"
 4142      43043748 
 4142      03A07D37 
 4142      E423C1DD 
 4142      6EC02B61 
 4143 1dc6 F0924669 		.ascii	"\360\222FiQ\015\015\3733\300\361w\264\205~\021\032d"
 4143      510D0DFB 
 4143      33C0F177 
 4143      B4857E11 
 4143      1A64
 4144 1dd8 B4B3BA66 		.ascii	"\264\263\272f\2213s\371\253-a\340\233\335\300\277\012"
 4144      913373F9 
 4144      AB2D61E0 
 4144      9BDDC0BF 
 4144      0A
 4145 1de9 32848719 		.ascii	"2\204\207\031tv\212?Y\362\022\276'\373\316\017\032\233"
 4145      74768A3F 
 4145      59F212BE 
 4145      27FBCE0F 
 4145      1A9B
 4146 1dfb 7FB09DF0 		.ascii	"\177\260\235\360\307\036\366\014/\373\227/\354\304>"
 4146      C71EF60C 
 4146      2FFB972F 
 4146      ECC43E
 4147 1e0a 7418FF05 		.ascii	"t\030\377\005\367\353S}\230\177`\000\024\213\275\350"
 4147      F7EB537D 
 4147      987F6000 
 4147      148BBDE8 
ARM GAS  /tmp/ccfF4MKe.s 			page 156


 4148 1e1a 078B9C99 		.ascii	"\007\213\234\231\334\3047\260\012\370\331\011\256v\267"
 4148      DCC437B0 
 4148      0AF8D909 
 4148      AE76B7
 4149 1e29 FB7E89ED 		.ascii	"\373~\211\355\363o\241\304\302\"\034D\337\367Y\310\366"
 4149      F36FA1C4 
 4149      C2221C44 
 4149      DFF759C8 
 4149      F6
 4150 1e3a 218D812F 		.ascii	"!\215\201/\177d\222\352\364\2576\367`\014)\020)`\303"
 4150      7F6492EA 
 4150      F4AF36F7 
 4150      600C2910 
 4150      2960C3
 4151 1e4d FBDE4E48 		.ascii	"\373\336NH\335lV\026/0\350Jk\341\327\320\332^\251\363"
 4151      DD6C5616 
 4151      2F30E84A 
 4151      6BE1D7D0 
 4151      DA5EA9F3 
 4152 1e61 E8FCF5C1 		.ascii	"\350\374\365\301\233\301\316\"-\264\271\240`X\377\264"
 4152      9BC1CE22 
 4152      2DB4B9A0 
 4152      6058FFB4 
 4153 1e71 BAEFC321 		.ascii	"\272\357\303!!2d\321`\304\301:\377u.\241a\320\204\302"
 4153      213264D1 
 4153      60C4C13A 
 4153      FF752EA1 
 4153      61D084C2 
 4154 1e85 36F968B5 		.ascii	"6\371h\265\320\001\2650\010Z[\004\2556R\252\001\033"
 4154      D001B530 
 4154      085A5B04 
 4154      AD3652AA 
 4154      011B
 4155 1e97 BEF1FF56 		.ascii	"\276\361\377V\027\021\356\267\310\236O\270\356\224\373"
 4155      1711EEB7 
 4155      C89E4FB8 
 4155      EE94FB
 4156 1ea6 3599615F 		.ascii	"5\231a_@\270\377j\355\372\317\010\3573\230\270\006\362"
 4156      40B8FF6A 
 4156      EDFACF08 
 4156      EF3398B8 
 4156      06F2
 4157 1eb8 056582A3 		.ascii	"\005e\202\243\272\300\210`\235\037\270\365\245\361\373"
 4157      BAC08860 
 4157      9D1FB8F5 
 4157      A5F1FB
 4158 1ec7 DFC0383F 		.ascii	"\337\3008?O\312\373<\314/X\247\013\367\363\240\014V"
 4158      4FCAFB3C 
 4158      CC2F58A7 
 4158      0BF7F3A0 
 4158      0C56
 4159 1ed9 DE7ECE7A 		.ascii	"\336~\316z\374\226\332\313Z\242\356\251\205\265\332"
 4159      FC96DACB 
 4159      5AA2EEA9 
 4159      85B5DA
 4160 1ee8 A8FDF457 		.ascii	"\250\375\364W~\177\375\325\327_x\372\007o\362\337Lz"
 4160      7E7FFDD5 
ARM GAS  /tmp/ccfF4MKe.s 			page 157


 4160      D75F78FA 
 4160      076FF2DF 
 4160      4C7A
 4161 1efa 647050A8 		.ascii	"dpP\250\356\257\177zQ\203e\217,i\253>\373\322\357\013"
 4161      EEAF7F7A 
 4161      5183658F 
 4161      2C69AB3E 
 4161      FBD2EF0B 
 4162 1f0e BF559F41 		.ascii	"\277U\237A\257[\365\205%\\!\206 \203v}@\000\004\214"
 4162      AF5BF585 
 4162      255C2186 
 4162      2083767D 
 4162      4000048C 
 4163 1f22 AD992C0A 		.ascii	"\255\231,\012\262\366SX\354<\255\333\261 \230%\213l"
 4163      B2F65358 
 4163      EC3CADDB 
 4163      B1209825 
 4163      8B6C
 4164 1f34 6F64F760 		.ascii	"od\367`\334\274\324\372\305\272\240ua\320\212B\3026"
 4164      DCBCD4FA 
 4164      C5BAA075 
 4164      61D08A42 
 4164      C236
 4165 1f46 EA58B688 		.ascii	"\352X\266\210\317\256T\037\321\266\330*\010q\247CA\363"
 4165      CFAE541F 
 4165      D1B6D82A 
 4165      0871A743 
 4165      41F3
 4166 1f58 6F37047E 		.ascii	"o7\004~\2563\372\351\202\327\375\343+m\207\330\252a"
 4166      AE33FAE9 
 4166      82D7FDE3 
 4166      2B6D87D8 
 4166      AA61
 4167 1f6a A01D8A44 		.ascii	"\240\035\212D\017\006\377-x\366%ip\377\370\177\000p"
 4167      0F06FF2D 
 4167      78F62569 
 4167      70FFF87F 
 4167      0070
 4168 1f7c 71B63F   		.ascii	"q\266?"
 4169              		.text
 4170              		.section	.gnu.lto_.symtab.b96ed3b98aac8d71,"e",%progbits
 4171 0000 6368436F 		.ascii	"chCondObjectInit\000"
 4171      6E644F62 
 4171      6A656374 
 4171      496E6974 
 4171      00
 4172 0011 00       		.ascii	"\000"
 4173 0012 00       		.ascii	"\000"
 4174 0013 00       		.ascii	"\000"
 4175 0014 00000000 		.ascii	"\000\000\000\000\000\000\000\000"
 4175      00000000 
 4176 001c 47020000 		.ascii	"G\002\000\000"
 4177 0020 6368436F 		.ascii	"chCondObjectDispose\000"
 4177      6E644F62 
 4177      6A656374 
 4177      44697370 
 4177      6F736500 
ARM GAS  /tmp/ccfF4MKe.s 			page 158


 4178 0034 00       		.ascii	"\000"
 4179 0035 00       		.ascii	"\000"
 4180 0036 00       		.ascii	"\000"
 4181 0037 00000000 		.ascii	"\000\000\000\000\000\000\000\000"
 4181      00000000 
 4182 003f 51020000 		.ascii	"Q\002\000\000"
 4183 0043 6368436F 		.ascii	"chCondSignal\000"
 4183      6E645369 
 4183      676E616C 
 4183      00
 4184 0050 00       		.ascii	"\000"
 4185 0051 00       		.ascii	"\000"
 4186 0052 00       		.ascii	"\000"
 4187 0053 00000000 		.ascii	"\000\000\000\000\000\000\000\000"
 4187      00000000 
 4188 005b 5B020000 		.ascii	"[\002\000\000"
 4189 005f 6368436F 		.ascii	"chCondSignalI\000"
 4189      6E645369 
 4189      676E616C 
 4189      4900
 4190 006d 00       		.ascii	"\000"
 4191 006e 00       		.ascii	"\000"
 4192 006f 00       		.ascii	"\000"
 4193 0070 00000000 		.ascii	"\000\000\000\000\000\000\000\000"
 4193      00000000 
 4194 0078 65020000 		.ascii	"e\002\000\000"
 4195 007c 6368436F 		.ascii	"chCondBroadcastI\000"
 4195      6E644272 
 4195      6F616463 
 4195      61737449 
 4195      00
 4196 008d 00       		.ascii	"\000"
 4197 008e 00       		.ascii	"\000"
 4198 008f 00       		.ascii	"\000"
 4199 0090 00000000 		.ascii	"\000\000\000\000\000\000\000\000"
 4199      00000000 
 4200 0098 6A020000 		.ascii	"j\002\000\000"
 4201 009c 6368436F 		.ascii	"chCondBroadcast\000"
 4201      6E644272 
 4201      6F616463 
 4201      61737400 
 4202 00ac 00       		.ascii	"\000"
 4203 00ad 00       		.ascii	"\000"
 4204 00ae 00       		.ascii	"\000"
 4205 00af 00000000 		.ascii	"\000\000\000\000\000\000\000\000"
 4205      00000000 
 4206 00b7 85020000 		.ascii	"\205\002\000\000"
 4207 00bb 6368436F 		.ascii	"chCondWaitS\000"
 4207      6E645761 
 4207      69745300 
 4208 00c7 00       		.ascii	"\000"
 4209 00c8 00       		.ascii	"\000"
 4210 00c9 00       		.ascii	"\000"
 4211 00ca 00000000 		.ascii	"\000\000\000\000\000\000\000\000"
 4211      00000000 
 4212 00d2 71020000 		.ascii	"q\002\000\000"
 4213 00d6 6368436F 		.ascii	"chCondWait\000"
ARM GAS  /tmp/ccfF4MKe.s 			page 159


 4213      6E645761 
 4213      697400
 4214 00e1 00       		.ascii	"\000"
 4215 00e2 00       		.ascii	"\000"
 4216 00e3 00       		.ascii	"\000"
 4217 00e4 00000000 		.ascii	"\000\000\000\000\000\000\000\000"
 4217      00000000 
 4218 00ec 87020000 		.ascii	"\207\002\000\000"
 4219 00f0 6368436F 		.ascii	"chCondWaitTimeoutS\000"
 4219      6E645761 
 4219      69745469 
 4219      6D656F75 
 4219      745300
 4220 0103 00       		.ascii	"\000"
 4221 0104 00       		.ascii	"\000"
 4222 0105 00       		.ascii	"\000"
 4223 0106 00000000 		.ascii	"\000\000\000\000\000\000\000\000"
 4223      00000000 
 4224 010e 79020000 		.ascii	"y\002\000\000"
 4225 0112 6368436F 		.ascii	"chCondWaitTimeout\000"
 4225      6E645761 
 4225      69745469 
 4225      6D656F75 
 4225      7400
 4226 0124 00       		.ascii	"\000"
 4227 0125 00       		.ascii	"\000"
 4228 0126 00       		.ascii	"\000"
 4229 0127 00000000 		.ascii	"\000\000\000\000\000\000\000\000"
 4229      00000000 
 4230 012f 89020000 		.ascii	"\211\002\000\000"
 4231 0133 63683000 		.ascii	"ch0\000"
 4232 0137 00       		.ascii	"\000"
 4233 0138 02       		.ascii	"\002"
 4234 0139 00       		.ascii	"\000"
 4235 013a 00000000 		.ascii	"\000\000\000\000\000\000\000\000"
 4235      00000000 
 4236 0142 83020000 		.ascii	"\203\002\000\000"
 4237 0146 63685379 		.ascii	"chSysHalt\000"
 4237      7348616C 
 4237      7400
 4238 0150 00       		.ascii	"\000"
 4239 0151 02       		.ascii	"\002"
 4240 0152 00       		.ascii	"\000"
 4241 0153 00000000 		.ascii	"\000\000\000\000\000\000\000\000"
 4241      00000000 
 4242 015b 8D020000 		.ascii	"\215\002\000\000"
 4243 015f 5F5F6462 		.ascii	"__dbg_check_unlock\000"
 4243      675F6368 
 4243      65636B5F 
 4243      756E6C6F 
 4243      636B00
 4244 0172 00       		.ascii	"\000"
 4245 0173 02       		.ascii	"\002"
 4246 0174 00       		.ascii	"\000"
 4247 0175 00000000 		.ascii	"\000\000\000\000\000\000\000\000"
 4247      00000000 
 4248 017d 9A020000 		.ascii	"\232\002\000\000"
ARM GAS  /tmp/ccfF4MKe.s 			page 160


 4249 0181 63685363 		.ascii	"chSchWakeupS\000"
 4249      6857616B 
 4249      65757053 
 4249      00
 4250 018e 00       		.ascii	"\000"
 4251 018f 02       		.ascii	"\002"
 4252 0190 00       		.ascii	"\000"
 4253 0191 00000000 		.ascii	"\000\000\000\000\000\000\000\000"
 4253      00000000 
 4254 0199 9F020000 		.ascii	"\237\002\000\000"
 4255 019d 5F5F6462 		.ascii	"__dbg_check_lock\000"
 4255      675F6368 
 4255      65636B5F 
 4255      6C6F636B 
 4255      00
 4256 01ae 00       		.ascii	"\000"
 4257 01af 02       		.ascii	"\002"
 4258 01b0 00       		.ascii	"\000"
 4259 01b1 00000000 		.ascii	"\000\000\000\000\000\000\000\000"
 4259      00000000 
 4260 01b9 A1020000 		.ascii	"\241\002\000\000"
 4261 01bd 63685363 		.ascii	"chSchReadyI\000"
 4261      68526561 
 4261      64794900 
 4262 01c9 00       		.ascii	"\000"
 4263 01ca 02       		.ascii	"\002"
 4264 01cb 00       		.ascii	"\000"
 4265 01cc 00000000 		.ascii	"\000\000\000\000\000\000\000\000"
 4265      00000000 
 4266 01d4 A5020000 		.ascii	"\245\002\000\000"
 4267 01d8 63684462 		.ascii	"chDbgCheckClassI\000"
 4267      67436865 
 4267      636B436C 
 4267      61737349 
 4267      00
 4268 01e9 00       		.ascii	"\000"
 4269 01ea 02       		.ascii	"\002"
 4270 01eb 00       		.ascii	"\000"
 4271 01ec 00000000 		.ascii	"\000\000\000\000\000\000\000\000"
 4271      00000000 
 4272 01f4 A7020000 		.ascii	"\247\002\000\000"
 4273 01f8 63685363 		.ascii	"chSchRescheduleS\000"
 4273      68526573 
 4273      63686564 
 4273      756C6553 
 4273      00
 4274 0209 00       		.ascii	"\000"
 4275 020a 02       		.ascii	"\002"
 4276 020b 00       		.ascii	"\000"
 4277 020c 00000000 		.ascii	"\000\000\000\000\000\000\000\000"
 4277      00000000 
 4278 0214 A9020000 		.ascii	"\251\002\000\000"
 4279 0218 63684D74 		.ascii	"chMtxLockS\000"
 4279      784C6F63 
 4279      6B5300
 4280 0223 00       		.ascii	"\000"
 4281 0224 02       		.ascii	"\002"
ARM GAS  /tmp/ccfF4MKe.s 			page 161


 4282 0225 00       		.ascii	"\000"
 4283 0226 00000000 		.ascii	"\000\000\000\000\000\000\000\000"
 4283      00000000 
 4284 022e AD020000 		.ascii	"\255\002\000\000"
 4285 0232 63685363 		.ascii	"chSchGoSleepS\000"
 4285      68476F53 
 4285      6C656570 
 4285      5300
 4286 0240 00       		.ascii	"\000"
 4287 0241 02       		.ascii	"\002"
 4288 0242 00       		.ascii	"\000"
 4289 0243 00000000 		.ascii	"\000\000\000\000\000\000\000\000"
 4289      00000000 
 4290 024b B1020000 		.ascii	"\261\002\000\000"
 4291 024f 63684D74 		.ascii	"chMtxUnlockS\000"
 4291      78556E6C 
 4291      6F636B53 
 4291      00
 4292 025c 00       		.ascii	"\000"
 4293 025d 02       		.ascii	"\002"
 4294 025e 00       		.ascii	"\000"
 4295 025f 00000000 		.ascii	"\000\000\000\000\000\000\000\000"
 4295      00000000 
 4296 0267 B3020000 		.ascii	"\263\002\000\000"
 4297 026b 63684462 		.ascii	"chDbgCheckClassS\000"
 4297      67436865 
 4297      636B436C 
 4297      61737353 
 4297      00
 4298 027c 00       		.ascii	"\000"
 4299 027d 02       		.ascii	"\002"
 4300 027e 00       		.ascii	"\000"
 4301 027f 00000000 		.ascii	"\000\000\000\000\000\000\000\000"
 4301      00000000 
 4302 0287 B5020000 		.ascii	"\265\002\000\000"
 4303 028b 63685363 		.ascii	"chSchGoSleepTimeoutS\000"
 4303      68476F53 
 4303      6C656570 
 4303      54696D65 
 4303      6F757453 
 4304 02a0 00       		.ascii	"\000"
 4305 02a1 02       		.ascii	"\002"
 4306 02a2 00       		.ascii	"\000"
 4307 02a3 00000000 		.ascii	"\000\000\000\000\000\000\000\000"
 4307      00000000 
 4308 02ab BA020000 		.ascii	"\272\002\000\000"
 4309              		.text
 4310              		.section	.gnu.lto_.ext_symtab.b96ed3b98aac8d71,"e",%progbits
 4311 0000 01       		.ascii	"\001"
 4312 0001 01       		.ascii	"\001"
 4313 0002 00       		.ascii	"\000"
 4314 0003 01       		.ascii	"\001"
 4315 0004 00       		.ascii	"\000"
 4316 0005 01       		.ascii	"\001"
 4317 0006 00       		.ascii	"\000"
 4318 0007 01       		.ascii	"\001"
 4319 0008 00       		.ascii	"\000"
ARM GAS  /tmp/ccfF4MKe.s 			page 162


 4320 0009 01       		.ascii	"\001"
 4321 000a 00       		.ascii	"\000"
 4322 000b 01       		.ascii	"\001"
 4323 000c 00       		.ascii	"\000"
 4324 000d 01       		.ascii	"\001"
 4325 000e 00       		.ascii	"\000"
 4326 000f 01       		.ascii	"\001"
 4327 0010 00       		.ascii	"\000"
 4328 0011 01       		.ascii	"\001"
 4329 0012 00       		.ascii	"\000"
 4330 0013 01       		.ascii	"\001"
 4331 0014 00       		.ascii	"\000"
 4332 0015 02       		.ascii	"\002"
 4333 0016 01       		.ascii	"\001"
 4334 0017 01       		.ascii	"\001"
 4335 0018 00       		.ascii	"\000"
 4336 0019 01       		.ascii	"\001"
 4337 001a 00       		.ascii	"\000"
 4338 001b 01       		.ascii	"\001"
 4339 001c 00       		.ascii	"\000"
 4340 001d 01       		.ascii	"\001"
 4341 001e 00       		.ascii	"\000"
 4342 001f 01       		.ascii	"\001"
 4343 0020 00       		.ascii	"\000"
 4344 0021 01       		.ascii	"\001"
 4345 0022 00       		.ascii	"\000"
 4346 0023 01       		.ascii	"\001"
 4347 0024 00       		.ascii	"\000"
 4348 0025 01       		.ascii	"\001"
 4349 0026 00       		.ascii	"\000"
 4350 0027 01       		.ascii	"\001"
 4351 0028 00       		.ascii	"\000"
 4352 0029 01       		.ascii	"\001"
 4353 002a 00       		.ascii	"\000"
 4354 002b 01       		.ascii	"\001"
 4355 002c 00       		.ascii	"\000"
 4356 002d 01       		.ascii	"\001"
 4357 002e 00       		.ascii	"\000"
 4358              		.text
 4359              		.section	.gnu.lto_.opts,"e",%progbits
 4360 0000 272D666E 		.ascii	"'-fno-openmp' '-fno-openacc' '-fno-pie' '-fcf-prote"
 4360      6F2D6F70 
 4360      656E6D70 
 4360      2720272D 
 4360      666E6F2D 
 4361 0033 6374696F 		.ascii	"ction=none' '-g' '-mcpu=cortex-m4' '-mthumb' '-mflo"
 4361      6E3D6E6F 
 4361      6E652720 
 4361      272D6727 
 4361      20272D6D 
 4362 0066 61742D61 		.ascii	"at-abi=soft' '-mlibarch=armv7e-m' '-march=armv7e-m'"
 4362      62693D73 
 4362      6F667427 
 4362      20272D6D 
 4362      6C696261 
 4363 0099 20272D4F 		.ascii	" '-O2' '-fomit-frame-pointer' '-falign-functions=16"
 4363      32272027 
ARM GAS  /tmp/ccfF4MKe.s 			page 163


 4363      2D666F6D 
 4363      69742D66 
 4363      72616D65 
 4364 00cc 2720272D 		.ascii	"' '-ffunction-sections' '-fdata-sections' '-fno-com"
 4364      6666756E 
 4364      6374696F 
 4364      6E2D7365 
 4364      6374696F 
 4365 00ff 6D6F6E27 		.ascii	"mon' '-flto' '-Xassembler' '-alms=./build/lst/chcon"
 4365      20272D66 
 4365      6C746F27 
 4365      20272D58 
 4365      61737365 
 4366 0132 642E6C73 		.ascii	"d.lst'\000"
 4366      742700
 4367              		.text
 4368              		.comm	__gnu_lto_slim,1,1
 4369              		.ident	"GCC: (Arm GNU Toolchain 11.3.Rel1) 11.3.1 20220712"
ARM GAS  /tmp/ccfF4MKe.s 			page 164


DEFINED SYMBOLS
                            *ABS*:0000000000000000 chcond.c
     /tmp/ccfF4MKe.s:37     .gnu.debuglto_.debug_info:0000000000000000 chcond.c.b04ce3d6
                            *COM*:0000000000000001 __gnu_lto_slim

NO UNDEFINED SYMBOLS
