ARM GAS  /tmp/cc5rfSPY.s 			page 1


   1              		.cpu cortex-m4
   2              		.arch armv7e-m
   3              		.fpu softvfp
   4              		.eabi_attribute 20, 1
   5              		.eabi_attribute 21, 1
   6              		.eabi_attribute 23, 3
   7              		.eabi_attribute 24, 1
   8              		.eabi_attribute 25, 1
   9              		.eabi_attribute 26, 1
  10              		.eabi_attribute 30, 2
  11              		.eabi_attribute 34, 1
  12              		.eabi_attribute 18, 4
  13              		.file	"chcore.c"
  14              		.file 1 "/home/rob/Projects/ChibiStudio/ChibiStudio_23/tools/GNU Tools ARM Embedded/11.3.1 2022q3/
  15              		.file 2 "/home/rob/Projects/ChibiStudio/ChibiStudio_23/tools/GNU Tools ARM Embedded/11.3.1 2022q3/
  16              		.file 3 "../../chibios_trunk/os/common/ports/ARM-common/chtypes.h"
  17              		.file 4 "../../chibios_trunk/os/rt/include/chearly.h"
  18              		.file 5 "../../chibios_trunk/os/rt/include/chobjects.h"
  19              		.file 6 "../../chibios_trunk/os/rt/include/chrfcu.h"
  20              		.file 7 "../../chibios_trunk/os/rt/include/chdebug.h"
  21              		.file 8 "../../chibios_trunk/os/rt/include/chtime.h"
  22              		.file 9 "../../chibios_trunk/os/rt/include/chlists.h"
  23              		.file 10 "../../chibios_trunk/os/rt/include/chtrace.h"
  24              		.file 11 "../../chibios_trunk/os/common/ext/ST/STM32F4xx/stm32f401xe.h"
  25              		.file 12 "../../chibios_trunk/os/common/ext/ARM/CMSIS/Core/Include/core_cm4.h"
  26              		.file 13 "../../chibios_trunk/os/common/ports/ARMv7-M/chcore.h"
  27              		.file 14 "../../chibios_trunk/os/rt/include/chsem.h"
  28              		.file 15 "../../chibios_trunk/os/rt/include/chmtx.h"
  29              		.file 16 "../../chibios_trunk/os/common/ports/ARMv7-M/chcore.c"
  30              		.file 17 "../../chibios_trunk/os/common/ext/ARM/CMSIS/Core/Include/cmsis_gcc.h"
  31              		.file 18 "../../chibios_trunk/os/rt/include/chschd.h"
  32              		.section	.gnu.debuglto_.debug_info,"e",%progbits
  33              	.Ldebug_info0:
  34              		.hidden	chcore.c.b4f23f58
  35              		.weak	chcore.c.b4f23f58
  36              	chcore.c.b4f23f58:
  37 0000 E5100000 		.4byte	0x10e5
  38 0004 0500     		.2byte	0x5
  39 0006 01       		.byte	0x1
  40 0007 04       		.byte	0x4
  41 0008 00000000 		.4byte	.Ldebug_abbrev0
  42 000c 21       		.uleb128 0x21
  43 000d 1A0C0000 		.4byte	.LASF272
  44 0011 1D       		.byte	0x1d
  45 0012 2A030000 		.4byte	.LASF273
  46 0016 A4030000 		.4byte	.LASF274
  47 001a 00000000 		.4byte	.Ldebug_line0
  48 001e 22       		.uleb128 0x22
  49 001f 04       		.byte	0x4
  50 0020 05       		.byte	0x5
  51 0021 696E7400 		.ascii	"int\000"
  52 0025 07       		.uleb128 0x7
  53 0026 04       		.byte	0x4
  54 0027 07       		.byte	0x7
  55 0028 19070000 		.4byte	.LASF0
  56 002c 07       		.uleb128 0x7
  57 002d 08       		.byte	0x8
ARM GAS  /tmp/cc5rfSPY.s 			page 2


  58 002e 05       		.byte	0x5
  59 002f A1060000 		.4byte	.LASF1
  60 0033 07       		.uleb128 0x7
  61 0034 08       		.byte	0x8
  62 0035 04       		.byte	0x4
  63 0036 D3070000 		.4byte	.LASF2
  64 003a 07       		.uleb128 0x7
  65 003b 01       		.byte	0x1
  66 003c 06       		.byte	0x6
  67 003d 25020000 		.4byte	.LASF3
  68 0041 03       		.uleb128 0x3
  69 0042 5F010000 		.4byte	.LASF6
  70 0046 01       		.byte	0x1
  71 0047 2B       		.byte	0x2b
  72 0048 18       		.byte	0x18
  73 0049 4D000000 		.4byte	0x4d
  74 004d 07       		.uleb128 0x7
  75 004e 01       		.byte	0x1
  76 004f 08       		.byte	0x8
  77 0050 A2020000 		.4byte	.LASF4
  78 0054 07       		.uleb128 0x7
  79 0055 02       		.byte	0x2
  80 0056 05       		.byte	0x5
  81 0057 3D0A0000 		.4byte	.LASF5
  82 005b 03       		.uleb128 0x3
  83 005c 05040000 		.4byte	.LASF7
  84 0060 01       		.byte	0x1
  85 0061 39       		.byte	0x39
  86 0062 19       		.byte	0x19
  87 0063 67000000 		.4byte	0x67
  88 0067 07       		.uleb128 0x7
  89 0068 02       		.byte	0x2
  90 0069 07       		.byte	0x7
  91 006a 560B0000 		.4byte	.LASF8
  92 006e 03       		.uleb128 0x3
  93 006f C30B0000 		.4byte	.LASF9
  94 0073 01       		.byte	0x1
  95 0074 4D       		.byte	0x4d
  96 0075 18       		.byte	0x18
  97 0076 7A000000 		.4byte	0x7a
  98 007a 07       		.uleb128 0x7
  99 007b 04       		.byte	0x4
 100 007c 05       		.byte	0x5
 101 007d 8A010000 		.4byte	.LASF10
 102 0081 03       		.uleb128 0x3
 103 0082 8E060000 		.4byte	.LASF11
 104 0086 01       		.byte	0x1
 105 0087 4F       		.byte	0x4f
 106 0088 19       		.byte	0x19
 107 0089 8D000000 		.4byte	0x8d
 108 008d 07       		.uleb128 0x7
 109 008e 04       		.byte	0x4
 110 008f 07       		.byte	0x7
 111 0090 8D050000 		.4byte	.LASF12
 112 0094 03       		.uleb128 0x3
 113 0095 78050000 		.4byte	.LASF13
 114 0099 01       		.byte	0x1
ARM GAS  /tmp/cc5rfSPY.s 			page 3


 115 009a 69       		.byte	0x69
 116 009b 19       		.byte	0x19
 117 009c A0000000 		.4byte	0xa0
 118 00a0 07       		.uleb128 0x7
 119 00a1 08       		.byte	0x8
 120 00a2 07       		.byte	0x7
 121 00a3 AF080000 		.4byte	.LASF14
 122 00a7 23       		.uleb128 0x23
 123 00a8 04       		.byte	0x4
 124 00a9 07       		.uleb128 0x7
 125 00aa 01       		.byte	0x1
 126 00ab 08       		.byte	0x8
 127 00ac 9F030000 		.4byte	.LASF15
 128 00b0 10       		.uleb128 0x10
 129 00b1 A9000000 		.4byte	0xa9
 130 00b5 06       		.uleb128 0x6
 131 00b6 B0000000 		.4byte	0xb0
 132 00ba 0B       		.uleb128 0xb
 133 00bb B5000000 		.4byte	0xb5
 134 00bf 03       		.uleb128 0x3
 135 00c0 38020000 		.4byte	.LASF16
 136 00c4 02       		.byte	0x2
 137 00c5 18       		.byte	0x18
 138 00c6 13       		.byte	0x13
 139 00c7 41000000 		.4byte	0x41
 140 00cb 0B       		.uleb128 0xb
 141 00cc BF000000 		.4byte	0xbf
 142 00d0 03       		.uleb128 0x3
 143 00d1 CC080000 		.4byte	.LASF17
 144 00d5 02       		.byte	0x2
 145 00d6 24       		.byte	0x24
 146 00d7 14       		.byte	0x14
 147 00d8 5B000000 		.4byte	0x5b
 148 00dc 03       		.uleb128 0x3
 149 00dd 68000000 		.4byte	.LASF18
 150 00e1 02       		.byte	0x2
 151 00e2 2C       		.byte	0x2c
 152 00e3 13       		.byte	0x13
 153 00e4 6E000000 		.4byte	0x6e
 154 00e8 03       		.uleb128 0x3
 155 00e9 170B0000 		.4byte	.LASF19
 156 00ed 02       		.byte	0x2
 157 00ee 30       		.byte	0x30
 158 00ef 14       		.byte	0x14
 159 00f0 81000000 		.4byte	0x81
 160 00f4 0B       		.uleb128 0xb
 161 00f5 E8000000 		.4byte	0xe8
 162 00f9 10       		.uleb128 0x10
 163 00fa F4000000 		.4byte	0xf4
 164 00fe 03       		.uleb128 0x3
 165 00ff 6E0A0000 		.4byte	.LASF20
 166 0103 02       		.byte	0x2
 167 0104 3C       		.byte	0x3c
 168 0105 14       		.byte	0x14
 169 0106 94000000 		.4byte	0x94
 170 010a 0B       		.uleb128 0xb
 171 010b FE000000 		.4byte	0xfe
ARM GAS  /tmp/cc5rfSPY.s 			page 4


 172 010f 03       		.uleb128 0x3
 173 0110 1B090000 		.4byte	.LASF21
 174 0114 03       		.byte	0x3
 175 0115 48       		.byte	0x48
 176 0116 1D       		.byte	0x1d
 177 0117 FE000000 		.4byte	0xfe
 178 011b 03       		.uleb128 0x3
 179 011c 39040000 		.4byte	.LASF22
 180 0120 04       		.byte	0x4
 181 0121 50       		.byte	0x50
 182 0122 19       		.byte	0x19
 183 0123 0F010000 		.4byte	0x10f
 184 0127 03       		.uleb128 0x3
 185 0128 AC090000 		.4byte	.LASF23
 186 012c 04       		.byte	0x4
 187 012d 53       		.byte	0x53
 188 012e 19       		.byte	0x19
 189 012f BF000000 		.4byte	0xbf
 190 0133 03       		.uleb128 0x3
 191 0134 BD010000 		.4byte	.LASF24
 192 0138 04       		.byte	0x4
 193 0139 54       		.byte	0x54
 194 013a 19       		.byte	0x19
 195 013b BF000000 		.4byte	0xbf
 196 013f 03       		.uleb128 0x3
 197 0140 020B0000 		.4byte	.LASF25
 198 0144 04       		.byte	0x4
 199 0145 55       		.byte	0x55
 200 0146 19       		.byte	0x19
 201 0147 BF000000 		.4byte	0xbf
 202 014b 03       		.uleb128 0x3
 203 014c 5B000000 		.4byte	.LASF26
 204 0150 04       		.byte	0x4
 205 0151 57       		.byte	0x57
 206 0152 19       		.byte	0x19
 207 0153 E8000000 		.4byte	0xe8
 208 0157 03       		.uleb128 0x3
 209 0158 E5080000 		.4byte	.LASF27
 210 015c 04       		.byte	0x4
 211 015d 58       		.byte	0x58
 212 015e 19       		.byte	0x19
 213 015f DC000000 		.4byte	0xdc
 214 0163 03       		.uleb128 0x3
 215 0164 4A020000 		.4byte	.LASF28
 216 0168 04       		.byte	0x4
 217 0169 5A       		.byte	0x5a
 218 016a 19       		.byte	0x19
 219 016b E8000000 		.4byte	0xe8
 220 016f 03       		.uleb128 0x3
 221 0170 D2040000 		.4byte	.LASF29
 222 0174 04       		.byte	0x4
 223 0175 5C       		.byte	0x5c
 224 0176 19       		.byte	0x19
 225 0177 DC000000 		.4byte	0xdc
 226 017b 03       		.uleb128 0x3
 227 017c 40020000 		.4byte	.LASF30
 228 0180 04       		.byte	0x4
ARM GAS  /tmp/cc5rfSPY.s 			page 5


 229 0181 80       		.byte	0x80
 230 0182 12       		.byte	0x12
 231 0183 25000000 		.4byte	0x25
 232 0187 03       		.uleb128 0x3
 233 0188 BB070000 		.4byte	.LASF31
 234 018c 04       		.byte	0x4
 235 018d 85       		.byte	0x85
 236 018e 1A       		.byte	0x1a
 237 018f 93010000 		.4byte	0x193
 238 0193 09       		.uleb128 0x9
 239 0194 F2050000 		.4byte	.LASF47
 240 0198 4C       		.byte	0x4c
 241 0199 05       		.byte	0x5
 242 019a 9C       		.byte	0x9c
 243 019b 08       		.byte	0x8
 244 019c 83020000 		.4byte	0x283
 245 01a0 0C       		.uleb128 0xc
 246 01a1 68647200 		.ascii	"hdr\000"
 247 01a5 05       		.byte	0x5
 248 01a6 AD       		.byte	0xad
 249 01a7 05       		.byte	0x5
 250 01a8 D90D0000 		.4byte	0xdd9
 251 01ac 00       		.byte	0
 252 01ad 0C       		.uleb128 0xc
 253 01ae 63747800 		.ascii	"ctx\000"
 254 01b2 05       		.byte	0x5
 255 01b3 B1       		.byte	0xb1
 256 01b4 21       		.byte	0x21
 257 01b5 440D0000 		.4byte	0xd44
 258 01b9 0C       		.byte	0xc
 259 01ba 04       		.uleb128 0x4
 260 01bb CB040000 		.4byte	.LASF32
 261 01bf 05       		.byte	0x5
 262 01c0 B6       		.byte	0xb6
 263 01c1 21       		.byte	0x21
 264 01c2 D5030000 		.4byte	0x3d5
 265 01c6 10       		.byte	0x10
 266 01c7 04       		.uleb128 0x4
 267 01c8 55000000 		.4byte	.LASF33
 268 01cc 05       		.byte	0x5
 269 01cd BB       		.byte	0xbb
 270 01ce 22       		.byte	0x22
 271 01cf DB0E0000 		.4byte	0xedb
 272 01d3 18       		.byte	0x18
 273 01d4 04       		.uleb128 0x4
 274 01d5 080A0000 		.4byte	.LASF34
 275 01d9 05       		.byte	0x5
 276 01da C0       		.byte	0xc0
 277 01db 22       		.byte	0x22
 278 01dc B5000000 		.4byte	0xb5
 279 01e0 1C       		.byte	0x1c
 280 01e1 04       		.uleb128 0x4
 281 01e2 7C090000 		.4byte	.LASF35
 282 01e6 05       		.byte	0x5
 283 01e7 C9       		.byte	0xc9
 284 01e8 22       		.byte	0x22
 285 01e9 E00E0000 		.4byte	0xee0
ARM GAS  /tmp/cc5rfSPY.s 			page 6


 286 01ed 20       		.byte	0x20
 287 01ee 04       		.uleb128 0x4
 288 01ef 51060000 		.4byte	.LASF36
 289 01f3 05       		.byte	0x5
 290 01f4 CE       		.byte	0xce
 291 01f5 22       		.byte	0x22
 292 01f6 E00E0000 		.4byte	0xee0
 293 01fa 24       		.byte	0x24
 294 01fb 04       		.uleb128 0x4
 295 01fc 06010000 		.4byte	.LASF37
 296 0200 05       		.byte	0x5
 297 0201 D3       		.byte	0xd3
 298 0202 21       		.byte	0x21
 299 0203 33010000 		.4byte	0x133
 300 0207 28       		.byte	0x28
 301 0208 04       		.uleb128 0x4
 302 0209 33040000 		.4byte	.LASF38
 303 020d 05       		.byte	0x5
 304 020e D7       		.byte	0xd7
 305 020f 21       		.byte	0x21
 306 0210 27010000 		.4byte	0x127
 307 0214 29       		.byte	0x29
 308 0215 04       		.uleb128 0x4
 309 0216 2B090000 		.4byte	.LASF39
 310 021a 05       		.byte	0x5
 311 021b DC       		.byte	0xdc
 312 021c 21       		.byte	0x21
 313 021d 3F010000 		.4byte	0x13f
 314 0221 2A       		.byte	0x2a
 315 0222 05       		.uleb128 0x5
 316 0223 7500     		.ascii	"u\000"
 317 0225 05       		.byte	0x5
 318 0226 2D01     		.2byte	0x12d
 319 0228 21       		.byte	0x21
 320 0229 060E0000 		.4byte	0xe06
 321 022d 2C       		.byte	0x2c
 322 022e 01       		.uleb128 0x1
 323 022f F20A0000 		.4byte	.LASF40
 324 0233 05       		.byte	0x5
 325 0234 3201     		.2byte	0x132
 326 0236 21       		.byte	0x21
 327 0237 A9030000 		.4byte	0x3a9
 328 023b 30       		.byte	0x30
 329 023c 01       		.uleb128 0x1
 330 023d 970A0000 		.4byte	.LASF41
 331 0241 05       		.byte	0x5
 332 0242 3801     		.2byte	0x138
 333 0244 21       		.byte	0x21
 334 0245 D5030000 		.4byte	0x3d5
 335 0249 34       		.byte	0x34
 336 024a 01       		.uleb128 0x1
 337 024b C6010000 		.4byte	.LASF42
 338 024f 05       		.byte	0x5
 339 0250 3E01     		.2byte	0x13e
 340 0252 21       		.byte	0x21
 341 0253 63010000 		.4byte	0x163
 342 0257 3C       		.byte	0x3c
ARM GAS  /tmp/cc5rfSPY.s 			page 7


 343 0258 01       		.uleb128 0x1
 344 0259 99060000 		.4byte	.LASF43
 345 025d 05       		.byte	0x5
 346 025e 4501     		.2byte	0x145
 347 0260 22       		.byte	0x22
 348 0261 D60E0000 		.4byte	0xed6
 349 0265 40       		.byte	0x40
 350 0266 01       		.uleb128 0x1
 351 0267 3B060000 		.4byte	.LASF44
 352 026b 05       		.byte	0x5
 353 026c 4901     		.2byte	0x149
 354 026e 21       		.byte	0x21
 355 026f 4B010000 		.4byte	0x14b
 356 0273 44       		.byte	0x44
 357 0274 01       		.uleb128 0x1
 358 0275 6C040000 		.4byte	.LASF45
 359 0279 05       		.byte	0x5
 360 027a 5001     		.2byte	0x150
 361 027c 22       		.byte	0x22
 362 027d A7000000 		.4byte	0xa7
 363 0281 48       		.byte	0x48
 364 0282 00       		.byte	0
 365 0283 03       		.uleb128 0x3
 366 0284 2B070000 		.4byte	.LASF46
 367 0288 04       		.byte	0x4
 368 0289 8A       		.byte	0x8a
 369 028a 1F       		.byte	0x1f
 370 028b 8F020000 		.4byte	0x28f
 371 028f 24       		.uleb128 0x24
 372 0290 06050000 		.4byte	.LASF48
 373 0294 A008     		.2byte	0x8a0
 374 0296 05       		.byte	0x5
 375 0297 8F01     		.2byte	0x18f
 376 0299 08       		.byte	0x8
 377 029a 1D030000 		.4byte	0x31d
 378 029e 01       		.uleb128 0x1
 379 029f A6090000 		.4byte	.LASF49
 380 02a3 05       		.byte	0x5
 381 02a4 9301     		.2byte	0x193
 382 02a6 21       		.byte	0x21
 383 02a7 100F0000 		.4byte	0xf10
 384 02ab 00       		.byte	0
 385 02ac 01       		.uleb128 0x1
 386 02ad EB0A0000 		.4byte	.LASF50
 387 02b1 05       		.byte	0x5
 388 02b2 9701     		.2byte	0x197
 389 02b4 21       		.byte	0x21
 390 02b5 9A0D0000 		.4byte	0xd9a
 391 02b9 10       		.byte	0x10
 392 02ba 01       		.uleb128 0x1
 393 02bb C70A0000 		.4byte	.LASF51
 394 02bf 05       		.byte	0x5
 395 02c0 9E01     		.2byte	0x19e
 396 02c2 21       		.byte	0x21
 397 02c3 C10D0000 		.4byte	0xdc1
 398 02c7 28       		.byte	0x28
 399 02c8 01       		.uleb128 0x1
ARM GAS  /tmp/cc5rfSPY.s 			page 8


 400 02c9 44040000 		.4byte	.LASF52
 401 02cd 05       		.byte	0x5
 402 02ce A301     		.2byte	0x1a3
 403 02d0 21       		.byte	0x21
 404 02d1 7B010000 		.4byte	0x17b
 405 02d5 30       		.byte	0x30
 406 02d6 01       		.uleb128 0x1
 407 02d7 920A0000 		.4byte	.LASF53
 408 02db 05       		.byte	0x5
 409 02dc A901     		.2byte	0x1a9
 410 02de 21       		.byte	0x21
 411 02df 44030000 		.4byte	0x344
 412 02e3 34       		.byte	0x34
 413 02e4 01       		.uleb128 0x1
 414 02e5 FF000000 		.4byte	.LASF54
 415 02e9 05       		.byte	0x5
 416 02ea AE01     		.2byte	0x1ae
 417 02ec 22       		.byte	0x22
 418 02ed 840F0000 		.4byte	0xf84
 419 02f1 38       		.byte	0x38
 420 02f2 01       		.uleb128 0x1
 421 02f3 4B090000 		.4byte	.LASF55
 422 02f7 05       		.byte	0x5
 423 02f8 B201     		.2byte	0x1b2
 424 02fa 21       		.byte	0x21
 425 02fb 87010000 		.4byte	0x187
 426 02ff 3C       		.byte	0x3c
 427 0300 05       		.uleb128 0x5
 428 0301 64626700 		.ascii	"dbg\000"
 429 0305 05       		.byte	0x5
 430 0306 B601     		.2byte	0x1b6
 431 0308 21       		.byte	0x21
 432 0309 85030000 		.4byte	0x385
 433 030d 88       		.byte	0x88
 434 030e 01       		.uleb128 0x1
 435 030f 0E030000 		.4byte	.LASF56
 436 0313 05       		.byte	0x5
 437 0314 BB01     		.2byte	0x1bb
 438 0316 21       		.byte	0x21
 439 0317 16060000 		.4byte	0x616
 440 031b 94       		.byte	0x94
 441 031c 00       		.byte	0
 442 031d 03       		.uleb128 0x3
 443 031e AA050000 		.4byte	.LASF57
 444 0322 06       		.byte	0x6
 445 0323 3F       		.byte	0x3f
 446 0324 12       		.byte	0x12
 447 0325 E8000000 		.4byte	0xe8
 448 0329 09       		.uleb128 0x9
 449 032a 15010000 		.4byte	.LASF58
 450 032e 04       		.byte	0x4
 451 032f 06       		.byte	0x6
 452 0330 44       		.byte	0x44
 453 0331 10       		.byte	0x10
 454 0332 44030000 		.4byte	0x344
 455 0336 04       		.uleb128 0x4
 456 0337 FA060000 		.4byte	.LASF59
ARM GAS  /tmp/cc5rfSPY.s 			page 9


 457 033b 06       		.byte	0x6
 458 033c 48       		.byte	0x48
 459 033d 21       		.byte	0x21
 460 033e 1D030000 		.4byte	0x31d
 461 0342 00       		.byte	0
 462 0343 00       		.byte	0
 463 0344 03       		.uleb128 0x3
 464 0345 57060000 		.4byte	.LASF60
 465 0349 06       		.byte	0x6
 466 034a 49       		.byte	0x49
 467 034b 03       		.byte	0x3
 468 034c 29030000 		.4byte	0x329
 469 0350 09       		.uleb128 0x9
 470 0351 B70A0000 		.4byte	.LASF61
 471 0355 0C       		.byte	0xc
 472 0356 07       		.byte	0x7
 473 0357 3E       		.byte	0x3e
 474 0358 10       		.byte	0x10
 475 0359 85030000 		.4byte	0x385
 476 035d 04       		.uleb128 0x4
 477 035e F2020000 		.4byte	.LASF62
 478 0362 07       		.byte	0x7
 479 0363 46       		.byte	0x46
 480 0364 24       		.byte	0x24
 481 0365 BA000000 		.4byte	0xba
 482 0369 00       		.byte	0
 483 036a 04       		.uleb128 0x4
 484 036b 29080000 		.4byte	.LASF63
 485 036f 07       		.byte	0x7
 486 0370 4B       		.byte	0x4b
 487 0371 19       		.byte	0x19
 488 0372 6F010000 		.4byte	0x16f
 489 0376 04       		.byte	0x4
 490 0377 04       		.uleb128 0x4
 491 0378 0C010000 		.4byte	.LASF64
 492 037c 07       		.byte	0x7
 493 037d 4F       		.byte	0x4f
 494 037e 19       		.byte	0x19
 495 037f 6F010000 		.4byte	0x16f
 496 0383 08       		.byte	0x8
 497 0384 00       		.byte	0
 498 0385 03       		.uleb128 0x3
 499 0386 1B030000 		.4byte	.LASF65
 500 038a 07       		.byte	0x7
 501 038b 51       		.byte	0x51
 502 038c 03       		.byte	0x3
 503 038d 50030000 		.4byte	0x350
 504 0391 03       		.uleb128 0x3
 505 0392 4B000000 		.4byte	.LASF66
 506 0396 08       		.byte	0x8
 507 0397 6D       		.byte	0x6d
 508 0398 12       		.byte	0x12
 509 0399 E8000000 		.4byte	0xe8
 510 039d 03       		.uleb128 0x3
 511 039e AF060000 		.4byte	.LASF67
 512 03a2 08       		.byte	0x8
 513 03a3 79       		.byte	0x79
ARM GAS  /tmp/cc5rfSPY.s 			page 10


 514 03a4 12       		.byte	0x12
 515 03a5 E8000000 		.4byte	0xe8
 516 03a9 03       		.uleb128 0x3
 517 03aa CF010000 		.4byte	.LASF68
 518 03ae 09       		.byte	0x9
 519 03af 32       		.byte	0x32
 520 03b0 18       		.byte	0x18
 521 03b1 B5030000 		.4byte	0x3b5
 522 03b5 09       		.uleb128 0x9
 523 03b6 F7010000 		.4byte	.LASF69
 524 03ba 04       		.byte	0x4
 525 03bb 09       		.byte	0x9
 526 03bc 38       		.byte	0x38
 527 03bd 08       		.byte	0x8
 528 03be D0030000 		.4byte	0x3d0
 529 03c2 04       		.uleb128 0x4
 530 03c3 E90B0000 		.4byte	.LASF70
 531 03c7 09       		.byte	0x9
 532 03c8 39       		.byte	0x39
 533 03c9 1A       		.byte	0x1a
 534 03ca D0030000 		.4byte	0x3d0
 535 03ce 00       		.byte	0
 536 03cf 00       		.byte	0
 537 03d0 06       		.uleb128 0x6
 538 03d1 A9030000 		.4byte	0x3a9
 539 03d5 03       		.uleb128 0x3
 540 03d6 9F050000 		.4byte	.LASF71
 541 03da 09       		.byte	0x9
 542 03db 3F       		.byte	0x3f
 543 03dc 19       		.byte	0x19
 544 03dd E1030000 		.4byte	0x3e1
 545 03e1 09       		.uleb128 0x9
 546 03e2 CF0A0000 		.4byte	.LASF72
 547 03e6 08       		.byte	0x8
 548 03e7 09       		.byte	0x9
 549 03e8 45       		.byte	0x45
 550 03e9 08       		.byte	0x8
 551 03ea 09040000 		.4byte	0x409
 552 03ee 04       		.uleb128 0x4
 553 03ef E90B0000 		.4byte	.LASF70
 554 03f3 09       		.byte	0x9
 555 03f4 46       		.byte	0x46
 556 03f5 1A       		.byte	0x1a
 557 03f6 09040000 		.4byte	0x409
 558 03fa 00       		.byte	0
 559 03fb 04       		.uleb128 0x4
 560 03fc EE0B0000 		.4byte	.LASF73
 561 0400 09       		.byte	0x9
 562 0401 47       		.byte	0x47
 563 0402 1A       		.byte	0x1a
 564 0403 09040000 		.4byte	0x409
 565 0407 04       		.byte	0x4
 566 0408 00       		.byte	0
 567 0409 06       		.uleb128 0x6
 568 040a D5030000 		.4byte	0x3d5
 569 040e 03       		.uleb128 0x3
 570 040f D0060000 		.4byte	.LASF74
ARM GAS  /tmp/cc5rfSPY.s 			page 11


 571 0413 09       		.byte	0x9
 572 0414 4E       		.byte	0x4e
 573 0415 22       		.byte	0x22
 574 0416 1A040000 		.4byte	0x41a
 575 041a 09       		.uleb128 0x9
 576 041b 5C0A0000 		.4byte	.LASF75
 577 041f 0C       		.byte	0xc
 578 0420 09       		.byte	0x9
 579 0421 55       		.byte	0x55
 580 0422 08       		.byte	0x8
 581 0423 4F040000 		.4byte	0x44f
 582 0427 04       		.uleb128 0x4
 583 0428 E90B0000 		.4byte	.LASF70
 584 042c 09       		.byte	0x9
 585 042d 56       		.byte	0x56
 586 042e 1A       		.byte	0x1a
 587 042f 4F040000 		.4byte	0x44f
 588 0433 00       		.byte	0
 589 0434 04       		.uleb128 0x4
 590 0435 EE0B0000 		.4byte	.LASF73
 591 0439 09       		.byte	0x9
 592 043a 57       		.byte	0x57
 593 043b 1A       		.byte	0x1a
 594 043c 4F040000 		.4byte	0x44f
 595 0440 04       		.byte	0x4
 596 0441 04       		.uleb128 0x4
 597 0442 45010000 		.4byte	.LASF76
 598 0446 09       		.byte	0x9
 599 0447 58       		.byte	0x58
 600 0448 19       		.byte	0x19
 601 0449 4B010000 		.4byte	0x14b
 602 044d 08       		.byte	0x8
 603 044e 00       		.byte	0
 604 044f 06       		.uleb128 0x6
 605 0450 0E040000 		.4byte	0x40e
 606 0454 03       		.uleb128 0x3
 607 0455 00000000 		.4byte	.LASF77
 608 0459 09       		.byte	0x9
 609 045a 5F       		.byte	0x5f
 610 045b 1E       		.byte	0x1e
 611 045c 60040000 		.4byte	0x460
 612 0460 09       		.uleb128 0x9
 613 0461 7B070000 		.4byte	.LASF78
 614 0465 0C       		.byte	0xc
 615 0466 09       		.byte	0x9
 616 0467 64       		.byte	0x64
 617 0468 08       		.byte	0x8
 618 0469 95040000 		.4byte	0x495
 619 046d 04       		.uleb128 0x4
 620 046e E90B0000 		.4byte	.LASF70
 621 0472 09       		.byte	0x9
 622 0473 65       		.byte	0x65
 623 0474 1A       		.byte	0x1a
 624 0475 95040000 		.4byte	0x495
 625 0479 00       		.byte	0
 626 047a 04       		.uleb128 0x4
 627 047b EE0B0000 		.4byte	.LASF73
ARM GAS  /tmp/cc5rfSPY.s 			page 12


 628 047f 09       		.byte	0x9
 629 0480 66       		.byte	0x66
 630 0481 1A       		.byte	0x1a
 631 0482 95040000 		.4byte	0x495
 632 0486 04       		.byte	0x4
 633 0487 04       		.uleb128 0x4
 634 0488 15090000 		.4byte	.LASF79
 635 048c 09       		.byte	0x9
 636 048d 67       		.byte	0x67
 637 048e 19       		.byte	0x19
 638 048f 9D030000 		.4byte	0x39d
 639 0493 08       		.byte	0x8
 640 0494 00       		.byte	0
 641 0495 06       		.uleb128 0x6
 642 0496 54040000 		.4byte	0x454
 643 049a 11       		.uleb128 0x11
 644 049b 08       		.byte	0x8
 645 049c 83       		.byte	0x83
 646 049d 05       		.byte	0x5
 647 049e BD040000 		.4byte	0x4bd
 648 04a2 0C       		.uleb128 0xc
 649 04a3 6E747000 		.ascii	"ntp\000"
 650 04a7 0A       		.byte	0xa
 651 04a8 87       		.byte	0x87
 652 04a9 1E       		.byte	0x1e
 653 04aa BD040000 		.4byte	0x4bd
 654 04ae 00       		.byte	0
 655 04af 04       		.uleb128 0x4
 656 04b0 1A040000 		.4byte	.LASF80
 657 04b4 0A       		.byte	0xa
 658 04b5 8B       		.byte	0x8b
 659 04b6 1E       		.byte	0x1e
 660 04b7 A7000000 		.4byte	0xa7
 661 04bb 04       		.byte	0x4
 662 04bc 00       		.byte	0
 663 04bd 06       		.uleb128 0x6
 664 04be 87010000 		.4byte	0x187
 665 04c2 11       		.uleb128 0x11
 666 04c3 08       		.byte	0x8
 667 04c4 90       		.byte	0x90
 668 04c5 05       		.byte	0x5
 669 04c6 E4040000 		.4byte	0x4e4
 670 04ca 0C       		.uleb128 0xc
 671 04cb 747000   		.ascii	"tp\000"
 672 04ce 0A       		.byte	0xa
 673 04cf 94       		.byte	0x94
 674 04d0 1E       		.byte	0x1e
 675 04d1 BD040000 		.4byte	0x4bd
 676 04d5 00       		.byte	0
 677 04d6 0C       		.uleb128 0xc
 678 04d7 6D736700 		.ascii	"msg\000"
 679 04db 0A       		.byte	0xa
 680 04dc 98       		.byte	0x98
 681 04dd 1D       		.byte	0x1d
 682 04de 57010000 		.4byte	0x157
 683 04e2 04       		.byte	0x4
 684 04e3 00       		.byte	0
ARM GAS  /tmp/cc5rfSPY.s 			page 13


 685 04e4 11       		.uleb128 0x11
 686 04e5 04       		.byte	0x4
 687 04e6 9D       		.byte	0x9d
 688 04e7 05       		.byte	0x5
 689 04e8 FA040000 		.4byte	0x4fa
 690 04ec 04       		.uleb128 0x4
 691 04ed 080A0000 		.4byte	.LASF34
 692 04f1 0A       		.byte	0xa
 693 04f2 A1       		.byte	0xa1
 694 04f3 1E       		.byte	0x1e
 695 04f4 B5000000 		.4byte	0xb5
 696 04f8 00       		.byte	0
 697 04f9 00       		.byte	0
 698 04fa 11       		.uleb128 0x11
 699 04fb 04       		.byte	0x4
 700 04fc A6       		.byte	0xa6
 701 04fd 05       		.byte	0x5
 702 04fe 10050000 		.4byte	0x510
 703 0502 04       		.uleb128 0x4
 704 0503 36090000 		.4byte	.LASF81
 705 0507 0A       		.byte	0xa
 706 0508 AA       		.byte	0xaa
 707 0509 1E       		.byte	0x1e
 708 050a B5000000 		.4byte	0xb5
 709 050e 00       		.byte	0
 710 050f 00       		.byte	0
 711 0510 11       		.uleb128 0x11
 712 0511 08       		.byte	0x8
 713 0512 AF       		.byte	0xaf
 714 0513 05       		.byte	0x5
 715 0514 33050000 		.4byte	0x533
 716 0518 0C       		.uleb128 0xc
 717 0519 75703100 		.ascii	"up1\000"
 718 051d 0A       		.byte	0xa
 719 051e B3       		.byte	0xb3
 720 051f 1E       		.byte	0x1e
 721 0520 A7000000 		.4byte	0xa7
 722 0524 00       		.byte	0
 723 0525 0C       		.uleb128 0xc
 724 0526 75703200 		.ascii	"up2\000"
 725 052a 0A       		.byte	0xa
 726 052b B7       		.byte	0xb7
 727 052c 1E       		.byte	0x1e
 728 052d A7000000 		.4byte	0xa7
 729 0531 04       		.byte	0x4
 730 0532 00       		.byte	0
 731 0533 18       		.uleb128 0x18
 732 0534 08       		.byte	0x8
 733 0535 0A       		.byte	0xa
 734 0536 7F       		.byte	0x7f
 735 0537 71050000 		.4byte	0x571
 736 053b 19       		.uleb128 0x19
 737 053c 737700   		.ascii	"sw\000"
 738 053f 8C       		.byte	0x8c
 739 0540 9A040000 		.4byte	0x49a
 740 0544 19       		.uleb128 0x19
 741 0545 72647900 		.ascii	"rdy\000"
ARM GAS  /tmp/cc5rfSPY.s 			page 14


 742 0549 99       		.byte	0x99
 743 054a C2040000 		.4byte	0x4c2
 744 054e 19       		.uleb128 0x19
 745 054f 69737200 		.ascii	"isr\000"
 746 0553 A2       		.byte	0xa2
 747 0554 E4040000 		.4byte	0x4e4
 748 0558 0F       		.uleb128 0xf
 749 0559 5B090000 		.4byte	.LASF82
 750 055d 0A       		.byte	0xa
 751 055e AB       		.byte	0xab
 752 055f 07       		.byte	0x7
 753 0560 FA040000 		.4byte	0x4fa
 754 0564 0F       		.uleb128 0xf
 755 0565 63000000 		.4byte	.LASF83
 756 0569 0A       		.byte	0xa
 757 056a B8       		.byte	0xb8
 758 056b 07       		.byte	0x7
 759 056c 10050000 		.4byte	0x510
 760 0570 00       		.byte	0
 761 0571 11       		.uleb128 0x11
 762 0572 10       		.byte	0x10
 763 0573 6C       		.byte	0x6c
 764 0574 09       		.byte	0x9
 765 0575 B6050000 		.4byte	0x5b6
 766 0579 1A       		.uleb128 0x1a
 767 057a 1D010000 		.4byte	.LASF84
 768 057e 70       		.byte	0x70
 769 057f E8000000 		.4byte	0xe8
 770 0583 03       		.byte	0x3
 771 0584 00       		.byte	0
 772 0585 1A       		.uleb128 0x1a
 773 0586 06010000 		.4byte	.LASF37
 774 058a 74       		.byte	0x74
 775 058b E8000000 		.4byte	0xe8
 776 058f 05       		.byte	0x5
 777 0590 03       		.byte	0x3
 778 0591 1A       		.uleb128 0x1a
 779 0592 F7000000 		.4byte	.LASF85
 780 0596 7A       		.byte	0x7a
 781 0597 E8000000 		.4byte	0xe8
 782 059b 18       		.byte	0x18
 783 059c 08       		.byte	0x8
 784 059d 04       		.uleb128 0x4
 785 059e 91090000 		.4byte	.LASF86
 786 05a2 0A       		.byte	0xa
 787 05a3 7E       		.byte	0x7e
 788 05a4 19       		.byte	0x19
 789 05a5 91030000 		.4byte	0x391
 790 05a9 04       		.byte	0x4
 791 05aa 0C       		.uleb128 0xc
 792 05ab 7500     		.ascii	"u\000"
 793 05ad 0A       		.byte	0xa
 794 05ae B9       		.byte	0xb9
 795 05af 05       		.byte	0x5
 796 05b0 33050000 		.4byte	0x533
 797 05b4 08       		.byte	0x8
 798 05b5 00       		.byte	0
ARM GAS  /tmp/cc5rfSPY.s 			page 15


 799 05b6 03       		.uleb128 0x3
 800 05b7 F2070000 		.4byte	.LASF87
 801 05bb 0A       		.byte	0xa
 802 05bc BA       		.byte	0xba
 803 05bd 03       		.byte	0x3
 804 05be 71050000 		.4byte	0x571
 805 05c2 25       		.uleb128 0x25
 806 05c3 0808     		.2byte	0x808
 807 05c5 0A       		.byte	0xa
 808 05c6 C0       		.byte	0xc0
 809 05c7 09       		.byte	0x9
 810 05c8 01060000 		.4byte	0x601
 811 05cc 04       		.uleb128 0x4
 812 05cd FE090000 		.4byte	.LASF88
 813 05d1 0A       		.byte	0xa
 814 05d2 C4       		.byte	0xc4
 815 05d3 19       		.byte	0x19
 816 05d4 D0000000 		.4byte	0xd0
 817 05d8 00       		.byte	0
 818 05d9 04       		.uleb128 0x4
 819 05da 9B080000 		.4byte	.LASF89
 820 05de 0A       		.byte	0xa
 821 05df C8       		.byte	0xc8
 822 05e0 19       		.byte	0x19
 823 05e1 D0000000 		.4byte	0xd0
 824 05e5 02       		.byte	0x2
 825 05e6 0C       		.uleb128 0xc
 826 05e7 70747200 		.ascii	"ptr\000"
 827 05eb 0A       		.byte	0xa
 828 05ec CC       		.byte	0xcc
 829 05ed 1A       		.byte	0x1a
 830 05ee 01060000 		.4byte	0x601
 831 05f2 04       		.byte	0x4
 832 05f3 04       		.uleb128 0x4
 833 05f4 EA040000 		.4byte	.LASF90
 834 05f8 0A       		.byte	0xa
 835 05f9 D0       		.byte	0xd0
 836 05fa 19       		.byte	0x19
 837 05fb 06060000 		.4byte	0x606
 838 05ff 08       		.byte	0x8
 839 0600 00       		.byte	0
 840 0601 06       		.uleb128 0x6
 841 0602 B6050000 		.4byte	0x5b6
 842 0606 08       		.uleb128 0x8
 843 0607 B6050000 		.4byte	0x5b6
 844 060b 16060000 		.4byte	0x616
 845 060f 0A       		.uleb128 0xa
 846 0610 25000000 		.4byte	0x25
 847 0614 7F       		.byte	0x7f
 848 0615 00       		.byte	0
 849 0616 03       		.uleb128 0x3
 850 0617 7F060000 		.4byte	.LASF91
 851 061b 0A       		.byte	0xa
 852 061c D1       		.byte	0xd1
 853 061d 03       		.byte	0x3
 854 061e C2050000 		.4byte	0x5c2
 855 0622 26       		.uleb128 0x26
ARM GAS  /tmp/cc5rfSPY.s 			page 16


 856 0623 05       		.byte	0x5
 857 0624 01       		.byte	0x1
 858 0625 3A000000 		.4byte	0x3a
 859 0629 0B       		.byte	0xb
 860 062a 55       		.byte	0x55
 861 062b 01       		.byte	0x1
 862 062c B1070000 		.4byte	0x7b1
 863 0630 0D       		.uleb128 0xd
 864 0631 64050000 		.4byte	.LASF92
 865 0635 72       		.sleb128 -14
 866 0636 0D       		.uleb128 0xd
 867 0637 B6050000 		.4byte	.LASF93
 868 063b 74       		.sleb128 -12
 869 063c 0D       		.uleb128 0xd
 870 063d 5E060000 		.4byte	.LASF94
 871 0641 75       		.sleb128 -11
 872 0642 0D       		.uleb128 0xd
 873 0643 8F030000 		.4byte	.LASF95
 874 0647 76       		.sleb128 -10
 875 0648 0D       		.uleb128 0xd
 876 0649 EE060000 		.4byte	.LASF96
 877 064d 7B       		.sleb128 -5
 878 064e 0D       		.uleb128 0xd
 879 064f D8090000 		.4byte	.LASF97
 880 0653 7C       		.sleb128 -4
 881 0654 0D       		.uleb128 0xd
 882 0655 890B0000 		.4byte	.LASF98
 883 0659 7E       		.sleb128 -2
 884 065a 0D       		.uleb128 0xd
 885 065b 09020000 		.4byte	.LASF99
 886 065f 7F       		.sleb128 -1
 887 0660 02       		.uleb128 0x2
 888 0661 83050000 		.4byte	.LASF100
 889 0665 00       		.byte	0
 890 0666 02       		.uleb128 0x2
 891 0667 83090000 		.4byte	.LASF101
 892 066b 01       		.byte	0x1
 893 066c 02       		.uleb128 0x2
 894 066d E2050000 		.4byte	.LASF102
 895 0671 02       		.byte	0x2
 896 0672 02       		.uleb128 0x2
 897 0673 10000000 		.4byte	.LASF103
 898 0677 03       		.byte	0x3
 899 0678 02       		.uleb128 0x2
 900 0679 EC000000 		.4byte	.LASF104
 901 067d 04       		.byte	0x4
 902 067e 02       		.uleb128 0x2
 903 067f 770A0000 		.4byte	.LASF105
 904 0683 05       		.byte	0x5
 905 0684 02       		.uleb128 0x2
 906 0685 96090000 		.4byte	.LASF106
 907 0689 06       		.byte	0x6
 908 068a 02       		.uleb128 0x2
 909 068b 22050000 		.4byte	.LASF107
 910 068f 07       		.byte	0x7
 911 0690 02       		.uleb128 0x2
 912 0691 1E000000 		.4byte	.LASF108
ARM GAS  /tmp/cc5rfSPY.s 			page 17


 913 0695 08       		.byte	0x8
 914 0696 02       		.uleb128 0x2
 915 0697 7E0B0000 		.4byte	.LASF109
 916 069b 09       		.byte	0x9
 917 069c 02       		.uleb128 0x2
 918 069d 4B0B0000 		.4byte	.LASF110
 919 06a1 0A       		.byte	0xa
 920 06a2 02       		.uleb128 0x2
 921 06a3 37080000 		.4byte	.LASF111
 922 06a7 0B       		.byte	0xb
 923 06a8 02       		.uleb128 0x2
 924 06a9 52070000 		.4byte	.LASF112
 925 06ad 0C       		.byte	0xc
 926 06ae 02       		.uleb128 0x2
 927 06af 7C020000 		.4byte	.LASF113
 928 06b3 0D       		.byte	0xd
 929 06b4 02       		.uleb128 0x2
 930 06b5 A50A0000 		.4byte	.LASF114
 931 06b9 0E       		.byte	0xe
 932 06ba 02       		.uleb128 0x2
 933 06bb B4090000 		.4byte	.LASF115
 934 06bf 0F       		.byte	0xf
 935 06c0 02       		.uleb128 0x2
 936 06c1 2D050000 		.4byte	.LASF116
 937 06c5 10       		.byte	0x10
 938 06c6 02       		.uleb128 0x2
 939 06c7 32000000 		.4byte	.LASF117
 940 06cb 11       		.byte	0x11
 941 06cc 02       		.uleb128 0x2
 942 06cd 3D090000 		.4byte	.LASF118
 943 06d1 12       		.byte	0x12
 944 06d2 02       		.uleb128 0x2
 945 06d3 370B0000 		.4byte	.LASF119
 946 06d7 17       		.byte	0x17
 947 06d8 02       		.uleb128 0x2
 948 06d9 6C060000 		.4byte	.LASF120
 949 06dd 18       		.byte	0x18
 950 06de 02       		.uleb128 0x2
 951 06df D80A0000 		.4byte	.LASF121
 952 06e3 19       		.byte	0x19
 953 06e4 02       		.uleb128 0x2
 954 06e5 D9010000 		.4byte	.LASF122
 955 06e9 1A       		.byte	0x1a
 956 06ea 02       		.uleb128 0x2
 957 06eb 15050000 		.4byte	.LASF123
 958 06ef 1B       		.byte	0x1b
 959 06f0 02       		.uleb128 0x2
 960 06f1 2A010000 		.4byte	.LASF124
 961 06f5 1C       		.byte	0x1c
 962 06f6 02       		.uleb128 0x2
 963 06f7 EB080000 		.4byte	.LASF125
 964 06fb 1D       		.byte	0x1d
 965 06fc 02       		.uleb128 0x2
 966 06fd 81040000 		.4byte	.LASF126
 967 0701 1E       		.byte	0x1e
 968 0702 02       		.uleb128 0x2
 969 0703 DD040000 		.4byte	.LASF127
ARM GAS  /tmp/cc5rfSPY.s 			page 18


 970 0707 1F       		.byte	0x1f
 971 0708 02       		.uleb128 0x2
 972 0709 01030000 		.4byte	.LASF128
 973 070d 20       		.byte	0x20
 974 070e 02       		.uleb128 0x2
 975 070f 39070000 		.4byte	.LASF129
 976 0713 21       		.byte	0x21
 977 0714 02       		.uleb128 0x2
 978 0715 44060000 		.4byte	.LASF130
 979 0719 22       		.byte	0x22
 980 071a 02       		.uleb128 0x2
 981 071b E4060000 		.4byte	.LASF131
 982 071f 23       		.byte	0x23
 983 0720 02       		.uleb128 0x2
 984 0721 73010000 		.4byte	.LASF132
 985 0725 24       		.byte	0x24
 986 0726 02       		.uleb128 0x2
 987 0727 F5080000 		.4byte	.LASF133
 988 072b 25       		.byte	0x25
 989 072c 02       		.uleb128 0x2
 990 072d 8B040000 		.4byte	.LASF134
 991 0731 26       		.byte	0x26
 992 0732 02       		.uleb128 0x2
 993 0733 A0080000 		.4byte	.LASF135
 994 0737 28       		.byte	0x28
 995 0738 02       		.uleb128 0x2
 996 0739 59080000 		.4byte	.LASF136
 997 073d 29       		.byte	0x29
 998 073e 02       		.uleb128 0x2
 999 073f 08070000 		.4byte	.LASF137
 1000 0743 2A       		.byte	0x2a
 1001 0744 02       		.uleb128 0x2
 1002 0745 950B0000 		.4byte	.LASF138
 1003 0749 2F       		.byte	0x2f
 1004 074a 02       		.uleb128 0x2
 1005 074b 690B0000 		.4byte	.LASF139
 1006 074f 31       		.byte	0x31
 1007 0750 02       		.uleb128 0x2
 1008 0751 85030000 		.4byte	.LASF140
 1009 0755 32       		.byte	0x32
 1010 0756 02       		.uleb128 0x2
 1011 0757 E2000000 		.4byte	.LASF141
 1012 075b 33       		.byte	0x33
 1013 075c 02       		.uleb128 0x2
 1014 075d 1C060000 		.4byte	.LASF142
 1015 0761 38       		.byte	0x38
 1016 0762 02       		.uleb128 0x2
 1017 0763 92000000 		.4byte	.LASF143
 1018 0767 39       		.byte	0x39
 1019 0768 02       		.uleb128 0x2
 1020 0769 F30B0000 		.4byte	.LASF144
 1021 076d 3A       		.byte	0x3a
 1022 076e 02       		.uleb128 0x2
 1023 076f 69070000 		.4byte	.LASF145
 1024 0773 3B       		.byte	0x3b
 1025 0774 02       		.uleb128 0x2
 1026 0775 B0020000 		.4byte	.LASF146
ARM GAS  /tmp/cc5rfSPY.s 			page 19


 1027 0779 3C       		.byte	0x3c
 1028 077a 02       		.uleb128 0x2
 1029 077b 51050000 		.4byte	.LASF147
 1030 077f 43       		.byte	0x43
 1031 0780 02       		.uleb128 0x2
 1032 0781 A5010000 		.4byte	.LASF148
 1033 0785 44       		.byte	0x44
 1034 0786 02       		.uleb128 0x2
 1035 0787 C6090000 		.4byte	.LASF149
 1036 078b 45       		.byte	0x45
 1037 078c 02       		.uleb128 0x2
 1038 078d 3F050000 		.4byte	.LASF150
 1039 0791 46       		.byte	0x46
 1040 0792 02       		.uleb128 0x2
 1041 0793 4A010000 		.4byte	.LASF151
 1042 0797 47       		.byte	0x47
 1043 0798 02       		.uleb128 0x2
 1044 0799 F1090000 		.4byte	.LASF152
 1045 079d 48       		.byte	0x48
 1046 079e 02       		.uleb128 0x2
 1047 079f 88080000 		.4byte	.LASF153
 1048 07a3 49       		.byte	0x49
 1049 07a4 02       		.uleb128 0x2
 1050 07a5 FF060000 		.4byte	.LASF154
 1051 07a9 51       		.byte	0x51
 1052 07aa 02       		.uleb128 0x2
 1053 07ab 72080000 		.4byte	.LASF155
 1054 07af 54       		.byte	0x54
 1055 07b0 00       		.byte	0
 1056 07b1 03       		.uleb128 0x3
 1057 07b2 FC050000 		.4byte	.LASF156
 1058 07b6 0B       		.byte	0xb
 1059 07b7 98       		.byte	0x98
 1060 07b8 03       		.byte	0x3
 1061 07b9 22060000 		.4byte	0x622
 1062 07bd 27       		.uleb128 0x27
 1063 07be 040E     		.2byte	0xe04
 1064 07c0 0C       		.byte	0xc
 1065 07c1 9601     		.2byte	0x196
 1066 07c3 09       		.byte	0x9
 1067 07c4 77080000 		.4byte	0x877
 1068 07c8 01       		.uleb128 0x1
 1069 07c9 D50B0000 		.4byte	.LASF157
 1070 07cd 0C       		.byte	0xc
 1071 07ce 9801     		.2byte	0x198
 1072 07d0 12       		.byte	0x12
 1073 07d1 87080000 		.4byte	0x887
 1074 07d5 00       		.byte	0
 1075 07d6 01       		.uleb128 0x1
 1076 07d7 8E020000 		.4byte	.LASF158
 1077 07db 0C       		.byte	0xc
 1078 07dc 9901     		.2byte	0x199
 1079 07de 12       		.byte	0x12
 1080 07df 8C080000 		.4byte	0x88c
 1081 07e3 20       		.byte	0x20
 1082 07e4 01       		.uleb128 0x1
 1083 07e5 56090000 		.4byte	.LASF159
ARM GAS  /tmp/cc5rfSPY.s 			page 20


 1084 07e9 0C       		.byte	0xc
 1085 07ea 9A01     		.2byte	0x19a
 1086 07ec 12       		.byte	0x12
 1087 07ed 87080000 		.4byte	0x887
 1088 07f1 80       		.byte	0x80
 1089 07f2 01       		.uleb128 0x1
 1090 07f3 29000000 		.4byte	.LASF160
 1091 07f7 0C       		.byte	0xc
 1092 07f8 9B01     		.2byte	0x19b
 1093 07fa 12       		.byte	0x12
 1094 07fb 8C080000 		.4byte	0x88c
 1095 07ff A0       		.byte	0xa0
 1096 0800 0E       		.uleb128 0xe
 1097 0801 790B0000 		.4byte	.LASF161
 1098 0805 9C01     		.2byte	0x19c
 1099 0807 87080000 		.4byte	0x887
 1100 080b 0001     		.2byte	0x100
 1101 080d 0E       		.uleb128 0xe
 1102 080e 6B030000 		.4byte	.LASF162
 1103 0812 9D01     		.2byte	0x19d
 1104 0814 8C080000 		.4byte	0x88c
 1105 0818 2001     		.2byte	0x120
 1106 081a 0E       		.uleb128 0xe
 1107 081b 34010000 		.4byte	.LASF163
 1108 081f 9E01     		.2byte	0x19e
 1109 0821 87080000 		.4byte	0x887
 1110 0825 8001     		.2byte	0x180
 1111 0827 0E       		.uleb128 0xe
 1112 0828 7B030000 		.4byte	.LASF164
 1113 082c 9F01     		.2byte	0x19f
 1114 082e 8C080000 		.4byte	0x88c
 1115 0832 A001     		.2byte	0x1a0
 1116 0834 0E       		.uleb128 0xe
 1117 0835 FC020000 		.4byte	.LASF165
 1118 0839 A001     		.2byte	0x1a0
 1119 083b 87080000 		.4byte	0x887
 1120 083f 0002     		.2byte	0x200
 1121 0841 0E       		.uleb128 0xe
 1122 0842 C2020000 		.4byte	.LASF166
 1123 0846 A101     		.2byte	0x1a1
 1124 0848 9C080000 		.4byte	0x89c
 1125 084c 2002     		.2byte	0x220
 1126 084e 28       		.uleb128 0x28
 1127 084f 495000   		.ascii	"IP\000"
 1128 0852 0C       		.byte	0xc
 1129 0853 A201     		.2byte	0x1a2
 1130 0855 12       		.byte	0x12
 1131 0856 BC080000 		.4byte	0x8bc
 1132 085a 0003     		.2byte	0x300
 1133 085c 0E       		.uleb128 0xe
 1134 085d CC020000 		.4byte	.LASF167
 1135 0861 A301     		.2byte	0x1a3
 1136 0863 C1080000 		.4byte	0x8c1
 1137 0867 F003     		.2byte	0x3f0
 1138 0869 0E       		.uleb128 0xe
 1139 086a D8040000 		.4byte	.LASF168
 1140 086e A401     		.2byte	0x1a4
ARM GAS  /tmp/cc5rfSPY.s 			page 21


 1141 0870 F4000000 		.4byte	0xf4
 1142 0874 000E     		.2byte	0xe00
 1143 0876 00       		.byte	0
 1144 0877 08       		.uleb128 0x8
 1145 0878 F4000000 		.4byte	0xf4
 1146 087c 87080000 		.4byte	0x887
 1147 0880 0A       		.uleb128 0xa
 1148 0881 25000000 		.4byte	0x25
 1149 0885 07       		.byte	0x7
 1150 0886 00       		.byte	0
 1151 0887 0B       		.uleb128 0xb
 1152 0888 77080000 		.4byte	0x877
 1153 088c 08       		.uleb128 0x8
 1154 088d E8000000 		.4byte	0xe8
 1155 0891 9C080000 		.4byte	0x89c
 1156 0895 0A       		.uleb128 0xa
 1157 0896 25000000 		.4byte	0x25
 1158 089a 17       		.byte	0x17
 1159 089b 00       		.byte	0
 1160 089c 08       		.uleb128 0x8
 1161 089d E8000000 		.4byte	0xe8
 1162 08a1 AC080000 		.4byte	0x8ac
 1163 08a5 0A       		.uleb128 0xa
 1164 08a6 25000000 		.4byte	0x25
 1165 08aa 37       		.byte	0x37
 1166 08ab 00       		.byte	0
 1167 08ac 08       		.uleb128 0x8
 1168 08ad CB000000 		.4byte	0xcb
 1169 08b1 BC080000 		.4byte	0x8bc
 1170 08b5 0A       		.uleb128 0xa
 1171 08b6 25000000 		.4byte	0x25
 1172 08ba EF       		.byte	0xef
 1173 08bb 00       		.byte	0
 1174 08bc 0B       		.uleb128 0xb
 1175 08bd AC080000 		.4byte	0x8ac
 1176 08c1 08       		.uleb128 0x8
 1177 08c2 E8000000 		.4byte	0xe8
 1178 08c6 D2080000 		.4byte	0x8d2
 1179 08ca 29       		.uleb128 0x29
 1180 08cb 25000000 		.4byte	0x25
 1181 08cf 8302     		.2byte	0x283
 1182 08d1 00       		.byte	0
 1183 08d2 12       		.uleb128 0x12
 1184 08d3 68080000 		.4byte	.LASF169
 1185 08d7 0C       		.byte	0xc
 1186 08d8 A501     		.2byte	0x1a5
 1187 08da 04       		.byte	0x4
 1188 08db BD070000 		.4byte	0x7bd
 1189 08df 1B       		.uleb128 0x1b
 1190 08e0 8C       		.byte	0x8c
 1191 08e1 B801     		.2byte	0x1b8
 1192 08e3 0E0A0000 		.4byte	0xa0e
 1193 08e7 01       		.uleb128 0x1
 1194 08e8 9F010000 		.4byte	.LASF170
 1195 08ec 0C       		.byte	0xc
 1196 08ed BA01     		.2byte	0x1ba
 1197 08ef 12       		.byte	0x12
ARM GAS  /tmp/cc5rfSPY.s 			page 22


 1198 08f0 F9000000 		.4byte	0xf9
 1199 08f4 00       		.byte	0
 1200 08f5 01       		.uleb128 0x1
 1201 08f6 16020000 		.4byte	.LASF171
 1202 08fa 0C       		.byte	0xc
 1203 08fb BB01     		.2byte	0x1bb
 1204 08fd 12       		.byte	0x12
 1205 08fe F4000000 		.4byte	0xf4
 1206 0902 04       		.byte	0x4
 1207 0903 01       		.uleb128 0x1
 1208 0904 A4000000 		.4byte	.LASF172
 1209 0908 0C       		.byte	0xc
 1210 0909 BC01     		.2byte	0x1bc
 1211 090b 12       		.byte	0x12
 1212 090c F4000000 		.4byte	0xf4
 1213 0910 08       		.byte	0x8
 1214 0911 01       		.uleb128 0x1
 1215 0912 84010000 		.4byte	.LASF173
 1216 0916 0C       		.byte	0xc
 1217 0917 BD01     		.2byte	0x1bd
 1218 0919 12       		.byte	0x12
 1219 091a F4000000 		.4byte	0xf4
 1220 091e 0C       		.byte	0xc
 1221 091f 05       		.uleb128 0x5
 1222 0920 53435200 		.ascii	"SCR\000"
 1223 0924 0C       		.byte	0xc
 1224 0925 BE01     		.2byte	0x1be
 1225 0927 12       		.byte	0x12
 1226 0928 F4000000 		.4byte	0xf4
 1227 092c 10       		.byte	0x10
 1228 092d 05       		.uleb128 0x5
 1229 092e 43435200 		.ascii	"CCR\000"
 1230 0932 0C       		.byte	0xc
 1231 0933 BF01     		.2byte	0x1bf
 1232 0935 12       		.byte	0x12
 1233 0936 F4000000 		.4byte	0xf4
 1234 093a 14       		.byte	0x14
 1235 093b 05       		.uleb128 0x5
 1236 093c 53485000 		.ascii	"SHP\000"
 1237 0940 0C       		.byte	0xc
 1238 0941 C001     		.2byte	0x1c0
 1239 0943 12       		.byte	0x12
 1240 0944 1E0A0000 		.4byte	0xa1e
 1241 0948 18       		.byte	0x18
 1242 0949 01       		.uleb128 0x1
 1243 094a C6080000 		.4byte	.LASF174
 1244 094e 0C       		.byte	0xc
 1245 094f C101     		.2byte	0x1c1
 1246 0951 12       		.byte	0x12
 1247 0952 F4000000 		.4byte	0xf4
 1248 0956 24       		.byte	0x24
 1249 0957 01       		.uleb128 0x1
 1250 0958 A1090000 		.4byte	.LASF175
 1251 095c 0C       		.byte	0xc
 1252 095d C201     		.2byte	0x1c2
 1253 095f 12       		.byte	0x12
 1254 0960 F4000000 		.4byte	0xf4
ARM GAS  /tmp/cc5rfSPY.s 			page 23


 1255 0964 28       		.byte	0x28
 1256 0965 01       		.uleb128 0x1
 1257 0966 28040000 		.4byte	.LASF176
 1258 096a 0C       		.byte	0xc
 1259 096b C301     		.2byte	0x1c3
 1260 096d 12       		.byte	0x12
 1261 096e F4000000 		.4byte	0xf4
 1262 0972 2C       		.byte	0x2c
 1263 0973 01       		.uleb128 0x1
 1264 0974 00040000 		.4byte	.LASF177
 1265 0978 0C       		.byte	0xc
 1266 0979 C401     		.2byte	0x1c4
 1267 097b 12       		.byte	0x12
 1268 097c F4000000 		.4byte	0xf4
 1269 0980 30       		.byte	0x30
 1270 0981 01       		.uleb128 0x1
 1271 0982 1C0A0000 		.4byte	.LASF178
 1272 0986 0C       		.byte	0xc
 1273 0987 C501     		.2byte	0x1c5
 1274 0989 12       		.byte	0x12
 1275 098a F4000000 		.4byte	0xf4
 1276 098e 34       		.byte	0x34
 1277 098f 01       		.uleb128 0x1
 1278 0990 4D070000 		.4byte	.LASF179
 1279 0994 0C       		.byte	0xc
 1280 0995 C601     		.2byte	0x1c6
 1281 0997 12       		.byte	0x12
 1282 0998 F4000000 		.4byte	0xf4
 1283 099c 38       		.byte	0x38
 1284 099d 01       		.uleb128 0x1
 1285 099e 8C090000 		.4byte	.LASF180
 1286 09a2 0C       		.byte	0xc
 1287 09a3 C701     		.2byte	0x1c7
 1288 09a5 12       		.byte	0x12
 1289 09a6 F4000000 		.4byte	0xf4
 1290 09aa 3C       		.byte	0x3c
 1291 09ab 05       		.uleb128 0x5
 1292 09ac 50465200 		.ascii	"PFR\000"
 1293 09b0 0C       		.byte	0xc
 1294 09b1 C801     		.2byte	0x1c8
 1295 09b3 12       		.byte	0x12
 1296 09b4 380A0000 		.4byte	0xa38
 1297 09b8 40       		.byte	0x40
 1298 09b9 05       		.uleb128 0x5
 1299 09ba 44465200 		.ascii	"DFR\000"
 1300 09be 0C       		.byte	0xc
 1301 09bf C901     		.2byte	0x1c9
 1302 09c1 12       		.byte	0x12
 1303 09c2 F9000000 		.4byte	0xf9
 1304 09c6 48       		.byte	0x48
 1305 09c7 05       		.uleb128 0x5
 1306 09c8 41445200 		.ascii	"ADR\000"
 1307 09cc 0C       		.byte	0xc
 1308 09cd CA01     		.2byte	0x1ca
 1309 09cf 12       		.byte	0x12
 1310 09d0 F9000000 		.4byte	0xf9
 1311 09d4 4C       		.byte	0x4c
ARM GAS  /tmp/cc5rfSPY.s 			page 24


 1312 09d5 01       		.uleb128 0x1
 1313 09d6 170A0000 		.4byte	.LASF181
 1314 09da 0C       		.byte	0xc
 1315 09db CB01     		.2byte	0x1cb
 1316 09dd 12       		.byte	0x12
 1317 09de 520A0000 		.4byte	0xa52
 1318 09e2 50       		.byte	0x50
 1319 09e3 01       		.uleb128 0x1
 1320 09e4 A00A0000 		.4byte	.LASF182
 1321 09e8 0C       		.byte	0xc
 1322 09e9 CC01     		.2byte	0x1cc
 1323 09eb 12       		.byte	0x12
 1324 09ec 6C0A0000 		.4byte	0xa6c
 1325 09f0 60       		.byte	0x60
 1326 09f1 01       		.uleb128 0x1
 1327 09f2 8E020000 		.4byte	.LASF158
 1328 09f6 0C       		.byte	0xc
 1329 09f7 CD01     		.2byte	0x1cd
 1330 09f9 12       		.byte	0x12
 1331 09fa 710A0000 		.4byte	0xa71
 1332 09fe 74       		.byte	0x74
 1333 09ff 01       		.uleb128 0x1
 1334 0a00 730B0000 		.4byte	.LASF183
 1335 0a04 0C       		.byte	0xc
 1336 0a05 CE01     		.2byte	0x1ce
 1337 0a07 12       		.byte	0x12
 1338 0a08 F4000000 		.4byte	0xf4
 1339 0a0c 88       		.byte	0x88
 1340 0a0d 00       		.byte	0
 1341 0a0e 08       		.uleb128 0x8
 1342 0a0f CB000000 		.4byte	0xcb
 1343 0a13 1E0A0000 		.4byte	0xa1e
 1344 0a17 0A       		.uleb128 0xa
 1345 0a18 25000000 		.4byte	0x25
 1346 0a1c 0B       		.byte	0xb
 1347 0a1d 00       		.byte	0
 1348 0a1e 0B       		.uleb128 0xb
 1349 0a1f 0E0A0000 		.4byte	0xa0e
 1350 0a23 08       		.uleb128 0x8
 1351 0a24 F9000000 		.4byte	0xf9
 1352 0a28 330A0000 		.4byte	0xa33
 1353 0a2c 0A       		.uleb128 0xa
 1354 0a2d 25000000 		.4byte	0x25
 1355 0a31 01       		.byte	0x1
 1356 0a32 00       		.byte	0
 1357 0a33 10       		.uleb128 0x10
 1358 0a34 230A0000 		.4byte	0xa23
 1359 0a38 0B       		.uleb128 0xb
 1360 0a39 330A0000 		.4byte	0xa33
 1361 0a3d 08       		.uleb128 0x8
 1362 0a3e F9000000 		.4byte	0xf9
 1363 0a42 4D0A0000 		.4byte	0xa4d
 1364 0a46 0A       		.uleb128 0xa
 1365 0a47 25000000 		.4byte	0x25
 1366 0a4b 03       		.byte	0x3
 1367 0a4c 00       		.byte	0
 1368 0a4d 10       		.uleb128 0x10
ARM GAS  /tmp/cc5rfSPY.s 			page 25


 1369 0a4e 3D0A0000 		.4byte	0xa3d
 1370 0a52 0B       		.uleb128 0xb
 1371 0a53 4D0A0000 		.4byte	0xa4d
 1372 0a57 08       		.uleb128 0x8
 1373 0a58 F9000000 		.4byte	0xf9
 1374 0a5c 670A0000 		.4byte	0xa67
 1375 0a60 0A       		.uleb128 0xa
 1376 0a61 25000000 		.4byte	0x25
 1377 0a65 04       		.byte	0x4
 1378 0a66 00       		.byte	0
 1379 0a67 10       		.uleb128 0x10
 1380 0a68 570A0000 		.4byte	0xa57
 1381 0a6c 0B       		.uleb128 0xb
 1382 0a6d 670A0000 		.4byte	0xa67
 1383 0a71 08       		.uleb128 0x8
 1384 0a72 E8000000 		.4byte	0xe8
 1385 0a76 810A0000 		.4byte	0xa81
 1386 0a7a 0A       		.uleb128 0xa
 1387 0a7b 25000000 		.4byte	0x25
 1388 0a7f 04       		.byte	0x4
 1389 0a80 00       		.byte	0
 1390 0a81 12       		.uleb128 0x12
 1391 0a82 F7030000 		.4byte	.LASF184
 1392 0a86 0C       		.byte	0xc
 1393 0a87 CF01     		.2byte	0x1cf
 1394 0a89 03       		.byte	0x3
 1395 0a8a DF080000 		.4byte	0x8df
 1396 0a8e 08       		.uleb128 0x8
 1397 0a8f E8000000 		.4byte	0xe8
 1398 0a93 9E0A0000 		.4byte	0xa9e
 1399 0a97 0A       		.uleb128 0xa
 1400 0a98 25000000 		.4byte	0x25
 1401 0a9c 00       		.byte	0
 1402 0a9d 00       		.byte	0
 1403 0a9e 1B       		.uleb128 0x1b
 1404 0a9f 5C       		.byte	0x5c
 1405 0aa0 9203     		.2byte	0x392
 1406 0aa2 E90B0000 		.4byte	0xbe9
 1407 0aa6 01       		.uleb128 0x1
 1408 0aa7 26070000 		.4byte	.LASF185
 1409 0aab 0C       		.byte	0xc
 1410 0aac 9403     		.2byte	0x394
 1411 0aae 12       		.byte	0x12
 1412 0aaf F4000000 		.4byte	0xf4
 1413 0ab3 00       		.byte	0
 1414 0ab4 01       		.uleb128 0x1
 1415 0ab5 B4070000 		.4byte	.LASF186
 1416 0ab9 0C       		.byte	0xc
 1417 0aba 9503     		.2byte	0x395
 1418 0abc 12       		.byte	0x12
 1419 0abd F4000000 		.4byte	0xf4
 1420 0ac1 04       		.byte	0x4
 1421 0ac2 01       		.uleb128 0x1
 1422 0ac3 21040000 		.4byte	.LASF187
 1423 0ac7 0C       		.byte	0xc
 1424 0ac8 9603     		.2byte	0x396
 1425 0aca 12       		.byte	0x12
ARM GAS  /tmp/cc5rfSPY.s 			page 26


 1426 0acb F4000000 		.4byte	0xf4
 1427 0acf 08       		.byte	0x8
 1428 0ad0 01       		.uleb128 0x1
 1429 0ad1 46070000 		.4byte	.LASF188
 1430 0ad5 0C       		.byte	0xc
 1431 0ad6 9703     		.2byte	0x397
 1432 0ad8 12       		.byte	0x12
 1433 0ad9 F4000000 		.4byte	0xf4
 1434 0add 0C       		.byte	0xc
 1435 0ade 01       		.uleb128 0x1
 1436 0adf 6D020000 		.4byte	.LASF189
 1437 0ae3 0C       		.byte	0xc
 1438 0ae4 9803     		.2byte	0x398
 1439 0ae6 12       		.byte	0x12
 1440 0ae7 F4000000 		.4byte	0xf4
 1441 0aeb 10       		.byte	0x10
 1442 0aec 01       		.uleb128 0x1
 1443 0aed 5D050000 		.4byte	.LASF190
 1444 0af1 0C       		.byte	0xc
 1445 0af2 9903     		.2byte	0x399
 1446 0af4 12       		.byte	0x12
 1447 0af5 F4000000 		.4byte	0xf4
 1448 0af9 14       		.byte	0x14
 1449 0afa 01       		.uleb128 0x1
 1450 0afb CD0B0000 		.4byte	.LASF191
 1451 0aff 0C       		.byte	0xc
 1452 0b00 9A03     		.2byte	0x39a
 1453 0b02 12       		.byte	0x12
 1454 0b03 F4000000 		.4byte	0xf4
 1455 0b07 18       		.byte	0x18
 1456 0b08 01       		.uleb128 0x1
 1457 0b09 46090000 		.4byte	.LASF192
 1458 0b0d 0C       		.byte	0xc
 1459 0b0e 9B03     		.2byte	0x39b
 1460 0b10 12       		.byte	0x12
 1461 0b11 F9000000 		.4byte	0xf9
 1462 0b15 1C       		.byte	0x1c
 1463 0b16 01       		.uleb128 0x1
 1464 0b17 65030000 		.4byte	.LASF193
 1465 0b1b 0C       		.byte	0xc
 1466 0b1c 9C03     		.2byte	0x39c
 1467 0b1e 12       		.byte	0x12
 1468 0b1f F4000000 		.4byte	0xf4
 1469 0b23 20       		.byte	0x20
 1470 0b24 01       		.uleb128 0x1
 1471 0b25 7C080000 		.4byte	.LASF194
 1472 0b29 0C       		.byte	0xc
 1473 0b2a 9D03     		.2byte	0x39d
 1474 0b2c 12       		.byte	0x12
 1475 0b2d F4000000 		.4byte	0xf4
 1476 0b31 24       		.byte	0x24
 1477 0b32 01       		.uleb128 0x1
 1478 0b33 C4000000 		.4byte	.LASF195
 1479 0b37 0C       		.byte	0xc
 1480 0b38 9E03     		.2byte	0x39e
 1481 0b3a 12       		.byte	0x12
 1482 0b3b F4000000 		.4byte	0xf4
ARM GAS  /tmp/cc5rfSPY.s 			page 27


 1483 0b3f 28       		.byte	0x28
 1484 0b40 01       		.uleb128 0x1
 1485 0b41 8E020000 		.4byte	.LASF158
 1486 0b45 0C       		.byte	0xc
 1487 0b46 9F03     		.2byte	0x39f
 1488 0b48 12       		.byte	0x12
 1489 0b49 8E0A0000 		.4byte	0xa8e
 1490 0b4d 2C       		.byte	0x2c
 1491 0b4e 01       		.uleb128 0x1
 1492 0b4f 4C040000 		.4byte	.LASF196
 1493 0b53 0C       		.byte	0xc
 1494 0b54 A003     		.2byte	0x3a0
 1495 0b56 12       		.byte	0x12
 1496 0b57 F4000000 		.4byte	0xf4
 1497 0b5b 30       		.byte	0x30
 1498 0b5c 01       		.uleb128 0x1
 1499 0b5d 82080000 		.4byte	.LASF197
 1500 0b61 0C       		.byte	0xc
 1501 0b62 A103     		.2byte	0x3a1
 1502 0b64 12       		.byte	0x12
 1503 0b65 F4000000 		.4byte	0xf4
 1504 0b69 34       		.byte	0x34
 1505 0b6a 01       		.uleb128 0x1
 1506 0b6b CE000000 		.4byte	.LASF198
 1507 0b6f 0C       		.byte	0xc
 1508 0b70 A203     		.2byte	0x3a2
 1509 0b72 12       		.byte	0x12
 1510 0b73 F4000000 		.4byte	0xf4
 1511 0b77 38       		.byte	0x38
 1512 0b78 01       		.uleb128 0x1
 1513 0b79 98020000 		.4byte	.LASF199
 1514 0b7d 0C       		.byte	0xc
 1515 0b7e A303     		.2byte	0x3a3
 1516 0b80 12       		.byte	0x12
 1517 0b81 8E0A0000 		.4byte	0xa8e
 1518 0b85 3C       		.byte	0x3c
 1519 0b86 01       		.uleb128 0x1
 1520 0b87 75030000 		.4byte	.LASF200
 1521 0b8b 0C       		.byte	0xc
 1522 0b8c A403     		.2byte	0x3a4
 1523 0b8e 12       		.byte	0x12
 1524 0b8f F4000000 		.4byte	0xf4
 1525 0b93 40       		.byte	0x40
 1526 0b94 01       		.uleb128 0x1
 1527 0b95 F1010000 		.4byte	.LASF201
 1528 0b99 0C       		.byte	0xc
 1529 0b9a A503     		.2byte	0x3a5
 1530 0b9c 12       		.byte	0x12
 1531 0b9d F4000000 		.4byte	0xf4
 1532 0ba1 44       		.byte	0x44
 1533 0ba2 01       		.uleb128 0x1
 1534 0ba3 D8000000 		.4byte	.LASF202
 1535 0ba7 0C       		.byte	0xc
 1536 0ba8 A603     		.2byte	0x3a6
 1537 0baa 12       		.byte	0x12
 1538 0bab F4000000 		.4byte	0xf4
 1539 0baf 48       		.byte	0x48
ARM GAS  /tmp/cc5rfSPY.s 			page 28


 1540 0bb0 01       		.uleb128 0x1
 1541 0bb1 6B030000 		.4byte	.LASF162
 1542 0bb5 0C       		.byte	0xc
 1543 0bb6 A703     		.2byte	0x3a7
 1544 0bb8 12       		.byte	0x12
 1545 0bb9 8E0A0000 		.4byte	0xa8e
 1546 0bbd 4C       		.byte	0x4c
 1547 0bbe 01       		.uleb128 0x1
 1548 0bbf 52040000 		.4byte	.LASF203
 1549 0bc3 0C       		.byte	0xc
 1550 0bc4 A803     		.2byte	0x3a8
 1551 0bc6 12       		.byte	0x12
 1552 0bc7 F4000000 		.4byte	0xf4
 1553 0bcb 50       		.byte	0x50
 1554 0bcc 01       		.uleb128 0x1
 1555 0bcd 95080000 		.4byte	.LASF204
 1556 0bd1 0C       		.byte	0xc
 1557 0bd2 A903     		.2byte	0x3a9
 1558 0bd4 12       		.byte	0x12
 1559 0bd5 F4000000 		.4byte	0xf4
 1560 0bd9 54       		.byte	0x54
 1561 0bda 01       		.uleb128 0x1
 1562 0bdb 63020000 		.4byte	.LASF205
 1563 0bdf 0C       		.byte	0xc
 1564 0be0 AA03     		.2byte	0x3aa
 1565 0be2 12       		.byte	0x12
 1566 0be3 F4000000 		.4byte	0xf4
 1567 0be7 58       		.byte	0x58
 1568 0be8 00       		.byte	0
 1569 0be9 12       		.uleb128 0x12
 1570 0bea D9050000 		.4byte	.LASF206
 1571 0bee 0C       		.byte	0xc
 1572 0bef AB03     		.2byte	0x3ab
 1573 0bf1 03       		.byte	0x3
 1574 0bf2 9E0A0000 		.4byte	0xa9e
 1575 0bf6 1B       		.uleb128 0x1b
 1576 0bf7 10       		.byte	0x10
 1577 0bf8 9105     		.2byte	0x591
 1578 0bfa 370C0000 		.4byte	0xc37
 1579 0bfe 01       		.uleb128 0x1
 1580 0bff 31080000 		.4byte	.LASF207
 1581 0c03 0C       		.byte	0xc
 1582 0c04 9305     		.2byte	0x593
 1583 0c06 12       		.byte	0x12
 1584 0c07 F4000000 		.4byte	0xf4
 1585 0c0b 00       		.byte	0
 1586 0c0c 01       		.uleb128 0x1
 1587 0c0d B7010000 		.4byte	.LASF208
 1588 0c11 0C       		.byte	0xc
 1589 0c12 9405     		.2byte	0x594
 1590 0c14 12       		.byte	0x12
 1591 0c15 F4000000 		.4byte	0xf4
 1592 0c19 04       		.byte	0x4
 1593 0c1a 01       		.uleb128 0x1
 1594 0c1b 49080000 		.4byte	.LASF209
 1595 0c1f 0C       		.byte	0xc
 1596 0c20 9505     		.2byte	0x595
ARM GAS  /tmp/cc5rfSPY.s 			page 29


 1597 0c22 12       		.byte	0x12
 1598 0c23 F4000000 		.4byte	0xf4
 1599 0c27 08       		.byte	0x8
 1600 0c28 01       		.uleb128 0x1
 1601 0c29 AB040000 		.4byte	.LASF210
 1602 0c2d 0C       		.byte	0xc
 1603 0c2e 9605     		.2byte	0x596
 1604 0c30 12       		.byte	0x12
 1605 0c31 F4000000 		.4byte	0xf4
 1606 0c35 0C       		.byte	0xc
 1607 0c36 00       		.byte	0
 1608 0c37 12       		.uleb128 0x12
 1609 0c38 DA0B0000 		.4byte	.LASF211
 1610 0c3c 0C       		.byte	0xc
 1611 0c3d 9705     		.2byte	0x597
 1612 0c3f 03       		.byte	0x3
 1613 0c40 F60B0000 		.4byte	0xbf6
 1614 0c44 14       		.uleb128 0x14
 1615 0c45 58040000 		.4byte	.LASF212
 1616 0c49 20       		.byte	0x20
 1617 0c4a 0D       		.byte	0xd
 1618 0c4b 9701     		.2byte	0x197
 1619 0c4d 08       		.byte	0x8
 1620 0c4e BE0C0000 		.4byte	0xcbe
 1621 0c52 05       		.uleb128 0x5
 1622 0c53 723000   		.ascii	"r0\000"
 1623 0c56 0D       		.byte	0xd
 1624 0c57 9801     		.2byte	0x198
 1625 0c59 11       		.byte	0x11
 1626 0c5a E8000000 		.4byte	0xe8
 1627 0c5e 00       		.byte	0
 1628 0c5f 05       		.uleb128 0x5
 1629 0c60 723100   		.ascii	"r1\000"
 1630 0c63 0D       		.byte	0xd
 1631 0c64 9901     		.2byte	0x199
 1632 0c66 11       		.byte	0x11
 1633 0c67 E8000000 		.4byte	0xe8
 1634 0c6b 04       		.byte	0x4
 1635 0c6c 05       		.uleb128 0x5
 1636 0c6d 723200   		.ascii	"r2\000"
 1637 0c70 0D       		.byte	0xd
 1638 0c71 9A01     		.2byte	0x19a
 1639 0c73 11       		.byte	0x11
 1640 0c74 E8000000 		.4byte	0xe8
 1641 0c78 08       		.byte	0x8
 1642 0c79 05       		.uleb128 0x5
 1643 0c7a 723300   		.ascii	"r3\000"
 1644 0c7d 0D       		.byte	0xd
 1645 0c7e 9B01     		.2byte	0x19b
 1646 0c80 11       		.byte	0x11
 1647 0c81 E8000000 		.4byte	0xe8
 1648 0c85 0C       		.byte	0xc
 1649 0c86 05       		.uleb128 0x5
 1650 0c87 72313200 		.ascii	"r12\000"
 1651 0c8b 0D       		.byte	0xd
 1652 0c8c 9C01     		.2byte	0x19c
 1653 0c8e 11       		.byte	0x11
ARM GAS  /tmp/cc5rfSPY.s 			page 30


 1654 0c8f E8000000 		.4byte	0xe8
 1655 0c93 10       		.byte	0x10
 1656 0c94 01       		.uleb128 0x1
 1657 0c95 A4040000 		.4byte	.LASF213
 1658 0c99 0D       		.byte	0xd
 1659 0c9a 9D01     		.2byte	0x19d
 1660 0c9c 11       		.byte	0x11
 1661 0c9d E8000000 		.4byte	0xe8
 1662 0ca1 14       		.byte	0x14
 1663 0ca2 05       		.uleb128 0x5
 1664 0ca3 706300   		.ascii	"pc\000"
 1665 0ca6 0D       		.byte	0xd
 1666 0ca7 9E01     		.2byte	0x19e
 1667 0ca9 11       		.byte	0x11
 1668 0caa E8000000 		.4byte	0xe8
 1669 0cae 18       		.byte	0x18
 1670 0caf 01       		.uleb128 0x1
 1671 0cb0 220A0000 		.4byte	.LASF214
 1672 0cb4 0D       		.byte	0xd
 1673 0cb5 9F01     		.2byte	0x19f
 1674 0cb7 11       		.byte	0x11
 1675 0cb8 E8000000 		.4byte	0xe8
 1676 0cbc 1C       		.byte	0x1c
 1677 0cbd 00       		.byte	0
 1678 0cbe 14       		.uleb128 0x14
 1679 0cbf 08080000 		.4byte	.LASF215
 1680 0cc3 24       		.byte	0x24
 1681 0cc4 0D       		.byte	0xd
 1682 0cc5 BB01     		.2byte	0x1bb
 1683 0cc7 08       		.byte	0x8
 1684 0cc8 440D0000 		.4byte	0xd44
 1685 0ccc 05       		.uleb128 0x5
 1686 0ccd 723400   		.ascii	"r4\000"
 1687 0cd0 0D       		.byte	0xd
 1688 0cd1 CE01     		.2byte	0x1ce
 1689 0cd3 11       		.byte	0x11
 1690 0cd4 E8000000 		.4byte	0xe8
 1691 0cd8 00       		.byte	0
 1692 0cd9 05       		.uleb128 0x5
 1693 0cda 723500   		.ascii	"r5\000"
 1694 0cdd 0D       		.byte	0xd
 1695 0cde CF01     		.2byte	0x1cf
 1696 0ce0 11       		.byte	0x11
 1697 0ce1 E8000000 		.4byte	0xe8
 1698 0ce5 04       		.byte	0x4
 1699 0ce6 05       		.uleb128 0x5
 1700 0ce7 723600   		.ascii	"r6\000"
 1701 0cea 0D       		.byte	0xd
 1702 0ceb D001     		.2byte	0x1d0
 1703 0ced 11       		.byte	0x11
 1704 0cee E8000000 		.4byte	0xe8
 1705 0cf2 08       		.byte	0x8
 1706 0cf3 05       		.uleb128 0x5
 1707 0cf4 723700   		.ascii	"r7\000"
 1708 0cf7 0D       		.byte	0xd
 1709 0cf8 D101     		.2byte	0x1d1
 1710 0cfa 11       		.byte	0x11
ARM GAS  /tmp/cc5rfSPY.s 			page 31


 1711 0cfb E8000000 		.4byte	0xe8
 1712 0cff 0C       		.byte	0xc
 1713 0d00 05       		.uleb128 0x5
 1714 0d01 723800   		.ascii	"r8\000"
 1715 0d04 0D       		.byte	0xd
 1716 0d05 D201     		.2byte	0x1d2
 1717 0d07 11       		.byte	0x11
 1718 0d08 E8000000 		.4byte	0xe8
 1719 0d0c 10       		.byte	0x10
 1720 0d0d 05       		.uleb128 0x5
 1721 0d0e 723900   		.ascii	"r9\000"
 1722 0d11 0D       		.byte	0xd
 1723 0d12 D301     		.2byte	0x1d3
 1724 0d14 11       		.byte	0x11
 1725 0d15 E8000000 		.4byte	0xe8
 1726 0d19 14       		.byte	0x14
 1727 0d1a 05       		.uleb128 0x5
 1728 0d1b 72313000 		.ascii	"r10\000"
 1729 0d1f 0D       		.byte	0xd
 1730 0d20 D401     		.2byte	0x1d4
 1731 0d22 11       		.byte	0x11
 1732 0d23 E8000000 		.4byte	0xe8
 1733 0d27 18       		.byte	0x18
 1734 0d28 05       		.uleb128 0x5
 1735 0d29 72313100 		.ascii	"r11\000"
 1736 0d2d 0D       		.byte	0xd
 1737 0d2e D501     		.2byte	0x1d5
 1738 0d30 11       		.byte	0x11
 1739 0d31 E8000000 		.4byte	0xe8
 1740 0d35 1C       		.byte	0x1c
 1741 0d36 05       		.uleb128 0x5
 1742 0d37 6C7200   		.ascii	"lr\000"
 1743 0d3a 0D       		.byte	0xd
 1744 0d3b D601     		.2byte	0x1d6
 1745 0d3d 11       		.byte	0x11
 1746 0d3e E8000000 		.4byte	0xe8
 1747 0d42 20       		.byte	0x20
 1748 0d43 00       		.byte	0
 1749 0d44 14       		.uleb128 0x14
 1750 0d45 0A0B0000 		.4byte	.LASF216
 1751 0d49 04       		.byte	0x4
 1752 0d4a 0D       		.byte	0xd
 1753 0d4b DF01     		.2byte	0x1df
 1754 0d4d 08       		.byte	0x8
 1755 0d4e 600D0000 		.4byte	0xd60
 1756 0d52 05       		.uleb128 0x5
 1757 0d53 737000   		.ascii	"sp\000"
 1758 0d56 0D       		.byte	0xd
 1759 0d57 E001     		.2byte	0x1e0
 1760 0d59 1A       		.byte	0x1a
 1761 0d5a 600D0000 		.4byte	0xd60
 1762 0d5e 00       		.byte	0
 1763 0d5f 00       		.byte	0
 1764 0d60 06       		.uleb128 0x6
 1765 0d61 BE0C0000 		.4byte	0xcbe
 1766 0d65 09       		.uleb128 0x9
 1767 0d66 70000000 		.4byte	.LASF217
ARM GAS  /tmp/cc5rfSPY.s 			page 32


 1768 0d6a 18       		.byte	0x18
 1769 0d6b 05       		.byte	0x5
 1770 0d6c 64       		.byte	0x64
 1771 0d6d 10       		.byte	0x10
 1772 0d6e 9A0D0000 		.4byte	0xd9a
 1773 0d72 04       		.uleb128 0x4
 1774 0d73 89070000 		.4byte	.LASF218
 1775 0d77 05       		.byte	0x5
 1776 0d78 68       		.byte	0x68
 1777 0d79 21       		.byte	0x21
 1778 0d7a 54040000 		.4byte	0x454
 1779 0d7e 00       		.byte	0
 1780 0d7f 04       		.uleb128 0x4
 1781 0d80 D6020000 		.4byte	.LASF219
 1782 0d84 05       		.byte	0x5
 1783 0d85 73       		.byte	0x73
 1784 0d86 21       		.byte	0x21
 1785 0d87 91030000 		.4byte	0x391
 1786 0d8b 0C       		.byte	0xc
 1787 0d8c 04       		.uleb128 0x4
 1788 0d8d FF010000 		.4byte	.LASF220
 1789 0d91 05       		.byte	0x5
 1790 0d92 79       		.byte	0x79
 1791 0d93 21       		.byte	0x21
 1792 0d94 0A010000 		.4byte	0x10a
 1793 0d98 10       		.byte	0x10
 1794 0d99 00       		.byte	0
 1795 0d9a 03       		.uleb128 0x3
 1796 0d9b 06060000 		.4byte	.LASF221
 1797 0d9f 05       		.byte	0x5
 1798 0da0 7B       		.byte	0x7b
 1799 0da1 03       		.byte	0x3
 1800 0da2 650D0000 		.4byte	0xd65
 1801 0da6 09       		.uleb128 0x9
 1802 0da7 39010000 		.4byte	.LASF222
 1803 0dab 08       		.byte	0x8
 1804 0dac 05       		.byte	0x5
 1805 0dad 80       		.byte	0x80
 1806 0dae 10       		.byte	0x10
 1807 0daf C10D0000 		.4byte	0xdc1
 1808 0db3 04       		.uleb128 0x4
 1809 0db4 30090000 		.4byte	.LASF223
 1810 0db8 05       		.byte	0x5
 1811 0db9 84       		.byte	0x84
 1812 0dba 21       		.byte	0x21
 1813 0dbb D5030000 		.4byte	0x3d5
 1814 0dbf 00       		.byte	0
 1815 0dc0 00       		.byte	0
 1816 0dc1 03       		.uleb128 0x3
 1817 0dc2 87000000 		.4byte	.LASF224
 1818 0dc6 05       		.byte	0x5
 1819 0dc7 85       		.byte	0x85
 1820 0dc8 03       		.byte	0x3
 1821 0dc9 A60D0000 		.4byte	0xda6
 1822 0dcd 03       		.uleb128 0x3
 1823 0dce DF070000 		.4byte	.LASF225
 1824 0dd2 05       		.byte	0x5
ARM GAS  /tmp/cc5rfSPY.s 			page 33


 1825 0dd3 8A       		.byte	0x8a
 1826 0dd4 14       		.byte	0x14
 1827 0dd5 BD040000 		.4byte	0x4bd
 1828 0dd9 18       		.uleb128 0x18
 1829 0dda 0C       		.byte	0xc
 1830 0ddb 05       		.byte	0x5
 1831 0ddc A0       		.byte	0xa0
 1832 0ddd 060E0000 		.4byte	0xe06
 1833 0de1 0F       		.uleb128 0xf
 1834 0de2 64070000 		.4byte	.LASF226
 1835 0de6 05       		.byte	0x5
 1836 0de7 A4       		.byte	0xa4
 1837 0de8 21       		.byte	0x21
 1838 0de9 A9030000 		.4byte	0x3a9
 1839 0ded 0F       		.uleb128 0xf
 1840 0dee 30090000 		.4byte	.LASF223
 1841 0df2 05       		.byte	0x5
 1842 0df3 A8       		.byte	0xa8
 1843 0df4 21       		.byte	0x21
 1844 0df5 D5030000 		.4byte	0x3d5
 1845 0df9 0F       		.uleb128 0xf
 1846 0dfa EA090000 		.4byte	.LASF227
 1847 0dfe 05       		.byte	0x5
 1848 0dff AC       		.byte	0xac
 1849 0e00 21       		.byte	0x21
 1850 0e01 0E040000 		.4byte	0x40e
 1851 0e05 00       		.byte	0
 1852 0e06 18       		.uleb128 0x18
 1853 0e07 04       		.byte	0x4
 1854 0e08 05       		.byte	0x5
 1855 0e09 F0       		.byte	0xf0
 1856 0e0a 6F0E0000 		.4byte	0xe6f
 1857 0e0e 0F       		.uleb128 0xf
 1858 0e0f 440B0000 		.4byte	.LASF228
 1859 0e13 05       		.byte	0x5
 1860 0e14 F7       		.byte	0xf7
 1861 0e15 21       		.byte	0x21
 1862 0e16 57010000 		.4byte	0x157
 1863 0e1a 0F       		.uleb128 0xf
 1864 0e1b 56010000 		.4byte	.LASF229
 1865 0e1f 05       		.byte	0x5
 1866 0e20 FE       		.byte	0xfe
 1867 0e21 21       		.byte	0x21
 1868 0e22 57010000 		.4byte	0x157
 1869 0e26 13       		.uleb128 0x13
 1870 0e27 1A040000 		.4byte	.LASF80
 1871 0e2b 0501     		.2byte	0x105
 1872 0e2d 22       		.byte	0x22
 1873 0e2e A7000000 		.4byte	0xa7
 1874 0e32 13       		.uleb128 0x13
 1875 0e33 76020000 		.4byte	.LASF230
 1876 0e37 0C01     		.2byte	0x10c
 1877 0e39 22       		.byte	0x22
 1878 0e3a 6F0E0000 		.4byte	0xe6f
 1879 0e3e 13       		.uleb128 0x13
 1880 0e3f 00080000 		.4byte	.LASF231
 1881 0e43 1101     		.2byte	0x111
ARM GAS  /tmp/cc5rfSPY.s 			page 34


 1882 0e45 21       		.byte	0x21
 1883 0e46 57010000 		.4byte	0x157
 1884 0e4a 13       		.uleb128 0x13
 1885 0e4b 44000000 		.4byte	.LASF232
 1886 0e4f 1A01     		.2byte	0x11a
 1887 0e51 22       		.byte	0x22
 1888 0e52 9C0E0000 		.4byte	0xe9c
 1889 0e56 13       		.uleb128 0x13
 1890 0e57 F1040000 		.4byte	.LASF233
 1891 0e5b 2301     		.2byte	0x123
 1892 0e5d 22       		.byte	0x22
 1893 0e5e D60E0000 		.4byte	0xed6
 1894 0e62 13       		.uleb128 0x13
 1895 0e63 31020000 		.4byte	.LASF234
 1896 0e67 2B01     		.2byte	0x12b
 1897 0e69 21       		.byte	0x21
 1898 0e6a 63010000 		.4byte	0x163
 1899 0e6e 00       		.byte	0
 1900 0e6f 06       		.uleb128 0x6
 1901 0e70 CD0D0000 		.4byte	0xdcd
 1902 0e74 09       		.uleb128 0x9
 1903 0e75 CC050000 		.4byte	.LASF235
 1904 0e79 0C       		.byte	0xc
 1905 0e7a 0E       		.byte	0xe
 1906 0e7b 34       		.byte	0x34
 1907 0e7c 10       		.byte	0x10
 1908 0e7d 9C0E0000 		.4byte	0xe9c
 1909 0e81 04       		.uleb128 0x4
 1910 0e82 30090000 		.4byte	.LASF223
 1911 0e86 0E       		.byte	0xe
 1912 0e87 35       		.byte	0x35
 1913 0e88 19       		.byte	0x19
 1914 0e89 D5030000 		.4byte	0x3d5
 1915 0e8d 00       		.byte	0
 1916 0e8e 0C       		.uleb128 0xc
 1917 0e8f 636E7400 		.ascii	"cnt\000"
 1918 0e93 0E       		.byte	0xe
 1919 0e94 37       		.byte	0x37
 1920 0e95 19       		.byte	0x19
 1921 0e96 6F010000 		.4byte	0x16f
 1922 0e9a 08       		.byte	0x8
 1923 0e9b 00       		.byte	0
 1924 0e9c 06       		.uleb128 0x6
 1925 0e9d 740E0000 		.4byte	0xe74
 1926 0ea1 09       		.uleb128 0x9
 1927 0ea2 890A0000 		.4byte	.LASF236
 1928 0ea6 10       		.byte	0x10
 1929 0ea7 0F       		.byte	0xf
 1930 0ea8 39       		.byte	0x39
 1931 0ea9 08       		.byte	0x8
 1932 0eaa D60E0000 		.4byte	0xed6
 1933 0eae 04       		.uleb128 0x4
 1934 0eaf 30090000 		.4byte	.LASF223
 1935 0eb3 0F       		.byte	0xf
 1936 0eb4 3A       		.byte	0x3a
 1937 0eb5 19       		.byte	0x19
 1938 0eb6 D5030000 		.4byte	0x3d5
ARM GAS  /tmp/cc5rfSPY.s 			page 35


 1939 0eba 00       		.byte	0
 1940 0ebb 04       		.uleb128 0x4
 1941 0ebc 55000000 		.4byte	.LASF33
 1942 0ec0 0F       		.byte	0xf
 1943 0ec1 3C       		.byte	0x3c
 1944 0ec2 1A       		.byte	0x1a
 1945 0ec3 BD040000 		.4byte	0x4bd
 1946 0ec7 08       		.byte	0x8
 1947 0ec8 04       		.uleb128 0x4
 1948 0ec9 E90B0000 		.4byte	.LASF70
 1949 0ecd 0F       		.byte	0xf
 1950 0ece 3E       		.byte	0x3e
 1951 0ecf 1A       		.byte	0x1a
 1952 0ed0 950F0000 		.4byte	0xf95
 1953 0ed4 0C       		.byte	0xc
 1954 0ed5 00       		.byte	0
 1955 0ed6 06       		.uleb128 0x6
 1956 0ed7 A10E0000 		.4byte	0xea1
 1957 0edb 06       		.uleb128 0x6
 1958 0edc 83020000 		.4byte	0x283
 1959 0ee0 06       		.uleb128 0x6
 1960 0ee1 1B010000 		.4byte	0x11b
 1961 0ee5 14       		.uleb128 0x14
 1962 0ee6 F8040000 		.4byte	.LASF237
 1963 0eea 10       		.byte	0x10
 1964 0eeb 05       		.byte	0x5
 1965 0eec 6101     		.2byte	0x161
 1966 0eee 10       		.byte	0x10
 1967 0eef 100F0000 		.4byte	0xf10
 1968 0ef3 01       		.uleb128 0x1
 1969 0ef4 EA090000 		.4byte	.LASF227
 1970 0ef8 05       		.byte	0x5
 1971 0ef9 6601     		.2byte	0x166
 1972 0efb 21       		.byte	0x21
 1973 0efc 0E040000 		.4byte	0x40e
 1974 0f00 00       		.byte	0
 1975 0f01 01       		.uleb128 0x1
 1976 0f02 64040000 		.4byte	.LASF238
 1977 0f06 05       		.byte	0x5
 1978 0f07 6A01     		.2byte	0x16a
 1979 0f09 22       		.byte	0x22
 1980 0f0a BD040000 		.4byte	0x4bd
 1981 0f0e 0C       		.byte	0xc
 1982 0f0f 00       		.byte	0
 1983 0f10 12       		.uleb128 0x12
 1984 0f11 2E060000 		.4byte	.LASF239
 1985 0f15 05       		.byte	0x5
 1986 0f16 6B01     		.2byte	0x16b
 1987 0f18 03       		.byte	0x3
 1988 0f19 E50E0000 		.4byte	0xee5
 1989 0f1d 14       		.uleb128 0x14
 1990 0f1e 270A0000 		.4byte	.LASF240
 1991 0f22 14       		.byte	0x14
 1992 0f23 05       		.byte	0x5
 1993 0f24 7001     		.2byte	0x170
 1994 0f26 10       		.byte	0x10
 1995 0f27 720F0000 		.4byte	0xf72
ARM GAS  /tmp/cc5rfSPY.s 			page 36


 1996 0f2b 01       		.uleb128 0x1
 1997 0f2c 080A0000 		.4byte	.LASF34
 1998 0f30 05       		.byte	0x5
 1999 0f31 7401     		.2byte	0x174
 2000 0f33 22       		.byte	0x22
 2001 0f34 B5000000 		.4byte	0xb5
 2002 0f38 00       		.byte	0
 2003 0f39 01       		.uleb128 0x1
 2004 0f3a D5080000 		.4byte	.LASF241
 2005 0f3e 05       		.byte	0x5
 2006 0f3f 7A01     		.2byte	0x17a
 2007 0f41 22       		.byte	0x22
 2008 0f42 E00E0000 		.4byte	0xee0
 2009 0f46 04       		.byte	0x4
 2010 0f47 01       		.uleb128 0x1
 2011 0f48 72040000 		.4byte	.LASF242
 2012 0f4c 05       		.byte	0x5
 2013 0f4d 7E01     		.2byte	0x17e
 2014 0f4f 22       		.byte	0x22
 2015 0f50 E00E0000 		.4byte	0xee0
 2016 0f54 08       		.byte	0x8
 2017 0f55 01       		.uleb128 0x1
 2018 0f56 B30B0000 		.4byte	.LASF243
 2019 0f5a 05       		.byte	0x5
 2020 0f5b 8401     		.2byte	0x184
 2021 0f5d 22       		.byte	0x22
 2022 0f5e E00E0000 		.4byte	0xee0
 2023 0f62 0C       		.byte	0xc
 2024 0f63 01       		.uleb128 0x1
 2025 0f64 C4070000 		.4byte	.LASF244
 2026 0f68 05       		.byte	0x5
 2027 0f69 8801     		.2byte	0x188
 2028 0f6b 22       		.byte	0x22
 2029 0f6c E00E0000 		.4byte	0xee0
 2030 0f70 10       		.byte	0x10
 2031 0f71 00       		.byte	0
 2032 0f72 12       		.uleb128 0x12
 2033 0f73 470A0000 		.4byte	.LASF245
 2034 0f77 05       		.byte	0x5
 2035 0f78 8A01     		.2byte	0x18a
 2036 0f7a 03       		.byte	0x3
 2037 0f7b 1D0F0000 		.4byte	0xf1d
 2038 0f7f 10       		.uleb128 0x10
 2039 0f80 720F0000 		.4byte	0xf72
 2040 0f84 06       		.uleb128 0x6
 2041 0f85 7F0F0000 		.4byte	0xf7f
 2042 0f89 03       		.uleb128 0x3
 2043 0f8a FA0A0000 		.4byte	.LASF246
 2044 0f8e 0F       		.byte	0xf
 2045 0f8f 34       		.byte	0x34
 2046 0f90 19       		.byte	0x19
 2047 0f91 A10E0000 		.4byte	0xea1
 2048 0f95 06       		.uleb128 0x6
 2049 0f96 890F0000 		.4byte	0xf89
 2050 0f9a 07       		.uleb128 0x7
 2051 0f9b 01       		.byte	0x1
 2052 0f9c 02       		.byte	0x2
ARM GAS  /tmp/cc5rfSPY.s 			page 37


 2053 0f9d 5F030000 		.4byte	.LASF247
 2054 0fa1 1D       		.uleb128 0x1d
 2055 0fa2 050C0000 		.4byte	.LASF248
 2056 0fa6 8302     		.2byte	0x283
 2057 0fa8 1D       		.uleb128 0x1d
 2058 0fa9 200B0000 		.4byte	.LASF249
 2059 0fad 8202     		.2byte	0x282
 2060 0faf 2A       		.uleb128 0x2a
 2061 0fb0 B1040000 		.4byte	.LASF275
 2062 0fb4 12       		.byte	0x12
 2063 0fb5 9C       		.byte	0x9c
 2064 0fb6 08       		.byte	0x8
 2065 0fb7 9A0F0000 		.4byte	0xf9a
 2066 0fbb 1C       		.uleb128 0x1c
 2067 0fbc 01090000 		.4byte	.LASF251
 2068 0fc0 B4       		.byte	0xb4
 2069 0fc1 DF0F0000 		.4byte	0xfdf
 2070 0fc5 2B       		.uleb128 0x2b
 2071 0fc6 1E       		.uleb128 0x1e
 2072 0fc7 2D040000 		.4byte	.LASF250
 2073 0fcb 10       		.byte	0x10
 2074 0fcc B8       		.byte	0xb8
 2075 0fcd 19       		.byte	0x19
 2076 0fce DF0F0000 		.4byte	0xfdf
 2077 0fd2 1F       		.uleb128 0x1f
 2078 0fd3 70737000 		.ascii	"psp\000"
 2079 0fd7 B9       		.byte	0xb9
 2080 0fd8 0E       		.byte	0xe
 2081 0fd9 E8000000 		.4byte	0xe8
 2082 0fdd 00       		.byte	0
 2083 0fde 00       		.byte	0
 2084 0fdf 06       		.uleb128 0x6
 2085 0fe0 440C0000 		.4byte	0xc44
 2086 0fe4 1C       		.uleb128 0x1c
 2087 0fe5 10040000 		.4byte	.LASF252
 2088 0fe9 7A       		.byte	0x7a
 2089 0fea FB0F0000 		.4byte	0xffb
 2090 0fee 2C       		.uleb128 0x2c
 2091 0fef 6F697000 		.ascii	"oip\000"
 2092 0ff3 10       		.byte	0x10
 2093 0ff4 7A       		.byte	0x7a
 2094 0ff5 1F       		.byte	0x1f
 2095 0ff6 DB0E0000 		.4byte	0xedb
 2096 0ffa 00       		.byte	0
 2097 0ffb 1C       		.uleb128 0x1c
 2098 0ffc A70B0000 		.4byte	.LASF253
 2099 1000 40       		.byte	0x40
 2100 1001 11100000 		.4byte	0x1011
 2101 1005 1F       		.uleb128 0x1f
 2102 1006 70737000 		.ascii	"psp\000"
 2103 100a 42       		.byte	0x42
 2104 100b 0C       		.byte	0xc
 2105 100c E8000000 		.4byte	0xe8
 2106 1010 00       		.byte	0
 2107 1011 15       		.uleb128 0x15
 2108 1012 56020000 		.4byte	.LASF254
 2109 1016 0503     		.2byte	0x305
ARM GAS  /tmp/cc5rfSPY.s 			page 38


 2110 1018 15       		.uleb128 0x15
 2111 1019 14080000 		.4byte	.LASF255
 2112 101d F102     		.2byte	0x2f1
 2113 101f 15       		.uleb128 0x15
 2114 1020 BD060000 		.4byte	.LASF256
 2115 1024 E602     		.2byte	0x2e6
 2116 1026 15       		.uleb128 0x15
 2117 1027 93010000 		.4byte	.LASF257
 2118 102b D702     		.2byte	0x2d7
 2119 102d 15       		.uleb128 0x15
 2120 102e 0D0A0000 		.4byte	.LASF258
 2121 1032 BF02     		.2byte	0x2bf
 2122 1034 17       		.uleb128 0x17
 2123 1035 DF020000 		.4byte	.LASF261
 2124 1039 0C       		.byte	0xc
 2125 103a 1807     		.2byte	0x718
 2126 103c 16       		.byte	0x16
 2127 103d 5C100000 		.4byte	0x105c
 2128 1041 16       		.uleb128 0x16
 2129 1042 8F070000 		.4byte	.LASF259
 2130 1046 0C       		.byte	0xc
 2131 1047 1807     		.2byte	0x718
 2132 1049 33       		.byte	0x33
 2133 104a B1070000 		.4byte	0x7b1
 2134 104e 16       		.uleb128 0x16
 2135 104f 800A0000 		.4byte	.LASF260
 2136 1053 0C       		.byte	0xc
 2137 1054 1807     		.2byte	0x718
 2138 1056 42       		.byte	0x42
 2139 1057 E8000000 		.4byte	0xe8
 2140 105b 00       		.byte	0
 2141 105c 17       		.uleb128 0x17
 2142 105d A9000000 		.4byte	.LASF262
 2143 1061 0C       		.byte	0xc
 2144 1062 7906     		.2byte	0x679
 2145 1064 16       		.byte	0x16
 2146 1065 8D100000 		.4byte	0x108d
 2147 1069 16       		.uleb128 0x16
 2148 106a 6E090000 		.4byte	.LASF263
 2149 106e 0C       		.byte	0xc
 2150 106f 7906     		.2byte	0x679
 2151 1071 3A       		.byte	0x3a
 2152 1072 E8000000 		.4byte	0xe8
 2153 1076 20       		.uleb128 0x20
 2154 1077 4F080000 		.4byte	.LASF264
 2155 107b 7B06     		.2byte	0x67b
 2156 107d E8000000 		.4byte	0xe8
 2157 1081 20       		.uleb128 0x20
 2158 1082 94070000 		.4byte	.LASF265
 2159 1086 7C06     		.2byte	0x67c
 2160 1088 E8000000 		.4byte	0xe8
 2161 108c 00       		.byte	0
 2162 108d 17       		.uleb128 0x17
 2163 108e 60090000 		.4byte	.LASF266
 2164 1092 11       		.byte	0x11
 2165 1093 EB01     		.2byte	0x1eb
 2166 1095 1B       		.byte	0x1b
ARM GAS  /tmp/cc5rfSPY.s 			page 39


 2167 1096 A8100000 		.4byte	0x10a8
 2168 109a 16       		.uleb128 0x16
 2169 109b 22010000 		.4byte	.LASF267
 2170 109f 11       		.byte	0x11
 2171 10a0 EB01     		.2byte	0x1eb
 2172 10a2 32       		.byte	0x32
 2173 10a3 E8000000 		.4byte	0xe8
 2174 10a7 00       		.byte	0
 2175 10a8 17       		.uleb128 0x17
 2176 10a9 69010000 		.4byte	.LASF268
 2177 10ad 11       		.byte	0x11
 2178 10ae 1501     		.2byte	0x115
 2179 10b0 1B       		.byte	0x1b
 2180 10b1 C3100000 		.4byte	0x10c3
 2181 10b5 16       		.uleb128 0x16
 2182 10b6 A5070000 		.4byte	.LASF269
 2183 10ba 11       		.byte	0x11
 2184 10bb 1501     		.2byte	0x115
 2185 10bd 2E       		.byte	0x2e
 2186 10be E8000000 		.4byte	0xe8
 2187 10c2 00       		.byte	0
 2188 10c3 2D       		.uleb128 0x2d
 2189 10c4 1B020000 		.4byte	.LASF276
 2190 10c8 11       		.byte	0x11
 2191 10c9 F7       		.byte	0xf7
 2192 10ca 1F       		.byte	0x1f
 2193 10cb E8000000 		.4byte	0xe8
 2194 10cf E0100000 		.4byte	0x10e0
 2195 10d3 1E       		.uleb128 0x1e
 2196 10d4 7D010000 		.4byte	.LASF270
 2197 10d8 11       		.byte	0x11
 2198 10d9 F9       		.byte	0xf9
 2199 10da 0C       		.byte	0xc
 2200 10db E8000000 		.4byte	0xe8
 2201 10df 00       		.byte	0
 2202 10e0 2E       		.uleb128 0x2e
 2203 10e1 97040000 		.4byte	.LASF271
 2204 10e5 11       		.byte	0x11
 2205 10e6 81       		.byte	0x81
 2206 10e7 1B       		.byte	0x1b
 2207 10e8 00       		.byte	0
 2208              		.section	.gnu.debuglto_.debug_abbrev,"e",%progbits
 2209              	.Ldebug_abbrev0:
 2210 0000 01       		.uleb128 0x1
 2211 0001 0D       		.uleb128 0xd
 2212 0002 00       		.byte	0
 2213 0003 03       		.uleb128 0x3
 2214 0004 0E       		.uleb128 0xe
 2215 0005 3A       		.uleb128 0x3a
 2216 0006 0B       		.uleb128 0xb
 2217 0007 3B       		.uleb128 0x3b
 2218 0008 05       		.uleb128 0x5
 2219 0009 39       		.uleb128 0x39
 2220 000a 0B       		.uleb128 0xb
 2221 000b 49       		.uleb128 0x49
 2222 000c 13       		.uleb128 0x13
 2223 000d 38       		.uleb128 0x38
ARM GAS  /tmp/cc5rfSPY.s 			page 40


 2224 000e 0B       		.uleb128 0xb
 2225 000f 00       		.byte	0
 2226 0010 00       		.byte	0
 2227 0011 02       		.uleb128 0x2
 2228 0012 28       		.uleb128 0x28
 2229 0013 00       		.byte	0
 2230 0014 03       		.uleb128 0x3
 2231 0015 0E       		.uleb128 0xe
 2232 0016 1C       		.uleb128 0x1c
 2233 0017 0B       		.uleb128 0xb
 2234 0018 00       		.byte	0
 2235 0019 00       		.byte	0
 2236 001a 03       		.uleb128 0x3
 2237 001b 16       		.uleb128 0x16
 2238 001c 00       		.byte	0
 2239 001d 03       		.uleb128 0x3
 2240 001e 0E       		.uleb128 0xe
 2241 001f 3A       		.uleb128 0x3a
 2242 0020 0B       		.uleb128 0xb
 2243 0021 3B       		.uleb128 0x3b
 2244 0022 0B       		.uleb128 0xb
 2245 0023 39       		.uleb128 0x39
 2246 0024 0B       		.uleb128 0xb
 2247 0025 49       		.uleb128 0x49
 2248 0026 13       		.uleb128 0x13
 2249 0027 00       		.byte	0
 2250 0028 00       		.byte	0
 2251 0029 04       		.uleb128 0x4
 2252 002a 0D       		.uleb128 0xd
 2253 002b 00       		.byte	0
 2254 002c 03       		.uleb128 0x3
 2255 002d 0E       		.uleb128 0xe
 2256 002e 3A       		.uleb128 0x3a
 2257 002f 0B       		.uleb128 0xb
 2258 0030 3B       		.uleb128 0x3b
 2259 0031 0B       		.uleb128 0xb
 2260 0032 39       		.uleb128 0x39
 2261 0033 0B       		.uleb128 0xb
 2262 0034 49       		.uleb128 0x49
 2263 0035 13       		.uleb128 0x13
 2264 0036 38       		.uleb128 0x38
 2265 0037 0B       		.uleb128 0xb
 2266 0038 00       		.byte	0
 2267 0039 00       		.byte	0
 2268 003a 05       		.uleb128 0x5
 2269 003b 0D       		.uleb128 0xd
 2270 003c 00       		.byte	0
 2271 003d 03       		.uleb128 0x3
 2272 003e 08       		.uleb128 0x8
 2273 003f 3A       		.uleb128 0x3a
 2274 0040 0B       		.uleb128 0xb
 2275 0041 3B       		.uleb128 0x3b
 2276 0042 05       		.uleb128 0x5
 2277 0043 39       		.uleb128 0x39
 2278 0044 0B       		.uleb128 0xb
 2279 0045 49       		.uleb128 0x49
 2280 0046 13       		.uleb128 0x13
ARM GAS  /tmp/cc5rfSPY.s 			page 41


 2281 0047 38       		.uleb128 0x38
 2282 0048 0B       		.uleb128 0xb
 2283 0049 00       		.byte	0
 2284 004a 00       		.byte	0
 2285 004b 06       		.uleb128 0x6
 2286 004c 0F       		.uleb128 0xf
 2287 004d 00       		.byte	0
 2288 004e 0B       		.uleb128 0xb
 2289 004f 21       		.uleb128 0x21
 2290 0050 04       		.sleb128 4
 2291 0051 49       		.uleb128 0x49
 2292 0052 13       		.uleb128 0x13
 2293 0053 00       		.byte	0
 2294 0054 00       		.byte	0
 2295 0055 07       		.uleb128 0x7
 2296 0056 24       		.uleb128 0x24
 2297 0057 00       		.byte	0
 2298 0058 0B       		.uleb128 0xb
 2299 0059 0B       		.uleb128 0xb
 2300 005a 3E       		.uleb128 0x3e
 2301 005b 0B       		.uleb128 0xb
 2302 005c 03       		.uleb128 0x3
 2303 005d 0E       		.uleb128 0xe
 2304 005e 00       		.byte	0
 2305 005f 00       		.byte	0
 2306 0060 08       		.uleb128 0x8
 2307 0061 01       		.uleb128 0x1
 2308 0062 01       		.byte	0x1
 2309 0063 49       		.uleb128 0x49
 2310 0064 13       		.uleb128 0x13
 2311 0065 01       		.uleb128 0x1
 2312 0066 13       		.uleb128 0x13
 2313 0067 00       		.byte	0
 2314 0068 00       		.byte	0
 2315 0069 09       		.uleb128 0x9
 2316 006a 13       		.uleb128 0x13
 2317 006b 01       		.byte	0x1
 2318 006c 03       		.uleb128 0x3
 2319 006d 0E       		.uleb128 0xe
 2320 006e 0B       		.uleb128 0xb
 2321 006f 0B       		.uleb128 0xb
 2322 0070 3A       		.uleb128 0x3a
 2323 0071 0B       		.uleb128 0xb
 2324 0072 3B       		.uleb128 0x3b
 2325 0073 0B       		.uleb128 0xb
 2326 0074 39       		.uleb128 0x39
 2327 0075 0B       		.uleb128 0xb
 2328 0076 01       		.uleb128 0x1
 2329 0077 13       		.uleb128 0x13
 2330 0078 00       		.byte	0
 2331 0079 00       		.byte	0
 2332 007a 0A       		.uleb128 0xa
 2333 007b 21       		.uleb128 0x21
 2334 007c 00       		.byte	0
 2335 007d 49       		.uleb128 0x49
 2336 007e 13       		.uleb128 0x13
 2337 007f 2F       		.uleb128 0x2f
ARM GAS  /tmp/cc5rfSPY.s 			page 42


 2338 0080 0B       		.uleb128 0xb
 2339 0081 00       		.byte	0
 2340 0082 00       		.byte	0
 2341 0083 0B       		.uleb128 0xb
 2342 0084 35       		.uleb128 0x35
 2343 0085 00       		.byte	0
 2344 0086 49       		.uleb128 0x49
 2345 0087 13       		.uleb128 0x13
 2346 0088 00       		.byte	0
 2347 0089 00       		.byte	0
 2348 008a 0C       		.uleb128 0xc
 2349 008b 0D       		.uleb128 0xd
 2350 008c 00       		.byte	0
 2351 008d 03       		.uleb128 0x3
 2352 008e 08       		.uleb128 0x8
 2353 008f 3A       		.uleb128 0x3a
 2354 0090 0B       		.uleb128 0xb
 2355 0091 3B       		.uleb128 0x3b
 2356 0092 0B       		.uleb128 0xb
 2357 0093 39       		.uleb128 0x39
 2358 0094 0B       		.uleb128 0xb
 2359 0095 49       		.uleb128 0x49
 2360 0096 13       		.uleb128 0x13
 2361 0097 38       		.uleb128 0x38
 2362 0098 0B       		.uleb128 0xb
 2363 0099 00       		.byte	0
 2364 009a 00       		.byte	0
 2365 009b 0D       		.uleb128 0xd
 2366 009c 28       		.uleb128 0x28
 2367 009d 00       		.byte	0
 2368 009e 03       		.uleb128 0x3
 2369 009f 0E       		.uleb128 0xe
 2370 00a0 1C       		.uleb128 0x1c
 2371 00a1 0D       		.uleb128 0xd
 2372 00a2 00       		.byte	0
 2373 00a3 00       		.byte	0
 2374 00a4 0E       		.uleb128 0xe
 2375 00a5 0D       		.uleb128 0xd
 2376 00a6 00       		.byte	0
 2377 00a7 03       		.uleb128 0x3
 2378 00a8 0E       		.uleb128 0xe
 2379 00a9 3A       		.uleb128 0x3a
 2380 00aa 21       		.uleb128 0x21
 2381 00ab 0C       		.sleb128 12
 2382 00ac 3B       		.uleb128 0x3b
 2383 00ad 05       		.uleb128 0x5
 2384 00ae 39       		.uleb128 0x39
 2385 00af 21       		.uleb128 0x21
 2386 00b0 12       		.sleb128 18
 2387 00b1 49       		.uleb128 0x49
 2388 00b2 13       		.uleb128 0x13
 2389 00b3 38       		.uleb128 0x38
 2390 00b4 05       		.uleb128 0x5
 2391 00b5 00       		.byte	0
 2392 00b6 00       		.byte	0
 2393 00b7 0F       		.uleb128 0xf
 2394 00b8 0D       		.uleb128 0xd
ARM GAS  /tmp/cc5rfSPY.s 			page 43


 2395 00b9 00       		.byte	0
 2396 00ba 03       		.uleb128 0x3
 2397 00bb 0E       		.uleb128 0xe
 2398 00bc 3A       		.uleb128 0x3a
 2399 00bd 0B       		.uleb128 0xb
 2400 00be 3B       		.uleb128 0x3b
 2401 00bf 0B       		.uleb128 0xb
 2402 00c0 39       		.uleb128 0x39
 2403 00c1 0B       		.uleb128 0xb
 2404 00c2 49       		.uleb128 0x49
 2405 00c3 13       		.uleb128 0x13
 2406 00c4 00       		.byte	0
 2407 00c5 00       		.byte	0
 2408 00c6 10       		.uleb128 0x10
 2409 00c7 26       		.uleb128 0x26
 2410 00c8 00       		.byte	0
 2411 00c9 49       		.uleb128 0x49
 2412 00ca 13       		.uleb128 0x13
 2413 00cb 00       		.byte	0
 2414 00cc 00       		.byte	0
 2415 00cd 11       		.uleb128 0x11
 2416 00ce 13       		.uleb128 0x13
 2417 00cf 01       		.byte	0x1
 2418 00d0 0B       		.uleb128 0xb
 2419 00d1 0B       		.uleb128 0xb
 2420 00d2 3A       		.uleb128 0x3a
 2421 00d3 21       		.uleb128 0x21
 2422 00d4 0A       		.sleb128 10
 2423 00d5 3B       		.uleb128 0x3b
 2424 00d6 0B       		.uleb128 0xb
 2425 00d7 39       		.uleb128 0x39
 2426 00d8 0B       		.uleb128 0xb
 2427 00d9 01       		.uleb128 0x1
 2428 00da 13       		.uleb128 0x13
 2429 00db 00       		.byte	0
 2430 00dc 00       		.byte	0
 2431 00dd 12       		.uleb128 0x12
 2432 00de 16       		.uleb128 0x16
 2433 00df 00       		.byte	0
 2434 00e0 03       		.uleb128 0x3
 2435 00e1 0E       		.uleb128 0xe
 2436 00e2 3A       		.uleb128 0x3a
 2437 00e3 0B       		.uleb128 0xb
 2438 00e4 3B       		.uleb128 0x3b
 2439 00e5 05       		.uleb128 0x5
 2440 00e6 39       		.uleb128 0x39
 2441 00e7 0B       		.uleb128 0xb
 2442 00e8 49       		.uleb128 0x49
 2443 00e9 13       		.uleb128 0x13
 2444 00ea 00       		.byte	0
 2445 00eb 00       		.byte	0
 2446 00ec 13       		.uleb128 0x13
 2447 00ed 0D       		.uleb128 0xd
 2448 00ee 00       		.byte	0
 2449 00ef 03       		.uleb128 0x3
 2450 00f0 0E       		.uleb128 0xe
 2451 00f1 3A       		.uleb128 0x3a
ARM GAS  /tmp/cc5rfSPY.s 			page 44


 2452 00f2 21       		.uleb128 0x21
 2453 00f3 05       		.sleb128 5
 2454 00f4 3B       		.uleb128 0x3b
 2455 00f5 05       		.uleb128 0x5
 2456 00f6 39       		.uleb128 0x39
 2457 00f7 0B       		.uleb128 0xb
 2458 00f8 49       		.uleb128 0x49
 2459 00f9 13       		.uleb128 0x13
 2460 00fa 00       		.byte	0
 2461 00fb 00       		.byte	0
 2462 00fc 14       		.uleb128 0x14
 2463 00fd 13       		.uleb128 0x13
 2464 00fe 01       		.byte	0x1
 2465 00ff 03       		.uleb128 0x3
 2466 0100 0E       		.uleb128 0xe
 2467 0101 0B       		.uleb128 0xb
 2468 0102 0B       		.uleb128 0xb
 2469 0103 3A       		.uleb128 0x3a
 2470 0104 0B       		.uleb128 0xb
 2471 0105 3B       		.uleb128 0x3b
 2472 0106 05       		.uleb128 0x5
 2473 0107 39       		.uleb128 0x39
 2474 0108 0B       		.uleb128 0xb
 2475 0109 01       		.uleb128 0x1
 2476 010a 13       		.uleb128 0x13
 2477 010b 00       		.byte	0
 2478 010c 00       		.byte	0
 2479 010d 15       		.uleb128 0x15
 2480 010e 2E       		.uleb128 0x2e
 2481 010f 00       		.byte	0
 2482 0110 03       		.uleb128 0x3
 2483 0111 0E       		.uleb128 0xe
 2484 0112 3A       		.uleb128 0x3a
 2485 0113 21       		.uleb128 0x21
 2486 0114 0D       		.sleb128 13
 2487 0115 3B       		.uleb128 0x3b
 2488 0116 05       		.uleb128 0x5
 2489 0117 39       		.uleb128 0x39
 2490 0118 21       		.uleb128 0x21
 2491 0119 1B       		.sleb128 27
 2492 011a 27       		.uleb128 0x27
 2493 011b 19       		.uleb128 0x19
 2494 011c 00       		.byte	0
 2495 011d 00       		.byte	0
 2496 011e 16       		.uleb128 0x16
 2497 011f 05       		.uleb128 0x5
 2498 0120 00       		.byte	0
 2499 0121 03       		.uleb128 0x3
 2500 0122 0E       		.uleb128 0xe
 2501 0123 3A       		.uleb128 0x3a
 2502 0124 0B       		.uleb128 0xb
 2503 0125 3B       		.uleb128 0x3b
 2504 0126 05       		.uleb128 0x5
 2505 0127 39       		.uleb128 0x39
 2506 0128 0B       		.uleb128 0xb
 2507 0129 49       		.uleb128 0x49
 2508 012a 13       		.uleb128 0x13
ARM GAS  /tmp/cc5rfSPY.s 			page 45


 2509 012b 00       		.byte	0
 2510 012c 00       		.byte	0
 2511 012d 17       		.uleb128 0x17
 2512 012e 2E       		.uleb128 0x2e
 2513 012f 01       		.byte	0x1
 2514 0130 03       		.uleb128 0x3
 2515 0131 0E       		.uleb128 0xe
 2516 0132 3A       		.uleb128 0x3a
 2517 0133 0B       		.uleb128 0xb
 2518 0134 3B       		.uleb128 0x3b
 2519 0135 05       		.uleb128 0x5
 2520 0136 39       		.uleb128 0x39
 2521 0137 0B       		.uleb128 0xb
 2522 0138 27       		.uleb128 0x27
 2523 0139 19       		.uleb128 0x19
 2524 013a 01       		.uleb128 0x1
 2525 013b 13       		.uleb128 0x13
 2526 013c 00       		.byte	0
 2527 013d 00       		.byte	0
 2528 013e 18       		.uleb128 0x18
 2529 013f 17       		.uleb128 0x17
 2530 0140 01       		.byte	0x1
 2531 0141 0B       		.uleb128 0xb
 2532 0142 0B       		.uleb128 0xb
 2533 0143 3A       		.uleb128 0x3a
 2534 0144 0B       		.uleb128 0xb
 2535 0145 3B       		.uleb128 0x3b
 2536 0146 0B       		.uleb128 0xb
 2537 0147 39       		.uleb128 0x39
 2538 0148 21       		.uleb128 0x21
 2539 0149 03       		.sleb128 3
 2540 014a 01       		.uleb128 0x1
 2541 014b 13       		.uleb128 0x13
 2542 014c 00       		.byte	0
 2543 014d 00       		.byte	0
 2544 014e 19       		.uleb128 0x19
 2545 014f 0D       		.uleb128 0xd
 2546 0150 00       		.byte	0
 2547 0151 03       		.uleb128 0x3
 2548 0152 08       		.uleb128 0x8
 2549 0153 3A       		.uleb128 0x3a
 2550 0154 21       		.uleb128 0x21
 2551 0155 0A       		.sleb128 10
 2552 0156 3B       		.uleb128 0x3b
 2553 0157 0B       		.uleb128 0xb
 2554 0158 39       		.uleb128 0x39
 2555 0159 21       		.uleb128 0x21
 2556 015a 07       		.sleb128 7
 2557 015b 49       		.uleb128 0x49
 2558 015c 13       		.uleb128 0x13
 2559 015d 00       		.byte	0
 2560 015e 00       		.byte	0
 2561 015f 1A       		.uleb128 0x1a
 2562 0160 0D       		.uleb128 0xd
 2563 0161 00       		.byte	0
 2564 0162 03       		.uleb128 0x3
 2565 0163 0E       		.uleb128 0xe
ARM GAS  /tmp/cc5rfSPY.s 			page 46


 2566 0164 3A       		.uleb128 0x3a
 2567 0165 21       		.uleb128 0x21
 2568 0166 0A       		.sleb128 10
 2569 0167 3B       		.uleb128 0x3b
 2570 0168 0B       		.uleb128 0xb
 2571 0169 39       		.uleb128 0x39
 2572 016a 21       		.uleb128 0x21
 2573 016b 19       		.sleb128 25
 2574 016c 49       		.uleb128 0x49
 2575 016d 13       		.uleb128 0x13
 2576 016e 0D       		.uleb128 0xd
 2577 016f 0B       		.uleb128 0xb
 2578 0170 6B       		.uleb128 0x6b
 2579 0171 0B       		.uleb128 0xb
 2580 0172 00       		.byte	0
 2581 0173 00       		.byte	0
 2582 0174 1B       		.uleb128 0x1b
 2583 0175 13       		.uleb128 0x13
 2584 0176 01       		.byte	0x1
 2585 0177 0B       		.uleb128 0xb
 2586 0178 0B       		.uleb128 0xb
 2587 0179 3A       		.uleb128 0x3a
 2588 017a 21       		.uleb128 0x21
 2589 017b 0C       		.sleb128 12
 2590 017c 3B       		.uleb128 0x3b
 2591 017d 05       		.uleb128 0x5
 2592 017e 39       		.uleb128 0x39
 2593 017f 21       		.uleb128 0x21
 2594 0180 09       		.sleb128 9
 2595 0181 01       		.uleb128 0x1
 2596 0182 13       		.uleb128 0x13
 2597 0183 00       		.byte	0
 2598 0184 00       		.byte	0
 2599 0185 1C       		.uleb128 0x1c
 2600 0186 2E       		.uleb128 0x2e
 2601 0187 01       		.byte	0x1
 2602 0188 3F       		.uleb128 0x3f
 2603 0189 19       		.uleb128 0x19
 2604 018a 03       		.uleb128 0x3
 2605 018b 0E       		.uleb128 0xe
 2606 018c 3A       		.uleb128 0x3a
 2607 018d 21       		.uleb128 0x21
 2608 018e 10       		.sleb128 16
 2609 018f 3B       		.uleb128 0x3b
 2610 0190 0B       		.uleb128 0xb
 2611 0191 39       		.uleb128 0x39
 2612 0192 21       		.uleb128 0x21
 2613 0193 06       		.sleb128 6
 2614 0194 27       		.uleb128 0x27
 2615 0195 19       		.uleb128 0x19
 2616 0196 01       		.uleb128 0x1
 2617 0197 13       		.uleb128 0x13
 2618 0198 00       		.byte	0
 2619 0199 00       		.byte	0
 2620 019a 1D       		.uleb128 0x1d
 2621 019b 2E       		.uleb128 0x2e
 2622 019c 00       		.byte	0
ARM GAS  /tmp/cc5rfSPY.s 			page 47


 2623 019d 3F       		.uleb128 0x3f
 2624 019e 19       		.uleb128 0x19
 2625 019f 03       		.uleb128 0x3
 2626 01a0 0E       		.uleb128 0xe
 2627 01a1 3A       		.uleb128 0x3a
 2628 01a2 21       		.uleb128 0x21
 2629 01a3 0D       		.sleb128 13
 2630 01a4 3B       		.uleb128 0x3b
 2631 01a5 05       		.uleb128 0x5
 2632 01a6 39       		.uleb128 0x39
 2633 01a7 21       		.uleb128 0x21
 2634 01a8 08       		.sleb128 8
 2635 01a9 27       		.uleb128 0x27
 2636 01aa 19       		.uleb128 0x19
 2637 01ab 3C       		.uleb128 0x3c
 2638 01ac 19       		.uleb128 0x19
 2639 01ad 00       		.byte	0
 2640 01ae 00       		.byte	0
 2641 01af 1E       		.uleb128 0x1e
 2642 01b0 34       		.uleb128 0x34
 2643 01b1 00       		.byte	0
 2644 01b2 03       		.uleb128 0x3
 2645 01b3 0E       		.uleb128 0xe
 2646 01b4 3A       		.uleb128 0x3a
 2647 01b5 0B       		.uleb128 0xb
 2648 01b6 3B       		.uleb128 0x3b
 2649 01b7 0B       		.uleb128 0xb
 2650 01b8 39       		.uleb128 0x39
 2651 01b9 0B       		.uleb128 0xb
 2652 01ba 49       		.uleb128 0x49
 2653 01bb 13       		.uleb128 0x13
 2654 01bc 00       		.byte	0
 2655 01bd 00       		.byte	0
 2656 01be 1F       		.uleb128 0x1f
 2657 01bf 34       		.uleb128 0x34
 2658 01c0 00       		.byte	0
 2659 01c1 03       		.uleb128 0x3
 2660 01c2 08       		.uleb128 0x8
 2661 01c3 3A       		.uleb128 0x3a
 2662 01c4 21       		.uleb128 0x21
 2663 01c5 10       		.sleb128 16
 2664 01c6 3B       		.uleb128 0x3b
 2665 01c7 0B       		.uleb128 0xb
 2666 01c8 39       		.uleb128 0x39
 2667 01c9 0B       		.uleb128 0xb
 2668 01ca 49       		.uleb128 0x49
 2669 01cb 13       		.uleb128 0x13
 2670 01cc 00       		.byte	0
 2671 01cd 00       		.byte	0
 2672 01ce 20       		.uleb128 0x20
 2673 01cf 34       		.uleb128 0x34
 2674 01d0 00       		.byte	0
 2675 01d1 03       		.uleb128 0x3
 2676 01d2 0E       		.uleb128 0xe
 2677 01d3 3A       		.uleb128 0x3a
 2678 01d4 21       		.uleb128 0x21
 2679 01d5 0C       		.sleb128 12
ARM GAS  /tmp/cc5rfSPY.s 			page 48


 2680 01d6 3B       		.uleb128 0x3b
 2681 01d7 05       		.uleb128 0x5
 2682 01d8 39       		.uleb128 0x39
 2683 01d9 21       		.uleb128 0x21
 2684 01da 0C       		.sleb128 12
 2685 01db 49       		.uleb128 0x49
 2686 01dc 13       		.uleb128 0x13
 2687 01dd 00       		.byte	0
 2688 01de 00       		.byte	0
 2689 01df 21       		.uleb128 0x21
 2690 01e0 11       		.uleb128 0x11
 2691 01e1 01       		.byte	0x1
 2692 01e2 25       		.uleb128 0x25
 2693 01e3 0E       		.uleb128 0xe
 2694 01e4 13       		.uleb128 0x13
 2695 01e5 0B       		.uleb128 0xb
 2696 01e6 03       		.uleb128 0x3
 2697 01e7 0E       		.uleb128 0xe
 2698 01e8 1B       		.uleb128 0x1b
 2699 01e9 0E       		.uleb128 0xe
 2700 01ea 10       		.uleb128 0x10
 2701 01eb 17       		.uleb128 0x17
 2702 01ec 00       		.byte	0
 2703 01ed 00       		.byte	0
 2704 01ee 22       		.uleb128 0x22
 2705 01ef 24       		.uleb128 0x24
 2706 01f0 00       		.byte	0
 2707 01f1 0B       		.uleb128 0xb
 2708 01f2 0B       		.uleb128 0xb
 2709 01f3 3E       		.uleb128 0x3e
 2710 01f4 0B       		.uleb128 0xb
 2711 01f5 03       		.uleb128 0x3
 2712 01f6 08       		.uleb128 0x8
 2713 01f7 00       		.byte	0
 2714 01f8 00       		.byte	0
 2715 01f9 23       		.uleb128 0x23
 2716 01fa 0F       		.uleb128 0xf
 2717 01fb 00       		.byte	0
 2718 01fc 0B       		.uleb128 0xb
 2719 01fd 0B       		.uleb128 0xb
 2720 01fe 00       		.byte	0
 2721 01ff 00       		.byte	0
 2722 0200 24       		.uleb128 0x24
 2723 0201 13       		.uleb128 0x13
 2724 0202 01       		.byte	0x1
 2725 0203 03       		.uleb128 0x3
 2726 0204 0E       		.uleb128 0xe
 2727 0205 0B       		.uleb128 0xb
 2728 0206 05       		.uleb128 0x5
 2729 0207 3A       		.uleb128 0x3a
 2730 0208 0B       		.uleb128 0xb
 2731 0209 3B       		.uleb128 0x3b
 2732 020a 05       		.uleb128 0x5
 2733 020b 39       		.uleb128 0x39
 2734 020c 0B       		.uleb128 0xb
 2735 020d 01       		.uleb128 0x1
 2736 020e 13       		.uleb128 0x13
ARM GAS  /tmp/cc5rfSPY.s 			page 49


 2737 020f 00       		.byte	0
 2738 0210 00       		.byte	0
 2739 0211 25       		.uleb128 0x25
 2740 0212 13       		.uleb128 0x13
 2741 0213 01       		.byte	0x1
 2742 0214 0B       		.uleb128 0xb
 2743 0215 05       		.uleb128 0x5
 2744 0216 3A       		.uleb128 0x3a
 2745 0217 0B       		.uleb128 0xb
 2746 0218 3B       		.uleb128 0x3b
 2747 0219 0B       		.uleb128 0xb
 2748 021a 39       		.uleb128 0x39
 2749 021b 0B       		.uleb128 0xb
 2750 021c 01       		.uleb128 0x1
 2751 021d 13       		.uleb128 0x13
 2752 021e 00       		.byte	0
 2753 021f 00       		.byte	0
 2754 0220 26       		.uleb128 0x26
 2755 0221 04       		.uleb128 0x4
 2756 0222 01       		.byte	0x1
 2757 0223 3E       		.uleb128 0x3e
 2758 0224 0B       		.uleb128 0xb
 2759 0225 0B       		.uleb128 0xb
 2760 0226 0B       		.uleb128 0xb
 2761 0227 49       		.uleb128 0x49
 2762 0228 13       		.uleb128 0x13
 2763 0229 3A       		.uleb128 0x3a
 2764 022a 0B       		.uleb128 0xb
 2765 022b 3B       		.uleb128 0x3b
 2766 022c 0B       		.uleb128 0xb
 2767 022d 39       		.uleb128 0x39
 2768 022e 0B       		.uleb128 0xb
 2769 022f 01       		.uleb128 0x1
 2770 0230 13       		.uleb128 0x13
 2771 0231 00       		.byte	0
 2772 0232 00       		.byte	0
 2773 0233 27       		.uleb128 0x27
 2774 0234 13       		.uleb128 0x13
 2775 0235 01       		.byte	0x1
 2776 0236 0B       		.uleb128 0xb
 2777 0237 05       		.uleb128 0x5
 2778 0238 3A       		.uleb128 0x3a
 2779 0239 0B       		.uleb128 0xb
 2780 023a 3B       		.uleb128 0x3b
 2781 023b 05       		.uleb128 0x5
 2782 023c 39       		.uleb128 0x39
 2783 023d 0B       		.uleb128 0xb
 2784 023e 01       		.uleb128 0x1
 2785 023f 13       		.uleb128 0x13
 2786 0240 00       		.byte	0
 2787 0241 00       		.byte	0
 2788 0242 28       		.uleb128 0x28
 2789 0243 0D       		.uleb128 0xd
 2790 0244 00       		.byte	0
 2791 0245 03       		.uleb128 0x3
 2792 0246 08       		.uleb128 0x8
 2793 0247 3A       		.uleb128 0x3a
ARM GAS  /tmp/cc5rfSPY.s 			page 50


 2794 0248 0B       		.uleb128 0xb
 2795 0249 3B       		.uleb128 0x3b
 2796 024a 05       		.uleb128 0x5
 2797 024b 39       		.uleb128 0x39
 2798 024c 0B       		.uleb128 0xb
 2799 024d 49       		.uleb128 0x49
 2800 024e 13       		.uleb128 0x13
 2801 024f 38       		.uleb128 0x38
 2802 0250 05       		.uleb128 0x5
 2803 0251 00       		.byte	0
 2804 0252 00       		.byte	0
 2805 0253 29       		.uleb128 0x29
 2806 0254 21       		.uleb128 0x21
 2807 0255 00       		.byte	0
 2808 0256 49       		.uleb128 0x49
 2809 0257 13       		.uleb128 0x13
 2810 0258 2F       		.uleb128 0x2f
 2811 0259 05       		.uleb128 0x5
 2812 025a 00       		.byte	0
 2813 025b 00       		.byte	0
 2814 025c 2A       		.uleb128 0x2a
 2815 025d 2E       		.uleb128 0x2e
 2816 025e 00       		.byte	0
 2817 025f 3F       		.uleb128 0x3f
 2818 0260 19       		.uleb128 0x19
 2819 0261 03       		.uleb128 0x3
 2820 0262 0E       		.uleb128 0xe
 2821 0263 3A       		.uleb128 0x3a
 2822 0264 0B       		.uleb128 0xb
 2823 0265 3B       		.uleb128 0x3b
 2824 0266 0B       		.uleb128 0xb
 2825 0267 39       		.uleb128 0x39
 2826 0268 0B       		.uleb128 0xb
 2827 0269 27       		.uleb128 0x27
 2828 026a 19       		.uleb128 0x19
 2829 026b 49       		.uleb128 0x49
 2830 026c 13       		.uleb128 0x13
 2831 026d 3C       		.uleb128 0x3c
 2832 026e 19       		.uleb128 0x19
 2833 026f 00       		.byte	0
 2834 0270 00       		.byte	0
 2835 0271 2B       		.uleb128 0x2b
 2836 0272 0B       		.uleb128 0xb
 2837 0273 01       		.byte	0x1
 2838 0274 00       		.byte	0
 2839 0275 00       		.byte	0
 2840 0276 2C       		.uleb128 0x2c
 2841 0277 05       		.uleb128 0x5
 2842 0278 00       		.byte	0
 2843 0279 03       		.uleb128 0x3
 2844 027a 08       		.uleb128 0x8
 2845 027b 3A       		.uleb128 0x3a
 2846 027c 0B       		.uleb128 0xb
 2847 027d 3B       		.uleb128 0x3b
 2848 027e 0B       		.uleb128 0xb
 2849 027f 39       		.uleb128 0x39
 2850 0280 0B       		.uleb128 0xb
ARM GAS  /tmp/cc5rfSPY.s 			page 51


 2851 0281 49       		.uleb128 0x49
 2852 0282 13       		.uleb128 0x13
 2853 0283 00       		.byte	0
 2854 0284 00       		.byte	0
 2855 0285 2D       		.uleb128 0x2d
 2856 0286 2E       		.uleb128 0x2e
 2857 0287 01       		.byte	0x1
 2858 0288 03       		.uleb128 0x3
 2859 0289 0E       		.uleb128 0xe
 2860 028a 3A       		.uleb128 0x3a
 2861 028b 0B       		.uleb128 0xb
 2862 028c 3B       		.uleb128 0x3b
 2863 028d 0B       		.uleb128 0xb
 2864 028e 39       		.uleb128 0x39
 2865 028f 0B       		.uleb128 0xb
 2866 0290 27       		.uleb128 0x27
 2867 0291 19       		.uleb128 0x19
 2868 0292 49       		.uleb128 0x49
 2869 0293 13       		.uleb128 0x13
 2870 0294 01       		.uleb128 0x1
 2871 0295 13       		.uleb128 0x13
 2872 0296 00       		.byte	0
 2873 0297 00       		.byte	0
 2874 0298 2E       		.uleb128 0x2e
 2875 0299 2E       		.uleb128 0x2e
 2876 029a 00       		.byte	0
 2877 029b 03       		.uleb128 0x3
 2878 029c 0E       		.uleb128 0xe
 2879 029d 3A       		.uleb128 0x3a
 2880 029e 0B       		.uleb128 0xb
 2881 029f 3B       		.uleb128 0x3b
 2882 02a0 0B       		.uleb128 0xb
 2883 02a1 39       		.uleb128 0x39
 2884 02a2 0B       		.uleb128 0xb
 2885 02a3 27       		.uleb128 0x27
 2886 02a4 19       		.uleb128 0x19
 2887 02a5 00       		.byte	0
 2888 02a6 00       		.byte	0
 2889 02a7 00       		.byte	0
 2890              		.section	.gnu.debuglto_.debug_line,"e",%progbits
 2891              	.Ldebug_line0:
 2892 0000 A3000000 		.4byte	.LELT0-.LSLT0
 2893              	.LSLT0:
 2894 0004 0500     		.2byte	0x5
 2895 0006 04       		.byte	0x4
 2896 0007 00       		.byte	0
 2897 0008 9B000000 		.4byte	.LELTP0-.LASLTP0
 2898              	.LASLTP0:
 2899 000c 01       		.byte	0x1
 2900 000d 01       		.byte	0x1
 2901 000e 01       		.byte	0x1
 2902 000f F6       		.byte	0xf6
 2903 0010 F2       		.byte	0xf2
 2904 0011 0D       		.byte	0xd
 2905 0012 00       		.byte	0
 2906 0013 01       		.byte	0x1
 2907 0014 01       		.byte	0x1
ARM GAS  /tmp/cc5rfSPY.s 			page 52


 2908 0015 01       		.byte	0x1
 2909 0016 01       		.byte	0x1
 2910 0017 00       		.byte	0
 2911 0018 00       		.byte	0
 2912 0019 00       		.byte	0
 2913 001a 01       		.byte	0x1
 2914 001b 00       		.byte	0
 2915 001c 00       		.byte	0
 2916 001d 01       		.byte	0x1
 2917 001e 01       		.byte	0x1
 2918 001f 01       		.uleb128 0x1
 2919 0020 1F       		.uleb128 0x1f
 2920 0021 08       		.uleb128 0x8
 2921 0022 88000000 		.4byte	.LASF277
 2922 0026 F5000000 		.4byte	.LASF278
 2923 002a 76010000 		.4byte	.LASF279
 2924 002e A5010000 		.4byte	.LASF280
 2925 0032 E6020000 		.4byte	.LASF281
 2926 0036 3F010000 		.4byte	.LASF282
 2927 003a 11000000 		.4byte	.LASF283
 2928 003e 0B020000 		.4byte	.LASF284
 2929 0042 02       		.byte	0x2
 2930 0043 01       		.uleb128 0x1
 2931 0044 1F       		.uleb128 0x1f
 2932 0045 02       		.uleb128 0x2
 2933 0046 0B       		.uleb128 0xb
 2934 0047 13       		.uleb128 0x13
 2935 0048 87020000 		.4byte	.LASF285
 2936 004c 00       		.byte	0
 2937 004d 00000000 		.4byte	.LASF286
 2938 0051 06       		.byte	0x6
 2939 0052 DE010000 		.4byte	.LASF287
 2940 0056 07       		.byte	0x7
 2941 0057 D4010000 		.4byte	.LASF288
 2942 005b 03       		.byte	0x3
 2943 005c C8020000 		.4byte	.LASF289
 2944 0060 05       		.byte	0x5
 2945 0061 6A010000 		.4byte	.LASF290
 2946 0065 05       		.byte	0x5
 2947 0066 7E020000 		.4byte	.LASF291
 2948 006a 05       		.byte	0x5
 2949 006b D2020000 		.4byte	.LASF292
 2950 006f 05       		.byte	0x5
 2951 0070 61010000 		.4byte	.LASF293
 2952 0074 05       		.byte	0x5
 2953 0075 E8010000 		.4byte	.LASF294
 2954 0079 05       		.byte	0x5
 2955 007a DC020000 		.4byte	.LASF295
 2956 007e 05       		.byte	0x5
 2957 007f FD010000 		.4byte	.LASF296
 2958 0083 02       		.byte	0x2
 2959 0084 F2010000 		.4byte	.LASF297
 2960 0088 01       		.byte	0x1
 2961 0089 E4000000 		.4byte	.LASF298
 2962 008d 04       		.byte	0x4
 2963 008e ED000000 		.4byte	.LASF299
 2964 0092 05       		.byte	0x5
ARM GAS  /tmp/cc5rfSPY.s 			page 53


 2965 0093 37010000 		.4byte	.LASF300
 2966 0097 05       		.byte	0x5
 2967 0098 2E010000 		.4byte	.LASF301
 2968 009c 04       		.byte	0x4
 2969 009d BC020000 		.4byte	.LASF302
 2970 00a1 01       		.byte	0x1
 2971 00a2 DB000000 		.4byte	.LASF303
 2972 00a6 05       		.byte	0x5
 2973              	.LELTP0:
 2974              	.LELT0:
 2975              		.section	.gnu.debuglto_.debug_str,"eMS",%progbits,1
 2976              	.LASF77:
 2977 0000 63685F64 		.ascii	"ch_delta_list_t\000"
 2977      656C7461 
 2977      5F6C6973 
 2977      745F7400 
 2978              	.LASF103:
 2979 0010 5254435F 		.ascii	"RTC_WKUP_IRQn\000"
 2979      574B5550 
 2979      5F495251 
 2979      6E00
 2980              	.LASF108:
 2981 001e 45585449 		.ascii	"EXTI2_IRQn\000"
 2981      325F4952 
 2981      516E00
 2982              	.LASF160:
 2983 0029 52534552 		.ascii	"RSERVED1\000"
 2983      56454431 
 2983      00
 2984              	.LASF117:
 2985 0032 444D4131 		.ascii	"DMA1_Stream6_IRQn\000"
 2985      5F537472 
 2985      65616D36 
 2985      5F495251 
 2985      6E00
 2986              	.LASF232:
 2987 0044 77747365 		.ascii	"wtsemp\000"
 2987      6D7000
 2988              	.LASF66:
 2989 004b 73797374 		.ascii	"systime_t\000"
 2989      696D655F 
 2989      7400
 2990              	.LASF33:
 2991 0055 6F776E65 		.ascii	"owner\000"
 2991      7200
 2992              	.LASF26:
 2993 005b 74707269 		.ascii	"tprio_t\000"
 2993      6F5F7400 
 2994              	.LASF83:
 2995 0063 75736572 		.ascii	"user\000"
 2995      00
 2996              	.LASF18:
 2997 0068 696E7433 		.ascii	"int32_t\000"
 2997      325F7400 
 2998              	.LASF217:
 2999 0070 63685F76 		.ascii	"ch_virtual_timers_list\000"
 2999      69727475 
ARM GAS  /tmp/cc5rfSPY.s 			page 54


 2999      616C5F74 
 2999      696D6572 
 2999      735F6C69 
 3000              	.LASF224:
 3001 0087 72656769 		.ascii	"registry_t\000"
 3001      73747279 
 3001      5F7400
 3002              	.LASF143:
 3003 0092 444D4132 		.ascii	"DMA2_Stream1_IRQn\000"
 3003      5F537472 
 3003      65616D31 
 3003      5F495251 
 3003      6E00
 3004              	.LASF172:
 3005 00a4 56544F52 		.ascii	"VTOR\000"
 3005      00
 3006              	.LASF262:
 3007 00a9 5F5F4E56 		.ascii	"__NVIC_SetPriorityGrouping\000"
 3007      49435F53 
 3007      65745072 
 3007      696F7269 
 3007      74794772 
 3008              	.LASF195:
 3009 00c4 46554E43 		.ascii	"FUNCTION0\000"
 3009      54494F4E 
 3009      3000
 3010              	.LASF198:
 3011 00ce 46554E43 		.ascii	"FUNCTION1\000"
 3011      54494F4E 
 3011      3100
 3012              	.LASF202:
 3013 00d8 46554E43 		.ascii	"FUNCTION2\000"
 3013      54494F4E 
 3013      3200
 3014              	.LASF141:
 3015 00e2 53504933 		.ascii	"SPI3_IRQn\000"
 3015      5F495251 
 3015      6E00
 3016              	.LASF104:
 3017 00ec 464C4153 		.ascii	"FLASH_IRQn\000"
 3017      485F4952 
 3017      516E00
 3018              	.LASF85:
 3019 00f7 72747374 		.ascii	"rtstamp\000"
 3019      616D7000 
 3020              	.LASF54:
 3021 00ff 636F6E66 		.ascii	"config\000"
 3021      696700
 3022              	.LASF37:
 3023 0106 73746174 		.ascii	"state\000"
 3023      6500
 3024              	.LASF64:
 3025 010c 6C6F636B 		.ascii	"lock_cnt\000"
 3025      5F636E74 
 3025      00
 3026              	.LASF58:
 3027 0115 63685F72 		.ascii	"ch_rfcu\000"
ARM GAS  /tmp/cc5rfSPY.s 			page 55


 3027      66637500 
 3028              	.LASF84:
 3029 011d 74797065 		.ascii	"type\000"
 3029      00
 3030              	.LASF267:
 3031 0122 62617365 		.ascii	"basePri\000"
 3031      50726900 
 3032              	.LASF124:
 3033 012a 54494D32 		.ascii	"TIM2_IRQn\000"
 3033      5F495251 
 3033      6E00
 3034              	.LASF163:
 3035 0134 49435052 		.ascii	"ICPR\000"
 3035      00
 3036              	.LASF222:
 3037 0139 63685F72 		.ascii	"ch_registry\000"
 3037      65676973 
 3037      74727900 
 3038              	.LASF76:
 3039 0145 7072696F 		.ascii	"prio\000"
 3039      00
 3040              	.LASF151:
 3041 014a 55534152 		.ascii	"USART6_IRQn\000"
 3041      54365F49 
 3041      52516E00 
 3042              	.LASF229:
 3043 0156 65786974 		.ascii	"exitcode\000"
 3043      636F6465 
 3043      00
 3044              	.LASF6:
 3045 015f 5F5F7569 		.ascii	"__uint8_t\000"
 3045      6E74385F 
 3045      7400
 3046              	.LASF268:
 3047 0169 5F5F7365 		.ascii	"__set_PSP\000"
 3047      745F5053 
 3047      5000
 3048              	.LASF132:
 3049 0173 53504932 		.ascii	"SPI2_IRQn\000"
 3049      5F495251 
 3049      6E00
 3050              	.LASF270:
 3051 017d 72657375 		.ascii	"result\000"
 3051      6C7400
 3052              	.LASF173:
 3053 0184 41495243 		.ascii	"AIRCR\000"
 3053      5200
 3054              	.LASF10:
 3055 018a 6C6F6E67 		.ascii	"long int\000"
 3055      20696E74 
 3055      00
 3056              	.LASF257:
 3057 0193 706F7274 		.ascii	"port_unlock\000"
 3057      5F756E6C 
 3057      6F636B00 
 3058              	.LASF170:
 3059 019f 43505549 		.ascii	"CPUID\000"
ARM GAS  /tmp/cc5rfSPY.s 			page 56


 3059      4400
 3060              	.LASF148:
 3061 01a5 444D4132 		.ascii	"DMA2_Stream5_IRQn\000"
 3061      5F537472 
 3061      65616D35 
 3061      5F495251 
 3061      6E00
 3062              	.LASF208:
 3063 01b7 44435253 		.ascii	"DCRSR\000"
 3063      5200
 3064              	.LASF24:
 3065 01bd 74737461 		.ascii	"tstate_t\000"
 3065      74655F74 
 3065      00
 3066              	.LASF42:
 3067 01c6 6570656E 		.ascii	"epending\000"
 3067      64696E67 
 3067      00
 3068              	.LASF68:
 3069 01cf 63685F6C 		.ascii	"ch_list_t\000"
 3069      6973745F 
 3069      7400
 3070              	.LASF122:
 3071 01d9 54494D31 		.ascii	"TIM1_TRG_COM_TIM11_IRQn\000"
 3071      5F545247 
 3071      5F434F4D 
 3071      5F54494D 
 3071      31315F49 
 3072              	.LASF201:
 3073 01f1 4D41534B 		.ascii	"MASK2\000"
 3073      3200
 3074              	.LASF69:
 3075 01f7 63685F6C 		.ascii	"ch_list\000"
 3075      69737400 
 3076              	.LASF220:
 3077 01ff 6C617374 		.ascii	"laststamp\000"
 3077      7374616D 
 3077      7000
 3078              	.LASF99:
 3079 0209 53797354 		.ascii	"SysTick_IRQn\000"
 3079      69636B5F 
 3079      4952516E 
 3079      00
 3080              	.LASF171:
 3081 0216 49435352 		.ascii	"ICSR\000"
 3081      00
 3082              	.LASF276:
 3083 021b 5F5F6765 		.ascii	"__get_PSP\000"
 3083      745F5053 
 3083      5000
 3084              	.LASF3:
 3085 0225 7369676E 		.ascii	"signed char\000"
 3085      65642063 
 3085      68617200 
 3086              	.LASF234:
 3087 0231 65776D61 		.ascii	"ewmask\000"
 3087      736B00
ARM GAS  /tmp/cc5rfSPY.s 			page 57


 3088              	.LASF16:
 3089 0238 75696E74 		.ascii	"uint8_t\000"
 3089      385F7400 
 3090              	.LASF30:
 3091 0240 636F7265 		.ascii	"core_id_t\000"
 3091      5F69645F 
 3091      7400
 3092              	.LASF28:
 3093 024a 6576656E 		.ascii	"eventmask_t\000"
 3093      746D6173 
 3093      6B5F7400 
 3094              	.LASF254:
 3095 0256 706F7274 		.ascii	"port_suspend\000"
 3095      5F737573 
 3095      70656E64 
 3095      00
 3096              	.LASF205:
 3097 0263 46554E43 		.ascii	"FUNCTION3\000"
 3097      54494F4E 
 3097      3300
 3098              	.LASF189:
 3099 026d 534C4545 		.ascii	"SLEEPCNT\000"
 3099      50434E54 
 3099      00
 3100              	.LASF230:
 3101 0276 77747472 		.ascii	"wttrp\000"
 3101      7000
 3102              	.LASF113:
 3103 027c 444D4131 		.ascii	"DMA1_Stream2_IRQn\000"
 3103      5F537472 
 3103      65616D32 
 3103      5F495251 
 3103      6E00
 3104              	.LASF158:
 3105 028e 52455345 		.ascii	"RESERVED0\000"
 3105      52564544 
 3105      3000
 3106              	.LASF199:
 3107 0298 52455345 		.ascii	"RESERVED1\000"
 3107      52564544 
 3107      3100
 3108              	.LASF4:
 3109 02a2 756E7369 		.ascii	"unsigned char\000"
 3109      676E6564 
 3109      20636861 
 3109      7200
 3110              	.LASF146:
 3111 02b0 444D4132 		.ascii	"DMA2_Stream4_IRQn\000"
 3111      5F537472 
 3111      65616D34 
 3111      5F495251 
 3111      6E00
 3112              	.LASF166:
 3113 02c2 52455345 		.ascii	"RESERVED4\000"
 3113      52564544 
 3113      3400
 3114              	.LASF167:
ARM GAS  /tmp/cc5rfSPY.s 			page 58


 3115 02cc 52455345 		.ascii	"RESERVED5\000"
 3115      52564544 
 3115      3500
 3116              	.LASF219:
 3117 02d6 6C617374 		.ascii	"lasttime\000"
 3117      74696D65 
 3117      00
 3118              	.LASF261:
 3119 02df 5F5F4E56 		.ascii	"__NVIC_SetPriority\000"
 3119      49435F53 
 3119      65745072 
 3119      696F7269 
 3119      747900
 3120              	.LASF62:
 3121 02f2 70616E69 		.ascii	"panic_msg\000"
 3121      635F6D73 
 3121      6700
 3122              	.LASF165:
 3123 02fc 49414252 		.ascii	"IABR\000"
 3123      00
 3124              	.LASF128:
 3125 0301 49324331 		.ascii	"I2C1_ER_IRQn\000"
 3125      5F45525F 
 3125      4952516E 
 3125      00
 3126              	.LASF56:
 3127 030e 74726163 		.ascii	"trace_buffer\000"
 3127      655F6275 
 3127      66666572 
 3127      00
 3128              	.LASF65:
 3129 031b 73797374 		.ascii	"system_debug_t\000"
 3129      656D5F64 
 3129      65627567 
 3129      5F7400
 3130              	.LASF273:
 3131 032a 2E2E2F2E 		.ascii	"../../chibios_trunk/os/common/ports/ARMv7-M/chcore."
 3131      2E2F6368 
 3131      6962696F 
 3131      735F7472 
 3131      756E6B2F 
 3132 035d 6300     		.ascii	"c\000"
 3133              	.LASF247:
 3134 035f 5F426F6F 		.ascii	"_Bool\000"
 3134      6C00
 3135              	.LASF193:
 3136 0365 434F4D50 		.ascii	"COMP0\000"
 3136      3000
 3137              	.LASF162:
 3138 036b 52455345 		.ascii	"RESERVED2\000"
 3138      52564544 
 3138      3200
 3139              	.LASF200:
 3140 0375 434F4D50 		.ascii	"COMP2\000"
 3140      3200
 3141              	.LASF164:
 3142 037b 52455345 		.ascii	"RESERVED3\000"
ARM GAS  /tmp/cc5rfSPY.s 			page 59


 3142      52564544 
 3142      3300
 3143              	.LASF140:
 3144 0385 54494D35 		.ascii	"TIM5_IRQn\000"
 3144      5F495251 
 3144      6E00
 3145              	.LASF95:
 3146 038f 55736167 		.ascii	"UsageFault_IRQn\000"
 3146      65466175 
 3146      6C745F49 
 3146      52516E00 
 3147              	.LASF15:
 3148 039f 63686172 		.ascii	"char\000"
 3148      00
 3149              	.LASF274:
 3150 03a4 2F686F6D 		.ascii	"/home/rob/Projects/ChibiStudio/ChibiStudio_23/works"
 3150      652F726F 
 3150      622F5072 
 3150      6F6A6563 
 3150      74732F43 
 3151 03d7 70616365 		.ascii	"pace_trunk/STM32_GPIB_firmware/\000"
 3151      5F747275 
 3151      6E6B2F53 
 3151      544D3332 
 3151      5F475049 
 3152              	.LASF184:
 3153 03f7 5343425F 		.ascii	"SCB_Type\000"
 3153      54797065 
 3153      00
 3154              	.LASF177:
 3155 0400 44465352 		.ascii	"DFSR\000"
 3155      00
 3156              	.LASF7:
 3157 0405 5F5F7569 		.ascii	"__uint16_t\000"
 3157      6E743136 
 3157      5F7400
 3158              	.LASF252:
 3159 0410 706F7274 		.ascii	"port_init\000"
 3159      5F696E69 
 3159      7400
 3160              	.LASF80:
 3161 041a 77746F62 		.ascii	"wtobjp\000"
 3161      6A7000
 3162              	.LASF187:
 3163 0421 43504943 		.ascii	"CPICNT\000"
 3163      4E5400
 3164              	.LASF176:
 3165 0428 48465352 		.ascii	"HFSR\000"
 3165      00
 3166              	.LASF250:
 3167 042d 65637478 		.ascii	"ectxp\000"
 3167      7000
 3168              	.LASF38:
 3169 0433 666C6167 		.ascii	"flags\000"
 3169      7300
 3170              	.LASF22:
 3171 0439 73746B61 		.ascii	"stkalign_t\000"
ARM GAS  /tmp/cc5rfSPY.s 			page 60


 3171      6C69676E 
 3171      5F7400
 3172              	.LASF52:
 3173 0444 636F7265 		.ascii	"core_id\000"
 3173      5F696400 
 3174              	.LASF196:
 3175 044c 434F4D50 		.ascii	"COMP1\000"
 3175      3100
 3176              	.LASF203:
 3177 0452 434F4D50 		.ascii	"COMP3\000"
 3177      3300
 3178              	.LASF212:
 3179 0458 706F7274 		.ascii	"port_extctx\000"
 3179      5F657874 
 3179      63747800 
 3180              	.LASF238:
 3181 0464 63757272 		.ascii	"current\000"
 3181      656E7400 
 3182              	.LASF45:
 3183 046c 6D706F6F 		.ascii	"mpool\000"
 3183      6C00
 3184              	.LASF242:
 3185 0472 6D61696E 		.ascii	"mainthread_end\000"
 3185      74687265 
 3185      61645F65 
 3185      6E6400
 3186              	.LASF126:
 3187 0481 54494D34 		.ascii	"TIM4_IRQn\000"
 3187      5F495251 
 3187      6E00
 3188              	.LASF134:
 3189 048b 55534152 		.ascii	"USART2_IRQn\000"
 3189      54325F49 
 3189      52516E00 
 3190              	.LASF271:
 3191 0497 5F5F656E 		.ascii	"__enable_irq\000"
 3191      61626C65 
 3191      5F697271 
 3191      00
 3192              	.LASF213:
 3193 04a4 6C725F74 		.ascii	"lr_thd\000"
 3193      686400
 3194              	.LASF210:
 3195 04ab 44454D43 		.ascii	"DEMCR\000"
 3195      5200
 3196              	.LASF275:
 3197 04b1 63685363 		.ascii	"chSchIsPreemptionRequired\000"
 3197      68497350 
 3197      7265656D 
 3197      7074696F 
 3197      6E526571 
 3198              	.LASF32:
 3199 04cb 72717565 		.ascii	"rqueue\000"
 3199      756500
 3200              	.LASF29:
 3201 04d2 636E745F 		.ascii	"cnt_t\000"
 3201      7400
ARM GAS  /tmp/cc5rfSPY.s 			page 61


 3202              	.LASF168:
 3203 04d8 53544952 		.ascii	"STIR\000"
 3203      00
 3204              	.LASF127:
 3205 04dd 49324331 		.ascii	"I2C1_EV_IRQn\000"
 3205      5F45565F 
 3205      4952516E 
 3205      00
 3206              	.LASF90:
 3207 04ea 62756666 		.ascii	"buffer\000"
 3207      657200
 3208              	.LASF233:
 3209 04f1 77746D74 		.ascii	"wtmtxp\000"
 3209      787000
 3210              	.LASF237:
 3211 04f8 63685F72 		.ascii	"ch_ready_list\000"
 3211      65616479 
 3211      5F6C6973 
 3211      7400
 3212              	.LASF48:
 3213 0506 63685F6F 		.ascii	"ch_os_instance\000"
 3213      735F696E 
 3213      7374616E 
 3213      636500
 3214              	.LASF123:
 3215 0515 54494D31 		.ascii	"TIM1_CC_IRQn\000"
 3215      5F43435F 
 3215      4952516E 
 3215      00
 3216              	.LASF107:
 3217 0522 45585449 		.ascii	"EXTI1_IRQn\000"
 3217      315F4952 
 3217      516E00
 3218              	.LASF116:
 3219 052d 444D4131 		.ascii	"DMA1_Stream5_IRQn\000"
 3219      5F537472 
 3219      65616D35 
 3219      5F495251 
 3219      6E00
 3220              	.LASF150:
 3221 053f 444D4132 		.ascii	"DMA2_Stream7_IRQn\000"
 3221      5F537472 
 3221      65616D37 
 3221      5F495251 
 3221      6E00
 3222              	.LASF147:
 3223 0551 4F54475F 		.ascii	"OTG_FS_IRQn\000"
 3223      46535F49 
 3223      52516E00 
 3224              	.LASF190:
 3225 055d 4C535543 		.ascii	"LSUCNT\000"
 3225      4E5400
 3226              	.LASF92:
 3227 0564 4E6F6E4D 		.ascii	"NonMaskableInt_IRQn\000"
 3227      61736B61 
 3227      626C6549 
 3227      6E745F49 
ARM GAS  /tmp/cc5rfSPY.s 			page 62


 3227      52516E00 
 3228              	.LASF13:
 3229 0578 5F5F7569 		.ascii	"__uint64_t\000"
 3229      6E743634 
 3229      5F7400
 3230              	.LASF100:
 3231 0583 57574447 		.ascii	"WWDG_IRQn\000"
 3231      5F495251 
 3231      6E00
 3232              	.LASF12:
 3233 058d 6C6F6E67 		.ascii	"long unsigned int\000"
 3233      20756E73 
 3233      69676E65 
 3233      6420696E 
 3233      7400
 3234              	.LASF71:
 3235 059f 63685F71 		.ascii	"ch_queue_t\000"
 3235      75657565 
 3235      5F7400
 3236              	.LASF57:
 3237 05aa 72666375 		.ascii	"rfcu_mask_t\000"
 3237      5F6D6173 
 3237      6B5F7400 
 3238              	.LASF93:
 3239 05b6 4D656D6F 		.ascii	"MemoryManagement_IRQn\000"
 3239      72794D61 
 3239      6E616765 
 3239      6D656E74 
 3239      5F495251 
 3240              	.LASF235:
 3241 05cc 63685F73 		.ascii	"ch_semaphore\000"
 3241      656D6170 
 3241      686F7265 
 3241      00
 3242              	.LASF206:
 3243 05d9 4457545F 		.ascii	"DWT_Type\000"
 3243      54797065 
 3243      00
 3244              	.LASF102:
 3245 05e2 54414D50 		.ascii	"TAMP_STAMP_IRQn\000"
 3245      5F535441 
 3245      4D505F49 
 3245      52516E00 
 3246              	.LASF47:
 3247 05f2 63685F74 		.ascii	"ch_thread\000"
 3247      68726561 
 3247      6400
 3248              	.LASF156:
 3249 05fc 4952516E 		.ascii	"IRQn_Type\000"
 3249      5F547970 
 3249      6500
 3250              	.LASF221:
 3251 0606 76697274 		.ascii	"virtual_timers_list_t\000"
 3251      75616C5F 
 3251      74696D65 
 3251      72735F6C 
 3251      6973745F 
ARM GAS  /tmp/cc5rfSPY.s 			page 63


 3252              	.LASF142:
 3253 061c 444D4132 		.ascii	"DMA2_Stream0_IRQn\000"
 3253      5F537472 
 3253      65616D30 
 3253      5F495251 
 3253      6E00
 3254              	.LASF239:
 3255 062e 72656164 		.ascii	"ready_list_t\000"
 3255      795F6C69 
 3255      73745F74 
 3255      00
 3256              	.LASF44:
 3257 063b 7265616C 		.ascii	"realprio\000"
 3257      7072696F 
 3257      00
 3258              	.LASF130:
 3259 0644 49324332 		.ascii	"I2C2_ER_IRQn\000"
 3259      5F45525F 
 3259      4952516E 
 3259      00
 3260              	.LASF36:
 3261 0651 7761656E 		.ascii	"waend\000"
 3261      6400
 3262              	.LASF60:
 3263 0657 72666375 		.ascii	"rfcu_t\000"
 3263      5F7400
 3264              	.LASF94:
 3265 065e 42757346 		.ascii	"BusFault_IRQn\000"
 3265      61756C74 
 3265      5F495251 
 3265      6E00
 3266              	.LASF120:
 3267 066c 54494D31 		.ascii	"TIM1_BRK_TIM9_IRQn\000"
 3267      5F42524B 
 3267      5F54494D 
 3267      395F4952 
 3267      516E00
 3268              	.LASF91:
 3269 067f 74726163 		.ascii	"trace_buffer_t\000"
 3269      655F6275 
 3269      66666572 
 3269      5F7400
 3270              	.LASF11:
 3271 068e 5F5F7569 		.ascii	"__uint32_t\000"
 3271      6E743332 
 3271      5F7400
 3272              	.LASF43:
 3273 0699 6D74786C 		.ascii	"mtxlist\000"
 3273      69737400 
 3274              	.LASF1:
 3275 06a1 6C6F6E67 		.ascii	"long long int\000"
 3275      206C6F6E 
 3275      6720696E 
 3275      7400
 3276              	.LASF67:
 3277 06af 73797369 		.ascii	"sysinterval_t\000"
 3277      6E746572 
ARM GAS  /tmp/cc5rfSPY.s 			page 64


 3277      76616C5F 
 3277      7400
 3278              	.LASF256:
 3279 06bd 706F7274 		.ascii	"port_lock_from_isr\000"
 3279      5F6C6F63 
 3279      6B5F6672 
 3279      6F6D5F69 
 3279      737200
 3280              	.LASF74:
 3281 06d0 63685F70 		.ascii	"ch_priority_queue_t\000"
 3281      72696F72 
 3281      6974795F 
 3281      71756575 
 3281      655F7400 
 3282              	.LASF131:
 3283 06e4 53504931 		.ascii	"SPI1_IRQn\000"
 3283      5F495251 
 3283      6E00
 3284              	.LASF96:
 3285 06ee 53564361 		.ascii	"SVCall_IRQn\000"
 3285      6C6C5F49 
 3285      52516E00 
 3286              	.LASF59:
 3287 06fa 6D61736B 		.ascii	"mask\000"
 3287      00
 3288              	.LASF154:
 3289 06ff 4650555F 		.ascii	"FPU_IRQn\000"
 3289      4952516E 
 3289      00
 3290              	.LASF137:
 3291 0708 4F54475F 		.ascii	"OTG_FS_WKUP_IRQn\000"
 3291      46535F57 
 3291      4B55505F 
 3291      4952516E 
 3291      00
 3292              	.LASF0:
 3293 0719 756E7369 		.ascii	"unsigned int\000"
 3293      676E6564 
 3293      20696E74 
 3293      00
 3294              	.LASF185:
 3295 0726 4354524C 		.ascii	"CTRL\000"
 3295      00
 3296              	.LASF46:
 3297 072b 6F735F69 		.ascii	"os_instance_t\000"
 3297      6E737461 
 3297      6E63655F 
 3297      7400
 3298              	.LASF129:
 3299 0739 49324332 		.ascii	"I2C2_EV_IRQn\000"
 3299      5F45565F 
 3299      4952516E 
 3299      00
 3300              	.LASF188:
 3301 0746 45584343 		.ascii	"EXCCNT\000"
 3301      4E5400
 3302              	.LASF179:
ARM GAS  /tmp/cc5rfSPY.s 			page 65


 3303 074d 42464152 		.ascii	"BFAR\000"
 3303      00
 3304              	.LASF112:
 3305 0752 444D4131 		.ascii	"DMA1_Stream1_IRQn\000"
 3305      5F537472 
 3305      65616D31 
 3305      5F495251 
 3305      6E00
 3306              	.LASF226:
 3307 0764 6C697374 		.ascii	"list\000"
 3307      00
 3308              	.LASF145:
 3309 0769 444D4132 		.ascii	"DMA2_Stream3_IRQn\000"
 3309      5F537472 
 3309      65616D33 
 3309      5F495251 
 3309      6E00
 3310              	.LASF78:
 3311 077b 63685F64 		.ascii	"ch_delta_list\000"
 3311      656C7461 
 3311      5F6C6973 
 3311      7400
 3312              	.LASF218:
 3313 0789 646C6973 		.ascii	"dlist\000"
 3313      7400
 3314              	.LASF259:
 3315 078f 4952516E 		.ascii	"IRQn\000"
 3315      00
 3316              	.LASF265:
 3317 0794 5072696F 		.ascii	"PriorityGroupTmp\000"
 3317      72697479 
 3317      47726F75 
 3317      70546D70 
 3317      00
 3318              	.LASF269:
 3319 07a5 746F704F 		.ascii	"topOfProcStack\000"
 3319      6650726F 
 3319      63537461 
 3319      636B00
 3320              	.LASF186:
 3321 07b4 43594343 		.ascii	"CYCCNT\000"
 3321      4E5400
 3322              	.LASF31:
 3323 07bb 74687265 		.ascii	"thread_t\000"
 3323      61645F74 
 3323      00
 3324              	.LASF244:
 3325 07c4 69646C65 		.ascii	"idlethread_end\000"
 3325      74687265 
 3325      61645F65 
 3325      6E6400
 3326              	.LASF2:
 3327 07d3 6C6F6E67 		.ascii	"long double\000"
 3327      20646F75 
 3327      626C6500 
 3328              	.LASF225:
 3329 07df 74687265 		.ascii	"thread_reference_t\000"
ARM GAS  /tmp/cc5rfSPY.s 			page 66


 3329      61645F72 
 3329      65666572 
 3329      656E6365 
 3329      5F7400
 3330              	.LASF87:
 3331 07f2 74726163 		.ascii	"trace_event_t\000"
 3331      655F6576 
 3331      656E745F 
 3331      7400
 3332              	.LASF231:
 3333 0800 73656E74 		.ascii	"sentmsg\000"
 3333      6D736700 
 3334              	.LASF215:
 3335 0808 706F7274 		.ascii	"port_intctx\000"
 3335      5F696E74 
 3335      63747800 
 3336              	.LASF255:
 3337 0814 706F7274 		.ascii	"port_unlock_from_isr\000"
 3337      5F756E6C 
 3337      6F636B5F 
 3337      66726F6D 
 3337      5F697372 
 3338              	.LASF63:
 3339 0829 6973725F 		.ascii	"isr_cnt\000"
 3339      636E7400 
 3340              	.LASF207:
 3341 0831 44484353 		.ascii	"DHCSR\000"
 3341      5200
 3342              	.LASF111:
 3343 0837 444D4131 		.ascii	"DMA1_Stream0_IRQn\000"
 3343      5F537472 
 3343      65616D30 
 3343      5F495251 
 3343      6E00
 3344              	.LASF209:
 3345 0849 44435244 		.ascii	"DCRDR\000"
 3345      5200
 3346              	.LASF264:
 3347 084f 7265675F 		.ascii	"reg_value\000"
 3347      76616C75 
 3347      6500
 3348              	.LASF136:
 3349 0859 5254435F 		.ascii	"RTC_Alarm_IRQn\000"
 3349      416C6172 
 3349      6D5F4952 
 3349      516E00
 3350              	.LASF169:
 3351 0868 4E564943 		.ascii	"NVIC_Type\000"
 3351      5F547970 
 3351      6500
 3352              	.LASF155:
 3353 0872 53504934 		.ascii	"SPI4_IRQn\000"
 3353      5F495251 
 3353      6E00
 3354              	.LASF194:
 3355 087c 4D41534B 		.ascii	"MASK0\000"
 3355      3000
ARM GAS  /tmp/cc5rfSPY.s 			page 67


 3356              	.LASF197:
 3357 0882 4D41534B 		.ascii	"MASK1\000"
 3357      3100
 3358              	.LASF153:
 3359 0888 49324333 		.ascii	"I2C3_ER_IRQn\000"
 3359      5F45525F 
 3359      4952516E 
 3359      00
 3360              	.LASF204:
 3361 0895 4D41534B 		.ascii	"MASK3\000"
 3361      3300
 3362              	.LASF89:
 3363 089b 73697A65 		.ascii	"size\000"
 3363      00
 3364              	.LASF135:
 3365 08a0 45585449 		.ascii	"EXTI15_10_IRQn\000"
 3365      31355F31 
 3365      305F4952 
 3365      516E00
 3366              	.LASF14:
 3367 08af 6C6F6E67 		.ascii	"long long unsigned int\000"
 3367      206C6F6E 
 3367      6720756E 
 3367      7369676E 
 3367      65642069 
 3368              	.LASF174:
 3369 08c6 53484353 		.ascii	"SHCSR\000"
 3369      5200
 3370              	.LASF17:
 3371 08cc 75696E74 		.ascii	"uint16_t\000"
 3371      31365F74 
 3371      00
 3372              	.LASF241:
 3373 08d5 6D61696E 		.ascii	"mainthread_base\000"
 3373      74687265 
 3373      61645F62 
 3373      61736500 
 3374              	.LASF27:
 3375 08e5 6D73675F 		.ascii	"msg_t\000"
 3375      7400
 3376              	.LASF125:
 3377 08eb 54494D33 		.ascii	"TIM3_IRQn\000"
 3377      5F495251 
 3377      6E00
 3378              	.LASF133:
 3379 08f5 55534152 		.ascii	"USART1_IRQn\000"
 3379      54315F49 
 3379      52516E00 
 3380              	.LASF251:
 3381 0901 5F5F706F 		.ascii	"__port_irq_epilogue\000"
 3381      72745F69 
 3381      72715F65 
 3381      70696C6F 
 3381      67756500 
 3382              	.LASF79:
 3383 0915 64656C74 		.ascii	"delta\000"
 3383      6100
ARM GAS  /tmp/cc5rfSPY.s 			page 68


 3384              	.LASF21:
 3385 091b 706F7274 		.ascii	"port_stkalign_t\000"
 3385      5F73746B 
 3385      616C6967 
 3385      6E5F7400 
 3386              	.LASF39:
 3387 092b 72656673 		.ascii	"refs\000"
 3387      00
 3388              	.LASF223:
 3389 0930 71756575 		.ascii	"queue\000"
 3389      6500
 3390              	.LASF81:
 3391 0936 72656173 		.ascii	"reason\000"
 3391      6F6E00
 3392              	.LASF118:
 3393 093d 4144435F 		.ascii	"ADC_IRQn\000"
 3393      4952516E 
 3393      00
 3394              	.LASF192:
 3395 0946 50435352 		.ascii	"PCSR\000"
 3395      00
 3396              	.LASF55:
 3397 094b 6D61696E 		.ascii	"mainthread\000"
 3397      74687265 
 3397      616400
 3398              	.LASF159:
 3399 0956 49434552 		.ascii	"ICER\000"
 3399      00
 3400              	.LASF82:
 3401 095b 68616C74 		.ascii	"halt\000"
 3401      00
 3402              	.LASF266:
 3403 0960 5F5F7365 		.ascii	"__set_BASEPRI\000"
 3403      745F4241 
 3403      53455052 
 3403      4900
 3404              	.LASF263:
 3405 096e 5072696F 		.ascii	"PriorityGroup\000"
 3405      72697479 
 3405      47726F75 
 3405      7000
 3406              	.LASF35:
 3407 097c 77616261 		.ascii	"wabase\000"
 3407      736500
 3408              	.LASF101:
 3409 0983 5056445F 		.ascii	"PVD_IRQn\000"
 3409      4952516E 
 3409      00
 3410              	.LASF180:
 3411 098c 41465352 		.ascii	"AFSR\000"
 3411      00
 3412              	.LASF86:
 3413 0991 74696D65 		.ascii	"time\000"
 3413      00
 3414              	.LASF106:
 3415 0996 45585449 		.ascii	"EXTI0_IRQn\000"
 3415      305F4952 
ARM GAS  /tmp/cc5rfSPY.s 			page 69


 3415      516E00
 3416              	.LASF175:
 3417 09a1 43465352 		.ascii	"CFSR\000"
 3417      00
 3418              	.LASF49:
 3419 09a6 726C6973 		.ascii	"rlist\000"
 3419      7400
 3420              	.LASF23:
 3421 09ac 746D6F64 		.ascii	"tmode_t\000"
 3421      655F7400 
 3422              	.LASF115:
 3423 09b4 444D4131 		.ascii	"DMA1_Stream4_IRQn\000"
 3423      5F537472 
 3423      65616D34 
 3423      5F495251 
 3423      6E00
 3424              	.LASF149:
 3425 09c6 444D4132 		.ascii	"DMA2_Stream6_IRQn\000"
 3425      5F537472 
 3425      65616D36 
 3425      5F495251 
 3425      6E00
 3426              	.LASF97:
 3427 09d8 44656275 		.ascii	"DebugMonitor_IRQn\000"
 3427      674D6F6E 
 3427      69746F72 
 3427      5F495251 
 3427      6E00
 3428              	.LASF227:
 3429 09ea 70717565 		.ascii	"pqueue\000"
 3429      756500
 3430              	.LASF152:
 3431 09f1 49324333 		.ascii	"I2C3_EV_IRQn\000"
 3431      5F45565F 
 3431      4952516E 
 3431      00
 3432              	.LASF88:
 3433 09fe 73757370 		.ascii	"suspended\000"
 3433      656E6465 
 3433      6400
 3434              	.LASF34:
 3435 0a08 6E616D65 		.ascii	"name\000"
 3435      00
 3436              	.LASF258:
 3437 0a0d 706F7274 		.ascii	"port_lock\000"
 3437      5F6C6F63 
 3437      6B00
 3438              	.LASF181:
 3439 0a17 4D4D4652 		.ascii	"MMFR\000"
 3439      00
 3440              	.LASF178:
 3441 0a1c 4D4D4641 		.ascii	"MMFAR\000"
 3441      5200
 3442              	.LASF214:
 3443 0a22 78707372 		.ascii	"xpsr\000"
 3443      00
 3444              	.LASF240:
ARM GAS  /tmp/cc5rfSPY.s 			page 70


 3445 0a27 63685F6F 		.ascii	"ch_os_instance_config\000"
 3445      735F696E 
 3445      7374616E 
 3445      63655F63 
 3445      6F6E6669 
 3446              	.LASF5:
 3447 0a3d 73686F72 		.ascii	"short int\000"
 3447      7420696E 
 3447      7400
 3448              	.LASF245:
 3449 0a47 6F735F69 		.ascii	"os_instance_config_t\000"
 3449      6E737461 
 3449      6E63655F 
 3449      636F6E66 
 3449      69675F74 
 3450              	.LASF75:
 3451 0a5c 63685F70 		.ascii	"ch_priority_queue\000"
 3451      72696F72 
 3451      6974795F 
 3451      71756575 
 3451      6500
 3452              	.LASF20:
 3453 0a6e 75696E74 		.ascii	"uint64_t\000"
 3453      36345F74 
 3453      00
 3454              	.LASF105:
 3455 0a77 5243435F 		.ascii	"RCC_IRQn\000"
 3455      4952516E 
 3455      00
 3456              	.LASF260:
 3457 0a80 7072696F 		.ascii	"priority\000"
 3457      72697479 
 3457      00
 3458              	.LASF236:
 3459 0a89 63685F6D 		.ascii	"ch_mutex\000"
 3459      75746578 
 3459      00
 3460              	.LASF53:
 3461 0a92 72666375 		.ascii	"rfcu\000"
 3461      00
 3462              	.LASF41:
 3463 0a97 6D736771 		.ascii	"msgqueue\000"
 3463      75657565 
 3463      00
 3464              	.LASF182:
 3465 0aa0 49534152 		.ascii	"ISAR\000"
 3465      00
 3466              	.LASF114:
 3467 0aa5 444D4131 		.ascii	"DMA1_Stream3_IRQn\000"
 3467      5F537472 
 3467      65616D33 
 3467      5F495251 
 3467      6E00
 3468              	.LASF61:
 3469 0ab7 63685F73 		.ascii	"ch_system_debug\000"
 3469      79737465 
 3469      6D5F6465 
ARM GAS  /tmp/cc5rfSPY.s 			page 71


 3469      62756700 
 3470              	.LASF51:
 3471 0ac7 7265676C 		.ascii	"reglist\000"
 3471      69737400 
 3472              	.LASF72:
 3473 0acf 63685F71 		.ascii	"ch_queue\000"
 3473      75657565 
 3473      00
 3474              	.LASF121:
 3475 0ad8 54494D31 		.ascii	"TIM1_UP_TIM10_IRQn\000"
 3475      5F55505F 
 3475      54494D31 
 3475      305F4952 
 3475      516E00
 3476              	.LASF50:
 3477 0aeb 76746C69 		.ascii	"vtlist\000"
 3477      737400
 3478              	.LASF40:
 3479 0af2 77616974 		.ascii	"waiting\000"
 3479      696E6700 
 3480              	.LASF246:
 3481 0afa 6D757465 		.ascii	"mutex_t\000"
 3481      785F7400 
 3482              	.LASF25:
 3483 0b02 74726566 		.ascii	"trefs_t\000"
 3483      735F7400 
 3484              	.LASF216:
 3485 0b0a 706F7274 		.ascii	"port_context\000"
 3485      5F636F6E 
 3485      74657874 
 3485      00
 3486              	.LASF19:
 3487 0b17 75696E74 		.ascii	"uint32_t\000"
 3487      33325F74 
 3487      00
 3488              	.LASF249:
 3489 0b20 5F5F706F 		.ascii	"__port_switch_from_isr\000"
 3489      72745F73 
 3489      77697463 
 3489      685F6672 
 3489      6F6D5F69 
 3490              	.LASF119:
 3491 0b37 45585449 		.ascii	"EXTI9_5_IRQn\000"
 3491      395F355F 
 3491      4952516E 
 3491      00
 3492              	.LASF228:
 3493 0b44 7264796D 		.ascii	"rdymsg\000"
 3493      736700
 3494              	.LASF110:
 3495 0b4b 45585449 		.ascii	"EXTI4_IRQn\000"
 3495      345F4952 
 3495      516E00
 3496              	.LASF8:
 3497 0b56 73686F72 		.ascii	"short unsigned int\000"
 3497      7420756E 
 3497      7369676E 
ARM GAS  /tmp/cc5rfSPY.s 			page 72


 3497      65642069 
 3497      6E7400
 3498              	.LASF139:
 3499 0b69 5344494F 		.ascii	"SDIO_IRQn\000"
 3499      5F495251 
 3499      6E00
 3500              	.LASF183:
 3501 0b73 43504143 		.ascii	"CPACR\000"
 3501      5200
 3502              	.LASF161:
 3503 0b79 49535052 		.ascii	"ISPR\000"
 3503      00
 3504              	.LASF109:
 3505 0b7e 45585449 		.ascii	"EXTI3_IRQn\000"
 3505      335F4952 
 3505      516E00
 3506              	.LASF98:
 3507 0b89 50656E64 		.ascii	"PendSV_IRQn\000"
 3507      53565F49 
 3507      52516E00 
 3508              	.LASF138:
 3509 0b95 444D4131 		.ascii	"DMA1_Stream7_IRQn\000"
 3509      5F537472 
 3509      65616D37 
 3509      5F495251 
 3509      6E00
 3510              	.LASF253:
 3511 0ba7 5356435F 		.ascii	"SVC_Handler\000"
 3511      48616E64 
 3511      6C657200 
 3512              	.LASF243:
 3513 0bb3 69646C65 		.ascii	"idlethread_base\000"
 3513      74687265 
 3513      61645F62 
 3513      61736500 
 3514              	.LASF9:
 3515 0bc3 5F5F696E 		.ascii	"__int32_t\000"
 3515      7433325F 
 3515      7400
 3516              	.LASF191:
 3517 0bcd 464F4C44 		.ascii	"FOLDCNT\000"
 3517      434E5400 
 3518              	.LASF157:
 3519 0bd5 49534552 		.ascii	"ISER\000"
 3519      00
 3520              	.LASF211:
 3521 0bda 436F7265 		.ascii	"CoreDebug_Type\000"
 3521      44656275 
 3521      675F5479 
 3521      706500
 3522              	.LASF70:
 3523 0be9 6E657874 		.ascii	"next\000"
 3523      00
 3524              	.LASF73:
 3525 0bee 70726576 		.ascii	"prev\000"
 3525      00
 3526              	.LASF144:
ARM GAS  /tmp/cc5rfSPY.s 			page 73


 3527 0bf3 444D4132 		.ascii	"DMA2_Stream2_IRQn\000"
 3527      5F537472 
 3527      65616D32 
 3527      5F495251 
 3527      6E00
 3528              	.LASF248:
 3529 0c05 5F5F706F 		.ascii	"__port_exit_from_isr\000"
 3529      72745F65 
 3529      7869745F 
 3529      66726F6D 
 3529      5F697372 
 3530              	.LASF272:
 3531 0c1a 474E5520 		.ascii	"GNU C17 11.3.1 20220712 -mcpu=cortex-m4 -mthumb -mf"
 3531      43313720 
 3531      31312E33 
 3531      2E312032 
 3531      30323230 
 3532 0c4d 6C6F6174 		.ascii	"loat-abi=soft -march=armv7e-m -ggdb -O2 -fomit-fram"
 3532      2D616269 
 3532      3D736F66 
 3532      74202D6D 
 3532      61726368 
 3533 0c80 652D706F 		.ascii	"e-pointer -falign-functions=16 -ffunction-sections "
 3533      696E7465 
 3533      72202D66 
 3533      616C6967 
 3533      6E2D6675 
 3534 0cb3 2D666461 		.ascii	"-fdata-sections -fno-common -flto\000"
 3534      74612D73 
 3534      65637469 
 3534      6F6E7320 
 3534      2D666E6F 
 3535              		.section	.gnu.debuglto_.debug_line_str,"eMS",%progbits,1
 3536              	.LASF286:
 3537 0000 5F646566 		.ascii	"_default_types.h\000"
 3537      61756C74 
 3537      5F747970 
 3537      65732E68 
 3537      00
 3538              	.LASF283:
 3539 0011 2F686F6D 		.ascii	"/home/rob/Projects/ChibiStudio/ChibiStudio_23/tools"
 3539      652F726F 
 3539      622F5072 
 3539      6F6A6563 
 3539      74732F43 
 3540 0044 2F474E55 		.ascii	"/GNU Tools ARM Embedded/11.3.1 2022q3/arm-none-eabi"
 3540      20546F6F 
 3540      6C732041 
 3540      524D2045 
 3540      6D626564 
 3541 0077 2F696E63 		.ascii	"/include/machine\000"
 3541      6C756465 
 3541      2F6D6163 
 3541      68696E65 
 3541      00
 3542              	.LASF277:
 3543 0088 2F686F6D 		.ascii	"/home/rob/Projects/ChibiStudio/ChibiStudio_23/works"
ARM GAS  /tmp/cc5rfSPY.s 			page 74


 3543      652F726F 
 3543      622F5072 
 3543      6F6A6563 
 3543      74732F43 
 3544 00bb 70616365 		.ascii	"pace_trunk/STM32_GPIB_firmware/\000"
 3544      5F747275 
 3544      6E6B2F53 
 3544      544D3332 
 3544      5F475049 
 3545              	.LASF303:
 3546 00db 63687363 		.ascii	"chschd.h\000"
 3546      68642E68 
 3546      00
 3547              	.LASF298:
 3548 00e4 6368636F 		.ascii	"chcore.h\000"
 3548      72652E68 
 3548      00
 3549              	.LASF299:
 3550 00ed 63687365 		.ascii	"chsem.h\000"
 3550      6D2E6800 
 3551              	.LASF278:
 3552 00f5 2E2E2F2E 		.ascii	"../../chibios_trunk/os/common/ext/ARM/CMSIS/Core/In"
 3552      2E2F6368 
 3552      6962696F 
 3552      735F7472 
 3552      756E6B2F 
 3553 0128 636C7564 		.ascii	"clude\000"
 3553      6500
 3554              	.LASF301:
 3555 012e 6368636F 		.ascii	"chcore.c\000"
 3555      72652E63 
 3555      00
 3556              	.LASF300:
 3557 0137 63686D74 		.ascii	"chmtx.h\000"
 3557      782E6800 
 3558              	.LASF282:
 3559 013f 2E2E2F2E 		.ascii	"../../chibios_trunk/os/rt/include\000"
 3559      2E2F6368 
 3559      6962696F 
 3559      735F7472 
 3559      756E6B2F 
 3560              	.LASF293:
 3561 0161 63687469 		.ascii	"chtime.h\000"
 3561      6D652E68 
 3561      00
 3562              	.LASF290:
 3563 016a 63686F62 		.ascii	"chobjects.h\000"
 3563      6A656374 
 3563      732E6800 
 3564              	.LASF279:
 3565 0176 2E2E2F2E 		.ascii	"../../chibios_trunk/os/common/ext/ST/STM32F4xx\000"
 3565      2E2F6368 
 3565      6962696F 
 3565      735F7472 
 3565      756E6B2F 
 3566              	.LASF280:
 3567 01a5 2E2E2F2E 		.ascii	"../../chibios_trunk/os/common/ports/ARM-common\000"
ARM GAS  /tmp/cc5rfSPY.s 			page 75


 3567      2E2F6368 
 3567      6962696F 
 3567      735F7472 
 3567      756E6B2F 
 3568              	.LASF288:
 3569 01d4 63687479 		.ascii	"chtypes.h\000"
 3569      7065732E 
 3569      6800
 3570              	.LASF287:
 3571 01de 5F737464 		.ascii	"_stdint.h\000"
 3571      696E742E 
 3571      6800
 3572              	.LASF294:
 3573 01e8 63686C69 		.ascii	"chlists.h\000"
 3573      7374732E 
 3573      6800
 3574              	.LASF297:
 3575 01f2 636F7265 		.ascii	"core_cm4.h\000"
 3575      5F636D34 
 3575      2E6800
 3576              	.LASF296:
 3577 01fd 73746D33 		.ascii	"stm32f401xe.h\000"
 3577      32663430 
 3577      3178652E 
 3577      6800
 3578              	.LASF284:
 3579 020b 2F686F6D 		.ascii	"/home/rob/Projects/ChibiStudio/ChibiStudio_23/tools"
 3579      652F726F 
 3579      622F5072 
 3579      6F6A6563 
 3579      74732F43 
 3580 023e 2F474E55 		.ascii	"/GNU Tools ARM Embedded/11.3.1 2022q3/arm-none-eabi"
 3580      20546F6F 
 3580      6C732041 
 3580      524D2045 
 3580      6D626564 
 3581 0271 2F696E63 		.ascii	"/include/sys\000"
 3581      6C756465 
 3581      2F737973 
 3581      00
 3582              	.LASF291:
 3583 027e 63687266 		.ascii	"chrfcu.h\000"
 3583      63752E68 
 3583      00
 3584              	.LASF285:
 3585 0287 2E2E2F2E 		.ascii	"../../chibios_trunk/os/common/ports/ARMv7-M/chcore."
 3585      2E2F6368 
 3585      6962696F 
 3585      735F7472 
 3585      756E6B2F 
 3586 02ba 6300     		.ascii	"c\000"
 3587              	.LASF302:
 3588 02bc 636D7369 		.ascii	"cmsis_gcc.h\000"
 3588      735F6763 
 3588      632E6800 
 3589              	.LASF289:
 3590 02c8 63686561 		.ascii	"chearly.h\000"
ARM GAS  /tmp/cc5rfSPY.s 			page 76


 3590      726C792E 
 3590      6800
 3591              	.LASF292:
 3592 02d2 63686465 		.ascii	"chdebug.h\000"
 3592      6275672E 
 3592      6800
 3593              	.LASF295:
 3594 02dc 63687472 		.ascii	"chtrace.h\000"
 3594      6163652E 
 3594      6800
 3595              	.LASF281:
 3596 02e6 2E2E2F2E 		.ascii	"../../chibios_trunk/os/common/ports/ARMv7-M\000"
 3596      2E2F6368 
 3596      6962696F 
 3596      735F7472 
 3596      756E6B2F 
 3597              		.text
 3598              		.section	.gnu.lto_.profile.ba1de13e6557be0b,"e",%progbits
 3599 0000 789C6362 		.ascii	"x\234cb\000\001\000\000\022\000\003"
 3599      00010000 
 3599      120003
 3600              		.text
 3601              		.section	.gnu.lto_.icf.ba1de13e6557be0b,"e",%progbits
 3602 0000 789CF363 		.ascii	"x\234\363c@\000\026\206y\377\236M\340acb`b\204a\346"
 3602      40001686 
 3602      79FF9E4D 
 3602      E0616362 
 3602      60628461 
 3603 0015 071B567D 		.ascii	"\007\033V}\344``\371\333\364\3719\257\000P\204\011\212"
 3603      E46060F9 
 3603      DBF4F939 
 3603      AF005084 
 3603      098A
 3604 0027 99A19805 		.ascii	"\231\241\230\005\214Y\201b@\314\272\362\322\217c\374"
 3604      8C598162 
 3604      40CCBAF2 
 3604      D28F63FC 
 3605 0037 60250C00 		.ascii	"`%\014\000\212\316\015\313"
 3605      8ACE0DCB 
 3606              		.text
 3607              		.section	.gnu.lto_.ipa_sra.ba1de13e6557be0b,"e",%progbits
 3608 0000 789C1363 		.ascii	"x\234\023c@\000\026\006\006F\006\006f\006F\026 \305"
 3608      40001606 
 3608      06460606 
 3608      66064616 
 3608      20C5
 3609 0012 C0CAC80A 		.ascii	"\300\312\310\012\34422\000\000\004J\0002"
 3609      E4323200 
 3609      00044A00 
 3609      32
 3610              		.text
 3611              		.section	.gnu.lto_.inline.ba1de13e6557be0b,"e",%progbits
 3612 0000 789C9BC5 		.ascii	"x\234\233\305\200\000,\014\014\274\015\015\015\007\230"
 3612      80002C0C 
 3612      0CBC0D0D 
 3612      0D0798
 3613 000f D2191998 		.ascii	"\322\031\031\230\004@,\346T\006\0066 \243\201)\205\211"
ARM GAS  /tmp/cc5rfSPY.s 			page 77


 3613      04402CE6 
 3613      54060636 
 3613      20A38129 
 3613      8589
 3614 0021 8109A486 		.ascii	"\201\011\244\206\211\033D23\260\203D\231S\201\0129\300"
 3614      891B4432 
 3614      33B08344 
 3614      9953810A 
 3614      39C0
 3615 0033 F2180A59 		.ascii	"\362\030\012Y\030\004\301|\220Y2`\263\322\320\225\260"
 3615      1804C17C 
 3615      90593260 
 3615      B3D2D095 
 3615      B0
 3616 0044 3270352D 		.ascii	"2p5-^\272\213)\015\250\204g\316\217\326\317\230\246"
 3616      5EBA8B29 
 3616      0DA88467 
 3616      CE8FD6CF 
 3616      98A6
 3617 0056 3072815D 		.ascii	"0r\201]\006\000T$ \217"
 3617      06005424 
 3617      208F
 3618              		.text
 3619              		.section	.gnu.lto_.jmpfuncs.ba1de13e6557be0b,"e",%progbits
 3620 0000 789C1361 		.ascii	"x\234\023a@\000\026\020\301\014\244\031\031\031\030"
 3620      40001610 
 3620      C10CA419 
 3620      191918
 3621 000f 98D85841 		.ascii	"\230\330XA\\\000\003\255\000/"
 3621      5C0003AD 
 3621      002F
 3622              		.text
 3623              		.section	.gnu.lto_.pureconst.ba1de13e6557be0b,"e",%progbits
 3624 0000 789CE365 		.ascii	"x\234\343e```a\330\305\312\274\213\225e\027+\353.V\000"
 3624      60606061 
 3624      D8C5CABC 
 3624      8B956517 
 3624      2BEB2E56 
 3625 0015 14B6031A 		.ascii	"\024\266\003\032"
 3626              		.text
 3627              		.section	.gnu.lto_.ipa_modref.ba1de13e6557be0b,"e",%progbits
 3628 0000 789C5365 		.ascii	"x\234Se@\000&\006\006\005\001\001\010\301\310\304\016"
 3628      40002606 
 3628      06050101 
 3628      08C1C8C4 
 3628      0E
 3629 0011 C41C8C0C 		.ascii	"\304\034\214\014\014,\214\034@\001F\0060\301\300\000"
 3629      0C2C8C1C 
 3629      40014606 
 3629      30C1C000 
 3630 0021 001DE001 		.ascii	"\000\035\340\001M"
 3630      4D
 3631              		.text
 3632              		.section	.gnu.lto_.lto.ba1de13e6557be0b,"e",%progbits
 3633 0000 0B000300 		.ascii	"\013\000\003\000\001\000\000\000"
 3633      01000000 
 3634              		.text
ARM GAS  /tmp/cc5rfSPY.s 			page 78


 3635              		.section	.gnu.lto_SVC_Handler.336.ba1de13e6557be0b,"e",%progbits
 3636 0000 789C9D93 		.ascii	"x\234\235\223_lSu\024\307\317\271w\355\332\214\014#"
 3636      5F6C5375 
 3636      14C7CFB9 
 3636      77EDDA8C 
 3636      0C23
 3637 0012 2121FA52 		.ascii	"!!\372R0\006\023G\257n\020}!\021\0270{h\\V\336\233\355"
 3637      30061347 
 3637      AF6E107D 
 3637      21111730 
 3637      7B685C56 
 3638 0029 72C7EAE8 		.ascii	"r\307\352\350n\275\267\245\314\245\351\335\212\303L"
 3638      6EBDB7A5 
 3638      CCA5E9DD 
 3638      8AC34C
 3639 0038 08C38826 		.ascii	"\010\303\210&\012+\304\027^\220\230\000\216\375\201"
 3639      0A2BC417 
 3639      5E909800 
 3639      8EFD81
 3640 0047 4B46994C 		.ascii	"KF\231L\266\306\362o\374]2\036\214\220lM\020\235a0\317"
 3640      B6C6F26F 
 3640      FC5D321E 
 3640      8C906C4D 
 3640      109D6130 
 3641 005c F9DD5B42 		.ascii	"\371\335[B|\360\201\246\351\375\235\357\357{\316\371"
 3641      7CF081A6 
 3641      E9FD9DEF 
 3641      EF7BCEF9 
 3642 006c FCCEEF36 		.ascii	"\374\316\3576'\003\354D\2007\000\000e\300\257\016\364"
 3642      2703EC44 
 3642      80370000 
 3642      65C0AF0E 
 3642      F4
 3643 007d 496059D6 		.ascii	"I`Y\326\007\225\022v\037\350\363\3430\212\010!#a\006"
 3643      07951276 
 3643      1FE8F3E3 
 3643      308A0821 
 3643      236106
 3644 0090 8FCA0A85 		.ascii	"\217\312\012\205\013\371\207\326O\253\254c6>\000\310"
 3644      0BF987D6 
 3644      4FABAC63 
 3644      363E00C8 
 3645 00a0 80FBF1A0 		.ascii	"\200\373\361\240w\005V\320\357J\014x\320\267\027Iy\333"
 3645      770556D0 
 3645      EF4A0C78 
 3645      D0B71749 
 3645      79DB
 3646 00b2 B6AC525F 		.ascii	"\266\254R_vOu\177\267/=\204\23138\210\354\355\307\317"
 3646      764F757F 
 3646      B72F3D84 
 3646      99333888 
 3646      ECEDC7CF 
 3647 00c6 0355308C 		.ascii	"\003U0\214\234-\223\371\207\262y\360\344\227\377\354"
 3647      9C2D93F9 
 3647      87B279F0 
 3647      E497FFEC 
 3648 00d6 A9B47EB1 		.ascii	"\251\264~\261*\322\243\330%\354g\221\375WV{\260\212"
ARM GAS  /tmp/cc5rfSPY.s 			page 79


 3648      2AD2A3D8 
 3648      25EC6791 
 3648      FD57567B 
 3648      B08A
 3649 00e8 D75DE7D8 		.ascii	"\327]\347\330[E\030#?f\363G=0\202]n\362\202H>d\331\273"
 3649      5B451823 
 3649      3F66F347 
 3649      3D30825D 
 3649      6EF28248 
 3650 0100 03949D79 		.ascii	"\003\224\235y\236\015Up\036\301F'\023\240s\214\027\276"
 3650      9E0D5570 
 3650      1EC14627 
 3650      13A0738C 
 3650      17BE
 3651 0112 12FFAE63 		.ascii	"\022\377\256c\302\343\227\276\255\356\307\364\005\354"
 3651      C2E397BE 
 3651      ADEEC7F4 
 3651      05EC
 3652 0120 14397994 		.ascii	"\0249y\224\260\037O\255v\253\336\351\375b\014\235\252"
 3652      B01F4FAD 
 3652      76ABDEE9 
 3652      FD620C9D 
 3652      AA
 3653 0131 17DCAA79 		.ascii	"\027\334\252y\024\007f\212\301\302\273\027\221 :\251"
 3653      1407668A 
 3653      C1C2BB17 
 3653      91203AA9 
 3654 0141 0B8CE398 		.ascii	"\013\214\343\230\333#u\251\2149}\225\267\223nthi\374"
 3654      DB2375A9 
 3654      8C397D95 
 3654      B7936E74 
 3654      6869FC
 3655 0154 F1EB3081 		.ascii	"\361\3530\201&\023\234\222\\\002\"\277]x\215zT\244/"
 3655      26139C92 
 3655      5C0222BF 
 3655      5D788D7A 
 3655      54A42F
 3656 0167 634AB498 		.ascii	"cJ\264\230\024\020\337\225!\236\355?\361s\315XVL\346"
 3656      1410DF95 
 3656      219EED3F 
 3656      F173CD58 
 3656      564CE6
 3657 017a B24B31F9 		.ascii	"\262K1\371\002\305\335\357\275S\010\277b\2121\012H\335"
 3657      02C5DDEF 
 3657      BD5308BF 
 3657      628A310A 
 3657      48DD
 3658 018c 6953C221 		.ascii	"iS\302!D\033O\024=\266\265\270\264\337\262\177_\331"
 3658      441B4F14 
 3658      3DB6B5B8 
 3658      B4DFB27F 
 3658      5FD9
 3659 019e 3D6BDFBF 		.ascii	"=k\337\277\266\305#\001m\321}\333\344\032\220\371\306"
 3659      B6C52301 
 3659      6DD17DDB 
 3659      E41A90F9 
 3659      C6
ARM GAS  /tmp/cc5rfSPY.s 			page 80


 3660 01af AD0AB46C 		.ascii	"\255\012\264l\200\234,9A\226\202\277%k\366 \235\216"
 3660      809C2C39 
 3660      419682BF 
 3660      256BF620 
 3660      9D8E
 3661 01c1 9E8FFEF8 		.ascii	"\236\217\376\370\346^!\207<CV\037\025\374x\336Y\376"
 3661      E65E2187 
 3661      3C43561F 
 3661      15FC78DE 
 3661      59FE
 3662 01d3 B51C16A5 		.ascii	"\265\034\026\245\3565\334oT\362\340\332\011\251\327"
 3662      EE35DC6F 
 3662      54F2E0DA 
 3662      09A9D7
 3663 01e2 F7A907FD 		.ascii	"\367\251\007\375\304\366\033\002=\212\270\213K\365\004"
 3663      C4F61B02 
 3663      3D8AB88B 
 3663      4BF504
 3664 01f1 A89B2C8B 		.ascii	"\250\233,\213\234\205\345,\224\316\354\373\272\367 "
 3664      9C85E52C 
 3664      94CEECFB 
 3664      BAF720
 3665 0200 D23B2638 		.ascii	"\322;&8\204e\250l9L}\237H\331\201\336\215\262$\313\336"
 3665      8465A86C 
 3665      394C7D9F 
 3665      48D981DE 
 3665      8DB224CB 
 3666 0215 B730F0DC 		.ascii	"\2670\360\334 \011\303\250\000#%\357*\204x\253x\030"
 3666      2009C3A8 
 3666      002325EF 
 3666      2A8478AB 
 3666      7818
 3667 0227 D1019E9D 		.ascii	"\321\001\236\235)\372q\034\005\033\317i\212\331n\023"
 3667      29FA711C 
 3667      051BCF69 
 3667      8AD96E13 
 3668 0237 9BEEB05D 		.ascii	"\233\356\260]\023l\327\3613\321\2704\270od\013\203\344"
 3668      136CD7F1 
 3668      33D1B834 
 3668      B86F640B 
 3668      83E4
 3669 0249 D13976D1 		.ascii	"\3219v\321+J>\315\025\347\247W\3608Y\2741\277\212\237"
 3669      2B4A3ECD 
 3669      15E7A757 
 3669      F03859BC 
 3669      31BF8A9F 
 3670 025d F767E648 		.ascii	"\367g\346H\233p\264\307s\254\365\034\241\211N\2427\355"
 3670      9B70B4C7 
 3670      73ACF51C 
 3670      A1894EA2 
 3670      37ED
 3671 026f A413CAE9 		.ascii	"\244\023\312\351\031B\231r<\3033~,0J\317\032\276\227"
 3671      19429972 
 3671      3CC3337E 
 3671      2C304ACF 
 3671      1ABE97
 3672 0282 7BFF41B9 		.ascii	"{\377A\271)Pn\3414\2772k\347i#\306\362\035g&\245\305"
ARM GAS  /tmp/cc5rfSPY.s 			page 81


 3672      29506EE1 
 3672      34BF326B 
 3672      E76923C6 
 3672      F21D6726 
 3673 0298 DC9F733E 		.ascii	"\334\237s>\256\016\260$\206v\365\242\217P\305\237n@"
 3673      AE0EB024 
 3673      8676F5A2 
 3673      8F50C59F 
 3673      6E40
 3674 02aa 46E7BA7A 		.ascii	"F\347\272zl\016\303J\233\036\323\024CoQ\032\015\375"
 3674      6C0EC34A 
 3674      9B1ED314 
 3674      436F511A 
 3674      0DFD
 3675 02bc 134D4D98 		.ascii	"\023MM\230J}[\264%\032N$\267E\365\027\327\221\332:%"
 3675      4A7D5BB4 
 3675      251A4E24 
 3675      B745F517 
 3675      D791DA3A 
 3676 02d1 A51BED66 		.ascii	"\245\033\355f\274Y\325\"\011#\331\321\256\204\267\206"
 3676      BC59D522 
 3676      0923D9D1 
 3676      AE84B786 
 3677 02e1 EA6A231F 		.ascii	"\352j#\03756|\030i\215\032\261T\263\241)\260!\030T\350"
 3677      35367C18 
 3677      698D1AB1 
 3677      54B3A129 
 3677      B0211854 
 3678 02f6 AB72AA6E 		.ascii	"\253r\252n\272N\335TT=\026\323;\224\270nP\223MM\241"
 3678      BA4EDD54 
 3678      543D16D3 
 3678      3B94B86E 
 3678      50934D4D 
 3679 030b 9DEFAD0B 		.ascii	"\235\357\255\013\221K\325\015-\250\202\0347\343\257"
 3679      914BD50D 
 3679      2DA8821C 
 3679      37E3AF
 3680 031a 96A360CB 		.ascii	"\226\243`\313\372\326\332\272\326\015\357\203\327\320"
 3680      FAD6DABA 
 3680      D60DEF83 
 3680      D7D0
 3681 0328 CCE48EC4 		.ascii	"\314\344\216\304\346\377\257\251\355JpE\245>\024n\010"
 3681      E6FFAFA9 
 3681      ED4A7045 
 3681      A53E146E 
 3681      08
 3682 0339 2BF55443 		.ascii	"+\365TCi\350Pw$\267i\212\0323\243fd\273\252\006\333"
 3682      69E85077 
 3682      24B7698A 
 3682      1A33A366 
 3682      64BBAA06 
 3683 034e A03AA1C7 		.ascii	"\240:\241\307?n\245\203\252\341D\263\332\3762\240mP"
 3683      3F6EA583 
 3683      AAE144B3 
 3683      DAFE32A0 
 3683      6D50
 3684 0360 D9D26C6A 		.ascii	"\331\322lj\215FtY\250)\034x\363\235\232\000\201\203"
ARM GAS  /tmp/cc5rfSPY.s 			page 82


 3684      8D467459 
 3684      A8291C78 
 3684      F39D9A00 
 3684      8183
 3685 0372 BCD18065 		.ascii	"\274\321\200e\241p\023\0075\244\202d\300+\034\2639n"
 3685      A1701307 
 3685      35A48264 
 3685      C02B1CB3 
 3685      396E
 3686 0384 44855619 		.ascii	"D\205V\031\323b\272\321\011\377\002j}\270\254"
 3686      D362BAD1 
 3686      09FF026A 
 3686      7DB8AC
 3687              		.text
 3688              		.section	.gnu.lto_port_init.337.ba1de13e6557be0b,"e",%progbits
 3689 0000 789C9D55 		.ascii	"x\234\235U\177l\023U\034\177\337{mw\035\012\004\002"
 3689      7F6C1355 
 3689      1C7FDF7B 
 3689      6D771D0A 
 3689      0402
 3690 0012 41A3B1A0 		.ascii	"A\243\261\240\006\214\260[:P\374\303DEC&Y\034\024c\210"
 3690      068CB05B 
 3690      3A50FCC3 
 3690      44454326 
 3690      591C1463 
 3691 0027 31CD761C 		.ascii	"1\315v\034\254\216\356\352ue.\215\366m#\240S\342\206"
 3691      AC8EEEEA 
 3691      75652E8D 
 3691      F66D23A0 
 3691      53E286
 3692 003a 44C6C28F 		.ascii	"D\306\302\217\021\022\003\011AP\243\003d\353\030\023"
 3692      11120309 
 3692      4150A303 
 3692      64EB1813 
 3693 004a 1CB0015B 		.ascii	"\034\260\001[pc\362C$n\0031\245c\262\301d~\337\273k"
 3693      7063F243 
 3693      246E0331 
 3693      A563B2C1 
 3693      647EDFBB 
 3694 005f 19B0F807 		.ascii	"\031\260\370\007M\357\335{\367>\357\363\343\373z\257"
 3694      4DEFDD7B 
 3694      F73EEFF3 
 3694      E3FB7AAF 
 3695 006f CFA41072 		.ascii	"\317\244\020r\004\010y\232\020\002\224\300\272\312r"
 3695      0408799A 
 3695      100294C0 
 3695      BACA72
 3696 007e 8930C65E 		.ascii	"\2110\306^I\221\240\244\262\334\011\007@\214\200D$\210"
 3696      4991A0A4 
 3696      B2DC0907 
 3696      408C8044 
 3696      2488
 3697 0090 C036AAE0 		.ascii	"\3006\252\340p\240\351jM\375\024\266#\012W\010\211\020"
 3697      70A0E96A 
 3697      4DFD14B6 
 3697      230A5708 
 3697      8910
ARM GAS  /tmp/cc5rfSPY.s 			page 83


 3698 00a2 F1B18363 		.ascii	"\361\261\203c\"\330\260\235\004.;\310\237\003\231\025"
 3698      22D8B09D 
 3698      042E3BC8 
 3698      9F039915 
 3699 00b2 65EC647D 		.ascii	"e\354d}-cN\362\321~\210\354\203Z\324\221\240\002\376"
 3699      2D634EF2 
 3699      D17E88EC 
 3699      835AD491 
 3699      A002FE
 3700 00c5 7E8A9031 		.ascii	"~\212\2201b\241\035\221\333\001\327>\217\330\201\216"
 3700      62A11D91 
 3700      DB01D73E 
 3700      8FD8818E 
 3701 00d5 CF86FAD2 		.ascii	"\317\206\372\322\033\312\330Qf\013\037\204b\261\240"
 3701      1BCAD851 
 3701      660B1F84 
 3701      62B1A0
 3702 00e4 0ED75440 		.ascii	"\016\327T@\311T\004\016&\200{n\367\0058\246\336\302"
 3702      C954040E 
 3702      26807B6E 
 3702      F70538A6 
 3702      DEC2
 3703 00f6 4405E61F 		.ascii	"D\005\346\037\224\035\203}\\Q\334\300\241r\231\204-"
 3703      941D837D 
 3703      5C51DCC0 
 3703      A1729984 
 3703      2D
 3704 0107 77111BEC 		.ascii	"w\021\033\354\353\371\003\330\204\360!kE#HR\005\364"
 3704      EBF903D8 
 3704      84F0216B 
 3704      45234852 
 3704      05F4
 3705 0119 BA2CE1DF 		.ascii	"\272,\341\337V\337j\204M,\272\312\205\210\210\205\020"
 3705      56DF6A84 
 3705      4D2CBACA 
 3705      85888885 
 3705      10
 3706 012a 99C660DA 		.ascii	"\231\306`\332\332&\367a ?A\361\350>#I\237\017\330\213"
 3706      DA26F761 
 3706      203F41F1 
 3706      E83E2349 
 3706      9F0FD88B 
 3707 013e 24ED61DE 		.ascii	"$\355a\336#\3603\220&\020\3260}\321/\302c\245\360\210"
 3707      23F03390 
 3707      2610D630 
 3707      7DD12FC2 
 3707      63A5F088 
 3708 0152 2AB1DAC1 		.ascii	"*\261\332\301]m\300\034\241f(\232\343&\307@\262W@\003"
 3708      5D6DC01C 
 3708      A166289A 
 3708      E326C740 
 3708      B2574003 
 3709 0166 77C8120E 		.ascii	"w\310\022\016\253Y\264\304\205\363\0211/\364\344\257"
 3709      AB59B4C4 
 3709      85F31131 
 3709      2FF4E4AF 
 3710 0176 1219D155 		.ascii	"\022\031\321U\355\340\214*^\356\360\011(\022\312-\""
ARM GAS  /tmp/cc5rfSPY.s 			page 84


 3710      EDE08C2A 
 3710      5EEEF009 
 3710      2812CA2D 
 3710      22
 3711 0187 66CB2831 		.ascii	"f\313(1OX\336Z\356\306\034hq\267\302q\036\264\210\357"
 3711      4F58DE5A 
 3711      EEC61C68 
 3711      71B7C271 
 3711      1EB488EF 
 3712 019b CE491006 		.ascii	"\316I\020\006\271z\354V\243\257\212\331\356U\346\214"
 3712      B97AEC56 
 3712      A3AF8AD9 
 3712      EE55E68C 
 3713 01ab 15828C8C 		.ascii	"\025\202\214\214\312\326\352n\203\323I\266v\223\015"
 3713      CAD6EA6E 
 3713      83D349B6 
 3713      76930D
 3714 01ba 7BC13360 		.ascii	"{\3013`A:\206\371\364\007<\305\326d\212-_v\265>\216"
 3714      413A86F9 
 3714      F4073CC5 
 3714      D6648A2D 
 3714      5F76B53E 
 3715 01cf B4B67007 		.ascii	"\264\266p\007\004\005i\247\010Q=\325\012\261\177\303"
 3715      040569A7 
 3715      08513DD5 
 3715      0AB17FC3 
 3716 01df DA7D331B 		.ascii	"\332}3\033\315\342wX\272\235#6\353\370&\307Y \277B\220"
 3716      CDE27758 
 3716      BA9D2336 
 3716      EBF826C7 
 3716      5920BF42 
 3717 01f4 CB76C119 		.ascii	"\313v\301\031KV?\227\224=\376\004N\353|\372<\340S\\"
 3717      4B563F97 
 3717      943DFE04 
 3717      4EEB7CFA 
 3717      3CE0535C 
 3718 0208 0BB835DF 		.ascii	"\013\2705\337\234\266G\331\320\360\027,\332=\251\341"
 3718      9CB647D9 
 3718      D0F0172C 
 3718      DA3DA9E1 
 3719 0218 CEC5CB1B 		.ascii	"\316\305\313\033\027\214\007\"9%\274(^6\274d\2028'o"
 3719      178C0722 
 3719      3925BC28 
 3719      5E36BC64 
 3719      8238276F 
 3720 022c 527943C8 		.ascii	"RyC\310\026\312_\025f\003\026%d+\225\314A\031\016nJ"
 3720      16CA5F15 
 3720      66031625 
 3720      642B95CC 
 3720      41190E6E 
 3721 0241 ECD220BE 		.ascii	"\354\322 \276W\374~'\205\337\372\372wW\307;&rC\374\341"
 3721      57FC7E27 
 3721      85DFFAFA 
 3721      7757C73B 
 3721      267243FC 
 3722 0256 DEF814BC 		.ascii	"\336\370\024\274\227\326H\004:\301\021\206t\2019\370"
 3722      97D64804 
ARM GAS  /tmp/cc5rfSPY.s 			page 85


 3722      3AC11186 
 3722      748139F8 
 3723 0266 F50F1736 		.ascii	"\365\017\0276\003\23451\007.8\241\013\310\220T:\215"
 3723      039C3531 
 3723      072E38A1 
 3723      0BC89054 
 3723      3A8D
 3724 0278 DBDC4EED 		.ascii	"\333\334N\3550\375{\272Z\316\267\243\013B~\007\202\267"
 3724      30FD7BBA 
 3724      5ACEB7A3 
 3724      0B427E07 
 3724      82B7
 3725 028a 4B709127 		.ascii	"Kp\221'\233\376#N\370\370\343\313\300\345Kc7v\357\211"
 3725      9BFE234E 
 3725      F8F8E3CB 
 3725      C0E54B63 
 3725      3776EF89 
 3726 029e CB9CDD74 		.ascii	"\313\234\335t\363m\\\266\264Qe]3\252\2343U64;\341<W"
 3726      F36D5CB6 
 3726      B451655D 
 3726      33AA9C33 
 3726      5536343B 
 3727 02b5 29998695 		.ascii	")\231\206\225 \365t$\331\237\346\352x\355\332\365o\342"
 3727      20F57424 
 3727      D99FE6EA 
 3727      78EDDAF5 
 3727      6FE2
 3728 02c7 51C0895D 		.ascii	"Q\300\211]\320\310\015SA\265wC\274\373\372\0048lR\335"
 3728      D0C80D53 
 3728      41B57743 
 3728      BCFBFA04 
 3728      386C52DD 
 3729 02db ECDE0860 		.ascii	"\354\336\010`\245\036\350\026\350\232\227\240\011\360"
 3729      A51EE816 
 3729      E89A97A0 
 3729      09F0
 3730 02e9 54980129 		.ascii	"T\230\001)\371X\0359\334\003\275p\324\204\374\333\375"
 3730      F9581D39 
 3730      DC03BD70 
 3730      D484FCDB 
 3730      FD
 3731 02fa 18B92D1D 		.ascii	"\030\271-\035\252\3339\216\312\010Y\316s`\313\316\226"
 3731      AADB398E 
 3731      CA0859CE 
 3731      7360CBCE 
 3731      96
 3732 030b B1B176D8 		.ascii	"\261\261v\330\005D\373\013\256\002ya\033c;&\253\327"
 3732      0544FB0B 
 3732      AE027961 
 3732      1B633B26 
 3732      ABD7
 3733 031d 20075F1F 		.ascii	" \007_\037\301\3712V\237\312\202cXp\224U\255\271\006"
 3733      C1F93256 
 3733      9FCA8263 
 3733      58709455 
 3733      ADB906
 3734 0330 D44965D4 		.ascii	"\324Ie\324\031\276NM\233\210q\012L\345\025\201Y\277"
ARM GAS  /tmp/cc5rfSPY.s 			page 86


 3734      19BE4E4D 
 3734      9B88710A 
 3734      4CE51581 
 3734      59BF
 3735 0342 A61F682A 		.ascii	"\246\037h*u\242y\266\272GI\202R\3152\010\320\241\252"
 3735      75A279B6 
 3735      BA474982 
 3735      52CD3208 
 3735      D0A1AA
 3736 0355 9DE3EE97 		.ascii	"\235\343\356\227\246\352u!-\200\245\261}k\3277\363c"
 3736      A6EA7521 
 3736      2D80A5B1 
 3736      7D6BD737 
 3736      F363
 3737 0367 111ACD42 		.ascii	"\021\032\315B\273\304O\201ST\247\232q&S\236\330+\342"
 3737      BBC44F81 
 3737      5354A79A 
 3737      7126539E 
 3737      D82BE2
 3738 037a 7821D665 		.ascii	"x!\326e\305\341\361\337\273\001}H;U\355\207w\261\274"
 3738      C5E1F1DF 
 3738      BB017D48 
 3738      3B55ED87 
 3738      77B1BC
 3739 038d C2155089 		.ascii	"\302\025P\211\362\002\361yN\020/\207\007\340\003\034"
 3739      F202F179 
 3739      4E102F87 
 3739      07E0031C 
 3740 039d 4E2521F3 		.ascii	"N%!\363]3\010\235\336\261\024\367\312\261D\350,\001"
 3740      5D33089D 
 3740      DEB114F7 
 3740      CAB144E8 
 3740      2C01
 3741 03af 56C3EEEA 		.ascii	"V\303\356\352\274s\033n\211\205C\360\366]\035\033\245"
 3741      BC731B6E 
 3741      898543F0 
 3741      F65D1D1B 
 3741      A5
 3742 03c0 A803F789 		.ascii	"\250\003\367\211$\261\303\034Km\346o\257\331\332\354"
 3742      24B1C31C 
 3742      4B6DE66F 
 3742      AFD9DAEC 
 3743 03d0 63E00841 		.ascii	"c\340\010A\330\354\267\360\215\227\254\215\217\305q"
 3743      D8ECB7F0 
 3743      8D97AC8D 
 3743      8FC571
 3744 03df E35BCD9D 		.ascii	"\343[\315\235\354\217\343\306\2374\373\225}\317\231"
 3744      EC8FE3C6 
 3744      9F34FB95 
 3744      7DCF99
 3745 03ee 02FDF611 		.ascii	"\002\375\366\021\225\264\203\250\345#\2362i!\236-sq"
 3745      95B483A8 
 3745      E5239E32 
 3745      69219E2D 
 3745      7371
 3746 0400 D033F6AD 		.ascii	"\3203\366\255UR/\360\243\306\361$\270\254\342\3567\213"
 3746      55522FF0 
ARM GAS  /tmp/cc5rfSPY.s 			page 87


 3746      A3C6F124 
 3746      B8ACE2EE 
 3746      378B
 3747 0412 7B2C51DC 		.ascii	"{,Q\334\026\253\270u\251\346\370\024\367\363\261\331"
 3747      16ABB875 
 3747      A9E6F814 
 3747      F7F3B1D9 
 3748 0422 3F0DD00D 		.ascii	"?\015\320\015#\355\264\215\260\323>\212\035L\237:\232"
 3748      23EDB48D 
 3748      B0D33E8A 
 3748      1D4C9F3A 
 3748      9A
 3749 0433 A94FD154 		.ascii	"\251O\321T{\302T\271\364\211\304O,4\225n\231\2523M\235"
 3749      7BC254B9 
 3749      F489C44F 
 3749      2C34956E 
 3749      99AA334D 
 3750 0448 4A98C283 		.ascii	"J\230\302\203\215\014K\245\0277.\020\377}[(\230\257"
 3750      8D0C4BA5 
 3750      17372E10 
 3750      FF7D5B28 
 3750      98AF
 3751 045a 7E69940F 		.ascii	"~i\224\017=J\236\356\327\024C\317U\262\015\375}M-\014"
 3751      3D4A9EEE 
 3751      D71443CF 
 3751      55B20DFD 
 3751      7D4D2D0C 
 3752 046e 2AF3F27C 		.ascii	"*\363\362|\271>Oah\251O\037\331\367\2723\224\"\335\310"
 3752      B93E4F61 
 3752      68A94F1F 
 3752      D9F7BA33 
 3752      9422DDC8 
 3753 0482 0F067254 		.ascii	"\017\006rT\315[h\204\012\362\025\317\342\254\014\267"
 3753      CD5B6884 
 3753      0AF215CF 
 3753      E2AC0CB7 
 3754 0492 777E76E6 		.ascii	"w~v\346k\336e>\303_\224ch\012\231\223\226\246\340W\345"
 3754      6BDE653E 
 3754      C35F9463 
 3754      680A9993 
 3754      96A6E057 
 3755 04a7 4BF5A085 		.ascii	"K\365\240\205\324\203\212\252\373\375z\201\022\320\015"
 3755      D4838AAA 
 3755      FBFD7A81 
 3755      12D00D
 3756 04b6 14797551 		.ascii	"\024yuQ\326\312\027ge!J\325\015-M%T\367\005&$Fi\271"
 3756      D6CA1767 
 3756      65214AD5 
 3756      0D2D4D25 
 3756      54F70526 
 3757 04ce B397B933 		.ascii	"\263\227\2713\226\315\231K\306g\033>\335\360\025\026"
 3757      96CD994B 
 3757      C6671B3E 
 3757      DDF01516 
 3758 04de CF37F450 		.ascii	"\3177\364P`\261?\360\372\377\263k\037\026rne^\226'\323"
 3758      60B13FF0 
 3758      FAFFB36B 
ARM GAS  /tmp/cc5rfSPY.s 			page 88


 3758      1F16726E 
 3758      655E9627 
 3759 04f3 A3CC4336 		.ascii	"\243\314C6%\263@]\021Z\252)\234\332\253\372g\247\345"
 3759      25B3405D 
 3759      115AAA29 
 3759      9CDAABFA 
 3759      67A7E5
 3760 0506 11A7A12D 		.ascii	"\021\247\241-\367\256\314Y\021\322\036\275\207\337\226"
 3760      F7AECC59 
 3760      11D21EBD 
 3760      87DF96
 3761 0515 B9686181 		.ascii	"\271ha\201\034\260\036\245\344\346\0045\234\177\343"
 3761      1CB01EA5 
 3761      E4E60435 
 3761      9C7FE3
 3762 0524 E125FD41 		.ascii	"\341%\375A_\320\273\\UQ\363a\312\222G\306gy\026\271"
 3762      5FD0BB5C 
 3762      5551F361 
 3762      CA9247C6 
 3762      677916B9 
 3763 0538 B80F3435 		.ascii	"\270\01745\323\365l:\221\014\222\342\327\374\272QLd"
 3763      D3F56C3A 
 3763      910C92E2 
 3763      D7FCBA51 
 3763      4C64
 3764 054a 3510F469 		.ascii	"5\020\364i.\037\371\017\252\036\017g"
 3764      2E1FF90F 
 3764      AA1E0F67 
 3765              		.text
 3766              		.section	.gnu.lto___port_irq_epilogue.338.ba1de13e6557be0b,"e",%progbits
 3767 0000 789C9D52 		.ascii	"x\234\235R[H\024Q\030\376\377sv\326\225J\244\020\244"
 3767      5B481451 
 3767      18FEFF73 
 3767      76D6954A 
 3767      A410A4
 3768 0013 5EAC0883 		.ascii	"^\254\010\203\322)7\253\247\250$BbI\334\350u\321i\314"
 3768      D22937AB 
 3768      A7A82442 
 3768      6249DCE8 
 3768      75D169CC 
 3769 0027 CDD69159 		.ascii	"\315\326\221Y\315B\304\223\233\005F\027EIr\363B/=D\022"
 3769      CD42C493 
 3769      9B054617 
 3769      454972F3 
 3769      422F3D44 
 3770 003c 54AEADD9 		.ascii	"T\256\255\331\350fJE\231\021E7\323\212(C\355.]\260s"
 3770      E8664A45 
 3770      99114537 
 3770      D38A2843 
 3770      ED2E5DB0 
 3771 0051 66BC3D44 		.ascii	"f\274=D\017\015s\371\377\357\374\337\377\177\363\235"
 3771      0F0D73F9 
 3771      FFEFFCDF 
 3771      FF7FF39D 
 3772 0061 B39A026C 		.ascii	"\263\232\002l@\200\235\000\200v\300\352\252J\002\214"
 3772      40809D00 
 3772      8076C0EA 
ARM GAS  /tmp/cc5rfSPY.s 			page 89


 3772      AA4A028C 
 3773 0071 B18D5184 		.ascii	"\261\215Q\204\004\252\216\022l\305\327G~\314\265\035"
 3773      04AA8E12 
 3773      6CC5D747 
 3773      7ECCB51D 
 3774 0081 AA8A098E 		.ascii	"\252\212\011\216W8m\024k\035\326\272\015k\253nE\036"
 3774      57386D14 
 3774      6B1DD6BA 
 3774      0D6BAB6E 
 3774      451E
 3775 0093 BCEC588A 		.ascii	"\274\354X\212a4\021\011\017N\263\021\312\010\265IX\206"
 3775      61341109 
 3775      0F4EB311 
 3775      CA08B549 
 3775      5886
 3776 00a5 CD54E6C8 		.ascii	"\315T\346\310x\367\260\361<\236\2353\360=@\031L^sx\034"
 3776      78F7B0F1 
 3776      3C9E9D33 
 3776      F03D4019 
 3776      4C5E7378 
 3777 00ba 422012F2 		.ascii	"B \022\362\250\264\015\301\014J\256\232\001g\205\336"
 3777      A8B40DC1 
 3777      0C4AAE9A 
 3777      016785DE 
 3778 00ca 38218425 		.ascii	"8!\204%\026\034\306i<\030\354\376\272\010\332\361\000"
 3778      161CC669 
 3778      3C18ECFE 
 3778      BA08DAF1 
 3778      00
 3779 00db CFED0B90 		.ascii	"\317\355\013\220\317\261\307a\202\204\216.Q\221d\360"
 3779      CFB1C761 
 3779      82848E2E 
 3779      519164F0 
 3780 00eb 79978E3F 		.ascii	"y\227\216?\275\2670\310\014[\261\201\245\327\261\003"
 3780      BDB730C8 
 3780      0C5BB181 
 3780      A5D7B103 
 3781 00fb A11389ED 		.ascii	"\241\023\211\355$9\275X\302\025\242 T\331\322\2722\022"
 3781      2439BD58 
 3781      C215A220 
 3781      54D9D2BA 
 3781      3212
 3782 010d 60BD4C94 		.ascii	"`\275L\224\224M\226pQ\223\243\237\327\333y\267kX*TF"
 3782      944D9670 
 3782      5193A39F 
 3782      D7DB79B7 
 3782      6B582A54 
 3783 0122 B06D7AF6 		.ascii	"\260mz\366\205\300w\302U\025Mk\251\370\260\010\272\321"
 3783      85C077C2 
 3783      55154D6B 
 3783      A9F8B008 
 3783      BAD1
 3784 0134 0F56E3B1 		.ascii	"\017V\343\261\211\313\037\006\221U3\374[\333\361\236"
 3784      89CB1F06 
 3784      915533FC 
 3784      5BDBF19E 
 3785 0144 7A7B0FC2 		.ascii	"z{\017\302M\253m\257h+\026[\372%\203\375\2328\301\214"
ARM GAS  /tmp/cc5rfSPY.s 			page 90


 3785      4DAB6DAF 
 3785      682B165B 
 3785      FA2583FD 
 3785      9A38C18C 
 3786 0158 B77107C3 		.ascii	"\267q\007\303\235\257Omw\020 Q\224?\000\015Tx\312l\310"
 3786      9DAF4F6D 
 3786      77102051 
 3786      943F000D 
 3786      5478CA6C 
 3787 016d 0C80464A 		.ascii	"\014\200FJ\254$\300\223\357\204}j;\366\354v4\337&\221"
 3787      AC24C093 
 3787      EF847D6A 
 3787      3BF6EC76 
 3787      34DF2691 
 3788 0181 7CFE5813 		.ascii	"|\376X\023\034}\274\000o\230\331\320\305\321x\361}5"
 3788      1C7DBC00 
 3788      6F98D9D0 
 3788      C5D178F1 
 3788      7D35
 3789 0193 31CCB16E 		.ascii	"1\314\261n\013k\034\021Xy\023\001\274\211\366b\\e\362"
 3789      0B6B1C11 
 3789      58791301 
 3789      BC89F662 
 3789      5C65F2
 3790 01a6 DE05AF0C 		.ascii	"\336\005\257\014\234A\354\261j\302\003\321\330\213\360"
 3790      9C41ECB1 
 3790      6AC203D1 
 3790      D88BF0
 3791 01b5 8B942F11 		.ascii	"\213\224/\021\362\316\362\375I\274D\016;4\011\243\271"
 3791      F2CEF2FD 
 3791      49BC440E 
 3791      3B3409A3 
 3791      B9
 3792 01c6 D8DB08FC 		.ascii	"\330\333\010\374s\007o\011K\022[\371\202O\300wQ\010"
 3792      73076F09 
 3792      4B125BF9 
 3792      824FC077 
 3792      5108
 3793 01d8 2A1F1BAB 		.ascii	"*\037\033\253i\030q\210\356\226\276\320\261\027\333"
 3793      69187188 
 3793      EE96BED0 
 3793      B117DB
 3794 01e7 84BC9FA4 		.ascii	"\204\274\237\244\253\343\335<\312{\331\363\004\221\277"
 3794      ABE3DD3C 
 3794      CA7BD9F3 
 3794      0491BF
 3795 01f6 D993008B 		.ascii	"\331\223\000\213\221\360\2748>\016\357}\354CX\333\314"
 3795      91F0BC38 
 3795      3E0EEF7D 
 3795      EC4358DB 
 3795      CC
 3796 0207 C3DDFDA8 		.ascii	"\303\335\375\250\362\206?I\240\356\310CB)%\366\345\310"
 3796      F2863F49 
 3796      A0EEC843 
 3796      422925F6 
 3796      E5C8
 3797 0219 62E11B39 		.ascii	"b\341\0339\364>\262\220R\236Y\347\247\221\322\246\216"
ARM GAS  /tmp/cc5rfSPY.s 			page 91


 3797      F43EB290 
 3797      529E59E7 
 3797      A791D2A6 
 3797      8E
 3798 022a BEB7609A 		.ascii	"\276\267`\232\361\233P\250D\242d\001\220Xs\3216\330"
 3798      F19B50A8 
 3798      44A26401 
 3798      905873D1 
 3798      36D8
 3799 023c D95247A7 		.ascii	"\331RG\247\234\032\252\2757eR\2770\351\252\365\263\217"
 3799      9C1AAABD 
 3799      376552BF 
 3799      30E9AAF5 
 3799      B38F
 3800 024e 46EB909F 		.ascii	"F\353\220\237`\323\250\201\021\216\267[\370\327\031"
 3800      60D3A881 
 3800      118EB75B 
 3800      F8D719
 3801 025d A33A8551 		.ascii	"\243:\205Q0\333\250\256\031\243\"\263\2152}yd\3723\313"
 3801      30DBA8AE 
 3801      19A322B3 
 3801      8D327D79 
 3801      64FA33CB 
 3802 0271 8F2FC20F 		.ascii	"\217/\302\017\363\020pQ\322\314\366M\020b\376F\003E"
 3802      F3107051 
 3802      D2CCF64D 
 3802      1062FE46 
 3802      0345
 3803 0283 0B2C3744 		.ascii	"\013,7D\352\226s5\237*\353Z\266\234\241k{T\245\320/"
 3803      EA967335 
 3803      9F2AEB5A 
 3803      B69CA16B 
 3803      7B54A5D0 
 3804 0298 A7E57AB3 		.ascii	"\247\345z\263\275\356\302\242]^mv\354Iq\312\305\232"
 3804      BDEEC2A2 
 3804      5D5E6D76 
 3804      EC4971CA 
 3804      C59A
 3805 02aa 9EE72FC8 		.ascii	"\236\347/\310RTO\241^\224\237'\273w\270\234)\236\255"
 3805      52544FA1 
 3805      5E949F27 
 3805      BB77B89C 
 3805      299EAD
 3806 02bd 19E99B3D 		.ascii	"\031\351\233=9^\335W\234\245\2532\244&'\313\374V\004"
 3806      395EDD57 
 3806      9CA5AB32 
 3806      A42627CB 
 3806      FC5604
 3807 02d0 55F34F56 		.ascii	"U\363OVj~Y\321|>-_.\320t>dS\246k\337\272$\027\257R4"
 3807      6A7E59D1 
 3807      7C3E2D5F 
 3807      2ED0743E 
 3807      6453A66B 
 3808 02eb 5D4D56FE 		.ascii	"]MV\376\213\225\013Q\331Y~5C\367n\3717[\335_(\270r\232"
 3808      8B950B51 
 3808      D9597E35 
 3808      43F76EF9 
ARM GAS  /tmp/cc5rfSPY.s 			page 92


 3808      375BDD5F 
 3809 0303 CB9DEE96 		.ascii	"\313\235\356\226\3238WN\317W\366\026\355Re\305\347\367"
 3809      D338574E 
 3809      CF57F616 
 3809      ED5265C5 
 3809      E7F7
 3810 0315 FA3DBB15 		.ascii	"\372=\273\025\205w\233?\245&9{MN\2123'u=\304\272\334"
 3810      85779B3F 
 3810      A526397B 
 3810      4D4E8A33 
 3810      27753DC4 
 3811 032b 99096248 		.ascii	"\231\011bH\201\356]\231\260l\025\020\035\242|\252O\323"
 3811      81EE5D99 
 3811      B06C1510 
 3811      1DA27CAA 
 3811      4FD3
 3812 033d 0FC01F8F 		.ascii	"\017\300\037\217\326\224\307"
 3812      D694C7
 3813              		.text
 3814              		.section	.gnu.lto___port_irq_epilogue.part.0.348.ba1de13e6557be0b,"e",%progbits
 3815 0000 789C9D54 		.ascii	"x\234\235ToL[U\024?\347\276\276\3272XI\206&\306%RL\214"
 3815      6F4C5B55 
 3815      143FE7BE 
 3815      BED73258 
 3815      498626C6 
 3816 0018 C6319E01 		.ascii	"\3061\236\001\247~1A\2111\304\020\221j\374`\014\201"
 3816      A77E3141 
 3816      8931C410 
 3816      916AFC60 
 3816      0C81
 3817 002a B7229595 		.ascii	"\267\"\225\225W\373G\230\330\360\370#$\230M0\021\242"
 3817      57FB4798 
 3817      D8F0F823 
 3817      24984D30 
 3817      11A2
 3818 003c ABA03126 		.ascii	"\253\2401&\304\350\366\301\221\0157\025\207u\314Ha\300"
 3818      C4E8F6C1 
 3818      910D3715 
 3818      8775CC48 
 3818      61C0
 3819 004e 06191437 		.ascii	"\006\031\0247\214n2\022\311\320\001qZ\317\275\357\265"
 3819      8C6E3212 
 3819      C9D00171 
 3819      5ACFBDEF 
 3819      B5
 3820 005f 213AFD60 		.ascii	"!:\375`\003\275\347\236\363\373\375\356\371\235\373"
 3820      03BDE79E 
 3820      F3FBFDEE 
 3820      F99DFB
 3821 006e 5EFB6400 		.ascii	"^\373d\000\015\001j\001\000\035\200}\0160\014\243\330"
 3821      0D016A01 
 3821      001D807D 
 3821      0E300CA3 
 3821      D8
 3822 007f 6EC71D62 		.ascii	"n\307\035be\254\255\347u\206\347\220v.[{\217S\254\022"
 3822      65ACADE7 
 3822      7586E790 
ARM GAS  /tmp/cc5rfSPY.s 			page 93


 3822      762E5B7B 
 3822      8F53AC12 
 3823 0093 BED5B34D 		.ascii	"\276\325\263M\324m\024u1\223#coO\327\351\223\367\232"
 3823      D46D1475 
 3823      31932363 
 3823      6F4FD7E9 
 3823      93F79A
 3824 00a6 E862BB82 		.ascii	"\350b\273\202-\351\032B\263\235I6Y\301f|_\222Q\245\354"
 3824      2DE91A42 
 3824      B39D4936 
 3824      59C1667C 
 3824      5F9251A5 
 3825 00bb 46ECEA48 		.ascii	"F\354\352H\3426cp\004\227\001\232A|x\276\333JEh\177"
 3825      E2366370 
 3825      0497019A 
 3825      417C78BE 
 3825      DB4A4568 
 3826 00d0 0C7956C6 		.ascii	"\014yV\306LB\014#\320\022\241\305&\022M'\320\254\354"
 3826      4C420C23 
 3826      D012A1C5 
 3826      26124D27 
 3826      D0ACEC
 3827 00e3 3F2902A2 		.ascii	"?)\002\242\036\377\261\010>\303\375f\372sL\347\243\321"
 3827      1EFFB108 
 3827      3EC3FD66 
 3827      FA734CE7 
 3827      A3D1
 3828 00f5 D86F3BE1 		.ascii	"\330o;\341\013l\240\275\222\203\304WnE\227\214\216S"
 3828      0B6CA0BD 
 3828      9283C457 
 3828      6E45978C 
 3828      8E53
 3829 0107 1CB17B84 		.ascii	"\034\261{\204\2329zp~\342\366\2501b\013\237\302\246"
 3829      9A397A70 
 3829      7EE2F6A8 
 3829      31620B9F 
 3829      C2A6
 3830 0119 AF700461 		.ascii	"\257p\004a\024\231\334\315\336\311\223q\027\007\034"
 3830      1499DCCD 
 3830      DEC99371 
 3830      17071C
 3831 0128 EF3A722C 		.ascii	"\357:r,\177\264\315\03038$bA\314\356\370\321\211C\312"
 3831      7FB4CD18 
 3831      33382462 
 3831      41CCEEF8 
 3831      D18943CA 
 3832 013c D7085F62 		.ascii	"\327\010_b\023\3572\206'\322g\037n[g\324U0\335\313k"
 3832      13EF3286 
 3832      27D2671F 
 3832      6E5B67D4 
 3832      5530DDCB 
 3833 0151 2B3BE134 		.ascii	"+;\3414\276\004\246\360jrh\345\022\032o\032x3\331\215"
 3833      BE04A6F0 
 3833      6A7268E5 
 3833      121A6F1A 
 3833      7833D98D 
 3834 0165 D3879433 		.ascii	"\323\207\2243\010c\246\354\267\246\254\343\003f\221"
ARM GAS  /tmp/cc5rfSPY.s 			page 94


 3834      0863A6EC 
 3834      B7A6ACE3 
 3834      036691
 3835 0174 A9EDCD4E 		.ascii	"\251\355\315N;\265\335\356\012\177\207\272`\217\023"
 3835      3BB5DDEE 
 3835      0A7F87BA 
 3835      608F13
 3836 0183 BB9B4DE7 		.ascii	"\273\233M\347\361!P\254\307\005\345\2434e\241c3fQ&\260"
 3836      F12150AC 
 3836      C705E5A3 
 3836      3465A163 
 3836      33665126 
 3837 0198 59502605 		.ascii	"YP&\005e*\227p\207S\270\325\215\017\017:\273[\034\276"
 3837      652A9770 
 3837      8753B8D5 
 3837      8D0F0F3A 
 3837      BB5B1CBE 
 3838 01ac B316684A 		.ascii	"\263\026hJ\200\276\311\345\272SH\224a\234\306n\026\313"
 3838      80BEC9E5 
 3838      BA534894 
 3838      619CC66E 
 3838      16CB
 3839 01be B5F09BB1 		.ascii	"\265\360\233\261N\216'\321HZ\364\237Z\221\264\226\270"
 3839      4E8E27D1 
 3839      485AF49F 
 3839      5A91B496 
 3839      B8
 3840 01cf A5733883 		.ascii	"\245s8\2034\234\351\324\2646b\237Jp\036\365\233\372"
 3840      349CE9D4 
 3840      B436629F 
 3840      4A701EF5 
 3840      9BFA
 3841 01e1 8BA4FDD1 		.ascii	"\213\244\375\3210\346\020f1n=\002u\027\204\311\243\314"
 3841      30E61066 
 3841      316E3D02 
 3841      751784C9 
 3841      A3CC
 3842 01f3 BACED54F 		.ascii	"\272\316\325O\316\3649\2731<\217u\202\263 \356r(/=\202"
 3842      CEF439BB 
 3842      313C8F75 
 3842      82B320EE 
 3842      72282F3D 
 3843 0208 95189AAA 		.ascii	"\225\030\232\252\363\226\352\302\226\253\234q'\220\232"
 3843      F396EAC2 
 3843      96AB9C71 
 3843      27909A
 3844 0217 A8E3235F 		.ascii	"\250\343#_D\222\246\232\015g\221\236[\263\247_.gG\007"
 3844      4492A69A 
 3844      0D67919E 
 3844      5BB3A75F 
 3844      2E674707 
 3845 022b E9510173 		.ascii	"\351Q\001s\342\364\3315\322\236\222\035\344\262`\252"
 3845      E2F4D935 
 3845      D29E921D 
 3845      E4B260AA 
 3846 023b 5EE44572 		.ascii	"^\344ErG.\217L\311\206q#\371\006}\025\346l'\315Yd\274"
 3846      472E8F4C 
ARM GAS  /tmp/cc5rfSPY.s 			page 95


 3846      C9867123 
 3846      F9067D15 
 3846      E66C27CD 
 3847 0252 2401156D 		.ascii	"$\001\025m\3002e`Y\012\375\003\364K\374\2551l\310C\273"
 3847      C0326560 
 3847      590AFD03 
 3847      F44BFCAD 
 3847      316CC843 
 3848 0267 194A3020 		.ascii	"\031J0 \261T\270\316\214\245\325'\350E\023\321\265L"
 3848      B154B8CE 
 3848      8CA5D527 
 3848      E84513D1 
 3848      B54C
 3849 0279 B1F43AF9 		.ascii	"\261\364:\371\262\366stqb\000\361\274Y[\233\310\300"
 3849      B2F67374 
 3849      716200F1 
 3849      BC595B9B 
 3849      C8C0
 3850 028b 3933BC9E 		.ascii	"93\274\236\0157X\313\235\334\314(\223\361\356I\326\341"
 3850      0D3758CB 
 3850      9DDCCC28 
 3850      93F1EE49 
 3850      D6E1
 3851 029d F0C89841 		.ascii	"\360\310\230A\035.!\320\362\003\276\012\204luQk\222"
 3851      1D2E21D0 
 3851      F203BE0A 
 3851      846C7551 
 3851      6B92
 3852 02af C9D9C8E6 		.ascii	"\311\331\310\346\211\325\341\003\275\361\003H\347Q\305"
 3852      89D5E103 
 3852      BDF10348 
 3852      E751C5
 3853 02be 824CA720 		.ascii	"\202L\247 o\307\031\374\316\332\372;\306Qb\022*\367"
 3853      6FC719FC 
 3853      CEDAFA3B 
 3853      C6516212 
 3853      2AF7
 3854 02d0 E0C56432 		.ascii	"\340\305d2\231\235F1\201\032\020\250\326?;\023(I\"G"
 3854      999D4631 
 3854      811A10A8 
 3854      D63F3B13 
 3854      28492247 
 3855 02e4 D5198A45 		.ascii	"\325\031\212Eu\310\254\376z\345\026z3}\374*?F\320\032"
 3855      75C8ACFE 
 3855      7AE5167A 
 3855      337DFC2A 
 3855      3F46D01A 
 3856 02f8 7F427880 		.ascii	"\177Bx\200\034\017n\017_\306*\000%\314\177X\034\202"
 3856      1C0F6E0F 
 3856      5FC62A00 
 3856      25CC7F58 
 3856      1C82
 3857 030a 71366E69 		.ascii	"q6ni,X'\220\357\013S\357\"&\314\256\276\237\312\300"
 3857      2C582790 
 3857      EF0B53EF 
 3857      2226CCAE 
 3857      BE9FCAC0 
ARM GAS  /tmp/cc5rfSPY.s 			page 96


 3858 031e 451486F9 		.ascii	"E\024\206\371\025\314p\303\227\310p\245ixY\030\276\212"
 3858      15CC70C3 
 3858      97C870A5 
 3858      69785918 
 3858      BE8A
 3859 0330 AF80E56F 		.ascii	"\257\200\345o2\276\215\333[\020\366\214\2459'\374\301"
 3859      32BE8DDB 
 3859      5B10F68C 
 3859      A53927FC 
 3859      C1
 3860 0341 DADE2B92 		.ascii	"\332\336+\222l]\310\236\177\016\200\345\300u\326\276"
 3860      6C5DC89E 
 3860      7F0E80E5 
 3860      C075D6BE 
 3861 0351 3C5A2DD9 		.ascii	"<Z-\331\024/\232?V\003\222\324B\0151\353B\022q\311\262"
 3861      142F9A3F 
 3861      560392D4 
 3861      420D31EB 
 3861      421271C9 
 3862 0366 C824B90B 		.ascii	"\310$\271\013[\015\343\312\035\317>\003<w\255k\234\375"
 3862      5B0DE3CA 
 3862      1DCF3E03 
 3862      3C77AD6B 
 3862      9CFD
 3863 0378 CD9333BC 		.ascii	"\315\2233\274\212n\000I\026B\266\255B\353[\204\224\224"
 3863      8A6E0049 
 3863      1642B6AD 
 3863      42EB5B84 
 3863      9494
 3864 038a D053FF2E 		.ascii	"\320S\377.\264&\204\024!$o}Dz&\030D%c\314&JJ\252\224"
 3864      B4268414 
 3864      21246F7D 
 3864      447A2618 
 3864      442563CC 
 3865 03a3 64ADC5A6 		.ascii	"d\255\305\246\203~\011\315$\243\215[\255\325}\0365\240"
 3865      837E09CD 
 3865      24A38D5B 
 3865      ADD57D1E 
 3865      35A0
 3866 03b5 57ABE501 		.ascii	"W\253\345\001\375E\217\026\012\252%\265\336j\257;\024"
 3866      FD458F16 
 3866      0AAA25B5 
 3866      DE6AAF3B 
 3866      14
 3867 03c6 DEEBD5B7 		.ascii	"\336\353\325\267\306\225\205Ej\203\036\250\013\372\253"
 3867      C6958545 
 3867      6A831EA8 
 3867      0BFAAB
 3868 03d5 344F6528 		.ascii	"4Oe(\020\256\257S\335O\227\025\025V>^^\372he\2157\340"
 3868      10AEAF53 
 3868      DD4F9715 
 3868      15563E5E 
 3868      5EFA6865 
 3869 03ec 6BA80A78 		.ascii	"k\250\012xT\330SP\240\322\237\306\251z\320B\352AU\323"
 3869      54D85350 
 3869      A0D29FC6 
 3869      A97AD042 
ARM GAS  /tmp/cc5rfSPY.s 			page 97


 3869      EA4155D3 
 3870 0400 7D3EBD5E 		.ascii	"}>\275^\365\353\001:\344\221\212\262\227\037\334]F("
 3870      F5EB013A 
 3870      E4918AB2 
 3870      971FDC5D 
 3870      4628
 3871 0412 4D0F780A 		.ascii	"M\017x\012\264\377\305\252\005{uU\320S\036\360>\366"
 3871      B4FFC5AA 
 3871      057B7555 
 3871      D0531EF0 
 3871      3EF6
 3872 0424 DF6C4F63 		.ascii	"\337lOc\210s\325\2222w\251[-!\256ZZ\257\355\013\357"
 3872      8873D592 
 3872      3277A95B 
 3872      2D21AE5A 
 3872      5AAFED0B 
 3873 0439 F5A89A2F 		.ascii	"\365\250\232/\350\015V\276\240i\244\266#\325MA\365\375"
 3873      E80D56BE 
 3873      A069A4B6 
 3873      23D54D41 
 3873      F5FD
 3874 044b 35854535 		.ascii	"5\205E5{\036\002%\340\011\206\367\205$\177\320/\323"
 3874      7B1E0225 
 3874      E00986F7 
 3874      85247FD0 
 3874      2FD3
 3875 045d 741AFDCE 		.ascii	"t\032\375\316\220\356\177\262\206\206\245\271CUZ]VY"
 3875      90EE7FB2 
 3875      8686A5B9 
 3875      43555A5D 
 3875      5659
 3876 046f 85DB75D7 		.ascii	"\205\333u\327}\371.\002\200\364p\000\262\312\334\025"
 3876      7DF92E02 
 3876      80F47000 
 3876      B2CADC15 
 3877 047f 7C934F59 		.ascii	"|\223OY`\001\370\013WRe*"
 3877      6001F80B 
 3877      5752652A 
 3878              		.text
 3879              		.section	.gnu.lto_.symbol_nodes.ba1de13e6557be0b,"e",%progbits
 3880 0000 789CBBC4 		.ascii	"x\234\273\304\000\004Lw\230\3529\033\200\200\205q\302"
 3880      00044C77 
 3880      98EA391B 
 3880      80808571 
 3880      C2
 3881 0011 3906867A 		.ascii	"9\006\206z\006\206\235-\215\215\015\002@)\306+L\365"
 3881      06869D2D 
 3881      8D8D0D02 
 3881      4029C62B 
 3881      4CF5
 3882 0023 5CFFA140 		.ascii	"\\\377\241@\036,\315\300\320\260\240\201\021$w\225\251"
 3882      1E2CCDC0 
 3882      D0B0A081 
 3882      11247795 
 3882      A9
 3883 0034 9E1B871C 		.ascii	"\236\033\207\034\323\005\246z\036\024#w54\202%.2\325"
 3883      D305A67A 
ARM GAS  /tmp/cc5rfSPY.s 			page 98


 3883      1E142377 
 3883      35348225 
 3883      2E32D5
 3884 0047 F36295B8 		.ascii	"\363b\225\270\304T\317\207M\202\3612S=?\2065\015`k\230"
 3884      C454CF87 
 3884      4D82F132 
 3884      533D3F86 
 3884      350D606B 
 3885 005c 19D8205A 		.ascii	"\031\330 Z\236\3601\2632,\330w\3419\003\343#v\006\000"
 3885      9EF031B3 
 3885      322CD877 
 3885      E13903E3 
 3885      23760600 
 3886 0070 002F4A3B 		.ascii	"\000/J;"
 3887              		.text
 3888              		.section	.gnu.lto_.refs.ba1de13e6557be0b,"e",%progbits
 3889 0000 789CE366 		.ascii	"x\234\343f```b`b\224c`bRd`\000\000\002+\000T"
 3889      60606062 
 3889      60629463 
 3889      60625264 
 3889      60000002 
 3890              		.text
 3891              		.section	.gnu.lto_.decls.ba1de13e6557be0b,"e",%progbits
 3892 0000 789C9D5A 		.ascii	"x\234\235ZyT\024W\272\257\272u\253)\020D\215\231\220"
 3892      79541457 
 3892      BAAFBA75 
 3892      AB291044 
 3892      8D9990
 3893 0013 393347F3 		.ascii	"93G\363N\346\214\223\231Q\321l\177\3149o\014\232\211"
 3893      4EE68C93 
 3893      9951D16C 
 3893      7FCC396F 
 3893      0C9A89
 3894 0026 6762E240 		.ascii	"gb\342@\222\231\367W\017B\253L\330\322\335D}\363\307"
 3894      9299F757 
 3894      0F42AB4C 
 3894      D8D2DD44 
 3894      7DF3C7
 3895 0039 148B08CA 		.ascii	"\024\213\010\312.*\"*\202\202\212J#. \002\315\242\240"
 3895      2E2A222A 
 3895      82828A4A 
 3895      232E2002 
 3895      CDA2A0
 3896 004c 2CE28628 		.ascii	",\342\206(\240\270!\340\002(\"\213\313\373n\335\333"
 3896      A0B821E0 
 3896      0228228B 
 3896      CBFB6EDD 
 3896      DB
 3897 005d D55D8DC9 		.ascii	"\325]\215\311\311\213\307\257\253\272~\337\362\273\337"
 3897      C98BC7AF 
 3897      ABBA7EDF 
 3897      F2BBDF
 3898 006c FDEE56CD 		.ascii	"\375\356V\315_\177\317q1\256\034\227\305s\334+\370'"
 3898      5F7FCF71 
 3898      31AE1C97 
 3898      C573DC2B 
 3898      F827
ARM GAS  /tmp/cc5rfSPY.s 			page 99


 3899 007e 721C7711 		.ascii	"r\034w\021d\012H\011H+\310{\200}\010\022\014\022\002"
 3899      640A4809 
 3899      482BC87B 
 3899      807D0812 
 3899      0C1202
 3900 0091 528038AE 		.ascii	"R\2008\256\011\236[A\016\303\375\021\220c % 'A\212@"
 3900      099E5B41 
 3900      0EC3FD11 
 3900      90632025 
 3900      2027418A 
 3901 00a6 6A40BE03 		.ascii	"j@\276\003gn\034}Nt\353\211\035H\013\310E\220V\2206"
 3901      676E1C7D 
 3901      4E74EB89 
 3901      1D480BC8 
 3901      45905690 
 3902 00bb 90AB20D7 		.ascii	"\220\253 \327A\326\200\376\333\034\365Q\300l\272\340"
 3902      41D680FE 
 3902      DB1CF551 
 3902      C06CBAE0 
 3903 00cb DA07728F 		.ascii	"\332\007r\217\331=\004\031\000\371-g\267#\374~\0072"
 3903      D93D0419 
 3903      00F92D67 
 3903      B723FC7E 
 3903      0732
 3904 00dd 04CFFE8B 		.ascii	"\004\317\376\213q\375\000d.\343\374-\310\337A$\220\267"
 3904      71FD0064 
 3904      2EE3FC2D 
 3904      C8DF4124 
 3904      90B7
 3905 00ef 405C4002 		.ascii	"@\\@\002 \326T\216ru\344Cb>\201\353\360\217\304\370"
 3905      20D6548E 
 3905      7275E443 
 3905      623E81EB 
 3905      F08FC4F8 
 3906 0103 155C9F21 		.ascii	"\025\\\237!\332v\013\210\001|y1_\207\177\304\037i?\311"
 3906      DA760B88 
 3906      017C7931 
 3906      5F877FC4 
 3906      1F693FC9 
 3907 0117 27C98195 		.ascii	"'\311\201\225\371oc\271<\317b\215\260\334U#\032\203"
 3907      F96F63B9 
 3907      3CCF628D 
 3907      B0DC5523 
 3907      1A83
 3908 0129 E496F407 		.ascii	"\344\226\364\007\311\257\356\015\036\353\336\344gb\264"
 3908      C9AFEE0D 
 3908      1EEBDEE4 
 3908      6762B4
 3909 0138 F959EAEC 		.ascii	"\371Y\352\354\251VY\036\220\263\253\361\254\022\376"
 3909      A956591E 
 3909      90B3ABF1 
 3909      AC12FE
 3910 0147 38302AE5 		.ascii	"80*\345\025\015/\011q\272Y<\351KO\270r\222\013\367\201"
 3910      150D2F09 
 3910      71BA593C 
 3910      E94B4FB8 
 3910      72920BF7 
ARM GAS  /tmp/cc5rfSPY.s 			page 100


 3911 015c ACFC8B9A 		.ascii	"\254\374\213\232\301U\200\016\374[\344.\375\203\303"
 3911      C155800E 
 3911      FC5BE42E 
 3911      FD83C3
 3912 016b E8D0FD5B 		.ascii	"\350\320\375[]n\236\212\033+\324\200\342\306\312\317"
 3912      5D6E9E8A 
 3912      1B2BD480 
 3912      E2C6CACF 
 3913 017b AAE4CBF9 		.ascii	"\252\344\313\371\223\274\344O\274M\221\0029\351[r'I"
 3913      93BCE44F 
 3913      BC4D9102 
 3913      39E95B72 
 3913      2749
 3914 018d 619C64E4 		.ascii	"a\234d\344\244\010NZ\315I\377&\217f\002\031\031\341"
 3914      A4084E5A 
 3914      CD49FF26 
 3914      8F660219 
 3914      19E1
 3915 019f 692F22CF 		.ascii	"i/\"\317v!\257\367\330?\210\024#\313V\3145\361\215<"
 3915      7621AFF7 
 3915      D83F8814 
 3915      23CB56CC 
 3915      35F18D3C 
 3916 01b3 D7C037F3 		.ascii	"\327\3007\363\225\374y\376\"\177\216o\341/\363\255\374"
 3916      95FC79FE 
 3916      227F8E6F 
 3916      E12FF3AD 
 3916      FC
 3917 01c4 25FE0261 		.ascii	"%\376\002a\001aGv\236\355\254\231\275y\355:9%R\250\342"
 3917      01614776 
 3917      9EEDAC99 
 3917      BD79ED3A 
 3917      392552A8 
 3918 01d9 EB419536 		.ascii	"\353A\2256\3454\310|\242a)K\\'O\211q\257\342\3534`\011"
 3918      E534C87C 
 3918      A261294B 
 3918      5C274F89 
 3918      71AFE2EB 
 3919 01f0 AFA02536 		.ascii	"\257\240%6\364\254\212z\333,+mX\231\212\235\260[\226"
 3919      F4AC8A7A 
 3919      DB2C2B6D 
 3919      58998A9D 
 3919      B05B96
 3920 0203 DAD0338E 		.ascii	"\332\3203\216\226\014\254\260\201\325\032S\352\367\244"
 3920      960CACB0 
 3920      81D51A53 
 3920      EAF7A4
 3921 0212 0D3CA582 		.ascii	"\015<\245\2025*Xn\003k5 \370\305\250=\371p+R;\315\006"
 3921      352A586E 
 3921      036B3520 
 3921      F8C5A83D 
 3921      F9702B52 
 3922 0229 5FA1BD16 		.ascii	"_\241\275\026\307\303\307\000\271\233\016I\315\346\245"
 3922      C7C3C700 
 3922      B99B0E49 
 3922      CDE6A5
 3923 0238 540426F9 		.ascii	"T\004&\371#\227\363]=e\326AoP\213N\236\363>\316c\264"
ARM GAS  /tmp/cc5rfSPY.s 			page 101


 3923      2397F35D 
 3923      3D65D641 
 3923      6F508B4E 
 3923      9EF33ECE 
 3924 024e 2EA67C83 		.ascii	".\246|\203\347[4\333\331\250\212o\347\257\001z\235'"
 3924      E75B34DB 
 3924      D9A88A6F 
 3924      E7AF017A 
 3924      9D27
 3925 0260 0AC45117 		.ascii	"\012\304Q\027'm#N\322\262k\032\334<\273\300\211ub/C"
 3925      276D234E 
 3925      D2B26B1A 
 3925      DC3CBBC0 
 3925      8975622F 
 3926 0275 8CCA434B 		.ascii	"\214\312CKT/7'xi\341H'\363R6\"\337\004\214**\372\037"
 3926      542F3727 
 3926      7869E148 
 3926      27F35236 
 3926      22DF048C 
 3927 028d F1CE9CEE 		.ascii	"\361\316\234\356\001\247np\226:4\266\205w\340t\207'"
 3927      01A76E70 
 3927      963A34B6 
 3927      8577E074 
 3927      8727
 3928 029f CDEFE189 		.ascii	"\315\357\341\211\002Pim\350<,8\004\323\300\340\276\236"
 3928      0250696D 
 3928      E83C2C38 
 3928      04D3C0E0 
 3928      BE9E
 3929 02b1 93F6204E 		.ascii	"\223\366 N\332\247\304\262\222\310VN:H\032q\367\321"
 3929      DAA7C4B2 
 3929      92C8564E 
 3929      3A481A71 
 3929      F7D1
 3930 02c3 CD4C0FE7 		.ascii	"\315L\017\347\250\003\020u\036F\225\017\323n;\006}\304"
 3930      A8031075 
 3930      1E46950F 
 3930      D36E3B06 
 3930      7DC4
 3931 02d5 931219E4 		.ascii	"\223\022\031\344\011\016\246\007\332/&\272;\004\325"
 3931      090EA607 
 3931      DA2F26BA 
 3931      3B04D5
 3932 02e4 C010E763 		.ascii	"\300\020\347c\251\210DH\311\274Z,(iz\335`8\246P\232"
 3932      A9884448 
 3932      C9BC5A2C 
 3932      28697ADD 
 3932      6038A650 
 3933 02f9 2B9501BD 		.ascii	"+\225\001\275*\345~\226t\032\356\033@Z\224\357\356\300"
 3933      2AE57E96 
 3933      741AEE1B 
 3933      405A94EF 
 3933      EEC0
 3934 030b 1652DEAA 		.ascii	"\026R\336\252|\231\204\321\361u\233\007'\364]\024\342"
 3934      7C9984D1 
 3934      F1759B07 
 3934      27F45D14 
ARM GAS  /tmp/cc5rfSPY.s 			page 102


 3934      E2
 3935 031c BC2391EE 		.ascii	"\274#\221\356\327\374+\036>8\351\032\211|\352\371\265"
 3935      D7FC2B1E 
 3935      3E38E91A 
 3935      897CEAF9 
 3935      B5
 3936 032d 03EE6418 		.ascii	"\003\356d\030\366\310\325\221\002\367\301<n-\372u%\037"
 3936      F6C8D591 
 3936      02F7C13C 
 3936      6E2DFA75 
 3936      251F
 3937 033f 83A21146 		.ascii	"\203\242\021F\317\343\342+\\\030\373\177\306\242W\374"
 3937      CFE3E22B 
 3937      5C18FB7F 
 3937      C6A257FC 
 3938 034f 4B70B30E 		.ascii	"Kp\263\016\021O`:\376*!C!\375:\323\342\304#\243:\233"
 3938      114F603A 
 3938      FE2A2143 
 3938      21FD3AD3 
 3938      E2C423A3 
 3939 0365 699CD654 		.ascii	"i\234\326T\272\005\304\273A`n\225`>\225\236\202\214"
 3939      BA05C4BB 
 3939      41606E95 
 3939      603E959E 
 3939      828C
 3940 0377 29DC1378 		.ascii	")\334\023x\322\022I\222\005\016\377a]\324v\335{\352"
 3940      D2124992 
 3940      050EFF61 
 3940      5DD476DD 
 3940      7BEA
 3941 0389 D076FCB7 		.ascii	"\320v\374\267\007\306oV\346\266sn\221\320>\367^\376"
 3941      07C66F56 
 3941      E6B6736E 
 3941      91D03EF7 
 3941      5EFE
 3942 039b 2E9F8E68 		.ascii	".\237\216h\177\336V\206\203:\015\244\242\024\010\230"
 3942      7FDE5686 
 3942      833A0DA4 
 3942      A2140898 
 3943 03ab 8E2AF92C 		.ascii	"\216*\371,\264\035mB\271h+\332\2152\320\026\224\207"
 3943      B41D6D42 
 3943      B9682BDA 
 3943      8D32D016 
 3943      9487
 3944 03bd B6A14CB4 		.ascii	"\266\241L\264\007e\243\034\264\013\355E;\321F\224\217"
 3944      0765A31C 
 3944      B40BED45 
 3944      3BD14694 
 3944      8F
 3945 03ce 36A31DA0 		.ascii	"6\243\035\240\317\335\204\341\364\234\016\247\247|\""
 3945      CFDD84E1 
 3945      F49C0EA7 
 3945      A77C22
 3946 03dd 4A478E53 		.ascii	"JG\216S\0038\267l/\224\011x\235\357\200\310\264l\257"
 3946      0338B76C 
 3946      2F940978 
 3946      9DEF80C8 
ARM GAS  /tmp/cc5rfSPY.s 			page 103


 3946      B46CAF
 3947 03f0 D2B1464C 		.ascii	"\322\261FL\343\223\231\351\013\336f\332H\321]\200\306"
 3947      E39399E9 
 3947      0BDE66DA 
 3947      48D15D80 
 3947      C6
 3948 0401 11DB48F7 		.ascii	"\021\333H\367x$\203c\232\030:\302\211\351K[\324\015"
 3948      78248363 
 3948      9A183AC2 
 3948      89E94B5B 
 3948      D40D
 3949 0413 6AD41A15 		.ascii	"j\324\032\025L\260\371\035U\375>S\301\0156p\\\005\307"
 3949      4CB0F91D 
 3949      55FD3E53 
 3949      C10D3670 
 3949      5C05C7
 3950 0426 68D0BB80 		.ascii	"h\320\273\200\216Q\2777\371d\325\257\267\315r\334\026"
 3950      8E51BF37 
 3950      F964D5AF 
 3950      B7CD72DC 
 3950      16
 3951 0437 33C91163 		.ascii	"3\311\021cm\331as\233\246\202mJL\34253\231y\275\257"
 3951      6DD96173 
 3951      9BA6826D 
 3951      4A4CE235 
 3951      339979BD 
 3952 044c C6ECB3A7 		.ascii	"\306\354\263\247!\311f:\254\242O\024S\350>K\006\315"
 3952      21C9663A 
 3952      ACA24F14 
 3952      53E83E4B 
 3952      06CD
 3953 045e E063BE1F 		.ascii	"\340c\276\037@:,\036\252mI\266Y\016i,\231\337\0276\276"
 3953      403A2C1E 
 3953      AA6D49B6 
 3953      590E692C 
 3953      99DF1736 
 3954 0473 099A9E61 		.ascii	"\011\232\236a\350+\033\272^\223A\206&\332<\217hR\310"
 3954      E82B1BBA 
 3954      5E934186 
 3954      26DA3C8F 
 3954      6852C8
 3955 0486 D0F536F4 		.ascii	"\320\3656\364\271&\207\224q\026e|\213\357R\373\374\206"
 3955      B9268794 
 3955      7116657C 
 3955      8BEF52FB 
 3955      FC86
 3956 0498 9A89ADB6 		.ascii	"\232\211\255\266L<\320db>\214R(eTt\262c\014yi\313r\037"
 3956      4C3CD064 
 3956      623E8C52 
 3956      28655474 
 3956      B2630C79 
 3957 04b0 FA7FD725 		.ascii	"\372\177\327%F7\307K\233\334\325\211|?\013E6,\322%\001"
 3957      4637C74B 
 3957      9BDCD589 
 3957      7C3F0B45 
 3957      362CD225 
 3958 04c5 C6344817 		.ascii	"\3064H\027H7\004u[\033]\231\253#\303\305\213\264\355"
ARM GAS  /tmp/cc5rfSPY.s 			page 104


 3958      48370475 
 3958      5B1B5D99 
 3958      AB23C3C5 
 3958      8BB4ED
 3959 04d8 606778BD 		.ascii	"`gx\275\225\177\312\037@G4\345L\260C\014+\324`,)\007"
 3959      957FCA1F 
 3959      404734E5 
 3959      4CB0430C 
 3959      2BD4602C 
 3960 04ee 18785005 		.ascii	"\030xP\005\355\325Q\300\260C\216\230\303\370\243\203"
 3960      EDD551C0 
 3960      B0438E98 
 3960      C3F8A383 
 3961 04fe F208B4B3 		.ascii	"\362\010\264\263\030\035F\026Dv)\234\364\200\244\344"
 3961      181D4616 
 3961      4476299C 
 3961      F480A4E4 
 3962 050e 45EAEE34 		.ascii	"E\352\3564w/\255\346Q\344\244\212\321\225\247)\227<"
 3962      772FADE6 
 3962      51E4A48A 
 3962      D195A729 
 3962      973C
 3963 0520 D4061F63 		.ascii	"\324\006\037cQ\216\323\035I\033'\215Ck#1'\255\303\240"
 3963      518ED31D 
 3963      491B278D 
 3963      436B2331 
 3963      27ADC3A0 
 3964 0534 9CD87A27 		.ascii	"\234\330z'\303\305y\336\203\035\235\2677F\275\226\003"
 3964      C3C579DE 
 3964      831D9DB7 
 3964      3746BD96 
 3964      03
 3965 0545 2795256B 		.ascii	"'\225%k\200\316\324\024,G\312\216OJ\005\027\333@v\201"
 3965      80CED414 
 3965      2C47CA8E 
 3965      4F4A0517 
 3965      DB407681 
 3966 0559 E4831481 		.ascii	"\344\203\024\201\224\201T\201\324\201\234\007\271\002"
 3966      94815481 
 3966      D4819C07 
 3966      B902
 3967 0567 D209720B 		.ascii	"\322\011r\013\244\017d\020d\014$R\344\2448\220d\221"
 3967      A40F6410 
 3967      640C2452 
 3967      E4A43890 
 3967      6491
 3968 0579 70EA204B 		.ascii	"p\352 KG\227(\245\213\034\236[\327\272#\017;L\\\232"
 3968      479728A5 
 3968      8B1C9E5B 
 3968      D7BA230F 
 3968      3B4C5C9A 
 3969 058d D98C4C24 		.ascii	"\331\214L$\015\345$\201\345\250\012]\237X\350g\312i"
 3969      0DE52481 
 3969      E5A80A5D 
 3969      9F58E867 
 3969      CA69
 3970 059f 766B54D0 		.ascii	"vkT\320\241V\033\031hUA\373\370)dX\243\2129\364g=\003"
ARM GAS  /tmp/cc5rfSPY.s 			page 105


 3970      A1561B19 
 3970      685541FB 
 3970      F8296458 
 3970      A38A39F4 
 3971 05b6 6B355EA9 		.ascii	"k5^\251\341\001\206\235S1u\2268\301\2403*tB\255\376"
 3971      E101869D 
 3971      53317596 
 3971      38C1A033 
 3971      2A7442AD 
 3972 05cb 3205BBC9 		.ascii	"2\005\273\311\327k0\210G\232x\2165\261L\005\035\346"
 3972      D76B3088 
 3972      479A788E 
 3972      35B14C05 
 3972      1DE6
 3973 05dd 8836E6F5 		.ascii	"\2106\346\365\204\012\336V\31143\254Bc\350P]\347Q\213"
 3973      840ADE56 
 3973      C93433AC 
 3973      4263E850 
 3973      5DE7518B 
 3974 05f1 B243AEE4 		.ascii	"\262C\256\344\333\320\035\324\207ZQ\017\272\215\256"
 3974      DBD01DD4 
 3974      875A510F 
 3974      BA8DAE
 3975 0600 A26BE816 		.ascii	"\242k\350\026\352E]\350\006\272\202.\241\233\350\"\272"
 3975      EA455DE8 
 3975      06BA822E 
 3975      A19BE822 
 3975      BA
 3976 0611 8CEEA24E 		.ascii	"\214\356\242N\324\216:\320=\324M\012\213\020\253d\304"
 3976      D48E3AD0 
 3976      3DD44D0A 
 3976      8B10AB64 
 3976      C4
 3977 0622 3AF8EBDA 		.ascii	":\370\353\332\011\223\004\257`\301O\241\353\232\231"
 3977      099304AF 
 3977      60C14FA1 
 3977      EB9A99
 3978 0631 80606719 		.ascii	"\200`g\031V\255\3514\212\235dX\235\2125\252X)\303\316"
 3978      56ADE934 
 3978      8A9D6458 
 3978      9D8A35AA 
 3978      5829C3CE 
 3979 0645 AA98C3CC 		.ascii	"\252\230\303\314t\220\201\315\216\251gX\023\303*5}\315"
 3979      749081CD 
 3979      8EA96758 
 3979      13C32A35 
 3979      7DCD
 3980 0657 C06B0CBC 		.ascii	"\300k\014\274\240\202\344\314C#^eX\251&\275\314\260"
 3980      A082E4CC 
 3980      43235E65 
 3980      58A926BD 
 3980      CCB0
 3981 0669 84810D1A 		.ascii	"\204\201\015\032:\324\260\234a\2475\315`\206\207\030"
 3981      3AD4B09C 
 3981      61A735CD 
 3981      60868718 
 3982 0679 D8A4292F 		.ascii	"\330\244)/\230\353v@\315#kU\311.\301K\333I\367\321\317"
ARM GAS  /tmp/cc5rfSPY.s 			page 106


 3982      98EB7640 
 3982      CD236B55 
 3982      C92EC14B 
 3982      DB49F7D1 
 3983 068e EA25D8B5 		.ascii	"\352%\330\265\255\037\352\342\325\341\377\300\326ze"
 3983      AD1FEAE2 
 3983      D5E1FFC0 
 3983      D67A65
 3984 069d 03D2D817 		.ascii	"\003\322\330\027\325\354\252b\277\246\320#:3\244\220"
 3984      D5ECAA62 
 3984      BFA6D023 
 3984      3A33A490 
 3985 06ad 3D6DDC14 		.ascii	"=m\334\024\262\213\203\015d>\214\316\002\030\235.\312"
 3985      B28B830D 
 3985      643E8CCE 
 3985      02189D2E 
 3985      CA
 3986 06be D1C405AE 		.ascii	"\321\304\005\256\344L\262Z*&|\013\357\266G\250s\006"
 3986      E44CB25A 
 3986      2A267C0B 
 3986      EFB647A8 
 3986      7306
 3987 06d0 DD7B0D23 		.ascii	"\335{\015#\227J\376)\032BR)X\326\200\226no\317\356\273"
 3987      974AFE29 
 3987      1A425229 
 3987      58D68096 
 3987      6E6FCFEE 
 3988 06e5 F81D9EF7 		.ascii	"\370\035\236\367\004\211\222\345\3473\306\221\343\256"
 3988      048992E5 
 3988      E733C691 
 3988      E3AE
 3989 06f3 69148D23 		.ascii	"i\024\215#\3569\032Cp\305\250v\355\265bWeWeu\3061*\335"
 3989      EE391A43 
 3989      70C5A876 
 3989      EDB56257 
 3989      65576575 
 3990 070b 9315E3A6 		.ascii	"\223\025\343\246\322~\301\232\364RiR\332\371\244\334"
 3990      D27EC19A 
 3990      F4526952 
 3990      DAF9A4DC 
 3991 071b 4953BB5E 		.ascii	"IS\273^\203I\365\300\244\015\230H\007;\0177\272z9\036"
 3991      8349F5C0 
 3991      A40D9848 
 3991      073B0F37 
 3991      BA7A391E 
 3992 072f 76944D84 		.ascii	"v\224M\204,D\011\225\374Z!Z\210\021h\201\217\244\365"
 3992      2C440995 
 3992      FC5A215A 
 3992      88116881 
 3992      8FA4F5
 3993 0742 5B8ADFAD 		.ascii	"[\212\337\255\211\226\241\263\236\241'(Jp\254+2\002"
 3993      8996A1B3 
 3993      9EA12728 
 3993      4A70AC2B 
 3993      3202
 3994 0754 76462BAB 		.ascii	"vF+\253\3263\024)\330@uQ\030H\212\3368\031\316F\257"
 3994      D6331429 
ARM GAS  /tmp/cc5rfSPY.s 			page 107


 3994      D8407551 
 3994      18488ADE 
 3994      3819CE46 
 3995 0769 D088A325 		.ascii	"\320\210\243%\364r\222\016\230\236)\337\324\353\346"
 3995      F472920E 
 3995      989E29DF 
 3995      D4EBE6
 3996 0778 A5A510AB 		.ascii	"\245\245\020\253\245\000=\320\250L\206X\332\256\343"
 3996      A5003DD0 
 3996      A84C8658 
 3996      DAAEE3
 3997 0787 A4BD2045 		.ascii	"\244\275 E\304t\364\304\226&\235\323\321/A\260\355v"
 3997      C474F4C4 
 3997      96269DD3 
 3997      D12F41B0 
 3997      ED76
 3998 0799 4B41AD8A 		.ascii	"KA\255\212\250\335yr`\310\323\213\036\037\255<9:&\013"
 3998      A8DD7972 
 3998      60C8D38B 
 3998      1E1FAD3C 
 3998      393A260B 
 3999 07ad 29E05FA9 		.ascii	")\340_\251\213Kc\251\375:5\211)\214_*\204\225\316\202"
 3999      8B4B63A9 
 3999      FD3A3589 
 3999      298C5F2A 
 3999      8495CE82 
 4000 07c1 838BC441 		.ascii	"\203\213\304A\365\313\221\255\256Nq6\252qn"
 4000      F5CB91AD 
 4000      AE4E7136 
 4000      AA716E
 4001 07d0 805A0FC8 		.ascii	"\200Z\017\310C\242zk\350`>\322\304\332\"d\320X\3220"
 4001      43A27A6B 
 4001      E8603ED2 
 4001      C4DA2264 
 4001      D058D230 
 4002 07e4 51D87836 		.ascii	"Q\330x6\376\276\233Fa\253M\001\243\255kw\365{\252d2"
 4002      FEBE9B46 
 4002      61AB4D01 
 4002      A3AD6B77 
 4002      F57BAA64 
 4003 07f9 19996D84 		.ascii	"\031\231m\204L\244\013\324N\334\266\343%.^\016\035\246"
 4003      4CA40BD4 
 4003      4EDCB6E3 
 4003      252E5E0E 
 4003      1DA6
 4004 080b EC77B608 		.ascii	"\354w\266\010\333\301\301Na\207\300N\244Yc\003E\263"
 4004      DBC1C14E 
 4004      6187C04E 
 4004      A4596303 
 4004      45B3
 4005 081d 68776D13 		.ascii	"hwm\023\262\000u>\033&\321\356\332&lv\004\347\003\203"
 4005      B200753E 
 4005      1B26D1EE 
 4005      DA266C76 
 4005      04E70383 
 4006 0831 96A1F131 		.ascii	"\226\241\3611\321K\353\177\253\243\177\251\330\005\026"
 4006      D14BEB7F 
ARM GAS  /tmp/cc5rfSPY.s 			page 108


 4006      ABA37FA9 
 4006      D80516
 4007 0840 3420836A 		.ascii	"4 \203jw\217\364\011\232\226\344\010\271\254\2515Da"
 4007      778FF409 
 4007      9A96E408 
 4007      B9ACA935 
 4007      4461
 4008 0852 9F6568A3 		.ascii	"\237eh\243\213Fa\267M\001Nl\361[G\354\343q\017c\221"
 4008      8B4661B7 
 4008      4D014E6C 
 4008      F15B47EC 
 4008      E3710F63 
 4009 0867 072130CE 		.ascii	"\007!0\316\330S\177\320\363=/\302t\264D\226]\335\363"
 4009      D8537FD0 
 4009      F33D2FC2 
 4009      74B44496 
 4009      5DDDF3
 4010 087a 80E85E47 		.ascii	"\200\350^G\242t\365\005\202\312\263\034\000+\371|Aq"
 4010      A274F505 
 4010      82CAB31C 
 4010      002BF97C 
 4010      4171
 4011 088c DCDDDAA7 		.ascii	"\334\335\332\247t\266\003\276\333\216KM@\377\034H+H"
 4011      74B603BE 
 4011      DB8E4B4D 
 4011      40FF1C48 
 4011      2B48
 4012 089e 27C81DA5 		.ascii	"'\310\035\245)w/\246\210\032\246\207\204B\033\323\302"
 4012      29772FA6 
 4012      881AA687 
 4012      84421BD3 
 4012      C2
 4013 08af E4DD43F6 		.ascii	"\344\335C\366\215C!\243a!\2352\010\016F\211\203\207"
 4013      8D4321A3 
 4013      61219D32 
 4013      080E4689 
 4013      8387
 4014 08c1 7D632D3A 		.ascii	"}c-:\247\261\177X\260\215\375W\240\266V\002\265\230"
 4014      A7B17F58 
 4014      B08DFD57 
 4014      A0B65602 
 4014      B598
 4015 08d3 755BCF68 		.ascii	"u[\317h\253\343\250p\214\245,YQx\272sXK\344\270M\001"
 4015      ABE3A870 
 4015      8CA52C59 
 4015      5178BA73 
 4015      584BE4B8 
 4016 08e9 A3BADEBC 		.ascii	"\243\272\336\274\336I*\221\022F\244\224\020\311 \306"
 4016      DE492A91 
 4016      1246A494 
 4016      10C920C6 
 4017 08f9 29755BEF 		.ascii	")u[\357\213\316\370\011\201(`4\\\220\360\226\212\225"
 4017      8BCEF809 
 4017      81286034 
 4017      5C90F096 
 4017      8A95
 4018 090b 31DB93C4 		.ascii	"1\333\223\304\266@\342\244\303 e\340cZ\\\234<\215l)"
ARM GAS  /tmp/cc5rfSPY.s 			page 109


 4018      B640E2A4 
 4018      C32065E0 
 4018      635A5C9C 
 4018      3C8D6C29 
 4019 091f DE66FB8A 		.ascii	"\336f\373\212\221\364\274\324M\277\251Uj\251X(\022j"
 4019      91F4BCD4 
 4019      4DBFA955 
 4019      6AA95828 
 4019      126A
 4020 0931 1D7B81B8 		.ascii	"\035{\201\270K<\223F\006w/W\256\305H.^\346+X\261P1\001"
 4020      4B3C9346 
 4020      06772F57 
 4020      AEC5482E 
 4020      5EE62B58 
 4021 0949 B3F4AF53 		.ascii	"\263\364\257SJ\260X\250\234hg\3579\256\026\032_#T\013"
 4021      4AB058A8 
 4021      9C6867EF 
 4021      39AE161A 
 4021      5F23540B 
 4022 095d 5542BD60 		.ascii	"UB\275`\025N\013\247\204:V\345\003\0154r\252p`\002+"
 4022      154E0BA7 
 4022      843A56E5 
 4022      030D3472 
 4022      AA706002 
 4023 0972 CB8978C5 		.ascii	"\313\211x\305\273E88\221q\373>\305.](\230\210eQ\237"
 4023      BB453838 
 4023      9171FB3E 
 4023      C52E5D28 
 4023      98886551 
 4024 0987 2785235A 		.ascii	"'\205#Z\014&\237)\322 $i\230$\272\264c\254T\320\234"
 4024      0C269F29 
 4024      D2202469 
 4024      9824BAB4 
 4024      63AC54D0 
 4025 099c 751B0476 		.ascii	"u\033\004v`\225^\202\022T\000F\311O\266\367{j\224\232"
 4025      60955E82 
 4025      12540046 
 4025      C94FB6F7 
 4025      7B6A949A 
 4026 09b0 55A50457 		.ascii	"U\245\004WNJ#J\033o\356\275\255\365t^U\332\346\312\351"
 4026      4E4A234A 
 4026      1B6FEEBD 
 4026      ADF5745E 
 4026      55DAE6CA 
 4027 09c5 7EC7FF07 		.ascii	"~\307\377\007\004v\223D\371b\371\345\355\210(\017\311"
 4027      04769344 
 4027      F962F9E5 
 4027      ED88280F 
 4027      C9
 4028 09d6 D68C141D 		.ascii	"\326\214\024\035\035\234\255\302\357*\371\313\302%\001"
 4028      1D9CADC2 
 4028      EF2AF9CB 
 4028      C22501
 4029 09e5 A3470F12 		.ascii	"\243G\017\022\266\330g\217+\214\177\033\351\343\003"
 4029      B6D8678F 
 4029      2B8C7F1B 
 4029      E9E303
ARM GAS  /tmp/cc5rfSPY.s 			page 110


 4030 09f4 10B018A4 		.ascii	"\020\260\030\244\004\244\202\370:p,a7\326\024Z\207\320"
 4030      04A482F8 
 4030      3A702C61 
 4030      37D6145A 
 4030      87D0
 4031 0a06 C92AB189 		.ascii	"\311*\261\211(d\327\2245kG\367u\233\002F\225\335\217"
 4031      2864D794 
 4031      356B47F7 
 4031      759B0246 
 4031      95DD8F
 4032 0a19 3BED83F7 		.ascii	";\355\203\367\006\213\324E\"\265C\204[ \335 \275\304"
 4032      068BD445 
 4032      22B54384 
 4032      5B20DD20 
 4032      BDC4
 4033 0a2b 517CFFFD 		.ascii	"Q|\377\375_j\374\334\021\356\332\374\244\345\365\225"
 4033      5F6AFCDC 
 4033      11EEDAFC 
 4033      A4E5F595 
 4034 0a3b D9DF26DD 		.ascii	"\331\337&\335e~\272\211\237\247`\213+.\347\274\251\314"
 4034      657EBA89 
 4034      9FA7608B 
 4034      2B2EE7BC 
 4034      A9CC
 4035 0a4d 0323C349 		.ascii	"\003#\303I\365\347&g\221Cz\267p[\350\375\341\212\271"
 4035      F5E72667 
 4035      91437AB7 
 4035      705BE8FD 
 4035      E18AB9
 4036 0a60 076025DF 		.ascii	"\007`%\337\243\214\365(7N\212\005It\203X\333\312\037"
 4036      A38CF528 
 4036      374E8A05 
 4036      49748358 
 4036      DBCA1F
 4037 0a73 C8DAD9E8 		.ascii	"\310\332\331\350\201\360\220\265x'Q\350\336\177\372"
 4037      81F090B5 
 4037      782751E8 
 4037      DE7FFA
 4038 0a82 01AF5178 		.ascii	"\001\257QxdS\300\350hU\305q{n\373Y\374\001\302\264\030"
 4038      6453C0E8 
 4038      6855C571 
 4038      7B6EFB59 
 4038      FC01C2B4 
 4039 0a97 8CA5474F 		.ascii	"\214\245GO\317\\r#\333r:\377\312\307\331r\231(\014\012"
 4039      CF5C7223 
 4039      DB723AFF 
 4039      CAC7D972 
 4039      99280C0A 
 4040 0aab 439A1591 		.ascii	"C\232\025\221\3708T\223D\312l\000\246\265!\247\2468"
 4040      F8385493 
 4040      44CA6C00 
 4040      A6B521A7 
 4040      A638
 4041 0abd AC820F00 		.ascii	"\254\202\017\000\254\344\237\010O\205\307\254\346-\205"
 4041      ACE49F08 
 4041      4F85C7AC 
 4041      E62D85
ARM GAS  /tmp/cc5rfSPY.s 			page 111


 4042 0acc 74E21E80 		.ascii	"t\342\036\200Y}H3\253c\2649'\362\010rZG\037i=H%\220"
 4042      597D4833 
 4042      AB63B439 
 4042      27F20872 
 4042      5A471F69 
 4043 0ae4 8C0A42F7 		.ascii	"\214\012B\367\302\235C\261\302\333\023\226~n\024\324"
 4043      C29D43B1 
 4043      C2DB1396 
 4043      7E6E14D4 
 4044 0af4 C78531E1 		.ascii	"\307\2051\341\271m\345O\317\213l\1777]&M\311\026\236"
 4044      B96DE54F 
 4044      CF8B6C7F 
 4044      375D264D 
 4044      C9169E
 4045 0b07 09A3023D 		.ascii	"\011\243\002=a\253\303\270q\255Bh\2370\002\230\323\020"
 4045      61ABC3B8 
 4045      71AD4268 
 4045      9F300298 
 4045      D310
 4046 0b19 EFD8A39C 		.ascii	"\357\330\243\234s\207\205\373\200Q\377t\335\257\001"
 4046      738785FB 
 4046      8051FF74 
 4046      DDAF01
 4047 0b28 0AEFD60D 		.ascii	"\012\357\326\015l\216\365\230x\232!\206}\361\314\351"
 4047      6C8EF598 
 4047      789A2186 
 4047      7DF1CCE9 
 4048 0b38 2E612D76 		.ascii	".a-v<Y\020\260\227F\354\025n\251\240\303\313\324\202"
 4048      3C5910B0 
 4048      9746EC15 
 4048      6EA9A0C3 
 4048      CBD482
 4049 0b4b BA58F24E 		.ascii	"\272X\362N\344\202\320\002(\014'\266\331&I\337Z\247"
 4049      E482D002 
 4049      280C27B6 
 4049      D92649DF 
 4049      5AA7
 4050 0b5d 8CED36E1 		.ascii	"\214\3556\341\252j\330h\363:\360h\217/`\331\302M\300"
 4050      AA6AD868 
 4050      F33AF068 
 4050      8F2F60D9 
 4050      C24DC0
 4051 0b70 6813EDEF 		.ascii	"h\023\355\357C_R:\351B\232j\370D=\225\014t\356\021!"
 4051      435F523A 
 4051      E9429A6A 
 4051      F8443D95 
 4051      0C74EE11 
 4052 0b85 39A3421F 		.ascii	"9\243B\037\200\016\215T\023\033/\304\0110\315\257\305"
 4052      800E8D54 
 4052      131B2FC4 
 4052      0930CDAF 
 4052      C5
 4053 0b96 30ACF12B 		.ascii	"0\254\361+!\012\257\307\033p$N\3062N\302\3618\021\277"
 4053      210AAFC7 
 4053      1B70244E 
 4053      C6324EC2 
 4053      F13811BF 
ARM GAS  /tmp/cc5rfSPY.s 			page 112


 4054 0baa 14627134 		.ascii	"\024bq4^\207\023p\034\246Y\037\030\331G\331lR\331<S"
 4054      5E871370 
 4054      1CA6591F 
 4054      18D947D9 
 4054      6C52D93C 
 4055 0bbf 9B3890D8 		.ascii	"\2338\220\330\300\346\275$\225\316C\225\353\336\015"
 4055      C0E6BD24 
 4055      95CE4395 
 4055      EBDE0D
 4056 0bce 343BDC0B 		.ascii	"4;\334\013\025\354S3p2?\315\303\"\013\215\302Y\207\344"
 4056      15EC5333 
 4056      70323FCD 
 4056      C3220B8D 
 4056      C25987E4 
 4057 0be2 9C11146C 		.ascii	"\234\021\024l\374\224\342\265KhW\015\355\257\213\343"
 4057      FC94E2B5 
 4057      4B68570D 
 4057      EDAF8BE3 
 4058 0bf2 E864FD12 		.ascii	"\350d\375\022]\323\200\214\320\326\002\3054Q\330\240"
 4058      5DD3808C 
 4058      D0D602C5 
 4058      3451D8A0 
 4059 0c02 21C4B686 		.ascii	"!\304\266\206\2354{\265\302~\025\035\263\367W!\355\257"
 4059      9D347BB5 
 4059      C27E151D 
 4059      B3F75721 
 4059      EDAF
 4060 0c14 73429303 		.ascii	"sB\223\003\245\017\024\267;l\375uQ\323_J\261\017\355"
 4060      A50F14B7 
 4060      3B6CFD75 
 4060      51D35F4A 
 4060      B10FED
 4061 0c27 1E6E76D8 		.ascii	"\036nv\330\246(9>\376\323s,\235\201\201\320B\006}\333"
 4061      A628393E 
 4061      FED3732C 
 4061      9D8181D0 
 4061      42067DDB 
 4062 0c3b E68B59DA 		.ascii	"\346\213Y\332A\237\2067b:+t\023\205\332#\207\336Vp+"
 4062      419F8637 
 4062      623A2B74 
 4062      1385DA23 
 4062      87DE5670 
 4063 0c50 C3D36D38 		.ascii	"\303\323m8F\347\323;e\373\244\260\211\221\334\014\021"
 4063      46E7D33B 
 4063      65FBA4B0 
 4063      8991DC0C 
 4063      11
 4064 0c61 A4710820 		.ascii	"\244q\010 O\202\343<H\342$\320\315lI\034w\336Cfb\333"
 4064      4F82E33C 
 4064      48E224D0 
 4064      CD6C491C 
 4064      77DE4366 
 4065 0c77 0B6C7CA1 		.ascii	"\013l|\241\340\311\240\233\327{\332\271,\003gA\250\355"
 4065      E0C9A09B 
 4065      D77BDAB9 
 4065      2C036741 
 4065      A8ED
ARM GAS  /tmp/cc5rfSPY.s 			page 113


 4066 0c89 986DEB1E 		.ascii	"\230m\353\036\237\210,~\227.\305\333\360V\300\034\367"
 4066      9F882C7E 
 4066      972EC5DB 
 4066      F056C01C 
 4066      F7
 4067 0c9a D2A74890 		.ascii	"\322\247H\220\303G_\265;o~v\330\235H\215\2238];\307"
 4067      C3475FB5 
 4067      3B6F7E76 
 4067      D89D488D 
 4067      93385D3B 
 4068 0caf 7E56811B 		.ascii	"~V\201\033N\272D\314\372\217\306\337\022\234\270\345"
 4068      4EBA44CC 
 4068      FA8FC6DF 
 4068      129CB8E5 
 4069 0cbf E276AE92 		.ascii	"\342v\256\222\317\301\273\260t\035\332\320\015zx\264"
 4069      CFC1BBB0 
 4069      741DDAD0 
 4069      0D7A78B4 
 4070 0ccf FAD9164A 		.ascii	"\372\331\026J\322aw\230\207\363\301\377^V\272%\351y"
 4070      D2617798 
 4070      87F3C1FF 
 4070      5E56BA25 
 4070      E979
 4071 0ce1 557F535E 		.ascii	"U\177S^\246\222\351\"\037;L\027\322c\022\313Z\032M\247"
 4071      A692E922 
 4071      1F3B4C17 
 4071      D26312CB 
 4071      5A1A4DA7 
 4072 0cf5 610717FB 		.ascii	"a\007\027\373\354.\3109\213\227^@\304\030w\310\234;"
 4072      EC2EC839 
 4072      8B975E40 
 4072      C41877C8 
 4072      9C3B
 4073 0d07 58A4578D 		.ascii	"X\244W\215\337v\316\334![\346\244-\240\266\235\250\235"
 4073      DF76CEDC 
 4073      215BE6A4 
 4073      2DA0B69D 
 4073      A89D
 4074 0d19 BE70E6B1 		.ascii	"\276p\346\261\266'\213\360a\326\223\005D\241\270\357"
 4074      B6278BF0 
 4074      61D69305 
 4074      44A1B8EF 
 4075 0d29 789D4EA3 		.ascii	"x\235N\243PlS\300h\323\201\2044\373\353\260#,\265GI"
 4075      506C53C0 
 4075      68D38184 
 4075      34FBEBB0 
 4075      232CB547 
 4076 0d3e 57964184 		.ascii	"W\226A\204*\342 \365E\354\005\017'\"\307\325.\224\362"
 4076      2AE220F5 
 4076      45EC050F 
 4076      2722C7D5 
 4076      2E94F2
 4077 0d51 9A1FE692 		.ascii	"\232\037\346\222W4^t\011\030(eK@\011>\206Ob\347%\240"
 4077      57345E74 
 4077      09182865 
 4077      4B40093E 
 4077      864F62E7 
ARM GAS  /tmp/cc5rfSPY.s 			page 114


 4078 0d67 992E0147 		.ascii	"\231.\001Gq\226p\022;\316\344dT4\321i\376(\336\354\010"
 4078      71967012 
 4078      3BCEE464 
 4078      5434D169 
 4078      FE28DEEC 
 4079 0d7c 3AAF0F45 		.ascii	":\257\017E\340\266\222/\303'p)V\032q\343\301\035\313"
 4079      E0B6922F 
 4079      C3277029 
 4079      561A71E3 
 4079      C11DCB
 4080 0d8f 64A725A0 		.ascii	"d\247%\240X\253$\235\203\326t\203\014\220\026\355\254"
 4080      58AB249D 
 4080      83D67483 
 4080      0C9016ED 
 4080      AC
 4081 0da0 1EE9D691 		.ascii	"\036\351\326\2217\357\216;\012+\266\355(\244\224MQG"
 4081      37EF8E3B 
 4081      0A2BB6ED 
 4081      28A4944D 
 4081      5147
 4082 0db2 04323DB3 		.ascii	"\0042=\263\245\240\214-\005\345\330\202k\035g;B\372"
 4082      A5A08C2D 
 4082      05E5D882 
 4082      6B1D673B 
 4082      42FA
 4083 0dc4 3E255D88 		.ascii	">%]\210\017\002\246\231\230\031#/\256\000\303\264Q\001"
 4083      0F02A699 
 4083      9819232F 
 4083      AE00C3B4 
 4083      5101
 4084 0dd6 70255F8D 		.ascii	"p%_\215k\360)\314^\221\217\346\202i\206\225\257\302"
 4084      6BF029CC 
 4084      5E918FE6 
 4084      82698695 
 4084      AFC2
 4085 0de8 95003ACE 		.ascii	"\225\000:\316\277\322(\341\331]|\344\337^Z/\247\265"
 4085      BFD228E1 
 4085      D95D7CE4 
 4085      DF5E5A2F 
 4085      A7B5
 4086 0dfa 5EA4640F 		.ascii	"^\244d\017N\332\004\222\353\001\347\244\015\233\006"
 4086      4EDA0492 
 4086      EB01E7A4 
 4086      0D9B06
 4087 0e09 4EBB3A9E 		.ascii	"N\273:\236\223\224\227\202gp\003\2304\342&V\253\226"
 4087      93949782 
 4087      67700398 
 4087      34E22656 
 4087      AB96
 4088 0e1b E6027581 		.ascii	"\346\002u\201jpj\315\3005:\313\226\012g\301J\323\032"
 4088      6A706ACD 
 4088      C0353ACB 
 4088      960A67C1 
 4088      4AD31A
 4089 0e2e A90042A0 		.ascii	"\251\000B\240\206\347\307N\362No\035\233\035\003\300"
 4089      86E7C74E 
 4089      F24E6F1D 
ARM GAS  /tmp/cc5rfSPY.s 			page 115


 4089      9B1D03C0 
 4090 0e3e A1357B2A 		.ascii	"\2415{*\371\331i=/\225x\220\2572y\213 \313\274t\212"
 4090      F9D9693D 
 4090      2F957890 
 4090      AF32798B 
 4090      20CBBC74 
 4091 0e53 38685F5B 		.ascii	"8h_[\224\244\255W\256\225\225\353\031\202\337/M\033"
 4091      94A4AD57 
 4091      AE9595EB 
 4091      1982DF2F 
 4091      4D1B
 4092 0e65 70D7E057 		.ascii	"p\327\340Wp\253\255\\_\312G\353%\265\\\333\030\301\253"
 4092      70ABAD5C 
 4092      5FCA47EB 
 4092      25B55CDB 
 4092      18C1AB
 4093 0e78 58098BA4 		.ascii	"X\011\213\244+\020\357\2670\314\005\370\344\244\016"
 4093      2B10EFB7 
 4093      30CC05F8 
 4093      E4A40E
 4094 0e87 E2EEE1A6 		.ascii	"\342\356\341\246\321m\312\030\177 [\243D\230\365\257"
 4094      D16DCA18 
 4094      7F205BA3 
 4094      4498F5AF 
 4095 0e97 61EE3AFE 		.ascii	"a\356:\376m%\337\211;\260t\0272\327\257\220|\005\272"
 4095      6D25DF89 
 4095      3BB07417 
 4095      32D7AF90 
 4095      7C05BA
 4096 0eaa 6753E5AA 		.ascii	"gS\345\252\011o?oc\316\373\026\226\206=\310\030\365"
 4096      096F3F6F 
 4096      63CEFB16 
 4096      96863DC8 
 4096      18F5
 4097 0ebc 92C6499E 		.ascii	"\222\306I\236{\217\216\357B\016\3572`^\371\357\036L"
 4097      7B8F8EEF 
 4097      420EEF32 
 4097      605EF9EF 
 4097      1E4C
 4098 0ece 4748341B 		.ascii	"GH4\033!\\\017\346z\361=\214z\310\317\276\002\210\210"
 4098      215C0FE6 
 4098      7AF13D8C 
 4098      7AC8CFBE 
 4098      028888
 4099 0ee1 75E54339 		.ascii	"u\345C9\245\036\016\206\374C\254l\202\367z\221=0\367"
 4099      A51E0E86 
 4099      FC43AC6C 
 4099      82F77A91 
 4099      3D30F7
 4100 0ef4 102606FC 		.ascii	"\020&\006\374\000Hc)z2\304)\333\275\266}\262]\375O\203"
 4100      00486329 
 4100      7A32C429 
 4100      DBBDB67D 
 4100      B25DFD4F 
 4101 0f09 543B836A 		.ascii	"T;\203j\017b\3561\036\300h\020Kq\223a\322\000I%V\345"
 4101      0F62EE31 
 4101      1EC06810 
ARM GAS  /tmp/cc5rfSPY.s 			page 116


 4101      4B719361 
 4101      D2004925 
 4102 0f1f 778EA662 		.ascii	"w\216\246b6\036\257=\036\354\374\230\216\307^n\010\217"
 4102      361EAF3D 
 4102      1EECFC98 
 4102      8EC75E6E 
 4102      088F
 4103 0f31 4C1872F7 		.ascii	"L\030r\367\331\266\202{\352\010:\0149Z\225#\320\003"
 4103      D9B6827B 
 4103      EA083A0C 
 4103      395A9523 
 4103      D003
 4104 0f43 CFF0B052 		.ascii	"\317\360\260Rr\325\020\250\016\002\341\215\221i%\310"
 4104      72D510A8 
 4104      0E02E18D 
 4104      916925C8 
 4105 0f53 79F2E6C6 		.ascii	"y\362\346\306A\3659\233\273-\327\326\262\025t\014\217"
 4105      41F5399B 
 4105      BB2DD7D6 
 4105      B215740C 
 4105      8F
 4106 0f64 6BE6ED66 		.ascii	"k\346\355f\342\340\342\331\346s\002=\360\236Y\253.\265"
 4106      E2E0E2D9 
 4106      E673023D 
 4106      F09E59AB 
 4106      2EB5
 4107 0f76 AF9C7838 		.ascii	"\257\234x8:\177\005\316_*,.\000\213V\220k\244\311ym"
 4107      3A7F05CE 
 4107      5F2A2C2E 
 4107      008B5690 
 4107      6BA4C979 
 4108 0f8b 96CEC974 		.ascii	"\226\316\311t\027j9@=\225\012Qb\214\370\303-\212\021"
 4108      176A3940 
 4108      3D950A51 
 4108      628CF8C3 
 4108      2D8A11
 4109 0f9e 2BF9     		.ascii	"+\371"
 4110 0fa0 6871ADC8 		.ascii	"hq\255\310\266\036%{\222\351\231-\322\321\212\224}'"
 4110      B61E257B 
 4110      92E9992D 
 4110      D2D18A94 
 4110      7D27
 4111 0fb2 04E92241 		.ascii	"\004\351\"A\2626d|Ic\014$\237J\246\243d\235\030\377"
 4111      B236647C 
 4111      49630C24 
 4111      9F4AA6A3 
 4111      649D18FF 
 4112 0fc6 2331E221 		.ascii	"#1\342!F\234\270^d\311\330f\313u\271\020\257\211\201"
 4112      469CB85E 
 4112      64C9D866 
 4112      CB75B910 
 4112      AF8981
 4113 0fd9 DDFB6F5C 		.ascii	"\335\373o\\I\307\364\370I\330\264\337\375\016zl\034"
 4113      49C7F4F8 
 4113      49D8B4DF 
 4113      FD0E7A6C 
 4113      1C
ARM GAS  /tmp/cc5rfSPY.s 			page 117


 4114 0fea 8FE24427 		.ascii	"\217\342D'\367\226\021\272\273\034\301O\000\323\356"
 4114      F79611BA 
 4114      BB1CC14F 
 4114      00D3EE
 4115 0ff9 4A1D4327 		.ascii	"J\035C'B\350\024"
 4115      42E814
 4116 1000 31594C12 		.ascii	"1YL\0227\210\011\254\221\226\263\224\300+\374b\242\337"
 4116      378809AC 
 4116      9196B394 
 4116      C02BFC62 
 4116      A2DF
 4117 1012 52EA3746 		.ascii	"R\3527F\224Eg\277\226,\212\305\213\261Z\014O\316\350"
 4117      944567BF 
 4117      962C8AC5 
 4117      8BB15A0C 
 4117      4FCEE8
 4118 1025 2C2995D8 		.ascii	",)\225\330>\226$\346AnR\242\314W{=\304-B\232x\037C\231"
 4118      3E9624E6 
 4118      416E52A2 
 4118      CC577B3D 
 4118      C42D429A 
 4119 103d 7A57F11B 		.ascii	"zW\361\033\305>l'H\177\323H\003\202\233\304T1]\334\""
 4119      C53E6C27 
 4119      487FD348 
 4119      03829BC4 
 4119      54315DDC 
 4120 1052 6EB6F5C2 		.ascii	"n\266\365\302\330\236\360]\356\355\004t:\240\216\345"
 4120      D89EF05D 
 4120      EEED0474 
 4120      3AA08EE5 
 4121 1062 262511BF 		.ascii	"&%\021\277=\270\033\247\211wq7\317\034+{&KOM\254\365"
 4121      3DB81BA7 
 4121      89777137 
 4121      CF1C2B7B 
 4121      264B4F4D 
 4122 1078 13F741DC 		.ascii	"\023\367A\334\017`\237\032\224V\317\250\262QM\024\367"
 4122      0F609F1A 
 4122      9456CFA8 
 4122      B2514D14 
 4122      F7
 4123 1089 0321CADD 		.ascii	"\003!\312\335\276\032\275\314UV\243B|\007\247i{\004"
 4123      BE1ABDCC 
 4123      5556A342 
 4123      7C07A769 
 4123      7B04
 4124 109b BD3C3BB6 		.ascii	"\275<;\266\325\371\347\225+x\002k\214F\272J\255\256"
 4124      D5F9E795 
 4124      2B78026B 
 4124      8C46BA4A 
 4124      ADAE
 4125 10ad EA4FD419 		.ascii	"\352O\324\031\342%|\021\012t\253Hf\016\016\273=\211"
 4125      E2257C11 
 4125      0A74AB48 
 4125      660E0EBB 
 4125      3D89
 4126 10bf E96C10BD 		.ascii	"\351l\020\2754\177[1\210\310\037\301d\202\253,q\207"
 4126      347F5B31 
ARM GAS  /tmp/cc5rfSPY.s 			page 118


 4126      88C81FC1 
 4126      6482AB2C 
 4126      7187
 4127 10d1 B84DDCCE 		.ascii	"\270M\334\316\012d \253N\241s\025_\306\231\242\323H"
 4127      0A6420AB 
 4127      4EA17315 
 4127      5FC699A2 
 4127      D348
 4128 10e3 1D48C86F 		.ascii	"\035H\310o\366h\221\205\033\270\013@e\036\263w\320\336"
 4128      F6689185 
 4128      1BB80B40 
 4128      651EB377 
 4128      D0DE
 4129 10f5 7CA583B6 		.ascii	"|\245\203\266\2127\001\243\004\354\177\206\221q\017"
 4129      8A3701A3 
 4129      04EC7F86 
 4129      91710F
 4130 1104 F69A51EE 		.ascii	"\366\232Q\3567p\273\243!\354\177\245;P\326\250\247\261"
 4130      3770BBA3 
 4130      21EC7FA5 
 4130      3B50D6A8 
 4130      A7B1
 4131 1116 EDF6242F 		.ascii	"\355\366$/-\271\235\242\023;<\275\243-\365\221\213\375"
 4131      2DB99DA2 
 4131      133B3CBD 
 4131      A32DF591 
 4131      8BFD
 4132 1128 CC4257C6 		.ascii	"\314BW\306\242\033\277a\207$\361\002\336-\322\206\365"
 4132      A21BBF61 
 4132      8724F102 
 4132      DE2DD286 
 4132      F5
 4133 1139 237513DC 		.ascii	"#u\023\334wP\341\225\202\327\013\273Ee\267\352p\204"
 4133      7750E195 
 4133      82D70BBB 
 4133      4565B7EA 
 4133      7084
 4134 114b B0141214 		.ascii	"\260\024\022\024\226\277:|\000\214\225\345\215-\177"
 4134      96BF3A7C 
 4134      008C95E5 
 4134      8D2D7F
 4135 115a EA9A771E 		.ascii	"\352\232w\036\267`8\242\357\0066yb\256\270W\334'\346"
 4135      B76038A2 
 4135      EF063679 
 4135      62AEB857 
 4135      DC27E6
 4136 116d 8B7BC41C 		.ascii	"\213{\304\034q\277\270\313\226\265\353M\312\222\265"
 4136      71BFB8CB 
 4136      96B5EB4D 
 4136      CA92B5
 4137 117c 19A78217 		.ascii	"\031\247\202\027\307\237\023H\357\027\034$G\212s\270"
 4137      C79F1348 
 4137      EF171C24 
 4137      478A73B8 
 4138 118c 1E305A78 		.ascii	"\0360Zxj\322\256\322\037:w\342-\252\3353;\271\012J}"
 4138      6AD2AED2 
 4138      1F3A77E2 
ARM GAS  /tmp/cc5rfSPY.s 			page 119


 4138      2DAADD33 
 4138      3BB90A4A 
 4139 11a1 3FDE0328 		.ascii	"?\336\003(\255\033\365Lei\240\246\273q\266\306\224\372"
 4139      AD1BF54C 
 4139      6569A0A6 
 4139      BB71B6C6 
 4139      94FA
 4140 11b3 7D442DD7 		.ascii	"}D-\327\011\217\321n\221.\257\364\027_\214rs\373\356"
 4140      098FD16E 
 4140      912EAFF4 
 4140      175F8C72 
 4140      73FBEE
 4141 11c6 612F6DEB 		.ascii	"a/m\353\256\377p\3530:x\267w\310\276\340\025\260X\007"
 4141      AEFF70EB 
 4141      303A78B7 
 4141      77C8BEE0 
 4141      15B05807 
 4142 11da 44825D6D 		.ascii	"D\202]m\316/E\203\344M|\234l\215\254\225Rrzd\213,\207"
 4142      CE2F4583 
 4142      E44D7C9C 
 4142      6C8DAC95 
 4142      52727A64 
 4143 11f1 CBA77B32 		.ascii	"\313\247{22c{\342\246\246F\021:q\362/3\340qffW\012\312"
 4143      32637BE2 
 4143      A6A64611 
 4143      3A71F22F 
 4143      33E07166 
 4144 1209 16486459 		.ascii	"\026HdY\216v\227\217\300%j\245\034\035K\276'xeG\323"
 4144      8E76978F 
 4144      C0256AA5 
 4144      1C1D4BBE 
 4144      27786547 
 4145 121e 25B78597 		.ascii	"%\267\205\227\255\261\262\305\252\313\251\221c3\344"
 4145      ADB1B2C5 
 4145      AACBA991 
 4145      6333E4
 4146 122d CF33337B 		.ascii	"\31733{\352\225\227\375i]Y\353<\263\243;\342\262k\344"
 4146      EA9597FD 
 4146      695D59EB 
 4146      3CB3A33B 
 4146      E2B26BE4 
 4147 1241 B7B3C14B 		.ascii	"\267\263\301K\206\034cM\345#\301$\322*\247Z\371\224"
 4147      861C634D 
 4147      E523C124 
 4147      D22AA75A 
 4147      F994
 4148 1253 ECACC4A4 		.ascii	"\354\254\304\244\230\332\266\353\374\306l\253\034\231"
 4148      98DAB6EB 
 4148      FCC66CAB 
 4148      1C99
 4149 1261 6D8DE323 		.ascii	"m\215\343#s\254q\221\240\373VjT\255,W\307H\221rm\\j"
 4149      73AC7191 
 4149      A0FB566A 
 4149      54AD2C57 
 4149      C7489172 
 4150 1278 766DDCD4 		.ascii	"vm\334\324\224\234Z95\2476nJ6Q\301)QV9%;FJ\211\352 "
 4150      949C5A39 
ARM GAS  /tmp/cc5rfSPY.s 			page 120


 4150      35A7366E 
 4150      4A3651C1 
 4150      29515639 
 4151 1293 CB7EDC14 		.ascii	"\313~\334\024b\016\270\224\002\006\344\01425\005\210"
 4151      620EB894 
 4151      0206E40C 
 4151      32350588 
 4152 12a3 47E6C829 		.ascii	"G\346\310)S#sb\"#\301r*\300\362\226\0349nJjN\014\350"
 4152      53237362 
 4152      2223C172 
 4152      2AC0F296 
 4152      1C396E4A 
 4153 12bb 621902FD 		.ascii	"b\031\002\375S\331O\200\013\004\037\177\306\350DJ]\273"
 4153      53D94F80 
 4153      0B041F7F 
 4153      C6E8444A 
 4153      5DBB
 4154 12cd EE31E17F 		.ascii	"\3561\341\177\262\177\343yO\376\315\224?s\374\334)R"
 4154      B27FE379 
 4154      4FFECD94 
 4154      3F73FCDC 
 4154      2952
 4155 12df 822727E5 		.ascii	"\202''\345{\222w\265#\0355\302\257d\262=\220\247\367"
 4155      7B9277B5 
 4155      231D35C2 
 4155      AF64B23D 
 4155      90A7F7
 4156 12f2 D1ED0157 		.ascii	"\321\355\001W$r\203J\366\317\234j\216\025ged\310#\303"
 4156      2472834A 
 4156      F6CF9C6A 
 4156      8E156765 
 4156      64C823C3 
 4157 1306 E3559D5E 		.ascii	"\343U\235^Y\260\205\220\345H\\$ZDeCr\030n\270C\342A"
 4157      59B08590 
 4157      E5485C24 
 4157      5A446543 
 4157      72186EB8 
 4158 131d 7151D98C 		.ascii	"qQ\331\214Y)\031rJV\266\025\311\262P$\026\332\024\012"
 4158      59291972 
 4158      4A56B615 
 4158      C9B25024 
 4158      16DA140A 
 4159 1331 A902270D 		.ascii	"\251\002'\015\222p\233\312\373\303ge(\357u\326\037\235"
 4159      92709BCA 
 4159      FBC36765 
 4159      28EF75D6 
 4159      1F9D
 4160 1343 59159D3D 		.ascii	"Y\025\235=\253H<BU\271#\244\307\027\355\235!\305M!\177"
 4160      AB483C42 
 4160      55B923A4 
 4160      C717ED9D 
 4160      21C54D21 
 4161 1358 57B2BEEF 		.ascii	"W\262\276\357\256\013Q\265l8: K\240w\214\351\035S\364"
 4161      AE0B51B5 
 4161      6C383A20 
 4161      4BA0778C 
 4161      E91D53F4 
ARM GAS  /tmp/cc5rfSPY.s 			page 121


 4162 136c 76CD90B6 		.ascii	"v\315\220\266\023\275\366;\321\273\\\030\305\310\"F"
 4162      13BDF63B 
 4162      D1BB5C18 
 4162      C5C82246 
 4163 137c 51068A25 		.ascii	"Q\006\212%L\275\2041\034\237!\355#\006\271[^\306bW\216"
 4163      4CBD8431 
 4163      1C9F21ED 
 4163      2306B95B 
 4163      5EC66257 
 4164 1391 BCB61A24 		.ascii	"\274\266\032$\257\242F\333nz:'\340\244\310\225)%\326"
 4164      AFA246DB 
 4164      6E7A3A27 
 4164      E0A4C895 
 4164      2925D6
 4165 13a4 D57CEC90 		.ascii	"\325|\354\220\342\3352Fv\271\212\353\223\342\011\346"
 4165      E2DD3246 
 4165      76B98AEB 
 4165      93E209E6 
 4166 13b4 FA04737D 		.ascii	"\372\004s}g\206T<\205\223\232\300\275\356l\345\376<"
 4166      6786543C 
 4166      85939AC0 
 4166      BDEE6CE5 
 4166      FE3C
 4167 13c6 1EB62B93 		.ascii	"\036\266+\223\351\226\005W\211\312\226\005N5\260e\251"
 4167      E9960557 
 4167      89CA9605 
 4167      4E35B065 
 4167      A9
 4168 13d7 14AB44AE 		.ascii	"\024\253D\256Z\264\212\250J\304\250ugc\013\266\205\256"
 4168      5AB48AA8 
 4168      4AC4A875 
 4168      67630BB6 
 4168      85AE
 4169 13e9 6233538D 		.ascii	"b3S\215-\367\327\326\277x\354\241\344\2525\257\372\212"
 4169      2DF7D7D6 
 4169      BF78ECA1 
 4169      E4AA35AF 
 4169      FA8A
 4170 13fb 92AB1AB1 		.ascii	"\222\253\032\261\202E\256PrP8Cz\005q\343\247\202\372"
 4170      8245AE50 
 4170      72503843 
 4170      7A0571E3 
 4170      A782FA
 4171 140e 86EA9A2C 		.ascii	"\206\352\232,\0354\353\264\302{G\315\3106^u\315S\327"
 4171      1D34EBB4 
 4171      C27B47CD 
 4171      C8365E75 
 4171      CD53D7
 4172 1421 F5D435E9 		.ascii	"\365\3245\351\250\221\353\373\037\277\370\023\354\213"
 4172      A891EBFB 
 4172      1FBFF813 
 4172      EC8B
 4173 142f F6CA724A 		.ascii	"\366\312rJ=\252\027O)\216\353\3043pG\033U\363\216\324"
 4173      3DAA174F 
 4173      298EEBC4 
 4173      3370471B 
 4173      55F38ED4 
ARM GAS  /tmp/cc5rfSPY.s 			page 122


 4174 1443 39D1F196 		.ascii	"9\321\361\226\234\242\005$yU<I\336\216\221\204\\W\347"
 4174      9CA20524 
 4174      79553C49 
 4174      DE8E9184 
 4174      5C57E7
 4175 1456 E435895C 		.ascii	"\3445\211\\\243H\303\014\034\354M\232\334\002\313B\212"
 4175      A348C30C 
 4175      1CEC4D9A 
 4175      DC02CB42 
 4175      8A
 4176 1467 D8249E55 		.ascii	"\330$\236UB4\210\315pGC\354}G\272\347\034\202\230Y\332"
 4176      423488CD 
 4176      704743EC 
 4176      7D47BAE7 
 4176      1C829859 
 4177 147c 9369B2AB 		.ascii	"\223i\262\253\2467\211\347\024\263\026\361<\334Q\263"
 4177      A63789E7 
 4177      14B316F1 
 4177      3CDC51B3 
 4178 148c C477A4A7 		.ascii	"\304w\244\247\2573+\031N\352\375\210\026@\325\364\""
 4178      AF332B19 
 4178      4EEAFD88 
 4178      1640D5F4 
 4178      22
 4179 149d F1826278 		.ascii	"\361\202bxQ\274\004w\3240c\246\264~\332\353\342\025"
 4179      51BC0477 
 4179      D43063A6 
 4179      B47EDAEB 
 4179      E215
 4180 14af 1E0FA789 		.ascii	"\036\017\247\211(\022/+V\255\342\025\270\243Vy31:g\311"
 4180      28122F2B 
 4180      56ADE215 
 4180      B8A35679 
 4180      33313A67 
 4181 14c4 DB8E9C77 		.ascii	"\333\216\234w\306m\"\347}\015CQ\027\246G\331\376F\353"
 4181      C66D22E7 
 4181      7D0D4351 
 4181      17A647D9 
 4181      FE46EB
 4182 14d7 9FE3882E 		.ascii	"\237\343\210.\316WE\202\223\021\266\177s\024oGi\216"
 4182      CE574582 
 4182      9311B67F 
 4182      73146F47 
 4182      698E
 4183 14e9 AE89B63F 		.ascii	"\256\211\266?\340\322a\024y\277u\317\204mw\0078o\027"
 4183      E0D26114 
 4183      79BF75CF 
 4183      846D7707 
 4183      386F17
 4184 14fc 41C10576 		.ascii	"A\301\005v\316\037cTpxo\331$\273\233\353b'x\277!\022"
 4184      CE1F6354 
 4184      70786FD9 
 4184      24BB9BEB 
 4184      622778BF 
 4185 1512 3D4EDA3C 		.ascii	"=N\332<\215\366jV\346\350\223\217\253i\257~\326$v\321"
 4185      8DF66A56 
 4185      E6E8938F 
ARM GAS  /tmp/cc5rfSPY.s 			page 123


 4185      AB69AF7E 
 4185      D62476D1 
 4186 1526 6AB90937 		.ascii	"j\271\0117\264)\0353\245\242iN\275\250\363\202\275?"
 4186      B4291D33 
 4186      A5A2694E 
 4186      BDA8F382 
 4186      BD3F
 4187 1538 7CC8FFC1 		.ascii	"|\310\377\301(\256\352D\351d\017\010\322\023\327\005"
 4187      28AEEA44 
 4187      E9640F08 
 4187      D213D705 
 4188 1548 670FB2C9 		.ascii	"g\017\262\311\356\006\037w\305;\242TK\014\257\014?\330"
 4188      EE061F77 
 4188      C53BA254 
 4188      4B0CAF0C 
 4188      3FD8
 4189 155a E5A251B8 		.ascii	"\345\242Q\270'\33240\262^lh#y\345z\304\333\3605\257"
 4189      27DA3430 
 4189      B25E6C68 
 4189      2379E57A 
 4189      C4DBF035 
 4190 156f F46281BB 		.ascii	"\364b\201\273su\364\211\\\257-\355%\243J\332?\353\023"
 4190      7375F489 
 4190      5CAF2DED 
 4190      25A34ADA 
 4190      3FEB13
 4191 1582 6F51A6F7 		.ascii	"oQ\246\367\341\2062=2Sj~]W\301\304\221X\372\007\265"
 4191      E186323D 
 4191      32536A7E 
 4191      5D57C1C4 
 4191      9158FA07 
 4192 1597 708BC407 		.ascii	"p\213\304\007\212\345C\361\021\334Q\323\324\231R\373"
 4192      8AE543F1 
 4192      11DC51D3 
 4192      D49952FB 
 4193 15a7 EB4C4BAE 		.ascii	"\353LK\256\357O\373\233\275<\372\025\303\001q\020\356"
 4193      EF4FFB9B 
 4193      BD3CFA15 
 4193      C3017110 
 4193      EE
 4194 15b8 A861D73B 		.ascii	"\250a\327;R\317k\015\207\223\232\035\352\352\261b\370"
 4194      52CF6B0D 
 4194      87939A1D 
 4194      EAEAB162 
 4194      F8
 4195 15c9 441C823B 		.ascii	"D\034\202;j\270s\2464\376\332\272zuT\255\253\247\212"
 4195      6AB873A6 
 4195      34FEDABA 
 4195      7A7554AD 
 4195      ABA78A
 4196 15dc D5B0F80C 		.ascii	"\325\260\370\014\356\250\325A\250\253\023\305\255\267"
 4196      EEA8D541 
 4196      A8AB13C5 
 4196      ADB7
 4197 15ea 5DD4E5AD 		.ascii	"]\324\345\255\210-o#J\341\354\217\273y\305\376\373S"
 4197      882D6F23 
 4197      4AE1EC8F 
ARM GAS  /tmp/cc5rfSPY.s 			page 124


 4197      BB79C5FE 
 4197      FB53
 4198 15fc 0DC34695 		.ascii	"\015\303F\225uqu\270\311\370\376\354\331s\340\177\300"
 4198      757175B8 
 4198      C9F8FEEC 
 4198      D973E07F 
 4198      C0
 4199 160d CAA06541 		.ascii	"\312\240eAa&\275\331\030\021\372\355\2340\323\234\200"
 4199      6126BDD9 
 4199      1811FAED 
 4199      9C30D39C 
 4199      80
 4200 161e B09090B0 		.ascii	"\260\220\220\260\3209\341aF\263i\316\002\337%\337\177"
 4200      D039E161 
 4200      46B369CE 
 4200      02DF25DF 
 4200      7F
 4201 162f F4C725A0 		.ascii	"\364\307%\240\025\020f4\314\016\220\376\362\305\327"
 4201      15106634 
 4201      CC0E90FE 
 4201      F2C5D7
 4202 163e 337DBC3F 		.ascii	"3}\274?\342\246\331\236\314^\366\376\362y\363\227\177"
 4202      E2A6D99E 
 4202      CC5EF6FE 
 4202      F279F397 
 4202      7F
 4203 164f F0312745 		.ascii	"\3601'E\004\205\232\347\317\323\233Qx\200.\330\2507"
 4203      04859AE7 
 4203      CFD39B51 
 4203      78802ED8 
 4203      A837
 4204 1661 AF0C148C 		.ascii	"\257\014\024\214\336\363\220q>2\302\24772\316\235D\274"
 4204      DEF39071 
 4204      3E32C2A7 
 4204      3732CE9D 
 4204      44BC
 4205 1673 EA0DABCD 		.ascii	"\352\015\253\315\001\346\325~sV\206\205\030\346\030"
 4205      01E6D57E 
 4205      73568685 
 4205      18E618
 4206 1682 C396CD59 		.ascii	"\303\226\315Yj\014\373\227!\000\302\371\0202~\346\210"
 4206      6A0CFB97 
 4206      2100C2F9 
 4206      10327EE6 
 4206      88
 4207 1693 C0A030C7 		.ascii	"\300\2400\307{\375\274\371sV\205\031\2775\205\373\007"
 4207      7BFDBCF9 
 4207      73568519 
 4207      BF3585FB 
 4207      07
 4208 16a4 181853BF 		.ascii	"\030\030S\277\257\226@\254\277,]\374\211~y\2201d\225"
 4208      AF9640AC 
 4208      BF2C5DFC 
 4208      897E7990 
 4208      316495
 4209 16b7 BFD13087 		.ascii	"\277\3210\207\373\340g\264i%\347\352\273\310o\221\357"
 4209      FBE067B4 
ARM GAS  /tmp/cc5rfSPY.s 			page 125


 4209      6925E7EA 
 4209      BBC86F91 
 4209      EF
 4210 16c8 378B16CE 		.ascii	"7\213\026\316\305\213\375\026\370\342%K>\365\025\026"
 4210      C58BFD16 
 4210      F8E2254B 
 4210      3EF51516 
 4211 16d8 2CF41516 		.ascii	",\364\025\026\302u\351\247\276x\301\247~\276\370\223"
 4211      C275E9A7 
 4211      BE78C1A7 
 4211      7EBEF893 
 4212 16e8 4F17F88A 		.ascii	"O\027\370\212\000\201\302B\362\3753\362\341\003\037"
 4212      0081C242 
 4212      F2FD33F2 
 4212      E1031F
 4213 16f7 A2DF673E 		.ascii	"\242\337g>~\276\202\337gK]H\006>\326\233\005\037\037"
 4213      7EBE82DF 
 4213      674B5D48 
 4213      063ED69B 
 4213      051F1F
 4214 170a F8EEE32B 		.ascii	"\370\356\343+.X\354\353\343\213\277\371\352K_\274\030"
 4214      2E58ECEB 
 4214      E38BBFF9 
 4214      EA4B5FBC 
 4214      18
 4215 171b 74449FA5 		.ascii	"tD\237\245_/^\010\237\013||\027\3768U\310\021!:\307"
 4215      5F2F5E08 
 4215      9F0B7C7C 
 4215      17FE3855 
 4215      C811213A 
 4216 1730 6789DF62 		.ascii	"g\211\337b\2779>@t\316\342\320\200\340\210@\303\034"
 4216      BF393E40 
 4216      74CEE2D0 
 4216      80E08840 
 4216      C31C
 4217 1742 C25A1F10 		.ascii	"\302Z\037\020\362>0\227\374|>\321\177\265&\334 .\004"
 4217      F23E3097 
 4217      FC7C3ED1 
 4217      7FB526DC 
 4217      202E04
 4218 1755 8FBEE413 		.ascii	"\217\276\344\023\242,$|\304\205\213\226\370\370N&\226"
 4218      A22C247C 
 4218      C4858B96 
 4218      F8F84E26 
 4218      96
 4219 1766 0B0DCB22 		.ascii	"\013\015\313\"VP\265%\013\374\376:_\364\371r\311\322"
 4219      5650B525 
 4219      0BFCFE3A 
 4219      5FF4F972 
 4219      C9D2
 4220 1778 F96AABE7 		.ascii	"\371j\253\347\271~\372\365\027>_-\376\362\213y\012>"
 4220      B97EFAF5 
 4220      173E5F2D 
 4220      FEF28B79 
 4220      0A3E
 4221 178a 4FC1E7A9 		.ascii	"O\301\347\251\270\267\212{+\270\267\202\333\237\316"
 4221      B8B78A7B 
ARM GAS  /tmp/cc5rfSPY.s 			page 126


 4221      2BB8B782 
 4221      DB9FCE
 4222 1799 559ECE55 		.ascii	"U\236\316U\236\316\305K!\266\313\247_~\276\320\347\213"
 4222      9ECEC54B 
 4222      21B6CBA7 
 4222      5F7EBED0 
 4222      E78B
 4223 17ab AF749FFB 		.ascii	"\257t\237\373}\015\027\311\357\363E\213\226\222\357"
 4223      7D0D17C9 
 4223      EFF3458B 
 4223      9692EF
 4224 17ba 8BFEE143 		.ascii	"\213\376\341C.>K\027+\227\377!\337\260\317W\276\237"
 4224      2E3E4B17 
 4224      2B97FF21 
 4224      DFB0CF57 
 4224      BE9F
 4225 17cc ABCEE64B 		.ascii	"\253\316\346K"
 4226 17d0 0BFFFE95 		.ascii	"\013\377\376\225\302U\010\\\266\302%\310d\324\007\204"
 4226      C255085C 
 4226      B6C225C8 
 4226      64D40784 
 4227 17e0 9A4510BD 		.ascii	"\232E\020\275\3315\334?4(@\037bZ\201\003V\372\033=\003"
 4227      D935DC3F 
 4227      3428401F 
 4227      625A8103 
 4227      56FA1B3D 
 4228 17f5 56EA4D6B 		.ascii	"V\352MkLfC\210>\220\264P\012\016\013\370\226h\377\341"
 4228      4C664388 
 4228      3E90B450 
 4228      0A0E0BF8 
 4228      9668FFE1 
 4229 1809 07526B34 		.ascii	"\007Rk4\317\011\262\345p\245b\002)\234\354\350Bov\013"
 4229      CF09B2E5 
 4229      70A56202 
 4229      299CECE8 
 4229      426F760B 
 4230 181d F1873E5C 		.ascii	"\361\207>\\i4\370\007J\360\021\034n\014\012s1\223O\275"
 4230      6934F807 
 4230      4AF0111C 
 4230      6E0C0A73 
 4230      31934FBD 
 4231 1831 D925C4BC 		.ascii	"\331%\304\274:8\310d\226 pH\204\331\260Z2\204\033B\003"
 4231      3A38C864 
 4231      96207048 
 4231      84D9B05A 
 4231      32841B42 
 4232 1846 8342574C 		.ascii	"\203BWL2|o\0105\207\370\233\276\325\233%\340\367]\204"
 4232      327C6F08 
 4232      3587F89B 
 4232      BED59B25 
 4232      E0F75D84 
 4233 185a 21C28043 		.ascii	"!\302\200C\241\023\211\256\362\315\315v\2437\343p\243"
 4233      A11389AE 
 4233      F2CDCD76 
 4233      A337E370 
 4233      A3
 4234 186b E1FB9F44 		.ascii	"\341\373\237D\222D3\001I\227U\376Af\210\343\002N\310"
ARM GAS  /tmp/cc5rfSPY.s 			page 127


 4234      92443301 
 4234      499755FE 
 4234      416688E3 
 4234      024EC8
 4235 187e 335776D5 		.ascii	"3Wv\325\233\371\010\235a\025\011\254[e\006z\341p1\031"
 4235      9BF9089D 
 4235      611509AC 
 4235      5B65067A 
 4235      E1703119 
 4236 1892 42C2DD49 		.ascii	"B\302\335In\014!\376\341+\241\377]L\204\234i\205\010"
 4236      6E0C21FE 
 4236      E12BA1FF 
 4236      5D4C849C 
 4236      698508
 4237 18a5 A2378BAB 		.ascii	"\2427\213\253\314fc8\361\300\232I/z\3634vc4,7\030\015"
 4237      CC666338 
 4237      F1C09A49 
 4237      2F7AF334 
 4237      7663342C 
 4238 18bc A164A481 		.ascii	"\241d\244\201\267\260e\377\012\227\014\253\203\314\001"
 4238      B7B065FF 
 4238      0A970CAB 
 4238      83CC01
 4239 18cb 6181069D 		.ascii	"a\201\006\2351p\0158\231\375S\270\203!\031\323\300\036"
 4239      31700D38 
 4239      99FD53B8 
 4239      832119D3 
 4239      C01E
 4240 18dd 8347938B 		.ascii	"\203G\223\213\231|B\370\345\301\376+\340[\010\270\203"
 4240      997C42F8 
 4240      E5C1FE2B 
 4240      E05B08B8 
 4240      83
 4241 18ee 6F26B3BF 		.ascii	"o&\263\277\331 \231\225\013\341\346\017\011u3\231\277"
 4241      D9209995 
 4241      0BE1E60F 
 4241      09753399 
 4241      BF
 4242 18ff F50F0E5A 		.ascii	"\365\017\016Z\021J\010\370/\3637A*\375C\014b\330\252"
 4242      114A08F8 
 4242      2FF33741 
 4242      2AFD430C 
 4242      62D8AA
 4243 1912 50837132 		.ascii	"P\203q2\020\207\230A\241`\002\034=\034\356A\335\250"
 4243      10879841 
 4243      A160021C 
 4243      3D1CEE41 
 4243      DDA8
 4244 1924 A45880E9 		.ascii	"\244X\200\351\005\231\302\351l\003\335\011_\335\225"
 4244      0599C2E9 
 4244      6C03DD09 
 4244      5FDD95
 4245 1933 FB80B050 		.ascii	"\373\200\260P\3506\263\2602\320\250\013WT\247\202;\322"
 4245      E836B3B0 
 4245      32D0A80B 
 4245      5754A782 
 4245      3BD2
ARM GAS  /tmp/cc5rfSPY.s 			page 128


 4246 1945 BBC620F3 		.ascii	"\273\306 \363\032\332?oLx\242\364XP\230H{\225\344]\014"
 4246      1ADA3F6F 
 4246      4C78A2F4 
 4246      58509848 
 4246      7B95E45D 
 4247 195a 090F0B0B 		.ascii	"\011\017\013\013\326\201\273\345A+\336\3242\322\323"
 4247      D681BBE5 
 4247      412BDED4 
 4247      32D2D3
 4248 1969 A7D3273E 		.ascii	"\247\323'>\002?\306\345\001\021\244\023\311\025\223"
 4248      023FC6E5 
 4248      0111A413 
 4248      C91593
 4249 1978 6E9B44EE 		.ascii	"n\233D\356\364\264r~\377S\322J\364!\247:\305\316\354"
 4249      F4B4727E 
 4249      FF53D24A 
 4249      F421A73A 
 4249      C5CEEC
 4250 198b A24C0641 		.ascii	"\242L\006A\201\256\354\012O\214\206\025\204\342$\022"
 4250      81AEEC0A 
 4250      4F8C8615 
 4250      84E22412 
 4251 199b C5B002EE 		.ascii	"\305\260\002\356\214k\334l7\220\241\357\315J\011\007"
 4251      8C6BDC6C 
 4251      3790A1EF 
 4251      CD4A0907 
 4252 19ab FB9BCCE6 		.ascii	"\373\233\314\346\240\020\203+)\177\270B\356\003\011"
 4252      A010832B 
 4252      297FB842 
 4252      EE0309
 4253 19ba E0016681 		.ascii	"\340\001f\201\206`\263\277R_\236\232oD\207|\361\000"
 4253      8660B3BF 
 4253      525F9E9A 
 4253      6F44877C 
 4253      F100
 4254 19cc 1BC8AAC1 		.ascii	"\033\310\252\301\370\275\177\260\336\374\013\320\371"
 4254      F8BD7FB0 
 4254      DEFC0BD0 
 4254      F9
 4255 19d9 3EC8688E 		.ascii	">\310h\216 _\300\223\321DK\224D\200\346\207\204+\353"
 4255      205FC093 
 4255      D1444B94 
 4255      4480E687 
 4255      842BEB
 4256 19ec C287EFEB 		.ascii	"\302\207\357\353\315o\276F\015|\032mqI\365\255Q\236"
 4256      CD6FBE46 
 4256      0D7C1A6D 
 4256      7149F5AD 
 4256      519E
 4257 19fe BA044418 		.ascii	"\272\004D\030\241\004\315\356\366Gz\263\273\331H\246"
 4257      A104CDEE 
 4257      F6477AB3 
 4257      BBD948A6 
 4258 1a0e FF6511CB 		.ascii	"\377e\021\313\241>\205p\263\321\203>P\306\036\344\326"
 4258      A13E8570 
 4258      B3D1833E 
 4258      50C61EE4 
ARM GAS  /tmp/cc5rfSPY.s 			page 129


 4258      D6
 4259 1a1f 14F4BF06 		.ascii	"\024\364\277\006%\226\367\2070W\230\"Ldp\032\002u\324"
 4259      2596F787 
 4259      30579822 
 4259      4C64701A 
 4259      0275D4
 4260 1a32 0093A02E 		.ascii	"\000\223\240.FJ\011\233a\202\301\021&\360\023\021>\017"
 4260      464A099B 
 4260      6182C111 
 4260      26F01311 
 4260      3E0F
 4261 1a44 C4FB270D 		.ascii	"\304\373'\015G%\036)\350\225\376\301Pk\006\177SX\250"
 4261      47251E29 
 4261      E895FEC1 
 4261      506B067F 
 4261      5358A8
 4262 1a57 00539400 		.ascii	"\000S\224\000\303B\200q\201\314\341\310\264J\0105\207"
 4262      C3428071 
 4262      81CCE1C8 
 4262      B44A0835 
 4262      87
 4263 1a68 4F76E40A 		.ascii	"Ov\344\012\013\202\367\207\234\253\2771\344\373\217"
 4263      0B82F787 
 4263      9CABBF31 
 4263      E4FB8F
 4264 1a77 0C7F0CE1 		.ascii	"\014\177\014\341\334\240\263\240\014\377\030\362>\367"
 4264      DCA0B3A0 
 4264      0CFF18F2 
 4264      3EF7
 4265 1a85 4BBD9E16 		.ascii	"K\275\236\026\251\361;\275!<(8lE\204av\270\277\321<"
 4265      A9F13BBD 
 4265      213C2838 
 4265      6C458461 
 4265      76B8BFD1 
 4266 1a9a 7BEE1BAF 		.ascii	"{\356\033\257\201~\316\372\026\300\375\202y2\255\202"
 4266      817ECEFA 
 4266      16C0FD82 
 4266      7932AD82 
 4267 1aaa 51BC52BF 		.ascii	"Q\274R\277\334\030\026\242\007\326\323\331c2\270\325"
 4267      DC1816A2 
 4267      07D6D3D9 
 4267      6332B8D5 
 4268 1aba 8793FCBE 		.ascii	"\207\223\374\276\361\321\177\346\037\032\030l0\272\262"
 4268      F1D17FE6 
 4268      1F1A186C 
 4268      30BAB2
 4269 1ac9 F113647E 		.ascii	"\361\023d~;`\245_\300\312\305\246\245F\003L.\346\240"
 4269      3B60A55F 
 4269      C0CAC5A6 
 4269      A546034C 
 4269      2EE6A0
 4270 1adc B0505FC3 		.ascii	"\260P_\303w\021AFC\240\250\377\004F\302O\252\\\023L"
 4270      77114146 
 4270      43A0A8FF 
 4270      0446C24F 
 4270      AA5C134C 
 4271 1af0 BA64B5D5 		.ascii	"\272d\265\325\353W\030\314\372\245~K=\374\203W\371\257"
ARM GAS  /tmp/cc5rfSPY.s 			page 130


 4271      EB5718CC 
 4271      FAA57E4B 
 4271      3DFC8357 
 4271      F9AF
 4272 1b02 21C32438 		.ascii	"!\303$8(\324\260\350\347/\210!\246 \223~E@\000\365n"
 4272      28D4B0E8 
 4272      E72F8821 
 4272      A620937E 
 4272      454000F5 
 4273 1b17 62DEE9DD 		.ascii	"b\336\351\335'\013\374\026-\365]<]iKD\250\262F\250\215"
 4273      270BFC16 
 4273      2DF55D3C 
 4273      5D694B44 
 4273      A8B246A8 
 4274 1b2c 7578083D 		.ascii	"ux\010=\361\3057\213}\364~\006\363R6\372\377b\014\213"
 4274      F1C5378B 
 4274      7DF47E06 
 4274      F35236FA 
 4274      FF620C8B 
 4275 1b40 08875977 		.ascii	"\010\207Yw\332D\310u\261\357\337B\225e\212N,\254\332"
 4275      DA44C875 
 4275      B1EFDF42 
 4275      95658A4E 
 4275      2CACDA
 4276 1b53 DCF57A43 		.ascii	"\334\365zC\250\377\262`\003\351\265i\012\242\011\350"
 4276      A8FFB260 
 4276      03E9B569 
 4276      0AA209E8 
 4277 1b63 AA3EFA3F 		.ascii	"\252>\372?\356V\261y"
 4277      EE56B179 
 4278              		.text
 4279              		.section	.gnu.lto_.symtab.ba1de13e6557be0b,"e",%progbits
 4280 0000 5356435F 		.ascii	"SVC_Handler\000"
 4280      48616E64 
 4280      6C657200 
 4281 000c 00       		.ascii	"\000"
 4282 000d 00       		.ascii	"\000"
 4283 000e 00       		.ascii	"\000"
 4284 000f 00000000 		.ascii	"\000\000\000\000\000\000\000\000"
 4284      00000000 
 4285 0017 B8020000 		.ascii	"\270\002\000\000"
 4286 001b 706F7274 		.ascii	"port_init\000"
 4286      5F696E69 
 4286      7400
 4287 0025 00       		.ascii	"\000"
 4288 0026 00       		.ascii	"\000"
 4289 0027 00       		.ascii	"\000"
 4290 0028 00000000 		.ascii	"\000\000\000\000\000\000\000\000"
 4290      00000000 
 4291 0030 BC020000 		.ascii	"\274\002\000\000"
 4292 0034 5F5F706F 		.ascii	"__port_irq_epilogue\000"
 4292      72745F69 
 4292      72715F65 
 4292      70696C6F 
 4292      67756500 
 4293 0048 00       		.ascii	"\000"
 4294 0049 00       		.ascii	"\000"
ARM GAS  /tmp/cc5rfSPY.s 			page 131


 4295 004a 00       		.ascii	"\000"
 4296 004b 00000000 		.ascii	"\000\000\000\000\000\000\000\000"
 4296      00000000 
 4297 0053 B1020000 		.ascii	"\261\002\000\000"
 4298 0057 5F5F706F 		.ascii	"__port_switch_from_isr\000"
 4298      72745F73 
 4298      77697463 
 4298      685F6672 
 4298      6F6D5F69 
 4299 006e 00       		.ascii	"\000"
 4300 006f 02       		.ascii	"\002"
 4301 0070 00       		.ascii	"\000"
 4302 0071 00000000 		.ascii	"\000\000\000\000\000\000\000\000"
 4302      00000000 
 4303 0079 B4020000 		.ascii	"\264\002\000\000"
 4304 007d 5F5F706F 		.ascii	"__port_exit_from_isr\000"
 4304      72745F65 
 4304      7869745F 
 4304      66726F6D 
 4304      5F697372 
 4305 0092 00       		.ascii	"\000"
 4306 0093 02       		.ascii	"\002"
 4307 0094 00       		.ascii	"\000"
 4308 0095 00000000 		.ascii	"\000\000\000\000\000\000\000\000"
 4308      00000000 
 4309 009d B6020000 		.ascii	"\266\002\000\000"
 4310 00a1 63685363 		.ascii	"chSchIsPreemptionRequired\000"
 4310      68497350 
 4310      7265656D 
 4310      7074696F 
 4310      6E526571 
 4311 00bb 00       		.ascii	"\000"
 4312 00bc 02       		.ascii	"\002"
 4313 00bd 00       		.ascii	"\000"
 4314 00be 00000000 		.ascii	"\000\000\000\000\000\000\000\000"
 4314      00000000 
 4315 00c6 C3020000 		.ascii	"\303\002\000\000"
 4316              		.text
 4317              		.section	.gnu.lto_.ext_symtab.ba1de13e6557be0b,"e",%progbits
 4318 0000 01       		.ascii	"\001"
 4319 0001 01       		.ascii	"\001"
 4320 0002 00       		.ascii	"\000"
 4321 0003 01       		.ascii	"\001"
 4322 0004 00       		.ascii	"\000"
 4323 0005 01       		.ascii	"\001"
 4324 0006 00       		.ascii	"\000"
 4325 0007 01       		.ascii	"\001"
 4326 0008 00       		.ascii	"\000"
 4327 0009 01       		.ascii	"\001"
 4328 000a 00       		.ascii	"\000"
 4329 000b 01       		.ascii	"\001"
 4330 000c 00       		.ascii	"\000"
 4331              		.text
 4332              		.section	.gnu.lto_.opts,"e",%progbits
 4333 0000 272D666E 		.ascii	"'-fno-openmp' '-fno-openacc' '-fno-pie' '-fcf-prote"
 4333      6F2D6F70 
 4333      656E6D70 
ARM GAS  /tmp/cc5rfSPY.s 			page 132


 4333      2720272D 
 4333      666E6F2D 
 4334 0033 6374696F 		.ascii	"ction=none' '-g' '-mcpu=cortex-m4' '-mthumb' '-mflo"
 4334      6E3D6E6F 
 4334      6E652720 
 4334      272D6727 
 4334      20272D6D 
 4335 0066 61742D61 		.ascii	"at-abi=soft' '-mlibarch=armv7e-m' '-march=armv7e-m'"
 4335      62693D73 
 4335      6F667427 
 4335      20272D6D 
 4335      6C696261 
 4336 0099 20272D4F 		.ascii	" '-O2' '-fomit-frame-pointer' '-falign-functions=16"
 4336      32272027 
 4336      2D666F6D 
 4336      69742D66 
 4336      72616D65 
 4337 00cc 2720272D 		.ascii	"' '-ffunction-sections' '-fdata-sections' '-fno-com"
 4337      6666756E 
 4337      6374696F 
 4337      6E2D7365 
 4337      6374696F 
 4338 00ff 6D6F6E27 		.ascii	"mon' '-flto' '-Xassembler' '-alms=./build/lst/chcor"
 4338      20272D66 
 4338      6C746F27 
 4338      20272D58 
 4338      61737365 
 4339 0132 652E6C73 		.ascii	"e.lst'\000"
 4339      742700
 4340              		.text
 4341              		.comm	__gnu_lto_slim,1,1
 4342              		.ident	"GCC: (Arm GNU Toolchain 11.3.Rel1) 11.3.1 20220712"
ARM GAS  /tmp/cc5rfSPY.s 			page 133


DEFINED SYMBOLS
                            *ABS*:0000000000000000 chcore.c
     /tmp/cc5rfSPY.s:36     .gnu.debuglto_.debug_info:0000000000000000 chcore.c.b4f23f58
                            *COM*:0000000000000001 __gnu_lto_slim

NO UNDEFINED SYMBOLS
