ARM GAS  /tmp/ccHiDj7f.s 			page 1


   1              		.cpu cortex-m4
   2              		.arch armv7e-m
   3              		.fpu softvfp
   4              		.eabi_attribute 20, 1
   5              		.eabi_attribute 21, 1
   6              		.eabi_attribute 23, 3
   7              		.eabi_attribute 24, 1
   8              		.eabi_attribute 25, 1
   9              		.eabi_attribute 26, 1
  10              		.eabi_attribute 30, 2
  11              		.eabi_attribute 34, 1
  12              		.eabi_attribute 18, 4
  13              		.file	"chdelegates.c"
  14              		.file 1 "/home/rob/Projects/ChibiStudio/ChibiStudio_23/tools/GNU Tools ARM Embedded/11.3.1 2022q3/
  15              		.file 2 "/home/rob/Projects/ChibiStudio/ChibiStudio_23/tools/GNU Tools ARM Embedded/11.3.1 2022q3/
  16              		.file 3 "../../chibios_trunk/os/common/ports/ARM-common/chtypes.h"
  17              		.file 4 "../../chibios_trunk/os/rt/include/chearly.h"
  18              		.file 5 "../../chibios_trunk/os/rt/include/chobjects.h"
  19              		.file 6 "../../chibios_trunk/os/rt/include/chrfcu.h"
  20              		.file 7 "../../chibios_trunk/os/rt/include/chdebug.h"
  21              		.file 8 "../../chibios_trunk/os/rt/include/chtime.h"
  22              		.file 9 "../../chibios_trunk/os/rt/include/chlists.h"
  23              		.file 10 "../../chibios_trunk/os/rt/include/chtrace.h"
  24              		.file 11 "../../chibios_trunk/os/common/ports/ARMv7-M/chcore.h"
  25              		.file 12 "../../chibios_trunk/os/rt/include/chsem.h"
  26              		.file 13 "../../chibios_trunk/os/rt/include/chmtx.h"
  27              		.file 14 "/home/rob/Projects/ChibiStudio/ChibiStudio_23/tools/GNU Tools ARM Embedded/11.3.1 2022q3
  28              		.file 15 "../../chibios_trunk/os/oslib/include/chdelegates.h"
  29              		.file 16 "../../chibios_trunk/os/oslib/src/chdelegates.c"
  30              		.file 17 "../../chibios_trunk/os/rt/include/chmsg.h"
  31              		.file 18 "../../chibios_trunk/os/rt/include/chsys.h"
  32              		.file 19 "../../chibios_trunk/os/common/ext/ARM/CMSIS/Core/Include/cmsis_gcc.h"
  33              		.file 20 "<built-in>"
  34              		.section	.gnu.debuglto_.debug_info,"e",%progbits
  35              	.Ldebug_info0:
  36              		.hidden	chdelegates.c.0dfb328d
  37              		.weak	chdelegates.c.0dfb328d
  38              	chdelegates.c.0dfb328d:
  39 0000 5F0D0000 		.4byte	0xd5f
  40 0004 0500     		.2byte	0x5
  41 0006 01       		.byte	0x1
  42 0007 04       		.byte	0x4
  43 0008 00000000 		.4byte	.Ldebug_abbrev0
  44 000c 21       		.uleb128 0x21
  45 000d DC020000 		.4byte	.LASF159
  46 0011 1D       		.byte	0x1d
  47 0012 57010000 		.4byte	.LASF160
  48 0016 CC060000 		.4byte	.LASF161
  49 001a 00000000 		.4byte	.Ldebug_line0
  50 001e 22       		.uleb128 0x22
  51 001f 04       		.byte	0x4
  52 0020 05       		.byte	0x5
  53 0021 696E7400 		.ascii	"int\000"
  54 0025 07       		.uleb128 0x7
  55 0026 04       		.byte	0x4
  56 0027 07       		.byte	0x7
  57 0028 49020000 		.4byte	.LASF0
ARM GAS  /tmp/ccHiDj7f.s 			page 2


  58 002c 07       		.uleb128 0x7
  59 002d 08       		.byte	0x8
  60 002e 05       		.byte	0x5
  61 002f 05010000 		.4byte	.LASF1
  62 0033 07       		.uleb128 0x7
  63 0034 08       		.byte	0x8
  64 0035 04       		.byte	0x4
  65 0036 09060000 		.4byte	.LASF2
  66 003a 07       		.uleb128 0x7
  67 003b 01       		.byte	0x1
  68 003c 06       		.byte	0x6
  69 003d 13010000 		.4byte	.LASF3
  70 0041 01       		.uleb128 0x1
  71 0042 4C000000 		.4byte	.LASF6
  72 0046 01       		.byte	0x1
  73 0047 2B       		.byte	0x2b
  74 0048 18       		.byte	0x18
  75 0049 4D000000 		.4byte	0x4d
  76 004d 07       		.uleb128 0x7
  77 004e 01       		.byte	0x1
  78 004f 08       		.byte	0x8
  79 0050 48050000 		.4byte	.LASF4
  80 0054 07       		.uleb128 0x7
  81 0055 02       		.byte	0x2
  82 0056 05       		.byte	0x5
  83 0057 70050000 		.4byte	.LASF5
  84 005b 01       		.uleb128 0x1
  85 005c 28060000 		.4byte	.LASF7
  86 0060 01       		.byte	0x1
  87 0061 39       		.byte	0x39
  88 0062 19       		.byte	0x19
  89 0063 67000000 		.4byte	0x67
  90 0067 07       		.uleb128 0x7
  91 0068 02       		.byte	0x2
  92 0069 07       		.byte	0x7
  93 006a 9C030000 		.4byte	.LASF8
  94 006e 01       		.uleb128 0x1
  95 006f F2030000 		.4byte	.LASF9
  96 0073 01       		.byte	0x1
  97 0074 4D       		.byte	0x4d
  98 0075 18       		.byte	0x18
  99 0076 7A000000 		.4byte	0x7a
 100 007a 07       		.uleb128 0x7
 101 007b 04       		.byte	0x4
 102 007c 05       		.byte	0x5
 103 007d 4E010000 		.4byte	.LASF10
 104 0081 01       		.uleb128 0x1
 105 0082 D6010000 		.4byte	.LASF11
 106 0086 01       		.byte	0x1
 107 0087 4F       		.byte	0x4f
 108 0088 19       		.byte	0x19
 109 0089 8D000000 		.4byte	0x8d
 110 008d 07       		.uleb128 0x7
 111 008e 04       		.byte	0x4
 112 008f 07       		.byte	0x7
 113 0090 7F020000 		.4byte	.LASF12
 114 0094 01       		.uleb128 0x1
ARM GAS  /tmp/ccHiDj7f.s 			page 3


 115 0095 E9040000 		.4byte	.LASF13
 116 0099 01       		.byte	0x1
 117 009a 69       		.byte	0x69
 118 009b 19       		.byte	0x19
 119 009c A0000000 		.4byte	0xa0
 120 00a0 07       		.uleb128 0x7
 121 00a1 08       		.byte	0x8
 122 00a2 07       		.byte	0x7
 123 00a3 B7000000 		.4byte	.LASF14
 124 00a7 01       		.uleb128 0x1
 125 00a8 4C060000 		.4byte	.LASF15
 126 00ac 02       		.byte	0x2
 127 00ad 18       		.byte	0x18
 128 00ae 13       		.byte	0x13
 129 00af 41000000 		.4byte	0x41
 130 00b3 01       		.uleb128 0x1
 131 00b4 A0010000 		.4byte	.LASF16
 132 00b8 02       		.byte	0x2
 133 00b9 24       		.byte	0x24
 134 00ba 14       		.byte	0x14
 135 00bb 5B000000 		.4byte	0x5b
 136 00bf 01       		.uleb128 0x1
 137 00c0 40050000 		.4byte	.LASF17
 138 00c4 02       		.byte	0x2
 139 00c5 2C       		.byte	0x2c
 140 00c6 13       		.byte	0x13
 141 00c7 6E000000 		.4byte	0x6e
 142 00cb 01       		.uleb128 0x1
 143 00cc 29070000 		.4byte	.LASF18
 144 00d0 02       		.byte	0x2
 145 00d1 30       		.byte	0x30
 146 00d2 14       		.byte	0x14
 147 00d3 81000000 		.4byte	0x81
 148 00d7 01       		.uleb128 0x1
 149 00d8 80040000 		.4byte	.LASF19
 150 00dc 02       		.byte	0x2
 151 00dd 3C       		.byte	0x3c
 152 00de 14       		.byte	0x14
 153 00df 94000000 		.4byte	0x94
 154 00e3 1A       		.uleb128 0x1a
 155 00e4 D7000000 		.4byte	0xd7
 156 00e8 01       		.uleb128 0x1
 157 00e9 F3050000 		.4byte	.LASF20
 158 00ed 03       		.byte	0x3
 159 00ee 48       		.byte	0x48
 160 00ef 1D       		.byte	0x1d
 161 00f0 D7000000 		.4byte	0xd7
 162 00f4 01       		.uleb128 0x1
 163 00f5 FC030000 		.4byte	.LASF21
 164 00f9 04       		.byte	0x4
 165 00fa 50       		.byte	0x50
 166 00fb 19       		.byte	0x19
 167 00fc E8000000 		.4byte	0xe8
 168 0100 01       		.uleb128 0x1
 169 0101 C8030000 		.4byte	.LASF22
 170 0105 04       		.byte	0x4
 171 0106 53       		.byte	0x53
ARM GAS  /tmp/ccHiDj7f.s 			page 4


 172 0107 19       		.byte	0x19
 173 0108 A7000000 		.4byte	0xa7
 174 010c 01       		.uleb128 0x1
 175 010d 86010000 		.4byte	.LASF23
 176 0111 04       		.byte	0x4
 177 0112 54       		.byte	0x54
 178 0113 19       		.byte	0x19
 179 0114 A7000000 		.4byte	0xa7
 180 0118 01       		.uleb128 0x1
 181 0119 15050000 		.4byte	.LASF24
 182 011d 04       		.byte	0x4
 183 011e 55       		.byte	0x55
 184 011f 19       		.byte	0x19
 185 0120 A7000000 		.4byte	0xa7
 186 0124 01       		.uleb128 0x1
 187 0125 22050000 		.4byte	.LASF25
 188 0129 04       		.byte	0x4
 189 012a 57       		.byte	0x57
 190 012b 19       		.byte	0x19
 191 012c CB000000 		.4byte	0xcb
 192 0130 01       		.uleb128 0x1
 193 0131 B9030000 		.4byte	.LASF26
 194 0135 04       		.byte	0x4
 195 0136 58       		.byte	0x58
 196 0137 19       		.byte	0x19
 197 0138 BF000000 		.4byte	0xbf
 198 013c 01       		.uleb128 0x1
 199 013d E6030000 		.4byte	.LASF27
 200 0141 04       		.byte	0x4
 201 0142 5A       		.byte	0x5a
 202 0143 19       		.byte	0x19
 203 0144 CB000000 		.4byte	0xcb
 204 0148 01       		.uleb128 0x1
 205 0149 3A020000 		.4byte	.LASF28
 206 014d 04       		.byte	0x4
 207 014e 5C       		.byte	0x5c
 208 014f 19       		.byte	0x19
 209 0150 BF000000 		.4byte	0xbf
 210 0154 01       		.uleb128 0x1
 211 0155 0B050000 		.4byte	.LASF29
 212 0159 04       		.byte	0x4
 213 015a 80       		.byte	0x80
 214 015b 12       		.byte	0x12
 215 015c 25000000 		.4byte	0x25
 216 0160 01       		.uleb128 0x1
 217 0161 33060000 		.4byte	.LASF30
 218 0165 04       		.byte	0x4
 219 0166 85       		.byte	0x85
 220 0167 1A       		.byte	0x1a
 221 0168 6C010000 		.4byte	0x16c
 222 016c 09       		.uleb128 0x9
 223 016d AF030000 		.4byte	.LASF46
 224 0171 4C       		.byte	0x4c
 225 0172 05       		.byte	0x5
 226 0173 9C       		.byte	0x9c
 227 0174 08       		.byte	0x8
 228 0175 56020000 		.4byte	0x256
ARM GAS  /tmp/ccHiDj7f.s 			page 5


 229 0179 0A       		.uleb128 0xa
 230 017a 68647200 		.ascii	"hdr\000"
 231 017e 05       		.byte	0x5
 232 017f AD       		.byte	0xad
 233 0180 05       		.byte	0x5
 234 0181 26070000 		.4byte	0x726
 235 0185 00       		.byte	0
 236 0186 0A       		.uleb128 0xa
 237 0187 63747800 		.ascii	"ctx\000"
 238 018b 05       		.byte	0x5
 239 018c B1       		.byte	0xb1
 240 018d 21       		.byte	0x21
 241 018e 91060000 		.4byte	0x691
 242 0192 0C       		.byte	0xc
 243 0193 02       		.uleb128 0x2
 244 0194 91020000 		.4byte	.LASF31
 245 0198 05       		.byte	0x5
 246 0199 B6       		.byte	0xb6
 247 019a 21       		.byte	0x21
 248 019b B6030000 		.4byte	0x3b6
 249 019f 10       		.byte	0x10
 250 01a0 02       		.uleb128 0x2
 251 01a1 03060000 		.4byte	.LASF32
 252 01a5 05       		.byte	0x5
 253 01a6 BB       		.byte	0xbb
 254 01a7 22       		.byte	0x22
 255 01a8 28080000 		.4byte	0x828
 256 01ac 18       		.byte	0x18
 257 01ad 02       		.uleb128 0x2
 258 01ae B4020000 		.4byte	.LASF33
 259 01b2 05       		.byte	0x5
 260 01b3 C0       		.byte	0xc0
 261 01b4 22       		.byte	0x22
 262 01b5 50030000 		.4byte	0x350
 263 01b9 1C       		.byte	0x1c
 264 01ba 02       		.uleb128 0x2
 265 01bb 15060000 		.4byte	.LASF34
 266 01bf 05       		.byte	0x5
 267 01c0 C9       		.byte	0xc9
 268 01c1 22       		.byte	0x22
 269 01c2 2D080000 		.4byte	0x82d
 270 01c6 20       		.byte	0x20
 271 01c7 02       		.uleb128 0x2
 272 01c8 E1010000 		.4byte	.LASF35
 273 01cc 05       		.byte	0x5
 274 01cd CE       		.byte	0xce
 275 01ce 22       		.byte	0x22
 276 01cf 2D080000 		.4byte	0x82d
 277 01d3 24       		.byte	0x24
 278 01d4 02       		.uleb128 0x2
 279 01d5 48010000 		.4byte	.LASF36
 280 01d9 05       		.byte	0x5
 281 01da D3       		.byte	0xd3
 282 01db 21       		.byte	0x21
 283 01dc 0C010000 		.4byte	0x10c
 284 01e0 28       		.byte	0x28
 285 01e1 02       		.uleb128 0x2
ARM GAS  /tmp/ccHiDj7f.s 			page 6


 286 01e2 D6070000 		.4byte	.LASF37
 287 01e6 05       		.byte	0x5
 288 01e7 D7       		.byte	0xd7
 289 01e8 21       		.byte	0x21
 290 01e9 00010000 		.4byte	0x100
 291 01ed 29       		.byte	0x29
 292 01ee 02       		.uleb128 0x2
 293 01ef 00010000 		.4byte	.LASF38
 294 01f3 05       		.byte	0x5
 295 01f4 DC       		.byte	0xdc
 296 01f5 21       		.byte	0x21
 297 01f6 18010000 		.4byte	0x118
 298 01fa 2A       		.byte	0x2a
 299 01fb 08       		.uleb128 0x8
 300 01fc 7500     		.ascii	"u\000"
 301 01fe 05       		.byte	0x5
 302 01ff 2D01     		.2byte	0x12d
 303 0201 21       		.byte	0x21
 304 0202 53070000 		.4byte	0x753
 305 0206 2C       		.byte	0x2c
 306 0207 05       		.uleb128 0x5
 307 0208 FD010000 		.4byte	.LASF39
 308 020c 3201     		.2byte	0x132
 309 020e 21       		.byte	0x21
 310 020f 8A030000 		.4byte	0x38a
 311 0213 30       		.byte	0x30
 312 0214 05       		.uleb128 0x5
 313 0215 40020000 		.4byte	.LASF40
 314 0219 3801     		.2byte	0x138
 315 021b 21       		.byte	0x21
 316 021c B6030000 		.4byte	0x3b6
 317 0220 34       		.byte	0x34
 318 0221 05       		.uleb128 0x5
 319 0222 BF030000 		.4byte	.LASF41
 320 0226 3E01     		.2byte	0x13e
 321 0228 21       		.byte	0x21
 322 0229 3C010000 		.4byte	0x13c
 323 022d 3C       		.byte	0x3c
 324 022e 05       		.uleb128 0x5
 325 022f 3F080000 		.4byte	.LASF42
 326 0233 4501     		.2byte	0x145
 327 0235 22       		.byte	0x22
 328 0236 23080000 		.4byte	0x823
 329 023a 40       		.byte	0x40
 330 023b 05       		.uleb128 0x5
 331 023c 19040000 		.4byte	.LASF43
 332 0240 4901     		.2byte	0x149
 333 0242 21       		.byte	0x21
 334 0243 24010000 		.4byte	0x124
 335 0247 44       		.byte	0x44
 336 0248 05       		.uleb128 0x5
 337 0249 32070000 		.4byte	.LASF44
 338 024d 5001     		.2byte	0x150
 339 024f 22       		.byte	0x22
 340 0250 A4040000 		.4byte	0x4a4
 341 0254 48       		.byte	0x48
 342 0255 00       		.byte	0
ARM GAS  /tmp/ccHiDj7f.s 			page 7


 343 0256 01       		.uleb128 0x1
 344 0257 90060000 		.4byte	.LASF45
 345 025b 04       		.byte	0x4
 346 025c 8A       		.byte	0x8a
 347 025d 1F       		.byte	0x1f
 348 025e 62020000 		.4byte	0x262
 349 0262 23       		.uleb128 0x23
 350 0263 73060000 		.4byte	.LASF47
 351 0267 A008     		.2byte	0x8a0
 352 0269 05       		.byte	0x5
 353 026a 8F01     		.2byte	0x18f
 354 026c 08       		.byte	0x8
 355 026d E8020000 		.4byte	0x2e8
 356 0271 05       		.uleb128 0x5
 357 0272 05020000 		.4byte	.LASF48
 358 0276 9301     		.2byte	0x193
 359 0278 21       		.byte	0x21
 360 0279 5B080000 		.4byte	0x85b
 361 027d 00       		.byte	0
 362 027e 05       		.uleb128 0x5
 363 027f 35010000 		.4byte	.LASF49
 364 0283 9701     		.2byte	0x197
 365 0285 21       		.byte	0x21
 366 0286 E7060000 		.4byte	0x6e7
 367 028a 10       		.byte	0x10
 368 028b 05       		.uleb128 0x5
 369 028c 9E060000 		.4byte	.LASF50
 370 0290 9E01     		.2byte	0x19e
 371 0292 21       		.byte	0x21
 372 0293 0E070000 		.4byte	0x70e
 373 0297 28       		.byte	0x28
 374 0298 05       		.uleb128 0x5
 375 0299 C9020000 		.4byte	.LASF51
 376 029d A301     		.2byte	0x1a3
 377 029f 21       		.byte	0x21
 378 02a0 54010000 		.4byte	0x154
 379 02a4 30       		.byte	0x30
 380 02a5 05       		.uleb128 0x5
 381 02a6 0D000000 		.4byte	.LASF52
 382 02aa A901     		.2byte	0x1a9
 383 02ac 21       		.byte	0x21
 384 02ad 0F030000 		.4byte	0x30f
 385 02b1 34       		.byte	0x34
 386 02b2 05       		.uleb128 0x5
 387 02b3 21060000 		.4byte	.LASF53
 388 02b7 AE01     		.2byte	0x1ae
 389 02b9 22       		.byte	0x22
 390 02ba C6080000 		.4byte	0x8c6
 391 02be 38       		.byte	0x38
 392 02bf 05       		.uleb128 0x5
 393 02c0 D7000000 		.4byte	.LASF54
 394 02c4 B201     		.2byte	0x1b2
 395 02c6 21       		.byte	0x21
 396 02c7 60010000 		.4byte	0x160
 397 02cb 3C       		.byte	0x3c
 398 02cc 08       		.uleb128 0x8
 399 02cd 64626700 		.ascii	"dbg\000"
ARM GAS  /tmp/ccHiDj7f.s 			page 8


 400 02d1 05       		.byte	0x5
 401 02d2 B601     		.2byte	0x1b6
 402 02d4 21       		.byte	0x21
 403 02d5 66030000 		.4byte	0x366
 404 02d9 88       		.byte	0x88
 405 02da 05       		.uleb128 0x5
 406 02db 03080000 		.4byte	.LASF55
 407 02df BB01     		.2byte	0x1bb
 408 02e1 21       		.byte	0x21
 409 02e2 FF050000 		.4byte	0x5ff
 410 02e6 94       		.byte	0x94
 411 02e7 00       		.byte	0
 412 02e8 01       		.uleb128 0x1
 413 02e9 22040000 		.4byte	.LASF56
 414 02ed 06       		.byte	0x6
 415 02ee 3F       		.byte	0x3f
 416 02ef 12       		.byte	0x12
 417 02f0 CB000000 		.4byte	0xcb
 418 02f4 09       		.uleb128 0x9
 419 02f5 8F010000 		.4byte	.LASF57
 420 02f9 04       		.byte	0x4
 421 02fa 06       		.byte	0x6
 422 02fb 44       		.byte	0x44
 423 02fc 10       		.byte	0x10
 424 02fd 0F030000 		.4byte	0x30f
 425 0301 02       		.uleb128 0x2
 426 0302 60070000 		.4byte	.LASF58
 427 0306 06       		.byte	0x6
 428 0307 48       		.byte	0x48
 429 0308 21       		.byte	0x21
 430 0309 E8020000 		.4byte	0x2e8
 431 030d 00       		.byte	0
 432 030e 00       		.byte	0
 433 030f 01       		.uleb128 0x1
 434 0310 69050000 		.4byte	.LASF59
 435 0314 06       		.byte	0x6
 436 0315 49       		.byte	0x49
 437 0316 03       		.byte	0x3
 438 0317 F4020000 		.4byte	0x2f4
 439 031b 09       		.uleb128 0x9
 440 031c 2A050000 		.4byte	.LASF60
 441 0320 0C       		.byte	0xc
 442 0321 07       		.byte	0x7
 443 0322 3E       		.byte	0x3e
 444 0323 10       		.byte	0x10
 445 0324 50030000 		.4byte	0x350
 446 0328 02       		.uleb128 0x2
 447 0329 62060000 		.4byte	.LASF61
 448 032d 07       		.byte	0x7
 449 032e 46       		.byte	0x46
 450 032f 24       		.byte	0x24
 451 0330 55030000 		.4byte	0x355
 452 0334 00       		.byte	0
 453 0335 02       		.uleb128 0x2
 454 0336 65070000 		.4byte	.LASF62
 455 033a 07       		.byte	0x7
 456 033b 4B       		.byte	0x4b
ARM GAS  /tmp/ccHiDj7f.s 			page 9


 457 033c 19       		.byte	0x19
 458 033d 48010000 		.4byte	0x148
 459 0341 04       		.byte	0x4
 460 0342 02       		.uleb128 0x2
 461 0343 23020000 		.4byte	.LASF63
 462 0347 07       		.byte	0x7
 463 0348 4F       		.byte	0x4f
 464 0349 19       		.byte	0x19
 465 034a 48010000 		.4byte	0x148
 466 034e 08       		.byte	0x8
 467 034f 00       		.byte	0
 468 0350 04       		.uleb128 0x4
 469 0351 61030000 		.4byte	0x361
 470 0355 1A       		.uleb128 0x1a
 471 0356 50030000 		.4byte	0x350
 472 035a 07       		.uleb128 0x7
 473 035b 01       		.byte	0x1
 474 035c 08       		.byte	0x8
 475 035d 1C060000 		.4byte	.LASF64
 476 0361 10       		.uleb128 0x10
 477 0362 5A030000 		.4byte	0x35a
 478 0366 01       		.uleb128 0x1
 479 0367 6F000000 		.4byte	.LASF65
 480 036b 07       		.byte	0x7
 481 036c 51       		.byte	0x51
 482 036d 03       		.byte	0x3
 483 036e 1B030000 		.4byte	0x31b
 484 0372 01       		.uleb128 0x1
 485 0373 42060000 		.4byte	.LASF66
 486 0377 08       		.byte	0x8
 487 0378 6D       		.byte	0x6d
 488 0379 12       		.byte	0x12
 489 037a CB000000 		.4byte	0xcb
 490 037e 01       		.uleb128 0x1
 491 037f 2C020000 		.4byte	.LASF67
 492 0383 08       		.byte	0x8
 493 0384 79       		.byte	0x79
 494 0385 12       		.byte	0x12
 495 0386 CB000000 		.4byte	0xcb
 496 038a 01       		.uleb128 0x1
 497 038b 58040000 		.4byte	.LASF68
 498 038f 09       		.byte	0x9
 499 0390 32       		.byte	0x32
 500 0391 18       		.byte	0x18
 501 0392 96030000 		.4byte	0x396
 502 0396 09       		.uleb128 0x9
 503 0397 D0030000 		.4byte	.LASF69
 504 039b 04       		.byte	0x4
 505 039c 09       		.byte	0x9
 506 039d 38       		.byte	0x38
 507 039e 08       		.byte	0x8
 508 039f B1030000 		.4byte	0x3b1
 509 03a3 02       		.uleb128 0x2
 510 03a4 18000000 		.4byte	.LASF70
 511 03a8 09       		.byte	0x9
 512 03a9 39       		.byte	0x39
 513 03aa 1A       		.byte	0x1a
ARM GAS  /tmp/ccHiDj7f.s 			page 10


 514 03ab B1030000 		.4byte	0x3b1
 515 03af 00       		.byte	0
 516 03b0 00       		.byte	0
 517 03b1 04       		.uleb128 0x4
 518 03b2 8A030000 		.4byte	0x38a
 519 03b6 01       		.uleb128 0x1
 520 03b7 98020000 		.4byte	.LASF71
 521 03bb 09       		.byte	0x9
 522 03bc 3F       		.byte	0x3f
 523 03bd 19       		.byte	0x19
 524 03be C2030000 		.4byte	0x3c2
 525 03c2 09       		.uleb128 0x9
 526 03c3 97010000 		.4byte	.LASF72
 527 03c7 08       		.byte	0x8
 528 03c8 09       		.byte	0x9
 529 03c9 45       		.byte	0x45
 530 03ca 08       		.byte	0x8
 531 03cb EA030000 		.4byte	0x3ea
 532 03cf 02       		.uleb128 0x2
 533 03d0 18000000 		.4byte	.LASF70
 534 03d4 09       		.byte	0x9
 535 03d5 46       		.byte	0x46
 536 03d6 1A       		.byte	0x1a
 537 03d7 EA030000 		.4byte	0x3ea
 538 03db 00       		.byte	0
 539 03dc 02       		.uleb128 0x2
 540 03dd 56000000 		.4byte	.LASF73
 541 03e1 09       		.byte	0x9
 542 03e2 47       		.byte	0x47
 543 03e3 1A       		.byte	0x1a
 544 03e4 EA030000 		.4byte	0x3ea
 545 03e8 04       		.byte	0x4
 546 03e9 00       		.byte	0
 547 03ea 04       		.uleb128 0x4
 548 03eb B6030000 		.4byte	0x3b6
 549 03ef 01       		.uleb128 0x1
 550 03f0 83000000 		.4byte	.LASF74
 551 03f4 09       		.byte	0x9
 552 03f5 4E       		.byte	0x4e
 553 03f6 22       		.byte	0x22
 554 03f7 FB030000 		.4byte	0x3fb
 555 03fb 09       		.uleb128 0x9
 556 03fc AB060000 		.4byte	.LASF75
 557 0400 0C       		.byte	0xc
 558 0401 09       		.byte	0x9
 559 0402 55       		.byte	0x55
 560 0403 08       		.byte	0x8
 561 0404 30040000 		.4byte	0x430
 562 0408 02       		.uleb128 0x2
 563 0409 18000000 		.4byte	.LASF70
 564 040d 09       		.byte	0x9
 565 040e 56       		.byte	0x56
 566 040f 1A       		.byte	0x1a
 567 0410 30040000 		.4byte	0x430
 568 0414 00       		.byte	0
 569 0415 02       		.uleb128 0x2
 570 0416 56000000 		.4byte	.LASF73
ARM GAS  /tmp/ccHiDj7f.s 			page 11


 571 041a 09       		.byte	0x9
 572 041b 57       		.byte	0x57
 573 041c 1A       		.byte	0x1a
 574 041d 30040000 		.4byte	0x430
 575 0421 04       		.byte	0x4
 576 0422 02       		.uleb128 0x2
 577 0423 DC040000 		.4byte	.LASF76
 578 0427 09       		.byte	0x9
 579 0428 58       		.byte	0x58
 580 0429 19       		.byte	0x19
 581 042a 24010000 		.4byte	0x124
 582 042e 08       		.byte	0x8
 583 042f 00       		.byte	0
 584 0430 04       		.uleb128 0x4
 585 0431 EF030000 		.4byte	0x3ef
 586 0435 01       		.uleb128 0x1
 587 0436 A9010000 		.4byte	.LASF77
 588 043a 09       		.byte	0x9
 589 043b 5F       		.byte	0x5f
 590 043c 1E       		.byte	0x1e
 591 043d 41040000 		.4byte	0x441
 592 0441 09       		.uleb128 0x9
 593 0442 1F010000 		.4byte	.LASF78
 594 0446 0C       		.byte	0xc
 595 0447 09       		.byte	0x9
 596 0448 64       		.byte	0x64
 597 0449 08       		.byte	0x8
 598 044a 76040000 		.4byte	0x476
 599 044e 02       		.uleb128 0x2
 600 044f 18000000 		.4byte	.LASF70
 601 0453 09       		.byte	0x9
 602 0454 65       		.byte	0x65
 603 0455 1A       		.byte	0x1a
 604 0456 76040000 		.4byte	0x476
 605 045a 00       		.byte	0
 606 045b 02       		.uleb128 0x2
 607 045c 56000000 		.4byte	.LASF73
 608 0460 09       		.byte	0x9
 609 0461 66       		.byte	0x66
 610 0462 1A       		.byte	0x1a
 611 0463 76040000 		.4byte	0x476
 612 0467 04       		.byte	0x4
 613 0468 02       		.uleb128 0x2
 614 0469 1D000000 		.4byte	.LASF79
 615 046d 09       		.byte	0x9
 616 046e 67       		.byte	0x67
 617 046f 19       		.byte	0x19
 618 0470 7E030000 		.4byte	0x37e
 619 0474 08       		.byte	0x8
 620 0475 00       		.byte	0
 621 0476 04       		.uleb128 0x4
 622 0477 35040000 		.4byte	0x435
 623 047b 0C       		.uleb128 0xc
 624 047c 08       		.byte	0x8
 625 047d 0A       		.byte	0xa
 626 047e 83       		.byte	0x83
 627 047f 05       		.byte	0x5
ARM GAS  /tmp/ccHiDj7f.s 			page 12


 628 0480 9F040000 		.4byte	0x49f
 629 0484 0A       		.uleb128 0xa
 630 0485 6E747000 		.ascii	"ntp\000"
 631 0489 0A       		.byte	0xa
 632 048a 87       		.byte	0x87
 633 048b 1E       		.byte	0x1e
 634 048c 9F040000 		.4byte	0x49f
 635 0490 00       		.byte	0
 636 0491 02       		.uleb128 0x2
 637 0492 DC070000 		.4byte	.LASF80
 638 0496 0A       		.byte	0xa
 639 0497 8B       		.byte	0x8b
 640 0498 1E       		.byte	0x1e
 641 0499 A4040000 		.4byte	0x4a4
 642 049d 04       		.byte	0x4
 643 049e 00       		.byte	0
 644 049f 04       		.uleb128 0x4
 645 04a0 60010000 		.4byte	0x160
 646 04a4 24       		.uleb128 0x24
 647 04a5 04       		.byte	0x4
 648 04a6 0C       		.uleb128 0xc
 649 04a7 08       		.byte	0x8
 650 04a8 0A       		.byte	0xa
 651 04a9 90       		.byte	0x90
 652 04aa 05       		.byte	0x5
 653 04ab C9040000 		.4byte	0x4c9
 654 04af 0A       		.uleb128 0xa
 655 04b0 747000   		.ascii	"tp\000"
 656 04b3 0A       		.byte	0xa
 657 04b4 94       		.byte	0x94
 658 04b5 1E       		.byte	0x1e
 659 04b6 9F040000 		.4byte	0x49f
 660 04ba 00       		.byte	0
 661 04bb 0A       		.uleb128 0xa
 662 04bc 6D736700 		.ascii	"msg\000"
 663 04c0 0A       		.byte	0xa
 664 04c1 98       		.byte	0x98
 665 04c2 1D       		.byte	0x1d
 666 04c3 30010000 		.4byte	0x130
 667 04c7 04       		.byte	0x4
 668 04c8 00       		.byte	0
 669 04c9 0C       		.uleb128 0xc
 670 04ca 04       		.byte	0x4
 671 04cb 0A       		.byte	0xa
 672 04cc 9D       		.byte	0x9d
 673 04cd 05       		.byte	0x5
 674 04ce E0040000 		.4byte	0x4e0
 675 04d2 02       		.uleb128 0x2
 676 04d3 B4020000 		.4byte	.LASF33
 677 04d7 0A       		.byte	0xa
 678 04d8 A1       		.byte	0xa1
 679 04d9 1E       		.byte	0x1e
 680 04da 50030000 		.4byte	0x350
 681 04de 00       		.byte	0
 682 04df 00       		.byte	0
 683 04e0 0C       		.uleb128 0xc
 684 04e1 04       		.byte	0x4
ARM GAS  /tmp/ccHiDj7f.s 			page 13


 685 04e2 0A       		.byte	0xa
 686 04e3 A6       		.byte	0xa6
 687 04e4 05       		.byte	0x5
 688 04e5 F7040000 		.4byte	0x4f7
 689 04e9 02       		.uleb128 0x2
 690 04ea B1050000 		.4byte	.LASF81
 691 04ee 0A       		.byte	0xa
 692 04ef AA       		.byte	0xaa
 693 04f0 1E       		.byte	0x1e
 694 04f1 50030000 		.4byte	0x350
 695 04f5 00       		.byte	0
 696 04f6 00       		.byte	0
 697 04f7 0C       		.uleb128 0xc
 698 04f8 08       		.byte	0x8
 699 04f9 0A       		.byte	0xa
 700 04fa AF       		.byte	0xaf
 701 04fb 05       		.byte	0x5
 702 04fc 1B050000 		.4byte	0x51b
 703 0500 0A       		.uleb128 0xa
 704 0501 75703100 		.ascii	"up1\000"
 705 0505 0A       		.byte	0xa
 706 0506 B3       		.byte	0xb3
 707 0507 1E       		.byte	0x1e
 708 0508 A4040000 		.4byte	0x4a4
 709 050c 00       		.byte	0
 710 050d 0A       		.uleb128 0xa
 711 050e 75703200 		.ascii	"up2\000"
 712 0512 0A       		.byte	0xa
 713 0513 B7       		.byte	0xb7
 714 0514 1E       		.byte	0x1e
 715 0515 A4040000 		.4byte	0x4a4
 716 0519 04       		.byte	0x4
 717 051a 00       		.byte	0
 718 051b 13       		.uleb128 0x13
 719 051c 08       		.byte	0x8
 720 051d 0A       		.byte	0xa
 721 051e 7F       		.byte	0x7f
 722 051f 59050000 		.4byte	0x559
 723 0523 14       		.uleb128 0x14
 724 0524 737700   		.ascii	"sw\000"
 725 0527 8C       		.byte	0x8c
 726 0528 7B040000 		.4byte	0x47b
 727 052c 14       		.uleb128 0x14
 728 052d 72647900 		.ascii	"rdy\000"
 729 0531 99       		.byte	0x99
 730 0532 A6040000 		.4byte	0x4a6
 731 0536 14       		.uleb128 0x14
 732 0537 69737200 		.ascii	"isr\000"
 733 053b A2       		.byte	0xa2
 734 053c C9040000 		.4byte	0x4c9
 735 0540 0D       		.uleb128 0xd
 736 0541 83050000 		.4byte	.LASF82
 737 0545 0A       		.byte	0xa
 738 0546 AB       		.byte	0xab
 739 0547 07       		.byte	0x7
 740 0548 E0040000 		.4byte	0x4e0
 741 054c 0D       		.uleb128 0xd
ARM GAS  /tmp/ccHiDj7f.s 			page 14


 742 054d 1D050000 		.4byte	.LASF83
 743 0551 0A       		.byte	0xa
 744 0552 B8       		.byte	0xb8
 745 0553 07       		.byte	0x7
 746 0554 F7040000 		.4byte	0x4f7
 747 0558 00       		.byte	0
 748 0559 0C       		.uleb128 0xc
 749 055a 10       		.byte	0x10
 750 055b 0A       		.byte	0xa
 751 055c 6C       		.byte	0x6c
 752 055d 09       		.byte	0x9
 753 055e 9F050000 		.4byte	0x59f
 754 0562 15       		.uleb128 0x15
 755 0563 7E000000 		.4byte	.LASF84
 756 0567 70       		.byte	0x70
 757 0568 CB000000 		.4byte	0xcb
 758 056c 03       		.byte	0x3
 759 056d 00       		.byte	0
 760 056e 15       		.uleb128 0x15
 761 056f 48010000 		.4byte	.LASF36
 762 0573 74       		.byte	0x74
 763 0574 CB000000 		.4byte	0xcb
 764 0578 05       		.byte	0x5
 765 0579 03       		.byte	0x3
 766 057a 15       		.uleb128 0x15
 767 057b 07040000 		.4byte	.LASF85
 768 057f 7A       		.byte	0x7a
 769 0580 CB000000 		.4byte	0xcb
 770 0584 18       		.byte	0x18
 771 0585 08       		.byte	0x8
 772 0586 02       		.uleb128 0x2
 773 0587 D7040000 		.4byte	.LASF86
 774 058b 0A       		.byte	0xa
 775 058c 7E       		.byte	0x7e
 776 058d 19       		.byte	0x19
 777 058e 72030000 		.4byte	0x372
 778 0592 04       		.byte	0x4
 779 0593 0A       		.uleb128 0xa
 780 0594 7500     		.ascii	"u\000"
 781 0596 0A       		.byte	0xa
 782 0597 B9       		.byte	0xb9
 783 0598 05       		.byte	0x5
 784 0599 1B050000 		.4byte	0x51b
 785 059d 08       		.byte	0x8
 786 059e 00       		.byte	0
 787 059f 01       		.uleb128 0x1
 788 05a0 82060000 		.4byte	.LASF87
 789 05a4 0A       		.byte	0xa
 790 05a5 BA       		.byte	0xba
 791 05a6 03       		.byte	0x3
 792 05a7 59050000 		.4byte	0x559
 793 05ab 25       		.uleb128 0x25
 794 05ac 0808     		.2byte	0x808
 795 05ae 0A       		.byte	0xa
 796 05af C0       		.byte	0xc0
 797 05b0 09       		.byte	0x9
 798 05b1 EA050000 		.4byte	0x5ea
ARM GAS  /tmp/ccHiDj7f.s 			page 15


 799 05b5 02       		.uleb128 0x2
 800 05b6 AD000000 		.4byte	.LASF88
 801 05ba 0A       		.byte	0xa
 802 05bb C4       		.byte	0xc4
 803 05bc 19       		.byte	0x19
 804 05bd B3000000 		.4byte	0xb3
 805 05c1 00       		.byte	0
 806 05c2 02       		.uleb128 0x2
 807 05c3 97030000 		.4byte	.LASF89
 808 05c7 0A       		.byte	0xa
 809 05c8 C8       		.byte	0xc8
 810 05c9 19       		.byte	0x19
 811 05ca B3000000 		.4byte	0xb3
 812 05ce 02       		.byte	0x2
 813 05cf 0A       		.uleb128 0xa
 814 05d0 70747200 		.ascii	"ptr\000"
 815 05d4 0A       		.byte	0xa
 816 05d5 CC       		.byte	0xcc
 817 05d6 1A       		.byte	0x1a
 818 05d7 EA050000 		.4byte	0x5ea
 819 05db 04       		.byte	0x4
 820 05dc 02       		.uleb128 0x2
 821 05dd CF010000 		.4byte	.LASF90
 822 05e1 0A       		.byte	0xa
 823 05e2 D0       		.byte	0xd0
 824 05e3 19       		.byte	0x19
 825 05e4 EF050000 		.4byte	0x5ef
 826 05e8 08       		.byte	0x8
 827 05e9 00       		.byte	0
 828 05ea 04       		.uleb128 0x4
 829 05eb 9F050000 		.4byte	0x59f
 830 05ef 16       		.uleb128 0x16
 831 05f0 9F050000 		.4byte	0x59f
 832 05f4 FF050000 		.4byte	0x5ff
 833 05f8 17       		.uleb128 0x17
 834 05f9 25000000 		.4byte	0x25
 835 05fd 7F       		.byte	0x7f
 836 05fe 00       		.byte	0
 837 05ff 01       		.uleb128 0x1
 838 0600 88050000 		.4byte	.LASF91
 839 0604 0A       		.byte	0xa
 840 0605 D1       		.byte	0xd1
 841 0606 03       		.byte	0x3
 842 0607 AB050000 		.4byte	0x5ab
 843 060b 12       		.uleb128 0x12
 844 060c 5B000000 		.4byte	.LASF92
 845 0610 24       		.byte	0x24
 846 0611 0B       		.byte	0xb
 847 0612 BB01     		.2byte	0x1bb
 848 0614 08       		.byte	0x8
 849 0615 91060000 		.4byte	0x691
 850 0619 08       		.uleb128 0x8
 851 061a 723400   		.ascii	"r4\000"
 852 061d 0B       		.byte	0xb
 853 061e CE01     		.2byte	0x1ce
 854 0620 11       		.byte	0x11
 855 0621 CB000000 		.4byte	0xcb
ARM GAS  /tmp/ccHiDj7f.s 			page 16


 856 0625 00       		.byte	0
 857 0626 08       		.uleb128 0x8
 858 0627 723500   		.ascii	"r5\000"
 859 062a 0B       		.byte	0xb
 860 062b CF01     		.2byte	0x1cf
 861 062d 11       		.byte	0x11
 862 062e CB000000 		.4byte	0xcb
 863 0632 04       		.byte	0x4
 864 0633 08       		.uleb128 0x8
 865 0634 723600   		.ascii	"r6\000"
 866 0637 0B       		.byte	0xb
 867 0638 D001     		.2byte	0x1d0
 868 063a 11       		.byte	0x11
 869 063b CB000000 		.4byte	0xcb
 870 063f 08       		.byte	0x8
 871 0640 08       		.uleb128 0x8
 872 0641 723700   		.ascii	"r7\000"
 873 0644 0B       		.byte	0xb
 874 0645 D101     		.2byte	0x1d1
 875 0647 11       		.byte	0x11
 876 0648 CB000000 		.4byte	0xcb
 877 064c 0C       		.byte	0xc
 878 064d 08       		.uleb128 0x8
 879 064e 723800   		.ascii	"r8\000"
 880 0651 0B       		.byte	0xb
 881 0652 D201     		.2byte	0x1d2
 882 0654 11       		.byte	0x11
 883 0655 CB000000 		.4byte	0xcb
 884 0659 10       		.byte	0x10
 885 065a 08       		.uleb128 0x8
 886 065b 723900   		.ascii	"r9\000"
 887 065e 0B       		.byte	0xb
 888 065f D301     		.2byte	0x1d3
 889 0661 11       		.byte	0x11
 890 0662 CB000000 		.4byte	0xcb
 891 0666 14       		.byte	0x14
 892 0667 08       		.uleb128 0x8
 893 0668 72313000 		.ascii	"r10\000"
 894 066c 0B       		.byte	0xb
 895 066d D401     		.2byte	0x1d4
 896 066f 11       		.byte	0x11
 897 0670 CB000000 		.4byte	0xcb
 898 0674 18       		.byte	0x18
 899 0675 08       		.uleb128 0x8
 900 0676 72313100 		.ascii	"r11\000"
 901 067a 0B       		.byte	0xb
 902 067b D501     		.2byte	0x1d5
 903 067d 11       		.byte	0x11
 904 067e CB000000 		.4byte	0xcb
 905 0682 1C       		.byte	0x1c
 906 0683 08       		.uleb128 0x8
 907 0684 6C7200   		.ascii	"lr\000"
 908 0687 0B       		.byte	0xb
 909 0688 D601     		.2byte	0x1d6
 910 068a 11       		.byte	0x11
 911 068b CB000000 		.4byte	0xcb
 912 068f 20       		.byte	0x20
ARM GAS  /tmp/ccHiDj7f.s 			page 17


 913 0690 00       		.byte	0
 914 0691 12       		.uleb128 0x12
 915 0692 CA040000 		.4byte	.LASF93
 916 0696 04       		.byte	0x4
 917 0697 0B       		.byte	0xb
 918 0698 DF01     		.2byte	0x1df
 919 069a 08       		.byte	0x8
 920 069b AD060000 		.4byte	0x6ad
 921 069f 08       		.uleb128 0x8
 922 06a0 737000   		.ascii	"sp\000"
 923 06a3 0B       		.byte	0xb
 924 06a4 E001     		.2byte	0x1e0
 925 06a6 1A       		.byte	0x1a
 926 06a7 AD060000 		.4byte	0x6ad
 927 06ab 00       		.byte	0
 928 06ac 00       		.byte	0
 929 06ad 04       		.uleb128 0x4
 930 06ae 0B060000 		.4byte	0x60b
 931 06b2 09       		.uleb128 0x9
 932 06b3 41040000 		.4byte	.LASF94
 933 06b7 18       		.byte	0x18
 934 06b8 05       		.byte	0x5
 935 06b9 64       		.byte	0x64
 936 06ba 10       		.byte	0x10
 937 06bb E7060000 		.4byte	0x6e7
 938 06bf 02       		.uleb128 0x2
 939 06c0 3C060000 		.4byte	.LASF95
 940 06c4 05       		.byte	0x5
 941 06c5 68       		.byte	0x68
 942 06c6 21       		.byte	0x21
 943 06c7 35040000 		.4byte	0x435
 944 06cb 00       		.byte	0
 945 06cc 02       		.uleb128 0x2
 946 06cd 7A050000 		.4byte	.LASF96
 947 06d1 05       		.byte	0x5
 948 06d2 73       		.byte	0x73
 949 06d3 21       		.byte	0x21
 950 06d4 72030000 		.4byte	0x372
 951 06d8 0C       		.byte	0xc
 952 06d9 02       		.uleb128 0x2
 953 06da 0F040000 		.4byte	.LASF97
 954 06de 05       		.byte	0x5
 955 06df 79       		.byte	0x79
 956 06e0 21       		.byte	0x21
 957 06e1 E3000000 		.4byte	0xe3
 958 06e5 10       		.byte	0x10
 959 06e6 00       		.byte	0
 960 06e7 01       		.uleb128 0x1
 961 06e8 EA000000 		.4byte	.LASF98
 962 06ec 05       		.byte	0x5
 963 06ed 7B       		.byte	0x7b
 964 06ee 03       		.byte	0x3
 965 06ef B2060000 		.4byte	0x6b2
 966 06f3 09       		.uleb128 0x9
 967 06f4 C3010000 		.4byte	.LASF99
 968 06f8 08       		.byte	0x8
 969 06f9 05       		.byte	0x5
ARM GAS  /tmp/ccHiDj7f.s 			page 18


 970 06fa 80       		.byte	0x80
 971 06fb 10       		.byte	0x10
 972 06fc 0E070000 		.4byte	0x70e
 973 0700 02       		.uleb128 0x2
 974 0701 B9020000 		.4byte	.LASF100
 975 0705 05       		.byte	0x5
 976 0706 84       		.byte	0x84
 977 0707 21       		.byte	0x21
 978 0708 B6030000 		.4byte	0x3b6
 979 070c 00       		.byte	0
 980 070d 00       		.byte	0
 981 070e 01       		.uleb128 0x1
 982 070f D2050000 		.4byte	.LASF101
 983 0713 05       		.byte	0x5
 984 0714 85       		.byte	0x85
 985 0715 03       		.byte	0x3
 986 0716 F3060000 		.4byte	0x6f3
 987 071a 01       		.uleb128 0x1
 988 071b 2E040000 		.4byte	.LASF102
 989 071f 05       		.byte	0x5
 990 0720 8A       		.byte	0x8a
 991 0721 14       		.byte	0x14
 992 0722 9F040000 		.4byte	0x49f
 993 0726 13       		.uleb128 0x13
 994 0727 0C       		.byte	0xc
 995 0728 05       		.byte	0x5
 996 0729 A0       		.byte	0xa0
 997 072a 53070000 		.4byte	0x753
 998 072e 0D       		.uleb128 0xd
 999 072f 1C080000 		.4byte	.LASF103
 1000 0733 05       		.byte	0x5
 1001 0734 A4       		.byte	0xa4
 1002 0735 21       		.byte	0x21
 1003 0736 8A030000 		.4byte	0x38a
 1004 073a 0D       		.uleb128 0xd
 1005 073b B9020000 		.4byte	.LASF100
 1006 073f 05       		.byte	0x5
 1007 0740 A8       		.byte	0xa8
 1008 0741 21       		.byte	0x21
 1009 0742 B6030000 		.4byte	0x3b6
 1010 0746 0D       		.uleb128 0xd
 1011 0747 6C060000 		.4byte	.LASF104
 1012 074b 05       		.byte	0x5
 1013 074c AC       		.byte	0xac
 1014 074d 21       		.byte	0x21
 1015 074e EF030000 		.4byte	0x3ef
 1016 0752 00       		.byte	0
 1017 0753 13       		.uleb128 0x13
 1018 0754 04       		.byte	0x4
 1019 0755 05       		.byte	0x5
 1020 0756 F0       		.byte	0xf0
 1021 0757 BC070000 		.4byte	0x7bc
 1022 075b 0D       		.uleb128 0xd
 1023 075c 23000000 		.4byte	.LASF105
 1024 0760 05       		.byte	0x5
 1025 0761 F7       		.byte	0xf7
 1026 0762 21       		.byte	0x21
ARM GAS  /tmp/ccHiDj7f.s 			page 19


 1027 0763 30010000 		.4byte	0x130
 1028 0767 0D       		.uleb128 0xd
 1029 0768 CE000000 		.4byte	.LASF106
 1030 076c 05       		.byte	0x5
 1031 076d FE       		.byte	0xfe
 1032 076e 21       		.byte	0x21
 1033 076f 30010000 		.4byte	0x130
 1034 0773 0F       		.uleb128 0xf
 1035 0774 DC070000 		.4byte	.LASF80
 1036 0778 0501     		.2byte	0x105
 1037 077a 22       		.byte	0x22
 1038 077b A4040000 		.4byte	0x4a4
 1039 077f 0F       		.uleb128 0xf
 1040 0780 12000000 		.4byte	.LASF107
 1041 0784 0C01     		.2byte	0x10c
 1042 0786 22       		.byte	0x22
 1043 0787 BC070000 		.4byte	0x7bc
 1044 078b 0F       		.uleb128 0xf
 1045 078c E2000000 		.4byte	.LASF108
 1046 0790 1101     		.2byte	0x111
 1047 0792 21       		.byte	0x21
 1048 0793 30010000 		.4byte	0x130
 1049 0797 0F       		.uleb128 0xf
 1050 0798 69020000 		.4byte	.LASF109
 1051 079c 1A01     		.2byte	0x11a
 1052 079e 22       		.byte	0x22
 1053 079f E9070000 		.4byte	0x7e9
 1054 07a3 0F       		.uleb128 0xf
 1055 07a4 EC050000 		.4byte	.LASF110
 1056 07a8 2301     		.2byte	0x123
 1057 07aa 22       		.byte	0x22
 1058 07ab 23080000 		.4byte	0x823
 1059 07af 0F       		.uleb128 0xf
 1060 07b0 97050000 		.4byte	.LASF111
 1061 07b4 2B01     		.2byte	0x12b
 1062 07b6 21       		.byte	0x21
 1063 07b7 3C010000 		.4byte	0x13c
 1064 07bb 00       		.byte	0
 1065 07bc 04       		.uleb128 0x4
 1066 07bd 1A070000 		.4byte	0x71a
 1067 07c1 09       		.uleb128 0x9
 1068 07c2 C5050000 		.4byte	.LASF112
 1069 07c6 0C       		.byte	0xc
 1070 07c7 0C       		.byte	0xc
 1071 07c8 34       		.byte	0x34
 1072 07c9 10       		.byte	0x10
 1073 07ca E9070000 		.4byte	0x7e9
 1074 07ce 02       		.uleb128 0x2
 1075 07cf B9020000 		.4byte	.LASF100
 1076 07d3 0C       		.byte	0xc
 1077 07d4 35       		.byte	0x35
 1078 07d5 19       		.byte	0x19
 1079 07d6 B6030000 		.4byte	0x3b6
 1080 07da 00       		.byte	0
 1081 07db 0A       		.uleb128 0xa
 1082 07dc 636E7400 		.ascii	"cnt\000"
 1083 07e0 0C       		.byte	0xc
ARM GAS  /tmp/ccHiDj7f.s 			page 20


 1084 07e1 37       		.byte	0x37
 1085 07e2 19       		.byte	0x19
 1086 07e3 48010000 		.4byte	0x148
 1087 07e7 08       		.byte	0x8
 1088 07e8 00       		.byte	0
 1089 07e9 04       		.uleb128 0x4
 1090 07ea C1070000 		.4byte	0x7c1
 1091 07ee 09       		.uleb128 0x9
 1092 07ef 57070000 		.4byte	.LASF113
 1093 07f3 10       		.byte	0x10
 1094 07f4 0D       		.byte	0xd
 1095 07f5 39       		.byte	0x39
 1096 07f6 08       		.byte	0x8
 1097 07f7 23080000 		.4byte	0x823
 1098 07fb 02       		.uleb128 0x2
 1099 07fc B9020000 		.4byte	.LASF100
 1100 0800 0D       		.byte	0xd
 1101 0801 3A       		.byte	0x3a
 1102 0802 19       		.byte	0x19
 1103 0803 B6030000 		.4byte	0x3b6
 1104 0807 00       		.byte	0
 1105 0808 02       		.uleb128 0x2
 1106 0809 03060000 		.4byte	.LASF32
 1107 080d 0D       		.byte	0xd
 1108 080e 3C       		.byte	0x3c
 1109 080f 1A       		.byte	0x1a
 1110 0810 9F040000 		.4byte	0x49f
 1111 0814 08       		.byte	0x8
 1112 0815 02       		.uleb128 0x2
 1113 0816 18000000 		.4byte	.LASF70
 1114 081a 0D       		.byte	0xd
 1115 081b 3E       		.byte	0x3e
 1116 081c 1A       		.byte	0x1a
 1117 081d E4080000 		.4byte	0x8e4
 1118 0821 0C       		.byte	0xc
 1119 0822 00       		.byte	0
 1120 0823 04       		.uleb128 0x4
 1121 0824 EE070000 		.4byte	0x7ee
 1122 0828 04       		.uleb128 0x4
 1123 0829 56020000 		.4byte	0x256
 1124 082d 04       		.uleb128 0x4
 1125 082e F4000000 		.4byte	0xf4
 1126 0832 12       		.uleb128 0x12
 1127 0833 D8030000 		.4byte	.LASF114
 1128 0837 10       		.byte	0x10
 1129 0838 05       		.byte	0x5
 1130 0839 6101     		.2byte	0x161
 1131 083b 10       		.byte	0x10
 1132 083c 5B080000 		.4byte	0x85b
 1133 0840 05       		.uleb128 0x5
 1134 0841 6C060000 		.4byte	.LASF104
 1135 0845 6601     		.2byte	0x166
 1136 0847 21       		.byte	0x21
 1137 0848 EF030000 		.4byte	0x3ef
 1138 084c 00       		.byte	0
 1139 084d 05       		.uleb128 0x5
 1140 084e E1040000 		.4byte	.LASF115
ARM GAS  /tmp/ccHiDj7f.s 			page 21


 1141 0852 6A01     		.2byte	0x16a
 1142 0854 22       		.byte	0x22
 1143 0855 9F040000 		.4byte	0x49f
 1144 0859 0C       		.byte	0xc
 1145 085a 00       		.byte	0
 1146 085b 1B       		.uleb128 0x1b
 1147 085c 00000000 		.4byte	.LASF116
 1148 0860 6B01     		.2byte	0x16b
 1149 0862 32080000 		.4byte	0x832
 1150 0866 12       		.uleb128 0x12
 1151 0867 97000000 		.4byte	.LASF117
 1152 086b 14       		.byte	0x14
 1153 086c 05       		.byte	0x5
 1154 086d 7001     		.2byte	0x170
 1155 086f 10       		.byte	0x10
 1156 0870 B6080000 		.4byte	0x8b6
 1157 0874 05       		.uleb128 0x5
 1158 0875 B4020000 		.4byte	.LASF33
 1159 0879 7401     		.2byte	0x174
 1160 087b 22       		.byte	0x22
 1161 087c 50030000 		.4byte	0x350
 1162 0880 00       		.byte	0
 1163 0881 05       		.uleb128 0x5
 1164 0882 0B020000 		.4byte	.LASF118
 1165 0886 7A01     		.2byte	0x17a
 1166 0888 22       		.byte	0x22
 1167 0889 2D080000 		.4byte	0x82d
 1168 088d 04       		.byte	0x4
 1169 088e 05       		.uleb128 0x5
 1170 088f BD060000 		.4byte	.LASF119
 1171 0893 7E01     		.2byte	0x17e
 1172 0895 22       		.byte	0x22
 1173 0896 2D080000 		.4byte	0x82d
 1174 089a 08       		.byte	0x8
 1175 089b 05       		.uleb128 0x5
 1176 089c 3C000000 		.4byte	.LASF120
 1177 08a0 8401     		.2byte	0x184
 1178 08a2 22       		.byte	0x22
 1179 08a3 2D080000 		.4byte	0x82d
 1180 08a7 0C       		.byte	0xc
 1181 08a8 05       		.uleb128 0x5
 1182 08a9 30080000 		.4byte	.LASF121
 1183 08ad 8801     		.2byte	0x188
 1184 08af 22       		.byte	0x22
 1185 08b0 2D080000 		.4byte	0x82d
 1186 08b4 10       		.byte	0x10
 1187 08b5 00       		.byte	0
 1188 08b6 1B       		.uleb128 0x1b
 1189 08b7 38070000 		.4byte	.LASF122
 1190 08bb 8A01     		.2byte	0x18a
 1191 08bd 66080000 		.4byte	0x866
 1192 08c1 10       		.uleb128 0x10
 1193 08c2 B6080000 		.4byte	0x8b6
 1194 08c6 04       		.uleb128 0x4
 1195 08c7 C1080000 		.4byte	0x8c1
 1196 08cb 26       		.uleb128 0x26
 1197 08cc 63683000 		.ascii	"ch0\000"
ARM GAS  /tmp/ccHiDj7f.s 			page 22


 1198 08d0 12       		.byte	0x12
 1199 08d1 4101     		.2byte	0x141
 1200 08d3 16       		.byte	0x16
 1201 08d4 56020000 		.4byte	0x256
 1202 08d8 01       		.uleb128 0x1
 1203 08d9 1B020000 		.4byte	.LASF123
 1204 08dd 0D       		.byte	0xd
 1205 08de 34       		.byte	0x34
 1206 08df 19       		.byte	0x19
 1207 08e0 EE070000 		.4byte	0x7ee
 1208 08e4 04       		.uleb128 0x4
 1209 08e5 D8080000 		.4byte	0x8d8
 1210 08e9 07       		.uleb128 0x7
 1211 08ea 01       		.byte	0x1
 1212 08eb 02       		.byte	0x2
 1213 08ec 3A050000 		.4byte	.LASF124
 1214 08f0 01       		.uleb128 0x1
 1215 08f1 DD050000 		.4byte	.LASF125
 1216 08f5 0E       		.byte	0xe
 1217 08f6 28       		.byte	0x28
 1218 08f7 1B       		.byte	0x1b
 1219 08f8 FC080000 		.4byte	0x8fc
 1220 08fc 27       		.uleb128 0x27
 1221 08fd B9010000 		.4byte	.LASF162
 1222 0901 04       		.byte	0x4
 1223 0902 14       		.byte	0x14
 1224 0903 00       		.byte	0
 1225 0904 13090000 		.4byte	0x913
 1226 0908 28       		.uleb128 0x28
 1227 0909 A6060000 		.4byte	.LASF163
 1228 090d A4040000 		.4byte	0x4a4
 1229 0911 00       		.byte	0
 1230 0912 00       		.byte	0
 1231 0913 01       		.uleb128 0x1
 1232 0914 67000000 		.4byte	.LASF126
 1233 0918 0E       		.byte	0xe
 1234 0919 63       		.byte	0x63
 1235 091a 18       		.byte	0x18
 1236 091b F0080000 		.4byte	0x8f0
 1237 091f 01       		.uleb128 0x1
 1238 0920 89040000 		.4byte	.LASF127
 1239 0924 0F       		.byte	0xf
 1240 0925 3C       		.byte	0x3c
 1241 0926 11       		.byte	0x11
 1242 0927 2B090000 		.4byte	0x92b
 1243 092b 04       		.uleb128 0x4
 1244 092c 30090000 		.4byte	0x930
 1245 0930 11       		.uleb128 0x11
 1246 0931 30010000 		.4byte	0x130
 1247 0935 3F090000 		.4byte	0x93f
 1248 0939 06       		.uleb128 0x6
 1249 093a 3F090000 		.4byte	0x93f
 1250 093e 00       		.byte	0
 1251 093f 04       		.uleb128 0x4
 1252 0940 13090000 		.4byte	0x913
 1253 0944 01       		.uleb128 0x1
 1254 0945 6D070000 		.4byte	.LASF128
ARM GAS  /tmp/ccHiDj7f.s 			page 23


 1255 0949 0F       		.byte	0xf
 1256 094a 41       		.byte	0x41
 1257 094b 11       		.byte	0x11
 1258 094c 50090000 		.4byte	0x950
 1259 0950 04       		.uleb128 0x4
 1260 0951 55090000 		.4byte	0x955
 1261 0955 29       		.uleb128 0x29
 1262 0956 30010000 		.4byte	0x130
 1263 095a 01       		.uleb128 0x1
 1264 095b 71040000 		.4byte	.LASF129
 1265 095f 0F       		.byte	0xf
 1266 0960 46       		.byte	0x46
 1267 0961 11       		.byte	0x11
 1268 0962 66090000 		.4byte	0x966
 1269 0966 04       		.uleb128 0x4
 1270 0967 6B090000 		.4byte	0x96b
 1271 096b 11       		.uleb128 0x11
 1272 096c 30010000 		.4byte	0x130
 1273 0970 7A090000 		.4byte	0x97a
 1274 0974 06       		.uleb128 0x6
 1275 0975 30010000 		.4byte	0x130
 1276 0979 00       		.byte	0
 1277 097a 01       		.uleb128 0x1
 1278 097b 62040000 		.4byte	.LASF130
 1279 097f 0F       		.byte	0xf
 1280 0980 4B       		.byte	0x4b
 1281 0981 11       		.byte	0x11
 1282 0982 86090000 		.4byte	0x986
 1283 0986 04       		.uleb128 0x4
 1284 0987 8B090000 		.4byte	0x98b
 1285 098b 11       		.uleb128 0x11
 1286 098c 30010000 		.4byte	0x130
 1287 0990 9F090000 		.4byte	0x99f
 1288 0994 06       		.uleb128 0x6
 1289 0995 30010000 		.4byte	0x130
 1290 0999 06       		.uleb128 0x6
 1291 099a 30010000 		.4byte	0x130
 1292 099e 00       		.byte	0
 1293 099f 01       		.uleb128 0x1
 1294 09a0 70020000 		.4byte	.LASF131
 1295 09a4 0F       		.byte	0xf
 1296 09a5 50       		.byte	0x50
 1297 09a6 11       		.byte	0x11
 1298 09a7 AB090000 		.4byte	0x9ab
 1299 09ab 04       		.uleb128 0x4
 1300 09ac B0090000 		.4byte	0x9b0
 1301 09b0 11       		.uleb128 0x11
 1302 09b1 30010000 		.4byte	0x130
 1303 09b5 C9090000 		.4byte	0x9c9
 1304 09b9 06       		.uleb128 0x6
 1305 09ba 30010000 		.4byte	0x130
 1306 09be 06       		.uleb128 0x6
 1307 09bf 30010000 		.4byte	0x130
 1308 09c3 06       		.uleb128 0x6
 1309 09c4 30010000 		.4byte	0x130
 1310 09c8 00       		.byte	0
 1311 09c9 01       		.uleb128 0x1
ARM GAS  /tmp/ccHiDj7f.s 			page 24


 1312 09ca E3070000 		.4byte	.LASF132
 1313 09ce 0F       		.byte	0xf
 1314 09cf 55       		.byte	0x55
 1315 09d0 11       		.byte	0x11
 1316 09d1 D5090000 		.4byte	0x9d5
 1317 09d5 04       		.uleb128 0x4
 1318 09d6 DA090000 		.4byte	0x9da
 1319 09da 11       		.uleb128 0x11
 1320 09db 30010000 		.4byte	0x130
 1321 09df F8090000 		.4byte	0x9f8
 1322 09e3 06       		.uleb128 0x6
 1323 09e4 30010000 		.4byte	0x130
 1324 09e8 06       		.uleb128 0x6
 1325 09e9 30010000 		.4byte	0x130
 1326 09ed 06       		.uleb128 0x6
 1327 09ee 30010000 		.4byte	0x130
 1328 09f2 06       		.uleb128 0x6
 1329 09f3 30010000 		.4byte	0x130
 1330 09f7 00       		.byte	0
 1331 09f8 0C       		.uleb128 0xc
 1332 09f9 08       		.byte	0x8
 1333 09fa 10       		.byte	0x10
 1334 09fb 39       		.byte	0x39
 1335 09fc 09       		.byte	0x9
 1336 09fd 1C0A0000 		.4byte	0xa1c
 1337 0a01 02       		.uleb128 0x2
 1338 0a02 E7010000 		.4byte	.LASF133
 1339 0a06 10       		.byte	0x10
 1340 0a07 3D       		.byte	0x3d
 1341 0a08 15       		.byte	0x15
 1342 0a09 1F090000 		.4byte	0x91f
 1343 0a0d 00       		.byte	0
 1344 0a0e 02       		.uleb128 0x2
 1345 0a0f F4040000 		.4byte	.LASF134
 1346 0a13 10       		.byte	0x10
 1347 0a14 41       		.byte	0x41
 1348 0a15 16       		.byte	0x16
 1349 0a16 3F090000 		.4byte	0x93f
 1350 0a1a 04       		.byte	0x4
 1351 0a1b 00       		.byte	0
 1352 0a1c 01       		.uleb128 0x1
 1353 0a1d EE010000 		.4byte	.LASF135
 1354 0a21 10       		.byte	0x10
 1355 0a22 42       		.byte	0x42
 1356 0a23 03       		.byte	0x3
 1357 0a24 F8090000 		.4byte	0x9f8
 1358 0a28 10       		.uleb128 0x10
 1359 0a29 1C0A0000 		.4byte	0xa1c
 1360 0a2d 1C       		.uleb128 0x1c
 1361 0a2e 2A000000 		.4byte	.LASF140
 1362 0a32 44       		.byte	0x44
 1363 0a33 0D       		.byte	0xd
 1364 0a34 9F040000 		.4byte	0x49f
 1365 0a38 420A0000 		.4byte	0xa42
 1366 0a3c 06       		.uleb128 0x6
 1367 0a3d 7E030000 		.4byte	0x37e
 1368 0a41 00       		.byte	0
ARM GAS  /tmp/ccHiDj7f.s 			page 25


 1369 0a42 1D       		.uleb128 0x1d
 1370 0a43 4D070000 		.4byte	.LASF138
 1371 0a47 04       		.byte	0x4
 1372 0a48 E7       		.byte	0xe7
 1373 0a49 530A0000 		.4byte	0xa53
 1374 0a4d 06       		.uleb128 0x6
 1375 0a4e 50030000 		.4byte	0x350
 1376 0a52 00       		.byte	0
 1377 0a53 1E       		.uleb128 0x1e
 1378 0a54 56020000 		.4byte	.LASF136
 1379 0a58 A8       		.byte	0xa8
 1380 0a59 1E       		.uleb128 0x1e
 1381 0a5a FA040000 		.4byte	.LASF137
 1382 0a5e A7       		.byte	0xa7
 1383 0a5f 2A       		.uleb128 0x2a
 1384 0a60 D1020000 		.4byte	.LASF164
 1385 0a64 11       		.byte	0x11
 1386 0a65 43       		.byte	0x43
 1387 0a66 0D       		.byte	0xd
 1388 0a67 9F040000 		.4byte	0x49f
 1389 0a6b 1D       		.uleb128 0x1d
 1390 0a6c B8050000 		.4byte	.LASF139
 1391 0a70 11       		.byte	0x11
 1392 0a71 46       		.byte	0x46
 1393 0a72 810A0000 		.4byte	0xa81
 1394 0a76 06       		.uleb128 0x6
 1395 0a77 9F040000 		.4byte	0x49f
 1396 0a7b 06       		.uleb128 0x6
 1397 0a7c 30010000 		.4byte	0x130
 1398 0a80 00       		.byte	0
 1399 0a81 1C       		.uleb128 0x1c
 1400 0a82 BF020000 		.4byte	.LASF141
 1401 0a86 42       		.byte	0x42
 1402 0a87 09       		.byte	0x9
 1403 0a88 30010000 		.4byte	0x130
 1404 0a8c 9B0A0000 		.4byte	0xa9b
 1405 0a90 06       		.uleb128 0x6
 1406 0a91 9F040000 		.4byte	0x49f
 1407 0a95 06       		.uleb128 0x6
 1408 0a96 30010000 		.4byte	0x130
 1409 0a9a 00       		.byte	0
 1410 0a9b 0E       		.uleb128 0xe
 1411 0a9c 9B040000 		.4byte	.LASF142
 1412 0aa0 DB       		.byte	0xdb
 1413 0aa1 30010000 		.4byte	0x130
 1414 0aa5 D90A0000 		.4byte	0xad9
 1415 0aa9 0B       		.uleb128 0xb
 1416 0aaa AC020000 		.4byte	.LASF144
 1417 0aae 10       		.byte	0x10
 1418 0aaf DB       		.byte	0xdb
 1419 0ab0 2F       		.byte	0x2f
 1420 0ab1 7E030000 		.4byte	0x37e
 1421 0ab5 03       		.uleb128 0x3
 1422 0ab6 747000   		.ascii	"tp\000"
 1423 0ab9 10       		.byte	0x10
 1424 0aba DC       		.byte	0xdc
 1425 0abb 0D       		.byte	0xd
ARM GAS  /tmp/ccHiDj7f.s 			page 26


 1426 0abc 9F040000 		.4byte	0x49f
 1427 0ac0 03       		.uleb128 0x3
 1428 0ac1 636D7000 		.ascii	"cmp\000"
 1429 0ac5 10       		.byte	0x10
 1430 0ac6 DD       		.byte	0xdd
 1431 0ac7 19       		.byte	0x19
 1432 0ac8 D90A0000 		.4byte	0xad9
 1433 0acc 03       		.uleb128 0x3
 1434 0acd 72657400 		.ascii	"ret\000"
 1435 0ad1 10       		.byte	0x10
 1436 0ad2 DE       		.byte	0xde
 1437 0ad3 09       		.byte	0x9
 1438 0ad4 30010000 		.4byte	0x130
 1439 0ad8 00       		.byte	0
 1440 0ad9 04       		.uleb128 0x4
 1441 0ada 280A0000 		.4byte	0xa28
 1442 0ade 2B       		.uleb128 0x2b
 1443 0adf 56050000 		.4byte	.LASF165
 1444 0ae3 10       		.byte	0x10
 1445 0ae4 BE       		.byte	0xbe
 1446 0ae5 06       		.byte	0x6
 1447 0ae6 0E0B0000 		.4byte	0xb0e
 1448 0aea 03       		.uleb128 0x3
 1449 0aeb 747000   		.ascii	"tp\000"
 1450 0aee 10       		.byte	0x10
 1451 0aef BF       		.byte	0xbf
 1452 0af0 0D       		.byte	0xd
 1453 0af1 9F040000 		.4byte	0x49f
 1454 0af5 03       		.uleb128 0x3
 1455 0af6 636D7000 		.ascii	"cmp\000"
 1456 0afa 10       		.byte	0x10
 1457 0afb C0       		.byte	0xc0
 1458 0afc 19       		.byte	0x19
 1459 0afd D90A0000 		.4byte	0xad9
 1460 0b01 03       		.uleb128 0x3
 1461 0b02 72657400 		.ascii	"ret\000"
 1462 0b06 10       		.byte	0x10
 1463 0b07 C1       		.byte	0xc1
 1464 0b08 09       		.byte	0x9
 1465 0b09 30010000 		.4byte	0x130
 1466 0b0d 00       		.byte	0
 1467 0b0e 0E       		.uleb128 0xe
 1468 0b0f B5040000 		.4byte	.LASF143
 1469 0b13 9E       		.byte	0x9e
 1470 0b14 30010000 		.4byte	0x130
 1471 0b18 580B0000 		.4byte	0xb58
 1472 0b1c 1F       		.uleb128 0x1f
 1473 0b1d 747000   		.ascii	"tp\000"
 1474 0b20 10       		.byte	0x10
 1475 0b21 9E       		.byte	0x9e
 1476 0b22 26       		.byte	0x26
 1477 0b23 9F040000 		.4byte	0x49f
 1478 0b27 0B       		.uleb128 0xb
 1479 0b28 E7010000 		.4byte	.LASF133
 1480 0b2c 10       		.byte	0x10
 1481 0b2d 9E       		.byte	0x9e
 1482 0b2e 3C       		.byte	0x3c
ARM GAS  /tmp/ccHiDj7f.s 			page 27


 1483 0b2f 1F090000 		.4byte	0x91f
 1484 0b33 2C       		.uleb128 0x2c
 1485 0b34 2D       		.uleb128 0x2d
 1486 0b35 21080000 		.4byte	.LASF145
 1487 0b39 10       		.byte	0x10
 1488 0b3a 9F       		.byte	0x9f
 1489 0b3b 0B       		.byte	0xb
 1490 0b3c 13090000 		.4byte	0x913
 1491 0b40 03       		.uleb128 0x3
 1492 0b41 636D00   		.ascii	"cm\000"
 1493 0b44 10       		.byte	0x10
 1494 0b45 A0       		.byte	0xa0
 1495 0b46 12       		.byte	0x12
 1496 0b47 1C0A0000 		.4byte	0xa1c
 1497 0b4b 03       		.uleb128 0x3
 1498 0b4c 6D736700 		.ascii	"msg\000"
 1499 0b50 10       		.byte	0x10
 1500 0b51 A1       		.byte	0xa1
 1501 0b52 09       		.byte	0x9
 1502 0b53 30010000 		.4byte	0x130
 1503 0b57 00       		.byte	0
 1504 0b58 0E       		.uleb128 0xe
 1505 0b59 C4070000 		.4byte	.LASF146
 1506 0b5d 8A       		.byte	0x8a
 1507 0b5e 30010000 		.4byte	0x130
 1508 0b62 AB0B0000 		.4byte	0xbab
 1509 0b66 0B       		.uleb128 0xb
 1510 0b67 F4040000 		.4byte	.LASF134
 1511 0b6b 10       		.byte	0x10
 1512 0b6c 8A       		.byte	0x8a
 1513 0b6d 22       		.byte	0x22
 1514 0b6e 3F090000 		.4byte	0x93f
 1515 0b72 03       		.uleb128 0x3
 1516 0b73 666E3400 		.ascii	"fn4\000"
 1517 0b77 10       		.byte	0x10
 1518 0b78 8B       		.byte	0x8b
 1519 0b79 12       		.byte	0x12
 1520 0b7a C9090000 		.4byte	0x9c9
 1521 0b7e 03       		.uleb128 0x3
 1522 0b7f 703100   		.ascii	"p1\000"
 1523 0b82 10       		.byte	0x10
 1524 0b83 8C       		.byte	0x8c
 1525 0b84 09       		.byte	0x9
 1526 0b85 30010000 		.4byte	0x130
 1527 0b89 03       		.uleb128 0x3
 1528 0b8a 703200   		.ascii	"p2\000"
 1529 0b8d 10       		.byte	0x10
 1530 0b8e 8D       		.byte	0x8d
 1531 0b8f 09       		.byte	0x9
 1532 0b90 30010000 		.4byte	0x130
 1533 0b94 03       		.uleb128 0x3
 1534 0b95 703300   		.ascii	"p3\000"
 1535 0b98 10       		.byte	0x10
 1536 0b99 8E       		.byte	0x8e
 1537 0b9a 09       		.byte	0x9
 1538 0b9b 30010000 		.4byte	0x130
 1539 0b9f 03       		.uleb128 0x3
ARM GAS  /tmp/ccHiDj7f.s 			page 28


 1540 0ba0 703400   		.ascii	"p4\000"
 1541 0ba3 10       		.byte	0x10
 1542 0ba4 8F       		.byte	0x8f
 1543 0ba5 09       		.byte	0x9
 1544 0ba6 30010000 		.4byte	0x130
 1545 0baa 00       		.byte	0
 1546 0bab 0E       		.uleb128 0xe
 1547 0bac B2070000 		.4byte	.LASF147
 1548 0bb0 7C       		.byte	0x7c
 1549 0bb1 30010000 		.4byte	0x130
 1550 0bb5 F30B0000 		.4byte	0xbf3
 1551 0bb9 0B       		.uleb128 0xb
 1552 0bba F4040000 		.4byte	.LASF134
 1553 0bbe 10       		.byte	0x10
 1554 0bbf 7C       		.byte	0x7c
 1555 0bc0 22       		.byte	0x22
 1556 0bc1 3F090000 		.4byte	0x93f
 1557 0bc5 03       		.uleb128 0x3
 1558 0bc6 666E3300 		.ascii	"fn3\000"
 1559 0bca 10       		.byte	0x10
 1560 0bcb 7D       		.byte	0x7d
 1561 0bcc 12       		.byte	0x12
 1562 0bcd 9F090000 		.4byte	0x99f
 1563 0bd1 03       		.uleb128 0x3
 1564 0bd2 703100   		.ascii	"p1\000"
 1565 0bd5 10       		.byte	0x10
 1566 0bd6 7E       		.byte	0x7e
 1567 0bd7 09       		.byte	0x9
 1568 0bd8 30010000 		.4byte	0x130
 1569 0bdc 03       		.uleb128 0x3
 1570 0bdd 703200   		.ascii	"p2\000"
 1571 0be0 10       		.byte	0x10
 1572 0be1 7F       		.byte	0x7f
 1573 0be2 09       		.byte	0x9
 1574 0be3 30010000 		.4byte	0x130
 1575 0be7 03       		.uleb128 0x3
 1576 0be8 703300   		.ascii	"p3\000"
 1577 0beb 10       		.byte	0x10
 1578 0bec 80       		.byte	0x80
 1579 0bed 09       		.byte	0x9
 1580 0bee 30010000 		.4byte	0x130
 1581 0bf2 00       		.byte	0
 1582 0bf3 0E       		.uleb128 0xe
 1583 0bf4 A0070000 		.4byte	.LASF148
 1584 0bf8 6F       		.byte	0x6f
 1585 0bf9 30010000 		.4byte	0x130
 1586 0bfd 300C0000 		.4byte	0xc30
 1587 0c01 0B       		.uleb128 0xb
 1588 0c02 F4040000 		.4byte	.LASF134
 1589 0c06 10       		.byte	0x10
 1590 0c07 6F       		.byte	0x6f
 1591 0c08 22       		.byte	0x22
 1592 0c09 3F090000 		.4byte	0x93f
 1593 0c0d 03       		.uleb128 0x3
 1594 0c0e 666E3200 		.ascii	"fn2\000"
 1595 0c12 10       		.byte	0x10
 1596 0c13 70       		.byte	0x70
ARM GAS  /tmp/ccHiDj7f.s 			page 29


 1597 0c14 12       		.byte	0x12
 1598 0c15 7A090000 		.4byte	0x97a
 1599 0c19 03       		.uleb128 0x3
 1600 0c1a 703100   		.ascii	"p1\000"
 1601 0c1d 10       		.byte	0x10
 1602 0c1e 71       		.byte	0x71
 1603 0c1f 09       		.byte	0x9
 1604 0c20 30010000 		.4byte	0x130
 1605 0c24 03       		.uleb128 0x3
 1606 0c25 703200   		.ascii	"p2\000"
 1607 0c28 10       		.byte	0x10
 1608 0c29 72       		.byte	0x72
 1609 0c2a 09       		.byte	0x9
 1610 0c2b 30010000 		.4byte	0x130
 1611 0c2f 00       		.byte	0
 1612 0c30 0E       		.uleb128 0xe
 1613 0c31 8E070000 		.4byte	.LASF149
 1614 0c35 63       		.byte	0x63
 1615 0c36 30010000 		.4byte	0x130
 1616 0c3a 620C0000 		.4byte	0xc62
 1617 0c3e 0B       		.uleb128 0xb
 1618 0c3f F4040000 		.4byte	.LASF134
 1619 0c43 10       		.byte	0x10
 1620 0c44 63       		.byte	0x63
 1621 0c45 22       		.byte	0x22
 1622 0c46 3F090000 		.4byte	0x93f
 1623 0c4a 03       		.uleb128 0x3
 1624 0c4b 666E3100 		.ascii	"fn1\000"
 1625 0c4f 10       		.byte	0x10
 1626 0c50 64       		.byte	0x64
 1627 0c51 12       		.byte	0x12
 1628 0c52 5A090000 		.4byte	0x95a
 1629 0c56 03       		.uleb128 0x3
 1630 0c57 703100   		.ascii	"p1\000"
 1631 0c5a 10       		.byte	0x10
 1632 0c5b 65       		.byte	0x65
 1633 0c5c 09       		.byte	0x9
 1634 0c5d 30010000 		.4byte	0x130
 1635 0c61 00       		.byte	0
 1636 0c62 0E       		.uleb128 0xe
 1637 0c63 7C070000 		.4byte	.LASF150
 1638 0c67 58       		.byte	0x58
 1639 0c68 30010000 		.4byte	0x130
 1640 0c6c 890C0000 		.4byte	0xc89
 1641 0c70 0B       		.uleb128 0xb
 1642 0c71 F4040000 		.4byte	.LASF134
 1643 0c75 10       		.byte	0x10
 1644 0c76 58       		.byte	0x58
 1645 0c77 22       		.byte	0x22
 1646 0c78 3F090000 		.4byte	0x93f
 1647 0c7c 03       		.uleb128 0x3
 1648 0c7d 666E3000 		.ascii	"fn0\000"
 1649 0c81 10       		.byte	0x10
 1650 0c82 59       		.byte	0x59
 1651 0c83 12       		.byte	0x12
 1652 0c84 44090000 		.4byte	0x944
 1653 0c88 00       		.byte	0
ARM GAS  /tmp/ccHiDj7f.s 			page 30


 1654 0c89 18       		.uleb128 0x18
 1655 0c8a A3020000 		.4byte	.LASF151
 1656 0c8e BE       		.byte	0xbe
 1657 0c8f 15       		.byte	0x15
 1658 0c90 30010000 		.4byte	0x130
 1659 0c94 AD0C0000 		.4byte	0xcad
 1660 0c98 1F       		.uleb128 0x1f
 1661 0c99 747000   		.ascii	"tp\000"
 1662 0c9c 11       		.byte	0x11
 1663 0c9d BE       		.byte	0xbe
 1664 0c9e 28       		.byte	0x28
 1665 0c9f 9F040000 		.4byte	0x49f
 1666 0ca3 20       		.uleb128 0x20
 1667 0ca4 9E050000 		.4byte	.LASF154
 1668 0ca8 BD0C0000 		.4byte	0xcbd
 1669 0cac 00       		.byte	0
 1670 0cad 16       		.uleb128 0x16
 1671 0cae 61030000 		.4byte	0x361
 1672 0cb2 BD0C0000 		.4byte	0xcbd
 1673 0cb6 17       		.uleb128 0x17
 1674 0cb7 25000000 		.4byte	0x25
 1675 0cbb 08       		.byte	0x8
 1676 0cbc 00       		.byte	0
 1677 0cbd 10       		.uleb128 0x10
 1678 0cbe AD0C0000 		.4byte	0xcad
 1679 0cc2 18       		.uleb128 0x18
 1680 0cc3 F2070000 		.4byte	.LASF152
 1681 0cc7 80       		.byte	0x80
 1682 0cc8 19       		.byte	0x19
 1683 0cc9 9F040000 		.4byte	0x49f
 1684 0ccd E90C0000 		.4byte	0xce9
 1685 0cd1 0B       		.uleb128 0xb
 1686 0cd2 AC020000 		.4byte	.LASF144
 1687 0cd6 11       		.byte	0x11
 1688 0cd7 80       		.byte	0x80
 1689 0cd8 38       		.byte	0x38
 1690 0cd9 7E030000 		.4byte	0x37e
 1691 0cdd 03       		.uleb128 0x3
 1692 0cde 747000   		.ascii	"tp\000"
 1693 0ce1 11       		.byte	0x11
 1694 0ce2 81       		.byte	0x81
 1695 0ce3 0D       		.byte	0xd
 1696 0ce4 9F040000 		.4byte	0x49f
 1697 0ce8 00       		.byte	0
 1698 0ce9 18       		.uleb128 0x18
 1699 0cea 1F070000 		.4byte	.LASF153
 1700 0cee 5F       		.byte	0x5f
 1701 0cef 19       		.byte	0x19
 1702 0cf0 9F040000 		.4byte	0x49f
 1703 0cf4 040D0000 		.4byte	0xd04
 1704 0cf8 03       		.uleb128 0x3
 1705 0cf9 747000   		.ascii	"tp\000"
 1706 0cfc 11       		.byte	0x11
 1707 0cfd 60       		.byte	0x60
 1708 0cfe 0D       		.byte	0xd
 1709 0cff 9F040000 		.4byte	0x49f
 1710 0d03 00       		.byte	0
ARM GAS  /tmp/ccHiDj7f.s 			page 31


 1711 0d04 2E       		.uleb128 0x2e
 1712 0d05 10080000 		.4byte	.LASF166
 1713 0d09 12       		.byte	0x12
 1714 0d0a A501     		.2byte	0x1a5
 1715 0d0c 14       		.byte	0x14
 1716 0d0d 1B0D0000 		.4byte	0xd1b
 1717 0d11 20       		.uleb128 0x20
 1718 0d12 9E050000 		.4byte	.LASF154
 1719 0d16 2B0D0000 		.4byte	0xd2b
 1720 0d1a 00       		.byte	0
 1721 0d1b 16       		.uleb128 0x16
 1722 0d1c 61030000 		.4byte	0x361
 1723 0d20 2B0D0000 		.4byte	0xd2b
 1724 0d24 17       		.uleb128 0x17
 1725 0d25 25000000 		.4byte	0x25
 1726 0d29 0B       		.byte	0xb
 1727 0d2a 00       		.byte	0
 1728 0d2b 10       		.uleb128 0x10
 1729 0d2c 1B0D0000 		.4byte	0xd1b
 1730 0d30 19       		.uleb128 0x19
 1731 0d31 A7050000 		.4byte	.LASF155
 1732 0d35 12       		.byte	0x12
 1733 0d36 9701     		.2byte	0x197
 1734 0d38 14       		.byte	0x14
 1735 0d39 19       		.uleb128 0x19
 1736 0d3a 3C010000 		.4byte	.LASF156
 1737 0d3e 0B       		.byte	0xb
 1738 0d3f D702     		.2byte	0x2d7
 1739 0d41 1B       		.byte	0x1b
 1740 0d42 19       		.uleb128 0x19
 1741 0d43 26080000 		.4byte	.LASF157
 1742 0d47 0B       		.byte	0xb
 1743 0d48 BF02     		.2byte	0x2bf
 1744 0d4a 1B       		.byte	0x1b
 1745 0d4b 2F       		.uleb128 0x2f
 1746 0d4c 54060000 		.4byte	.LASF167
 1747 0d50 13       		.byte	0x13
 1748 0d51 EB01     		.2byte	0x1eb
 1749 0d53 1B       		.byte	0x1b
 1750 0d54 30       		.uleb128 0x30
 1751 0d55 2D010000 		.4byte	.LASF158
 1752 0d59 13       		.byte	0x13
 1753 0d5a EB01     		.2byte	0x1eb
 1754 0d5c 32       		.byte	0x32
 1755 0d5d CB000000 		.4byte	0xcb
 1756 0d61 00       		.byte	0
 1757 0d62 00       		.byte	0
 1758              		.section	.gnu.debuglto_.debug_abbrev,"e",%progbits
 1759              	.Ldebug_abbrev0:
 1760 0000 01       		.uleb128 0x1
 1761 0001 16       		.uleb128 0x16
 1762 0002 00       		.byte	0
 1763 0003 03       		.uleb128 0x3
 1764 0004 0E       		.uleb128 0xe
 1765 0005 3A       		.uleb128 0x3a
 1766 0006 0B       		.uleb128 0xb
 1767 0007 3B       		.uleb128 0x3b
ARM GAS  /tmp/ccHiDj7f.s 			page 32


 1768 0008 0B       		.uleb128 0xb
 1769 0009 39       		.uleb128 0x39
 1770 000a 0B       		.uleb128 0xb
 1771 000b 49       		.uleb128 0x49
 1772 000c 13       		.uleb128 0x13
 1773 000d 00       		.byte	0
 1774 000e 00       		.byte	0
 1775 000f 02       		.uleb128 0x2
 1776 0010 0D       		.uleb128 0xd
 1777 0011 00       		.byte	0
 1778 0012 03       		.uleb128 0x3
 1779 0013 0E       		.uleb128 0xe
 1780 0014 3A       		.uleb128 0x3a
 1781 0015 0B       		.uleb128 0xb
 1782 0016 3B       		.uleb128 0x3b
 1783 0017 0B       		.uleb128 0xb
 1784 0018 39       		.uleb128 0x39
 1785 0019 0B       		.uleb128 0xb
 1786 001a 49       		.uleb128 0x49
 1787 001b 13       		.uleb128 0x13
 1788 001c 38       		.uleb128 0x38
 1789 001d 0B       		.uleb128 0xb
 1790 001e 00       		.byte	0
 1791 001f 00       		.byte	0
 1792 0020 03       		.uleb128 0x3
 1793 0021 34       		.uleb128 0x34
 1794 0022 00       		.byte	0
 1795 0023 03       		.uleb128 0x3
 1796 0024 08       		.uleb128 0x8
 1797 0025 3A       		.uleb128 0x3a
 1798 0026 0B       		.uleb128 0xb
 1799 0027 3B       		.uleb128 0x3b
 1800 0028 0B       		.uleb128 0xb
 1801 0029 39       		.uleb128 0x39
 1802 002a 0B       		.uleb128 0xb
 1803 002b 49       		.uleb128 0x49
 1804 002c 13       		.uleb128 0x13
 1805 002d 00       		.byte	0
 1806 002e 00       		.byte	0
 1807 002f 04       		.uleb128 0x4
 1808 0030 0F       		.uleb128 0xf
 1809 0031 00       		.byte	0
 1810 0032 0B       		.uleb128 0xb
 1811 0033 21       		.uleb128 0x21
 1812 0034 04       		.sleb128 4
 1813 0035 49       		.uleb128 0x49
 1814 0036 13       		.uleb128 0x13
 1815 0037 00       		.byte	0
 1816 0038 00       		.byte	0
 1817 0039 05       		.uleb128 0x5
 1818 003a 0D       		.uleb128 0xd
 1819 003b 00       		.byte	0
 1820 003c 03       		.uleb128 0x3
 1821 003d 0E       		.uleb128 0xe
 1822 003e 3A       		.uleb128 0x3a
 1823 003f 21       		.uleb128 0x21
 1824 0040 05       		.sleb128 5
ARM GAS  /tmp/ccHiDj7f.s 			page 33


 1825 0041 3B       		.uleb128 0x3b
 1826 0042 05       		.uleb128 0x5
 1827 0043 39       		.uleb128 0x39
 1828 0044 0B       		.uleb128 0xb
 1829 0045 49       		.uleb128 0x49
 1830 0046 13       		.uleb128 0x13
 1831 0047 38       		.uleb128 0x38
 1832 0048 0B       		.uleb128 0xb
 1833 0049 00       		.byte	0
 1834 004a 00       		.byte	0
 1835 004b 06       		.uleb128 0x6
 1836 004c 05       		.uleb128 0x5
 1837 004d 00       		.byte	0
 1838 004e 49       		.uleb128 0x49
 1839 004f 13       		.uleb128 0x13
 1840 0050 00       		.byte	0
 1841 0051 00       		.byte	0
 1842 0052 07       		.uleb128 0x7
 1843 0053 24       		.uleb128 0x24
 1844 0054 00       		.byte	0
 1845 0055 0B       		.uleb128 0xb
 1846 0056 0B       		.uleb128 0xb
 1847 0057 3E       		.uleb128 0x3e
 1848 0058 0B       		.uleb128 0xb
 1849 0059 03       		.uleb128 0x3
 1850 005a 0E       		.uleb128 0xe
 1851 005b 00       		.byte	0
 1852 005c 00       		.byte	0
 1853 005d 08       		.uleb128 0x8
 1854 005e 0D       		.uleb128 0xd
 1855 005f 00       		.byte	0
 1856 0060 03       		.uleb128 0x3
 1857 0061 08       		.uleb128 0x8
 1858 0062 3A       		.uleb128 0x3a
 1859 0063 0B       		.uleb128 0xb
 1860 0064 3B       		.uleb128 0x3b
 1861 0065 05       		.uleb128 0x5
 1862 0066 39       		.uleb128 0x39
 1863 0067 0B       		.uleb128 0xb
 1864 0068 49       		.uleb128 0x49
 1865 0069 13       		.uleb128 0x13
 1866 006a 38       		.uleb128 0x38
 1867 006b 0B       		.uleb128 0xb
 1868 006c 00       		.byte	0
 1869 006d 00       		.byte	0
 1870 006e 09       		.uleb128 0x9
 1871 006f 13       		.uleb128 0x13
 1872 0070 01       		.byte	0x1
 1873 0071 03       		.uleb128 0x3
 1874 0072 0E       		.uleb128 0xe
 1875 0073 0B       		.uleb128 0xb
 1876 0074 0B       		.uleb128 0xb
 1877 0075 3A       		.uleb128 0x3a
 1878 0076 0B       		.uleb128 0xb
 1879 0077 3B       		.uleb128 0x3b
 1880 0078 0B       		.uleb128 0xb
 1881 0079 39       		.uleb128 0x39
ARM GAS  /tmp/ccHiDj7f.s 			page 34


 1882 007a 0B       		.uleb128 0xb
 1883 007b 01       		.uleb128 0x1
 1884 007c 13       		.uleb128 0x13
 1885 007d 00       		.byte	0
 1886 007e 00       		.byte	0
 1887 007f 0A       		.uleb128 0xa
 1888 0080 0D       		.uleb128 0xd
 1889 0081 00       		.byte	0
 1890 0082 03       		.uleb128 0x3
 1891 0083 08       		.uleb128 0x8
 1892 0084 3A       		.uleb128 0x3a
 1893 0085 0B       		.uleb128 0xb
 1894 0086 3B       		.uleb128 0x3b
 1895 0087 0B       		.uleb128 0xb
 1896 0088 39       		.uleb128 0x39
 1897 0089 0B       		.uleb128 0xb
 1898 008a 49       		.uleb128 0x49
 1899 008b 13       		.uleb128 0x13
 1900 008c 38       		.uleb128 0x38
 1901 008d 0B       		.uleb128 0xb
 1902 008e 00       		.byte	0
 1903 008f 00       		.byte	0
 1904 0090 0B       		.uleb128 0xb
 1905 0091 05       		.uleb128 0x5
 1906 0092 00       		.byte	0
 1907 0093 03       		.uleb128 0x3
 1908 0094 0E       		.uleb128 0xe
 1909 0095 3A       		.uleb128 0x3a
 1910 0096 0B       		.uleb128 0xb
 1911 0097 3B       		.uleb128 0x3b
 1912 0098 0B       		.uleb128 0xb
 1913 0099 39       		.uleb128 0x39
 1914 009a 0B       		.uleb128 0xb
 1915 009b 49       		.uleb128 0x49
 1916 009c 13       		.uleb128 0x13
 1917 009d 00       		.byte	0
 1918 009e 00       		.byte	0
 1919 009f 0C       		.uleb128 0xc
 1920 00a0 13       		.uleb128 0x13
 1921 00a1 01       		.byte	0x1
 1922 00a2 0B       		.uleb128 0xb
 1923 00a3 0B       		.uleb128 0xb
 1924 00a4 3A       		.uleb128 0x3a
 1925 00a5 0B       		.uleb128 0xb
 1926 00a6 3B       		.uleb128 0x3b
 1927 00a7 0B       		.uleb128 0xb
 1928 00a8 39       		.uleb128 0x39
 1929 00a9 0B       		.uleb128 0xb
 1930 00aa 01       		.uleb128 0x1
 1931 00ab 13       		.uleb128 0x13
 1932 00ac 00       		.byte	0
 1933 00ad 00       		.byte	0
 1934 00ae 0D       		.uleb128 0xd
 1935 00af 0D       		.uleb128 0xd
 1936 00b0 00       		.byte	0
 1937 00b1 03       		.uleb128 0x3
 1938 00b2 0E       		.uleb128 0xe
ARM GAS  /tmp/ccHiDj7f.s 			page 35


 1939 00b3 3A       		.uleb128 0x3a
 1940 00b4 0B       		.uleb128 0xb
 1941 00b5 3B       		.uleb128 0x3b
 1942 00b6 0B       		.uleb128 0xb
 1943 00b7 39       		.uleb128 0x39
 1944 00b8 0B       		.uleb128 0xb
 1945 00b9 49       		.uleb128 0x49
 1946 00ba 13       		.uleb128 0x13
 1947 00bb 00       		.byte	0
 1948 00bc 00       		.byte	0
 1949 00bd 0E       		.uleb128 0xe
 1950 00be 2E       		.uleb128 0x2e
 1951 00bf 01       		.byte	0x1
 1952 00c0 3F       		.uleb128 0x3f
 1953 00c1 19       		.uleb128 0x19
 1954 00c2 03       		.uleb128 0x3
 1955 00c3 0E       		.uleb128 0xe
 1956 00c4 3A       		.uleb128 0x3a
 1957 00c5 21       		.uleb128 0x21
 1958 00c6 10       		.sleb128 16
 1959 00c7 3B       		.uleb128 0x3b
 1960 00c8 0B       		.uleb128 0xb
 1961 00c9 39       		.uleb128 0x39
 1962 00ca 21       		.uleb128 0x21
 1963 00cb 07       		.sleb128 7
 1964 00cc 27       		.uleb128 0x27
 1965 00cd 19       		.uleb128 0x19
 1966 00ce 49       		.uleb128 0x49
 1967 00cf 13       		.uleb128 0x13
 1968 00d0 01       		.uleb128 0x1
 1969 00d1 13       		.uleb128 0x13
 1970 00d2 00       		.byte	0
 1971 00d3 00       		.byte	0
 1972 00d4 0F       		.uleb128 0xf
 1973 00d5 0D       		.uleb128 0xd
 1974 00d6 00       		.byte	0
 1975 00d7 03       		.uleb128 0x3
 1976 00d8 0E       		.uleb128 0xe
 1977 00d9 3A       		.uleb128 0x3a
 1978 00da 21       		.uleb128 0x21
 1979 00db 05       		.sleb128 5
 1980 00dc 3B       		.uleb128 0x3b
 1981 00dd 05       		.uleb128 0x5
 1982 00de 39       		.uleb128 0x39
 1983 00df 0B       		.uleb128 0xb
 1984 00e0 49       		.uleb128 0x49
 1985 00e1 13       		.uleb128 0x13
 1986 00e2 00       		.byte	0
 1987 00e3 00       		.byte	0
 1988 00e4 10       		.uleb128 0x10
 1989 00e5 26       		.uleb128 0x26
 1990 00e6 00       		.byte	0
 1991 00e7 49       		.uleb128 0x49
 1992 00e8 13       		.uleb128 0x13
 1993 00e9 00       		.byte	0
 1994 00ea 00       		.byte	0
 1995 00eb 11       		.uleb128 0x11
ARM GAS  /tmp/ccHiDj7f.s 			page 36


 1996 00ec 15       		.uleb128 0x15
 1997 00ed 01       		.byte	0x1
 1998 00ee 27       		.uleb128 0x27
 1999 00ef 19       		.uleb128 0x19
 2000 00f0 49       		.uleb128 0x49
 2001 00f1 13       		.uleb128 0x13
 2002 00f2 01       		.uleb128 0x1
 2003 00f3 13       		.uleb128 0x13
 2004 00f4 00       		.byte	0
 2005 00f5 00       		.byte	0
 2006 00f6 12       		.uleb128 0x12
 2007 00f7 13       		.uleb128 0x13
 2008 00f8 01       		.byte	0x1
 2009 00f9 03       		.uleb128 0x3
 2010 00fa 0E       		.uleb128 0xe
 2011 00fb 0B       		.uleb128 0xb
 2012 00fc 0B       		.uleb128 0xb
 2013 00fd 3A       		.uleb128 0x3a
 2014 00fe 0B       		.uleb128 0xb
 2015 00ff 3B       		.uleb128 0x3b
 2016 0100 05       		.uleb128 0x5
 2017 0101 39       		.uleb128 0x39
 2018 0102 0B       		.uleb128 0xb
 2019 0103 01       		.uleb128 0x1
 2020 0104 13       		.uleb128 0x13
 2021 0105 00       		.byte	0
 2022 0106 00       		.byte	0
 2023 0107 13       		.uleb128 0x13
 2024 0108 17       		.uleb128 0x17
 2025 0109 01       		.byte	0x1
 2026 010a 0B       		.uleb128 0xb
 2027 010b 0B       		.uleb128 0xb
 2028 010c 3A       		.uleb128 0x3a
 2029 010d 0B       		.uleb128 0xb
 2030 010e 3B       		.uleb128 0x3b
 2031 010f 0B       		.uleb128 0xb
 2032 0110 39       		.uleb128 0x39
 2033 0111 21       		.uleb128 0x21
 2034 0112 03       		.sleb128 3
 2035 0113 01       		.uleb128 0x1
 2036 0114 13       		.uleb128 0x13
 2037 0115 00       		.byte	0
 2038 0116 00       		.byte	0
 2039 0117 14       		.uleb128 0x14
 2040 0118 0D       		.uleb128 0xd
 2041 0119 00       		.byte	0
 2042 011a 03       		.uleb128 0x3
 2043 011b 08       		.uleb128 0x8
 2044 011c 3A       		.uleb128 0x3a
 2045 011d 21       		.uleb128 0x21
 2046 011e 0A       		.sleb128 10
 2047 011f 3B       		.uleb128 0x3b
 2048 0120 0B       		.uleb128 0xb
 2049 0121 39       		.uleb128 0x39
 2050 0122 21       		.uleb128 0x21
 2051 0123 07       		.sleb128 7
 2052 0124 49       		.uleb128 0x49
ARM GAS  /tmp/ccHiDj7f.s 			page 37


 2053 0125 13       		.uleb128 0x13
 2054 0126 00       		.byte	0
 2055 0127 00       		.byte	0
 2056 0128 15       		.uleb128 0x15
 2057 0129 0D       		.uleb128 0xd
 2058 012a 00       		.byte	0
 2059 012b 03       		.uleb128 0x3
 2060 012c 0E       		.uleb128 0xe
 2061 012d 3A       		.uleb128 0x3a
 2062 012e 21       		.uleb128 0x21
 2063 012f 0A       		.sleb128 10
 2064 0130 3B       		.uleb128 0x3b
 2065 0131 0B       		.uleb128 0xb
 2066 0132 39       		.uleb128 0x39
 2067 0133 21       		.uleb128 0x21
 2068 0134 19       		.sleb128 25
 2069 0135 49       		.uleb128 0x49
 2070 0136 13       		.uleb128 0x13
 2071 0137 0D       		.uleb128 0xd
 2072 0138 0B       		.uleb128 0xb
 2073 0139 6B       		.uleb128 0x6b
 2074 013a 0B       		.uleb128 0xb
 2075 013b 00       		.byte	0
 2076 013c 00       		.byte	0
 2077 013d 16       		.uleb128 0x16
 2078 013e 01       		.uleb128 0x1
 2079 013f 01       		.byte	0x1
 2080 0140 49       		.uleb128 0x49
 2081 0141 13       		.uleb128 0x13
 2082 0142 01       		.uleb128 0x1
 2083 0143 13       		.uleb128 0x13
 2084 0144 00       		.byte	0
 2085 0145 00       		.byte	0
 2086 0146 17       		.uleb128 0x17
 2087 0147 21       		.uleb128 0x21
 2088 0148 00       		.byte	0
 2089 0149 49       		.uleb128 0x49
 2090 014a 13       		.uleb128 0x13
 2091 014b 2F       		.uleb128 0x2f
 2092 014c 0B       		.uleb128 0xb
 2093 014d 00       		.byte	0
 2094 014e 00       		.byte	0
 2095 014f 18       		.uleb128 0x18
 2096 0150 2E       		.uleb128 0x2e
 2097 0151 01       		.byte	0x1
 2098 0152 03       		.uleb128 0x3
 2099 0153 0E       		.uleb128 0xe
 2100 0154 3A       		.uleb128 0x3a
 2101 0155 21       		.uleb128 0x21
 2102 0156 11       		.sleb128 17
 2103 0157 3B       		.uleb128 0x3b
 2104 0158 0B       		.uleb128 0xb
 2105 0159 39       		.uleb128 0x39
 2106 015a 0B       		.uleb128 0xb
 2107 015b 27       		.uleb128 0x27
 2108 015c 19       		.uleb128 0x19
 2109 015d 49       		.uleb128 0x49
ARM GAS  /tmp/ccHiDj7f.s 			page 38


 2110 015e 13       		.uleb128 0x13
 2111 015f 01       		.uleb128 0x1
 2112 0160 13       		.uleb128 0x13
 2113 0161 00       		.byte	0
 2114 0162 00       		.byte	0
 2115 0163 19       		.uleb128 0x19
 2116 0164 2E       		.uleb128 0x2e
 2117 0165 00       		.byte	0
 2118 0166 03       		.uleb128 0x3
 2119 0167 0E       		.uleb128 0xe
 2120 0168 3A       		.uleb128 0x3a
 2121 0169 0B       		.uleb128 0xb
 2122 016a 3B       		.uleb128 0x3b
 2123 016b 05       		.uleb128 0x5
 2124 016c 39       		.uleb128 0x39
 2125 016d 0B       		.uleb128 0xb
 2126 016e 27       		.uleb128 0x27
 2127 016f 19       		.uleb128 0x19
 2128 0170 00       		.byte	0
 2129 0171 00       		.byte	0
 2130 0172 1A       		.uleb128 0x1a
 2131 0173 35       		.uleb128 0x35
 2132 0174 00       		.byte	0
 2133 0175 49       		.uleb128 0x49
 2134 0176 13       		.uleb128 0x13
 2135 0177 00       		.byte	0
 2136 0178 00       		.byte	0
 2137 0179 1B       		.uleb128 0x1b
 2138 017a 16       		.uleb128 0x16
 2139 017b 00       		.byte	0
 2140 017c 03       		.uleb128 0x3
 2141 017d 0E       		.uleb128 0xe
 2142 017e 3A       		.uleb128 0x3a
 2143 017f 21       		.uleb128 0x21
 2144 0180 05       		.sleb128 5
 2145 0181 3B       		.uleb128 0x3b
 2146 0182 05       		.uleb128 0x5
 2147 0183 39       		.uleb128 0x39
 2148 0184 21       		.uleb128 0x21
 2149 0185 03       		.sleb128 3
 2150 0186 49       		.uleb128 0x49
 2151 0187 13       		.uleb128 0x13
 2152 0188 00       		.byte	0
 2153 0189 00       		.byte	0
 2154 018a 1C       		.uleb128 0x1c
 2155 018b 2E       		.uleb128 0x2e
 2156 018c 01       		.byte	0x1
 2157 018d 3F       		.uleb128 0x3f
 2158 018e 19       		.uleb128 0x19
 2159 018f 03       		.uleb128 0x3
 2160 0190 0E       		.uleb128 0xe
 2161 0191 3A       		.uleb128 0x3a
 2162 0192 21       		.uleb128 0x21
 2163 0193 11       		.sleb128 17
 2164 0194 3B       		.uleb128 0x3b
 2165 0195 0B       		.uleb128 0xb
 2166 0196 39       		.uleb128 0x39
ARM GAS  /tmp/ccHiDj7f.s 			page 39


 2167 0197 0B       		.uleb128 0xb
 2168 0198 27       		.uleb128 0x27
 2169 0199 19       		.uleb128 0x19
 2170 019a 49       		.uleb128 0x49
 2171 019b 13       		.uleb128 0x13
 2172 019c 3C       		.uleb128 0x3c
 2173 019d 19       		.uleb128 0x19
 2174 019e 01       		.uleb128 0x1
 2175 019f 13       		.uleb128 0x13
 2176 01a0 00       		.byte	0
 2177 01a1 00       		.byte	0
 2178 01a2 1D       		.uleb128 0x1d
 2179 01a3 2E       		.uleb128 0x2e
 2180 01a4 01       		.byte	0x1
 2181 01a5 3F       		.uleb128 0x3f
 2182 01a6 19       		.uleb128 0x19
 2183 01a7 03       		.uleb128 0x3
 2184 01a8 0E       		.uleb128 0xe
 2185 01a9 3A       		.uleb128 0x3a
 2186 01aa 0B       		.uleb128 0xb
 2187 01ab 3B       		.uleb128 0x3b
 2188 01ac 0B       		.uleb128 0xb
 2189 01ad 39       		.uleb128 0x39
 2190 01ae 21       		.uleb128 0x21
 2191 01af 08       		.sleb128 8
 2192 01b0 27       		.uleb128 0x27
 2193 01b1 19       		.uleb128 0x19
 2194 01b2 3C       		.uleb128 0x3c
 2195 01b3 19       		.uleb128 0x19
 2196 01b4 01       		.uleb128 0x1
 2197 01b5 13       		.uleb128 0x13
 2198 01b6 00       		.byte	0
 2199 01b7 00       		.byte	0
 2200 01b8 1E       		.uleb128 0x1e
 2201 01b9 2E       		.uleb128 0x2e
 2202 01ba 00       		.byte	0
 2203 01bb 3F       		.uleb128 0x3f
 2204 01bc 19       		.uleb128 0x19
 2205 01bd 03       		.uleb128 0x3
 2206 01be 0E       		.uleb128 0xe
 2207 01bf 3A       		.uleb128 0x3a
 2208 01c0 21       		.uleb128 0x21
 2209 01c1 07       		.sleb128 7
 2210 01c2 3B       		.uleb128 0x3b
 2211 01c3 0B       		.uleb128 0xb
 2212 01c4 39       		.uleb128 0x39
 2213 01c5 21       		.uleb128 0x21
 2214 01c6 08       		.sleb128 8
 2215 01c7 27       		.uleb128 0x27
 2216 01c8 19       		.uleb128 0x19
 2217 01c9 3C       		.uleb128 0x3c
 2218 01ca 19       		.uleb128 0x19
 2219 01cb 00       		.byte	0
 2220 01cc 00       		.byte	0
 2221 01cd 1F       		.uleb128 0x1f
 2222 01ce 05       		.uleb128 0x5
 2223 01cf 00       		.byte	0
ARM GAS  /tmp/ccHiDj7f.s 			page 40


 2224 01d0 03       		.uleb128 0x3
 2225 01d1 08       		.uleb128 0x8
 2226 01d2 3A       		.uleb128 0x3a
 2227 01d3 0B       		.uleb128 0xb
 2228 01d4 3B       		.uleb128 0x3b
 2229 01d5 0B       		.uleb128 0xb
 2230 01d6 39       		.uleb128 0x39
 2231 01d7 0B       		.uleb128 0xb
 2232 01d8 49       		.uleb128 0x49
 2233 01d9 13       		.uleb128 0x13
 2234 01da 00       		.byte	0
 2235 01db 00       		.byte	0
 2236 01dc 20       		.uleb128 0x20
 2237 01dd 34       		.uleb128 0x34
 2238 01de 00       		.byte	0
 2239 01df 03       		.uleb128 0x3
 2240 01e0 0E       		.uleb128 0xe
 2241 01e1 49       		.uleb128 0x49
 2242 01e2 13       		.uleb128 0x13
 2243 01e3 34       		.uleb128 0x34
 2244 01e4 19       		.uleb128 0x19
 2245 01e5 00       		.byte	0
 2246 01e6 00       		.byte	0
 2247 01e7 21       		.uleb128 0x21
 2248 01e8 11       		.uleb128 0x11
 2249 01e9 01       		.byte	0x1
 2250 01ea 25       		.uleb128 0x25
 2251 01eb 0E       		.uleb128 0xe
 2252 01ec 13       		.uleb128 0x13
 2253 01ed 0B       		.uleb128 0xb
 2254 01ee 03       		.uleb128 0x3
 2255 01ef 0E       		.uleb128 0xe
 2256 01f0 1B       		.uleb128 0x1b
 2257 01f1 0E       		.uleb128 0xe
 2258 01f2 10       		.uleb128 0x10
 2259 01f3 17       		.uleb128 0x17
 2260 01f4 00       		.byte	0
 2261 01f5 00       		.byte	0
 2262 01f6 22       		.uleb128 0x22
 2263 01f7 24       		.uleb128 0x24
 2264 01f8 00       		.byte	0
 2265 01f9 0B       		.uleb128 0xb
 2266 01fa 0B       		.uleb128 0xb
 2267 01fb 3E       		.uleb128 0x3e
 2268 01fc 0B       		.uleb128 0xb
 2269 01fd 03       		.uleb128 0x3
 2270 01fe 08       		.uleb128 0x8
 2271 01ff 00       		.byte	0
 2272 0200 00       		.byte	0
 2273 0201 23       		.uleb128 0x23
 2274 0202 13       		.uleb128 0x13
 2275 0203 01       		.byte	0x1
 2276 0204 03       		.uleb128 0x3
 2277 0205 0E       		.uleb128 0xe
 2278 0206 0B       		.uleb128 0xb
 2279 0207 05       		.uleb128 0x5
 2280 0208 3A       		.uleb128 0x3a
ARM GAS  /tmp/ccHiDj7f.s 			page 41


 2281 0209 0B       		.uleb128 0xb
 2282 020a 3B       		.uleb128 0x3b
 2283 020b 05       		.uleb128 0x5
 2284 020c 39       		.uleb128 0x39
 2285 020d 0B       		.uleb128 0xb
 2286 020e 01       		.uleb128 0x1
 2287 020f 13       		.uleb128 0x13
 2288 0210 00       		.byte	0
 2289 0211 00       		.byte	0
 2290 0212 24       		.uleb128 0x24
 2291 0213 0F       		.uleb128 0xf
 2292 0214 00       		.byte	0
 2293 0215 0B       		.uleb128 0xb
 2294 0216 0B       		.uleb128 0xb
 2295 0217 00       		.byte	0
 2296 0218 00       		.byte	0
 2297 0219 25       		.uleb128 0x25
 2298 021a 13       		.uleb128 0x13
 2299 021b 01       		.byte	0x1
 2300 021c 0B       		.uleb128 0xb
 2301 021d 05       		.uleb128 0x5
 2302 021e 3A       		.uleb128 0x3a
 2303 021f 0B       		.uleb128 0xb
 2304 0220 3B       		.uleb128 0x3b
 2305 0221 0B       		.uleb128 0xb
 2306 0222 39       		.uleb128 0x39
 2307 0223 0B       		.uleb128 0xb
 2308 0224 01       		.uleb128 0x1
 2309 0225 13       		.uleb128 0x13
 2310 0226 00       		.byte	0
 2311 0227 00       		.byte	0
 2312 0228 26       		.uleb128 0x26
 2313 0229 34       		.uleb128 0x34
 2314 022a 00       		.byte	0
 2315 022b 03       		.uleb128 0x3
 2316 022c 08       		.uleb128 0x8
 2317 022d 3A       		.uleb128 0x3a
 2318 022e 0B       		.uleb128 0xb
 2319 022f 3B       		.uleb128 0x3b
 2320 0230 05       		.uleb128 0x5
 2321 0231 39       		.uleb128 0x39
 2322 0232 0B       		.uleb128 0xb
 2323 0233 49       		.uleb128 0x49
 2324 0234 13       		.uleb128 0x13
 2325 0235 3F       		.uleb128 0x3f
 2326 0236 19       		.uleb128 0x19
 2327 0237 3C       		.uleb128 0x3c
 2328 0238 19       		.uleb128 0x19
 2329 0239 00       		.byte	0
 2330 023a 00       		.byte	0
 2331 023b 27       		.uleb128 0x27
 2332 023c 13       		.uleb128 0x13
 2333 023d 01       		.byte	0x1
 2334 023e 03       		.uleb128 0x3
 2335 023f 0E       		.uleb128 0xe
 2336 0240 0B       		.uleb128 0xb
 2337 0241 0B       		.uleb128 0xb
ARM GAS  /tmp/ccHiDj7f.s 			page 42


 2338 0242 3A       		.uleb128 0x3a
 2339 0243 0B       		.uleb128 0xb
 2340 0244 3B       		.uleb128 0x3b
 2341 0245 0B       		.uleb128 0xb
 2342 0246 01       		.uleb128 0x1
 2343 0247 13       		.uleb128 0x13
 2344 0248 00       		.byte	0
 2345 0249 00       		.byte	0
 2346 024a 28       		.uleb128 0x28
 2347 024b 0D       		.uleb128 0xd
 2348 024c 00       		.byte	0
 2349 024d 03       		.uleb128 0x3
 2350 024e 0E       		.uleb128 0xe
 2351 024f 49       		.uleb128 0x49
 2352 0250 13       		.uleb128 0x13
 2353 0251 38       		.uleb128 0x38
 2354 0252 0B       		.uleb128 0xb
 2355 0253 34       		.uleb128 0x34
 2356 0254 19       		.uleb128 0x19
 2357 0255 00       		.byte	0
 2358 0256 00       		.byte	0
 2359 0257 29       		.uleb128 0x29
 2360 0258 15       		.uleb128 0x15
 2361 0259 00       		.byte	0
 2362 025a 27       		.uleb128 0x27
 2363 025b 19       		.uleb128 0x19
 2364 025c 49       		.uleb128 0x49
 2365 025d 13       		.uleb128 0x13
 2366 025e 00       		.byte	0
 2367 025f 00       		.byte	0
 2368 0260 2A       		.uleb128 0x2a
 2369 0261 2E       		.uleb128 0x2e
 2370 0262 00       		.byte	0
 2371 0263 3F       		.uleb128 0x3f
 2372 0264 19       		.uleb128 0x19
 2373 0265 03       		.uleb128 0x3
 2374 0266 0E       		.uleb128 0xe
 2375 0267 3A       		.uleb128 0x3a
 2376 0268 0B       		.uleb128 0xb
 2377 0269 3B       		.uleb128 0x3b
 2378 026a 0B       		.uleb128 0xb
 2379 026b 39       		.uleb128 0x39
 2380 026c 0B       		.uleb128 0xb
 2381 026d 27       		.uleb128 0x27
 2382 026e 19       		.uleb128 0x19
 2383 026f 49       		.uleb128 0x49
 2384 0270 13       		.uleb128 0x13
 2385 0271 3C       		.uleb128 0x3c
 2386 0272 19       		.uleb128 0x19
 2387 0273 00       		.byte	0
 2388 0274 00       		.byte	0
 2389 0275 2B       		.uleb128 0x2b
 2390 0276 2E       		.uleb128 0x2e
 2391 0277 01       		.byte	0x1
 2392 0278 3F       		.uleb128 0x3f
 2393 0279 19       		.uleb128 0x19
 2394 027a 03       		.uleb128 0x3
ARM GAS  /tmp/ccHiDj7f.s 			page 43


 2395 027b 0E       		.uleb128 0xe
 2396 027c 3A       		.uleb128 0x3a
 2397 027d 0B       		.uleb128 0xb
 2398 027e 3B       		.uleb128 0x3b
 2399 027f 0B       		.uleb128 0xb
 2400 0280 39       		.uleb128 0x39
 2401 0281 0B       		.uleb128 0xb
 2402 0282 27       		.uleb128 0x27
 2403 0283 19       		.uleb128 0x19
 2404 0284 01       		.uleb128 0x1
 2405 0285 13       		.uleb128 0x13
 2406 0286 00       		.byte	0
 2407 0287 00       		.byte	0
 2408 0288 2C       		.uleb128 0x2c
 2409 0289 18       		.uleb128 0x18
 2410 028a 00       		.byte	0
 2411 028b 00       		.byte	0
 2412 028c 00       		.byte	0
 2413 028d 2D       		.uleb128 0x2d
 2414 028e 34       		.uleb128 0x34
 2415 028f 00       		.byte	0
 2416 0290 03       		.uleb128 0x3
 2417 0291 0E       		.uleb128 0xe
 2418 0292 3A       		.uleb128 0x3a
 2419 0293 0B       		.uleb128 0xb
 2420 0294 3B       		.uleb128 0x3b
 2421 0295 0B       		.uleb128 0xb
 2422 0296 39       		.uleb128 0x39
 2423 0297 0B       		.uleb128 0xb
 2424 0298 49       		.uleb128 0x49
 2425 0299 13       		.uleb128 0x13
 2426 029a 00       		.byte	0
 2427 029b 00       		.byte	0
 2428 029c 2E       		.uleb128 0x2e
 2429 029d 2E       		.uleb128 0x2e
 2430 029e 01       		.byte	0x1
 2431 029f 03       		.uleb128 0x3
 2432 02a0 0E       		.uleb128 0xe
 2433 02a1 3A       		.uleb128 0x3a
 2434 02a2 0B       		.uleb128 0xb
 2435 02a3 3B       		.uleb128 0x3b
 2436 02a4 05       		.uleb128 0x5
 2437 02a5 39       		.uleb128 0x39
 2438 02a6 0B       		.uleb128 0xb
 2439 02a7 27       		.uleb128 0x27
 2440 02a8 19       		.uleb128 0x19
 2441 02a9 01       		.uleb128 0x1
 2442 02aa 13       		.uleb128 0x13
 2443 02ab 00       		.byte	0
 2444 02ac 00       		.byte	0
 2445 02ad 2F       		.uleb128 0x2f
 2446 02ae 2E       		.uleb128 0x2e
 2447 02af 01       		.byte	0x1
 2448 02b0 03       		.uleb128 0x3
 2449 02b1 0E       		.uleb128 0xe
 2450 02b2 3A       		.uleb128 0x3a
 2451 02b3 0B       		.uleb128 0xb
ARM GAS  /tmp/ccHiDj7f.s 			page 44


 2452 02b4 3B       		.uleb128 0x3b
 2453 02b5 05       		.uleb128 0x5
 2454 02b6 39       		.uleb128 0x39
 2455 02b7 0B       		.uleb128 0xb
 2456 02b8 27       		.uleb128 0x27
 2457 02b9 19       		.uleb128 0x19
 2458 02ba 00       		.byte	0
 2459 02bb 00       		.byte	0
 2460 02bc 30       		.uleb128 0x30
 2461 02bd 05       		.uleb128 0x5
 2462 02be 00       		.byte	0
 2463 02bf 03       		.uleb128 0x3
 2464 02c0 0E       		.uleb128 0xe
 2465 02c1 3A       		.uleb128 0x3a
 2466 02c2 0B       		.uleb128 0xb
 2467 02c3 3B       		.uleb128 0x3b
 2468 02c4 05       		.uleb128 0x5
 2469 02c5 39       		.uleb128 0x39
 2470 02c6 0B       		.uleb128 0xb
 2471 02c7 49       		.uleb128 0x49
 2472 02c8 13       		.uleb128 0x13
 2473 02c9 00       		.byte	0
 2474 02ca 00       		.byte	0
 2475 02cb 00       		.byte	0
 2476              		.section	.gnu.debuglto_.debug_line,"e",%progbits
 2477              	.Ldebug_line0:
 2478 0000 B5000000 		.4byte	.LELT0-.LSLT0
 2479              	.LSLT0:
 2480 0004 0500     		.2byte	0x5
 2481 0006 04       		.byte	0x4
 2482 0007 00       		.byte	0
 2483 0008 AD000000 		.4byte	.LELTP0-.LASLTP0
 2484              	.LASLTP0:
 2485 000c 01       		.byte	0x1
 2486 000d 01       		.byte	0x1
 2487 000e 01       		.byte	0x1
 2488 000f F6       		.byte	0xf6
 2489 0010 F2       		.byte	0xf2
 2490 0011 0D       		.byte	0xd
 2491 0012 00       		.byte	0
 2492 0013 01       		.byte	0x1
 2493 0014 01       		.byte	0x1
 2494 0015 01       		.byte	0x1
 2495 0016 01       		.byte	0x1
 2496 0017 00       		.byte	0
 2497 0018 00       		.byte	0
 2498 0019 00       		.byte	0
 2499 001a 01       		.byte	0x1
 2500 001b 00       		.byte	0
 2501 001c 00       		.byte	0
 2502 001d 01       		.byte	0x1
 2503 001e 01       		.byte	0x1
 2504 001f 01       		.uleb128 0x1
 2505 0020 1F       		.uleb128 0x1f
 2506 0021 0A       		.uleb128 0xa
 2507 0022 88000000 		.4byte	.LASF168
 2508 0026 F4000000 		.4byte	.LASF169
ARM GAS  /tmp/ccHiDj7f.s 			page 45


 2509 002a 97020000 		.4byte	.LASF170
 2510 002e 8A030000 		.4byte	.LASF171
 2511 0032 28030000 		.4byte	.LASF172
 2512 0036 07030000 		.4byte	.LASF173
 2513 003a 3D020000 		.4byte	.LASF174
 2514 003e 11000000 		.4byte	.LASF175
 2515 0042 AB010000 		.4byte	.LASF176
 2516 0046 2D010000 		.4byte	.LASF177
 2517 004a 02       		.byte	0x2
 2518 004b 01       		.uleb128 0x1
 2519 004c 1F       		.uleb128 0x1f
 2520 004d 02       		.uleb128 0x2
 2521 004e 0B       		.uleb128 0xb
 2522 004f 15       		.uleb128 0x15
 2523 0050 68020000 		.4byte	.LASF178
 2524 0054 00       		.byte	0
 2525 0055 00000000 		.4byte	.LASF179
 2526 0059 07       		.byte	0x7
 2527 005a D0020000 		.4byte	.LASF180
 2528 005e 08       		.byte	0x8
 2529 005f C6020000 		.4byte	.LASF181
 2530 0063 02       		.byte	0x2
 2531 0064 6C030000 		.4byte	.LASF182
 2532 0068 06       		.byte	0x6
 2533 0069 FB020000 		.4byte	.LASF183
 2534 006d 06       		.byte	0x6
 2535 006e 2C020000 		.4byte	.LASF184
 2536 0072 06       		.byte	0x6
 2537 0073 76030000 		.4byte	.LASF185
 2538 0077 06       		.byte	0x6
 2539 0078 5F020000 		.4byte	.LASF186
 2540 007c 06       		.byte	0x6
 2541 007d F1020000 		.4byte	.LASF187
 2542 0081 06       		.byte	0x6
 2543 0082 80030000 		.4byte	.LASF188
 2544 0086 06       		.byte	0x6
 2545 0087 DB000000 		.4byte	.LASF189
 2546 008b 03       		.byte	0x3
 2547 008c EC000000 		.4byte	.LASF190
 2548 0090 06       		.byte	0x6
 2549 0091 35020000 		.4byte	.LASF191
 2550 0095 06       		.byte	0x6
 2551 0096 DA020000 		.4byte	.LASF192
 2552 009a 09       		.byte	0x9
 2553 009b 1E020000 		.4byte	.LASF193
 2554 009f 04       		.byte	0x4
 2555 00a0 E3020000 		.4byte	.LASF194
 2556 00a4 05       		.byte	0x5
 2557 00a5 4D030000 		.4byte	.LASF195
 2558 00a9 06       		.byte	0x6
 2559 00aa E4000000 		.4byte	.LASF196
 2560 00ae 06       		.byte	0x6
 2561 00af 60030000 		.4byte	.LASF197
 2562 00b3 01       		.byte	0x1
 2563 00b4 55030000 		.4byte	.LASF198
 2564 00b8 00       		.byte	0
 2565              	.LELTP0:
ARM GAS  /tmp/ccHiDj7f.s 			page 46


 2566              	.LELT0:
 2567              		.section	.gnu.debuglto_.debug_str,"eMS",%progbits,1
 2568              	.LASF116:
 2569 0000 72656164 		.ascii	"ready_list_t\000"
 2569      795F6C69 
 2569      73745F74 
 2569      00
 2570              	.LASF52:
 2571 000d 72666375 		.ascii	"rfcu\000"
 2571      00
 2572              	.LASF107:
 2573 0012 77747472 		.ascii	"wttrp\000"
 2573      7000
 2574              	.LASF70:
 2575 0018 6E657874 		.ascii	"next\000"
 2575      00
 2576              	.LASF79:
 2577 001d 64656C74 		.ascii	"delta\000"
 2577      6100
 2578              	.LASF105:
 2579 0023 7264796D 		.ascii	"rdymsg\000"
 2579      736700
 2580              	.LASF140:
 2581 002a 63684D73 		.ascii	"chMsgWaitTimeoutS\000"
 2581      67576169 
 2581      7454696D 
 2581      656F7574 
 2581      5300
 2582              	.LASF120:
 2583 003c 69646C65 		.ascii	"idlethread_base\000"
 2583      74687265 
 2583      61645F62 
 2583      61736500 
 2584              	.LASF6:
 2585 004c 5F5F7569 		.ascii	"__uint8_t\000"
 2585      6E74385F 
 2585      7400
 2586              	.LASF73:
 2587 0056 70726576 		.ascii	"prev\000"
 2587      00
 2588              	.LASF92:
 2589 005b 706F7274 		.ascii	"port_intctx\000"
 2589      5F696E74 
 2589      63747800 
 2590              	.LASF126:
 2591 0067 76615F6C 		.ascii	"va_list\000"
 2591      69737400 
 2592              	.LASF65:
 2593 006f 73797374 		.ascii	"system_debug_t\000"
 2593      656D5F64 
 2593      65627567 
 2593      5F7400
 2594              	.LASF84:
 2595 007e 74797065 		.ascii	"type\000"
 2595      00
 2596              	.LASF74:
 2597 0083 63685F70 		.ascii	"ch_priority_queue_t\000"
ARM GAS  /tmp/ccHiDj7f.s 			page 47


 2597      72696F72 
 2597      6974795F 
 2597      71756575 
 2597      655F7400 
 2598              	.LASF117:
 2599 0097 63685F6F 		.ascii	"ch_os_instance_config\000"
 2599      735F696E 
 2599      7374616E 
 2599      63655F63 
 2599      6F6E6669 
 2600              	.LASF88:
 2601 00ad 73757370 		.ascii	"suspended\000"
 2601      656E6465 
 2601      6400
 2602              	.LASF14:
 2603 00b7 6C6F6E67 		.ascii	"long long unsigned int\000"
 2603      206C6F6E 
 2603      6720756E 
 2603      7369676E 
 2603      65642069 
 2604              	.LASF106:
 2605 00ce 65786974 		.ascii	"exitcode\000"
 2605      636F6465 
 2605      00
 2606              	.LASF54:
 2607 00d7 6D61696E 		.ascii	"mainthread\000"
 2607      74687265 
 2607      616400
 2608              	.LASF108:
 2609 00e2 73656E74 		.ascii	"sentmsg\000"
 2609      6D736700 
 2610              	.LASF98:
 2611 00ea 76697274 		.ascii	"virtual_timers_list_t\000"
 2611      75616C5F 
 2611      74696D65 
 2611      72735F6C 
 2611      6973745F 
 2612              	.LASF38:
 2613 0100 72656673 		.ascii	"refs\000"
 2613      00
 2614              	.LASF1:
 2615 0105 6C6F6E67 		.ascii	"long long int\000"
 2615      206C6F6E 
 2615      6720696E 
 2615      7400
 2616              	.LASF3:
 2617 0113 7369676E 		.ascii	"signed char\000"
 2617      65642063 
 2617      68617200 
 2618              	.LASF78:
 2619 011f 63685F64 		.ascii	"ch_delta_list\000"
 2619      656C7461 
 2619      5F6C6973 
 2619      7400
 2620              	.LASF158:
 2621 012d 62617365 		.ascii	"basePri\000"
 2621      50726900 
ARM GAS  /tmp/ccHiDj7f.s 			page 48


 2622              	.LASF49:
 2623 0135 76746C69 		.ascii	"vtlist\000"
 2623      737400
 2624              	.LASF156:
 2625 013c 706F7274 		.ascii	"port_unlock\000"
 2625      5F756E6C 
 2625      6F636B00 
 2626              	.LASF36:
 2627 0148 73746174 		.ascii	"state\000"
 2627      6500
 2628              	.LASF10:
 2629 014e 6C6F6E67 		.ascii	"long int\000"
 2629      20696E74 
 2629      00
 2630              	.LASF160:
 2631 0157 2E2E2F2E 		.ascii	"../../chibios_trunk/os/oslib/src/chdelegates.c\000"
 2631      2E2F6368 
 2631      6962696F 
 2631      735F7472 
 2631      756E6B2F 
 2632              	.LASF23:
 2633 0186 74737461 		.ascii	"tstate_t\000"
 2633      74655F74 
 2633      00
 2634              	.LASF57:
 2635 018f 63685F72 		.ascii	"ch_rfcu\000"
 2635      66637500 
 2636              	.LASF72:
 2637 0197 63685F71 		.ascii	"ch_queue\000"
 2637      75657565 
 2637      00
 2638              	.LASF16:
 2639 01a0 75696E74 		.ascii	"uint16_t\000"
 2639      31365F74 
 2639      00
 2640              	.LASF77:
 2641 01a9 63685F64 		.ascii	"ch_delta_list_t\000"
 2641      656C7461 
 2641      5F6C6973 
 2641      745F7400 
 2642              	.LASF162:
 2643 01b9 5F5F7661 		.ascii	"__va_list\000"
 2643      5F6C6973 
 2643      7400
 2644              	.LASF99:
 2645 01c3 63685F72 		.ascii	"ch_registry\000"
 2645      65676973 
 2645      74727900 
 2646              	.LASF90:
 2647 01cf 62756666 		.ascii	"buffer\000"
 2647      657200
 2648              	.LASF11:
 2649 01d6 5F5F7569 		.ascii	"__uint32_t\000"
 2649      6E743332 
 2649      5F7400
 2650              	.LASF35:
 2651 01e1 7761656E 		.ascii	"waend\000"
ARM GAS  /tmp/ccHiDj7f.s 			page 49


 2651      6400
 2652              	.LASF133:
 2653 01e7 76656E65 		.ascii	"veneer\000"
 2653      657200
 2654              	.LASF135:
 2655 01ee 63616C6C 		.ascii	"call_message_t\000"
 2655      5F6D6573 
 2655      73616765 
 2655      5F7400
 2656              	.LASF39:
 2657 01fd 77616974 		.ascii	"waiting\000"
 2657      696E6700 
 2658              	.LASF48:
 2659 0205 726C6973 		.ascii	"rlist\000"
 2659      7400
 2660              	.LASF118:
 2661 020b 6D61696E 		.ascii	"mainthread_base\000"
 2661      74687265 
 2661      61645F62 
 2661      61736500 
 2662              	.LASF123:
 2663 021b 6D757465 		.ascii	"mutex_t\000"
 2663      785F7400 
 2664              	.LASF63:
 2665 0223 6C6F636B 		.ascii	"lock_cnt\000"
 2665      5F636E74 
 2665      00
 2666              	.LASF67:
 2667 022c 73797369 		.ascii	"sysinterval_t\000"
 2667      6E746572 
 2667      76616C5F 
 2667      7400
 2668              	.LASF28:
 2669 023a 636E745F 		.ascii	"cnt_t\000"
 2669      7400
 2670              	.LASF40:
 2671 0240 6D736771 		.ascii	"msgqueue\000"
 2671      75657565 
 2671      00
 2672              	.LASF0:
 2673 0249 756E7369 		.ascii	"unsigned int\000"
 2673      676E6564 
 2673      20696E74 
 2673      00
 2674              	.LASF136:
 2675 0256 5F5F6462 		.ascii	"__dbg_check_unlock\000"
 2675      675F6368 
 2675      65636B5F 
 2675      756E6C6F 
 2675      636B00
 2676              	.LASF109:
 2677 0269 77747365 		.ascii	"wtsemp\000"
 2677      6D7000
 2678              	.LASF131:
 2679 0270 64656C65 		.ascii	"delegate_fn3_t\000"
 2679      67617465 
 2679      5F666E33 
ARM GAS  /tmp/ccHiDj7f.s 			page 50


 2679      5F7400
 2680              	.LASF12:
 2681 027f 6C6F6E67 		.ascii	"long unsigned int\000"
 2681      20756E73 
 2681      69676E65 
 2681      6420696E 
 2681      7400
 2682              	.LASF31:
 2683 0291 72717565 		.ascii	"rqueue\000"
 2683      756500
 2684              	.LASF71:
 2685 0298 63685F71 		.ascii	"ch_queue_t\000"
 2685      75657565 
 2685      5F7400
 2686              	.LASF151:
 2687 02a3 63684D73 		.ascii	"chMsgGet\000"
 2687      67476574 
 2687      00
 2688              	.LASF144:
 2689 02ac 74696D65 		.ascii	"timeout\000"
 2689      6F757400 
 2690              	.LASF33:
 2691 02b4 6E616D65 		.ascii	"name\000"
 2691      00
 2692              	.LASF100:
 2693 02b9 71756575 		.ascii	"queue\000"
 2693      6500
 2694              	.LASF141:
 2695 02bf 63684D73 		.ascii	"chMsgSend\000"
 2695      6753656E 
 2695      6400
 2696              	.LASF51:
 2697 02c9 636F7265 		.ascii	"core_id\000"
 2697      5F696400 
 2698              	.LASF164:
 2699 02d1 63684D73 		.ascii	"chMsgWaitS\000"
 2699      67576169 
 2699      745300
 2700              	.LASF159:
 2701 02dc 474E5520 		.ascii	"GNU C17 11.3.1 20220712 -mcpu=cortex-m4 -mthumb -mf"
 2701      43313720 
 2701      31312E33 
 2701      2E312032 
 2701      30323230 
 2702 030f 6C6F6174 		.ascii	"loat-abi=soft -march=armv7e-m -ggdb -O2 -fomit-fram"
 2702      2D616269 
 2702      3D736F66 
 2702      74202D6D 
 2702      61726368 
 2703 0342 652D706F 		.ascii	"e-pointer -falign-functions=16 -ffunction-sections "
 2703      696E7465 
 2703      72202D66 
 2703      616C6967 
 2703      6E2D6675 
 2704 0375 2D666461 		.ascii	"-fdata-sections -fno-common -flto\000"
 2704      74612D73 
 2704      65637469 
ARM GAS  /tmp/ccHiDj7f.s 			page 51


 2704      6F6E7320 
 2704      2D666E6F 
 2705              	.LASF89:
 2706 0397 73697A65 		.ascii	"size\000"
 2706      00
 2707              	.LASF8:
 2708 039c 73686F72 		.ascii	"short unsigned int\000"
 2708      7420756E 
 2708      7369676E 
 2708      65642069 
 2708      6E7400
 2709              	.LASF46:
 2710 03af 63685F74 		.ascii	"ch_thread\000"
 2710      68726561 
 2710      6400
 2711              	.LASF26:
 2712 03b9 6D73675F 		.ascii	"msg_t\000"
 2712      7400
 2713              	.LASF41:
 2714 03bf 6570656E 		.ascii	"epending\000"
 2714      64696E67 
 2714      00
 2715              	.LASF22:
 2716 03c8 746D6F64 		.ascii	"tmode_t\000"
 2716      655F7400 
 2717              	.LASF69:
 2718 03d0 63685F6C 		.ascii	"ch_list\000"
 2718      69737400 
 2719              	.LASF114:
 2720 03d8 63685F72 		.ascii	"ch_ready_list\000"
 2720      65616479 
 2720      5F6C6973 
 2720      7400
 2721              	.LASF27:
 2722 03e6 6576656E 		.ascii	"eventmask_t\000"
 2722      746D6173 
 2722      6B5F7400 
 2723              	.LASF9:
 2724 03f2 5F5F696E 		.ascii	"__int32_t\000"
 2724      7433325F 
 2724      7400
 2725              	.LASF21:
 2726 03fc 73746B61 		.ascii	"stkalign_t\000"
 2726      6C69676E 
 2726      5F7400
 2727              	.LASF85:
 2728 0407 72747374 		.ascii	"rtstamp\000"
 2728      616D7000 
 2729              	.LASF97:
 2730 040f 6C617374 		.ascii	"laststamp\000"
 2730      7374616D 
 2730      7000
 2731              	.LASF43:
 2732 0419 7265616C 		.ascii	"realprio\000"
 2732      7072696F 
 2732      00
 2733              	.LASF56:
ARM GAS  /tmp/ccHiDj7f.s 			page 52


 2734 0422 72666375 		.ascii	"rfcu_mask_t\000"
 2734      5F6D6173 
 2734      6B5F7400 
 2735              	.LASF102:
 2736 042e 74687265 		.ascii	"thread_reference_t\000"
 2736      61645F72 
 2736      65666572 
 2736      656E6365 
 2736      5F7400
 2737              	.LASF94:
 2738 0441 63685F76 		.ascii	"ch_virtual_timers_list\000"
 2738      69727475 
 2738      616C5F74 
 2738      696D6572 
 2738      735F6C69 
 2739              	.LASF68:
 2740 0458 63685F6C 		.ascii	"ch_list_t\000"
 2740      6973745F 
 2740      7400
 2741              	.LASF130:
 2742 0462 64656C65 		.ascii	"delegate_fn2_t\000"
 2742      67617465 
 2742      5F666E32 
 2742      5F7400
 2743              	.LASF129:
 2744 0471 64656C65 		.ascii	"delegate_fn1_t\000"
 2744      67617465 
 2744      5F666E31 
 2744      5F7400
 2745              	.LASF19:
 2746 0480 75696E74 		.ascii	"uint64_t\000"
 2746      36345F74 
 2746      00
 2747              	.LASF127:
 2748 0489 64656C65 		.ascii	"delegate_veneer_t\000"
 2748      67617465 
 2748      5F76656E 
 2748      6565725F 
 2748      7400
 2749              	.LASF142:
 2750 049b 63684465 		.ascii	"chDelegateDispatchTimeout\000"
 2750      6C656761 
 2750      74654469 
 2750      73706174 
 2750      63685469 
 2751              	.LASF143:
 2752 04b5 63684465 		.ascii	"chDelegateCallVeneer\000"
 2752      6C656761 
 2752      74654361 
 2752      6C6C5665 
 2752      6E656572 
 2753              	.LASF93:
 2754 04ca 706F7274 		.ascii	"port_context\000"
 2754      5F636F6E 
 2754      74657874 
 2754      00
 2755              	.LASF86:
ARM GAS  /tmp/ccHiDj7f.s 			page 53


 2756 04d7 74696D65 		.ascii	"time\000"
 2756      00
 2757              	.LASF76:
 2758 04dc 7072696F 		.ascii	"prio\000"
 2758      00
 2759              	.LASF115:
 2760 04e1 63757272 		.ascii	"current\000"
 2760      656E7400 
 2761              	.LASF13:
 2762 04e9 5F5F7569 		.ascii	"__uint64_t\000"
 2762      6E743634 
 2762      5F7400
 2763              	.LASF134:
 2764 04f4 61726773 		.ascii	"argsp\000"
 2764      7000
 2765              	.LASF137:
 2766 04fa 5F5F6462 		.ascii	"__dbg_check_lock\000"
 2766      675F6368 
 2766      65636B5F 
 2766      6C6F636B 
 2766      00
 2767              	.LASF29:
 2768 050b 636F7265 		.ascii	"core_id_t\000"
 2768      5F69645F 
 2768      7400
 2769              	.LASF24:
 2770 0515 74726566 		.ascii	"trefs_t\000"
 2770      735F7400 
 2771              	.LASF83:
 2772 051d 75736572 		.ascii	"user\000"
 2772      00
 2773              	.LASF25:
 2774 0522 74707269 		.ascii	"tprio_t\000"
 2774      6F5F7400 
 2775              	.LASF60:
 2776 052a 63685F73 		.ascii	"ch_system_debug\000"
 2776      79737465 
 2776      6D5F6465 
 2776      62756700 
 2777              	.LASF124:
 2778 053a 5F426F6F 		.ascii	"_Bool\000"
 2778      6C00
 2779              	.LASF17:
 2780 0540 696E7433 		.ascii	"int32_t\000"
 2780      325F7400 
 2781              	.LASF4:
 2782 0548 756E7369 		.ascii	"unsigned char\000"
 2782      676E6564 
 2782      20636861 
 2782      7200
 2783              	.LASF165:
 2784 0556 63684465 		.ascii	"chDelegateDispatch\000"
 2784      6C656761 
 2784      74654469 
 2784      73706174 
 2784      636800
 2785              	.LASF59:
ARM GAS  /tmp/ccHiDj7f.s 			page 54


 2786 0569 72666375 		.ascii	"rfcu_t\000"
 2786      5F7400
 2787              	.LASF5:
 2788 0570 73686F72 		.ascii	"short int\000"
 2788      7420696E 
 2788      7400
 2789              	.LASF96:
 2790 057a 6C617374 		.ascii	"lasttime\000"
 2790      74696D65 
 2790      00
 2791              	.LASF82:
 2792 0583 68616C74 		.ascii	"halt\000"
 2792      00
 2793              	.LASF91:
 2794 0588 74726163 		.ascii	"trace_buffer_t\000"
 2794      655F6275 
 2794      66666572 
 2794      5F7400
 2795              	.LASF111:
 2796 0597 65776D61 		.ascii	"ewmask\000"
 2796      736B00
 2797              	.LASF154:
 2798 059e 5F5F6675 		.ascii	"__func__\000"
 2798      6E635F5F 
 2798      00
 2799              	.LASF155:
 2800 05a7 63685379 		.ascii	"chSysLock\000"
 2800      734C6F63 
 2800      6B00
 2801              	.LASF81:
 2802 05b1 72656173 		.ascii	"reason\000"
 2802      6F6E00
 2803              	.LASF139:
 2804 05b8 63684D73 		.ascii	"chMsgRelease\000"
 2804      6752656C 
 2804      65617365 
 2804      00
 2805              	.LASF112:
 2806 05c5 63685F73 		.ascii	"ch_semaphore\000"
 2806      656D6170 
 2806      686F7265 
 2806      00
 2807              	.LASF101:
 2808 05d2 72656769 		.ascii	"registry_t\000"
 2808      73747279 
 2808      5F7400
 2809              	.LASF125:
 2810 05dd 5F5F676E 		.ascii	"__gnuc_va_list\000"
 2810      75635F76 
 2810      615F6C69 
 2810      737400
 2811              	.LASF110:
 2812 05ec 77746D74 		.ascii	"wtmtxp\000"
 2812      787000
 2813              	.LASF20:
 2814 05f3 706F7274 		.ascii	"port_stkalign_t\000"
 2814      5F73746B 
ARM GAS  /tmp/ccHiDj7f.s 			page 55


 2814      616C6967 
 2814      6E5F7400 
 2815              	.LASF32:
 2816 0603 6F776E65 		.ascii	"owner\000"
 2816      7200
 2817              	.LASF2:
 2818 0609 6C6F6E67 		.ascii	"long double\000"
 2818      20646F75 
 2818      626C6500 
 2819              	.LASF34:
 2820 0615 77616261 		.ascii	"wabase\000"
 2820      736500
 2821              	.LASF64:
 2822 061c 63686172 		.ascii	"char\000"
 2822      00
 2823              	.LASF53:
 2824 0621 636F6E66 		.ascii	"config\000"
 2824      696700
 2825              	.LASF7:
 2826 0628 5F5F7569 		.ascii	"__uint16_t\000"
 2826      6E743136 
 2826      5F7400
 2827              	.LASF30:
 2828 0633 74687265 		.ascii	"thread_t\000"
 2828      61645F74 
 2828      00
 2829              	.LASF95:
 2830 063c 646C6973 		.ascii	"dlist\000"
 2830      7400
 2831              	.LASF66:
 2832 0642 73797374 		.ascii	"systime_t\000"
 2832      696D655F 
 2832      7400
 2833              	.LASF15:
 2834 064c 75696E74 		.ascii	"uint8_t\000"
 2834      385F7400 
 2835              	.LASF167:
 2836 0654 5F5F7365 		.ascii	"__set_BASEPRI\000"
 2836      745F4241 
 2836      53455052 
 2836      4900
 2837              	.LASF61:
 2838 0662 70616E69 		.ascii	"panic_msg\000"
 2838      635F6D73 
 2838      6700
 2839              	.LASF104:
 2840 066c 70717565 		.ascii	"pqueue\000"
 2840      756500
 2841              	.LASF47:
 2842 0673 63685F6F 		.ascii	"ch_os_instance\000"
 2842      735F696E 
 2842      7374616E 
 2842      636500
 2843              	.LASF87:
 2844 0682 74726163 		.ascii	"trace_event_t\000"
 2844      655F6576 
 2844      656E745F 
ARM GAS  /tmp/ccHiDj7f.s 			page 56


 2844      7400
 2845              	.LASF45:
 2846 0690 6F735F69 		.ascii	"os_instance_t\000"
 2846      6E737461 
 2846      6E63655F 
 2846      7400
 2847              	.LASF50:
 2848 069e 7265676C 		.ascii	"reglist\000"
 2848      69737400 
 2849              	.LASF163:
 2850 06a6 5F5F6170 		.ascii	"__ap\000"
 2850      00
 2851              	.LASF75:
 2852 06ab 63685F70 		.ascii	"ch_priority_queue\000"
 2852      72696F72 
 2852      6974795F 
 2852      71756575 
 2852      6500
 2853              	.LASF119:
 2854 06bd 6D61696E 		.ascii	"mainthread_end\000"
 2854      74687265 
 2854      61645F65 
 2854      6E6400
 2855              	.LASF161:
 2856 06cc 2F686F6D 		.ascii	"/home/rob/Projects/ChibiStudio/ChibiStudio_23/works"
 2856      652F726F 
 2856      622F5072 
 2856      6F6A6563 
 2856      74732F43 
 2857 06ff 70616365 		.ascii	"pace_trunk/STM32_GPIB_firmware/\000"
 2857      5F747275 
 2857      6E6B2F53 
 2857      544D3332 
 2857      5F475049 
 2858              	.LASF153:
 2859 071f 63684D73 		.ascii	"chMsgWait\000"
 2859      67576169 
 2859      7400
 2860              	.LASF18:
 2861 0729 75696E74 		.ascii	"uint32_t\000"
 2861      33325F74 
 2861      00
 2862              	.LASF44:
 2863 0732 6D706F6F 		.ascii	"mpool\000"
 2863      6C00
 2864              	.LASF122:
 2865 0738 6F735F69 		.ascii	"os_instance_config_t\000"
 2865      6E737461 
 2865      6E63655F 
 2865      636F6E66 
 2865      69675F74 
 2866              	.LASF138:
 2867 074d 63685379 		.ascii	"chSysHalt\000"
 2867      7348616C 
 2867      7400
 2868              	.LASF113:
 2869 0757 63685F6D 		.ascii	"ch_mutex\000"
ARM GAS  /tmp/ccHiDj7f.s 			page 57


 2869      75746578 
 2869      00
 2870              	.LASF58:
 2871 0760 6D61736B 		.ascii	"mask\000"
 2871      00
 2872              	.LASF62:
 2873 0765 6973725F 		.ascii	"isr_cnt\000"
 2873      636E7400 
 2874              	.LASF128:
 2875 076d 64656C65 		.ascii	"delegate_fn0_t\000"
 2875      67617465 
 2875      5F666E30 
 2875      5F7400
 2876              	.LASF150:
 2877 077c 5F5F6368 		.ascii	"__ch_delegate_fn0\000"
 2877      5F64656C 
 2877      65676174 
 2877      655F666E 
 2877      3000
 2878              	.LASF149:
 2879 078e 5F5F6368 		.ascii	"__ch_delegate_fn1\000"
 2879      5F64656C 
 2879      65676174 
 2879      655F666E 
 2879      3100
 2880              	.LASF148:
 2881 07a0 5F5F6368 		.ascii	"__ch_delegate_fn2\000"
 2881      5F64656C 
 2881      65676174 
 2881      655F666E 
 2881      3200
 2882              	.LASF147:
 2883 07b2 5F5F6368 		.ascii	"__ch_delegate_fn3\000"
 2883      5F64656C 
 2883      65676174 
 2883      655F666E 
 2883      3300
 2884              	.LASF146:
 2885 07c4 5F5F6368 		.ascii	"__ch_delegate_fn4\000"
 2885      5F64656C 
 2885      65676174 
 2885      655F666E 
 2885      3400
 2886              	.LASF37:
 2887 07d6 666C6167 		.ascii	"flags\000"
 2887      7300
 2888              	.LASF80:
 2889 07dc 77746F62 		.ascii	"wtobjp\000"
 2889      6A7000
 2890              	.LASF132:
 2891 07e3 64656C65 		.ascii	"delegate_fn4_t\000"
 2891      67617465 
 2891      5F666E34 
 2891      5F7400
 2892              	.LASF152:
 2893 07f2 63684D73 		.ascii	"chMsgWaitTimeout\000"
 2893      67576169 
ARM GAS  /tmp/ccHiDj7f.s 			page 58


 2893      7454696D 
 2893      656F7574 
 2893      00
 2894              	.LASF55:
 2895 0803 74726163 		.ascii	"trace_buffer\000"
 2895      655F6275 
 2895      66666572 
 2895      00
 2896              	.LASF166:
 2897 0810 63685379 		.ascii	"chSysUnlock\000"
 2897      73556E6C 
 2897      6F636B00 
 2898              	.LASF103:
 2899 081c 6C697374 		.ascii	"list\000"
 2899      00
 2900              	.LASF145:
 2901 0821 61726773 		.ascii	"args\000"
 2901      00
 2902              	.LASF157:
 2903 0826 706F7274 		.ascii	"port_lock\000"
 2903      5F6C6F63 
 2903      6B00
 2904              	.LASF121:
 2905 0830 69646C65 		.ascii	"idlethread_end\000"
 2905      74687265 
 2905      61645F65 
 2905      6E6400
 2906              	.LASF42:
 2907 083f 6D74786C 		.ascii	"mtxlist\000"
 2907      69737400 
 2908              		.section	.gnu.debuglto_.debug_line_str,"eMS",%progbits,1
 2909              	.LASF179:
 2910 0000 5F646566 		.ascii	"_default_types.h\000"
 2910      61756C74 
 2910      5F747970 
 2910      65732E68 
 2910      00
 2911              	.LASF175:
 2912 0011 2F686F6D 		.ascii	"/home/rob/Projects/ChibiStudio/ChibiStudio_23/tools"
 2912      652F726F 
 2912      622F5072 
 2912      6F6A6563 
 2912      74732F43 
 2913 0044 2F474E55 		.ascii	"/GNU Tools ARM Embedded/11.3.1 2022q3/arm-none-eabi"
 2913      20546F6F 
 2913      6C732041 
 2913      524D2045 
 2913      6D626564 
 2914 0077 2F696E63 		.ascii	"/include/machine\000"
 2914      6C756465 
 2914      2F6D6163 
 2914      68696E65 
 2914      00
 2915              	.LASF168:
 2916 0088 2F686F6D 		.ascii	"/home/rob/Projects/ChibiStudio/ChibiStudio_23/works"
 2916      652F726F 
 2916      622F5072 
ARM GAS  /tmp/ccHiDj7f.s 			page 59


 2916      6F6A6563 
 2916      74732F43 
 2917 00bb 70616365 		.ascii	"pace_trunk/STM32_GPIB_firmware/\000"
 2917      5F747275 
 2917      6E6B2F53 
 2917      544D3332 
 2917      5F475049 
 2918              	.LASF189:
 2919 00db 6368636F 		.ascii	"chcore.h\000"
 2919      72652E68 
 2919      00
 2920              	.LASF196:
 2921 00e4 63687379 		.ascii	"chsys.h\000"
 2921      732E6800 
 2922              	.LASF190:
 2923 00ec 63687365 		.ascii	"chsem.h\000"
 2923      6D2E6800 
 2924              	.LASF169:
 2925 00f4 2E2E2F2E 		.ascii	"../../chibios_trunk/os/common/ext/ARM/CMSIS/Core/In"
 2925      2E2F6368 
 2925      6962696F 
 2925      735F7472 
 2925      756E6B2F 
 2926 0127 636C7564 		.ascii	"clude\000"
 2926      6500
 2927              	.LASF177:
 2928 012d 2F686F6D 		.ascii	"/home/rob/Projects/ChibiStudio/ChibiStudio_23/tools"
 2928      652F726F 
 2928      622F5072 
 2928      6F6A6563 
 2928      74732F43 
 2929 0160 2F474E55 		.ascii	"/GNU Tools ARM Embedded/11.3.1 2022q3/lib/gcc/arm-n"
 2929      20546F6F 
 2929      6C732041 
 2929      524D2045 
 2929      6D626564 
 2930 0193 6F6E652D 		.ascii	"one-eabi/11.3.1/include\000"
 2930      65616269 
 2930      2F31312E 
 2930      332E312F 
 2930      696E636C 
 2931              	.LASF176:
 2932 01ab 2F686F6D 		.ascii	"/home/rob/Projects/ChibiStudio/ChibiStudio_23/tools"
 2932      652F726F 
 2932      622F5072 
 2932      6F6A6563 
 2932      74732F43 
 2933 01de 2F474E55 		.ascii	"/GNU Tools ARM Embedded/11.3.1 2022q3/arm-none-eabi"
 2933      20546F6F 
 2933      6C732041 
 2933      524D2045 
 2933      6D626564 
 2934 0211 2F696E63 		.ascii	"/include/sys\000"
 2934      6C756465 
 2934      2F737973 
 2934      00
 2935              	.LASF193:
ARM GAS  /tmp/ccHiDj7f.s 			page 60


 2936 021e 63686465 		.ascii	"chdelegates.h\000"
 2936      6C656761 
 2936      7465732E 
 2936      6800
 2937              	.LASF184:
 2938 022c 63687266 		.ascii	"chrfcu.h\000"
 2938      63752E68 
 2938      00
 2939              	.LASF191:
 2940 0235 63686D74 		.ascii	"chmtx.h\000"
 2940      782E6800 
 2941              	.LASF174:
 2942 023d 2E2E2F2E 		.ascii	"../../chibios_trunk/os/rt/include\000"
 2942      2E2F6368 
 2942      6962696F 
 2942      735F7472 
 2942      756E6B2F 
 2943              	.LASF186:
 2944 025f 63687469 		.ascii	"chtime.h\000"
 2944      6D652E68 
 2944      00
 2945              	.LASF178:
 2946 0268 2E2E2F2E 		.ascii	"../../chibios_trunk/os/oslib/src/chdelegates.c\000"
 2946      2E2F6368 
 2946      6962696F 
 2946      735F7472 
 2946      756E6B2F 
 2947              	.LASF170:
 2948 0297 2E2E2F2E 		.ascii	"../../chibios_trunk/os/common/ports/ARM-common\000"
 2948      2E2F6368 
 2948      6962696F 
 2948      735F7472 
 2948      756E6B2F 
 2949              	.LASF181:
 2950 02c6 63687479 		.ascii	"chtypes.h\000"
 2950      7065732E 
 2950      6800
 2951              	.LASF180:
 2952 02d0 5F737464 		.ascii	"_stdint.h\000"
 2952      696E742E 
 2952      6800
 2953              	.LASF192:
 2954 02da 73746461 		.ascii	"stdarg.h\000"
 2954      72672E68 
 2954      00
 2955              	.LASF194:
 2956 02e3 63686465 		.ascii	"chdelegates.c\000"
 2956      6C656761 
 2956      7465732E 
 2956      6300
 2957              	.LASF187:
 2958 02f1 63686C69 		.ascii	"chlists.h\000"
 2958      7374732E 
 2958      6800
 2959              	.LASF183:
 2960 02fb 63686F62 		.ascii	"chobjects.h\000"
 2960      6A656374 
ARM GAS  /tmp/ccHiDj7f.s 			page 61


 2960      732E6800 
 2961              	.LASF173:
 2962 0307 2E2E2F2E 		.ascii	"../../chibios_trunk/os/oslib/src\000"
 2962      2E2F6368 
 2962      6962696F 
 2962      735F7472 
 2962      756E6B2F 
 2963              	.LASF172:
 2964 0328 2E2E2F2E 		.ascii	"../../chibios_trunk/os/oslib/include\000"
 2964      2E2F6368 
 2964      6962696F 
 2964      735F7472 
 2964      756E6B2F 
 2965              	.LASF195:
 2966 034d 63686D73 		.ascii	"chmsg.h\000"
 2966      672E6800 
 2967              	.LASF198:
 2968 0355 3C627569 		.ascii	"<built-in>\000"
 2968      6C742D69 
 2968      6E3E00
 2969              	.LASF197:
 2970 0360 636D7369 		.ascii	"cmsis_gcc.h\000"
 2970      735F6763 
 2970      632E6800 
 2971              	.LASF182:
 2972 036c 63686561 		.ascii	"chearly.h\000"
 2972      726C792E 
 2972      6800
 2973              	.LASF185:
 2974 0376 63686465 		.ascii	"chdebug.h\000"
 2974      6275672E 
 2974      6800
 2975              	.LASF188:
 2976 0380 63687472 		.ascii	"chtrace.h\000"
 2976      6163652E 
 2976      6800
 2977              	.LASF171:
 2978 038a 2E2E2F2E 		.ascii	"../../chibios_trunk/os/common/ports/ARMv7-M\000"
 2978      2E2F6368 
 2978      6962696F 
 2978      735F7472 
 2978      756E6B2F 
 2979              		.text
 2980              		.section	.gnu.lto_.profile.cbfd633e6eec8a62,"e",%progbits
 2981 0000 789C1360 		.ascii	"x\234\023`\000\002vV\0066\006v\006\016\006N\006n\006"
 2981      00027656 
 2981      06360676 
 2981      060E064E 
 2981      066E06
 2982 0013 5E060003 		.ascii	"^\006\000\003M\000S"
 2982      4D0053
 2983              		.text
 2984              		.section	.gnu.lto_.icf.cbfd633e6eec8a62,"e",%progbits
 2985 0000 789C9BC9 		.ascii	"x\234\233\311\200\000\274\014\027\357\266~\340\340`"
 2985      8000BC0C 
 2985      17EFB67E 
 2985      E0E060
ARM GAS  /tmp/ccHiDj7f.s 			page 62


 2986 000f 62606264 		.ascii	"b`bdb\002bf&\026&V&6\246\265\035]\347\270\231OtL\211"
 2986      62026266 
 2986      26162656 
 2986      2636A6B5 
 2986      1D5DE7B8 
 2987 0028 606039B9 		.ascii	"``9\271\360\3157.\006\326\223O\177Nbb`\273\330\274j"
 2987      F0CD372E 
 2987      06D6934F 
 2987      7F4E6262 
 2987      60BBD8BC 
 2988 003d 0F2303FB 		.ascii	"\017#\003\373\371]\253\36611p\364\035nl\343g\340\\1"
 2988      F95DABF6 
 2988      313170F4 
 2988      1D6E6CE3 
 2988      67E05C31 
 2989 0051 7DE9023E 		.ascii	"}\351\002>\006\256{+g\237\343\341`bg\342`\342\004b."
 2989      06AE7B2B 
 2989      679FE3E1 
 2989      606267E2 
 2989      60E20462 
 2990 0066 20E460E2 		.ascii	" \344`\342\340^\264\265q\007\013\007\0237\320l\036 "
 2990      E05EB4B5 
 2990      71070B07 
 2990      1337D06C 
 2990      1E20
 2991 0078 6667E205 		.ascii	"fg\342\005J\363\362\\\\|\343)\037\357\214\235\335\216"
 2991      4AF3F25C 
 2991      5C7CE329 
 2991      1FEF8C9D 
 2991      DD8E
 2992 008a 18720C00 		.ascii	"\030r\014\000h\377&p"
 2992      68FF2670 
 2993              		.text
 2994              		.section	.gnu.lto_.ipa_sra.cbfd633e6eec8a62,"e",%progbits
 2995 0000 789C458C 		.ascii	"x\234E\214I\016\300 \014\003mBY\325\357\366\375$P\013"
 2995      490EC020 
 2995      0C036D42 
 2995      59D5EFF6 
 2995      FD24500B 
 2996 0014 E732B6A2 		.ascii	"\3472\266\242\371p3\000\372Eh0\307\004f\236J\006\370"
 2996      F9703300 
 2996      FA456830 
 2996      C704669E 
 2996      4A06F8
 2997 0027 F0EC0F43 		.ascii	"\360\354\017C*\202*h\202.\230\333x\234x\245\212\201"
 2997      2A822A68 
 2997      822E98DB 
 2997      789C78A5 
 2997      8A81
 2998 0039 FF88055D 		.ascii	"\377\210\005]\341\001\002"
 2998      E10102
 2999              		.text
 3000              		.section	.gnu.lto_.inline.cbfd633e6eec8a62,"e",%progbits
 3001 0000 789C9551 		.ascii	"x\234\225Q\273N\303@\020\034\3579\266c;\"\017\220\370"
 3001      BB4EC340 
 3001      101CEF39 
 3001      B6633B22 
ARM GAS  /tmp/ccHiDj7f.s 			page 63


 3001      0F90F8
 3002 0013 AAFC0444 		.ascii	"\252\374\004D\341+\320B\221\220.%\242\011\202\037@\242"
 3002      E12BD042 
 3002      91902E25 
 3002      A209821F 
 3002      40A2
 3003 0025 49992E6D 		.ascii	"I\231.m>\001\232(M~\0011{\007N\260\220\021w+k\357vf"
 3003      3E019A28 
 3003      4D7E0131 
 3003      7B074EB0 
 3003      9011772B 
 3004 003d 766E3D15 		.ascii	"vn=\025T\253\000N\366\317\3573\031G\220\376\255\352"
 3004      54AB004E 
 3004      F6CFEF33 
 3004      194790FE 
 3004      ADEA
 3005 004f A38C80E4 		.ascii	"\243\214\200\344FU\345R\340\221B\020\"n\177\230\017"
 3005      4655E552 
 3005      E0914210 
 3005      226E7F98 
 3005      0F
 3006 0060 F1238D72 		.ascii	"\361#\215r\313\0352R\346rE\031Qc_PF\217e\002\220b\321"
 3006      CB1D3252 
 3006      E6724519 
 3006      51635F50 
 3006      468F6502 
 3007 0077 771EA34D 		.ascii	"w\036\243M\300\375\337$WZ\177\266\013\307\026R5\247"
 3007      C0FDDF24 
 3007      575A7FB6 
 3007      0BC71652 
 3007      35A7
 3008 0089 E61930AF 		.ascii	"\346\0310\257\327u^\334\265o\342]\2754\001[=\353B\351"
 3008      D7755EDC 
 3008      B56FE25D 
 3008      BD34015B 
 3008      3DEB42E9 
 3009 009d D49B5935 		.ascii	"\324\233Y5a\223\376\327\253\031\031r\2266M\360t`\326"
 3009      6193FED7 
 3009      AB191972 
 3009      96364DF0 
 3009      7460D6
 3010 00b0 039CD146 		.ascii	"\003\234\321F\301\352[\023#;5\353\025\203\221\227\245"
 3010      C1EA5B13 
 3010      233B35EB 
 3010      15839197 
 3010      A5
 3011 00c1 B5716336 		.ascii	"\265qc6\216\003\266N\362\213\343\211;\007w\034\030s"
 3011      8E03B64E 
 3011      F28BE389 
 3011      3B07771C 
 3011      1873
 3012 00d3 BB2D70F6 		.ascii	"\273-p\366\360\272\275s6c\223R7\252\013\004p \376\362"
 3012      F0BABD73 
 3012      36639352 
 3012      37AA0B04 
 3012      7020FEF2 
 3013 00e7 AFFDD561 		.ascii	"\257\375\325aN\035\234\257'\253\205\027\354.wO\037\377"
ARM GAS  /tmp/ccHiDj7f.s 			page 64


 3013      4E1D9CAF 
 3013      27AB8517 
 3013      EC2E774F 
 3013      1FFF
 3014 00f9 16F46593 		.ascii	"\026\364e\223\2524\361\011\364\205m\367"
 3014      AA34F109 
 3014      F4856DF7 
 3015              		.text
 3016              		.section	.gnu.lto_.jmpfuncs.cbfd633e6eec8a62,"e",%progbits
 3017 0000 789CB592 		.ascii	"x\234\265\222I\016\3020\014E\375\177\322R\250\030\202"
 3017      490EC230 
 3017      0C45FD7F 
 3017      D252A818 
 3017      82
 3018 0011 3840F79C 		.ascii	"8@\367\234\210%\367@\312i\270\002\323\212\203!\005\247"
 3018      8825F740 
 3018      CA69B802 
 3018      D38A8321 
 3018      05A7
 3019 0023 A0B4A95A 		.ascii	"\240\264\251Z\211\015\221,\305\366\363\020;gJ:\265\012"
 3019      890D912C 
 3019      C5F6F310 
 3019      3B674A3A 
 3019      B50A
 3020 0035 0D5782A7 		.ascii	"\015W\202\247\205\250\274B\010k\260<\002*!jV\222\027"
 3020      85A8BC42 
 3020      086BB03C 
 3020      022A216A 
 3020      569217
 3021 0048 EA994154 		.ascii	"\352\231AT@\334\220\354\"9\244>\334\207\210\230\266"
 3021      40DC90EC 
 3021      2239A43E 
 3021      DC878898 
 3021      B6
 3022 0059 6404C08D 		.ascii	"d\004\300\215\320z\351\202\332J\"E\353t\342\2332^\350"
 3022      D07AE982 
 3022      DA4A2245 
 3022      EB74E29B 
 3022      325EE8
 3023 006c D8215EAD 		.ascii	"\330!^\255Z\030\206\316\366\2559Q)a\351\312)\"\247\347"
 3023      5A1886CE 
 3023      F6AD3951 
 3023      2961E9CA 
 3023      2922A7E7 
 3024 0080 4A1774D5 		.ascii	"J\027t\325/t\036\271\240v\002}\004\267\275\036\277\343"
 3024      2F741EB9 
 3024      A076027D 
 3024      04B7BD1E 
 3024      BFE3
 3025 0092 C305B8C2 		.ascii	"\303\005\270\302\216\2750\351'\230\362\240\363y\300"
 3025      8EBD30E9 
 3025      2798F2A0 
 3025      F379C0
 3026 00a1 4EC413FB 		.ascii	"N\304\023\373\336\370\352l\310\303l>\256q7\321\307\017"
 3026      DEF8EA6C 
 3026      C8C36C3E 
 3026      AE7137D1 
ARM GAS  /tmp/ccHiDj7f.s 			page 65


 3026      C70F
 3027 00b3 BBE130B5 		.ascii	"\273\3410\265o\226\237E\375\257\350\330\017\030\351"
 3027      6F969F45 
 3027      FDAFE8D8 
 3027      0F18E9
 3028 00c2 43DEC488 		.ascii	"C\336\304\210\207\210"
 3028      8788
 3029              		.text
 3030              		.section	.gnu.lto_.pureconst.cbfd633e6eec8a62,"e",%progbits
 3031 0000 789C05C1 		.ascii	"x\234\005\301\211\021\000 \010\0041\030\027?\306&\254"
 3031      89110020 
 3031      08043118 
 3031      173FC626 
 3031      AC
 3032 0011 5A5AB9EA 		.ascii	"ZZ\271\352L\256\231\245)\232\034y\210.\206\230b\211"
 3032      4CAE99A5 
 3032      299A1C79 
 3032      882E8698 
 3032      6289
 3033 0023 FDC8E214 		.ascii	"\375\310\342\024\037\222\260\010;"
 3033      1F92B008 
 3033      3B
 3034              		.text
 3035              		.section	.gnu.lto_.ipa_modref.cbfd633e6eec8a62,"e",%progbits
 3036 0000 789CCB61 		.ascii	"x\234\313a```c\200\000\026\026Fq\005\001\001F\0060\321"
 3036      60606063 
 3036      80001616 
 3036      46710501 
 3036      01460630 
 3037 0015 D0D8C0C2 		.ascii	"\320\330\300\302\305$\016\3420@\210\266\011\015\016"
 3037      C5240EE2 
 3037      304088B6 
 3037      090D0E
 3038 0024 DC602613 		.ascii	"\334`&\023\223(#\003\223\030\220\026\007\322\022\214"
 3038      93282303 
 3038      93189016 
 3038      07D2128C 
 3039 0034 1079065E 		.ascii	"\020y\006^F\021\334\262-\015+&L\270\320\320\300\264"
 3039      4611DCB2 
 3039      2D0D2B26 
 3039      4CB8D0D0 
 3039      C0B4
 3040 0046 A0A18191 		.ascii	"\240\241\201\221\201U/\331_\201\001\000\244y\016V"
 3040      81552FD9 
 3040      5F810100 
 3040      A4790E56 
 3041              		.text
 3042              		.section	.gnu.lto_.lto.cbfd633e6eec8a62,"e",%progbits
 3043 0000 0B000300 		.ascii	"\013\000\003\000\001\000\000\000"
 3043      01000000 
 3044              		.text
 3045              		.section	.gnu.lto_chSysUnlock.192.cbfd633e6eec8a62,"e",%progbits
 3046 0000 789C7D53 		.ascii	"x\234}Soh\023g\030\177\236\367\275\273\\\352\030\202"
 3046      6F681367 
 3046      187F9EF7 
 3046      BDBB5CEA 
 3046      1882
ARM GAS  /tmp/ccHiDj7f.s 			page 66


 3047 0012 88E2BE04 		.ascii	"\210\342\276\004\207\010Ns\256e\352\276\351\202H\031"
 3047      87084E73 
 3047      AE65EABE 
 3047      E9824819 
 3048 0022 61C52863 		.ascii	"a\305(c+#\244\227\323\336jz\345.Y-\256\334\231\264\016"
 3048      2B23A497 
 3048      D3DE6A7A 
 3048      E52E592D 
 3048      AEDC99B4 
 3049 0037 22A3646C 		.ascii	"\"\243dl\037\304\231\316\357\242\270\262\265\256\246"
 3049      1FC499CE 
 3049      EFA2B8B2 
 3049      B5AEA6
 3050 0046 0DA8FBDB 		.ascii	"\015\250\373\333\315?t:W\264R\235\033\016\212Pu\003"
 3050      CD3F743A 
 3050      57B4529D 
 3050      1B0E8A50 
 3050      7503
 3051 0058 75DDF35E 		.ascii	"u\335\363^\2226~\330\216{\357\371\377{\236_\2367\227"
 3051      92367ED8 
 3051      8E7BEFF9 
 3051      FF7B9E5F 
 3051      9E3797
 3052 006b 39C01604 		.ascii	"9\300\026\004x\033\000P\001\374\250\220g\340y\336\326"
 3052      781B0050 
 3052      01FCA890 
 3052      67E079DE 
 3052      D6
 3053 007c 0063B9C2 		.ascii	"\000c\271\302a\206\303\370\343\221!E\352/<?tw\342U\211"
 3053      6186C3F8 
 3053      E3912145 
 3053      EA2F3C3F 
 3053      7477E255 
 3054 0091 B3BEC292 		.ascii	"\263\276\302\222g<\022~\262P#\343\301B>H5\276\205\340"
 3054      673C127E 
 3054      B25023E3 
 3054      C1423E48 
 3054      35BE85E0 
 3055 00a5 322EC9E8 		.ascii	"2.\311\350\342q\256\221\347\357\013\177^\272\376r\326"
 3055      E271AE91 
 3055      E7EF0B7F 
 3055      5EBAFE72 
 3055      D6
 3056 00b6 EB5F790F 		.ascii	"\353_y\017\300\205\352\263\304\327QFRz\317 \220B\271"
 3056      C085EAB3 
 3056      C4D75146 
 3056      527ACF20 
 3056      9042B9
 3057 00c9 230F37C1 		.ascii	"#\0177\301\010\036 KY\206\204\241,\307\220\214\352A"
 3057      081E204B 
 3057      598684A1 
 3057      2CC7908C 
 3057      EA41
 3058 00db 11DF5026 		.ascii	"\021\337P&\254\317\363S\027W}\352\225\245\236\022\366"
 3058      ACCFF353 
 3058      17577DEA 
 3058      95A59E12 
ARM GAS  /tmp/ccHiDj7f.s 			page 67


 3058      F6
 3059 00ec 9EC55184 		.ascii	"\236\305Q\2041d\374\"N\256\222\361%\221P\03485\274\376"
 3059      3164FC22 
 3059      4EAE92F1 
 3059      2591501C 
 3059      3835BCFE 
 3060 0100 5CCEFBD6 		.ascii	"\\\316\373\326\023)n5\205\032V\033\3348\252\214#|\205"
 3060      13296E35 
 3060      851A561B 
 3060      DC38AA8C 
 3060      237C85
 3061 0113 BD628232 		.ascii	"\275b\2022Rg\012\"\223N]\221\313\336\223\371\001\257"
 3061      52670A22 
 3061      934E5D91 
 3061      CBDE93F9 
 3061      01AF
 3062 0125 FCFBF2E3 		.ascii	"\374\373\362\343Csw\256\265.E`2\003\246p`\001\211\216"
 3062      437377AE 
 3062      B52E4560 
 3062      3203A670 
 3062      6001898E 
 3063 0139 0C4C5580 		.ascii	"\014LU\200\005\003tT\362\007\311\327@\007\240\310a\236"
 3063      05037454 
 3063      F207C9D7 
 3063      4007A0C8 
 3063      619E
 3064 014b 1E8E5E19 		.ascii	"\036\216^\031`\220\263\212\221#\343/\346\315\014N!<"
 3064      6090B38A 
 3064      9123E32F 
 3064      E6CD0C4E 
 3064      213C
 3065 015d 65B910E4 		.ascii	"e\271\020\344\221u\230\000\3549\337}\372\350\032_\226"
 3065      91759800 
 3065      EC39DF7D 
 3065      FAE81A5F 
 3065      96
 3066 016e 284C7275 		.ascii	"(Lru\345\363\230e\307\202\234~\027\305\020\244\251\304"
 3066      E5F39865 
 3066      C7829C7E 
 3066      17C510A4 
 3066      A9C4
 3067 0180 D0499E40 		.ascii	"\320I\236@H\234\307s\302\265\211h\250\361\013\370\016"
 3067      489CC773 
 3067      C2B58968 
 3067      A8F10BF8 
 3067      0E
 3068 0191 D48CD6AF 		.ascii	"\324\214\326\257\361-\000_\315|\203o\022\331\307,7\371"
 3068      F12D005F 
 3068      CD7C836F 
 3068      12D9C72C 
 3068      37F9
 3069 01a3 01722680 		.ascii	"\001r&\200\352!\276\253\207\370\276\036\342\007\001"
 3069      EA21BEAB 
 3069      87F8BE1E 
 3069      E20701
 3070 01b2 91C7ACC0 		.ascii	"\221\307\254\300\230@\201\220\375\207\0208g4{\177\210"
 3070      98408190 
ARM GAS  /tmp/ccHiDj7f.s 			page 68


 3070      FD871038 
 3070      67347B7F 
 3070      88
 3071 01c3 4B795476 		.ascii	"KyTv\307\0008Wh\303l\005<b}\367\"\\\302\237\320\337"
 3071      C7003857 
 3071      68C36C05 
 3071      3C627DF7 
 3071      225CC29F 
 3072 01d9 E720E77F 		.ascii	"\347 \347\177L\034i\022\244y\205\203\374l\353K\365\255"
 3072      4C1C6912 
 3072      A4798583 
 3072      FC6CEB4B 
 3072      F5AD
 3073 01eb 2F8BD6BE 		.ascii	"/\213\326\276j]\3017\374\201E\211B\264-\364\013D,\232"
 3073      6A5DC137 
 3073      FC814589 
 3073      42B42DF4 
 3073      0B442C9A 
 3074 01ff 9E5C2879 		.ascii	"\236\\(y\375gl^\234\366*\356\250\326o\277\206\221\205"
 3074      FD676C5E 
 3074      9CF62AEE 
 3074      A8D66FBF 
 3074      869185
 3075 0212 7ABA894A 		.ascii	"z\272\211Jf\261\276\365\375\353X\315\372\265\232\225"
 3075      66B1BEF5 
 3075      FDEB58CD 
 3075      FAB59A95 
 3076 0222 1B21522A 		.ascii	"\033!R*Wx\240\3060\310\325\012\303\206\032\303 qZ \330"
 3076      5778A0C6 
 3076      30C8D50A 
 3076      C3861AC3 
 3076      20715A20 
 3077 0237 B048503A 		.ascii	"\260HP:|r@\026\004e\177SOY\237\277\322m\343\256\030"
 3077      7C724016 
 3077      04657F53 
 3077      4F599FBF 
 3077      D26DE3AE 
 3078 024c 4C29B995 		.ascii	"L)\271\225\205\221\322\355\217 \215\272\323x\023)\347"
 3078      8591D2ED 
 3078      8F208DBA 
 3078      D3781329 
 3078      E7
 3079 025d 108D5072 		.ascii	"\020\215Pro\341\010\262\027}(\231\206\362$\201\025\250"
 3079      6FE108B2 
 3079      177D2899 
 3079      86F22481 
 3079      15A8
 3080 026f AD7E66F2 		.ascii	"\255~f\362\005!\346J\305\233\263\277,\023\027S8\037"
 3080      0521E64A 
 3080      C59BB3BF 
 3080      2C131753 
 3080      381F
 3081 0281 CEAE2499 		.ascii	"\316\256$\231\375\214\001\216\241\322\203\376\215\232"
 3081      FD8C018E 
 3081      A1D283FE 
 3081      8D9A
 3082 028f FBEDE32F 		.ascii	"\373\355\343/\247\217!\216WrF\247\203XFx\302\262\253"
ARM GAS  /tmp/ccHiDj7f.s 			page 69


 3082      A78F218E 
 3082      577246A7 
 3082      83584678 
 3082      C2B2AB
 3083 02a2 C56D3EC6 		.ascii	"\305m>\306d\\{\222\035R\207]\031\203\324\3566\002\211"
 3083      645C7B92 
 3083      1D52875D 
 3083      1983D4EE 
 3083      360289
 3084 02b5 3B3823E6 		.ascii	";8#\346[{\232\"_\270\302\177\327G\313\336?[|0\253\012"
 3084      5B7B9A22 
 3084      5FB8C27F 
 3084      D747CBDE 
 3084      3F5B7C30 
 3085 02cb 7C807932 		.ascii	"|\200y2\317|xuJ\245?\263\317\272\310\2612j\266,\314"
 3085      CF7C7875 
 3085      4AA53FB3 
 3085      CFBAC8B1 
 3085      326AB62C 
 3086 02e0 98D66EA5 		.ascii	"\230\326n\245\014\315\266\332\264\026\333z\327\320\323"
 3086      0CCDB6DA 
 3086      B416DB7A 
 3086      D7D0D3
 3087 02ef 8E166937 		.ascii	"\216\026i7\333\314X:\2234\255z=\336\330\244u[v\207\323"
 3087      DBCC583A 
 3087      9334AD7A 
 3087      3DDED8A4 
 3087      755B7687 
 3088 0304 95D08D78 		.ascii	"\225\320\215x\332\316tvh\261]\321\246\306\370\216\226"
 3088      DACE7476 
 3088      68B15DD1 
 3088      A6C6F88E 
 3088      96
 3089 0315 E6D7E27B 		.ascii	"\346\327\342{L;\325\235\260\015\015\326\205\303\032"
 3089      4C3BD59D 
 3089      B00D0DD6 
 3089      85C31A
 3090 0324 BDBA28B5 		.ascii	"\275\272(\265\234j\246\345hvZ3;\365}\231\244A1\247\307"
 3090      9C6AA6E5 
 3090      68765A33 
 3090      3BF57D99 
 3090      A44131A7 
 3091 0339 09B743A0 		.ascii	"\011\267C\240-\341\030-\266\271\375?Jt+\225\262:5c\177"
 3091      2DE1182D 
 3091      B6B9FD3F 
 3091      4A742B95 
 3091      B23A3563 
 3092 034e 5ADBB633 		.ascii	"Z\333\2663\252E\242\261\346\230\026\261\250Ks\015)\345"
 3092      AA45A2B1 
 3092      E69816B1 
 3092      A84B730D 
 3092      29E5
 3093 0360 984E7CAF 		.ascii	"\230N|\257\256\023\332\012\275=i\3543\366&\322\206\023"
 3093      AE13DA0A 
 3093      BD3D69EC 
 3093      33F626D2 
 3093      8613
ARM GAS  /tmp/ccHiDj7f.s 			page 70


 3094 0372 D6C31B93 		.ascii	"\326\303\033\223{\332\232\032\267$\341\225\377G\357"
 3094      7BDA9A1A 
 3094      B724E195 
 3094      FF47EF
 3095 0381 B26C624D 		.ascii	"\262lbM\370\357m\336\020\245,\235\360\011mi4\2663$\346"
 3095      F8EF6DDE 
 3095      10A52C9D 
 3095      F0096D69 
 3095      34B63324 
 3096 0396 EBB2CDF5 		.ascii	"\353\262\315\365\2415\033\201\331\020H\031)\313\356"
 3096      A1351B81 
 3096      D9104819 
 3096      29CBEE
 3097 03a5 817F0192 		.ascii	"\201\177\001\222\304\233\352"
 3097      C49BEA
 3098              		.text
 3099              		.section	.gnu.lto_chMsgWait.245.cbfd633e6eec8a62,"e",%progbits
 3100 0000 789C8D52 		.ascii	"x\234\215R[H\024a\024>\347\337\233&E R\371\264D%\224"
 3100      5B481461 
 3100      143EE7DF 
 3100      9B264520 
 3100      52F9B444 
 3101 0016 EE7841EA 		.ascii	"\356xA\352\261\2220\037\026\304\215^\227uv\334\235t"
 3101      B192301F 
 3101      16C48D5E 
 3101      977576DC 
 3101      9D74
 3102 0028 1C9BD9CD 		.ascii	"\034\233\331\315Dd\307K\005B\027%\205jS#|\356ES\324"
 3102      4464C74B 
 3102      05421725 
 3102      856A5323 
 3102      7CEE4553 
 3103 003d 746A5DDC 		.ascii	"tj]\334\360!\210\036\302$I\220\036\004\323\014\364A"
 3103      F021881E 
 3103      C2244990 
 3103      1E04D30C 
 3103      F441
 3104 004f B3F3CF6E 		.ascii	"\263\363\317n\322K\3210\3149\377\371\276\363\235\357"
 3104      D24BD130 
 3104      CC39FFF9 
 3104      BEF39DEF 
 3105 005f 3FCC5506 		.ascii	"?\314U\006P\207\000\247\000\000m\200\275=\335\014\014"
 3105      508700A7 
 3105      00006D80 
 3105      BD3DDD0C 
 3105      0C
 3106 0070 C338EF62 		.ascii	"\3038\357b\330\336\323\275\025\037\261\343$Z\005\204"
 3106      D8DED3BD 
 3106      151FB1E3 
 3106      245A0584 
 3107 0080 18C3183E 		.ascii	"\030\303\030>\2639\320\231\213v\372\346\241[0\015c;"
 3107      B339D099 
 3107      8B76FAE6 
 3107      A15B300D 
 3107      633B
 3108 0092 B9BA3E76 		.ascii	"\271\272>v\"\321y\353r\014\332\306q\214\344\370\343"
 3108      22D179EB 
ARM GAS  /tmp/ccHiDj7f.s 			page 71


 3108      720CDAC6 
 3108      718CE4F8 
 3108      E3
 3109 00a3 C0AC76A4 		.ascii	"\300\254v\244\357\031\242\254\247\236\3379\364\240="
 3109      EF19A2AC 
 3109      A79EDF39 
 3109      F4A03D
 3110 00b2 2B3681FB 		.ascii	"+6\201\373\214.\334>\226\003\223\010m4\332\2019\000"
 3110      8C2EDC3E 
 3110      96039308 
 3110      6D34DA81 
 3110      3900
 3111 00c4 ADAF389F 		.ascii	"\255\2578\237\222\226i+\241\261\343+%0\205-\351\362"
 3111      9296692B 
 3111      A1B1E32B 
 3111      2530852D 
 3111      E9F2
 3112 00d6 0CEED7E3 		.ascii	"\014\356\327\343S\311E'\230\330\314\307\314\361j\021"
 3112      53C94527 
 3112      98D8CCC7 
 3112      CCF16A11 
 3113 00e6 77327DEF 		.ascii	"w2}\357\323\273\374\270a\332\243o\260\325\032\224@\346"
 3113      D3BBFCB8 
 3113      61DAA36F 
 3113      B0D51A94 
 3113      40E6
 3114 00f8 E8C20FF9 		.ascii	"\350\302\017\371i\037\333\013\275{\243\205\211N#epJ"
 3114      691FDB0B 
 3114      BD7BA385 
 3114      894E2365 
 3114      704A
 3115 010a 5B8662B9 		.ascii	"[\206b\271\345\262\333sO\234\263\010\257\261\025h^\022"
 3115      E5B2DB73 
 3115      4F9CB308 
 3115      AFB11568 
 3115      5E12
 3116 011c C9108188 		.ascii	"\311\020\201\210\023\370\342\275\3034v\366\356\033\346"
 3116      13F8E2BD 
 3116      C33476F6 
 3116      EE1BE6
 3117 012b D7BC2FDF 		.ascii	"\327\274/\337R+\203\225.Z\327\004\241\0036\2760\303"
 3117      522B8395 
 3117      2E5AD704 
 3117      A10336BE 
 3117      30C3
 3118 013d 8E860930 		.ascii	"\216\206\0110hc\351C'\035\266\230\261\334C\346x|\350"
 3118      6863E943 
 3118      271DB698 
 3118      B1DC43E6 
 3118      787CE8
 3119 0150 E26173A3 		.ascii	"\342as\243\357\363\343~\344\367\340\305\315\205l\234"
 3119      EFF3E37E 
 3119      E4F7E0C5 
 3119      CD856C9C 
 3120 0160 B1D2CDD1 		.ascii	"\261\322\315\321\341\237\253\037s\321L\003\203kG)v\014"
 3120      E19FAB1F 
 3120      73D14C03 
ARM GAS  /tmp/ccHiDj7f.s 			page 72


 3120      836B4729 
 3120      760C
 3121 0172 31C0043A 		.ascii	"1\300\004:\243Xlqv\343/\227\236\"\316\2469\223K\331"
 3121      A3586C71 
 3121      76E32F97 
 3121      9E22CEA6 
 3121      39934BD9 
 3122 0186 9844D861 		.ascii	"\230D\330a\035\307\271\313y\346\300\202Ev;Kw`6](\205"
 3122      1DC7B9CB 
 3122      79E6C082 
 3122      45763B4B 
 3122      7760365D 
 3123 019c 40E12D5A 		.ascii	"@\341-Z\313)X\"\340:/\317#\367\325\261>2<\260\226\305"
 3123      CB295822 
 3123      E03A2FCF 
 3123      23F7D5B1 
 3123      3E323CB0 
 3124 01b2 D52D9BDF 		.ascii	"\325-\233\3377\372~,\014c\306\314\362\326\002\302.\353"
 3124      37FA7E2C 
 3124      0C63C6CC 
 3124      F2D602C2 
 3124      2EEB
 3125 01c4 74433732 		.ascii	"tC72U\241\";`\261\306\357\366W\322\357\300\261\241\022"
 3125      55A1223B 
 3125      60B1C6EF 
 3125      F657D2EF 
 3125      C0B1A112 
 3126 01d8 9B8D5039 		.ascii	"\233\215P9\004\300\016rE7-\303f\263\332\037\315\375"
 3126      04C00E72 
 3126      45372DC3 
 3126      66B3DA1F 
 3126      CDFD
 3127 01ea D12E42A6 		.ascii	"\321.B\246{9\356\202=\272S9\261\200\257\015\323\233"
 3127      7B39EE82 
 3127      3DBA5339 
 3127      B180AF0D 
 3127      D39B
 3128 01fc EA30F9D1 		.ascii	"\3520\371\321'\204UE\0224\265V\250\326\324k\222\030"
 3128      27845545 
 3128      1234B556 
 3128      A8D6D46B 
 3128      9218
 3129 020e D1858AB0 		.ascii	"\321\205\212\260\\+\373\"\321\240\254\376\231\373K\313"
 3129      5C2BFB22 
 3129      D1A0ACFE 
 3129      99FB4BCB 
 3130 021e 846655AB 		.ascii	"\204fU\253\327\233\002\242\344\217h\321\306z\301w\305"
 3130      D79B02A2 
 3130      E48F68D1 
 3130      C67AC177 
 3130      C5
 3131 022f 5B56EAAF 		.ascii	"[V\352\257\254\256\272\350\257\2235\2459\240I\002\234"
 3131      ACAEBAE8 
 3131      AF9335A5 
 3131      39A04902 
 3131      9C
 3132 0240 F678047A 		.ascii	"\366x\004zE\336\252\352\031\246\252\013ZD\220\033\305"
ARM GAS  /tmp/ccHiDj7f.s 			page 73


 3132      45DEAAEA 
 3132      19A6AA0B 
 3132      5A44901B 
 3132      C5
 3133 0251 86685022 		.ascii	"\206hP\"L\321C\2360\260H\323\0211\034\224\032\244P "
 3133      4CD1439E 
 3133      30B048D3 
 3133      11311C94 
 3133      1AA45020 
 3134 0265 22E91ED1 		.ascii	"\"\351\036\321S\034\254\253-+=\027\374?\025\275E'\025"
 3134      531CACAB 
 3134      2D2B3D17 
 3134      FC3F15BD 
 3134      452715
 3135 0278 576D4097 		.ascii	"Wm@\227\2525\371\322_ZDUQ\324FA\272\031\021.\324x\205"
 3135      AA35F9D2 
 3135      5F5A4455 
 3135      51D44641 
 3135      BA19112E 
 3136 028f 0AAFAFCA 		.ascii	"\012\257\257\312'T\250\344\265\352\267\222\242\313\272"
 3136      2754A8E4 
 3136      B5EAB792 
 3136      A2CBBA
 3137 029e 3F248AA4 		.ascii	"?$\212\244V\376o\225&U\243\035\221\316\215\263E^b\211"
 3137      56FE6F95 
 3137      2655A31D 
 3137      91CE8DB3 
 3137      455E6289 
 3138 02b2 A4435D87 		.ascii	"\244C]\207\275\276\0327\367\321\244\311\205\356\223"
 3138      BDBE1A37 
 3138      F7D1A4C9 
 3138      85EE93
 3139 02c1 C5C03470 		.ascii	"\305\3004p)\222\242j-\360\013?\241K\367"
 3139      2992A26A 
 3139      2DF00B3F 
 3139      A14BF7
 3140              		.text
 3141              		.section	.gnu.lto_chMsgWaitTimeout.246.cbfd633e6eec8a62,"e",%progbits
 3142 0000 789C8D52 		.ascii	"x\234\215R[H\024a\024>\347\337\213\273\011\022\204T"
 3142      5B481461 
 3142      143EE7DF 
 3142      8BBB0912 
 3142      8454
 3143 0012 3E2D5109 		.ascii	">-Q\011]vL\211z\254$\312`A\334\336\227uv\324I\307\261"
 3143      5D764C89 
 3143      7AAC24CA 
 3143      6041DCDE 
 3143      977576D4 
 3144 0029 99D96C09 		.ascii	"\231\331l\011\331_\355\202Bw\020\311{`\364\026B\027"
 3144      D95FED82 
 3144      427710C9 
 3144      7B60F416 
 3144      4217
 3145 003b 29AD5553 		.ascii	")\255US\323\012\263z\010+\005\011|\010B\322P\242\262"
 3145      D30AB37A 
 3145      082B0509 
 3145      7C0842D2 
ARM GAS  /tmp/ccHiDj7f.s 			page 74


 3145      50A2B2
 3146 004e F3CF6EE2 		.ascii	"\363\317n\342K\021\014\377\177\376\363}\347;\3379L\234"
 3146      4B110CFF 
 3146      7FFEF37D 
 3146      E73BDF39 
 3146      4C9C
 3147 0060 015422C0 		.ascii	"\001T\"\300v\000@\007\340\265\253\215\0148\347\007\322"
 3147      76004007 
 3147      E0B5AB8D 
 3147      0C38E707 
 3147      D2
 3148 0071 18D65E6D 		.ascii	"\030\326^m\\\271}\327\211\375h'\020\342\014\343\330"
 3148      5CB97DD7 
 3148      89FD6827 
 3148      10E20CE3 
 3148      D8
 3149 0082 E570A17B 		.ascii	"\345p\241{\003:\351\314D\237\224\340|y\3703\237\334"
 3149      033AE9CC 
 3149      449F94E0 
 3149      7C79F833 
 3149      9FDC
 3150 0094 3A547FEE 		.ascii	":T\177\356h\034jz\361\001\311\001\270\320S\213\260\233"
 3150      681C6A7A 
 3150      F101C901 
 3150      B8D0538B 
 3150      B09B
 3151 00a6 E057CBBD 		.ascii	"\340W\313\275\234{\341\314CL\201\2145\340\344f\233\322"
 3151      9C7BE1CC 
 3151      434C818C 
 3151      35E0E466 
 3151      9BD2
 3152 00b8 8574EE24 		.ascii	"\205t\356$\322|C\367\205\214+\265\236x\037\256J4\340"
 3152      D27C43F7 
 3152      858C2BB5 
 3152      9E781FAE 
 3152      4A34E0
 3153 00cb C7CDE9D0 		.ascii	"\307\315\351\320\217PC\336\\\230\016\020{\"\370\024"
 3153      8F5043DE 
 3153      5C980E10 
 3153      7B22F814 
 3154 00db 5427EC80 		.ascii	"T'\354\200\213\346\271\360\030\253\223\351\001\\\315"
 3154      8BE6B9F0 
 3154      18AB93E9 
 3154      015CCD
 3155 00ea B7BE18FE 		.ascii	"\267\276\030\376\340\206A\214\2126\023\"+\274,O_z?\221"
 3155      E086418C 
 3155      8A361322 
 3155      2BBC2C4F 
 3155      5F7A3F91 
 3156 00fe D5CA134E 		.ascii	"\325\312\023N\363)\306\354F\303\310\334\015\3706+\351"
 3156      F329C6EC 
 3156      46C3C8DC 
 3156      0DF8362B 
 3156      E9
 3157 010f 63F9FBB5 		.ascii	"c\371\373\265\225{\273\206\352\3713.(5)\212=\220\335"
 3157      957BBB86 
 3157      EAF9332E 
ARM GAS  /tmp/ccHiDj7f.s 			page 75


 3157      2835298A 
 3157      3D90DD
 3158 0122 6EB4C53D 		.ascii	"n\264\305=\2020\2041\240~\243H\206\010D\354\303;\257"
 3158      82308431 
 3158      A07EA348 
 3158      860844EC 
 3158      C33BAF
 3159 0135 5D09FE63 		.ascii	"]\011\376c\3452O\314e\326\336\034kn\275\345\3650\304"
 3159      E5324FCC 
 3159      65D6DE1C 
 3159      6B6EBDE5 
 3159      F530C4
 3160 0148 87E80442 		.ascii	"\207\350\004B\001\332\035b\257\334\211<\001\320\341"
 3160      01DA1D62 
 3160      AFDC893C 
 3160      01D0E1
 3161 0157 60C9473D 		.ascii	"`\311G==\226\030\237\275>\216\366\335\264N\\\013=M\323"
 3161      3D96189F 
 3161      BD3E8EF6 
 3161      DDB44E5C 
 3161      0B3D4DD3 
 3162 016b 379A504C 		.ascii	"7\232PL#\222\013S^\034\260\303\205o\335\277>\277\333"
 3162      23920B53 
 3162      5E1CB0C3 
 3162      856FDDBF 
 3162      3EBFDB
 3163 017e 808349A0 		.ascii	"\200\203I\240\343\313&\272\353:\031\3400\272M\314\261"
 3163      E3CB26BA 
 3163      EB3A19E0 
 3163      30BA4DCC 
 3163      B1
 3164 018f 39FD6DF7 		.ascii	"9\375m\367g\332\020G\222\234G3^\034E\370\301\352\266"
 3164      67DA1047 
 3164      929C4733 
 3164      5E1C45F8 
 3164      C1EAB6
 3165 01a2 08AF6F98 		.ascii	"\010\257o\230\013\263?\261\363\236\223.\364\322X\324"
 3165      0BB33FB1 
 3165      F39E932E 
 3165      F4D258D4 
 3166 01b2 97AEE738 		.ascii	"\227\256\3478&V\224=G\200.\322/Q\370\252\233_\354n\377"
 3166      2656943D 
 3166      47802ED2 
 3166      2F51F8AA 
 3166      9B5FEC6E 
 3167 01c7 E211EAB6 		.ascii	"\342\021\352\266\315\257=M\213S\335\23023\2734\205\360"
 3167      CDAF3D4D 
 3167      8B53DD98 
 3167      3233BB34 
 3167      85F0
 3168 01d9 93D5FBA0 		.ascii	"\223\325\373\240\021\231VNI\226n\263z/6\037\243\277"
 3168      1199564E 
 3168      49966EB3 
 3168      7A2F361F 
 3168      A3BF
 3169 01eb 86B0B39D 		.ascii	"\206\260\263\235{\034NBK\025\000\007c\031B\323G\353"
 3169      7B1C4E42 
ARM GAS  /tmp/ccHiDj7f.s 			page 76


 3169      4B150007 
 3169      631942D3 
 3169      47EB
 3170 01fd 70386D81 		.ascii	"p8m\201\226\3615\002aH\325\317\266\257\203\025\232j"
 3170      96F13502 
 3170      6148D5CF 
 3170      B6AF8315 
 3170      9A6A
 3171 020f 2FB1402C 		.ascii	"/\261@,\016\223\273\252K\210gP*\3235E2\364b\251\320"
 3171      0E93BBAA 
 3171      4B886750 
 3171      2AD33545 
 3171      32F462A9 
 3172 0224 D04F28B2 		.ascii	"\320O(\262eJ\371ej\261\032\264\242\021U_\033\207r\363"
 3172      654AF965 
 3172      6AB11AB4 
 3172      A211555F 
 3172      1B8772F3 
 3173 0238 A46ADD28 		.ascii	"\244j\335(7\253\302\262\022\262\214he\271\024<\036\310"
 3173      37ABC2B2 
 3173      12B28C68 
 3173      65B9143C 
 3173      1EC8
 3174 024a CB0D1D29 		.ascii	"\313\015\035),8\024*Q\015\255:l(\022\354\360\373%\372"
 3174      2C38142A 
 3174      510DAD3A 
 3174      6C2812EC 
 3174      F0FB25FA 
 3175 025e 6451AA9B 		.ascii	"dQ\252\233)\246nJ\206%\251\225rE4\242\020\246\231\245"
 3175      29A66E4A 
 3175      8625A995 
 3175      724534A2 
 3175      10A699A5 
 3176 0272 FE3248B3 		.ascii	"\3762H\263TM\321\243\326F\271,\242T(\245aK1\375\262"
 3176      544DD1A3 
 3176      D646B92C 
 3176      A25428A5 
 3176      614B31FD 
 3177 0287 3F275252 		.ascii	"?'RR\234\227\273?\002\314\252\372/53f\012\265\342\260"
 3177      9C97BB3F 
 3177      02CCAAFA 
 3177      2F353366 
 3177      0AB5E2B0 
 3178 029b A9141AEA 		.ascii	"\251\024\032\352\341\277\224\310\272\246\351\225\222"
 3178      E1BF94C8 
 3178      BAA6E995 
 3178      92
 3179 02a8 72DA920E 		.ascii	"r\332\222\016\026\005\244\374@\260 (\345\353\344\271"
 3179      1605A4FC 
 3179      40B02028 
 3179      E5EBE4B9 
 3180 02b8 E08F9266 		.ascii	"\340\217\222f\252f\250T\226Im\357\277U\252t\203vE:\247"
 3180      AA66A854 
 3180      96496DEF 
 3180      BF55AA74 
 3180      8376453A 
 3181 02cd F6ED0E10 		.ascii	"\366\355\016\020K&\035\252Z\037\010\026\371\204\217"
ARM GAS  /tmp/ccHiDj7f.s 			page 77


 3181      4B261DAA 
 3181      5A1F0816 
 3181      F9848F
 3182 02dc 2A43DDE5 		.ascii	"*C\335\345\333\226\003\314\2004M\321t#\006\277\001\331"
 3182      DB9603CC 
 3182      80344DD1 
 3182      742306BF 
 3182      01D9
 3183 02ee 725A31   		.ascii	"rZ1"
 3184              		.text
 3185              		.section	.gnu.lto___ch_delegate_fn0.336.cbfd633e6eec8a62,"e",%progbits
 3186 0000 789C554E 		.ascii	"x\234UNKH\002Q\024\275\367\275q2\202\010\"\022j\341"
 3186      4B480251 
 3186      14BDF7BD 
 3186      71328208 
 3186      22126AE1 
 3187 0014 AA4DE40B 		.ascii	"\252M\344\013%h\031\265\210\026\201`{\321q\254\3517"
 3187      256819B5 
 3187      88168160 
 3187      7BD171AC 
 3187      E937
 3188 0026 31634884 		.ascii	"1cH\204\370,\220\020\241l\233\364\201\240h\323&\260"
 3188      F82C9010 
 3188      A16C9BF4 
 3188      81A068D3 
 3188      26B0
 3189 0038 4241880A 		.ascii	"BA\210\012ZE\233h\3336\210 \242\026F\335\261\350\003"
 3189      5A459B68 
 3189      DB368820 
 3189      A21646DD 
 3189      B1E803
 3190 004b E75DDE3D 		.ascii	"\347]\336=\347\334so\013\002\354\001@\027=\344\200\353"
 3190      E7DC736F 
 3190      0B02EC01 
 3190      40173DE4 
 3190      80EB
 3191 005d 851C0329 		.ascii	"\205\034\003)\345@\003\303L!w\273q\244`\005\353\004"
 3191      E54003C3 
 3191      4C2177BB 
 3191      71A46005 
 3191      EB04
 3192 006f 429A611A 		.ascii	"B\232a\032w\270\013\325VT\250\266\241W\220\364v\376"
 3192      77B80BD5 
 3192      5654A8B6 
 3192      A15790F4 
 3192      76FE
 3193 0081 204B9DC5 		.ascii	" K\235\305\375\252\222\206\3241\226(\022\300\205\356"
 3193      FDAA9286 
 3193      D4319628 
 3193      12C085EE 
 3194 0091 2C424F55 		.ascii	",BOU\312\353\253c)\033a\361\024\277E\306\362\370\344"
 3194      CAEBAB63 
 3194      291B61F1 
 3194      14BF45C6 
 3194      F2F8E4
 3195 00a4 A95B7691 		.ascii	"\251[v\221j7\231\236N\316r\315k\031\367B\031\177\"\362"
 3195      6A37999E 
ARM GAS  /tmp/ccHiDj7f.s 			page 78


 3195      4ECE72CD 
 3195      6B19F742 
 3195      197F22F2 
 3196 00b8 58F33441 		.ascii	"X\3634A\005!\345\034G\3002\036\336(UY\373X\225\362\262"
 3196      0521E51C 
 3196      47C0321E 
 3196      DE285559 
 3196      FB5895F2 
 3197 00cd E3AEF6E8 		.ascii	"\343\256\366\350\2463\361\024\025 I\005F\276M\356\234"
 3197      A633F114 
 3197      15204905 
 3197      46BE4DEE 
 3197      9C
 3198 00de 2F159455 		.ascii	"/\025\224U\200-\316\276\232\0145\257L\336?_ \274\263"
 3198      802DCEBE 
 3198      9A0C35AF 
 3198      4CDE3F5F 
 3198      20BCB3
 3199 00f1 ECCAD901 		.ascii	"\354\312\331\001r\005\20035\211\240.\"\024\221\364%"
 3199      72058033 
 3199      3589A02E 
 3199      221491F4 
 3199      25
 3200 0102 2FC510EF 		.ascii	"/\305\020\3578_\352\316\345\355>\256\022\303\\\360A"
 3200      385FEACE 
 3200      E5ED3EAE 
 3200      12C35CF0 
 3200      41
 3201 0113 3257A1BE 		.ascii	"2W\241\276\002\177W\000\204\304\2049\243\013\313\214"
 3201      027F5700 
 3201      84C48439 
 3201      A30BCB8C 
 3202 0123 8AA0654E 		.ascii	"\212\240eN\352Z\302\026C\023F\324\010%\346c\206\371"
 3202      EA5AC216 
 3202      431346D4 
 3202      0825E663 
 3202      86F9
 3203 0135 F71FF607 		.ascii	"\367\037\366\007D\322\264\246\354\271\210\246\207\023"
 3203      44D2B4A6 
 3203      ECB988A6 
 3203      8713
 3204 0143 D6FCEC94 		.ascii	"\326\374\354\224\010\215\215\006\374\341\341\340\310"
 3204      088D8D06 
 3204      FCE1E1E0 
 3204      C8
 3205 0150 60386E58 		.ascii	"`8nX3\311\210\245\013\020>\237\003\315\0315\355o\247"
 3205      33C988A5 
 3205      0B103E9F 
 3205      03CD1935 
 3205      ED6FA7
 3206 0163 6913A68D 		.ascii	"i\023\246\215\250\260-\215\244\230>\255\217G\022\272"
 3206      A8B02D8D 
 3206      A4983EAD 
 3206      8F4712BA 
 3207 0173 EDD3C015 		.ascii	"\355\323\300\025\261\306\355\271\366\177\244\2577\026"
 3207      B1C6EDB9 
 3207      F67FA4AF 
ARM GAS  /tmp/ccHiDj7f.s 			page 79


 3207      3716
 3208 0181 8F06FCFD 		.ascii	"\217\006\374\3751\340\361\331\336O\250\000\224\012"
 3208      31E0F1D9 
 3208      DE4FA800 
 3208      940A
 3209              		.text
 3210              		.section	.gnu.lto___ch_delegate_fn1.337.cbfd633e6eec8a62,"e",%progbits
 3211 0000 789C558F 		.ascii	"x\234U\217Oh\023Q\020\306\347{o\263n)x\021i\016=\364"
 3211      4F681351 
 3211      10C6E77B 
 3211      6FB36E29 
 3211      7811690E 
 3212 0016 E4A534CF 		.ascii	"\344\2454\317&\010\036\245\036\244\007\241\220\336C"
 3212      26081EA5 
 3212      1EA407A1 
 3212      90DE43
 3213 0025 B2D9346B 		.ascii	"\262\3314k\377l\330M\010\245\224\274\210\204\022\012"
 3213      FF6CD84D 
 3213      08A594BC 
 3213      8884120A 
 3214 0035 5A6FD2D8 		.ascii	"Zo\322\330V\024,\275\350\241\320?\3044RD(\012\342A\360"
 3214      56142CBD 
 3214      E8A1D03F 
 3214      C4345244 
 3214      280AE241 
 3215 004a 2478F552 		.ascii	"$x\365R\360P\017\225vvm\265\302\274\341\315|\277\371"
 3215      F0500F95 
 3215      76766DB5 
 3215      C2BCE1CD 
 3215      7CBFF9
 3216 005d 98298268 		.ascii	"\230)\202h\203\210\256\361\203$<^j\012\322Z\337\272"
 3216      8388AEF1 
 3216      83243C5E 
 3216      6A0AD25A 
 3216      DFBA
 3217 006f 24505F6A 		.ascii	"$P_j\036\2656\015\354!j\200j\0025<\2231\230W`p\276\212"
 3217      1EB5360D 
 3217      EC216A80 
 3217      6A02353C 
 3217      93319857 
 3218 0087 01C5D2AF 		.ascii	"\001\305\322\257w?^\357\364\267\326\273F\215\346\267"
 3218      773F5EEF 
 3218      F4B7D6BB 
 3218      468DE6B7 
 3219 0097 B1C59644 		.ascii	"\261\305\226D1X\015\320PW\353O\007\333Z\367\320\334"
 3219      31580DD0 
 3219      5057EB4F 
 3219      07DB5AF7 
 3219      D0DC
 3220 00a9 2ECE4421 		.ascii	".\316D!\026\321\211G\310\013p\036d\217\303\217\317\033"
 3220      16D18947 
 3220      C80B701E 
 3220      648FC38F 
 3220      CF1B
 3221 00bb 971FD5AD 		.ascii	"\227\037\325\255Z\033\177-\026\361%\316\314\313\210"
 3221      5A1B7F2D 
 3221      16F125CE 
ARM GAS  /tmp/ccHiDj7f.s 			page 80


 3221      CCCB88
 3222 00ca 61A3C30F 		.ascii	"a\243\303\017\373\315\220\231\355\\d\016\342\275\264"
 3222      FBCD9099 
 3222      ED5C640E 
 3222      E2BDB4
 3223 00d9 8737A0F9 		.ascii	"\2077\240\371\360\004vG\007h\343\325g\243\253\217O\036"
 3223      F0047647 
 3223      0768E3D5 
 3223      67A3AB8F 
 3223      4F1E
 3224 00eb 6AFDADFF 		.ascii	"j\375\255\377\353\361O\253G\000\2730\210U\223X\267H"
 3224      EBF14FAB 
 3224      4700BB30 
 3224      88559358 
 3224      B748
 3225 00fd 30BF22C3 		.ascii	"0\277\"\303c\265\001\335%Z\225\342OQ\347\342H\350\357"
 3225      63B501DD 
 3225      255A95E2 
 3225      4F51E7E2 
 3225      48E8EF
 3226 0110 4FDE837E 		.ascii	"O\336\203~\213\306\302\376\006\244A$\205Y\005\231s\240"
 3226      8BC6C2FE 
 3226      06A44124 
 3226      85590599 
 3226      73A0
 3227 0122 1658BF3F 		.ascii	"\026X\277?\300^\334\017\311\345s\262 \315\010\254\200"
 3227      C05EDC0F 
 3227      C9E573B2 
 3227      20CD08AC 
 3227      80
 3228 0133 F016E75C 		.ascii	"\360\026\347\\\033\334\016\271\247\021\367`\355\206"
 3228      1BDC0EB9 
 3228      A711F760 
 3228      ED86
 3229 0141 B478529A 		.ascii	"\264xR\232\302\244\023\006\244E\3212\370\267\014QZ\025"
 3229      C2A41306 
 3229      A445D132 
 3229      F8B70C51 
 3229      5A15
 3230 0153 BD6947F9 		.ascii	"\275iG\371^N\215\371\336=\307.\007\352v\321\315\271"
 3230      5E4E8DF9 
 3230      DE3DC72E 
 3230      07EA76D1 
 3230      CDB9
 3231 0165 E97225EF 		.ascii	"\351r%\357z\027\377\231dJU=\1772(em'S\366+3\223*=~7"
 3231      7A17FF99 
 3231      644A553D 
 3231      7F322865 
 3231      6D2753F6 
 3232 0180 95CCDC19 		.ascii	"\225\314\334\031\033\035\311\024\\\177\272\232\365\035"
 3232      1B1DC914 
 3232      5C7FBA9A 
 3232      F51D
 3233 018e 452A9108 		.ascii	"E*\221\010\303\016G\275\340\214\364\002\216)7\247\002"
 3233      C30E47BD 
 3233      E08CF402 
 3233      8E2937A7 
ARM GAS  /tmp/ccHiDj7f.s 			page 81


 3233      02
 3234 019f DF6629EF 		.ascii	"\337f)\357L9\023\331\262\023$l\212e\375\211\240\324"
 3234      4C3913D9 
 3234      B213246C 
 3234      8A65FD89 
 3234      A0D4
 3235 01b1 F75F3371 		.ascii	"\367_3q=_\310\245\2227\363$J\303\26203|\012X\001\255"
 3235      3D5FC8A5 
 3235      9237F324 
 3235      4AC3B230 
 3235      337C0A58 
 3236 01c7 32       		.ascii	"2"
 3237              		.text
 3238              		.section	.gnu.lto___ch_delegate_fn2.338.cbfd633e6eec8a62,"e",%progbits
 3239 0000 789C55D0 		.ascii	"x\234U\320Mh\023A\024\007\360\367\237\331\254k\012\""
 3239      4D681341 
 3239      1407F0F7 
 3239      9FD9AC6B 
 3239      0A22
 3240 0012 88988342 		.ascii	"\210\230\203BN^\304\254&\010\036\245\036\304\203P\210"
 3240      4E5EC4AC 
 3240      26081EA5 
 3240      1EC48350 
 3240      88
 3241 0023 F7908F4D 		.ascii	"\367\220\217M\033\373\261a7!\224Rv\342G\224P\321z\023"
 3241      1BFBB161 
 3241      37219452 
 3241      76E24794 
 3241      50D17A13 
 3242 0037 42552C28 		.ascii	"BU,(\005\321\203`\2511\335\022E\360\344\007\"\236\004"
 3242      05D18360 
 3242      A931DD12 
 3242      45F0E407 
 3242      229E04
 3243 004a 4F7E5C72 		.ascii	"O~\\rSP\211o\267\215\2150;\354\274\367\233\367ff\035"
 3243      5350896F 
 3243      B78D8D30 
 3243      3BECBCF7 
 3243      9BF76666 
 3244 005f 440F88E8 		.ascii	"D\017\210\350 \177\220\204\033\213MAJ\251\023;\004\352"
 3244      207F9084 
 3244      1B8B4D41 
 3244      4AA9133B 
 3244      04EA
 3245 0071 8BCD4F4B 		.ascii	"\213\315OK\2175l \014\200<\001\017wd\004\372\036h<\357"
 3245      8F356C20 
 3245      0C803C01 
 3245      0F776404 
 3245      FA1E683C 
 3246 0086 45DCE4D4 		.ascii	"E\334\344\324\317\027\337{O\367\267\356\373\232G\363"
 3246      CF17DF7B 
 3246      4FF7B7EE 
 3246      FB9A47F3 
 3247 0096 AB78C225 		.ascii	"\253x\302%\211\"0\032\240\303\276R\257_\255*\265\223"
 3247      8922301A 
 3247      A0C3BE52 
 3247      AF5FAD2A 
ARM GAS  /tmp/ccHiDj7f.s 			page 82


 3247      B593
 3248 00a8 E6D6B095 		.ascii	"\346\326\260\225\024b\001\365XH\226\301\363!\256\321"
 3248      146201F5 
 3248      584896C1 
 3248      F321AED1 
 3249 00b8 FB76B7B1 		.ascii	"\373v\267\261\353z\335\360\332\370Wb\001\31316\367\006"
 3249      EB7ADDF0 
 3249      DAF85762 
 3249      01CB3136 
 3249      F706
 3250 00ca E6D1D70B 		.ascii	"\346\321\327\013\227\325\356\213q\2573ln\006f%4\334"
 3250      97D5EE8B 
 3250      71AF336C 
 3250      6E066625 
 3250      34DC
 3251 00dc ACF7A5DB 		.ascii	"\254\367\245\333\014\352\314\372\303\346jl\2046\260"
 3251      0CEACCFA 
 3251      C3E66A6C 
 3251      8436B0
 3252 00eb 8E67A0F9 		.ascii	"\216g\240\371\340\242D\022>\320\001\332x\370V\363\325"
 3252      E0A24412 
 3252      3ED001DA 
 3252      78F856F3 
 3252      D5
 3253 00fc EFFE35A5 		.ascii	"\357\3765\245\372\007>\266~\031#\002X\203F\014tbb\020"
 3253      FA073EB6 
 3253      7E192302 
 3253      5883460C 
 3253      74626210 
 3254 0110 A32809DE 		.ascii	"\243(\011\336\267$\203\247Q\032\224OtK\212\315E\235"
 3254      B72483A7 
 3254      511A944F 
 3254      744B8ACD 
 3254      459D
 3255 0122 173F84FA 		.ascii	"\027?\204\372\374\346%\350\217h\\\351\256@j\334A\350"
 3255      FCE625E8 
 3255      8F685CE9 
 3255      AE406ADC 
 3255      41E8
 3256 0134 35903E07 		.ascii	"5\220>\007j\201\363\347\343\\\220\343\201|7\220E\251"
 3256      6A81F3E7 
 3256      E35C90E3 
 3256      817C3790 
 3256      45A9
 3257 0146 87B00A42 		.ascii	"\207\260\012B\027\003\327\001\207\003\367~\333\031\201"
 3257      1703D701 
 3257      8703F77E 
 3257      DB1981
 3258 0155 C3730CB1 		.ascii	"\303s\014\26168\032\260\017!\273t\373\230\214r\003\251"
 3258      36381AB0 
 3258      0F21BB74 
 3258      FB988C72 
 3258      03A9
 3259 0167 4B43E8D4 		.ascii	"KC\350\324g\"\243\024\236\032\333\247&J\233\023\366"
 3259      6722A314 
 3259      9E1ADBA7 
 3259      264A9B13 
ARM GAS  /tmp/ccHiDj7f.s 			page 83


 3259      F6
 3260 0178 B4653A76 		.ascii	"\264e:v\316\034s\354sV\276\342\232''J\271R\272R-\224"
 3260      CE1C73EC 
 3260      7356BEE2 
 3260      9A27274A 
 3260      B952BA52 
 3261 018e ECE1FF4C 		.ascii	"\354\341\377L2e\326lg\322-g\363V\246\342Tg&\315\364"
 3261      3265D66C 
 3261      67D22D67 
 3261      F356A6E2 
 3261      546726CD 
 3262 01a3 D933A964 		.ascii	"\3313\251d\346\324\330\351\321L\261\344L\327\262\216"
 3262      E6D4D8E9 
 3262      D14CB1E4 
 3262      4CD7B28E 
 3263 01b3 65929948 		.ascii	"e\222\231H\004#\037l\265\335-i\273<\246J9\323u\362\234"
 3263      04231F6C 
 3263      B5DD2D69 
 3263      BB3CA64A 
 3263      39D375F2 
 3264 01c8 2A5853D6 		.ascii	"*XS\326x\266b\271\211<E\262\316\270[\336\367_0q\244"
 3264      78B662B9 
 3264      893C45B2 
 3264      CEB85BDE 
 3264      F75F3071 
 3265 01dd 50CCA592 		.ascii	"P\314\245\222\307\013$\312IQ>*\2133\311\277K\333\307"
 3265      C70B24CA 
 3265      49513E2A 
 3265      8B33C9BF 
 3265      4BDBC7
 3266 01f0 3F       		.ascii	"?"
 3267              		.text
 3268              		.section	.gnu.lto___ch_delegate_fn3.339.cbfd633e6eec8a62,"e",%progbits
 3269 0000 789C65D0 		.ascii	"x\234e\320Mh\023A\024\007\360\367\237\331\254i\214\""
 3269      4D681341 
 3269      1407F0F7 
 3269      9FD9AC69 
 3269      8C22
 3270 0012 88E62298 		.ascii	"\210\346\"\230\223\0271\253\011\202G\321\203x\020\012"
 3270      931731AB 
 3270      098247D1 
 3270      8378100A 
 3271 0022 F11EF2B1 		.ascii	"\361\036\362\261ic?6\354&\004)%\023\225XBA\243\327\342"
 3271      69633F36 
 3271      EC260429 
 3271      25139558 
 3271      4241A3D7 
 3272 0037 178AA520 		.ascii	"\027\212\245 \366 XKL\327\206(\364\342\307M\350\311"
 3272      F620584B 
 3272      4CD78628 
 3272      F4E2C74D 
 3272      E8C9
 3273 0049 4B0F5E7A 		.ascii	"K\017^zS\320\030\337\246M\032\021f\207\235\377\373\355"
 3273      53D018DF 
 3273      A64D1A11 
 3273      66879DFF 
 3273      FBED
ARM GAS  /tmp/ccHiDj7f.s 			page 84


 3274 005b DB99392A 		.ascii	"\333\2319*\210\226\211\350\004?\220\204{\365\232 \245"
 3274      889689E8 
 3274      043F9084 
 3274      7BF59A20 
 3274      A5
 3275 006c D4F97D02 		.ascii	"\324\371}\002\225z\355\343\342+\015-\364\002PY\240\214"
 3275      957AEDE3 
 3275      E22B0D2D 
 3275      F4025059 
 3275      A08C
 3276 007e C7D207FD 		.ascii	"\307\322\007\37504\236\217 lp\351g\373\273\273vla\321"
 3276      30349E8F 
 3276      206C70E9 
 3276      67FBBBBB 
 3276      766C61D1 
 3277 0092 D5CA34BB 		.ascii	"\325\3124\273\202\327\340^\344\203\277\012:\345*\365"
 3277      82D7E05E 
 3277      E483BF0A 
 3277      3AE52AF5 
 3278 00a2 696345A9 		.ascii	"icE\251\021\232Y\305nQ\210y\274\011\365\310S\360|\222"
 3278      119A59C5 
 3278      6E518879 
 3278      BC09F5C8 
 3278      53F07C92 
 3279 00b6 7B6CCF3D 		.ascii	"{l\317=\253\036\274[\361\227\033\030\264\230\307V\210"
 3279      AB1EBC5B 
 3279      F1971B18 
 3279      B498C756 
 3279      88
 3280 00c7 CDF3BE59 		.ascii	"\315\363\276Y\356\336\274\255\016\335\012\227\233\303"
 3280      EEDEBCAD 
 3280      0EDD0A97 
 3280      9BC3
 3281 00d5 66D3334B 		.ascii	"f\3233K\003\363g\327\270\303\346\263g^\364\014oh\273"
 3281      03F367D7 
 3281      B8C3E6B3 
 3281      675EF40C 
 3281      6F68BB
 3282 00e8 D3AA79FF 		.ascii	"\323\252y\377\272\276>l\332\241\375\324\302;\254\341"
 3282      BABE3E6C 
 3282      DAA1FDD4 
 3282      C23BACE1 
 3283 00f8 2D68D6BB 		.ascii	"-h\326\273\016\"\015\353\200\0134\201\006^~\321\\\365"
 3283      0E220DEB 
 3283      800B3481 
 3283      065E7ED1 
 3283      5CF5
 3284 010a BB7B47A9 		.ascii	"\273{G\251\255\343_7\237\214\034\020\300*4b\243\023"
 3284      ADE35F37 
 3284      9F8C1C10 
 3284      C02A3462 
 3284      A313
 3285 011c 2B3FB10B 		.ascii	"+?\261\013\020\313 \361\255\322\003\351]\244\322\240"
 3285      10CB20F1 
 3285      ADD203E9 
 3285      5DA4D2A0 
 3286 012c 5CA28752 		.ascii	"\\\242\207R\354,*\274\370!\324\267_\037@\035Q\235k-"
ARM GAS  /tmp/ccHiDj7f.s 			page 85


 3286      EC2C2ABC 
 3286      F821D4B7 
 3286      5F1F401D 
 3286      519D6B2D 
 3287 0140 416A4452 		.ascii	"AjDR\350%\220>\003Z\000\327o\204\271+\347\236\354\364"
 3287      E825903E 
 3287      035A00D7 
 3287      6F84B92B 
 3287      E79EECF4 
 3288 0154 6556EA3D 		.ascii	"eV\352=X\004\241\215\276s\301\261\347\272{\316\3579"
 3288      5804A18D 
 3288      BE73C1B1 
 3288      E7BA7BCE 
 3288      EF39
 3289 0166 BCC7106B 		.ascii	"\274\307\020k\202S\217\3257\006,\360?k\200S\217\335"
 3289      82538FD5 
 3289      37062CF0 
 3289      3F6B8053 
 3289      8FDD
 3290 0178 DF618FCE 		.ascii	"\337a\217\316\312 \357C\352\322/\003B\247.#\031\244"
 3290      CA20EF43 
 3290      EAD22F03 
 3290      42A72E23 
 3290      19A4
 3291 018a DEF1B077 		.ascii	"\336\361\260w<\242\2701nM\231\206m\245\214Q\333\272"
 3291      3CA2B831 
 3291      6E4D9986 
 3291      6DA58C51 
 3291      DBBA
 3292 019c 66A60B8E 		.ascii	"f\246\013\216qq<\227\312\305\013\305L\316\032~ODcF\311"
 3292      71713C97 
 3292      CAC50BC5 
 3292      4CCE1A7E 
 3292      4F446346 
 3293 01b1 B2279C7C 		.ascii	"\262'\234|2m&\012vqz\302\210_\275\022\213&.\215^\276"
 3293      326D260A 
 3293      76717AC2 
 3293      885FBD12 
 3293      8B262E8D 
 3294 01c7 90C8E6EC 		.ascii	"\220\310\346\354\251R\3226\0152\"\021o\244\275O-gWZ"
 3294      A952D236 
 3294      0D322211 
 3294      6FA4BD4F 
 3294      2D67575A 
 3295 01db 0E8FC95C 		.ascii	"\016\217\311\\\312p\3544\2272\346\2449\226,\230N$M\276"
 3295      CA70EC34 
 3295      9732E6A4 
 3295      39962C98 
 3295      4E244DBE 
 3296 01ef A43DE6E4 		.ascii	"\244=\346\344C\377\204\221\323\231l*\026=\227!\221\217"
 3296      43FF8491 
 3296      D3996C2A 
 3296      163D9721 
 3296      918F
 3297 0201 897C54E4 		.ascii	"\211|T\344\317\310\354t\354/w`\340\344"
 3297      CFC8EC74 
 3297      EC2F7760 
ARM GAS  /tmp/ccHiDj7f.s 			page 86


 3297      E0E4
 3298              		.text
 3299              		.section	.gnu.lto___ch_delegate_fn4.340.cbfd633e6eec8a62,"e",%progbits
 3300 0000 789C65D1 		.ascii	"x\234e\321Mh\023A\024\007\360\367\237\331\256i,Q\020"
 3300      4D681341 
 3300      1407F0F7 
 3300      9FD9AE69 
 3300      2C5110
 3301 0013 D38B879E 		.ascii	"\323\213\207\236\004\021\263\232T\360(z\020\017B\241"
 3301      0411B39A 
 3301      54F0287A 
 3301      100F42A1 
 3302 0023 DE433E36 		.ascii	"\336C>6m\354\307\206\335\204\"\245d*\332j)h\305\233"
 3302      6DECC786 
 3302      DD8422A5 
 3302      642ADA6A 
 3302      2968C59B 
 3303 0037 B5ADA028 		.ascii	"\265\255\240(\001\261\240\320Z\323vm\033*=\371q\020"
 3303      01B1A0D0 
 3303      5AD3766D 
 3303      1B2A3DF9 
 3303      7110
 3304 0049 AF1EBC78 		.ascii	"\257\036\274x)^\364\240\32671i\"\205\331e\347\377~\373"
 3304      295EF4A0 
 3304      D6373169 
 3304      2285D965 
 3304      E7FF7EFB 
 3305 005d 987D3B20 		.ascii	"\230}; \210^\020\321Q\276 \011w\247&\004)\245\316\356"
 3305      885E10D1 
 3305      51BE2009 
 3305      77A72604 
 3305      29A5CEEE 
 3306 0071 13189D9A 		.ascii	"\023\030\235\232\330,\2754PA5\000\025\005\212x([`\036"
 3306      D82CBD34 
 3306      50413500 
 3306      15058A78 
 3306      285B601E 
 3307 0085 82C1F7C3 		.ascii	"\202\301\367\303\350\260\270\364\263\362m\356\343\221"
 3307      E8B0B8F4 
 3307      B3F26DEE 
 3307      E391
 3308 0093 E9A7BE51 		.ascii	"\351\247\276Q\244\221E,\200{Q\013\002c\240\023\276R"
 3308      A491452C 
 3308      807B510B 
 3308      0263A013 
 3308      BE52
 3309 00a5 EFB61695 		.ascii	"\357\266\026\225j\245\341%\324\212BL\342k\270J\036\201"
 3309      6AA5E125 
 3309      D48A424C 
 3309      E26BB84A 
 3309      1E81
 3310 00b7 EFC7B9C7 		.ascii	"\357\307\271\307\366\354\343\261\320\235\321@\261\214"
 3310      F6ECE3B1 
 3310      D09DD140 
 3310      B18C
 3311 00c5 DD169398 		.ascii	"\335\026\223\230mg\363\244n\346gn\214\253\203\327;\212"
 3311      6D67F3A4 
ARM GAS  /tmp/ccHiDj7f.s 			page 87


 3311      6EE6676E 
 3311      8CAB83D7 
 3311      3B8A
 3312 00d7 2BCDE69E 		.ascii	"+\315\346\2366\245]\363\240f\374fsK\233g\273f\272f\326"
 3312      36A55DF3 
 3312      A066FC66 
 3312      734B9B67 
 3312      BB66BA66 
 3313 00ec 9ACD9F30 		.ascii	"\232\315\2370\233\371\252\341Co\337\257L\350\363\\\335"
 3313      9BF9AAE1 
 3313      436FDFAF 
 3313      4CE8F35C 
 3313      DD
 3314 00fd 6836DFC3 		.ascii	"h6\337\303\373\251\202u\274\301*\226A#zh\372;6\2005"
 3314      FBA98275 
 3314      BCC12A96 
 3314      41237A68 
 3314      FA3B3680 
 3315 0112 C0075680 		.ascii	"\300\007V\2002\236\1770|\365k\347\266R\237\216}.\227"
 3315      329E7F30 
 3315      7CF56BE7 
 3315      B6529F8E 
 3315      7D2E97
 3316 0125 5A0F0860 		.ascii	"Z\017\010`\011\00613\211a\200\230\006\211q\0331\017"
 3316      09063133 
 3316      89618098 
 3316      0689711B 
 3316      310F
 3317 0137 11FF039A 		.ascii	"\021\377\003\232\221z\354\312\200\362\211f\245\370\267"
 3317      917AECCA 
 3317      80F28966 
 3317      A5F8B7
 3318 0146 19E5CD0F 		.ascii	"\031\345\315\017\241\276,l\201~\213\261\233\353%H\203"
 3318      A1BE2C6C 
 3318      817E8BB1 
 3318      9BEB2548 
 3318      83
 3319 0157 480A7308 		.ascii	"H\012s\010d\016\203\246\301\365k\035\334\232s-_\325"
 3319      640E83A6 
 3319      C1F56B1D 
 3319      DC9A732D 
 3319      5FD5
 3320 0169 65469A55 		.ascii	"eF\232UX\000a\023u\267\006\216\265{\335p\001\355\360"
 3320      58006113 
 3320      75B7068E 
 3320      B57BDD70 
 3320      01EDF0
 3321 017c 164DCC07 		.ascii	"\026M\314\007\247\232-7Xp/[\001\247\232\2556X\333^V"
 3321      A79A2D37 
 3321      58702F5B 
 3321      01A79AAD 
 3321      3658DB5E 
 3322 0191 06A79ABD 		.ascii	"\006\247\232\275\257\262\361\271\3232\304\307\225\246"
 3322      AFB2F1B9 
 3322      D332C4C7 
 3322      95A6
 3323 019f 0CC8A06C 		.ascii	"\014\310\240l\023&\3550\223!\252\316\001\2159\020u["
ARM GAS  /tmp/ccHiDj7f.s 			page 88


 3323      1326ED30 
 3323      9321AACE 
 3323      018D3910 
 3323      755B
 3324 01b1 BDCE806D 		.ascii	"\275\316\200m\271N\322\352r\235+v*\357Y\347{\263\311"
 3324      B94ED2EA 
 3324      729D2B76 
 3324      2AEF59E7 
 3324      7BB3C9
 3325 01c4 6C77BE90 		.ascii	"lw\276\220\316:\315\317\361h\314\032r\334>/\227H\331"
 3325      CE3ACDCF 
 3325      F168CC1A 
 3325      72DC3E2F 
 3325      9748D9
 3326 01d7 F1BC5B18 		.ascii	"\361\274[\030\354\263\272/_\212E\343\027\272.\236\213"
 3326      ECB3BA2F 
 3326      5F8A45E3 
 3326      17BA2E9E 
 3326      8B
 3327 01e8 67B2EEC0 		.ascii	"g\262\356\300P\302\265-\262\"\021\275R\372U\307\253"
 3327      50C2B52D 
 3327      B22211BD 
 3327      52FA55C7 
 3327      AB
 3328 01f9 49C7E3D5 		.ascii	"I\307\343\325\237MZ\236\233\342R\332\356\267{\022y\333"
 3328      9F4D5A9E 
 3328      9BE252DA 
 3328      EEB77B12 
 3328      79DB
 3329 020b 8BA4A825 		.ascii	"\213\244\250%\341\366x\271\366\377\302\310\311t&\031"
 3329      E1F678B9 
 3329      F6FFC2C8 
 3329      C9742619 
 3330 021b 8B9E4993 		.ascii	"\213\236I\223\310u\212\\L\344\242\"wJf\006;\377\002"
 3330      C8758A5C 
 3330      4CE4A222 
 3330      774A6606 
 3330      3BFF02
 3331 022e C128F8F6 		.ascii	"\301(\370\366"
 3332              		.text
 3333              		.section	.gnu.lto_chDelegateCallVeneer.341.cbfd633e6eec8a62,"e",%progbits
 3334 0000 789C5550 		.ascii	"x\234UPOH\024Q\030\377~oF\335m\311\002i\273\004I\207"
 3334      4F481451 
 3334      18FF7E6F 
 3334      46DD6DC9 
 3334      0269BB04 
 3335 0016 2ED24EB8 		.ascii	".\322N\270\024\335\212:DA \030t\210Xvg\307u\323ulf\267"
 3335      14DD8A3A 
 3335      44412018 
 3335      74885876 
 3335      67C775D3 
 3336 002e 4542765C 		.ascii	"EBv\\\312p/\251\007#XR\017\241\207H\"!\021\323i\327"
 3336      CA702FA9 
 3336      07235852 
 3336      0FA18748 
 3336      222111D3 
 3337 0044 ED9F14D2 		.ascii	"\355\237\024\322\245k\004\201\021\2017\2034\373\346"
ARM GAS  /tmp/ccHiDj7f.s 			page 89


 3337      A56B0481 
 3337      11813783 
 3337      34FBE6
 3338 0053 ED620A6F 		.ascii	"\355b\012o\336\367\336\373\375\371~\363]\023D/\210\350"
 3338      DEF7DEFB 
 3338      FDF97EF3 
 3338      5D13442F 
 3338      88E8
 3339 0065 387F5008 		.ascii	"8\177P\010\243#\005A\216\343\234k\020\030\030)\274}"
 3339      A3230541 
 3339      8EE39C6B 
 3339      10181829 
 3339      BC7D
 3340 0077 36ABA202 		.ascii	"6\253\242\002\371\000\312\011\3440\251\324\241\276\011"
 3340      F900CA09 
 3340      E430A9D4 
 3340      A1BE09
 3341 0086 2AEF87D0 		.ascii	"*\357\207\320\2541\364\273\362\363\353\227#\305iW\315"
 3341      AC31F4BB 
 3341      F2F3EB97 
 3341      23C56957 
 3341      CD
 3342 0097 51FF1C5E 		.ascii	"Q\377\034^\202\275\250\016\276A\320\011\327qV?\3159"
 3342      82BDA80E 
 3342      BE41D009 
 3342      D771563F 
 3342      CD39
 3343 00a9 8E9FEECC 		.ascii	"\216\237\356\314\243\006\0121\204b\220\011\2235\302"
 3343      A3060A31 
 3343      84629009 
 3343      9335C2
 3344 00b8 A624F42D 		.ascii	"\246$\364-\354\020\224!L\005\245\3074xo\341&\353\357"
 3344      EC109421 
 3344      4C05A5C7 
 3344      34786FE1 
 3344      26EBEF
 3345 00cb 9F0C360E 		.ascii	"\237\0146\016\017\370r\213\330\3511\204\225\240\014"
 3345      0FF8728B 
 3345      D8E93184 
 3345      95A00C
 3346 00da E393615C 		.ascii	"\343\223a\\O\360T\012\206Y\360\256r\231\371\331\022"
 3346      4FF0540A 
 3346      8659F0AE 
 3346      7299F9D9 
 3346      12
 3347 00eb FA5FC3AD 		.ascii	"\372_\303\255\361]\257\355\314\016e\351\273\364\314"
 3347      F15DAFED 
 3347      CC0E65E9 
 3347      BBF4CC
 3348 00fa 2CEFF69C 		.ascii	",\357\366\234\015\006\250\2022\226@\375\336T\210\024"
 3348      0D06A882 
 3348      329640FD 
 3348      DE548814 
 3349 010a 2C032560 		.ascii	",\003%`\0213\237\353\334\374\346\366\003\307\331hyT"
 3349      11339FEB 
 3349      DCFCE6F6 
 3349      03C7D968 
ARM GAS  /tmp/ccHiDj7f.s 			page 90


 3349      7954
 3350 011c 9E7A88FD 		.ascii	"\236z\210\375 Q\257\002\013h\000\346\341'&\021=V\274"
 3350      2051AF02 
 3350      0B6800E6 
 3350      E1272611 
 3350      3D56BC
 3351 012f 193A2A1C 		.ascii	"\031:*\034\227h\\\021\325\313\000_6\204\363m\373\003"
 3351      97685C11 
 3351      D5CB005F 
 3351      3684F36D 
 3351      FB03
 3352 0141 641D0EC8 		.ascii	"d\035\016\3102Z-c\001\332\022\367\232\251\000q\313$"
 3352      325A2D63 
 3352      01DA12F7 
 3352      9AA90071 
 3352      CB24
 3353 0153 2EACF1A5 		.ascii	".\254\361\245*x\003\264\210}\222R\014\320\037\221/\376"
 3353      2A7803B4 
 3353      887D9252 
 3353      0CD01F91 
 3353      2FFE
 3354 0165 683CCDD8 		.ascii	"h<\315\330\232\350+#\311\341T\211\215\257\300\003\307"
 3354      9AE82B23 
 3354      C9E15489 
 3354      8DAFC003 
 3354      C7
 3355 0176 0ABF5045 		.ascii	"\012\277PESe$j6k\007\330\247\332\373\371J\265\367\234"
 3355      5365246A 
 3355      366B07D8 
 3355      A7DAFBF9 
 3355      4AB5F79C 
 3356 018a B4FA7BFF 		.ascii	"\264\372{\377#\024H\316\364Q\243\314\034\2160\021V\374"
 3356      231448CE 
 3356      F451A3CC 
 3356      1C8E3011 
 3356      56FC
 3357 019c 1C428FB2 		.ascii	"\034B\217\262w\203\002q\220\005\371f\376/\305/\245\257"
 3357      77830271 
 3357      9005F966 
 3357      FE2FC52F 
 3357      A5AF
 3358 01ae D8624BDC 		.ascii	"\330bK\334\225Io\\\337\223T4I\306\252g^Z\007\217\355"
 3358      95496F5C 
 3358      DF935434 
 3358      49C6AA67 
 3358      5E5A078F 
 3359 01c3 ECB14CED 		.ascii	"\354\261L\355\\\342s\226\266E~\342\024\033\2217$\374"
 3359      5CE27396 
 3359      B6457EE2 
 3359      141B9137 
 3359      24FC
 3360 01d5 1F1251BB 		.ascii	"\037\022Q\273\326i\246\014\3152cZ\233e\3364\364\264"
 3360      D669A60C 
 3360      CD32635A 
 3360      9B65DE34 
 3360      F4B4
 3361 01e7 AD5DE84C 		.ascii	"\255]\350L\306\222\355\351L<i\356>GZ\303Z\326\264\272"
ARM GAS  /tmp/ccHiDj7f.s 			page 91


 3361      C692EDE9 
 3361      4C3C69EE 
 3361      3E475AC3 
 3361      5AD6B4BA 
 3362 01fb ECDEA86E 		.ascii	"\354\336\250nD\322V\246\247Kk\277z%\334\032\271\330"
 3362      44D256A6 
 3362      A74B6BBF 
 3362      7A25DC1A 
 3362      B9D8
 3363 020d 76E97CA4 		.ascii	"v\351|\244#i\245\262Q\313\320H\013\205\274\245{R\323"
 3363      2369A5B2 
 3363      51CBD048 
 3363      0B85BCA5 
 3363      7B52D3
 3364 0220 AE314D9B 		.ascii	"\2561M\233Ww2\246\331\226\316P\334\3506\022\321\264"
 3364      577732A6 
 3364      D996CE50 
 3364      DCE83612 
 3364      D1B4
 3365 0232 61877412 		.ascii	"a\207t\022\351\336\303{^B'\343\035\261p\353\2318\325"
 3365      E9DEC37B 
 3365      5E4227E3 
 3365      1DB170EB 
 3365      9938D5
 3366 0245 DF367A0C 		.ascii	"\3376z\014\303RRvB\350)5j%\354\177'n\006\363"
 3366      C3525276 
 3366      42E82935 
 3366      6A25EC7F 
 3366      276E06F3 
 3367              		.text
 3368              		.section	.gnu.lto_chDelegateDispatch.342.cbfd633e6eec8a62,"e",%progbits
 3369 0000 789C7553 		.ascii	"x\234uS]h\024W\024>\337\2753\343n6\031\321\022k\241"
 3369      5D681457 
 3369      143EDFBD 
 3369      33E36E36 
 3369      19D1126B 
 3370 0015 0FA9F449 		.ascii	"\017\251\364Iq\247f\241\324\207Bm(A\212\305\222\206"
 3370      71A766A1 
 3370      D487426D 
 3370      28418AC5 
 3370      9286
 3371 0027 D287B224 		.ascii	"\322\207\262$\263\243\331&q\303\354\206EDv\262\211\261"
 3371      B3A3D926 
 3371      71C3EC86 
 3371      454476B2 
 3371      89B1
 3372 0039 5DFBE35A 		.ascii	"]\373\343Z\011\206\212\332\322V\013\202h^LL\223m\214"
 3372      09868ADA 
 3372      D2560B82 
 3372      685E4C4C 
 3372      936D8C
 3373 004c 3F104D8B 		.ascii	"?\020M\213\177\370 (B\305\246/\202\370\003\265\306s"
 3373      7FF82028 
 3373      42C5A62F 
 3373      82F803B5 
 3373      C673
 3374 005e EFA469A4 		.ascii	"\357\244i\244t\231\373s\316\375\316\271\347\373\316"
ARM GAS  /tmp/ccHiDj7f.s 			page 92


 3374      7499FB73 
 3374      CEFDCEB9 
 3374      E7FBCE
 3375 006d DDCF25D1 		.ascii	"\335\317%\321e\"j\344\001\223\260\247\\\022\024\004"
 3375      65226AE4 
 3375      0193B0A7 
 3375      5C121404 
 3376 007d C15B8B84 		.ascii	"\301[\213\204\350-\357\022\230\304\305\301!\313\350"
 3376      E82DEF12 
 3376      98C4C5C1 
 3376      21CBE8
 3377 008c 2BDB4377 		.ascii	"+\333Cw.\2545$\366\316#\014\364\224KQ\214C[\240\202"
 3377      2EAC3524 
 3377      F6CE230C 
 3377      F4944B51 
 3377      8C435BA0 
 3378 00a1 90060AF8 		.ascii	"\220\006\012\370V:\354x|\346\317[7\227\007G*\230!*\320"
 3378      563AEC78 
 3378      7CE6CF5B 
 3378      37970747 
 3378      2A98212A 
 3379 00b6 DCCF84F5 		.ascii	"\334\317\204\365\002\014\236kQg\"\322\017\366\254b\364"
 3379      020C9E6B 
 3379      516722D2 
 3379      0FF6AC62 
 3379      F4
 3380 00c7 BDCF0EF7 		.ascii	"\275\317\016\367\333\273{\"\333GP\030\306I(l\011=\313"
 3380      DBBB7B22 
 3380      DB475018 
 3380      C649286C 
 3380      093DCB
 3381 00da 18F39DC6 		.ascii	"\030\363\235\306T\030\363\351\341/\025f\333\350B\314"
 3381      5418F3E9 
 3381      E12F1566 
 3381      DBE842CC 
 3382 00ea 835AC6FC 		.ascii	"\203Z\306\3748\217\231\375a\247\302l\035[\210\231\251"
 3382      388F99FD 
 3382      61A7C26C 
 3382      1D5B8899 
 3382      A9
 3383 00fb 8DD1387E 		.ascii	"\215\3218~\306)\250J`\"F\224\377E\305\254\346\230\307"
 3383      C629A84A 
 3383      60224694 
 3383      FF45C5AC 
 3383      E698C7
 3384 010e 27763DDD 		.ascii	"'v=\335\261l\177P18*\257\243& d\011\373^\012\223^\277"
 3384      B16C7F50 
 3384      31382AAF 
 3384      A3262064 
 3384      09FB5E0A 
 3385 0125 D17F569E 		.ascii	"\321\177V\236\017\214\371\244\023\320Tb\\\370\311\263"
 3385      0F8CF9A4 
 3385      13D05462 
 3385      5CF8C9B3 
 3386 0135 5F474F83 		.ascii	"_GO\203*\310\023'\235\004g\345C\2111`\024\030\301\261"
 3386      2AC81327 
 3386      9D0467E5 
ARM GAS  /tmp/ccHiDj7f.s 			page 93


 3386      43893160 
 3386      1418C1B1 
 3387 0149 4B662578 		.ascii	"Kf%x2\373U\020<r\306\367\337\211.\001\011S\220\260X"
 3387      32FB5510 
 3387      3C72C6F7 
 3387      DF892E01 
 3387      095390B0 
 3388 015e EB3158C4 		.ascii	"\3531X\304\250\0101\256\212\304\242\030\211H5\211h\015"
 3388      A80831AE 
 3388      8AC4A218 
 3388      89483589 
 3388      680D
 3389 0170 0F9B07D1 		.ascii	"\017\233\007\321\001\251\224\016\014\004\025\242\203"
 3389      01A9940E 
 3389      0C0415A2 
 3389      83
 3390 017d 5284462F 		.ascii	"R\204F/\033\217Dp{v\012z\335m\353eO\270\014\330\364"
 3390      1B8F4470 
 3390      7B760A7A 
 3390      DD6DEB65 
 3390      4FB80CD8 
 3391 0192 B7E83DB4 		.ascii	"\267\350=\264F\232%\210\3664\221\250f\177\261\216\257"
 3391      469A2588 
 3391      F63491A8 
 3391      667FB18E 
 3391      AF
 3392 01a3 93A6460C 		.ascii	"\223\246F\014N#\364L\314y\356\377>\360dj\0008\035\346"
 3392      4E23F44C 
 3392      CC79EEFF 
 3392      3EF0646A 
 3392      00381DE6 
 3393 01b7 2B4F47B9 		.ascii	"+OG\271\355j\273\"\234\376\022\305\261\250\254\342\266"
 3393      ED6ABB22 
 3393      9CFE12C5 
 3393      B1A8ACE2 
 3393      B6
 3394 01c8 6D55A21D 		.ascii	"mU\242\035\005y\271s\240\327\271\232\210{\036-\314\233"
 3394      0579B973 
 3394      A0D7B99A 
 3394      887B1E2D 
 3394      CC9B
 3395 01da 31BD5776 		.ascii	"1\275WvB\306d\225\345\242F\205<e\263Z\306\270\232\035"
 3395      42C66495 
 3395      E5A24685 
 3395      3C65B35A 
 3395      C6B89A1D 
 3396 01ee 75B2A604 		.ascii	"u\262\246\004+\3711\343d\265\305OE,\245\207\242o\246"
 3396      2BF931E3 
 3396      64B5C54F 
 3396      452CA587 
 3396      A26FA6
 3397 0201 41D6604A 		.ascii	"A\326`J7\211\331\311\273\027\006\023\377\220[\301a}"
 3397      3789D9C9 
 3397      BB170613 
 3397      FF905BC1 
 3397      617D
 3398 0213 75DC3BF1 		.ascii	"u\334;\361\321\207\223\352R\253Y\315\234\245\271I\227"
ARM GAS  /tmp/ccHiDj7f.s 			page 94


 3398      D18793EA 
 3398      52AB59CD 
 3398      9CA5B949 
 3398      97
 3399 0224 60BCFF2B 		.ascii	"`\274\377+\230G\011\375\\D\363o8\003\261\\\2471\236"
 3399      984709FD 
 3399      5C44F36F 
 3399      3803B15C 
 3399      A7319E
 3400 0237 134933B8 		.ascii	"\023I3\270\275\327\326\034\376X,\355\177\3137\241\010"
 3400      BDD7D61C 
 3400      FE582CED 
 3400      7FCB37A1 
 3400      08
 3401 0248 1CB1375C 		.ascii	"\034\2617\\\302\273\314@\031w\027o\277\214\365\244\311"
 3401      C2BBCC40 
 3401      1977176F 
 3401      BF8CF5A4 
 3401      C9
 3402 0259 17EF0D7F 		.ascii	"\027\357\015\177\261o\372{\360\373\206j\270f\364\246"
 3402      B16FFA7B 
 3402      F0FB866A 
 3402      B866F4A6 
 3403 0269 B4A41D8A 		.ascii	"\264\244\035\2127\012i\351\344\337LCg\377\311\226\374"
 3403      370A69E9 
 3403      E4DF4C43 
 3403      67FFC996 
 3403      FC
 3404 027a B4AC6DA1 		.ascii	"\264\254m\241DJ\233F\377*\253\324\307\273w\256\241\201"
 3404      444A9B46 
 3404      FF2AABD4 
 3404      C7BB77AE 
 3404      A181
 3405 028c 2884BD2C 		.ascii	"(\204\275,\305\177\001\353\256c\\\375K\230\365\241\204"
 3405      C57F01EB 
 3405      AE635CFD 
 3405      4B98F5A1 
 3405      84
 3406 029d 8C48164A 		.ascii	"\214H\026J\210W\302\233F #\372\246\203|\223RS\311r\252"
 3406      8857C29B 
 3406      462023FA 
 3406      A6837C93 
 3406      5253C972 
 3407 02b2 30CC7869 		.ascii	"0\314xi\312\210x\225fE\361\326\361\367\264\216\007$"
 3407      CA887895 
 3407      6645F1D6 
 3407      F1F7B48E 
 3407      0724
 3408 02c4 42018A15 		.ascii	"B\001\212\025e69m\231N\317\3613\255\316F?\363\211\347"
 3408      6536396D 
 3408      994ECFF1 
 3408      33ADCE46 
 3408      3FF389E7 
 3409 02d8 E6B24E43 		.ascii	"\346\262NC[\2725\335\224\353N\2453\013\367\311\372\204"
 3409      5BBA35DD 
 3409      94EB4EA5 
 3409      330BF7C9 
ARM GAS  /tmp/ccHiDj7f.s 			page 95


 3409      FA84
 3410 02ea 93CFF8ED 		.ascii	"\223\317\370\355\331\256\026\327K\346\374\356-\355N"
 3410      D9AE16D7 
 3410      4BE6FCEE 
 3410      2DED4E
 3411 02f9 D3071B12 		.ascii	"\323\007\033\022\365\311\306\215\353\337NnJ\373\235"
 3411      F5C9C68D 
 3411      EBDF4E6E 
 3411      4AFB9D
 3412 0308 F916DF73 		.ascii	"\371\026\337s\310\211\307\325\347\252\320Lv\016\231"
 3412      C889C7D5 
 3412      E7AAD04C 
 3412      760E99
 3413 0317 C9F2D791 		.ascii	"\311\362\327\221nu\262\276\313G)\257\303\333\334\222"
 3413      6E75B2BE 
 3413      CB4729AF 
 3413      C3DBDC92 
 3414 0327 F3B27197 		.ascii	"\363\262q\227\244\357\345^|\316\025\177-\265\2515Q\377"
 3414      A4EFE55E 
 3414      7CCE157F 
 3414      2DB5A935 
 3414      51FF
 3415 0339 468AA4DB 		.ascii	"F\212\244\333\331%r]+\377'\245\237s\322[\334\216\356"
 3415      D925725D 
 3415      2BFF27A5 
 3415      9F73D25B 
 3415      DC8EEE
 3416 034c 94C7679D 		.ascii	"\224\307g\235\331\315\3616z\006X\203hT"
 3416      D9CDF136 
 3416      7A065883 
 3416      6854
 3417              		.text
 3418              		.section	.gnu.lto_chDelegateDispatchTimeout.343.cbfd633e6eec8a62,"e",%progbits
 3419 0000 789C7552 		.ascii	"x\234uR]h\034U\024>\347\336\231\311\214\313\316&\324"
 3419      5D681C55 
 3419      143EE7DE 
 3419      99C98CCB 
 3419      CE26D4
 3420 0013 28953E2C 		.ascii	"(\225>,A_\024wj\002\242\210X\015R\212\210\225U|\020"
 3420      415F1477 
 3420      6A02A288 
 3420      580D528A 
 3420      8895557C 
 3421 0028 5936BBD3 		.ascii	"Y6\273\323dm6\033fw\011E\312L7\233\015$4v\255\326\277"
 3421      646D361B 
 3421      66770945 
 3421      CA4C379B 
 3421      0D243476 
 3422 003f FA5350D3 		.ascii	"\372SP\323\212D\245\221\376\230l\267m\022QSSC\245j\205"
 3422      8A44A591 
 3422      FE986CB7 
 3422      6D125153 
 3422      5343A56A 
 3423 0054 421FAA55 		.ascii	"B\037\252U\220\200\320n\355\266\365\334;q\233\"\302"
 3423      9080D06E 
 3423      EDB6F5DC 
 3423      3B719B22 
ARM GAS  /tmp/ccHiDj7f.s 			page 96


 3423      C2
 3424 0065 DC3BF7DE 		.ascii	"\334;\367\336\363\235\357|\337\2717\250\000\234\001"
 3424      F39DEF7C 
 3424      DFB937A8 
 3424      009C01
 3425 0074 80340D6C 		.ascii	"\2004\015l\002|\245<\302\300\363\274uM\214\225\312\243"
 3425      027CA53C 
 3425      C2C0F3BC 
 3425      754D8C95 
 3425      CAA3
 3426 0086 0C8FE2FC 		.ascii	"\014\217\342\374\237w*\203es\262|\346\021\205\263\242"
 3426      9F772A83 
 3426      6573B27C 
 3426      E61185B3 
 3426      A2
 3427 0097 389CC313 		.ascii	"8\234\303\023o\356\327\224\241\262\271\377\374\374\203"
 3427      6FEED794 
 3427      A1B2B9FF 
 3427      FCFC83
 3428 00a6 8A82AF35 		.ascii	"\212\202\2575\322T\334U\0369==\251P\246<\320p[#\210"
 3428      D254DC55 
 3428      1E393D3D 
 3428      A950A63C 
 3428      D0705B23 
 3429 00bb E032AEA8 		.ascii	"\3402\256\250\032\272\270\207\253\250\255B\205\346V"
 3429      1ABAB887 
 3429      ABA8AD42 
 3429      85E656
 3430 00ca 0C5B14AE 		.ascii	"\014[\024\256\315\376\361\331\2455\273\367V\025\027"
 3430      CDFEF1D9 
 3430      A535BBF7 
 3430      561517
 3431 00d9 B61EC403 		.ascii	"\266\036\304\003H\222@E\275\204po\325\363N\236=\350"
 3431      48924045 
 3431      BD84706F 
 3431      D5F34E9E 
 3431      3DE8
 3432 00eb 7906BC74 		.ascii	"y\006\274t\030\227\203\214\215\341\276V\011\371\010"
 3432      1897838C 
 3432      8DE1BE56 
 3432      09F908
 3433 00fa 69BE8738 		.ascii	"i\276\2078\226*\343%s\3076\335\235\302\006\305\030\316"
 3433      962AE325 
 3433      73C736DD 
 3433      9DC206C5 
 3433      18CE
 3434 010c B712E663 		.ascii	"\267\022\346c\211!\242\245\351\3611\201\331RY\211\251"
 3434      8921A2A5 
 3434      E9F13181 
 3434      D9525989 
 3434      A9
 3435 011d 0ACC4403 		.ascii	"\012\314D\00335>,0\003\325\225\230/Z\003p\024\217\340"
 3435      33353E2C 
 3435      3003D595 
 3435      982F5A03 
 3435      70148FE0 
 3436 0131 34C2566A 		.ascii	"4\302Vj\227\212\001\200\374q\221#\004\326\026G\257\015"
ARM GAS  /tmp/ccHiDj7f.s 			page 97


 3436      978A0180 
 3436      FC719123 
 3436      04D61647 
 3436      AF0D
 3437 0143 DDB6DBAB 		.ascii	"\335\266\333\253*\224\225\227Y3\310\2241|c\265OZ\373"
 3437      2A949597 
 3437      5933C894 
 3437      317C63B5 
 3437      4F5AFB
 3438 0156 A5F4E5AF 		.ascii	"\245\364\345\257H\200b\270\301;\203\322d@\370?\277\323"
 3438      488062B8 
 3438      C13B83D2 
 3438      6440F83F 
 3438      BFD3
 3439 0168 98453886 		.ascii	"\230E8\206y \3369$b\012r\254\"V\020\247\360\323E\265"
 3439      7920DE39 
 3439      24620A72 
 3439      AC225610 
 3439      A7F0D345 
 3440 017d EAD5AFBF 		.ascii	"\352\325\257\277\354yg\037\252\325/\032\267\"0\215\001"
 3440      EC79671F 
 3440      AAD52F1A 
 3440      B722308D 
 3440      01
 3441 018e 6BE2C040 		.ascii	"k\342\300@C<\214:\020\330\000\202\007\200\022\202\300"
 3441      433C8C3A 
 3441      10D80082 
 3441      07801282 
 3441      C0
 3442 019f 74139811 		.ascii	"t\023\230\021\002vK3\215\026\032\000\357rq\027\236\202"
 3442      02764B33 
 3442      8D161A00 
 3442      EF727117 
 3442      9E82
 3443 01b1 5E15E03D 		.ascii	"^\025\340=\316\374\315 m.1\357\334\345\357\014\2728"
 3443      CEFCCD20 
 3443      6D2E31EF 
 3443      DCE5EF0C 
 3443      BA38
 3444 01c3 B9FCDB94 		.ascii	"\271\374\333\224\277\272\377\333\021\202\253\254\370"
 3444      BFBAFFDB 
 3444      1182ABAC 
 3444      F8
 3445 01d0 FE7D5C1F 		.ascii	"\376}\\\037A\226\352&a\032\013R\244\020\246\232\\\227"
 3445      4196EA26 
 3445      611A0B52 
 3445      A410A69A 
 3445      5C97
 3446 01e2 989D0B08 		.ascii	"\230\235\013\010\027Y\361\302\361;\270\256\015\310\246"
 3446      1759F1C2 
 3446      F13BB8AE 
 3446      0DC8A6
 3447 01f1 89127CCF 		.ascii	"\211\022|\317\350OWy\243\304\333\013\350\347\315,\347"
 3447      E84F5779 
 3447      A3C4DB0B 
 3447      E8E7CD2C 
 3447      E7
ARM GAS  /tmp/ccHiDj7f.s 			page 98


 3448 0202 FDF5E1EB 		.ascii	"\375\365\341\353\365ow!\316\372u\313$aN.\333\374\351"
 3448      F56F7721 
 3448      CEFA75CB 
 3448      24614E2E 
 3448      DBFCE9
 3449 0215 0A2B540C 		.ascii	"\012+T\014\036T\361\023\204D\337\327\010\367\223d=\376"
 3449      1E54F113 
 3449      8444DFD7 
 3449      08F79364 
 3449      3DFE
 3450 0227 0DC6A84B 		.ascii	"\015\306\250K\024\035<5\214\334\344A-N\226\011|\215"
 3450      141D3C35 
 3450      8CDCE441 
 3450      2D4E9609 
 3450      7C8D
 3451 0239 B6216E92 		.ascii	"\266!n\222\336\2410o\036A\355\205\347\011\307C\032\275"
 3451      DEA1306F 
 3451      1E41ED85 
 3451      E709C743 
 3451      1ABD
 3452 024b 3FB64A28 		.ascii	"?\266J(\374\275\2237\343\011\\\326\247\324\266\327\333"
 3452      FCBD9337 
 3452      E3095CD6 
 3452      A7D4B6D7 
 3452      DB
 3453 025c FF95D726 		.ascii	"\377\225\327&l\206\201L>\367\354\234\270Z-*fb\211>\015"
 3453      6C86814C 
 3453      3EF7EC9C 
 3453      B85A2D2A 
 3453      6662893E 
 3454 0271 4282F2D4 		.ascii	"B\202\362\324\367x\022\011P\"\021\321E\374\012\331j"
 3454      F7781209 
 3454      502211D1 
 3454      45FC0AD9 
 3454      6A
 3455 0282 49A3DE64 		.ascii	"I\243\336dSj?\367\252)\325_\010\361\226\033\362U\024"
 3455      536A3FF7 
 3455      AA29D55F 
 3455      08F1961B 
 3455      F25514
 3456 0295 06F69A4F 		.ascii	"\006\366\232O\234\302\015\344@l~\013\271?\340z\220\266"
 3456      9CC20DE4 
 3456      406C7E0B 
 3456      B93FE07A 
 3456      90B6
 3457 02a7 0B4B87B6 		.ascii	"\013K\207\266\277\265\360\001\322=\240x\036\322\321"
 3457      BFB5F001 
 3457      D23DA078 
 3457      1ED2D1
 3458 02b6 C3DCE02D 		.ascii	"\303\334\340-~\333*\310\015I\376\316\002J\366}&\247"
 3458      7EDB2AC8 
 3458      0D49FECE 
 3458      024AF67D 
 3458      26A7
 3459 02c8 B7A86D41 		.ascii	"\267\250mA\251O\364\346\361\336\323\324\245\"\255:\177"
 3459      A94FF4E6 
 3459      F1DED3D4 
ARM GAS  /tmp/ccHiDj7f.s 			page 99


 3459      A522AD3A 
 3459      7F
 3460 02d9 C447017C 		.ascii	"\304G\001|\330\032\316\376\0138\342\376\214\323.A\304"
 3460      D81ACEFE 
 3460      0B38E2FE 
 3460      8CD32E41 
 3460      C4
 3461 02ea ED76F000 		.ascii	"\355v\360\000\247N1\326\346\227\232B\036\220\245>\247"
 3461      A74E31D6 
 3461      E6979A42 
 3461      1E90A53E 
 3461      A7
 3462 02fb 52A29DA2 		.ascii	"R\242\235\242/\207\334\003\204\347:\017\260\273dp2$"
 3462      2F87DC03 
 3462      84E73A0F 
 3462      B0BB6470 
 3462      3224
 3463 030d FD6B375E 		.ascii	"\375k7^\322uVX\007\234\323\3610\347\232\213.\233\270"
 3463      D2755658 
 3463      079CD3F1 
 3463      30E79A8B 
 3463      2E9BB8
 3464 0320 BCA49321 		.ascii	"\274\244\223!Z\203:q\245\207^!\372\360BU\\B\324\352"
 3464      5A833A71 
 3464      A5875E21 
 3464      FAF04255 
 3464      5C42D4EA 
 3465 0334 C9A46DCB 		.ascii	"\311\244m\313\311tY\033\235\314\213v\"\227\265:{R]\251"
 3465      C974591B 
 3465      9DCC8B76 
 3465      2297B53A 
 3465      7B525DA9 
 3466 0348 682E9F4C 		.ascii	"h.\237LeV\256c\355\035\326@\306\331\234\355\217'\354"
 3466      6556AE63 
 3466      ED1DD640 
 3466      C6D99CED 
 3466      8F27EC
 3467 035b 58CEC9F7 		.ascii	"X\316\311\367m\266\242\317<\331\321\036[\277q\303c\261"
 3467      6DB6A2CF 
 3467      3CD9D11E 
 3467      5BBF71C3 
 3467      63B1
 3468 036d 4D29273D 		.ascii	"M)'=\020wl\013\254HD|\011\221\232\311.#3Y\372zS]V\326"
 3468      10776C0B 
 3468      AC48447C 
 3468      09919AC9 
 3468      2E233359 
 3469 0387 49502869 		.ascii	"IP(i\367\332\335\361\234\235\215$\240)\227J\333\231"
 3469      F7DADDF1 
 3469      9C9D8D24 
 3469      A029974A 
 3469      DB99
 3470 0399 7CEEF69B 		.ascii	"|\356\366\233\216#k\223\233\272:\332\037H\002w\354\034"
 3470      8E236B93 
 3470      9BBA3ADA 
 3470      1F480277 
 3470      EC1C
ARM GAS  /tmp/ccHiDj7f.s 			page 100


 3471 03ab 4FA4FB59 		.ascii	"O\244\373Y\256\377\356\377\241vrV\252/\321\233O\332"
 3471      AEFFEEFF 
 3471      A1767256 
 3471      AA2FD19B 
 3471      4FDA
 3472 03bd 144B67BB 		.ascii	"\024Kg\273#=\360\017\255\201\245\217"
 3472      233DF00F 
 3472      AD81A58F 
 3473              		.text
 3474              		.section	.gnu.lto_.symbol_nodes.cbfd633e6eec8a62,"e",%progbits
 3475 0000 789C7592 		.ascii	"x\234u\222\271N\303@\020\206gg\3266\330\262\015!\020"
 3475      B94EC340 
 3475      10866767 
 3475      D636D8B2 
 3475      0D2110
 3476 0013 7186FB86 		.ascii	"q\206\373\206\002\336\000\361J\324\343H\351\"\004\015"
 3476      02DE00F1 
 3476      4AD4E348 
 3476      E922040D 
 3477 0023 0574A0D4 		.ascii	"\005t\240\324t\024PQ\244D\210+@\270\011)x\201 \012P"
 3477      74145051 
 3477      A444882B 
 3477      40B80929 
 3477      7881200A 
 3478 0038 70B256A2 		.ascii	"p\262V\242\010\3574\373i\276\177G\273\253\335 \000\300"
 3478      08EF34FB 
 3478      69BE7F47 
 3478      BBABDD20 
 3478      00C0
 3479 004a 53C1FDB5 		.ascii	"S\301\375\265\260Hl\237\0030\300q\220\311\004ue\274"
 3479      B0486C9F 
 3479      0330C071 
 3479      90C90475 
 3479      65BC
 3480 005c E2C0687D 		.ascii	"\342\300h}-\243\027\254\001\020V\005\017\006a\311\177"
 3480      2DA317AC 
 3480      01105605 
 3480      0F0661C9 
 3480      7F
 3481 006d 59FC123C 		.ascii	"Y\374\022<\244Q\027\310\303m\352$\310\210\272\270D\036"
 3481      A45117C8 
 3481      C36DEA24 
 3481      C888BAB8 
 3481      441E
 3482 007f 891557C8 		.ascii	"\211\025W\310\351Xq\215<\032+n\220\307bE\021y\274M\354"
 3482      E958718D 
 3482      3C1A2B6E 
 3482      90C76245 
 3482      1179BC4D 
 3483 0094 45E21679 		.ascii	"E\342\026y\"n\207\361\201Iu\333;\344\311\270\204xG\236"
 3483      226E87F1 
 3483      814975DB 
 3483      3BE4C9B8 
 3483      8478479E 
 3484 00a8 AA45956E 		.ascii	"\252E\225nH\2000\327po\310\323:\367\202<\243sO\310\263"
 3484      488030D7 
 3484      706FC8D3 
ARM GAS  /tmp/ccHiDj7f.s 			page 101


 3484      3AF7823C 
 3484      A3734FC8 
 3485 00bd 3AF78C3C 		.ascii	":\367\214<\247s\025\344y\235{@^\320\271\022\362\242"
 3485      A77315E4 
 3485      799D7B40 
 3485      5ED0B912 
 3485      F2A2
 3486 00cf CEDD232F 		.ascii	"\316\335#/\351\334#\362\262\306\021t\251\217\264N\340"
 3486      E9DC23F2 
 3486      B2C61174 
 3486      A98FB44E 
 3486      E0
 3487 00e0 2B2A9821 		.ascii	"+*\230!~\236\355\256\212\274M\340\345\016\267\014\221"
 3487      7E9EEDAE 
 3487      8ABC4DE0 
 3487      E50EB70C 
 3487      91
 3488 00f1 758812EA 		.ascii	"u\210\022\352]\013\026Q\267\302\254M\004\012\3136\311"
 3488      5D0B1651 
 3488      B7C2AC4D 
 3488      040ACB36 
 3488      C9
 3489 0102 5640F634 		.ascii	"V@\3664\003\262\031\220\206\242#!ME;\246\264\024UM\331"
 3489      03B21990 
 3489      86A22321 
 3489      4D453BA6 
 3489      B414554D 
 3490 0117 A1A868C9 		.ascii	"\241\250h\311\316(g\223\335\2470/\310\356\215\320\""
 3490      CE286793 
 3490      DDA7302F 
 3490      C8EE8DD0 
 3490      22
 3491 0128 3BD99CEE 		.ascii	";\331\234\356\220\302\003A\216\337\352z\215\343WBJE"
 3491      90C20341 
 3491      8EDFEA7A 
 3491      8DE35742 
 3491      4A45
 3492 013a CD8474A2 		.ascii	"\315\204t\242\251>\271\262\271\311\365\367s\245\337"
 3492      A93EB9B2 
 3492      B9C9F5F7 
 3492      73A5DF
 3493 0149 F0CE36B9 		.ascii	"\360\3166\271\336\367\346\317\212\310;\344\246\242f"
 3493      DEF7E6CF 
 3493      8AC83BE4 
 3493      A6A266
 3494 0158 42BA8AAA 		.ascii	"B\272\212\252>\374\001@B,c"
 3494      3EFC0140 
 3494      422C63
 3495              		.text
 3496              		.section	.gnu.lto_.refs.cbfd633e6eec8a62,"e",%progbits
 3497 0000 789C9367 		.ascii	"x\234\223g```a``dg`b\344\000\322<\014LL\"\014\214\334"
 3497      60606061 
 3497      60606467 
 3497      6062E400 
 3497      D23C0C4C 
 3498 0019 4C3CC20C 		.ascii	"L<\302\014\214\274L<\242\014\014\000\013\265\000\272"
 3498      8CBC4C3C 
ARM GAS  /tmp/ccHiDj7f.s 			page 102


 3498      A20C0C00 
 3498      0BB500BA 
 3499              		.text
 3500              		.section	.gnu.lto_.decls.cbfd633e6eec8a62,"e",%progbits
 3501 0000 789CBD5A 		.ascii	"x\234\275ZyTT\331\231\177\357\276\373\252\036\273v4"
 3501      795454D9 
 3501      997FEFBE 
 3501      FBAA1EBB 
 3501      7634
 3502 0012 8D3DC9A4 		.ascii	"\215=\311\244g\2463m\354\211\264\275$=\347\314L'\351"
 3502      67A6336D 
 3502      EC89B4BD 
 3502      243DE7CC 
 3502      4C27E9
 3503 0025 643A3D27 		.ascii	"d:='=\323\211\223\344\344\344\217\012b\251\244\331R"
 3503      3DD38993 
 3503      E4E4E48F 
 3503      0A62A9A4 
 3503      D952
 3504 0037 55B4EDCC 		.ascii	"U\264\355\314\311\231W\354(B\261\210\200\250\310\242"
 3504      C99957EC 
 3504      2842B188 
 3504      80A8C8A2 
 3505 0047 B8A0E502 		.ascii	"\270\240\345\002\202 \026\213\012\010(\"*\262\210\212"
 3505      8220168B 
 3505      0A082822 
 3505      2AB2888A 
 3506 0057 C8A20282 		.ascii	"\310\242\002\202\212\2422\337]j\245\273\323\363\317"
 3506      8AA232DF 
 3506      5D6AA5BB 
 3506      D3F3CF
 3507 0066 70FCEAD5 		.ascii	"p\374\352\325{\337r\177\337r\277{\337-\007\227\011\302"
 3507      7BDF727F 
 3507      DF72BF7B 
 3507      DF2D0797 
 3507      09C2
 3508 0078 FB5E82F0 		.ascii	"\373^\202\360\036\026\2049\370\363\025\004\241\023("
 3508      1E168439 
 3508      F8F31504 
 3508      A11328
 3509 0087 08E83C90 		.ascii	"\010\350<\220\037\022\204\000\240\005@\376@\013\201"
 3509      1F128400 
 3509      A00540FE 
 3509      400B81
 3510 0096 DAE1F92B 		.ascii	"\332\341\371+p\375[\240\357\002\375=\320\353@K\201\336"
 3510      70FD5BA0 
 3510      EF02FD3D 
 3510      D0EB404B 
 3510      81DE
 3511 00a8 007A0FE8 		.ascii	"\000z\017\350_\200FDAx\015\256\177\015\024\010\337\177"
 3511      5F804644 
 3511      41780DAE 
 3511      7F0D1408 
 3511      DF7F
 3512 00ba 06D706B8 		.ascii	"\006\327\006\270.\203\353\277\002}\010\364\003\240\177"
 3512      2E83EBBF 
 3512      027D08F4 
ARM GAS  /tmp/ccHiDj7f.s 			page 103


 3512      03A07F
 3513 00c9 03FA18E8 		.ascii	"\003\372\030\350\227@+\201~\015\364[\240\337\001\375"
 3513      97402B81 
 3513      7E0DF45B 
 3513      A0DF01FD 
 3514 00d9 1EE80F40 		.ascii	"\036\350\017@\253\200\326\000\375\021(\032h=\320\006"
 3514      AB80D600 
 3514      FD11281A 
 3514      683DD006 
 3515 00e9 A0FF06FA 		.ascii	"\240\377\006\3723P\034P2P\032P\026P8\370\363\367\002"
 3515      33501C50 
 3515      32501A50 
 3515      165038F8 
 3515      F3F702
 3516 00fc B39F07B4 		.ascii	"\263\237\007\264\035hL`\330\010\376\002\270j\004\346"
 3516      1D684C60 
 3516      D808FE02 
 3516      B86A04E6 
 3517 010c D3EB702D 		.ascii	"\323\353p-\3446\337\005*\342\230>\002\022\200\024\240"
 3517      E436DF05 
 3517      2AE2983E 
 3517      02128014 
 3517      A0
 3518 011d 36F8FA1C 		.ascii	"6\370\372\034\260\267\300\265\230c0\001\275\020\231"
 3518      B0B7C0B5 
 3518      98633001 
 3518      BD1099
 3519 012c 4F07808E 		.ascii	"O\007\200\216\003\035\002j\002\231f\240\022\216w7P\020"
 3519      031D026A 
 3519      029966A0 
 3519      128E7737 
 3519      5010
 3520 013e 50285029 		.ascii	"P(P)P\031\3206\300\027\300\307\377\230c<\004t\204\343"
 3520      5019D036 
 3520      C017C0C7 
 3520      FF98633C 
 3520      047484E3 
 3521 0152 B4CB1572 		.ascii	"\264\313\025r\037\011\256\243\334\347_\360\270\025\201"
 3521      1F09AEA3 
 3521      DCE75FF0 
 3521      B81581
 3522 0161 8D05DCC6 		.ascii	"\215\005\334\306/y\274\277\216\235c<f\237p;{0\213\005"
 3522      2F79BCBF 
 3522      8E9D633C 
 3522      669F703B 
 3522      7B308B05 
 3523 0175 C911893F 		.ascii	"\311\021\211?\311Y%P\025P9\320~\340k9\377\327\234_\013"
 3523      C9592550 
 3523      155039D0 
 3523      7EE06B39 
 3523      FFD79C5F 
 3524 018a 740AC806 		.ascii	"t\012\310\006TM\306t\221\371-\2279\003t\226\3134\020"
 3524      544DC674 
 3524      91F92D97 
 3524      39037496 
 3524      CB3410
 3525 019d FC2E32BF 		.ascii	"\374.2\277\3432\355@\347\271\3149\240\343.2\277\347"
ARM GAS  /tmp/ccHiDj7f.s 			page 104


 3525      E332ED40 
 3525      E7B9CC39 
 3525      A0E32E32 
 3525      BFE7
 3526 01af 325780AE 		.ascii	"2W\200\256r\231K@u \263\210\313\374\201\327%\251\261"
 3526      72994B40 
 3526      7520B388 
 3526      CBFC81D7 
 3526      25A9B1
 3527 01c2 6EA0BFE3 		.ascii	"n\240\277\343y\275\306k\201\350\247\002}\007\350U\240"
 3527      79BDC66B 
 3527      81E8A702 
 3527      7D07E855 
 3527      A0
 3528 01d3 1EA05E5E 		.ascii	"\036\240^^+I@}\274vb\201N\203\335\357\012\254\326\210"
 3528      2B49407D 
 3528      BC766281 
 3528      4E83DDEF 
 3528      0AACD688 
 3529 01e7 ED37B8ED 		.ascii	"\3557\270\355\237\002-\341\266\276\345R;Gy\356H>H\015"
 3529      9F022DE1 
 3529      B6BEE552 
 3529      3B4779EE 
 3529      483E480D 
 3530 01fb A4011D15 		.ascii	"\244\001\035\025\235\365\321\217\2345@\346\003\251\377"
 3530      9DF5D18F 
 3530      9C3540E6 
 3530      03A9FF
 3531 020a 7FE67560 		.ascii	"\177\346u`\0069\033\320\237]\346\003\301\370!\307\031"
 3531      06391BD0 
 3531      9F5DE603 
 3531      C1F821C7 
 3531      19
 3532 021b 08749DD7 		.ascii	"\010t\235\327r&\251?^\317\004\327\032\236\353\277\204"
 3532      7226A93F 
 3532      5ECF04D7 
 3532      1A9EEBBF 
 3532      84
 3533 022c EF18AF8B 		.ascii	"\357\030\257\213O\376\037\360i\276!b\315b\361U\270*"
 3533      4FFE1FF0 
 3533      69BE2162 
 3533      CD62F155 
 3533      B82A
 3534 023e 305F14AD 		.ascii	"0_\024\255\360\256J\377\352\377J\250\006\033\360\367"
 3534      F0AE4AFF 
 3534      EAFF4AA8 
 3534      061BF0F7 
 3535 024e BEAFF25B 		.ascii	"\276\257\362[\001\243m'\357\252\332@\306\264Q\316I\261"
 3535      01A36D27 
 3535      EFAADA40 
 3535      C6B451CE 
 3535      49B1
 3536 0260 56AC21DF 		.ascii	"V\254!\337\224P\340\017\355;sWt\343\237\262\3631*\257"
 3536      9450E00F 
 3536      ED3B7357 
 3536      74E39FB2 
 3536      F3312AAF 
ARM GAS  /tmp/ccHiDj7f.s 			page 105


 3537 0274 AB3D1EB0 		.ascii	"\253=\036\260\320\246\252\023jA=\266\211\225\"\231t"
 3537      D0A6AA13 
 3537      6A413DB6 
 3537      89952299 
 3537      74
 3538 0285 7540CA9F 		.ascii	"u@\312\237\011\006_\3000 (1\242\240Y*\222~\026\000W"
 3538      09065FC0 
 3538      30202831 
 3538      A2A0592A 
 3538      927E1600 
 3539 029a 41491441 		.ascii	"AI\024A\367\311\211\255m\232\000\252k\213\363\022\250"
 3539      F7C989AD 
 3539      6D9A00AA 
 3539      6B8BF312 
 3539      A8
 3540 02ab 6A93B8B4 		.ascii	"j\223\270\264F<+\236\021\261r\377a\363%\357e\313\002"
 3540      463C2B9E 
 3540      11B172FF 
 3540      61F325EF 
 3540      65CB02
 3541 02be 9781C4CC 		.ascii	"\227\201\304\314\251\226\333\261\313\323\023\023U\213"
 3541      A996DBB1 
 3541      CBD31313 
 3541      558B
 3542 02cc 596A164F 		.ascii	"Yj\026O\213\255|\244*\240\267\005b\343`C\252?0\353\304"
 3542      8BAD7CA4 
 3542      2AA0B705 
 3542      62E36043 
 3542      AA3F30EB 
 3543 02e1 7A077305 		.ascii	"z\007s\005\341\001\3528\000\216\205F\021b~\022\2305"
 3543      E101EA38 
 3543      008E8546 
 3543      11627E12 
 3543      9835
 3544 02f3 E239B14D 		.ascii	"\3429\261Ml!\016\200\242\365Pl\242\272 \316\267N<\341"
 3544      6C210E80 
 3544      A2F5506C 
 3544      A2BA20CE 
 3544      B74E3CE1 
 3545 0307 AA584910 		.ascii	"\252XI\020f\027\232\217\241@w\013\247\334-`\264\263"
 3545      66179A8F 
 3545      A140770B 
 3545      A7DC2D60 
 3545      B4B3
 3546 0319 FBF1058D 		.ascii	"\373\361\005\215#\004\355\334\304y\221\360.\232\353"
 3546      2304EDDC 
 3546      C47991F0 
 3546      2E9AEB
 3547 0328 469CE139 		.ascii	"F\234\3419\317y\027D\232\037\213\010\037I\013 B6UT,"
 3547      CF791744 
 3547      9A1F8B08 
 3547      1F490B20 
 3547      42365554 
 3548 033d 883C53C9 		.ascii	"\210<S\311\255\012\267\320\0371\352\211?\234\352\036"
 3548      AD0AB7D0 
 3548      1F31EA89 
 3548      3F9CEA1E 
ARM GAS  /tmp/ccHiDj7f.s 			page 106


 3549 034d 7AE12ACF 		.ascii	"z\341*\317\314.\302\037\253\312\230\360u\343w\213W\355"
 3549      CC2EC21F 
 3549      ABCA98F0 
 3549      75E3778B 
 3549      57ED
 3550 035f A979A196 		.ascii	"\251y\241\2267)\216\261\257\361\261{\310\330\213\305"
 3550      37298EB1 
 3550      AFF1B17B 
 3550      C8D88BC5 
 3551 036f 05301652 		.ascii	"\0050\026R\2401i^\207\264H\360)(\307\210\311{[\236l"
 3551      A031695E 
 3551      87B448F0 
 3551      2928C788 
 3551      C97B5B9E 
 3552 0384 934852EE 		.ascii	"\223HR\356\252\266\030Y\350\025\373D\341\206\370z\215"
 3552      AAB61859 
 3552      E815FB44 
 3552      E186F87A 
 3552      8D
 3553 0395 38205E17 		.ascii	"8 ^\027\225\223PIg)\3209\220mIW\353\264\001*O\3407\330"
 3553      95935049 
 3553      6729D039 
 3553      906D4957 
 3553      EBB4012A 
 3554 03ad 0043A2B0 		.ascii	"\000C\242\260\342\266H\234\022\024h&J'\261\232U7{\313"
 3554      E2B6489C 
 3554      12146826 
 3554      4A27B19A 
 3554      55377BCB 
 3555 03c1 CB23D523 		.ascii	"\313#\325#\366T+}D\344\340\330\315\001o\017\2211\273"
 3555      F6542B7D 
 3555      44E4E0D8 
 3555      CD016F0F 
 3555      9131BB
 3556 03d4 080C2881 		.ascii	"\010\014(\201\311@e\010D5#\345\263\273\320\337\210b"
 3556      C9406508 
 3556      443523E5 
 3556      B3BBD0DF 
 3556      8862
 3557 03e6 00508CAA 		.ascii	"\000P\214\252>\203\262z\177Rd\252\261\\U\230\024\205"
 3557      3E83B27A 
 3557      7F5264AA 
 3557      B15C5598 
 3557      1485
 3558 03f8 07E28488 		.ascii	"\007\342\204\210&\011\026\242,+\367\211\362\311\351"
 3558      260916A2 
 3558      2C2BF789 
 3558      F2C9E9
 3559 0407 C22A3F17 		.ascii	"\302*?\027e\3611\321\034VK\003\205w\337\022\204\307"
 3559      65F131D1 
 3559      1C564B03 
 3559      8577DF12 
 3559      84C7
 3560 0419 A230233E 		.ascii	"\2420#>\022\321cQ\231&\342\325\305\361=\376N\361\177"
 3560      12D16351 
 3560      9926E2D5 
 3560      C5F13DFE 
ARM GAS  /tmp/ccHiDj7f.s 			page 107


 3560      4EF17F
 3561 042c 9A65D239 		.ascii	"\232e\3229LzV\024\236\211OE4K\020\322\324\211\312\023"
 3561      4C7A5614 
 3561      9E894F45 
 3561      344B10D2 
 3561      D489CA13 
 3562 0440 707A1648 		.ascii	"pz\026H\225\004%N\"#\016\226\247c(dR\307\326\274\361"
 3562      9504254E 
 3562      22230E96 
 3562      A7632864 
 3562      52C7D6BC 
 3563 0455 D301F9E0 		.ascii	"\323\001\371\340\241\357\210`F\361\310\265\336H1\216"
 3563      A1EF8860 
 3563      46F1C8B5 
 3563      DE48318E 
 3564 0465 C5D3621C 		.ascii	"\305\323b\034\021b\\\231.U|G$%\037\217j\3048Dz\244\240"
 3564      11625C99 
 3564      2E557C47 
 3564      24251F8F 
 3564      6AC43844 
 3565 047c 94C33827 		.ascii	"\224\3038'\200\352\310X\245\303\305\267\261\213w\337"
 3565      80EAC858 
 3565      A5C3C5B7 
 3565      B18B77DF 
 3566 048c D98828DE 		.ascii	"\331\210(\336z\263D\000'\241\215H\330\204\222\021\\"
 3566      7AB34400 
 3566      27A18D48 
 3566      D8849211 
 3566      5C
 3567 049d 316A8CBF 		.ascii	"1j\214\277v\224fe\330\346\311\307\250\252$?\316\333"
 3567      76946665 
 3567      D8E6C9C7 
 3567      A8AA243F 
 3567      CEDB
 3568 04af 513E291C 		.ascii	"Q>)\034\314f\030\022\343LsF%\012\\F3O@1^*\200\"-\236"
 3568      CC661812 
 3568      E34C7346 
 3568      250A5C46 
 3568      334F4031 
 3569 04c9 3A728D39 		.ascii	":r\2159\262\031%\242TWG\2243\000\265\005\240\342\316"
 3569      B21925A2 
 3569      54574794 
 3569      3300B505 
 3569      A0E2CE
 3570 04dc 96F6F312 		.ascii	"\226\366\363\022\215\212\265\331.\234\2162=\274v\035"
 3570      8D8AB5D9 
 3570      2E9C8E32 
 3570      3DBC761D 
 3571 04ec 201306C8 		.ascii	" \023\006\310\240>\237\007#\235\222\240\321\322\236"
 3571      A03E9F07 
 3571      239D92A0 
 3571      D1D29E
 3572 04fb A2852B99 		.ascii	"\242\205+\231\002\237+W$R\302\243O/h\034e\311ts\220"
 3572      029F2B57 
 3572      2452C2A3 
 3572      4F2F681C 
 3572      65C97473 
ARM GAS  /tmp/ccHiDj7f.s 			page 108


 3573 0510 B646DC8A 		.ascii	"\266F\334\212\262\221\322\007\252\003D,.1\267\031\271"
 3573      B291D207 
 3573      AA03442C 
 3573      2E31B719 
 3573      B9
 3574 0521 4D9E6D28 		.ascii	"M\236m(\037\261\3315J\005\036\356|$\273\011l\267\013"
 3574      1FB1D935 
 3574      4A051EEE 
 3574      7C24BB09 
 3574      6CB70B
 3575 0534 60747664 		.ascii	"`tvd\367\210\217#<;8\352\235$<\232\335W\255}\376\254"
 3575      F7888F23 
 3575      3C3B38EA 
 3575      9D243C9A 
 3575      DD57AD7D 
 3576 054a 71590F30 		.ascii	"qY\0170\327v\242<\264\353+\022\272\013\354\026 \262"
 3576      D776A23C 
 3576      B4EB2B12 
 3576      BA0BEC16 
 3576      20B2
 3577 055c 29A04E57 		.ascii	")\240NW\226\244\221f\226\213\266\270jA\215(S\000\377"
 3577      96A49166 
 3577      968BB6B8 
 3577      6A418D28 
 3577      5300FF
 3578 056f 11D07392 		.ascii	"\021\320s\222\355\374M9\377\301\306\231H;M5v\242\022"
 3578      EDFC4D39 
 3578      FFC1C699 
 3578      483B4D35 
 3578      76A212
 3579 0582 B4E72BC6 		.ascii	"\264\347+\306\331\003\343\354F\245\366,m\263\227[\261"
 3579      D903E3EC 
 3579      46A5F62C 
 3579      6DB3975B 
 3579      B1
 3580 0593 AB16E97D 		.ascii	"\253\026\351}\276\343\327\257dA\325.Y\266\214\346\271"
 3580      BEE3D7AF 
 3580      6441D52E 
 3580      59B68CE6 
 3580      B9
 3581 05a4 E7F69F9A 		.ascii	"\347\366\237\232lb*J@\373=\314[gJTb$\036\251\300c\303"
 3581      6C622A4A 
 3581      40FB3DCC 
 3581      5B674A54 
 3581      62241EA9 
 3582 05bb 7CD1D0FB 		.ascii	"|\321\320\373a\350\203\250\014\035@{\321>\356\250\265"
 3582      61E883A8 
 3582      0C1D407B 
 3582      D13EEEA8 
 3582      B5
 3583 05cc 8501C844 		.ascii	"\205\001\310D\226\371v\253\230\335](k\236]k>\343\355"
 3583      96F976AB 
 3583      98DD5D28 
 3583      6B9E5D6B 
 3583      3EE3ED
 3584 05df 4145EE3C 		.ascii	"AE\356<\354\237\323WY\245@P\310\037\011\314\335\242"
 3584      EC9FD357 
ARM GAS  /tmp/ccHiDj7f.s 			page 109


 3584      59A54050 
 3584      C81F09CC 
 3584      DDA2
 3585 05f1 D4CDAA58 		.ascii	"\324\315\252X\037\370X|(Z\321\264\010\263v\305]\361"
 3585      1FF8587C 
 3585      285AD1B4 
 3585      08B376C5 
 3585      5DF1
 3586 0603 309A129D 		.ascii	"0\232\022\235\000_\210d+i\005\200G\321!t\004\225\243"
 3586      005F8864 
 3586      2B690580 
 3586      47D12174 
 3586      0495A3
 3587 0616 63F64C3C 		.ascii	"c\366L<-\211\332\345\333C\230.\350\210\335\247E\251"
 3587      2D89DAE5 
 3587      DB43982E 
 3587      E888DDA7 
 3587      45A9
 3588 0628 A9C4EEA4 		.ascii	"\251\304\356\2448\016v\357\213\367Dn\370]\032\331\341"
 3588      380E76EF 
 3588      8BF7446E 
 3588      F85D1AD9 
 3588      E1
 3589 0639 8604DB4F 		.ascii	"\206\004\333O|g\305'\300\234r\014\312J\372I\211\014"
 3589      7C67C527 
 3589      C09C720C 
 3589      CA4AFA49 
 3589      890C
 3590 064b B1DC8FE6 		.ascii	"\261\334\217\346\200\307\260;\227\261\027Et\031\033"
 3590      80C7B03B 
 3590      97B11745 
 3590      74191B
 3591 065a 158745AB 		.ascii	"\025\207E\253{F\320\213\226\247\271\276\201\356\240"
 3591      7B46D08B 
 3591      96A7B9BE 
 3591      81EEA0
 3592 0669 BBC579A8 		.ascii	"\273\305y\2501\232\031\250\262y\275\314\004\013P\005"
 3592      319A19A8 
 3592      B279BDCC 
 3592      040B5005 
 3593 0679 BA2C7691 		.ascii	"\272,v\221\3350\"\275Y\300\336Sq}\347d\032 \207\255"
 3593      DD3022BD 
 3593      59C0DE53 
 3593      717DE764 
 3593      1A2087AD 
 3594 068d 4EF1A248 		.ascii	"N\361\242H\366\2305\342\011T\203\252P5/\220\211\374"
 3594      F69835E2 
 3594      095483AA 
 3594      50352F90 
 3594      89FC
 3595 069f B3144E8F 		.ascii	"\263\024N\217xE\254\364lV\023){\332\375.\250\322M\361"
 3595      7845ACF4 
 3595      6C561329 
 3595      7BDAFD2E 
 3595      A8D24DF1 
 3596 06b3 1630E94A 		.ascii	"\0260\351J\341LP\351\036\232\240\343h\020x\014\200\303"
 3596      E14C50E9 
ARM GAS  /tmp/ccHiDj7f.s 			page 110


 3596      1E9AA0E3 
 3596      6810780C 
 3596      80C3
 3597 06c5 496BCE9D 		.ascii	"Ik\316\235\004uA\214\357M\261\337U\261\027\312\333\214"
 3597      0475418C 
 3597      EF4DB1DF 
 3597      55B117CA 
 3597      DB8C
 3598 06d7 01FF70EB 		.ascii	"\001\377p\353\325[>\201\356\340N\"\017td\355\204U\023"
 3598      D55B3E81 
 3598      EEE04E22 
 3598      0F7464ED 
 3598      845513
 3599 06ea 0B4A1650 		.ascii	"\013J\026P>\321;t\273'\332c\336\327;\346}!\221\310\350"
 3599      3ED13B74 
 3599      BB27DA63 
 3599      DED73BE6 
 3599      7D2191C8 
 3600 06ff 482DF259 		.ascii	"H-\362Y8\360\005MM9\000Vj@F)\353;\322\352\025\350\032"
 3600      38F0054D 
 3600      4D390056 
 3600      6A404629 
 3600      EB3BD2EA 
 3601 0716 1DBAEE9F 		.ascii	"\035\272\356\237AM\000\340\034jF-\2746*\363\206\254"
 3601      414D00E0 
 3601      1C6A462D 
 3601      BC362AF3 
 3601      86AC
 3602 0728 6FD35EDE 		.ascii	"o\323^\336\200\352\200\353\032\036\022\202\235lc\321"
 3602      80EA80EB 
 3602      1A1E1282 
 3602      9D6C63D1 
 3603 0738 80CE3A98 		.ascii	"\200\316:\230,\0047`\374\324\330L\022\330\323\250\321"
 3603      2C043760 
 3603      FCD4D84C 
 3603      12D8D3A8 
 3603      D1
 3604 0749 5513FAE3 		.ascii	"U\023\372\343\003\202\263\371\344\226\021o\217\215G"
 3604      0382B3F9 
 3604      E496116F 
 3604      8F8D47
 3605 0758 AB3B00F0 		.ascii	"\253;\000\360\377=\240V\262\232\017`\305,\223'M\344"
 3605      FF3DA056 
 3605      B29A0F60 
 3605      C52C9327 
 3605      4DE4
 3606 076a 0316DE14 		.ascii	"\003\026\336\024YP\266\000m\227\301\330\340\324\201"
 3606      5950B600 
 3606      6D97C1D8 
 3606      E0D481
 3607 0779 E900B73E 		.ascii	"\351\000\267>v\031]\261\367\261KO\323\307\235\273\227"
 3607      76195DB1 
 3607      F7B14B4F 
 3607      D3C79DBB 
 3607      97
 3608 078a 2B1C0AD9 		.ascii	"+\034\012\331\335+\273\301\300!b\240\376\305L\256\347"
 3608      DD2BBBC1 
ARM GAS  /tmp/ccHiDj7f.s 			page 111


 3608      C02162A0 
 3608      FEC54CAE 
 3608      E7
 3609 079b EA7D0D39 		.ascii	"\352}\0159\227\3467\225j\020m$\2427\247\313\366\270"
 3609      97E63795 
 3609      6A106D24 
 3609      A237A7CB 
 3609      F6B8
 3610 07ad 37D57E74 		.ascii	"7\325~t\2357\3256\"\220\331\222<\346\355&0`\027\300"
 3610      9D37D536 
 3610      2290D992 
 3610      3CE6ED26 
 3610      306017C0 
 3611 07c1 28377ED7 		.ascii	"(7~\327\270s\273t\203\203\271I\233j\322"
 3611      B873BB74 
 3611      8383B949 
 3611      9B6AD2
 3612 07d0 B6E395DA 		.ascii	"\266\343\225\332@\227\254\320\231\323\217n\201\362m"
 3612      4097ACD0 
 3612      99D38F6E 
 3612      81F26D
 3613 07df 34C80B76 		.ascii	"4\310\013v&;-\255\301\237&\345&:!\336\232\267\300\246"
 3613      263B2DAD 
 3613      C19F26E5 
 3613      263A21DE 
 3613      9AB7C0A6 
 3614 07f3 B2A4DC44 		.ascii	"\262\244\334D\365\256Lh\034\350\302\364\354S9\320\335"
 3614      F5AE4C68 
 3614      1CE8C2F4 
 3614      EC5339D0 
 3614      DD
 3615 0804 FC80AB79 		.ascii	"\374\200\253y\345*x9@\234h,\236\031\225\334\234\030"
 3615      E52A7839 
 3615      409C682C 
 3615      9E1995DC 
 3615      9C18
 3616 0816 4623DCCB 		.ascii	"F#\334\313a\"\260\327:\235\351\276\247\036\265\013`"
 3616      6122B0D7 
 3616      3A9DE9BE 
 3616      A71EB50B 
 3616      60
 3617 0827 B4273977 		.ascii	"\264'9wFtx9\306Q\334\245+kNISY\000[\024\237T\252\252"
 3617      46747839 
 3617      C651DCA5 
 3617      2B6B4E49 
 3617      5359005B 
 3618 0840 97EF5D00 		.ascii	"\227\357]\000z\377\313\327\304at\037\314\336c\363~\350"
 3618      7AFFCBD7 
 3618      C461741F 
 3618      CCDE63F3 
 3618      7EE8
 3619 0852 F228CDB3 		.ascii	"\362(\315\263\013\177\324\311\207D-U\036\200\013O\200"
 3619      0B7FD4C9 
 3619      87442D55 
 3619      1E800B4F 
 3619      80
 3620 0863 540D6CC2 		.ascii	"T\015l\3025\304\225\333\235\026\367En\032=\264#=\224"
ARM GAS  /tmp/ccHiDj7f.s 			page 112


 3620      35C495DB 
 3620      9D16F745 
 3620      6E1A3DB4 
 3620      233D94
 3621 0876 563CEDE7 		.ascii	"V<\355\347@\372\220\303xD\212#\013\014\344\003\025\022"
 3621      40FA90C3 
 3621      78448A23 
 3621      0B0CE403 
 3621      1512
 3622 0888 2396B3B9 		.ascii	"#\226\263\271c\262\347b\370\004\321\325\020=\332\237"
 3622      63B2E762 
 3622      F804D1D5 
 3622      103DDA9F 
 3623 0898 F2B283F7 		.ascii	"\362\262\203\367\224\333\230%6\312A\277\026\364_JJR"
 3623      94DB9825 
 3623      36CA41BF 
 3623      16F45F4A 
 3623      4A52
 3624 08aa 5F22FD68 		.ascii	"_\"\375h\011oJ3y\217,[\276\333\030\253B\233\314E\217"
 3624      096F4A33 
 3624      798F2C5B 
 3624      BEDB18AB 
 3624      429BCC45 
 3625 08bf 518CE4D1 		.ascii	"Q\214\344\321|77g\220\331C\326-7\036q\376\305\236\014"
 3625      7C373767 
 3625      90D943D6 
 3625      2D371E71 
 3625      FEC59E0C 
 3626 08d3 B6763E9B 		.ascii	"\266v>\233\307\263\216'\322\354\347\242\347\363\365"
 3626      C7B38E27 
 3626      D2ECE7A2 
 3626      E7F3F5
 3627 08e2 5C361A31 		.ascii	"\\6\0321R\215h\226Ti\016%H/P\234\024+\305K\274!\236"
 3627      528D6896 
 3627      54690E25 
 3627      482F509C 
 3627      142BC54B 
 3628 08f9 63235F45 		.ascii	"c#_E\017\346\241\262\236H\246\326\037\241\251\371\210"
 3628      0FE6A1B2 
 3628      9E48A6D6 
 3628      1FA1A9F9 
 3628      88
 3629 090a 7BF652BD 		.ascii	"{\366R\275\03649\237\227\317l\316\242\031w\2362\255"
 3629      1E34399F 
 3629      97CF6CCE 
 3629      A219779E 
 3629      32AD
 3630 091c 1134DF16 		.ascii	"\0214\337\026\347D\370\200\264\221HW\365>\255\242\333"
 3630      E744F880 
 3630      B4914857 
 3630      F53EADA2 
 3630      DB
 3631 092d 73C7966E 		.ascii	"s\307\226n\243\364\355\0321YJ\222\024\263\026r\252\005"
 3631      A3F4ED1A 
 3631      31594A92 
 3631      14B31672 
 3631      AA05
ARM GAS  /tmp/ccHiDj7f.s 			page 113


 3632 093f A1B4A9ED 		.ascii	"\241\264\251\355\343\001nB\233\035BiD \363F\351-w+i"
 3632      E3016E42 
 3632      9B1D4269 
 3632      4420F346 
 3632      E92D772B 
 3633 0954 7601A892 		.ascii	"v\001\250\222W\225\034\255\240\371\236\370?@\202\262"
 3633      57951CAD 
 3633      A0F99EF8 
 3633      3F4082B2 
 3634 0964 8328749E 		.ascii	"\203(t\236\354\332\216\210\302\264j\313\261h\330\344"
 3634      ECDA8E88 
 3634      C2B46ACB 
 3634      B168D8E4 
 3635 0974 D8227DAF 		.ascii	"\330\"}\257F\314\2222%\214\356\337M\331\352\234\270"
 3635      46CC9232 
 3635      258CEEDF 
 3635      4DD9EA9C 
 3635      B8
 3636 0985 D9DC89AD 		.ascii	"\331\334\211\255\0204e\257\226T^\240b\005t\025\304\326"
 3636      103465AF 
 3636      96545EA0 
 3636      62057415 
 3636      C4D6
 3637 0997 818A9462 		.ascii	"\201\212\224b\354\276\357\222\362%6yN\023\201\202\206"
 3637      ECBEEF92 
 3637      F2253679 
 3637      4E138182 
 3637      86
 3638 09a8 EA76F7D9 		.ascii	"\352v\367\331\265\335.\200\321\251\241\007}\316\311"
 3638      B5DD2E80 
 3638      D1A9A107 
 3638      7DCEC9
 3639 09b7 B3838FB4 		.ascii	"\263\203\217\264\223\214\324\011#\\\003\352\007\272"
 3639      938CD409 
 3639      235C03EA 
 3639      07BA
 3640 09c5 410C258F 		.ascii	"A\014%\217\217\275\342f\247H*\266\333\311\330=Z\215"
 3640      8FBDE266 
 3640      A7482AB6 
 3640      DBC9D83D 
 3640      5A8D
 3641 09d7 1C768AB9 		.ascii	"\034v\212\271\235\022b\347\036\350\342\332\256\302\305"
 3641      9D1262E7 
 3641      1EE8E2DA 
 3641      AEC2C5
 3642 09e6 6CCB3E3D 		.ascii	"l\313>=\247>\371^\003\255\305\022\251P*\375\362\272"
 3642      A73EF95E 
 3642      03ADC512 
 3642      A9502AFD 
 3642      F2BA
 3643 09f8 D90DCC1A 		.ascii	"\331\015\314\032q\017)\025\305\252\300\013\025P5P\235"
 3643      710F2915 
 3643      C5AAC00B 
 3643      15503550 
 3643      9D
 3644 0a09 02CBCAC5 		.ascii	"\002\313\312\305\301\203\011\322\222y\313\212P\006*"
 3644      C18309D2 
ARM GAS  /tmp/ccHiDj7f.s 			page 114


 3644      9279CB8A 
 3644      50062A
 3645 0a18 87A48392 		.ascii	"\207\244\203\222Ub\253\012\324\276\332\363Z\226J\306"
 3645      5562AB0A 
 3645      D4BEDAF3 
 3645      5A964AC6 
 3646 0a28 1B42FBA5 		.ascii	"\033B\373\2452\311c\353\323\312\266L\343\350\000\360"
 3646      32C963EB 
 3646      D3CAB64C 
 3646      E3E800F0 
 3647 0a38 3CEABB97 		.ascii	"<\352\273\227m\213\332\305}\300c\366\371\256\033 \274"
 3647      6D8BDAC5 
 3647      7DC063F6 
 3647      F9AE1B20 
 3647      BC
 3648 0a49 7676223B 		.ascii	"vv\";\301o\031\373\013\\\346\370#\212\243\311\334\350"
 3648      C16F19FB 
 3648      0B5CE6F8 
 3648      238AA3C9 
 3648      DCE8
 3649 0a5b 1D54C58D 		.ascii	"\035T\305\215\222S\031fu\204\215X*\355\222\354L\202"
 3649      92531966 
 3649      75848D58 
 3649      2AED92EC 
 3649      4C82
 3650 0a6d 8877D4FD 		.ascii	"\210w\324\375ga17\373Z\244\207b\225D^\212&\220\275\260"
 3650      67613137 
 3650      FB5AA487 
 3650      6295445E 
 3650      8A2690BD 
 3651 0a82 73CFD2C2 		.ascii	"s\317\322\302\336*\3458\024\323%{\334\356\227\374\012"
 3651      DE2AE538 
 3651      14D3257B 
 3651      DCEE97FC 
 3651      0A
 3652 0a93 7843A800 		.ascii	"xC\250\000x\314\305\347\216\015\302\013\006\247\007"
 3652      78CCC5E7 
 3652      8E0DC20B 
 3652      06A707
 3653 0aa2 753BE090 		.ascii	"u;\340\220\203)\266\260N\364\321\375S\231\264\0274]"
 3653      8329B6B0 
 3653      4EF4D1FD 
 3653      5399B417 
 3653      345D
 3654 0ab4 9C7404F6 		.ascii	"\234t\004\366\002:\217`3_\005\221\255\224\216J\025R"
 3654      023A8F60 
 3654      335F0591 
 3654      AD948E4A 
 3654      1552
 3655 0ac6 AD744A2A 		.ascii	"\255tJ*\227\032\244cR\275tR\252\223\216H'\244\343R\265"
 3655      971AA463 
 3655      52BD7452 
 3655      AA938E48 
 3655      27A4E352 
 3656 0adb 64936A78 		.ascii	"d\223jx\324'f\36624}\310\216\246\02796:\233\317\361"
 3656      D42766F6 
 3656      32347DC8 
ARM GAS  /tmp/ccHiDj7f.s 			page 115


 3656      8EA61739 
 3656      363A9BCF 
 3657 0af0 49DFE580 		.ascii	"I\337\345\200\323iw\322Z\272\211\357\241\017;\234\274"
 3657      D36977D2 
 3657      5ABA89EF 
 3657      A10F3B9C 
 3657      BC
 3658 0b01 E88840CD 		.ascii	"\350\210@\315\236\014?\253*m\222\022%gpz\231\325\331"
 3658      9E0C3FAB 
 3658      2A6D9212 
 3658      2567707A 
 3658      99D5D9
 3659 0b14 D3D4EA4E 		.ascii	"\323\324\352N)\317\241\230+\331\255&%:^\211\\\231\034"
 3659      29CFA198 
 3659      2BD9AD26 
 3659      253A5E89 
 3659      5C991C
 3660 0b27 50EE7EAA 		.ascii	"P\356~\252\332,^r\003\3047\036},z1\322\234h\347N8\234"
 3660      DA2C5E72 
 3660      03C4371E 
 3660      7D2C7A31 
 3660      D29C68E7 
 3661 0b3e B11E62F9 		.ascii	"\261\036b\371J\225R\\ \321M\353\304\016{\2762\334\362"
 3661      4A95525C 
 3661      20D14DEB 
 3661      C40E7BBE 
 3661      32DCF2
 3662 0b51 45779FD3 		.ascii	"Ew\237\323\305\217\332]\226G\032\343\355_?\306J+L\204"
 3662      C58FDA5D 
 3662      96471AE3 
 3662      ED5F3FC6 
 3662      4A2B4C84 
 3663 0b65 4EA84274 		.ascii	"N\250Bt5\2733\337\375P\343\214t\226\317\377\021\"\320"
 3663      35BB33DF 
 3663      FD50E38C 
 3663      7496CFFF 
 3663      1122D0
 3664 0b78 78ECE012 		.ascii	"x\354\340\022\312\267q~\223\235\217QGV\237\352l4\315"
 3664      CAB7717E 
 3664      939D8F51 
 3664      47569FEA 
 3664      6C34CD
 3665 0b8b 1C640B99 		.ascii	"\034d\013\231\266/`\000x\373W6\001Y\274@6\357\302\346"
 3665      B62F6000 
 3665      78FB5736 
 3665      0159BC40 
 3665      36EFC2E6 
 3666 0b9f 59CF6D4B 		.ascii	"Y\317mK\273d?_\302\027\367OMz{\276\304\266J\027`\250"
 3666      BB643F5F 
 3666      C217F74F 
 3666      4D7A7BBE 
 3666      C4B64A17 
 3667 0bb5 0EDEED67 		.ascii	"\016\336\355gf\366\231\217\276\306\326\241\363R\033"
 3667      66F6998F 
 3667      BEC6D6A1 
 3667      F3521B
 3668 0bc4 F05CBB73 		.ascii	"\360\\\273s\023\031\344H\371\\\217\347\242{\321iD9\357"
ARM GAS  /tmp/ccHiDj7f.s 			page 116


 3668      1319E448 
 3668      F95C8FE7 
 3668      A27BD169 
 3668      4439EF
 3669 0bd7 25687A04 		.ascii	"%hz\004~\364\005_\004\345\012Q\033/O\276)y`\273\"\365"
 3669      7EF4055F 
 3669      04E50A51 
 3669      1B2F4FBE 
 3669      297960BB 
 3670 0bed 0835E265 		.ascii	"\0105\342e\251KRn\200\017# \207\237\324?\336\312@\272"
 3670      A94B526E 
 3670      800F2320 
 3670      879FD43F 
 3670      DECA40BA 
 3671 0c01 EC4AAE49 		.ascii	"\354J\256I=`\277W\262oC\037\331~i&;\036\322.z\\\333"
 3671      3D60BF57 
 3671      B26F431F 
 3671      D97E6926 
 3671      3B1ED22E 
 3672 0c18 85F2908C 		.ascii	"\205\362\220\214e\253\212e\007|.&\372\234&\310Q\215"
 3672      65AB8A65 
 3672      077C2E26 
 3672      FA9C26C8 
 3672      518D
 3673 0c2a A8A8DEB0 		.ascii	"\250\250\336\260x\000Y\200\262\275A\353\314\305\346"
 3673      78005980 
 3673      B2BD41EB 
 3673      CCC5E6
 3674 0c39 07EE69BA 		.ascii	"\007\356i\272%\015\3624\025\023\201\243\243\307\317"
 3674      250DF234 
 3674      151381A3 
 3674      A3C7CF
 3675 0c48 6ADC046E 		.ascii	"j\334\004n\333\0050\332r %\303\327\221\247!\036\267"
 3675      DB0530DA 
 3675      722025C3 
 3675      D791A721 
 3675      1EB7
 3676 0c5a 3B244FC7 		.ascii	";$O\307`\204\023\304@\372\363\204\213~\236\207B\216"
 3676      608413C4 
 3676      40FAF384 
 3676      8B7E9E87 
 3676      428E
 3677 0c6c FC28BBDB 		.ascii	"\374(\273\333\357\025\341e\374\334$;\355|\021\333\326"
 3677      EF15E165 
 3677      FCDC243B 
 3677      ED7C11DB 
 3677      D6
 3678 0c7d 8D4AC3D2 		.ascii	"\215J\303\322}\227.\304\346Y;;\375\273#\235\020\357"
 3678      7D972EC4 
 3678      E6593B3B 
 3678      FDBB239D 
 3678      10EF
 3679 0c8f 3B93C42B 		.ascii	";\223\304+\276\215\355\371\356H\365\256L\317\243\301"
 3679      BE8DEDF9 
 3679      EE48F5AE 
 3679      4CCFA3C1 
 3680 0c9f 5B6016B6 		.ascii	"[`\026\266J\322]iL\242>\\\277;h\365\367\330\204\337"
ARM GAS  /tmp/ccHiDj7f.s 			page 117


 3680      4AD25D69 
 3680      4CA23E5C 
 3680      BF3B68F5 
 3680      F7D884DF 
 3681 0cb3 7617529A 		.ascii	"v\027R\232\300\231\353@#\304\241\235\3653C\232\200\001"
 3681      C099EB40 
 3681      23C4A19D 
 3681      F533439A 
 3681      8001
 3682 0cc5 F755F281 		.ascii	"\367U\362\201c\225T,[b\216I\244\365\3626_\315\333\374"
 3682      6395542C 
 3682      5B628E49 
 3682      A4F5F236 
 3682      5FCDDBFC 
 3683 0cd9 B874537A 		.ascii	"\270tSz\344\332\311\010\3501\006zT\274\001<\267\246"
 3683      E4DAC908 
 3683      E831067A 
 3683      54BC013C 
 3683      B7A6
 3684 0ceb CB11050A 		.ascii	"\313\021\005\012\327%h\011\023\300\256\021\247\245\207"
 3684      D7256809 
 3684      13C0AE11 
 3684      A7A587
 3685 0cfa D26382E8 		.ascii	"\322c\202\350\006\3319\026\201j\216M\234\222&\201\351"
 3685      06D93916 
 3685      816A8E4D 
 3685      9C922681 
 3685      E9
 3686 0d0b DA5B9507 		.ascii	"\332[\225\007\004\347\320\321c\377\035\350ne\306\335"
 3686      04E7D0D1 
 3686      63FF1DE8 
 3686      6E65C6DD 
 3687 0d1b 8A92E423 		.ascii	"\212\222\344#(\251@\371>\260\365\336\264e\342\214\227"
 3687      28A940F9 
 3687      3EB0F5DE 
 3687      B465E28C 
 3687      97
 3688 0d2c EBD69BBE 		.ascii	"\353\326\233\276z\316J\317A\345\2054\307\353\320\332"
 3688      7ACE4ACF 
 3688      41E58534 
 3688      C7EBD0DA 
 3689 0d3c BEDFB1F8 		.ascii	"\276\337\261\370<\367\360f\342\032\353\240;\3213\340"
 3689      3CF7F066 
 3689      E21AEBA0 
 3689      3BD133E0 
 3690 0d4c B979A314 		.ascii	"\271y\243\024\303\020\350\334\263\212\032\321\343\335"
 3690      C310E8DC 
 3690      B38A1AD1 
 3690      E3DD
 3691 0d5a 56C52E03 		.ascii	"V\305.\003\300\036\242`!9`\333(\342E\275W\323\357k\235"
 3691      C01EA260 
 3691      213960DB 
 3691      28E245BD 
 3691      57D3EF6B 
 3692 0d6f 8B18997D 		.ascii	"\213\030\231}\263e\244\177\327\242Kb\"fo\263\035\216"
 3692      B365A47F 
 3692      D7A24B62 
ARM GAS  /tmp/ccHiDj7f.s 			page 118


 3692      22666FB3 
 3692      1D8E
 3693 0d81 685947CB 		.ascii	"hYG\313(\262F\251\003%b\332\271\\\226\023\353!\302\205"
 3693      28B246A9 
 3693      032562DA 
 3693      B95C9613 
 3693      EB21C285 
 3694 0d95 703D9106 		.ascii	"p=\221\006\244DL\303\301\303\345\210Q,\216\301\260M"
 3694      A4444CC3 
 3694      C1C3E588 
 3694      512C8EC1 
 3694      B04D
 3695 0da7 49C4B049 		.ascii	"I\304\260I\302\011x\023N\301\033q\022\216\307\233q\034"
 3695      C2097813 
 3695      4EC11B71 
 3695      128EC79B 
 3695      711C
 3696 0db9 E63BC3FE 		.ascii	"\346;\303\3766\352b\213t\032\344\234k\026[\354\366S"
 3696      36EA628B 
 3696      741AE49C 
 3696      6B165BEC 
 3696      F653
 3697 0dcb 7866FC14 		.ascii	"xf\374\024x\354\264\301\261fwo\246\211\356\224\3169"
 3697      78ECB4C1 
 3697      B166776F 
 3697      A689EE94 
 3697      CE39
 3698 0ddd F47A9DE0 		.ascii	"\364z\235\340j\031\364~\251\033\270,\225\216\365\325"
 3698      6A19F47E 
 3698      A91BB82C 
 3698      958EF5D5 
 3699 0ded 7A8EA95E 		.ascii	"z\216\251^\225.\271\2512\273\367\231f\033\262\201\323"
 3699      952EB9A9 
 3699      32BBF799 
 3699      661BB281 
 3699      D3
 3700 0dfe 2C1DA710 		.ascii	",\035\247\020{\325iO=\377\257\216\311i\327L\305\244"
 3700      7BD5694F 
 3700      3DFFAF8E 
 3700      C969D74C 
 3700      C5A4
 3701 0e10 E87BC6D3 		.ascii	"\350{\306\323/:\367W\215<Wi\3408\231\2619)\026/\007"
 3701      2F3AF757 
 3701      8D3C5769 
 3701      E03899B1 
 3701      3929162F 
 3702 0e25 338D2B5A 		.ascii	"3\215+Z\250\342\323\341\253\353\034,\373\306$\235\262"
 3702      A8E2D3E1 
 3702      ABEB1C2C 
 3702      FBC6249D 
 3702      B2
 3703 0e36 B21FA72F 		.ascii	"\262\037\247/w\260\2262N\006p\224\303$\3655\317\036"
 3703      77B09632 
 3703      4E067094 
 3703      C324F535 
 3703      CF1E
 3704 0e48 B6F9B9F5 		.ascii	"\266\371\271\365\221L\234\205Y\243\251&\0027\366M5\270"
ARM GAS  /tmp/ccHiDj7f.s 			page 119


 3704      914C9C85 
 3704      59A3A926 
 3704      0237F64D 
 3704      35B8
 3705 0e5a EF07B7D8 		.ascii	"\357\007\267\330\0050:=[4\342<\345\316\346\220\266\322"
 3705      05303A3D 
 3705      5B34E23C 
 3705      E5CEE690 
 3705      B6D2
 3706 0e6c 71EF8CA7 		.ascii	"q\357\214\247\267b/\201\334N\022\204mw\236y}K%G\333"
 3706      B7622F81 
 3706      DC4E1284 
 3706      6D779E79 
 3706      7D4B2547 
 3707 0e81 EAA25C7E 		.ascii	"\352\242\\~\356\220\213\205\034*\234S<w\032;\014\345"
 3707      EE908B85 
 3707      1C2A9C53 
 3707      3C771A3B 
 3707      0CE5
 3708 0e93 724379CC 		.ascii	"rCy\314\361\313j\336\250\277\203\231\307\231\3447C\245"
 3708      F1CB6ADE 
 3708      A8BF8399 
 3708      C799E437 
 3708      43A5
 3709 0ea5 01664933 		.ascii	"\001fI3\320\005\002\365\321\341\242;\336\236Fv`fEs\356"
 3709      D00502F5 
 3709      D1E1A23B 
 3709      DE9E4676 
 3709      60664573 
 3710 0eba 4145B917 		.ascii	"AE\271\027ohY\247:\016\371\320\206\266\023o\307\205"
 3710      6F6859A7 
 3710      3A0EF9D0 
 3710      86B6136F 
 3710      C785
 3711 0ecc D8E39520 		.ascii	"\330\343\225 \271a\023]\211q\276+\257\322\345\314\212"
 3711      B961135D 
 3711      8971BE2B 
 3711      AFD2E5CC 
 3711      8A
 3712 0edd D5422158 		.ascii	"\325B!X.\300\2730\215E\331\331\366Fgz\354zE\324\275"
 3712      2EC0BB30 
 3712      8D45D9D9 
 3712      F646677A 
 3712      EC7A45D4 
 3713 0ef2 F18A83A7 		.ascii	"\361\212\203\247=\327\251-\270\017\026\234~\201*\217"
 3713      3DD7A92D 
 3713      B80F169C 
 3713      7E812A8F 
 3714 0f02 E556D53B 		.ascii	"\345V\325;],\346\312%Tyn\264\3677\016V\011g\355\246"
 3714      5D2CE6CA 
 3714      2554796E 
 3714      B4F7370E 
 3714      560967ED 
 3715 0f17 AC8D35DD 		.ascii	"\254\2155\335\211Z\007\257\217\277@\355\241\274\326"
 3715      895A07AF 
 3715      8FBF40ED 
 3715      A1BCD6
ARM GAS  /tmp/ccHiDj7f.s 			page 120


 3716 0f26 D1987627 		.ascii	"\321\230v'\236o3V)e]zR\224\357\214\266\375\255g/\011"
 3716      9E6F3356 
 3716      29655D7A 
 3716      5294EF8C 
 3716      B6FDAD67 
 3717 0f3c 68862FF0 		.ascii	"h\206/\360+^<d\207\263q6\207\263\373\260\233\267Wk\232"
 3717      2B5E3C64 
 3717      87B37136 
 3717      87B3FBB0 
 3717      9BB7576B 
 3718 0f51 55E7C9C5 		.ascii	"U\347\311\305~\216\352\000\246\275\302\007\243\343\211"
 3718      7E8EEA00 
 3718      A6BDC207 
 3718      A3E389
 3719 0f60 D9935E9E 		.ascii	"\331\223^\236\277N\034\304\302\2122\214\321\255\247"
 3719      BF4E1CC4 
 3719      C28A328C 
 3719      D1ADA7
 3720 0f6f 85D7B4FC 		.ascii	"\205\327\264\374\210\354\017\033\021\233\036\2070\341"
 3720      88EC0F1B 
 3720      119B1E87 
 3720      30E1
 3721 0f7d 83E9DAE3 		.ascii	"\203\351\332\343\035\335\310\316M\361\344\236\350\315"
 3721      1DDDC8CE 
 3721      4DF1E49E 
 3721      E8CD
 3722 0f8b 98D4BEBE 		.ascii	"\230\324\276\276\313\027Y\261r\220\200\355n\337S\205"
 3722      CB1759B1 
 3722      729080ED 
 3722      6EDF5385 
 3723 0f9b 26C91174 		.ascii	"&\311\021t\222"
 3723      92
 3724 0fa0 6A33372A 		.ascii	"j37*\226\302a\325\252\252Q\352\231\341\234\274\204\341"
 3724      96C261D5 
 3724      AAAA51EA 
 3724      99E19CBC 
 3724      84E1
 3725 0fb2 A485E931 		.ascii	"\244\205\3511dB&\251\257\344\300\343\274\274\001\013"
 3725      644226A9 
 3725      AFE4C0E3 
 3725      BCBC010B 
 3726 0fc2 6C7A896D 		.ascii	"lz\211mU\215\365U\217\301%f\235\032\233@\356S\002\013"
 3726      558DF555 
 3726      8FC12566 
 3726      9D1A9B40 
 3726      EE53020B 
 3727 0fd6 6259A55F 		.ascii	"bY\245_\020U[\202j\265i\012\033\324\204\034\365\027"
 3727      10555B82 
 3727      6AB5690A 
 3727      1BD4841C 
 3727      F517
 3728 0fe8 7979C34D 		.ascii	"yy\303M\364\224;c ?1\240 \2667\251\240A]R\000Vr "
 3728      F4943B63 
 3728      203F31A0 
 3728      20B637A9 
 3728      A0415D52 
 3729 1000 48E9A219 		.ascii	"H\351\242\031T\31465\335&Z\012\3627\247\30656\245\211"
ARM GAS  /tmp/ccHiDj7f.s 			page 121


 3729      54CC3635 
 3729      DD265A0A 
 3729      F237A7C6 
 3729      3536A589 
 3730 1014 990536D5 		.ascii	"\231\0056\325\\`K\022\315\205\266$3\310\276\234\036"
 3730      5C604B12 
 3730      CD85B624 
 3730      33C8BE9C 
 3730      1E
 3731 1025 D3A8AAF5 		.ascii	"\323\250\252\365q\212YmLJ/hLZh)lT\323\013\033\223\026"
 3731      718A596D 
 3731      4C4A2F68 
 3731      4C5A6829 
 3731      6C54D30B 
 3732 103c 1410116C 		.ascii	"\024\020\021l\211\261\251\226\2028\305\022\323Kf[\322"
 3732      89B1A996 
 3732      8238C512 
 3732      D34B665B 
 3732      D2
 3733 104d 02A20E7C 		.ascii	"\002\242\016|\305\002\012dG\266\320\002\300\315\205"
 3733      C5020A64 
 3733      47B6D002 
 3733      C0CD85
 3734 105c AA65A1B9 		.ascii	"\252e\241\2710\316l\006\315\205\300V\267\026\252I\013"
 3734      30CE6C06 
 3734      CD85C056 
 3734      B716AA49 
 3734      0B
 3735 106d D20BE340 		.ascii	"\322\013\343@\026\2530\320\037\350\217U`\002\301\307"
 3735      16AB30D0 
 3735      1FE88F55 
 3735      6002C1C7 
 3736 107d 8F206696 		.ascii	"\217 f\226\263=\232\007\004\377\364\331\251\303\376"
 3736      B33D9A07 
 3736      04FFF4D9 
 3736      A9C3FE
 3737 108c E262CB8F 		.ascii	"\342b\313\217\004\361\315\005\312E\022\277\2753\275"
 3737      04F1CD05 
 3737      CA4512BF 
 3737      BD33BD
 3738 109b 0D927D62 		.ascii	"\015\222}b\216\262\337\234\204\012,L\202\211\245\226"
 3738      8EB2DF9C 
 3738      840A2C4C 
 3738      8289A596 
 3739 10ab 1C75E6D9 		.ascii	"\034u\346\331PG\367\212\372X\265\024d~^\201\313\331"
 3739      5047F78A 
 3739      FA58B514 
 3739      647E5E81 
 3739      CBD9
 3740 10bd E417CAB1 		.ascii	"\344\027\312\261p\014\037\305\357\307\275\242$\373\011"
 3740      700C1FC5 
 3740      EFC7BDA2 
 3740      24FB09
 3741 10cc 6F6459A0 		.ascii	"odY\240\011\337\213S\305&\025[q%>\316\273\336\021,Z"
 3741      09DF8B53 
 3741      C526155B 
 3741      71253ECE 
ARM GAS  /tmp/ccHiDj7f.s 			page 122


 3741      BBDE112C 
 3742 10e1 F1FBE9AF 		.ascii	"\361\373\351\257`4[<zx^I\234\200\222\250\"\307X^\260"
 3742      60345B3C 
 3742      7A785E49 
 3742      9C8092A8 
 3742      22C7585E 
 3743 10f6 BC34911F 		.ascii	"\2744\221\037\355\352z\007}\235\265Q\203\253!\355'1"
 3743      EDEA7A07 
 3743      7D9DB551 
 3743      83AB21ED 
 3743      2731
 3744 1108 11046ECC 		.ascii	"\021\004n\314\235\361\256\000gmxp\223\017\324\2648O"
 3744      9DF1AE00 
 3744      676D7870 
 3744      930FD4B4 
 3744      384F
 3745 111a 426A7951 		.ascii	"BjyQ\236\342S\360\301%\355\353\031~\250\026+\371~\202"
 3745      9EE253F0 
 3745      C125EDEB 
 3745      197EA816 
 3745      2BF97E82 
 3746 112e B2C70F1E 		.ascii	"\262\307\017\036\036\357\032;\241!=j'\"=\352Db\333s"
 3746      1EEF1A3B 
 3746      A1213D6A 
 3746      27223DEA 
 3746      4462DB73 
 3747 1142 7FCF1ED5 		.ascii	"\177\317\036\325\210\205\006\314Cqa\354\306\365wX(,"
 3747      888506CC 
 3747      437161EC 
 3747      C6F57758 
 3747      282C
 3748 1154 3F6FC4F5 		.ascii	"?o\304\365,\024\247\341\013\213E\362\022\032\207\244"
 3748      2C14A7E1 
 3748      0B8B45F2 
 3748      121A87A4 
 3749 1164 3B2C0E80 		.ascii	";,\016\200\000\237\306\014d\035\026O\341\367\213\226"
 3749      009FC60C 
 3749      641D164F 
 3749      E1F78B96 
 3750 1174 80873D19 		.ascii	"\200\207=\031\311\354\345\3276\277\327%t5\027\370;\230"
 3750      C9ECE5D7 
 3750      36BFD725 
 3750      743517F8 
 3750      3B98
 3751 1186 AE8D40E9 		.ascii	"\256\215@\351!\210\213\212F\357`\347\366\201.\215\333"
 3751      21888B8A 
 3751      46EF60E7 
 3751      F6812E8D 
 3751      DB
 3752 1197 BF7C6984 		.ascii	"\277|i\204\356\221<\333-\276\221\243\222<\246\037\376"
 3752      EE913CDB 
 3752      2DBE91A3 
 3752      923CA61F 
 3752      FE
 3753 11a8 C70CB520 		.ascii	"\307\014\265 Ij\301\315\240@u\205f,\274\177n\241r\235"
 3753      496AC1CD 
 3753      A0407585 
ARM GAS  /tmp/ccHiDj7f.s 			page 123


 3753      662CBC7F 
 3753      6EA1729D 
 3754 11bc 18B7763D 		.ascii	"\030\267v==\037`\367\177'\367\277\315\245\024.\214M"
 3754      3D1F60F7 
 3754      7F27F7BF 
 3754      CDA5142E 
 3754      8C4D
 3755 11ce 1E7FAD81 		.ascii	"\036\177\255\201\227B\033n\345\245\320\312\335\037Y"
 3755      97421B6E 
 3755      E5A5D0CA 
 3755      DD1F59
 3756 11dd A28C5090 		.ascii	"\242\214P\220\035\223\361~$\254\243\022\011kIi\321v"
 3756      1D93F17E 
 3756      24ACA312 
 3756      096B4969 
 3756      D176
 3757 11ef C5D36C07 		.ascii	"\305\323l\007\274\305\360\260Z\223\310+n\014i\215\035"
 3757      BCC5F0B0 
 3757      5A93C82B 
 3757      6E0C698D 
 3757      1D
 3758 1200 F83CB779 		.ascii	"\370<\267y\236\333\254_\242<%63\353\266\336\367^\232"
 3758      9EDBAC5F 
 3758      A23C2536 
 3758      33EBB6DE 
 3758      F75E9A
 3759 1213 93439AB7 		.ascii	"\223C\232\267\371\370\267\240y\223i\015\341\353\344"
 3759      F9F8B7A0 
 3759      7993690D 
 3759      E1EBE4
 3760 1222 0A9D5CE1 		.ascii	"\012\235\\\341f\240\222\342O\266\320\271u\275Z\242`"
 3760      66A092E2 
 3760      4FB6D0B9 
 3760      75BD5AA2 
 3760      60
 3761 1233 3D17CBCC 		.ascii	"=\027\313\314\023\351..\335\305\245\255\201\312\016"
 3761      13E92E2E 
 3761      DDC5A5AD 
 3761      81CA0E
 3762 1242 229DD3B6 		.ascii	"\"\235\323\266{\202I_w\221\276\302\245\257p\351\251"
 3762      7B82495F 
 3762      7791BEC2 
 3762      A5AF70E9 
 3762      A9
 3763 1253 97152B91 		.ascii	"\227\025+\221>W\234\275\321\217J?s\221\356\346\322\335"
 3763      3E579CBD 
 3763      D18F4A3F 
 3763      7391EEE6 
 3763      D2DD
 3764 1265 5C7AFFCB 		.ascii	"\\z\377\313J=\221\356\212K\271\311l\347\305;\245{\270"
 3764      4A3D91EE 
 3764      8A4BB9C9 
 3764      6CE7C53B 
 3764      A57BB8
 3765 1278 740F97BE 		.ascii	"t\017\227\276\372M\345\022\221\356\277\322\033\343K"
 3765      FA4DE512 
 3765      91EEBFD2 
ARM GAS  /tmp/ccHiDj7f.s 			page 124


 3765      1BE34B
 3766 1287 6B929C45 		.ascii	"k\222\234E\017\226T\337\362c\025\332\017\235\363@r\342"
 3766      0F9654DF 
 3766      F26315DA 
 3766      0F9DF340 
 3766      72E2
 3767 1299 05C5B342 		.ascii	"\005\305\263B\007\260p\235\326\370\246;\347\2125t\240"
 3767      07B0709D 
 3767      D6F8A63B 
 3767      E78A3574 
 3767      A0
 3768 12aa 5A36904D 		.ascii	"Z6\220M\305\003\270\217\017\324\307\007J\375\2462B\006"
 3768      C503B88F 
 3768      0FD4C707 
 3768      4AFDA632 
 3768      4206
 3769 12bc AA3DD89E 		.ascii	"\252=\330\236\"\022\351\211\027\247\377D2\372\243\012"
 3769      2212E989 
 3769      17A7FF44 
 3769      32FAA30A 
 3770 12cc 7C93CBDE 		.ascii	"|\223\313\336\344\262\375\213\225g\376\3633\272#\336"
 3770      E4B2FD8B 
 3770      9567FEF3 
 3770      33BA23DE 
 3771 12dc 5C2D79C2 		.ascii	"\\-y\302\030\302\302m\012cb\373\356\332\000j\270\372"
 3771      18C2C26D 
 3771      0A6362FB 
 3771      EEDA006A 
 3771      B8FA
 3772 12ee 0E333C84 		.ascii	"\0163<\204\007\271\341Anx\333b%;\200\274\330VV\027y"
 3772      07B9E141 
 3772      6E78DB62 
 3772      253B80BC 
 3772      D8565617 
 3773 1303 11C39BE9 		.ascii	"\021\303\233\351\014\254\272u\323\022\340\331\214F\261"
 3773      0CACBA75 
 3773      D312E0D9 
 3773      8C46B1
 3774 1312 30420D57 		.ascii	"0B\015WL<\357\222\226\222Z\266\314N>y\265.\266`\351"
 3774      4C3CEF92 
 3774      96925AB6 
 3774      CC4E3E79 
 3774      B52EB660 
 3775 1327 281EE696 		.ascii	"(\036\346\226\207I\275\277_\277Hi\013\020\224~b\373"
 3775      8749BDBF 
 3775      5FBF4869 
 3775      0B10947E 
 3775      62FB
 3776 1339 417F6F29 		.ascii	"A\177o)\211\344=2{\006\311\223cc\231\333dx2\216\205"
 3776      89E43D32 
 3776      7B06C993 
 3776      636399DB 
 3776      6478328E 
 3777 134e FB581921 		.ascii	"\373X\031!\217\352{n\337\321\302\243I,L@\200s\324\321"
 3777      8FEA7B6E 
 3777      DFD1C2A3 
 3777      492C4C40 
ARM GAS  /tmp/ccHiDj7f.s 			page 125


 3777      8073D4D1 
 3778 1362 291F8247 		.ascii	")\037\202GK\340\\O\263\236\241{\030\355\024\360n\214"
 3778      4BE05C4F 
 3778      B39EA17B 
 3778      18ED14F0 
 3778      6E8C
 3779 1374 674F6AED 		.ascii	"gOj\355\340\264\014\333C,L3l\355\227\212\345\245\371"
 3779      E0B40CDB 
 3779      432C4C33 
 3779      6CED978A 
 3779      E5A5F9
 3780 1387 496A52A2 		.ascii	"IjR\242\355\023XE\252\321C|\227B{\200\205\273\004\233"
 3780      ED135845 
 3780      AAD1437C 
 3780      97427B80 
 3780      85BB049B 
 3781 139b A04C9201 		.ascii	"\240L\222\001\0175\025\256!>T\346\015\251\277\317W\353"
 3781      0F3515AE 
 3781      213E54E6 
 3781      0DA9BFCF 
 3781      57EB
 3782 13ad 51057ECC 		.ascii	"Q\005~\314]xL]\350\\\244\304-\000\301\272F\333\353\324"
 3782      5D784C5D 
 3782      E85CA4C4 
 3782      2D00C1BA 
 3782      46DBEBD4 
 3783 13c1 D90B6387 		.ascii	"\331\013c\207\017\277C\234m\303O\270\344\023*y}\221"
 3783      0FBF439C 
 3783      6DC34FB8 
 3783      E4132A79 
 3783      7D91
 3784 13d3 9246241F 		.ascii	"\222F$\037\264\266\227\211T4oh\242\233\306\245\002\317"
 3784      B4B69789 
 3784      54346F68 
 3784      A29BC6A5 
 3784      02CF
 3785 13e5 72D1592A 		.ascii	"r\321Y*\332\275H) \242GS\263G\020\267Z\307\254v\340"
 3785      DABD4829 
 3785      20A24753 
 3785      B34710B7 
 3785      5AC7AC76 
 3786 13fa E75CF439 		.ascii	"\347\\\3649\025-[\244\034!\242\326mC-Z\026,\270+,\331"
 3786      152D5BA4 
 3786      1C21A2D6 
 3786      6D432D5A 
 3786      162CB82B 
 3787 1410 71D18BC5 		.ascii	"q\321\213\305I\2251zQ\236\223\255}\311\336j\263x\237"
 3787      4995317A 
 3787      519E93AD 
 3787      7DC9DE6A 
 3787      B3789F
 3788 1423 8A918968 		.ascii	"\212\221\211h\327\334\013+\2112\334\222 \216\327\266"
 3788      D7DC0B2B 
 3788      8932DC92 
 3788      208ED7B6 
 3789 1433 95FB7AE6 		.ascii	"\225\373z\3464N\026b\251pS\341\305\011\377\2459\366"
 3789      344E1662 
ARM GAS  /tmp/ccHiDj7f.s 			page 126


 3789      A97053E1 
 3789      C509FFA5 
 3789      39F6
 3790 1445 B8D9FA51 		.ascii	"\270\331\372Q\234<G\361\230ea\216\305\255\201\300Q\333"
 3790      9C3C47F1 
 3790      9865618E 
 3790      C5AD81C0 
 3790      51DB
 3791 1457 3A1E52AB 		.ascii	":\036R\253\271\264R\256\\)\252\360g\023#\021\360$\315"
 3791      B9B452AE 
 3791      5C29AAF0 
 3791      67132311 
 3791      F024CD
 3792 146a C5F7CD6B 		.ascii	"\305\367\315k\335\311\262\220D\007\231\2717\371C\342"
 3792      DDC9B290 
 3792      440799B9 
 3792      37F943E2 
 3793 147a F4C4C6A2 		.ascii	"\364\304\306\242\204TU\374$YN\220\231\313\0112q\331"
 3793      845455FC 
 3793      24594E90 
 3793      99CB0932 
 3793      71D9
 3794 148c BC5869FB 		.ascii	"\274Xi\373J\227S`\210\262\375\215;\265\314-\262\237"
 3794      4A975360 
 3794      88B2FD8D 
 3794      3BB5CC2D 
 3794      B29F
 3795 149e CD4F4EF4 		.ascii	"\315ON\364\367\364*M\026R\351\200\346\212\214X\321\351"
 3795      F7F42A4D 
 3795      1652E980 
 3795      E68A8C58 
 3795      D1E9
 3796 14b0 957A1DA5 		.ascii	"\225z\035\245\311\233\350\220\233ea\223L\275\032\370"
 3796      C99BE890 
 3796      9B656193 
 3796      4CBD1AF8 
 3797 14c0 6AAF3264 		.ascii	"j\2572dr\264_Z3om\316\222\205L:Hc\321\303v\232\313\211"
 3797      72B45F5A 
 3797      336F6DCE 
 3797      92854C3A 
 3797      4863D1C3 
 3798 14d8 D458EA56 		.ascii	"\324X\352V\226\234\316\335J\247n\215-R\356-\020\224"
 3798      969CCEDD 
 3798      4AA76E8D 
 3798      2D52EE2D 
 3798      1094
 3799 14ea 5932D0A6 		.ascii	"Y2\320\246\372\206|\262\324m\245\252[\013\017\377\230"
 3799      FA867CB2 
 3799      D46DA5AA 
 3799      5B0B0FFF 
 3799      98
 3800 14fb 0C7357A4 		.ascii	"\014sW\244\323y&\245\310\313s\230<Y\310\225y\337?\262"
 3800      D37926A5 
 3800      C8CB7398 
 3800      3C59C895 
 3800      79DF3FB2 
 3801 150f EFC8ECF7 		.ascii	"\357\310\354\367Y\337\2674\241<9\233\016\223#o\203o"
ARM GAS  /tmp/ccHiDj7f.s 			page 127


 3801      59DFB734 
 3801      A13C399B 
 3801      0E93236F 
 3801      836F
 3802 1521 6C3E9F7B 		.ascii	"l>\237{E9\277\320c\030\242Z9=7\361P\303\272u\335\242"
 3802      4539BFD0 
 3802      6318A25A 
 3802      393D37F1 
 3802      50C3BA75 
 3803 1537 0A9C4F35 		.ascii	"\012\234O5\267\313;\344|\256Y\365\212\322\003\232\232"
 3803      B7CB3BE4 
 3803      7CAE59F5 
 3803      8AD2039A 
 3803      9A
 3804 1548 9653FB76 		.ascii	"\226S\373v\213\177#\212\376\354?O\340]\262\215\034\221"
 3804      8B7F238A 
 3804      FEEC3F4F 
 3804      E05DB28D 
 3804      1C91
 3805 155a C7F99213 		.ascii	"\307\371\222\023\362\235\362.Y(\224\013d\264\013\302"
 3805      F29DF22E 
 3805      5928940B 
 3805      64B40BC2 
 3806 156a 72E2E8E5 		.ascii	"r\342\350\345[\316mo\205}\253M=+\273=2\355|%i\341\274"
 3806      5BCE6D6F 
 3806      857DAB4D 
 3806      3D2BBB3D 
 3806      32ED7C25 
 3807 1581 62CA6B18 		.ascii	"b\312k\030\216Op\371E\305\276\270R^\301\223[s\316\377"
 3807      8E4F70F9 
 3807      45C5BEB8 
 3807      525EC193 
 3807      5B73CEFF 
 3808 1595 52306ADF 		.ascii	"R0j\337fS^if\312\260\363<\305\312y{(\357\366\375\033"
 3808      66535E69 
 3808      66CAB0F3 
 3808      3CC5CA79 
 3808      7B28EFF6 
 3809 15ab 797E9EBB 		.ascii	"y~\236\273\232RYX\361\026l\255\366e\307\210\316\275"
 3809      9A525958 
 3809      F1166CAD 
 3809      F665C788 
 3809      CEBD
 3810 15bd 0C8BEB5E 		.ascii	"\014\213\353^\231\260\3116Y\003u2v\271d\336\177\342"
 3810      99B0C936 
 3810      59037532 
 3810      76B964DE 
 3810      7FE2
 3811 15cf D90FDAFB 		.ascii	"\331\017\332\373d\020\320\302\236\350=\214\366\037)"
 3811      6410D0C2 
 3811      9EE83D8C 
 3811      F61F29
 3812 15de ADF6719A 		.ascii	"\255\366q\232)\223\017\200\376A\231\310\011\312\215"
 3812      29930F80 
 3812      FE4199C8 
 3812      09CA8D
 3813 15ed 85F65DDA 		.ascii	"\205\366]\332d\327\012\373\326\244\002\037b\205`\225"
ARM GAS  /tmp/ccHiDj7f.s 			page 128


 3813      64D70AFB 
 3813      D6A4021F 
 3813      62856095 
 3814 15fd 0FF1305B 		.ascii	"\017\3610[_Q\306\276(A3\220\240\353\232\352JU\215\207"
 3814      5F51C6BE 
 3814      28413390 
 3814      A0EB9AEA 
 3814      4A558D87 
 3815 1611 9DF0F760 		.ascii	"\235\360\367`\347w\230\252\036\221\217\312\207\271n"
 3815      E77798AA 
 3815      1E918FCA 
 3815      87B96E
 3816 1620 3DECDEAE 		.ascii	"=\354\336\256\034\355\351r\276\241\264\361\030\034\243"
 3816      1CEDE972 
 3816      BEA1B4F1 
 3816      181CA3
 3817 162f 3198DA95 		.ascii	"1\230\332\225ev\236\013vp^9\345m\177ZuE\34391+d\272"
 3817      65769E0B 
 3817      76705E39 
 3817      E56D7F5A 
 3817      7545E339 
 3818 1647 A7C0E854 		.ascii	"\247\300\350T\\Y\222\323j\205\3144\217\023\004\312C"
 3818      5C5992D3 
 3818      6A85CC34 
 3818      8F1304CA 
 3818      43
 3819 1658 0277CA3C 		.ascii	"\002w\312<\332\241\365\024\250\224\251\004\264\310\262"
 3819      DAA1F514 
 3819      A894A904 
 3819      B4C8B2
 3820 1667 CDD3CEC4 		.ascii	"\315\323\316\304Tq\365\023t`\217\231u\273=y\237\350"
 3820      5471F513 
 3820      74608F99 
 3820      75BB3D79 
 3820      9FE8
 3821 1679 89A34616 		.ascii	"\211\243F\026\252\251p\362T{\226\363e\251\206\033:I"
 3821      AAA970F2 
 3821      547B96F3 
 3821      65A9861B 
 3821      3A49
 3822 168b 71C4BD44 		.ascii	"q\304\275D~\203\261\034\230\360\361\024\250\225O2\034"
 3822      7E83B11C 
 3822      98F0F114 
 3822      A8954F32 
 3822      1C
 3823 169c 271B1E0D 		.ascii	"'\033\036\015:q\234\342\3526j\272\274\352\306v\347o"
 3823      3A719CE2 
 3823      EA366ABA 
 3823      BCEAC676 
 3823      E76F
 3824 16ae 1DB9FC27 		.ascii	"\035\271\374'\270\272/\302X\224\2633\323\217\335\326"
 3824      B8BA2FC2 
 3824      5894B333 
 3824      D38FDDD6 
 3825 16be 43991F38 		.ascii	"C\231\0378y\351\370\274W\346FYh\240\272{s\253\356:\355"
 3825      79E9F8BC 
 3825      57E64659 
ARM GAS  /tmp/ccHiDj7f.s 			page 129


 3825      68A0BA7B 
 3825      73ABEE3A 
 3826 16d3 36F2314F 		.ascii	"6\3621OS\310\231\004r\335`\336\204\326S\340\214|\232"
 3826      53C89904 
 3826      72DD60DE 
 3826      84D653E0 
 3826      8C7C9A
 3827 16e6 417E34DB 		.ascii	"A~4\333\357\362\237\343\316r\365\246\277\000\253\031"
 3827      EFF29FE3 
 3827      CE72F5A6 
 3827      BF00AB19 
 3828 16f6 600D9EA8 		.ascii	"`\015\236\250\317\344\334\0262\031\207/v\317\353\274"
 3828      CFE4DC16 
 3828      3219872F 
 3828      76CFEBBC 
 3829 1706 ADB2708E 		.ascii	"\255\262p\216\232\032.NjrN\271V>L\033EYHP\336\233.y"
 3829      9A1A2E4E 
 3829      6A724EB9 
 3829      563E4C1B 
 3829      45594850 
 3830 171e E4E329D0 		.ascii	"\344\343)\320.\2671\224\345\273j\007]\376\013\037W\277"
 3830      2EB73194 
 3830      E5BB6A07 
 3830      5DFE0B1F 
 3830      57BF
 3831 1730 F0175076 		.ascii	"\360\027Pv\270\243\274\010\267%\235\005\361>\354\266"
 3831      B8A3BC08 
 3831      B7259D05 
 3831      F13EECB6 
 3832 1740 136EBB7B 		.ascii	"\023n\273{\013r\346\205\266K\026.Q\313\325\226]\227"
 3832      0B72E685 
 3832      B64B162E 
 3832      51CBD596 
 3832      5D97
 3833 1752 9DEF115D 		.ascii	"\235\357\021]|\324\313\024\364a\002z\25455\315\333S"
 3833      7CD4CB14 
 3833      F461027A 
 3833      AC3535CD 
 3833      DB53
 3834 1764 E08A7C99 		.ascii	"\340\212|\231\201\036\354\357\270\352,\246\253\\\275"
 3834      811EECEF 
 3834      B8EA2CA6 
 3834      AB5CBD
 3835 1773 9B9A4EDB 		.ascii	"\233\232N\333\274\2719\300\3438\330\343\325\332\334"
 3835      BCB939C0 
 3835      E338D8E3 
 3835      D5DADC
 3836 1782 AA163B8B 		.ascii	"\252\026;\213)\215\253\367P\365\336K\303\217\235\007"
 3836      298DABF7 
 3836      50F5DE4B 
 3836      C38F9D07 
 3837 1792 44D738AF 		.ascii	"D\3278\257\227\362\356\337\350\335\356\234K\311\234"
 3837      97F2EEDF 
 3837      E8DDEE9C 
 3837      4BC99C
 3838 17a1 D7477907 		.ascii	"\327Gy\007\217\366\264;\001\307q^?\345=\276=Z\316ba"
 3838      8FF6B43B 
ARM GAS  /tmp/ccHiDj7f.s 			page 130


 3838      01C7715E 
 3838      3FE53DBE 
 3838      3D5ACE62 
 3839 17b6 9BBFAD49 		.ascii	"\233\277\255I\272\276u\322\351K\026W\034 \313\013\216"
 3839      BABE75D2 
 3839      E94B1657 
 3839      1C20CB0B 
 3839      8E
 3840 17c7 32E83F5B 		.ascii	"2\350?[\276|y\020\374"
 3840      BE7C7910 
 3840      FC
 3841 17d0 0B5917BA 		.ascii	"\013Y\027\272*4\322\2503\031\242#>\015\2124\302\277"
 3841      2A34D2A8 
 3841      3319A223 
 3841      3E0D8A34 
 3841      C2BF
 3842 17e2 B0D05541 		.ascii	"\260\320UAFC\010\260V\353\303\364k\203Mz\343\362\020"
 3842      464308B0 
 3842      56EBC3F4 
 3842      6B834D7A 
 3842      E3F210
 3843 17f5 E5C37FFF 		.ascii	"\345\303\177\377\365\253\037\254\370\241\360\262\333"
 3843      F5AB1FAC 
 3843      F8A1F0B2 
 3843      DB
 3844 1802 E3E56FAE 		.ascii	"\343\345o\256^\263\352\355\267\336[-,\014Y\247\2132"
 3844      5EB3EAED 
 3844      B7DE5B2D 
 3844      2C0C59A7 
 3844      8B32
 3845 1814 84461A42 		.ascii	"\204F\032BM\033t\177\212\326G\353\2771\357\211\316\204"
 3845      4D1B747F 
 3845      8AD647EB 
 3845      BF31EF89 
 3845      CE84
 3846 1826 23F49F9B 		.ascii	"#\364\237\2330y\2525\221O\235ie\320\272\310p}\220!r"
 3846      3079AA35 
 3846      914F9D69 
 3846      65D0BAC8 
 3846      707D9021 
 3847 183b 55D02786 		.ascii	"U\320'\206\310?\352CL\306\240\017\010\250\225\246\350"
 3847      C83FEA43 
 3847      4CC6A00F 
 3847      08A895A6 
 3847      E8
 3848 184c D5A191AE 		.ascii	"\325\241\221\256\337uo\275\035\264>\322\360\2511*8D"
 3848      DF756FBD 
 3848      1DB43ED2 
 3848      F0A9312A 
 3848      3844
 3849 185e CF11AFFC 		.ascii	"\317\021\257\374\317\217\337~K\367\341'\037\375D\267"
 3849      CF8FDF7E 
 3849      4BF7E127 
 3849      1FFD44B7 
 3850 186e 26D410BE 		.ascii	"&\324\020\276>\330\240\017\022\376\341K|3\230\202B#"
 3850      3ED8A00F 
 3850      12FEE14B 
ARM GAS  /tmp/ccHiDj7f.s 			page 131


 3850      7C339882 
 3850      4223
 3851 1880 42C2A257 		.ascii	"B\302\242W\353\201\027\026j4\031\227\257\023|M\006b"
 3851      EB811716 
 3851      6A341997 
 3851      AF137C4D 
 3851      0662
 3852 1892 6E55F49A 		.ascii	"nU\364\2325z\203\024e2\370\261\007\372\317\364\021&"
 3852      357A8314 
 3852      6532F8B1 
 3852      07FACFF4 
 3852      1126
 3853 18a4 406C0CFD 		.ascii	"@l\014\375/\275\022\035\032aZ\361\003\235\311\313\030"
 3853      2FBD121D 
 3853      1A615AF1 
 3853      039DC9CB 
 3853      18
 3854 18b5 6D8CD247 		.ascii	"m\214\322G\254\326\257\3260\005l\012\015\327{\0317\030"
 3854      ACD6AFD6 
 3854      30056C0A 
 3854      0DD77B19 
 3854      3718
 3855 18c7 C95567A2 		.ascii	"\311Ug\242\202\000\310\2445\230\214\246\340\360(\031"
 3855      8200C8A4 
 3855      35988CA6 
 3855      E0F02819 
 3856 18d7 3E4D7A6C 		.ascii	">Mzl\332\020\245\027\243q\264\021\206\210\216z\013h"
 3856      DA10A517 
 3856      A371B411 
 3856      86888E7A 
 3856      0B68
 3857 18e9 C5D70249 		.ascii	"\305\327\002I\241\000H\274.8\314\2441\350\203\215\221"
 3857      A10048BC 
 3857      2E38CCA4 
 3857      31E8838D 
 3857      91
 3858 18fa 1138645D 		.ascii	"\0218d]\260A\0125\032pDp\270^2\254\336 \205\033\327"
 3858      B0410A35 
 3858      1A704470 
 3858      B85E32AC 
 3858      DE20851B 
 3859 190f CA403A13 		.ascii	"\312@:\0232EyA\330M\353@t\265\302.\360\324\270^\263"
 3859      32457941 
 3859      D84DEB40 
 3859      74B5C22E 
 3859      F0D4B85E 
 3860 1924 DE14B9EA 		.ascii	"\336\024\271\352\217QR\204)\312\337\325a\235IZ\275j"
 3860      8F515284 
 3860      29CADFD5 
 3860      619D495A 
 3860      BD6A
 3861 1936 AD16ACE9 		.ascii	"\255\026\254\351B\"Lr\010q\331+*8\"4D\007\006\003\300"
 3861      42224C72 
 3861      0871D92B 
 3861      2A382234 
 3861      44070603 
 3862 194b 16F14D1F 		.ascii	"\026\361M\037\256[\255_\025\275V\011\213\014\371\224"
ARM GAS  /tmp/ccHiDj7f.s 			page 132


 3862      AE5BAD5F 
 3862      15BD5609 
 3862      8B0CF994 
 3863 195b 087E2DF0 		.ascii	"\010~-\360T\005\300\373\273\232\320\231\274\303\203"
 3863      5405C0FB 
 3863      BB9AD099 
 3863      BCC383
 3864 196a 21480C21 		.ascii	"!H\014!|\204\321j\0107}N\022\242\300\200\341\321&\375"
 3864      7C84D16A 
 3864      08377D4E 
 3864      12A2C080 
 3864      E1D126FD 
 3865 197e E78A9E84 		.ascii	"\347\212\236\20494b\255\017\315Cx\260\361S\210.@\242"
 3865      393462AD 
 3865      0FCD4378 
 3865      B0F15388 
 3865      2E40A2
 3866 1991 8544C4E8 		.ascii	"\205D\304\350\027o\373\027\210\370\372\340P\023(h\341"
 3866      176FFB17 
 3866      88F8FAE0 
 3866      50132868 
 3866      E1
 3867 19a2 1131E5C5 		.ascii	"\0211\345\305\257:\223F\277\236\350C\010`\224(\270\030"
 3867      AF3A9346 
 3867      BF9EE843 
 3867      08609428 
 3867      B818
 3868 19b4 F5E151BE 		.ascii	"\365\341Q\276\3045}xp\324\272H\203^k$c@\020\327\233"
 3868      C4357D78 
 3868      70D4BA48 
 3868      835E6B24 
 3868      634010D7 
 3869 19c9 4C86A897 		.ascii	"L\206\250\227x\334\014z\010\220>\202\324\232\242\377"
 3869      78DC0C7A 
 3869      08903E82 
 3869      D49AA2FF 
 3870 19d9 3CD41412 		.ascii	"<\324\024\022\271Z\257\201p\203\340\227\315\0367\377"
 3870      B95AAF81 
 3870      7083E097 
 3870      CD1E37FF 
 3871 19e9 21E0A49C 		.ascii	"!\340\244\234I\372\300\224Qk\"\237:\223\274&,x-\334"
 3871      49FAC094 
 3871      516B229F 
 3871      3A93BC26 
 3871      2C782DDC 
 3872 19fd 858339B0 		.ascii	"\205\2039\260l\242\025\002\217\327\007\203\307\336F"
 3872      6CA21502 
 3872      8FD70783 
 3872      C7DE46
 3873 1a0c D3A7C161 		.ascii	"\323\247\301a\241k#\000\366\372\340U\301F\275\034\271"
 3873      A16B2300 
 3873      F6FAE055 
 3873      C146BD1C 
 3873      B9
 3874 1a1d 3E426FF0 		.ascii	">Bo\360\007\2700Ph\004H\003\"?\227\357 i\2401\220BL"
 3874      07B83050 
 3874      68044803 
ARM GAS  /tmp/ccHiDj7f.s 			page 133


 3874      223F97EF 
 3874      2069A031 
 3875 1a34 9F236394 		.ascii	"\237#c\224OT\244\301\004\\\023\334\372\322\357!\221"
 3875      4F54A4C1 
 3875      045C13DC 
 3875      FAD2EF21 
 3875      91
 3876 1a45 111052D3 		.ascii	"\021\020R\323\273_\002:$2<<2\"\210\210\032\203~\374"
 3876      BB5F023A 
 3876      24323C3C 
 3876      32228888 
 3876      1A837EFC 
 3877 1a59 AB8F3FFB 		.ascii	"\253\217?\373\341\367?\006\251\020\010\014`\227\326"
 3877      E1F73F06 
 3877      A910080C 
 3877      6097D6
 3878 1a68 AD3668A2 		.ascii	"\2556h\242\350\0002\375\304$\252rxTdd\230\006,\257\011"
 3878      E80032FD 
 3878      C424AA72 
 3878      78546464 
 3878      98062CAF 
 3879 1a7d 5DBBD81D 		.ascii	"]\273\330\035\234\216=]4\377\021L'\303\232\220h\222"
 3879      9C8E3D5D 
 3879      34FF114C 
 3879      27C39A90 
 3879      6892
 3880 1a8f 2272C524 		.ascii	"\"r\305$->\344\233\216%\370\215\257\023V\"\017\2704"
 3880      2D3EE49B 
 3880      8E25F88D 
 3880      AF135622 
 3880      0FB834
 3881 1aa2 54CFA425 		.ascii	"T\317\244%0u\241\253\275\370\225L=\375Z\002\321\207"
 3881      3075A1AB 
 3881      BDF8954C 
 3881      3DFD5A02 
 3881      D187
 3882 1ab4 8CA25F0B 		.ascii	"\214\242_\013\337\014\033\274\355_ X\237\231h\245\205"
 3882      DF0C1BBC 
 3882      ED5F2058 
 3882      9F9968A5 
 3882      85
 3883 1ac5 051B4D64 		.ascii	"\005\033Md\322\312\253\311\255\037\010C_3\005\323\232"
 3883      D2CAABC9 
 3883      AD1F0843 
 3883      5F3305D3 
 3883      9A
 3884 1ad6 0970BB83 		.ascii	"\011p\273\203\334\320\033?\250c\010\253\336\360Yp\230"
 3884      DCD01B3F 
 3884      A86308AB 
 3884      DEF05970 
 3884      98
 3885 1ae7 CEF44D90 		.ascii	"\316\364M\220\371,\324`\212&7`\307`deG\354\322\251O"
 3885      F92CD460 
 3885      8A263760 
 3885      C7606465 
 3885      47ECD2A9 
 3886 1afc 7BC10FDE 		.ascii	"{\301\017\336\321\231\026\177\201\030\3304\330\307%"
ARM GAS  /tmp/ccHiDj7f.s 			page 134


 3886      D199167F 
 3886      8118D834 
 3886      D8C725
 3887 1b0b C5B6813E 		.ascii	"\305\266\201>\325\206D\033\240\342L\276\316G0\035u\272"
 3887      D586441B 
 3887      A0E24CBE 
 3887      CE47301D 
 3887      75BA
 3888 1b1d CF18102D 		.ascii	"\317\030\020-\277\312\301\206\265\306(\015L\014\275"
 3888      BFCAC186 
 3888      B5C6280D 
 3888      4C0CBD
 3889 1b2c DEB0D0DE 		.ascii	"\336\260\320\336\216u\354^g\012\372\277\265v\301?$8"
 3889      8E75EC5E 
 3889      670AFABF 
 3889      B576C13F 
 3889      2438
 3890 1b3e 2C4C17AE 		.ascii	",L\027\2567\032\203\327B5\301\314X\271\301\370\353\010"
 3890      371A83D7 
 3890      4235C1CC 
 3890      58B9C1F8 
 3890      EB08
 3891 1b50 32D7056F 		.ascii	"2\327\005o\235nMtD\210N\267|\205\264\342\007\202W\260"
 3891      9D6E4D74 
 3891      44884EB7 
 3891      7C85B4E2 
 3891      078257B0 
 3892 1b64 21FCB31F 		.ascii	"!\374\263\037\352\277\037.xC\274\241\250\276\037\376"
 3892      EABF1F2E 
 3892      7843BCA1 
 3892      A8BE1FFE 
 3893 1b74 8EE0E3A2 		.ascii	"\216\340\343\242\260\354\353d\020\342\010\011T\354\246"
 3893      B0ECEB64 
 3893      10E20809 
 3893      54ECA6
 3894 1b83 61A67E6C 		.ascii	"a\246~l\\\373\241\336\3442\332\233\212\375\341\327\262"
 3894      5CFBA1DE 
 3894      E432DA9B 
 3894      8AFDE1D7 
 3894      B2
 3895 1b94 48A62494 		.ascii	"H\246$\224j\310\2727\231\261\337B/X\340\370\366\237"
 3895      6AC8BA37 
 3895      99B1DF42 
 3895      2F58E0F8 
 3895      F69F
 3896 1ba6 10F7C868 		.ascii	"\020\367\310h\323B\235\216\345\225\205kM\304\233\363"
 3896      D3429D8E 
 3896      E595856B 
 3896      4DC49BF3 
 3897 1bb6 9EAC98F7 		.ascii	"\236\254\230\367\344\255yO\336\236\367\344\235E!\353"
 3897      E4AD794F 
 3897      DE9EF7E4 
 3897      9D4521EB 
 3898 1bc6 7ECA6F3F 		.ascii	"~\312o?\200X\376\206&\342%\347\303\237\206\302\232e"
 3898      8058FE86 
 3898      26E225E7 
 3898      C39F86C2 
ARM GAS  /tmp/ccHiDj7f.s 			page 135


 3898      9A65
 3899 1bd8 0A59B764 		.ascii	"\012Y\267d\376#\216\315\213\306\360\347\320\345\277"
 3899      FE238ECD 
 3899      8BC6F0E7 
 3899      D0E5BF
 3900 1be7 566BD507 		.ascii	"Vk\325\007\033\3026\200\307\013t\320\307C\303\240\357"
 3900      1BC23680 
 3900      C70B74D0 
 3900      C743C3A0 
 3900      EF
 3901 1bf8 E9F49F47 		.ascii	"\351\364\237GA\267\221a\242\031M8L\037\274F\033\021"
 3901      41B79161 
 3901      A2194D38 
 3901      4C1FBC46 
 3901      1B11
 3902 1c0a 098D2C72 		.ascii	"\011\215,r\375K:\035\264x\200\254\207\336\035M\263\344"
 3902      FD4B3A1D 
 3902      B47880AC 
 3902      87DE1D4D 
 3902      B3E4
 3903 1c1c ED08CDCA 		.ascii	"\355\010\315\312\005\256\\\302[\350\031\266\225.\203"
 3903      05AE5CC2 
 3903      5BE819B6 
 3903      952E83
 3904 1c2b 40014293 		.ascii	"@\001B\223b1^\011\337^rcA\331\033H\371\000\363W\340"
 3904      62315E09 
 3904      DF5E7263 
 3904      41D91B48 
 3904      F900F357 
 3905 1c40 26342F3F 		.ascii	"&4/?\0354Y\223\356'?^\371\263O~\365\221_p\330\372\340"
 3905      1D345993 
 3905      EE273F5E 
 3905      F9B34F7E 
 3905      F5915F70 
 3906 1c57 0DA42B84 		.ascii	"\015\244+\204\205F\350\177\366\325\355\010\032\026i"
 3906      8546E87F 
 3906      F6D5ED08 
 3906      1A1669
 3907 1c66 46411F7C 		.ascii	"FA\037|\274\362\243\225A\037\300\354\016\372\310\356"
 3907      BCF2A395 
 3907      411FC0EC 
 3907      0EFAC8EE 
 3908 1c76 7FB831D4 		.ascii	"\177\2701\324\250[\033\022\002\021`\335\216\271%\353"
 3908      A85B1B12 
 3908      021160DD 
 3908      8EB925EB 
 3909 1c86 7E024D89 		.ascii	"~\002M\211\205\362\027p\357Ey\204\343\357\232u\235\311"
 3909      85F21770 
 3909      EF457984 
 3909      E3EF9A75 
 3909      9DC9
 3910 1c98 F57685FB 		.ascii	"\365v\205\373\355[\356\267o\273\337\302l\376_\244 \330"
 3910      ED5BEEB7 
 3910      6FBBDFC2 
 3910      6CFE5FA4 
 3910      20D8
 3911 1caa E9       		.ascii	"\351"
ARM GAS  /tmp/ccHiDj7f.s 			page 136


 3912              		.text
 3913              		.section	.gnu.lto_.symtab.cbfd633e6eec8a62,"e",%progbits
 3914 0000 5F5F6368 		.ascii	"__ch_delegate_fn0\000"
 3914      5F64656C 
 3914      65676174 
 3914      655F666E 
 3914      3000
 3915 0012 00       		.ascii	"\000"
 3916 0013 00       		.ascii	"\000"
 3917 0014 00       		.ascii	"\000"
 3918 0015 00000000 		.ascii	"\000\000\000\000\000\000\000\000"
 3918      00000000 
 3919 001d 53020000 		.ascii	"S\002\000\000"
 3920 0021 5F5F6368 		.ascii	"__ch_delegate_fn1\000"
 3920      5F64656C 
 3920      65676174 
 3920      655F666E 
 3920      3100
 3921 0033 00       		.ascii	"\000"
 3922 0034 00       		.ascii	"\000"
 3923 0035 00       		.ascii	"\000"
 3924 0036 00000000 		.ascii	"\000\000\000\000\000\000\000\000"
 3924      00000000 
 3925 003e 55020000 		.ascii	"U\002\000\000"
 3926 0042 5F5F6368 		.ascii	"__ch_delegate_fn2\000"
 3926      5F64656C 
 3926      65676174 
 3926      655F666E 
 3926      3200
 3927 0054 00       		.ascii	"\000"
 3928 0055 00       		.ascii	"\000"
 3929 0056 00       		.ascii	"\000"
 3930 0057 00000000 		.ascii	"\000\000\000\000\000\000\000\000"
 3930      00000000 
 3931 005f 57020000 		.ascii	"W\002\000\000"
 3932 0063 5F5F6368 		.ascii	"__ch_delegate_fn3\000"
 3932      5F64656C 
 3932      65676174 
 3932      655F666E 
 3932      3300
 3933 0075 00       		.ascii	"\000"
 3934 0076 00       		.ascii	"\000"
 3935 0077 00       		.ascii	"\000"
 3936 0078 00000000 		.ascii	"\000\000\000\000\000\000\000\000"
 3936      00000000 
 3937 0080 59020000 		.ascii	"Y\002\000\000"
 3938 0084 5F5F6368 		.ascii	"__ch_delegate_fn4\000"
 3938      5F64656C 
 3938      65676174 
 3938      655F666E 
 3938      3400
 3939 0096 00       		.ascii	"\000"
 3940 0097 00       		.ascii	"\000"
 3941 0098 00       		.ascii	"\000"
 3942 0099 00000000 		.ascii	"\000\000\000\000\000\000\000\000"
 3942      00000000 
 3943 00a1 5B020000 		.ascii	"[\002\000\000"
ARM GAS  /tmp/ccHiDj7f.s 			page 137


 3944 00a5 63684465 		.ascii	"chDelegateCallVeneer\000"
 3944      6C656761 
 3944      74654361 
 3944      6C6C5665 
 3944      6E656572 
 3945 00ba 00       		.ascii	"\000"
 3946 00bb 00       		.ascii	"\000"
 3947 00bc 00       		.ascii	"\000"
 3948 00bd 00000000 		.ascii	"\000\000\000\000\000\000\000\000"
 3948      00000000 
 3949 00c5 60020000 		.ascii	"`\002\000\000"
 3950 00c9 63684465 		.ascii	"chDelegateDispatch\000"
 3950      6C656761 
 3950      74654469 
 3950      73706174 
 3950      636800
 3951 00dc 00       		.ascii	"\000"
 3952 00dd 00       		.ascii	"\000"
 3953 00de 00       		.ascii	"\000"
 3954 00df 00000000 		.ascii	"\000\000\000\000\000\000\000\000"
 3954      00000000 
 3955 00e7 62020000 		.ascii	"b\002\000\000"
 3956 00eb 63684465 		.ascii	"chDelegateDispatchTimeout\000"
 3956      6C656761 
 3956      74654469 
 3956      73706174 
 3956      63685469 
 3957 0105 00       		.ascii	"\000"
 3958 0106 00       		.ascii	"\000"
 3959 0107 00       		.ascii	"\000"
 3960 0108 00000000 		.ascii	"\000\000\000\000\000\000\000\000"
 3960      00000000 
 3961 0110 66020000 		.ascii	"f\002\000\000"
 3962 0114 63683000 		.ascii	"ch0\000"
 3963 0118 00       		.ascii	"\000"
 3964 0119 02       		.ascii	"\002"
 3965 011a 00       		.ascii	"\000"
 3966 011b 00000000 		.ascii	"\000\000\000\000\000\000\000\000"
 3966      00000000 
 3967 0123 4A020000 		.ascii	"J\002\000\000"
 3968 0127 63685379 		.ascii	"chSysHalt\000"
 3968      7348616C 
 3968      7400
 3969 0131 00       		.ascii	"\000"
 3970 0132 02       		.ascii	"\002"
 3971 0133 00       		.ascii	"\000"
 3972 0134 00000000 		.ascii	"\000\000\000\000\000\000\000\000"
 3972      00000000 
 3973 013c 6A020000 		.ascii	"j\002\000\000"
 3974 0140 5F5F6462 		.ascii	"__dbg_check_unlock\000"
 3974      675F6368 
 3974      65636B5F 
 3974      756E6C6F 
 3974      636B00
 3975 0153 00       		.ascii	"\000"
 3976 0154 02       		.ascii	"\002"
 3977 0155 00       		.ascii	"\000"
ARM GAS  /tmp/ccHiDj7f.s 			page 138


 3978 0156 00000000 		.ascii	"\000\000\000\000\000\000\000\000"
 3978      00000000 
 3979 015e 77020000 		.ascii	"w\002\000\000"
 3980 0162 63684D73 		.ascii	"chMsgWaitS\000"
 3980      67576169 
 3980      745300
 3981 016d 00       		.ascii	"\000"
 3982 016e 02       		.ascii	"\002"
 3983 016f 00       		.ascii	"\000"
 3984 0170 00000000 		.ascii	"\000\000\000\000\000\000\000\000"
 3984      00000000 
 3985 0178 79020000 		.ascii	"y\002\000\000"
 3986 017c 5F5F6462 		.ascii	"__dbg_check_lock\000"
 3986      675F6368 
 3986      65636B5F 
 3986      6C6F636B 
 3986      00
 3987 018d 00       		.ascii	"\000"
 3988 018e 02       		.ascii	"\002"
 3989 018f 00       		.ascii	"\000"
 3990 0190 00000000 		.ascii	"\000\000\000\000\000\000\000\000"
 3990      00000000 
 3991 0198 7B020000 		.ascii	"{\002\000\000"
 3992 019c 63684D73 		.ascii	"chMsgWaitTimeoutS\000"
 3992      67576169 
 3992      7454696D 
 3992      656F7574 
 3992      5300
 3993 01ae 00       		.ascii	"\000"
 3994 01af 02       		.ascii	"\002"
 3995 01b0 00       		.ascii	"\000"
 3996 01b1 00000000 		.ascii	"\000\000\000\000\000\000\000\000"
 3996      00000000 
 3997 01b9 7D020000 		.ascii	"}\002\000\000"
 3998 01bd 63684D73 		.ascii	"chMsgSend\000"
 3998      6753656E 
 3998      6400
 3999 01c7 00       		.ascii	"\000"
 4000 01c8 02       		.ascii	"\002"
 4001 01c9 00       		.ascii	"\000"
 4002 01ca 00000000 		.ascii	"\000\000\000\000\000\000\000\000"
 4002      00000000 
 4003 01d2 89020000 		.ascii	"\211\002\000\000"
 4004 01d6 63684D73 		.ascii	"chMsgRelease\000"
 4004      6752656C 
 4004      65617365 
 4004      00
 4005 01e3 00       		.ascii	"\000"
 4006 01e4 02       		.ascii	"\002"
 4007 01e5 00       		.ascii	"\000"
 4008 01e6 00000000 		.ascii	"\000\000\000\000\000\000\000\000"
 4008      00000000 
 4009 01ee 94020000 		.ascii	"\224\002\000\000"
 4010              		.text
 4011              		.section	.gnu.lto_.ext_symtab.cbfd633e6eec8a62,"e",%progbits
 4012 0000 01       		.ascii	"\001"
 4013 0001 01       		.ascii	"\001"
ARM GAS  /tmp/ccHiDj7f.s 			page 139


 4014 0002 00       		.ascii	"\000"
 4015 0003 01       		.ascii	"\001"
 4016 0004 00       		.ascii	"\000"
 4017 0005 01       		.ascii	"\001"
 4018 0006 00       		.ascii	"\000"
 4019 0007 01       		.ascii	"\001"
 4020 0008 00       		.ascii	"\000"
 4021 0009 01       		.ascii	"\001"
 4022 000a 00       		.ascii	"\000"
 4023 000b 01       		.ascii	"\001"
 4024 000c 00       		.ascii	"\000"
 4025 000d 01       		.ascii	"\001"
 4026 000e 00       		.ascii	"\000"
 4027 000f 01       		.ascii	"\001"
 4028 0010 00       		.ascii	"\000"
 4029 0011 02       		.ascii	"\002"
 4030 0012 01       		.ascii	"\001"
 4031 0013 01       		.ascii	"\001"
 4032 0014 00       		.ascii	"\000"
 4033 0015 01       		.ascii	"\001"
 4034 0016 00       		.ascii	"\000"
 4035 0017 01       		.ascii	"\001"
 4036 0018 00       		.ascii	"\000"
 4037 0019 01       		.ascii	"\001"
 4038 001a 00       		.ascii	"\000"
 4039 001b 01       		.ascii	"\001"
 4040 001c 00       		.ascii	"\000"
 4041 001d 01       		.ascii	"\001"
 4042 001e 00       		.ascii	"\000"
 4043 001f 01       		.ascii	"\001"
 4044 0020 00       		.ascii	"\000"
 4045              		.text
 4046              		.section	.gnu.lto_.opts,"e",%progbits
 4047 0000 272D666E 		.ascii	"'-fno-openmp' '-fno-openacc' '-fno-pie' '-fcf-prote"
 4047      6F2D6F70 
 4047      656E6D70 
 4047      2720272D 
 4047      666E6F2D 
 4048 0033 6374696F 		.ascii	"ction=none' '-g' '-mcpu=cortex-m4' '-mthumb' '-mflo"
 4048      6E3D6E6F 
 4048      6E652720 
 4048      272D6727 
 4048      20272D6D 
 4049 0066 61742D61 		.ascii	"at-abi=soft' '-mlibarch=armv7e-m' '-march=armv7e-m'"
 4049      62693D73 
 4049      6F667427 
 4049      20272D6D 
 4049      6C696261 
 4050 0099 20272D4F 		.ascii	" '-O2' '-fomit-frame-pointer' '-falign-functions=16"
 4050      32272027 
 4050      2D666F6D 
 4050      69742D66 
 4050      72616D65 
 4051 00cc 2720272D 		.ascii	"' '-ffunction-sections' '-fdata-sections' '-fno-com"
 4051      6666756E 
 4051      6374696F 
 4051      6E2D7365 
ARM GAS  /tmp/ccHiDj7f.s 			page 140


 4051      6374696F 
 4052 00ff 6D6F6E27 		.ascii	"mon' '-flto' '-Xassembler' '-alms=./build/lst/chdel"
 4052      20272D66 
 4052      6C746F27 
 4052      20272D58 
 4052      61737365 
 4053 0132 65676174 		.ascii	"egates.lst'\000"
 4053      65732E6C 
 4053      73742700 
 4054              		.text
 4055              		.comm	__gnu_lto_slim,1,1
 4056              		.ident	"GCC: (Arm GNU Toolchain 11.3.Rel1) 11.3.1 20220712"
ARM GAS  /tmp/ccHiDj7f.s 			page 141


DEFINED SYMBOLS
                            *ABS*:0000000000000000 chdelegates.c
     /tmp/ccHiDj7f.s:38     .gnu.debuglto_.debug_info:0000000000000000 chdelegates.c.0dfb328d
                            *COM*:0000000000000001 __gnu_lto_slim

NO UNDEFINED SYMBOLS
