ARM GAS  /tmp/ccYjAqA9.s 			page 1


   1              		.cpu cortex-m4
   2              		.arch armv7e-m
   3              		.fpu softvfp
   4              		.eabi_attribute 20, 1
   5              		.eabi_attribute 21, 1
   6              		.eabi_attribute 23, 3
   7              		.eabi_attribute 24, 1
   8              		.eabi_attribute 25, 1
   9              		.eabi_attribute 26, 1
  10              		.eabi_attribute 30, 2
  11              		.eabi_attribute 34, 1
  12              		.eabi_attribute 18, 4
  13              		.file	"chevents.c"
  14              		.file 1 "/home/rob/Projects/ChibiStudio/ChibiStudio_23/tools/GNU Tools ARM Embedded/11.3.1 2022q3/
  15              		.file 2 "/home/rob/Projects/ChibiStudio/ChibiStudio_23/tools/GNU Tools ARM Embedded/11.3.1 2022q3/
  16              		.file 3 "../../chibios_trunk/os/common/ports/ARM-common/chtypes.h"
  17              		.file 4 "../../chibios_trunk/os/rt/include/chearly.h"
  18              		.file 5 "../../chibios_trunk/os/rt/include/chobjects.h"
  19              		.file 6 "../../chibios_trunk/os/rt/include/chrfcu.h"
  20              		.file 7 "../../chibios_trunk/os/rt/include/chdebug.h"
  21              		.file 8 "../../chibios_trunk/os/rt/include/chtime.h"
  22              		.file 9 "../../chibios_trunk/os/rt/include/chlists.h"
  23              		.file 10 "../../chibios_trunk/os/rt/include/chtrace.h"
  24              		.file 11 "../../chibios_trunk/os/common/ports/ARMv7-M/chcore.h"
  25              		.file 12 "../../chibios_trunk/os/rt/include/chsem.h"
  26              		.file 13 "../../chibios_trunk/os/rt/include/chmtx.h"
  27              		.file 14 "../../chibios_trunk/os/rt/include/chevents.h"
  28              		.file 15 "../../chibios_trunk/os/rt/include/chschd.h"
  29              		.file 16 "../../chibios_trunk/os/rt/src/chevents.c"
  30              		.file 17 "../../chibios_trunk/os/rt/include/chsys.h"
  31              		.file 18 "../../chibios_trunk/os/common/ext/ARM/CMSIS/Core/Include/cmsis_gcc.h"
  32              		.file 19 "../../chibios_trunk/os/rt/include/chthreads.h"
  33              		.section	.gnu.debuglto_.debug_info,"e",%progbits
  34              	.Ldebug_info0:
  35              		.hidden	chevents.c.209389b0
  36              		.weak	chevents.c.209389b0
  37              	chevents.c.209389b0:
  38 0000 5F0F0000 		.4byte	0xf5f
  39 0004 0500     		.2byte	0x5
  40 0006 01       		.byte	0x1
  41 0007 04       		.byte	0x4
  42 0008 00000000 		.4byte	.Ldebug_abbrev0
  43 000c 27       		.uleb128 0x27
  44 000d 5E060000 		.4byte	.LASF173
  45 0011 1D       		.byte	0x1d
  46 0012 8B070000 		.4byte	.LASF174
  47 0016 D5070000 		.4byte	.LASF175
  48 001a 00000000 		.4byte	.Ldebug_line0
  49 001e 28       		.uleb128 0x28
  50 001f 04       		.byte	0x4
  51 0020 05       		.byte	0x5
  52 0021 696E7400 		.ascii	"int\000"
  53 0025 07       		.uleb128 0x7
  54 0026 04       		.byte	0x4
  55 0027 07       		.byte	0x7
  56 0028 A8020000 		.4byte	.LASF0
  57 002c 07       		.uleb128 0x7
ARM GAS  /tmp/ccYjAqA9.s 			page 2


  58 002d 08       		.byte	0x8
  59 002e 05       		.byte	0x5
  60 002f A0010000 		.4byte	.LASF1
  61 0033 07       		.uleb128 0x7
  62 0034 08       		.byte	0x8
  63 0035 04       		.byte	0x4
  64 0036 34060000 		.4byte	.LASF2
  65 003a 07       		.uleb128 0x7
  66 003b 01       		.byte	0x1
  67 003c 06       		.byte	0x6
  68 003d 13010000 		.4byte	.LASF3
  69 0041 01       		.uleb128 0x1
  70 0042 43000000 		.4byte	.LASF6
  71 0046 01       		.byte	0x1
  72 0047 2B       		.byte	0x2b
  73 0048 18       		.byte	0x18
  74 0049 4D000000 		.4byte	0x4d
  75 004d 07       		.uleb128 0x7
  76 004e 01       		.byte	0x1
  77 004f 08       		.byte	0x8
  78 0050 32050000 		.4byte	.LASF4
  79 0054 07       		.uleb128 0x7
  80 0055 02       		.byte	0x2
  81 0056 05       		.byte	0x5
  82 0057 86050000 		.4byte	.LASF5
  83 005b 01       		.uleb128 0x1
  84 005c 53060000 		.4byte	.LASF7
  85 0060 01       		.byte	0x1
  86 0061 39       		.byte	0x39
  87 0062 19       		.byte	0x19
  88 0063 67000000 		.4byte	0x67
  89 0067 07       		.uleb128 0x7
  90 0068 02       		.byte	0x2
  91 0069 07       		.byte	0x7
  92 006a 33030000 		.4byte	.LASF8
  93 006e 01       		.uleb128 0x1
  94 006f D9030000 		.4byte	.LASF9
  95 0073 01       		.byte	0x1
  96 0074 4D       		.byte	0x4d
  97 0075 18       		.byte	0x18
  98 0076 7A000000 		.4byte	0x7a
  99 007a 07       		.uleb128 0x7
 100 007b 04       		.byte	0x4
 101 007c 05       		.byte	0x5
 102 007d 62010000 		.4byte	.LASF10
 103 0081 01       		.uleb128 0x1
 104 0082 15020000 		.4byte	.LASF11
 105 0086 01       		.byte	0x1
 106 0087 4F       		.byte	0x4f
 107 0088 19       		.byte	0x19
 108 0089 8D000000 		.4byte	0x8d
 109 008d 07       		.uleb128 0x7
 110 008e 04       		.byte	0x4
 111 008f 07       		.byte	0x7
 112 0090 CF020000 		.4byte	.LASF12
 113 0094 01       		.uleb128 0x1
 114 0095 D0040000 		.4byte	.LASF13
ARM GAS  /tmp/ccYjAqA9.s 			page 3


 115 0099 01       		.byte	0x1
 116 009a 69       		.byte	0x69
 117 009b 19       		.byte	0x19
 118 009c A0000000 		.4byte	0xa0
 119 00a0 07       		.uleb128 0x7
 120 00a1 08       		.byte	0x8
 121 00a2 07       		.byte	0x7
 122 00a3 92000000 		.4byte	.LASF14
 123 00a7 29       		.uleb128 0x29
 124 00a8 04       		.byte	0x4
 125 00a9 07       		.uleb128 0x7
 126 00aa 01       		.byte	0x1
 127 00ab 08       		.byte	0x8
 128 00ac 47060000 		.4byte	.LASF15
 129 00b0 08       		.uleb128 0x8
 130 00b1 A9000000 		.4byte	0xa9
 131 00b5 04       		.uleb128 0x4
 132 00b6 B0000000 		.4byte	0xb0
 133 00ba 21       		.uleb128 0x21
 134 00bb B5000000 		.4byte	0xb5
 135 00bf 01       		.uleb128 0x1
 136 00c0 8A080000 		.4byte	.LASF16
 137 00c4 02       		.byte	0x2
 138 00c5 18       		.byte	0x18
 139 00c6 13       		.byte	0x13
 140 00c7 41000000 		.4byte	0x41
 141 00cb 01       		.uleb128 0x1
 142 00cc C3010000 		.4byte	.LASF17
 143 00d0 02       		.byte	0x2
 144 00d1 24       		.byte	0x24
 145 00d2 14       		.byte	0x14
 146 00d3 5B000000 		.4byte	0x5b
 147 00d7 01       		.uleb128 0x1
 148 00d8 2A050000 		.4byte	.LASF18
 149 00dc 02       		.byte	0x2
 150 00dd 2C       		.byte	0x2c
 151 00de 13       		.byte	0x13
 152 00df 6E000000 		.4byte	0x6e
 153 00e3 01       		.uleb128 0x1
 154 00e4 12060000 		.4byte	.LASF19
 155 00e8 02       		.byte	0x2
 156 00e9 30       		.byte	0x30
 157 00ea 14       		.byte	0x14
 158 00eb 81000000 		.4byte	0x81
 159 00ef 01       		.uleb128 0x1
 160 00f0 2A000000 		.4byte	.LASF20
 161 00f4 02       		.byte	0x2
 162 00f5 3C       		.byte	0x3c
 163 00f6 14       		.byte	0x14
 164 00f7 94000000 		.4byte	0x94
 165 00fb 21       		.uleb128 0x21
 166 00fc EF000000 		.4byte	0xef
 167 0100 01       		.uleb128 0x1
 168 0101 F3020000 		.4byte	.LASF21
 169 0105 03       		.byte	0x3
 170 0106 48       		.byte	0x48
 171 0107 1D       		.byte	0x1d
ARM GAS  /tmp/ccYjAqA9.s 			page 4


 172 0108 EF000000 		.4byte	0xef
 173 010c 01       		.uleb128 0x1
 174 010d E3030000 		.4byte	.LASF22
 175 0111 04       		.byte	0x4
 176 0112 50       		.byte	0x50
 177 0113 19       		.byte	0x19
 178 0114 00010000 		.4byte	0x100
 179 0118 01       		.uleb128 0x1
 180 0119 AF030000 		.4byte	.LASF23
 181 011d 04       		.byte	0x4
 182 011e 53       		.byte	0x53
 183 011f 19       		.byte	0x19
 184 0120 BF000000 		.4byte	0xbf
 185 0124 01       		.uleb128 0x1
 186 0125 20020000 		.4byte	.LASF24
 187 0129 04       		.byte	0x4
 188 012a 54       		.byte	0x54
 189 012b 19       		.byte	0x19
 190 012c BF000000 		.4byte	0xbf
 191 0130 01       		.uleb128 0x1
 192 0131 FF040000 		.4byte	.LASF25
 193 0135 04       		.byte	0x4
 194 0136 55       		.byte	0x55
 195 0137 19       		.byte	0x19
 196 0138 BF000000 		.4byte	0xbf
 197 013c 01       		.uleb128 0x1
 198 013d 0C050000 		.4byte	.LASF26
 199 0141 04       		.byte	0x4
 200 0142 57       		.byte	0x57
 201 0143 19       		.byte	0x19
 202 0144 E3000000 		.4byte	0xe3
 203 0148 01       		.uleb128 0x1
 204 0149 64030000 		.4byte	.LASF27
 205 014d 04       		.byte	0x4
 206 014e 58       		.byte	0x58
 207 014f 19       		.byte	0x19
 208 0150 D7000000 		.4byte	0xd7
 209 0154 01       		.uleb128 0x1
 210 0155 45020000 		.4byte	.LASF28
 211 0159 04       		.byte	0x4
 212 015a 59       		.byte	0x59
 213 015b 19       		.byte	0x19
 214 015c D7000000 		.4byte	0xd7
 215 0160 01       		.uleb128 0x1
 216 0161 CD030000 		.4byte	.LASF29
 217 0165 04       		.byte	0x4
 218 0166 5A       		.byte	0x5a
 219 0167 19       		.byte	0x19
 220 0168 E3000000 		.4byte	0xe3
 221 016c 01       		.uleb128 0x1
 222 016d 57030000 		.4byte	.LASF30
 223 0171 04       		.byte	0x4
 224 0172 5B       		.byte	0x5b
 225 0173 19       		.byte	0x19
 226 0174 E3000000 		.4byte	0xe3
 227 0178 01       		.uleb128 0x1
 228 0179 99020000 		.4byte	.LASF31
ARM GAS  /tmp/ccYjAqA9.s 			page 5


 229 017d 04       		.byte	0x4
 230 017e 5C       		.byte	0x5c
 231 017f 19       		.byte	0x19
 232 0180 D7000000 		.4byte	0xd7
 233 0184 01       		.uleb128 0x1
 234 0185 F5040000 		.4byte	.LASF32
 235 0189 04       		.byte	0x4
 236 018a 80       		.byte	0x80
 237 018b 12       		.byte	0x12
 238 018c 25000000 		.4byte	0x25
 239 0190 01       		.uleb128 0x1
 240 0191 19070000 		.4byte	.LASF33
 241 0195 04       		.byte	0x4
 242 0196 85       		.byte	0x85
 243 0197 1A       		.byte	0x1a
 244 0198 9C010000 		.4byte	0x19c
 245 019c 06       		.uleb128 0x6
 246 019d 46030000 		.4byte	.LASF49
 247 01a1 4C       		.byte	0x4c
 248 01a2 05       		.byte	0x5
 249 01a3 9C       		.byte	0x9c
 250 01a4 08       		.byte	0x8
 251 01a5 86020000 		.4byte	0x286
 252 01a9 0B       		.uleb128 0xb
 253 01aa 68647200 		.ascii	"hdr\000"
 254 01ae 05       		.byte	0x5
 255 01af AD       		.byte	0xad
 256 01b0 05       		.byte	0x5
 257 01b1 38070000 		.4byte	0x738
 258 01b5 00       		.byte	0
 259 01b6 0B       		.uleb128 0xb
 260 01b7 63747800 		.ascii	"ctx\000"
 261 01bb 05       		.byte	0x5
 262 01bc B1       		.byte	0xb1
 263 01bd 21       		.byte	0x21
 264 01be A3060000 		.4byte	0x6a3
 265 01c2 0C       		.byte	0xc
 266 01c3 02       		.uleb128 0x2
 267 01c4 E1020000 		.4byte	.LASF34
 268 01c8 05       		.byte	0x5
 269 01c9 B6       		.byte	0xb6
 270 01ca 21       		.byte	0x21
 271 01cb D0030000 		.4byte	0x3d0
 272 01cf 10       		.byte	0x10
 273 01d0 02       		.uleb128 0x2
 274 01d1 2E060000 		.4byte	.LASF35
 275 01d5 05       		.byte	0x5
 276 01d6 BB       		.byte	0xbb
 277 01d7 22       		.byte	0x22
 278 01d8 3A080000 		.4byte	0x83a
 279 01dc 18       		.byte	0x18
 280 01dd 02       		.uleb128 0x2
 281 01de 0B030000 		.4byte	.LASF36
 282 01e2 05       		.byte	0x5
 283 01e3 C0       		.byte	0xc0
 284 01e4 22       		.byte	0x22
 285 01e5 B5000000 		.4byte	0xb5
ARM GAS  /tmp/ccYjAqA9.s 			page 6


 286 01e9 1C       		.byte	0x1c
 287 01ea 02       		.uleb128 0x2
 288 01eb 40060000 		.4byte	.LASF37
 289 01ef 05       		.byte	0x5
 290 01f0 C9       		.byte	0xc9
 291 01f1 22       		.byte	0x22
 292 01f2 3F080000 		.4byte	0x83f
 293 01f6 20       		.byte	0x20
 294 01f7 02       		.uleb128 0x2
 295 01f8 63080000 		.4byte	.LASF38
 296 01fc 05       		.byte	0x5
 297 01fd CE       		.byte	0xce
 298 01fe 22       		.byte	0x22
 299 01ff 3F080000 		.4byte	0x83f
 300 0203 24       		.byte	0x24
 301 0204 02       		.uleb128 0x2
 302 0205 5C010000 		.4byte	.LASF39
 303 0209 05       		.byte	0x5
 304 020a D3       		.byte	0xd3
 305 020b 21       		.byte	0x21
 306 020c 24010000 		.4byte	0x124
 307 0210 28       		.byte	0x28
 308 0211 02       		.uleb128 0x2
 309 0212 92080000 		.4byte	.LASF40
 310 0216 05       		.byte	0x5
 311 0217 D7       		.byte	0xd7
 312 0218 21       		.byte	0x21
 313 0219 18010000 		.4byte	0x118
 314 021d 29       		.byte	0x29
 315 021e 02       		.uleb128 0x2
 316 021f FE000000 		.4byte	.LASF41
 317 0223 05       		.byte	0x5
 318 0224 DC       		.byte	0xdc
 319 0225 21       		.byte	0x21
 320 0226 30010000 		.4byte	0x130
 321 022a 2A       		.byte	0x2a
 322 022b 09       		.uleb128 0x9
 323 022c 7500     		.ascii	"u\000"
 324 022e 05       		.byte	0x5
 325 022f 2D01     		.2byte	0x12d
 326 0231 21       		.byte	0x21
 327 0232 65070000 		.4byte	0x765
 328 0236 2C       		.byte	0x2c
 329 0237 03       		.uleb128 0x3
 330 0238 3D020000 		.4byte	.LASF42
 331 023c 3201     		.2byte	0x132
 332 023e 21       		.byte	0x21
 333 023f A4030000 		.4byte	0x3a4
 334 0243 30       		.byte	0x30
 335 0244 03       		.uleb128 0x3
 336 0245 9F020000 		.4byte	.LASF43
 337 0249 3801     		.2byte	0x138
 338 024b 21       		.byte	0x21
 339 024c D0030000 		.4byte	0x3d0
 340 0250 34       		.byte	0x34
 341 0251 03       		.uleb128 0x3
 342 0252 6A030000 		.4byte	.LASF44
ARM GAS  /tmp/ccYjAqA9.s 			page 7


 343 0256 3E01     		.2byte	0x13e
 344 0258 21       		.byte	0x21
 345 0259 60010000 		.4byte	0x160
 346 025d 3C       		.byte	0x3c
 347 025e 03       		.uleb128 0x3
 348 025f 09090000 		.4byte	.LASF45
 349 0263 4501     		.2byte	0x145
 350 0265 22       		.byte	0x22
 351 0266 35080000 		.4byte	0x835
 352 026a 40       		.byte	0x40
 353 026b 03       		.uleb128 0x3
 354 026c 11040000 		.4byte	.LASF46
 355 0270 4901     		.2byte	0x149
 356 0272 21       		.byte	0x21
 357 0273 3C010000 		.4byte	0x13c
 358 0277 44       		.byte	0x44
 359 0278 03       		.uleb128 0x3
 360 0279 28080000 		.4byte	.LASF47
 361 027d 5001     		.2byte	0x150
 362 027f 22       		.byte	0x22
 363 0280 A7000000 		.4byte	0xa7
 364 0284 48       		.byte	0x48
 365 0285 00       		.byte	0
 366 0286 01       		.uleb128 0x1
 367 0287 75070000 		.4byte	.LASF48
 368 028b 04       		.byte	0x4
 369 028c 8A       		.byte	0x8a
 370 028d 1F       		.byte	0x1f
 371 028e 92020000 		.4byte	0x292
 372 0292 2A       		.uleb128 0x2a
 373 0293 58070000 		.4byte	.LASF50
 374 0297 A008     		.2byte	0x8a0
 375 0299 05       		.byte	0x5
 376 029a 8F01     		.2byte	0x18f
 377 029c 08       		.byte	0x8
 378 029d 18030000 		.4byte	0x318
 379 02a1 03       		.uleb128 0x3
 380 02a2 69080000 		.4byte	.LASF51
 381 02a6 9301     		.2byte	0x193
 382 02a8 21       		.byte	0x21
 383 02a9 6D080000 		.4byte	0x86d
 384 02ad 00       		.byte	0
 385 02ae 03       		.uleb128 0x3
 386 02af 49010000 		.4byte	.LASF52
 387 02b3 9701     		.2byte	0x197
 388 02b5 21       		.byte	0x21
 389 02b6 F9060000 		.4byte	0x6f9
 390 02ba 10       		.byte	0x10
 391 02bb 03       		.uleb128 0x3
 392 02bc 83070000 		.4byte	.LASF53
 393 02c0 9E01     		.2byte	0x19e
 394 02c2 21       		.byte	0x21
 395 02c3 20070000 		.4byte	0x720
 396 02c7 28       		.byte	0x28
 397 02c8 03       		.uleb128 0x3
 398 02c9 16030000 		.4byte	.LASF54
 399 02cd A301     		.2byte	0x1a3
ARM GAS  /tmp/ccYjAqA9.s 			page 8


 400 02cf 21       		.byte	0x21
 401 02d0 84010000 		.4byte	0x184
 402 02d4 30       		.byte	0x30
 403 02d5 03       		.uleb128 0x3
 404 02d6 0D000000 		.4byte	.LASF55
 405 02da A901     		.2byte	0x1a9
 406 02dc 21       		.byte	0x21
 407 02dd 3F030000 		.4byte	0x33f
 408 02e1 34       		.byte	0x34
 409 02e2 03       		.uleb128 0x3
 410 02e3 4C060000 		.4byte	.LASF56
 411 02e7 AE01     		.2byte	0x1ae
 412 02e9 22       		.byte	0x22
 413 02ea D8080000 		.4byte	0x8d8
 414 02ee 38       		.byte	0x38
 415 02ef 03       		.uleb128 0x3
 416 02f0 C1000000 		.4byte	.LASF57
 417 02f4 B201     		.2byte	0x1b2
 418 02f6 21       		.byte	0x21
 419 02f7 90010000 		.4byte	0x190
 420 02fb 3C       		.byte	0x3c
 421 02fc 09       		.uleb128 0x9
 422 02fd 64626700 		.ascii	"dbg\000"
 423 0301 05       		.byte	0x5
 424 0302 B601     		.2byte	0x1b6
 425 0304 21       		.byte	0x21
 426 0305 80030000 		.4byte	0x380
 427 0309 88       		.byte	0x88
 428 030a 03       		.uleb128 0x3
 429 030b CB080000 		.4byte	.LASF58
 430 030f BB01     		.2byte	0x1bb
 431 0311 21       		.byte	0x21
 432 0312 11060000 		.4byte	0x611
 433 0316 94       		.byte	0x94
 434 0317 00       		.byte	0
 435 0318 01       		.uleb128 0x1
 436 0319 1A040000 		.4byte	.LASF59
 437 031d 06       		.byte	0x6
 438 031e 3F       		.byte	0x3f
 439 031f 12       		.byte	0x12
 440 0320 E3000000 		.4byte	0xe3
 441 0324 06       		.uleb128 0x6
 442 0325 6B010000 		.4byte	.LASF60
 443 0329 04       		.byte	0x4
 444 032a 06       		.byte	0x6
 445 032b 44       		.byte	0x44
 446 032c 10       		.byte	0x10
 447 032d 3F030000 		.4byte	0x33f
 448 0331 02       		.uleb128 0x2
 449 0332 56080000 		.4byte	.LASF61
 450 0336 06       		.byte	0x6
 451 0337 48       		.byte	0x48
 452 0338 21       		.byte	0x21
 453 0339 18030000 		.4byte	0x318
 454 033d 00       		.byte	0
 455 033e 00       		.byte	0
 456 033f 01       		.uleb128 0x1
ARM GAS  /tmp/ccYjAqA9.s 			page 9


 457 0340 7F050000 		.4byte	.LASF62
 458 0344 06       		.byte	0x6
 459 0345 49       		.byte	0x49
 460 0346 03       		.byte	0x3
 461 0347 24030000 		.4byte	0x324
 462 034b 06       		.uleb128 0x6
 463 034c 14050000 		.4byte	.LASF63
 464 0350 0C       		.byte	0xc
 465 0351 07       		.byte	0x7
 466 0352 3E       		.byte	0x3e
 467 0353 10       		.byte	0x10
 468 0354 80030000 		.4byte	0x380
 469 0358 02       		.uleb128 0x2
 470 0359 47070000 		.4byte	.LASF64
 471 035d 07       		.byte	0x7
 472 035e 46       		.byte	0x46
 473 035f 24       		.byte	0x24
 474 0360 BA000000 		.4byte	0xba
 475 0364 00       		.byte	0
 476 0365 02       		.uleb128 0x2
 477 0366 5B080000 		.4byte	.LASF65
 478 036a 07       		.byte	0x7
 479 036b 4B       		.byte	0x4b
 480 036c 19       		.byte	0x19
 481 036d 78010000 		.4byte	0x178
 482 0371 04       		.byte	0x4
 483 0372 02       		.uleb128 0x2
 484 0373 67020000 		.4byte	.LASF66
 485 0377 07       		.byte	0x7
 486 0378 4F       		.byte	0x4f
 487 0379 19       		.byte	0x19
 488 037a 78010000 		.4byte	0x178
 489 037e 08       		.byte	0x8
 490 037f 00       		.byte	0
 491 0380 01       		.uleb128 0x1
 492 0381 5E000000 		.4byte	.LASF67
 493 0385 07       		.byte	0x7
 494 0386 51       		.byte	0x51
 495 0387 03       		.byte	0x3
 496 0388 4B030000 		.4byte	0x34b
 497 038c 01       		.uleb128 0x1
 498 038d 28070000 		.4byte	.LASF68
 499 0391 08       		.byte	0x8
 500 0392 6D       		.byte	0x6d
 501 0393 12       		.byte	0x12
 502 0394 E3000000 		.4byte	0xe3
 503 0398 01       		.uleb128 0x1
 504 0399 7F020000 		.4byte	.LASF69
 505 039d 08       		.byte	0x8
 506 039e 79       		.byte	0x79
 507 039f 12       		.byte	0x12
 508 03a0 E3000000 		.4byte	0xe3
 509 03a4 01       		.uleb128 0x1
 510 03a5 67040000 		.4byte	.LASF70
 511 03a9 09       		.byte	0x9
 512 03aa 32       		.byte	0x32
 513 03ab 18       		.byte	0x18
ARM GAS  /tmp/ccYjAqA9.s 			page 10


 514 03ac B0030000 		.4byte	0x3b0
 515 03b0 06       		.uleb128 0x6
 516 03b1 B7030000 		.4byte	.LASF71
 517 03b5 04       		.byte	0x4
 518 03b6 09       		.byte	0x9
 519 03b7 38       		.byte	0x38
 520 03b8 08       		.byte	0x8
 521 03b9 CB030000 		.4byte	0x3cb
 522 03bd 02       		.uleb128 0x2
 523 03be 18000000 		.4byte	.LASF72
 524 03c2 09       		.byte	0x9
 525 03c3 39       		.byte	0x39
 526 03c4 1A       		.byte	0x1a
 527 03c5 CB030000 		.4byte	0x3cb
 528 03c9 00       		.byte	0
 529 03ca 00       		.byte	0
 530 03cb 04       		.uleb128 0x4
 531 03cc A4030000 		.4byte	0x3a4
 532 03d0 01       		.uleb128 0x1
 533 03d1 E8020000 		.4byte	.LASF73
 534 03d5 09       		.byte	0x9
 535 03d6 3F       		.byte	0x3f
 536 03d7 19       		.byte	0x19
 537 03d8 DC030000 		.4byte	0x3dc
 538 03dc 06       		.uleb128 0x6
 539 03dd 97010000 		.4byte	.LASF74
 540 03e1 08       		.byte	0x8
 541 03e2 09       		.byte	0x9
 542 03e3 45       		.byte	0x45
 543 03e4 08       		.byte	0x8
 544 03e5 04040000 		.4byte	0x404
 545 03e9 02       		.uleb128 0x2
 546 03ea 18000000 		.4byte	.LASF72
 547 03ee 09       		.byte	0x9
 548 03ef 46       		.byte	0x46
 549 03f0 1A       		.byte	0x1a
 550 03f1 04040000 		.4byte	0x404
 551 03f5 00       		.byte	0
 552 03f6 02       		.uleb128 0x2
 553 03f7 4D000000 		.4byte	.LASF75
 554 03fb 09       		.byte	0x9
 555 03fc 47       		.byte	0x47
 556 03fd 1A       		.byte	0x1a
 557 03fe 04040000 		.4byte	0x404
 558 0402 04       		.byte	0x4
 559 0403 00       		.byte	0
 560 0404 04       		.uleb128 0x4
 561 0405 D0030000 		.4byte	0x3d0
 562 0409 01       		.uleb128 0x1
 563 040a 7E000000 		.4byte	.LASF76
 564 040e 09       		.byte	0x9
 565 040f 4E       		.byte	0x4e
 566 0410 22       		.byte	0x22
 567 0411 15040000 		.4byte	0x415
 568 0415 06       		.uleb128 0x6
 569 0416 B4070000 		.4byte	.LASF77
 570 041a 0C       		.byte	0xc
ARM GAS  /tmp/ccYjAqA9.s 			page 11


 571 041b 09       		.byte	0x9
 572 041c 55       		.byte	0x55
 573 041d 08       		.byte	0x8
 574 041e 4A040000 		.4byte	0x44a
 575 0422 02       		.uleb128 0x2
 576 0423 18000000 		.4byte	.LASF72
 577 0427 09       		.byte	0x9
 578 0428 56       		.byte	0x56
 579 0429 1A       		.byte	0x1a
 580 042a 4A040000 		.4byte	0x44a
 581 042e 00       		.byte	0
 582 042f 02       		.uleb128 0x2
 583 0430 4D000000 		.4byte	.LASF75
 584 0434 09       		.byte	0x9
 585 0435 57       		.byte	0x57
 586 0436 1A       		.byte	0x1a
 587 0437 4A040000 		.4byte	0x44a
 588 043b 04       		.byte	0x4
 589 043c 02       		.uleb128 0x2
 590 043d B0040000 		.4byte	.LASF78
 591 0441 09       		.byte	0x9
 592 0442 58       		.byte	0x58
 593 0443 19       		.byte	0x19
 594 0444 3C010000 		.4byte	0x13c
 595 0448 08       		.byte	0x8
 596 0449 00       		.byte	0
 597 044a 04       		.uleb128 0x4
 598 044b 09040000 		.4byte	0x409
 599 044f 01       		.uleb128 0x1
 600 0450 CC010000 		.4byte	.LASF79
 601 0454 09       		.byte	0x9
 602 0455 5F       		.byte	0x5f
 603 0456 1E       		.byte	0x1e
 604 0457 5B040000 		.4byte	0x45b
 605 045b 06       		.uleb128 0x6
 606 045c 33010000 		.4byte	.LASF80
 607 0460 0C       		.byte	0xc
 608 0461 09       		.byte	0x9
 609 0462 64       		.byte	0x64
 610 0463 08       		.byte	0x8
 611 0464 90040000 		.4byte	0x490
 612 0468 02       		.uleb128 0x2
 613 0469 18000000 		.4byte	.LASF72
 614 046d 09       		.byte	0x9
 615 046e 65       		.byte	0x65
 616 046f 1A       		.byte	0x1a
 617 0470 90040000 		.4byte	0x490
 618 0474 00       		.byte	0
 619 0475 02       		.uleb128 0x2
 620 0476 4D000000 		.4byte	.LASF75
 621 047a 09       		.byte	0x9
 622 047b 66       		.byte	0x66
 623 047c 1A       		.byte	0x1a
 624 047d 90040000 		.4byte	0x490
 625 0481 04       		.byte	0x4
 626 0482 02       		.uleb128 0x2
 627 0483 1D000000 		.4byte	.LASF81
ARM GAS  /tmp/ccYjAqA9.s 			page 12


 628 0487 09       		.byte	0x9
 629 0488 67       		.byte	0x67
 630 0489 19       		.byte	0x19
 631 048a 98030000 		.4byte	0x398
 632 048e 08       		.byte	0x8
 633 048f 00       		.byte	0
 634 0490 04       		.uleb128 0x4
 635 0491 4F040000 		.4byte	0x44f
 636 0495 12       		.uleb128 0x12
 637 0496 08       		.byte	0x8
 638 0497 83       		.byte	0x83
 639 0498 05       		.byte	0x5
 640 0499 B8040000 		.4byte	0x4b8
 641 049d 0B       		.uleb128 0xb
 642 049e 6E747000 		.ascii	"ntp\000"
 643 04a2 0A       		.byte	0xa
 644 04a3 87       		.byte	0x87
 645 04a4 1E       		.byte	0x1e
 646 04a5 B8040000 		.4byte	0x4b8
 647 04a9 00       		.byte	0
 648 04aa 02       		.uleb128 0x2
 649 04ab AC080000 		.4byte	.LASF82
 650 04af 0A       		.byte	0xa
 651 04b0 8B       		.byte	0x8b
 652 04b1 1E       		.byte	0x1e
 653 04b2 A7000000 		.4byte	0xa7
 654 04b6 04       		.byte	0x4
 655 04b7 00       		.byte	0
 656 04b8 04       		.uleb128 0x4
 657 04b9 90010000 		.4byte	0x190
 658 04bd 12       		.uleb128 0x12
 659 04be 08       		.byte	0x8
 660 04bf 90       		.byte	0x90
 661 04c0 05       		.byte	0x5
 662 04c1 DF040000 		.4byte	0x4df
 663 04c5 0B       		.uleb128 0xb
 664 04c6 747000   		.ascii	"tp\000"
 665 04c9 0A       		.byte	0xa
 666 04ca 94       		.byte	0x94
 667 04cb 1E       		.byte	0x1e
 668 04cc B8040000 		.4byte	0x4b8
 669 04d0 00       		.byte	0
 670 04d1 0B       		.uleb128 0xb
 671 04d2 6D736700 		.ascii	"msg\000"
 672 04d6 0A       		.byte	0xa
 673 04d7 98       		.byte	0x98
 674 04d8 1D       		.byte	0x1d
 675 04d9 48010000 		.4byte	0x148
 676 04dd 04       		.byte	0x4
 677 04de 00       		.byte	0
 678 04df 12       		.uleb128 0x12
 679 04e0 04       		.byte	0x4
 680 04e1 9D       		.byte	0x9d
 681 04e2 05       		.byte	0x5
 682 04e3 F5040000 		.4byte	0x4f5
 683 04e7 02       		.uleb128 0x2
 684 04e8 0B030000 		.4byte	.LASF36
ARM GAS  /tmp/ccYjAqA9.s 			page 13


 685 04ec 0A       		.byte	0xa
 686 04ed A1       		.byte	0xa1
 687 04ee 1E       		.byte	0x1e
 688 04ef B5000000 		.4byte	0xb5
 689 04f3 00       		.byte	0
 690 04f4 00       		.byte	0
 691 04f5 12       		.uleb128 0x12
 692 04f6 04       		.byte	0x4
 693 04f7 A6       		.byte	0xa6
 694 04f8 05       		.byte	0x5
 695 04f9 0B050000 		.4byte	0x50b
 696 04fd 02       		.uleb128 0x2
 697 04fe DE050000 		.4byte	.LASF83
 698 0502 0A       		.byte	0xa
 699 0503 AA       		.byte	0xaa
 700 0504 1E       		.byte	0x1e
 701 0505 B5000000 		.4byte	0xb5
 702 0509 00       		.byte	0
 703 050a 00       		.byte	0
 704 050b 12       		.uleb128 0x12
 705 050c 08       		.byte	0x8
 706 050d AF       		.byte	0xaf
 707 050e 05       		.byte	0x5
 708 050f 2E050000 		.4byte	0x52e
 709 0513 0B       		.uleb128 0xb
 710 0514 75703100 		.ascii	"up1\000"
 711 0518 0A       		.byte	0xa
 712 0519 B3       		.byte	0xb3
 713 051a 1E       		.byte	0x1e
 714 051b A7000000 		.4byte	0xa7
 715 051f 00       		.byte	0
 716 0520 0B       		.uleb128 0xb
 717 0521 75703200 		.ascii	"up2\000"
 718 0525 0A       		.byte	0xa
 719 0526 B7       		.byte	0xb7
 720 0527 1E       		.byte	0x1e
 721 0528 A7000000 		.4byte	0xa7
 722 052c 04       		.byte	0x4
 723 052d 00       		.byte	0
 724 052e 1C       		.uleb128 0x1c
 725 052f 08       		.byte	0x8
 726 0530 0A       		.byte	0xa
 727 0531 7F       		.byte	0x7f
 728 0532 6C050000 		.4byte	0x56c
 729 0536 1D       		.uleb128 0x1d
 730 0537 737700   		.ascii	"sw\000"
 731 053a 8C       		.byte	0x8c
 732 053b 95040000 		.4byte	0x495
 733 053f 1D       		.uleb128 0x1d
 734 0540 72647900 		.ascii	"rdy\000"
 735 0544 99       		.byte	0x99
 736 0545 BD040000 		.4byte	0x4bd
 737 0549 1D       		.uleb128 0x1d
 738 054a 69737200 		.ascii	"isr\000"
 739 054e A2       		.byte	0xa2
 740 054f DF040000 		.4byte	0x4df
 741 0553 11       		.uleb128 0x11
ARM GAS  /tmp/ccYjAqA9.s 			page 14


 742 0554 99050000 		.4byte	.LASF84
 743 0558 0A       		.byte	0xa
 744 0559 AB       		.byte	0xab
 745 055a 07       		.byte	0x7
 746 055b F5040000 		.4byte	0x4f5
 747 055f 11       		.uleb128 0x11
 748 0560 07050000 		.4byte	.LASF85
 749 0564 0A       		.byte	0xa
 750 0565 B8       		.byte	0xb8
 751 0566 07       		.byte	0x7
 752 0567 0B050000 		.4byte	0x50b
 753 056b 00       		.byte	0
 754 056c 12       		.uleb128 0x12
 755 056d 10       		.byte	0x10
 756 056e 6C       		.byte	0x6c
 757 056f 09       		.byte	0x9
 758 0570 B1050000 		.4byte	0x5b1
 759 0574 1E       		.uleb128 0x1e
 760 0575 79000000 		.4byte	.LASF86
 761 0579 70       		.byte	0x70
 762 057a E3000000 		.4byte	0xe3
 763 057e 03       		.byte	0x3
 764 057f 00       		.byte	0
 765 0580 1E       		.uleb128 0x1e
 766 0581 5C010000 		.4byte	.LASF39
 767 0585 74       		.byte	0x74
 768 0586 E3000000 		.4byte	0xe3
 769 058a 05       		.byte	0x5
 770 058b 03       		.byte	0x3
 771 058c 1E       		.uleb128 0x1e
 772 058d EE030000 		.4byte	.LASF87
 773 0591 7A       		.byte	0x7a
 774 0592 E3000000 		.4byte	0xe3
 775 0596 18       		.byte	0x18
 776 0597 08       		.byte	0x8
 777 0598 02       		.uleb128 0x2
 778 0599 9E040000 		.4byte	.LASF88
 779 059d 0A       		.byte	0xa
 780 059e 7E       		.byte	0x7e
 781 059f 19       		.byte	0x19
 782 05a0 8C030000 		.4byte	0x38c
 783 05a4 04       		.byte	0x4
 784 05a5 0B       		.uleb128 0xb
 785 05a6 7500     		.ascii	"u\000"
 786 05a8 0A       		.byte	0xa
 787 05a9 B9       		.byte	0xb9
 788 05aa 05       		.byte	0x5
 789 05ab 2E050000 		.4byte	0x52e
 790 05af 08       		.byte	0x8
 791 05b0 00       		.byte	0
 792 05b1 01       		.uleb128 0x1
 793 05b2 67070000 		.4byte	.LASF89
 794 05b6 0A       		.byte	0xa
 795 05b7 BA       		.byte	0xba
 796 05b8 03       		.byte	0x3
 797 05b9 6C050000 		.4byte	0x56c
 798 05bd 2B       		.uleb128 0x2b
ARM GAS  /tmp/ccYjAqA9.s 			page 15


 799 05be 0808     		.2byte	0x808
 800 05c0 0A       		.byte	0xa
 801 05c1 C0       		.byte	0xc0
 802 05c2 09       		.byte	0x9
 803 05c3 FC050000 		.4byte	0x5fc
 804 05c7 02       		.uleb128 0x2
 805 05c8 71040000 		.4byte	.LASF90
 806 05cc 0A       		.byte	0xa
 807 05cd C4       		.byte	0xc4
 808 05ce 19       		.byte	0x19
 809 05cf CB000000 		.4byte	0xcb
 810 05d3 00       		.byte	0
 811 05d4 02       		.uleb128 0x2
 812 05d5 2E030000 		.4byte	.LASF91
 813 05d9 0A       		.byte	0xa
 814 05da C8       		.byte	0xc8
 815 05db 19       		.byte	0x19
 816 05dc CB000000 		.4byte	0xcb
 817 05e0 02       		.byte	0x2
 818 05e1 0B       		.uleb128 0xb
 819 05e2 70747200 		.ascii	"ptr\000"
 820 05e6 0A       		.byte	0xa
 821 05e7 CC       		.byte	0xcc
 822 05e8 1A       		.byte	0x1a
 823 05e9 FC050000 		.4byte	0x5fc
 824 05ed 04       		.byte	0x4
 825 05ee 02       		.uleb128 0x2
 826 05ef 32070000 		.4byte	.LASF92
 827 05f3 0A       		.byte	0xa
 828 05f4 D0       		.byte	0xd0
 829 05f5 19       		.byte	0x19
 830 05f6 01060000 		.4byte	0x601
 831 05fa 08       		.byte	0x8
 832 05fb 00       		.byte	0
 833 05fc 04       		.uleb128 0x4
 834 05fd B1050000 		.4byte	0x5b1
 835 0601 0C       		.uleb128 0xc
 836 0602 B1050000 		.4byte	0x5b1
 837 0606 11060000 		.4byte	0x611
 838 060a 0D       		.uleb128 0xd
 839 060b 25000000 		.4byte	0x25
 840 060f 7F       		.byte	0x7f
 841 0610 00       		.byte	0
 842 0611 01       		.uleb128 0x1
 843 0612 9E050000 		.4byte	.LASF93
 844 0616 0A       		.byte	0xa
 845 0617 D1       		.byte	0xd1
 846 0618 03       		.byte	0x3
 847 0619 BD050000 		.4byte	0x5bd
 848 061d 1A       		.uleb128 0x1a
 849 061e 52000000 		.4byte	.LASF94
 850 0622 24       		.byte	0x24
 851 0623 0B       		.byte	0xb
 852 0624 BB01     		.2byte	0x1bb
 853 0626 08       		.byte	0x8
 854 0627 A3060000 		.4byte	0x6a3
 855 062b 09       		.uleb128 0x9
ARM GAS  /tmp/ccYjAqA9.s 			page 16


 856 062c 723400   		.ascii	"r4\000"
 857 062f 0B       		.byte	0xb
 858 0630 CE01     		.2byte	0x1ce
 859 0632 11       		.byte	0x11
 860 0633 E3000000 		.4byte	0xe3
 861 0637 00       		.byte	0
 862 0638 09       		.uleb128 0x9
 863 0639 723500   		.ascii	"r5\000"
 864 063c 0B       		.byte	0xb
 865 063d CF01     		.2byte	0x1cf
 866 063f 11       		.byte	0x11
 867 0640 E3000000 		.4byte	0xe3
 868 0644 04       		.byte	0x4
 869 0645 09       		.uleb128 0x9
 870 0646 723600   		.ascii	"r6\000"
 871 0649 0B       		.byte	0xb
 872 064a D001     		.2byte	0x1d0
 873 064c 11       		.byte	0x11
 874 064d E3000000 		.4byte	0xe3
 875 0651 08       		.byte	0x8
 876 0652 09       		.uleb128 0x9
 877 0653 723700   		.ascii	"r7\000"
 878 0656 0B       		.byte	0xb
 879 0657 D101     		.2byte	0x1d1
 880 0659 11       		.byte	0x11
 881 065a E3000000 		.4byte	0xe3
 882 065e 0C       		.byte	0xc
 883 065f 09       		.uleb128 0x9
 884 0660 723800   		.ascii	"r8\000"
 885 0663 0B       		.byte	0xb
 886 0664 D201     		.2byte	0x1d2
 887 0666 11       		.byte	0x11
 888 0667 E3000000 		.4byte	0xe3
 889 066b 10       		.byte	0x10
 890 066c 09       		.uleb128 0x9
 891 066d 723900   		.ascii	"r9\000"
 892 0670 0B       		.byte	0xb
 893 0671 D301     		.2byte	0x1d3
 894 0673 11       		.byte	0x11
 895 0674 E3000000 		.4byte	0xe3
 896 0678 14       		.byte	0x14
 897 0679 09       		.uleb128 0x9
 898 067a 72313000 		.ascii	"r10\000"
 899 067e 0B       		.byte	0xb
 900 067f D401     		.2byte	0x1d4
 901 0681 11       		.byte	0x11
 902 0682 E3000000 		.4byte	0xe3
 903 0686 18       		.byte	0x18
 904 0687 09       		.uleb128 0x9
 905 0688 72313100 		.ascii	"r11\000"
 906 068c 0B       		.byte	0xb
 907 068d D501     		.2byte	0x1d5
 908 068f 11       		.byte	0x11
 909 0690 E3000000 		.4byte	0xe3
 910 0694 1C       		.byte	0x1c
 911 0695 09       		.uleb128 0x9
 912 0696 6C7200   		.ascii	"lr\000"
ARM GAS  /tmp/ccYjAqA9.s 			page 17


 913 0699 0B       		.byte	0xb
 914 069a D601     		.2byte	0x1d6
 915 069c 11       		.byte	0x11
 916 069d E3000000 		.4byte	0xe3
 917 06a1 20       		.byte	0x20
 918 06a2 00       		.byte	0
 919 06a3 1A       		.uleb128 0x1a
 920 06a4 91040000 		.4byte	.LASF95
 921 06a8 04       		.byte	0x4
 922 06a9 0B       		.byte	0xb
 923 06aa DF01     		.2byte	0x1df
 924 06ac 08       		.byte	0x8
 925 06ad BF060000 		.4byte	0x6bf
 926 06b1 09       		.uleb128 0x9
 927 06b2 737000   		.ascii	"sp\000"
 928 06b5 0B       		.byte	0xb
 929 06b6 E001     		.2byte	0x1e0
 930 06b8 1A       		.byte	0x1a
 931 06b9 BF060000 		.4byte	0x6bf
 932 06bd 00       		.byte	0
 933 06be 00       		.byte	0
 934 06bf 04       		.uleb128 0x4
 935 06c0 1D060000 		.4byte	0x61d
 936 06c4 06       		.uleb128 0x6
 937 06c5 42040000 		.4byte	.LASF96
 938 06c9 18       		.byte	0x18
 939 06ca 05       		.byte	0x5
 940 06cb 64       		.byte	0x64
 941 06cc 10       		.byte	0x10
 942 06cd F9060000 		.4byte	0x6f9
 943 06d1 02       		.uleb128 0x2
 944 06d2 22070000 		.4byte	.LASF97
 945 06d6 05       		.byte	0x5
 946 06d7 68       		.byte	0x68
 947 06d8 21       		.byte	0x21
 948 06d9 4F040000 		.4byte	0x44f
 949 06dd 00       		.byte	0
 950 06de 02       		.uleb128 0x2
 951 06df 90050000 		.4byte	.LASF98
 952 06e3 05       		.byte	0x5
 953 06e4 73       		.byte	0x73
 954 06e5 21       		.byte	0x21
 955 06e6 8C030000 		.4byte	0x38c
 956 06ea 0C       		.byte	0xc
 957 06eb 02       		.uleb128 0x2
 958 06ec F6030000 		.4byte	.LASF99
 959 06f0 05       		.byte	0x5
 960 06f1 79       		.byte	0x79
 961 06f2 21       		.byte	0x21
 962 06f3 FB000000 		.4byte	0xfb
 963 06f7 10       		.byte	0x10
 964 06f8 00       		.byte	0
 965 06f9 01       		.uleb128 0x1
 966 06fa D4000000 		.4byte	.LASF100
 967 06fe 05       		.byte	0x5
 968 06ff 7B       		.byte	0x7b
 969 0700 03       		.byte	0x3
ARM GAS  /tmp/ccYjAqA9.s 			page 18


 970 0701 C4060000 		.4byte	0x6c4
 971 0705 06       		.uleb128 0x6
 972 0706 F1010000 		.4byte	.LASF101
 973 070a 08       		.byte	0x8
 974 070b 05       		.byte	0x5
 975 070c 80       		.byte	0x80
 976 070d 10       		.byte	0x10
 977 070e 20070000 		.4byte	0x720
 978 0712 02       		.uleb128 0x2
 979 0713 10030000 		.4byte	.LASF102
 980 0717 05       		.byte	0x5
 981 0718 84       		.byte	0x84
 982 0719 21       		.byte	0x21
 983 071a D0030000 		.4byte	0x3d0
 984 071e 00       		.byte	0
 985 071f 00       		.byte	0
 986 0720 01       		.uleb128 0x1
 987 0721 00060000 		.4byte	.LASF103
 988 0725 05       		.byte	0x5
 989 0726 85       		.byte	0x85
 990 0727 03       		.byte	0x3
 991 0728 05070000 		.4byte	0x705
 992 072c 01       		.uleb128 0x1
 993 072d 26040000 		.4byte	.LASF104
 994 0731 05       		.byte	0x5
 995 0732 8A       		.byte	0x8a
 996 0733 14       		.byte	0x14
 997 0734 B8040000 		.4byte	0x4b8
 998 0738 1C       		.uleb128 0x1c
 999 0739 0C       		.byte	0xc
 1000 073a 05       		.byte	0x5
 1001 073b A0       		.byte	0xa0
 1002 073c 65070000 		.4byte	0x765
 1003 0740 11       		.uleb128 0x11
 1004 0741 EB080000 		.4byte	.LASF105
 1005 0745 05       		.byte	0x5
 1006 0746 A4       		.byte	0xa4
 1007 0747 21       		.byte	0x21
 1008 0748 A4030000 		.4byte	0x3a4
 1009 074c 11       		.uleb128 0x11
 1010 074d 10030000 		.4byte	.LASF102
 1011 0751 05       		.byte	0x5
 1012 0752 A8       		.byte	0xa8
 1013 0753 21       		.byte	0x21
 1014 0754 D0030000 		.4byte	0x3d0
 1015 0758 11       		.uleb128 0x11
 1016 0759 51070000 		.4byte	.LASF106
 1017 075d 05       		.byte	0x5
 1018 075e AC       		.byte	0xac
 1019 075f 21       		.byte	0x21
 1020 0760 09040000 		.4byte	0x409
 1021 0764 00       		.byte	0
 1022 0765 1C       		.uleb128 0x1c
 1023 0766 04       		.byte	0x4
 1024 0767 05       		.byte	0x5
 1025 0768 F0       		.byte	0xf0
 1026 0769 CE070000 		.4byte	0x7ce
ARM GAS  /tmp/ccYjAqA9.s 			page 19


 1027 076d 11       		.uleb128 0x11
 1028 076e 23000000 		.4byte	.LASF107
 1029 0772 05       		.byte	0x5
 1030 0773 F7       		.byte	0xf7
 1031 0774 21       		.byte	0x21
 1032 0775 48010000 		.4byte	0x148
 1033 0779 11       		.uleb128 0x11
 1034 077a B8000000 		.4byte	.LASF108
 1035 077e 05       		.byte	0x5
 1036 077f FE       		.byte	0xfe
 1037 0780 21       		.byte	0x21
 1038 0781 48010000 		.4byte	0x148
 1039 0785 13       		.uleb128 0x13
 1040 0786 AC080000 		.4byte	.LASF82
 1041 078a 0501     		.2byte	0x105
 1042 078c 22       		.byte	0x22
 1043 078d A7000000 		.4byte	0xa7
 1044 0791 13       		.uleb128 0x13
 1045 0792 12000000 		.4byte	.LASF109
 1046 0796 0C01     		.2byte	0x10c
 1047 0798 22       		.byte	0x22
 1048 0799 CE070000 		.4byte	0x7ce
 1049 079d 13       		.uleb128 0x13
 1050 079e CC000000 		.4byte	.LASF110
 1051 07a2 1101     		.2byte	0x111
 1052 07a4 21       		.byte	0x21
 1053 07a5 48010000 		.4byte	0x148
 1054 07a9 13       		.uleb128 0x13
 1055 07aa C8020000 		.4byte	.LASF111
 1056 07ae 1A01     		.2byte	0x11a
 1057 07b0 22       		.byte	0x22
 1058 07b1 FB070000 		.4byte	0x7fb
 1059 07b5 13       		.uleb128 0x13
 1060 07b6 1B060000 		.4byte	.LASF112
 1061 07ba 2301     		.2byte	0x123
 1062 07bc 22       		.byte	0x22
 1063 07bd 35080000 		.4byte	0x835
 1064 07c1 13       		.uleb128 0x13
 1065 07c2 C4050000 		.4byte	.LASF113
 1066 07c6 2B01     		.2byte	0x12b
 1067 07c8 21       		.byte	0x21
 1068 07c9 60010000 		.4byte	0x160
 1069 07cd 00       		.byte	0
 1070 07ce 04       		.uleb128 0x4
 1071 07cf 2C070000 		.4byte	0x72c
 1072 07d3 06       		.uleb128 0x6
 1073 07d4 E5050000 		.4byte	.LASF114
 1074 07d8 0C       		.byte	0xc
 1075 07d9 0C       		.byte	0xc
 1076 07da 34       		.byte	0x34
 1077 07db 10       		.byte	0x10
 1078 07dc FB070000 		.4byte	0x7fb
 1079 07e0 02       		.uleb128 0x2
 1080 07e1 10030000 		.4byte	.LASF102
 1081 07e5 0C       		.byte	0xc
 1082 07e6 35       		.byte	0x35
 1083 07e7 19       		.byte	0x19
ARM GAS  /tmp/ccYjAqA9.s 			page 20


 1084 07e8 D0030000 		.4byte	0x3d0
 1085 07ec 00       		.byte	0
 1086 07ed 0B       		.uleb128 0xb
 1087 07ee 636E7400 		.ascii	"cnt\000"
 1088 07f2 0C       		.byte	0xc
 1089 07f3 37       		.byte	0x37
 1090 07f4 19       		.byte	0x19
 1091 07f5 78010000 		.4byte	0x178
 1092 07f9 08       		.byte	0x8
 1093 07fa 00       		.byte	0
 1094 07fb 04       		.uleb128 0x4
 1095 07fc D3070000 		.4byte	0x7d3
 1096 0800 06       		.uleb128 0x6
 1097 0801 4D080000 		.4byte	.LASF115
 1098 0805 10       		.byte	0x10
 1099 0806 0D       		.byte	0xd
 1100 0807 39       		.byte	0x39
 1101 0808 08       		.byte	0x8
 1102 0809 35080000 		.4byte	0x835
 1103 080d 02       		.uleb128 0x2
 1104 080e 10030000 		.4byte	.LASF102
 1105 0812 0D       		.byte	0xd
 1106 0813 3A       		.byte	0x3a
 1107 0814 19       		.byte	0x19
 1108 0815 D0030000 		.4byte	0x3d0
 1109 0819 00       		.byte	0
 1110 081a 02       		.uleb128 0x2
 1111 081b 2E060000 		.4byte	.LASF35
 1112 081f 0D       		.byte	0xd
 1113 0820 3C       		.byte	0x3c
 1114 0821 1A       		.byte	0x1a
 1115 0822 B8040000 		.4byte	0x4b8
 1116 0826 08       		.byte	0x8
 1117 0827 02       		.uleb128 0x2
 1118 0828 18000000 		.4byte	.LASF72
 1119 082c 0D       		.byte	0xd
 1120 082d 3E       		.byte	0x3e
 1121 082e 1A       		.byte	0x1a
 1122 082f F6080000 		.4byte	0x8f6
 1123 0833 0C       		.byte	0xc
 1124 0834 00       		.byte	0
 1125 0835 04       		.uleb128 0x4
 1126 0836 00080000 		.4byte	0x800
 1127 083a 04       		.uleb128 0x4
 1128 083b 86020000 		.4byte	0x286
 1129 083f 04       		.uleb128 0x4
 1130 0840 0C010000 		.4byte	0x10c
 1131 0844 1A       		.uleb128 0x1a
 1132 0845 BF030000 		.4byte	.LASF116
 1133 0849 10       		.byte	0x10
 1134 084a 05       		.byte	0x5
 1135 084b 6101     		.2byte	0x161
 1136 084d 10       		.byte	0x10
 1137 084e 6D080000 		.4byte	0x86d
 1138 0852 03       		.uleb128 0x3
 1139 0853 51070000 		.4byte	.LASF106
 1140 0857 6601     		.2byte	0x166
ARM GAS  /tmp/ccYjAqA9.s 			page 21


 1141 0859 21       		.byte	0x21
 1142 085a 09040000 		.4byte	0x409
 1143 085e 00       		.byte	0
 1144 085f 03       		.uleb128 0x3
 1145 0860 C8040000 		.4byte	.LASF117
 1146 0864 6A01     		.2byte	0x16a
 1147 0866 22       		.byte	0x22
 1148 0867 B8040000 		.4byte	0x4b8
 1149 086b 0C       		.byte	0xc
 1150 086c 00       		.byte	0
 1151 086d 22       		.uleb128 0x22
 1152 086e 00000000 		.4byte	.LASF118
 1153 0872 6B01     		.2byte	0x16b
 1154 0874 44080000 		.4byte	0x844
 1155 0878 1A       		.uleb128 0x1a
 1156 0879 7B040000 		.4byte	.LASF119
 1157 087d 14       		.byte	0x14
 1158 087e 05       		.byte	0x5
 1159 087f 7001     		.2byte	0x170
 1160 0881 10       		.byte	0x10
 1161 0882 C8080000 		.4byte	0x8c8
 1162 0886 03       		.uleb128 0x3
 1163 0887 0B030000 		.4byte	.LASF36
 1164 088b 7401     		.2byte	0x174
 1165 088d 22       		.byte	0x22
 1166 088e B5000000 		.4byte	0xb5
 1167 0892 00       		.byte	0
 1168 0893 03       		.uleb128 0x3
 1169 0894 4F020000 		.4byte	.LASF120
 1170 0898 7A01     		.2byte	0x17a
 1171 089a 22       		.byte	0x22
 1172 089b 3F080000 		.4byte	0x83f
 1173 089f 04       		.byte	0x4
 1174 08a0 03       		.uleb128 0x3
 1175 08a1 C6070000 		.4byte	.LASF121
 1176 08a5 7E01     		.2byte	0x17e
 1177 08a7 22       		.byte	0x22
 1178 08a8 3F080000 		.4byte	0x83f
 1179 08ac 08       		.byte	0x8
 1180 08ad 03       		.uleb128 0x3
 1181 08ae 33000000 		.4byte	.LASF122
 1182 08b2 8401     		.2byte	0x184
 1183 08b4 22       		.byte	0x22
 1184 08b5 3F080000 		.4byte	0x83f
 1185 08b9 0C       		.byte	0xc
 1186 08ba 03       		.uleb128 0x3
 1187 08bb FA080000 		.4byte	.LASF123
 1188 08bf 8801     		.2byte	0x188
 1189 08c1 22       		.byte	0x22
 1190 08c2 3F080000 		.4byte	0x83f
 1191 08c6 10       		.byte	0x10
 1192 08c7 00       		.byte	0
 1193 08c8 22       		.uleb128 0x22
 1194 08c9 2E080000 		.4byte	.LASF124
 1195 08cd 8A01     		.2byte	0x18a
 1196 08cf 78080000 		.4byte	0x878
 1197 08d3 08       		.uleb128 0x8
ARM GAS  /tmp/ccYjAqA9.s 			page 22


 1198 08d4 C8080000 		.4byte	0x8c8
 1199 08d8 04       		.uleb128 0x4
 1200 08d9 D3080000 		.4byte	0x8d3
 1201 08dd 2C       		.uleb128 0x2c
 1202 08de 63683000 		.ascii	"ch0\000"
 1203 08e2 11       		.byte	0x11
 1204 08e3 4101     		.2byte	0x141
 1205 08e5 16       		.byte	0x16
 1206 08e6 86020000 		.4byte	0x286
 1207 08ea 01       		.uleb128 0x1
 1208 08eb 5F020000 		.4byte	.LASF125
 1209 08ef 0D       		.byte	0xd
 1210 08f0 34       		.byte	0x34
 1211 08f1 19       		.byte	0x19
 1212 08f2 00080000 		.4byte	0x800
 1213 08f6 04       		.uleb128 0x4
 1214 08f7 EA080000 		.4byte	0x8ea
 1215 08fb 01       		.uleb128 0x1
 1216 08fc 00040000 		.4byte	.LASF126
 1217 0900 0E       		.byte	0xe
 1218 0901 34       		.byte	0x34
 1219 0902 1F       		.byte	0x1f
 1220 0903 07090000 		.4byte	0x907
 1221 0907 06       		.uleb128 0x6
 1222 0908 11090000 		.4byte	.LASF127
 1223 090c 14       		.byte	0x14
 1224 090d 0E       		.byte	0xe
 1225 090e 39       		.byte	0x39
 1226 090f 08       		.byte	0x8
 1227 0910 56090000 		.4byte	0x956
 1228 0914 02       		.uleb128 0x2
 1229 0915 18000000 		.4byte	.LASF72
 1230 0919 0E       		.byte	0xe
 1231 091a 3A       		.byte	0x3a
 1232 091b 1A       		.byte	0x1a
 1233 091c 56090000 		.4byte	0x956
 1234 0920 00       		.byte	0
 1235 0921 02       		.uleb128 0x2
 1236 0922 39040000 		.4byte	.LASF128
 1237 0926 0E       		.byte	0xe
 1238 0927 3D       		.byte	0x3d
 1239 0928 1A       		.byte	0x1a
 1240 0929 B8040000 		.4byte	0x4b8
 1241 092d 04       		.byte	0x4
 1242 092e 02       		.uleb128 0x2
 1243 092f 0B060000 		.4byte	.LASF129
 1244 0933 0E       		.byte	0xe
 1245 0934 3F       		.byte	0x3f
 1246 0935 19       		.byte	0x19
 1247 0936 60010000 		.4byte	0x160
 1248 093a 08       		.byte	0x8
 1249 093b 02       		.uleb128 0x2
 1250 093c 92080000 		.4byte	.LASF40
 1251 0940 0E       		.byte	0xe
 1252 0941 41       		.byte	0x41
 1253 0942 19       		.byte	0x19
 1254 0943 6C010000 		.4byte	0x16c
ARM GAS  /tmp/ccYjAqA9.s 			page 23


 1255 0947 0C       		.byte	0xc
 1256 0948 02       		.uleb128 0x2
 1257 0949 FD010000 		.4byte	.LASF130
 1258 094d 0E       		.byte	0xe
 1259 094e 43       		.byte	0x43
 1260 094f 19       		.byte	0x19
 1261 0950 6C010000 		.4byte	0x16c
 1262 0954 10       		.byte	0x10
 1263 0955 00       		.byte	0
 1264 0956 04       		.uleb128 0x4
 1265 0957 FB080000 		.4byte	0x8fb
 1266 095b 06       		.uleb128 0x6
 1267 095c 6F080000 		.4byte	.LASF131
 1268 0960 04       		.byte	0x4
 1269 0961 0E       		.byte	0xe
 1270 0962 4A       		.byte	0x4a
 1271 0963 10       		.byte	0x10
 1272 0964 76090000 		.4byte	0x976
 1273 0968 02       		.uleb128 0x2
 1274 0969 18000000 		.4byte	.LASF72
 1275 096d 0E       		.byte	0xe
 1276 096e 4B       		.byte	0x4b
 1277 096f 1A       		.byte	0x1a
 1278 0970 56090000 		.4byte	0x956
 1279 0974 00       		.byte	0
 1280 0975 00       		.byte	0
 1281 0976 01       		.uleb128 0x1
 1282 0977 70020000 		.4byte	.LASF132
 1283 097b 0E       		.byte	0xe
 1284 097c 4E       		.byte	0x4e
 1285 097d 03       		.byte	0x3
 1286 097e 5B090000 		.4byte	0x95b
 1287 0982 01       		.uleb128 0x1
 1288 0983 8D020000 		.4byte	.LASF133
 1289 0987 0E       		.byte	0xe
 1290 0988 53       		.byte	0x53
 1291 0989 10       		.byte	0x10
 1292 098a 93090000 		.4byte	0x993
 1293 098e 08       		.uleb128 0x8
 1294 098f 82090000 		.4byte	0x982
 1295 0993 04       		.uleb128 0x4
 1296 0994 98090000 		.4byte	0x998
 1297 0998 2D       		.uleb128 0x2d
 1298 0999 A3090000 		.4byte	0x9a3
 1299 099d 14       		.uleb128 0x14
 1300 099e 54010000 		.4byte	0x154
 1301 09a2 00       		.byte	0
 1302 09a3 07       		.uleb128 0x7
 1303 09a4 01       		.byte	0x1
 1304 09a5 02       		.byte	0x2
 1305 09a6 24050000 		.4byte	.LASF134
 1306 09aa 23       		.uleb128 0x23
 1307 09ab AE010000 		.4byte	.LASF135
 1308 09af 99       		.byte	0x99
 1309 09b0 09       		.byte	0x9
 1310 09b1 48010000 		.4byte	0x148
 1311 09b5 C4090000 		.4byte	0x9c4
ARM GAS  /tmp/ccYjAqA9.s 			page 24


 1312 09b9 14       		.uleb128 0x14
 1313 09ba 24010000 		.4byte	0x124
 1314 09be 14       		.uleb128 0x14
 1315 09bf 98030000 		.4byte	0x398
 1316 09c3 00       		.byte	0
 1317 09c4 24       		.uleb128 0x24
 1318 09c5 F2050000 		.4byte	.LASF141
 1319 09c9 0F       		.byte	0xf
 1320 09ca 98       		.byte	0x98
 1321 09cb D5090000 		.4byte	0x9d5
 1322 09cf 14       		.uleb128 0x14
 1323 09d0 24010000 		.4byte	0x124
 1324 09d4 00       		.byte	0
 1325 09d5 1B       		.uleb128 0x1b
 1326 09d6 04020000 		.4byte	.LASF137
 1327 09da 0F       		.byte	0xf
 1328 09db 9B       		.byte	0x9b
 1329 09dc 23       		.uleb128 0x23
 1330 09dd 22060000 		.4byte	.LASF136
 1331 09e1 97       		.byte	0x97
 1332 09e2 0D       		.byte	0xd
 1333 09e3 B8040000 		.4byte	0x4b8
 1334 09e7 F1090000 		.4byte	0x9f1
 1335 09eb 14       		.uleb128 0x14
 1336 09ec B8040000 		.4byte	0x4b8
 1337 09f0 00       		.byte	0
 1338 09f1 1B       		.uleb128 0x1b
 1339 09f2 B5020000 		.4byte	.LASF138
 1340 09f6 07       		.byte	0x7
 1341 09f7 A8       		.byte	0xa8
 1342 09f8 1B       		.uleb128 0x1b
 1343 09f9 E4040000 		.4byte	.LASF139
 1344 09fd 07       		.byte	0x7
 1345 09fe A7       		.byte	0xa7
 1346 09ff 1B       		.uleb128 0x1b
 1347 0a00 73030000 		.4byte	.LASF140
 1348 0a04 07       		.byte	0x7
 1349 0a05 AD       		.byte	0xad
 1350 0a06 24       		.uleb128 0x24
 1351 0a07 43080000 		.4byte	.LASF142
 1352 0a0b 04       		.byte	0x4
 1353 0a0c E7       		.byte	0xe7
 1354 0a0d 170A0000 		.4byte	0xa17
 1355 0a11 14       		.uleb128 0x14
 1356 0a12 B5000000 		.4byte	0xb5
 1357 0a16 00       		.byte	0
 1358 0a17 0E       		.uleb128 0xe
 1359 0a18 1F010000 		.4byte	.LASF143
 1360 0a1c 8F02     		.2byte	0x28f
 1361 0a1e 0D       		.byte	0xd
 1362 0a1f 60010000 		.4byte	0x160
 1363 0a23 4E0A0000 		.4byte	0xa4e
 1364 0a27 05       		.uleb128 0x5
 1365 0a28 0B060000 		.4byte	.LASF129
 1366 0a2c 10       		.byte	0x10
 1367 0a2d 8F02     		.2byte	0x28f
 1368 0a2f 2D       		.byte	0x2d
ARM GAS  /tmp/ccYjAqA9.s 			page 25


 1369 0a30 60010000 		.4byte	0x160
 1370 0a34 05       		.uleb128 0x5
 1371 0a35 03030000 		.4byte	.LASF144
 1372 0a39 10       		.byte	0x10
 1373 0a3a 8F02     		.2byte	0x28f
 1374 0a3c 43       		.byte	0x43
 1375 0a3d 98030000 		.4byte	0x398
 1376 0a41 0F       		.uleb128 0xf
 1377 0a42 50030000 		.4byte	.LASF146
 1378 0a46 9002     		.2byte	0x290
 1379 0a48 0D       		.byte	0xd
 1380 0a49 B8040000 		.4byte	0x4b8
 1381 0a4d 00       		.byte	0
 1382 0a4e 0E       		.uleb128 0xe
 1383 0a4f EA000000 		.4byte	.LASF145
 1384 0a53 6602     		.2byte	0x266
 1385 0a55 0D       		.byte	0xd
 1386 0a56 60010000 		.4byte	0x160
 1387 0a5a 8F0A0000 		.4byte	0xa8f
 1388 0a5e 05       		.uleb128 0x5
 1389 0a5f 0B060000 		.4byte	.LASF129
 1390 0a63 10       		.byte	0x10
 1391 0a64 6602     		.2byte	0x266
 1392 0a66 2D       		.byte	0x2d
 1393 0a67 60010000 		.4byte	0x160
 1394 0a6b 05       		.uleb128 0x5
 1395 0a6c 03030000 		.4byte	.LASF144
 1396 0a70 10       		.byte	0x10
 1397 0a71 6602     		.2byte	0x266
 1398 0a73 43       		.byte	0x43
 1399 0a74 98030000 		.4byte	0x398
 1400 0a78 0F       		.uleb128 0xf
 1401 0a79 50030000 		.4byte	.LASF146
 1402 0a7d 6702     		.2byte	0x267
 1403 0a7f 0D       		.byte	0xd
 1404 0a80 B8040000 		.4byte	0x4b8
 1405 0a84 15       		.uleb128 0x15
 1406 0a85 6D00     		.ascii	"m\000"
 1407 0a87 6802     		.2byte	0x268
 1408 0a89 0F       		.byte	0xf
 1409 0a8a 60010000 		.4byte	0x160
 1410 0a8e 00       		.byte	0
 1411 0a8f 0E       		.uleb128 0xe
 1412 0a90 98080000 		.4byte	.LASF147
 1413 0a94 3B02     		.2byte	0x23b
 1414 0a96 0D       		.byte	0xd
 1415 0a97 60010000 		.4byte	0x160
 1416 0a9b D00A0000 		.4byte	0xad0
 1417 0a9f 05       		.uleb128 0x5
 1418 0aa0 0B060000 		.4byte	.LASF129
 1419 0aa4 10       		.byte	0x10
 1420 0aa5 3B02     		.2byte	0x23b
 1421 0aa7 2D       		.byte	0x2d
 1422 0aa8 60010000 		.4byte	0x160
 1423 0aac 05       		.uleb128 0x5
 1424 0aad 03030000 		.4byte	.LASF144
 1425 0ab1 10       		.byte	0x10
ARM GAS  /tmp/ccYjAqA9.s 			page 26


 1426 0ab2 3B02     		.2byte	0x23b
 1427 0ab4 43       		.byte	0x43
 1428 0ab5 98030000 		.4byte	0x398
 1429 0ab9 0F       		.uleb128 0xf
 1430 0aba 50030000 		.4byte	.LASF146
 1431 0abe 3C02     		.2byte	0x23c
 1432 0ac0 0D       		.byte	0xd
 1433 0ac1 B8040000 		.4byte	0x4b8
 1434 0ac5 15       		.uleb128 0x15
 1435 0ac6 6D00     		.ascii	"m\000"
 1436 0ac8 3D02     		.2byte	0x23d
 1437 0aca 0F       		.byte	0xf
 1438 0acb 60010000 		.4byte	0x160
 1439 0acf 00       		.byte	0
 1440 0ad0 0E       		.uleb128 0xe
 1441 0ad1 A3040000 		.4byte	.LASF148
 1442 0ad5 1502     		.2byte	0x215
 1443 0ad7 0D       		.byte	0xd
 1444 0ad8 60010000 		.4byte	0x160
 1445 0adc FA0A0000 		.4byte	0xafa
 1446 0ae0 05       		.uleb128 0x5
 1447 0ae1 0B060000 		.4byte	.LASF129
 1448 0ae5 10       		.byte	0x10
 1449 0ae6 1502     		.2byte	0x215
 1450 0ae8 26       		.byte	0x26
 1451 0ae9 60010000 		.4byte	0x160
 1452 0aed 0F       		.uleb128 0xf
 1453 0aee 50030000 		.4byte	.LASF146
 1454 0af2 1602     		.2byte	0x216
 1455 0af4 0D       		.byte	0xd
 1456 0af5 B8040000 		.4byte	0x4b8
 1457 0af9 00       		.byte	0
 1458 0afa 0E       		.uleb128 0xe
 1459 0afb 73010000 		.4byte	.LASF149
 1460 0aff F901     		.2byte	0x1f9
 1461 0b01 0D       		.byte	0xd
 1462 0b02 60010000 		.4byte	0x160
 1463 0b06 2E0B0000 		.4byte	0xb2e
 1464 0b0a 05       		.uleb128 0x5
 1465 0b0b 0B060000 		.4byte	.LASF129
 1466 0b0f 10       		.byte	0x10
 1467 0b10 F901     		.2byte	0x1f9
 1468 0b12 26       		.byte	0x26
 1469 0b13 60010000 		.4byte	0x160
 1470 0b17 0F       		.uleb128 0xf
 1471 0b18 50030000 		.4byte	.LASF146
 1472 0b1c FA01     		.2byte	0x1fa
 1473 0b1e 0D       		.byte	0xd
 1474 0b1f B8040000 		.4byte	0x4b8
 1475 0b23 15       		.uleb128 0x15
 1476 0b24 6D00     		.ascii	"m\000"
 1477 0b26 FB01     		.2byte	0x1fb
 1478 0b28 0F       		.byte	0xf
 1479 0b29 60010000 		.4byte	0x160
 1480 0b2d 00       		.byte	0
 1481 0b2e 0E       		.uleb128 0xe
 1482 0b2f 40050000 		.4byte	.LASF150
ARM GAS  /tmp/ccYjAqA9.s 			page 27


 1483 0b33 DB01     		.2byte	0x1db
 1484 0b35 0D       		.byte	0xd
 1485 0b36 60010000 		.4byte	0x160
 1486 0b3a 620B0000 		.4byte	0xb62
 1487 0b3e 05       		.uleb128 0x5
 1488 0b3f 0B060000 		.4byte	.LASF129
 1489 0b43 10       		.byte	0x10
 1490 0b44 DB01     		.2byte	0x1db
 1491 0b46 26       		.byte	0x26
 1492 0b47 60010000 		.4byte	0x160
 1493 0b4b 0F       		.uleb128 0xf
 1494 0b4c 50030000 		.4byte	.LASF146
 1495 0b50 DC01     		.2byte	0x1dc
 1496 0b52 0D       		.byte	0xd
 1497 0b53 B8040000 		.4byte	0x4b8
 1498 0b57 15       		.uleb128 0x15
 1499 0b58 6D00     		.ascii	"m\000"
 1500 0b5a DD01     		.2byte	0x1dd
 1501 0b5c 0F       		.byte	0xf
 1502 0b5d 60010000 		.4byte	0x160
 1503 0b61 00       		.byte	0
 1504 0b62 18       		.uleb128 0x18
 1505 0b63 59040000 		.4byte	.LASF152
 1506 0b67 B801     		.2byte	0x1b8
 1507 0b69 9D0B0000 		.4byte	0xb9d
 1508 0b6d 05       		.uleb128 0x5
 1509 0b6e DB040000 		.4byte	.LASF151
 1510 0b72 10       		.byte	0x10
 1511 0b73 B801     		.2byte	0x1b8
 1512 0b75 27       		.byte	0x27
 1513 0b76 9D0B0000 		.4byte	0xb9d
 1514 0b7a 05       		.uleb128 0x5
 1515 0b7b 0B060000 		.4byte	.LASF129
 1516 0b7f 10       		.byte	0x10
 1517 0b80 B801     		.2byte	0x1b8
 1518 0b82 3D       		.byte	0x3d
 1519 0b83 60010000 		.4byte	0x160
 1520 0b87 15       		.uleb128 0x15
 1521 0b88 65696400 		.ascii	"eid\000"
 1522 0b8c B901     		.2byte	0x1b9
 1523 0b8e 0D       		.byte	0xd
 1524 0b8f 54010000 		.4byte	0x154
 1525 0b93 0A       		.uleb128 0xa
 1526 0b94 CB050000 		.4byte	.LASF155
 1527 0b98 B20B0000 		.4byte	0xbb2
 1528 0b9c 00       		.byte	0
 1529 0b9d 04       		.uleb128 0x4
 1530 0b9e 8E090000 		.4byte	0x98e
 1531 0ba2 0C       		.uleb128 0xc
 1532 0ba3 B0000000 		.4byte	0xb0
 1533 0ba7 B20B0000 		.4byte	0xbb2
 1534 0bab 0D       		.uleb128 0xd
 1535 0bac 25000000 		.4byte	0x25
 1536 0bb0 0D       		.byte	0xd
 1537 0bb1 00       		.byte	0
 1538 0bb2 08       		.uleb128 0x8
 1539 0bb3 A20B0000 		.4byte	0xba2
ARM GAS  /tmp/ccYjAqA9.s 			page 28


 1540 0bb7 18       		.uleb128 0x18
 1541 0bb8 29020000 		.4byte	.LASF153
 1542 0bbc A701     		.2byte	0x1a7
 1543 0bbe DC0B0000 		.4byte	0xbdc
 1544 0bc2 16       		.uleb128 0x16
 1545 0bc3 65737000 		.ascii	"esp\000"
 1546 0bc7 A701     		.2byte	0x1a7
 1547 0bc9 2A       		.byte	0x2a
 1548 0bca DC0B0000 		.4byte	0xbdc
 1549 0bce 05       		.uleb128 0x5
 1550 0bcf 92080000 		.4byte	.LASF40
 1551 0bd3 10       		.byte	0x10
 1552 0bd4 A701     		.2byte	0x1a7
 1553 0bd6 3C       		.byte	0x3c
 1554 0bd7 6C010000 		.4byte	0x16c
 1555 0bdb 00       		.byte	0
 1556 0bdc 04       		.uleb128 0x4
 1557 0bdd 76090000 		.4byte	0x976
 1558 0be1 18       		.uleb128 0x18
 1559 0be2 DC010000 		.4byte	.LASF154
 1560 0be6 8501     		.2byte	0x185
 1561 0be8 1B0C0000 		.4byte	0xc1b
 1562 0bec 16       		.uleb128 0x16
 1563 0bed 65737000 		.ascii	"esp\000"
 1564 0bf1 8501     		.2byte	0x185
 1565 0bf3 2B       		.byte	0x2b
 1566 0bf4 DC0B0000 		.4byte	0xbdc
 1567 0bf8 05       		.uleb128 0x5
 1568 0bf9 92080000 		.4byte	.LASF40
 1569 0bfd 10       		.byte	0x10
 1570 0bfe 8501     		.2byte	0x185
 1571 0c00 3D       		.byte	0x3d
 1572 0c01 6C010000 		.4byte	0x16c
 1573 0c05 15       		.uleb128 0x15
 1574 0c06 656C7000 		.ascii	"elp\000"
 1575 0c0a 8601     		.2byte	0x186
 1576 0c0c 15       		.byte	0x15
 1577 0c0d 56090000 		.4byte	0x956
 1578 0c11 0A       		.uleb128 0xa
 1579 0c12 CB050000 		.4byte	.LASF155
 1580 0c16 2B0C0000 		.4byte	0xc2b
 1581 0c1a 00       		.byte	0
 1582 0c1b 0C       		.uleb128 0xc
 1583 0c1c B0000000 		.4byte	0xb0
 1584 0c20 2B0C0000 		.4byte	0xc2b
 1585 0c24 0D       		.uleb128 0xd
 1586 0c25 25000000 		.4byte	0x25
 1587 0c29 14       		.byte	0x14
 1588 0c2a 00       		.byte	0
 1589 0c2b 08       		.uleb128 0x8
 1590 0c2c 1B0C0000 		.4byte	0xc1b
 1591 0c30 18       		.uleb128 0x18
 1592 0c31 6D000000 		.4byte	.LASF156
 1593 0c35 6A01     		.2byte	0x16a
 1594 0c37 5D0C0000 		.4byte	0xc5d
 1595 0c3b 16       		.uleb128 0x16
 1596 0c3c 747000   		.ascii	"tp\000"
ARM GAS  /tmp/ccYjAqA9.s 			page 29


 1597 0c3f 6A01     		.2byte	0x16a
 1598 0c41 1C       		.byte	0x1c
 1599 0c42 B8040000 		.4byte	0x4b8
 1600 0c46 05       		.uleb128 0x5
 1601 0c47 0B060000 		.4byte	.LASF129
 1602 0c4b 10       		.byte	0x10
 1603 0c4c 6A01     		.2byte	0x16a
 1604 0c4e 2C       		.byte	0x2c
 1605 0c4f 60010000 		.4byte	0x160
 1606 0c53 0A       		.uleb128 0xa
 1607 0c54 CB050000 		.4byte	.LASF155
 1608 0c58 6D0C0000 		.4byte	0xc6d
 1609 0c5c 00       		.byte	0
 1610 0c5d 0C       		.uleb128 0xc
 1611 0c5e B0000000 		.4byte	0xb0
 1612 0c62 6D0C0000 		.4byte	0xc6d
 1613 0c66 0D       		.uleb128 0xd
 1614 0c67 25000000 		.4byte	0x25
 1615 0c6b 0B       		.byte	0xb
 1616 0c6c 00       		.byte	0
 1617 0c6d 08       		.uleb128 0x8
 1618 0c6e 5D0C0000 		.4byte	0xc5d
 1619 0c72 18       		.uleb128 0x18
 1620 0c73 20090000 		.4byte	.LASF157
 1621 0c77 5201     		.2byte	0x152
 1622 0c79 9F0C0000 		.4byte	0xc9f
 1623 0c7d 16       		.uleb128 0x16
 1624 0c7e 747000   		.ascii	"tp\000"
 1625 0c81 5201     		.2byte	0x152
 1626 0c83 1D       		.byte	0x1d
 1627 0c84 B8040000 		.4byte	0x4b8
 1628 0c88 05       		.uleb128 0x5
 1629 0c89 0B060000 		.4byte	.LASF129
 1630 0c8d 10       		.byte	0x10
 1631 0c8e 5201     		.2byte	0x152
 1632 0c90 2D       		.byte	0x2d
 1633 0c91 60010000 		.4byte	0x160
 1634 0c95 0A       		.uleb128 0xa
 1635 0c96 CB050000 		.4byte	.LASF155
 1636 0c9a AF0C0000 		.4byte	0xcaf
 1637 0c9e 00       		.byte	0
 1638 0c9f 0C       		.uleb128 0xc
 1639 0ca0 B0000000 		.4byte	0xb0
 1640 0ca4 AF0C0000 		.4byte	0xcaf
 1641 0ca8 0D       		.uleb128 0xd
 1642 0ca9 25000000 		.4byte	0x25
 1643 0cad 0C       		.byte	0xc
 1644 0cae 00       		.byte	0
 1645 0caf 08       		.uleb128 0x8
 1646 0cb0 9F0C0000 		.4byte	0xc9f
 1647 0cb4 0E       		.uleb128 0xe
 1648 0cb5 69050000 		.4byte	.LASF158
 1649 0cb9 3901     		.2byte	0x139
 1650 0cbb 0E       		.byte	0xe
 1651 0cbc 6C010000 		.4byte	0x16c
 1652 0cc0 E60C0000 		.4byte	0xce6
 1653 0cc4 16       		.uleb128 0x16
ARM GAS  /tmp/ccYjAqA9.s 			page 30


 1654 0cc5 656C7000 		.ascii	"elp\000"
 1655 0cc9 3901     		.2byte	0x139
 1656 0ccb 36       		.byte	0x36
 1657 0ccc 56090000 		.4byte	0x956
 1658 0cd0 0F       		.uleb128 0xf
 1659 0cd1 92080000 		.4byte	.LASF40
 1660 0cd5 3A01     		.2byte	0x13a
 1661 0cd7 10       		.byte	0x10
 1662 0cd8 6C010000 		.4byte	0x16c
 1663 0cdc 0A       		.uleb128 0xa
 1664 0cdd CB050000 		.4byte	.LASF155
 1665 0ce1 F60C0000 		.4byte	0xcf6
 1666 0ce5 00       		.byte	0
 1667 0ce6 0C       		.uleb128 0xc
 1668 0ce7 B0000000 		.4byte	0xb0
 1669 0ceb F60C0000 		.4byte	0xcf6
 1670 0cef 0D       		.uleb128 0xd
 1671 0cf0 25000000 		.4byte	0x25
 1672 0cf4 15       		.byte	0x15
 1673 0cf5 00       		.byte	0
 1674 0cf6 08       		.uleb128 0x8
 1675 0cf7 E60C0000 		.4byte	0xce6
 1676 0cfb 0E       		.uleb128 0xe
 1677 0cfc AD050000 		.4byte	.LASF159
 1678 0d00 2201     		.2byte	0x122
 1679 0d02 0E       		.byte	0xe
 1680 0d03 6C010000 		.4byte	0x16c
 1681 0d07 2D0D0000 		.4byte	0xd2d
 1682 0d0b 16       		.uleb128 0x16
 1683 0d0c 656C7000 		.ascii	"elp\000"
 1684 0d10 2201     		.2byte	0x122
 1685 0d12 37       		.byte	0x37
 1686 0d13 56090000 		.4byte	0x956
 1687 0d17 0F       		.uleb128 0xf
 1688 0d18 92080000 		.4byte	.LASF40
 1689 0d1c 2301     		.2byte	0x123
 1690 0d1e 10       		.byte	0x10
 1691 0d1f 6C010000 		.4byte	0x16c
 1692 0d23 0A       		.uleb128 0xa
 1693 0d24 CB050000 		.4byte	.LASF155
 1694 0d28 3D0D0000 		.4byte	0xd3d
 1695 0d2c 00       		.byte	0
 1696 0d2d 0C       		.uleb128 0xc
 1697 0d2e B0000000 		.4byte	0xb0
 1698 0d32 3D0D0000 		.4byte	0xd3d
 1699 0d36 0D       		.uleb128 0xd
 1700 0d37 25000000 		.4byte	0x25
 1701 0d3b 16       		.byte	0x16
 1702 0d3c 00       		.byte	0
 1703 0d3d 08       		.uleb128 0x8
 1704 0d3e 2D0D0000 		.4byte	0xd2d
 1705 0d42 0E       		.uleb128 0xe
 1706 0d43 A9000000 		.4byte	.LASF160
 1707 0d47 0D01     		.2byte	0x10d
 1708 0d49 0D       		.byte	0xd
 1709 0d4a 60010000 		.4byte	0x160
 1710 0d4e 6C0D0000 		.4byte	0xd6c
ARM GAS  /tmp/ccYjAqA9.s 			page 31


 1711 0d52 05       		.uleb128 0x5
 1712 0d53 0B060000 		.4byte	.LASF129
 1713 0d57 10       		.byte	0x10
 1714 0d58 0D01     		.2byte	0x10d
 1715 0d5a 28       		.byte	0x28
 1716 0d5b 60010000 		.4byte	0x160
 1717 0d5f 0F       		.uleb128 0xf
 1718 0d60 E4080000 		.4byte	.LASF161
 1719 0d64 0E01     		.2byte	0x10e
 1720 0d66 0F       		.byte	0xf
 1721 0d67 60010000 		.4byte	0x160
 1722 0d6b 00       		.byte	0
 1723 0d6c 25       		.uleb128 0x25
 1724 0d6d 80010000 		.4byte	.LASF162
 1725 0d71 FA       		.byte	0xfa
 1726 0d72 60010000 		.4byte	0x160
 1727 0d76 8F0D0000 		.4byte	0xd8f
 1728 0d7a 17       		.uleb128 0x17
 1729 0d7b 0B060000 		.4byte	.LASF129
 1730 0d7f FA       		.byte	0xfa
 1731 0d80 30       		.byte	0x30
 1732 0d81 60010000 		.4byte	0x160
 1733 0d85 1F       		.uleb128 0x1f
 1734 0d86 6D00     		.ascii	"m\000"
 1735 0d88 FB       		.byte	0xfb
 1736 0d89 0F       		.byte	0xf
 1737 0d8a 60010000 		.4byte	0x160
 1738 0d8e 00       		.byte	0
 1739 0d8f 25       		.uleb128 0x25
 1740 0d90 B3080000 		.4byte	.LASF163
 1741 0d94 E6       		.byte	0xe6
 1742 0d95 60010000 		.4byte	0x160
 1743 0d99 BC0D0000 		.4byte	0xdbc
 1744 0d9d 17       		.uleb128 0x17
 1745 0d9e 0B060000 		.4byte	.LASF129
 1746 0da2 E6       		.byte	0xe6
 1747 0da3 31       		.byte	0x31
 1748 0da4 60010000 		.4byte	0x160
 1749 0da8 26       		.uleb128 0x26
 1750 0da9 50030000 		.4byte	.LASF146
 1751 0dad E7       		.byte	0xe7
 1752 0dae B8040000 		.4byte	0x4b8
 1753 0db2 1F       		.uleb128 0x1f
 1754 0db3 6D00     		.ascii	"m\000"
 1755 0db5 E8       		.byte	0xe8
 1756 0db6 0F       		.byte	0xf
 1757 0db7 60010000 		.4byte	0x160
 1758 0dbb 00       		.byte	0
 1759 0dbc 19       		.uleb128 0x19
 1760 0dbd 84030000 		.4byte	.LASF164
 1761 0dc1 C9       		.byte	0xc9
 1762 0dc2 EF0D0000 		.4byte	0xdef
 1763 0dc6 10       		.uleb128 0x10
 1764 0dc7 65737000 		.ascii	"esp\000"
 1765 0dcb C9       		.byte	0xc9
 1766 0dcc 26       		.byte	0x26
 1767 0dcd DC0B0000 		.4byte	0xbdc
ARM GAS  /tmp/ccYjAqA9.s 			page 32


 1768 0dd1 10       		.uleb128 0x10
 1769 0dd2 656C7000 		.ascii	"elp\000"
 1770 0dd6 C9       		.byte	0xc9
 1771 0dd7 3D       		.byte	0x3d
 1772 0dd8 56090000 		.4byte	0x956
 1773 0ddc 1F       		.uleb128 0x1f
 1774 0ddd 7000     		.ascii	"p\000"
 1775 0ddf CA       		.byte	0xca
 1776 0de0 15       		.byte	0x15
 1777 0de1 56090000 		.4byte	0x956
 1778 0de5 0A       		.uleb128 0xa
 1779 0de6 CB050000 		.4byte	.LASF155
 1780 0dea FF0D0000 		.4byte	0xdff
 1781 0dee 00       		.byte	0
 1782 0def 0C       		.uleb128 0xc
 1783 0df0 B0000000 		.4byte	0xb0
 1784 0df4 FF0D0000 		.4byte	0xdff
 1785 0df8 0D       		.uleb128 0xd
 1786 0df9 25000000 		.4byte	0x25
 1787 0dfd 0F       		.byte	0xf
 1788 0dfe 00       		.byte	0
 1789 0dff 08       		.uleb128 0x8
 1790 0e00 EF0D0000 		.4byte	0xdef
 1791 0e04 19       		.uleb128 0x19
 1792 0e05 94030000 		.4byte	.LASF165
 1793 0e09 B2       		.byte	0xb2
 1794 0e0a 3B0E0000 		.4byte	0xe3b
 1795 0e0e 10       		.uleb128 0x10
 1796 0e0f 65737000 		.ascii	"esp\000"
 1797 0e13 B2       		.byte	0xb2
 1798 0e14 31       		.byte	0x31
 1799 0e15 DC0B0000 		.4byte	0xbdc
 1800 0e19 10       		.uleb128 0x10
 1801 0e1a 656C7000 		.ascii	"elp\000"
 1802 0e1e B3       		.byte	0xb3
 1803 0e1f 33       		.byte	0x33
 1804 0e20 56090000 		.4byte	0x956
 1805 0e24 17       		.uleb128 0x17
 1806 0e25 0B060000 		.4byte	.LASF129
 1807 0e29 B4       		.byte	0xb4
 1808 0e2a 2D       		.byte	0x2d
 1809 0e2b 60010000 		.4byte	0x160
 1810 0e2f 17       		.uleb128 0x17
 1811 0e30 FD010000 		.4byte	.LASF130
 1812 0e34 B5       		.byte	0xb5
 1813 0e35 2E       		.byte	0x2e
 1814 0e36 6C010000 		.4byte	0x16c
 1815 0e3a 00       		.byte	0
 1816 0e3b 19       		.uleb128 0x19
 1817 0e3c 4D050000 		.4byte	.LASF166
 1818 0e40 92       		.byte	0x92
 1819 0e41 850E0000 		.4byte	0xe85
 1820 0e45 10       		.uleb128 0x10
 1821 0e46 65737000 		.ascii	"esp\000"
 1822 0e4a 92       		.byte	0x92
 1823 0e4b 32       		.byte	0x32
 1824 0e4c DC0B0000 		.4byte	0xbdc
ARM GAS  /tmp/ccYjAqA9.s 			page 33


 1825 0e50 10       		.uleb128 0x10
 1826 0e51 656C7000 		.ascii	"elp\000"
 1827 0e55 93       		.byte	0x93
 1828 0e56 34       		.byte	0x34
 1829 0e57 56090000 		.4byte	0x956
 1830 0e5b 17       		.uleb128 0x17
 1831 0e5c 0B060000 		.4byte	.LASF129
 1832 0e60 94       		.byte	0x94
 1833 0e61 2E       		.byte	0x2e
 1834 0e62 60010000 		.4byte	0x160
 1835 0e66 17       		.uleb128 0x17
 1836 0e67 FD010000 		.4byte	.LASF130
 1837 0e6b 95       		.byte	0x95
 1838 0e6c 2F       		.byte	0x2f
 1839 0e6d 6C010000 		.4byte	0x16c
 1840 0e71 26       		.uleb128 0x26
 1841 0e72 50030000 		.4byte	.LASF146
 1842 0e76 96       		.byte	0x96
 1843 0e77 B8040000 		.4byte	0x4b8
 1844 0e7b 0A       		.uleb128 0xa
 1845 0e7c CB050000 		.4byte	.LASF155
 1846 0e80 950E0000 		.4byte	0xe95
 1847 0e84 00       		.byte	0
 1848 0e85 0C       		.uleb128 0xc
 1849 0e86 B0000000 		.4byte	0xb0
 1850 0e8a 950E0000 		.4byte	0xe95
 1851 0e8e 0D       		.uleb128 0xd
 1852 0e8f 25000000 		.4byte	0x25
 1853 0e93 1B       		.byte	0x1b
 1854 0e94 00       		.byte	0
 1855 0e95 08       		.uleb128 0x8
 1856 0e96 850E0000 		.4byte	0xe85
 1857 0e9a 19       		.uleb128 0x19
 1858 0e9b B5040000 		.4byte	.LASF167
 1859 0e9f 79       		.byte	0x79
 1860 0ea0 B90E0000 		.4byte	0xeb9
 1861 0ea4 10       		.uleb128 0x10
 1862 0ea5 65737000 		.ascii	"esp\000"
 1863 0ea9 79       		.byte	0x79
 1864 0eaa 29       		.byte	0x29
 1865 0eab DC0B0000 		.4byte	0xbdc
 1866 0eaf 0A       		.uleb128 0xa
 1867 0eb0 CB050000 		.4byte	.LASF155
 1868 0eb4 C90E0000 		.4byte	0xec9
 1869 0eb8 00       		.byte	0
 1870 0eb9 0C       		.uleb128 0xc
 1871 0eba B0000000 		.4byte	0xb0
 1872 0ebe C90E0000 		.4byte	0xec9
 1873 0ec2 0D       		.uleb128 0xd
 1874 0ec3 25000000 		.4byte	0x25
 1875 0ec7 12       		.byte	0x12
 1876 0ec8 00       		.byte	0
 1877 0ec9 08       		.uleb128 0x8
 1878 0eca B90E0000 		.4byte	0xeb9
 1879 0ece 19       		.uleb128 0x19
 1880 0ecf 1E030000 		.4byte	.LASF168
 1881 0ed3 63       		.byte	0x63
ARM GAS  /tmp/ccYjAqA9.s 			page 34


 1882 0ed4 ED0E0000 		.4byte	0xeed
 1883 0ed8 10       		.uleb128 0x10
 1884 0ed9 65737000 		.ascii	"esp\000"
 1885 0edd 63       		.byte	0x63
 1886 0ede 26       		.byte	0x26
 1887 0edf DC0B0000 		.4byte	0xbdc
 1888 0ee3 0A       		.uleb128 0xa
 1889 0ee4 CB050000 		.4byte	.LASF155
 1890 0ee8 FF0D0000 		.4byte	0xdff
 1891 0eec 00       		.byte	0
 1892 0eed 2E       		.uleb128 0x2e
 1893 0eee 03010000 		.4byte	.LASF176
 1894 0ef2 0E       		.byte	0xe
 1895 0ef3 0501     		.2byte	0x105
 1896 0ef5 1B       		.byte	0x1b
 1897 0ef6 60010000 		.4byte	0x160
 1898 0efa 0C0F0000 		.4byte	0xf0c
 1899 0efe 05       		.uleb128 0x5
 1900 0eff 0B060000 		.4byte	.LASF129
 1901 0f03 0E       		.byte	0xe
 1902 0f04 0501     		.2byte	0x105
 1903 0f06 37       		.byte	0x37
 1904 0f07 60010000 		.4byte	0x160
 1905 0f0b 00       		.byte	0
 1906 0f0c 2F       		.uleb128 0x2f
 1907 0f0d 7C080000 		.4byte	.LASF177
 1908 0f11 13       		.byte	0x13
 1909 0f12 5701     		.2byte	0x157
 1910 0f14 19       		.byte	0x19
 1911 0f15 B8040000 		.4byte	0x4b8
 1912 0f19 30       		.uleb128 0x30
 1913 0f1a D8080000 		.4byte	.LASF178
 1914 0f1e 11       		.byte	0x11
 1915 0f1f A501     		.2byte	0x1a5
 1916 0f21 14       		.byte	0x14
 1917 0f22 300F0000 		.4byte	0xf30
 1918 0f26 0A       		.uleb128 0xa
 1919 0f27 CB050000 		.4byte	.LASF155
 1920 0f2b 6D0C0000 		.4byte	0xc6d
 1921 0f2f 00       		.byte	0
 1922 0f30 20       		.uleb128 0x20
 1923 0f31 D4050000 		.4byte	.LASF169
 1924 0f35 11       		.byte	0x11
 1925 0f36 9701     		.2byte	0x197
 1926 0f38 14       		.byte	0x14
 1927 0f39 20       		.uleb128 0x20
 1928 0f3a 50010000 		.4byte	.LASF170
 1929 0f3e 0B       		.byte	0xb
 1930 0f3f D702     		.2byte	0x2d7
 1931 0f41 1B       		.byte	0x1b
 1932 0f42 20       		.uleb128 0x20
 1933 0f43 F0080000 		.4byte	.LASF171
 1934 0f47 0B       		.byte	0xb
 1935 0f48 BF02     		.2byte	0x2bf
 1936 0f4a 1B       		.byte	0x1b
 1937 0f4b 31       		.uleb128 0x31
 1938 0f4c 39070000 		.4byte	.LASF179
ARM GAS  /tmp/ccYjAqA9.s 			page 35


 1939 0f50 12       		.byte	0x12
 1940 0f51 EB01     		.2byte	0x1eb
 1941 0f53 1B       		.byte	0x1b
 1942 0f54 05       		.uleb128 0x5
 1943 0f55 41010000 		.4byte	.LASF172
 1944 0f59 12       		.byte	0x12
 1945 0f5a EB01     		.2byte	0x1eb
 1946 0f5c 32       		.byte	0x32
 1947 0f5d E3000000 		.4byte	0xe3
 1948 0f61 00       		.byte	0
 1949 0f62 00       		.byte	0
 1950              		.section	.gnu.debuglto_.debug_abbrev,"e",%progbits
 1951              	.Ldebug_abbrev0:
 1952 0000 01       		.uleb128 0x1
 1953 0001 16       		.uleb128 0x16
 1954 0002 00       		.byte	0
 1955 0003 03       		.uleb128 0x3
 1956 0004 0E       		.uleb128 0xe
 1957 0005 3A       		.uleb128 0x3a
 1958 0006 0B       		.uleb128 0xb
 1959 0007 3B       		.uleb128 0x3b
 1960 0008 0B       		.uleb128 0xb
 1961 0009 39       		.uleb128 0x39
 1962 000a 0B       		.uleb128 0xb
 1963 000b 49       		.uleb128 0x49
 1964 000c 13       		.uleb128 0x13
 1965 000d 00       		.byte	0
 1966 000e 00       		.byte	0
 1967 000f 02       		.uleb128 0x2
 1968 0010 0D       		.uleb128 0xd
 1969 0011 00       		.byte	0
 1970 0012 03       		.uleb128 0x3
 1971 0013 0E       		.uleb128 0xe
 1972 0014 3A       		.uleb128 0x3a
 1973 0015 0B       		.uleb128 0xb
 1974 0016 3B       		.uleb128 0x3b
 1975 0017 0B       		.uleb128 0xb
 1976 0018 39       		.uleb128 0x39
 1977 0019 0B       		.uleb128 0xb
 1978 001a 49       		.uleb128 0x49
 1979 001b 13       		.uleb128 0x13
 1980 001c 38       		.uleb128 0x38
 1981 001d 0B       		.uleb128 0xb
 1982 001e 00       		.byte	0
 1983 001f 00       		.byte	0
 1984 0020 03       		.uleb128 0x3
 1985 0021 0D       		.uleb128 0xd
 1986 0022 00       		.byte	0
 1987 0023 03       		.uleb128 0x3
 1988 0024 0E       		.uleb128 0xe
 1989 0025 3A       		.uleb128 0x3a
 1990 0026 21       		.uleb128 0x21
 1991 0027 05       		.sleb128 5
 1992 0028 3B       		.uleb128 0x3b
 1993 0029 05       		.uleb128 0x5
 1994 002a 39       		.uleb128 0x39
 1995 002b 0B       		.uleb128 0xb
ARM GAS  /tmp/ccYjAqA9.s 			page 36


 1996 002c 49       		.uleb128 0x49
 1997 002d 13       		.uleb128 0x13
 1998 002e 38       		.uleb128 0x38
 1999 002f 0B       		.uleb128 0xb
 2000 0030 00       		.byte	0
 2001 0031 00       		.byte	0
 2002 0032 04       		.uleb128 0x4
 2003 0033 0F       		.uleb128 0xf
 2004 0034 00       		.byte	0
 2005 0035 0B       		.uleb128 0xb
 2006 0036 21       		.uleb128 0x21
 2007 0037 04       		.sleb128 4
 2008 0038 49       		.uleb128 0x49
 2009 0039 13       		.uleb128 0x13
 2010 003a 00       		.byte	0
 2011 003b 00       		.byte	0
 2012 003c 05       		.uleb128 0x5
 2013 003d 05       		.uleb128 0x5
 2014 003e 00       		.byte	0
 2015 003f 03       		.uleb128 0x3
 2016 0040 0E       		.uleb128 0xe
 2017 0041 3A       		.uleb128 0x3a
 2018 0042 0B       		.uleb128 0xb
 2019 0043 3B       		.uleb128 0x3b
 2020 0044 05       		.uleb128 0x5
 2021 0045 39       		.uleb128 0x39
 2022 0046 0B       		.uleb128 0xb
 2023 0047 49       		.uleb128 0x49
 2024 0048 13       		.uleb128 0x13
 2025 0049 00       		.byte	0
 2026 004a 00       		.byte	0
 2027 004b 06       		.uleb128 0x6
 2028 004c 13       		.uleb128 0x13
 2029 004d 01       		.byte	0x1
 2030 004e 03       		.uleb128 0x3
 2031 004f 0E       		.uleb128 0xe
 2032 0050 0B       		.uleb128 0xb
 2033 0051 0B       		.uleb128 0xb
 2034 0052 3A       		.uleb128 0x3a
 2035 0053 0B       		.uleb128 0xb
 2036 0054 3B       		.uleb128 0x3b
 2037 0055 0B       		.uleb128 0xb
 2038 0056 39       		.uleb128 0x39
 2039 0057 0B       		.uleb128 0xb
 2040 0058 01       		.uleb128 0x1
 2041 0059 13       		.uleb128 0x13
 2042 005a 00       		.byte	0
 2043 005b 00       		.byte	0
 2044 005c 07       		.uleb128 0x7
 2045 005d 24       		.uleb128 0x24
 2046 005e 00       		.byte	0
 2047 005f 0B       		.uleb128 0xb
 2048 0060 0B       		.uleb128 0xb
 2049 0061 3E       		.uleb128 0x3e
 2050 0062 0B       		.uleb128 0xb
 2051 0063 03       		.uleb128 0x3
 2052 0064 0E       		.uleb128 0xe
ARM GAS  /tmp/ccYjAqA9.s 			page 37


 2053 0065 00       		.byte	0
 2054 0066 00       		.byte	0
 2055 0067 08       		.uleb128 0x8
 2056 0068 26       		.uleb128 0x26
 2057 0069 00       		.byte	0
 2058 006a 49       		.uleb128 0x49
 2059 006b 13       		.uleb128 0x13
 2060 006c 00       		.byte	0
 2061 006d 00       		.byte	0
 2062 006e 09       		.uleb128 0x9
 2063 006f 0D       		.uleb128 0xd
 2064 0070 00       		.byte	0
 2065 0071 03       		.uleb128 0x3
 2066 0072 08       		.uleb128 0x8
 2067 0073 3A       		.uleb128 0x3a
 2068 0074 0B       		.uleb128 0xb
 2069 0075 3B       		.uleb128 0x3b
 2070 0076 05       		.uleb128 0x5
 2071 0077 39       		.uleb128 0x39
 2072 0078 0B       		.uleb128 0xb
 2073 0079 49       		.uleb128 0x49
 2074 007a 13       		.uleb128 0x13
 2075 007b 38       		.uleb128 0x38
 2076 007c 0B       		.uleb128 0xb
 2077 007d 00       		.byte	0
 2078 007e 00       		.byte	0
 2079 007f 0A       		.uleb128 0xa
 2080 0080 34       		.uleb128 0x34
 2081 0081 00       		.byte	0
 2082 0082 03       		.uleb128 0x3
 2083 0083 0E       		.uleb128 0xe
 2084 0084 49       		.uleb128 0x49
 2085 0085 13       		.uleb128 0x13
 2086 0086 34       		.uleb128 0x34
 2087 0087 19       		.uleb128 0x19
 2088 0088 00       		.byte	0
 2089 0089 00       		.byte	0
 2090 008a 0B       		.uleb128 0xb
 2091 008b 0D       		.uleb128 0xd
 2092 008c 00       		.byte	0
 2093 008d 03       		.uleb128 0x3
 2094 008e 08       		.uleb128 0x8
 2095 008f 3A       		.uleb128 0x3a
 2096 0090 0B       		.uleb128 0xb
 2097 0091 3B       		.uleb128 0x3b
 2098 0092 0B       		.uleb128 0xb
 2099 0093 39       		.uleb128 0x39
 2100 0094 0B       		.uleb128 0xb
 2101 0095 49       		.uleb128 0x49
 2102 0096 13       		.uleb128 0x13
 2103 0097 38       		.uleb128 0x38
 2104 0098 0B       		.uleb128 0xb
 2105 0099 00       		.byte	0
 2106 009a 00       		.byte	0
 2107 009b 0C       		.uleb128 0xc
 2108 009c 01       		.uleb128 0x1
 2109 009d 01       		.byte	0x1
ARM GAS  /tmp/ccYjAqA9.s 			page 38


 2110 009e 49       		.uleb128 0x49
 2111 009f 13       		.uleb128 0x13
 2112 00a0 01       		.uleb128 0x1
 2113 00a1 13       		.uleb128 0x13
 2114 00a2 00       		.byte	0
 2115 00a3 00       		.byte	0
 2116 00a4 0D       		.uleb128 0xd
 2117 00a5 21       		.uleb128 0x21
 2118 00a6 00       		.byte	0
 2119 00a7 49       		.uleb128 0x49
 2120 00a8 13       		.uleb128 0x13
 2121 00a9 2F       		.uleb128 0x2f
 2122 00aa 0B       		.uleb128 0xb
 2123 00ab 00       		.byte	0
 2124 00ac 00       		.byte	0
 2125 00ad 0E       		.uleb128 0xe
 2126 00ae 2E       		.uleb128 0x2e
 2127 00af 01       		.byte	0x1
 2128 00b0 3F       		.uleb128 0x3f
 2129 00b1 19       		.uleb128 0x19
 2130 00b2 03       		.uleb128 0x3
 2131 00b3 0E       		.uleb128 0xe
 2132 00b4 3A       		.uleb128 0x3a
 2133 00b5 21       		.uleb128 0x21
 2134 00b6 10       		.sleb128 16
 2135 00b7 3B       		.uleb128 0x3b
 2136 00b8 05       		.uleb128 0x5
 2137 00b9 39       		.uleb128 0x39
 2138 00ba 0B       		.uleb128 0xb
 2139 00bb 27       		.uleb128 0x27
 2140 00bc 19       		.uleb128 0x19
 2141 00bd 49       		.uleb128 0x49
 2142 00be 13       		.uleb128 0x13
 2143 00bf 01       		.uleb128 0x1
 2144 00c0 13       		.uleb128 0x13
 2145 00c1 00       		.byte	0
 2146 00c2 00       		.byte	0
 2147 00c3 0F       		.uleb128 0xf
 2148 00c4 34       		.uleb128 0x34
 2149 00c5 00       		.byte	0
 2150 00c6 03       		.uleb128 0x3
 2151 00c7 0E       		.uleb128 0xe
 2152 00c8 3A       		.uleb128 0x3a
 2153 00c9 21       		.uleb128 0x21
 2154 00ca 10       		.sleb128 16
 2155 00cb 3B       		.uleb128 0x3b
 2156 00cc 05       		.uleb128 0x5
 2157 00cd 39       		.uleb128 0x39
 2158 00ce 0B       		.uleb128 0xb
 2159 00cf 49       		.uleb128 0x49
 2160 00d0 13       		.uleb128 0x13
 2161 00d1 00       		.byte	0
 2162 00d2 00       		.byte	0
 2163 00d3 10       		.uleb128 0x10
 2164 00d4 05       		.uleb128 0x5
 2165 00d5 00       		.byte	0
 2166 00d6 03       		.uleb128 0x3
ARM GAS  /tmp/ccYjAqA9.s 			page 39


 2167 00d7 08       		.uleb128 0x8
 2168 00d8 3A       		.uleb128 0x3a
 2169 00d9 21       		.uleb128 0x21
 2170 00da 10       		.sleb128 16
 2171 00db 3B       		.uleb128 0x3b
 2172 00dc 0B       		.uleb128 0xb
 2173 00dd 39       		.uleb128 0x39
 2174 00de 0B       		.uleb128 0xb
 2175 00df 49       		.uleb128 0x49
 2176 00e0 13       		.uleb128 0x13
 2177 00e1 00       		.byte	0
 2178 00e2 00       		.byte	0
 2179 00e3 11       		.uleb128 0x11
 2180 00e4 0D       		.uleb128 0xd
 2181 00e5 00       		.byte	0
 2182 00e6 03       		.uleb128 0x3
 2183 00e7 0E       		.uleb128 0xe
 2184 00e8 3A       		.uleb128 0x3a
 2185 00e9 0B       		.uleb128 0xb
 2186 00ea 3B       		.uleb128 0x3b
 2187 00eb 0B       		.uleb128 0xb
 2188 00ec 39       		.uleb128 0x39
 2189 00ed 0B       		.uleb128 0xb
 2190 00ee 49       		.uleb128 0x49
 2191 00ef 13       		.uleb128 0x13
 2192 00f0 00       		.byte	0
 2193 00f1 00       		.byte	0
 2194 00f2 12       		.uleb128 0x12
 2195 00f3 13       		.uleb128 0x13
 2196 00f4 01       		.byte	0x1
 2197 00f5 0B       		.uleb128 0xb
 2198 00f6 0B       		.uleb128 0xb
 2199 00f7 3A       		.uleb128 0x3a
 2200 00f8 21       		.uleb128 0x21
 2201 00f9 0A       		.sleb128 10
 2202 00fa 3B       		.uleb128 0x3b
 2203 00fb 0B       		.uleb128 0xb
 2204 00fc 39       		.uleb128 0x39
 2205 00fd 0B       		.uleb128 0xb
 2206 00fe 01       		.uleb128 0x1
 2207 00ff 13       		.uleb128 0x13
 2208 0100 00       		.byte	0
 2209 0101 00       		.byte	0
 2210 0102 13       		.uleb128 0x13
 2211 0103 0D       		.uleb128 0xd
 2212 0104 00       		.byte	0
 2213 0105 03       		.uleb128 0x3
 2214 0106 0E       		.uleb128 0xe
 2215 0107 3A       		.uleb128 0x3a
 2216 0108 21       		.uleb128 0x21
 2217 0109 05       		.sleb128 5
 2218 010a 3B       		.uleb128 0x3b
 2219 010b 05       		.uleb128 0x5
 2220 010c 39       		.uleb128 0x39
 2221 010d 0B       		.uleb128 0xb
 2222 010e 49       		.uleb128 0x49
 2223 010f 13       		.uleb128 0x13
ARM GAS  /tmp/ccYjAqA9.s 			page 40


 2224 0110 00       		.byte	0
 2225 0111 00       		.byte	0
 2226 0112 14       		.uleb128 0x14
 2227 0113 05       		.uleb128 0x5
 2228 0114 00       		.byte	0
 2229 0115 49       		.uleb128 0x49
 2230 0116 13       		.uleb128 0x13
 2231 0117 00       		.byte	0
 2232 0118 00       		.byte	0
 2233 0119 15       		.uleb128 0x15
 2234 011a 34       		.uleb128 0x34
 2235 011b 00       		.byte	0
 2236 011c 03       		.uleb128 0x3
 2237 011d 08       		.uleb128 0x8
 2238 011e 3A       		.uleb128 0x3a
 2239 011f 21       		.uleb128 0x21
 2240 0120 10       		.sleb128 16
 2241 0121 3B       		.uleb128 0x3b
 2242 0122 05       		.uleb128 0x5
 2243 0123 39       		.uleb128 0x39
 2244 0124 0B       		.uleb128 0xb
 2245 0125 49       		.uleb128 0x49
 2246 0126 13       		.uleb128 0x13
 2247 0127 00       		.byte	0
 2248 0128 00       		.byte	0
 2249 0129 16       		.uleb128 0x16
 2250 012a 05       		.uleb128 0x5
 2251 012b 00       		.byte	0
 2252 012c 03       		.uleb128 0x3
 2253 012d 08       		.uleb128 0x8
 2254 012e 3A       		.uleb128 0x3a
 2255 012f 21       		.uleb128 0x21
 2256 0130 10       		.sleb128 16
 2257 0131 3B       		.uleb128 0x3b
 2258 0132 05       		.uleb128 0x5
 2259 0133 39       		.uleb128 0x39
 2260 0134 0B       		.uleb128 0xb
 2261 0135 49       		.uleb128 0x49
 2262 0136 13       		.uleb128 0x13
 2263 0137 00       		.byte	0
 2264 0138 00       		.byte	0
 2265 0139 17       		.uleb128 0x17
 2266 013a 05       		.uleb128 0x5
 2267 013b 00       		.byte	0
 2268 013c 03       		.uleb128 0x3
 2269 013d 0E       		.uleb128 0xe
 2270 013e 3A       		.uleb128 0x3a
 2271 013f 21       		.uleb128 0x21
 2272 0140 10       		.sleb128 16
 2273 0141 3B       		.uleb128 0x3b
 2274 0142 0B       		.uleb128 0xb
 2275 0143 39       		.uleb128 0x39
 2276 0144 0B       		.uleb128 0xb
 2277 0145 49       		.uleb128 0x49
 2278 0146 13       		.uleb128 0x13
 2279 0147 00       		.byte	0
 2280 0148 00       		.byte	0
ARM GAS  /tmp/ccYjAqA9.s 			page 41


 2281 0149 18       		.uleb128 0x18
 2282 014a 2E       		.uleb128 0x2e
 2283 014b 01       		.byte	0x1
 2284 014c 3F       		.uleb128 0x3f
 2285 014d 19       		.uleb128 0x19
 2286 014e 03       		.uleb128 0x3
 2287 014f 0E       		.uleb128 0xe
 2288 0150 3A       		.uleb128 0x3a
 2289 0151 21       		.uleb128 0x21
 2290 0152 10       		.sleb128 16
 2291 0153 3B       		.uleb128 0x3b
 2292 0154 05       		.uleb128 0x5
 2293 0155 39       		.uleb128 0x39
 2294 0156 21       		.uleb128 0x21
 2295 0157 06       		.sleb128 6
 2296 0158 27       		.uleb128 0x27
 2297 0159 19       		.uleb128 0x19
 2298 015a 01       		.uleb128 0x1
 2299 015b 13       		.uleb128 0x13
 2300 015c 00       		.byte	0
 2301 015d 00       		.byte	0
 2302 015e 19       		.uleb128 0x19
 2303 015f 2E       		.uleb128 0x2e
 2304 0160 01       		.byte	0x1
 2305 0161 3F       		.uleb128 0x3f
 2306 0162 19       		.uleb128 0x19
 2307 0163 03       		.uleb128 0x3
 2308 0164 0E       		.uleb128 0xe
 2309 0165 3A       		.uleb128 0x3a
 2310 0166 21       		.uleb128 0x21
 2311 0167 10       		.sleb128 16
 2312 0168 3B       		.uleb128 0x3b
 2313 0169 0B       		.uleb128 0xb
 2314 016a 39       		.uleb128 0x39
 2315 016b 21       		.uleb128 0x21
 2316 016c 06       		.sleb128 6
 2317 016d 27       		.uleb128 0x27
 2318 016e 19       		.uleb128 0x19
 2319 016f 01       		.uleb128 0x1
 2320 0170 13       		.uleb128 0x13
 2321 0171 00       		.byte	0
 2322 0172 00       		.byte	0
 2323 0173 1A       		.uleb128 0x1a
 2324 0174 13       		.uleb128 0x13
 2325 0175 01       		.byte	0x1
 2326 0176 03       		.uleb128 0x3
 2327 0177 0E       		.uleb128 0xe
 2328 0178 0B       		.uleb128 0xb
 2329 0179 0B       		.uleb128 0xb
 2330 017a 3A       		.uleb128 0x3a
 2331 017b 0B       		.uleb128 0xb
 2332 017c 3B       		.uleb128 0x3b
 2333 017d 05       		.uleb128 0x5
 2334 017e 39       		.uleb128 0x39
 2335 017f 0B       		.uleb128 0xb
 2336 0180 01       		.uleb128 0x1
 2337 0181 13       		.uleb128 0x13
ARM GAS  /tmp/ccYjAqA9.s 			page 42


 2338 0182 00       		.byte	0
 2339 0183 00       		.byte	0
 2340 0184 1B       		.uleb128 0x1b
 2341 0185 2E       		.uleb128 0x2e
 2342 0186 00       		.byte	0
 2343 0187 3F       		.uleb128 0x3f
 2344 0188 19       		.uleb128 0x19
 2345 0189 03       		.uleb128 0x3
 2346 018a 0E       		.uleb128 0xe
 2347 018b 3A       		.uleb128 0x3a
 2348 018c 0B       		.uleb128 0xb
 2349 018d 3B       		.uleb128 0x3b
 2350 018e 0B       		.uleb128 0xb
 2351 018f 39       		.uleb128 0x39
 2352 0190 21       		.uleb128 0x21
 2353 0191 08       		.sleb128 8
 2354 0192 27       		.uleb128 0x27
 2355 0193 19       		.uleb128 0x19
 2356 0194 3C       		.uleb128 0x3c
 2357 0195 19       		.uleb128 0x19
 2358 0196 00       		.byte	0
 2359 0197 00       		.byte	0
 2360 0198 1C       		.uleb128 0x1c
 2361 0199 17       		.uleb128 0x17
 2362 019a 01       		.byte	0x1
 2363 019b 0B       		.uleb128 0xb
 2364 019c 0B       		.uleb128 0xb
 2365 019d 3A       		.uleb128 0x3a
 2366 019e 0B       		.uleb128 0xb
 2367 019f 3B       		.uleb128 0x3b
 2368 01a0 0B       		.uleb128 0xb
 2369 01a1 39       		.uleb128 0x39
 2370 01a2 21       		.uleb128 0x21
 2371 01a3 03       		.sleb128 3
 2372 01a4 01       		.uleb128 0x1
 2373 01a5 13       		.uleb128 0x13
 2374 01a6 00       		.byte	0
 2375 01a7 00       		.byte	0
 2376 01a8 1D       		.uleb128 0x1d
 2377 01a9 0D       		.uleb128 0xd
 2378 01aa 00       		.byte	0
 2379 01ab 03       		.uleb128 0x3
 2380 01ac 08       		.uleb128 0x8
 2381 01ad 3A       		.uleb128 0x3a
 2382 01ae 21       		.uleb128 0x21
 2383 01af 0A       		.sleb128 10
 2384 01b0 3B       		.uleb128 0x3b
 2385 01b1 0B       		.uleb128 0xb
 2386 01b2 39       		.uleb128 0x39
 2387 01b3 21       		.uleb128 0x21
 2388 01b4 07       		.sleb128 7
 2389 01b5 49       		.uleb128 0x49
 2390 01b6 13       		.uleb128 0x13
 2391 01b7 00       		.byte	0
 2392 01b8 00       		.byte	0
 2393 01b9 1E       		.uleb128 0x1e
 2394 01ba 0D       		.uleb128 0xd
ARM GAS  /tmp/ccYjAqA9.s 			page 43


 2395 01bb 00       		.byte	0
 2396 01bc 03       		.uleb128 0x3
 2397 01bd 0E       		.uleb128 0xe
 2398 01be 3A       		.uleb128 0x3a
 2399 01bf 21       		.uleb128 0x21
 2400 01c0 0A       		.sleb128 10
 2401 01c1 3B       		.uleb128 0x3b
 2402 01c2 0B       		.uleb128 0xb
 2403 01c3 39       		.uleb128 0x39
 2404 01c4 21       		.uleb128 0x21
 2405 01c5 19       		.sleb128 25
 2406 01c6 49       		.uleb128 0x49
 2407 01c7 13       		.uleb128 0x13
 2408 01c8 0D       		.uleb128 0xd
 2409 01c9 0B       		.uleb128 0xb
 2410 01ca 6B       		.uleb128 0x6b
 2411 01cb 0B       		.uleb128 0xb
 2412 01cc 00       		.byte	0
 2413 01cd 00       		.byte	0
 2414 01ce 1F       		.uleb128 0x1f
 2415 01cf 34       		.uleb128 0x34
 2416 01d0 00       		.byte	0
 2417 01d1 03       		.uleb128 0x3
 2418 01d2 08       		.uleb128 0x8
 2419 01d3 3A       		.uleb128 0x3a
 2420 01d4 21       		.uleb128 0x21
 2421 01d5 10       		.sleb128 16
 2422 01d6 3B       		.uleb128 0x3b
 2423 01d7 0B       		.uleb128 0xb
 2424 01d8 39       		.uleb128 0x39
 2425 01d9 0B       		.uleb128 0xb
 2426 01da 49       		.uleb128 0x49
 2427 01db 13       		.uleb128 0x13
 2428 01dc 00       		.byte	0
 2429 01dd 00       		.byte	0
 2430 01de 20       		.uleb128 0x20
 2431 01df 2E       		.uleb128 0x2e
 2432 01e0 00       		.byte	0
 2433 01e1 03       		.uleb128 0x3
 2434 01e2 0E       		.uleb128 0xe
 2435 01e3 3A       		.uleb128 0x3a
 2436 01e4 0B       		.uleb128 0xb
 2437 01e5 3B       		.uleb128 0x3b
 2438 01e6 05       		.uleb128 0x5
 2439 01e7 39       		.uleb128 0x39
 2440 01e8 0B       		.uleb128 0xb
 2441 01e9 27       		.uleb128 0x27
 2442 01ea 19       		.uleb128 0x19
 2443 01eb 00       		.byte	0
 2444 01ec 00       		.byte	0
 2445 01ed 21       		.uleb128 0x21
 2446 01ee 35       		.uleb128 0x35
 2447 01ef 00       		.byte	0
 2448 01f0 49       		.uleb128 0x49
 2449 01f1 13       		.uleb128 0x13
 2450 01f2 00       		.byte	0
 2451 01f3 00       		.byte	0
ARM GAS  /tmp/ccYjAqA9.s 			page 44


 2452 01f4 22       		.uleb128 0x22
 2453 01f5 16       		.uleb128 0x16
 2454 01f6 00       		.byte	0
 2455 01f7 03       		.uleb128 0x3
 2456 01f8 0E       		.uleb128 0xe
 2457 01f9 3A       		.uleb128 0x3a
 2458 01fa 21       		.uleb128 0x21
 2459 01fb 05       		.sleb128 5
 2460 01fc 3B       		.uleb128 0x3b
 2461 01fd 05       		.uleb128 0x5
 2462 01fe 39       		.uleb128 0x39
 2463 01ff 21       		.uleb128 0x21
 2464 0200 03       		.sleb128 3
 2465 0201 49       		.uleb128 0x49
 2466 0202 13       		.uleb128 0x13
 2467 0203 00       		.byte	0
 2468 0204 00       		.byte	0
 2469 0205 23       		.uleb128 0x23
 2470 0206 2E       		.uleb128 0x2e
 2471 0207 01       		.byte	0x1
 2472 0208 3F       		.uleb128 0x3f
 2473 0209 19       		.uleb128 0x19
 2474 020a 03       		.uleb128 0x3
 2475 020b 0E       		.uleb128 0xe
 2476 020c 3A       		.uleb128 0x3a
 2477 020d 21       		.uleb128 0x21
 2478 020e 0F       		.sleb128 15
 2479 020f 3B       		.uleb128 0x3b
 2480 0210 0B       		.uleb128 0xb
 2481 0211 39       		.uleb128 0x39
 2482 0212 0B       		.uleb128 0xb
 2483 0213 27       		.uleb128 0x27
 2484 0214 19       		.uleb128 0x19
 2485 0215 49       		.uleb128 0x49
 2486 0216 13       		.uleb128 0x13
 2487 0217 3C       		.uleb128 0x3c
 2488 0218 19       		.uleb128 0x19
 2489 0219 01       		.uleb128 0x1
 2490 021a 13       		.uleb128 0x13
 2491 021b 00       		.byte	0
 2492 021c 00       		.byte	0
 2493 021d 24       		.uleb128 0x24
 2494 021e 2E       		.uleb128 0x2e
 2495 021f 01       		.byte	0x1
 2496 0220 3F       		.uleb128 0x3f
 2497 0221 19       		.uleb128 0x19
 2498 0222 03       		.uleb128 0x3
 2499 0223 0E       		.uleb128 0xe
 2500 0224 3A       		.uleb128 0x3a
 2501 0225 0B       		.uleb128 0xb
 2502 0226 3B       		.uleb128 0x3b
 2503 0227 0B       		.uleb128 0xb
 2504 0228 39       		.uleb128 0x39
 2505 0229 21       		.uleb128 0x21
 2506 022a 08       		.sleb128 8
 2507 022b 27       		.uleb128 0x27
 2508 022c 19       		.uleb128 0x19
ARM GAS  /tmp/ccYjAqA9.s 			page 45


 2509 022d 3C       		.uleb128 0x3c
 2510 022e 19       		.uleb128 0x19
 2511 022f 01       		.uleb128 0x1
 2512 0230 13       		.uleb128 0x13
 2513 0231 00       		.byte	0
 2514 0232 00       		.byte	0
 2515 0233 25       		.uleb128 0x25
 2516 0234 2E       		.uleb128 0x2e
 2517 0235 01       		.byte	0x1
 2518 0236 3F       		.uleb128 0x3f
 2519 0237 19       		.uleb128 0x19
 2520 0238 03       		.uleb128 0x3
 2521 0239 0E       		.uleb128 0xe
 2522 023a 3A       		.uleb128 0x3a
 2523 023b 21       		.uleb128 0x21
 2524 023c 10       		.sleb128 16
 2525 023d 3B       		.uleb128 0x3b
 2526 023e 0B       		.uleb128 0xb
 2527 023f 39       		.uleb128 0x39
 2528 0240 21       		.uleb128 0x21
 2529 0241 0D       		.sleb128 13
 2530 0242 27       		.uleb128 0x27
 2531 0243 19       		.uleb128 0x19
 2532 0244 49       		.uleb128 0x49
 2533 0245 13       		.uleb128 0x13
 2534 0246 01       		.uleb128 0x1
 2535 0247 13       		.uleb128 0x13
 2536 0248 00       		.byte	0
 2537 0249 00       		.byte	0
 2538 024a 26       		.uleb128 0x26
 2539 024b 34       		.uleb128 0x34
 2540 024c 00       		.byte	0
 2541 024d 03       		.uleb128 0x3
 2542 024e 0E       		.uleb128 0xe
 2543 024f 3A       		.uleb128 0x3a
 2544 0250 21       		.uleb128 0x21
 2545 0251 10       		.sleb128 16
 2546 0252 3B       		.uleb128 0x3b
 2547 0253 0B       		.uleb128 0xb
 2548 0254 39       		.uleb128 0x39
 2549 0255 21       		.uleb128 0x21
 2550 0256 0D       		.sleb128 13
 2551 0257 49       		.uleb128 0x49
 2552 0258 13       		.uleb128 0x13
 2553 0259 00       		.byte	0
 2554 025a 00       		.byte	0
 2555 025b 27       		.uleb128 0x27
 2556 025c 11       		.uleb128 0x11
 2557 025d 01       		.byte	0x1
 2558 025e 25       		.uleb128 0x25
 2559 025f 0E       		.uleb128 0xe
 2560 0260 13       		.uleb128 0x13
 2561 0261 0B       		.uleb128 0xb
 2562 0262 03       		.uleb128 0x3
 2563 0263 0E       		.uleb128 0xe
 2564 0264 1B       		.uleb128 0x1b
 2565 0265 0E       		.uleb128 0xe
ARM GAS  /tmp/ccYjAqA9.s 			page 46


 2566 0266 10       		.uleb128 0x10
 2567 0267 17       		.uleb128 0x17
 2568 0268 00       		.byte	0
 2569 0269 00       		.byte	0
 2570 026a 28       		.uleb128 0x28
 2571 026b 24       		.uleb128 0x24
 2572 026c 00       		.byte	0
 2573 026d 0B       		.uleb128 0xb
 2574 026e 0B       		.uleb128 0xb
 2575 026f 3E       		.uleb128 0x3e
 2576 0270 0B       		.uleb128 0xb
 2577 0271 03       		.uleb128 0x3
 2578 0272 08       		.uleb128 0x8
 2579 0273 00       		.byte	0
 2580 0274 00       		.byte	0
 2581 0275 29       		.uleb128 0x29
 2582 0276 0F       		.uleb128 0xf
 2583 0277 00       		.byte	0
 2584 0278 0B       		.uleb128 0xb
 2585 0279 0B       		.uleb128 0xb
 2586 027a 00       		.byte	0
 2587 027b 00       		.byte	0
 2588 027c 2A       		.uleb128 0x2a
 2589 027d 13       		.uleb128 0x13
 2590 027e 01       		.byte	0x1
 2591 027f 03       		.uleb128 0x3
 2592 0280 0E       		.uleb128 0xe
 2593 0281 0B       		.uleb128 0xb
 2594 0282 05       		.uleb128 0x5
 2595 0283 3A       		.uleb128 0x3a
 2596 0284 0B       		.uleb128 0xb
 2597 0285 3B       		.uleb128 0x3b
 2598 0286 05       		.uleb128 0x5
 2599 0287 39       		.uleb128 0x39
 2600 0288 0B       		.uleb128 0xb
 2601 0289 01       		.uleb128 0x1
 2602 028a 13       		.uleb128 0x13
 2603 028b 00       		.byte	0
 2604 028c 00       		.byte	0
 2605 028d 2B       		.uleb128 0x2b
 2606 028e 13       		.uleb128 0x13
 2607 028f 01       		.byte	0x1
 2608 0290 0B       		.uleb128 0xb
 2609 0291 05       		.uleb128 0x5
 2610 0292 3A       		.uleb128 0x3a
 2611 0293 0B       		.uleb128 0xb
 2612 0294 3B       		.uleb128 0x3b
 2613 0295 0B       		.uleb128 0xb
 2614 0296 39       		.uleb128 0x39
 2615 0297 0B       		.uleb128 0xb
 2616 0298 01       		.uleb128 0x1
 2617 0299 13       		.uleb128 0x13
 2618 029a 00       		.byte	0
 2619 029b 00       		.byte	0
 2620 029c 2C       		.uleb128 0x2c
 2621 029d 34       		.uleb128 0x34
 2622 029e 00       		.byte	0
ARM GAS  /tmp/ccYjAqA9.s 			page 47


 2623 029f 03       		.uleb128 0x3
 2624 02a0 08       		.uleb128 0x8
 2625 02a1 3A       		.uleb128 0x3a
 2626 02a2 0B       		.uleb128 0xb
 2627 02a3 3B       		.uleb128 0x3b
 2628 02a4 05       		.uleb128 0x5
 2629 02a5 39       		.uleb128 0x39
 2630 02a6 0B       		.uleb128 0xb
 2631 02a7 49       		.uleb128 0x49
 2632 02a8 13       		.uleb128 0x13
 2633 02a9 3F       		.uleb128 0x3f
 2634 02aa 19       		.uleb128 0x19
 2635 02ab 3C       		.uleb128 0x3c
 2636 02ac 19       		.uleb128 0x19
 2637 02ad 00       		.byte	0
 2638 02ae 00       		.byte	0
 2639 02af 2D       		.uleb128 0x2d
 2640 02b0 15       		.uleb128 0x15
 2641 02b1 01       		.byte	0x1
 2642 02b2 27       		.uleb128 0x27
 2643 02b3 19       		.uleb128 0x19
 2644 02b4 01       		.uleb128 0x1
 2645 02b5 13       		.uleb128 0x13
 2646 02b6 00       		.byte	0
 2647 02b7 00       		.byte	0
 2648 02b8 2E       		.uleb128 0x2e
 2649 02b9 2E       		.uleb128 0x2e
 2650 02ba 01       		.byte	0x1
 2651 02bb 03       		.uleb128 0x3
 2652 02bc 0E       		.uleb128 0xe
 2653 02bd 3A       		.uleb128 0x3a
 2654 02be 0B       		.uleb128 0xb
 2655 02bf 3B       		.uleb128 0x3b
 2656 02c0 05       		.uleb128 0x5
 2657 02c1 39       		.uleb128 0x39
 2658 02c2 0B       		.uleb128 0xb
 2659 02c3 27       		.uleb128 0x27
 2660 02c4 19       		.uleb128 0x19
 2661 02c5 49       		.uleb128 0x49
 2662 02c6 13       		.uleb128 0x13
 2663 02c7 01       		.uleb128 0x1
 2664 02c8 13       		.uleb128 0x13
 2665 02c9 00       		.byte	0
 2666 02ca 00       		.byte	0
 2667 02cb 2F       		.uleb128 0x2f
 2668 02cc 2E       		.uleb128 0x2e
 2669 02cd 00       		.byte	0
 2670 02ce 03       		.uleb128 0x3
 2671 02cf 0E       		.uleb128 0xe
 2672 02d0 3A       		.uleb128 0x3a
 2673 02d1 0B       		.uleb128 0xb
 2674 02d2 3B       		.uleb128 0x3b
 2675 02d3 05       		.uleb128 0x5
 2676 02d4 39       		.uleb128 0x39
 2677 02d5 0B       		.uleb128 0xb
 2678 02d6 27       		.uleb128 0x27
 2679 02d7 19       		.uleb128 0x19
ARM GAS  /tmp/ccYjAqA9.s 			page 48


 2680 02d8 49       		.uleb128 0x49
 2681 02d9 13       		.uleb128 0x13
 2682 02da 00       		.byte	0
 2683 02db 00       		.byte	0
 2684 02dc 30       		.uleb128 0x30
 2685 02dd 2E       		.uleb128 0x2e
 2686 02de 01       		.byte	0x1
 2687 02df 03       		.uleb128 0x3
 2688 02e0 0E       		.uleb128 0xe
 2689 02e1 3A       		.uleb128 0x3a
 2690 02e2 0B       		.uleb128 0xb
 2691 02e3 3B       		.uleb128 0x3b
 2692 02e4 05       		.uleb128 0x5
 2693 02e5 39       		.uleb128 0x39
 2694 02e6 0B       		.uleb128 0xb
 2695 02e7 27       		.uleb128 0x27
 2696 02e8 19       		.uleb128 0x19
 2697 02e9 01       		.uleb128 0x1
 2698 02ea 13       		.uleb128 0x13
 2699 02eb 00       		.byte	0
 2700 02ec 00       		.byte	0
 2701 02ed 31       		.uleb128 0x31
 2702 02ee 2E       		.uleb128 0x2e
 2703 02ef 01       		.byte	0x1
 2704 02f0 03       		.uleb128 0x3
 2705 02f1 0E       		.uleb128 0xe
 2706 02f2 3A       		.uleb128 0x3a
 2707 02f3 0B       		.uleb128 0xb
 2708 02f4 3B       		.uleb128 0x3b
 2709 02f5 05       		.uleb128 0x5
 2710 02f6 39       		.uleb128 0x39
 2711 02f7 0B       		.uleb128 0xb
 2712 02f8 27       		.uleb128 0x27
 2713 02f9 19       		.uleb128 0x19
 2714 02fa 00       		.byte	0
 2715 02fb 00       		.byte	0
 2716 02fc 00       		.byte	0
 2717              		.section	.gnu.debuglto_.debug_line,"e",%progbits
 2718              	.Ldebug_line0:
 2719 0000 A8000000 		.4byte	.LELT0-.LSLT0
 2720              	.LSLT0:
 2721 0004 0500     		.2byte	0x5
 2722 0006 04       		.byte	0x4
 2723 0007 00       		.byte	0
 2724 0008 A0000000 		.4byte	.LELTP0-.LASLTP0
 2725              	.LASLTP0:
 2726 000c 01       		.byte	0x1
 2727 000d 01       		.byte	0x1
 2728 000e 01       		.byte	0x1
 2729 000f F6       		.byte	0xf6
 2730 0010 F2       		.byte	0xf2
 2731 0011 0D       		.byte	0xd
 2732 0012 00       		.byte	0
 2733 0013 01       		.byte	0x1
 2734 0014 01       		.byte	0x1
 2735 0015 01       		.byte	0x1
 2736 0016 01       		.byte	0x1
ARM GAS  /tmp/ccYjAqA9.s 			page 49


 2737 0017 00       		.byte	0
 2738 0018 00       		.byte	0
 2739 0019 00       		.byte	0
 2740 001a 01       		.byte	0x1
 2741 001b 00       		.byte	0
 2742 001c 00       		.byte	0
 2743 001d 01       		.byte	0x1
 2744 001e 01       		.byte	0x1
 2745 001f 01       		.uleb128 0x1
 2746 0020 1F       		.uleb128 0x1f
 2747 0021 08       		.uleb128 0x8
 2748 0022 88000000 		.4byte	.LASF180
 2749 0026 01010000 		.4byte	.LASF181
 2750 002a 83010000 		.4byte	.LASF182
 2751 002e D1020000 		.4byte	.LASF183
 2752 0032 58010000 		.4byte	.LASF184
 2753 0036 60020000 		.4byte	.LASF185
 2754 003a 11000000 		.4byte	.LASF186
 2755 003e E4010000 		.4byte	.LASF187
 2756 0042 02       		.byte	0x2
 2757 0043 01       		.uleb128 0x1
 2758 0044 1F       		.uleb128 0x1f
 2759 0045 02       		.uleb128 0x2
 2760 0046 0B       		.uleb128 0xb
 2761 0047 14       		.uleb128 0x14
 2762 0048 7E020000 		.4byte	.LASF188
 2763 004c 00       		.byte	0
 2764 004d 00000000 		.4byte	.LASF189
 2765 0051 06       		.byte	0x6
 2766 0052 BC010000 		.4byte	.LASF190
 2767 0056 07       		.byte	0x7
 2768 0057 B2010000 		.4byte	.LASF191
 2769 005b 02       		.byte	0x2
 2770 005c B3020000 		.4byte	.LASF192
 2771 0060 04       		.byte	0x4
 2772 0061 D8010000 		.4byte	.LASF193
 2773 0065 04       		.byte	0x4
 2774 0066 57020000 		.4byte	.LASF194
 2775 006a 04       		.byte	0x4
 2776 006b BD020000 		.4byte	.LASF195
 2777 006f 04       		.byte	0x4
 2778 0070 7A010000 		.4byte	.LASF196
 2779 0074 04       		.byte	0x4
 2780 0075 CE010000 		.4byte	.LASF197
 2781 0079 04       		.byte	0x4
 2782 007a C7020000 		.4byte	.LASF198
 2783 007e 04       		.byte	0x4
 2784 007f F0000000 		.4byte	.LASF199
 2785 0083 03       		.byte	0x3
 2786 0084 F9000000 		.4byte	.LASF200
 2787 0088 04       		.byte	0x4
 2788 0089 45010000 		.4byte	.LASF201
 2789 008d 04       		.byte	0x4
 2790 008e 4D010000 		.4byte	.LASF202
 2791 0092 04       		.byte	0x4
 2792 0093 E7000000 		.4byte	.LASF203
 2793 0097 04       		.byte	0x4
ARM GAS  /tmp/ccYjAqA9.s 			page 50


 2794 0098 3A010000 		.4byte	.LASF204
 2795 009c 05       		.byte	0x5
 2796 009d C6010000 		.4byte	.LASF205
 2797 00a1 04       		.byte	0x4
 2798 00a2 A7020000 		.4byte	.LASF206
 2799 00a6 01       		.byte	0x1
 2800 00a7 DB000000 		.4byte	.LASF207
 2801 00ab 04       		.byte	0x4
 2802              	.LELTP0:
 2803              	.LELT0:
 2804              		.section	.gnu.debuglto_.debug_str,"eMS",%progbits,1
 2805              	.LASF118:
 2806 0000 72656164 		.ascii	"ready_list_t\000"
 2806      795F6C69 
 2806      73745F74 
 2806      00
 2807              	.LASF55:
 2808 000d 72666375 		.ascii	"rfcu\000"
 2808      00
 2809              	.LASF109:
 2810 0012 77747472 		.ascii	"wttrp\000"
 2810      7000
 2811              	.LASF72:
 2812 0018 6E657874 		.ascii	"next\000"
 2812      00
 2813              	.LASF81:
 2814 001d 64656C74 		.ascii	"delta\000"
 2814      6100
 2815              	.LASF107:
 2816 0023 7264796D 		.ascii	"rdymsg\000"
 2816      736700
 2817              	.LASF20:
 2818 002a 75696E74 		.ascii	"uint64_t\000"
 2818      36345F74 
 2818      00
 2819              	.LASF122:
 2820 0033 69646C65 		.ascii	"idlethread_base\000"
 2820      74687265 
 2820      61645F62 
 2820      61736500 
 2821              	.LASF6:
 2822 0043 5F5F7569 		.ascii	"__uint8_t\000"
 2822      6E74385F 
 2822      7400
 2823              	.LASF75:
 2824 004d 70726576 		.ascii	"prev\000"
 2824      00
 2825              	.LASF94:
 2826 0052 706F7274 		.ascii	"port_intctx\000"
 2826      5F696E74 
 2826      63747800 
 2827              	.LASF67:
 2828 005e 73797374 		.ascii	"system_debug_t\000"
 2828      656D5F64 
 2828      65627567 
 2828      5F7400
 2829              	.LASF156:
ARM GAS  /tmp/ccYjAqA9.s 			page 51


 2830 006d 63684576 		.ascii	"chEvtSignal\000"
 2830      74536967 
 2830      6E616C00 
 2831              	.LASF86:
 2832 0079 74797065 		.ascii	"type\000"
 2832      00
 2833              	.LASF76:
 2834 007e 63685F70 		.ascii	"ch_priority_queue_t\000"
 2834      72696F72 
 2834      6974795F 
 2834      71756575 
 2834      655F7400 
 2835              	.LASF14:
 2836 0092 6C6F6E67 		.ascii	"long long unsigned int\000"
 2836      206C6F6E 
 2836      6720756E 
 2836      7369676E 
 2836      65642069 
 2837              	.LASF160:
 2838 00a9 63684576 		.ascii	"chEvtAddEvents\000"
 2838      74416464 
 2838      4576656E 
 2838      747300
 2839              	.LASF108:
 2840 00b8 65786974 		.ascii	"exitcode\000"
 2840      636F6465 
 2840      00
 2841              	.LASF57:
 2842 00c1 6D61696E 		.ascii	"mainthread\000"
 2842      74687265 
 2842      616400
 2843              	.LASF110:
 2844 00cc 73656E74 		.ascii	"sentmsg\000"
 2844      6D736700 
 2845              	.LASF100:
 2846 00d4 76697274 		.ascii	"virtual_timers_list_t\000"
 2846      75616C5F 
 2846      74696D65 
 2846      72735F6C 
 2846      6973745F 
 2847              	.LASF145:
 2848 00ea 63684576 		.ascii	"chEvtWaitAnyTimeout\000"
 2848      74576169 
 2848      74416E79 
 2848      54696D65 
 2848      6F757400 
 2849              	.LASF41:
 2850 00fe 72656673 		.ascii	"refs\000"
 2850      00
 2851              	.LASF176:
 2852 0103 63684576 		.ascii	"chEvtAddEventsI\000"
 2852      74416464 
 2852      4576656E 
 2852      74734900 
 2853              	.LASF3:
 2854 0113 7369676E 		.ascii	"signed char\000"
 2854      65642063 
ARM GAS  /tmp/ccYjAqA9.s 			page 52


 2854      68617200 
 2855              	.LASF143:
 2856 011f 63684576 		.ascii	"chEvtWaitAllTimeout\000"
 2856      74576169 
 2856      74416C6C 
 2856      54696D65 
 2856      6F757400 
 2857              	.LASF80:
 2858 0133 63685F64 		.ascii	"ch_delta_list\000"
 2858      656C7461 
 2858      5F6C6973 
 2858      7400
 2859              	.LASF172:
 2860 0141 62617365 		.ascii	"basePri\000"
 2860      50726900 
 2861              	.LASF52:
 2862 0149 76746C69 		.ascii	"vtlist\000"
 2862      737400
 2863              	.LASF170:
 2864 0150 706F7274 		.ascii	"port_unlock\000"
 2864      5F756E6C 
 2864      6F636B00 
 2865              	.LASF39:
 2866 015c 73746174 		.ascii	"state\000"
 2866      6500
 2867              	.LASF10:
 2868 0162 6C6F6E67 		.ascii	"long int\000"
 2868      20696E74 
 2868      00
 2869              	.LASF60:
 2870 016b 63685F72 		.ascii	"ch_rfcu\000"
 2870      66637500 
 2871              	.LASF149:
 2872 0173 63684576 		.ascii	"chEvtWaitAny\000"
 2872      74576169 
 2872      74416E79 
 2872      00
 2873              	.LASF162:
 2874 0180 63684576 		.ascii	"chEvtGetAndClearEvents\000"
 2874      74476574 
 2874      416E6443 
 2874      6C656172 
 2874      4576656E 
 2875              	.LASF74:
 2876 0197 63685F71 		.ascii	"ch_queue\000"
 2876      75657565 
 2876      00
 2877              	.LASF1:
 2878 01a0 6C6F6E67 		.ascii	"long long int\000"
 2878      206C6F6E 
 2878      6720696E 
 2878      7400
 2879              	.LASF135:
 2880 01ae 63685363 		.ascii	"chSchGoSleepTimeoutS\000"
 2880      68476F53 
 2880      6C656570 
 2880      54696D65 
ARM GAS  /tmp/ccYjAqA9.s 			page 53


 2880      6F757453 
 2881              	.LASF17:
 2882 01c3 75696E74 		.ascii	"uint16_t\000"
 2882      31365F74 
 2882      00
 2883              	.LASF79:
 2884 01cc 63685F64 		.ascii	"ch_delta_list_t\000"
 2884      656C7461 
 2884      5F6C6973 
 2884      745F7400 
 2885              	.LASF154:
 2886 01dc 63684576 		.ascii	"chEvtBroadcastFlagsI\000"
 2886      7442726F 
 2886      61646361 
 2886      7374466C 
 2886      61677349 
 2887              	.LASF101:
 2888 01f1 63685F72 		.ascii	"ch_registry\000"
 2888      65676973 
 2888      74727900 
 2889              	.LASF130:
 2890 01fd 77666C61 		.ascii	"wflags\000"
 2890      677300
 2891              	.LASF137:
 2892 0204 63685363 		.ascii	"chSchRescheduleS\000"
 2892      68526573 
 2892      63686564 
 2892      756C6553 
 2892      00
 2893              	.LASF11:
 2894 0215 5F5F7569 		.ascii	"__uint32_t\000"
 2894      6E743332 
 2894      5F7400
 2895              	.LASF24:
 2896 0220 74737461 		.ascii	"tstate_t\000"
 2896      74655F74 
 2896      00
 2897              	.LASF153:
 2898 0229 63684576 		.ascii	"chEvtBroadcastFlags\000"
 2898      7442726F 
 2898      61646361 
 2898      7374466C 
 2898      61677300 
 2899              	.LASF42:
 2900 023d 77616974 		.ascii	"waiting\000"
 2900      696E6700 
 2901              	.LASF28:
 2902 0245 6576656E 		.ascii	"eventid_t\000"
 2902      7469645F 
 2902      7400
 2903              	.LASF120:
 2904 024f 6D61696E 		.ascii	"mainthread_base\000"
 2904      74687265 
 2904      61645F62 
 2904      61736500 
 2905              	.LASF125:
 2906 025f 6D757465 		.ascii	"mutex_t\000"
ARM GAS  /tmp/ccYjAqA9.s 			page 54


 2906      785F7400 
 2907              	.LASF66:
 2908 0267 6C6F636B 		.ascii	"lock_cnt\000"
 2908      5F636E74 
 2908      00
 2909              	.LASF132:
 2910 0270 6576656E 		.ascii	"event_source_t\000"
 2910      745F736F 
 2910      75726365 
 2910      5F7400
 2911              	.LASF69:
 2912 027f 73797369 		.ascii	"sysinterval_t\000"
 2912      6E746572 
 2912      76616C5F 
 2912      7400
 2913              	.LASF133:
 2914 028d 65766861 		.ascii	"evhandler_t\000"
 2914      6E646C65 
 2914      725F7400 
 2915              	.LASF31:
 2916 0299 636E745F 		.ascii	"cnt_t\000"
 2916      7400
 2917              	.LASF43:
 2918 029f 6D736771 		.ascii	"msgqueue\000"
 2918      75657565 
 2918      00
 2919              	.LASF0:
 2920 02a8 756E7369 		.ascii	"unsigned int\000"
 2920      676E6564 
 2920      20696E74 
 2920      00
 2921              	.LASF138:
 2922 02b5 5F5F6462 		.ascii	"__dbg_check_unlock\000"
 2922      675F6368 
 2922      65636B5F 
 2922      756E6C6F 
 2922      636B00
 2923              	.LASF111:
 2924 02c8 77747365 		.ascii	"wtsemp\000"
 2924      6D7000
 2925              	.LASF12:
 2926 02cf 6C6F6E67 		.ascii	"long unsigned int\000"
 2926      20756E73 
 2926      69676E65 
 2926      6420696E 
 2926      7400
 2927              	.LASF34:
 2928 02e1 72717565 		.ascii	"rqueue\000"
 2928      756500
 2929              	.LASF73:
 2930 02e8 63685F71 		.ascii	"ch_queue_t\000"
 2930      75657565 
 2930      5F7400
 2931              	.LASF21:
 2932 02f3 706F7274 		.ascii	"port_stkalign_t\000"
 2932      5F73746B 
 2932      616C6967 
ARM GAS  /tmp/ccYjAqA9.s 			page 55


 2932      6E5F7400 
 2933              	.LASF144:
 2934 0303 74696D65 		.ascii	"timeout\000"
 2934      6F757400 
 2935              	.LASF36:
 2936 030b 6E616D65 		.ascii	"name\000"
 2936      00
 2937              	.LASF102:
 2938 0310 71756575 		.ascii	"queue\000"
 2938      6500
 2939              	.LASF54:
 2940 0316 636F7265 		.ascii	"core_id\000"
 2940      5F696400 
 2941              	.LASF168:
 2942 031e 63684576 		.ascii	"chEvtObjectInit\000"
 2942      744F626A 
 2942      65637449 
 2942      6E697400 
 2943              	.LASF91:
 2944 032e 73697A65 		.ascii	"size\000"
 2944      00
 2945              	.LASF8:
 2946 0333 73686F72 		.ascii	"short unsigned int\000"
 2946      7420756E 
 2946      7369676E 
 2946      65642069 
 2946      6E7400
 2947              	.LASF49:
 2948 0346 63685F74 		.ascii	"ch_thread\000"
 2948      68726561 
 2948      6400
 2949              	.LASF146:
 2950 0350 63757272 		.ascii	"currtp\000"
 2950      747000
 2951              	.LASF30:
 2952 0357 6576656E 		.ascii	"eventflags_t\000"
 2952      74666C61 
 2952      67735F74 
 2952      00
 2953              	.LASF27:
 2954 0364 6D73675F 		.ascii	"msg_t\000"
 2954      7400
 2955              	.LASF44:
 2956 036a 6570656E 		.ascii	"epending\000"
 2956      64696E67 
 2956      00
 2957              	.LASF140:
 2958 0373 63684462 		.ascii	"chDbgCheckClassI\000"
 2958      67436865 
 2958      636B436C 
 2958      61737349 
 2958      00
 2959              	.LASF164:
 2960 0384 63684576 		.ascii	"chEvtUnregister\000"
 2960      74556E72 
 2960      65676973 
 2960      74657200 
ARM GAS  /tmp/ccYjAqA9.s 			page 56


 2961              	.LASF165:
 2962 0394 63684576 		.ascii	"chEvtRegisterMaskWithFlags\000"
 2962      74526567 
 2962      69737465 
 2962      724D6173 
 2962      6B576974 
 2963              	.LASF23:
 2964 03af 746D6F64 		.ascii	"tmode_t\000"
 2964      655F7400 
 2965              	.LASF71:
 2966 03b7 63685F6C 		.ascii	"ch_list\000"
 2966      69737400 
 2967              	.LASF116:
 2968 03bf 63685F72 		.ascii	"ch_ready_list\000"
 2968      65616479 
 2968      5F6C6973 
 2968      7400
 2969              	.LASF29:
 2970 03cd 6576656E 		.ascii	"eventmask_t\000"
 2970      746D6173 
 2970      6B5F7400 
 2971              	.LASF9:
 2972 03d9 5F5F696E 		.ascii	"__int32_t\000"
 2972      7433325F 
 2972      7400
 2973              	.LASF22:
 2974 03e3 73746B61 		.ascii	"stkalign_t\000"
 2974      6C69676E 
 2974      5F7400
 2975              	.LASF87:
 2976 03ee 72747374 		.ascii	"rtstamp\000"
 2976      616D7000 
 2977              	.LASF99:
 2978 03f6 6C617374 		.ascii	"laststamp\000"
 2978      7374616D 
 2978      7000
 2979              	.LASF126:
 2980 0400 6576656E 		.ascii	"event_listener_t\000"
 2980      745F6C69 
 2980      7374656E 
 2980      65725F74 
 2980      00
 2981              	.LASF46:
 2982 0411 7265616C 		.ascii	"realprio\000"
 2982      7072696F 
 2982      00
 2983              	.LASF59:
 2984 041a 72666375 		.ascii	"rfcu_mask_t\000"
 2984      5F6D6173 
 2984      6B5F7400 
 2985              	.LASF104:
 2986 0426 74687265 		.ascii	"thread_reference_t\000"
 2986      61645F72 
 2986      65666572 
 2986      656E6365 
 2986      5F7400
 2987              	.LASF128:
ARM GAS  /tmp/ccYjAqA9.s 			page 57


 2988 0439 6C697374 		.ascii	"listener\000"
 2988      656E6572 
 2988      00
 2989              	.LASF96:
 2990 0442 63685F76 		.ascii	"ch_virtual_timers_list\000"
 2990      69727475 
 2990      616C5F74 
 2990      696D6572 
 2990      735F6C69 
 2991              	.LASF152:
 2992 0459 63684576 		.ascii	"chEvtDispatch\000"
 2992      74446973 
 2992      70617463 
 2992      6800
 2993              	.LASF70:
 2994 0467 63685F6C 		.ascii	"ch_list_t\000"
 2994      6973745F 
 2994      7400
 2995              	.LASF90:
 2996 0471 73757370 		.ascii	"suspended\000"
 2996      656E6465 
 2996      6400
 2997              	.LASF119:
 2998 047b 63685F6F 		.ascii	"ch_os_instance_config\000"
 2998      735F696E 
 2998      7374616E 
 2998      63655F63 
 2998      6F6E6669 
 2999              	.LASF95:
 3000 0491 706F7274 		.ascii	"port_context\000"
 3000      5F636F6E 
 3000      74657874 
 3000      00
 3001              	.LASF88:
 3002 049e 74696D65 		.ascii	"time\000"
 3002      00
 3003              	.LASF148:
 3004 04a3 63684576 		.ascii	"chEvtWaitAll\000"
 3004      74576169 
 3004      74416C6C 
 3004      00
 3005              	.LASF78:
 3006 04b0 7072696F 		.ascii	"prio\000"
 3006      00
 3007              	.LASF167:
 3008 04b5 63684576 		.ascii	"chEvtObjectDispose\000"
 3008      744F626A 
 3008      65637444 
 3008      6973706F 
 3008      736500
 3009              	.LASF117:
 3010 04c8 63757272 		.ascii	"current\000"
 3010      656E7400 
 3011              	.LASF13:
 3012 04d0 5F5F7569 		.ascii	"__uint64_t\000"
 3012      6E743634 
 3012      5F7400
ARM GAS  /tmp/ccYjAqA9.s 			page 58


 3013              	.LASF151:
 3014 04db 68616E64 		.ascii	"handlers\000"
 3014      6C657273 
 3014      00
 3015              	.LASF139:
 3016 04e4 5F5F6462 		.ascii	"__dbg_check_lock\000"
 3016      675F6368 
 3016      65636B5F 
 3016      6C6F636B 
 3016      00
 3017              	.LASF32:
 3018 04f5 636F7265 		.ascii	"core_id_t\000"
 3018      5F69645F 
 3018      7400
 3019              	.LASF25:
 3020 04ff 74726566 		.ascii	"trefs_t\000"
 3020      735F7400 
 3021              	.LASF85:
 3022 0507 75736572 		.ascii	"user\000"
 3022      00
 3023              	.LASF26:
 3024 050c 74707269 		.ascii	"tprio_t\000"
 3024      6F5F7400 
 3025              	.LASF63:
 3026 0514 63685F73 		.ascii	"ch_system_debug\000"
 3026      79737465 
 3026      6D5F6465 
 3026      62756700 
 3027              	.LASF134:
 3028 0524 5F426F6F 		.ascii	"_Bool\000"
 3028      6C00
 3029              	.LASF18:
 3030 052a 696E7433 		.ascii	"int32_t\000"
 3030      325F7400 
 3031              	.LASF4:
 3032 0532 756E7369 		.ascii	"unsigned char\000"
 3032      676E6564 
 3032      20636861 
 3032      7200
 3033              	.LASF150:
 3034 0540 63684576 		.ascii	"chEvtWaitOne\000"
 3034      74576169 
 3034      744F6E65 
 3034      00
 3035              	.LASF166:
 3036 054d 63684576 		.ascii	"chEvtRegisterMaskWithFlagsI\000"
 3036      74526567 
 3036      69737465 
 3036      724D6173 
 3036      6B576974 
 3037              	.LASF158:
 3038 0569 63684576 		.ascii	"chEvtGetAndClearFlags\000"
 3038      74476574 
 3038      416E6443 
 3038      6C656172 
 3038      466C6167 
 3039              	.LASF62:
ARM GAS  /tmp/ccYjAqA9.s 			page 59


 3040 057f 72666375 		.ascii	"rfcu_t\000"
 3040      5F7400
 3041              	.LASF5:
 3042 0586 73686F72 		.ascii	"short int\000"
 3042      7420696E 
 3042      7400
 3043              	.LASF98:
 3044 0590 6C617374 		.ascii	"lasttime\000"
 3044      74696D65 
 3044      00
 3045              	.LASF84:
 3046 0599 68616C74 		.ascii	"halt\000"
 3046      00
 3047              	.LASF93:
 3048 059e 74726163 		.ascii	"trace_buffer_t\000"
 3048      655F6275 
 3048      66666572 
 3048      5F7400
 3049              	.LASF159:
 3050 05ad 63684576 		.ascii	"chEvtGetAndClearFlagsI\000"
 3050      74476574 
 3050      416E6443 
 3050      6C656172 
 3050      466C6167 
 3051              	.LASF113:
 3052 05c4 65776D61 		.ascii	"ewmask\000"
 3052      736B00
 3053              	.LASF155:
 3054 05cb 5F5F6675 		.ascii	"__func__\000"
 3054      6E635F5F 
 3054      00
 3055              	.LASF169:
 3056 05d4 63685379 		.ascii	"chSysLock\000"
 3056      734C6F63 
 3056      6B00
 3057              	.LASF83:
 3058 05de 72656173 		.ascii	"reason\000"
 3058      6F6E00
 3059              	.LASF114:
 3060 05e5 63685F73 		.ascii	"ch_semaphore\000"
 3060      656D6170 
 3060      686F7265 
 3060      00
 3061              	.LASF141:
 3062 05f2 63685363 		.ascii	"chSchGoSleepS\000"
 3062      68476F53 
 3062      6C656570 
 3062      5300
 3063              	.LASF103:
 3064 0600 72656769 		.ascii	"registry_t\000"
 3064      73747279 
 3064      5F7400
 3065              	.LASF129:
 3066 060b 6576656E 		.ascii	"events\000"
 3066      747300
 3067              	.LASF19:
 3068 0612 75696E74 		.ascii	"uint32_t\000"
ARM GAS  /tmp/ccYjAqA9.s 			page 60


 3068      33325F74 
 3068      00
 3069              	.LASF112:
 3070 061b 77746D74 		.ascii	"wtmtxp\000"
 3070      787000
 3071              	.LASF136:
 3072 0622 63685363 		.ascii	"chSchReadyI\000"
 3072      68526561 
 3072      64794900 
 3073              	.LASF35:
 3074 062e 6F776E65 		.ascii	"owner\000"
 3074      7200
 3075              	.LASF2:
 3076 0634 6C6F6E67 		.ascii	"long double\000"
 3076      20646F75 
 3076      626C6500 
 3077              	.LASF37:
 3078 0640 77616261 		.ascii	"wabase\000"
 3078      736500
 3079              	.LASF15:
 3080 0647 63686172 		.ascii	"char\000"
 3080      00
 3081              	.LASF56:
 3082 064c 636F6E66 		.ascii	"config\000"
 3082      696700
 3083              	.LASF7:
 3084 0653 5F5F7569 		.ascii	"__uint16_t\000"
 3084      6E743136 
 3084      5F7400
 3085              	.LASF173:
 3086 065e 474E5520 		.ascii	"GNU C17 11.3.1 20220712 -mcpu=cortex-m4 -mthumb -mf"
 3086      43313720 
 3086      31312E33 
 3086      2E312032 
 3086      30323230 
 3087 0691 6C6F6174 		.ascii	"loat-abi=soft -march=armv7e-m -ggdb -O2 -fomit-fram"
 3087      2D616269 
 3087      3D736F66 
 3087      74202D6D 
 3087      61726368 
 3088 06c4 652D706F 		.ascii	"e-pointer -falign-functions=16 -ffunction-sections "
 3088      696E7465 
 3088      72202D66 
 3088      616C6967 
 3088      6E2D6675 
 3089 06f7 2D666461 		.ascii	"-fdata-sections -fno-common -flto\000"
 3089      74612D73 
 3089      65637469 
 3089      6F6E7320 
 3089      2D666E6F 
 3090              	.LASF33:
 3091 0719 74687265 		.ascii	"thread_t\000"
 3091      61645F74 
 3091      00
 3092              	.LASF97:
 3093 0722 646C6973 		.ascii	"dlist\000"
 3093      7400
ARM GAS  /tmp/ccYjAqA9.s 			page 61


 3094              	.LASF68:
 3095 0728 73797374 		.ascii	"systime_t\000"
 3095      696D655F 
 3095      7400
 3096              	.LASF92:
 3097 0732 62756666 		.ascii	"buffer\000"
 3097      657200
 3098              	.LASF179:
 3099 0739 5F5F7365 		.ascii	"__set_BASEPRI\000"
 3099      745F4241 
 3099      53455052 
 3099      4900
 3100              	.LASF64:
 3101 0747 70616E69 		.ascii	"panic_msg\000"
 3101      635F6D73 
 3101      6700
 3102              	.LASF106:
 3103 0751 70717565 		.ascii	"pqueue\000"
 3103      756500
 3104              	.LASF50:
 3105 0758 63685F6F 		.ascii	"ch_os_instance\000"
 3105      735F696E 
 3105      7374616E 
 3105      636500
 3106              	.LASF89:
 3107 0767 74726163 		.ascii	"trace_event_t\000"
 3107      655F6576 
 3107      656E745F 
 3107      7400
 3108              	.LASF48:
 3109 0775 6F735F69 		.ascii	"os_instance_t\000"
 3109      6E737461 
 3109      6E63655F 
 3109      7400
 3110              	.LASF53:
 3111 0783 7265676C 		.ascii	"reglist\000"
 3111      69737400 
 3112              	.LASF174:
 3113 078b 2E2E2F2E 		.ascii	"../../chibios_trunk/os/rt/src/chevents.c\000"
 3113      2E2F6368 
 3113      6962696F 
 3113      735F7472 
 3113      756E6B2F 
 3114              	.LASF77:
 3115 07b4 63685F70 		.ascii	"ch_priority_queue\000"
 3115      72696F72 
 3115      6974795F 
 3115      71756575 
 3115      6500
 3116              	.LASF121:
 3117 07c6 6D61696E 		.ascii	"mainthread_end\000"
 3117      74687265 
 3117      61645F65 
 3117      6E6400
 3118              	.LASF175:
 3119 07d5 2F686F6D 		.ascii	"/home/rob/Projects/ChibiStudio/ChibiStudio_23/works"
 3119      652F726F 
ARM GAS  /tmp/ccYjAqA9.s 			page 62


 3119      622F5072 
 3119      6F6A6563 
 3119      74732F43 
 3120 0808 70616365 		.ascii	"pace_trunk/STM32_GPIB_firmware/\000"
 3120      5F747275 
 3120      6E6B2F53 
 3120      544D3332 
 3120      5F475049 
 3121              	.LASF47:
 3122 0828 6D706F6F 		.ascii	"mpool\000"
 3122      6C00
 3123              	.LASF124:
 3124 082e 6F735F69 		.ascii	"os_instance_config_t\000"
 3124      6E737461 
 3124      6E63655F 
 3124      636F6E66 
 3124      69675F74 
 3125              	.LASF142:
 3126 0843 63685379 		.ascii	"chSysHalt\000"
 3126      7348616C 
 3126      7400
 3127              	.LASF115:
 3128 084d 63685F6D 		.ascii	"ch_mutex\000"
 3128      75746578 
 3128      00
 3129              	.LASF61:
 3130 0856 6D61736B 		.ascii	"mask\000"
 3130      00
 3131              	.LASF65:
 3132 085b 6973725F 		.ascii	"isr_cnt\000"
 3132      636E7400 
 3133              	.LASF38:
 3134 0863 7761656E 		.ascii	"waend\000"
 3134      6400
 3135              	.LASF51:
 3136 0869 726C6973 		.ascii	"rlist\000"
 3136      7400
 3137              	.LASF131:
 3138 086f 6576656E 		.ascii	"event_source\000"
 3138      745F736F 
 3138      75726365 
 3138      00
 3139              	.LASF177:
 3140 087c 63685468 		.ascii	"chThdGetSelfX\000"
 3140      64476574 
 3140      53656C66 
 3140      5800
 3141              	.LASF16:
 3142 088a 75696E74 		.ascii	"uint8_t\000"
 3142      385F7400 
 3143              	.LASF40:
 3144 0892 666C6167 		.ascii	"flags\000"
 3144      7300
 3145              	.LASF147:
 3146 0898 63684576 		.ascii	"chEvtWaitOneTimeout\000"
 3146      74576169 
 3146      744F6E65 
ARM GAS  /tmp/ccYjAqA9.s 			page 63


 3146      54696D65 
 3146      6F757400 
 3147              	.LASF82:
 3148 08ac 77746F62 		.ascii	"wtobjp\000"
 3148      6A7000
 3149              	.LASF163:
 3150 08b3 63684576 		.ascii	"chEvtGetAndClearEventsI\000"
 3150      74476574 
 3150      416E6443 
 3150      6C656172 
 3150      4576656E 
 3151              	.LASF58:
 3152 08cb 74726163 		.ascii	"trace_buffer\000"
 3152      655F6275 
 3152      66666572 
 3152      00
 3153              	.LASF178:
 3154 08d8 63685379 		.ascii	"chSysUnlock\000"
 3154      73556E6C 
 3154      6F636B00 
 3155              	.LASF161:
 3156 08e4 6E657765 		.ascii	"newevt\000"
 3156      767400
 3157              	.LASF105:
 3158 08eb 6C697374 		.ascii	"list\000"
 3158      00
 3159              	.LASF171:
 3160 08f0 706F7274 		.ascii	"port_lock\000"
 3160      5F6C6F63 
 3160      6B00
 3161              	.LASF123:
 3162 08fa 69646C65 		.ascii	"idlethread_end\000"
 3162      74687265 
 3162      61645F65 
 3162      6E6400
 3163              	.LASF45:
 3164 0909 6D74786C 		.ascii	"mtxlist\000"
 3164      69737400 
 3165              	.LASF127:
 3166 0911 6576656E 		.ascii	"event_listener\000"
 3166      745F6C69 
 3166      7374656E 
 3166      657200
 3167              	.LASF157:
 3168 0920 63684576 		.ascii	"chEvtSignalI\000"
 3168      74536967 
 3168      6E616C49 
 3168      00
 3169              		.section	.gnu.debuglto_.debug_line_str,"eMS",%progbits,1
 3170              	.LASF189:
 3171 0000 5F646566 		.ascii	"_default_types.h\000"
 3171      61756C74 
 3171      5F747970 
 3171      65732E68 
 3171      00
 3172              	.LASF186:
 3173 0011 2F686F6D 		.ascii	"/home/rob/Projects/ChibiStudio/ChibiStudio_23/tools"
ARM GAS  /tmp/ccYjAqA9.s 			page 64


 3173      652F726F 
 3173      622F5072 
 3173      6F6A6563 
 3173      74732F43 
 3174 0044 2F474E55 		.ascii	"/GNU Tools ARM Embedded/11.3.1 2022q3/arm-none-eabi"
 3174      20546F6F 
 3174      6C732041 
 3174      524D2045 
 3174      6D626564 
 3175 0077 2F696E63 		.ascii	"/include/machine\000"
 3175      6C756465 
 3175      2F6D6163 
 3175      68696E65 
 3175      00
 3176              	.LASF180:
 3177 0088 2F686F6D 		.ascii	"/home/rob/Projects/ChibiStudio/ChibiStudio_23/works"
 3177      652F726F 
 3177      622F5072 
 3177      6F6A6563 
 3177      74732F43 
 3178 00bb 70616365 		.ascii	"pace_trunk/STM32_GPIB_firmware/\000"
 3178      5F747275 
 3178      6E6B2F53 
 3178      544D3332 
 3178      5F475049 
 3179              	.LASF207:
 3180 00db 63687468 		.ascii	"chthreads.h\000"
 3180      72656164 
 3180      732E6800 
 3181              	.LASF203:
 3182 00e7 63687363 		.ascii	"chschd.h\000"
 3182      68642E68 
 3182      00
 3183              	.LASF199:
 3184 00f0 6368636F 		.ascii	"chcore.h\000"
 3184      72652E68 
 3184      00
 3185              	.LASF200:
 3186 00f9 63687365 		.ascii	"chsem.h\000"
 3186      6D2E6800 
 3187              	.LASF181:
 3188 0101 2E2E2F2E 		.ascii	"../../chibios_trunk/os/common/ext/ARM/CMSIS/Core/In"
 3188      2E2F6368 
 3188      6962696F 
 3188      735F7472 
 3188      756E6B2F 
 3189 0134 636C7564 		.ascii	"clude\000"
 3189      6500
 3190              	.LASF204:
 3191 013a 63686576 		.ascii	"chevents.c\000"
 3191      656E7473 
 3191      2E6300
 3192              	.LASF201:
 3193 0145 63686D74 		.ascii	"chmtx.h\000"
 3193      782E6800 
 3194              	.LASF202:
 3195 014d 63686576 		.ascii	"chevents.h\000"
ARM GAS  /tmp/ccYjAqA9.s 			page 65


 3195      656E7473 
 3195      2E6800
 3196              	.LASF184:
 3197 0158 2E2E2F2E 		.ascii	"../../chibios_trunk/os/rt/include\000"
 3197      2E2F6368 
 3197      6962696F 
 3197      735F7472 
 3197      756E6B2F 
 3198              	.LASF196:
 3199 017a 63687469 		.ascii	"chtime.h\000"
 3199      6D652E68 
 3199      00
 3200              	.LASF182:
 3201 0183 2E2E2F2E 		.ascii	"../../chibios_trunk/os/common/ports/ARM-common\000"
 3201      2E2F6368 
 3201      6962696F 
 3201      735F7472 
 3201      756E6B2F 
 3202              	.LASF191:
 3203 01b2 63687479 		.ascii	"chtypes.h\000"
 3203      7065732E 
 3203      6800
 3204              	.LASF190:
 3205 01bc 5F737464 		.ascii	"_stdint.h\000"
 3205      696E742E 
 3205      6800
 3206              	.LASF205:
 3207 01c6 63687379 		.ascii	"chsys.h\000"
 3207      732E6800 
 3208              	.LASF197:
 3209 01ce 63686C69 		.ascii	"chlists.h\000"
 3209      7374732E 
 3209      6800
 3210              	.LASF193:
 3211 01d8 63686F62 		.ascii	"chobjects.h\000"
 3211      6A656374 
 3211      732E6800 
 3212              	.LASF187:
 3213 01e4 2F686F6D 		.ascii	"/home/rob/Projects/ChibiStudio/ChibiStudio_23/tools"
 3213      652F726F 
 3213      622F5072 
 3213      6F6A6563 
 3213      74732F43 
 3214 0217 2F474E55 		.ascii	"/GNU Tools ARM Embedded/11.3.1 2022q3/arm-none-eabi"
 3214      20546F6F 
 3214      6C732041 
 3214      524D2045 
 3214      6D626564 
 3215 024a 2F696E63 		.ascii	"/include/sys\000"
 3215      6C756465 
 3215      2F737973 
 3215      00
 3216              	.LASF194:
 3217 0257 63687266 		.ascii	"chrfcu.h\000"
 3217      63752E68 
 3217      00
 3218              	.LASF185:
ARM GAS  /tmp/ccYjAqA9.s 			page 66


 3219 0260 2E2E2F2E 		.ascii	"../../chibios_trunk/os/rt/src\000"
 3219      2E2F6368 
 3219      6962696F 
 3219      735F7472 
 3219      756E6B2F 
 3220              	.LASF188:
 3221 027e 2E2E2F2E 		.ascii	"../../chibios_trunk/os/rt/src/chevents.c\000"
 3221      2E2F6368 
 3221      6962696F 
 3221      735F7472 
 3221      756E6B2F 
 3222              	.LASF206:
 3223 02a7 636D7369 		.ascii	"cmsis_gcc.h\000"
 3223      735F6763 
 3223      632E6800 
 3224              	.LASF192:
 3225 02b3 63686561 		.ascii	"chearly.h\000"
 3225      726C792E 
 3225      6800
 3226              	.LASF195:
 3227 02bd 63686465 		.ascii	"chdebug.h\000"
 3227      6275672E 
 3227      6800
 3228              	.LASF198:
 3229 02c7 63687472 		.ascii	"chtrace.h\000"
 3229      6163652E 
 3229      6800
 3230              	.LASF183:
 3231 02d1 2E2E2F2E 		.ascii	"../../chibios_trunk/os/common/ports/ARMv7-M\000"
 3231      2E2F6368 
 3231      6962696F 
 3231      735F7472 
 3231      756E6B2F 
 3232              		.text
 3233              		.section	.gnu.lto_.profile.20964d410ae452ff,"e",%progbits
 3234 0000 789C6361 		.ascii	"x\234ca\000\002F)\006\000\000_\000 "
 3234      00024629 
 3234      0600005F 
 3234      0020
 3235              		.text
 3236              		.section	.gnu.lto_.icf.20964d410ae452ff,"e",%progbits
 3237 0000 789C1364 		.ascii	"x\234\023db\200\003E\206\213w[?pp010121\00113\023\013"
 3237      62800345 
 3237      868B775B 
 3237      3F707030 
 3237      31303132 
 3238 001a 132B131B 		.ascii	"\023+\023\033\323\332\216\256s\334\314K\347\034\320"
 3238      D3DA8EAE 
 3238      73DCCC4B 
 3238      E71CD0
 3239 0029 63626267 		.ascii	"cbbg\342`Y3\343\2071\353\261\216\327oX\300|\266s\353"
 3239      E2605933 
 3239      E38731EB 
 3239      B18ED76F 
 3239      58C07CB6 
 3240 003f 3BF6B2B1 		.ascii	";\366\262\261_o8q\231U\000\254\021(\010\304\234`\232"
 3240      5F6F3871 
ARM GAS  /tmp/ccYjAqA9.s 			page 67


 3240      995500AC 
 3240      112808C4 
 3240      9C609A
 3241 0052 0948B322 		.ascii	"\011H\263\"0\307\2077?\247pp\356[vw\026/\003\327\314"
 3241      30C78737 
 3241      3FA77070 
 3241      EE5B7677 
 3241      162F03D7 
 3242 0067 E619AD8C 		.ascii	"\346\031\255\214lP\265`\314=\341\336\361/\034<]\213"
 3242      6C50B560 
 3242      CC3DE1DE 
 3242      F12F1C3C 
 3242      5D8B
 3243 0079 3E3470B2 		.ascii	">4p\262\201\015c\005\273\202\205\367\344\3027\337\270"
 3243      810D6305 
 3243      BB8285F7 
 3243      E4C237DF 
 3243      B8
 3244 008a 18F8E6F5 		.ascii	"\030\370\346\365\334[\303\205\"\303?\353g\343\026~6"
 3244      DC5BC385 
 3244      22C33FEB 
 3244      67E3167E 
 3244      36
 3245 009b 645B045E 		.ascii	"d[\004^\237j\277\313#\270\347\336\242\271l(\022B\237"
 3245      9F6ABFCB 
 3245      23B8E7DE 
 3245      A2B96C28 
 3245      12429F
 3246 00ae 576FDEC6 		.ascii	"Wo\336\306)\274\350\344\376\036>\036\230\001L\\@\314"
 3246      29BCE8E4 
 3246      FE1E3E1E 
 3246      98014C5C 
 3246      40CC
 3247 00c0 8DC0227B 		.ascii	"\215\300\"{>\2359\303%\372\376\371\245E,\014boZ\237"
 3247      3E9D39C3 
 3247      25FAFEF9 
 3247      A5452C0C 
 3247      626F5A9F 
 3248 00d4 1C6115BF 		.ascii	"\034a\025\277\263\366\275\006\037\330CH\246\301=\007"
 3248      B3F6BD06 
 3248      1FD84348 
 3248      A6C13D07 
 3249 00e4 74B8C4A4 		.ascii	"t\270\304\244\237/\366\262H\036x\3762\203A\252c\343"
 3249      9F2FF6B2 
 3249      481E78FE 
 3249      328341AA 
 3249      63E3
 3250 00f6 946DFC2C 		.ascii	"\224m\374,L<\020(\275\250g\353\022>\231{\317\326\376"
 3250      4C3C1028 
 3250      BDA867EB 
 3250      123E997B 
 3250      CFD6FE
 3251 0109 64E581BB 		.ascii	"d\345\201\273\234\033j9\024\313\236\356\270\371\235"
 3251      9C1B6A39 
 3251      14CB9EEE 
 3251      B8F99D
 3252 0118 07A7B4DC 		.ascii	"\007\247\264\334\365\226C\327\330\270\260I\313\377\234"
ARM GAS  /tmp/ccYjAqA9.s 			page 68


 3252      F59643D7 
 3252      D8B8B049 
 3252      CBFF9C
 3253 0127 B1621613 		.ascii	"\261b\026\023N\235\012\317'\037\326\306)\253\3308\177"
 3253      4E9D0ACF 
 3253      271FD6C6 
 3253      29ABD838 
 3253      7F
 3254 0138 F11E2EAC 		.ascii	"\361\036.\254\3462\000\000&\031g\023"
 3254      E6320000 
 3254      26196713 
 3255              		.text
 3256              		.section	.gnu.lto_.ipa_sra.20964d410ae452ff,"e",%progbits
 3257 0000 789C7D50 		.ascii	"x\234}P\011\012\0021\014\234\311VV\305\003YT\024\317"
 3257      090A0231 
 3257      0C9CC956 
 3257      56C50359 
 3257      5414CF
 3258 0013 9FEA33FD 		.ascii	"\237\3523\375\215Mz\305\025\266\320fr\314$\351\207\250"
 3258      8D4D7AC5 
 3258      15B6D066 
 3258      72CC24E9 
 3258      87A8
 3259 0025 E70010C9 		.ascii	"\347\000\020\311gg\326\334\231BF(\255\326\341>`t\252"
 3259      6767D6DC 
 3259      99424628 
 3259      ADD6E13E 
 3259      6074AA
 3260 0038 C822608E 		.ascii	"\310\"`\216\336.PT\002_\221\301\267>\242\235\214\260"
 3260      DE2E5054 
 3260      025F91C1 
 3260      B73EA29D 
 3260      8CB0
 3261 004a 14CFCE0A 		.ascii	"\024\317\316\012+{;pm\344\010\250@\300M\311\200\333"
 3261      2B7B3B70 
 3261      6DE408A8 
 3261      40C04DC9 
 3261      80DB
 3262 005c 0A63C9AE 		.ascii	"\012c\311\256\305504U\246\266\251l/n ]\306r\314\315"
 3262      C5353034 
 3262      55A6B6A9 
 3262      6C2F6E20 
 3262      5DC672CC 
 3263 0071 DB6EC7D1 		.ascii	"\333n\307\321T\321\236\244\354\363O=\377\224[\207\364"
 3263      54D19EA4 
 3263      ECF34F3D 
 3263      FF945B87 
 3263      F4
 3264 0082 8D173FD6 		.ascii	"\215\027?\326\325;7\357\334+\337\002\222\006\317z\217"
 3264      D53B37EF 
 3264      DC2BDF02 
 3264      9206CF7A 
 3264      8F
 3265 0093 A9E4732A 		.ascii	"\251\344s*\211/\223\270\006\015"
 3265      892F93B8 
 3265      060D
 3266              		.text
ARM GAS  /tmp/ccYjAqA9.s 			page 69


 3267              		.section	.gnu.lto_.inline.20964d410ae452ff,"e",%progbits
 3268 0000 789CAD55 		.ascii	"x\234\255U[KTQ\024^{\355=\367\253\343d5\251M\177\250"
 3268      5B4B5451 
 3268      145E7BED 
 3268      3DF7ABE3 
 3268      6435A94D 
 3269 0016 E75E6BAE 		.ascii	"\347^k\256\366V\277\340(Yd\302\370\020:J\214V\216\004"
 3269      F656BFE0 
 3269      285964C2 
 3269      F8103A4A 
 3269      8C568E04 
 3270 002a D14CA24C 		.ascii	"\321L\242LDEV\242P\2020\017\205\026\250\021\032D\341"
 3270      444556A2 
 3270      5082300F 
 3270      8516A811 
 3270      1A44E1
 3271 003d 43C85023 		.ascii	"C\310P#\264\366>g\256\235\243\0234g8g\337\326\367}\353"
 3271      B4F63E67 
 3271      AE9DA313 
 3271      34673867 
 3271      DFD6F77D 
 3272 0052 DB6B9F73 		.ascii	"\333k\237s\301\001\365_\017@\340\373\375\235\233\230"
 3272      C101F55F 
 3272      0F40E0FB 
 3272      FD9D9B98 
 3273 0062 6280A121 		.ascii	"b\200\241!M\233\301\004\200}P\3234\214#\240\\\203\036"
 3273      4D9BC104 
 3273      807D50D3 
 3273      348C23A0 
 3273      5C831E
 3274 0075 BA31BA54 		.ascii	"\2721\272Tg\354<\2644\231[\26698\327'\027\256\363\004"
 3274      67EC3CB4 
 3274      34995BB6 
 3274      3938D727 
 3274      17AEF304 
 3275 0089 A385E894 		.ascii	"\243\205\350\224#L\223 \227\000\034\364\\\322\321\204"
 3275      234C9320 
 3275      97001CF4 
 3275      5CD2D184 
 3276 0099 1A8B83B0 		.ascii	"\032\213\203\260\300\265\201\227`\3460\331\200\261\351"
 3276      C0B58197 
 3276      60E630D9 
 3276      80B1E9
 3277 00a8 D1FF0463 		.ascii	"\321\377\004c2\344\200\320\304\247\\\216\247\030\032"
 3277      32E480D0 
 3277      C4A75C8E 
 3277      A7181A
 3278 00b7 C88CA18B 		.ascii	"\310\214\241\213\036\3025hd\355\243\364\2671\321J \262"
 3278      1EC23568 
 3278      64EDA3F4 
 3278      B731D14A 
 3278      20B2
 3279 00c9 0BBB6B3C 		.ascii	"\013\273k<\006\316N\235p\201\207b\037`\232\014E\005"
 3279      06CE4E9D 
 3279      70818762 
 3279      1F609A0C 
 3279      4505
ARM GAS  /tmp/ccYjAqA9.s 			page 70


 3280 00db 132343B5 		.ascii	"\023#C\265fC\365\2056\277d\247\310\372_\037wCw~%_\300"
 3280      6643F585 
 3280      36BF64A7 
 3280      C8FA5F1F 
 3280      7743777E 
 3281 00f2 81BF9406 		.ascii	"\201\277\224\006F\016_\377\3064YQ\032\037\235n\267B"
 3281      460E5FFF 
 3281      C6345951 
 3281      1A1F9D6E 
 3281      B742
 3282 0104 4C3529D5 		.ascii	"L5)\325\241\364\373\321\252\275\340\326\244\001)e\271"
 3282      A1F4FBD1 
 3282      AABDE0D6 
 3282      A4012965 
 3282      B9
 3283 0115 4F5AEE56 		.ascii	"OZ\356VN'Zd\327R\021\015\\\037\270h,{|\246\334+\233"
 3283      4E275A64 
 3283      D752110D 
 3283      5C1FB868 
 3283      2C7B7CA6 
 3284 012c F504FD8A 		.ascii	"\365\004\375\212\3611\227%gF\325&?\000\336\305\335\265"
 3284      F1319725 
 3284      6746D526 
 3284      3F00DEC5 
 3284      DDB5
 3285 013e 7943A0AB 		.ascii	"yC\240\253\245&\244\200%\336QM\350`]\340'\260\035\336"
 3285      A526A480 
 3285      25DE514D 
 3285      E8605DE0 
 3285      27B01DDE 
 3286 0152 04E6D031 		.ascii	"\004\346\3201\254\301\216\361\262\033\316\274y1\274"
 3286      ACC18EF1 
 3286      B21BCEBC 
 3286      7931BC
 3287 0161 6A40CA08 		.ascii	"j@\312\010\336\273\265\177#\203I\000\357\306\346\267"
 3287      DEBBB57F 
 3287      23834900 
 3287      EFC6E6B7 
 3288 0171 8AA53E0A 		.ascii	"\212\245>\012\267\024z\002\374\264\237\032O7P\315<\266"
 3288      B7147A02 
 3288      FCB49F1A 
 3288      4F3750CD 
 3288      3CB6
 3289 0183 14AA3CC7 		.ascii	"\024\252<\307\346\2722\241:\011\221\275\207\357\367"
 3289      E6BA32A1 
 3289      3A0991BD 
 3289      87EFF7
 3290 0192 F03213EC 		.ascii	"\3602\023\354\012\372\35519\311\256\242\237\225T\253"
 3290      0AFAED31 
 3290      39C9AEA2 
 3290      9F9554AB 
 3291 01a2 567DB252 		.ascii	"V}\262Rm]\237?>\375\301\323\246\0071\010\342m\341\347"
 3291      6D5D9F3F 
 3291      3EFDC1D3 
 3291      A6073108 
 3291      E26DE1E7 
 3292 01b6 10A6200A 		.ascii	"\020\246 \012\316\334\255\312&\246\234z!r/\253\353\260"
ARM GAS  /tmp/ccYjAqA9.s 			page 71


 3292      CEDCADCA 
 3292      26A69C7A 
 3292      21722FAB 
 3292      EBB0
 3293 01c8 4CF6B4AA 		.ascii	"L\366\264\252\210\257\307W\222Un\021\350\033_/\227)"
 3293      88AFC757 
 3293      92556E11 
 3293      E81B5F2F 
 3293      9729
 3294 01da 11E9969C 		.ascii	"\021\351\226\234\346\321\352\275\211*\016X\273\205\036"
 3294      E6D1EABD 
 3294      892A0E58 
 3294      BB851E
 3295 01e9 66A86147 		.ascii	"f\250aG\2747D\220\351;\325\013=\345\375_\213Jc\177f"
 3295      BC374490 
 3295      E93BD50B 
 3295      3DE5FD5F 
 3295      8B4A637F 
 3296 01fe F8C3344F 		.ascii	"\370\3034O\232k4@\214^\037\204)lV\205E(l\013;\012\353"
 3296      9A6B3440 
 3296      8C5E1F84 
 3296      296C5685 
 3296      45286C0B 
 3297 0215 87D041F1 		.ascii	"\207\320A\361\240\200\351\306\251\014\037f\312\305\266"
 3297      A080E9C6 
 3297      A90C1F66 
 3297      CAC5B6
 3298 0224 689353D9 		.ascii	"h\223S\331\212s\026\372\363\343w\336\021\016\247\035"
 3298      8A7316FA 
 3298      F3E377DE 
 3298      110EA71D 
 3299 0234 0ED82F1A 		.ascii	"\016\330/\032;\034`O\230\332\332\000\365\305\251\261"
 3299      3B1C604F 
 3299      98DADA00 
 3299      F5C5A9B1 
 3300 0244 95E55505 		.ascii	"\225\345U\005\335x\361\213yRK\320Ap\027\252\327F0\356"
 3300      DD78F18B 
 3300      79524BD0 
 3300      417017AA 
 3300      D74630EE 
 3301 0258 6C7FB350 		.ascii	"l\177\263PW\370\344\203\2620vB\324\346\243\320\233y"
 3301      57F8E483 
 3301      B2307642 
 3301      D4E6A3D0 
 3301      9B79
 3302 026a 76F0B2C6 		.ascii	"v\360\262\306\253\263\265\323\206K\033\217\246\376+"
 3302      ABB3B5D3 
 3302      864B1B8F 
 3302      A6FE2B
 3303 0279 ED39883C 		.ascii	"\3559\210<\237\253,\023\255\260\2445\374\264\205\356"
 3303      9FAB2C13 
 3303      ADB0A435 
 3303      FCB485EE 
 3304 0289 8E7EA9F2 		.ascii	"\216~\251\362\326\257\235\330~U\314r\311n\237\334\235"
 3304      D6AF9DD8 
 3304      7E55CC72 
 3304      C96E9FDC 
ARM GAS  /tmp/ccYjAqA9.s 			page 72


 3304      9D
 3305 029a BDCD6392 		.ascii	"\275\315c\222\0357f\266\327\350C\026\355\\\007\374\001"
 3305      1D3766B6 
 3305      D7E84316 
 3305      ED5C07FC 
 3305      01
 3306 02ab C8103187 		.ascii	"\310\0201\207"
 3307              		.text
 3308              		.section	.gnu.lto_.jmpfuncs.20964d410ae452ff,"e",%progbits
 3309 0000 789CB554 		.ascii	"x\234\265TmN\3030\014\365sC\277\266\266\214\261\215"
 3309      6D4EC330 
 3309      0CF57343 
 3309      BFB6B68C 
 3309      B18D
 3310 0012 0D06E307 		.ascii	"\015\006\343\007g\331)v\226\334\212\017\011$\016\206"
 3310      67D92976 
 3310      96DC8A0F 
 3310      09240E86 
 3311 0022 549CA40A 		.ascii	"T\234\244\012]\333\037%\325*Ym\374\354g?'\315KL\376"
 3311      5DDB1F25 
 3311      D52A596D 
 3311      FCEC673F 
 3311      27CD4B4C 
 3312 0037 598B71C4 		.ascii	"Y\213q\304\327\204o\005\022\373\251\353\272\002\307"
 3312      D7846F05 
 3312      12FBA9EB 
 3312      BA02C7
 3313 0046 2740AC36 		.ascii	"'@\2546+E\036\205 \011H\014\214wx?\321y\220`\370\350"
 3313      2B451E85 
 3313      2009480C 
 3313      8C77783F 
 3313      D1799060 
 3314 005c 86502490 		.ascii	"\206P$\220\346T\352\335t\353\341\025x\303\010\222+\317"
 3314      E654EADD 
 3314      74EBE115 
 3314      78C30892 
 3314      2BCF
 3315 006e B10CE698 		.ascii	"\261\014\346\230\224\234\030\010\225\364\2409\323\\"
 3315      949C1808 
 3315      95F4A039 
 3315      D35C
 3316 007c 682E85EF 		.ascii	"h.\205\3576\230o\314\3402W\023\234\2023p\001.)U\232"
 3316      36986FCC 
 3316      E0325713 
 3316      9C823370 
 3316      012E2955 
 3317 0091 FE52ED46 		.ascii	"\376R\355F\221\322\350\273\270\357\212\272.\312\031"
 3317      91D2E8BB 
 3317      B8EF8ABA 
 3317      2ECA19
 3318 00a0 889C263B 		.ascii	"\210\234&;\237\325%\365\314\355\036\026T\030U\362\346"
 3318      9FD525F5 
 3318      CCED1E16 
 3318      541855F2 
 3318      E6
 3319 00b1 01295436 		.ascii	"\001)T6AT\331\217L\232Z\0077E\013Gb\265m\202i\226nJ"
 3319      4154D98F 
ARM GAS  /tmp/ccYjAqA9.s 			page 73


 3319      4C9A5A07 
 3319      37450B47 
 3319      62B56D82 
 3320 00c9 32D362A8 		.ascii	"2\323b\250g\341\276\013oq\325\220\233\211\220\032\267"
 3320      67E1BE0B 
 3320      6F71D590 
 3320      9B89901A 
 3320      B7
 3321 00da BBA6E436 		.ascii	"\273\246\3446\270\344\306oz\251z\314}m\273pm[S\311\036"
 3321      B8E4C66F 
 3321      7AA97ACC 
 3321      7D6DBB70 
 3321      6D5B53C9 
 3322 00ef DF72BCB6 		.ascii	"\337r\274\266\235kon\246\035\361\375\224\337}B\362y"
 3322      9D6B6F6E 
 3322      A61DF1FD 
 3322      94DF7D42 
 3322      F279
 3323 0101 5B895C80 		.ascii	"[\211\\\200G\271\000\217n\245\017\017\3151e\216\367"
 3323      47B9008F 
 3323      6EA50F0F 
 3323      CD31658E 
 3323      F7
 3324 0112 C86D6CEE 		.ascii	"\310ml\3564\357=\202O\264\201\307v\312\314\"3\207<9"
 3324      34EF3D82 
 3324      4FB481C7 
 3324      76CACC22 
 3324      33873C39 
 3325 0126 C572A788 		.ascii	"\305r\247\210|\325\311\033\032\021\035\376\235\361\334"
 3325      7CD5C91B 
 3325      1A111DFE 
 3325      9DF1DC
 3326 0135 C9F842AB 		.ascii	"\311\370B\253\203\301\014\372\005mY8_"
 3326      83C10CFA 
 3326      056D5938 
 3326      5F
 3327              		.text
 3328              		.section	.gnu.lto_.pureconst.20964d410ae452ff,"e",%progbits
 3329 0000 789C05C1 		.ascii	"x\234\005\301\013\012@\000\024D\321W\346&\362IB\344"
 3329      0B0A4000 
 3329      1444D157 
 3329      E626F249 
 3329      42E4
 3330 0012 BB16ABF4 		.ascii	"\273\026\253\364\2262\253s\316\033\021s\230\"\305\247"
 3330      9632AB73 
 3330      CE1B1173 
 3330      9822C5A7 
 3331 0022 325599DA 		.ascii	"2U\231\3324\251\326t\246O\015fLMfI\255f\373\264\233"
 3331      34A9D674 
 3331      A64F0D66 
 3331      4C4D6649 
 3331      AD66FBB4 
 3332 0037 C39CE632 		.ascii	"\303\234\3462\267y\314\0178\015\021L"
 3332      B779CC0F 
 3332      380D114C 
 3333              		.text
 3334              		.section	.gnu.lto_.ipa_modref.20964d410ae452ff,"e",%progbits
ARM GAS  /tmp/ccYjAqA9.s 			page 74


 3335 0000 789C6D50 		.ascii	"x\234mPAN\3030\020\334\235\030\221\240\246\270\242\250"
 3335      414EC330 
 3335      10DC9D18 
 3335      91A0A6B8 
 3335      A2A8
 3336 0012 0209E2F2 		.ascii	"\002\011\342\362\022\016<\314H\371@\177P\211\037\360"
 3336      120E3CCC 
 3336      48F9407F 
 3336      50891FF0 
 3337 0022 821C38F1 		.ascii	"\202\0348\361\012\236\300\023\030\257\3436ip\344\365"
 3337      0A9EC013 
 3337      18AFE336 
 3337      6970E4F5 
 3338 0032 6676BC3B 		.ascii	"fv\274;\3437\310im*\011\336\213\005\305\023w#\312OB"
 3338      E337C869 
 3338      6D2A09DE 
 3338      8B05C513 
 3338      7723CA4F 
 3339 0047 902BDDFD 		.ascii	"\220+\335\375\003\033]\256]\212)\007\236Yv*K\032\320"
 3339      031B5DAE 
 3339      5D8A2907 
 3339      9E59762A 
 3339      4B1AD0
 3340 005a 894B901A 		.ascii	"\211K\220\032\004g\031kh-\033\022\270\0260\375a\312"
 3340      0467196B 
 3340      682D1B12 
 3340      B81630FD 
 3340      61CA
 3341 006c 232A91B9 		.ascii	"#*\221\271\212\306u\\l\247b!\366\361\373p<\374\256\374"
 3341      8AC6755C 
 3341      6CA76221 
 3341      F6F1FB70 
 3341      3CFCAEFC 
 3342 0080 0DBC3FE3 		.ascii	"\015\274?\343\262\272\220\023x\266::\033\177\2445O\245"
 3342      B2BA9013 
 3342      78B63A3A 
 3342      1B7FA435 
 3342      4FA5
 3343 0092 D57B74B7 		.ascii	"\325{t\267\272\315\214\216\233Z$k\221\254eZ\322R\332"
 3343      BACD8C8E 
 3343      9B5A246B 
 3343      91AC655A 
 3343      D252DA
 3344 00a5 D89532F6 		.ascii	"\330\2252\366\016\3764\243J\306\022\255\"\315\262\001"
 3344      0EFE34A3 
 3344      4AC612AD 
 3344      22CDB201 
 3345 00b5 758D7D06 		.ascii	"u\215}\006Q\372\005\252<\023'\345>\372{\314\314\016"
 3345      51FA05AA 
 3345      3C1327E5 
 3345      3EFA7BCC 
 3345      CC0E
 3346 00c7 317EBCEE 		.ascii	"1~\274\356\306\021\230?\215\275\356\232N\223[\232CS"
 3346      C611983F 
 3346      8DBDEE9A 
 3346      4E935B9A 
 3346      4353
ARM GAS  /tmp/ccYjAqA9.s 			page 75


 3347 00d9 DC9A6072 		.ascii	"\334\232`r\036.\233\015\237}\375\210\355H{I;\337\021"
 3347      1E2E9B0D 
 3347      9F7DFD88 
 3347      ED487B49 
 3347      3BDF11
 3348 00ec E92053EE 		.ascii	"\351 S\356\361\213\376\227\320~\011\311\037\015\353"
 3348      F18BFE97 
 3348      D07E09C9 
 3348      1F0DEB
 3349 00fb 332A     		.ascii	"3*"
 3350              		.text
 3351              		.section	.gnu.lto_.lto.20964d410ae452ff,"e",%progbits
 3352 0000 0B000300 		.ascii	"\013\000\003\000\001\000\000\000"
 3352      01000000 
 3353              		.text
 3354              		.section	.gnu.lto_chSysUnlock.192.20964d410ae452ff,"e",%progbits
 3355 0000 789C7D53 		.ascii	"x\234}S}h\023g\030\177\236\367\275\273\\\352\020Ae\242"
 3355      7D681367 
 3355      187F9EF7 
 3355      BDBB5CEA 
 3355      104165A2 
 3356 0014 20C121C2 		.ascii	" \301!\302\246\271\256Eg\377\233\013\"e\204\0253\031"
 3356      A6B9AE45 
 3356      67FF9B0B 
 3356      22658415 
 3356      3319
 3357 0026 5B19A13D 		.ascii	"[\031\241=o\353\255\246W\356\022\2732\313\235I\353 "
 3357      6FEBADA6 
 3357      57EE12BB 
 3357      32CB9D49 
 3357      EB20
 3358 0038 324AC604 		.ascii	"2J\306\004\235\332\316\277\025\235+[\353j\333\200\272"
 3358      9DDACEBF 
 3358      159D2B5B 
 3358      EB6ADB80 
 3358      BA
 3359 0049 A9EBFCA2 		.ascii	"\251\353\374\242~\255\314\216N\335pP\204\316)\250\253"
 3359      7EADCC8E 
 3359      4EDD7050 
 3359      84CE29A8 
 3359      AB
 3360 005a CF7B49DA 		.ascii	"\317{I\332\370\307v\334{\317\367\357y~y\336\\\346\000"
 3360      F8C776DC 
 3360      7BCFF7EF 
 3360      797E79DE 
 3360      5CE600
 3361 006d 6B11E03D 		.ascii	"k\021\340=\000@\005\360\363\\\226\201\347y\257\007\030"
 3361      004005F0 
 3361      F35C9681 
 3361      E779AF07 
 3361      18
 3362 007e CBE47633 		.ascii	"\313\344v3\354\307\237\367\365)RWn~\337\335\321\032"
 3362      ECC79FF7 
 3362      F5295257 
 3362      6E7EDFDD 
 3362      D11A
 3363 0090 89B3CEDC 		.ascii	"\211\263\316\334\274\347<\022\356\231\255\221qg.\033"
ARM GAS  /tmp/ccYjAqA9.s 			page 76


 3363      BCE73C12 
 3363      EE99AD91 
 3363      71672E1B 
 3364 00a0 A41ADF42 		.ascii	"\244\032\337Bp\031\227dt\361\020\327\310\363\350\314"
 3364      70199764 
 3364      74F110D7 
 3364      C8F3E8CC 
 3365 00b0 5F976EBE 		.ascii	"_\227n\276\232\366\272\226\334\003p\241\370\314\363"
 3365      9AF6BA96 
 3365      DC0370A1 
 3365      F8CCF3
 3366 00bf 75949194 		.ascii	"u\224\221\224\216\023\010\244P\356\300\203u0\200\237"
 3366      8E1308A4 
 3366      50EEC083 
 3366      7530809F 
 3367 00cf 90A52C44 		.ascii	"\220\245,D\302P\026cHFu\247\210\257\311\023\3267\331"
 3367      C2501663 
 3367      484675A7 
 3367      88AFC913 
 3367      D637D9
 3368 00e2 F18B4B0F 		.ascii	"\361\213K\017xy\251}\010;N\342 \30202~\021\307\226\313"
 3368      7879A97D 
 3368      083B4EE2 
 3368      20C23032 
 3368      7E11C796 
 3369 00f7 F88A48D8 		.ascii	"\370\212H\330\333}\254\177\365\251\214w\326\023)n1\205"
 3369      DB7DAC7F 
 3369      F5A98C77 
 3369      D613296E 
 3369      3185
 3370 0109 1A161BFC 		.ascii	"\032\026\033\374\272_\031A\370\036;\304\004y\244\316"
 3370      BA5F1941 
 3370      F81E3BC4 
 3370      0479A4CE 
 3371 0119 1444261D 		.ascii	"\024D&\035\273\"\347\275'3\335^\376\217\305\207\372"
 3371      BB22E7BD 
 3371      2733DD5E 
 3371      FE8FC587 
 3371      FA
 3372 012a A66F5FAF 		.ascii	"\246o_\257_\200\300d\006L\341\300\002\022\035\031\230"
 3372      5F80C064 
 3372      064CE1C0 
 3372      02121D19 
 3372      98
 3373 013b AA000B06 		.ascii	"\252\000\013\006\350\250\344\017\222\257\202\016@\017"
 3373      E8A8E40F 
 3373      92AF820E 
 3373      400F
 3374 0149 87197A38 		.ascii	"\207\031z8zy\200^\316\012F\206\214\207\314\233\354\035"
 3374      7A79805E 
 3374      CE0A4686 
 3374      8C87CC9B 
 3374      EC1D
 3375 015b 4778CA32 		.ascii	"Gx\3122!\310\"k6\001\330\013\276\373\370\376\225\276"
 3375      21C8226B 
 3375      3601D80B 
 3375      BEFBF8FE 
ARM GAS  /tmp/ccYjAqA9.s 			page 77


 3375      95BE
 3376 016d 1CA230C9 		.ascii	"\034\2420\311\025\205\317c\226\036\016r\372]\024C\220"
 3376      1585CF63 
 3376      961E0E72 
 3376      FA5D1443 
 3376      90
 3377 017e A6124327 		.ascii	"\246\022C'y\004\241\3414\236\022\256uDC\215\237\301"
 3377      7904A1E1 
 3377      349E12AE 
 3377      7544438D 
 3377      9FC1
 3378 0190 F7A164D4 		.ascii	"\367\241d\324\377\200\357\002\370j\352G|\207\310>f\231"
 3378      FF80EF02 
 3378      F86AEA47 
 3378      7C87C83E 
 3378      6699
 3379 01a2 B14F9133 		.ascii	"\261O\2213\001T\016q\256\034\342|9\304O\002\"\213i\201"
 3379      01540E71 
 3379      AE1CE27C 
 3379      39C44F02 
 3379      228B6981 
 3380 01b6 318A0221 		.ascii	"1\212\002!\375/!p\316h\366\256\020\227\262\250l\211"
 3380      FD2F2170 
 3380      CE68F6AE 
 3380      1097B2A8 
 3380      6C89
 3381 01c8 0170AED0 		.ascii	"\001p\256\320\206\331\213\360\017\353\274\027\341\022"
 3381      86D98BF0 
 3381      0FEBBC17 
 3381      E112
 3382 01d6 5E407F9F 		.ascii	"^@\177\237\275\234\3779\272\257Z\220\346\005\016\362"
 3382      BD9CFF39 
 3382      BAAF5A90 
 3382      E6050EF2 
 3383 01e6 F3AD2F95 		.ascii	"\363\255/\225\267\276,Z\373\252u\005\337\362\007\026"
 3383      B7BE2C5A 
 3383      FBAA7505 
 3383      DFF20716 
 3384 01f6 250AD1B6 		.ascii	"%\012\321\266\320/\020\261hrl\266\344\315\253X;7\355"
 3384      D02F10B1 
 3384      68726CB6 
 3384      E4CDAB58 
 3384      3B37ED
 3385 0209 35DC54AC 		.ascii	"5\334T\254\337x\035#\263\365t\023\225\324\\}\375\216"
 3385      DF781D23 
 3385      B3F57413 
 3385      95D45C7D 
 3385      FD8E
 3386 021b 9B58CCFA 		.ascii	"\233X\314\372\245\230\225\031 R*Wx\240\3040\310\325"
 3386      A5989519 
 3386      20522A57 
 3386      78A0C430 
 3386      C8D5
 3387 022d 02C38A12 		.ascii	"\002\303\212\022\303 q\232%X1GP\332}\264[\026\004e\177"
 3387      C320719A 
 3387      25583147 
 3387      50DA7DB4 
ARM GAS  /tmp/ccYjAqA9.s 			page 78


 3387      5B160465 
 3388 0242 534F59A7 		.ascii	"SOY\247\277\322\015#\256\030L\031r\013\013#\245\315"
 3388      BFD20D23 
 3388      AE184C19 
 3388      720B0B23 
 3388      A5CD
 3389 0254 1F411A74 		.ascii	"\037A\032t'\360\026R\316.\032a\310\375\015\007\220\275"
 3389      27F01652 
 3389      CE2E1A61 
 3389      C8FD0D07 
 3389      90BD
 3390 0266 E443C934 		.ascii	"\344C\3114\224'\011\254@i\365\223c\313\204\230>\336"
 3390      942709AC 
 3390      4069F593 
 3390      63CB8498 
 3390      3EDE
 3391 0278 736BEAC6 		.ascii	"sk\352\306Bq1\205\363\301\324\022\222\351\257\030\340"
 3391      42713185 
 3391      F3C1D412 
 3391      92E9AF18 
 3391      E0
 3392 0289 302AEDE8 		.ascii	"0*\355\350\337\250\351;_|7q\020q\244\22038\021\304<"
 3392      DFA8E93B 
 3392      5F7C3771 
 3392      1071A490 
 3392      333811C4 
 3393 029e C213965E 		.ascii	"\302\023\226^!n\363\227L\306U\207\331.\265\337\2251"
 3393      216EF397 
 3393      4CC65587 
 3393      D92EB5DF 
 3393      9531
 3394 02b0 48ED7E47 		.ascii	"H\355~G q\033'\305|\253\216R\344[W\370\357\372h\351"
 3394      20711B27 
 3394      C57CAB8E 
 3394      52E45B57 
 3394      F8EFFA68 
 3395 02c5 FB5FF7FC 		.ascii	"\373_\367\374=\245\012|\200\0312O|vm\\\245?\263\317"
 3395      3DA50A7C 
 3395      8019324F 
 3395      7C766D5C 
 3395      A53FB3CF 
 3396 02d9 BA876361 		.ascii	"\272\207ca\324t^\2301\255\311J\030\232m5ju\266\365\221"
 3396      D4745E98 
 3396      31ADC94A 
 3396      189A6D35 
 3396      6A75B6F5 
 3397 02ee A1271D2D 		.ascii	"\241'\035-\322d6\232\261dj\253i\225\353\361\252j\255"
 3397      D264369A 
 3397      B1646AAB 
 3397      6995EBF1 
 3397      AA6AAD
 3398 0301 CDB29B9D 		.ascii	"\315\262\233\235\326\006\335\210'\355TK\263\026{;Z]"
 3398      D606DD88 
 3398      27ED544B 
 3398      B3167B3B 
 3398      5A5D
 3399 0313 15DF5457 		.ascii	"\025\337TW\373F\374\003\323N\2645\330\206\006/\207\303"
ARM GAS  /tmp/ccYjAqA9.s 			page 79


 3399      FB46FC03 
 3399      D34EB435 
 3399      D886062F 
 3399      87C3
 3400 0325 1ABDBA28 		.ascii	"\032\275\272(\265\234b\246\345hvR3[\364m\251\255\006"
 3400      B59C62A6 
 3400      E5687652 
 3400      335BF46D 
 3400      A9AD06
 3401 0338 C59C7627 		.ascii	"\305\234v'\334\004\201\306\006\307\250\263\315\215\377"
 3401      DC0481C6 
 3401      06C7A8B3 
 3401      CD8DFF
 3402 0347 51A25B89 		.ascii	"Q\242[\211\204\325\242\031\037'\265\015\233\243Z$\032"
 3402      84D5A219 
 3402      1F27B50D 
 3402      9BA35A24 
 3402      1A
 3403 0358 AB8D6911 		.ascii	"\253\215i\021\213\272\324\226\220\022\216\351\304?\324"
 3403      8BBAD496 
 3403      90128EE9 
 3403      C43FD4
 3404 0367 75425BA4 		.ascii	"uB[\2447\031\333\215\226\244\023\326\303U\2255\325\353"
 3404      3719DB8D 
 3404      96A413D6 
 3404      C3559535 
 3404      D5EB
 3405 0379 6B1A2B61 		.ascii	"k\032+a\355\377C\267Z6Q&\360\355\257\255\211R\226N\340"
 3405      EDFF43B7 
 3405      5A365126 
 3405      F0EDAFAD 
 3405      8952964E 
 3406 038e 04B5201A 		.ascii	"\004\265 \032\333\034\022\303\265\332\346\352\320\312"
 3406      DB1C12C3 
 3406      B5DAE6EA 
 3406      D0CA
 3407 039c 4A603604 		.ascii	"J`6\004\022F\302\262\333\341\0312k\232\034"
 3407      1246C2B2 
 3407      DBE11932 
 3407      6B9A1C
 3408              		.text
 3409              		.section	.gnu.lto_chEvtObjectInit.336.20964d410ae452ff,"e",%progbits
 3410 0000 789C4D4F 		.ascii	"x\234MOMh\023Q\020\236of7?(\275\250\340E\010z\362`^"
 3410      4D681351 
 3410      109E6F66 
 3410      373F28BD 
 3410      A8E04508 
 3411 0018 4940EC4D 		.ascii	"I@\354M\354!x\020\012\361\036\222u\2451\244[v7\366 "
 3411      EC217810 
 3411      0AF11E92 
 3411      75A531A4 
 3411      5B7637F6 
 3412 002d 35AF6D54 		.ascii	"5\257mT\210\007\211x\260()\336z\020Tzi\353\017Q)^\252"
 3412      88078978 
 3412      B02829DE 
 3412      7A10547A 
 3412      69EB0F51 
ARM GAS  /tmp/ccYjAqA9.s 			page 80


 3413 0044 484FBD08 		.ascii	"HO\275\010RP\264\336U\250\265\276\335h\353\343\315\317"
 3413      5250B4DE 
 3413      55A8B5BE 
 3413      DD68EBE3 
 3413      CDCF
 3414 0056 37F3CDF0 		.ascii	"7\363\315\360\315U\020\335%\242\2021\330\204\333\235"
 3414      CD5510DD 
 3414      25A28231 
 3414      D884DB9D 
 3415 0066 3693D6FA 		.ascii	"6\223\326\372t\222y\246s\223\361\024og\027\022V\253"
 3415      749279A6 
 3415      7393F114 
 3415      6F671712 
 3415      56AB
 3416 0078 33B0F079 		.ascii	"3\260\360yu\310\022\334\331eX\230\352\264\323\206\021"
 3416      75C812DC 
 3416      D9655898 
 3416      EAB4D386 
 3416      11
 3417 0089 235093C5 		.ascii	"#P\223\305B\023\017D\231\302\317\225o\217\227\016\353"
 3417      42130F44 
 3417      99C2CF95 
 3417      6F8F970E 
 3417      EB
 3418 009a F91E3689 		.ascii	"\371\0366\211\232\024?\033\211\003\260\214?\204\214"
 3418      9A143F1B 
 3418      8903B08C 
 3418      3F848C
 3419 00a9 8D94069D 		.ascii	"\215\224\006\235\350i\375\376\335\242\326i\232\\Fs\011"
 3419      E869FDFE 
 3419      DDA2D669 
 3419      9A5C4673 
 3419      09
 3420 00ba 8B460FA3 		.ascii	"\213F\017\243\205\365#D\373\372\203\246\002\346GkvO"
 3420      85F52344 
 3420      FBFA83A6 
 3420      02E6476B 
 3420      764F
 3421 00cc FFDAB9A5 		.ascii	"\377\332\271\245\365\207OX?\226\006\2610\261%\306l`"
 3421      F5874F58 
 3421      3F9606B1 
 3421      30B125C6 
 3421      6C60
 3422 00de D9B0BA12 		.ascii	"\331\260\272\022\351\322\026t\217hN\270\017\246\014"
 3422      E9D21674 
 3422      8F684EB8 
 3422      0FA60C
 3423 00ed F8C17AE3 		.ascii	"\370\301z\343\336\033D\361h\337m\361\314\332\015\010"
 3423      DE1B44F1 
 3423      68DF6DF1 
 3423      CCDA0D08 
 3424 00fd C44E4C9A 		.ascii	"\304NL\232\321-\236\376m \013h\233\257eD\332H4\002\""
 3424      D12D9EFE 
 3424      6D200B68 
 3424      9BAF6544 
 3424      DA483402 
 3425 0112 E184398C 		.ascii	"\341\2049\214\223\364\235[\233\303\"x\201\370\2229\221"
ARM GAS  /tmp/ccYjAqA9.s 			page 81


 3425      93F49D5B 
 3425      9BC32278 
 3425      81F89239 
 3425      91
 3426 0123 2FABB3F9 		.ascii	"/\253\263\371h\271\304\373\266\271\225\2416\330\253"
 3426      68B9C4FB 
 3426      B6B995A1 
 3426      36D8AB
 3427 0132 C767D660 		.ascii	"\307g\326`\274\331Q\273b\342CX\325Wx\011\323\277\256"
 3427      BCD951BB 
 3427      62E24358 
 3427      D5577809 
 3427      D3BFAE
 3428 0145 75AAF61A 		.ascii	"u\252\366\032\317\300\373\343-\326\256F\373\237\266"
 3428      CFC0FBE3 
 3428      2DD6AE46 
 3428      FB9FB6
 3429 0154 8D6E3292 		.ascii	"\215n2\222s\377\353@4i\332\363\342\206\317A'M\232rV"
 3429      73FFEB40 
 3429      3469DAF3 
 3429      E286CF41 
 3429      274D9A72 
 3430 0169 5036AA6C 		.ascii	"P6\252l\332\341\351\217O\012\261\226\256`\357l\242\242"
 3430      DAE1E98F 
 3430      4F0AB196 
 3430      AE60EF6C 
 3430      A2A2
 3431 017b 1AF5EAAE 		.ascii	"\032\365\352\256\362\275\212\032\361\275K\256\023\006"
 3431      F2BD8A1A 
 3431      F1BD4BAE 
 3431      1306
 3432 0189 6A78B45A 		.ascii	"jx\264Z\251\026\303\306\205\252\367\177^\312\345\325"
 3432      A916C3C6 
 3432      85AAF77F 
 3432      5ECAE5D5 
 3433 0199 84E7D782 		.ascii	"\204\347\327\202\361\262\343\226B\2771VS\305\363\347"
 3433      F1B2E396 
 3433      42BF3156 
 3433      53C5F3E7 
 3434 01a9 F2B95261 		.ascii	"\362\271Ra\344\354\231\322\305\252_\237(\373\256\242"
 3434      E4EC99D2 
 3434      C5AA5F9F 
 3434      28FBAEA2 
 3435 01b9 E3D9AC32 		.ascii	"\343\331\2542\337\211F\275\340/\323\013\224\037\252"
 3435      DF8946BD 
 3435      E02FD30B 
 3435      941FAA
 3436 01c8 C0774CDD 		.ascii	"\300wL\335\275\354\216\205A\326!q\203\361\203{8\233"
 3436      BDEC8E85 
 3436      41D62171 
 3436      83F1837B 
 3436      389B
 3437 01da 1B1CCA9F 		.ascii	"\033\034\312\237\032\252\014\322\037\252(\261\207"
 3437      1AAA0CD2 
 3437      1FAA28B1 
 3437      87
 3438              		.text
ARM GAS  /tmp/ccYjAqA9.s 			page 82


 3439              		.section	.gnu.lto_chEvtObjectDispose.337.20964d410ae452ff,"e",%progbits
 3440 0000 789C7D51 		.ascii	"x\234}QMh\023A\024~\357\315\356l\022\261\027\025\274"
 3440      4D681341 
 3440      147EEFCD 
 3440      EE6C12B1 
 3440      1715BC
 3441 0013 0841F4E0 		.ascii	"\010A\364\340\301lI@\314M\354A\024\204B\274\207d]\355"
 3441      C16C4940 
 3441      CC4DEC41 
 3441      148442BC 
 3441      87645DED 
 3442 0027 36A45B77 		.ascii	"6\244[w\023{\220\222i\232V\214\007\215\212\330K\213"
 3442      137B9092 
 3442      699A568C 
 3442      078D8AD8 
 3442      4B8B
 3443 0039 E0C183E0 		.ascii	"\340\301\203\340\241\227Z\265F\245\210RAz\363&\005E"
 3443      A1975AB5 
 3443      46A58852 
 3443      417AF326 
 3443      0545
 3444 004b EA595BA8 		.ascii	"\352Y[\250\265\276\3354?^\\\366\315\274o\366{\037\337"
 3444      B5BEDD34 
 3444      3F5E5CF6 
 3444      CDBC6FF6 
 3444      7B1FDF
 3445 005e B7738400 		.ascii	"\267s\204\000\036\000@\201\013\015\300;\215:\201R\352"
 3445      1E004081 
 3445      0B0DC03B 
 3445      8D3A8152 
 3445      EA
 3446 006f 944134D9 		.ascii	"\224A4\331\270I\370\034?\316\314K\255\326\350\233\377"
 3446      B849F81C 
 3446      3FCECC4B 
 3446      ADD6E89B 
 3446      FF
 3447 0080 B692D604 		.ascii	"\266\222\326\004\336\35304\232\352aL\3572t\274\337a"
 3447      DEEB3034 
 3447      9AEA614C 
 3447      EF3274BC 
 3447      DF61
 3448 0092 489C68D4 		.ascii	"H\234h\324\243\314\010\021B\205\204\246K\254\340Ca\362"
 3448      A3CC0811 
 3448      428584A6 
 3448      4BACE043 
 3448      61F2
 3449 00a4 D1E6F28F 		.ascii	"\321\346\362\217\333\257\016\252\307M\\\007\250@\370"
 3449      DBAF0EAA 
 3449      C74D5C07 
 3449      A840F8
 3450 00b3 E828F721 		.ascii	"\350(\367!\213\310\003\030\3271\242\020\2167\225\372"
 3450      8BC80318 
 3450      D731A210 
 3450      8E3795FA 
 3451 00c3 F47941A9 		.ascii	"\364yA\251(\214/b\345\031. \000a\015\037\035\002\330"
 3451      288C2F62 
 3451      E5192E20 
ARM GAS  /tmp/ccYjAqA9.s 			page 83


 3451      00610D1F 
 3451      1D02D8
 3452 00d6 D31AE413 		.ascii	"\323\032\344\023$z\272\2527\325\357\235[J\375\374\212"
 3452      247ABAAA 
 3452      37D5EF9D 
 3452      5B4AFDFC 
 3452      8A
 3453 00e7 378EF621 		.ascii	"7\216\366!\220  Mpi@\272\316Xrop\305\020\027yjV\004"
 3453      9020204D 
 3453      706940BA 
 3453      CE58726F 
 3453      70C51017 
 3454 00ff 4E9586AA 		.ascii	"N\225\206\252\0110'\250\005&\030l\220Z\333x\207\301"
 3454      093027A8 
 3454      0526186C 
 3454      905ADB78 
 3454      87C1
 3455 0111 7EB8B56C 		.ascii	"~\270\265l\321\344\352u\024(br\234G\267\250\372\207"
 3455      D1E4EA75 
 3455      14286272 
 3455      9C47B7A8 
 3455      FA87
 3456 0123 2109846D 		.ascii	"!\011\204m\232\212\013QG\351_\001\020$9*E\340\027\325"
 3456      9A8A0B51 
 3456      47E95F01 
 3456      1024392A 
 3456      45E017D5 
 3457 0137 D60784C0 		.ascii	"\326\007\204\300%\014\223\315\011\361}e&\025\210\213"
 3457      250C93CD 
 3457      09F17D65 
 3457      2615888B 
 3458 0147 506F9B6A 		.ascii	"Po\233jq\250#\025\013al\007ye\015\347\032\357OP\273"
 3458      71A82315 
 3458      0B616C07 
 3458      79650DE7 
 3458      1AEF4F50 
 3459 015c FC065F23 		.ascii	"\374\006_#\177\237V*\342\274\305\027H{C\025\255\343"
 3459      7F9F562A 
 3459      E2BCC517 
 3459      487B4315 
 3459      ADE3
 3460 016e 11DBDED6 		.ascii	"\021\333\336\3266\215\177|V\227\242\374\243Y\204\231"
 3460      368D7F7C 
 3460      5697A2FC 
 3460      A3598499 
 3461 017e 116BF825 		.ascii	"\021k\370%\302\211\240+/c\016\240\235C\027\232\210\265"
 3461      C289A02B 
 3461      2F630EA0 
 3461      9D43179A 
 3461      88B5
 3462 0190 5348A1B7 		.ascii	"SH\241\267R\030\355\024\222}wB\030\335\020\372\377B"
 3462      5218ED14 
 3462      927D7742 
 3462      18DD10FA 
 3462      FF42
 3463 01a2 F4DA7FDF 		.ascii	"\364\332\177\337c\377C\327\276\354\330\327C\201\035"
 3463      63FF43D7 
ARM GAS  /tmp/ccYjAqA9.s 			page 84


 3463      BEECD8D7 
 3463      43811D
 3464 01b1 AA7EB97B 		.ascii	"\252~\271{.\024\237\025\330\275\014\200\2149\344\026"
 3464      2E149F15 
 3464      D8BD0C80 
 3464      8C39E416 
 3465 01c1 6DD373F3 		.ascii	"m\323s\363\346\240\347\016\333V\3117\007\206\234\274"
 3465      E6A0E70E 
 3465      DB56C937 
 3465      07869CBC 
 3466 01d1 9329952F 		.ascii	"\223)\225/:no\237M\246\3141\327+\370\2439\313\316\226"
 3466      3A6E6F9F 
 3466      4DA6CC31 
 3466      D72BF8A3 
 3466      39CBCE96 
 3467 01e5 BCF248C1 		.ascii	"\274\362H\301\314\\8\237Jf\317\014\236=\235\275\344"
 3467      CC5C389F 
 3467      4A66CF0C 
 3467      9E3D9DBD 
 3467      E4
 3468 01f6 78C5B19C 		.ascii	"x\305\261\234g\233p,\2210\371\265\202Q\327\337e\272"
 3468      679B702C 
 3468      9130F9B5 
 3468      8251D7DF 
 3468      65BA
 3469 0208 BEE9954C 		.ascii	"\276\351\225L\337\263\370\334\276j\217\224\374\204\005"
 3469      DFB3F8DC 
 3469      BE6A8F94 
 3469      FC8405
 3470 0217 C2F647F7 		.ascii	"\302\366G\367wq\"\331\237N\235L\347\373\341/\006\363"
 3470      777122D9 
 3470      9F4E9D4C 
 3470      E7FBE12F 
 3470      06F3
 3471 0229 E39B     		.ascii	"\343\233"
 3472              		.text
 3473              		.section	.gnu.lto_chEvtRegisterMaskWithFlagsI.338.20964d410ae452ff,"e",%progbits
 3474 0000 789C7D92 		.ascii	"x\234}\222]h\034U\024\307\317\377\336\231\331\335\244"
 3474      5D681C55 
 3474      14C7CFFF 
 3474      DE99D9DD 
 3474      A4
 3475 0011 C9439B10 		.ascii	"\311C\233\020\221<\004\237\374\300\235\222\200\2307"
 3475      913C049F 
 3475      FCC09D92 
 3475      809837
 3476 0020 35482952 		.ascii	"5H)RR\211 \012\262l6\223fM\232Mgv]J(\231&\033\013+b"
 3476      5289200A 
 3476      B26C3693 
 3476      664D9A4D 
 3476      67765D4A 
 3477 003b 579158AC 		.ascii	"W\221X\254UQ!\245U\301\276\2645\215K\333-\232\266ZK"
 3477      555121A5 
 3477      55C1BEB4 
 3477      358D4BDB 
 3477      2D9AB65A 
 3478 0050 1B446B89 		.ascii	"\033Dk\211\201\026M\037\372%UI\323x\356\235\315n\300"
ARM GAS  /tmp/ccYjAqA9.s 			page 85


 3478      81164D1F 
 3478      FA255549 
 3478      D378EE9D 
 3478      CD6EC0
 3479 0063 8F61EEDC 		.ascii	"\217a\356\334{\316\375\235\377\234s\356m0\210\346\210"
 3479      7BCEFD9D 
 3479      FF9C73EE 
 3479      6D3088E6 
 3479      88
 3480 0074 E8451EB0 		.ascii	"\350E\036\260\010o\026\362\202|\337\177\"$D\256\360"
 3480      086F16F2 
 3480      827CDF7F 
 3480      222444AE 
 3480      F0
 3481 0085 9AC0099C 		.ascii	"\232\300\011\234\335s\3102\306\012\365\207\256\236i"
 3481      DD73C832 
 3481      C60AF587 
 3481      AE9E69
 3482 0094 37247B6B 		.ascii	"7${k\265g\274\3541\360v%\306\304\316B>\3021\332\002"
 3482      B567BCEC 
 3482      31F07625 
 3482      C6C4CE42 
 3482      3EC231DA 
 3483 00a9 8D086998 		.ascii	"\215\010i\230\030\301\207\322f\317\237\245k\037\\\274"
 3483      18C187D2 
 3483      66CF9FA5 
 3483      6B1F5CBC 
 3484 00b9 CF9F2C62 		.ascii	"\317\237,b\201h\204\364c\302Z\007f\254F\264\230\010"
 3484      816884F4 
 3484      63C25A07 
 3484      66AC46B4 
 3484      9808
 3485 00cb FBA0478B 		.ascii	"\373\240G\213\276\177n\341\260\357Gh\307Q\214\034\301"
 3485      BE7F6EE1 
 3485      B0EF4768 
 3485      C7518C1C 
 3485      C1
 3486 00dc 611009E4 		.ascii	"a\020\011\344Pjf`O\000\33480\376n\375n\014OU\000\221"
 3486      506A6660 
 3486      4F00DC38 
 3486      30FE6EFD 
 3486      6E0C4F55 
 3487 00f2 C33905BC 		.ascii	"\3039\005\274W\006\016\226&\030\330>]\001d\016?)\340"
 3487      57060E96 
 3487      2618D83E 
 3487      5D01640E 
 3487      3F29E0
 3488 0105 E332F0E9 		.ascii	"\3432\360\351\025\005d\213\025\300\310\341j\263\312"
 3488      1505648B 
 3488      15C0C8E1 
 3488      6AB3CA
 3489 0114 287C00FC 		.ascii	"(|\000\374}DA\237}\262\253~\367\316p\346\370\012E\224"
 3489      7D44419F 
 3489      7DB2AB7E 
 3489      F7CE70E6 
 3489      F80A4594 
 3490 0128 C3CDE65A 		.ascii	"\303\315\346Z:\001U\001L\324\022y%\305\327r\205\223"
ARM GAS  /tmp/ccYjAqA9.s 			page 86


 3490      3A015501 
 3490      4CD41279 
 3490      25C5D772 
 3490      8593
 3491 013a 4D74121E 		.ascii	"Mt\022\036\261\357\024\330\311<D\350\363\363f\321\277"
 3491      B1EF14D8 
 3491      C93C44E8 
 3491      F3F366D1 
 3491      BF
 3492 014b BBFC86EF 		.ascii	"\273\374\206\357_\177\370\372\324\027\221&\220\010\013"
 3492      5F7FF8FA 
 3492      D4179126 
 3492      90080B
 3493 015a 1211C9C3 		.ascii	"\022\021\311\303\340\265\311\263\305#\304U\324\2200"
 3493      E0B5C9B3 
 3493      C523C455 
 3493      D49030
 3494 0169 D7004751 		.ascii	"\327\000GQ\007La-0\215F\240\310J\373$-\363#\341\027"
 3494      074C612D 
 3494      308D46A0 
 3494      C84AFB24 
 3494      2DF323E1 
 3495 017e 89DE9722 		.ascii	"\211\336\227\"0\306\330\370C\370\363?\317@\315\267\367"
 3495      30C6D8F8 
 3495      43F8F33F 
 3495      CF40CDB7 
 3495      F7
 3496 018f 4F5C9EDD 		.ascii	"O\\\236\335\013\365s\345\275=\033\301)\320\242\030\235"
 3496      0BF573E5 
 3496      BD3D1BC1 
 3496      29D0A218 
 3496      9D
 3497 01a0 DE5F276B 		.ascii	"\336_'k\270\315\375*\325<D\177\222\347\203\240-\337"
 3497      B8CDFD2A 
 3497      D53C447F 
 3497      92E783A0 
 3497      2DDF
 3498 01b2 E06BE57A 		.ascii	"\340k\345z\214\263\017;3Hp\346z\2359\2158\257Yf\364"
 3498      8CB30F3B 
 3498      334870E6 
 3498      7A9D398D 
 3498      38AF5966 
 3499 01c7 C691D72F 		.ascii	"\306\221\327/\345'\300\307\212\343\2205Z\371&\377oI"
 3499      E527C0C7 
 3499      8AE39035 
 3499      5AF926FF 
 3499      6F49
 3500 01d9 8CB5106B 		.ascii	"\214\265\020k\305^\342\356\255\325\356[z\367\201\340"
 3500      C55EE2EE 
 3500      ADD5EE5B 
 3500      7AF781E0 
 3501 01e9 B328C6CE 		.ascii	"\263(\306\316\357\202\204\\c\355\340\0028\213{l\012"
 3501      EF82845C 
 3501      63EDE002 
 3501      388B7B6C 
 3501      0A
 3502 01fa A922C75B 		.ascii	"\251\"\307[\244\314\303z\341y\"),\276*\242\221\356\210"
ARM GAS  /tmp/ccYjAqA9.s 			page 87


 3502      A4CCC37A 
 3502      E1792229 
 3502      2CBE2AA2 
 3502      91EE88
 3503 020d DC428794 		.ascii	"\334B\207\224\370N\367\231k\224\023|\303t\215FY\313"
 3503      F84EF799 
 3503      6B94137C 
 3503      C3748D46 
 3503      59CB
 3504 021f 9075D670 		.ascii	"\220u\326pU\313\224F\240e\255h\231\034]\221\262\252"
 3504      55CB9446 
 3504      A065AD68 
 3504      991C5D91 
 3504      B2AA
 3505 0231 5246E9DA 		.ascii	"RF\351\332G\277\220\2222unK\"\247s\357zV\337\301\316"
 3505      47BF9092 
 3505      32756E4B 
 3505      22A773EF 
 3505      7A56DFC1 
 3506 0246 A02D56E7 		.ascii	"\240-V\3476\335\026c\323E\\\000\357\277\312\235\350"
 3506      36DD1663 
 3506      D3455C00 
 3506      EFBFCA9D 
 3506      E8
 3507 0257 9CC54988 		.ascii	"\234\305I\210\373\265\214\311\255\361\015%\023Z\251"
 3507      FBB58CC9 
 3507      ADF10D25 
 3507      135AA9
 3508 0266 73FE4E4D 		.ascii	"s\376NM\320\340&\031R\261\252y\033{\277\005\3516\016"
 3508      D0E02619 
 3508      52B1AA79 
 3508      1B7BBF05 
 3508      E9360E
 3509 0279 FF800DA4 		.ascii	"\377\200\015\244\363\275\225?+\312\373\223\362\351\236"
 3509      F3BD953F 
 3509      2BCAFB93 
 3509      F2E99E
 3510 0288 EF57801F 		.ascii	"\357W\200\037\321\301y\207\264\324_3\372\260\366\376"
 3510      D1C17987 
 3510      B4D45F33 
 3510      FAB0F6FE 
 3511 0298 D6502157 		.ascii	"\326P!WI]RR\262N\223\213\001\371\316*\262\252\231\271"
 3511      495D5252 
 3511      B24E938B 
 3511      01F9CE2A 
 3511      B2AA99B9 
 3512 02ac 8C27990C 		.ascii	"\214'\231\014Nj\351\237\232Ur\373\034\276\342{,\203"
 3512      4E6AE99F 
 3512      9A5572FB 
 3512      1CBEE27B 
 3512      2C83
 3513 02be D35B0ED0 		.ascii	"\323[\016\320\337\177\37574;\217c\214Z\017\"\270q\205"
 3513      DF7FFD37 
 3513      343B8F63 
 3513      8C5A0F22 
 3513      B87185
 3514 02d1 D3FFA39B 		.ascii	"\323\377\243\233\275\202/\225n#-\213\321\271\267\236"
ARM GAS  /tmp/ccYjAqA9.s 			page 88


 3514      BD822F95 
 3514      6E232D8B 
 3514      D1B9B79E 
 3515 02e1 D1A7B04F 		.ascii	"\321\247\260O\"h\337hQ\231]v_j\253c\273\251n{\263\233"
 3515      2268DF68 
 3515      51995D76 
 3515      5F6AAB63 
 3515      BBA96E7B 
 3516 02f7 7AD949A4 		.ascii	"z\331I\244=\273\243/\331\235\354Jgz\222\251\325\353"
 3516      3DBBA32F 
 3516      D99DEC4A 
 3516      677A92A9 
 3516      D5EB
 3517 0309 586B9B9D 		.ascii	"Xk\233\235M\271\375\336P<\341\304\322nf\260\337\356"
 3517      4DB9FDDE 
 3517      503CE1C4 
 3517      D26E66B0 
 3517      DFEE
 3518 031b 7A6E535B 		.ascii	"znS[kl\303\346\215O\305z\223\356\326l\334ulz(\032\265"
 3518      6B6CC3E6 
 3518      8D4FC57A 
 3518      93EED66C 
 3518      DC756C7A 
 3519 0332 F94DA8D0 		.ascii	"\371M\250\320\224W&S\236\355\246m\317M\260\337y\305"
 3519      94572653 
 3519      9EEDA66D 
 3519      CF4DB0DF 
 3519      79C5
 3520 0344 194C7BD1 		.ascii	"\031L{\321\004I\307\033j\250\332\321\326\365\355m\217"
 3520      0449C71B 
 3520      6AA8DAD1 
 3520      D6F5ED6D 
 3520      8F
 3521 0355 B777AFE7 		.ascii	"\267w\257\347\215\201!+p[\331\336\201\370\026\317Jd"
 3521      8D81212B 
 3521      705BD9DE 
 3521      81F816CF 
 3521      4A64
 3522 0367 5C373D14 		.ascii	"\\7=\024\375o\355\344`b \323\343\360^\272\317u\342="
 3522      FD6FEDE4 
 3522      606220D3 
 3522      E3F05EBA 
 3522      CF75E23D 
 3523 037b 5EB48FFE 		.ascii	"^\264\217\376\006S=\246}"
 3523      06533DA6 
 3523      7D
 3524              		.text
 3525              		.section	.gnu.lto_chEvtRegisterMaskWithFlags.339.20964d410ae452ff,"e",%progbits
 3526 0000 789C7D92 		.ascii	"x\234}\222kH\024Q\024\307\317\377\316\356\272[\024A"
 3526      6B481451 
 3526      14C7CFFF 
 3526      CEEEBA5B 
 3526      1441
 3527 0012 09111152 		.ascii	"\011\021\021RD\364\332\021%\252o\225D\210,H\333\327"
 3527      44F4DA11 
 3527      25AA6F95 
 3527      44882C48 
ARM GAS  /tmp/ccYjAqA9.s 			page 89


 3527      DBD7
 3528 0024 58D669D2 		.ascii	"X\326i\322I\327\331fv3\211\330\333\272\024\010\275\301"
 3528      49D7D966 
 3528      763389D8 
 3528      DBBA1408 
 3528      BDC1
 3529 0036 9E5A4145 		.ascii	"\236ZAE\037\002\353Ca\017b\312\266'=\211\010\255\214"
 3529      1F02EB43 
 3529      610F62CA 
 3529      B6273D89 
 3529      08AD8C
 3530 0049 A0A24CB1 		.ascii	"\240\242L\261\027\026Xv\357\354\246}\251a\230{\036\277"
 3530      17165876 
 3530      EFECA67D 
 3530      A961987B 
 3530      1EBF
 3531 005b 73EEFF9E 		.ascii	"s\356\377\236\271\247\031Q\022D3\210\010\012a\317\356"
 3531      B9A71951 
 3531      12443388 
 3531      080A61CF 
 3531      EE
 3532 006c 66469CF3 		.ascii	"fF\234\363%\005\014[v7\007p\025\256\007J1\244pLQ\205"
 3532      25050C5B 
 3532      76370770 
 3532      15AE074A 
 3532      31A4704C 
 3533 0082 FB3DDB7B 		.ascii	"\373=\333{\364\305d~\312\301\007\242\024\271\217\027"
 3533      F4C5647E 
 3533      CAC107A2 
 3533      14B98F17 
 3534 0092 BE89F088 		.ascii	"\276\211\360\210o!\212\274\360s\320|\207\363\207\357"
 3534      6F218ABC 
 3534      F073D07C 
 3534      87F387EF 
 3535 00a2 3B380FD0 		.ascii	";8\017\320\346\213H]@\207\330\207!\203\035S\005p \007"
 3535      E68B485D 
 3535      4087D887 
 3535      21831D53 
 3535      05702007 
 3536 00b6 0CF4BE39 		.ascii	"\014\364\27698~\0276]\036\001X\006\007$\320\232\007"
 3536      387E1736 
 3536      5D1E0158 
 3536      060724D0 
 3536      9A07
 3537 00c8 3E9ED827 		.ascii	">\236\330'\200\306+#\200\222\301q\011\034\317\003}Y"
 3537      80C62B23 
 3537      8092C171 
 3537      091CCF03 
 3537      7D59
 3538 00da 09343823 		.ascii	"\01148#\200'\203\366\251Dc]m\360B\030\311N\220k\330"
 3538      802783F6 
 3538      A944635D 
 3538      6DF04218 
 3538      C94E906B 
 3539 00ef D75D431E 		.ascii	"\327]C\036b\260\204\256\301\316\205\263\030\211\037"
 3539      62B084AE 
 3539      C1CE85B3 
ARM GAS  /tmp/ccYjAqA9.s 			page 90


 3539      18891F
 3540 00fe EECE3EF7 		.ascii	"\356\316>\367\321\015\254\027\276\377\251\214\312]\276"
 3540      D10DAC17 
 3540      BEFFA98C 
 3540      CA5DBE
 3541 010d 0FEDE87E 		.ascii	"\017\355\350~0\3450w<\346-$\335\215n\203\3713x2\315"
 3541      30E53077 
 3541      3CE62D24 
 3541      DD8D6E83 
 3541      F9337832 
 3542 0122 8BB912D8 		.ascii	"\213\271\022\330\277w\370\334\274\316&~\213K$\225G\334"
 3542      BF77F8DC 
 3542      BCCE267E 
 3542      8B4B2495 
 3542      47DC
 3543 0134 C9B8DBDD 		.ascii	"\311\270\333\335<\344\273\003\272\211\244\024v\027B"
 3543      3CE4BB03 
 3543      BA89A414 
 3543      761742
 3544 0143 904CB63F 		.ascii	"\220L\266?\366:|hx'w\336\025\036\273\364\351\355\267"
 3544      F63A7C68 
 3544      782777DE 
 3544      151EBBF4 
 3544      E9EDB7
 3545 0156 8A310CB8 		.ascii	"\2121\014\270\010\005\270\014\017pE\350\207#\3106E\376"
 3545      0805B80C 
 3545      0F7045E8 
 3545      8723C836 
 3545      45FE
 3546 0168 16EE0177 		.ascii	"\026\356\001w\210\216(,\3474\011g\220\361\327=w!\327"
 3546      888E282C 
 3546      E7340967 
 3546      90F1D73D 
 3546      7721D7
 3547 017b 2F7D2D2F 		.ascii	"/}-/\017\266@\036FF\277t\005\220\315%\316\236\374\325"
 3547      0FB6401E 
 3547      4646BF74 
 3547      0590CD25 
 3547      CE9EFCD5 
 3548 018f FB6C226E 		.ascii	"\373l\"n\344\022G\372'\2135}\224\021n\303g\242\330e"
 3548      E41247FA 
 3548      278B357D 
 3548      94116EC3 
 3548      67A2D865 
 3549 01a3 7EB49EEF 		.ascii	"~\264\236\357i\005\356\344\230K=\001\210\256C,=]J\355"
 3549      6905EEE4 
 3549      984B3D01 
 3549      88AE432C 
 3549      3D5D4AED 
 3550 01b7 625ECCEA 		.ascii	"b^\314\352e[\3751/\002B\370}\220X\036\340\236\234\320"
 3550      655BFD31 
 3550      2F0242F8 
 3550      7D90581E 
 3550      E09E9CD0 
 3551 01cb AC7E91A8 		.ascii	"\254~\221\250\225\341G\220\202\322\003gN\266\365\373"
 3551      95E14790 
 3551      82D20367 
ARM GAS  /tmp/ccYjAqA9.s 			page 91


 3551      4EB6F5FB 
 3552 01db 657757DF 		.ascii	"ewW\337\347\276\226\257]'\220\027\363z\260\013\364\223"
 3552      E7BE96AF 
 3552      5D279017 
 3552      F37AB00B 
 3552      F493
 3553 01ed 35155133 		.ascii	"5\025Q3\230Q-\202l\234Kul\037\250\020\027N\344\266\271"
 3553      98512D82 
 3553      6C9C4B75 
 3553      6C1FA810 
 3553      174EE4B6 
 3554 0202 392D4AA4 		.ascii	"9-J\2440EQ<\212\227MpK?\217\035\255\\M\262p\230\245"
 3554      3045513C 
 3554      8A974D70 
 3554      4B3F8F1D 
 3554      AD5C4DB2 
 3555 0219 5F7DAB70 		.ascii	"_}\253p\357`\233\202\334X\322\216t\303j\215\031\323"
 3555      EF609B82 
 3555      DC58D28E 
 3555      74C36A8D 
 3555      19D3
 3556 022b 55CBAC52 		.ascii	"U\313\254R+-s\235\256%l\265\254\306\2502\302\211\344"
 3556      2B2D739D 
 3556      AE256CB5 
 3556      ACC6A832 
 3556      C289E4
 3557 023e 1AC3FCDB 		.ascii	"\032\303\374\333\216\224\224\252\015\246Uk\307\243\232"
 3557      8E9494AA 
 3557      0DA6556B 
 3557      C7A39A
 3558 024d 1E4958C9 		.ascii	"\036IX\311\372Z5\274*TZ\022YQY\276,\262\326\260b\015"
 3558      FA5A35BC 
 3558      2A545A12 
 3558      595159BE 
 3558      2CB2D6B0 
 3559 0263 514B5769 		.ascii	"QKWiv0\250\212W\223\245\246\235'M[\265\022\252mi\"\256"
 3559      7630A88A 
 3559      5793A5A6 
 3559      9D274D5B 
 3559      B512AA6D 
 3560 027a 6FD0EB13 		.ascii	"o\320\353\023vP#E\267\343\223F\375`I\361\342\322E\213"
 3560      76502345 
 3560      B7E39346 
 3560      FD6049F1 
 3560      E2D2458B 
 3561 028e AB8A45A2 		.ascii	"\253\212E\242.\356\313\205}\015k\353\242\325\366\234"
 3561      2EEECB85 
 3561      7D0D6BEB 
 3561      A2D5F69C 
 3562 029e 7F3735EA 		.ascii	"\17775\352\265\272\344\032]\344\354F;XC\005UQ[\257\264"
 3562      B5BAE41A 
 3562      5DE4EC46 
 3562      3B584305 
 3562      55515BAF 
 3563 02b3 8CE5FF28 		.ascii	"\214\345\377(\321\314X\314\254W\365\215\011u\351\312"
 3563      D1CC58CC 
 3563      AC57F58D 
ARM GAS  /tmp/ccYjAqA9.s 			page 92


 3563      0975E9CA 
 3564 02c3 905A160A 		.ascii	"\220Z\026\012\227\207\3252SH/\377\323)f\033v\244Z\323"
 3564      9787D532 
 3564      53482FFF 
 3564      D329661B 
 3564      76A45AD3 
 3565 02d7 44B705FF 		.ascii	"D\267\005\377\357\0227-12\321g\303\302\371!Ai\242\217"
 3565      EF12372D 
 3565      3132D167 
 3565      C3C2F921 
 3565      4169A28F 
 3566 02eb A89A100A 		.ascii	"\250\232\020\012\257,\222:\342\2261\257hf11\213\012"
 3566      AF2C923A 
 3566      E29631AF 
 3566      68663131 
 3566      8B0A
 3567 02fd 627ACCB4 		.ascii	"bz\314\264\032\3517c\347g\215"
 3567      1AE93763 
 3567      E7678D
 3568              		.text
 3569              		.section	.gnu.lto_chEvtUnregister.340.20964d410ae452ff,"e",%progbits
 3570 0000 789C7D53 		.ascii	"x\234}S]L\034U\024\276\347\336\231\331\231\245\020M"
 3570      5D4C1C55 
 3570      14BEE7DE 
 3570      99D999A5 
 3570      104D
 3571 0012 4BD31463 		.ascii	"K\323\024cH\023\323\250\205A\210U\022\037Tb\014\017"
 3571      4813D3A8 
 3571      85418855 
 3571      121F5462 
 3571      0C0F
 3572 0024 282D9AC6 		.ascii	"(-\232\306\370@`\273\312\226.\273\316,EB\032\246\313"
 3572      F84060BB 
 3572      CA962EBB 
 3572      CE2C4542 
 3572      1AA6CB
 3573 0037 16121A2B 		.ascii	"\026\022\032+\220`\012\002\265\215\304\202&}\2505\320"
 3573      90600A02 
 3573      B58DC482 
 3573      267DA835 
 3573      D0
 3574 0048 22AC50FE 		.ascii	"\"\254P\376\232\272\012EQ\212\005\327\244\244%\251\004"
 3574      9ABA0A45 
 3574      518A05D7 
 3574      A4A425A9 
 3574      04
 3575 0059 8CD0B480 		.ascii	"\214\320\264\200\347\336]\026^\352fg\356\275\347|\347"
 3575      E7DE5D16 
 3575      5EEA6667 
 3575      EEBDE77C 
 3575      E7
 3576 006a 3BE77CE7 		.ascii	";\347|\347N\247D\210\013\010\031\"\204@\034\201\206"
 3576      4EA74488 
 3576      0B081922 
 3576      84401C81 
 3576      86
 3577 007b FA5A4A2C 		.ascii	"\372ZJ,\313z\325Fi\240\376\024\205>\370\261\351\222"
ARM GAS  /tmp/ccYjAqA9.s 			page 93


 3577      CB7AD546 
 3577      69A0FE14 
 3577      853EF8B1 
 3577      E992
 3578 008d 2255D527 		.ascii	"\"U\325'\\\272s#Sbh\215\023\226\223Q\213\004\215\261"
 3578      5CBA7323 
 3578      5362688D 
 3578      13969351 
 3578      8B048DB1 
 3579 00a1 1819CE34 		.ascii	"\030\031\3164\234\357^\253\355I\201\001\020\026\205"
 3579      9CEF5EAB 
 3579      ED498101 
 3579      101685
 3580 00b0 D6445826 		.ascii	"\326DX&\207\373\231\324\\\027\206\216\256\357_\221l"
 3580      87FB99D4 
 3580      5C17868E 
 3580      AEEF5F91 
 3580      6C
 3581 00c1 D0D470FE 		.ascii	"\320\324p\376\301t\365\305\271\010\314\216\201\325Q"
 3581      C174F5C5 
 3581      B908CC8E 
 3581      81D551
 3582 00d0 12955647 		.ascii	"\022\225VGB\004\262\011CD\254\006'\352k\347\256R\201"
 3582      4204B209 
 3582      4344AC06 
 3582      27EA6BE7 
 3582      AE5281
 3583 00e3 01524999 		.ascii	"\001RI\231$+6\273\252A%U\311\346\357\034\323\021\262"
 3583      242B36BB 
 3583      AA412555 
 3583      C9E6EF1C 
 3583      D311B2
 3584 00f6 32385FB7 		.ascii	"28_\267\264\313\272\020\204{\204TF<2(\333A\302w\"$\313"
 3584      B4CBBA10 
 3584      847B8454 
 3584      463C3228 
 3584      DB41C277 
 3585 010d A05A4052 		.ascii	"\240Z@R\202\226\365s\250\313\2624r\374\012TvC\027JA"
 3585      8296F573 
 3585      A8CBB234 
 3585      72FC0A54 
 3585      7643174A 
 3586 0122 21004349 		.ascii	"!\000CI\010h\212\002V\005\240\242'\006\240\001\030K"
 3586      08688A02 
 3586      5605A0A2 
 3586      2706A001 
 3586      184B
 3587 0134 E27C6A2B 		.ascii	"\342|j+\340\373y\004-4\177u*\241\356\204Z\321\273\201"
 3587      E0FB7904 
 3587      2D347F75 
 3587      2AA1EE84 
 3587      5AD1BB81 
 3588 0148 222400D3 		.ascii	"\"$\000\323Iq\244\017x~\220Q]R\376\003\307\343\246\254"
 3588      4971A40F 
 3588      787E9051 
 3588      5D52FE03 
 3588      C7E3A6AC 
ARM GAS  /tmp/ccYjAqA9.s 			page 94


 3589 015c 5F6C78A1 		.ascii	"_lx\241\023\031$\010e\021\363\000\304\354-}\203\323"
 3589      13192408 
 3589      6511F300 
 3589      C4EC2D7D 
 3589      83D3
 3590 016e 0AB906A5 		.ascii	"\012\271\006\245<\315un\345\265\254L\234\276\365\323"
 3590      3CCD756E 
 3590      E5B5AC4C 
 3590      9CBEF5D3 
 3591 017e EE162B28 		.ascii	"\356\026+(\231CP.\022\015\003U\0020\361t\244\216\225"
 3591      9943502E 
 3591      120D0355 
 3591      0230F174 
 3591      A48E95
 3592 0191 8586F5CB 		.ascii	"\205\206\365\313\373\006\252\254\021\213C*\243\020\321"
 3592      FB06AAAC 
 3592      118B432A 
 3592      A310D1
 3593 01a0 BD4837FC 		.ascii	"\275H7\374\2712\002d\020\312\011\346\033\005,H\264\334"
 3593      B9320264 
 3593      10CA09E6 
 3593      1B052C48 
 3593      B4DC
 3594 01b2 0BD47671 		.ascii	"\013\324vq\\\016Z\217\326?\265\202s\211\347\356\214"
 3594      5C0E5A8F 
 3594      D63FB582 
 3594      7389E7EE 
 3594      8C
 3595 01c3 9D69F95B 		.ascii	"\235i\371[K\004BUJ\250\306\360\221p/\343\252\340c#\030"
 3595      4B044255 
 3595      4AA8C6F0 
 3595      91702FE3 
 3595      AAE06323 
 3596 01d8 A2A2141A 		.ascii	"\242\242\024\032>v~\210\007\270\002\011\000=\310\327"
 3596      3E767E88 
 3596      07B80209 
 3596      003DC8D7 
 3597 01e8 C648E7AD 		.ascii	"\306H\347\255\360~\260\202\204\234eT\354\253p\277L\255"
 3597      F07EB082 
 3597      849C6554 
 3597      ECAB70BF 
 3597      4CAD
 3598 01fa F0E51088 		.ascii	"\360\345\020\210\265+\201/{\"\257\207\264j\274\006\030"
 3598      B52B812F 
 3598      7B22AF87 
 3598      B46ABC06 
 3598      18
 3599 020b B078E538 		.ascii	"\260x\3458\306?\244\3765<R\006d\225\236Lf\254\026\224"
 3599      C63FA4FE 
 3599      353C5206 
 3599      64959E4C 
 3599      66AC1694 
 3600 021f 6217218C 		.ascii	"b\027!\214*8z\272\215\374K\003\367\262\030\203\033B"
 3600      2A387ABA 
 3600      8DFC4B03 
 3600      F7B21883 
 3600      1B42
ARM GAS  /tmp/ccYjAqA9.s 			page 95


 3601 0231 68CCC19A 		.ascii	"h\314\301\232\306\333_\3409\244(\225\304\022\224\212"
 3601      C6DB5FE0 
 3601      39A42895 
 3601      C412948A 
 3602 0241 4D2A9949 		.ascii	"M*\231I\021*e\203J\306\340\030\223\262\311$\015\007"
 3602      112A6583 
 3602      4AC6E018 
 3602      93B2C924 
 3602      0D07
 3603 0253 BEB57326 		.ascii	"\276\265s&YT\266J\003\311\244\026\250\323!.P\001\237"
 3603      5954B64A 
 3603      03C9A416 
 3603      A8D3212E 
 3603      50019F
 3604 0266 0452147C 		.ascii	"\004R\024|\204\3537 \345\217\303\030\240\277\332\262"
 3604      84EB3720 
 3604      E58FC318 
 3604      A0BFDAB2 
 3605 0276 D4829B10 		.ascii	"\324\202\233\020\004\372\244`\2217z\266m4\031\356\345"
 3605      04FAA460 
 3605      91377AB6 
 3605      6D3419EE 
 3605      E5
 3606 0287 0DFBBF88 		.ascii	"\015\373\277\210C\255X\274\260\334\214H\261\264\332"
 3606      43AD58BC 
 3606      B0DC8C48 
 3606      B1B4DA
 3607 0296 78BBF933 		.ascii	"x\273\3713\340\263\347\326\245)\015\277\036\341\370"
 3607      E0B3E7D6 
 3607      A5290DBF 
 3607      1EE1F8
 3608 02a5 B37D6DFE 		.ascii	"\263}m\376\267\355p-\3428{\177\227`\240\004\206A1!M"
 3608      B7ED702D 
 3608      E2387B7F 
 3608      9760A004 
 3608      86413121 
 3609 02ba 603A5ABF 		.ascii	"`:Z\277\233i\005\030\211`\256\316h0\012\344\021\365"
 3609      9B690518 
 3609      8960AECE 
 3609      68300AE4 
 3609      11F5
 3610 02cc EFE1930D 		.ascii	"\357\341\223\015Q\031\366\316\320j\365}\0314,\354W "
 3610      5119F6CE 
 3610      D06AF57D 
 3610      19342CEC 
 3610      5720
 3611 02de B84CC22F 		.ascii	"\270L\302/\274\215\275at\274\307\315\277\003\237\215"
 3611      BC8DBD61 
 3611      74BCC7CD 
 3611      BF039F8D 
 3612 02ee 7F61B6BD 		.ascii	"\177a\266\275\355\276\312\331\305\250\026W\033\377\231"
 3612      EDBECAD9 
 3612      C5A81657 
 3612      1BFF99
 3613 02fd 6A876831 		.ascii	"j\207h1\341\345)>\215*\241\306\241w\321Hw\212V\225\353"
 3613      E1E5293E 
 3613      8D2AA1C6 
ARM GAS  /tmp/ccYjAqA9.s 			page 96


 3613      A177D148 
 3613      778A5695 
 3614 0312 FDF37FB1 		.ascii	"\375\363\177\261\215\371.v\1772\025\262\343\327\313"
 3614      8DF92E76 
 3614      7F3215B2 
 3614      E3D7CB
 3615 0321 95BD3B50 		.ascii	"\225\275;P\3104\226\020U\326\266\324\032\332\035\273"
 3615      C8349610 
 3615      55D6B6D4 
 3615      1ADA1DBB 
 3616 0331 077F8418 		.ascii	"\007\177\204\030\037No\307N\246r)\361r\252\007\012Q"
 3616      1F4E6FC7 
 3616      4EA67229 
 3616      F172AA07 
 3616      0A51
 3617 0343 91FD7C57 		.ascii	"\221\375|W1\015o\0231\275\305\332U\210\372/l;\340\215"
 3617      310D6F13 
 3617      31BDC5DA 
 3617      5588FA2F 
 3617      6C3BE08D 
 3618 0357 016E7300 		.ascii	"\001ns\000S\005\327\014r\221\032fcvE\342\267\317>\371"
 3618      5305D70C 
 3618      72911A66 
 3618      637645E2 
 3618      B7CF3EF9 
 3619 036b 65EB2803 		.ascii	"e\353(\003\300\244*\202-)\232\225\337sf\027!\223\247"
 3619      C0A42A82 
 3619      2D299A95 
 3619      DF736617 
 3619      2193A7
 3620 037e 1B8157C9 		.ascii	"\033\201W\311K\270\033\317\264X\011Gb\031fE\011\374"
 3620      4BB81BCF 
 3620      B4580947 
 3620      62196645 
 3620      09FC
 3621 0390 820C7402 		.ascii	"\202\014t\002\366\021\317\333\250av\026/\257-\355`\232"
 3621      F611CFDB 
 3621      A8617616 
 3621      2FAF2DED 
 3621      609A
 3622 03a2 BD6DF929 		.ascii	"\275m\371)\314\240}\275\365z/\207\266\250\224C\270H"
 3622      CCA07DBD 
 3622      F57A2F87 
 3622      B6A89443 
 3622      B848
 3623 03b4 EBD43FFB 		.ascii	"\353\324?\373\340-!B\033\003\201\366\007\371)O/\362"
 3623      E02D2142 
 3623      1B0381F6 
 3623      07F9294F 
 3623      2FF2
 3624 03c6 B89DBAE1 		.ascii	"\270\235\272\341)\324s\015\317\021\247\303g\352YE\256"
 3624      29D4730D 
 3624      CF11A7C3 
 3624      67EA5945 
 3624      AE
 3625 03d7 42579EAF 		.ascii	"BW\236\257\364\260\313\263u\237\237\236\241\227y\214"
 3625      F4B0CBB3 
ARM GAS  /tmp/ccYjAqA9.s 			page 97


 3625      759F9F9E 
 3625      A197798C 
 3626 03e7 62D35BE0 		.ascii	"b\323[\340p\346\373\214\322\222b=\357\235\234\214\364"
 3626      70E6FB8C 
 3626      D292623D 
 3626      EF9D9C8C 
 3626      F4
 3627 03f8 FC3773B3 		.ascii	"\3747s\263_\317\377\300e\270\313\012\014\247N\236MM"
 3627      5FCFFFC0 
 3627      65B8CB0A 
 3627      0CA74E9E 
 3627      4D4D
 3628 040a D5F1EFE0 		.ascii	"\325\361\357\340\241\0363\212\364\230\272\341\323M\303"
 3628      A11E338A 
 3628      F498BAE1 
 3628      D34DC3
 3629 0419 8176E731 		.ascii	"\201v\3471g\211\317Lu\020\3464\275;6\317\251\351i\231"
 3629      6789CF4C 
 3629      7510E634 
 3629      BD3B36CF 
 3629      A9E96999 
 3630 042d 192F6716 		.ascii	"\031/g\026\246\241\343\250\027\274\317=\236\310U\342"
 3630      A6A1E3A8 
 3630      17BCCF3D 
 3630      9EC855E2 
 3631 043d 385A7AD8 		.ascii	"8Zz\330\211>\263\334L-\"\266\302\002\323\231k\270\336"
 3631      893EB3DC 
 3631      4C2D22B6 
 3631      C202D399 
 3631      6BB8DE
 3632 0450 784C88C3 		.ascii	"xL\210\303\343v{Jt\347\307>\375\265\2039zVN^v\236\236"
 3632      E3767B4A 
 3632      74E7C73E 
 3632      FDB58339 
 3632      7A564E5E 
 3633 0467 E5C172B3 		.ascii	"\345\301r\2637\230\334\246\313\314\377\320\341@\266"
 3633      3798DCA6 
 3633      CBCCFFD0 
 3633      E140B6
 3634 0476 17FF9FC5 		.ascii	"\027\377\237\305\3531P&\3449\366RJ\016\242\034\310\203"
 3634      EB315026 
 3634      E439F652 
 3634      4A0EA21C 
 3634      C883
 3635 0488 514FE4E4 		.ascii	"QO\344\344\035L\346ux\015\327\276\344g\322\0105\210"
 3635      1D4CE675 
 3635      780DD7BE 
 3635      E467D208 
 3635      3588
 3636 049a CDED747B 		.ascii	"\315\355t{\214r\362\037/\222,\241"
 3636      8C72F21F 
 3636      2F922CA1 
 3637              		.text
 3638              		.section	.gnu.lto_chEvtGetAndClearEventsI.341.20964d410ae452ff,"e",%progbits
 3639 0000 789C7550 		.ascii	"x\234uPMHTQ\024>\337\275\363\3061Q\027\025-f\343*\210"
 3639      4D485451 
 3639      143EDFBD 
ARM GAS  /tmp/ccYjAqA9.s 			page 98


 3639      F3C63151 
 3639      17152D66 
 3640 0017 709E6845 		.ascii	"p\236hEBA\324\242Z\004\202\355\207\361\371j&\033\237"
 3640      4241D4A2 
 3640      5A0482ED 
 3640      87F1F96A 
 3640      261B9F
 3641 002a BDF72611 		.ascii	"\275\367&\021\221\367\234!\006\006\302lQ\021\246\265"
 3641      91F79C21 
 3641      0606C26C 
 3641      5111A6B5 
 3642 003a CA2088C2 		.ascii	"\312 \210\302\310\314\237Q\262\240\010\243@ZE\010\021"
 3642      C8CC9F51 
 3642      B2A008A3 
 3642      405A4508 
 3642      11
 3643 004b D2467261 		.ascii	"\322Frafb\347\276\021\263Ep\177\316\375\316w\276s\356"
 3643      6662E7BE 
 3643      11B34570 
 3643      7FCEFDCE 
 3643      77BE73EE 
 3644 005f 7754107D 		.ascii	"wT\020}$\242\275\274!\011\327\373\013\202|\337?V&\320"
 3644      24A2BDBC 
 3644      2109D7FB 
 3644      0B827CDF 
 3644      3F5626D0 
 3645 0073 DB5FD898 		.ascii	"\333_\330\230\030\011a\012\001\000\362\004<\334\223"
 3645      1809610A 
 3645      0100F204 
 3645      3CDC93
 3646 0082 1AC23B11 		.ascii	"\032\302;\021\342s7j\364\242\357\377\234\375\376e\365"
 3646      E273376A 
 3646      F4A2EFFF 
 3646      9CFDFE65 
 3646      F5
 3647 0093 C074EECA 		.ascii	"\300t\356\312)\217zF\361\014\254E\032\">\250\226\323"
 3647      298F7A46 
 3647      F10CAC45 
 3647      1A223EA8 
 3647      96D3
 3648 00a5 EF17477D 		.ascii	"\357\027G}\277\234\2741l&\005\345q'\032P\006\300\347"
 3648      BF9CBC31 
 3648      6C2605E5 
 3648      71271A50 
 3648      06C0E7
 3649 00b8 7E262D7D 		.ascii	"~&-}\372\226\257\272\326\033\361\306\261%\221\307\223"
 3649      FA96AFBA 
 3649      D61BF1C6 
 3649      B12591C7 
 3649      93
 3650 00c9 287306B7 		.ascii	"(s\006\2678s\367\003N\367\344v\316p\264\202\2460\001"
 3650      3873F703 
 3650      4EF7E476 
 3650      CE70B482 
 3650      A63001
 3651 00dc EAE11F68 		.ascii	"\352\341\037h\250 \352\232V\025\025<\364\360\036*\242"
 3651      A820EA9A 
ARM GAS  /tmp/ccYjAqA9.s 			page 99


 3651      5615153C 
 3651      F4F01E2A 
 3651      A2
 3652 00ed 8B189B01 		.ascii	"\213\030\233\001\203\\\001\214\343\321\007\255\350\377"
 3652      835C018C 
 3652      E3D107AD 
 3652      E8FF
 3653 00fb DEE8F3FD 		.ascii	"\336\350\363\375\225#\253\003\277\312w\200DH\360\226"
 3653      9523AB03 
 3653      BFCA7780 
 3653      4448F096 
 3654 010b BC3512A2 		.ascii	"\2745\022\242\014\030C\204\230J4(\225\035~\010~\221"
 3654      0C184384 
 3654      984A3428 
 3654      951D7E08 
 3654      7E91
 3655 011d 68488AD2 		.ascii	"hH\212\322#\307\217\025\341/\014\315A\335\313Oo|\236"
 3655      23C78F15 
 3655      E12F0CCD 
 3655      41DDCB4F 
 3655      6F7C9E
 3656 0130 1F80EAA1 		.ascii	"\037\200\352\241\320\345\371r\314\200\326Dv\362A\245"
 3656      D0E5F972 
 3656      CC80D644 
 3656      76F241A5 
 3657 0140 D4D8A98C 		.ascii	"\324\330\251\214\232\250\000\221q\370~\010\2724\213"
 3657      9AA80091 
 3657      71F87E08 
 3657      BA348B
 3658 014f 970A3AC4 		.ascii	"\227\012:\304j\021\353\025\322<`\020w\277F\033\307,"
 3658      6A11EB15 
 3658      D23C6010 
 3658      77BF461B 
 3658      C72C
 3659 0161 935D7A7E 		.ascii	"\223]z~u\260\357&\330~LBj\201\362\343R\277\205\221j"
 3659      75B0EF26 
 3659      D87E4C42 
 3659      6A81F2E3 
 3659      52BF8591 
 3660 0176 5A17B91A 		.ascii	"Z\027\271\032b\311\324yv\2642@G\253\203\236\213U\222"
 3660      62C9D479 
 3660      76B43240 
 3660      47AB839E 
 3660      8B5592
 3661 0189 8D087723 		.ascii	"\215\010w#\350\245T\015\367\015(\320\367\336\"\301\266"
 3661      E8A5540D 
 3661      F70D28D0 
 3661      F7DE22C1 
 3661      B6
 3662 019a AD89DCAD 		.ascii	"\255\211\334\255|\255\214H\3102\325\253\206\377*#\201"
 3662      7CAD8C48 
 3662      C832D5AB 
 3662      86FF2A23 
 3662      81
 3663 01ab C88BB960 		.ascii	"\310\213\271`\362\333\371u!\005g\003\352W!%s\205\312"
 3663      F2DBF975 
 3663      21056703 
ARM GAS  /tmp/ccYjAqA9.s 			page 100


 3663      EA572125 
 3663      7385CA
 3664 01be FC28E05F 		.ascii	"\374(\340_]\362\336)Q)\203\372)\256\337\020\331\273"
 3664      5DF2DE29 
 3664      512983FA 
 3664      29AEDF10 
 3664      D9BB
 3665 01d0 07598F94 		.ascii	"\007Y\217\224\177(Y\226-\252g\263\236\264\322\246n["
 3665      7F285996 
 3665      2DAA67B3 
 3665      9EB4D2A6 
 3665      6E5B
 3666 01e2 2D7A936D 		.ascii	"-z\223m]0\015\327\321O$S-\251f7\323\232\262\266\307"
 3666      5D300DD7 
 3666      D14F2453 
 3666      2DA96637 
 3666      D39AB2B6 
 3667 01f7 F1FA06BD 		.ascii	"\361\372\006\275\323\262\333\234\216\204a\306];\323"
 3667      D3B2DB9C 
 3667      8E8461C6 
 3667      5D3BD3
 3668 0206 DEA6379F 		.ascii	"\336\2467\237=\323P\037?\331t\372x\374\\\312Nw&lS\247"
 3668      3DD3501F 
 3668      3FD974FA 
 3668      78FC5CCA 
 3668      4E77266C 
 3669 021c 7DB198CE 		.ascii	"}\261\230\316\313P\245\226\263\311\264\034\335vu\307"
 3669      CB50A596 
 3669      B3C9B41C 
 3669      DD7675C7 
 3670 022c 3618372F 		.ascii	"6\0307/\233\355\256\0233(\\\212v\375\205b\365u\215\015"
 3670      9BEDAE13 
 3670      33285C8A 
 3670      76FD8562 
 3670      F5758D0D 
 3671 0240 871B5BEA 		.ascii	"\207\033[\352\010\351\260\221\261m\267#\366\177\271"
 3671      08E9B091 
 3671      B16DB723 
 3671      F67FB9
 3672 024f 54BB7131 		.ascii	"T\273q1\323jr\316M\332f\242\325\211%\351\017\201b\001"
 3672      D36A72CE 
 3672      4DDA66A2 
 3672      D58925E9 
 3672      0F816201 
 3673 0263 74       		.ascii	"t"
 3674              		.text
 3675              		.section	.gnu.lto_chEvtGetAndClearEvents.342.20964d410ae452ff,"e",%progbits
 3676 0000 789C7D52 		.ascii	"x\234}R]H\024Q\024>\347\356\217kRF&\204A,AI\245;\342"
 3676      5D481451 
 3676      143EE7EE 
 3676      8F6B5246 
 3676      2684412C 
 3677 0019 26E55B25 		.ascii	"&\345[%Q>,\211\333\373\242\343\244\223\215c3\273\232"
 3677      513E2C89 
 3677      DBFBA2E3 
 3677      A4938D63 
 3677      33BB9A
ARM GAS  /tmp/ccYjAqA9.s 			page 101


 3678 002c 88EDE866 		.ascii	"\210\355\350f\202\320\217\202=\224\177=\370\334K?bj"
 3678      82D08F82 
 3678      3D947F3D 
 3678      F8DC4B3F 
 3678      626A
 3679 003e BBDAAA15 		.ascii	"\273\332\252\025bH\017a\241\344\213\201 \222\201?\231"
 3679      62480F61 
 3679      A1E48B81 
 3679      2092813F 
 3679      99
 3680 004f DBB9B39B 		.ascii	"\333\271\263\233\371b0\334{\356\367}\347\273\337=\314"
 3680      F96230DC 
 3680      7BEEF77D 
 3680      E7BBDF3D 
 3680      CC
 3681 0060 6D065081 		.ascii	"m\006P\201\000\307\001\000-\200\355m\255\014\014\303"
 3681      00C70100 
 3681      2D80ED6D 
 3681      AD0C0CC3 
 3682 0070 3897C4B0 		.ascii	"8\227\304\260\261\255uj\342\271\025\207\320\004\020"
 3682      B1AD756A 
 3682      E2B91587 
 3682      D00410
 3683 007f 820C83F8 		.ascii	"\202\014\203\370\324bC{\032ZiMG\247\0206\214\265\350"
 3683      D462437B 
 3683      1A5A694D 
 3683      47A71036 
 3683      8CB5E8
 3684 0092 626FEC74 		.ascii	"bo\354t$\324|9\010\015\375\370\212\354\000l\3500\020"
 3684      24D47C39 
 3684      080DFDF8 
 3684      8AEC006C 
 3684      E83010
 3685 00a5 B289FEF8 		.ascii	"\262\211\376\370\275\3370\222!8\200\011\222A\013nd\230"
 3685      BDDF3092 
 3685      21388009 
 3685      92410B6E 
 3685      6498
 3686 00b7 924EA4F5 		.ascii	"\222N\244\365\024\211\226\177-\264\354{\330\350\010"
 3686      1489967F 
 3686      2DB4EC7B 
 3686      D8E808
 3687 00c6 0EE2B645 		.ascii	"\016\342\266E\0136\037N\201!\204\006\312f\303\024\200"
 3687      0B361F4E 
 3687      81218406 
 3687      CA66C314 
 3687      80
 3688 00d7 FA375C4F 		.ascii	"\3727\\OE]\330,(\327\332\226\033\206\261.\016Gp\033"
 3688      455DD82C 
 3688      28D7DA96 
 3688      1B86B12E 
 3688      0E47701B 
 3689 00eb EF1C8E7E 		.ascii	"\357\034\216~\265\303\010\326\362k\336q\224gY\233\276"
 3689      B5C308D6 
 3689      F26BDE71 
 3689      9467599B 
 3689      BE
ARM GAS  /tmp/ccYjAqA9.s 			page 102


 3690 00fc FF652AA3 		.ascii	"\377e*\243\323\010[\003o\261\336\274(\212\314\326\202"
 3690      D3085B03 
 3690      6FB1DEBC 
 3690      288ACCD6 
 3690      82
 3691 010d 9F8EC473 		.ascii	"\237\216\304s\254\315\266\307^d\215\206\214\011\203"
 3691      ACCDB6C7 
 3691      5E648D86 
 3691      8C0983
 3692 011c 4B1A1212 		.ascii	"K\032\022\022\363A\346u\343O\354c\010\243X\017t\337"
 3692      F341E675 
 3692      E34FEC63 
 3692      08A3580F 
 3692      74DF
 3693 012e 38522022 		.ascii	"8R \"\021\007\361\331\264-ll\306\036\030\341\205\364"
 3693      1107F1D9 
 3693      B42D6C6C 
 3693      C61E18E1 
 3693      85F4
 3694 0140 C85664A1 		.ascii	"\310Vd\241\243\330\301\020\007\320\012D\002t[\370X\015"
 3694      A3D8C110 
 3694      07D00A44 
 3694      02745BF8 
 3694      580D
 3695 0152 2B1A6180 		.ascii	"+\032a\200\036\013\213\037BtXe\306\374\352\024\232\373"
 3695      1E0B8B1F 
 3695      42745865 
 3695      C6FCEA14 
 3695      9AFB
 3696 0164 462ADF56 		.ascii	"F*\337V\326;f\037?B\376\030\016\256\314$c\304,W\206"
 3696      D63B661F 
 3696      3F42FE18 
 3696      0EAECC24 
 3696      63C42C57 
 3697 0179 FAB6163F 		.ascii	"\372\266\026?\247\341H\234\350Y:D{S/\003\214\242=\200"
 3697      A7E1489C 
 3697      E8593A44 
 3697      7B532F03 
 3697      8CA23D80 
 3698 018d 39A6A6AF 		.ascii	"9\246\246\257\353\345\\\027\342X\\\363z.\031\307\021"
 3698      EBE55C17 
 3698      E2585CF3 
 3698      7A2E19C7 
 3698      11
 3699 019e 3659D351 		.ascii	"6Y\323Q\036u\222\3310s\226\335u\3506L\246W\275G\240"
 3699      1E7592D9 
 3699      307396DD 
 3699      75E8364C 
 3699      A657BD47 
 3700 01b3 ED039A13 		.ascii	"\355\003\232\023\312\374F\304M\016O\"\317\325\264<\330"
 3700      CAFC46C4 
 3700      4D0E4F22 
 3700      CFD5B43C 
 3700      D8
 3701 01c4 D7BDE4E0 		.ascii	"\327\275\344\340\356f\314\037\353\035?g\3720\021f~u"
 3701      EE66CC1F 
 3701      EB1D3F67 
ARM GAS  /tmp/ccYjAqA9.s 			page 103


 3701      FA301166 
 3701      7E75
 3702 01d6 06E1370B 		.ascii	"\006\3417\0139\241\025\231\252\020\310\366\230\252\376"
 3702      39A11599 
 3702      AA10C8F6 
 3702      98AAFE
 3703 01e5 7B9B57E8 		.ascii	"{\233W\350\247!\356No\252\305J\254\\\016`al/\367t\322"
 3703      A721EE4E 
 3703      6FAAC54A 
 3703      AC5C0E60 
 3703      616C2FF7 
 3704 01fb 382C56D3 		.ascii	"8,V\323 6\265\303@\204D\377|\373\001\210\321\253\362"
 3704      2036B5C3 
 3704      408444FF 
 3704      7CFB0188 
 3704      D1ABF2
 3705 020e 48057C70 		.ascii	"H\005|p\030\237US\230\037\275B\205\252H\202\246\226"
 3705      189F5553 
 3705      981FBD42 
 3705      85AA4882 
 3705      A696
 3706 0220 0A459A7A 		.ascii	"\012E\232z]\022\375\272PP!\227\312^\177\240LVw\326\276"
 3706      5D12FDBA 
 3706      50502197 
 3706      CA5E7FA0 
 3706      4C5677D6 
 3707 0235 5CB750AB 		.ascii	"\\\267P\253j\225zu\211(\371\374Z\240\252R\360^\365\270"
 3707      6A957A75 
 3707      8928F9FC 
 3707      5AA0AA52 
 3707      F05EF5B8 
 3708 0249 737D978A 		.ascii	"s}\227\212\012/\370\256\311\232R[\242I\002\234p\271"
 3708      0A2FF8AE 
 3708      C99A525B 
 3708      A249029C 
 3708      70B9
 3709 025b 04FA44DE 		.ascii	"\004\372D\336\252\352\011\245\252\013\232_\3205\221"
 3709      AAEA09A5 
 3709      AA0B9A5F 
 3709      D03591
 3710 026a 70A946AA 		.ascii	"p\251F\252\362\353.\021\354\361\352\340?\310\225\233"
 3710      F2EB2E11 
 3710      ECF1EAE0 
 3710      3FC8959B 
 3711 027a 93EF3E9B 		.ascii	"\223\357>\233_\232\003\250\234\334\335G\256\022o\004"
 3711      5F9A03A8 
 3711      9CDCDD47 
 3711      AE126F04 
 3712 028a CA24E2F4 		.ascii	"\312$\342\364:\335U\001I\245%\272T\244\311\027wi\021"
 3712      3ADD5501 
 3712      49A525BA 
 3712      54A4C917 
 3712      776911
 3713 029d 554551AB 		.ascii	"UEQ\253\004\351\226_8_\354\021\012<\336B\257P\240R\332"
 3713      04E9965F 
 3713      385FEC11 
 3713      0A3CDE42 
ARM GAS  /tmp/ccYjAqA9.s 			page 104


 3713      AF50A052 
 3714 02b2 C2BF4E8A 		.ascii	"\302\277N\212.\353\276rQ$\267\274\377\273T\253\032M"
 3714      2EEBBE72 
 3714      5124B7BC 
 3714      FFBB54AB 
 3714      1A4D
 3715 02c4 897C6ACE 		.ascii	"\211|j\316d{H%\222\017u\355\367x\213\235<G\265&g9\217"
 3715      647B4825 
 3715      920F75ED 
 3715      F7788B9D 
 3715      3C47B526 
 3716 02db E500D320 		.ascii	"\345\000\323 I\221\024U\253\203?\001SZ\016"
 3716      49911455 
 3716      AB833F01 
 3716      535A0E
 3717              		.text
 3718              		.section	.gnu.lto_chEvtAddEvents.343.20964d410ae452ff,"e",%progbits
 3719 0000 789C8D52 		.ascii	"x\234\215RQl\024e\020\236\371\367v\357\016\2021\200"
 3719      516C1465 
 3719      109EF9F7 
 3719      76EF0E82 
 3719      3180
 3720 0012 8929C15C 		.ascii	"\211)\301\\L\224\250\364\266i)\312\033\330\030\355\303"
 3720      4C94A8F4 
 3720      B66929CA 
 3720      1BD818ED 
 3720      C3
 3721 0023 254D4F63 		.ascii	"%MOc\2141\227vY\351R\357\266\354\336\2656Ms?=\345\222"
 3721      8C319776 
 3721      59E952EF 
 3721      B6ECDEB5 
 3721      364D733F 
 3722 003a 9AA2ADA4 		.ascii	"\232\242\255\244\017\320\026}\350C\243\215/\212\005"
 3722      0FD0167D 
 3722      E843A38D 
 3722      2F8A05
 3723 0049 5BBC02A5 		.ascii	"[\274\002\245r%\320\\\2126\245\320\244/\330\220`\245"
 3723      7225D05C 
 3723      8A36A5D0 
 3723      A42FD890 
 3723      60A5
 3724 005b 265C2252 		.ascii	"&\\\"R\346\337]J}\300\230\334\355\314?\363\3157\337"
 3724      E6DF5D4A 
 3724      7DC098DC 
 3724      EDCC3FF3 
 3724      CD37DF
 3725 006e CCFF7F26 		.ascii	"\314\377\177&\001\234@\200\027\001\000%\300\236\356"
 3725      019C4080 
 3725      17010025 
 3725      C09EEE
 3726 007d 4E069CF3 		.ascii	"N\006\234\363\275~\206\207\273;o\345\277\367\341\030"
 3726      BD7E8687 
 3726      BB3B6FE5 
 3726      BFF7E118 
 3727 008d 3A018434 		.ascii	":\001\2044\3034~-\311\250lA\037}\237\301\220\232\343"
 3727      C3347E2D 
 3727      C9A86C41 
ARM GAS  /tmp/ccYjAqA9.s 			page 105


 3727      1F7D9FC1 
 3727      909AE3
 3728 00a0 BC38717B 		.ascii	"\2748q{\372\313\312\361\314\247o\245\241}\004\177$:"
 3728      FACBCAF1 
 3728      CCA76FA5 
 3728      A17D047F 
 3728      243A
 3729 00b2 0019031C 		.ascii	"\000\031\003\034\241\224\322\323\263#\234\007!}\006"
 3729      A194D2D3 
 3729      B3239C07 
 3729      217D06
 3730 00c1 BD24832C 		.ascii	"\275$\203,\026J\034H\037\322\367\025\002-\017,e\237"
 3730      164A1C48 
 3730      1FD2F715 
 3730      022D0F2C 
 3730      659F
 3731 00d3 FAE27020 		.ascii	"\372\342p =\212k\024Y\\(\331\010c\010\355T#\343F\200"
 3731      3D8A6B14 
 3731      595C28D9 
 3731      086308ED 
 3731      5423E346 
 3732 00e8 B69F059E 		.ascii	"\266\237\005\236\234\326\234\343\220\256\221\231]p\026"
 3732      9CD69CE3 
 3732      90AE9199 
 3732      5D7016
 3733 00f7 5BDDF038 		.ascii	"[\335\3608\256\305\373\246&\346\0258\207-\242\315\025"
 3733      AEC5FBA6 
 3733      26E61538 
 3733      872DA2CD 
 3733      15
 3734 0108 11155A8A 		.ascii	"\021\025Z\212\363G\257_-\351\3439_\352\002\2669\215"
 3734      F347AF5F 
 3734      2DE9E339 
 3734      5FEA02B6 
 3734      398D
 3735 011a 2690C959 		.ascii	"&\220\311Y\234y\316\325Q,\366\254\376\260\363|\206\377"
 3735      9C79CED5 
 3735      512CF6AC 
 3735      FEB0F37C 
 3735      86FF
 3736 012c C205A4DD 		.ascii	"\302\005\244\335\2038\003\011\332\342\344\011\345\""
 3736      83380309 
 3736      DAE2E409 
 3736      E522
 3737 013a C2796C03 		.ascii	"\302yl\003\3527\211\217\004\331\227\326Z\314\364v-m"
 3737      EA37898F 
 3737      04D997D6 
 3737      5ACCF476 
 3737      2D6D
 3738 014c 132D6862 		.ascii	"\023-hb\333\251\317\243\030\371\301v\257\305\374\221"
 3738      DBA9CFA3 
 3738      18F9C176 
 3738      AFC5FC91 
 3739 015c FE213F01 		.ascii	"\376!?\001>\011\255\355$\277\256\303\314\005i\012i&"
 3739      3E09ADED 
 3739      24BFAEC3 
 3739      CC05690A 
ARM GAS  /tmp/ccYjAqA9.s 			page 106


 3739      6926
 3740 016e 5B74B88C 		.ascii	"[t\270\214D,\222\337\025\344\034\277\277\3729\347\177"
 3740      442C92DF 
 3740      15E41CBF 
 3740      BFFA39E7 
 3740      7F
 3741 017f 54FF3EFA 		.ascii	"T\377>\372\315\206\015\014\361\014\372\200\371e`\001"
 3741      CD860D0C 
 3741      F10CFA80 
 3741      F9656001 
 3742 018f 85FE0003 		.ascii	"\205\376\000\003\222\270:\356C\236\0038)1\367\220\241"
 3742      92B83AEE 
 3742      439E0338 
 3742      2931F790 
 3742      A1
 3743 01a0 C33DC617 		.ascii	"\303=\306\027\307\012\350\330\351\315\302\254\014\367"
 3743      C70AE8D8 
 3743      E9CDC2AC 
 3743      0CF7
 3744 01ae DE3CDE8B 		.ascii	"\336<\336\213ba\"\2702\027\304q\307]\371s\360\301\355"
 3744      626122B8 
 3744      3217C471 
 3744      C75DF973 
 3744      F0C1ED
 3745 01c1 D92D78CE 		.ascii	"\331-x\316M\234\274\363,\331\216\257\030\340\004*),"
 3745      4D9CBCF3 
 3745      2CD98EAF 
 3745      18E0042A 
 3745      292C
 3746 01d3 7330A7FB 		.ascii	"s0\247\373O-\364#^t1?-\004q\022\341>\353x^\210\345\364"
 3746      4F2DF423 
 3746      5E74313F 
 3746      2D047112 
 3746      E13EEB78 
 3747 01eb 4276744B 		.ascii	"BvtKG\002q\031\203$\375*\002\231itna\3071J4\2120\311"
 3747      47027119 
 3747      8324FD2A 
 3747      02996974 
 3747      6E61C731 
 3748 0204 11CCCBCB 		.ascii	"\021\314\313\313\203\003w\002\202\335\221yw\270\367"
 3748      83037702 
 3748      82DD9179 
 3748      77B8F7
 3749 0213 AFB941F4 		.ascii	"\257\271A\364\304,\336\233C\370\207eB\320\211\3148@"
 3749      C42CDE9B 
 3749      43F88765 
 3749      42D089CC 
 3749      3840
 3750 0225 41B6C941 		.ascii	"A\266\311A\215t\025j\351a\012\202\020\346Qb\216\254"
 3750      8D74156A 
 3750      E9610A82 
 3750      10E65162 
 3750      8EAC
 3751 0237 A1E1E305 		.ascii	"\241\341\343\005\2225\345I/\004\3612\302\337\254\343"
 3751      9235E549 
 3751      2F04F132 
 3751      C2DFACE3 
ARM GAS  /tmp/ccYjAqA9.s 			page 107


 3752 0247 ECD02649 		.ascii	"\354\320&I<XM( &\255\216\354\267\010\261_\361\232\010"
 3752      3C584D28 
 3752      2026AD8E 
 3752      ECB708B1 
 3752      5FF19A08 
 3753 025b EDA64505 		.ascii	"\355\246E\005>\370\015\337\247};\376\241Y|\017\274\332"
 3753      3EF80DDF 
 3753      A77D3BFE 
 3753      A1597C0F 
 3753      BCDA
 3754 026d A55249A6 		.ascii	"\245RI\246\332C\350\326\274\333L\222vC\372:\276\343"
 3754      DA43E8D6 
 3754      BCDB4C92 
 3754      7643FA3A 
 3754      BEE3
 3755 027f 2232C7B2 		.ascii	"\"2\307\262()\022\223d\001\277\333\211\377\202\335p"
 3755      28291293 
 3755      6401BFDB 
 3755      89FF82DD 
 3755      70
 3756 0290 6092E28C 		.ascii	"`\222\342\214z\272\253\320s\024I7\346\335\341C8\352"
 3756      7ABAABD0 
 3756      73144937 
 3756      E6DDE143 
 3756      38EA
 3757 02a2 E6F8E2B5 		.ascii	"\346\370\342\265\302\272I\243\340\015\2728\273\031V"
 3757      C2BA49A3 
 3757      E00DBA38 
 3757      BB1956
 3758 02b1 69FD9584 		.ascii	"i\375\225\204\002q\303\350^jGN\034\243j\203\031\327"
 3758      0271C3E8 
 3758      5E6A474E 
 3758      1CA36A83 
 3758      19D7
 3759 02c3 55CBAC57 		.ascii	"U\313\254Wk,\363\240\256%m\265\252\301\2507\242\311"
 3759      6B2CF3A0 
 3759      AE256DB5 
 3759      AAC1A837 
 3759      A2C9
 3760 02d5 D47EC35C 		.ascii	"\324~\303\\\357\307\312+\324\026\323j\264\233\3524="
 3760      EFC7CA2B 
 3760      D416D36A 
 3760      B49BEA34 
 3760      3D
 3761 02e6 96B45289 		.ascii	"\226\264R\211F5\372v\244\242<\366fM\365\353\261\017"
 3761      4635FA76 
 3761      A4A23CF6 
 3761      664DF5EB 
 3761      B10F
 3762 02f8 0D2BDE52 		.ascii	"\015+\336Rg\351*\274\024\016\253\364\323D\251i{H\323"
 3762      67E92ABC 
 3762      140EABF4 
 3762      D344A969 
 3762      7B48D3
 3763 030b 56ADA46A 		.ascii	"V\255\244j[\032\305\365f=\221\264\303\032(\256\267\365"
 3763      5B1AC5F5 
 3763      663D91B4 
ARM GAS  /tmp/ccYjAqA9.s 			page 108


 3763      C31A28AE 
 3763      B7F5
 3764 031d 71285C5E 		.ascii	"q(\\^\266\247\342\265=\365e\240$\364\026\2759\371\362"
 3764      B6A7E2B5 
 3764      3DF565A0 
 3764      24F416BD 
 3764      39F9F2
 3765 0330 93C98C84 		.ascii	"\223\311\214\204\366Qj\277N9\273\325\0167\200\277\276"
 3765      F6516ABF 
 3765      4E39BBD5 
 3765      0E3780BF 
 3765      BE
 3766 0341 CED66B2C 		.ascii	"\316\326k,\343\215'\224hf<n&T\375\343\244\272\2576\242"
 3766      E38D2794 
 3766      68663C6E 
 3766      2654FDE3 
 3766      A4BAAF36 
 3767 0356 5645A2D5 		.ascii	"VE\242\325Q\265\312$\311\325\217\230\342\266a\307\016"
 3767      51B5CA24 
 3767      C9D58F98 
 3767      E2B661C7 
 3767      0E
 3768 0367 681AB155 		.ascii	"h\032\261U\3767K\223i\321\252\210\247\371\325\322\010"
 3768      FE374B93 
 3768      69D1AA88 
 3768      A7F9D5D2 
 3768      08
 3769 0378 A134E2A1 		.ascii	"\2414\342\241\252\322\377#\327\033\266\001\236\216D"
 3769      AAD2FF23 
 3769      D71BB601 
 3769      9E8E44
 3770 0387 6B434275 		.ascii	"kCBu\223e\354\014\275P\006\314\002\177\\\217\233V+<"
 3770      9365EC0C 
 3770      BD5006CC 
 3770      027F5C8F 
 3770      9B562B3C 
 3771 039b 04AFFEBE 		.ascii	"\004\257\376\276c"
 3771      63
 3772              		.text
 3773              		.section	.gnu.lto_chEvtGetAndClearFlagsI.344.20964d410ae452ff,"e",%progbits
 3774 0000 789C4D51 		.ascii	"x\234MQMHTQ\024>\347\334\373^\317iRb\252\205\253\241"
 3774      4D485451 
 3774      143EE7DC 
 3774      FB5ECF69 
 3774      5262AA85 
 3775 0016 5511CD13 		.ascii	"U\021\315\023\007\242\331I.\372\241@0\210h1\214\323"
 3775      07A2D949 
 3775      2EFAA140 
 3775      30886831 
 3775      8CD3
 3776 0028 33277F9E 		.ascii	"3'\177\236\2757&!2WgL\032\0275\021\330\204\230\355\\"
 3776      BD372621 
 3776      3257674C 
 3776      1A173511 
 3776      D88498ED 
 3777 003d 04052E14 		.ascii	"\004\005.\024Q\031!#JAl\3212p\021Y\213ZD\005jv\336\033"
 3777      51192123 
ARM GAS  /tmp/ccYjAqA9.s 			page 109


 3777      4A416CD1 
 3777      32701159 
 3777      8B5A4405 
 3778 0055 FFE0DE73 		.ascii	"\377\340\336s\3569\367\373\316\271\347\273u\0040\012"
 3778      EE39F7FB 
 3778      CEB9E7BB 
 3778      7504300A 
 3779 0065 009778A3 		.ascii	"\000\227x\243\006\370\270\220'PJ\325\035 \312\026\206"
 3779      06F8B890 
 3779      27504AD5 
 3779      1D20CA16 
 3779      86
 3780 0076 086771A9 		.ascii	"\010gq\2518\241\313\\\241r\342\313bL\012|\262\213\220"
 3780      38A1CB5C 
 3780      A172E2CB 
 3780      624C0A7C 
 3780      B28B90
 3781 0089 D857C87F 		.ascii	"\330W\310\177^Z\226\014\362\023\010\031\022\0223\370"
 3781      5E5A960C 
 3781      F2130819 
 3781      121233F8 
 3782 0099 4268A887 		.ascii	"Bh\250\207P\262=\212a\263\244\324\337\205\357c\305\330"
 3782      50B23D8A 
 3782      61B3A4D4 
 3782      DF85EF63 
 3782      C5D8
 3783 00ab 7C76E042 		.ascii	"|v\340B\006z\247p\022\271\037hh(\204\323|\275\374cJ"
 3783      067AA770 
 3783      12B91F68 
 3783      682884D3 
 3783      7CBDFC63 
 3784 00c0 A90AE899 		.ascii	"\251\012\350\231\306\355K\242\034\016U\373\220\"\262"
 3784      C6ED4BA2 
 3784      1C0E55FB 
 3784      9022B2
 3785 00cf 3DC5A09F 		.ascii	"=\305\240\237\037\036\344+\037\365\031\231\031\334-"
 3785      1F1EE42B 
 3785      1FF51999 
 3785      19DC2D
 3786 00de 91C3E1EA 		.ascii	"\221\303\341\352\2030\213\320\353\015\300<\234A\022"
 3786      83308BD0 
 3786      EB0DC03C 
 3786      9C4112
 3787 00ed AF56B492 		.ascii	"\257V\264\222\332\330z\250\324\247\313\033#\223\201"
 3787      DAD87AA8 
 3787      D4A7CB1B 
 3787      239381
 3788 00fc 43082409 		.ascii	"C\010$\011H\023\274%\220n Nc\000\030\034\004V\000F\205"
 3788      4813BC25 
 3788      906E204E 
 3788      6300181C 
 3788      04560046 
 3789 0111 379292A8 		.ascii	"7\222\222\250J\000\317\005\225\203>\016\376\220Z\035"
 3789      4A00CF05 
 3789      95833E0E 
 3789      FE905A1D 
 3790 0121 FE88BE7F 		.ascii	"\376\210\276\177\026\202M\312\206!\217t\307\346^\025"
ARM GAS  /tmp/ccYjAqA9.s 			page 110


 3790      16824DCA 
 3790      86218F74 
 3790      C7E65E15 
 3791 0131 7E7624E4 		.ascii	"~v$\344\271\343e\263N\331\225A\024(\014\275\207\237"
 3791      B9E365B3 
 3791      4ED99541 
 3791      14280CBD 
 3791      879F
 3792 0143 B34EFDFF 		.ascii	"\263N\375\3778$\201\314\034\010\013\221G\2755\005 H"
 3792      382481CC 
 3792      1C080B91 
 3792      47BD3505 
 3792      2048
 3793 0155 67B52808 		.ascii	"g\265(\010\277)\367\255^\010\234\367\247\341\326\342"
 3793      BF29F7AD 
 3793      5E089CF7 
 3793      A7E1D6E2 
 3794 0165 EB6231EA 		.ascii	"\353b1\352u\026~\275M\312\371\375\254\244\247\205\236"
 3794      75167EBD 
 3794      4DCAF9FD 
 3794      ACA4A785 
 3794      9E
 3795 0176 F0B4E01A 		.ascii	"\360\264\340\032\211{\354_\242\214/\340\033\344\373"
 3795      897BEC5F 
 3795      A28C2FE0 
 3795      1BE4FB
 3796 0185 FB4A1989 		.ascii	"\373J\031\211\2678\207t\330\257\"w\007\320v\336\266"
 3796      B7388774 
 3796      D8AF2277 
 3796      07D076DE 
 3796      B6
 3797 0196 FA3AE43D 		.ascii	"\372:\344=gn-(\002\036\227\001\343U7:J\010g\370hd\336"
 3797      676E2D28 
 3797      021E9701 
 3797      E355373A 
 3797      4A0867F8 
 3798 01ad E175F0C6 		.ascii	"\341u\360\306\355\037\213\262,\"\340s&xr&\375\032\257"
 3798      ED1F8BB2 
 3798      2C22E073 
 3798      26787226 
 3798      FD1AAF
 3799 01c0 DAA1887D 		.ascii	"\332\241\210}\224\367\036E?\201e\225&\313\330\271\265"
 3799      94F71E45 
 3799      3F816595 
 3799      26CBD8B9 
 3799      B5
 3800 01d1 63426EA3 		.ascii	"cBn\243\215}\340%\274\006\236 \331\247\203\013$\202"
 3800      8D7DE025 
 3800      BC069E20 
 3800      D9A7830B 
 3800      2482
 3801 01e3 42728B2D 		.ascii	"Br\213-\352\017\213 \370\037\200{\037\000\320h\266\330"
 3801      EA0F8B20 
 3801      F81F807B 
 3801      1F00D068 
 3801      B6D8
 3802 01f5 ED96E9D8 		.ascii	"\355\226\351\330Mf\203c\337\266\222i\327\254oI5\245"
ARM GAS  /tmp/ccYjAqA9.s 			page 111


 3802      4D668363 
 3802      DFB69269 
 3802      D7AC6F49 
 3802      35A5
 3803 0207 1AD35D37 		.ascii	"\032\323]7S\366\376s\2746jv\333N\253\333\231HZ\361\264"
 3803      53F6FE73 
 3803      BC366A76 
 3803      DB4EABDB 
 3803      99485AF1 
 3804 021c D3D5D16A 		.ascii	"\323\325\321j6^\275\022\255\215\237o\270x.\336\234r"
 3804      365EBD12 
 3804      AD8D9F6F 
 3804      B8782EDE 
 3804      9C72
 3805 022e DABB138E 		.ascii	"\332\273\023\216e\302\311H\304\344\225\364\250\266\273"
 3805      65C2C948 
 3805      C4E495F4 
 3805      A8B6BB
 3806 023d 8DB45DD3 		.ascii	"\215\264]\323I\233\256\223\344\274u\327\352H\273\221"
 3806      499BAE93 
 3806      E4BC75D7 
 3806      EA48BB91 
 3807 024d 2408ABAD 		.ascii	"$\010\253\255\363\310^\034\251\255\211E\317\306\232"
 3807      F3C85E1C 
 3807      A9AD8945 
 3807      CFC69A
 3808 025c 6A406B6E 		.ascii	"j@knK\334r\377\003\001(\360\267"
 3808      4BDC72FF 
 3808      030128F0 
 3808      B7
 3809              		.text
 3810              		.section	.gnu.lto_chEvtGetAndClearFlags.345.20964d410ae452ff,"e",%progbits
 3811 0000 789C7D52 		.ascii	"x\234}RmlSe\024>\347}o\357Z\231\3148A\361\207iH\014"
 3811      6D6C5365 
 3811      143EE77D 
 3811      6FEF5A99 
 3811      CC3841F1 
 3812 0018 7E40EFB2 		.ascii	"~@\357\262\372\265\177\352bt\232\306\205\372\021\177"
 3812      FAB57FEA 
 3812      62749AC6 
 3812      85FA117F 
 3813 0028 98A6BB5C 		.ascii	"\230\246\273\\\266+\353\356\274\267c.d\351\245-\020"
 3813      B62BEBEE 
 3813      BCB7632E 
 3813      64E9A52D 
 3813      10
 3814 0039 6B548A42 		.ascii	"kT\212B\234\002\203\0373\230\230\370\203\250\013\302"
 3814      9C02831F 
 3814      339898F8 
 3814      83A80BC2 
 3815 0049 E8803225 		.ascii	"\350\2002%|\314\201d\251\206i\177\210J\262,\016\245"
 3815      7CCC8164 
 3815      A986697F 
 3815      884AB22C 
 3815      0EA5
 3816 005b 917D78DE 		.ascii	"\221}x\336\267\335\334\037L\332\367\343\234\347<\317"
 3816      B7DDDC1F 
ARM GAS  /tmp/ccYjAqA9.s 			page 112


 3816      4CDAF7E3 
 3816      9CE73CCF 
 3817 006b F39E733F 		.ascii	"\363\236s?\345\000&\002<\017\000\350\001\334\225\315"
 3817      E5002602 
 3817      3C0F00E8 
 3817      01DC95CD 
 3818 007b 30705DF7 		.ascii	"0p]\367\311*\306R\331w\030\036\303s}\207U%\235]~\370"
 3818      C92AC652 
 3818      D977181E 
 3818      C3737D87 
 3818      55259D5D 
 3819 0091 D7B30D0A 		.ascii	"\327\263\015\012\307\017\027\021\012n\315f&\306G\025"
 3819      C70F1711 
 3819      0A6ECD66 
 3819      26C64715 
 3820 00a1 02C90042 		.ascii	"\002\311\000B\202q\005\023x\220{P\255E\205\326\025\350"
 3820      82710513 
 3820      78907B50 
 3820      AD4585D6 
 3820      15E8
 3821 00b3 D772AE5B 		.ascii	"\327r\256[\312_\333\331\3370\234\332\366\\\002z\007"
 3821      CA5FDBD9 
 3821      DF309CDA 
 3821      F65C027A 
 3821      07
 3822 00c4 F16B9204 		.ascii	"\361k\222\004\360\240\327EXG\351\321\311A\327\365\301"
 3822      F0A0D745 
 3822      5847E9D1 
 3822      C941D7F5 
 3822      C1
 3823 00d5 96235849 		.ascii	"\226#XI2\226\306S\253$\244\017i}\230@S\377\274\235Y"
 3823      3296C653 
 3823      AB24A40F 
 3823      697D9840 
 3823      53FFBC9D 
 3824 00ea BE73AB37 		.ascii	"\276s\2537q\024\027)\3228\272j\031\034C\350\025\376"
 3824      71141729 
 3824      D238BA6A 
 3824      191C43E8 
 3824      15FE
 3825 00fc 711940CF 		.ascii	"q\031@\317q\201\247CwN\036\310\331\340\374#0\204\335"
 3825      7181A743 
 3825      774E1EC8 
 3825      D9E0FC23 
 3825      3084DD
 3826 010f E5F0302E 		.ascii	"\345\3600.\306\367\036\317\377\244\302\011\354\0222"
 3826      C6F71ECF 
 3826      FFA4C209 
 3826      EC1232
 3827 011e 67445478 		.ascii	"gDTx)]z\357\307\013\367\356us\212s\012{\244P\036\231"
 3827      295D7AEF 
 3827      C70BF7EE 
 3827      75738A73 
 3827      0A7BA450 
 3828 0134 9AC64BF7 		.ascii	"\232\306K\367\225}\224\246v\315\177\271\366d\312\375"
 3828      957D94A6 
 3828      76CD7FB9 
ARM GAS  /tmp/ccYjAqA9.s 			page 113


 3828      F664CAFD 
 3829 0144 D61590DE 		.ascii	"\326\025\220\336\012D>H\320\226F>QO#\234\304\036 \275"
 3829      0A443E48 
 3829      D096463E 
 3829      514F239C 
 3829      C41E20BD 
 3830 0158 112443E2 		.ascii	"\021$C\342Ex\024Y\325\027c\236\234;3\377\276\233\273"
 3830      45781459 
 3830      D517639E 
 3830      9C3B33FF 
 3830      BE9BBB
 3831 016b BAE2E050 		.ascii	"\272\342\340P\341j\337+5\010\314\313\200\3718\375\025"
 3831      E16ADF2B 
 3831      3508CCCB 
 3831      80F938FD 
 3831      15
 3832 017c 60B7A988 		.ascii	"`\267\251\210G\320\007\004\257\006F\244\373\271h\267"
 3832      47D00704 
 3832      AF0646A4 
 3832      FBB968B7 
 3833 018c ABA09B03 		.ascii	"\253\240\233\003\350\347\254|I\321\345\006s\213\177"
 3833      E8E7AC7C 
 3833      49D1E506 
 3833      738B7F
 3834 019b 5D44B997 		.ascii	"]D\271\227j\305\266\272\274\334d\251\261\035\310\221"
 3834      6AC5B6BA 
 3834      BCDC64A9 
 3834      B11DC891 
 3835 01ab ABEA1692 		.ascii	"\253\352\026\222\276\311\222ste\034a\226m\363s\236A"
 3835      BEC99273 
 3835      74651C61 
 3835      966DF373 
 3835      9E41
 3836 01bd D56C05E0 		.ascii	"\325l\005\340L\245\231\261\333\341o\226\376\243\221"
 3836      4CA599B1 
 3836      DBE16F96 
 3836      FEA391
 3837 01cc 733C237B 		.ascii	"s<#{J\"\374\267\263}A\241\301%\337,K\373!\203L\217\212"
 3837      4A22FCB7 
 3837      B37D41A1 
 3837      C125DF2C 
 3837      4BFB2183 
 3838 01e3 37AA11D1 		.ascii	"7\252\021\321*\342\210\274I\373\347\250\274~\036\317"
 3838      2AE288BC 
 3838      49FBE7A8 
 3838      BC7E1ECF 
 3839 01f3 21E5B7BB 		.ascii	"!\345\267\273\2567r\001\207\220\335)Y\224E\253\236\005"
 3839      AE377201 
 3839      8790DD29 
 3839      599445AB 
 3839      9E05
 3840 0205 6FC519E9 		.ascii	"o\305\031\351szv\367\225\217\367\240\030\205\010N\027"
 3840      737A76F7 
 3840      958FF7A0 
 3840      1885084E 
 3840      17
 3841 0216 7C382C8F 		.ascii	"|8,\217\323\277\014\314]\033\257\305\023\345D\377\344"
ARM GAS  /tmp/ccYjAqA9.s 			page 114


 3841      D3BF0CCC 
 3841      5D1BAFC5 
 3841      13E544FF 
 3841      E4
 3842 0227 3DB4270F 		.ascii	"=\264'\0170\300<\252\016\326I\314g\373\276\232\330\207"
 3842      30C03CAA 
 3842      0ED649CC 
 3842      67FBBE9A 
 3842      D887
 3843 0239 78BA8CF9 		.ascii	"x\272\214\371f\302\207#\0103,\271Z4\372<\363\340\232"
 3843      66C28723 
 3843      08332CB9 
 3843      5A34FA3C 
 3843      F3E09A
 3844 024c 09B6DDFB 		.ascii	"\011\266\335\373\232\207\272\0100\206@\333E\374^\230"
 3844      9A87BA08 
 3844      308640DB 
 3844      45FC5E98 
 3845 025c 5E53A4C4 		.ascii	"^S\244\304\253\"\374\003\212\376%\247~\036\330?\351"
 3845      AB22FC03 
 3845      8AFE25A7 
 3845      7E1ED83F 
 3845      E9
 3846 026d 15ECB29D 		.ascii	"\025\354\262\235\177\316\356\276^\030\300\212\231\342"
 3846      7FCEEEBE 
 3846      5E18C08A 
 3846      99E2
 3847 027b 8D82E858 		.ascii	"\215\202\350XJ\276\375\3450\005\331\335\0225\370\356"
 3847      4ABEFDE5 
 3847      3005D9DD 
 3847      1235F8EE 
 3848 028b 5C983E7A 		.ascii	"\\\230>z\321\330\241\337\253\271Ot\201\236z\250\346"
 3848      D1D8A1DF 
 3848      ABB94F74 
 3848      819E7AA8 
 3848      E6
 3849 029c 45FB3B84 		.ascii	"E\373;\204\307\350\350M\214c\010\244\304\201 \215\222"
 3849      C7E8E84D 
 3849      8C6308A4 
 3849      C481208D 
 3849      92
 3850 02ad FB2461F6 		.ascii	"\373$a\366\262,\272~\250f\241\204/))\210\022\365\201"
 3850      B22CBA7E 
 3850      A866A184 
 3850      2F292988 
 3850      12F581
 3851 02c0 B295E207 		.ascii	"\262\225\342\007\227\227\210\277\000\025\355\342\236"
 3851      979788BF 
 3851      0015EDE2 
 3851      9E
 3852 02cd 9565D995 		.ascii	"\225e\331\225\\\251px\227P\\\301&\020\003O}\264#\317"
 3852      5CA97078 
 3852      97505CC1 
 3852      2610034F 
 3852      7DB423CF 
 3853 02e1 78355748 		.ascii	"x5WHx\236%\375\274\032\344\247\204\345\221$s\342\032"
 3853      789E25FD 
ARM GAS  /tmp/ccYjAqA9.s 			page 115


 3853      BC1AE4A7 
 3853      84E59124 
 3853      73E21A
 3854 02f4 D6DAAC98 		.ascii	"\326\332\254\230\241\331V\213\326l[o\030z\334\321\032"
 3854      A1D9568B 
 3854      D66C5B6F 
 3854      187ADCD1 
 3854      1A
 3855 0305 DBCC1633 		.ascii	"\333\314\0263\034\357\332`ZK\317\221\372\240\326m\331"
 3855      1CEFDA60 
 3855      5A4BCF91 
 3855      FAA0D66D 
 3855      D9
 3856 0316 9B9CCEA8 		.ascii	"\233\234\316\250nD\342vW\307&-\374R(X\037y\266\271\351"
 3856      6E44E276 
 3856      57C7262D 
 3856      FC522858 
 3856      1F79B6B9 
 3857 032b E9C846D3 		.ascii	"\351\310F\323\216uGmC\203\007\003\001\215~\272(\265"
 3857      8E75476D 
 3857      43830703 
 3857      018D7EBA 
 3857      28B5
 3858 033d 9C0AD272 		.ascii	"\234\012\322r4;\2569\266Nqc\263\321\021w\002:p\243\275"
 3858      343BAE39 
 3858      B64E7163 
 3858      B3D11177 
 3858      023A70A3 
 3859 0352 F3AEFFEE 		.ascii	"\363\256\377\356\201\372\272\206\340\023\015-u\340\331"
 3859      81FABA86 
 3859      E0130D2D 
 3859      75E0D9
 3860 0361 D81E6D75 		.ascii	"\330\036mu\036\2725\221\331\241\267wm0(\347\3648\201"
 3860      1EBA3591 
 3860      D9A1B777 
 3860      6D3028E7 
 3860      F43881
 3861 0374 36A86A89 		.ascii	"6\250j\211:F\263m>s\213\022\335\212\305\254\016\315"
 3861      3A46B36D 
 3861      3E738B12 
 3861      DD8AC5AC 
 3861      0ECD
 3862 0386 782BAE3D 		.ascii	"x+\256=\265>\2445\206\302Ma\255\321\"\273M\013L1\307"
 3862      B53EA435 
 3862      86C24D61 
 3862      ADD122BB 
 3862      4D0B4C31 
 3863 039b 7422ADBA 		.ascii	"t\"\255\272Nl\217\376?K\247eS\233\210g\363\343\353B"
 3863      4E6C8FFE 
 3863      3F4BA765 
 3863      539B8867 
 3863      F3E3EB42 
 3864 03af 84D28987 		.ascii	"\204\322\211\207\252\356\010\205\327\373\205\217N\333"
 3864      AAEE0885 
 3864      D7FB858F 
 3864      4EDB
 3865 03bd 5CEBBFBF 		.ascii	"\\\353\277\277\016\230\015U1#f\331=\360/,\004\264\303"
ARM GAS  /tmp/ccYjAqA9.s 			page 116


 3865      0E980D55 
 3865      312366D9 
 3865      3DF02F2C 
 3865      04B4C3
 3866              		.text
 3867              		.section	.gnu.lto_chEvtSignalI.346.20964d410ae452ff,"e",%progbits
 3868 0000 789C6D52 		.ascii	"x\234mR]hTW\020\236\231s\177\023bP\023\321\2026\355"
 3868      5D685457 
 3868      109E9973 
 3868      7F136250 
 3868      13D18236 
 3869 0015 5B2BCD95 		.ascii	"[+\315\225\004\304\274\211AD\212\250D\261>\224m\262"
 3869      04C4BC89 
 3869      41448AA8 
 3869      44B13E94 
 3869      6DB2
 3870 0027 5D9B5592 		.ascii	"]\233U\222\015\273\033E\026\3111\033\215\254\017f%B"
 3870      0DBB1B45 
 3870      16C9311B 
 3870      8DAC0F66 
 3870      2542
 3871 0039 F665FDE9 		.ascii	"\366e\375\351\313\026\232\026*\005#\032\266XE$\242H"
 3871      CB169A16 
 3871      2A05231A 
 3871      B6584524 
 3871      A248
 3872 004b 1B7F5049 		.ascii	"\033\177PI\003M\363\323RQQ1\256q\316\271\311j\304\313"
 3872      034DF3D3 
 3872      52515131 
 3872      AE71CEB9 
 3872      C96AC4CB 
 3873 005f 9D73EECC 		.ascii	"\235s\356\314\375\346\373\346\314\234.\001\220\005\200"
 3873      FDE6FBE6 
 3873      CC9C2E01 
 3873      900580
 3874 006e 1C1B9600 		.ascii	"\034\033\226\000\036O\247\010\244\224km\242d\372(\341"
 3874      1E4FA708 
 3874      A4946B6D 
 3874      A264FA28 
 3874      E1
 3875 007f 45BC9E39 		.ascii	"E\274\2369k\031]\351\005g\307\206\352\014\201\275E\204"
 3875      6B195DE9 
 3875      0567C786 
 3875      EA0C81BD 
 3875      4584
 3876 0091 41877CC4 		.ascii	"A\207|\304\277\337\377Ui\034N/\350\275\237\375\3340"
 3876      BFDFFF55 
 3876      691C4E2F 
 3876      E8BD9FFD 
 3876      DC30
 3877 00a3 A9AFE717 		.ascii	"\251\257\347\027d@\225\012\351\335\242\356t\251\006"
 3877      6440950A 
 3877      E9DDA2EE 
 3877      74A906
 3878 00b2 657A4651 		.ascii	"ezFQ\243l\215\232\037s0s\374\314'>\267\213\007\323)"
 3878      A36C8D9A 
 3878      1F733073 
ARM GAS  /tmp/ccYjAqA9.s 			page 117


 3878      FCCC273E 
 3878      B78B07D3 
 3879 00c7 97B9B587 		.ascii	"\227\271\265\207\320A\3020-\333q\261\003O\013\217\243"
 3879      D041C230 
 3879      2DDB71B1 
 3879      034F0B8F 
 3879      A3
 3880 00d8 2F2E4F9D 		.ascii	"/.O\235\372u\231\314\345q\022\240\003\364c\242\265\030"
 3880      FA7599CC 
 3880      E57112A0 
 3880      03F463A2 
 3880      B518
 3881 00ea 0D5E2BB1 		.ascii	"\015^+\261\312DG\"|\221\227\362\346\305sR\272p\340<"
 3881      CA444722 
 3881      7C9197F2 
 3881      E6C57352 
 3881      BA70E03C 
 3882 00fe 760CE039 		.ascii	"v\014\3409\004 Lba)\003\372f\001\0174 q\241\010\240"
 3882      04204C62 
 3882      612903FA 
 3882      66010F34 
 3882      2071A108 
 3883 0113 241E5906 		.ascii	"$\036Y\006P\3523s\004I\374|\313\314\313W3\307\244\374"
 3883      50EA3373 
 3883      0449FC7C 
 3883      CBCCCB57 
 3883      33C7A4FC 
 3884 0127 6F0CAFAE 		.ascii	"o\014\257\256\254D \203\200L\301f\000Y&\233\005d\333"
 3884      AC442083 
 3884      804CC166 
 3884      0059269B 
 3884      0564DB
 3885 013a BC3B6C2E 		.ascii	"\274;l.[\011[9\342y\\\210x\201i\262\002f\370\021(\363"
 3885      5B095B39 
 3885      E2795C88 
 3885      788169B2 
 3885      0266F811 
 3886 0150 002705F9 		.ascii	"\000'\005\371\316Av\236\223\034\275;\214P\240d\025\244"
 3886      CE41769E 
 3886      931CBD3B 
 3886      8C50A064 
 3886      15A4
 3887 0162 90222D5C 		.ascii	"\220\"-\\F\211\016\337[\242\266O\375e\232\222\267\272"
 3887      46890EDF 
 3887      5BA2B64F 
 3887      FD659A92 
 3887      B7BA
 3888 0174 51A028B7 		.ascii	"Q\240(\267\0160\3414u\276f\227\204\312<T%D\012\255\360"
 3888      0E30E134 
 3888      75BE6697 
 3888      84CA3C54 
 3888      25440AAD 
 3889 0189 7700822C 		.ascii	"w\000\202,\356\032\225\3013\352\232\254\027\002\177"
 3889      EE1A95C1 
 3889      33EA9AAC 
 3889      17027F
 3890 0198 43DDA193 		.ascii	"C\335\241\223B\214\017ej\225\244\320|\005\352\322z\301"
ARM GAS  /tmp/ccYjAqA9.s 			page 118


 3890      428C0F65 
 3890      6A95A4D0 
 3890      7C05EAD2 
 3890      7AC1
 3891 01aa 46DDBE00 		.ascii	"F\335\276\000\362\312\034\201\375\274\377\210\306\327"
 3891      F2CA1C81 
 3891      FDBCFF88 
 3891      C6D7
 3892 01b8 97F177E4 		.ascii	"\227\361w\344\377\207\245t\002Wp\020i\221f1\212\225"
 3892      FF87A574 
 3892      02577010 
 3892      69916631 
 3892      8A95
 3893 01ca 9B73B58D 		.ascii	"\233s\265\215>\\\242\312\031\374\241\202G\305\271<#"
 3893      3E5CA2CA 
 3893      19FCA182 
 3893      47C5B93C 
 3893      23
 3894 01db 67E73779 		.ascii	"g\3477y\204\325\220\270\212;@\025\233\354\345bMa\210"
 3894      84D590B8 
 3894      8A3B4015 
 3894      9BECE562 
 3894      4D6188
 3895 01ee 850AFA38 		.ascii	"\205\012\3728\205\357\003\257)\24005\337\023n\207\""
 3895      85EF03AF 
 3895      29A03035 
 3895      DF136E87 
 3895      22
 3896 01ff 9C2813D6 		.ascii	"\234(\023\326|\234\372\332>\204\015\314\311\347\233"
 3896      7C9CFADA 
 3896      3E840DCC 
 3896      C9E79B
 3897 020e B8F491B0 		.ascii	"\270\364\221\260\254\355|}\375\023\232#\331\324O\250"
 3897      ACED7C7D 
 3897      FD139A23 
 3897      D9D44FA8 
 3898 021e 6A43953E 		.ascii	"jC\225>\360\340o[\330\263\004\343\3135\203\211\232c"
 3898      F0E06F5B 
 3898      D8B304E3 
 3898      CB358389 
 3898      9A63
 3899 0230 EB0DDC0C 		.ascii	"\353\015\334\014\232.\367q\342&n\362k\354\353.\220p"
 3899      9A2EF771 
 3899      E2266EF2 
 3899      6BECEB2E 
 3899      9070
 3900 0242 B84C5B77 		.ascii	"\270L[w\357\322?\375_\011\307J\370\015d~\353\306\243"
 3900      EFD23FFD 
 3900      5F09C74A 
 3900      F80D647E 
 3900      EBC6A3
 3901 0255 97397F6A 		.ascii	"\2279\177jZ}\252?\241\365Kg\377\333\231\323\203=Z_\227"
 3901      5A7DAA3F 
 3901      A1F54B67 
 3901      FFDB99D3 
 3901      833D5A5F 
 3902 026a 3FF090F5 		.ascii	"?\360\220\365\335\017\353\377\361\216\376\237\363\364"
ARM GAS  /tmp/ccYjAqA9.s 			page 119


 3902      DD0FEBFF 
 3902      F18EFE9F 
 3902      F3F4
 3903 0278 4B58DFF5 		.ascii	"KX\337\365\371\377\357\337)\\1w:\347\312\211\023G\260"
 3903      F9FFEFDF 
 3903      295C3177 
 3903      3AE7CA89 
 3903      1347B0
 3904 028b 7867A687 		.ascii	"xg\246\207I\251<\315U\316)\210y\012\267\213\012e_\336"
 3904      49A93CCD 
 3904      55CE2988 
 3904      790AB78B 
 3904      0A655FDE 
 3905 029f C18D7C93 		.ascii	"\301\215|\223\371&\250\304\002'\362\360O\325\251\351"
 3905      F926A8C4 
 3905      0227F2F0 
 3905      4FD5A9E9 
 3906 02af 6F58CF5D 		.ascii	"oX\317]/\247\025Z\301e\2644\264\302\014u\216\244wh\345"
 3906      2FA7155A 
 3906      C165B434 
 3906      B4C20C75 
 3906      8EA47768 
 3907 02c4 AC403FAE 		.ascii	"\254@?\256\256.@\203\327\034i\011y\321H\223\267%\032"
 3907      AE2E4083 
 3907      D71C6909 
 3907      79D14893 
 3907      B7251A
 3908 02d7 D91D0AC6 		.ascii	"\331\035\012\306c^}s\270)\334\020o\3776\034y\367;PS"
 3908      635E7D73 
 3908      B829DC10 
 3908      6FFF361C 
 3908      79F73B50 
 3909 02ec EBED8B44 		.ascii	"\353\355\213D\367\304\332\032\203\241@<\332\336\272"
 3909      F7C4DA1A 
 3909      83A1403C 
 3909      DADEBA
 3910 02fb C76BD8B6 		.ascii	"\307k\330\266\251\266&\260a\313\306u\201]\341h\313\276"
 3910      A9B626B0 
 3910      61CBC675 
 3910      815DE168 
 3910      CBBE
 3911 030d C668C883 		.ascii	"\306h\310\203\317\252\253=~\203*5\022\233EFb^4\356\305"
 3911      CFAAAB3D 
 3911      7E832A35 
 3911      129B4546 
 3911      625E34EE 
 3912 0322 A2418E87 		.ascii	"\242A\216\207\366\206Z\343\261\352 P\274\255\342\255"
 3912      F6865AE3 
 3912      B1EA2050 
 3912      BCADE2AD 
 3913 0332 5B5DB3AA 		.ascii	"[]\263\252\256vM]\323*\260\374\320\033\257,v\260"
 3913      AE764D5D 
 3913      D32AB0FC 
 3913      D01BAF2C 
 3913      76B0
 3914              		.text
 3915              		.section	.gnu.lto_chEvtSignal.347.20964d410ae452ff,"e",%progbits
ARM GAS  /tmp/ccYjAqA9.s 			page 120


 3916 0000 789C7D52 		.ascii	"x\234}R]l\024U\030\375\316\2753\323\335h\210\006\221"
 3916      5D6C1455 
 3916      18FDCEBD 
 3916      33D3DD68 
 3916      880691
 3917 0013 E283D990 		.ascii	"\342\203\331\220\030T`\247iC\264ojcHc6VV\323\030\037"
 3917      185460A7 
 3917      6943B46F 
 3917      6A634863 
 3917      365656D3 
 3918 0029 36DB61B4 		.ascii	"6\333a\264c\335N\231\331R7\204\354u\267bR\243\246D\214"
 3918      63DD4E99 
 3918      D9523784 
 3918      EC75B762 
 3918      52A3A644 
 3919 003e 28B4F8D0 		.ascii	"(\264\370\320D\023\023\037\210\246\320Z\266`[C\370\263"
 3919      4413131F 
 3919      88A6D05A 
 3919      B6605B43 
 3919      F8B3
 3920 0050 D2682AA1 		.ascii	"\322h*\241\270\017h Ab\0114\201R\357\275\273\024^p\262"
 3920      B80F6820 
 3920      41620934 
 3920      8152EFBD 
 3920      BB145E70 
 3921 0065 33F77EE7 		.ascii	"3\367~\347;\337\2313\347\356\223\234\310\003\321f\""
 3921      3BDF9933 
 3921      E7EE939C 
 3921      C803D166 
 3921      22
 3922 0076 8249D8DD 		.ascii	"\202I\330\335\337\307H\010\361\\\015c\305\376\017\031"
 3922      DFC74808 
 3922      F15C0D63 
 3922      C5FE0F19 
 3923 0086 7EC4C9BD 		.ascii	"~\304\311\275\007-\243\267\177\305\301\213'\032\015"
 3923      072DA3B7 
 3923      7FC5C18B 
 3923      271A0D
 3924 0095 8E4F9719 		.ascii	"\216O\227\031\006\336\353\357\213J\206\256@y\306\015"
 3924      06DEEBEF 
 3924      8B4A86AE 
 3924      4079C60D 
 3925 00a5 E4F115B7 		.ascii	"\344\361\025\267%\2600q\371\300\310\032\361u\011\227"
 3925      25B03071 
 3925      F9C0C81A 
 3925      F1750997 
 3926 00b5 88F2A42F 		.ascii	"\210\362\244/\023\326J\030\362\271\0121\023\021\001"
 3926      13D64A18 
 3926      F2B90A31 
 3926      131101
 3927 00c4 DA5812E2 		.ascii	"\332X\022\342\314\350\260\020Q\332y\030\371C\030\226"
 3927      CCE8B010 
 3927      51DA7918 
 3927      F9431896 
 3928 00d4 5E188A18 		.ascii	"^\030\212\030\251\225\204\317\253\204s\232\260ct\231"
 3928      A99584CF 
 3928      AB84739A 
ARM GAS  /tmp/ccYjAqA9.s 			page 121


 3928      B0637499 
 3929 00e4 C08A98AC 		.ascii	"\300\212\230\254%z@+\303\204\334\344\216\200\364\246"
 3929      257A402B 
 3929      C384DCE4 
 3929      8E80F4A6 
 3930 00f4 A7A437D2 		.ascii	"\247\2447\322\302\360?\233h\014=\025x\034\313\370\276"
 3930      C2F03F9B 
 3930      680C3D15 
 3930      781CCBF8 
 3930      BE
 3931 0105 2313E72C 		.ascii	"#\023\347,:\212nYG\216+T\275e\341\354\307\177\234~l"
 3931      3A8A6E59 
 3931      478E2B54 
 3931      BD65E1EC 
 3931      C77F9C7E 
 3932 011a 9F2819E1 		.ascii	"\237(\031\341O\310\351\027M\200YE\234}\334\304zE\270"
 3932      4FC8E917 
 3932      4D805945 
 3932      9C7DDCC4 
 3932      7A45B8
 3933 012d BA7BE9FB 		.ascii	"\272{\351\373\015\307\212\342g\241(\371*E\177\227\222"
 3933      0DC78AE2 
 3933      67A128F9 
 3933      2A457F97 
 3933      92
 3934 013e 5D98FAD2 		.ascii	"]\230\372\322\232\004\035CN\031\233\2024$\233`5\337"
 3934      9A041D43 
 3934      4E199B82 
 3934      34249B60 
 3934      35DF
 3935 0150 4D9B2571 		.ascii	"M\233%qk\351\023Q\372k\325\370\365\362\305\231\326\025"
 3935      6BE91351 
 3935      FA6BD5F8 
 3935      F5F2C599 
 3935      D615
 3936 0162 201661C4 		.ascii	" \026a\304\242\\\336&p\030\021`T\262\007\270\212V\030"
 3936      A25CDE26 
 3936      70181160 
 3936      54B207B8 
 3936      8A5618
 3937 0175 1025A241 		.ascii	"\020%\242A\316*EQ\0267\230(\037\372\015j][y\334d\305"
 3937      CE2A4551 
 3937      16379828 
 3937      1FFA0D6A 
 3937      5D5B79DC 
 3938 018b E90FC0C1 		.ascii	"\351\017\300\301Mk\247\034\275\311\012\267e\3118h\221"
 3938      4D6BA71C 
 3938      BDC90AB7 
 3938      65C93868 
 3938      91
 3939 019c BD1FE3BC 		.ascii	"\275\037\343\274\017V\207G\304\231%\317\206=H\327Y\357"
 3939      0F568747 
 3939      C49925CF 
 3939      863D48D7 
 3939      59EF
 3940 01ae A526CE71 		.ascii	"\245&\316q\034\3720\0069\377\373\304\336\006%\316\265"
 3940      1CFA3006 
ARM GAS  /tmp/ccYjAqA9.s 			page 122


 3940      39FFFBC4 
 3940      DE0625CE 
 3940      B5
 3941 01bf DE22EB8D 		.ascii	"\336\"\353\215Q\037\230\353\350\223J\253`\244Fz\233"
 3941      511F98EB 
 3941      E8934AAB 
 3941      60A4467A 
 3941      9B
 3942 01d0 5CBF8591 		.ascii	"\\\277\205\221:\205\223\220\375]BD\322\2471\006\366"
 3942      3A859390 
 3942      FD5D4244 
 3942      D2A73106 
 3942      F6
 3943 01e1 B0563196 		.ascii	"\260V1\226=\232w\274\225GW\253e~q\317\371/>\203\012"
 3943      3D9A77BC 
 3943      954757AB 
 3943      657E71CF 
 3943      F92F3E83 
 3944 01f6 5E81F3B3 		.ascii	"^\201\363\263Q\214\353\355\374\237C\267/\377\276\022"
 3944      518CEBED 
 3944      FC9F43B7 
 3944      2FFFBE12 
 3945 0206 472B8DC1 		.ascii	"G+\215\301+\265r-\034`\204\011X!\3524\347\233\375?\314"
 3945      2BB5722D 
 3945      1C608409 
 3945      5821EA34 
 3945      E79BFD3F 
 3946 021b ED07262B 		.ascii	"\355\007&+\234\221\271(\246@\267Xa\255\212\365\0243"
 3946      9C91B928 
 3946      A640B758 
 3946      61AD8AF5 
 3946      1433
 3947 022d B16E8EED 		.ascii	"\261n\216\355\212\274a\"*mL\203\344\362+~Q\246\327\225"
 3947      8ABC6122 
 3947      2A6D4C83 
 3947      E4F22B7E 
 3947      51A6D795 
 3948 0241 65E37505 		.ascii	"e\343u\005\317@\005W\270zah\340JD\251\353\034\377]\334"
 3948      CF400557 
 3948      B87A6168 
 3948      E04A44A9 
 3948      EB1CFF5D 
 3949 0256 736D7608 		.ascii	"smv\010U3\345\033\263*\261\242\376\366\326\327$\310"
 3949      5533E51B 
 3949      B32AB1A2 
 3949      FEF6D6D7 
 3949      24C8
 3950 0268 1ED5ACE1 		.ascii	"\036\325\254\341\217\306Z\345\237[\247\251z\257\274"
 3950      8FC65AE5 
 3950      9F5BA7A9 
 3950      7AAFBC
 3951 0277 2CC33479 		.ascii	",\3034y\204\255\321cgV\337\235z\211\252C\345\351{\320"
 3951      84ADD163 
 3951      6756DF9D 
 3951      7A89AA43 
 3951      E5E97BD0 
 3952 028b 668D2EB1 		.ascii	"f\215.\261\302\205\231V\035\371\000G%\254BI\225I\273"
ARM GAS  /tmp/ccYjAqA9.s 			page 123


 3952      C2859956 
 3952      1DF90047 
 3952      25AC4249 
 3952      9549BB
 3953 029e DDCFB876 		.ascii	"\335\317\270v\340\267\331-\201\377\266\353dC\273\251"
 3953      E0B7D92D 
 3953      81FFB6EB 
 3953      6443BBA9 
 3954 02ae DD6BF392 		.ascii	"\335k\363\222\331\356\255\236\177\357>U\337`\367\370"
 3954      D9EEAD9E 
 3954      7FEF3E55 
 3954      DF60F7F8 
 3955 02be 4147D895 		.ascii	"AG\330\225v\334T6\350\356\354\260\223\257&\032\352S"
 3955      76DC5436 
 3955      E8EEECB0 
 3955      93AF261A 
 3955      EA53
 3956 02d0 9B5B9A5F 		.ascii	"\233[\232_H\275\351\005\231\236t\340\332\364T<n\313"
 3956      48BDE905 
 3956      999E74E0 
 3956      DAF4543C 
 3956      6ECB
 3957 02e2 9FA346FD 		.ascii	"\237\243F\375\260\312\364C;\310\332a\340H\334\335\356"
 3957      B0CAF443 
 3957      3BC8DA61 
 3957      E048DCDD 
 3957      EE
 3958 02f3 7666C3B8 		.ascii	"vf\303\270C,\333\365\310\3352^_\327\330\360lc[\035Y"
 3958      432CDBF5 
 3958      C8DD325E 
 3958      5FD7D8F0 
 3958      6C635B1D 
 3959 0308 15E8E9FB 		.ascii	"\025\350\351\373\013y\235\316;\335[]\331\013sa\274\235"
 3959      0B799DCE 
 3959      3BDD5B5D 
 3959      D90B7361 
 3959      BC9D
 3960 031a 6ADAD2A1 		.ascii	"j\332\322\241\333\022x/\336g\304\3613\031\277\323v\337"
 3960      DB12782F 
 3960      DE67C4F1 
 3960      3319BFD3 
 3960      76DF
 3961 032c CDDACF6F 		.ascii	"\315\332\317oI\330M\211ds\322n\362\245\335\346;J\231"
 3961      49D84D89 
 3961      6473D26E 
 3961      F2A5DDE6 
 3961      3B4A99
 3962 033f D00B536F 		.ascii	"\320\013So9\216T\333\364\377*]~ c\222:\333\237\331\230"
 3962      398E54DB 
 3962      F4FF2A5D 
 3962      7E206392 
 3962      3ADB9FD9 
 3963 0354 902C47EA 		.ascii	"\220,G\352\310\251\207\022\311-1\345\243+\3606\304\236"
 3963      C8A98712 
 3963      C92D31E5 
 3963      A32BF036 
 3963      C49E
ARM GAS  /tmp/ccYjAqA9.s 			page 124


 3964 0366 A8231650 		.ascii	"\250#\026PM\306\315\370A\216\376\003\307F\206\366"
 3964      4DC6CDF8 
 3964      418EFE03 
 3964      C74686F6 
 3965              		.text
 3966              		.section	.gnu.lto_chEvtBroadcastFlagsI.348.20964d410ae452ff,"e",%progbits
 3967 0000 789C5D53 		.ascii	"x\234]S]lTE\024>g\316\375\335\232\245\351B\253M4\325"
 3967      5D6C5445 
 3967      143E67CE 
 3967      FDDD9AA5 
 3967      E942AB4D 
 3968 0016 17A3C65E 		.ascii	"\027\243\306^\322&\244}C\211\022\242DL5&\232\272i\327"
 3968      D226A47D 
 3968      438912A2 
 3968      444C3526 
 3968      9ABA69D7 
 3969 002a 0B2DA56C 		.ascii	"\013-\245l\263\273\3304\015\351mw\227&\213\241l\303"
 3969      B3BBD834 
 3969      0DE96D77 
 3969      97268BA1 
 3969      6CC3
 3970 003c 434B0248 		.ascii	"CK\002H\037\260F\371\321\006\203X\333\215\215\326\030"
 3970      1FB046F9 
 3970      D1068358 
 3970      DB8D8DD6 
 3970      18
 3971 004d 1A4BB12A 		.ascii	"\032K\261*5&\244&\204\202\321\205\007D\260\300\231\331"
 3971      3526A426 
 3971      8482D185 
 3971      0744B0C0 
 3971      99D9
 3972 005f 9F829B9D 		.ascii	"\237\202\233\235;\347\316|\347\373\346|gn\226\000F\000"
 3972      3BE7CE7C 
 3972      E7FBE67C 
 3972      676E9600 
 3972      4600
 3973 0071 609C0796 		.ascii	"`\234\007\226\000\016\246S\002<\317[o\012\021O\357\025"
 3973      000EA653 
 3973      023CCF5B 
 3973      6F0A114F 
 3973      EF15
 3974 0083 388933C3 		.ascii	"8\2113\303c\206\226H\373\307.\237\253\327\010\017\024"
 3974      63869648 
 3974      FBC72E9F 
 3974      ABD7080F 
 3974      14
 3975 0094 111A0E0F 		.ascii	"\021\032\016\017\216\\?t\374e\006\251\005]\364\247K"
 3975      8E5C3F74 
 3975      FC6506A9 
 3975      055DF4A7 
 3975      4B
 3976 00a5 522706D6 		.ascii	"R'\006\326h{\322\376\233\347\263\317j\206\\\341\275"
 3976      687BD2FE 
 3976      9BE7B3CF 
 3976      6A865CE1 
 3976      BD
 3977 00b6 2A6D68FF 		.ascii	"*mh\377\"\252\300\304\241\301\221's\014\0263\034\313"
ARM GAS  /tmp/ccYjAqA9.s 			page 125


 3977      22AAC0C4 
 3977      A1C19127 
 3977      730C1633 
 3977      1CCB
 3978 00c8 E5DA2299 		.ascii	"\345\332\"\231\223\233\313\336\256\323\0162\372\304"
 3978      939BCBDE 
 3978      AED30E32 
 3978      FAC4
 3979 00d6 40D2D47C 		.ascii	"@\322\324|\330\233NM_\023\012\203\320#H\323\015\323"
 3979      D89B4E4D 
 3979      5F130A83 
 3979      D02348D3 
 3979      0DD3
 3980 00e8 B27DD823 		.ascii	"\262}\330#lX\371\035%\207!\267\276\2756{\3761o4\203"
 3980      6C58F91D 
 3980      258721B7 
 3980      BEBD367B 
 3980      FE316F34 
 3981 00fd 57017A72 		.ascii	"W\001zr;:\032\001\324\370\271\006\253t\264<\204\347"
 3981      3B3A1A01 
 3981      D4F8B906 
 3981      AB74B43C 
 3981      84E7
 3982 010f 339E37FB 		.ascii	"3\2367\373\333\031\317\263a\367Y\354\371\022\317 \200"
 3982      DB19CFB3 
 3982      61F759EC 
 3982      F912CF20 
 3982      80
 3983 0120 C004FE59 		.ascii	"\300\004\376Y\301\200\341<`Y\001\272\307\213\000\221"
 3983      C180E13C 
 3983      605901BA 
 3983      C78B0091 
 3984 0130 C05B1592 		.ascii	"\300[\025\222\317:\202\374|\216A\331}\307\367\372\367"
 3984      CF3A82FC 
 3984      7C8E41D9 
 3984      7DC7F7FA 
 3984      F7
 3985 0141 F75A5D13 		.ascii	"\367Z]\023\005\024@\002\223\217\226\300$*}E<\201B;9"
 3985      05144002 
 3985      938F96C0 
 3985      242A7D45 
 3985      3C81423B 
 3986 0156 A767BCFF 		.ascii	"\247g\274\377\356\015x\336\337-\037L\375q\032+\020\204"
 3986      EE0D78DE 
 3986      DF2D1F4C 
 3986      FD711A2B 
 3986      1084
 3987 0168 2E4018C4 		.ascii	".@\030\304C\003a\352<\014\036&\017\013\204e\363\354"
 3987      430361EA 
 3987      3C0C1E26 
 3987      0F0B8465 
 3987      F3EC
 3988 017a 034E2E45 		.ascii	"\003N.E<\213e2\012 \216c\271\214\000\016\023do\217\326"
 3988      3C8B6532 
 3988      0A208E63 
 3988      B98C000E 
 3988      13646F8F 
ARM GAS  /tmp/ccYjAqA9.s 			page 126


 3989 018f A1970138 		.ascii	"\241\227\0018BB\305\275\034\377#\274\305C\013\250\346"
 3989      4242C5BD 
 3989      1CFF23BC 
 3989      C5430BA8 
 3989      E6
 3990 01a0 5395B02C 		.ascii	"S\225\260,\342U\220B\321\336\306')Q\253\237W\312\351"
 3990      E2559042 
 3990      D1DEC627 
 3990      2951AB9F 
 3990      57CAE9
 3991 01b3 A9DCE38E 		.ascii	"\251\334\343\216\210\317\365#!\225\032\273\231\365\216"
 3991      88CFF523 
 3991      21951ABB 
 3991      99F58E
 3992 01c2 E8BBCBAF 		.ascii	"\350\273\313\257\202\2203\223UD)4\266\271\000$\014v"
 3992      82903393 
 3992      55442934 
 3992      B6B90024 
 3992      0C76
 3993 01d4 5FF8E1A6 		.ascii	"_\370\341\246H\\\335@\204S\252VV\246_o\314\352R\231"
 3993      485CDD40 
 3993      8453AA56 
 3993      56A65F6F 
 3993      CCEA5299 
 3994 01e8 14DFB248 		.ascii	"\024\337\262H(\275\246\240r\276Q:\305\034\215\235<\177"
 3994      28BDA6A0 
 3994      72BE513A 
 3994      C51C8D9D 
 3994      3C7F
 3995 01fa 8ADA3BD3 		.ascii	"\212\332;\323\370\035\362\376\036\317\263\032\277\307"
 3995      F81DF2FE 
 3995      1ECFB31A 
 3995      BFC7
 3996 0208 0C8A8062 		.ascii	"\014\212\200b\321\012\347\327\013G[\374\242R\236fb\211"
 3996      D10AE7D7 
 3996      0B475BFC 
 3996      A2529E66 
 3996      6289
 3997 021a A84CA672 		.ascii	"\250L\246rwG\375o\275\373\015\302:\016\255\256\037\360"
 3997      7747FD6F 
 3997      BDFB0DC2 
 3997      3A0EADAE 
 3997      1FF0
 3998 022c 4D90D5F6 		.ascii	"M\220\325\366}\270\212\375\2402\225\363\325\002*:=\235"
 3998      7DB88AFD 
 3998      A03295F3 
 3998      D5022A3A 
 3998      3D9D
 3999 023e FC659A8A 		.ascii	"\374e\232\212~L.\010\305\365\361j\222\027\241\013!\317"
 3999      7E4C2E08 
 3999      C5F5F16A 
 3999      9217A10B 
 3999      21CF
 4000 0250 68356C3F 		.ascii	"h5l?\307\204\320=\203\257\203\254>~\200\253\327I\243"
 4000      C784D03D 
 4000      83AF83AC 
 4000      3E7E80AB 
ARM GAS  /tmp/ccYjAqA9.s 			page 127


 4000      D749A3
 4001 0263 804CB891 		.ascii	"\200L\270\221\302\377\003\177\224@\322\025\355<\323"
 4001      C2FF037F 
 4001      9440D215 
 4001      ED3CD3
 4002 0272 B21F4B53 		.ascii	"\262\037KS\315\0240\272s\206\260\270\261\274\357\243"
 4002      CD1430BA 
 4002      7386B0B8 
 4002      B1BCEFA3 
 4003 0282 CF841447 		.ascii	"\317\204\024G)\372\357\374e\235\214\207yd\324=\207\257"
 4003      29FAEFFC 
 4003      659D8C87 
 4003      7964D43D 
 4003      87AF
 4004 0294 E53487FA 		.ascii	"\3454\207\372g\004\231d\260\250\264w\352\223\323\257"
 4004      67049964 
 4004      B0A8B477 
 4004      EA93D3AF 
 4005 02a4 9289B305 		.ascii	"\222\211\263\005\207\315\013_\307O\212b1\027\027H\025"
 4005      87CD0B5F 
 4005      C74F8A62 
 4005      31171748 
 4005      15
 4006 02b5 63939527 		.ascii	"c\223\225'\275RQd\275B\341\237p\263\242\225\010\273"
 4006      BD525164 
 4006      BD42E19F 
 4006      70B3A295 
 4006      08BB
 4007 02c7 E0DCD30F 		.ascii	"\340\334\323\017 ^\371\03171B\366Wvj\343K\\\220E\266"
 4007      205EF919 
 4007      373142F6 
 4007      57766AE3 
 4007      4B5C9045 
 4008 02dc 7842A959 		.ascii	"xB\251Y\017[\367{\336\272\245G\250\274@\266j\245\210"
 4008      0F5BF77B 
 4008      DEBAA547 
 4008      A8BC40B6 
 4008      6AA588
 4009 02ef AE8BF842 		.ascii	"\256\213\370B\276\015\265\262\015\345\212\303\346-O"
 4009      BE0DB5B2 
 4009      0DE58AC3 
 4009      E62D4F
 4010 02fe CB73F4AD 		.ascii	"\313s\364\255\227\027\226|\271\006\035\034@\376\306"
 4010      9717967C 
 4010      B9061D1C 
 4010      40FEC6
 4011 030d F3D7C847 		.ascii	"\363\327\310G\245\262\304~\016\312\264\211\013\217S"
 4011      A5B2C47E 
 4011      0ECAB489 
 4011      0B8F53
 4012 031c B9F5D7BC 		.ascii	"\271\365\327\274\313\004\276\342u\276'\372.]\177[9q"
 4012      CB04BEE2 
 4012      75BE27FA 
 4012      2E5D7F5B 
 4012      3971
 4013 032e 98B078E3 		.ascii	"\230\260x\343\001\032\234\226p\273\353D\302\315\316"
 4013      011A9C96 
ARM GAS  /tmp/ccYjAqA9.s 			page 128


 4013      70BBEB44 
 4013      C2CDCE
 4014 033d 964878BB 		.ascii	"\226Hx\273\033\212E\235\015-\255\315\255\015\261]\357"
 4014      1B8A459D 
 4014      0D2DADCD 
 4014      AD0DB15D 
 4014      EF
 4015 034e B5861F8C 		.ascii	"\265\206\037\214\2035\265Ng8\322\026\355h\012\271\301"
 4015      8335B54E 
 4015      6738D216 
 4015      ED680AB9 
 4015      C1
 4016 035f 5864D7CE 		.ascii	"Xd\327\3166\247\341\215\315\2655\301\215[6\275\030\334"
 4016      36A7E18D 
 4016      CDB535C1 
 4016      8D5B36BD 
 4016      18DC
 4017 0371 DA1A69EF 		.ascii	"\332\032i\357l\212\270\016<S]\355\360?$S\303\321<2\034"
 4017      6C8AB80E 
 4017      3C535DED 
 4017      F03F2453 
 4017      C3D13C32 
 4018 0386 75223127 		.ascii	"u\"1'\032\011\361\272\373\276\2733\026\255\016\001\271"
 4018      1A09F1BA 
 4018      FBBEBB33 
 4018      16AD0E01 
 4018      B9
 4019 0397 D18ED52B 		.ascii	"\321\216\325+\357\3255k\353k\353\352\233\327\202\276"
 4019      EFD5356B 
 4019      EB6BEBEA 
 4019      9BD782BE 
 4020 03a7 7547D3B6 		.ascii	"uG\323\266(\271;:\356\003\3170\234\272"
 4020      28B93B3A 
 4020      EE03CF30 
 4020      9CBA
 4021              		.text
 4022              		.section	.gnu.lto_chEvtBroadcastFlags.349.20964d410ae452ff,"e",%progbits
 4023 0000 789C7D52 		.ascii	"x\234}RKL\023Q\024\275\367\015-mH\214\011\022\374$\246"
 4023      4B4C1351 
 4023      14BDF70D 
 4023      2D6D488C 
 4023      0912FC24 
 4024 0015 D118A242 		.ascii	"\321\030\242B\247\201\370a\247\022cX4!\324\035\213\246"
 4024      A781F861 
 4024      A7126358 
 4024      3421D41D 
 4024      8BA6
 4025 0027 1D0618A1 		.ascii	"\035\006\030\241\035\234i\251\2151}\026tA\242\006\022"
 4025      1D9C69A9 
 4025      8D317D16 
 4025      7441A206 
 4025      12
 4026 0038 8C1F3EBA 		.ascii	"\214\037>\272 \321\225\013\024+\240\024\260\340'\242"
 4026      20D1950B 
 4026      142BA014 
 4026      B0E027A2 
 4027 0048 312CB418 		.ascii	"1,\264\030\201nL\304\020\"&\260\000\361\275i\0056:\231"
ARM GAS  /tmp/ccYjAqA9.s 			page 129


 4027      816E4CC4 
 4027      102226B0 
 4027      00F1BD69 
 4027      05363A99 
 4028 005c CCBBF7DC 		.ascii	"\314\273\367\334s\317=s\363t\002\240 \300~\000@\001"
 4028      73CF3D73 
 4028      F37402A0 
 4028      20C07E00 
 4028      4001
 4029 006e B0BDAD95 		.ascii	"\260\275\255\225\000\245\364D6\301\313m\255V|\216F\206"
 4029      00A5F444 
 4029      36C1CB6D 
 4029      AD567C8E 
 4029      4686
 4030 0080 102118C1 		.ascii	"\020!\030\301\373\202\310\322\225\304\374\342\347]\364"
 4030      FB82C8D2 
 4030      95C4FCE2 
 4030      E75DF4
 4031 008f 411CBF03 		.ascii	"A\034\277\003D\300xLh\316\305,\366\315C\233\011-\024"
 4031      44C0784C 
 4031      68CEC52C 
 4031      F6CD439B 
 4031      092D14
 4032 00a2 A1284EE9 		.ascii	"\241(N\351\207d\214R+\\\032\300\3103\214\2619\004[p"
 4032      87648C52 
 4032      2B5C1AC0 
 4032      C8338CB1 
 4032      39045B70 
 4033 00b6 349F116E 		.ascii	"4\237\021ng\010\253\006\341\342\320\006\201\264\340"
 4033      6708AB06 
 4033      E1E2D006 
 4033      81B4E0
 4034 00c5 643E408E 		.ascii	"d>@\216\241\214&dAx\030\301\010Bq#\340\026~\034\205"
 4034      A18C2664 
 4034      417818C1 
 4034      08427123 
 4034      E0167E1C 
 4035 00da 17184AC3 		.ascii	"\027\030J\303#\270\201w\016'\276\230a\024\203,\267\274"
 4035      23B88177 
 4035      0E27BE98 
 4035      6114832C 
 4035      B7BC
 4036 00ec E1289FB2 		.ascii	"\341(\237\2622u}\372\375\356N\032\317\322_b\330\030"
 4036      32757DFA 
 4036      FDEE4E1A 
 4036      CFD25F62 
 4036      D818
 4037 00fe 9440626E 		.ascii	"\224@bn\301\251\275&<\314\011\213\355\353O\012\307\232"
 4037      C1A9BD26 
 4037      3CCC098B 
 4037      EDEB4F0A 
 4037      C79A
 4038 0110 E92BCA29 		.ascii	"\351+\312)\221\014\305\370/c\334\304]\3638\302\030\206"
 4038      910CC5F8 
 4038      2F63DCC4 
 4038      5DF338C2 
 4038      1886
ARM GAS  /tmp/ccYjAqA9.s 			page 130


 4039 0122 B9B10964 		.ascii	"\271\261\011d\206x\361\321GS\234\256\256\337\240\361"
 4039      8678F1D1 
 4039      47539CAE 
 4039      AEDFA0F1 
 4040 0132 6F79737D 		.ascii	"oys}\323\267\206\236\346X\011\342\000\012\210C\214\320"
 4040      D3B7869E 
 4040      E65809E2 
 4040      000A8843 
 4040      8CD0
 4041 0144 2DF05DD2 		.ascii	"-\360]\322,\244q\200\036\201\244\223f\226,\023\232\352"
 4041      2CA47180 
 4041      1E81A493 
 4041      66962C13 
 4041      9AEA
 4042 0156 9B467E2E 		.ascii	"\233F~.\255u|\275s\023\371?pt)i\305\221ta\256\367\367"
 4042      AD757CBD 
 4042      7313F93F 
 4042      70742969 
 4042      C5917461 
 4043 016d FCA75C1C 		.ascii	"\374\247\\\034M\027z\026v\2623z\217\000&\320\254\243"
 4043      4D177A16 
 4043      76B2337A 
 4043      8F0026D0 
 4043      ACA3
 4044 017f C3E03CEC 		.ascii	"\303\340<\354\352\237\351B\034Os\006g\2548\201\260J"
 4044      EA9FE942 
 4044      1C4F7306 
 4044      67AC3881 
 4044      B04A
 4045 0191 A2FBB8C3 		.ascii	"\242\373\270\303Ib\302\202\031r\325r\336\204V\346\227"
 4045      4962C282 
 4045      1972D572 
 4045      DE8456E6 
 4045      97
 4046 01a2 2D841D6F 		.ascii	"-\204\035o\3615_LA\212\025T\016\277Cn(\2728\333\333"
 4046      F1355F4C 
 4046      418A1554 
 4046      0EBF436E 
 4046      28BA38DB 
 4047 01b7 BD60E1EA 		.ascii	"\275`\341\352\206\277\237k\035\277\222\275\2301\223"
 4047      86BF9F6B 
 4047      1DBF92BD 
 4047      983193
 4048 01c6 5A4E22AC 		.ascii	"ZN\"\254\221f\033\264\"\361\3253\220\344\030\254\330"
 4048      91661BB4 
 4048      22F1D533 
 4048      90E418AC 
 4048      D8
 4049 01d7 B5C755EC 		.ascii	"\265\307U\354\226\260\332\025\243V+\003\010D\020\310"
 4049      96B0DA15 
 4049      A3562B03 
 4049      084410C8 
 4050 01e7 36A3AD7F 		.ascii	"6\243\255\177\317f\227\0072M\251\330\026\324m\240\353"
 4050      CF669707 
 4050      324DA9D8 
 4050      16D46DA0 
 4050      EB
ARM GAS  /tmp/ccYjAqA9.s 			page 131


 4051 01f8 243A3B58 		.ascii	"$:;Xe\\\245n\001\323\213\212\306y\352\022\353T\237,"
 4051      655CA56E 
 4051      01D38B8A 
 4051      C679EA12 
 4051      EB549F2C 
 4052 020c 6AAA57AC 		.ascii	"j\252W\254\320\324s\262\024\320\305\262:\305\253\270"
 4052      D0D473B2 
 4052      14D0C5B2 
 4052      3AC5ABB8 
 4053 021c 02C16A45 		.ascii	"\002\301jE\335\032\273\213K\304\220\252\325\353\215"
 4053      DD1ABB8B 
 4053      4BC490AA 
 4053      D5EB8D
 4054 022b 1E497607 		.ascii	"\036Iv\007\264\240\277^t\235u\226\024\273\317T\224\237"
 4054      B4A0BF5E 
 4054      749D7596 
 4054      14BBCF54 
 4054      949F
 4055 023d 72D7289A 		.ascii	"r\327(\232/\344\321d\021\016\332\355\"{%\336\252\352"
 4055      2FE4D164 
 4055      110EDAED 
 4055      227B25DE 
 4055      AAEA
 4056 024f 19A6AA8B 		.ascii	"\031\246\252\213Z@\3245\211\341r\223\354\017\350v\011"
 4056      5A40D435 
 4056      89E17293 
 4056      EC0FE876 
 4056      09
 4057 0260 04596FDC 		.ascii	"\004Yo\334\261\231\333\213\035\245%\307K\275\0160\325"
 4057      B199DB8B 
 4057      1DA525C7 
 4057      4BBD0E30 
 4057      D5
 4058 0271 34786AF5 		.ascii	"4xj\365C\377\026R\374RC\260Zf5=\254\333\353 \333\353"
 4058      43FF1652 
 4058      FC5243B0 
 4058      5A66353D 
 4058      ACDBEB20 
 4059 0287 D1E50A4D 		.ascii	"\321\345\012M9\375\217\026I\365\371T\277(_\010\210'"
 4059      39FD8F16 
 4059      49F5F954 
 4059      BF285F08 
 4059      8827
 4060 0299 2B9D6299 		.ascii	"+\235b\231\323U\356\022\313Tf\267\374\257\222OWtw\255"
 4060      D355EE12 
 4060      CB5466B7 
 4060      FCAF924F 
 4060      577477AD 
 4061 02ad 2431B523 		.ascii	"$1\265#\377WiT5\266&\246\323t\254\310\311X\022\323a"
 4061      FF576954 
 4061      35B626A6 
 4061      D374ACC8 
 4061      C95812D3 
 4062 02c2 5DDB9DAE 		.ascii	"]\333\235\256J\033\367\321\250)\205\266\003\016 \032"
 4062      4A1BF7D1 
 4062      A82985B6 
 4062      030E201A 
ARM GAS  /tmp/ccYjAqA9.s 			page 132


 4063 02d2 64FB649F 		.ascii	"d\373d\237\252\205\341\017\274\331QA"
 4063      AA85E10F 
 4063      BCD95141 
 4064              		.text
 4065              		.section	.gnu.lto_chEvtDispatch.350.20964d410ae452ff,"e",%progbits
 4066 0000 789C7553 		.ascii	"x\234uSML\\U\024>?\357\275y\363\203\024f\300\020\011"
 4066      4D4C5C55 
 4066      143E3FEF 
 4066      BD79F383 
 4066      1466C010 
 4067 0015 99BAD218 		.ascii	"\231\272\322\030y\015l`G\354\302\2700i\202\033ct23\214"
 4067      790D6C60 
 4067      47ECC2B8 
 4067      3069821B 
 4067      63743233 
 4068 002a 61A465CC 		.ascii	"a\244e\314\014\2254M\303cZf\204\306\2643\321\004\260"
 4068      0C95344D 
 4068      C3635A66 
 4068      84C6B433 
 4068      D104B0
 4069 003d 526DA261 		.ascii	"Rm\242a\321jb]\324J\350\330\006\351\302*\022\215&D\252"
 4069      D16A625D 
 4069      D44AE8D8 
 4069      06E9C22A 
 4069      128D2644 
 4070 0052 F8B36863 		.ascii	"\370\263hcB5\266\226\226\342\271\367\301\200\013_\346"
 4070      4235B696 
 4070      96E2B9F7 
 4070      C1800B5F 
 4070      E6
 4071 0063 DE7BCEBD 		.ascii	"\336{\316\275\337\371\316=\337\271\2230\000\246\001"
 4071      DFF9CE3D 
 4071      DFB99330 
 4071      00A601
 4072 0072 E05B1958 		.ascii	"\340[\031X\003X.\215\021\270\256\333\345#:Z:Nx\011\257"
 4072      03582E8D 
 4072      11B8AEDB 
 4072      E5233A5A 
 4072      3A4E7809 
 4073 0087 4D9CB78C 		.ascii	"M\234\267\214\311\223+x\376\367/;\015\306\311\362\231"
 4073      C9932B78 
 4073      FEF72F3B 
 4073      0DC6C9F2 
 4073      99
 4074 0098 DD1E2480 		.ascii	"\335\036$\200\247H\033&\025<\254xQcB\260\332\260\250"
 4074      A7481B26 
 4074      153CAC78 
 4074      516342B0 
 4074      DAB0A8
 4075 00ab 580AEAF0 		.ascii	"X\012\352\360\361\255p\037\216W\303m\234(\237Am\372"
 4075      F1AD701F 
 4075      8E57C36D 
 4075      9C289F41 
 4075      6DFA
 4076 00bd F154F903 		.ascii	"\361T\371\003\317\014\321\210\307\265\270\272\326a\274"
 4076      CF0CD188 
 4076      C7B5B8BA 
ARM GAS  /tmp/ccYjAqA9.s 			page 133


 4076      D661BC
 4077 00cc 2D811F9E 		.ascii	"-\201\037\236\030\361\031A\034.\215y\010\204!\342\200"
 4077      18F11941 
 4077      1C2E8D79 
 4077      088421E2 
 4077      80
 4078 00dd 69F96C7F 		.ascii	"i\371l\177(\210C\024\002\254\030\270!\237\257j\300\346"
 4078      28884314 
 4078      02AC18B8 
 4078      219FAF6A 
 4078      C0E6
 4079 00ef F71E3B12 		.ascii	"\367\036;\022\363\317\334M\367z\223;]\301\033\000C\336"
 4079      F3CFDC4D 
 4079      F77A933B 
 4079      5DC11B00 
 4079      43DE
 4080 0101 89895618 		.ascii	"\211\211V\030\015\231\0330j\242\355\"<Yq\335\205\257"
 4080      0D991B30 
 4080      6AA2ED22 
 4080      3C5971DD 
 4080      85AF
 4081 0113 2FB8AE1F 		.ascii	"/\270\256\037\216\\\304\241O\361\002\002\020\216\342"
 4081      8E5CC4A1 
 4081      4FF10202 
 4081      108EE2
 4082 0122 1F8D0298 		.ascii	"\037\215\002\230\332\004\254k\300\341\231*\200Fq\255"
 4082      DA04AC6B 
 4082      C0E1992A 
 4082      804671AD 
 4083 0132 51F1D9EF 		.ascii	"Q\361\331\357\243\314OH\276\325\273\347\212\017\235"
 4083      A3CC4F48 
 4083      BED5BBE7 
 4083      8A0F9D
 4084 0141 1CB60FCD 		.ascii	"\034\266\017\315n\241\000F\261\370p\020.\241\316\257"
 4084      6EA10046 
 4084      B1F87010 
 4084      2EA1CEAF 
 4085 0151 8967918C 		.ascii	"\211g\221\214\217\026\315\212{\177\343\204\353\316g"
 4085      8F16CD8A 
 4085      7B7FE384 
 4085      EBCE67
 4086 0160 DEB8F2D9 		.ascii	"\336\270\362\331\014\356F \223\200,\226a\000\371L\031"
 4086      0CEE4620 
 4086      93802C96 
 4086      6100F94C 
 4086      19
 4087 0171 960C1F48 		.ascii	"\226\014\037H\200\015d\373%4\000\344\017\0120$\240\032"
 4087      800D64FB 
 4087      253400E4 
 4087      0F0A3024 
 4087      A01A
 4088 0183 19B502D8 		.ascii	"\031\265\002\330%\243N\366\353\001g0\254\246\210\012"
 4088      25A34EF6 
 4088      EB016730 
 4088      ACA6880A 
 4089 0193 69505613 		.ascii	"iPV\023\342ElF\261Z\224\033U\007\000S\014\253k\323\035"
 4089      E2456C46 
ARM GAS  /tmp/ccYjAqA9.s 			page 134


 4089      B15A941B 
 4089      55070053 
 4089      0CAB6BD3 
 4090 01a8 E856004E 		.ascii	"\350V\000N3i{X\354;\344\256\374\265\204z\275\375\210"
 4090      33697B58 
 4090      EC3BE4AE 
 4090      FCB5847A 
 4090      BDFD88
 4091 01bb 5A1EF5A6 		.ascii	"Z\036\365\246{tt\261\210\214\334d\035\221\370{\224\177"
 4091      7B7474B1 
 4091      888CDC64 
 4091      1D91F87B 
 4091      947F
 4092 01cd 202E31C2 		.ascii	" .1\302:\215D\231\307\320\352K\0030Y\322$\351\313m:"
 4092      3A8D4499 
 4092      C7D0EA4B 
 4092      033059D2 
 4092      24E9CB6D 
 4093 01e2 76632F33 		.ascii	"vc/3^\326\012H\016\376\341\317\005S\345`\315\267N\307"
 4093      5ED60A48 
 4093      0EFEE1CF 
 4093      0553E560 
 4093      CDB74EC7 
 4094 01f6 A2308694 		.ascii	"\2420\206\224J\352~\304\225~\302\021\037\224\365,\032"
 4094      4AEA7EC4 
 4094      957EC211 
 4094      1F94F52C 
 4094      1A
 4095 0207 B12F700E 		.ascii	"\261/p\016\345\274\340\272v|\036+Hu\232%P\275)\024\271"
 4095      E5BCE0BA 
 4095      767C1E2B 
 4095      48759A25 
 4095      50BD2914 
 4096 021c 819BC900 		.ascii	"\201\233\311\000nf\261}\222\211\226\257\277(\257G,&"
 4096      6E66B17D 
 4096      928996AF 
 4096      BF28AF47 
 4096      2C26
 4097 022e C19AA591 		.ascii	"\301\232\245\221\357\347\271Z\326\306\022y\327\376\221"
 4097      EFE7B95A 
 4097      D6C61279 
 4097      D7FE91
 4098 023d D8E088AA 		.ascii	"\330\340\210\252\350A\3417\203M\016\263\241\274q)\310"
 4098      E841E137 
 4098      834D0EB3 
 4098      A1BC7129 
 4098      C8
 4099 024e 62D37A0C 		.ascii	"b\323z\014Q_\377J\202-q`\263\000\353\352\345\233\277"
 4099      515FFF4A 
 4099      822D7160 
 4099      B300EBEA 
 4099      E59BBF
 4100 0261 A0A24345 		.ascii	"\240\242CEWZ\346\377\312\363q\001\331f\303Z\002\324"
 4100      575AE6FF 
 4100      CAF37101 
 4100      D966C35A 
 4100      02D4
ARM GAS  /tmp/ccYjAqA9.s 			page 135


 4101 0273 749F88EF 		.ascii	"t\237\210\357\347&\266U\326\311\343\310\201\263\352"
 4101      E726B655 
 4101      D6C9E3C8 
 4101      81B3EA
 4102 0282 11DB2FEC 		.ascii	"\021\333/\354\377\\\013\250\365\014r\300z~[\317\020"
 4102      FF5C0BA8 
 4102      F50C72C0 
 4102      7A7E5BCF 
 4102      10
 4103 0293 073D3D6B 		.ascii	"\007==k\266\364\014\251\272\266\344\254\331\226\323"
 4103      B6F40CA9 
 4103      BAB6E4AC 
 4103      D996D3
 4104 02a2 F7FAB95F 		.ascii	"\367\372\271_\033\377O\316\235B.\354\020\362\233m!\355"
 4104      1BFF4FCE 
 4104      9D422EEC 
 4104      10F29B6D 
 4104      21ED
 4105 02b4 6A35E656 		.ascii	"j5\346V\025+\345\026u\255\373\205\357\210k\361*jU\362"
 4105      152BE516 
 4105      75ADFB85 
 4105      EF886BF1 
 4105      2A6A55F2 
 4106 02c8 93C56BC4 		.ascii	"\223\305k\304\273\270\326S\350o\344\026\361\302\202"
 4106      BBB8D653 
 4106      E86FE416 
 4106      F1C282
 4107 02d7 CF47E539 		.ascii	"\317G\3459q\213\216|K\304\320U\256#\327\355,S\356\365"
 4107      718B8E7C 
 4107      4BC4D055 
 4107      AE23D7ED 
 4107      2C53EEF5 
 4108 02eb 6E2D701D 		.ascii	"n-p\035p\204\":\261\177gW\362]\352Mr\275&\231X\016H"
 4108      7084223A 
 4108      B17F6757 
 4108      F25DEA4D 
 4108      72BD2699 
 4109 0302 F7549EA9 		.ascii	"\367T\236\251\302\034r\224#\326!D/\323\254\370\252\345"
 4109      C21C7294 
 4109      23D62144 
 4109      2FD3ACF8 
 4109      AAE5
 4110 0314 F51C36A5 		.ascii	"\365\0346\245\345-\366\324\255\273\266B\237\346\220"
 4110      E52DF6D4 
 4110      ADBBB642 
 4110      9FE690
 4111 0323 64730D0F 		.ascii	"ds\015\017\330\245^\267\364\366\016\221\342\015k\336"
 4111      D8A55EB7 
 4111      F4F60E91 
 4111      E20D6BDE 
 4112 0333 F5A53751 		.ascii	"\365\2457QA=\015\303\326aO\303\242\364\275! d\365~\261"
 4112      413D0DC3 
 4112      D6614FC3 
 4112      A2F4BD21 
 4112      2064F57E 
 4113 0348 23EC0B00 		.ascii	"#\354\013\000G\375_\335\372y\2237X}j\033\224\377\351"
 4113      47FD5FDD 
ARM GAS  /tmp/ccYjAqA9.s 			page 136


 4113      FA799337 
 4113      587D6A1B 
 4113      94FFE9
 4114 035b 9D9774D0 		.ascii	"\235\227t\320\024c\365\177\003\320\355\364f\016\244"
 4114      1463F57F 
 4114      03D0EDF4 
 4114      660EA4
 4115 036a 9C6C26E1 		.ascii	"\234l&\341\354\313f^I%\007r\316\336\336t\"\335=p\260"
 4115      ECCB665E 
 4115      49250772 
 4115      CEDEDE74 
 4115      22DD3D70 
 4116 037f 279DD969 		.ascii	"'\235\331i\307\332\332\235\301L\266/\367j<\231\212\015"
 4116      C7DADA9D 
 4116      C14CB62F 
 4116      F76A3C99 
 4116      8A0D
 4117 0391 640FF6F7 		.ascii	"d\017\366\3679\335\317=\333\336\026{z\3373O\305^Ng\017"
 4117      39DDCF3D 
 4117      DBDE167B 
 4117      7ADF334F 
 4117      C55E4E67 
 4118 03a6 0CC6B329 		.ascii	"\014\306\263)\007\036omu\344\227T\241\231\334&2\223"
 4118      071E6F6D 
 4118      75E49754 
 4118      A199DC26 
 4118      3293
 4119 03b8 73B2034E 		.ascii	"s\262\003N.\233\224\375\324k\251\376\201\\k\022\354"
 4119      2E9B94FD 
 4119      D46BA9FE 
 4119      815C6B12 
 4119      EC
 4120 03c9 DE787FCF 		.ascii	"\336x\177\317\376T6\027\331\336lm\333\323\331\336\321"
 4120      FE543617 
 4120      D9DE6C6D 
 4120      DBD3D9DE 
 4120      D1
 4121 03da 99D80396 		.ascii	"\231\330\003\226\267\305\251t\317\277w\342\255\011"
 4121      B7C5A974 
 4121      CFBF77E2 
 4121      AD09
 4122              		.text
 4123              		.section	.gnu.lto_chEvtWaitOne.351.20964d410ae452ff,"e",%progbits
 4124 0000 789C8D54 		.ascii	"x\234\215T\177L\225U\030~\337s\276\373\203\037\002\033"
 4124      7F4C9555 
 4124      187EDF73 
 4124      BEFB831F 
 4124      021B
 4125 0012 81CDA6B2 		.ascii	"\201\315\246\262\266\3462\271\037\203\221\371G\233\305"
 4125      B6E632B9 
 4125      1F8391F9 
 4125      479BC5
 4126 0021 9A516391 		.ascii	"\232Qc\221\267\326\037\255\335\301\345&W\272\\\374\356"
 4126      B7D61FAD 
 4126      DDC1E526 
 4126      57BA5CFC 
 4126      EE
ARM GAS  /tmp/ccYjAqA9.s 			page 137


 4127 0032 BD1263EC 		.ascii	"\275\022c\354~r\311\273\321\374\201\0318\003\254?\330"
 4127      7E72C9BB 
 4127      D1FC8119 
 4127      3803AC3F 
 4127      D8
 4128 0043 70ABCC4D 		.ascii	"p\253\314M\222\014\361\252!&\206X&\015\033w\322\230"
 4128      920CF1AA 
 4128      21268658 
 4128      260D1B77 
 4128      D298
 4129 0055 991B3169 		.ascii	"\231\0331ir\011\220\336s\276\013R\313\326\3069\3379"
 4129      720990DE 
 4129      73BE0B52 
 4129      CBD6C639 
 4129      DF39
 4130 0067 EF79DEE7 		.ascii	"\357y\336\347}\316\363\236\313o\012@;\002\274\004\000"
 4130      7DCEF39E 
 4130      CB6F0A40 
 4130      3B02BC04 
 4130      00
 4131 0078 68023CD0 		.ascii	"h\002<\320\324\310@\327\365\315\026\306BM\3573<\203"
 4131      D4C840D7 
 4131      F5CD16C6 
 4131      424DEF33 
 4131      3C83
 4132 008a 8D9FEFCB 		.ascii	"\215\237\357\313P\032\232R\356]\235\\\257p<\270\204"
 4132      501A9A52 
 4132      EE5D9D5C 
 4132      AF703CB8 
 4132      84
 4133 009b 50705753 		.ascii	"PpWS\343\360\374\011\205@2\200\020d\\\301 ~\302MhNG"
 4133      E3F0FC09 
 4133      85403280 
 4133      10645CC1 
 4133      207EC24D 
 4134 00b2 85E60CCC 		.ascii	"\205\346\014\314R#\272\036\353\273\363\305t\376\331"
 4134      5223BA1E 
 4134      EBBBF3C5 
 4134      74FED9
 4135 00c1 D07B2F06 		.ascii	"\320{/\006\241\256\033ORI\000\023Zu\204l:\036\032\354"
 4135      A1AE1B4F 
 4135      52490013 
 4135      5A75846C 
 4135      3A1E1AEC 
 4136 00d5 D6F50408 		.ascii	"\326\365\004\010\236\302\370!\2030\366fJH+\322\374\024"
 4136      9EC2F821 
 4136      8330F666 
 4136      4A482BD2 
 4136      FC14
 4137 00e7 81264FFF 		.ascii	"\201&O\377\036N\331\277\313\032\354\301%\2120\016g\022"
 4137      1E4ED9BF 
 4137      CB1AECC1 
 4137      258A300E 
 4137      6712
 4138 00f9 A67D09D3 		.ascii	"\246}\011\323sLbj{\227c\0062\223\340\014\236F\250#f"
 4138      734C626A 
 4138      7B976306 
ARM GAS  /tmp/ccYjAqA9.s 			page 138


 4138      3293E00C 
 4138      9E46A823 
 4139 010e 132601D4 		.ascii	"\023&\001\324\234\025\031I$\273s%D\260\006(v\016\215"
 4139      9C151949 
 4139      24BB7325 
 4139      44B00628 
 4139      760E8D
 4140 0121 2040F537 		.ascii	" @\3657\361E\240o\021\026\213n$\\\300\010_\300\245x"
 4140      F145A06F 
 4140      11168B6E 
 4140      245CC008 
 4140      5FC0A578 
 4141 0135 EB777D3F 		.ascii	"\353w}?\233\241\037}B\352\220\210\212\373\304&\367\336"
 4141      9BA11F7D 
 4141      42EA9088 
 4141      8AFBC426 
 4141      F7DE
 4142 0147 B8B2AA55 		.ascii	"\270\262\252U\217(;\276\305j)\344\0222K\030\257\255"
 4142      8F283BBE 
 4142      C56A29E4 
 4142      12324B18 
 4142      AFAD
 4143 0159 3174C6E6 		.ascii	"1t\306\346\016,tm8\037\322/\352\002R\027\207HSd\271"
 4143      0E2C746D 
 4143      381FD22F 
 4143      EA025217 
 4143      87485364 
 4144 016e FE8FCC03 		.ascii	"\376\217\314\003\010\027\261Z(\273\214$\210\016\021"
 4144      0817B15A 
 4144      28BB8C24 
 4144      880E11
 4145 017d 7BF0D8F7 		.ascii	"{\360\330\367\246\210>\267\260O\217\334\312\270915~"
 4145      A6883EB7 
 4145      B04F8FDC 
 4145      CAB83931 
 4145      357E
 4146 018f D29181C0 		.ascii	"\322\221\201\300\254\214\006\247\241\3200\3210\323\260"
 4146      AC8C06A7 
 4146      A1D030D1 
 4146      30D3B0
 4147 019e 00E11381 		.ascii	"\000\341\023\201\261$\304S\230,v\251bJ\023\023\365\235"
 4147      B124C453 
 4147      982C76A9 
 4147      624A1313 
 4147      F59D
 4148 01b0 8B3EEA0A 		.ascii	"\213>\352\012\352\021\200#\234\031\233\020m\246\231"
 4148      EA118023 
 4148      9C199B10 
 4148      6DA699
 4149 01bf 3E36338A 		.ascii	">63\212\342;u\374\263\321\353\255(\254\021\321\251\353"
 4149      E23B75FC 
 4149      B3D1EBAD 
 4149      28AC11D1 
 4149      A9EB
 4150 01d1 09780E61 		.ascii	"\011x\016a\226\325\367\036]\301\023\251\301\036q\347"
 4150      96D5F71E 
 4150      5DC113A9 
ARM GAS  /tmp/ccYjAqA9.s 			page 139


 4150      C11E71E7 
 4151 01e1 46649E0A 		.ascii	"Fd\236\012\372~\212\340\276\202\203\"\3644\261Y\267"
 4151      FA7E8AE0 
 4151      BE828322 
 4151      F434B159 
 4151      B7
 4152 01f2 0DA18B7C 		.ascii	"\015\241\213|\225\353\332\253\350\2445\321\324O~\265"
 4152      95EBDAAB 
 4152      E8A435D1 
 4152      D44F7EB5 
 4153 0202 27D6DE82 		.ascii	"'\326\336\202\364n\260\027y\242d\2365\352\215\335_#"
 4153      F46EB017 
 4153      79A2649E 
 4153      35EA8DDD 
 4153      5F23
 4154 0214 CB76358F 		.ascii	"\313v5\217\036nF\341\263,;\222\200\027\014=3\035\367"
 4154      1E6E46E1 
 4154      B32C3B92 
 4154      80170C3D 
 4154      331DF7
 4155 0227 EFFC948E 		.ascii	"\357\374\224\216\375\306\301\221\211G\005\341\307\014"
 4155      FDC6C191 
 4155      894705E1 
 4155      C70C
 4156 0235 F0129A77 		.ascii	"\360\022\232w`\216\304\334l\3732\332\2068``\276\216"
 4156      608EC4DC 
 4156      6CFB32DA 
 4156      86386060 
 4156      BE8E
 4157 0247 26E06584 		.ascii	"&\340e\2049V\377\270p1D\217s\335A\276\333Zb\302\004"
 4157      3956FFB8 
 4157      7031448F 
 4157      73DD41BE 
 4157      DB5A62C2 
 4158 025c 32FC1A02 		.ascii	"2\374\032\002}~\304\037\204\352u-t\340\020\341a\004"
 4158      7D7EC41F 
 4158      84EA752D 
 4158      74E010E1 
 4158      6104
 4159 026e 2935D6D1 		.ascii	")5\326\321>a\025\354\322\226\273]\315\177\214t`\\\314"
 4159      3E6115EC 
 4159      D296BB5D 
 4159      CD7F8C74 
 4159      605CCC
 4160 0281 D8F408C2 		.ascii	"\330\364\010\302<\013e\001\031\360\326\233\024d\351"
 4160      3C0B6501 
 4160      19F0D69B 
 4160      1464E9
 4161 0290 12D5BD67 		.ascii	"\022\325\275g\277\203n'}\272\235\302\221|\252E\351\217"
 4161      BF836E27 
 4161      7DBA9DC2 
 4161      917CAA45 
 4161      E98F
 4162 02a2 70E28DED 		.ascii	"p\342\215\355\224&=\011\336\300\327\251\326,\013\035"
 4162      94263D09 
 4162      DEC0D7A9 
 4162      D62C0B1D 
ARM GAS  /tmp/ccYjAqA9.s 			page 140


 4163 02b2 0A67F364 		.ascii	"\012g\363d\216<I\024\315\242\376\360dY\341\203(\302"
 4163      8E3C4914 
 4163      CDA2FEF0 
 4163      6459E183 
 4163      28C2
 4164 02c4 3DD670FB 		.ascii	"=\326p\373\374*\236l\016\312\367,\232\305\207&\377\354"
 4164      FC2A9E6C 
 4164      0ECAF72C 
 4164      9AC58726 
 4164      FFEC
 4165 02d6 C4A5667D 		.ascii	"\304\245f}\030e\242V\353\321\225\361\032\277\256\220"
 4165      1865A256 
 4165      EBD195F1 
 4165      1ABFAE90 
 4166 02e6 45E26DB0 		.ascii	"E\342m\260\217\342\253 +v\246\006\243\370\012\200\254"
 4166      8FE2AB20 
 4166      2B76A606 
 4166      A3F80A80 
 4166      AC
 4167 02f7 A38FB550 		.ascii	"\243\217\265P\336<k\220\372\213^\0060\257\306D\366\230"
 4167      DE3C6B90 
 4167      FA8B5E06 
 4167      30AFC644 
 4167      F698
 4168 0309 3C3AB4D6 		.ascii	"<:\264\326P\237\312\331\277\350\376\345\201\356g9A\226"
 4168      509FCAD9 
 4168      BFE8FEE5 
 4168      81EE6739 
 4168      4196
 4169 031b E94E9502 		.ascii	"\351N\225\002\225\345\257\251~\263xq\334\"\211\333\250"
 4169      95E5AFA9 
 4169      7EB37871 
 4169      DC2289DB 
 4169      A8
 4170 032c 1D863577 		.ascii	"\035\2065wwgsNQI\203<Mn\026i\322\214\376F\343\217-\223"
 4170      7767734E 
 4170      5149833C 
 4170      4D6E1669 
 4170      D28CFE46 
 4171 0344 2B7F9701 		.ascii	"+\177\227\001\301\361\270\206\372\303\341y\306M\224"
 4171      C1F1B886 
 4171      FAC3E179 
 4171      C64D94
 4172 0353 2189C619 		.ascii	"!\211\306\0317s\205\233d\205F\374g\326-\221\305\315"
 4172      3773859B 
 4172      648546FC 
 4172      67D62D91 
 4172      C5CD
 4173 0365 92FD7874 		.ascii	"\222\375xtY\373\266@\274{c'\326\302\002\275\251|b\244"
 4173      59FBB640 
 4173      BC7B6327 
 4173      D6C202BD 
 4173      A97C62A4 
 4174 0379 FF1EDCC2 		.ascii	"\377\036\334\302\223\331\336\231\014\272\346\340\314"
 4174      93D9DE99 
 4174      0CBAE6E0 
 4174      CC
ARM GAS  /tmp/ccYjAqA9.s 			page 141


 4175 0386 6AFAD5A0 		.ascii	"j\372\325\240q\265\372\210h\205]-\367z\\\252\346-U\213"
 4175      71B5FA88 
 4175      68855D2D 
 4175      F77A5CAA 
 4175      E62D558B 
 4176 039a 35EF7697 		.ascii	"5\357v\227\323\357S\013\312\335\245n\273?P\346\366."
 4176      D3EF530B 
 4176      CADDA56E 
 4176      BB3F50E6 
 4176      F62E
 4177 03ac 5F3B72F3 		.ascii	"_;r\363\324j\257V\341\253*q\272\034~-PY\241\332_+\312"
 4177      D46AAF56 
 4177      E1AB2A71 
 4177      BA1C7E2D 
 4177      5059A1DA 
 4178 03c3 CB756C29 		.ascii	"\313ul).|\336\361\266[\363T\227h.\025\236\264\331T\372"
 4178      2E7CDEF1 
 4178      B65BF354 
 4178      97682E15 
 4178      9EB4D954 
 4179 03d8 738A54AF 		.ascii	"s\212T\257/\216\364\372T\315\257\3724'\305];]\225~\237"
 4179      2F8EF4FA 
 4179      54CDAFFA 
 4179      3427C55D 
 4179      3B5D957E 
 4180 03ed CD096663 		.ascii	"\315\011fc\365\310\203\220-7gS\3363\233Js\000=fg@\323"
 4180      F5C88390 
 4180      2D376753 
 4180      DE339B4A 
 4180      73003D66 
 4181 0404 FC55EB1F 		.ascii	"\374U\353\037N\347\256t\276\023(s\321\231\257\306g+"
 4181      4EE7AE74 
 4181      BE132873 
 4181      D199AFC6 
 4181      672B
 4182 0416 074B6989 		.ascii	"\007Ki\211\317U\254\271_xH\212\323\353\361x+U\327\273"
 4182      CF55ACB9 
 4182      5F78488A 
 4182      D3EBF178 
 4182      2B55D7BB 
 4183 042a 7EF5B9AD 		.ascii	"~\365\271\255EjA\221\275\320\256\026xIt\341\"\223\307"
 4183      456A4191 
 4183      BDD0AE16 
 4183      784974E1 
 4183      2293C7
 4184 043d E7F639B6 		.ascii	"\347\3669\2669\235\304\226\377\337,U^\215\314\"\236"
 4184      399DC496 
 4184      FFDF2C55 
 4184      5E8DCC22 
 4184      9E
 4185 044e 9D1BB38B 		.ascii	"\235\033\263\213\010\345$\036\312\262\375\037\271\376"
 4185      08E5241E 
 4185      CAB2FD1F 
 4185      B9FE
 4186 045c 72CD5552 		.ascii	"r\315UR&$\247\025\331\267f\011\331U\232{C\326\0239\300"
 4186      2624A715 
 4186      D9B76609 
ARM GAS  /tmp/ccYjAqA9.s 			page 142


 4186      D9559A7B 
 4186      43D61339 
 4187 0471 34B0785C 		.ascii	"4\260x\\\036\257V\003\177\001\320\262.\307"
 4187      1EAF5603 
 4187      7F01D0B2 
 4187      2EC7
 4188              		.text
 4189              		.section	.gnu.lto_chEvtWaitAny.352.20964d410ae452ff,"e",%progbits
 4190 0000 789C8D54 		.ascii	"x\234\215T\177L[U\024>\347\336\266\2644\353L\020\266"
 4190      7F4C5B55 
 4190      143EE7DE 
 4190      B6B434EB 
 4190      4C10B6
 4191 0013 CCA8C4C4 		.ascii	"\314\250\304\304L\347\350#\020\234\373\303dJt\242!\316"
 4191      4CE7E823 
 4191      109CFBC3 
 4191      644A74A2 
 4191      21CE
 4192 0025 55E31FC6 		.ascii	"U\343\037\3064\264\324QY){m\207\204\220\276\265hM\315"
 4192      34B4D451 
 4192      59297B6D 
 4192      878490BE 
 4192      B5684DCD 
 4193 0039 DC3A09CC 		.ascii	"\334:\011\314\215\201\213!\201D\267\354\017\024q\262"
 4193      8D818B21 
 4193      8144B7EC 
 4193      0F1471B2 
 4194 0049 6E08CC6D 		.ascii	"n\010\314mnL\3474\314@\254!sY\202d\314\201\374\252\347"
 4194      6E4CE734 
 4194      CC40AC21 
 4194      73598264 
 4194      CC81FCAA 
 4195 005e DE961F1A 		.ascii	"\336\226\037\032gLz\337\273\357\234\357|\347{\337\271"
 4195      674C7ADF 
 4195      BBEF9CEF 
 4195      7CE77BDF 
 4195      B9
 4196 006f 7D3D3A80 		.ascii	"}=:\200V\004x\036\000P\017x \026e\240i\332\226\014\306"
 4196      5604781E 
 4196      00500F78 
 4196      201665A0 
 4196      69DA960C 
 4197 0084 C2B1F718 		.ascii	"\302\261\367\030\236\302\350\261}\331\272\206\230\345"
 4197      9EC2E8B1 
 4197      7DD9BA86 
 4197      98E5
 4198 0092 CEE5890D 		.ascii	"\316\345\211\015:\216\215K\010\035\356\211E\223\357"
 4198      3A8E8D4B 
 4198      081DEE89 
 4198      4593EF
 4199 00a1 F63D4B20 		.ascii	"\366=K \031@\0102\256\303 \036\345z4d\241\216\256\331"
 4199      19400832 
 4199      AEC3201E 
 4199      E57A3464 
 4199      A18EAED9 
 4200 00b5 98ABC435 		.ascii	"\230\253\3045m\272\377\346\376d\321\351\360\333\317"
 4200      6DBAFFE6 
ARM GAS  /tmp/ccYjAqA9.s 			page 143


 4200      FE64D1E9 
 4200      F0DBCF
 4201 00c4 05A1BE1B 		.ascii	"\005\241\276\033?\247\226\000z4j\010y\224\036\272\330"
 4201      3FA79600 
 4201      7A346A08 
 4201      79941EBA 
 4201      D8
 4202 00d5 AD692608 		.ascii	"\255i&\010\366`:\311 \202\321\034\011iA\272>F\240\211"
 4202      F6603AC9 
 4202      2082D11C 
 4202      096941BA 
 4202      3E46A089 
 4203 00e9 D9DF2396 		.ascii	"\331\337#\226\375{\214\301\223\270D\021\301\217s\010"
 4203      FD7B8CC1 
 4203      93B84411 
 4203      C18F7308 
 4204 00f9 D3BA8499 		.ascii	"\323\272\204\2319.1u\275+1\3159f8\205_!\324\023\263"
 4204      392E3175 
 4204      BD2B31CD 
 4204      39663885 
 4204      5F21D413 
 4205 010e 1ECD00B5 		.ascii	"\036\315\000\265\247E\205\231dw\254\2018\326\002\305"
 4205      A7458599 
 4205      6477AC81 
 4205      38D602C5 
 4206 011e CE602A08 		.ascii	"\316`*\010P\363uz\023\350_\204M/l\"\\ \025\036\300\245"
 4206      50F3757A 
 4206      13E85F84 
 4206      4D2F6C22 
 4206      5C20151E 
 4207 0134 78CBB7FD 		.ascii	"x\313\267\375?\033`\020}B\352\220\210\212\367\231\236"
 4207      3F1B6010 
 4207      7D42EA90 
 4207      888AF799 
 4207      9E
 4208 0145 78FFDAA5 		.ascii	"x\377\332\245u-Z\\\267\353\033\254\221B\316!\313\210"
 4208      752D5A5C 
 4208      B7EB1BAC 
 4208      9142CE21 
 4208      CB88
 4209 0157 E0950752 		.ascii	"\340\225\007R:\247\347\016$\2736\366\205\265\263\232"
 4209      3AA7E70E 
 4209      24BB36F6 
 4209      85B5B39A 
 4210 0167 80D4A721 		.ascii	"\200\324\247!\322\024\331n\360\260\341<\302Y\254\021"
 4210      D214D96E 
 4210      F0B0E13C 
 4210      C259AC11 
 4211 0177 CA2E2009 		.ascii	"\312. \011\242$\342I<\376\235>\256\315%\367i\361\353"
 4211      A224E249 
 4211      3CFE9D3E 
 4211      AECD25F7 
 4211      69F1EB
 4212 018a D9471726 		.ascii	"\331G\027&\307N$\214Y\010\314\310hqZ:ZzZ\006 \260\011"
 4212      C74E248C 
 4212      5908CCC8 
 4212      68715A3A 
ARM GAS  /tmp/ccYjAqA9.s 			page 144


 4212      5A7A5A06 
 4213 01a1 18CB44EC 		.ascii	"\030\313D\354!\321\364d\021\027\2327\027\363\323t\250"
 4213      21D1F464 
 4213      11179A37 
 4213      17F3D374 
 4213      A8
 4214 01b2 C501DA38 		.ascii	"\305\001\3328K=\204\351a\212i\211?FQ\334'O|:r\265\005"
 4214      4B3D84E9 
 4214      618A6989 
 4214      3F4651DC 
 4214      274F7C3A 
 4215 01c9 8525223A 		.ascii	"\205%\":y\325\204g\020fY\250\267s\0257\321`=\342]\243"
 4215      79D58467 
 4215      106659A8 
 4215      B7731537 
 4215      D1603DE2 
 4216 01df C83C9574 		.ascii	"\310<\225t\377\004\301}\011/\212\320\343\304f\3341\204"
 4216      FF04C17D 
 4216      092F8AD0 
 4216      E3C466DC 
 4216      3184
 4217 01f1 2EF253EE 		.ascii	".\362S\356\353.\243\223\366D\023\232\370b\357\355\266"
 4217      EB2EA393 
 4217      F644139A 
 4217      F862EFED 
 4217      B6
 4218 0202 66A4F382 		.ascii	"f\244\363\202\275\310M\222y*\325/1\363\240l\333\325"
 4218      BDC84D92 
 4218      792AD52F 
 4218      31F3A06C 
 4218      DBD5
 4219 0214 3472A809 		.ascii	"4r\250\011\205\277\262\355\260\011\007Rz\376l_\270\371"
 4219      85BFB2ED 
 4219      B0090752 
 4219      7AFE6C5F 
 4219      B8F9
 4220 0226 53160EA6 		.ascii	"S\026\016\246\022m\343k\005\341G\014\360\034\032va\276"
 4220      126DE36B 
 4220      05E1470C 
 4220      F01C1A76 
 4220      61BE
 4221 0238 C4FC72E4 		.ascii	"\304\374r\344\263\321#\210\347S\230/GMx\001a\216\205"
 4221      B3D12388 
 4221      E753982F 
 4221      474D7801 
 4221      618E85
 4222 024b 1E12EE85 		.ascii	"\036\022\356\205\351P\256o\344\357\030\313\364\344\013"
 4222      E950AE6F 
 4222      E4EF18CB 
 4222      F4E40B
 4223 025a C01504BA 		.ascii	"\300\025\004\272\375\200\337\013\325\353\233)a\027\341"
 4223      FD80DF0B 
 4223      D5EB9B29 
 4223      6117E1
 4224 0269 1F11A4D4 		.ascii	"\037\021\244\324\351\366\326q\243`\227\266\334\352j"
 4224      E9F6D671 
 4224      A36097B6 
ARM GAS  /tmp/ccYjAqA9.s 			page 145


 4224      DCEA6A
 4225 0278 BA3DDC8E 		.ascii	"\272=\334\216i1\211\251a\204y\026\316\0052\340\365\327"
 4225      693189A9 
 4225      61847916 
 4225      CE0532E0 
 4225      F5D7
 4226 028a 28C8B224 		.ascii	"(\310\262$\252{\357\234\235\336N\372t\303\302\221|\252"
 4226      AA7BEF9C 
 4226      9DDE4EFA 
 4226      74C3C291 
 4226      7CAA
 4227 029c 43E98F70 		.ascii	"C\351\217p\342\325\235T&=\011^\303W\250\327,\013\037"
 4227      E2D59D54 
 4227      263D095E 
 4227      C357A8D7 
 4227      2C0B1F
 4228 02af 8CE47133 		.ascii	"\214\344q3G\236)\232\346\322|\270YvH\222-wX\303\215"
 4228      479E299A 
 4228      E6D27CB8 
 4228      59764892 
 4228      2D7758C3 
 4229 02c4 BE75DC6C 		.ascii	"\276u\334l\010\312s,\206\305\207&f:piX\261\304#\242"
 4229      08CA732C 
 4229      86C58726 
 4229      663A7069 
 4229      58B1C423 
 4230 02d9 574BE79A 		.ascii	"WK\347\232t\217\337V\311&\3511\330F\360%\220\035;V\007"
 4230      748FDF56 
 4230      C926E931 
 4230      D846F025 
 4230      901D3B56 
 4231 02ee 47F14500 		.ascii	"G\361E\000\331GK|@u\363\254A\352/}\001\300p?f\262\373"
 4231      D9474B7C 
 4231      4075F3AC 
 4231      41EA2F7D 
 4231      01C0703F 
 4232 0305 64AAD191 		.ascii	"d\252\321\221R\277\232\263\177\321\375\353\262\356'"
 4232      52BF9AB3 
 4232      7FD1FDEB 
 4232      B2EE27
 4233 0314 B985B315 		.ascii	"\271\205\263\025\272-R\240n\345i\012m\021'\216\033$"
 4233      BA2D52A0 
 4233      6EE5690A 
 4233      6D11278E 
 4233      1B24
 4234 0326 F1878983 		.ascii	"\361\207\211\203\270\350Mg\016\347\177g\207\340X\232"
 4234      B8E84D67 
 4234      0EE77F67 
 4234      87E0589A 
 4235 0336 3A742832 		.ascii	":t(2O\237\021\252\222m\306\030\327s\316u\"s+\212\377"
 4235      4F9F11AA 
 4235      926DC618 
 4235      D773CE75 
 4235      22732B8A 
 4236 034b ACBA2EAA 		.ascii	"\254\272.\252\270^v8\234X\273<\225\255\220\036J\242"
 4236      B85E7638 
 4236      9C58BB3C 
ARM GAS  /tmp/ccYjAqA9.s 			page 146


 4236      95AD901E 
 4236      4AA2
 4237 035d D501493A 		.ascii	"\325\001I:*E\304H\037\003n\340f6\236\314&\365\307b\003"
 4237      2A45C448 
 4237      1F036EE0 
 4237      66369ECC 
 4237      26F5C762 
 4238 0372 9CFE0D98 		.ascii	"\234\376\015\230\222\034\212\013\213mJ\205\327\343R"
 4238      921C8A0B 
 4238      8B6D4A85 
 4238      D7E352
 4239 0381 54AF43D9 		.ascii	"T\257C\331\246z\337t9\375>\245\270\302\355p\333\374"
 4239      A67ADF74 
 4239      39FD3EA5 
 4239      B8C2ED70 
 4239      DBFC
 4240 0393 8172B777 		.ascii	"\201r\267w\345\336^P\250\324x\325J_u\231\323e\367\253"
 4240      E5DE5E50 
 4240      A8D478D5 
 4240      4A5F7599 
 4240      D365F7AB 
 4241 03a7 81AA4AC5 		.ascii	"\201\252J\305\366ria\201}\353\266\222\247\355o\270U"
 4241      F6726961 
 4241      817DEBB6 
 4241      92A7ED6F 
 4241      B855
 4242 03b9 4F4D99EA 		.ascii	"OM\231\352R\340Q\253U\241\237S\224z}i\244\327\247\250"
 4242      52E051AB 
 4242      55A19F53 
 4242      947A7D69 
 4242      A4D7A7A8 
 4243 03cd 7EC5A73A 		.ascii	"~\305\247:)\356\332\355\252\362\373\254N0\244v\367."
 4243      29EEDAED 
 4243      AAF2FBAC 
 4243      4E30A476 
 4243      F72E
 4244 03df 87AC05F9 		.ascii	"\207\254\005\371\233\013\237\330\354\310\007\364\030"
 4244      9B0B9FD8 
 4244      ECC807F4 
 4244      18
 4245 03ec 9C0155F5 		.ascii	"\234\001U\365Wo\270;\235\273\312\2713P\356\242\234\257"
 4245      576FB83B 
 4245      9DBBCAB9 
 4245      3350EEA2 
 4245      9CAF
 4246 03fe D667AD80 		.ascii	"\326g\255\200\014G\231\317\265Mu?s\227\022\247\327\343"
 4246      0C4799CF 
 4246      B54D753F 
 4246      739712A7 
 4246      D7E3
 4247 0410 F15629AE 		.ascii	"\361V)\256\267\374\312S\333K\225\342R[\211M)\366\222"
 4247      B7FCCA53 
 4247      DB4B95E2 
 4247      525B894D 
 4247      29F692
 4248 0423 E8924526 		.ascii	"\350\222E&\217\317\355\263\357p:\211\255\350\277Y\252"
 4248      8FCFEDB3 
ARM GAS  /tmp/ccYjAqA9.s 			page 147


 4248      EF703A89 
 4248      ADE8BF59 
 4248      AA
 4249 0434 BD2A9945 		.ascii	"\275*\231E<\2737\345\225\022\312I<Te\375?r\375\025\252"
 4249      3CBB37E5 
 4249      9512CA49 
 4249      3C5465FD 
 4249      3F72FD15 
 4250 0449 ABAC5C48 		.ascii	"\253\254\\H\276\247\324\266=W\310\256V\335\033s\037"
 4250      BEA7D4B6 
 4250      3D57C8AE 
 4250      56DD1B73 
 4250      1F
 4251 045a CE07A642 		.ascii	"\316\007\246B\206\307\345\361\252\265\360\027\260\252"
 4251      86C7E5F1 
 4251      AAB5F017 
 4251      B0AA
 4252 0468 2436     		.ascii	"$6"
 4253              		.text
 4254              		.section	.gnu.lto_chEvtWaitAll.353.20964d410ae452ff,"e",%progbits
 4255 0000 789C8D53 		.ascii	"x\234\215S\177L[U\024>\347\336\327\322\206\314\021\021"
 4255      7F4C5B55 
 4255      143EE7DE 
 4255      D7D286CC 
 4255      1111
 4256 0012 6766D4C6 		.ascii	"gf\324\306\304\314\037[\037\201L\335\177*\321\005M#"
 4256      C4CC1F5B 
 4256      1F814CDD 
 4256      7F2AD105 
 4256      4D23
 4257 0024 AE9AFD61 		.ascii	"\256\232\375aLS\036\317Q\261<\366^;$\204\364\255%6A"
 4257      4C531ECF 
 4257      51B13CF6 
 4257      5E3B2484 
 4257      F4AD2536 
 4258 0039 A6421C59 		.ascii	"\246B\034Yf\001I$\031Q\\4Q\331d\263\221!l:\206S\227"
 4258      66014924 
 4258      19515C34 
 4258      51D964B3 
 4258      91216C3A 
 4259 0050 09959126 		.ascii	"\011\225\221&F\343\342\302`:\224!\236{\333\2413\231"
 4259      46E3E2C2 
 4259      603A9421 
 4259      9E7BDBA1 
 4259      3399
 4260 0062 31E9ED3D 		.ascii	"1\351\355=\367\234\357|\367\273\337i\213\024\200\024"
 4260      F79CEF7C 
 4260      F7BBDF69 
 4260      8B148014 
 4261 0072 023C0E00 		.ascii	"\002<\016\000\350\000\354\354hc`\333\366C\005\214%:"
 4261      E800ECEC 
 4261      686360DB 
 4261      F643058C 
 4261      253A
 4262 0084 5E617804 		.ascii	"^ax\004\177\357}\373\016\245\265\343\206\344\354\264"
 4262      7FEF7DFB 
 4262      0EA5B5E3 
ARM GAS  /tmp/ccYjAqA9.s 			page 148


 4262      86E4ECB4 
 4263 0094 47E1F8C6 		.ascii	"G\341\370\306*B\301\335\035mc\355#\217\021H&\020b\214"
 4263      2A42C1DD 
 4263      1D6D63ED 
 4263      238F1148 
 4263      2610628C 
 4264 00a8 2B18C33E 		.ascii	"+\030\303>\356@g1*\364]\202\0365m\333\213\243\347'\367"
 4264      EE406731 
 4264      2AF45D82 
 4264      1E356DDB 
 4264      8BA3E727 
 4265 00bd 3ABB8726 		.ascii	":\273\207&mw\014Z\206\360c\272\023\300\201.\033a\023"
 4265      6D770C5A 
 4265      86F063BA 
 4265      13C0812E 
 4265      1B6113
 4266 00d0 D5272786 		.ascii	"\325''\206l\333\015\261\303\230/2H\342l\211\204\220"
 4266      6CDB0DB1 
 4266      C3982F32 
 4266      48E26C89 
 4266      8490
 4267 00e2 3E07DE47 		.ascii	">\007\336G\240\271\367\336\2774\213v\247\215\315\303"
 4267      A0B9F7DE 
 4267      BF348B76 
 4267      A78DCDC3 
 4268 00f2 B84A92C4 		.ascii	"\270J\222\304_J\012\341\010B\013u9\260\020\240\351S"
 4268      5F4A0AE1 
 4268      08420B75 
 4268      39B010A0 
 4268      E953
 4269 0104 D151489A 		.ascii	"\321QH\232\016\254\203\243\330\004\224Kc.\011\320\370"
 4269      0EAC83A3 
 4269      D804944B 
 4269      632E09D0 
 4269      F8
 4270 0115 593E888E 		.ascii	"Y>\210\216\\\205\015e\3669\011\030\315\345\217\341j"
 4270      5C850D65 
 4270      F6390918 
 4270      CDE58FE1 
 4270      6A
 4271 0126 21F5C568 		.ascii	"!\365\305h\306\011\243h\011\035\023\"+\304.f^\235>\265"
 4271      C609A368 
 4271      091D1322 
 4271      2BC42E66 
 4271      5E9D3EB5 
 4272 013a 3E65A795 		.ascii	">e\247\225\235c\330(u\214#+H\3427\267\347\204..v\256"
 4272      9D63D828 
 4272      758C232B 
 4272      48E237B7 
 4272      E7842E2E 
 4273 0150 7CB87124 		.ascii	"|\270q$a\217\333\002\322\222\207\310\027\013\332\305"
 4273      618FDB02 
 4273      D29287C8 
 4273      170BDAC5 
 4274 0160 B1379DC7 		.ascii	"\2617\235\307\021>\307F!\355\004\222\"Q<x\332\221\266"
 4274      113EC746 
 4274      21ED0492 
ARM GAS  /tmp/ccYjAqA9.s 			page 149


 4274      22513C78 
 4274      DA91B6
 4275 0173 AFACBC66 		.ascii	"\257\254\274f\247\177,\351{\247}f\370\203v,B`.F\213"
 4275      A77F2CE9 
 4275      7BA77D66 
 4275      F883762C 
 4275      42602E46 
 4276 0188 D3526839 		.ascii	"\323Rh9h\271\20017\342aj\352\341b\030\266\202v\032\240"
 4276      68B98031 
 4276      37E2616A 
 4276      EAE16218 
 4276      B682761A 
 4277 019d 97B3DC21 		.ascii	"\227\263\334!A\207\313\314\316~\237\275E\354\013\003"
 4277      4187CBCC 
 4277      CE7E9FBD 
 4277      45EC0B03 
 4278 01ad 83336752 		.ascii	"\2033gR(,\020\331\2053nL#,\261\370\321\2015\334ES\012"
 4278      282C10D9 
 4278      85336E4C 
 4278      232CB1F8 
 4278      D18135DC 
 4279 01c4 8BA7B521 		.ascii	"\213\247\265!\013\327\321\376.B\350$~)R\367\023\233"
 4279      0BD7D1FE 
 4279      2E42E824 
 4279      7E2952F7 
 4279      139B
 4280 01d6 6BC704EA 		.ascii	"k\307\004\352\344\237\214\233O\241F1\321\304\347\016"
 4280      E49F8C9B 
 4280      4FA14631 
 4280      D1C4E70E 
 4281 01e6 EDC964E7 		.ascii	"\355\311d\347n\244\341\3430r\227d\276\230\277o\260k"
 4281      6EA4E1E3 
 4281      30729764 
 4281      BE98BF6F 
 4281      B06B
 4282 01f8 667F170A 		.ascii	"f\177\027\012\037\345}Sn<&\303\205\213\375\177\236?"
 4282      1FE57D53 
 4282      6E3C26C3 
 4282      858BFD7F 
 4282      9E3F
 4283 020a 5B8CA3B9 		.ascii	"[\214\243\271B\357\005\001\217\277\305\000\307\321\271"
 4283      42EF0501 
 4283      8FBFC500 
 4283      C7D1B9
 4284 0219 134B25E6 		.ascii	"\023K%\346P\367G\347\272\021\217\3470\237\234s\343\011"
 4284      50F747E7 
 4284      BA118FE7 
 4284      309F9C73 
 4284      E309
 4285 022b 842B2C7E 		.ascii	"\204+,~\247pi7\375\2646t\362\227]A\007\272\311\263\323"
 4285      A7706937 
 4285      FDB43674 
 4285      F2975D41 
 4285      07BAC9B3 
 4286 0240 08B47D8D 		.ascii	"\010\264}\215_\011\271\033\366R! \322\337\"H\215s\375"
 4286      5F09B91B 
 4286      F6522120 
ARM GAS  /tmp/ccYjAqA9.s 			page 150


 4286      D2DF2248 
 4286      8D73FD
 4287 0253 3D175C82 		.ascii	"=\027\\\202]\3721?\330ui\252\037\363b\262\227\247\020"
 4287      5DFA313F 
 4287      D87569AA 
 4287      1FF362B2 
 4287      97A710
 4288 0266 9659C203 		.ascii	"\226Y\302\003\364\362\347\236\245$+\226\250\241=\363"
 4288      F4F2E79E 
 4288      A5242B96 
 4288      A8A13DF3 
 4289 0276 5917BD2B 		.ascii	"Y\027\275+\347\320Z\216\344P3Jg\204\007\333\353\317"
 4289      E7D05A8E 
 4289      E450334A 
 4289      678407DB 
 4289      EBCF
 4290 0288 22483762 		.ascii	"\"H7b\337\3413t\331\022K\354K\236\344\234q\344n\370"
 4290      DFE13374 
 4290      D9124BEC 
 4290      4B9EE49C 
 4290      71E46EF8 
 4291 029c 8DB5FE3C 		.ascii	"\215\265\376<\262\236\016B\207\230\011\037_\351\373"
 4291      B29E0E42 
 4291      8798091F 
 4291      5FE9FB
 4292 02ab 035767F2 		.ascii	"\003Wg\362k\366nA\234\032X\227'\374i\215d\314\273\355"
 4292      6BF66E41 
 4292      9C1A5897 
 4292      27FC698D 
 4292      64CCBBED 
 4293 02bf 9FC6A740 		.ascii	"\237\306\247@\322\037X\033\313\340\223\000D$\325R\337"
 4293      D21F581B 
 4293      CBE09300 
 4293      4424D552 
 4293      DF
 4294 02d0 326B956A 		.ascii	"2k\225j}O\0008o\303Bv\253\274A\271v\352K4\005)\375f"
 4294      7D4F0038 
 4294      6FC34276 
 4294      ABBC41B9 
 4294      76EA4B34 
 4295 02e8 CEAF150D 		.ascii	"\316\257\025\015\261\331\274\342\370\376\3442\375Y\211"
 4295      B1D9BCE2 
 4295      F8FEE432 
 4295      FD5989
 4296 02f7 5BAAFF81 		.ascii	"[\252\377\201q\007\347\\\021\225\3716\374wWVtq\207d"
 4296      7107E75C 
 4296      1195F936 
 4296      FC775756 
 4296      74718764 
 4297 030b 5F26F655 		.ascii	"_&\366U\327\266B\336\264\354\353\032\254\320(7\347\236"
 4297      D7B642DE 
 4297      B4ECEB1A 
 4297      ACD02837 
 4297      E79E
 4298 031d DDC331A7 		.ascii	"\335\3031\247)\236\026G\277Zk\204u\3254\252\325*\323"
 4298      299E1647 
 4298      BF5A6B84 
ARM GAS  /tmp/ccYjAqA9.s 			page 151


 4298      75D534AA 
 4298      D52AD3
 4299 0330 7841D722 		.ascii	"xA\327\"\226ZQ\033\252\016\371#\321\232\220\361\317"
 4299      965A511B 
 4299      AA0EF923 
 4299      D19A90F1 
 4299      CF
 4300 0341 385056AE 		.ascii	"8PV\2566\032f\235\325\020\324\364@\304\214\326\327\251"
 4300      361A669D 
 4300      D510D4F4 
 4300      40C48CD6 
 4300      D7A9
 4301 0353 FEA77DE5 		.ascii	"\376\247}\345e\201\255U\225\217\004\236\017\231\341"
 4301      6581AD55 
 4301      958F049E 
 4301      0F99E1
 4302 0362 C6A0A9AB 		.ascii	"\306\240\251\253p\217\327\253\322G\023\255\206\225G"
 4302      708FD7AB 
 4302      D24713AD 
 4302      869547
 4303 0371 1A966A46 		.ascii	"\032\226jFT\313\324(\257\357\322\353#\226W\003g.\272"
 4303      54CBD428 
 4303      AFEFD2EB 
 4303      23965703 
 4303      672EBA
 4304 0384 E9EF94B7 		.ascii	"\351\357\224\267\254tK\371\203[\252K\301\251EM3\322"
 4304      AC744BF9 
 4304      835BAA4B 
 4304      C1A9454D 
 4304      33D2
 4305 0396 70EFF5C9 		.ascii	"p\357\365\311B\365\332\213\321\032\235jV\223\345\255"
 4305      42F5DA8B 
 4305      D11A9D6A 
 4305      5693E5AD 
 4306 03a6 8582EAA0 		.ascii	"\205\202\352\240\245W\231\241G\257\323\242\031\341\260"
 4306      A55799A1 
 4306      47AFD3A2 
 4306      19E1B0
 4307 03b5 51AFEA2F 		.ascii	"Q\257\352/E\324\207\267\371\324\012\237\277\322\257"
 4307      45D487B7 
 4307      F9D40A9F 
 4307      BFD2AF
 4308 03c4 561824B9 		.ascii	"V\030$\271\362*S\330\012Y\201\035\232Fl\233\377\233"
 4308      F22A53D8 
 4308      0A59811D 
 4308      9A466C9B 
 4308      FF9B
 4309 03d6 A5C130C9 		.ascii	"\245\3010\311*\342\331\365\300&\037\2414\342\241.\357"
 4309      2AE2D9F5 
 4309      C0261FA1 
 4309      34E2A12E 
 4309      EF
 4310 03e7 FF911BA9 		.ascii	"\377\221\033\2515\365`\215\220\\\344\363o\363\010\331"
 4310      35F5608D 
 4310      905CE4F3 
 4310      6FF308D9 
 4311 03f7 0D6668A3 		.ascii	"\015fh\243\347\256R`&\024\204\365\260a6\301_\347\377"
ARM GAS  /tmp/ccYjAqA9.s 			page 152


 4311      E7AE5260 
 4311      261484F5 
 4311      B06136C1 
 4311      5FE7FF
 4312 040a F13C     		.ascii	"\361<"
 4313              		.text
 4314              		.section	.gnu.lto_chEvtWaitOneTimeout.354.20964d410ae452ff,"e",%progbits
 4315 0000 789C8D54 		.ascii	"x\234\215T}lSU\024?\347\336\327\327\226e\037:;\010F"
 4315      7D6C5355 
 4315      143FE7DE 
 4315      D7D79665 
 4315      1F3A3B08 
 4316 0015 324C0C8A 		.ascii	"2L\014\212l]XD\370\303\004$\204,f\021\031\2111\306,"
 4316      6C5D5844 
 4316      F8C30424 
 4316      842C6611 
 4316      198931C6 
 4317 002a 5B5758C5 		.ascii	"[WX\305\256\363\265e,\204\364\331\301\232\014pl\350"
 4317      AEF3B565 
 4317      2C84F4D9 
 4317      C19A0C70 
 4317      6CE8
 4318 003c 1C583640 		.ascii	"\034X6@] \2422\307\307\0068\212c|\310\207\200\362!\016"
 4318      5D20A232 
 4318      C7C70638 
 4318      8A637CC8 
 4318      8780F221 
 4319 0051 902D4C16 		.ascii	"\220-L\026\224\214\2571\303\306<\367\276\256C\003\306"
 4319      948CAF31 
 4319      C3C63CF7 
 4319      BEAE4303 
 4319      C6
 4320 0062 65EFBDFB 		.ascii	"e\357\275\373\316\371\235\337\371\235\337\275\257}&"
 4320      CEF99DDF 
 4320      F99DDFBD 
 4320      AF7D26
 4321 0071 80060408 		.ascii	"\200\006\004\010\003\000\216\002\254\256\252`\240\353"
 4321      03008E02 
 4321      ACAEAA60 
 4321      A0EB
 4322 007f FA743363 		.ascii	"\372t3ceU+\030\356\307\276S\275\023\225\332\325\235"
 4322      65552B18 
 4322      EEC7BE53 
 4322      BD1395DA 
 4322      D59D
 4323 0091 58F175A5 		.ascii	"X\361u\245M\341lYU\334\037\237]\261)\313\253\022>\352"
 4323      4DE16C59 
 4323      55DC1F9F 
 4323      5DB129CB 
 4323      AB123EEA 
 4324 00a5 A89BA828 		.ascii	"\250\233\250(\270\266z\323\315\225M\213e\231\211\225"
 4324      B8B67AD3 
 4324      CD954D8B 
 4324      65998995 
 4325 00b5 57C5B50F 		.ascii	"W\305\265\017\036\265*\241\252\204=\301\355S\024U\344"
 4325      1EB52AA1 
 4325      AA843DC1 
ARM GAS  /tmp/ccYjAqA9.s 			page 153


 4325      ED531455 
 4325      E4
 4326 00c6 1BD766CA 		.ascii	"\033\327f\312\264\031k\2537\2157:Xd\341\226\246k\026"
 4326      B4196BAB 
 4326      378D373A 
 4326      5864E196 
 4326      A66B16
 4327 00d9 EA222356 		.ascii	"\352\"#V\374 \326\037!\300\270bR\315\026+\006p#7\241"
 4327      FC20D61F 
 4327      21C0B862 
 4327      52CD162B 
 4327      06702337 
 4328 00ee 9A8C0ADD 		.ascii	"\232\214\012\335m\230j\217\350z\177\373\365m\365\352"
 4328      6D986A8F 
 4328      E87A7FFB 
 4328      F56DF5EA 
 4329 00fe FAE693BA 		.ascii	"\372\346\223\2725\000K\233q\027M\001`B\213\216\220F"
 4329      35004B9B 
 4329      71174D01 
 4329      60428B8E 
 4329      9046
 4330 0110 F993179B 		.ascii	"\371\223\027\233u\335\012\201\335\030M2\010a\275\215"
 4330      75DD0A81 
 4330      DD184D32 
 4330      0861BD8D 
 4331 0120 00E12860 		.ascii	"\000\341(`EYHOR\226\354\215\001X\010\267\332$\307\347"
 4331      4559484F 
 4331      5296EC8D 
 4331      015808B7 
 4331      DA24C7E7 
 4332 0134 48F71709 		.ascii	"H\367\027\011\324;\3308\360\033\352\325:\006Z1\326%"
 4332      D43BD838 
 4332      F01BEAD5 
 4332      3A065A31 
 4332      D625
 4333 0146 84ED82A8 		.ascii	"\204\355\202\250!\206\032h\274c\240J#\017\243Zlq\260"
 4333      21861A68 
 4333      BC63A04A 
 4333      230FA35A 
 4333      6C71B0
 4334 0159 1FF7212C 		.ascii	"\037\367!,%v\023\306\001\224\264\211\2328\232p\363h"
 4334      257613C6 
 4334      0194B489 
 4334      9A389A70 
 4334      F368
 4335 016b F81E4B80 		.ascii	"\370\036K\200b\007\320\010\002\370\017F\027\336C\303"
 4335      6207D008 
 4335      02F80F46 
 4335      17DE43C3 
 4336 017b B0FEA15A 		.ascii	"\260\376\241Z\225\200^#~\030c\211\360\305\366\016\025"
 4336      95805E23 
 4336      7E186389 
 4336      F0C5F60E 
 4336      15
 4337 018c 8EE0FB42 		.ascii	"\216\340\373B\357y\021\025C\365\257\256\374\365\307"
 4337      EF791115 
 4337      43F5AFAE 
ARM GAS  /tmp/ccYjAqA9.s 			page 154


 4337      FCF5C7
 4338 019b B1613DA2 		.ascii	"\261a=\242x\216\242_*9\206\314\022\302\237\307\031R"
 4338      788EA25F 
 4338      2A3986CC 
 4338      12C29FC7 
 4338      1952
 4339 01ad FBC36B86 		.ascii	"\373\303k\206vLj+\323\017\353\002\2624\012\221\326\311"
 4339      764C6A2B 
 4339      D30FEB02 
 4339      B2340A91 
 4339      D6C9
 4340 01bf 7E873E55 		.ascii	"~\207>U\217#\374\200~!\355\004\222\"J\"\266\3427\247"
 4340      8F23FC80 
 4340      7E21ED04 
 4340      92224A22 
 4340      B6E237A7 
 4341 01d3 4D117D60 		.ascii	"M\021}`\250R\217\374n\273\322\2722\334\366\345\361'"
 4341      A8528FFC 
 4341      6EBBD2BA 
 4341      32DCF6E5 
 4341      F127
 4342 01e5 9E466056 		.ascii	"\236F`V\006l\024\247\247B\227\211.\225.3]\026\240*+"
 4342      066C14A7 
 4342      A7429789 
 4342      2E952E33 
 4342      5D16A02A 
 4343 01fa F91E0F8C 		.ascii	"\371\036\017\214' \356\306D\021IB\334\213\311b\225\""
 4343      2720EEC6 
 4343      44114942 
 4343      DC8BC962 
 4343      9522
 4344 020c 6E00751C 		.ascii	"n\000u\034\206\350\217\243\036\001\250\347\314x)\243"
 4344      86E88FA3 
 4344      1E01A8E7 
 4344      CC7829A3 
 4345 021c 977B4CEF 		.ascii	"\227{L\357\374\253\253\026\351|\210\365\355\233_]:\033"
 4345      FCABAB16 
 4345      E97C88F5 
 4345      ED9B5F5D 
 4345      3A1B
 4346 022e 466197C8 		.ascii	"Fa\227\310\334>k\305\003\010\367Y\260uK<\217\247\243"
 4346      DC3E6BC5 
 4346      0308F759 
 4346      B0754B3C 
 4346      8FA7A3
 4347 0241 E1123654 		.ascii	"\341\0226T s-\240\347V\004\347)<)BSh0\213\3434\346\221"
 4347      20732DA0 
 4347      E75604E7 
 4347      293C2942 
 4347      5368308B 
 4348 0259 D7725DFA 		.ascii	"\327r]\372\023\346\322\232h\202\275-\253\372\273z\237"
 4348      13E6D29A 
 4348      6882BD2D 
 4348      ABFABB7A 
 4348      9F
 4349 026a A4161841 		.ascii	"\244\026\030A\036/\231\357w\215\221\317\007\016\331"
 4349      1E2F99EF 
ARM GAS  /tmp/ccYjAqA9.s 			page 155


 4349      778D91CF 
 4349      070ED9
 4350 0279 F66ECDA5 		.ascii	"\366n\315\245u5(\254\227m/X\361\260\241\247\245\341"
 4350      753528AC 
 4350      976D2F58 
 4350      F1B0A1A7 
 4350      A5E1
 4351 028b C1F5F3C9 		.ascii	"\301\365\363\311x\304H\324\337\020U\301\015\014\360"
 4351      78C448D4 
 4351      DF1055C1 
 4351      0D0CF0
 4352 029a 18AA1ECC 		.ascii	"\030\252\036\314\220\230\215u;/\257G<n`\366\\\266\342"
 4352      90988D75 
 4352      3B2FAF47 
 4352      3C6E60F6 
 4352      5CB6E2
 4353 02ad 09840116 		.ascii	"\011\204\001\026|V\030\273\202\216\365\2040/\267\274"
 4353      7C5618BB 
 4353      828EF584 
 4353      302FB7BC 
 4354 02bd 6322A700 		.ascii	"c\"\247\000\316\"\320\343\034\236\021\252'\324S\342"
 4354      CE22D0E3 
 4354      1C9E11AA 
 4354      27D453E2 
 4355 02cd 6D11FE05 		.ascii	"m\021\376\005AJmn\250\273a\021\354\322\232[wk\356\\"
 4355      414A6D6E 
 4355      A8BB6111 
 4355      ECD29A5B 
 4355      776BEE5C 
 4356 02e1 F802A362 		.ascii	"\370\002\243b:\357]@\030de\251@\006\274\365&\005\231"
 4356      3AEF5D40 
 4356      186465A9 
 4356      4006BCF5 
 4356      260599
 4357 02f4 4DA29A57 		.ascii	"M\242\232W\255\356\026_\2304\252'\201#\031U\212\322"
 4357      ADEE165F 
 4357      9834AA27 
 4357      81231955 
 4357      8AD2
 4358 0306 2061454E 		.ascii	" aENA\007\2024%p\021\337\240f\367YYm(\215'r\344\011"
 4358      41078234 
 4358      257011DF 
 4358      A066F759 
 4358      596D288D 
 4359 031e A26B2A6D 		.ascii	"\242k*m\022O\224-\326t\217\201>\266\254\247m,OT\003"
 4359      124F942D 
 4359      D6748F81 
 4359      3EB6ACA7 
 4359      6D2C4F54 
 4360 0333 F2908B1D 		.ascii	"\362\220\213\035\343\333*\227\237c\261\035\373\270\373"
 4360      E3DB2A97 
 4360      9F63B11D 
 4360      FBB8FB
 4361 0342 790395CF 		.ascii	"y\003\225\317\223\324%1\224\322\267\362\324\035\210"
 4361      93D42531 
 4361      94D2B7F2 
 4361      D41D88
ARM GAS  /tmp/ccYjAqA9.s 			page 156


 4362 0351 A13EE99E 		.ascii	"\241>\351\236:\"\367u\210\252\355\254\235/\301\246\226"
 4362      3A22F775 
 4362      88AAEDAC 
 4362      9D2FC1A6 
 4362      96
 4363 0362 E0F64E8C 		.ascii	"\340\366N\214\201\327\023%\311\017o\031\035\225}-^\352"
 4363      81D71325 
 4363      C90F6F19 
 4363      1D957D2D 
 4363      5EEA
 4364 0374 8E6E6D76 		.ascii	"\216nmv'\276\006r\210\315\211\201.\314\002\220\322i"
 4364      27BE0672 
 4364      88CD8981 
 4364      2ECC0290 
 4364      D269
 4365 0386 4BA86E90 		.ascii	"K\250n\220-\337\220\311\031\265\231=\013@}\006G\361"
 4365      2DDF90C9 
 4365      19B5993D 
 4365      0B407D06 
 4365      47F1
 4366 0398 24364E28 		.ascii	"$6N(\354 \205L\235\021S\250\356X\325?>\326\263\361\321"
 4366      EC20854C 
 4366      9D1153A8 
 4366      EE58D53F 
 4366      3ED6B3F1 
 4367 03ad 02BF3504 		.ascii	"\002\2775\004\232\227\335\335\023\031\021\270\313\020"
 4367      9A97DDDD 
 4367      131911B8 
 4367      CB10
 4368 03bb D8DA93C8 		.ascii	"\330\332\223\310\371#\234\355\031q\366\025\236\314\371"
 4368      F9239CED 
 4368      1971F615 
 4368      9ECCF9
 4369 03ca 43CE264B 		.ascii	"C\316&K:\313\231\253;{\206-\014N\027\037\006\267\030"
 4369      3ACB99AB 
 4369      3B7B862D 
 4369      0C4E171F 
 4369      06B718
 4370 03dd 27A6DB38 		.ascii	"'\246\3338\377\304~\253<\215+\024\226<\310S\344\313"
 4370      FFC47EAB 
 4370      3C8D2B14 
 4370      963CC853 
 4370      E4CB
 4371 03ef 304F8A44 		.ascii	"0O\212D\177G;$?\210\024n\372\247\016\010\\\217\212\010"
 4371      7F473B24 
 4371      3F88146E 
 4371      FAA70E08 
 4371      5C8F8A08 
 4372 0403 AE0B0D32 		.ascii	"\256\013\0152\256R\205$\272\312\270\231\233\270*;T\340"
 4372      AE528524 
 4372      BACAB899 
 4372      9BB82A3B 
 4372      54E0
 4373 0415 BFABFE14 		.ascii	"\277\253\376\024U\334,\331\367\021\373#,9M\226\204\270"
 4373      55DC2CD9 
 4373      F711FB23 
 4373      2C394D96 
ARM GAS  /tmp/ccYjAqA9.s 			page 157


 4373      84B8
 4374 0427 8527B20F 		.ascii	"\205'\262\017\033\0172\236lnm:\310i(+\361\350\212\034"
 4374      1B0F329E 
 4374      6C6E6D3A 
 4374      C869282B 
 4374      F1E88A1C 
 4375 043b 6A480CC5 		.ascii	"jH\014\305\305Y\016q+^B\345Dcy\245\230\213\326jM\023"
 4375      C5590E71 
 4375      2B5E42E5 
 4375      446379A5 
 4375      988BD66A 
 4376 0451 89B1D4ED 		.ascii	"\211\261\324\355(\217\247\337\0024\212\202\021\261'"
 4376      288FA7DF 
 4376      02348A82 
 4376      11B127
 4377 0460 39F6428F 		.ascii	"9\366B\217\333i\327<\371\3669\232\347]\247\303\347\265"
 4377      DB69D73C 
 4377      F9F6399A 
 4377      E75DA7C3 
 4377      E7B5
 4378 0472 CF2C74E5 		.ascii	"\317,t\345\273r|\376\002\227\347\341u\356\344L{\211"
 4378      BB727CFE 
 4378      0297E7E1 
 4378      75EEE44C 
 4378      7B89
 4379 0484 475BE82D 		.ascii	"G[\350-\316s8s}\232\277h\241=g^v\346\344\334\331s\262"
 4379      CE733873 
 4379      7D9ABF68 
 4379      A13D675E 
 4379      76E6E4DC 
 4380 049b 5ECD9DEF 		.ascii	"^\315\235\357\322\334%y\232\323\016/\244\247\333\351"
 4380      D2DC2579 
 4380      9AD30E2F 
 4380      A4A7DBE9 
 4381 04ab DF214A3D 		.ascii	"\337!J=\336(\322\343\265k>\273WsP\334\271\310Y\344\363"
 4381      DE28D2E3 
 4381      B56B3EBB 
 4381      577350DC 
 4381      B9C859E4 
 4382 04c0 A63B4035 		.ascii	"\246;@5VO\215\204\322'gL\313\234:-?\003\314>\227\333"
 4382      564F8D84 
 4382      D227674C 
 4382      CB9C3A2D 
 4382      3F03CC3E 
 4383 04d6 E9F1FBD0 		.ascii	"\351\361\373\320\255:\374\232\346+\236\370xZW\221\343"
 4383      AD3AFC9A 
 4383      E62B9EF8 
 4383      785A5791 
 4383      E3
 4384 04e7 3D7F8193 		.ascii	"=\177\201\223r\336Roz!\230\363\363\274\3169\232k\326"
 4384      72DE526F 
 4384      7A2198F3 
 4384      F3BCCE39 
 4384      9A6BD6
 4385 04fa 634A1C1E 		.ascii	"cJ\034\036\267\333Sdw.\366\331g\314\315\266\317\314"
 4385      B7DB5364 
 4385      772EF6D9 
ARM GAS  /tmp/ccYjAqA9.s 			page 158


 4385      67CCCDB6 
 4385      CFCC
 4386 050c CEC9CAB1 		.ascii	"\316\311\312\261\317\364\220\370\254a&\267\327\345\315"
 4386      CFF490F8 
 4386      AC6126B7 
 4386      D7E5CD
 4387 051b 5DE07010 		.ascii	"]\340p\020\333K\377\315R\354\321\3104\342Y\364rZ6\241"
 4387      DB4BFFCD 
 4387      52ECD1C8 
 4387      34E259F4 
 4387      725A36A1 
 4388 052f 1CC44355 		.ascii	"\034\304CU\351\377G\256\257Ps\346\025\010\311I\3319"
 4388      E9FF47AE 
 4388      AF5073E6 
 4388      1508C949 
 4388      D939
 4389 0541 735385EC 		.ascii	"sS\205\354b\3155)\365\271\014`\032\230\335N\267G+\205"
 4389      62CD3529 
 4389      F5B90C60 
 4389      1A98DD4E 
 4389      B7472B85 
 4390 0555 BF0171C1 		.ascii	"\277\001q\301\255)"
 4390      AD29
 4391              		.text
 4392              		.section	.gnu.lto_chEvtWaitAnyTimeout.355.20964d410ae452ff,"e",%progbits
 4393 0000 789C8D54 		.ascii	"x\234\215T\177LSW\024>\347\336\327\327V\004\034\302"
 4393      7F4C5357 
 4393      143EE7DE 
 4393      D7D75604 
 4393      1CC2
 4394 0012 DC4C6670 		.ascii	"\334Lfp\311\342\346\224G$s\372\307\022\2351\206,dN\226"
 4394      C9E2E694 
 4394      472473FA 
 4394      C7129D31 
 4394      862C644E 
 4395 0027 2CCBB210 		.ascii	",\313\262\020\250\025:W\312^[\221\030\323\267\2024A"
 4395      A8153A57 
 4395      CA5E5B91 
 4395      18D3B782 
 4395      3441
 4396 0039 0DC21683 		.ascii	"\015\302\026\203\256\202\272\215h\262_\006u \212u(\352"
 4396      AE82BA8D 
 4396      68B25F06 
 4396      75208A75 
 4396      28EA
 4397 004b FCAD5399 		.ascii	"\374\255S\231\003t,\006\011jP\024I\020\331\271\367\325"
 4397      03742C06 
 4397      096A5014 
 4397      4910D9B9 
 4397      F7D5
 4398 005d E2165DD6 		.ascii	"\342\026]\326\364\275{\3379\337\371\316w\277{\337k\265"
 4398      F4BD7BDF 
 4398      39DFF9CE 
 4398      77BF7BDF 
 4398      6BB5
 4399 006f 00D42340 		.ascii	"\000\324#@\030\000p\034`uU\005\003\3030\346Y\031+\255"
 4399      1800701C 
ARM GAS  /tmp/ccYjAqA9.s 			page 159


 4399      60755505 
 4399      03C330E6 
 4399      59192BAD 
 4400 0083 5ACBF010 		.ascii	"Z\313\360\020\016\236\353\237\256\324l\350\306\212\037"
 4400      0E9EEB9F 
 4400      AED46CE8 
 4400      C68A1F
 4401 0092 2A5314CE 		.ascii	"*S\024\316\312\252\342n~\375g\212\262\246*\341\313\216"
 4401      CAAAE26E 
 4401      7EFD678A 
 4401      B2A62AE1 
 4401      CB8E
 4402 00a4 DAE98A82 		.ascii	"\332\351\212\202\233\252\267\337\271\332\260R\226YX"
 4402      9BAAB7DF 
 4402      B9DAB052 
 4402      965958
 4403 00b3 7955DC91 		.ascii	"yU\334\221\221\023v%T\225\320\034\334=[QE~\327\315\014"
 4403      91137625 
 4403      5495D01C 
 4403      DC3D5B51 
 4403      457ED7CD 
 4404 00c8 99B6624D 		.ascii	"\231\266bM\365\366\251f\007\233,\034n\270a\243.2b\307"
 4404      F5F6A966 
 4404      079B2C1C 
 4404      6EB861A3 
 4404      2E3262C7 
 4405 00dc CF63FD11 		.ascii	"\317c\375\021\002\214+\026\325j\263c\000\267q\013\252"
 4405      028C2B16 
 4405      D56AB363 
 4405      00B7710B 
 4405      AA
 4406 00ed 1351A17B 		.ascii	"\023Q\241{\012\246j\021\303\030:\322w\255I\335\322x"
 4406      0AA66A11 
 4406      C3183AD2 
 4406      77AD49DD 
 4406      D278
 4407 00ff D6B00760 		.ascii	"\326\260\007`u#\376L\253\000\260\240\315@\230I\371\263"
 4407      7523FE4C 
 4407      AB00B0A0 
 4407      CD409849 
 4407      F9B3
 4408 0111 9D8D8661 		.ascii	"\235\215\206a\207\300>\214&\031\204\260+\231\000\341"
 4408      87C03E8C 
 4408      261984B0 
 4408      2B9900E1 
 4409 0121 28606D69 		.ascii	"(`mi\310\230\240\254\332\037\003\260\020\366%K\216o"
 4409      C898A0AC 
 4409      DA1F03B0 
 4409      10F6254B 
 4409      8E6F
 4410 0133 90EEAF13 		.ascii	"\220\356\257\023\250\277\275\341\34154\252\015\014\264"
 4410      A8BFBDE1 
 4410      E13534AA 
 4410      0D0CB4
 4411 0142 60AC4B08 		.ascii	"`\254K\010\313R\010U\037C\235i\270g\242J\"O\242\206"
 4411      CB520855 
 4411      1F439D69 
ARM GAS  /tmp/ccYjAqA9.s 			page 160


 4411      B867A24A 
 4411      224FA286 
 4412 0156 92E3E010 		.ascii	"\222\343\340\020\036DXM\354\026\214\003(n\0255q\264"
 4412      1E44584D 
 4412      EC168C03 
 4412      286E1535 
 4412      71B4
 4413 0168 C21D93E0 		.ascii	"\302\035\223\340\027,\006\212\035F3\010\340o\213N\274"
 4413      172C068A 
 4413      1D463308 
 4413      E06F8B4E 
 4413      BC
 4414 0179 471FC31A 		.ascii	"G\037\303\032omR\011\3505\343\3070\226\010w\036\351"
 4414      6F6D5209 
 4414      E835E3C7 
 4414      30960877 
 4414      1EE9
 4415 018b 50E1387E 		.ascii	"P\3418~&\364\266\213\250X\324\320\206\312?\316L\016"
 4415      26F4B68B 
 4415      A858D4D0 
 4415      86CA3FCE 
 4415      4C0E
 4416 019d 1B11C573 		.ascii	"\033\021\305s\002\375R\311Id\266\020\3766\305\224:\024"
 4416      02FD52C9 
 4416      4964B610 
 4416      FE36C594 
 4416      3A14
 4417 01af FE6274CF 		.ascii	"\376bt\317\214\326R\343\230! \253\243\020i\235\240\035"
 4417      8CD652E3 
 4417      982120AB 
 4417      A310699D 
 4417      A01D
 4418 01c1 3AFA957A 		.ascii	":\372\225z\012\341W\364\013i\247\221\024Q\022\261\005"
 4418      0AE157F4 
 4418      0B69A791 
 4418      145112B1 
 4418      05
 4419 01d2 7F3C6F89 		.ascii	"\177<o\211\030\017G+\215HO\312\241\201u\341\326\201"
 4419      180F472B 
 4419      8D484FCA 
 4419      A18175E1 
 4419      D681
 4420 01e4 33CFBD88 		.ascii	"3\317\275\210\300\354\014\3308N\243B\227\205.\225.+"
 4420      C0EC0CD8 
 4420      384EA342 
 4420      97852E95 
 4420      2E2B
 4421 01f6 50858D3C 		.ascii	"P\205\215<\037\017\214\307#\356\303\004\021ID\334\217"
 4421      1F0F8CC7 
 4421      23EEC304 
 4421      114944DC 
 4421      8F
 4422 0207 49620650 		.ascii	"Ib\006P\313a\224~\034\215\010@\035g\346C)=<`Fw]O\015"
 4422      CB61947E 
 4422      1C8D0840 
 4422      1D67E643 
 4422      293D3C60 
ARM GAS  /tmp/ccYjAqA9.s 			page 161


 4423 0220 D2B110F3 		.ascii	"\322\261\020\363\201;\337w]\012\243pId\006.\331\361"
 4423      813BDF77 
 4423      5D0AA370 
 4423      4964062E 
 4423      D9F1
 4424 0232 30C2300B 		.ascii	"0\3020\013\266\354\214\347\343\351D\270\304\352+\220"
 4424      B6EC8CE7 
 4424      E3E944B8 
 4424      C4EA2B90 
 4425 0242 B9F269FC 		.ascii	"\271\362i\374\016\301y\016\317\212\320lZ\217\315q\036"
 4425      0EC1790E 
 4425      CF8AD06C 
 4425      5A8FCD71 
 4425      1E
 4426 0253 73C96239 		.ascii	"s\311b9/\271\20094'\232`\177\323\372\332\236\376$j\201"
 4426      2FB98039 
 4426      34279A60 
 4426      7FD3FADA 
 4426      9EFE246A 
 4427 0268 11E4E325 		.ascii	"\021\344\343%\363\256\236\027\344\270;_\266\275\277"
 4427      F3AE9E17 
 4427      E4B83B5F 
 4427      B6BDBF
 4428 0277 B16BF346 		.ascii	"\261k\363F\024\216\313\266W\354x\314\324\323T\377\250"
 4428      148ECBB6 
 4428      57EC78CC 
 4428      D4D354FF 
 4428      A8
 4429 0288 AF7D221E 		.ascii	"\257}\"\0367\023u\267EUp+\003<\211\252\007\323%f[\355"
 4429      371375B7 
 4429      4555702B 
 4429      033C89AA 
 4429      07D32566 
 4430 029e DEAB5B10 		.ascii	"\336\253[\020O\231\230\346\253v<\215\360\220\005_\026"
 4430      4F9998E6 
 4430      AB763C8D 
 4430      F090055F 
 4430      16
 4431 02af 7EAEA5D3 		.ascii	"~\256\245\323<-\314\313m\037[\320N\326_B\240\3412^\024"
 4431      3C2DCCCB 
 4431      6D1F5BD0 
 4431      4ED65F42 
 4431      A0E1325E 
 4432 02c4 AAA7D551 		.ascii	"\252\247\325Q\342#\021\376\035AJm\254\257\275m\023\354"
 4432      E22311FE 
 4432      1D414A6D 
 4432      ACAFBD6D 
 4432      13EC
 4433 02d6 D29ABBF7 		.ascii	"\322\232\273\3677\336\273\362-F\305t?\270\2020\302J"
 4433      37DEBBF2 
 4433      2D46C574 
 4433      3FB88230 
 4433      C24A
 4434 02e8 53810CF8 		.ascii	"S\201\014\370\360\003\012\262\024\211j\\\277\267G\274"
 4434      F0030AB2 
 4434      14896A5C 
 4434      BFB747BC 
ARM GAS  /tmp/ccYjAqA9.s 			page 162


 4435 02f8 58D2A8DE 		.ascii	"X\322\250\336\004\216dT\011J\203\204\025\331\313:\020"
 4435      048E6454 
 4435      094A8384 
 4435      15D9CB3A 
 4435      10
 4436 0309 A429814E 		.ascii	"\244)\201N|\217\232\015\263\322\232\320LN@\036/\272"
 4436      7C8F9A0D 
 4436      B3D29AD0 
 4436      4C4E401E 
 4436      2FBA
 4437 031b A6D226F1 		.ascii	"\246\322&\361\004\331\242\211|\031de\275\255\223y\202"
 4437      04D9A289 
 4437      7C196465 
 4437      BDAD9379 
 4437      82
 4438 032c 1A90675B 		.ascii	"\032\220g[\354\030\377\251r\315e\026\333\261\346\236"
 4438      EC18FFA9 
 4438      72CD6516 
 4438      DBB1E69E 
 4439 033c 574D541E 		.ascii	"WMT\036OTW\305P\312\340\272s\367 \206:\3203gL\356\273"
 4439      4F5457C5 
 4439      50CAE0BA 
 4439      73F72086 
 4439      3AD03367 
 4440 0353 1055DBDD 		.ascii	"\020U\333\335\222/\301\226\246\340\356n\214\201/\020"
 4440      922FC196 
 4440      A6E0EE6E 
 4440      8C812F10 
 4441 0363 25C90FEF 		.ascii	"%\311\017\357\234\024\225}#^\352\216nmV7\276\003r\021"
 4441      9C14957D 
 4441      235EEA8E 
 4441      6E6D5637 
 4441      BE037211 
 4442 0377 3B12037F 		.ascii	";\022\003\177a&\200\224nt_\244\272\021\266fk\006g\324"
 4442      61268094 
 4442      6E745FA4 
 4442      BA11B666 
 4442      6B0667D4 
 4443 038b 66D14200 		.ascii	"f\321B\000\365%\034\307\023\331\024\241\260\203\024"
 4443      F5251CC7 
 4443      13D914A1 
 4443      B08314
 4444 039a 32757E4C 		.ascii	"2u~L\241\272g\375\320\324X\317\313O\027\330n\012\264"
 4444      A1BA67FD 
 4444      D0D458CF 
 4444      CB4F17D8 
 4444      6E0AB4
 4445 03ad 96DD6F8E 		.ascii	"\226\335o\216\214\011\3544\005\266\364&r\376\024g{\307"
 4445      8C09EC34 
 4445      05B6F426 
 4445      72FE1467 
 4445      7BC7
 4446 03bf 9C7D8B27 		.ascii	"\234}\213'q\376\204\263I\222\316v\361\372\336\336\307"
 4446      71FE84B3 
 4446      4992CE76 
 4446      F1FADEDE 
 4446      C7
ARM GAS  /tmp/ccYjAqA9.s 			page 163


 4447 03d0 1606E789 		.ascii	"\026\006\347\211\027\203[%\363\235\350\371\227\307\374"
 4447      17835B25 
 4447      F39DE8F9 
 4447      97C7FC
 4448 03df 79FA10FE 		.ascii	"y\372\020\376\203\035\002}Q\352\340\346\320\010\343"
 4448      831D027D 
 4448      51EAE0E6 
 4448      D008E3
 4449 03ee 16AA926D 		.ascii	"\026\252\222m\2563\256r\205[D\346n\005\376\273\352\226"
 4449      AE33AE72 
 4449      855B44E6 
 4449      6E05FEBB 
 4449      EA96
 4450 0400 A8E2AA79 		.ascii	"\250\342\252y\240iW\237\262\320AZh\210[y\002kinc<\311"
 4450      A069579F 
 4450      B2D0415A 
 4450      68885B79 
 4450      026B696E 
 4451 0417 7AFB401B 		.ascii	"z\373@\033'\251v\3421\024)uTH\3456\361\211\3436\354"
 4451      27A976E2 
 4451      31142975 
 4451      5448E536 
 4451      F189E336 
 4452 042c 42E55173 		.ascii	"B\345Qsy\245PKs\265\355\200\312\255\266\226\203\345"
 4452      79A5504B 
 4452      73B5ED80 
 4452      CAADB696 
 4452      83E5
 4453 043e F1F486A3 		.ascii	"\361\364\206\243Y\024\214\010\247\263\265\002\217\333"
 4453      59148C08 
 4453      A7B3B502 
 4453      8FDB
 4454 044c A9E99E3C 		.ascii	"\251\351\236<m\261\356\371\304\351\360y\265\005\005"
 4454      6DB1EEF9 
 4454      C4E9F079 
 4454      B50505
 4455 045b AE3C57B6 		.ascii	"\256<W\266\317\277\324\345yr\2363+C+\366\350\313\275"
 4455      CFBFD4E5 
 4455      79729E33 
 4455      2B432BF6 
 4455      E8CBBD
 4456 046e 45B90E67 		.ascii	"E\271\016g\216O\367\027.\327\262\337\317\312\230\225"
 4456      8E4FF717 
 4456      2ED7B2DF 
 4456      CFCA9895 
 4457 047e B36871E6 		.ascii	"\263hq\346\3339\313\\\272\2738Wwj\360ZZ\232F\177\207"
 4457      DB39CB5C 
 4457      BABB3857 
 4457      776AF05A 
 4457      5A9A467F 
 4458 0493 28F578A3 		.ascii	"(\365x\243H\217W\323}\232WwP\334\271\302Y\350\363\246"
 4458      488F57D3 
 4458      7D9A5777 
 4458      50DCB9C2 
 4458      59E8F3A6 
 4459 04a7 39403567 		.ascii	"9@5g\311c\241\264Y\351s3\346\314\315K\007\253\317\345"
 4459      C963A1B4 
ARM GAS  /tmp/ccYjAqA9.s 			page 164


 4459      59E97333 
 4459      E6CCCD4B 
 4459      07ABCFE5 
 4460 04bb 767AFC3E 		.ascii	"vz\374>t\253\016\277\256\373\212\246?\233\326U\350\370"
 4460      74AB0EBF 
 4460      AEFB8AA6 
 4460      3F9BD655 
 4460      E8F8
 4461 04cd D4BFD449 		.ascii	"\324\277\324I9o\2117\255\000\254y\271^\347b\335\265"
 4461      396F8937 
 4461      AD00AC79 
 4461      B95EE762 
 4461      DDB5
 4462 04df F019250E 		.ascii	"\360\031%\016\217\333\355)\324\234+}\332\374%Y\332\202"
 4462      8FDBED29 
 4462      D49C2B7D 
 4462      DAFC2559 
 4462      DA82
 4463 04f1 ACECCC6C 		.ascii	"\254\354\314lm\201\207\304g>fr{]\336\234|\207\203\330"
 4463      6D8187C4 
 4463      673E6672 
 4463      7B5DDE9C 
 4463      7C8783D8 
 4464 0505 DEF86F96 		.ascii	"\336\370o\226\"\217N\246\021\317\2127gf\021\312A<T\225"
 4464      228F4EA6 
 4464      11CF8A37 
 4464      676611CA 
 4464      413C5495 
 4465 0519 F67FE4FA 		.ascii	"\366\177\344\372\012tg\356R!yBV\366\222T!\273Hw\315"
 4465      0A7467EE 
 4465      52217942 
 4465      56F69254 
 4465      21BB4877 
 4466 052e 487D251D 		.ascii	"H}%\035\230\016V\267\323\355\321K\340oM\320\242\332"
 4466      980E56B7 
 4466      D3EDD14B 
 4466      E06F4DD0 
 4466      A2DA
 4467              		.text
 4468              		.section	.gnu.lto_chEvtWaitAllTimeout.356.20964d410ae452ff,"e",%progbits
 4469 0000 789C8D94 		.ascii	"x\234\215\224\177lSU\024\307\317\271\367\365\265\265"
 4469      7F6C5355 
 4469      14C7CFB9 
 4469      F7F5B5B5 
 4470 0010 1BA06C60 		.ascii	"\033\240l`H$\213\211\001\021\366\026\026\020\376\003"
 4470      48248B89 
 4470      0111F616 
 4470      1610FE03 
 4471 0020 174216B3 		.ascii	"\027B\026\263\210\324\304\030c\226\255TV\260{\363\275"
 4471      88D4C418 
 4471      6396AD54 
 4471      56B07BF3 
 4471      BD
 4472 0031 96B110D2 		.ascii	"\226\261\020\322g\307\32682\311\246!sv\003\177\301\210"
 4472      67C7D638 
 4472      32C9A621 
 4472      7376037F 
ARM GAS  /tmp/ccYjAqA9.s 			page 165


 4472      C188
 4473 0043 3F90C860 		.ascii	"?\220\310`\016\002\2059~+C\330\370\261\311\200\370\003"
 4473      0E028539 
 4473      7E2B43D8 
 4473      F8B1C980 
 4473      F803
 4474 0055 CA8F8C1F 		.ascii	"\312\217\214\037\302\024\346<\367\266tj\300\330\364"
 4474      C214E63C 
 4474      F7B6746A 
 4474      C0D8F4
 4475 0064 F5DD7BCE 		.ascii	"\365\335{\316\367\234\373y\337{_\321\006\360\011\002"
 4475      F79CFB79 
 4475      DF7B5FD1 
 4475      06F00902 
 4476 0074 D400003A 		.ascii	"\324\000\000:\001\353\353j\030X\2265\307\316Xe\335j"
 4476      01EBEB6A 
 4476      18589635 
 4476      C7CE5865 
 4476      DD6A
 4477 0086 86BB313A 		.ascii	"\206\2731:X\225\253D\352F\375\024\371#M\341lU\235\353"
 4477      5895AB44 
 4477      EA46FD14 
 4477      F9234DE1 
 4477      6C559DEB 
 4478 009a CAC7E733 		.ascii	"\312\307\3473\225\252\272Q\357\3655OQ\024l\250\377\350"
 4478      95AABA51 
 4478      EFF5354F 
 4478      51146CA8 
 4478      FFE8
 4479 00ac FA97ADCB 		.ascii	"\372\227\255\313e\225\215U\327\271:\207\016;E\305\216"
 4479      65958D55 
 4479      D7B93A87 
 4479      0E3B45C5 
 4479      8E
 4480 00bd F0D6998A 		.ascii	"\360\326\231\212*\362[v\314\220i\273\024\037l-\2213"
 4480      2AF25B76 
 4480      CC9069BB 
 4480      141F6C2D 
 4480      9133
 4481 00cf 07BE955A 		.ascii	"\007\276\225Z\016!\304\270bS)\030\302\017\271\015\325"
 4481      0E21C4B8 
 4481      62532918 
 4481      C20FB90D 
 4481      D5
 4482 00e0 B1A8D06F 		.ascii	"\261\250\320o&fi1\313\032\354\274<p\\mj\353\262\234"
 4482      26666931 
 4482      CB1AECBC 
 4482      3C705C6D 
 4482      6AEBB29C 
 4483 00f4 2158D986 		.ascii	"!X\331\206\333\211\031\300\206\016\013a\032\345\273"
 4483      DB8919C0 
 4483      860E0B61 
 4483      1AE5BB
 4484 0103 7E6CB32C 		.ascii	"~l\263,'\204\3321\231d\020\301\215\031$\210&\005\253"
 4484      2784DA31 
 4484      996410C1 
 4484      8D192488 
ARM GAS  /tmp/ccYjAqA9.s 			page 166


 4484      2605AB
 4485 0116 2B23D618 		.ascii	"+#\326\030e\305\316\224\200Epk\206\354A\006\330\360"
 4485      65C5CE94 
 4485      8045706B 
 4485      86EC4106 
 4485      D8F0
 4486 0128 19120DB4 		.ascii	"\031\022\015\264\264\336:\207V\275\205\025\2730\265"
 4486      B4DE3A87 
 4486      56BD8515 
 4486      BB30B5
 4487 0137 4A04F764 		.ascii	"J\004\367d\270`7\302J\252\262\241\013\240|\217\250p"
 4487      B86037C2 
 4487      4AAAB2A1 
 4487      0BA07C8F 
 4487      A870
 4488 0149 1178CB78 		.ascii	"\021x\313x\210a9Pl/&\202\000\301o\223\003\263\363\276"
 4488      88613950 
 4488      6C2F2682 
 4488      00C16F93 
 4488      03B3F3BE 
 4489 015d ACADBB51 		.ascii	"\254\255\273Q%\241\231\210\357\303T\"\332\333\331\247"
 4489      25A19988 
 4489      EFC35422 
 4489      DADBD9A7 
 4490 016d C27E7C53 		.ascii	"\302~|Sp\364\210\250\200\035\274\367N\357\321\011Q+"
 4490      70F488A8 
 4490      801DBCF7 
 4490      4EEFD109 
 4490      512B
 4491 017f A6E80731 		.ascii	"\246\350\0071(9\016!sD\360\304\304\004\350`\303\273"
 4491      28390E21 
 4491      7344F0C4 
 4491      C404E860 
 4491      C3BB
 4492 0191 C3AD533B 		.ascii	"\303\255S;*\255\003\226\220\254LJ\244%\242\355\340\376"
 4492      2AAD0396 
 4492      90AC4C4A 
 4492      A425A2ED 
 4492      E0FE
 4493 01a3 0FD4C308 		.ascii	"\017\324\303\010\0070(\320\216 \021\211\344\346\037"
 4493      073028D0 
 4493      8E201189 
 4493      E4E61F
 4494 01b2 6C31EBDE 		.ascii	"l1\353\336\360\032+\366k\346\371\215\265\321\216\317"
 4494      F01A2BF6 
 4494      6BE6F98D 
 4494      B5D18ECF 
 4495 01c2 7A1E1D87 		.ascii	"z\036\035\207\300\234\214.\016\354\021\205\3566\272"
 4495      C09C8C2E 
 4495      0EEC1185 
 4495      EE36BA
 4496 01d1 54BAECE4 		.ascii	"T\272\354\344\241\013\030OCl\307t\304\235\324\241\231"
 4496      A10B184F 
 4496      436CC774 
 4496      C49DD4A1 
 4496      99
 4497 01e2 C3307D38 		.ascii	"\3030}8Z1\200u\234%&\2254\271\303\254\013\307\342\015"
ARM GAS  /tmp/ccYjAqA9.s 			page 167


 4497      5A318075 
 4497      9C252695 
 4497      34B9C3AC 
 4497      0BC7E20D 
 4498 01f6 4807468C 		.ascii	"H\007F\214o^\372\342lO\024\205'\"s\263\307\211{\021"
 4498      6F5EFAE2 
 4498      6C4F1485 
 4498      272273B3 
 4498      C7897B11 
 4499 020a EEB2F0AE 		.ascii	"\356\262\360\256M\351\334E\373\352\023\317Z\203\314"
 4499      4DE9DC45 
 4499      FBEA13CF 
 4499      5A83CC
 4500 0219 B798EE9F 		.ascii	"\267\230\356\237#x\217\342\367\"4\223\350\035\236.,"
 4500      23788FE2 
 4500      F7223493 
 4500      E81D9E2E 
 4500      2C
 4501 022a 2243E5B8 		.ascii	"\"C\345\270\342\030\026\322\230\332\204\007\276\251"
 4501      E21816D2 
 4501      98DA8407 
 4501      BEA9
 4502 0238 ED8A0F3C 		.ascii	"\355\212\017<FK\340.\344.\331\271;\376\270\\\357\352"
 4502      464BE02E 
 4502      E42ED9B9 
 4502      3BFEB85C 
 4502      EFEA
 4503 024a DAB38D6B 		.ascii	"\332\263\215kQ\030+\327;\343\304}\011\220-\033\376\274"
 4503      51182BD7 
 4503      3BE3C47D 
 4503      09902D1B 
 4503      FEBC
 4504 025c 7C6A2CEE 		.ascii	"|j,\356O$\326]\023\362\360z\006x\010U\035s\244\346\367"
 4504      4F24D65D 
 4504      13F2F07A 
 4504      06780855 
 4504      1D73A4E6 
 4505 0271 A66DFD4D 		.ascii	"\246m\375M\210\207\023\232\035\375N<\202p\217\205\237"
 4505      8887139A 
 4505      1DFD4E3C 
 4505      82708F85 
 4505      9F
 4506 0282 14B6BD4D 		.ascii	"\024\266\275M\207qR#\257v\274f\2437\004\340\004\002"
 4506      87715223 
 4506      AF76BC66 
 4506      A33704E0 
 4506      0402
 4507 0294 DDBAF1B8 		.ascii	"\335\272\361\270\300\235\324D\211WE\370$\202d\374jC"
 4507      C09DD444 
 4507      895745F8 
 4507      248264FC 
 4507      6A43
 4508 02a6 F33587E8 		.ascii	"\3635\207\350.=\271qu\355\2553\237b\022\346\302\235"
 4508      2E3DB971 
 4508      75EDAD33 
 4508      9F6212E6 
 4508      C29D
ARM GAS  /tmp/ccYjAqA9.s 			page 168


 4509 02b8 330843AC 		.ascii	"3\010C\2542\013\350\311_y\231\202,S\252\332j{\342\016"
 4509      320BE8C9 
 4509      5F799982 
 4509      2C53AADA 
 4509      6A7BE20E 
 4510 02cc 619D7468 		.ascii	"a\235th4Gr\250\002\2453\302\003w\011\325I7B\275\370"
 4510      344772A8 
 4510      02A533C2 
 4510      037709D5 
 4510      493742BD 
 4511 02e1 222D7697 		.ascii	"\"-v\227U6D\276\343\234q\344ip\233\255\212wL\240I\232"
 4511      553644BE 
 4511      E39C71E4 
 4511      69709BAD 
 4511      8A774CA0 
 4512 02f7 38AEB42F 		.ascii	"8\256\264/\274\177\317\346\206\221}9\035\237,4\227:"
 4512      BC7FCFE6 
 4512      86917D39 
 4512      1D9F2C34 
 4512      973A
 4513 0309 8A79BABA 		.ascii	"\212y\272\272B\236i\241R6\264\\\251\301\224\2527>k\204"
 4513      429E69A1 
 4513      5236B45C 
 4513      A9C194AA 
 4513      373E6B84 
 4514 031d ED0548A2 		.ascii	"\355\005H\242]\350[\"\305\266\366\367;jYJ|\235Z\022"
 4514      5DE85B22 
 4514      C5B6F6F7 
 4514      3B6A594A 
 4514      7C9D5A12 
 4515 0331 6B74D3F8 		.ascii	"kt\323\370$\343\305t\011\231\334\300\202~|\036$q\313"
 4515      24E3C574 
 4515      0999DCC0 
 4515      827E7C1E 
 4515      2471CB
 4516 0344 E8D039CC 		.ascii	"\350\3209\314\007 6\2711T7\304\252\326\347rN\313\314"
 4516      072036B9 
 4516      315437C4 
 4516      AAD6E772 
 4516      4ECBCC
 4517 0357 9F07A03E 		.ascii	"\237\007\240>\201.\236\316&\012\302>\"\344\352\334\024"
 4517      812E9ECE 
 4517      260AC23E 
 4517      22E4EADC 
 4517      14
 4518 0368 A11ADEFE 		.ascii	"\241\032\336\376\365\344\324\232\277=\030\360v\002\320"
 4518      F5E4D49A 
 4518      BF3D18F0 
 4518      7602D0
 4519 0377 7E6AFDB9 		.ascii	"~j\375\271##\200Ct.\244\231\343\350_\345\0376B\350\227"
 4519      23238043 
 4519      742EA499 
 4519      E3E85FE5 
 4519      1F3642E8 
 4520 038c A487E1C6 		.ascii	"\244\207\341\306\310\020\3436B\223~\376\314\270\312"
 4520      C810E336 
 4520      42937EFE 
ARM GAS  /tmp/ccYjAqA9.s 			page 169


 4520      CCB8CA
 4521 039b 156E1399 		.ascii	"\025n\023\231\0335\370\357\252\213\242\212\253\262\373"
 4521      1B35F8EF 
 4521      AA8BA28A 
 4521      ABB2FB
 4522 03aa 30757F00 		.ascii	"0u\177\000J\375R\211\342\2402K\221(\303,<\007\270]\374"
 4522      4AFD5289 
 4522      E2A0324B 
 4522      9128C32C 
 4522      3C07B85D 
 4523 03bf 8B70BB1A 		.ascii	"\213p\273\032BP\256uW\257\021o\011\306Q\335vR\345i\366"
 4523      4250AE75 
 4523      57AF116F 
 4523      09C651DD 
 4523      7652E569 
 4524 03d4 E6D3D5E9 		.ascii	"\346\323\325\351\364fa\242*\034\023\317\356\326Jt\277"
 4524      F46661A2 
 4524      2A1C13CF 
 4524      EED64A74 
 4524      BF
 4525 03e5 5733F462 		.ascii	"W3\364bm\201\241/\361z\002\246\226W\342+\366\271\003"
 4525      6D81A12F 
 4525      F17A02A6 
 4525      9657E22B 
 4525      F6B903
 4526 03f8 C1453EFD 		.ascii	"\301E>\375\357\343\302\351\271Z\271n,5\313\212<\336"
 4526      EFE3C2E9 
 4526      B95AB96E 
 4526      2C35CB8A 
 4526      3CDE
 4527 040a C280112C 		.ascii	"\302\200\021,]\252\271_*\310\235^8\177A\376s\205\257"
 4527      5DAAB95F 
 4527      2AC89D5E 
 4527      387F41FE 
 4527      7385AF
 4528 041d FB0C7F79 		.ascii	"\373\014\177y\221\341\325\340\351\354l\215\276\036Q"
 4528      91E1D5E0 
 4528      E9EC6C8D 
 4528      BE1E51
 4529 042c AA9B49A5 		.ascii	"\252\233I\245njF@3\015\017\305\275\313\274\245\0013"
 4529      6E6A4640 
 4529      330D0FC5 
 4529      BDCBBCA5 
 4529      0133
 4530 043e DB036A62 		.ascii	"\333\003jb\2241\022\312\236\2363;w\326\354\342\034\260"
 4530      943112CA 
 4530      9E9E333B 
 4530      77D6ECE2 
 4530      1CB0
 4531 0450 077C7EAF 		.ascii	"\007|~\257\036\014\250\236\240a\004\312\246<\274\251"
 4531      1E0CA89E 
 4531      A06104CA 
 4531      A63CBCA9 
 4532 0460 AFD4F346 		.ascii	"\257\324\363Fp\221\227rf\205\231]\002\366\342\"\323"
 4532      70919772 
 4532      6685995D 
 4532      02F6E222 
ARM GAS  /tmp/ccYjAqA9.s 			page 170


 4532      D3
 4533 0471 BBC0F0CD 		.ascii	"\273\300\360\315{H\211G\367\373\365R\315\273<\240\315"
 4533      7B488947 
 4533      F7FBF552 
 4533      CDBB3CA0 
 4533      CD
 4534 0482 5D58A0E5 		.ascii	"]X\240\345\025\270\363\335Z\236N\350\371\367;\371M\237"
 4534      15B8F3DD 
 4534      5A9E4EE8 
 4534      F9F73BF9 
 4534      4D9F
 4535 0494 59B8D8E3 		.ascii	"Y\270\330\343\241n3\376\273K\231n\220e\324g\331\263"
 4535      A16E33FE 
 4535      BB4B996E 
 4535      9065D467 
 4535      D9B3
 4536 04a6 D30A48E5 		.ascii	"\323\012H\345\241>T\225\375\177p\003%\206\267h\221@"
 4536      A13E5495 
 4536      FD7F7003 
 4536      2586B768 
 4536      9140
 4537 04b8 1E53E05E 		.ascii	"\036S\340^\230%\260\313\014\337\324\254\247r\200\031"
 4537      9825B0CB 
 4537      0CDFD4AC 
 4537      A7728019 
 4538 04c8 60F77BFD 		.ascii	"`\367{\375\272Q\001\177\001t\254\\\362"
 4538      BA51017F 
 4538      0174AC5C 
 4538      F2
 4539              		.text
 4540              		.section	.gnu.lto___func__.8.362.20964d410ae452ff,"e",%progbits
 4541 0000 789C6361 		.ascii	"x\234ca``\220c\200\000u&\246z\006\231\344\014\327\262"
 4541      60609063 
 4541      80007526 
 4541      A67A0699 
 4541      E40CD7B2 
 4542 0014 92A0D4F4 		.ascii	"\222\240\324\364\314\342\222\324\"\337\304\342\354\360"
 4542      CCE292D4 
 4542      22DFC4E2 
 4542      ECF0
 4543 0022 CC920CB7 		.ascii	"\314\222\014\267\234\304\364bO\006\000\2761\013\206"
 4543      9CC4F462 
 4543      4F0600BE 
 4543      310B86
 4544              		.text
 4545              		.section	.gnu.lto___func__.5.368.20964d410ae452ff,"e",%progbits
 4546 0000 789C6361 		.ascii	"x\234ca``\220d\200\000u&\246z\006\361\344\014\327\262"
 4546      60609064 
 4546      80007526 
 4546      A67A06F1 
 4546      E40CD7B2 
 4547 0014 12F7D412 		.ascii	"\022\367\324\022\307\274\024\347\234\324\304\"\267\234"
 4547      C7BC14E7 
 4547      9CD4C422 
 4547      B79C
 4548 0022 C4F4624F 		.ascii	"\304\364bO\006\000\200\016\011)"
 4548      0600800E 
ARM GAS  /tmp/ccYjAqA9.s 			page 171


 4548      0929
 4549              		.text
 4550              		.section	.gnu.lto_.symbol_nodes.20964d410ae452ff,"e",%progbits
 4551 0000 789C7554 		.ascii	"x\234uT[O\023A\024\2369\207\266a\201\256emk\313\245"
 4551      5B4F1341 
 4551      149E3987 
 4551      B66181AE 
 4551      656D6BCB 
 4552 0015 A5A5DCBC 		.ascii	"\245\245\334\274\"\212xW\342O\341\177L\301>\020\225"
 4552      228A7857 
 4552      E24FE17F 
 4552      4CC13E10 
 4552      95
 4553 0026 E80B31BC 		.ascii	"\350\0131\274)\242!\032\365\001\324@bb\260*\017\304"
 4553      29A2211A 
 4553      F501D440 
 4553      6262B02A 
 4553      0FC4
 4554 0038 701145F1 		.ascii	"p\021E\361\002\245 \010*\"\"\362\202\263\235Y6\342t"
 4554      02A52008 
 4554      2A2222F2 
 4554      82B39D59 
 4554      36E274
 4555 004b 5F7A72BE 		.ascii	"_zr\276\313\234\363mg\327\235\204\020xBYt\223?H\257"
 4555      CB9CF36D 
 4555      67D79D84 
 4555      10784259 
 4555      74933F48 
 4556 0060 BC248411 		.ascii	"\274$\204\021\322\027on\216#\207\034\213P\0366\177\277"
 4556      D2176F6E 
 4556      8E23871C 
 4556      8B501E36 
 4556      7FBF
 4557 0072 C18E7823 		.ascii	"\301\216x#!\010\303\300bq\376\344X\334\376x35\031\237"
 4557      2108C3C0 
 4557      6271FEE4 
 4557      58DCFE78 
 4557      3335199F 
 4558 0086 A1503046 		.ascii	"\241P0F\200U(\031\363`\010\306(\260\312\177\316\263"
 4558      80552819 
 4558      F36008C6 
 4558      28B0CA7F 
 4558      CEB3
 4559 0098 185F60A7 		.ascii	"\030_`\247`\214\001\253Ry\300+`\325\267'S\365\333\225"
 4559      608C01AB 
 4559      5279C02B 
 4559      60D5B727 
 4559      53F5DB95 
 4560 00ac DFC12B94 		.ascii	"\337\301+\224\343\300j\224\312\327\300v+\2017\300\366"
 4560      E3C06A94 
 4560      CAD7C076 
 4560      2B8137C0 
 4560      F6
 4561 00bd 28810960 		.ascii	"(\201\011`{\225\213,\203O\034\366\026\330>%\343\007"
 4561      7B958B2C 
 4561      834F1CF6 
 4561      16D83E25 
ARM GAS  /tmp/ccYjAqA9.s 			page 172


 4561      E307
 4562 00cf F805E31D 		.ascii	"\370\005\343\035\260\375\312UW`\227`L\002;\240\364X"
 4562      B0FDCA55 
 4562      57609760 
 4562      4C023BA0 
 4562      F458
 4563 00e1 858060BC 		.ascii	"\205\200`\274\007V\273\274\321\335\260\235\260\006A"
 4563      0756BBBC 
 4563      D1DDB09D 
 4563      B00641
 4564 00f0 41F800EC 		.ascii	"A\370\000\354\240r\203\217\300\352T\312\337P$\224\237"
 4564      A072838F 
 4564      C0EA54CA 
 4564      DF502494 
 4564      9F
 4565 0101 801D522A 		.ascii	"\200\035R*\247\200\035V\002\323\300\352\225@\012\330"
 4565      A7801D56 
 4565      02D3C0EA 
 4565      95400AD8 
 4566 0111 11D5A630 		.ascii	"\021\325\2460\003\254A\011\244\201\035U\001t\016\330"
 4566      03AC4109 
 4566      A4811D55 
 4566      01740ED8 
 4567 0121 B14DF984 		.ascii	"\261M\371\2042 !\374\310\0146\013\354x6\354+\260\023"
 4567      322021FC 
 4567      C80C360B 
 4567      EC7836EC 
 4567      2BB013
 4568 0134 D9B00560 		.ascii	"\331\260\005`'\263aK\300Ne\303~\002;\235\015\373\005"
 4568      27B3614B 
 4568      C04E65C3 
 4568      7E023B9D 
 4568      0DFB05
 4569 0147 EC4C366C 		.ascii	"\354L6l\035\330\331l\330\037`\215Y0$\345\"\222sH\344"
 4569      1DD8D96C 
 4569      D81F608D 
 4569      593024E5 
 4569      22927348 
 4570 015c 9D4C3A79 		.ascii	"\235L:y9?\324QG\2734$\221\213\367.;h\"\0171*^C\222\""
 4570      393FD451 
 4570      47BB3424 
 4570      918BF72E 
 4570      3B68220F 
 4571 0176 4604EC44 		.ascii	"F\004\354D\207\335t\374\327\344r\331\344rWL\270\247"
 4571      87DD74FC 
 4571      D7E472D9 
 4571      E472574C 
 4571      B8A7
 4572 0188 29BAE441 		.ascii	")\272\344A].^^\355\231\033B\223\352\212<[\2741MLn\256"
 4572      5D2E5E5E 
 4572      ED991B42 
 4572      93EA8A3C 
 4572      5BBC314D 
 4573 019f BCCF9C90 		.ascii	"\274\317\234\220\353\022e\212\227D\224\235\032j\321"
 4573      EB12658A 
 4573      9744949D 
 4573      1A6AD1
ARM GAS  /tmp/ccYjAqA9.s 			page 173


 4574 01ae CC9DE45E 		.ascii	"\314\235\344^Z\264c\364f-M;Q\213\274H\364j4\351B\255"
 4574      5AB463F4 
 4574      662D4D3B 
 4574      518BBC48 
 4574      F46A34E9 
 4575 01c4 22832675 		.ascii	"\"\203&u\324\310\035\263j\361c\276\374\210$\234X \335"
 4575      D4C81DB3 
 4575      6AF163BE 
 4575      FC88249C 
 4575      5820DD
 4576 01d7 39B3205F 		.ascii	"9\263 _\224-\032\026H\367\224\206n\233\340\226\335\001"
 4576      942D1A16 
 4576      48F79486 
 4576      6E9BE096 
 4576      DD01
 4577 01e9 37EAD2A1 		.ascii	"7\352\322\241\011uk?'\352r?\027zd\223\317\344\021M\236"
 4577      09756B3F 
 4577      27EA723F 
 4577      177A6493 
 4577      CFE4114D 
 4578 01fe A3473A25 		.ascii	"\243G:%\334\350\261\374u4bV\344\206L\202Oe\010\021_"
 4578      DCE8B1FC 
 4578      75346256 
 4578      E4864C82 
 4578      4F650811 
 4579 0213 C4A87CDE 		.ascii	"\304\250|\336\336\336J\315\371\275v\274\336\255x\275"
 4579      DEDE4ACD 
 4579      F9BD76BC 
 4579      DEAD78BD 
 4580 0223 D2349D87 		.ascii	"\3224\235\207^CF\342F\257\374~\245yi\005\245\243?\226"
 4580      5E4346E2 
 4580      46AFFC7E 
 4580      A5796905 
 4580      A5A33F96 
 4581 0237 B98E4DE8 		.ascii	"\271\216M\350\217f\012.\367G&V\206\035\346\310~c\354"
 4581      8F660A2E 
 4581      F7472656 
 4581      861DE6C8 
 4581      7E63EC
 4582 024a F1F9FB40 		.ascii	"\361\371\373@\007t\014\330\211\007\374[\211\007\252"
 4582      07740CD8 
 4582      8907FC5B 
 4582      8907AA
 4583 0259 B65E64C0 		.ascii	"\266^d\300\216'(\254\370\242Aa\305\027\015F\007\007"
 4583      8E2728AC 
 4583      F8A24161 
 4583      C5170D46 
 4583      0707
 4584 026b 1667F8CC 		.ascii	"\026g\370\314n\336l\275\233\366\321.='(z\343\006\026"
 4584      6EDE6CBD 
 4584      9BF6D12E 
 4584      3D27287A 
 4584      E30616
 4585 027e 5B236B58 		.ascii	"[#kX\\=\314\345\224\343Xl\205\353\307\022\233Pb\023"
 4585      5C3DCCE5 
 4585      94E3586C 
 4585      85EBC712 
ARM GAS  /tmp/ccYjAqA9.s 			page 174


 4585      9B506213 
 4586 0292 4A2C820F 		.ascii	"J,\202\017K\255w\242ai\365\340\346\365\215\314Y\245"
 4586      4BAD77A2 
 4586      6169F5E0 
 4586      E6F58DCC 
 4586      59A5
 4587 02a4 D6A68518 		.ascii	"\326\246\205\030\252\220\377/\015Cd\355\322\310*1\367"
 4587      AA90FF2F 
 4587      0D4364ED 
 4587      D2C82A31 
 4587      F7
 4588 02b5 0FD5F4B5 		.ascii	"\017\325\364\265\364\2468\227\023\310\203\266\3652\332"
 4588      F4A63897 
 4588      13C883B6 
 4588      F532DA
 4589 02c4 69F06A7C 		.ascii	"i\360j|\366\341\002\320T\021\206mU\330V\205mUxK\025"
 4589      F6E102D0 
 4589      5411866D 
 4589      55D85685 
 4589      6D55784B 
 4590 02d9 B654412C 		.ascii	"\266TA,\223*>L\031\271\325\275t\201\232\177\220\262"
 4590      932A3E4C 
 4590      19B9D5BD 
 4590      74819A7F 
 4590      90B2
 4591 02eb 9AFE8EA7 		.ascii	"\232\376\216\247m@\323:\357\266<\352\251\242\003\205"
 4591      6D40D33A 
 4591      EFB63CEA 
 4591      A9A20385 
 4592 02fb BC9AB836 		.ascii	"\274\232\27065\3043\366\221\277\203\304V\302"
 4592      35C433F6 
 4592      91BF83C4 
 4592      56C2
 4593              		.text
 4594              		.section	.gnu.lto_.refs.20964d410ae452ff,"e",%progbits
 4595 0000 789C1DCC 		.ascii	"x\234\035\314\331\022\202@\014D\321\233fd\031,A\035"
 4595      D9128240 
 4595      0C44D19B 
 4595      6664192C 
 4595      411D
 4596 0012 941251F8 		.ascii	"\224\022Q\370^\177\332\220\227\223te\371\001\011\254"
 4596      5E7FDA90 
 4596      97937465 
 4596      F90109AC 
 4597 0022 41D67A3D 		.ascii	"A\326z=#\025\254R\352\320I\265[\027\324`\011\265>\311"
 4597      2315AC52 
 4597      EAD049B5 
 4597      5B17D460 
 4597      09B53EC9 
 4598 0036 EA2FC79A 		.ascii	"\352/\307\232g\363\346\216\015\032=^u\313\036Uzl\322"
 4598      67F3E68E 
 4598      0D1A3D5E 
 4598      75CB1E55 
 4598      7A6CD2
 4599 0049 A3C39E9A 		.ascii	"\243\303\236\232\375\333KKF\313\212\275\343f\015?\341"
 4599      FDDB4B4B 
 4599      46CB8ABD 
ARM GAS  /tmp/ccYjAqA9.s 			page 175


 4599      E3660D3F 
 4599      E1
 4600 005a 37DCC2FD 		.ascii	"7\334\302\375\220? \315\003\366"
 4600      903F20CD 
 4600      03F6
 4601              		.text
 4602              		.section	.gnu.lto_.decls.20964d410ae452ff,"e",%progbits
 4603 0000 789CC57B 		.ascii	"x\234\305{{TTg\266\3479\337\371NqP^\006\215$\235\244"
 4603      7B545467 
 4603      B6E739DF 
 4603      F94E7150 
 4603      5E068D24 
 4604 0016 939BF4D5 		.ascii	"\223\233\364\325\230N\214I'ig\315\232\333In\337ngu\272"
 4604      984E8C49 
 4604      276967CD 
 4604      9ADB496E 
 4604      DF6E6775 
 4605 002b 33B17BF5 		.ascii	"3\261{\365\235;k\015\215P*7\274\272(b\354Y3sx\010\030"
 4605      9D3B6B0D 
 4605      8D502A37 
 4605      BCBA2862 
 4605      EC593373 
 4606 0042 9187F8E0 		.ascii	"\221\207\370\340e@\336\212h\241\" \250\305CE\024\020"
 4606      6540DE8A 
 4606      68A12220 
 4606      A8C54345 
 4606      1410
 4607 0054 7C0B28A2 		.ascii	"|\013(\242(/y\211\312Ca\366\367\250\252S\005\311u\315"
 4607      282F7989 
 4607      CA4361F6 
 4607      F7A8AA53 
 4607      05C975CD 
 4608 0068 1FF7BAB2 		.ascii	"\037\367\272\262\353\3249{\177{\377\366\376\366\267"
 4608      EBD4397B 
 4608      7F7BFFF6 
 4608      FEF6B7
 4609 0077 F7773E2A 		.ascii	"\367w>*A\357\013\302?\314\027\004\323<A\230\201\177"
 4609      41EF0BC2 
 4609      3FCC1704 
 4609      D33C4198 
 4609      817F
 4610 0089 2F098270 		.ascii	"/\011\202p\021\350s\240f W$\010\356@\036@n@\013\200"
 4610      11E873A0 
 4610      66205724 
 4610      08EE401E 
 4610      406E400B 
 4611 009e 9AE0F9DF 		.ascii	"\232\340\371\337\303\365\347@?\003z\027\350=\240\217"
 4611      C3F5E740 
 4611      3F037A17 
 4611      E83DA08F 
 4612 00ae 81FE4514 		.ascii	"\201\376E\024\004O\270\366\302\365s\270\376W\240\177"
 4612      044FB8F6 
 4612      C2F573B8 
 4612      FE57A07F 
 4613 00be 06F20532 		.ascii	"\006\362\0052\000\375\015(\032(\021(\003h\017P1P)\320"
 4613      00FD0D28 
 4613      1A281128 
ARM GAS  /tmp/ccYjAqA9.s 			page 176


 4613      03680F50 
 4613      315029D0 
 4614 00d2 FB40EF00 		.ascii	"\373@\357\000\035\005z\013\250\026t\204\003}\004\337"
 4614      1D057A0B 
 4614      A8167484 
 4614      037D04DF 
 4615 00e2 3F052A07 		.ascii	"?\005*\007\3723\320\032\240@\240c@\033\201N\000\231"
 4615      FA33D01A 
 4615      A040A063 
 4615      401B814E 
 4615      0099
 4616 00f4 816A80C2 		.ascii	"\201j\200\302\201\022\200\322\201\262\200\366\003\325"
 4616      811280D2 
 4616      81B280F6 
 4616      03D5
 4617 0102 011D013A 		.ascii	"\001\035\001:\015T\017\324\000\324\014\324\002t\021"
 4617      0D540FD4 
 4617      00D40CD4 
 4617      027411
 4618 0111 E82A5017 		.ascii	"\350*P\027\320]\240{@=@\003@\203@\243@O\200\"1\370,"
 4618      D05DA07B 
 4618      403D4003 
 4618      408340A3 
 4618      404F8022 
 4619 0128 301CCF80 		.ascii	"0\034\317\200\004I\020\372\005\346#\211\207\004\367"
 4619      044910FA 
 4619      05E62389 
 4619      8704F7
 4620 0137 3A81C568 		.ascii	":\201\305h\011\\e\211\351\373\025\220Nb\330\211_\002"
 4620      095C6589 
 4620      E9FB1590 
 4620      4E62D889 
 4620      5F02
 4621 0149 9002D408 		.ascii	"\220\002\324\010_\237\201o\015pu\222\230\375\333@\323"
 4621      5F9F816F 
 4621      0D707592 
 4621      98FDDB40 
 4621      D3
 4622 015a 22F37B3F 		.ascii	"\"\363{?P\031\320A\240z\2209\013\244H\014\2533\\\377"
 4622      5019D041 
 4622      A07A9039 
 4622      0BA4480C 
 4622      AB335CFF 
 4623 016e 135CAF00 		.ascii	"\023\\\257\000\315\207\357\036@\007\001\237\207\300"
 4623      CD87EF1E 
 4623      4007019F 
 4623      87C0
 4624 017c E2F3731E 		.ascii	"\342\363s\036s\013&\213\376\005\222M\307\013p\375=\327"
 4624      730B268B 
 4624      FE05924D 
 4624      C70B70FD 
 4624      3DD7
 4625 018e F10E9FC7 		.ascii	"\361\016\237\307\267\201Nq=k\270\036_\215\036\"3\227"
 4625      B7814E71 
 4625      3D6BB81E 
 4625      5F8D1E22 
 4625      3397
ARM GAS  /tmp/ccYjAqA9.s 			page 177


 4626 01a0 2E4FB8FE 		.ascii	".O\270\376O\215.\242\247\015\364\274)\260y\262\344\211"
 4626      4F8D2EA2 
 4626      A70DF4BC 
 4626      29B079B2 
 4626      E489
 4627 01b2 2537488C 		.ascii	"%7H\214^\224X>Xt\317\025#\022\013\022\307{<\216\332"
 4627      5E94583E 
 4627      5874CF15 
 4627      23120B12 
 4627      C77B3C8E 
 4628 01c7 38596C2F 		.ascii	"8Yl/\206\353_\035l\223\334\371)\320\033@\257\003\275"
 4628      86EB5F1D 
 4628      6C93DCF9 
 4628      29D01B40 
 4628      AF03BD
 4629 01da 09F47740 		.ascii	"\011\364w@a2\370-\260\274q\304D\346\364%\320\365\012"
 4629      6132F82D 
 4629      B0BC71C4 
 4629      44E6F425 
 4629      D0F50A
 4630 01ed 9F574B5C 		.ascii	"\237WK\\\211\375\036n\377U\211\371\023\300\363\361!"
 4630      89FD1E6E 
 4630      FF5589F9 
 4630      13C0F3F1 
 4630      21
 4631 01fe F8F8B2C0 		.ascii	"\370\370\262\300r\320\242\317Q\317\337\346\230\007-"
 4631      72D0A2CF 
 4631      51CFDFE6 
 4631      98072D
 4632 020d 7EED3CCC 		.ascii	"~\355<\314e\323\342\013\261\367\277e67\004\363\011M"
 4632      65D3E20B 
 4632      B1F7BF65 
 4632      363704F3 
 4632      094D
 4633 021f 1C973C67 		.ascii	"\034\227<g\374H^\035%k\012\364\270s=\346\347\364\375"
 4633      FC485E1D 
 4633      256B0AF4 
 4633      B8733DE6 
 4633      E7F4FD
 4634 0232 3589D93C 		.ascii	"5\211\331<\316\261l\002\035\213\271\216\2329t\274.\331"
 4634      CEB16C02 
 4634      1D8BB98E 
 4634      9A3974BC 
 4634      2ED9
 4635 0244 D6C25CFA 		.ascii	"\326\302\\\372~\010\257\005#\261!\201\215E\002\233\237"
 4635      7E08AF05 
 4635      23B12181 
 4635      8D45029B 
 4635      9F
 4636 0255 701EDF68 		.ascii	"p\036\337hM<-\353\3141?\264\271\371\006\\7\361\370\276"
 4636      4D3C2DEB 
 4636      CC313FB4 
 4636      B9F9065C 
 4636      37F1F8BE 
 4637 0269 A5C9859F 		.ascii	"\245\311\205\237\202\356W\270\356\204\037\230\273D\007"
 4637      82EE57B8 
 4637      EE841F98 
ARM GAS  /tmp/ccYjAqA9.s 			page 178


 4637      BB4407
 4638 0278 5B73E9FF 		.ascii	"[s\351\377;\270n\3717\346\357M\0363b\367\023\260\373"
 4638      3BB86EF9 
 4638      37E6EF4D 
 4638      1E3362F7 
 4638      13B0FB
 4639 028b 5381D527 		.ascii	"S\201\325'7\236\177\031\016v^y\016\277\336\204\353v"
 4639      379E7F19 
 4639      0E765E79 
 4639      0EBFDE84 
 4639      EB76
 4640 029d 6ED712B3 		.ascii	"n\327\022\263\004\240\303\274f\232\201\242\200\274\200"
 4640      04A0C3BC 
 4640      669A81A2 
 4640      80BC80
 4641 02ac 54A0B724 		.ascii	"T\240\267$V\323\372\011\026\356{\226\006\203\243\357"
 4641      56D3FA09 
 4641      16EE7B96 
 4641      0683A3EF 
 4642 02bc 7BE6C85B 		.ascii	"{\346\310[\255\375\271j\220\326\357\237I\314\3074\304"
 4642      ADFDB96A 
 4642      90D6EF9F 
 4642      49CCC734 
 4642      C4
 4643 02cd EA28F1FF 		.ascii	"\352(\361\377\277\203\335\327\005V\223\311z\361\344"
 4643      BF83DDD7 
 4643      055693C9 
 4643      7AF1E4
 4644 02dc 712F76F0 		.ascii	"q/v\360\237`\372\267\374\377{\270\346\315\261\356-\363"
 4644      9F60FAB7 
 4644      FCFF7BB8 
 4644      E6CDB1EE 
 4644      2DF3
 4645 02ee FB06F7EB 		.ascii	"\373\006\367\353u\007,d-m\006\034\013\004\326\027,8"
 4645      75072C64 
 4645      2D6D061C 
 4645      0B04D617 
 4645      2C38
 4646 0300 9E670D2C 		.ascii	"\236g\015,\221\030\366\"\215O\376<GI\177\261\364?\322"
 4646      9118F622 
 4646      8D4FFE3C 
 4646      47497FB1 
 4646      F43FD2
 4647 0313 C74A1D7C 		.ascii	"\307J\035|\372\027\240\017\177\300\027\322#Wq_H\257"
 4647      FA17A00F 
 4647      7FC017D2 
 4647      2357715F 
 4647      48AF
 4648 0325 5B0ACF3F 		.ascii	"[\012\317?\200\353V\320\375*_c\2475\353\335\021\353"
 4648      80EB56D0 
 4648      FD2A5F63 
 4648      A735EBDD 
 4648      11EB
 4649 0337 8FADFFB9 		.ascii	"\217\255\377\271\374\260\326\001M\236\274-\261^7\302"
 4649      FCB0D601 
 4649      4D9EBC2D 
 4649      B15E37C2 
ARM GAS  /tmp/ccYjAqA9.s 			page 179


 4650 0347 FD4AD2D8 		.ascii	"\375J\322\330\256\377w\266\275Cc\273\341\337\331v&\317"
 4650      AEFF77B6 
 4650      BD4363BB 
 4650      E1DFD976 
 4650      26CF
 4651 0359 51629BEC 		.ascii	"Qb\233\354\021\310>\346G\355\377\177b \266\2648\226"
 4651      11C83EE6 
 4651      47EDFF7F 
 4651      6220B6B4 
 4651      3896
 4652 036b 496C9FF1 		.ascii	"Il\237\361\030\2615\233\243\301\321\362\037\210\243"
 4652      18B1359B 
 4652      A3C1D1F2 
 4652      1F88A3
 4653 037a 4083E3E2 		.ascii	"@\203\343\342\177 \216n\350\265p\241\275\336Uf\337I"
 4653      7F208E6E 
 4653      E8B570A1 
 4653      BDDE5566 
 4653      DF49
 4654 038c 5DD7798A 		.ascii	"]\327y\212X\267H|\035\256\012\330Q\234\204\217T\372"
 4654      58B7487C 
 4654      1DAE0AD8 
 4654      519C848F 
 4654      54FA
 4655 039e 2FE265A1 		.ascii	"/\342e\241\222\010\011\302J\027\345\367\002F\351\307"
 4655      920809C2 
 4655      4A17E5F7 
 4655      0246E9C7 
 4656 03ae 0754272F 		.ascii	"\007T'/\3064S\316q\361\204XE\276)\177\001\376\275}\247"
 4656      C63453CE 
 4656      71F18458 
 4656      45BE297F 
 4656      01FEBD7D 
 4657 03c3 07443BFE 		.ascii	"\007D;\376I\013\037\243\322\352\023e\356\013\314\252"
 4657      490B1FA3 
 4657      D2EA1365 
 4657      EE0BCCAA 
 4658 03d3 3AAC66D5 		.ascii	":\254f\325`\263X.\222\315Y5\220b$\030\\\000C\247\240"
 4658      60B3582E 
 4658      92CD5935 
 4658      90622418 
 4658      5C0043A7 
 4659 03e8 6C14744B 		.ascii	"l\024tKE\262\215v\207\253\240\374\037\0309qlW\243\316"
 4659      45B28D76 
 4659      87ABA0FC 
 4659      1F183971 
 4659      6C57A3CE 
 4660 03fc 9D8E3447 		.ascii	"\235\2164G9\013t`\275\270\264J<#\236\026\2612\370\350"
 4660      390B7460 
 4660      BDB8B44A 
 4660      3C239E16 
 4660      B132F8E8 
 4661 0410 ECA579CB 		.ascii	"\354\245y\313\226y-\003\211\361\335\337uD\276\227\024"
 4661      96792D03 
 4661      89F1DDDF 
 4661      7544BE97 
 4661      14
ARM GAS  /tmp/ccYjAqA9.s 			page 180


 4662 0421 13A32686 		.ascii	"\023\243&\206Kg\305S\342yn\247\002\350C\201\3508P\033"
 4662      4B67C553 
 4662      E2796EA7 
 4662      02E84381 
 4662      E838501B 
 4663 0435 EF06CC6A 		.ascii	"\357\006\314j\261\306\312\\Ax\2009\012`c\241N\204\210"
 4663      B1C6CA5C 
 4663      41788039 
 4663      0A6063A1 
 4663      4E8488
 4664 0448 1E076695 		.ascii	"\036\007f\225xNl\024\033\010|\030h:\030\031\243zD\271"
 4664      784E6C14 
 4664      1B087C18 
 4664      683A1819 
 4664      A37A44B9 
 4665 045c 548BC7B4 		.ascii	"T\213\307\264\003\313E@\2703;\374\010\362\262\327p\322"
 4665      03CB4540 
 4665      B8333BFC 
 4665      08F2B2D7 
 4665      70D2
 4666 046e 5E034699 		.ascii	"^\003F\231\327\237\\\320Y\003\320\304U4\213\204\327"
 4666      D79F5CD0 
 4666      5903D0C4 
 4666      55348B84 
 4666      D7
 4667 047f 1A5EDD6B 		.ascii	"\032^\335k\013N3\347]\020\351\354$\212\360\021\353\001"
 4667      0B4E33E7 
 4667      5D10E9EC 
 4667      248AF011 
 4667      EB01
 4668 0491 F131ABA2 		.ascii	"\3611\253\242\022\203\3103\225\334\252p\013\035\014"
 4668      1283C833 
 4668      95DCAA70 
 4668      0B1D0C
 4669 04a0 A3B64D25 		.ascii	"\243\266M%\361\366\201\027\256\361yI!\374\376\212m\303"
 4669      F1F68117 
 4669      AEF17949 
 4669      21FCFE8A 
 4669      6DC3
 4670 04b2 2E76FCEB 		.ascii	".v\374\353\3425\313\304L\253\245\365\212\325\366\015"
 4670      E235CBC4 
 4670      4CABA5F5 
 4670      8AD5F60D 
 4671 04c2 6EBB8DD8 		.ascii	"n\273\215\330^$z\200-\244\344\203\315%0+\022|\012J\021"
 4671      5E247A80 
 4671      2DA4E483 
 4671      CD25302B 
 4671      127C0A4A 
 4672 04d7 51F960C7 		.ascii	"Q\371`\307D\272D&e@5G\310B\273\330!\012\267\305%Ub\247"
 4672      44BA4426 
 4672      65403547 
 4672      C842BBD8 
 4672      210AB7C5 
 4673 04ef 784B54A0 		.ascii	"xKT\240\226+'(\320\031\220mHR\253\235\334U>\201\236"
 4673      962B2728 
 4673      D019906D 
 4673      4852AB9D 
ARM GAS  /tmp/ccYjAqA9.s 			page 181


 4673      DC553E81 
 4674 0504 CCC03D51 		.ascii	"\314\300=QX\321-\022\247\004\345\024\2107\020\255\333"
 4674      58D12D12 
 4674      A704E514 
 4674      883710AD 
 4674      DB
 4675 0515 ABA7EE38 		.ascii	"\253\247\3568;Lu\257e\252\225KD\344@\177W\347<\007\221"
 4675      3B4C75AF 
 4675      65AA954B 
 4675      44E4407F 
 4675      57E73C07 
 4676 052a 7E8B0818 		.ascii	"~\213\010\030\224@\245\227\322\001\242\272\336\322\251"
 4676      9440A597 
 4676      D201A2BA 
 4676      DED2A9
 4677 0539 3DE80D51 		.ascii	"=\350\015Qt\007\212P\325\247\220U\3770\"\262\241\221"
 4677      74078A50 
 4677      D5A79055 
 4677      FF3022B2 
 4677      A191
 4678 054b 7CA83022 		.ascii	"|\2500\"\012\243\342\260\210F\010\0262XV\272\311\340"
 4678      0AA3E2B0 
 4678      88460816 
 4678      325856BA 
 4678      C9E0
 4679 055d E363D915 		.ascii	"\343c\331\025\256\232\301\342\0232\262G-\364\022>\372"
 4679      AE9AC1E2 
 4679      1332B247 
 4679      2DF4123E 
 4679      FA
 4680 056e 00569628 		.ascii	"\000V\226(\214\213\217E\364DT\372\211xe\356\24667\233"
 4680      8C8B8F45 
 4680      F44454FA 
 4680      897865EE 
 4680      A636379B 
 4681 0582 F87F9E62 		.ascii	"\370\177\236b\322)LzJ\024\236\212\223\"\232\"\010\351"
 4681      D2294C7A 
 4681      4A149E8A 
 4681      93229A22 
 4681      08E9
 4682 0594 D489CA30 		.ascii	"\324\211\31208\015uS\2015\252LQ\213wK\2230$2\311\343"
 4682      380D7553 
 4682      8135AA4C 
 4682      518B774B 
 4682      93302432 
 4683 05aa E95D43A7 		.ascii	"\351]C\247\3343\300C\227^\330\270mB\332|#\311\330\277"
 4683      DC33C043 
 4683      975ED8B8 
 4683      6D42DA7C 
 4683      23C9D8BF 
 4684 05be 892663AF 		.ascii	"\211&c\257\020\241ej\262\370\276HR~\023\252\022\243"
 4684      10A1656A 
 4684      B2F8BE48 
 4684      527E13AA 
 4684      12A3
 4685 05d0 5024A922 		.ascii	"P$\251\"\312~IPJ\200\312%\260U\330\223\333\2155\336"
 4685      CA7E4950 
ARM GAS  /tmp/ccYjAqA9.s 			page 182


 4685      4A80CA25 
 4685      B055D893 
 4685      DB8D35DE 
 4686 05e4 FDF43B44 		.ascii	"\375\364;D\361\326\204K\004p,\372\016\301\246l3\202"
 4686      F1D6844B 
 4686      04702CFA 
 4686      0EC1A66C 
 4686      3382
 4687 05f6 2B46759B 		.ascii	"+Fu\233n\034\246\263\322cv\344cT\221\227\0215\317\232"
 4687      6E1CA6B3 
 4687      D26376E4 
 4687      63549197 
 4687      1135CF9A 
 4688 060a 3E711CCC 		.ascii	">q\034\314V0\211qr\370\266r\344\265\214\316<\001\305"
 4688      56308971 
 4688      72F8B672 
 4688      E4B58CCE 
 4688      3C01C5
 4689 061d 78F1008A 		.ascii	"x\361\000\212l\030\251#7\230#[Q\014\212\327:\242\034"
 4689      6C18A923 
 4689      3798235B 
 4689      510C8AD7 
 4689      3AA21C
 4690 0630 07A8D500 		.ascii	"\007\250\325\000\025_lhj\226hTLg-\302I(\331\301k\255"
 4690      155F6C68 
 4690      6A966854 
 4690      4C672DC2 
 4690      4928D9C1 
 4691 0646 816430B0 		.ascii	"\201d0\260\215\372|\032\2244H\202\316\211\226\024'\270"
 4691      8DFA7C1A 
 4691      94344882 
 4691      CE899614 
 4691      27B8
 4692 0658 9225F0AD 		.ascii	"\222%\360\255\322$\221\024\356\233\274\240\263\246%"
 4692      D2249114 
 4692      EE9BBCA0 
 4692      B3A625
 4693 0667 1B9B829C 		.ascii	"\033\233\202\234\252\304]h'R.\301\320\253D,*&\365,\262"
 4693      AAC45D68 
 4693      27522EC1 
 4693      D0AB442C 
 4693      2A26F52C 
 4694 067c 5B3CE928 		.ascii	"[<\351(\003\261\325u\233\012<\312|,\333\011\354\266"
 4694      03B1D575 
 4694      9B0A3CCA 
 4694      7C2CDB09 
 4694      ECB6
 4695 068e 086074A6 		.ascii	"\010`t\2467\277w\2765<\337s\324\231$<\272\374k\246\016"
 4695      37BF77BE 
 4695      353CDF73 
 4695      D499243C 
 4695      BAFC6BA6 
 4696 06a3 3756B84C 		.ascii	"7V\270L\373\231k\231(\015\355\371\221\011\335\003z\263"
 4696      FB996B99 
 4696      280DEDF9 
 4696      9109DD03 
 4696      7AB3
ARM GAS  /tmp/ccYjAqA9.s 			page 183


 4697 06b5 5036718E 		.ascii	"P6q\216\000/\317K \305,\025\355\320\216\202\034Q\372"
 4697      002FCF4B 
 4697      20C52C15 
 4697      EDD08E82 
 4697      1C51FA
 4698 06c8 00FE03A0 		.ascii	"\000\376\003\24012\333\031[R\376\300\354\014'\234\242"
 4698      3132DB19 
 4698      5B52FEC0 
 4698      EC0C279C 
 4698      A2
 4699 06d9 2332511E 		.ascii	"#2Q\036*\370\021;\005`'\037\025Zf)\335\222n\271\332"
 4699      2AF8113B 
 4699      0560271F 
 4699      155A6629 
 4699      DD926EB9 
 4700 06ee 51A4F6B9 		.ascii	"Q\244\366\271\014\335\272\272\035\262\366\245e\313\350"
 4700      0CDDBABA 
 4700      1DB2F6A5 
 4700      65CBE8
 4701 06fd 3CB775FF 		.ascii	"<\267u\377\265\336,\306\243hT\344\240\3364\236\247\022"
 4701      B5DE2CC6 
 4701      A36854E4 
 4701      A0DE349E 
 4701      A712
 4702 070f 259B900A 		.ascii	"%\233\220\012<ff.\323E`\372\000*F\373\321^\264\217;"
 4702      3C66662E 
 4702      D34560FA 
 4702      002A46FB 
 4702      D15EB48F 
 4703 0724 6A6A6000 		.ascii	"jj`\000\222Q\342l\275\025L\357\036\264}\226^S\006\343"
 4703      9251E26C 
 4703      BD154CEF 
 4703      1EB47D96 
 4703      5E5306E3 
 4704 0738 15A01C7B 		.ascii	"\025\240\034{\036vK\351(\257P (\344\037\011\314@N\374"
 4704      1E764BE9 
 4704      28AF5020 
 4704      28E41F09 
 4704      CC404EFC 
 4705 074c 5655ACF1 		.ascii	"VU\254\361z\">\022MhL\204U\273b@,A\017E\033\300i\221"
 4705      7A223E12 
 4705      4D684C84 
 4705      55BB6240 
 4705      2C410F45 
 4706 0764 1C389800 		.ascii	"\0348\230\000\340at\020\035B\245\350\210e&&\363B\366"
 4706      E0617410 
 4706      1D42A5E8 
 4706      88652626 
 4706      F342F6
 4707 0777 B8B411A6 		.ascii	"\270\264\021\246\006\035\321;\231\023\037O\364\216\210"
 4707      061DD13B 
 4707      99131F4F 
 4707      F48E88
 4708 0786 43A07750 		.ascii	"C\240wP| r\305\037\321\310\366\324F\233?s\231\022'\200"
 4708      7C2072C5 
 4708      1FD1C8F6 
 4708      D4469B3F 
ARM GAS  /tmp/ccYjAqA9.s 			page 184


 4708      73991227 
 4709 079b F9D06A94 		.ascii	"\371\320j\224\245\364D\236\014\261,B3\300c\330mml:\207"
 4709      A5F4449E 
 4709      0CB12C42 
 4709      33C063D8 
 4709      6D6D6C3A 
 4710 07b0 B6B13EB1 		.ascii	"\266\261>\261G4\331\317\010\232n\230Lu\361\262\007}"
 4710      4734D9CF 
 4710      089A6E98 
 4710      4C75F1B2 
 4710      077D
 4711 07c2 5D9C851A 		.ascii	"]\234\205\032\243\361\316\012\263\363b&\230\205"
 4711      A3F1CE0A 
 4711      B3F36226 
 4711      9885
 4712 07d0 8EA22BE2 		.ascii	"\216\242+\342ePS\206Hm\026\360\274\207Q\035\347d\032"
 4712      65505386 
 4712      486D16F0 
 4712      BC87511D 
 4712      E7641A
 4713 07e3 20ABAE8B 		.ascii	" \253\256\213b\253Hv&U\3421T\205*P%O\220\341\2143\024"
 4713      62AB4876 
 4713      2655E231 
 4713      54852A50 
 4713      254F90E1 
 4714 07fa 4E9B7855 		.ascii	"N\233xU,w,V\303q\005M\256\027T\251K\274\003L\332)l\023"
 4714      2C772C56 
 4714      C371054D 
 4714      AE1754A9 
 4714      4BBC034C 
 4715 0812 54584027 		.ascii	"TX@'\250\014\335\005\036\003`u\322\224r?Z\365\210p\351"
 4715      A80CDD05 
 4715      1E036075 
 4715      D294723F 
 4715      5AF58870 
 4716 0827 126F6A07 		.ascii	"\022oj\007\266Cz\217\223\205\327s\376\332\235\371^\366"
 4716      B6437A8F 
 4716      9385D773 
 4716      FEDA9DF9 
 4716      5EF6
 4717 0839 E08E2307 		.ascii	"\340\216#\007t\244wB\327\304\202\262\005(\031\303\270"
 4717      74A47742 
 4717      D7C482B2 
 4717      052819C3 
 4717      B8
 4718 084a 83DD6D61 		.ascii	"\203\335ma\016\353\276\306\272\356S\211\304\266\226"
 4718      0EEBBEC6 
 4718      BAEE5389 
 4718      C4B696
 4719 0859 F89CF90B 		.ascii	"\370\234\371\013:\347(jJ\016h9\0142Jq\307\241\363\316"
 4719      3AE7286A 
 4719      4A0E6839 
 4719      0C324A71 
 4719      C7A1F3CE 
 4720 086d 5EDAE8D0 		.ascii	"^\332\350\320\276\177\032\325\003\200s\350,j\340\271"
 4720      BE7F1AD5 
 4720      038073E8 
ARM GAS  /tmp/ccYjAqA9.s 			page 185


 4720      2C6AE0B9 
 4721 087d 513E7EC7 		.ascii	"Q>~\307\364!\255\345\265\250\032\270\332\360\220\020"
 4721      F421ADE5 
 4721      B5A81AB8 
 4721      DAF09010 
 4722 088d 64B28D45 		.ascii	"d\262\215E-:ce\262\020\334\006\373\361\221\311$\260"
 4722      2D3A6365 
 4722      B210DC06 
 4722      FBF191C9 
 4722      24B0
 4723 089f A7509D76 		.ascii	"\247P\235v$\324\307^\202\363\354\361\035\275\363\034"
 4723      24D4C75E 
 4723      82F3ECF1 
 4723      1DBDF31C 
 4724 08af 361EE7ED 		.ascii	"6\036\347\355\001\200\377\277\004:O\272y'V\3061yRO>"
 4724      0180FFBF 
 4724      043A4FBA 
 4724      792756C6 
 4724      3179524F 
 4725 08c4 A0F146CA 		.ascii	"\240\361F\312\202\022\007\264]\006ew\037\356\037s\267"
 4725      821207B4 
 4725      5D066577 
 4725      1FEE1F73 
 4725      B7
 4726 08d5 AB6357D0 		.ascii	"\253cW\320UK\035\2734\2314d\333\275\\\345P\256\221\210"
 4726      554B1DBB 
 4726      34993464 
 4726      DBBD5CE5 
 4726      50AE9188 
 4727 08e9 EC0605F9 		.ascii	"\354\006\005\371DA\315\364x\252c\367\276\201l\255\371"
 4727      4441CDF4 
 4727      78AA63F7 
 4727      BE816CAD 
 4727      F9
 4728 08fa 7DE51088 		.ascii	"}\345\020\210V\022\321\256\261\342\002\373\242z\023"
 4728      5612D1AE 
 4728      B1E202FB 
 4728      A27A13
 4729 0909 DDE245B5 		.ascii	"\335\342E\265\216\010$7l\356\237g'\320i\021\300(u\323"
 4729      8E082437 
 4729      6CEE9F67 
 4729      27D06911 
 4729      C02875D3 
 4730 091d 9E21DB76 		.ascii	"\236!\333v\3516\007\323E\213jlzY\271\223\227fV\350\312"
 4730      E93607D3 
 4730      458B6A6C 
 4730      7A59B993 
 4730      976656E8 
 4731 0932 B989EEC0 		.ascii	"\271\211\356\300\340nt\227'\354\370X|B\255\033\235\224"
 4731      E06E7497 
 4731      27ECF858 
 4731      7C42AD1B 
 4731      9D94
 4732 0944 2E744CBC 		.ascii	".tL\2743\253\301\306\263I\351B5Z&\024\016taljR\366\262"
 4732      33ABC1C6 
 4732      B349E942 
 4732      355A2614 
ARM GAS  /tmp/ccYjAqA9.s 			page 186


 4732      0E74616C 
 4733 095c 57DFA955 		.ascii	"W\337\251U\2574\203\227W\211\023u\271\343}\222\235\023"
 4733      AF348397 
 4733      57891375 
 4733      B9E37D92 
 4733      9D13
 4734 096e 3DA8977B 		.ascii	"=\250\227{y\213\010\3545\215%\333\357\250\373,\002\030"
 4734      798B08EC 
 4734      358D25DB 
 4734      EFA8FB2C 
 4734      0218
 4735 0980 156C4E1D 		.ascii	"\025lN\035\027\255^\366s\024\003\264\263\246\344\325"
 4735      17AD5EF6 
 4735      731403B4 
 4735      B3A6E4D5 
 4736 0990 17BBB3A6 		.ascii	"\027\273\263\2468Q\256\252\316.\003\000t\360\207{b\017"
 4736      3851AEAA 
 4736      CE2E0300 
 4736      74F0877B 
 4736      620F
 4737 09a2 1A04B50F 		.ascii	"\032\004\265\017\330\272\277w\245\217\316\263\206\337"
 4737      D8BABF77 
 4737      A58FCEB3 
 4737      86DF
 4738 09b0 67E3C344 		.ascii	"g\343\303D-Uz\301\205a\240'@\323\324\225\356\213\211"
 4738      2D557AC1 
 4738      8561A027 
 4738      40D3D495 
 4738      EE8B89
 4739 09c3 F64D6E0C 		.ascii	"\366Mn\014=\262 =\230\220;\346jE\372\210\303 /\036\312"
 4739      3DB2203D 
 4739      98903BE6 
 4739      6A45FA88 
 4739      C3202F1E 
 4740 09d8 161D2C3A 		.ascii	"\026\035,:\240T\035\310%\236I\355\227\035\233\341\004"
 4740      A0541DC8 
 4740      259E49ED 
 4740      971D9BE1 
 4740      04
 4741 09e9 A2DD103D 		.ascii	"\242\335\020=.\212[l\345Mr\035SD\307~\030_\012\343_"
 4741      2E8A5B6C 
 4741      E54D721D 
 4741      5344C77E 
 4741      185F0AE3 
 4742 09fe 888D555F 		.ascii	"\210\215U_ \365\350%^\224\306\307\037&\356\370Y]\244"
 4742      20F5E825 
 4742      5E94C6C7 
 4742      1F26EEF8 
 4742      595DA4
 4743 0a11 0A653215 		.ascii	"\012e2\025=A\021\222C\361\335zv\033Y=\244o\331\361\210"
 4743      3D411192 
 4743      43F1DD7A 
 4743      761B593D 
 4743      A46FD9F1 
 4744 0a26 F3D305DB 		.ascii	"\363\323\005\333X\357|:\213g\032\212\241\263\237\212"
 4744      58EF7C3A 
 4744      8B671A8A 
ARM GAS  /tmp/ccYjAqA9.s 			page 187


 4744      A1B39F8A 
 4745 0a36 9ECD1EA7 		.ascii	"\236\315\036\247\331hDHUb\270\244J3(Z\232FQR\244\264"
 4745      D9684448 
 4745      5562B8A4 
 4745      4A33285A 
 4745      9A465152 
 4746 0a4c 49E205F1 		.ascii	"I\342\005\361\034\263|\015\215\316Be:\266\231j\177\214"
 4746      1CB37C0D 
 4746      8DCE4265 
 4746      3AB6996A 
 4746      7F8C
 4747 0a5e 1ECE46DC 		.ascii	"\036\316F\334\266\227\216kC#\263y\031L\347\024\032\267"
 4747      B6978E6B 
 4747      4323B379 
 4747      194CE714 
 4747      1AB7
 4748 0a70 E729FD3A 		.ascii	"\347)\375:A\367\2528#\302\007L\033\211tE\373d\005\335"
 4748      41F7AA38 
 4748      23C2074C 
 4748      1B897445 
 4748      FB6405DD 
 4749 0a84 9E5BB774 		.ascii	"\236[\267t\337I\257V\211\233\245XI\031\207pN\023\241"
 4749      DF49AF56 
 4749      899BA558 
 4749      49198770 
 4749      4E13A1
 4750 0a97 8487BB87 		.ascii	"\204\207\273\207\334\355\204\266Z\205\242\235\310\""
 4750      DCED84B6 
 4750      5A85A29D 
 4750      C822
 4751 0aa5 BC5D78C7 		.ascii	"\274]x\307^K\202E\000\262\344u%\301I\320\275-\376_ "
 4751      5E4B8245 
 4751      00B2E475 
 4751      25C149D0 
 4751      BD2DFE5F 
 4752 0aba 41D94106 		.ascii	"A\331A\006\\<~y7\"\003\306TsJ\242\216-\216\035\322\333"
 4752      5C3C7E79 
 4752      372203C6 
 4752      54734AA2 
 4752      8E2D8E1D 
 4753 0ad0 55E27629 		.ascii	"U\342v)Y\302hp n\227m\341\356\344N\354\"'9YN$\363\274"
 4753      59C26870 
 4753      206E976D 
 4753      E1EEE44E 
 4753      EC222739 
 4754 0ae9 94022741 		.ascii	"\224\002'A)&\272\366\037\215\313\305\366\373.)Cb\213"
 4754      2926BAF6 
 4754      1F8DCBC5 
 4754      F6FB2E29 
 4754      43628B
 4755 0afc A78A0864 		.ascii	"\247\212\010d\325V6\331\257\256\335\026\001\214N\336"
 4755      D55636D9 
 4755      AFAEDD16 
 4755      018C4EDE 
 4756 0b0c 1BEDB02D 		.ascii	"\033\355\260-\236\357\271\245Lb\251\001,\264\000]\006"
 4756      9EEFB9A5 
 4756      4C62A901 
ARM GAS  /tmp/ccYjAqA9.s 			page 188


 4756      2CB4005D 
 4756      06
 4757 0b1d BA46146D 		.ascii	"\272F\024m\036\352\177\331NO\216\224k\321\263-\277\257"
 4757      1EEA7FD9 
 4757      4E4F8E94 
 4757      6BD1B32D 
 4757      BFAF
 4758 0b2f 1259F5E4 		.ascii	"\022Y\365\344r=yD\317]\030\213O\\\316^\304\266\354\255"
 4758      723D7944 
 4758      CF5D188B 
 4758      4F5CCE5E 
 4758      C4B6ECAD 
 4759 0b43 33EAC4DB 		.ascii	"3\352\304\333\2654\027\363\244l\251\360\207\363&\037"
 4759      B53417F3 
 4759      A46CA9F0 
 4759      87F3261F 
 4760 0b53 98556201 		.ascii	"\230Ub\001I\025\245@\201\027*\240C@\345\012\264\225"
 4760      4915A540 
 4760      81172AA0 
 4760      4340E50A 
 4760      B495
 4761 0b65 D6BB07A2 		.ascii	"\326\273\007\242\245\227f\265\025\241\030\206\034\224"
 4761      A59766B5 
 4761      15A11886 
 4761      1C94
 4762 0b73 0E482689 		.ascii	"\016H&\211u\025\310}\265\355\255\355*\261w\017\025I"
 4762      7515C87D 
 4762      B5EDADED 
 4762      2AB1770F 
 4762      1549
 4763 0b85 C592C3D6 		.ascii	"\305\222\303\326\347<\3332\015\241\375\300s\310\357"
 4763      E73CDB32 
 4763      0DA1FDC0 
 4763      73C8EF
 4764 0b94 76B62D6A 		.ascii	"v\266-j\022\367\001\217\351\347\273n\200\360\326\231"
 4764      12F7018F 
 4764      E9E7BB6E 
 4764      80F0D699 
 4765 0ba4 E19DD1AE 		.ascii	"\341\235\321\256\313\330?\257e\326\177d`\337f\256\364"
 4765      CBD83FAF 
 4765      65D67F64 
 4765      60DF66AE 
 4765      F4
 4766 0bb5 3EAAE04A 		.ascii	">\252\340J\333\221Ek/\263X(\355\221,L\202\210W\324\242"
 4766      DB91456B 
 4766      2FB35828 
 4766      ED912C4C 
 4766      828857D4 
 4767 0bca 33D0CCC3 		.ascii	"3\320\314\303]\022\245Gb\205D^\212\206\221%\261S\317"
 4767      5D12A547 
 4767      6285445E 
 4767      8A869125 
 4767      B153CF
 4768 0bdd D0C4DE25 		.ascii	"\320\304\336%\245X\007&I\226\270\015\346}\005\274{("
 4768      A5580726 
 4768      4996B80D 
 4768      E67D05BC 
ARM GAS  /tmp/ccYjAqA9.s 			page 189


 4768      7B28
 4769 0bef 0B78CCC5 		.ascii	"\013x\314\305g\326\015\3024\203\323\206\256[\3414!K"
 4769      67D60DC2 
 4769      3483D386 
 4769      AE5BE134 
 4769      214B
 4770 0c01 631DEEA0 		.ascii	"c\035\356\240\373\247bi/\214\3248i\015\354\005\324\214"
 4770      FBA76269 
 4770      2F8CD438 
 4770      690DEC05 
 4770      D48C
 4771 0c13 60335F01 		.ascii	"`3_\001\221-\227\016KG\245\023\322I\251T\252\225\216"
 4771      912D970E 
 4771      4B47A513 
 4771      D249A954 
 4771      AA958E
 4772 0c26 4835D271 		.ascii	"H5\322q\251Z:$\035\223\312\244J\311,U\361\250\017\217"
 4772      A95A3A24 
 4772      1D93CAA4 
 4772      4AC92C55 
 4772      F1A80F8F 
 4773 0c3a EF65683A 		.ascii	"\357eh:\220\005M;\262nt\266\236\343\213\376\262\025"
 4773      90054D3B 
 4773      B26E74B6 
 4773      9EE38BFE 
 4773      B215
 4774 0c4c CE458B93 		.ascii	"\316E\213\223\246\302-|\017]bu\262\325\032\201\252\202"
 4774      A6C22D7C 
 4774      0F5D6275 
 4774      B2D51A81 
 4774      AA82
 4775 0c5e 6DAE2655 		.ascii	"m\256&U\332\"\305H\266\340\2643\255S\247\250\326L)\315"
 4775      DA22C548 
 4775      B6E0B433 
 4775      AD53A7A8 
 4775      D64C29CD 
 4776 0c72 3A3055B2 		.ascii	":0U\262h\215\215\261\276\022i\231\034Pj\021\035zV\274"
 4776      688D8DB1 
 4776      BE126999 
 4776      1C506A11 
 4776      1D7A56BC 
 4777 0c86 6407886F 		.ascii	"d\007\210o<:X\364\"\244\031\321\302\035\266:c:\310\346"
 4777      3C3A58F4 
 4777      22A419D1 
 4777      C21DB63A 
 4777      633AC8E6 
 4778 0c9a 2B5E8AD3 		.ascii	"+^\212\323@\242\233\326\341\357-\363\265\315n\276\350"
 4778      40A29BD6 
 4778      E1EF2DF3 
 4778      B5CD6EBE 
 4778      E8
 4779 0cab EE732CF7 		.ascii	"\356s,\367q\223\246=\322\030\357~\376\030+\265\260\020"
 4779      7193A63D 
 4779      D218EF7E 
 4779      FE182BB5 
 4779      B010
 4780 0cbd 1A200BD1 		.ascii	"\032 \013\321\265\235\0273\354\0175NKg\370\372\357$"
ARM GAS  /tmp/ccYjAqA9.s 			page 190


 4780      B59D1733 
 4780      EC0F354E 
 4780      4B67F8FA 
 4780      EF24
 4781 0ccf 0275470E 		.ascii	"\002uG\016\274D\371f\316\257\267\3601j\331\336\241\332"
 4781      BC44F966 
 4781      CEAFB7F0 
 4781      316AD9DE 
 4781      A1DA
 4782 0ce1 0ACD590E 		.ascii	"\012\315Y\016\262\201,\333G``\022(\302YPb\234A6\355"
 4782      B2812CDB 
 4782      47606012 
 4782      28C25950 
 4782      629C4136 
 4783 0cf6 C2D629C7 		.ascii	"\302\326)\307mK\223d9_\302\255E\017G\3469\276\304\236"
 4783      6D4B9364 
 4783      395FC2AD 
 4783      450F47E6 
 4783      39BEC49E 
 4784 0d0a 972E80A9 		.ascii	"\227.\200\251\026^\355\307\257\354\013?\374\026\353"
 4784      165EEDC7 
 4784      AFEC0B3F 
 4784      FC16EB
 4785 0d19 43CD5223 		.ascii	"C\315R#\360\264\325\371$1r\250t\246\315\261\351\266"
 4785      F0B4D5F9 
 4785      243172A8 
 4785      74A6CDB1 
 4785      E9B6
 4786 0d2b DA9428A7 		.ascii	"\332\224(\247\235\005]\233\300O\276\340\213\2404\221"
 4786      9D055D9B 
 4786      C04FBEE0 
 4786      8BA03491 
 4787 0d3b 6143A59B 		.ascii	"aC\245\233\273$\007lW\2456\241J\274\"]\226\224k\340"
 4787      BB24076C 
 4787      57A536A1 
 4787      4ABC225D 
 4787      96946BE0 
 4788 0d4f 4327C8E1 		.ascii	"C'\310\341\211\232'\273\030H\315\256\344\206\324\006"
 4788      899A27BB 
 4788      1848CDAE 
 4788      E486D406 
 4789 0d5f FADB25CB 		.ascii	"\372\333%\3136\364\241\371\277\205\223\035\017)\027"
 4789      36F4A1F9 
 4789      BF85931D 
 4789      0F2917
 4790 0d6e 6DDA72A1 		.ascii	"m\332r\241\014\020[\346\212Hv\274\247Q\321aSA\216jD"
 4790      0C105BE6 
 4790      8A4876BC 
 4790      A751D161 
 4790      53418E6A 
 4791 0d83 E509589C 		.ascii	"\345\011X\234&\221\233'([\347\301\250\323\255gG\355"
 4791      26919B27 
 4791      285BE7C1 
 4791      A8D3AD67 
 4791      47ED
 4792 0d95 A7E98E74 		.ascii	"\247\351\216t\227OS:\0218\334WvFg'\320m\021\300h\307"
 4792      974F533A 
ARM GAS  /tmp/ccYjAqA9.s 			page 191


 4792      1138DC57 
 4792      76466727 
 4792      D06D11C0 
 4793 0dab FEB86D2E 		.ascii	"\376\270m.\326y\272\307\343v\237\314S\021X(!\012\222"
 4793      D679BAC7 
 4793      E3769FCC 
 4793      53115828 
 4793      210A92
 4794 0dbe 9E45B7BA 		.ascii	"\236E\267\272:\036\012Y\347G\311oz\220\203\227\361s"
 4794      3A1E0A59 
 4794      E747C96F 
 4794      7A908397 
 4794      F173
 4795 0dd0 93B1F8E6 		.ascii	"\223\261\370\346\034\266\255\353\223z\244AM\025b\353"
 4795      1CB6ADEB 
 4795      937AA441 
 4795      4D1562EB 
 4796 0de0 AC899DFE 		.ascii	"\254\211\235\376\335\227\216\211\203\266I\342\031\337"
 4796      DD978E89 
 4796      83B649E2 
 4796      19DF
 4797 0dee C8F67CF7 		.ascii	"\310\366|\367\245\032-\323\361h\360\016\250\205\255"
 4797      A51A2DD3 
 4797      F168F00E 
 4797      A885AD
 4798 0dfd 923420F5 		.ascii	"\2224 \365K\324\207[\003wMn\016\233\360n{!\345$8s\005"
 4798      4BD4875B 
 4798      03774D6E 
 4798      0E9BF06E 
 4798      7B21E524 
 4799 0e14 A8933894 		.ascii	"\250\2238\224Y3~O\347\336i\337%G\255]RI\334\021qD\""
 4799      59337E4F 
 4799      E7DE69DF 
 4799      2547AD5D 
 4799      5249DC11 
 4800 0e2b A59797F9 		.ascii	"\245\227\227\371J^\346\207\244.\351\261\266\222\021"
 4800      4A5EE687 
 4800      A42EE9B1 
 4800      B69211
 4801 0e3a D0FD0C74 		.ascii	"\320\375\014t\237x\033xvE\227#\362\022nIP\022\206\201"
 4801      9F781B78 
 4801      76459723 
 4801      F2126E49 
 4801      50128681 
 4802 0e4e 5D258E49 		.ascii	"]%\216I\217\244'\004\321m\262s\314\201\241)f\361\241"
 4802      8FA42704 
 4802      D16DB273 
 4802      CC81A129 
 4802      66F1A1
 4803 0e61 34024C6D 		.ascii	"4\002LmmUz\011\316{\207\217\374//{-\343\366Z\224\031"
 4803      6D557A09 
 4803      CE7B878F 
 4803      FC2F2F7B 
 4803      2DE3F65A 
 4804 0e77 F069D37C 		.ascii	"\360i\323|\330\342\315\207\255\367\226\035\303\247\235"
 4804      D8E2CD87 
 4804      ADF7961D 
ARM GAS  /tmp/ccYjAqA9.s 			page 192


 4804      C3A79D
 4805 0e86 B55B6FFA 		.ascii	"\265[o\372\3529%=\203!\323\322\014\317CSS\221\265\371"
 4805      EA39253D 
 4805      8321D3D2 
 4805      0CCF4353 
 4805      5391B5F9 
 4806 0e9a 3C73F066 		.ascii	"<s\360f\370\006\253\240\231\350)\360\354\274Q\322\301"
 4806      F806ABA0 
 4806      99E829F0 
 4806      ECBC51D2 
 4806      C1
 4807 0eab 043AF7F4 		.ascii	"\004:\367\364h\225\350\360n\253b\215\001\330Cd- \007"
 4807      6895E8F0 
 4807      6EAB628D 
 4807      01D84364 
 4807      2D2007
 4808 0ebe 6CDF8978 		.ascii	"l\337\211xa\373\265\244A'[\023#\253o\252\230\324\357"
 4808      61FBB5A4 
 4808      41275B13 
 4808      23AB6FAA 
 4808      98D4EF
 4809 0ed1 13E89218 		.ascii	"\023\350\222\030\203\331\333l\2135Z\246\276b\212\254"
 4809      83D9DB6C 
 4809      8B355AA6 
 4809      BE628AAC 
 4810 0ee1 4E6A4131 		.ascii	"NjA1\230V.M;1\035$\\\010\327\204\324)\305`\032\016\036"
 4810      98562E4D 
 4810      3B311D24 
 4810      5C08D784 
 4810      D429C560 
 4811 0ef8 2E6B8C22 		.ascii	".k\214\"q\004\206mJ\014\206M\022\216\306[p\034\376\016"
 4811      7104866D 
 4811      4A0C864D 
 4811      128EC65B 
 4811      701CFE0E 
 4812 0f0c C7E24D78 		.ascii	"\307\342Mx+\216\302|gx\263\221\272\330 \235\0029[\317"
 4812      2B8EC27C 
 4812      6778B391 
 4812      BAD8209D 
 4812      02395BCF 
 4813 0f20 62CDAE88 		.ascii	"b\315\256\210\302\013\307\223\300c\247\015\326\236}"
 4813      C20BC793 
 4813      C063A70D 
 4813      D69E7D
 4814 0f2f 7D2B9DE8 		.ascii	"}+\235\350\213\3229\353\270v\033\270\023\014\372M\351"
 4814      8BD239EB 
 4814      B8761BB8 
 4814      130CFA4D 
 4814      E9
 4815 0f40 3A70D954 		.ascii	":p\331TZ\373\253\351\034\033zM\272d7\224\351\035d#\033"
 4815      5AFBABE9 
 4815      1C1B7A4D 
 4815      BA643794 
 4815      E91D6423 
 4816 0f55 91199C66 		.ascii	"\221\031\234f\323q\022\261W\235\246\370\346\177\262"
 4816      D37112B1 
 4816      579DA6F8 
ARM GAS  /tmp/ccYjAqA9.s 			page 193


 4816      E67FB2
 4817 0f64 2E4ECBC8 		.ascii	".N\313\310xL\222\276m(\251\325\266\277\252\343s\225"
 4817      784C92BE 
 4817      6D28A9D5 
 4817      B6BFAAE3 
 4817      7395
 4818 0f76 008E9315 		.ascii	"\000\216\223\025\233\022\227\350le&\360\201\211t\340"
 4818      9B1297E8 
 4818      6C6526F0 
 4818      818974E0 
 4819 0f86 64CFB5F5 		.ascii	"d\317\265\365V\226ec\222DY;\237$\275ge-e\234m\300Q\012"
 4819      56966563 
 4819      9244593B 
 4819      9F24BD67 
 4819      652D659C 
 4820 0f9e C9D4     		.ascii	"\311\324"
 4821 0fa0 9F4ABBDA 		.ascii	"\237J\273\332\343\356P\006\222\261\345l\270\024\222"
 4821      E3EE5006 
 4821      92B1E56C 
 4821      B81492
 4822 0faf B00AE814 		.ascii	"\260\012\350\024\021\035\357\310mt\266+9\273p\012f5"
 4822      111DEFC8 
 4822      6D74B62B 
 4822      39BB700A 
 4822      6635
 4823 0fc1 E9121128 		.ascii	"\351\022\021(>{\271\323~\353\230j\021\300\250\344q\306"
 4823      3E7BB9D3 
 4823      7EEB986A 
 4823      11C0A8E4 
 4823      71C6
 4824 0fd3 949B1547 		.ascii	"\224\233\025G\032G\237\216ir-\204\334\312\022\225n\320"
 4824      1A479F8E 
 4824      69722D84 
 4824      DCCA1295 
 4824      6ED0
 4825 0fe5 E272734B 		.ascii	"\342rsK\274\273\3272\273\003\222\3358\003\203\261L\320"
 4825      BCBBD732 
 4825      BB0392DD 
 4825      380383B1 
 4825      4CD0
 4826 0ff7 9585B3F1 		.ascii	"\225\205\263\361\036\234\213s\370"
 4826      1E9C8B73 
 4826      F8
 4827 1000 C48F979F 		.ascii	"\304\217\227\237\334\323\314jS:\256\0213\261\303\356"
 4827      DCD3CC6A 
 4827      533AAE11 
 4827      33B1C3EE 
 4828 1010 7E663404 		.ascii	"~f4\004\326x\033\332\201-,[\331z6Fx\231h'\326\014\343"
 4828      D6781BDA 
 4828      812D2C5B 
 4828      D97A3646 
 4828      78996827 
 4829 1027 3D7E0B3B 		.ascii	"=~\013;\011\332\216\277\2672m\033\244\315\254:l\307"
 4829      09DA8EBF 
 4829      B7326D1B 
 4829      A4CDAC3A 
 4829      6CC7
ARM GAS  /tmp/ccYjAqA9.s 			page 194


 4830 1039 7192562B 		.ascii	"q\222V+\355\324\031\217.\015i:5\205\236:\033:\024\270"
 4830      EDD4198F 
 4830      2E0D693A 
 4830      35859E3A 
 4830      1B3A14B8 
 4831 104d A45B8DB6 		.ascii	"\244[\215\266w\377<\256'\237\316\331\343G\011'\260\225"
 4831      77FF3CAE 
 4831      279FCED9 
 4831      E3470927 
 4831      B095
 4832 105f 97CF7905 		.ascii	"\227\317y\005d\326\322\\\2401\335\253\232\256\225\034"
 4832      64D6D25C 
 4832      A031DDAB 
 4832      9AAE951C 
 4833 106f BB6721DE 		.ascii	"\273g!\336\013V\366YVD:+\312$*{\265QQ\012\\\310\337"
 4833      0B56F659 
 4833      56443A2B 
 4833      CA242A7B 
 4833      B551510A 
 4834 1086 0472CF94 		.ascii	"\004r\317\224#\207\316YdS\000\035(\345V\271\355\004"
 4834      2387CE59 
 4834      6453001D 
 4834      28E556B9 
 4834      ED04
 4835 1098 7A3FD750 		.ascii	"z?\327PL\341\235\357\213h\262e\342\253\214u\200\262"
 4835      4CE19DEF 
 4835      8B68B265 
 4835      E2AB8C75 
 4835      80B2
 4836 10aa 2E4DE464 		.ascii	".M\344d\330\220[^\250\310\257\200\224\243\304\356L\321"
 4836      D8905B5E 
 4836      A8C8AF80 
 4836      94A3C4EE 
 4836      4CD1
 4837 10bc F5285787 		.ascii	"\365(W\207c\"\023\346\307D\240\371fo\254\2533\000(\301"
 4837      632213E6 
 4837      C744A0F9 
 4837      666FACAB 
 4837      330028C1 
 4838 10d0 23201D5B 		.ascii	"# \035[2\326\350\372\212J\376\036\242.\354c\177\017"
 4838      32D6E8FA 
 4838      8A4AFE1E 
 4838      A22EEC63 
 4838      7F0F
 4839 10e2 110E63E1 		.ascii	"\021\016c\341\020\265U\222s\377\274\223\325\326a\016"
 4839      10B55592 
 4839      73FFBC93 
 4839      D5D6610E 
 4840 10f2 F108C938 		.ascii	"\361\010\3118\305L\214U\036\217\273\316\300\230m\002"
 4840      C54C8C55 
 4840      1E8FBBCE 
 4840      C0986D02 
 4841 1102 A5F8085B 		.ascii	"\245\370\010[Oye\011wm/!G\371\3602\226\221\3631*\213"
 4841      4F796509 
 4841      776D2F21 
 4841      47F9F032 
 4841      9691F331 
ARM GAS  /tmp/ccYjAqA9.s 			page 195


 4842 1118 D939E2EC 		.ascii	"\3319\342\354\370\007\226\012,\254(\307\030\335\231"
 4842      F807960A 
 4842      2CAC28C7 
 4842      18DD99
 4843 1127 CCBEE1C4 		.ascii	"\314\276\341\304O\371\376\362\035b+\374\030&|P}\242"
 4843      4FF9FEF2 
 4843      1D622BFC 
 4843      18267C50 
 4843      7DA2
 4844 1139 ACE53AB2 		.ascii	"\254\345:\262p\343\034\271\307\332\267\2158-9\357\202"
 4844      70E31CB9 
 4844      C7DAB78D 
 4844      382D39EF 
 4844      82
 4845 114a 2AB1729D 		.ascii	"*\261r\235\340\274\336TP\201F\310)z\254j\016\257S\022"
 4845      E0BCDE54 
 4845      508146C8 
 4845      297AAC6A 
 4845      0EAF5312 
 4846 115e B37B5493 		.ascii	"\263{T\223\252\206\250\247{R\322\242{b\027$E\220\232"
 4846      AA86A8A7 
 4846      7B52D2A2 
 4846      7B621724 
 4846      45909A
 4847 1171 12ABBE9C 		.ascii	"\022\253\276\234\002\217\323\322:\023a\337Nt\253j\244"
 4847      028FD3D2 
 4847      3A1361DF 
 4847      4E74AB6A 
 4847      A4
 4848 1182 8B7A042E 		.ascii	"\213z\004.\021\353\325\310hr\037\347\225\025\311V\340"
 4848      11EBD5C8 
 4848      68721FE7 
 4848      9515C956 
 4848      E0
 4849 1193 05513547 		.ascii	"\005Q5G\253&\263.\273V\215NQ\177\227\226\326SO\017\352"
 4849      AB26B32E 
 4849      BB568D4E 
 4849      517F9796 
 4849      D6534F0F 
 4850 11a8 B77566C4 		.ascii	"\267uf\304\270gE\266\307f\325\252/e\201\226\0245\312"
 4850      B86745B6 
 4850      C766D5AA 
 4850      2F658196 
 4850      1435CA
 4851 11bb 9C2486C3 		.ascii	"\234$\206\303\220p\263\232d\026\023\2632\266\306G\325"
 4851      9070B39A 
 4851      641613B3 
 4851      32B6C647 
 4851      D5
 4852 11cc 756688C9 		.ascii	"uf\210\311Yf5<\313\034+\206g\233c\303AvqRD\235\252\326"
 4852      5966353C 
 4852      CB1C2B86 
 4852      679B63C3 
 4852      41767152 
 4853 11e4 4429E16A 		.ascii	"D)\341j]lRV]\354\202\304\354:5)\273.\326#\213\210\340"
 4853      5D6C5256 
 4853      5DEC82C4 
ARM GAS  /tmp/ccYjAqA9.s 			page 196


 4853      EC3A3529 
 4853      BB2ED623 
 4854 11fb C408B39A 		.ascii	"\304\010\263\232\230\025\245$F\264\223*\020\353A\206"
 4854      9815A524 
 4854      46B4932A 
 4854      10EB4186 
 4855 120b 035F4984 		.ascii	"\003_I\204\001dS\271 \021\200\207g\253\211\013\302\263"
 4855      016453B9 
 4855      20118087 
 4855      67AB890B 
 4855      C2B3
 4856 121d A3C2C361 		.ascii	"\243\302\303a\344\002`\253\273\262\325X\217\244\354"
 4856      E40260AB 
 4856      BBB2D558 
 4856      8FA4EC
 4857 122c 2890C52A 		.ascii	"(\220\305*\030\372\013\375{\033\250@\360\361+\210Y\342"
 4857      18FA0BFD 
 4857      7B1BA840 
 4857      F0F12B88 
 4857      59E2
 4858 123e 9936DD28 		.ascii	"\2316\335(\301\337\331\224s\334M\\\224\370+A|\337Cy"
 4858      C1DFD994 
 4858      73DC4D5C 
 4858      94F82B41 
 4858      7CDF4379 
 4859 1252 46E2B777 		.ascii	"F\342\267w\274\275VrL\223j,\214\200\212\245\211)\352"
 4859      BCBD5672 
 4859      4C936A2C 
 4859      8C808AA5 
 4859      8929EA
 4860 1265 F8A1BE96 		.ascii	"\370\241\276\226\353+j\"\325B\220\371m56\263\242$@\342"
 4860      EB2B6A22 
 4860      D54290F9 
 4860      6D3536B3 
 4860      A22440E2 
 4861 1279 9FC427F0 		.ascii	"\237\304'\360\312\324\327\224#\256\302;\333\023\241"
 4861      CAD4D794 
 4861      23AEC23B 
 4861      DB13A1
 4862 1288 8F3C8852 		.ascii	"\217<\210R\305z\025W\342Z\\\303\013\367q,V\342\225\371"
 4862      C57A1557 
 4862      E25A5CC3 
 4862      0BF7712C 
 4862      56E295F9 
 4863 129c AF415AB8 		.ascii	"\257AZ\270bTqw\317\270\3161-NCZ\234\302 \340\006\225"
 4863      62547177 
 4863      CFB8CE31 
 4863      2D4E435A 
 4863      9CC220E0 
 4864 12b2 6C989C02 		.ascii	"l\230\234\002\304\335\217v\265\345G=>\003S\177\026\023"
 4864      C4DD8F76 
 4864      B5E5473D 
 4864      3E03537F 
 4864      1613
 4865 12c4 4192D735 		.ascii	"A\222\3275)\303n\266\374p\340N\037\333\325j[z\015<1"
 4865      29C36EB6 
 4865      FC70E04E 
ARM GAS  /tmp/ccYjAqA9.s 			page 197


 4865      1FDBD56A 
 4865      5B7A0D3C 
 4866 12d9 CFB1C474 		.ascii	"\317\261\304t\207\255\365\245\213\001\216\000\032\001"
 4866      87ADF5A5 
 4866      8B018E00 
 4866      1A01
 4867 12e7 C079C8CB 		.ascii	"\300y\310\313\023\373\362\236\316\267\331e\335\256\011"
 4867      13FBF29E 
 4867      CEB7D965 
 4867      DDAE09
 4868 12f6 133E688E 		.ascii	"\023>h\216\236\272V\353d\263\353\300m\334g:\256[r\334"
 4868      9EBA56EB 
 4868      64B3EBC0 
 4868      6DDC673A 
 4868      AE5B72DC 
 4869 130a 153563A5 		.ascii	"\0255c\245\311UPn\270\222\323\245\274\3707\355jz!\276"
 4869      C955506E 
 4869      B892D3A5 
 4869      BCF837ED 
 4869      6A7A21BE 
 4870 131e 68A9E9C7 		.ascii	"h\251\351\307\036\026O+v\314\"\0333*\243\364\256\355"
 4870      1E164F2B 
 4870      76CC221B 
 4870      332AA3F4 
 4870      AEED
 4871 1330 58EA12F7 		.ascii	"X\352\022\367\3422\363_\335\034\343B\226\371e\272\314"
 4871      E232F35F 
 4871      DD1CE342 
 4871      96F965BA 
 4871      CC
 4872 1341 6FDD7F12 		.ascii	"o\335\177\022\256s\234\277\253X\270\302\226\271\351"
 4872      AE739CBF 
 4872      AB58B8C2 
 4872      96B9E9
 4873 1350 D2A0B234 		.ascii	"\322\240\2624\005\246\361\310PI\205\027\324z\262\032"
 4873      05A6F1C8 
 4873      50498517 
 4873      D47AB21A 
 4874 1360 F055DCCA 		.ascii	"\360U\334\312\247\261\225Oc\323\253t\012\033\357\260"
 4874      A7B1954F 
 4874      63D3AB74 
 4874      0A1BEFB0 
 4875 1370 296C8629 		.ascii	")l\206)\274\306\373}\013\026\233\361\312;\257B\000_"
 4875      BCC6FB7D 
 4875      0B169BF1 
 4875      CA3BAF42 
 4875      005F
 4876 1382 C0A86B7F 		.ascii	"\300\250k\177\345\015\3051\202m\020\301\033d\012=a\012"
 4876      E50DC531 
 4876      826D10C1 
 4876      1B640A3D 
 4876      610A
 4877 1394 53448CFA 		.ascii	"SD\214\372\033\033\232]l\241\354\300\355\000\347&\246"
 4877      1B1B9A5D 
 4877      6CA1ECC0 
 4877      ED00E726 
 4877      A6
ARM GAS  /tmp/ccYjAqA9.s 			page 198


 4878 13a5 3F21842E 		.ascii	"?!\204.\036}\372\277\330\"\351\310,i\270/-\331\356\206"
 4878      1E7DFABF 
 4878      D822E9C8 
 4878      2C69B82F 
 4878      2DD9EE86 
 4879 13b9 6E61A5D0 		.ascii	"na\245\320MP\016\273\301\303\316\262\362\026W\342\307"
 4879      4D500EBB 
 4879      C1C3CEB2 
 4879      F21657E2 
 4879      C7
 4880 13ca F044ED5F 		.ascii	"\360D\355_I&\376\352*\356\342.tq\027\322\230\013S\334"
 4880      4926FEEA 
 4880      2AEEE22E 
 4880      747117D2 
 4880      980B53DC 
 4881 13de 855BE0C2 		.ascii	"\205[\340\302\035\314\224\337\306\342-\274\362\340\253"
 4881      1DCC94DF 
 4881      C6E22DBC 
 4881      F2E0AB
 4882 13ed CA693792 		.ascii	"\312i7\222\007\257\220\223gQi!\232\037\237?\220\215"
 4882      07AF9093 
 4882      67516921 
 4882      9A1F9F3F 
 4882      908D
 4883 13ff 4838B7D3 		.ascii	"H8\267\323p6F\036?\347Ln\333P/\244\304\256\374\250\003"
 4883      7036461E 
 4883      3FE74C6E 
 4883      DB502FA4 
 4883      C4AEFCA8 
 4884 1414 949B8EFB 		.ascii	"\224\233\216\373\340\366\376\265s9<\366\375p\033[:T"
 4884      E0F6FEB5 
 4884      73393CF6 
 4884      FD701B5B 
 4884      3A54
 4885 1426 ECE418FB 		.ascii	"\354\344\030\373\007X\030\240\216T\236\211\333/Q\314"
 4885      075818A0 
 4885      8E549E89 
 4885      DB2F51CC 
 4886 1436 FB4E31CC 		.ascii	"\373N1\314\017p\017\307\334\3031W\276\002p~\202Q\356"
 4886      0F700FC7 
 4886      DCC33157 
 4886      BE02707E 
 4886      8251EE
 4887 1449 A1B1E58E 		.ascii	"\241\261\345\216A\035\206\240\016\201\225\241\332\366"
 4887      411D86A0 
 4887      0E8195A1 
 4887      DAF6
 4888 1457 776DA1BC 		.ascii	"wm\241\274\217\357\201\366\021L\330d\371\216ln\226l"
 4888      8FEF81F6 
 4888      114CD864 
 4888      F98E6C6E 
 4888      966C
 4889 1469 B1B4E3D2 		.ascii	"\261\264\343\322pTt\263p\214B8\0061\343wc\261T\\9\365"
 4889      705474B3 
 4889      708C4238 
 4889      0631E377 
 4889      63B1545C 
ARM GAS  /tmp/ccYjAqA9.s 			page 199


 4890 147f 0A74DCB6 		.ascii	"\012t\334\266\303W\234\226<p#i;\015\301\336\354N\016"
 4890      C3579C96 
 4890      3C702369 
 4890      3B0DC1DE 
 4890      EC4E0E
 4891 1492 B37B8FF4 		.ascii	"\263{\217\364\210\314i\022\222\335\267.=tcN?\0018iO"
 4891      88CC6912 
 4891      92DDB72E 
 4891      3D74634E 
 4891      3F013869 
 4892 14a7 6FED478E 		.ascii	"o\355G\216NO`a\234\342I\331;P%R\247S\3170\247'\360c"
 4892      4E4F6061 
 4892      9CE249D9 
 4892      3B502552 
 4892      A753CF30 
 4893 14bf EEF463EE 		.ascii	"\356\364c\356t\325O(\262\214\373\266\\\233\344\271\366"
 4893      74D54F28 
 4893      B28CFBB6 
 4893      5C9BE4B9 
 4893      F6
 4894 14d0 088B0FF1 		.ascii	"\010\213\017\361\312\356\237(\251\356d\242\026\303D"
 4894      CAEE9F28 
 4894      A9EE64A2 
 4894      16C344
 4895 14df 958B4AEE 		.ascii	"\225\213J\356\034\250&\3165\357Q,0\266c\006#\\\026T"
 4895      1CA826CE 
 4895      35EF512C 
 4895      30B66306 
 4895      235C1654 
 4896 14f3 99C0C86D 		.ascii	"\231\300\310m(;5\237\302h8\033\343v\201,21\\\236\341"
 4896      283B359F 
 4896      C268381B 
 4896      E376812C 
 4896      32315C9E 
 4897 1508 40663890 		.ascii	"@f8\220\251\227\300\306\213\030\015\224\234\274:\253"
 4897      A997C0C6 
 4897      8B180D94 
 4897      9CBC3AAB 
 4898 1518 5B45C9C2 		.ascii	"[E\311\302\212H\031\243\344\242\246A\235\246*\340g\230"
 4898      8A4819A3 
 4898      E4A2A641 
 4898      9DA62AE0 
 4898      6798
 4899 152a FE54328A 		.ascii	"\376T2\212\032\232:Wt\333YS\025\264\\\352eS/\3632Z\256"
 4899      1A9A3A57 
 4899      74DB5953 
 4899      15B45CEA 
 4899      65532FF3 
 4900 1541 C51132E3 		.ascii	"\305\0212\343?\245\361\317y\031\254/\302h\344P\212\352"
 4900      3FA5F1CF 
 4900      7919AC2F 
 4900      C268E450 
 4900      8AEA
 4901 1553 E6687D33 		.ascii	"\346h}3X\217\225\301}\023\254\246\353=e#\222\015\302"
 4901      588F95C1 
 4901      7D13ACA6 
 4901      EB3D6523 
ARM GAS  /tmp/ccYjAqA9.s 			page 200


 4901      920DC2
 4902 1566 77722468 		.ascii	"wr$h\337\"\323\037\275a\324\363\370n\335<\033\004\007"
 4902      DF22D31F 
 4902      BD61D4F3 
 4902      F86EDD3C 
 4902      1B0407
 4903 1579 EE83C76A 		.ascii	"\356\203\307j\246\270\244\322\035\305\311J\253\273\240"
 4903      A6B8A4D2 
 4903      1DC5C94A 
 4903      ABBBA0
 4904 1588 749058EE 		.ascii	"t\220X\356\333\326R\214\331r\322\204'Af\341I\220Yx\216"
 4904      DBD6528C 
 4904      D972D284 
 4904      274166E1 
 4904      49905978 
 4905 159d BC443D78 		.ascii	"\274D=x\312=\210\003\017\022e\246>^\026\343\344\225"
 4905      CA3D8803 
 4905      0F1265A6 
 4905      3E5E16E3 
 4905      E495
 4906 15af ED2F41A7 		.ascii	"\355/A\247\337\324r\333\305\021\3756@_K~\276\320\003"
 4906      DFD472DB 
 4906      C511FD36 
 4906      405F4B7E 
 4906      BED003
 4907 15c2 C6CA731E 		.ascii	"\306\312s\036&\3126\364\3112\371=\362v\231\010\221W"
 4907      26CA36F4 
 4907      C932F93D 
 4907      F2769908 
 4907      9157
 4908 15d4 BA98CCC7 		.ascii	"\272\230\314\307\242\015\275\003wr2q\324m\311Cw\264"
 4908      A20DBD03 
 4908      77723271 
 4908      D46DC943 
 4908      77B4
 4909 15e6 4356C23D 		.ascii	"CV\302=\004%\316\003\036\346?\3121\313l\215\222L\330"
 4909      0425CE03 
 4909      1EE63FCA 
 4909      31CB6C8D 
 4909      924CD8
 4910 15f9 7E39BE9D 		.ascii	"~9\276\235\356{2Q*\314WOg\322Vg\307\374L\227\2054\252"
 4910      EE7B3251 
 4910      2ACC574F 
 4910      67D25667 
 4910      C7FC4C97 
 4911 1610 F071CAFE 		.ascii	"\360q\312\376[\356lQ\236c\371\231.\247p\277S\270\337"
 4911      5BEE6C51 
 4911      9E63F999 
 4911      2EA770BF 
 4911      53B8DF
 4912 1623 A35ED4EF 		.ascii	"\243^\324\357\342~\346\367\016\360;Cf\300v\311\342\016"
 4912      E27EE6F7 
 4912      0EF03B43 
 4912      66C076C9 
 4912      E20E
 4913 1635 79E50EF0 		.ascii	"y\345\016\360{47|\022-I\365 \033\221|@VB\220U\345\026"
 4913      7B34377C 
ARM GAS  /tmp/ccYjAqA9.s 			page 201


 4913      122D49F5 
 4913      201B917C 
 4913      40564290 
 4914 164c 57B0B8DE 		.ascii	"W\260\270\336\260j\317\342\332\263\270v\023\323\336"
 4914      B06ACFE2 
 4914      DAB3B876 
 4914      13D3DE
 4915 165b DE6F6B96 		.ascii	"\336ok\226{d\326,3eq\267\274\362\242\027T\331\221\372"
 4915      7B64D62C 
 4915      336571B7 
 4915      BCF2A217 
 4915      54D991FA 
 4916 166f FA595536 		.ascii	"\372YU6\007\242\232A~\031U\0109\221\034\337=\245\331"
 4916      07A29A41 
 4916      7E195508 
 4916      39911CDF 
 4916      3DA5D9
 4917 1682 44E5CAB1 		.ascii	"D\345\312\261\340_\236L\177d\206\321\323\316\013[5\315"
 4917      E05F9E4C 
 4917      7F6486D1 
 4917      D3CE0B5B 
 4917      35CD
 4918 1694 CA815BB6 		.ascii	"\312\201[\266\277\301o\311q\017\224/+\027\001\372M\217"
 4918      BFC16FC9 
 4918      710F942F 
 4918      2B1701FA 
 4918      4D8F
 4919 16a6 D975F06E 		.ascii	"\331u\360ni\177\034\257t\373 \250\027\213\036\354\221"
 4919      697F1CAF 
 4919      74FB20A8 
 4919      178B1EEC 
 4919      91
 4920 16b7 1D83BA5F 		.ascii	"\035\203\272_\026\212\250\276\211\346\022\223L\335\336"
 4920      168AA8BE 
 4920      89E61293 
 4920      4CDDDE
 4921 16c6 DAC8DCDE 		.ascii	"\332\310\334\336/\357\345n\357\345n\337^L\335N\345{"
 4921      2FEFE56E 
 4921      EFE56EDF 
 4921      5E4CDD4E 
 4921      E57B
 4922 16d8 847C086A 		.ascii	"\204|\010j\261\314p\025\312b\276\2742\011\334\276\230"
 4922      B1CC7015 
 4922      CA62BEBC 
 4922      3209DCBE 
 4922      98
 4923 16e9 99784D5A 		.ascii	"\231xMZ\362\320\0035`%b\201\240l]0{\272o\027o=5\217"
 4923      F2D00335 
 4923      60256281 
 4923      A06C5D30 
 4923      7BBA6F17 
 4924 1701 DC96E143 		.ascii	"\334\226\341C\200\254\370\373\263\007\334\034\221\035"
 4924      80ACF8FB 
 4924      B307DC1C 
 4924      911D
 4925 170f 9185C314 		.ascii	"\221\205\303\024\331\355\247O\247\347Qd\343\034\331"
 4925      D9EDA74F 
ARM GAS  /tmp/ccYjAqA9.s 			page 202


 4925      A7E75164 
 4925      E31CD9
 4926 171e 11B98423 		.ascii	"\021\271\204#+\341\310\272^d}\203#k\200\011)\225\331"
 4926      2BE1C8BA 
 4926      5E647D83 
 4926      236B8009 
 4926      2995D9
 4927 1731 B6C2248B 		.ascii	"\266\302$\213\007\344\225\311\2131\312\311\351\273\217"
 4927      07E495C9 
 4927      8B31CAC9 
 4927      E9BB8F
 4928 1740 6D470FF4 		.ascii	"mG\017\364\265z\367\017\277V+\351\004\371\314\346\251"
 4928      B57AF70F 
 4928      BF562BE9 
 4928      04F9CCE6 
 4928      A9
 4929 1751 EBE23B29 		.ascii	"\353\342;)*\331D%\225\254\334\246f\305Jer9\330\247\343"
 4929      2AD94425 
 4929      95ACDCA6 
 4929      66C54A65 
 4929      7239D8A7 
 4930 1766 85725958 		.ascii	"\205rYX\331\261@\311$\262\007\332L\327\234y\247\336"
 4930      D9B140C9 
 4930      24B207DA 
 4930      4CD79C79 
 4930      A7DE
 4931 1778 D361EDD4 		.ascii	"\323a\355\324\017\3601\016\367\030\207\033\365\212r"
 4931      0FF0310E 
 4931      F718871B 
 4931      F58A72
 4932 1787 6C8EB04C 		.ascii	"l\216\260L\036\332\227m\335\356\267\361\277M\237\220"
 4932      1EDA976D 
 4932      DDEEB7F1 
 4932      BF4D9F90 
 4933 1797 85E3AC4C 		.ascii	"\205\343\254L\245\315\264\263\031j*\260,\370\023r\025"
 4933      A5CDB4B3 
 4933      196A2AB0 
 4933      2CF81372 
 4933      15
 4934 17a8 575DC555 		.ascii	"W]\305U'\374Di%\252c\307\007\213\250\264i\222\034\346"
 4934      27FC4469 
 4934      25AA63C7 
 4934      078BA8B4 
 4934      69921CE6 
 4935 17bc 52202764 		.ascii	"R 'd3\2276s\351\201\227\225^\"]?x\344\020]"
 4935      33973673 
 4935      E9819795 
 4935      5E225D3F 
 4935      78E4105D 
 4936 17d0 52A6DD9B 		.ascii	"R\246\335\233m\3225\\\272\206K\327\274\254\214\023\351"
 4936      6DD2355C 
 4936      BA864BD7 
 4936      BCAC8C13 
 4936      E9
 4937 17e1 0B2DF5B9 		.ascii	"\013-\365\271\25427[s\245\216\313\326q\331\262\305J"
 4937      AC32375B 
 4937      73A58ECB 
ARM GAS  /tmp/ccYjAqA9.s 			page 203


 4937      D671D9B2 
 4937      C54A
 4938 17f3 DC0BA4EB 		.ascii	"\334\013\244\353\027\324U3\331\312\2036\324\247\271"
 4938      17D45533 
 4938      D9CA8336 
 4938      D4A7B9
 4939 1802 F4692E7D 		.ascii	"\364i.}\340E%\225H\247'gv\270Q\034\023\0116\034\365"
 4939      E0452595 
 4939      48A72767 
 4939      76B8511C 
 4939      1309361C 
 4940 1817 5CBA9E4B 		.ascii	"\\\272\236KO.R\362\211tNw}!\215\267\251\270$\204\342"
 4940      4F2E52F2 
 4940      89744E77 
 4940      7D218DB7 
 4940      A9B82484 
 4941 182c 38213770 		.ascii	"8!7p\331\006.{a\221r\230\312\266\214l\242\025\246O\""
 4941      D9062E7B 
 4941      61917298 
 4941      CAB68C6C 
 4941      A215A64F 
 4942 1841 A17E7AA9 		.ascii	"\241~z\251\250\300\211E\276\0212\260\356B\301\214\223"
 4942      A8C08945 
 4942      BE1132B0 
 4942      EE42C18C 
 4942      93
 4943 1852 63E49B65 		.ascii	"c\344\233e\241\211F\376~\337\251K\210\332\231\342v\232"
 4943      A18946FE 
 4943      7EDFA94B 
 4943      88DA99E2 
 4943      769A
 4944 1864 E5F3DCCE 		.ascii	"\345\363\334\316yK\334\027)g\210\235\262]\341\211\014"
 4944      794BDC17 
 4944      2967889D 
 4944      B25DE189 
 4944      0C
 4945 1875 53D3618B 		.ascii	"S\323a\213l\013\227m\341\262M\013\2256\"\333~\312\\"
 4945      6C0B976D 
 4945      E1B24D0B 
 4945      953622DB 
 4945      7ECA5C
 4946 1888 CC64334B 		.ascii	"\314d3K-\262\027\271\354E.\273k\2412Dd\307\312+s\350"
 4946      2DB217B9 
 4946      EC452EBB 
 4946      6BA13244 
 4946      64C7CA2B 
 4947 189e A6662B4D 		.ascii	"\246f+M\225\212;]\211\356\263\266\214\262p\205\002>"
 4947      958A3B5D 
 4947      89EEB3B6 
 4947      8CB27085 
 4947      023E
 4948 18b0 3AFCEC32 		.ascii	":\374\3542l[ iG\313F'^\257\216\314ZzU\276\3145_\006"
 4948      6C5B2069 
 4948      47CB4627 
 4948      5EAF8ECC 
 4948      5A7A55BE 
 4949 18c8 116165F4 		.ascii	"\021ae\364B%\337SP\312<A|\364f{!)\0247\200\243\034'"
ARM GAS  /tmp/ccYjAqA9.s 			page 204


 4949      4225DF53 
 4949      50CA3C41 
 4949      7CF4667B 
 4949      21291437 
 4950 18e0 4F8EF427 		.ascii	"O\216\364'\247\223\304l\227\2056Y\251!\217j\332\272"
 4950      A793C46C 
 4950      97853659 
 4950      A9218F6A 
 4950      DABA
 4951 18f2 EF9388DD 		.ascii	"\357\223\210\335\224\205\016\210X\212\332\367p>\301"
 4951      94850E88 
 4951      588ADAF7 
 4951      703EC1
 4952 1901 E34477B0 		.ascii	"\343Dw\260\011\246\323\230\336u\002\357\366\320\316"
 4952      09A6D398 
 4952      DE7502EF 
 4952      F6D0CE
 4953 1910 116B349D 		.ascii	"\021k4\235\030\266.Y\270\315\2605]\312\225\227f\304"
 4953      18B62E59 
 4953      B8CDB035 
 4953      5DCA9597 
 4953      66C4
 4954 1922 AAB131E6 		.ascii	"\252\2611\346/\341]\255\022u\311\327)\264[\262p\235"
 4954      2FE15DAD 
 4954      1275C9D7 
 4954      29B45BB2 
 4954      709D
 4955 1934 60139406 		.ascii	"`\023\224\006b\360`}\366Z\342C\371\370\035\365\177d"
 4955      62F0607D 
 4955      F65AE243 
 4955      F9F81DF5 
 4955      7F64
 4956 1946 A835A81A 		.ascii	"\2505\250\032\337\345.\334\245.\214x*\035D\360\314\235"
 4956      DFE52EDC 
 4956      A52E8C78 
 4956      2A1D44F0 
 4956      CC9D
 4957 1958 DDD54E44 		.ascii	"\335\325ND\322\324\261)\306\354\001r\367\270\334=*7"
 4957      D2D4B129 
 4957      C6EC0172 
 4957      F7B8DC3D 
 4957      2A37
 4958 196a E3A90C52 		.ascii	"\343\251\014R7\3177\025\213T\256\231\313\365p\271\036"
 4958      37CF3715 
 4958      8B54AE99 
 4958      CBF570B9 
 4958      1E
 4959 197b 2A37EEA9 		.ascii	"*7\356\251\314\020\271\262\313\375\307t\254\031\021"
 4959      CC10B9B2 
 4959      CBFDC774 
 4959      AC1911
 4960 198a DF9E5D7D 		.ascii	"\337\236]}\374\304\272*3yn\014\310B?\353n\031]\307\250"
 4960      FCC4BA2A 
 4960      33796E0C 
 4960      C8423FEB 
 4960      6E195DC7 
 4961 199f F1F1A35D 		.ascii	"\361\361\243]\243\227\177AB= \367q\275}To\273\247R\266"
ARM GAS  /tmp/ccYjAqA9.s 			page 205


 4961      A3977F41 
 4961      423D20F7 
 4961      71BD7D54 
 4961      6FBBA752 
 4962 19b4 90BC11A4 		.ascii	"\220\274\021\244\335\214\245\366\207+7E\307\253\342"
 4962      DD8CA5F6 
 4962      872B3745 
 4962      C7ABE2
 4963 19c3 97D57890 		.ascii	"\227\325x\220\013\016R\301\313\236J=\0214\367\237j\245"
 4963      0B0E52C1 
 4963      CB9E4A3D 
 4963      1134F79F 
 4963      6AA5
 4964 19d5 D14CA4B9 		.ascii	"\321L\244\271z\267-\303\2448\316\365\250,\214P\000\365"
 4964      7AB72DC3 
 4964      A438CEF5 
 4964      A82C8C50 
 4964      00F5
 4965 19e7 297DBFA3 		.ascii	")}\277\243N\225S\247F\345a\256s\230\352\254\363T\256"
 4965      4E9553A7 
 4965      46E561AE 
 4965      7398EAAC 
 4965      F354AE
 4966 19fa 2C9C9DFF 		.ascii	",\234\235\377q\345\223\275:f\342\021\314Xlr\303\244"
 4966      71E593BD 
 4966      3A66E211 
 4966      CC586C72 
 4966      C3A4
 4967 1a0c F50D3295 		.ascii	"\365\0152\225\373\370D\026\036\263\235X\343\365xw\012"
 4967      FBF84416 
 4967      1EB39D58 
 4967      E3F57877 
 4967      0A
 4968 1a1d BC228F02 		.ascii	"\274\"\217\002\177\"\217q#c\324\310>O\245\177\241\240"
 4968      7F228F71 
 4968      2363D4C8 
 4968      3E4FA57F 
 4968      A1A0
 4969 1a2f 4C10435B 		.ascii	"L\020C[jj3\210\346I:tWv\311\247\304\314\200H\254~?\036"
 4969      6A6A3388 
 4969      E6493A74 
 4969      5776C9A7 
 4969      C4CC8048 
 4970 1a47 9733ABAF 		.ascii	"\2273\253\257?\223\205\2472\177Q\375\276\357\320\324"
 4970      3F9385A7 
 4970      327F51FD 
 4970      BEEFD0D4 
 4971 1a57 BBB5F445 		.ascii	"\273\265\364E5\261\036=\223'\250\231)y\032\276\261\365"
 4971      35B11E3D 
 4971      9327A899 
 4971      29791ABE 
 4971      B1F5
 4972 1a69 70EE35A5 		.ascii	"p\3565\245q\221\203\0312\264\274uf\370\221\216\225\334"
 4972      71918319 
 4972      32B4BC75 
 4972      66F8918E 
 4972      95DC
ARM GAS  /tmp/ccYjAqA9.s 			page 206


 4973 1a7b EA85D578 		.ascii	"\352\205\325x\206\216Tu\341\272\031>\262\3425\345:\214"
 4973      868E5475 
 4973      E1BA193E 
 4973      B2E235E5 
 4973      3A8C
 4974 1a8d D4359CDC 		.ascii	"\3245\234\334\227/\276!\212n\354W\2128Jg&\177\213\216"
 4974      972FBE21 
 4974      8A6EEC57 
 4974      8A384A67 
 4974      267F8B8E 
 4975 1aa1 72217F8A 		.ascii	"r!\177\212\216\320E\351\204M\272H\035\212\322\301\013"
 4975      8ED045E9 
 4975      844DBA48 
 4975      1D8AD2C1 
 4975      0B
 4976 1ab2 DEE12B77 		.ascii	"\336\341+wl',\325\374\035.ZG<+\356\356\035\263\375\302"
 4976      6C272CD5 
 4976      FC1D2E5A 
 4976      473C2BEE 
 4976      EE1DB3FD 
 4977 1ac7 155A02E5 		.ascii	"\025Z\002\345\305P^m\317\246h\333O\027\2728/\226\362"
 4977      C5505E6D 
 4977      CFA668DB 
 4977      4F17BA38 
 4977      2F96F2
 4978 1ada B226EECC 		.ascii	"\262&\356\314\330~\273w\225\3636S^ar\\\217\355\017\027"
 4978      D87EBB77 
 4978      95F33653 
 4978      5E61725C 
 4978      8FED0F17 
 4979 1aee 95DCDE77 		.ascii	"\225\334\336w\224\327=x;\315\325q;\261E'\254\370\000"
 4979      94D73D78 
 4979      3BCDD571 
 4979      3BB14527 
 4979      ACF800
 4980 1b01 DE20F6ED 		.ascii	"\336 \366\355\214\020m\033\011\026\3278\035a\223-8x"
 4980      8C106D1B 
 4980      0916D738 
 4980      1D61932D 
 4980      3878
 4981 1b13 12DE7F25 		.ascii	"\022\336\177%o\326\257e\343a\364V\035\0108\301\206\344"
 4981      6FD6AF65 
 4981      E361F456 
 4981      1D0838C1 
 4981      86E4
 4982 1b25 9718151D 		.ascii	"\227\030\025\035*\254\324\274<'\352\022`|\222\216\310"
 4982      2AACD4BC 
 4982      3C27EA12 
 4982      607C928E 
 4982      C8
 4983 1b36 018027DD 		.ascii	"\001\200'\335}\245l\362\314\263W\365`\336@\221\346\267"
 4983      7DA56CF2 
 4983      CCB357F5 
 4983      60DE4091 
 4983      E6B7
 4984 1b48 C61C7932 		.ascii	"\306\034y2\035\250\036\213}h\343\335\342\274\355:\362"
 4984      1DA81E8B 
ARM GAS  /tmp/ccYjAqA9.s 			page 207


 4984      7D68E3DD 
 4984      E2BCED3A 
 4984      F2
 4985 1b59 7B153295 		.ascii	"{\0252\225\246\313\223\315\356\216\013l\247\316v|ql"
 4985      A6CB93CD 
 4985      EE8E0B6C 
 4985      A7CE767C 
 4985      716C
 4986 1b6b 68B4F467 		.ascii	"h\264\364g\226\254\300;u;t4\371v\301\0276\265q\257a"
 4986      96ACC03B 
 4986      753B7434 
 4986      F976C117 
 4986      36B571AF 
 4987 1b80 B4F9E6CE 		.ascii	"\264\371\346\316\001\333\311\333(\267\222B\254d\274"
 4987      01DBC9DB 
 4987      28B79242 
 4987      AC64BC
 4988 1b8f 68390619 		.ascii	"h9\006\031\271\314\217A\022\177[\215S\231\2324]*Wcz"
 4988      B9CC8F41 
 4988      127F5B8D 
 4988      53999A34 
 4988      5D2A5763 
 4989 1ba4 4DC97F71 		.ascii	"M\311\177q\216\334\032\207\334\272\245\253,W\325M\252"
 4989      8EDC1A87 
 4989      DCBAA5AB 
 4989      2C57D54D 
 4989      AA
 4990 1bb5 1AF1B650 		.ascii	"\032\361\266P\215\323\351\320\014\335n]:\037[\003\020"
 4990      8DD3E9D0 
 4990      0CDD6E5D 
 4990      3A1F5B03 
 4990      10
 4991 1bc6 521E34DE 		.ascii	"R\0364\336\262\035_?\340\020\276\247A\250\357\273\277"
 4991      B21D5F3F 
 4991      E010BEA7 
 4991      41A8EFBB 
 4991      BF
 4992 1bd7 C2CA3AC1 		.ascii	"\302\312:\301g=\223\24031t\345\345'[\222D\236\300 \221"
 4992      673D93A0 
 4992      333174E5 
 4992      E5275B92 
 4992      449EC020 
 4993 1bec C5D0EDD1 		.ascii	"\305\320\355\321eq\013\017^\305h[\375x\254\315\311h"
 4993      65710B0F 
 4993      5EC5685B 
 4993      FD78ACCD 
 4993      C968
 4994 1bfe AE269B5A 		.ascii	"\256&\233Z\030{<\334jK\3108\316\313\241\274\213G\252"
 4994      187B3CDC 
 4994      6A4BC838 
 4994      CECBA1BC 
 4994      8B47AA
 4995 1c11 3EB2B276 		.ascii	">\262\262vpV.e\265\236k\337a;m\031\340\274<\312\313"
 4995      70562E65 
 4995      B59E6BDF 
 4995      613B6D19 
 4995      E0BC3CCA 
ARM GAS  /tmp/ccYjAqA9.s 			page 208


 4996 1c26 1D6B4EB3 		.ascii	"\035kN\263\235a\244s^>\345M^i\255\265\255\215|\316+"
 4996      9D61A473 
 4996      5E3EE54D 
 4996      5E69ADB5 
 4996      AD8D7CCE 
 4997 1c3b A0BCD881 		.ascii	"\240\274\330\201\201\013\266\243\305\375\234WHyGG\324"
 4997      810BB6A3 
 4997      C5FD9C57 
 4997      48794747 
 4997      D4
 4998 1c4c 32C5F1D4 		.ascii	"2\305\361\324\322z(\271\243.}\304\246u\224\217\334G"
 4998      D27A28B9 
 4998      A32E7DC4 
 4998      A675948F 
 4998      DC47
 4999 1c5e 47967416 		.ascii	"G\226t\026?\263\361\236p^\021\371_\033p\210A\377\315"
 4999      3FB3F19E 
 4999      705E11F9 
 4999      5F1B7088 
 4999      41FFCD
 5000 1c71 D2F7DE5B 		.ascii	"\322\367\336[\016\377\371\256\367_\343\037\034\352m"
 5000      0EFFF9AE 
 5000      F75FE31F 
 5000      1CEA6D
 5001 1c80 3484057D 		.ascii	"4\204\005}\275<8t\271\301\270<\324\340\013\317\365\337"
 5001      BD3C3874 
 5001      B9C1B83C 
 5001      D4E00BCF 
 5001      F5DF
 5002 1c92 E8838CA1 		.ascii	"\350\203\214\241\357\371*\277\371\375\237^\377|\305"
 5002      EFF92ABF 
 5002      F9FD9F5E 
 5002      FF7CC5
 5003 1ca1 27C242DB 		.ascii	"'\302B\333\263\367>x\177\345\207\277\\\271\346}a\201"
 5003      B3F73E78 
 5003      7FE587BF 
 5003      5CB9E67D 
 5003      6181
 5004 1cb3 EF7AEF10 		.ascii	"\357z\357\020\203\177\260\301\337\270\321\373\257a\372"
 5004      837FB0C1 
 5004      DFB8D1FB 
 5004      AF61FA
 5005 1cc2 30BDE7AC 		.ascii	"0\275\347\254'\336F\034\244\377\326\210\311S'#\371\364"
 5005      27DE461C 
 5005      A4FFD688 
 5005      C9532723 
 5005      F9F4
 5006 1cd4 36AE5EBE 		.ascii	"6\256^\276>8P\277\334\020\274f\371\227\206\340\177\325"
 5006      3E3850BF 
 5006      DC10BC66 
 5006      F99786E0 
 5006      7FD5
 5007 1ce6 FB1A4397 		.ascii	"\373\032C\227\177N\260\2546\206\371\371\007k\277{\177"
 5007      7F4EB0AC 
 5007      3686F9F9 
 5007      076BBF7B 
 5007      7F
ARM GAS  /tmp/ccYjAqA9.s 			page 209


 5008 1cf7 F0E1F20D 		.ascii	"\360\341\362\015\301\206\257CC||\365\034\350\352?~\361"
 5008      C186AF43 
 5008      437C7CF5 
 5008      1CE8EA3F 
 5008      7EF1
 5009 1d09 E107DEBF 		.ascii	"\341\007\336\277\371r\325g\336k\375\015\201\033|\014"
 5009      F972D567 
 5009      DE6BFD0D 
 5009      811B7C0C 
 5010 1d19 FAE5C2CF 		.ascii	"\372\345\302\317\177\330%\377 \337\2000?=\360\002\374"
 5010      7FD825FF 
 5010      20DF8030 
 5010      3F3DF002 
 5010      FC
 5011 1d2a 43C183F5 		.ascii	"C\301\203\365\202\213\321@\324\255\011[\273Vo\220B\214"
 5011      828BD140 
 5011      D4AD095B 
 5011      BB566F90 
 5011      428C
 5012 1d3c 0657F680 		.ascii	"\006W\366\200\272\010\210C\375\377\246W\302\374\203"
 5012      BA088843 
 5012      FDFFA657 
 5012      C2FC83
 5013 1d4b 8C2B3EF6 		.ascii	"\214+>\3666:\207\206\205\206\350\203\374\364~:6\000"
 5013      363A8786 
 5013      8586E883 
 5013      FCF47E3A 
 5013      3600
 5014 1d5d 1BFD03F5 		.ascii	"\033\375\003\365\316\241\033C\311\325\333H\005\001\220"
 5014      CEA11B43 
 5014      C9D5DB48 
 5014      050190
 5015 1d6c D1C9600C 		.ascii	"\321\311`\0145\372\004\206\310\360i\324c\343\306\020"
 5015      35FA0486 
 5015      C8F069D4 
 5015      63E3C610 
 5016 1d7c BD1886C3 		.ascii	"\275\030\206\303B\301DX\310\007@+\236\013$\205\002 "
 5016      42C14458 
 5016      C807402B 
 5016      9E0B2485 
 5016      0220
 5017 1d8e F17A9F00 		.ascii	"\361z\237\000\243\316\240\367\011\015\016\302\276\353"
 5017      A3CEA0F7 
 5017      090D0EC2 
 5017      BEEB
 5018 1d9c 7D0C927F 		.ascii	"}\014\222\177\250\001\007\371\004\352%\203\337F)0t\235"
 5018      A80107F9 
 5018      04EA2583 
 5018      DF462930 
 5018      749D
 5019 1dae 0CE46D44 		.ascii	"\014\344mD\306\020g\010\273q=\210\372)\354\002OC7\350"
 5019      C6106708 
 5019      BB713D88 
 5019      FA29EC02 
 5019      4F4337E8 
 5020 1dc2 361883D7 		.ascii	"6\030\203\327\374k\210\024d\014q\323:\354m\224\374\326"
 5020      FC6B8814 
ARM GAS  /tmp/ccYjAqA9.s 			page 210


 5020      640C71D3 
 5020      3AEC6D94 
 5020      FCD6
 5021 1dd4 AC73026D 		.ascii	"\254s\002m\336\276AF\331\227\270\354\034\342\023\344"
 5021      DEBE4146 
 5021      D997B8EC 
 5021      1CE213E4 
 5022 1de4 EFEB0D0A 		.ascii	"\357\353\015\012\335A\027\361M\037\350\355\247_\023"
 5022      DD4117F1 
 5022      4D1FE8ED 
 5022      A75F13
 5023 1df3 B64E0908 		.ascii	"\266N\011\010\366\375\232\010>\027x:\004\300\273iUx"
 5023      F6FD9A08 
 5023      3E17783A 
 5023      04C0BB69 
 5023      5578
 5024 1e05 1BE705FA 		.ascii	"\033\347\005\372@\220\030B\370\010\240\331\020h\374"
 5024      40901842 
 5024      F808A0D9 
 5024      1068FC
 5025 1e14 964C8802 		.ascii	"\226L\210\002\006\003\303\214\372o\025=\011\263\177"
 5025      0603C38C 
 5025      FA6F153D 
 5025      09B37F
 5026 1e23 D0BAF974 		.ascii	"\320\272\371t\036\002}B\277\206\350\002$\232HD\214~"
 5026      1E027D42 
 5026      BF86E802 
 5026      249A4844 
 5026      8C7E
 5027 1e35 9967F902 		.ascii	"\231g\371\002\021\337\340\343o\204\001N\360\210\250"
 5027      11DFE0E3 
 5027      6F84014E 
 5027      F088A8
 5028 1e44 72E6576F 		.ascii	"r\346Wo\243N\277\201\214\207\020\200\225\020\270\204"
 5028      A34EBF81 
 5028      8C871080 
 5028      9510B884 
 5029 1e54 EA03435C 		.ascii	"\352\003C\\\210k\372@\237\220\365\301\006\275S(\261"
 5029      886BFA40 
 5029      9F90F5C1 
 5029      06BD5328 
 5029      B1
 5030 1e65 0141DC60 		.ascii	"\001A\334`4\032B^\340q3\350!@\372 \222k\212\376[\177"
 5030      341A425E 
 5030      E07133E8 
 5030      2140FA20 
 5030      926B8AFE 
 5031 1e7b A36FB09F 		.ascii	"\243o\260\237^\007\341\006\301\367\236\307\177\0108"
 5031      5E07E106 
 5031      C1F79EC7 
 5031      7F0838
 5032 1e8a 4967327D 		.ascii	"Ig2}\240*\324\311H>\275\215\362\332\000\237up\027\010"
 5032      A02AD4C9 
 5032      483EBD8D 
 5032      F2DA009F 
 5032      75701708 
 5033 1e9e EA40B391 		.ascii	"\352@\263\221f\010<\336\340\003\036\317\0135~\355\023"
ARM GAS  /tmp/ccYjAqA9.s 			page 211


 5033      66083CDE 
 5033      E0031ECF 
 5033      0B357EED 
 5033      13
 5034 1eaf E0BF2E08 		.ascii	"\340\277.\010`o\360Y\343\023\252\227\2037\004\351\015"
 5034      606FF059 
 5034      E313AA97 
 5034      833704E9 
 5034      0D
 5035 1ec0 6E00170C 		.ascii	"n\000\027\014\371\007\2014 r\325|\007I\003\215\201\344"
 5035      F9078134 
 5035      2072D57C 
 5035      0749038D 
 5035      81E4
 5036 1ed2 6BFC1685 		.ascii	"k\374\026\205\206\314\017\0116\030\201k\204[\027\372"
 5036      86CC0F09 
 5036      3618816B 
 5036      845B17FA 
 5037 1ee2 DD373808 		.ascii	"\33578\010Bj\374\350\007@\373\006\007\006\006\007-'"
 5037      426AFCE8 
 5037      0740FB06 
 5037      07060607 
 5037      2D27
 5038 1ef4 A2A1CB3F 		.ascii	"\242\241\313?\375\352\213o>y\367\013\220\362\205\300"
 5038      FDEA8B6F 
 5038      3E79F70B 
 5038      90F285C0 
 5039 1f04 007669BD 		.ascii	"\000vi\275\237A\027B\015\310\364\023\223\250\312\201"
 5039      9F411742 
 5039      0DC8F413 
 5039      93A8CA81 
 5040 1f14 21C1C101 		.ascii	"!\301\301\001:\320\274\326\177\335\"{p\336\354\351\302"
 5040      3AD0BCD6 
 5040      7FDD227B 
 5040      70DEECE9 
 5040      C2
 5041 1f25 D98F6039 		.ascii	"\331\217`9\031\326\372\206\221)\"WL\246e>\371\346\315"
 5041      19D6FA86 
 5041      91292257 
 5041      4CA6653E 
 5041      F9E6CD
 5042 1f38 26F89DE7 		.ascii	"&\370\235\347\011+\221\007\\::\316\350D`z\373\3739\363"
 5042      092B9107 
 5042      5C3A3ACE 
 5042      E844607A 
 5042      FBFB39F3 
 5043 1f4c 2B597AFA 		.ascii	"+Yz\372u\004\342|bE\277\016\276\0316\316\263|\201`}"
 5043      7504E27C 
 5043      6245BF0E 
 5043      BE1936CE 
 5043      B37C8160 
 5044 1f61 63A49916 		.ascii	"c\244\231\026\340\023j$\213V\366#\267\256 \354\247\017"
 5044      E0136A24 
 5044      8B56F623 
 5044      B7AE20EC 
 5044      A70F
 5045 1f73 30FAD09C 		.ascii	"0\372\320\234q\267\273\203\271\2417\256\220\307\020"
ARM GAS  /tmp/ccYjAqA9.s 			page 212


 5045      71B7BB83 
 5045      B9A137AE 
 5045      90C710
 5046 1f82 56BDE11B 		.ascii	"V\275\341\033\237\000o\343\213 \363\215\277\301\030"
 5046      9F006FE3 
 5046      8B20F38D 
 5046      BFC118
 5047 1f91 466E408F 		.ascii	"Fn@\217!\224\245\035\321K\227>\255\005\037"
 5047      2194A51D 
 5047      D14B973E 
 5047      AD051F
 5048 1fa0 FFC2DBB8 		.ascii	"\377\302\333\270h\0161\320i\260\330%\311\266\221>u\362"
 5048      680E31D0 
 5048      69B0D825 
 5048      C9B6913E 
 5048      75F2
 5049 1fb2 0D3340C6 		.ascii	"\0153@\306\031]l\217\274\215.t\005\320\244!\271L+\257"
 5049      195D6C8F 
 5049      BC8D2E74 
 5049      05D0A421 
 5049      B94C2BAF 
 5050 1fc6 42587A92 		.ascii	"BXz\222\027\254LYn=\354oI\022\321\201\357>O`yQ\207\222"
 5050      17AC4C59 
 5050      6E3DEC6F 
 5050      4912D181 
 5050      EF3E4F60 
 5051 1fde C8B48406 		.ascii	"\310\264\204\006\207\031|\365n\332\033(\016\364\226"
 5051      87197CF5 
 5051      6EDA1B28 
 5051      0EF496
 5052 1fed C41956E6 		.ascii	"\304\031V\346z\237 \277\000b\006V\323\352\215\241\177"
 5052      7A9F20BF 
 5052      00620656 
 5052      D3EA8DA1 
 5052      7F
 5053 1ffe 0A22     		.ascii	"\012\""
 5054 2000 F54198E7 		.ascii	"\365A\230\347\355\2756,\310\327\333\373\275O\244\025"
 5054      EDBD362C 
 5054      C8D7DBFB 
 5054      BD4FA415 
 5055 2010 1F0BCE3E 		.ascii	"\037\013\316>\206\300o>\321\277\033(\314\2039\202D|"
 5055      86C06F3E 
 5055      D1BF1B28 
 5055      CC833982 
 5055      447C
 5056 2022 37F017C2 		.ascii	"7\360\027\302|\315\200e\317\003\016b\017\310\024\213"
 5056      7CCD8065 
 5056      CF030E62 
 5056      0FC8148B 
 5057 2032 6A0FDFF5 		.ascii	"j\017\337\365\277\376\306\370\007\272\302V\005\371\033"
 5057      BFFEC6F8 
 5057      07BAC256 
 5057      05F91B
 5058 2041 85F956A3 		.ascii	"\205\371V\243+\336ww`\276\375\274-N\360\324\214\374"
 5058      2BDE7777 
 5058      60BEFDBC 
 5058      2D4EF0D4 
ARM GAS  /tmp/ccYjAqA9.s 			page 213


 5058      8CFC
 5059 2053 47FFD090 		.ascii	"G\377\320\220\340P\275\306\235\225/\314f\333\270\277"
 5059      E050BDC6 
 5059      9D952FCC 
 5059      66DBB8BF 
 5060 2063 FC09E57E 		.ascii	"\374\011\345~E3Mo\370\0022\372\317\376\306\365\377D"
 5060      45334D6F 
 5060      F80232FA 
 5060      CFFEC6F5 
 5060      FF44
 5061 2075 E2BF8AE1 		.ascii	"\342\277\212\341\375S\220\201s5Z?vw\340\331X\037\275"
 5061      FD539081 
 5061      73355A3F 
 5061      7677E0D9 
 5061      581FBD
 5062 2088 4859BFD1 		.ascii	"HY\277\321\033?\015\362\373<@\357c`\332\346~\254\321"
 5062      1B3F0DF2 
 5062      FB3C40EF 
 5062      6360DAE6 
 5062      7EACD1
 5063 209b F98B4573 		.ascii	"\371\213EsJ\270\322\247\253\241\274\370\004\254\322"
 5063      4AB8D2A7 
 5063      ABA1BCF8 
 5063      04ACD2
 5064 20aa 887FE8A2 		.ascii	"\210\177\350\242eho4B\037\314\327<g\372?3\004\373\370"
 5064      65686F34 
 5064      421FCCD7 
 5064      3C67FA3F 
 5064      3304FBF8 
 5065 20be F942C233 		.ascii	"\371B\3023X\032\341\025\013\347\022p\243\017I\344|\214"
 5065      581AE115 
 5065      0BE71270 
 5065      A30F49E4 
 5065      7C8C
 5066 20d0 BEEB35E2 		.ascii	"\276\3535\342\357\273\332q$\337\365\357\277\374\303"
 5066      EFBBDA71 
 5066      24DFF5EF 
 5066      BFFCC3
 5067 20df D15CECE8 		.ascii	"\321\\\354\350\334\257\351\374\315\016\013{\316\254"
 5067      DCAFE9FC 
 5067      CD0E0B7B 
 5067      CEAC
 5068 20ed 7EEAE7C7 		.ascii	"~\352\347\307n=\347@\306\\\3763t\220?\004\351m7\237"
 5068      6E3DE740 
 5068      C65CFE33 
 5068      74903F04 
 5068      E96D379F 
 5069 2101 066DD4DC 		.ascii	"\006m\324\334\004\004xj\305\376\010\25398\314\350\251"
 5069      0404786A 
 5069      C5FE08AB 
 5069      3938CCE8 
 5069      A9
 5070 2112 959EFD2C 		.ascii	"\225\236\375, \200?s\246\031\377[\350\343\317\325<\001"
 5070      20803F73 
 5070      A619FF5B 
 5070      E8E3CFD5 
 5070      3C01
ARM GAS  /tmp/ccYjAqA9.s 			page 214


 5071 2124 7DC046C8 		.ascii	"}\300F\310x\017o\350\324\376\001\320\331\274\365\337"
 5071      780F6FE8 
 5071      D4FE01D0 
 5071      D9BCF5DF 
 5072 2134 8640DEC9 		.ascii	"\206@\336\311PJC\215\030\334[\353\024\024\014\255*x"
 5072      504A438D 
 5072      18DC5BEB 
 5072      14140CAD 
 5072      2A78
 5073 2146 C30BDEDE 		.ascii	"\303\013\336\336\320\304\275a\020t\3470\272\246 \337"
 5073      D0C4BD61 
 5073      1074E730 
 5073      BAA620DF 
 5074 2156 FE71CDBA 		.ascii	"\376q\315\272\317\311\223\317\241\"A\002je\210\004Y"
 5074      CFC993CF 
 5074      A1224102 
 5074      6A658804 
 5074      59
 5075 2167 81BEEBBF 		.ascii	"\201\276\353\277\"\205f\325s\325\335P\350\350\004\020"
 5075      228566D5 
 5075      73D5DD50 
 5075      E8E80410 
 5076 2177 1F07B77A 		.ascii	"\037\007\267z\277\260\000\375jW\372\3407\301\253\003"
 5076      BFB000FD 
 5076      6A57FAE0 
 5076      37C1AB03 
 5077 2187 F4FA90D5 		.ascii	"\364\372\220\325\013\265w\334\365\325\256\336\320k\215"
 5077      0BB577DC 
 5077      F5D5AEDE 
 5077      D06B8D
 5078 2196 DE9F7DBA 		.ascii	"\336\237}\272\372\327_~\265\312\325'`\203\317F\322\034"
 5078      FAD75F7E 
 5078      B5CAD527 
 5078      6083CF46 
 5078      D21C
 5079 21a8 02FC83F4 		.ascii	"\002\374\203\364\277\376\361\256\004}\213\364\244\345"
 5079      BFFEF1AE 
 5079      047D8BF4 
 5079      A4E5
 5080 21b6 9F7FB17A 		.ascii	"\237\177\261z\325\352\345\237C\221_\276\312\002)0\324"
 5080      D5EAE59F 
 5080      43915FBE 
 5080      CA022930 
 5080      D4
 5081 21c7 3FD47B9D 		.ascii	"?\324{\235\257/\240bM\217\371.{\177\006\275\011`\375"
 5081      AF2FA062 
 5081      4D8FF92E 
 5081      7B7F06BD 
 5081      0960FD
 5082 21da 71BD1F24 		.ascii	"q\275\037$\303j}\300\332\177~\256\206\315\372>\2513"
 5082      C36A7DC0 
 5082      DA7F7EAE 
 5082      86CDFA3E 
 5082      A933
 5083 21ec 6CB27E07 		.ascii	"l\262~\007\312\234\251b\242\326\335>\215V\375?I\251"
 5083      CA9CA962 
 5083      A2D6DD3E 
ARM GAS  /tmp/ccYjAqA9.s 			page 215


 5083      8D56FD3F 
 5083      49A9
 5084 21fe 2AE6     		.ascii	"*\346"
 5085              		.text
 5086              		.section	.gnu.lto_.symtab.20964d410ae452ff,"e",%progbits
 5087 0000 63684576 		.ascii	"chEvtObjectInit\000"
 5087      744F626A 
 5087      65637449 
 5087      6E697400 
 5088 0010 00       		.ascii	"\000"
 5089 0011 00       		.ascii	"\000"
 5090 0012 00       		.ascii	"\000"
 5091 0013 00000000 		.ascii	"\000\000\000\000\000\000\000\000"
 5091      00000000 
 5092 001b 57020000 		.ascii	"W\002\000\000"
 5093 001f 63684576 		.ascii	"chEvtObjectDispose\000"
 5093      744F626A 
 5093      65637444 
 5093      6973706F 
 5093      736500
 5094 0032 00       		.ascii	"\000"
 5095 0033 00       		.ascii	"\000"
 5096 0034 00       		.ascii	"\000"
 5097 0035 00000000 		.ascii	"\000\000\000\000\000\000\000\000"
 5097      00000000 
 5098 003d 62020000 		.ascii	"b\002\000\000"
 5099 0041 63684576 		.ascii	"chEvtRegisterMaskWithFlagsI\000"
 5099      74526567 
 5099      69737465 
 5099      724D6173 
 5099      6B576974 
 5100 005d 00       		.ascii	"\000"
 5101 005e 00       		.ascii	"\000"
 5102 005f 00       		.ascii	"\000"
 5103 0060 00000000 		.ascii	"\000\000\000\000\000\000\000\000"
 5103      00000000 
 5104 0068 6D020000 		.ascii	"m\002\000\000"
 5105 006c 63684576 		.ascii	"chEvtRegisterMaskWithFlags\000"
 5105      74526567 
 5105      69737465 
 5105      724D6173 
 5105      6B576974 
 5106 0087 00       		.ascii	"\000"
 5107 0088 00       		.ascii	"\000"
 5108 0089 00       		.ascii	"\000"
 5109 008a 00000000 		.ascii	"\000\000\000\000\000\000\000\000"
 5109      00000000 
 5110 0092 BA020000 		.ascii	"\272\002\000\000"
 5111 0096 63684576 		.ascii	"chEvtUnregister\000"
 5111      74556E72 
 5111      65676973 
 5111      74657200 
 5112 00a6 00       		.ascii	"\000"
 5113 00a7 00       		.ascii	"\000"
 5114 00a8 00       		.ascii	"\000"
 5115 00a9 00000000 		.ascii	"\000\000\000\000\000\000\000\000"
 5115      00000000 
ARM GAS  /tmp/ccYjAqA9.s 			page 216


 5116 00b1 79020000 		.ascii	"y\002\000\000"
 5117 00b5 63684576 		.ascii	"chEvtGetAndClearEventsI\000"
 5117      74476574 
 5117      416E6443 
 5117      6C656172 
 5117      4576656E 
 5118 00cd 00       		.ascii	"\000"
 5119 00ce 00       		.ascii	"\000"
 5120 00cf 00       		.ascii	"\000"
 5121 00d0 00000000 		.ascii	"\000\000\000\000\000\000\000\000"
 5121      00000000 
 5122 00d8 BE020000 		.ascii	"\276\002\000\000"
 5123 00dc 63684576 		.ascii	"chEvtGetAndClearEvents\000"
 5123      74476574 
 5123      416E6443 
 5123      6C656172 
 5123      4576656E 
 5124 00f3 00       		.ascii	"\000"
 5125 00f4 00       		.ascii	"\000"
 5126 00f5 00       		.ascii	"\000"
 5127 00f6 00000000 		.ascii	"\000\000\000\000\000\000\000\000"
 5127      00000000 
 5128 00fe C0020000 		.ascii	"\300\002\000\000"
 5129 0102 63684576 		.ascii	"chEvtAddEvents\000"
 5129      74416464 
 5129      4576656E 
 5129      747300
 5130 0111 00       		.ascii	"\000"
 5131 0112 00       		.ascii	"\000"
 5132 0113 00       		.ascii	"\000"
 5133 0114 00000000 		.ascii	"\000\000\000\000\000\000\000\000"
 5133      00000000 
 5134 011c C2020000 		.ascii	"\302\002\000\000"
 5135 0120 63684576 		.ascii	"chEvtGetAndClearFlagsI\000"
 5135      74476574 
 5135      416E6443 
 5135      6C656172 
 5135      466C6167 
 5136 0137 00       		.ascii	"\000"
 5137 0138 00       		.ascii	"\000"
 5138 0139 00       		.ascii	"\000"
 5139 013a 00000000 		.ascii	"\000\000\000\000\000\000\000\000"
 5139      00000000 
 5140 0142 81020000 		.ascii	"\201\002\000\000"
 5141 0146 63684576 		.ascii	"chEvtGetAndClearFlags\000"
 5141      74476574 
 5141      416E6443 
 5141      6C656172 
 5141      466C6167 
 5142 015c 00       		.ascii	"\000"
 5143 015d 00       		.ascii	"\000"
 5144 015e 00       		.ascii	"\000"
 5145 015f 00000000 		.ascii	"\000\000\000\000\000\000\000\000"
 5145      00000000 
 5146 0167 8F020000 		.ascii	"\217\002\000\000"
 5147 016b 63684576 		.ascii	"chEvtSignalI\000"
 5147      74536967 
ARM GAS  /tmp/ccYjAqA9.s 			page 217


 5147      6E616C49 
 5147      00
 5148 0178 00       		.ascii	"\000"
 5149 0179 00       		.ascii	"\000"
 5150 017a 00       		.ascii	"\000"
 5151 017b 00000000 		.ascii	"\000\000\000\000\000\000\000\000"
 5151      00000000 
 5152 0183 9B020000 		.ascii	"\233\002\000\000"
 5153 0187 63684576 		.ascii	"chEvtSignal\000"
 5153      74536967 
 5153      6E616C00 
 5154 0193 00       		.ascii	"\000"
 5155 0194 00       		.ascii	"\000"
 5156 0195 00       		.ascii	"\000"
 5157 0196 00000000 		.ascii	"\000\000\000\000\000\000\000\000"
 5157      00000000 
 5158 019e A0020000 		.ascii	"\240\002\000\000"
 5159 01a2 63684576 		.ascii	"chEvtBroadcastFlagsI\000"
 5159      7442726F 
 5159      61646361 
 5159      7374466C 
 5159      61677349 
 5160 01b7 00       		.ascii	"\000"
 5161 01b8 00       		.ascii	"\000"
 5162 01b9 00       		.ascii	"\000"
 5163 01ba 00000000 		.ascii	"\000\000\000\000\000\000\000\000"
 5163      00000000 
 5164 01c2 AC020000 		.ascii	"\254\002\000\000"
 5165 01c6 63684576 		.ascii	"chEvtBroadcastFlags\000"
 5165      7442726F 
 5165      61646361 
 5165      7374466C 
 5165      61677300 
 5166 01da 00       		.ascii	"\000"
 5167 01db 00       		.ascii	"\000"
 5168 01dc 00       		.ascii	"\000"
 5169 01dd 00000000 		.ascii	"\000\000\000\000\000\000\000\000"
 5169      00000000 
 5170 01e5 C4020000 		.ascii	"\304\002\000\000"
 5171 01e9 63684576 		.ascii	"chEvtDispatch\000"
 5171      74446973 
 5171      70617463 
 5171      6800
 5172 01f7 00       		.ascii	"\000"
 5173 01f8 00       		.ascii	"\000"
 5174 01f9 00       		.ascii	"\000"
 5175 01fa 00000000 		.ascii	"\000\000\000\000\000\000\000\000"
 5175      00000000 
 5176 0202 B4020000 		.ascii	"\264\002\000\000"
 5177 0206 63684576 		.ascii	"chEvtWaitOne\000"
 5177      74576169 
 5177      744F6E65 
 5177      00
 5178 0213 00       		.ascii	"\000"
 5179 0214 00       		.ascii	"\000"
 5180 0215 00       		.ascii	"\000"
 5181 0216 00000000 		.ascii	"\000\000\000\000\000\000\000\000"
ARM GAS  /tmp/ccYjAqA9.s 			page 218


 5181      00000000 
 5182 021e C6020000 		.ascii	"\306\002\000\000"
 5183 0222 63684576 		.ascii	"chEvtWaitAny\000"
 5183      74576169 
 5183      74416E79 
 5183      00
 5184 022f 00       		.ascii	"\000"
 5185 0230 00       		.ascii	"\000"
 5186 0231 00       		.ascii	"\000"
 5187 0232 00000000 		.ascii	"\000\000\000\000\000\000\000\000"
 5187      00000000 
 5188 023a C8020000 		.ascii	"\310\002\000\000"
 5189 023e 63684576 		.ascii	"chEvtWaitAll\000"
 5189      74576169 
 5189      74416C6C 
 5189      00
 5190 024b 00       		.ascii	"\000"
 5191 024c 00       		.ascii	"\000"
 5192 024d 00       		.ascii	"\000"
 5193 024e 00000000 		.ascii	"\000\000\000\000\000\000\000\000"
 5193      00000000 
 5194 0256 CA020000 		.ascii	"\312\002\000\000"
 5195 025a 63684576 		.ascii	"chEvtWaitOneTimeout\000"
 5195      74576169 
 5195      744F6E65 
 5195      54696D65 
 5195      6F757400 
 5196 026e 00       		.ascii	"\000"
 5197 026f 00       		.ascii	"\000"
 5198 0270 00       		.ascii	"\000"
 5199 0271 00000000 		.ascii	"\000\000\000\000\000\000\000\000"
 5199      00000000 
 5200 0279 CF020000 		.ascii	"\317\002\000\000"
 5201 027d 63684576 		.ascii	"chEvtWaitAnyTimeout\000"
 5201      74576169 
 5201      74416E79 
 5201      54696D65 
 5201      6F757400 
 5202 0291 00       		.ascii	"\000"
 5203 0292 00       		.ascii	"\000"
 5204 0293 00       		.ascii	"\000"
 5205 0294 00000000 		.ascii	"\000\000\000\000\000\000\000\000"
 5205      00000000 
 5206 029c D1020000 		.ascii	"\321\002\000\000"
 5207 02a0 63684576 		.ascii	"chEvtWaitAllTimeout\000"
 5207      74576169 
 5207      74416C6C 
 5207      54696D65 
 5207      6F757400 
 5208 02b4 00       		.ascii	"\000"
 5209 02b5 00       		.ascii	"\000"
 5210 02b6 00       		.ascii	"\000"
 5211 02b7 00000000 		.ascii	"\000\000\000\000\000\000\000\000"
 5211      00000000 
 5212 02bf D3020000 		.ascii	"\323\002\000\000"
 5213 02c3 63683000 		.ascii	"ch0\000"
 5214 02c7 00       		.ascii	"\000"
ARM GAS  /tmp/ccYjAqA9.s 			page 219


 5215 02c8 02       		.ascii	"\002"
 5216 02c9 00       		.ascii	"\000"
 5217 02ca 00000000 		.ascii	"\000\000\000\000\000\000\000\000"
 5217      00000000 
 5218 02d2 B8020000 		.ascii	"\270\002\000\000"
 5219 02d6 63685379 		.ascii	"chSysHalt\000"
 5219      7348616C 
 5219      7400
 5220 02e0 00       		.ascii	"\000"
 5221 02e1 02       		.ascii	"\002"
 5222 02e2 00       		.ascii	"\000"
 5223 02e3 00000000 		.ascii	"\000\000\000\000\000\000\000\000"
 5223      00000000 
 5224 02eb D7020000 		.ascii	"\327\002\000\000"
 5225 02ef 5F5F6462 		.ascii	"__dbg_check_unlock\000"
 5225      675F6368 
 5225      65636B5F 
 5225      756E6C6F 
 5225      636B00
 5226 0302 00       		.ascii	"\000"
 5227 0303 02       		.ascii	"\002"
 5228 0304 00       		.ascii	"\000"
 5229 0305 00000000 		.ascii	"\000\000\000\000\000\000\000\000"
 5229      00000000 
 5230 030d E4020000 		.ascii	"\344\002\000\000"
 5231 0311 63684462 		.ascii	"chDbgCheckClassI\000"
 5231      67436865 
 5231      636B436C 
 5231      61737349 
 5231      00
 5232 0322 00       		.ascii	"\000"
 5233 0323 02       		.ascii	"\002"
 5234 0324 00       		.ascii	"\000"
 5235 0325 00000000 		.ascii	"\000\000\000\000\000\000\000\000"
 5235      00000000 
 5236 032d E6020000 		.ascii	"\346\002\000\000"
 5237 0331 5F5F6462 		.ascii	"__dbg_check_lock\000"
 5237      675F6368 
 5237      65636B5F 
 5237      6C6F636B 
 5237      00
 5238 0342 00       		.ascii	"\000"
 5239 0343 02       		.ascii	"\002"
 5240 0344 00       		.ascii	"\000"
 5241 0345 00000000 		.ascii	"\000\000\000\000\000\000\000\000"
 5241      00000000 
 5242 034d E8020000 		.ascii	"\350\002\000\000"
 5243 0351 63685363 		.ascii	"chSchReadyI\000"
 5243      68526561 
 5243      64794900 
 5244 035d 00       		.ascii	"\000"
 5245 035e 02       		.ascii	"\002"
 5246 035f 00       		.ascii	"\000"
 5247 0360 00000000 		.ascii	"\000\000\000\000\000\000\000\000"
 5247      00000000 
 5248 0368 EC020000 		.ascii	"\354\002\000\000"
 5249 036c 63685363 		.ascii	"chSchRescheduleS\000"
ARM GAS  /tmp/ccYjAqA9.s 			page 220


 5249      68526573 
 5249      63686564 
 5249      756C6553 
 5249      00
 5250 037d 00       		.ascii	"\000"
 5251 037e 02       		.ascii	"\002"
 5252 037f 00       		.ascii	"\000"
 5253 0380 00000000 		.ascii	"\000\000\000\000\000\000\000\000"
 5253      00000000 
 5254 0388 EE020000 		.ascii	"\356\002\000\000"
 5255 038c 63685363 		.ascii	"chSchGoSleepS\000"
 5255      68476F53 
 5255      6C656570 
 5255      5300
 5256 039a 00       		.ascii	"\000"
 5257 039b 02       		.ascii	"\002"
 5258 039c 00       		.ascii	"\000"
 5259 039d 00000000 		.ascii	"\000\000\000\000\000\000\000\000"
 5259      00000000 
 5260 03a5 F2020000 		.ascii	"\362\002\000\000"
 5261 03a9 63685363 		.ascii	"chSchGoSleepTimeoutS\000"
 5261      68476F53 
 5261      6C656570 
 5261      54696D65 
 5261      6F757453 
 5262 03be 00       		.ascii	"\000"
 5263 03bf 02       		.ascii	"\002"
 5264 03c0 00       		.ascii	"\000"
 5265 03c1 00000000 		.ascii	"\000\000\000\000\000\000\000\000"
 5265      00000000 
 5266 03c9 F7020000 		.ascii	"\367\002\000\000"
 5267              		.text
 5268              		.section	.gnu.lto_.ext_symtab.20964d410ae452ff,"e",%progbits
 5269 0000 01       		.ascii	"\001"
 5270 0001 01       		.ascii	"\001"
 5271 0002 00       		.ascii	"\000"
 5272 0003 01       		.ascii	"\001"
 5273 0004 00       		.ascii	"\000"
 5274 0005 01       		.ascii	"\001"
 5275 0006 00       		.ascii	"\000"
 5276 0007 01       		.ascii	"\001"
 5277 0008 00       		.ascii	"\000"
 5278 0009 01       		.ascii	"\001"
 5279 000a 00       		.ascii	"\000"
 5280 000b 01       		.ascii	"\001"
 5281 000c 00       		.ascii	"\000"
 5282 000d 01       		.ascii	"\001"
 5283 000e 00       		.ascii	"\000"
 5284 000f 01       		.ascii	"\001"
 5285 0010 00       		.ascii	"\000"
 5286 0011 01       		.ascii	"\001"
 5287 0012 00       		.ascii	"\000"
 5288 0013 01       		.ascii	"\001"
 5289 0014 00       		.ascii	"\000"
 5290 0015 01       		.ascii	"\001"
 5291 0016 00       		.ascii	"\000"
 5292 0017 01       		.ascii	"\001"
ARM GAS  /tmp/ccYjAqA9.s 			page 221


 5293 0018 00       		.ascii	"\000"
 5294 0019 01       		.ascii	"\001"
 5295 001a 00       		.ascii	"\000"
 5296 001b 01       		.ascii	"\001"
 5297 001c 00       		.ascii	"\000"
 5298 001d 01       		.ascii	"\001"
 5299 001e 00       		.ascii	"\000"
 5300 001f 01       		.ascii	"\001"
 5301 0020 00       		.ascii	"\000"
 5302 0021 01       		.ascii	"\001"
 5303 0022 00       		.ascii	"\000"
 5304 0023 01       		.ascii	"\001"
 5305 0024 00       		.ascii	"\000"
 5306 0025 01       		.ascii	"\001"
 5307 0026 00       		.ascii	"\000"
 5308 0027 01       		.ascii	"\001"
 5309 0028 00       		.ascii	"\000"
 5310 0029 01       		.ascii	"\001"
 5311 002a 00       		.ascii	"\000"
 5312 002b 02       		.ascii	"\002"
 5313 002c 01       		.ascii	"\001"
 5314 002d 01       		.ascii	"\001"
 5315 002e 00       		.ascii	"\000"
 5316 002f 01       		.ascii	"\001"
 5317 0030 00       		.ascii	"\000"
 5318 0031 01       		.ascii	"\001"
 5319 0032 00       		.ascii	"\000"
 5320 0033 01       		.ascii	"\001"
 5321 0034 00       		.ascii	"\000"
 5322 0035 01       		.ascii	"\001"
 5323 0036 00       		.ascii	"\000"
 5324 0037 01       		.ascii	"\001"
 5325 0038 00       		.ascii	"\000"
 5326 0039 01       		.ascii	"\001"
 5327 003a 00       		.ascii	"\000"
 5328 003b 01       		.ascii	"\001"
 5329 003c 00       		.ascii	"\000"
 5330              		.text
 5331              		.section	.gnu.lto_.opts,"e",%progbits
 5332 0000 272D666E 		.ascii	"'-fno-openmp' '-fno-openacc' '-fno-pie' '-fcf-prote"
 5332      6F2D6F70 
 5332      656E6D70 
 5332      2720272D 
 5332      666E6F2D 
 5333 0033 6374696F 		.ascii	"ction=none' '-g' '-mcpu=cortex-m4' '-mthumb' '-mflo"
 5333      6E3D6E6F 
 5333      6E652720 
 5333      272D6727 
 5333      20272D6D 
 5334 0066 61742D61 		.ascii	"at-abi=soft' '-mlibarch=armv7e-m' '-march=armv7e-m'"
 5334      62693D73 
 5334      6F667427 
 5334      20272D6D 
 5334      6C696261 
 5335 0099 20272D4F 		.ascii	" '-O2' '-fomit-frame-pointer' '-falign-functions=16"
 5335      32272027 
 5335      2D666F6D 
ARM GAS  /tmp/ccYjAqA9.s 			page 222


 5335      69742D66 
 5335      72616D65 
 5336 00cc 2720272D 		.ascii	"' '-ffunction-sections' '-fdata-sections' '-fno-com"
 5336      6666756E 
 5336      6374696F 
 5336      6E2D7365 
 5336      6374696F 
 5337 00ff 6D6F6E27 		.ascii	"mon' '-flto' '-Xassembler' '-alms=./build/lst/cheve"
 5337      20272D66 
 5337      6C746F27 
 5337      20272D58 
 5337      61737365 
 5338 0132 6E74732E 		.ascii	"nts.lst'\000"
 5338      6C737427 
 5338      00
 5339              		.text
 5340              		.comm	__gnu_lto_slim,1,1
 5341              		.ident	"GCC: (Arm GNU Toolchain 11.3.Rel1) 11.3.1 20220712"
ARM GAS  /tmp/ccYjAqA9.s 			page 223


DEFINED SYMBOLS
                            *ABS*:0000000000000000 chevents.c
     /tmp/ccYjAqA9.s:37     .gnu.debuglto_.debug_info:0000000000000000 chevents.c.209389b0
                            *COM*:0000000000000001 __gnu_lto_slim

NO UNDEFINED SYMBOLS
