ARM GAS  /tmp/ccR3beyD.s 			page 1


   1              		.cpu cortex-m4
   2              		.arch armv7e-m
   3              		.fpu softvfp
   4              		.eabi_attribute 20, 1
   5              		.eabi_attribute 21, 1
   6              		.eabi_attribute 23, 3
   7              		.eabi_attribute 24, 1
   8              		.eabi_attribute 25, 1
   9              		.eabi_attribute 26, 1
  10              		.eabi_attribute 30, 2
  11              		.eabi_attribute 34, 1
  12              		.eabi_attribute 18, 4
  13              		.file	"chmboxes.c"
  14              		.file 1 "/home/rob/Projects/ChibiStudio/ChibiStudio_23/tools/GNU Tools ARM Embedded/11.3.1 2022q3/
  15              		.file 2 "/home/rob/Projects/ChibiStudio/ChibiStudio_23/tools/GNU Tools ARM Embedded/11.3.1 2022q3/
  16              		.file 3 "/home/rob/Projects/ChibiStudio/ChibiStudio_23/tools/GNU Tools ARM Embedded/11.3.1 2022q3/
  17              		.file 4 "../../chibios_trunk/os/common/ports/ARM-common/chtypes.h"
  18              		.file 5 "../../chibios_trunk/os/rt/include/chearly.h"
  19              		.file 6 "../../chibios_trunk/os/rt/include/chobjects.h"
  20              		.file 7 "../../chibios_trunk/os/rt/include/chrfcu.h"
  21              		.file 8 "../../chibios_trunk/os/rt/include/chdebug.h"
  22              		.file 9 "../../chibios_trunk/os/rt/include/chtime.h"
  23              		.file 10 "../../chibios_trunk/os/rt/include/chlists.h"
  24              		.file 11 "../../chibios_trunk/os/rt/include/chtrace.h"
  25              		.file 12 "../../chibios_trunk/os/common/ports/ARMv7-M/chcore.h"
  26              		.file 13 "../../chibios_trunk/os/rt/include/chsem.h"
  27              		.file 14 "../../chibios_trunk/os/rt/include/chmtx.h"
  28              		.file 15 "../../chibios_trunk/os/oslib/include/chmboxes.h"
  29              		.file 16 "../../chibios_trunk/os/rt/include/chthreads.h"
  30              		.file 17 "../../chibios_trunk/os/rt/include/chschd.h"
  31              		.file 18 "../../chibios_trunk/os/oslib/src/chmboxes.c"
  32              		.file 19 "../../chibios_trunk/os/rt/include/chsys.h"
  33              		.file 20 "../../chibios_trunk/os/common/ext/ARM/CMSIS/Core/Include/cmsis_gcc.h"
  34              		.section	.gnu.debuglto_.debug_info,"e",%progbits
  35              	.Ldebug_info0:
  36              		.hidden	chmboxes.c.9b6b473a
  37              		.weak	chmboxes.c.9b6b473a
  38              	chmboxes.c.9b6b473a:
  39 0000 050E0000 		.4byte	0xe05
  40 0004 0500     		.2byte	0x5
  41 0006 01       		.byte	0x1
  42 0007 04       		.byte	0x4
  43 0008 00000000 		.4byte	.Ldebug_abbrev0
  44 000c 24       		.uleb128 0x24
  45 000d AF020000 		.4byte	.LASF163
  46 0011 1D       		.byte	0x1d
  47 0012 F1070000 		.4byte	.LASF164
  48 0016 14070000 		.4byte	.LASF165
  49 001a 00000000 		.4byte	.Ldebug_line0
  50 001e 25       		.uleb128 0x25
  51 001f 04       		.byte	0x4
  52 0020 05       		.byte	0x5
  53 0021 696E7400 		.ascii	"int\000"
  54 0025 02       		.uleb128 0x2
  55 0026 0D000000 		.4byte	.LASF4
  56 002a 01       		.byte	0x1
  57 002b D1       		.byte	0xd1
ARM GAS  /tmp/ccR3beyD.s 			page 2


  58 002c 17       		.byte	0x17
  59 002d 31000000 		.4byte	0x31
  60 0031 07       		.uleb128 0x7
  61 0032 04       		.byte	0x4
  62 0033 07       		.byte	0x7
  63 0034 55020000 		.4byte	.LASF0
  64 0038 07       		.uleb128 0x7
  65 0039 08       		.byte	0x8
  66 003a 05       		.byte	0x5
  67 003b 0B010000 		.4byte	.LASF1
  68 003f 07       		.uleb128 0x7
  69 0040 08       		.byte	0x8
  70 0041 04       		.byte	0x4
  71 0042 80040000 		.4byte	.LASF2
  72 0046 07       		.uleb128 0x7
  73 0047 01       		.byte	0x1
  74 0048 06       		.byte	0x6
  75 0049 19010000 		.4byte	.LASF3
  76 004d 02       		.uleb128 0x2
  77 004e 4B000000 		.4byte	.LASF5
  78 0052 02       		.byte	0x2
  79 0053 2B       		.byte	0x2b
  80 0054 18       		.byte	0x18
  81 0055 59000000 		.4byte	0x59
  82 0059 07       		.uleb128 0x7
  83 005a 01       		.byte	0x1
  84 005b 08       		.byte	0x8
  85 005c 4C050000 		.4byte	.LASF6
  86 0060 07       		.uleb128 0x7
  87 0061 02       		.byte	0x2
  88 0062 05       		.byte	0x5
  89 0063 73050000 		.4byte	.LASF7
  90 0067 02       		.uleb128 0x2
  91 0068 59060000 		.4byte	.LASF8
  92 006c 02       		.byte	0x2
  93 006d 39       		.byte	0x39
  94 006e 19       		.byte	0x19
  95 006f 73000000 		.4byte	0x73
  96 0073 07       		.uleb128 0x7
  97 0074 02       		.byte	0x2
  98 0075 07       		.byte	0x7
  99 0076 6F030000 		.4byte	.LASF9
 100 007a 02       		.uleb128 0x2
 101 007b 00040000 		.4byte	.LASF10
 102 007f 02       		.byte	0x2
 103 0080 4D       		.byte	0x4d
 104 0081 18       		.byte	0x18
 105 0082 86000000 		.4byte	0x86
 106 0086 07       		.uleb128 0x7
 107 0087 04       		.byte	0x4
 108 0088 05       		.byte	0x5
 109 0089 75010000 		.4byte	.LASF11
 110 008d 02       		.uleb128 0x2
 111 008e F8010000 		.4byte	.LASF12
 112 0092 02       		.byte	0x2
 113 0093 4F       		.byte	0x4f
 114 0094 19       		.byte	0x19
ARM GAS  /tmp/ccR3beyD.s 			page 3


 115 0095 99000000 		.4byte	0x99
 116 0099 07       		.uleb128 0x7
 117 009a 04       		.byte	0x4
 118 009b 07       		.byte	0x7
 119 009c 34060000 		.4byte	.LASF13
 120 00a0 02       		.uleb128 0x2
 121 00a1 ED040000 		.4byte	.LASF14
 122 00a5 02       		.byte	0x2
 123 00a6 69       		.byte	0x69
 124 00a7 19       		.byte	0x19
 125 00a8 AC000000 		.4byte	0xac
 126 00ac 07       		.uleb128 0x7
 127 00ad 08       		.byte	0x8
 128 00ae 07       		.byte	0x7
 129 00af AC000000 		.4byte	.LASF15
 130 00b3 02       		.uleb128 0x2
 131 00b4 B3070000 		.4byte	.LASF16
 132 00b8 03       		.byte	0x3
 133 00b9 18       		.byte	0x18
 134 00ba 13       		.byte	0x13
 135 00bb 4D000000 		.4byte	0x4d
 136 00bf 02       		.uleb128 0x2
 137 00c0 98010000 		.4byte	.LASF17
 138 00c4 03       		.byte	0x3
 139 00c5 24       		.byte	0x24
 140 00c6 14       		.byte	0x14
 141 00c7 67000000 		.4byte	0x67
 142 00cb 02       		.uleb128 0x2
 143 00cc 44050000 		.4byte	.LASF18
 144 00d0 03       		.byte	0x3
 145 00d1 2C       		.byte	0x2c
 146 00d2 13       		.byte	0x13
 147 00d3 7A000000 		.4byte	0x7a
 148 00d7 02       		.uleb128 0x2
 149 00d8 0E060000 		.4byte	.LASF19
 150 00dc 03       		.byte	0x3
 151 00dd 30       		.byte	0x30
 152 00de 14       		.byte	0x14
 153 00df 8D000000 		.4byte	0x8d
 154 00e3 02       		.uleb128 0x2
 155 00e4 26000000 		.4byte	.LASF20
 156 00e8 03       		.byte	0x3
 157 00e9 3C       		.byte	0x3c
 158 00ea 14       		.byte	0x14
 159 00eb A0000000 		.4byte	0xa0
 160 00ef 20       		.uleb128 0x20
 161 00f0 E3000000 		.4byte	0xe3
 162 00f4 02       		.uleb128 0x2
 163 00f5 1E060000 		.4byte	.LASF21
 164 00f9 04       		.byte	0x4
 165 00fa 48       		.byte	0x48
 166 00fb 1D       		.byte	0x1d
 167 00fc E3000000 		.4byte	0xe3
 168 0100 02       		.uleb128 0x2
 169 0101 0F040000 		.4byte	.LASF22
 170 0105 05       		.byte	0x5
 171 0106 50       		.byte	0x50
ARM GAS  /tmp/ccR3beyD.s 			page 4


 172 0107 19       		.byte	0x19
 173 0108 F4000000 		.4byte	0xf4
 174 010c 02       		.uleb128 0x2
 175 010d A1050000 		.4byte	.LASF23
 176 0111 05       		.byte	0x5
 177 0112 53       		.byte	0x53
 178 0113 19       		.byte	0x19
 179 0114 B3000000 		.4byte	0xb3
 180 0118 02       		.uleb128 0x2
 181 0119 7E010000 		.4byte	.LASF24
 182 011d 05       		.byte	0x5
 183 011e 54       		.byte	0x54
 184 011f 19       		.byte	0x19
 185 0120 B3000000 		.4byte	0xb3
 186 0124 02       		.uleb128 0x2
 187 0125 13050000 		.4byte	.LASF25
 188 0129 05       		.byte	0x5
 189 012a 55       		.byte	0x55
 190 012b 19       		.byte	0x19
 191 012c B3000000 		.4byte	0xb3
 192 0130 02       		.uleb128 0x2
 193 0131 20050000 		.4byte	.LASF26
 194 0135 05       		.byte	0x5
 195 0136 57       		.byte	0x57
 196 0137 19       		.byte	0x19
 197 0138 D7000000 		.4byte	0xd7
 198 013c 02       		.uleb128 0x2
 199 013d AD030000 		.4byte	.LASF27
 200 0141 05       		.byte	0x5
 201 0142 58       		.byte	0x58
 202 0143 19       		.byte	0x19
 203 0144 CB000000 		.4byte	0xcb
 204 0148 02       		.uleb128 0x2
 205 0149 F4030000 		.4byte	.LASF28
 206 014d 05       		.byte	0x5
 207 014e 5A       		.byte	0x5a
 208 014f 19       		.byte	0x19
 209 0150 D7000000 		.4byte	0xd7
 210 0154 02       		.uleb128 0x2
 211 0155 46020000 		.4byte	.LASF29
 212 0159 05       		.byte	0x5
 213 015a 5C       		.byte	0x5c
 214 015b 19       		.byte	0x19
 215 015c CB000000 		.4byte	0xcb
 216 0160 02       		.uleb128 0x2
 217 0161 09050000 		.4byte	.LASF30
 218 0165 05       		.byte	0x5
 219 0166 80       		.byte	0x80
 220 0167 12       		.byte	0x12
 221 0168 31000000 		.4byte	0x31
 222 016c 02       		.uleb128 0x2
 223 016d 64060000 		.4byte	.LASF31
 224 0171 05       		.byte	0x5
 225 0172 85       		.byte	0x85
 226 0173 1A       		.byte	0x1a
 227 0174 78010000 		.4byte	0x178
 228 0178 08       		.uleb128 0x8
ARM GAS  /tmp/ccR3beyD.s 			page 5


 229 0179 82030000 		.4byte	.LASF47
 230 017d 4C       		.byte	0x4c
 231 017e 06       		.byte	0x6
 232 017f 9C       		.byte	0x9c
 233 0180 08       		.byte	0x8
 234 0181 62020000 		.4byte	0x262
 235 0185 05       		.uleb128 0x5
 236 0186 68647200 		.ascii	"hdr\000"
 237 018a 06       		.byte	0x6
 238 018b AD       		.byte	0xad
 239 018c 05       		.byte	0x5
 240 018d 59070000 		.4byte	0x759
 241 0191 00       		.byte	0
 242 0192 05       		.uleb128 0x5
 243 0193 63747800 		.ascii	"ctx\000"
 244 0197 06       		.byte	0x6
 245 0198 B1       		.byte	0xb1
 246 0199 21       		.byte	0x21
 247 019a 9D060000 		.4byte	0x69d
 248 019e 0C       		.byte	0xc
 249 019f 01       		.uleb128 0x1
 250 01a0 82020000 		.4byte	.LASF32
 251 01a4 06       		.byte	0x6
 252 01a5 B6       		.byte	0xb6
 253 01a6 21       		.byte	0x21
 254 01a7 C2030000 		.4byte	0x3c2
 255 01ab 10       		.byte	0x10
 256 01ac 01       		.uleb128 0x1
 257 01ad 2E060000 		.4byte	.LASF33
 258 01b1 06       		.byte	0x6
 259 01b2 BB       		.byte	0xbb
 260 01b3 22       		.byte	0x22
 261 01b4 5B080000 		.4byte	0x85b
 262 01b8 18       		.byte	0x18
 263 01b9 01       		.uleb128 0x1
 264 01ba 9C020000 		.4byte	.LASF34
 265 01be 06       		.byte	0x6
 266 01bf C0       		.byte	0xc0
 267 01c0 22       		.byte	0x22
 268 01c1 5C030000 		.4byte	0x35c
 269 01c5 1C       		.byte	0x1c
 270 01c6 01       		.uleb128 0x1
 271 01c7 46060000 		.4byte	.LASF35
 272 01cb 06       		.byte	0x6
 273 01cc C9       		.byte	0xc9
 274 01cd 22       		.byte	0x22
 275 01ce 60080000 		.4byte	0x860
 276 01d2 20       		.byte	0x20
 277 01d3 01       		.uleb128 0x1
 278 01d4 03020000 		.4byte	.LASF36
 279 01d8 06       		.byte	0x6
 280 01d9 CE       		.byte	0xce
 281 01da 22       		.byte	0x22
 282 01db 60080000 		.4byte	0x860
 283 01df 24       		.byte	0x24
 284 01e0 01       		.uleb128 0x1
 285 01e1 6F010000 		.4byte	.LASF37
ARM GAS  /tmp/ccR3beyD.s 			page 6


 286 01e5 06       		.byte	0x6
 287 01e6 D3       		.byte	0xd3
 288 01e7 21       		.byte	0x21
 289 01e8 18010000 		.4byte	0x118
 290 01ec 28       		.byte	0x28
 291 01ed 01       		.uleb128 0x1
 292 01ee CB070000 		.4byte	.LASF38
 293 01f2 06       		.byte	0x6
 294 01f3 D7       		.byte	0xd7
 295 01f4 21       		.byte	0x21
 296 01f5 0C010000 		.4byte	0x10c
 297 01f9 29       		.byte	0x29
 298 01fa 01       		.uleb128 0x1
 299 01fb 06010000 		.4byte	.LASF39
 300 01ff 06       		.byte	0x6
 301 0200 DC       		.byte	0xdc
 302 0201 21       		.byte	0x21
 303 0202 24010000 		.4byte	0x124
 304 0206 2A       		.byte	0x2a
 305 0207 09       		.uleb128 0x9
 306 0208 7500     		.ascii	"u\000"
 307 020a 06       		.byte	0x6
 308 020b 2D01     		.2byte	0x12d
 309 020d 21       		.byte	0x21
 310 020e 86070000 		.4byte	0x786
 311 0212 2C       		.byte	0x2c
 312 0213 03       		.uleb128 0x3
 313 0214 0F020000 		.4byte	.LASF40
 314 0218 3201     		.2byte	0x132
 315 021a 21       		.byte	0x21
 316 021b 96030000 		.4byte	0x396
 317 021f 30       		.byte	0x30
 318 0220 03       		.uleb128 0x3
 319 0221 4C020000 		.4byte	.LASF41
 320 0225 3801     		.2byte	0x138
 321 0227 21       		.byte	0x21
 322 0228 C2030000 		.4byte	0x3c2
 323 022c 34       		.byte	0x34
 324 022d 03       		.uleb128 0x3
 325 022e B3030000 		.4byte	.LASF42
 326 0232 3E01     		.2byte	0x13e
 327 0234 21       		.byte	0x21
 328 0235 48010000 		.4byte	0x148
 329 0239 3C       		.byte	0x3c
 330 023a 03       		.uleb128 0x3
 331 023b 3B080000 		.4byte	.LASF43
 332 023f 4501     		.2byte	0x145
 333 0241 22       		.byte	0x22
 334 0242 56080000 		.4byte	0x856
 335 0246 40       		.byte	0x40
 336 0247 03       		.uleb128 0x3
 337 0248 41040000 		.4byte	.LASF44
 338 024c 4901     		.2byte	0x149
 339 024e 21       		.byte	0x21
 340 024f 30010000 		.4byte	0x130
 341 0253 44       		.byte	0x44
 342 0254 03       		.uleb128 0x3
ARM GAS  /tmp/ccR3beyD.s 			page 7


 343 0255 67070000 		.4byte	.LASF45
 344 0259 5001     		.2byte	0x150
 345 025b 22       		.byte	0x22
 346 025c B0040000 		.4byte	0x4b0
 347 0260 48       		.byte	0x48
 348 0261 00       		.byte	0
 349 0262 02       		.uleb128 0x2
 350 0263 DD060000 		.4byte	.LASF46
 351 0267 05       		.byte	0x5
 352 0268 8A       		.byte	0x8a
 353 0269 1F       		.byte	0x1f
 354 026a 6E020000 		.4byte	0x26e
 355 026e 26       		.uleb128 0x26
 356 026f C0060000 		.4byte	.LASF48
 357 0273 A008     		.2byte	0x8a0
 358 0275 06       		.byte	0x6
 359 0276 8F01     		.2byte	0x18f
 360 0278 08       		.byte	0x8
 361 0279 F4020000 		.4byte	0x2f4
 362 027d 03       		.uleb128 0x3
 363 027e AD070000 		.4byte	.LASF49
 364 0282 9301     		.2byte	0x193
 365 0284 21       		.byte	0x21
 366 0285 8E080000 		.4byte	0x88e
 367 0289 00       		.byte	0
 368 028a 03       		.uleb128 0x3
 369 028b 55010000 		.4byte	.LASF50
 370 028f 9701     		.2byte	0x197
 371 0291 21       		.byte	0x21
 372 0292 F3060000 		.4byte	0x6f3
 373 0296 10       		.byte	0x10
 374 0297 03       		.uleb128 0x3
 375 0298 EB060000 		.4byte	.LASF51
 376 029c 9E01     		.2byte	0x19e
 377 029e 21       		.byte	0x21
 378 029f 1A070000 		.4byte	0x71a
 379 02a3 28       		.byte	0x28
 380 02a4 03       		.uleb128 0x3
 381 02a5 A7020000 		.4byte	.LASF52
 382 02a9 A301     		.2byte	0x1a3
 383 02ab 21       		.byte	0x21
 384 02ac 60010000 		.4byte	0x160
 385 02b0 30       		.byte	0x30
 386 02b1 03       		.uleb128 0x3
 387 02b2 43080000 		.4byte	.LASF53
 388 02b6 A901     		.2byte	0x1a9
 389 02b8 21       		.byte	0x21
 390 02b9 1B030000 		.4byte	0x31b
 391 02bd 34       		.byte	0x34
 392 02be 03       		.uleb128 0x3
 393 02bf 52060000 		.4byte	.LASF54
 394 02c3 AE01     		.2byte	0x1ae
 395 02c5 22       		.byte	0x22
 396 02c6 F9080000 		.4byte	0x8f9
 397 02ca 38       		.byte	0x38
 398 02cb 03       		.uleb128 0x3
 399 02cc CC000000 		.4byte	.LASF55
ARM GAS  /tmp/ccR3beyD.s 			page 8


 400 02d0 B201     		.2byte	0x1b2
 401 02d2 21       		.byte	0x21
 402 02d3 6C010000 		.4byte	0x16c
 403 02d7 3C       		.byte	0x3c
 404 02d8 09       		.uleb128 0x9
 405 02d9 64626700 		.ascii	"dbg\000"
 406 02dd 06       		.byte	0x6
 407 02de B601     		.2byte	0x1b6
 408 02e0 21       		.byte	0x21
 409 02e1 72030000 		.4byte	0x372
 410 02e5 88       		.byte	0x88
 411 02e6 03       		.uleb128 0x3
 412 02e7 D8070000 		.4byte	.LASF56
 413 02eb BB01     		.2byte	0x1bb
 414 02ed 21       		.byte	0x21
 415 02ee 0B060000 		.4byte	0x60b
 416 02f2 94       		.byte	0x94
 417 02f3 00       		.byte	0
 418 02f4 02       		.uleb128 0x2
 419 02f5 4A040000 		.4byte	.LASF57
 420 02f9 07       		.byte	0x7
 421 02fa 3F       		.byte	0x3f
 422 02fb 12       		.byte	0x12
 423 02fc D7000000 		.4byte	0xd7
 424 0300 08       		.uleb128 0x8
 425 0301 87010000 		.4byte	.LASF58
 426 0305 04       		.byte	0x4
 427 0306 07       		.byte	0x7
 428 0307 44       		.byte	0x44
 429 0308 10       		.byte	0x10
 430 0309 1B030000 		.4byte	0x31b
 431 030d 01       		.uleb128 0x1
 432 030e 9B070000 		.4byte	.LASF59
 433 0312 07       		.byte	0x7
 434 0313 48       		.byte	0x48
 435 0314 21       		.byte	0x21
 436 0315 F4020000 		.4byte	0x2f4
 437 0319 00       		.byte	0
 438 031a 00       		.byte	0
 439 031b 02       		.uleb128 0x2
 440 031c 6C050000 		.4byte	.LASF60
 441 0320 07       		.byte	0x7
 442 0321 49       		.byte	0x49
 443 0322 03       		.byte	0x3
 444 0323 00030000 		.4byte	0x300
 445 0327 08       		.uleb128 0x8
 446 0328 2E050000 		.4byte	.LASF61
 447 032c 0C       		.byte	0xc
 448 032d 08       		.byte	0x8
 449 032e 3E       		.byte	0x3e
 450 032f 10       		.byte	0x10
 451 0330 5C030000 		.4byte	0x35c
 452 0334 01       		.uleb128 0x1
 453 0335 A5060000 		.4byte	.LASF62
 454 0339 08       		.byte	0x8
 455 033a 46       		.byte	0x46
 456 033b 24       		.byte	0x24
ARM GAS  /tmp/ccR3beyD.s 			page 9


 457 033c 61030000 		.4byte	0x361
 458 0340 00       		.byte	0
 459 0341 01       		.uleb128 0x1
 460 0342 A0070000 		.4byte	.LASF63
 461 0346 08       		.byte	0x8
 462 0347 4B       		.byte	0x4b
 463 0348 19       		.byte	0x19
 464 0349 54010000 		.4byte	0x154
 465 034d 04       		.byte	0x4
 466 034e 01       		.uleb128 0x1
 467 034f 2F020000 		.4byte	.LASF64
 468 0353 08       		.byte	0x8
 469 0354 4F       		.byte	0x4f
 470 0355 19       		.byte	0x19
 471 0356 54010000 		.4byte	0x154
 472 035a 08       		.byte	0x8
 473 035b 00       		.byte	0
 474 035c 04       		.uleb128 0x4
 475 035d 6D030000 		.4byte	0x36d
 476 0361 20       		.uleb128 0x20
 477 0362 5C030000 		.4byte	0x35c
 478 0366 07       		.uleb128 0x7
 479 0367 01       		.byte	0x1
 480 0368 08       		.byte	0x8
 481 0369 4D060000 		.4byte	.LASF65
 482 036d 0A       		.uleb128 0xa
 483 036e 66030000 		.4byte	0x366
 484 0372 02       		.uleb128 0x2
 485 0373 6B000000 		.4byte	.LASF66
 486 0377 08       		.byte	0x8
 487 0378 51       		.byte	0x51
 488 0379 03       		.byte	0x3
 489 037a 27030000 		.4byte	0x327
 490 037e 02       		.uleb128 0x2
 491 037f 73060000 		.4byte	.LASF67
 492 0383 09       		.byte	0x9
 493 0384 6D       		.byte	0x6d
 494 0385 12       		.byte	0x12
 495 0386 D7000000 		.4byte	0xd7
 496 038a 02       		.uleb128 0x2
 497 038b 38020000 		.4byte	.LASF68
 498 038f 09       		.byte	0x9
 499 0390 79       		.byte	0x79
 500 0391 12       		.byte	0x12
 501 0392 D7000000 		.4byte	0xd7
 502 0396 02       		.uleb128 0x2
 503 0397 9A040000 		.4byte	.LASF69
 504 039b 0A       		.byte	0xa
 505 039c 32       		.byte	0x32
 506 039d 18       		.byte	0x18
 507 039e A2030000 		.4byte	0x3a2
 508 03a2 08       		.uleb128 0x8
 509 03a3 DE030000 		.4byte	.LASF70
 510 03a7 04       		.byte	0x4
 511 03a8 0A       		.byte	0xa
 512 03a9 38       		.byte	0x38
 513 03aa 08       		.byte	0x8
ARM GAS  /tmp/ccR3beyD.s 			page 10


 514 03ab BD030000 		.4byte	0x3bd
 515 03af 01       		.uleb128 0x1
 516 03b0 14000000 		.4byte	.LASF71
 517 03b4 0A       		.byte	0xa
 518 03b5 39       		.byte	0x39
 519 03b6 1A       		.byte	0x1a
 520 03b7 BD030000 		.4byte	0x3bd
 521 03bb 00       		.byte	0
 522 03bc 00       		.byte	0
 523 03bd 04       		.uleb128 0x4
 524 03be 96030000 		.4byte	0x396
 525 03c2 02       		.uleb128 0x2
 526 03c3 89020000 		.4byte	.LASF72
 527 03c7 0A       		.byte	0xa
 528 03c8 3F       		.byte	0x3f
 529 03c9 19       		.byte	0x19
 530 03ca CE030000 		.4byte	0x3ce
 531 03ce 08       		.uleb128 0x8
 532 03cf 8F010000 		.4byte	.LASF73
 533 03d3 08       		.byte	0x8
 534 03d4 0A       		.byte	0xa
 535 03d5 45       		.byte	0x45
 536 03d6 08       		.byte	0x8
 537 03d7 F6030000 		.4byte	0x3f6
 538 03db 01       		.uleb128 0x1
 539 03dc 14000000 		.4byte	.LASF71
 540 03e0 0A       		.byte	0xa
 541 03e1 46       		.byte	0x46
 542 03e2 1A       		.byte	0x1a
 543 03e3 F6030000 		.4byte	0x3f6
 544 03e7 00       		.byte	0
 545 03e8 01       		.uleb128 0x1
 546 03e9 A8070000 		.4byte	.LASF74
 547 03ed 0A       		.byte	0xa
 548 03ee 47       		.byte	0x47
 549 03ef 1A       		.byte	0x1a
 550 03f0 F6030000 		.4byte	0x3f6
 551 03f4 04       		.byte	0x4
 552 03f5 00       		.byte	0
 553 03f6 04       		.uleb128 0x4
 554 03f7 C2030000 		.4byte	0x3c2
 555 03fb 02       		.uleb128 0x2
 556 03fc 7F000000 		.4byte	.LASF75
 557 0400 0A       		.byte	0xa
 558 0401 4E       		.byte	0x4e
 559 0402 22       		.byte	0x22
 560 0403 07040000 		.4byte	0x407
 561 0407 08       		.uleb128 0x8
 562 0408 F3060000 		.4byte	.LASF76
 563 040c 0C       		.byte	0xc
 564 040d 0A       		.byte	0xa
 565 040e 55       		.byte	0x55
 566 040f 08       		.byte	0x8
 567 0410 3C040000 		.4byte	0x43c
 568 0414 01       		.uleb128 0x1
 569 0415 14000000 		.4byte	.LASF71
 570 0419 0A       		.byte	0xa
ARM GAS  /tmp/ccR3beyD.s 			page 11


 571 041a 56       		.byte	0x56
 572 041b 1A       		.byte	0x1a
 573 041c 3C040000 		.4byte	0x43c
 574 0420 00       		.byte	0
 575 0421 01       		.uleb128 0x1
 576 0422 A8070000 		.4byte	.LASF74
 577 0426 0A       		.byte	0xa
 578 0427 57       		.byte	0x57
 579 0428 1A       		.byte	0x1a
 580 0429 3C040000 		.4byte	0x43c
 581 042d 04       		.byte	0x4
 582 042e 01       		.uleb128 0x1
 583 042f E0040000 		.4byte	.LASF77
 584 0433 0A       		.byte	0xa
 585 0434 58       		.byte	0x58
 586 0435 19       		.byte	0x19
 587 0436 30010000 		.4byte	0x130
 588 043a 08       		.byte	0x8
 589 043b 00       		.byte	0
 590 043c 04       		.uleb128 0x4
 591 043d FB030000 		.4byte	0x3fb
 592 0441 02       		.uleb128 0x2
 593 0442 A1010000 		.4byte	.LASF78
 594 0446 0A       		.byte	0xa
 595 0447 5F       		.byte	0x5f
 596 0448 1E       		.byte	0x1e
 597 0449 4D040000 		.4byte	0x44d
 598 044d 08       		.uleb128 0x8
 599 044e 35010000 		.4byte	.LASF79
 600 0452 0C       		.byte	0xc
 601 0453 0A       		.byte	0xa
 602 0454 64       		.byte	0x64
 603 0455 08       		.byte	0x8
 604 0456 82040000 		.4byte	0x482
 605 045a 01       		.uleb128 0x1
 606 045b 14000000 		.4byte	.LASF71
 607 045f 0A       		.byte	0xa
 608 0460 65       		.byte	0x65
 609 0461 1A       		.byte	0x1a
 610 0462 82040000 		.4byte	0x482
 611 0466 00       		.byte	0
 612 0467 01       		.uleb128 0x1
 613 0468 A8070000 		.4byte	.LASF74
 614 046c 0A       		.byte	0xa
 615 046d 66       		.byte	0x66
 616 046e 1A       		.byte	0x1a
 617 046f 82040000 		.4byte	0x482
 618 0473 04       		.byte	0x4
 619 0474 01       		.uleb128 0x1
 620 0475 19000000 		.4byte	.LASF80
 621 0479 0A       		.byte	0xa
 622 047a 67       		.byte	0x67
 623 047b 19       		.byte	0x19
 624 047c 8A030000 		.4byte	0x38a
 625 0480 08       		.byte	0x8
 626 0481 00       		.byte	0
 627 0482 04       		.uleb128 0x4
ARM GAS  /tmp/ccR3beyD.s 			page 12


 628 0483 41040000 		.4byte	0x441
 629 0487 11       		.uleb128 0x11
 630 0488 08       		.byte	0x8
 631 0489 0B       		.byte	0xb
 632 048a 83       		.byte	0x83
 633 048b 05       		.byte	0x5
 634 048c AB040000 		.4byte	0x4ab
 635 0490 05       		.uleb128 0x5
 636 0491 6E747000 		.ascii	"ntp\000"
 637 0495 0B       		.byte	0xb
 638 0496 87       		.byte	0x87
 639 0497 1E       		.byte	0x1e
 640 0498 AB040000 		.4byte	0x4ab
 641 049c 00       		.byte	0
 642 049d 01       		.uleb128 0x1
 643 049e D1070000 		.4byte	.LASF81
 644 04a2 0B       		.byte	0xb
 645 04a3 8B       		.byte	0x8b
 646 04a4 1E       		.byte	0x1e
 647 04a5 B0040000 		.4byte	0x4b0
 648 04a9 04       		.byte	0x4
 649 04aa 00       		.byte	0
 650 04ab 04       		.uleb128 0x4
 651 04ac 6C010000 		.4byte	0x16c
 652 04b0 27       		.uleb128 0x27
 653 04b1 04       		.byte	0x4
 654 04b2 11       		.uleb128 0x11
 655 04b3 08       		.byte	0x8
 656 04b4 0B       		.byte	0xb
 657 04b5 90       		.byte	0x90
 658 04b6 05       		.byte	0x5
 659 04b7 D5040000 		.4byte	0x4d5
 660 04bb 05       		.uleb128 0x5
 661 04bc 747000   		.ascii	"tp\000"
 662 04bf 0B       		.byte	0xb
 663 04c0 94       		.byte	0x94
 664 04c1 1E       		.byte	0x1e
 665 04c2 AB040000 		.4byte	0x4ab
 666 04c6 00       		.byte	0
 667 04c7 05       		.uleb128 0x5
 668 04c8 6D736700 		.ascii	"msg\000"
 669 04cc 0B       		.byte	0xb
 670 04cd 98       		.byte	0x98
 671 04ce 1D       		.byte	0x1d
 672 04cf 3C010000 		.4byte	0x13c
 673 04d3 04       		.byte	0x4
 674 04d4 00       		.byte	0
 675 04d5 11       		.uleb128 0x11
 676 04d6 04       		.byte	0x4
 677 04d7 0B       		.byte	0xb
 678 04d8 9D       		.byte	0x9d
 679 04d9 05       		.byte	0x5
 680 04da EC040000 		.4byte	0x4ec
 681 04de 01       		.uleb128 0x1
 682 04df 9C020000 		.4byte	.LASF34
 683 04e3 0B       		.byte	0xb
 684 04e4 A1       		.byte	0xa1
ARM GAS  /tmp/ccR3beyD.s 			page 13


 685 04e5 1E       		.byte	0x1e
 686 04e6 5C030000 		.4byte	0x35c
 687 04ea 00       		.byte	0
 688 04eb 00       		.byte	0
 689 04ec 11       		.uleb128 0x11
 690 04ed 04       		.byte	0x4
 691 04ee 0B       		.byte	0xb
 692 04ef A6       		.byte	0xa6
 693 04f0 05       		.byte	0x5
 694 04f1 03050000 		.4byte	0x503
 695 04f5 01       		.uleb128 0x1
 696 04f6 BC050000 		.4byte	.LASF82
 697 04fa 0B       		.byte	0xb
 698 04fb AA       		.byte	0xaa
 699 04fc 1E       		.byte	0x1e
 700 04fd 5C030000 		.4byte	0x35c
 701 0501 00       		.byte	0
 702 0502 00       		.byte	0
 703 0503 11       		.uleb128 0x11
 704 0504 08       		.byte	0x8
 705 0505 0B       		.byte	0xb
 706 0506 AF       		.byte	0xaf
 707 0507 05       		.byte	0x5
 708 0508 27050000 		.4byte	0x527
 709 050c 05       		.uleb128 0x5
 710 050d 75703100 		.ascii	"up1\000"
 711 0511 0B       		.byte	0xb
 712 0512 B3       		.byte	0xb3
 713 0513 1E       		.byte	0x1e
 714 0514 B0040000 		.4byte	0x4b0
 715 0518 00       		.byte	0
 716 0519 05       		.uleb128 0x5
 717 051a 75703200 		.ascii	"up2\000"
 718 051e 0B       		.byte	0xb
 719 051f B7       		.byte	0xb7
 720 0520 1E       		.byte	0x1e
 721 0521 B0040000 		.4byte	0x4b0
 722 0525 04       		.byte	0x4
 723 0526 00       		.byte	0
 724 0527 18       		.uleb128 0x18
 725 0528 08       		.byte	0x8
 726 0529 0B       		.byte	0xb
 727 052a 7F       		.byte	0x7f
 728 052b 65050000 		.4byte	0x565
 729 052f 19       		.uleb128 0x19
 730 0530 737700   		.ascii	"sw\000"
 731 0533 8C       		.byte	0x8c
 732 0534 87040000 		.4byte	0x487
 733 0538 19       		.uleb128 0x19
 734 0539 72647900 		.ascii	"rdy\000"
 735 053d 99       		.byte	0x99
 736 053e B2040000 		.4byte	0x4b2
 737 0542 19       		.uleb128 0x19
 738 0543 69737200 		.ascii	"isr\000"
 739 0547 A2       		.byte	0xa2
 740 0548 D5040000 		.4byte	0x4d5
 741 054c 12       		.uleb128 0x12
ARM GAS  /tmp/ccR3beyD.s 			page 14


 742 054d 86050000 		.4byte	.LASF83
 743 0551 0B       		.byte	0xb
 744 0552 AB       		.byte	0xab
 745 0553 07       		.byte	0x7
 746 0554 EC040000 		.4byte	0x4ec
 747 0558 12       		.uleb128 0x12
 748 0559 1B050000 		.4byte	.LASF84
 749 055d 0B       		.byte	0xb
 750 055e B8       		.byte	0xb8
 751 055f 07       		.byte	0x7
 752 0560 03050000 		.4byte	0x503
 753 0564 00       		.byte	0
 754 0565 11       		.uleb128 0x11
 755 0566 10       		.byte	0x10
 756 0567 0B       		.byte	0xb
 757 0568 6C       		.byte	0x6c
 758 0569 09       		.byte	0x9
 759 056a AB050000 		.4byte	0x5ab
 760 056e 1A       		.uleb128 0x1a
 761 056f 7A000000 		.4byte	.LASF85
 762 0573 70       		.byte	0x70
 763 0574 D7000000 		.4byte	0xd7
 764 0578 03       		.byte	0x3
 765 0579 00       		.byte	0
 766 057a 1A       		.uleb128 0x1a
 767 057b 6F010000 		.4byte	.LASF37
 768 057f 74       		.byte	0x74
 769 0580 D7000000 		.4byte	0xd7
 770 0584 05       		.byte	0x5
 771 0585 03       		.byte	0x3
 772 0586 1A       		.uleb128 0x1a
 773 0587 1A040000 		.4byte	.LASF86
 774 058b 7A       		.byte	0x7a
 775 058c D7000000 		.4byte	0xd7
 776 0590 18       		.byte	0x18
 777 0591 08       		.byte	0x8
 778 0592 01       		.uleb128 0x1
 779 0593 DB040000 		.4byte	.LASF87
 780 0597 0B       		.byte	0xb
 781 0598 7E       		.byte	0x7e
 782 0599 19       		.byte	0x19
 783 059a 7E030000 		.4byte	0x37e
 784 059e 04       		.byte	0x4
 785 059f 05       		.uleb128 0x5
 786 05a0 7500     		.ascii	"u\000"
 787 05a2 0B       		.byte	0xb
 788 05a3 B9       		.byte	0xb9
 789 05a4 05       		.byte	0x5
 790 05a5 27050000 		.4byte	0x527
 791 05a9 08       		.byte	0x8
 792 05aa 00       		.byte	0
 793 05ab 02       		.uleb128 0x2
 794 05ac CF060000 		.4byte	.LASF88
 795 05b0 0B       		.byte	0xb
 796 05b1 BA       		.byte	0xba
 797 05b2 03       		.byte	0x3
 798 05b3 65050000 		.4byte	0x565
ARM GAS  /tmp/ccR3beyD.s 			page 15


 799 05b7 28       		.uleb128 0x28
 800 05b8 0808     		.2byte	0x808
 801 05ba 0B       		.byte	0xb
 802 05bb C0       		.byte	0xc0
 803 05bc 09       		.byte	0x9
 804 05bd F6050000 		.4byte	0x5f6
 805 05c1 01       		.uleb128 0x1
 806 05c2 AE040000 		.4byte	.LASF89
 807 05c6 0B       		.byte	0xb
 808 05c7 C4       		.byte	0xc4
 809 05c8 19       		.byte	0x19
 810 05c9 BF000000 		.4byte	0xbf
 811 05cd 00       		.byte	0
 812 05ce 01       		.uleb128 0x1
 813 05cf 6A030000 		.4byte	.LASF90
 814 05d3 0B       		.byte	0xb
 815 05d4 C8       		.byte	0xc8
 816 05d5 19       		.byte	0x19
 817 05d6 BF000000 		.4byte	0xbf
 818 05da 02       		.byte	0x2
 819 05db 05       		.uleb128 0x5
 820 05dc 70747200 		.ascii	"ptr\000"
 821 05e0 0B       		.byte	0xb
 822 05e1 CC       		.byte	0xcc
 823 05e2 1A       		.byte	0x1a
 824 05e3 F6050000 		.4byte	0x5f6
 825 05e7 04       		.byte	0x4
 826 05e8 01       		.uleb128 0x1
 827 05e9 7D060000 		.4byte	.LASF91
 828 05ed 0B       		.byte	0xb
 829 05ee D0       		.byte	0xd0
 830 05ef 19       		.byte	0x19
 831 05f0 FB050000 		.4byte	0x5fb
 832 05f4 08       		.byte	0x8
 833 05f5 00       		.byte	0
 834 05f6 04       		.uleb128 0x4
 835 05f7 AB050000 		.4byte	0x5ab
 836 05fb 0D       		.uleb128 0xd
 837 05fc AB050000 		.4byte	0x5ab
 838 0600 0B060000 		.4byte	0x60b
 839 0604 0E       		.uleb128 0xe
 840 0605 31000000 		.4byte	0x31
 841 0609 7F       		.byte	0x7f
 842 060a 00       		.byte	0
 843 060b 02       		.uleb128 0x2
 844 060c 8B050000 		.4byte	.LASF92
 845 0610 0B       		.byte	0xb
 846 0611 D1       		.byte	0xd1
 847 0612 03       		.byte	0x3
 848 0613 B7050000 		.4byte	0x5b7
 849 0617 16       		.uleb128 0x16
 850 0618 5F000000 		.4byte	.LASF93
 851 061c 24       		.byte	0x24
 852 061d 0C       		.byte	0xc
 853 061e BB01     		.2byte	0x1bb
 854 0620 08       		.byte	0x8
 855 0621 9D060000 		.4byte	0x69d
ARM GAS  /tmp/ccR3beyD.s 			page 16


 856 0625 09       		.uleb128 0x9
 857 0626 723400   		.ascii	"r4\000"
 858 0629 0C       		.byte	0xc
 859 062a CE01     		.2byte	0x1ce
 860 062c 11       		.byte	0x11
 861 062d D7000000 		.4byte	0xd7
 862 0631 00       		.byte	0
 863 0632 09       		.uleb128 0x9
 864 0633 723500   		.ascii	"r5\000"
 865 0636 0C       		.byte	0xc
 866 0637 CF01     		.2byte	0x1cf
 867 0639 11       		.byte	0x11
 868 063a D7000000 		.4byte	0xd7
 869 063e 04       		.byte	0x4
 870 063f 09       		.uleb128 0x9
 871 0640 723600   		.ascii	"r6\000"
 872 0643 0C       		.byte	0xc
 873 0644 D001     		.2byte	0x1d0
 874 0646 11       		.byte	0x11
 875 0647 D7000000 		.4byte	0xd7
 876 064b 08       		.byte	0x8
 877 064c 09       		.uleb128 0x9
 878 064d 723700   		.ascii	"r7\000"
 879 0650 0C       		.byte	0xc
 880 0651 D101     		.2byte	0x1d1
 881 0653 11       		.byte	0x11
 882 0654 D7000000 		.4byte	0xd7
 883 0658 0C       		.byte	0xc
 884 0659 09       		.uleb128 0x9
 885 065a 723800   		.ascii	"r8\000"
 886 065d 0C       		.byte	0xc
 887 065e D201     		.2byte	0x1d2
 888 0660 11       		.byte	0x11
 889 0661 D7000000 		.4byte	0xd7
 890 0665 10       		.byte	0x10
 891 0666 09       		.uleb128 0x9
 892 0667 723900   		.ascii	"r9\000"
 893 066a 0C       		.byte	0xc
 894 066b D301     		.2byte	0x1d3
 895 066d 11       		.byte	0x11
 896 066e D7000000 		.4byte	0xd7
 897 0672 14       		.byte	0x14
 898 0673 09       		.uleb128 0x9
 899 0674 72313000 		.ascii	"r10\000"
 900 0678 0C       		.byte	0xc
 901 0679 D401     		.2byte	0x1d4
 902 067b 11       		.byte	0x11
 903 067c D7000000 		.4byte	0xd7
 904 0680 18       		.byte	0x18
 905 0681 09       		.uleb128 0x9
 906 0682 72313100 		.ascii	"r11\000"
 907 0686 0C       		.byte	0xc
 908 0687 D501     		.2byte	0x1d5
 909 0689 11       		.byte	0x11
 910 068a D7000000 		.4byte	0xd7
 911 068e 1C       		.byte	0x1c
 912 068f 09       		.uleb128 0x9
ARM GAS  /tmp/ccR3beyD.s 			page 17


 913 0690 6C7200   		.ascii	"lr\000"
 914 0693 0C       		.byte	0xc
 915 0694 D601     		.2byte	0x1d6
 916 0696 11       		.byte	0x11
 917 0697 D7000000 		.4byte	0xd7
 918 069b 20       		.byte	0x20
 919 069c 00       		.byte	0
 920 069d 16       		.uleb128 0x16
 921 069e CE040000 		.4byte	.LASF94
 922 06a2 04       		.byte	0x4
 923 06a3 0C       		.byte	0xc
 924 06a4 DF01     		.2byte	0x1df
 925 06a6 08       		.byte	0x8
 926 06a7 B9060000 		.4byte	0x6b9
 927 06ab 09       		.uleb128 0x9
 928 06ac 737000   		.ascii	"sp\000"
 929 06af 0C       		.byte	0xc
 930 06b0 E001     		.2byte	0x1e0
 931 06b2 1A       		.byte	0x1a
 932 06b3 B9060000 		.4byte	0x6b9
 933 06b7 00       		.byte	0
 934 06b8 00       		.byte	0
 935 06b9 04       		.uleb128 0x4
 936 06ba 17060000 		.4byte	0x617
 937 06be 08       		.uleb128 0x8
 938 06bf 69040000 		.4byte	.LASF95
 939 06c3 18       		.byte	0x18
 940 06c4 06       		.byte	0x6
 941 06c5 64       		.byte	0x64
 942 06c6 10       		.byte	0x10
 943 06c7 F3060000 		.4byte	0x6f3
 944 06cb 01       		.uleb128 0x1
 945 06cc 6D060000 		.4byte	.LASF96
 946 06d0 06       		.byte	0x6
 947 06d1 68       		.byte	0x68
 948 06d2 21       		.byte	0x21
 949 06d3 41040000 		.4byte	0x441
 950 06d7 00       		.byte	0
 951 06d8 01       		.uleb128 0x1
 952 06d9 7D050000 		.4byte	.LASF97
 953 06dd 06       		.byte	0x6
 954 06de 73       		.byte	0x73
 955 06df 21       		.byte	0x21
 956 06e0 7E030000 		.4byte	0x37e
 957 06e4 0C       		.byte	0xc
 958 06e5 01       		.uleb128 0x1
 959 06e6 22040000 		.4byte	.LASF98
 960 06ea 06       		.byte	0x6
 961 06eb 79       		.byte	0x79
 962 06ec 21       		.byte	0x21
 963 06ed EF000000 		.4byte	0xef
 964 06f1 10       		.byte	0x10
 965 06f2 00       		.byte	0
 966 06f3 02       		.uleb128 0x2
 967 06f4 DF000000 		.4byte	.LASF99
 968 06f8 06       		.byte	0x6
 969 06f9 7B       		.byte	0x7b
ARM GAS  /tmp/ccR3beyD.s 			page 18


 970 06fa 03       		.byte	0x3
 971 06fb BE060000 		.4byte	0x6be
 972 06ff 08       		.uleb128 0x8
 973 0700 C9010000 		.4byte	.LASF100
 974 0704 08       		.byte	0x8
 975 0705 06       		.byte	0x6
 976 0706 80       		.byte	0x80
 977 0707 10       		.byte	0x10
 978 0708 1A070000 		.4byte	0x71a
 979 070c 01       		.uleb128 0x1
 980 070d A1020000 		.4byte	.LASF101
 981 0711 06       		.byte	0x6
 982 0712 84       		.byte	0x84
 983 0713 21       		.byte	0x21
 984 0714 C2030000 		.4byte	0x3c2
 985 0718 00       		.byte	0
 986 0719 00       		.byte	0
 987 071a 02       		.uleb128 0x2
 988 071b F2050000 		.4byte	.LASF102
 989 071f 06       		.byte	0x6
 990 0720 85       		.byte	0x85
 991 0721 03       		.byte	0x3
 992 0722 FF060000 		.4byte	0x6ff
 993 0726 02       		.uleb128 0x2
 994 0727 56040000 		.4byte	.LASF103
 995 072b 06       		.byte	0x6
 996 072c 8A       		.byte	0x8a
 997 072d 14       		.byte	0x14
 998 072e AB040000 		.4byte	0x4ab
 999 0732 08       		.uleb128 0x8
 1000 0733 F5000000 		.4byte	.LASF104
 1001 0737 08       		.byte	0x8
 1002 0738 06       		.byte	0x6
 1003 0739 8F       		.byte	0x8f
 1004 073a 10       		.byte	0x10
 1005 073b 4D070000 		.4byte	0x74d
 1006 073f 01       		.uleb128 0x1
 1007 0740 A1020000 		.4byte	.LASF101
 1008 0744 06       		.byte	0x6
 1009 0745 93       		.byte	0x93
 1010 0746 21       		.byte	0x21
 1011 0747 C2030000 		.4byte	0x3c2
 1012 074b 00       		.byte	0
 1013 074c 00       		.byte	0
 1014 074d 02       		.uleb128 0x2
 1015 074e 82070000 		.4byte	.LASF105
 1016 0752 06       		.byte	0x6
 1017 0753 94       		.byte	0x94
 1018 0754 03       		.byte	0x3
 1019 0755 32070000 		.4byte	0x732
 1020 0759 18       		.uleb128 0x18
 1021 075a 0C       		.byte	0xc
 1022 075b 06       		.byte	0x6
 1023 075c A0       		.byte	0xa0
 1024 075d 86070000 		.4byte	0x786
 1025 0761 12       		.uleb128 0x12
 1026 0762 1D080000 		.4byte	.LASF106
ARM GAS  /tmp/ccR3beyD.s 			page 19


 1027 0766 06       		.byte	0x6
 1028 0767 A4       		.byte	0xa4
 1029 0768 21       		.byte	0x21
 1030 0769 96030000 		.4byte	0x396
 1031 076d 12       		.uleb128 0x12
 1032 076e A1020000 		.4byte	.LASF101
 1033 0772 06       		.byte	0x6
 1034 0773 A8       		.byte	0xa8
 1035 0774 21       		.byte	0x21
 1036 0775 C2030000 		.4byte	0x3c2
 1037 0779 12       		.uleb128 0x12
 1038 077a 68010000 		.4byte	.LASF107
 1039 077e 06       		.byte	0x6
 1040 077f AC       		.byte	0xac
 1041 0780 21       		.byte	0x21
 1042 0781 FB030000 		.4byte	0x3fb
 1043 0785 00       		.byte	0
 1044 0786 18       		.uleb128 0x18
 1045 0787 04       		.byte	0x4
 1046 0788 06       		.byte	0x6
 1047 0789 F0       		.byte	0xf0
 1048 078a EF070000 		.4byte	0x7ef
 1049 078e 12       		.uleb128 0x12
 1050 078f 1F000000 		.4byte	.LASF108
 1051 0793 06       		.byte	0x6
 1052 0794 F7       		.byte	0xf7
 1053 0795 21       		.byte	0x21
 1054 0796 3C010000 		.4byte	0x13c
 1055 079a 12       		.uleb128 0x12
 1056 079b C3000000 		.4byte	.LASF109
 1057 079f 06       		.byte	0x6
 1058 07a0 FE       		.byte	0xfe
 1059 07a1 21       		.byte	0x21
 1060 07a2 3C010000 		.4byte	0x13c
 1061 07a6 13       		.uleb128 0x13
 1062 07a7 D1070000 		.4byte	.LASF81
 1063 07ab 0501     		.2byte	0x105
 1064 07ad 22       		.byte	0x22
 1065 07ae B0040000 		.4byte	0x4b0
 1066 07b2 13       		.uleb128 0x13
 1067 07b3 7C020000 		.4byte	.LASF110
 1068 07b7 0C01     		.2byte	0x10c
 1069 07b9 22       		.byte	0x22
 1070 07ba EF070000 		.4byte	0x7ef
 1071 07be 13       		.uleb128 0x13
 1072 07bf D7000000 		.4byte	.LASF111
 1073 07c3 1101     		.2byte	0x111
 1074 07c5 21       		.byte	0x21
 1075 07c6 3C010000 		.4byte	0x13c
 1076 07ca 13       		.uleb128 0x13
 1077 07cb 75020000 		.4byte	.LASF112
 1078 07cf 1A01     		.2byte	0x11a
 1079 07d1 22       		.byte	0x22
 1080 07d2 1C080000 		.4byte	0x81c
 1081 07d6 13       		.uleb128 0x13
 1082 07d7 17060000 		.4byte	.LASF113
 1083 07db 2301     		.2byte	0x123
ARM GAS  /tmp/ccR3beyD.s 			page 20


 1084 07dd 22       		.byte	0x22
 1085 07de 56080000 		.4byte	0x856
 1086 07e2 13       		.uleb128 0x13
 1087 07e3 9A050000 		.4byte	.LASF114
 1088 07e7 2B01     		.2byte	0x12b
 1089 07e9 21       		.byte	0x21
 1090 07ea 48010000 		.4byte	0x148
 1091 07ee 00       		.byte	0
 1092 07ef 04       		.uleb128 0x4
 1093 07f0 26070000 		.4byte	0x726
 1094 07f4 08       		.uleb128 0x8
 1095 07f5 D8050000 		.4byte	.LASF115
 1096 07f9 0C       		.byte	0xc
 1097 07fa 0D       		.byte	0xd
 1098 07fb 34       		.byte	0x34
 1099 07fc 10       		.byte	0x10
 1100 07fd 1C080000 		.4byte	0x81c
 1101 0801 01       		.uleb128 0x1
 1102 0802 A1020000 		.4byte	.LASF101
 1103 0806 0D       		.byte	0xd
 1104 0807 35       		.byte	0x35
 1105 0808 19       		.byte	0x19
 1106 0809 C2030000 		.4byte	0x3c2
 1107 080d 00       		.byte	0
 1108 080e 05       		.uleb128 0x5
 1109 080f 636E7400 		.ascii	"cnt\000"
 1110 0813 0D       		.byte	0xd
 1111 0814 37       		.byte	0x37
 1112 0815 19       		.byte	0x19
 1113 0816 54010000 		.4byte	0x154
 1114 081a 08       		.byte	0x8
 1115 081b 00       		.byte	0
 1116 081c 04       		.uleb128 0x4
 1117 081d F4070000 		.4byte	0x7f4
 1118 0821 08       		.uleb128 0x8
 1119 0822 92070000 		.4byte	.LASF116
 1120 0826 10       		.byte	0x10
 1121 0827 0E       		.byte	0xe
 1122 0828 39       		.byte	0x39
 1123 0829 08       		.byte	0x8
 1124 082a 56080000 		.4byte	0x856
 1125 082e 01       		.uleb128 0x1
 1126 082f A1020000 		.4byte	.LASF101
 1127 0833 0E       		.byte	0xe
 1128 0834 3A       		.byte	0x3a
 1129 0835 19       		.byte	0x19
 1130 0836 C2030000 		.4byte	0x3c2
 1131 083a 00       		.byte	0
 1132 083b 01       		.uleb128 0x1
 1133 083c 2E060000 		.4byte	.LASF33
 1134 0840 0E       		.byte	0xe
 1135 0841 3C       		.byte	0x3c
 1136 0842 1A       		.byte	0x1a
 1137 0843 AB040000 		.4byte	0x4ab
 1138 0847 08       		.byte	0x8
 1139 0848 01       		.uleb128 0x1
 1140 0849 14000000 		.4byte	.LASF71
ARM GAS  /tmp/ccR3beyD.s 			page 21


 1141 084d 0E       		.byte	0xe
 1142 084e 3E       		.byte	0x3e
 1143 084f 1A       		.byte	0x1a
 1144 0850 17090000 		.4byte	0x917
 1145 0854 0C       		.byte	0xc
 1146 0855 00       		.byte	0
 1147 0856 04       		.uleb128 0x4
 1148 0857 21080000 		.4byte	0x821
 1149 085b 04       		.uleb128 0x4
 1150 085c 62020000 		.4byte	0x262
 1151 0860 04       		.uleb128 0x4
 1152 0861 00010000 		.4byte	0x100
 1153 0865 16       		.uleb128 0x16
 1154 0866 E6030000 		.4byte	.LASF117
 1155 086a 10       		.byte	0x10
 1156 086b 06       		.byte	0x6
 1157 086c 6101     		.2byte	0x161
 1158 086e 10       		.byte	0x10
 1159 086f 8E080000 		.4byte	0x88e
 1160 0873 03       		.uleb128 0x3
 1161 0874 68010000 		.4byte	.LASF107
 1162 0878 6601     		.2byte	0x166
 1163 087a 21       		.byte	0x21
 1164 087b FB030000 		.4byte	0x3fb
 1165 087f 00       		.byte	0
 1166 0880 03       		.uleb128 0x3
 1167 0881 E5040000 		.4byte	.LASF118
 1168 0885 6A01     		.2byte	0x16a
 1169 0887 22       		.byte	0x22
 1170 0888 AB040000 		.4byte	0x4ab
 1171 088c 0C       		.byte	0xc
 1172 088d 00       		.byte	0
 1173 088e 21       		.uleb128 0x21
 1174 088f 00000000 		.4byte	.LASF119
 1175 0893 6B01     		.2byte	0x16b
 1176 0895 65080000 		.4byte	0x865
 1177 0899 16       		.uleb128 0x16
 1178 089a B8040000 		.4byte	.LASF120
 1179 089e 14       		.byte	0x14
 1180 089f 06       		.byte	0x6
 1181 08a0 7001     		.2byte	0x170
 1182 08a2 10       		.byte	0x10
 1183 08a3 E9080000 		.4byte	0x8e9
 1184 08a7 03       		.uleb128 0x3
 1185 08a8 9C020000 		.4byte	.LASF34
 1186 08ac 7401     		.2byte	0x174
 1187 08ae 22       		.byte	0x22
 1188 08af 5C030000 		.4byte	0x35c
 1189 08b3 00       		.byte	0
 1190 08b4 03       		.uleb128 0x3
 1191 08b5 17020000 		.4byte	.LASF121
 1192 08b9 7A01     		.2byte	0x17a
 1193 08bb 22       		.byte	0x22
 1194 08bc 60080000 		.4byte	0x860
 1195 08c0 04       		.byte	0x4
 1196 08c1 03       		.uleb128 0x3
 1197 08c2 05070000 		.4byte	.LASF122
ARM GAS  /tmp/ccR3beyD.s 			page 22


 1198 08c6 7E01     		.2byte	0x17e
 1199 08c8 22       		.byte	0x22
 1200 08c9 60080000 		.4byte	0x860
 1201 08cd 08       		.byte	0x8
 1202 08ce 03       		.uleb128 0x3
 1203 08cf BB070000 		.4byte	.LASF123
 1204 08d3 8401     		.2byte	0x184
 1205 08d5 22       		.byte	0x22
 1206 08d6 60080000 		.4byte	0x860
 1207 08da 0C       		.byte	0xc
 1208 08db 03       		.uleb128 0x3
 1209 08dc 2C080000 		.4byte	.LASF124
 1210 08e0 8801     		.2byte	0x188
 1211 08e2 22       		.byte	0x22
 1212 08e3 60080000 		.4byte	0x860
 1213 08e7 10       		.byte	0x10
 1214 08e8 00       		.byte	0
 1215 08e9 21       		.uleb128 0x21
 1216 08ea 6D070000 		.4byte	.LASF125
 1217 08ee 8A01     		.2byte	0x18a
 1218 08f0 99080000 		.4byte	0x899
 1219 08f4 0A       		.uleb128 0xa
 1220 08f5 E9080000 		.4byte	0x8e9
 1221 08f9 04       		.uleb128 0x4
 1222 08fa F4080000 		.4byte	0x8f4
 1223 08fe 29       		.uleb128 0x29
 1224 08ff 63683000 		.ascii	"ch0\000"
 1225 0903 13       		.byte	0x13
 1226 0904 4101     		.2byte	0x141
 1227 0906 16       		.byte	0x16
 1228 0907 62020000 		.4byte	0x262
 1229 090b 02       		.uleb128 0x2
 1230 090c 27020000 		.4byte	.LASF126
 1231 0910 0E       		.byte	0xe
 1232 0911 34       		.byte	0x34
 1233 0912 19       		.byte	0x19
 1234 0913 21080000 		.4byte	0x821
 1235 0917 04       		.uleb128 0x4
 1236 0918 0B090000 		.4byte	0x90b
 1237 091c 11       		.uleb128 0x11
 1238 091d 28       		.byte	0x28
 1239 091e 0F       		.byte	0xf
 1240 091f 34       		.byte	0x34
 1241 0920 09       		.byte	0x9
 1242 0921 8C090000 		.4byte	0x98c
 1243 0925 01       		.uleb128 0x1
 1244 0926 7D060000 		.4byte	.LASF91
 1245 092a 0F       		.byte	0xf
 1246 092b 35       		.byte	0x35
 1247 092c 1A       		.byte	0x1a
 1248 092d 8C090000 		.4byte	0x98c
 1249 0931 00       		.byte	0
 1250 0932 05       		.uleb128 0x5
 1251 0933 746F7000 		.ascii	"top\000"
 1252 0937 0F       		.byte	0xf
 1253 0938 37       		.byte	0x37
 1254 0939 1A       		.byte	0x1a
ARM GAS  /tmp/ccR3beyD.s 			page 23


 1255 093a 8C090000 		.4byte	0x98c
 1256 093e 04       		.byte	0x4
 1257 093f 01       		.uleb128 0x1
 1258 0940 B1010000 		.4byte	.LASF127
 1259 0944 0F       		.byte	0xf
 1260 0945 39       		.byte	0x39
 1261 0946 1A       		.byte	0x1a
 1262 0947 8C090000 		.4byte	0x98c
 1263 094b 08       		.byte	0x8
 1264 094c 01       		.uleb128 0x1
 1265 094d 28050000 		.4byte	.LASF128
 1266 0951 0F       		.byte	0xf
 1267 0952 3A       		.byte	0x3a
 1268 0953 1A       		.byte	0x1a
 1269 0954 8C090000 		.4byte	0x98c
 1270 0958 0C       		.byte	0xc
 1271 0959 05       		.uleb128 0x5
 1272 095a 636E7400 		.ascii	"cnt\000"
 1273 095e 0F       		.byte	0xf
 1274 095f 3B       		.byte	0x3b
 1275 0960 19       		.byte	0x19
 1276 0961 25000000 		.4byte	0x25
 1277 0965 10       		.byte	0x10
 1278 0966 01       		.uleb128 0x1
 1279 0967 09020000 		.4byte	.LASF129
 1280 096b 0F       		.byte	0xf
 1281 096c 3C       		.byte	0x3c
 1282 096d 19       		.byte	0x19
 1283 096e 91090000 		.4byte	0x991
 1284 0972 14       		.byte	0x14
 1285 0973 05       		.uleb128 0x5
 1286 0974 717700   		.ascii	"qw\000"
 1287 0977 0F       		.byte	0xf
 1288 0978 3D       		.byte	0x3d
 1289 0979 19       		.byte	0x19
 1290 097a 4D070000 		.4byte	0x74d
 1291 097e 18       		.byte	0x18
 1292 097f 05       		.uleb128 0x5
 1293 0980 717200   		.ascii	"qr\000"
 1294 0983 0F       		.byte	0xf
 1295 0984 3E       		.byte	0x3e
 1296 0985 19       		.byte	0x19
 1297 0986 4D070000 		.4byte	0x74d
 1298 098a 20       		.byte	0x20
 1299 098b 00       		.byte	0
 1300 098c 04       		.uleb128 0x4
 1301 098d 3C010000 		.4byte	0x13c
 1302 0991 07       		.uleb128 0x7
 1303 0992 01       		.byte	0x1
 1304 0993 02       		.byte	0x2
 1305 0994 3E050000 		.4byte	.LASF130
 1306 0998 02       		.uleb128 0x2
 1307 0999 43010000 		.4byte	.LASF131
 1308 099d 0F       		.byte	0xf
 1309 099e 3F       		.byte	0x3f
 1310 099f 03       		.byte	0x3
 1311 09a0 1C090000 		.4byte	0x91c
ARM GAS  /tmp/ccR3beyD.s 			page 24


 1312 09a4 0A       		.uleb128 0xa
 1313 09a5 98090000 		.4byte	0x998
 1314 09a9 2A       		.uleb128 0x2a
 1315 09aa 48080000 		.4byte	.LASF166
 1316 09ae 10       		.byte	0x10
 1317 09af 4101     		.2byte	0x141
 1318 09b1 09       		.byte	0x9
 1319 09b2 3C010000 		.4byte	0x13c
 1320 09b6 C5090000 		.4byte	0x9c5
 1321 09ba 0F       		.uleb128 0xf
 1322 09bb C5090000 		.4byte	0x9c5
 1323 09bf 0F       		.uleb128 0xf
 1324 09c0 8A030000 		.4byte	0x38a
 1325 09c4 00       		.byte	0
 1326 09c5 04       		.uleb128 0x4
 1327 09c6 4D070000 		.4byte	0x74d
 1328 09ca 1B       		.uleb128 0x1b
 1329 09cb B7010000 		.4byte	.LASF132
 1330 09cf 4201     		.2byte	0x142
 1331 09d1 E0090000 		.4byte	0x9e0
 1332 09d5 0F       		.uleb128 0xf
 1333 09d6 C5090000 		.4byte	0x9c5
 1334 09da 0F       		.uleb128 0xf
 1335 09db 3C010000 		.4byte	0x13c
 1336 09df 00       		.byte	0
 1337 09e0 15       		.uleb128 0x15
 1338 09e1 FD050000 		.4byte	.LASF134
 1339 09e5 08       		.byte	0x8
 1340 09e6 AE       		.byte	0xae
 1341 09e7 1B       		.uleb128 0x1b
 1342 09e8 2F000000 		.4byte	.LASF133
 1343 09ec 4301     		.2byte	0x143
 1344 09ee FD090000 		.4byte	0x9fd
 1345 09f2 0F       		.uleb128 0xf
 1346 09f3 C5090000 		.4byte	0x9c5
 1347 09f7 0F       		.uleb128 0xf
 1348 09f8 3C010000 		.4byte	0x13c
 1349 09fc 00       		.byte	0
 1350 09fd 15       		.uleb128 0x15
 1351 09fe BC030000 		.4byte	.LASF135
 1352 0a02 08       		.byte	0x8
 1353 0a03 AD       		.byte	0xad
 1354 0a04 15       		.uleb128 0x15
 1355 0a05 62020000 		.4byte	.LASF136
 1356 0a09 08       		.byte	0x8
 1357 0a0a A8       		.byte	0xa8
 1358 0a0b 15       		.uleb128 0x15
 1359 0a0c F8040000 		.4byte	.LASF137
 1360 0a10 08       		.byte	0x8
 1361 0a11 A7       		.byte	0xa7
 1362 0a12 15       		.uleb128 0x15
 1363 0a13 E7010000 		.4byte	.LASF138
 1364 0a17 11       		.byte	0x11
 1365 0a18 9B       		.byte	0x9b
 1366 0a19 1B       		.uleb128 0x1b
 1367 0a1a 2C040000 		.4byte	.LASF139
 1368 0a1e 3F01     		.2byte	0x13f
ARM GAS  /tmp/ccR3beyD.s 			page 25


 1369 0a20 2A0A0000 		.4byte	0xa2a
 1370 0a24 0F       		.uleb128 0xf
 1371 0a25 C5090000 		.4byte	0x9c5
 1372 0a29 00       		.byte	0
 1373 0a2a 2B       		.uleb128 0x2b
 1374 0a2b 93000000 		.4byte	.LASF140
 1375 0a2f 05       		.byte	0x5
 1376 0a30 E7       		.byte	0xe7
 1377 0a31 08       		.byte	0x8
 1378 0a32 3C0A0000 		.4byte	0xa3c
 1379 0a36 0F       		.uleb128 0xf
 1380 0a37 5C030000 		.4byte	0x35c
 1381 0a3b 00       		.byte	0
 1382 0a3c 14       		.uleb128 0x14
 1383 0a3d 40000000 		.4byte	.LASF141
 1384 0a41 ED01     		.2byte	0x1ed
 1385 0a43 3C010000 		.4byte	0x13c
 1386 0a47 6E0A0000 		.4byte	0xa6e
 1387 0a4b 0B       		.uleb128 0xb
 1388 0a4c 6D627000 		.ascii	"mbp\000"
 1389 0a50 ED01     		.2byte	0x1ed
 1390 0a52 1D       		.byte	0x1d
 1391 0a53 6E0A0000 		.4byte	0xa6e
 1392 0a57 10       		.uleb128 0x10
 1393 0a58 0A040000 		.4byte	.LASF142
 1394 0a5c 12       		.byte	0x12
 1395 0a5d ED01     		.2byte	0x1ed
 1396 0a5f 29       		.byte	0x29
 1397 0a60 8C090000 		.4byte	0x98c
 1398 0a64 0C       		.uleb128 0xc
 1399 0a65 A9050000 		.4byte	.LASF145
 1400 0a69 830A0000 		.4byte	0xa83
 1401 0a6d 00       		.byte	0
 1402 0a6e 04       		.uleb128 0x4
 1403 0a6f 98090000 		.4byte	0x998
 1404 0a73 0D       		.uleb128 0xd
 1405 0a74 6D030000 		.4byte	0x36d
 1406 0a78 830A0000 		.4byte	0xa83
 1407 0a7c 0E       		.uleb128 0xe
 1408 0a7d 31000000 		.4byte	0x31
 1409 0a81 0A       		.byte	0xa
 1410 0a82 00       		.byte	0
 1411 0a83 0A       		.uleb128 0xa
 1412 0a84 730A0000 		.4byte	0xa73
 1413 0a88 14       		.uleb128 0x14
 1414 0a89 93060000 		.4byte	.LASF143
 1415 0a8d BC01     		.2byte	0x1bc
 1416 0a8f 3C010000 		.4byte	0x13c
 1417 0a93 D20A0000 		.4byte	0xad2
 1418 0a97 0B       		.uleb128 0xb
 1419 0a98 6D627000 		.ascii	"mbp\000"
 1420 0a9c BC01     		.2byte	0x1bc
 1421 0a9e 24       		.byte	0x24
 1422 0a9f 6E0A0000 		.4byte	0xa6e
 1423 0aa3 10       		.uleb128 0x10
 1424 0aa4 0A040000 		.4byte	.LASF142
 1425 0aa8 12       		.byte	0x12
ARM GAS  /tmp/ccR3beyD.s 			page 26


 1426 0aa9 BC01     		.2byte	0x1bc
 1427 0aab 30       		.byte	0x30
 1428 0aac 8C090000 		.4byte	0x98c
 1429 0ab0 10       		.uleb128 0x10
 1430 0ab1 94020000 		.4byte	.LASF144
 1431 0ab5 12       		.byte	0x12
 1432 0ab6 BC01     		.2byte	0x1bc
 1433 0ab8 44       		.byte	0x44
 1434 0ab9 8A030000 		.4byte	0x38a
 1435 0abd 17       		.uleb128 0x17
 1436 0abe 1F000000 		.4byte	.LASF108
 1437 0ac2 BD01     		.2byte	0x1bd
 1438 0ac4 3C010000 		.4byte	0x13c
 1439 0ac8 0C       		.uleb128 0xc
 1440 0ac9 A9050000 		.4byte	.LASF145
 1441 0acd E20A0000 		.4byte	0xae2
 1442 0ad1 00       		.byte	0
 1443 0ad2 0D       		.uleb128 0xd
 1444 0ad3 6D030000 		.4byte	0x36d
 1445 0ad7 E20A0000 		.4byte	0xae2
 1446 0adb 0E       		.uleb128 0xe
 1447 0adc 31000000 		.4byte	0x31
 1448 0ae0 11       		.byte	0x11
 1449 0ae1 00       		.byte	0
 1450 0ae2 0A       		.uleb128 0xa
 1451 0ae3 D20A0000 		.4byte	0xad2
 1452 0ae7 14       		.uleb128 0x14
 1453 0ae8 AF060000 		.4byte	.LASF146
 1454 0aec 9F01     		.2byte	0x19f
 1455 0aee 3C010000 		.4byte	0x13c
 1456 0af2 280B0000 		.4byte	0xb28
 1457 0af6 0B       		.uleb128 0xb
 1458 0af7 6D627000 		.ascii	"mbp\000"
 1459 0afb 9F01     		.2byte	0x19f
 1460 0afd 23       		.byte	0x23
 1461 0afe 6E0A0000 		.4byte	0xa6e
 1462 0b02 10       		.uleb128 0x10
 1463 0b03 0A040000 		.4byte	.LASF142
 1464 0b07 12       		.byte	0x12
 1465 0b08 9F01     		.2byte	0x19f
 1466 0b0a 2F       		.byte	0x2f
 1467 0b0b 8C090000 		.4byte	0x98c
 1468 0b0f 10       		.uleb128 0x10
 1469 0b10 94020000 		.4byte	.LASF144
 1470 0b14 12       		.byte	0x12
 1471 0b15 9F01     		.2byte	0x19f
 1472 0b17 43       		.byte	0x43
 1473 0b18 8A030000 		.4byte	0x38a
 1474 0b1c 17       		.uleb128 0x17
 1475 0b1d 1F000000 		.4byte	.LASF108
 1476 0b21 A001     		.2byte	0x1a0
 1477 0b23 3C010000 		.4byte	0x13c
 1478 0b27 00       		.byte	0
 1479 0b28 14       		.uleb128 0x14
 1480 0b29 9D000000 		.4byte	.LASF147
 1481 0b2d 7001     		.2byte	0x170
 1482 0b2f 3C010000 		.4byte	0x13c
ARM GAS  /tmp/ccR3beyD.s 			page 27


 1483 0b33 590B0000 		.4byte	0xb59
 1484 0b37 0B       		.uleb128 0xb
 1485 0b38 6D627000 		.ascii	"mbp\000"
 1486 0b3c 7001     		.2byte	0x170
 1487 0b3e 21       		.byte	0x21
 1488 0b3f 6E0A0000 		.4byte	0xa6e
 1489 0b43 0B       		.uleb128 0xb
 1490 0b44 6D736700 		.ascii	"msg\000"
 1491 0b48 7001     		.2byte	0x170
 1492 0b4a 2C       		.byte	0x2c
 1493 0b4b 3C010000 		.4byte	0x13c
 1494 0b4f 0C       		.uleb128 0xc
 1495 0b50 A9050000 		.4byte	.LASF145
 1496 0b54 690B0000 		.4byte	0xb69
 1497 0b58 00       		.byte	0
 1498 0b59 0D       		.uleb128 0xd
 1499 0b5a 6D030000 		.4byte	0x36d
 1500 0b5e 690B0000 		.4byte	0xb69
 1501 0b62 0E       		.uleb128 0xe
 1502 0b63 31000000 		.4byte	0x31
 1503 0b67 0E       		.byte	0xe
 1504 0b68 00       		.byte	0
 1505 0b69 0A       		.uleb128 0xa
 1506 0b6a 590B0000 		.4byte	0xb59
 1507 0b6e 14       		.uleb128 0x14
 1508 0b6f 8C030000 		.4byte	.LASF148
 1509 0b73 3F01     		.2byte	0x13f
 1510 0b75 3C010000 		.4byte	0x13c
 1511 0b79 B70B0000 		.4byte	0xbb7
 1512 0b7d 0B       		.uleb128 0xb
 1513 0b7e 6D627000 		.ascii	"mbp\000"
 1514 0b82 3F01     		.2byte	0x13f
 1515 0b84 28       		.byte	0x28
 1516 0b85 6E0A0000 		.4byte	0xa6e
 1517 0b89 0B       		.uleb128 0xb
 1518 0b8a 6D736700 		.ascii	"msg\000"
 1519 0b8e 3F01     		.2byte	0x13f
 1520 0b90 33       		.byte	0x33
 1521 0b91 3C010000 		.4byte	0x13c
 1522 0b95 10       		.uleb128 0x10
 1523 0b96 94020000 		.4byte	.LASF144
 1524 0b9a 12       		.byte	0x12
 1525 0b9b 3F01     		.2byte	0x13f
 1526 0b9d 46       		.byte	0x46
 1527 0b9e 8A030000 		.4byte	0x38a
 1528 0ba2 17       		.uleb128 0x17
 1529 0ba3 1F000000 		.4byte	.LASF108
 1530 0ba7 4001     		.2byte	0x140
 1531 0ba9 3C010000 		.4byte	0x13c
 1532 0bad 0C       		.uleb128 0xc
 1533 0bae A9050000 		.4byte	.LASF145
 1534 0bb2 C70B0000 		.4byte	0xbc7
 1535 0bb6 00       		.byte	0
 1536 0bb7 0D       		.uleb128 0xd
 1537 0bb8 6D030000 		.4byte	0x36d
 1538 0bbc C70B0000 		.4byte	0xbc7
 1539 0bc0 0E       		.uleb128 0xe
ARM GAS  /tmp/ccR3beyD.s 			page 28


 1540 0bc1 31000000 		.4byte	0x31
 1541 0bc5 15       		.byte	0x15
 1542 0bc6 00       		.byte	0
 1543 0bc7 0A       		.uleb128 0xa
 1544 0bc8 B70B0000 		.4byte	0xbb7
 1545 0bcc 14       		.uleb128 0x14
 1546 0bcd C3050000 		.4byte	.LASF149
 1547 0bd1 2201     		.2byte	0x122
 1548 0bd3 3C010000 		.4byte	0x13c
 1549 0bd7 0C0C0000 		.4byte	0xc0c
 1550 0bdb 0B       		.uleb128 0xb
 1551 0bdc 6D627000 		.ascii	"mbp\000"
 1552 0be0 2201     		.2byte	0x122
 1553 0be2 27       		.byte	0x27
 1554 0be3 6E0A0000 		.4byte	0xa6e
 1555 0be7 0B       		.uleb128 0xb
 1556 0be8 6D736700 		.ascii	"msg\000"
 1557 0bec 2201     		.2byte	0x122
 1558 0bee 32       		.byte	0x32
 1559 0bef 3C010000 		.4byte	0x13c
 1560 0bf3 10       		.uleb128 0x10
 1561 0bf4 94020000 		.4byte	.LASF144
 1562 0bf8 12       		.byte	0x12
 1563 0bf9 2201     		.2byte	0x122
 1564 0bfb 45       		.byte	0x45
 1565 0bfc 8A030000 		.4byte	0x38a
 1566 0c00 17       		.uleb128 0x17
 1567 0c01 1F000000 		.4byte	.LASF108
 1568 0c05 2301     		.2byte	0x123
 1569 0c07 3C010000 		.4byte	0x13c
 1570 0c0b 00       		.byte	0
 1571 0c0c 1C       		.uleb128 0x1c
 1572 0c0d 55000000 		.4byte	.LASF150
 1573 0c11 F3       		.byte	0xf3
 1574 0c12 3C010000 		.4byte	0x13c
 1575 0c16 3C0C0000 		.4byte	0xc3c
 1576 0c1a 06       		.uleb128 0x6
 1577 0c1b 6D627000 		.ascii	"mbp\000"
 1578 0c1f 12       		.byte	0x12
 1579 0c20 F3       		.byte	0xf3
 1580 0c21 1C       		.byte	0x1c
 1581 0c22 6E0A0000 		.4byte	0xa6e
 1582 0c26 06       		.uleb128 0x6
 1583 0c27 6D736700 		.ascii	"msg\000"
 1584 0c2b 12       		.byte	0x12
 1585 0c2c F3       		.byte	0xf3
 1586 0c2d 27       		.byte	0x27
 1587 0c2e 3C010000 		.4byte	0x13c
 1588 0c32 0C       		.uleb128 0xc
 1589 0c33 A9050000 		.4byte	.LASF145
 1590 0c37 4C0C0000 		.4byte	0xc4c
 1591 0c3b 00       		.byte	0
 1592 0c3c 0D       		.uleb128 0xd
 1593 0c3d 6D030000 		.4byte	0x36d
 1594 0c41 4C0C0000 		.4byte	0xc4c
 1595 0c45 0E       		.uleb128 0xe
 1596 0c46 31000000 		.4byte	0x31
ARM GAS  /tmp/ccR3beyD.s 			page 29


 1597 0c4a 09       		.byte	0x9
 1598 0c4b 00       		.byte	0
 1599 0c4c 0A       		.uleb128 0xa
 1600 0c4d 3C0C0000 		.4byte	0xc3c
 1601 0c51 1C       		.uleb128 0x1c
 1602 0c52 CD030000 		.4byte	.LASF151
 1603 0c56 C2       		.byte	0xc2
 1604 0c57 3C010000 		.4byte	0x13c
 1605 0c5b 960C0000 		.4byte	0xc96
 1606 0c5f 06       		.uleb128 0x6
 1607 0c60 6D627000 		.ascii	"mbp\000"
 1608 0c64 12       		.byte	0x12
 1609 0c65 C2       		.byte	0xc2
 1610 0c66 23       		.byte	0x23
 1611 0c67 6E0A0000 		.4byte	0xa6e
 1612 0c6b 06       		.uleb128 0x6
 1613 0c6c 6D736700 		.ascii	"msg\000"
 1614 0c70 12       		.byte	0x12
 1615 0c71 C2       		.byte	0xc2
 1616 0c72 2E       		.byte	0x2e
 1617 0c73 3C010000 		.4byte	0x13c
 1618 0c77 22       		.uleb128 0x22
 1619 0c78 94020000 		.4byte	.LASF144
 1620 0c7c C2       		.byte	0xc2
 1621 0c7d 41       		.byte	0x41
 1622 0c7e 8A030000 		.4byte	0x38a
 1623 0c82 23       		.uleb128 0x23
 1624 0c83 1F000000 		.4byte	.LASF108
 1625 0c87 C3       		.byte	0xc3
 1626 0c88 3C010000 		.4byte	0x13c
 1627 0c8c 0C       		.uleb128 0xc
 1628 0c8d A9050000 		.4byte	.LASF145
 1629 0c91 A60C0000 		.4byte	0xca6
 1630 0c95 00       		.byte	0
 1631 0c96 0D       		.uleb128 0xd
 1632 0c97 6D030000 		.4byte	0x36d
 1633 0c9b A60C0000 		.4byte	0xca6
 1634 0c9f 0E       		.uleb128 0xe
 1635 0ca0 31000000 		.4byte	0x31
 1636 0ca4 10       		.byte	0x10
 1637 0ca5 00       		.byte	0
 1638 0ca6 0A       		.uleb128 0xa
 1639 0ca7 960C0000 		.4byte	0xc96
 1640 0cab 1C       		.uleb128 0x1c
 1641 0cac 25010000 		.4byte	.LASF152
 1642 0cb0 A5       		.byte	0xa5
 1643 0cb1 3C010000 		.4byte	0x13c
 1644 0cb5 E70C0000 		.4byte	0xce7
 1645 0cb9 06       		.uleb128 0x6
 1646 0cba 6D627000 		.ascii	"mbp\000"
 1647 0cbe 12       		.byte	0x12
 1648 0cbf A5       		.byte	0xa5
 1649 0cc0 22       		.byte	0x22
 1650 0cc1 6E0A0000 		.4byte	0xa6e
 1651 0cc5 06       		.uleb128 0x6
 1652 0cc6 6D736700 		.ascii	"msg\000"
 1653 0cca 12       		.byte	0x12
ARM GAS  /tmp/ccR3beyD.s 			page 30


 1654 0ccb A5       		.byte	0xa5
 1655 0ccc 2D       		.byte	0x2d
 1656 0ccd 3C010000 		.4byte	0x13c
 1657 0cd1 22       		.uleb128 0x22
 1658 0cd2 94020000 		.4byte	.LASF144
 1659 0cd6 A5       		.byte	0xa5
 1660 0cd7 40       		.byte	0x40
 1661 0cd8 8A030000 		.4byte	0x38a
 1662 0cdc 23       		.uleb128 0x23
 1663 0cdd 1F000000 		.4byte	.LASF108
 1664 0ce1 A6       		.byte	0xa6
 1665 0ce2 3C010000 		.4byte	0x13c
 1666 0ce6 00       		.byte	0
 1667 0ce7 1D       		.uleb128 0x1d
 1668 0ce8 A2030000 		.4byte	.LASF153
 1669 0cec 85       		.byte	0x85
 1670 0ced 070D0000 		.4byte	0xd07
 1671 0cf1 06       		.uleb128 0x6
 1672 0cf2 6D627000 		.ascii	"mbp\000"
 1673 0cf6 12       		.byte	0x12
 1674 0cf7 85       		.byte	0x85
 1675 0cf8 1C       		.byte	0x1c
 1676 0cf9 6E0A0000 		.4byte	0xa6e
 1677 0cfd 0C       		.uleb128 0xc
 1678 0cfe A9050000 		.4byte	.LASF145
 1679 0d02 830A0000 		.4byte	0xa83
 1680 0d06 00       		.byte	0
 1681 0d07 1D       		.uleb128 0x1d
 1682 0d08 A4040000 		.4byte	.LASF154
 1683 0d0c 71       		.byte	0x71
 1684 0d0d 1E0D0000 		.4byte	0xd1e
 1685 0d11 06       		.uleb128 0x6
 1686 0d12 6D627000 		.ascii	"mbp\000"
 1687 0d16 12       		.byte	0x12
 1688 0d17 71       		.byte	0x71
 1689 0d18 1B       		.byte	0x1b
 1690 0d19 6E0A0000 		.4byte	0xa6e
 1691 0d1d 00       		.byte	0
 1692 0d1e 1D       		.uleb128 0x1d
 1693 0d1f 84060000 		.4byte	.LASF155
 1694 0d23 57       		.byte	0x57
 1695 0d24 540D0000 		.4byte	0xd54
 1696 0d28 06       		.uleb128 0x6
 1697 0d29 6D627000 		.ascii	"mbp\000"
 1698 0d2d 12       		.byte	0x12
 1699 0d2e 57       		.byte	0x57
 1700 0d2f 20       		.byte	0x20
 1701 0d30 6E0A0000 		.4byte	0xa6e
 1702 0d34 06       		.uleb128 0x6
 1703 0d35 62756600 		.ascii	"buf\000"
 1704 0d39 12       		.byte	0x12
 1705 0d3a 57       		.byte	0x57
 1706 0d3b 2C       		.byte	0x2c
 1707 0d3c 8C090000 		.4byte	0x98c
 1708 0d40 06       		.uleb128 0x6
 1709 0d41 6E00     		.ascii	"n\000"
 1710 0d43 12       		.byte	0x12
ARM GAS  /tmp/ccR3beyD.s 			page 31


 1711 0d44 57       		.byte	0x57
 1712 0d45 38       		.byte	0x38
 1713 0d46 25000000 		.4byte	0x25
 1714 0d4a 0C       		.uleb128 0xc
 1715 0d4b A9050000 		.4byte	.LASF145
 1716 0d4f 690B0000 		.4byte	0xb69
 1717 0d53 00       		.byte	0
 1718 0d54 1E       		.uleb128 0x1e
 1719 0d55 D5010000 		.4byte	.LASF156
 1720 0d59 A7       		.byte	0xa7
 1721 0d5a 25000000 		.4byte	0x25
 1722 0d5e 6F0D0000 		.4byte	0xd6f
 1723 0d62 06       		.uleb128 0x6
 1724 0d63 6D627000 		.ascii	"mbp\000"
 1725 0d67 0F       		.byte	0xf
 1726 0d68 A7       		.byte	0xa7
 1727 0d69 39       		.byte	0x39
 1728 0d6a 6F0D0000 		.4byte	0xd6f
 1729 0d6e 00       		.byte	0
 1730 0d6f 04       		.uleb128 0x4
 1731 0d70 A4090000 		.4byte	0x9a4
 1732 0d74 1E       		.uleb128 0x1e
 1733 0d75 5A050000 		.4byte	.LASF157
 1734 0d79 98       		.byte	0x98
 1735 0d7a 25000000 		.4byte	0x25
 1736 0d7e 8F0D0000 		.4byte	0xd8f
 1737 0d82 06       		.uleb128 0x6
 1738 0d83 6D627000 		.ascii	"mbp\000"
 1739 0d87 0F       		.byte	0xf
 1740 0d88 98       		.byte	0x98
 1741 0d89 39       		.byte	0x39
 1742 0d8a 6F0D0000 		.4byte	0xd6f
 1743 0d8e 00       		.byte	0
 1744 0d8f 1E       		.uleb128 0x1e
 1745 0d90 E5050000 		.4byte	.LASF158
 1746 0d94 88       		.byte	0x88
 1747 0d95 25000000 		.4byte	0x25
 1748 0d99 AA0D0000 		.4byte	0xdaa
 1749 0d9d 06       		.uleb128 0x6
 1750 0d9e 6D627000 		.ascii	"mbp\000"
 1751 0da2 0F       		.byte	0xf
 1752 0da3 88       		.byte	0x88
 1753 0da4 34       		.byte	0x34
 1754 0da5 6F0D0000 		.4byte	0xd6f
 1755 0da9 00       		.byte	0
 1756 0daa 2C       		.uleb128 0x2c
 1757 0dab E5070000 		.4byte	.LASF167
 1758 0daf 13       		.byte	0x13
 1759 0db0 A501     		.2byte	0x1a5
 1760 0db2 14       		.byte	0x14
 1761 0db3 C10D0000 		.4byte	0xdc1
 1762 0db7 0C       		.uleb128 0xc
 1763 0db8 A9050000 		.4byte	.LASF145
 1764 0dbc D10D0000 		.4byte	0xdd1
 1765 0dc0 00       		.byte	0
 1766 0dc1 0D       		.uleb128 0xd
 1767 0dc2 6D030000 		.4byte	0x36d
ARM GAS  /tmp/ccR3beyD.s 			page 32


 1768 0dc6 D10D0000 		.4byte	0xdd1
 1769 0dca 0E       		.uleb128 0xe
 1770 0dcb 31000000 		.4byte	0x31
 1771 0dcf 0B       		.byte	0xb
 1772 0dd0 00       		.byte	0
 1773 0dd1 0A       		.uleb128 0xa
 1774 0dd2 C10D0000 		.4byte	0xdc1
 1775 0dd6 1F       		.uleb128 0x1f
 1776 0dd7 B2050000 		.4byte	.LASF159
 1777 0ddb 13       		.byte	0x13
 1778 0ddc 9701     		.2byte	0x197
 1779 0dde 14       		.byte	0x14
 1780 0ddf 1F       		.uleb128 0x1f
 1781 0de0 5C010000 		.4byte	.LASF160
 1782 0de4 0C       		.byte	0xc
 1783 0de5 D702     		.2byte	0x2d7
 1784 0de7 1B       		.byte	0x1b
 1785 0de8 1F       		.uleb128 0x1f
 1786 0de9 22080000 		.4byte	.LASF161
 1787 0ded 0C       		.byte	0xc
 1788 0dee BF02     		.2byte	0x2bf
 1789 0df0 1B       		.byte	0x1b
 1790 0df1 2D       		.uleb128 0x2d
 1791 0df2 8C040000 		.4byte	.LASF168
 1792 0df6 14       		.byte	0x14
 1793 0df7 EB01     		.2byte	0x1eb
 1794 0df9 1B       		.byte	0x1b
 1795 0dfa 10       		.uleb128 0x10
 1796 0dfb 4D010000 		.4byte	.LASF162
 1797 0dff 14       		.byte	0x14
 1798 0e00 EB01     		.2byte	0x1eb
 1799 0e02 32       		.byte	0x32
 1800 0e03 D7000000 		.4byte	0xd7
 1801 0e07 00       		.byte	0
 1802 0e08 00       		.byte	0
 1803              		.section	.gnu.debuglto_.debug_abbrev,"e",%progbits
 1804              	.Ldebug_abbrev0:
 1805 0000 01       		.uleb128 0x1
 1806 0001 0D       		.uleb128 0xd
 1807 0002 00       		.byte	0
 1808 0003 03       		.uleb128 0x3
 1809 0004 0E       		.uleb128 0xe
 1810 0005 3A       		.uleb128 0x3a
 1811 0006 0B       		.uleb128 0xb
 1812 0007 3B       		.uleb128 0x3b
 1813 0008 0B       		.uleb128 0xb
 1814 0009 39       		.uleb128 0x39
 1815 000a 0B       		.uleb128 0xb
 1816 000b 49       		.uleb128 0x49
 1817 000c 13       		.uleb128 0x13
 1818 000d 38       		.uleb128 0x38
 1819 000e 0B       		.uleb128 0xb
 1820 000f 00       		.byte	0
 1821 0010 00       		.byte	0
 1822 0011 02       		.uleb128 0x2
 1823 0012 16       		.uleb128 0x16
 1824 0013 00       		.byte	0
ARM GAS  /tmp/ccR3beyD.s 			page 33


 1825 0014 03       		.uleb128 0x3
 1826 0015 0E       		.uleb128 0xe
 1827 0016 3A       		.uleb128 0x3a
 1828 0017 0B       		.uleb128 0xb
 1829 0018 3B       		.uleb128 0x3b
 1830 0019 0B       		.uleb128 0xb
 1831 001a 39       		.uleb128 0x39
 1832 001b 0B       		.uleb128 0xb
 1833 001c 49       		.uleb128 0x49
 1834 001d 13       		.uleb128 0x13
 1835 001e 00       		.byte	0
 1836 001f 00       		.byte	0
 1837 0020 03       		.uleb128 0x3
 1838 0021 0D       		.uleb128 0xd
 1839 0022 00       		.byte	0
 1840 0023 03       		.uleb128 0x3
 1841 0024 0E       		.uleb128 0xe
 1842 0025 3A       		.uleb128 0x3a
 1843 0026 21       		.uleb128 0x21
 1844 0027 06       		.sleb128 6
 1845 0028 3B       		.uleb128 0x3b
 1846 0029 05       		.uleb128 0x5
 1847 002a 39       		.uleb128 0x39
 1848 002b 0B       		.uleb128 0xb
 1849 002c 49       		.uleb128 0x49
 1850 002d 13       		.uleb128 0x13
 1851 002e 38       		.uleb128 0x38
 1852 002f 0B       		.uleb128 0xb
 1853 0030 00       		.byte	0
 1854 0031 00       		.byte	0
 1855 0032 04       		.uleb128 0x4
 1856 0033 0F       		.uleb128 0xf
 1857 0034 00       		.byte	0
 1858 0035 0B       		.uleb128 0xb
 1859 0036 21       		.uleb128 0x21
 1860 0037 04       		.sleb128 4
 1861 0038 49       		.uleb128 0x49
 1862 0039 13       		.uleb128 0x13
 1863 003a 00       		.byte	0
 1864 003b 00       		.byte	0
 1865 003c 05       		.uleb128 0x5
 1866 003d 0D       		.uleb128 0xd
 1867 003e 00       		.byte	0
 1868 003f 03       		.uleb128 0x3
 1869 0040 08       		.uleb128 0x8
 1870 0041 3A       		.uleb128 0x3a
 1871 0042 0B       		.uleb128 0xb
 1872 0043 3B       		.uleb128 0x3b
 1873 0044 0B       		.uleb128 0xb
 1874 0045 39       		.uleb128 0x39
 1875 0046 0B       		.uleb128 0xb
 1876 0047 49       		.uleb128 0x49
 1877 0048 13       		.uleb128 0x13
 1878 0049 38       		.uleb128 0x38
 1879 004a 0B       		.uleb128 0xb
 1880 004b 00       		.byte	0
 1881 004c 00       		.byte	0
ARM GAS  /tmp/ccR3beyD.s 			page 34


 1882 004d 06       		.uleb128 0x6
 1883 004e 05       		.uleb128 0x5
 1884 004f 00       		.byte	0
 1885 0050 03       		.uleb128 0x3
 1886 0051 08       		.uleb128 0x8
 1887 0052 3A       		.uleb128 0x3a
 1888 0053 0B       		.uleb128 0xb
 1889 0054 3B       		.uleb128 0x3b
 1890 0055 0B       		.uleb128 0xb
 1891 0056 39       		.uleb128 0x39
 1892 0057 0B       		.uleb128 0xb
 1893 0058 49       		.uleb128 0x49
 1894 0059 13       		.uleb128 0x13
 1895 005a 00       		.byte	0
 1896 005b 00       		.byte	0
 1897 005c 07       		.uleb128 0x7
 1898 005d 24       		.uleb128 0x24
 1899 005e 00       		.byte	0
 1900 005f 0B       		.uleb128 0xb
 1901 0060 0B       		.uleb128 0xb
 1902 0061 3E       		.uleb128 0x3e
 1903 0062 0B       		.uleb128 0xb
 1904 0063 03       		.uleb128 0x3
 1905 0064 0E       		.uleb128 0xe
 1906 0065 00       		.byte	0
 1907 0066 00       		.byte	0
 1908 0067 08       		.uleb128 0x8
 1909 0068 13       		.uleb128 0x13
 1910 0069 01       		.byte	0x1
 1911 006a 03       		.uleb128 0x3
 1912 006b 0E       		.uleb128 0xe
 1913 006c 0B       		.uleb128 0xb
 1914 006d 0B       		.uleb128 0xb
 1915 006e 3A       		.uleb128 0x3a
 1916 006f 0B       		.uleb128 0xb
 1917 0070 3B       		.uleb128 0x3b
 1918 0071 0B       		.uleb128 0xb
 1919 0072 39       		.uleb128 0x39
 1920 0073 0B       		.uleb128 0xb
 1921 0074 01       		.uleb128 0x1
 1922 0075 13       		.uleb128 0x13
 1923 0076 00       		.byte	0
 1924 0077 00       		.byte	0
 1925 0078 09       		.uleb128 0x9
 1926 0079 0D       		.uleb128 0xd
 1927 007a 00       		.byte	0
 1928 007b 03       		.uleb128 0x3
 1929 007c 08       		.uleb128 0x8
 1930 007d 3A       		.uleb128 0x3a
 1931 007e 0B       		.uleb128 0xb
 1932 007f 3B       		.uleb128 0x3b
 1933 0080 05       		.uleb128 0x5
 1934 0081 39       		.uleb128 0x39
 1935 0082 0B       		.uleb128 0xb
 1936 0083 49       		.uleb128 0x49
 1937 0084 13       		.uleb128 0x13
 1938 0085 38       		.uleb128 0x38
ARM GAS  /tmp/ccR3beyD.s 			page 35


 1939 0086 0B       		.uleb128 0xb
 1940 0087 00       		.byte	0
 1941 0088 00       		.byte	0
 1942 0089 0A       		.uleb128 0xa
 1943 008a 26       		.uleb128 0x26
 1944 008b 00       		.byte	0
 1945 008c 49       		.uleb128 0x49
 1946 008d 13       		.uleb128 0x13
 1947 008e 00       		.byte	0
 1948 008f 00       		.byte	0
 1949 0090 0B       		.uleb128 0xb
 1950 0091 05       		.uleb128 0x5
 1951 0092 00       		.byte	0
 1952 0093 03       		.uleb128 0x3
 1953 0094 08       		.uleb128 0x8
 1954 0095 3A       		.uleb128 0x3a
 1955 0096 21       		.uleb128 0x21
 1956 0097 12       		.sleb128 18
 1957 0098 3B       		.uleb128 0x3b
 1958 0099 05       		.uleb128 0x5
 1959 009a 39       		.uleb128 0x39
 1960 009b 0B       		.uleb128 0xb
 1961 009c 49       		.uleb128 0x49
 1962 009d 13       		.uleb128 0x13
 1963 009e 00       		.byte	0
 1964 009f 00       		.byte	0
 1965 00a0 0C       		.uleb128 0xc
 1966 00a1 34       		.uleb128 0x34
 1967 00a2 00       		.byte	0
 1968 00a3 03       		.uleb128 0x3
 1969 00a4 0E       		.uleb128 0xe
 1970 00a5 49       		.uleb128 0x49
 1971 00a6 13       		.uleb128 0x13
 1972 00a7 34       		.uleb128 0x34
 1973 00a8 19       		.uleb128 0x19
 1974 00a9 00       		.byte	0
 1975 00aa 00       		.byte	0
 1976 00ab 0D       		.uleb128 0xd
 1977 00ac 01       		.uleb128 0x1
 1978 00ad 01       		.byte	0x1
 1979 00ae 49       		.uleb128 0x49
 1980 00af 13       		.uleb128 0x13
 1981 00b0 01       		.uleb128 0x1
 1982 00b1 13       		.uleb128 0x13
 1983 00b2 00       		.byte	0
 1984 00b3 00       		.byte	0
 1985 00b4 0E       		.uleb128 0xe
 1986 00b5 21       		.uleb128 0x21
 1987 00b6 00       		.byte	0
 1988 00b7 49       		.uleb128 0x49
 1989 00b8 13       		.uleb128 0x13
 1990 00b9 2F       		.uleb128 0x2f
 1991 00ba 0B       		.uleb128 0xb
 1992 00bb 00       		.byte	0
 1993 00bc 00       		.byte	0
 1994 00bd 0F       		.uleb128 0xf
 1995 00be 05       		.uleb128 0x5
ARM GAS  /tmp/ccR3beyD.s 			page 36


 1996 00bf 00       		.byte	0
 1997 00c0 49       		.uleb128 0x49
 1998 00c1 13       		.uleb128 0x13
 1999 00c2 00       		.byte	0
 2000 00c3 00       		.byte	0
 2001 00c4 10       		.uleb128 0x10
 2002 00c5 05       		.uleb128 0x5
 2003 00c6 00       		.byte	0
 2004 00c7 03       		.uleb128 0x3
 2005 00c8 0E       		.uleb128 0xe
 2006 00c9 3A       		.uleb128 0x3a
 2007 00ca 0B       		.uleb128 0xb
 2008 00cb 3B       		.uleb128 0x3b
 2009 00cc 05       		.uleb128 0x5
 2010 00cd 39       		.uleb128 0x39
 2011 00ce 0B       		.uleb128 0xb
 2012 00cf 49       		.uleb128 0x49
 2013 00d0 13       		.uleb128 0x13
 2014 00d1 00       		.byte	0
 2015 00d2 00       		.byte	0
 2016 00d3 11       		.uleb128 0x11
 2017 00d4 13       		.uleb128 0x13
 2018 00d5 01       		.byte	0x1
 2019 00d6 0B       		.uleb128 0xb
 2020 00d7 0B       		.uleb128 0xb
 2021 00d8 3A       		.uleb128 0x3a
 2022 00d9 0B       		.uleb128 0xb
 2023 00da 3B       		.uleb128 0x3b
 2024 00db 0B       		.uleb128 0xb
 2025 00dc 39       		.uleb128 0x39
 2026 00dd 0B       		.uleb128 0xb
 2027 00de 01       		.uleb128 0x1
 2028 00df 13       		.uleb128 0x13
 2029 00e0 00       		.byte	0
 2030 00e1 00       		.byte	0
 2031 00e2 12       		.uleb128 0x12
 2032 00e3 0D       		.uleb128 0xd
 2033 00e4 00       		.byte	0
 2034 00e5 03       		.uleb128 0x3
 2035 00e6 0E       		.uleb128 0xe
 2036 00e7 3A       		.uleb128 0x3a
 2037 00e8 0B       		.uleb128 0xb
 2038 00e9 3B       		.uleb128 0x3b
 2039 00ea 0B       		.uleb128 0xb
 2040 00eb 39       		.uleb128 0x39
 2041 00ec 0B       		.uleb128 0xb
 2042 00ed 49       		.uleb128 0x49
 2043 00ee 13       		.uleb128 0x13
 2044 00ef 00       		.byte	0
 2045 00f0 00       		.byte	0
 2046 00f1 13       		.uleb128 0x13
 2047 00f2 0D       		.uleb128 0xd
 2048 00f3 00       		.byte	0
 2049 00f4 03       		.uleb128 0x3
 2050 00f5 0E       		.uleb128 0xe
 2051 00f6 3A       		.uleb128 0x3a
 2052 00f7 21       		.uleb128 0x21
ARM GAS  /tmp/ccR3beyD.s 			page 37


 2053 00f8 06       		.sleb128 6
 2054 00f9 3B       		.uleb128 0x3b
 2055 00fa 05       		.uleb128 0x5
 2056 00fb 39       		.uleb128 0x39
 2057 00fc 0B       		.uleb128 0xb
 2058 00fd 49       		.uleb128 0x49
 2059 00fe 13       		.uleb128 0x13
 2060 00ff 00       		.byte	0
 2061 0100 00       		.byte	0
 2062 0101 14       		.uleb128 0x14
 2063 0102 2E       		.uleb128 0x2e
 2064 0103 01       		.byte	0x1
 2065 0104 3F       		.uleb128 0x3f
 2066 0105 19       		.uleb128 0x19
 2067 0106 03       		.uleb128 0x3
 2068 0107 0E       		.uleb128 0xe
 2069 0108 3A       		.uleb128 0x3a
 2070 0109 21       		.uleb128 0x21
 2071 010a 12       		.sleb128 18
 2072 010b 3B       		.uleb128 0x3b
 2073 010c 05       		.uleb128 0x5
 2074 010d 39       		.uleb128 0x39
 2075 010e 21       		.uleb128 0x21
 2076 010f 07       		.sleb128 7
 2077 0110 27       		.uleb128 0x27
 2078 0111 19       		.uleb128 0x19
 2079 0112 49       		.uleb128 0x49
 2080 0113 13       		.uleb128 0x13
 2081 0114 01       		.uleb128 0x1
 2082 0115 13       		.uleb128 0x13
 2083 0116 00       		.byte	0
 2084 0117 00       		.byte	0
 2085 0118 15       		.uleb128 0x15
 2086 0119 2E       		.uleb128 0x2e
 2087 011a 00       		.byte	0
 2088 011b 3F       		.uleb128 0x3f
 2089 011c 19       		.uleb128 0x19
 2090 011d 03       		.uleb128 0x3
 2091 011e 0E       		.uleb128 0xe
 2092 011f 3A       		.uleb128 0x3a
 2093 0120 0B       		.uleb128 0xb
 2094 0121 3B       		.uleb128 0x3b
 2095 0122 0B       		.uleb128 0xb
 2096 0123 39       		.uleb128 0x39
 2097 0124 21       		.uleb128 0x21
 2098 0125 08       		.sleb128 8
 2099 0126 27       		.uleb128 0x27
 2100 0127 19       		.uleb128 0x19
 2101 0128 3C       		.uleb128 0x3c
 2102 0129 19       		.uleb128 0x19
 2103 012a 00       		.byte	0
 2104 012b 00       		.byte	0
 2105 012c 16       		.uleb128 0x16
 2106 012d 13       		.uleb128 0x13
 2107 012e 01       		.byte	0x1
 2108 012f 03       		.uleb128 0x3
 2109 0130 0E       		.uleb128 0xe
ARM GAS  /tmp/ccR3beyD.s 			page 38


 2110 0131 0B       		.uleb128 0xb
 2111 0132 0B       		.uleb128 0xb
 2112 0133 3A       		.uleb128 0x3a
 2113 0134 0B       		.uleb128 0xb
 2114 0135 3B       		.uleb128 0x3b
 2115 0136 05       		.uleb128 0x5
 2116 0137 39       		.uleb128 0x39
 2117 0138 0B       		.uleb128 0xb
 2118 0139 01       		.uleb128 0x1
 2119 013a 13       		.uleb128 0x13
 2120 013b 00       		.byte	0
 2121 013c 00       		.byte	0
 2122 013d 17       		.uleb128 0x17
 2123 013e 34       		.uleb128 0x34
 2124 013f 00       		.byte	0
 2125 0140 03       		.uleb128 0x3
 2126 0141 0E       		.uleb128 0xe
 2127 0142 3A       		.uleb128 0x3a
 2128 0143 21       		.uleb128 0x21
 2129 0144 12       		.sleb128 18
 2130 0145 3B       		.uleb128 0x3b
 2131 0146 05       		.uleb128 0x5
 2132 0147 39       		.uleb128 0x39
 2133 0148 21       		.uleb128 0x21
 2134 0149 09       		.sleb128 9
 2135 014a 49       		.uleb128 0x49
 2136 014b 13       		.uleb128 0x13
 2137 014c 00       		.byte	0
 2138 014d 00       		.byte	0
 2139 014e 18       		.uleb128 0x18
 2140 014f 17       		.uleb128 0x17
 2141 0150 01       		.byte	0x1
 2142 0151 0B       		.uleb128 0xb
 2143 0152 0B       		.uleb128 0xb
 2144 0153 3A       		.uleb128 0x3a
 2145 0154 0B       		.uleb128 0xb
 2146 0155 3B       		.uleb128 0x3b
 2147 0156 0B       		.uleb128 0xb
 2148 0157 39       		.uleb128 0x39
 2149 0158 21       		.uleb128 0x21
 2150 0159 03       		.sleb128 3
 2151 015a 01       		.uleb128 0x1
 2152 015b 13       		.uleb128 0x13
 2153 015c 00       		.byte	0
 2154 015d 00       		.byte	0
 2155 015e 19       		.uleb128 0x19
 2156 015f 0D       		.uleb128 0xd
 2157 0160 00       		.byte	0
 2158 0161 03       		.uleb128 0x3
 2159 0162 08       		.uleb128 0x8
 2160 0163 3A       		.uleb128 0x3a
 2161 0164 21       		.uleb128 0x21
 2162 0165 0B       		.sleb128 11
 2163 0166 3B       		.uleb128 0x3b
 2164 0167 0B       		.uleb128 0xb
 2165 0168 39       		.uleb128 0x39
 2166 0169 21       		.uleb128 0x21
ARM GAS  /tmp/ccR3beyD.s 			page 39


 2167 016a 07       		.sleb128 7
 2168 016b 49       		.uleb128 0x49
 2169 016c 13       		.uleb128 0x13
 2170 016d 00       		.byte	0
 2171 016e 00       		.byte	0
 2172 016f 1A       		.uleb128 0x1a
 2173 0170 0D       		.uleb128 0xd
 2174 0171 00       		.byte	0
 2175 0172 03       		.uleb128 0x3
 2176 0173 0E       		.uleb128 0xe
 2177 0174 3A       		.uleb128 0x3a
 2178 0175 21       		.uleb128 0x21
 2179 0176 0B       		.sleb128 11
 2180 0177 3B       		.uleb128 0x3b
 2181 0178 0B       		.uleb128 0xb
 2182 0179 39       		.uleb128 0x39
 2183 017a 21       		.uleb128 0x21
 2184 017b 19       		.sleb128 25
 2185 017c 49       		.uleb128 0x49
 2186 017d 13       		.uleb128 0x13
 2187 017e 0D       		.uleb128 0xd
 2188 017f 0B       		.uleb128 0xb
 2189 0180 6B       		.uleb128 0x6b
 2190 0181 0B       		.uleb128 0xb
 2191 0182 00       		.byte	0
 2192 0183 00       		.byte	0
 2193 0184 1B       		.uleb128 0x1b
 2194 0185 2E       		.uleb128 0x2e
 2195 0186 01       		.byte	0x1
 2196 0187 3F       		.uleb128 0x3f
 2197 0188 19       		.uleb128 0x19
 2198 0189 03       		.uleb128 0x3
 2199 018a 0E       		.uleb128 0xe
 2200 018b 3A       		.uleb128 0x3a
 2201 018c 21       		.uleb128 0x21
 2202 018d 10       		.sleb128 16
 2203 018e 3B       		.uleb128 0x3b
 2204 018f 05       		.uleb128 0x5
 2205 0190 39       		.uleb128 0x39
 2206 0191 21       		.uleb128 0x21
 2207 0192 08       		.sleb128 8
 2208 0193 27       		.uleb128 0x27
 2209 0194 19       		.uleb128 0x19
 2210 0195 3C       		.uleb128 0x3c
 2211 0196 19       		.uleb128 0x19
 2212 0197 01       		.uleb128 0x1
 2213 0198 13       		.uleb128 0x13
 2214 0199 00       		.byte	0
 2215 019a 00       		.byte	0
 2216 019b 1C       		.uleb128 0x1c
 2217 019c 2E       		.uleb128 0x2e
 2218 019d 01       		.byte	0x1
 2219 019e 3F       		.uleb128 0x3f
 2220 019f 19       		.uleb128 0x19
 2221 01a0 03       		.uleb128 0x3
 2222 01a1 0E       		.uleb128 0xe
 2223 01a2 3A       		.uleb128 0x3a
ARM GAS  /tmp/ccR3beyD.s 			page 40


 2224 01a3 21       		.uleb128 0x21
 2225 01a4 12       		.sleb128 18
 2226 01a5 3B       		.uleb128 0x3b
 2227 01a6 0B       		.uleb128 0xb
 2228 01a7 39       		.uleb128 0x39
 2229 01a8 21       		.uleb128 0x21
 2230 01a9 07       		.sleb128 7
 2231 01aa 27       		.uleb128 0x27
 2232 01ab 19       		.uleb128 0x19
 2233 01ac 49       		.uleb128 0x49
 2234 01ad 13       		.uleb128 0x13
 2235 01ae 01       		.uleb128 0x1
 2236 01af 13       		.uleb128 0x13
 2237 01b0 00       		.byte	0
 2238 01b1 00       		.byte	0
 2239 01b2 1D       		.uleb128 0x1d
 2240 01b3 2E       		.uleb128 0x2e
 2241 01b4 01       		.byte	0x1
 2242 01b5 3F       		.uleb128 0x3f
 2243 01b6 19       		.uleb128 0x19
 2244 01b7 03       		.uleb128 0x3
 2245 01b8 0E       		.uleb128 0xe
 2246 01b9 3A       		.uleb128 0x3a
 2247 01ba 21       		.uleb128 0x21
 2248 01bb 12       		.sleb128 18
 2249 01bc 3B       		.uleb128 0x3b
 2250 01bd 0B       		.uleb128 0xb
 2251 01be 39       		.uleb128 0x39
 2252 01bf 21       		.uleb128 0x21
 2253 01c0 06       		.sleb128 6
 2254 01c1 27       		.uleb128 0x27
 2255 01c2 19       		.uleb128 0x19
 2256 01c3 01       		.uleb128 0x1
 2257 01c4 13       		.uleb128 0x13
 2258 01c5 00       		.byte	0
 2259 01c6 00       		.byte	0
 2260 01c7 1E       		.uleb128 0x1e
 2261 01c8 2E       		.uleb128 0x2e
 2262 01c9 01       		.byte	0x1
 2263 01ca 03       		.uleb128 0x3
 2264 01cb 0E       		.uleb128 0xe
 2265 01cc 3A       		.uleb128 0x3a
 2266 01cd 21       		.uleb128 0x21
 2267 01ce 0F       		.sleb128 15
 2268 01cf 3B       		.uleb128 0x3b
 2269 01d0 0B       		.uleb128 0xb
 2270 01d1 39       		.uleb128 0x39
 2271 01d2 21       		.uleb128 0x21
 2272 01d3 16       		.sleb128 22
 2273 01d4 27       		.uleb128 0x27
 2274 01d5 19       		.uleb128 0x19
 2275 01d6 49       		.uleb128 0x49
 2276 01d7 13       		.uleb128 0x13
 2277 01d8 01       		.uleb128 0x1
 2278 01d9 13       		.uleb128 0x13
 2279 01da 00       		.byte	0
 2280 01db 00       		.byte	0
ARM GAS  /tmp/ccR3beyD.s 			page 41


 2281 01dc 1F       		.uleb128 0x1f
 2282 01dd 2E       		.uleb128 0x2e
 2283 01de 00       		.byte	0
 2284 01df 03       		.uleb128 0x3
 2285 01e0 0E       		.uleb128 0xe
 2286 01e1 3A       		.uleb128 0x3a
 2287 01e2 0B       		.uleb128 0xb
 2288 01e3 3B       		.uleb128 0x3b
 2289 01e4 05       		.uleb128 0x5
 2290 01e5 39       		.uleb128 0x39
 2291 01e6 0B       		.uleb128 0xb
 2292 01e7 27       		.uleb128 0x27
 2293 01e8 19       		.uleb128 0x19
 2294 01e9 00       		.byte	0
 2295 01ea 00       		.byte	0
 2296 01eb 20       		.uleb128 0x20
 2297 01ec 35       		.uleb128 0x35
 2298 01ed 00       		.byte	0
 2299 01ee 49       		.uleb128 0x49
 2300 01ef 13       		.uleb128 0x13
 2301 01f0 00       		.byte	0
 2302 01f1 00       		.byte	0
 2303 01f2 21       		.uleb128 0x21
 2304 01f3 16       		.uleb128 0x16
 2305 01f4 00       		.byte	0
 2306 01f5 03       		.uleb128 0x3
 2307 01f6 0E       		.uleb128 0xe
 2308 01f7 3A       		.uleb128 0x3a
 2309 01f8 21       		.uleb128 0x21
 2310 01f9 06       		.sleb128 6
 2311 01fa 3B       		.uleb128 0x3b
 2312 01fb 05       		.uleb128 0x5
 2313 01fc 39       		.uleb128 0x39
 2314 01fd 21       		.uleb128 0x21
 2315 01fe 03       		.sleb128 3
 2316 01ff 49       		.uleb128 0x49
 2317 0200 13       		.uleb128 0x13
 2318 0201 00       		.byte	0
 2319 0202 00       		.byte	0
 2320 0203 22       		.uleb128 0x22
 2321 0204 05       		.uleb128 0x5
 2322 0205 00       		.byte	0
 2323 0206 03       		.uleb128 0x3
 2324 0207 0E       		.uleb128 0xe
 2325 0208 3A       		.uleb128 0x3a
 2326 0209 21       		.uleb128 0x21
 2327 020a 12       		.sleb128 18
 2328 020b 3B       		.uleb128 0x3b
 2329 020c 0B       		.uleb128 0xb
 2330 020d 39       		.uleb128 0x39
 2331 020e 0B       		.uleb128 0xb
 2332 020f 49       		.uleb128 0x49
 2333 0210 13       		.uleb128 0x13
 2334 0211 00       		.byte	0
 2335 0212 00       		.byte	0
 2336 0213 23       		.uleb128 0x23
 2337 0214 34       		.uleb128 0x34
ARM GAS  /tmp/ccR3beyD.s 			page 42


 2338 0215 00       		.byte	0
 2339 0216 03       		.uleb128 0x3
 2340 0217 0E       		.uleb128 0xe
 2341 0218 3A       		.uleb128 0x3a
 2342 0219 21       		.uleb128 0x21
 2343 021a 12       		.sleb128 18
 2344 021b 3B       		.uleb128 0x3b
 2345 021c 0B       		.uleb128 0xb
 2346 021d 39       		.uleb128 0x39
 2347 021e 21       		.uleb128 0x21
 2348 021f 09       		.sleb128 9
 2349 0220 49       		.uleb128 0x49
 2350 0221 13       		.uleb128 0x13
 2351 0222 00       		.byte	0
 2352 0223 00       		.byte	0
 2353 0224 24       		.uleb128 0x24
 2354 0225 11       		.uleb128 0x11
 2355 0226 01       		.byte	0x1
 2356 0227 25       		.uleb128 0x25
 2357 0228 0E       		.uleb128 0xe
 2358 0229 13       		.uleb128 0x13
 2359 022a 0B       		.uleb128 0xb
 2360 022b 03       		.uleb128 0x3
 2361 022c 0E       		.uleb128 0xe
 2362 022d 1B       		.uleb128 0x1b
 2363 022e 0E       		.uleb128 0xe
 2364 022f 10       		.uleb128 0x10
 2365 0230 17       		.uleb128 0x17
 2366 0231 00       		.byte	0
 2367 0232 00       		.byte	0
 2368 0233 25       		.uleb128 0x25
 2369 0234 24       		.uleb128 0x24
 2370 0235 00       		.byte	0
 2371 0236 0B       		.uleb128 0xb
 2372 0237 0B       		.uleb128 0xb
 2373 0238 3E       		.uleb128 0x3e
 2374 0239 0B       		.uleb128 0xb
 2375 023a 03       		.uleb128 0x3
 2376 023b 08       		.uleb128 0x8
 2377 023c 00       		.byte	0
 2378 023d 00       		.byte	0
 2379 023e 26       		.uleb128 0x26
 2380 023f 13       		.uleb128 0x13
 2381 0240 01       		.byte	0x1
 2382 0241 03       		.uleb128 0x3
 2383 0242 0E       		.uleb128 0xe
 2384 0243 0B       		.uleb128 0xb
 2385 0244 05       		.uleb128 0x5
 2386 0245 3A       		.uleb128 0x3a
 2387 0246 0B       		.uleb128 0xb
 2388 0247 3B       		.uleb128 0x3b
 2389 0248 05       		.uleb128 0x5
 2390 0249 39       		.uleb128 0x39
 2391 024a 0B       		.uleb128 0xb
 2392 024b 01       		.uleb128 0x1
 2393 024c 13       		.uleb128 0x13
 2394 024d 00       		.byte	0
ARM GAS  /tmp/ccR3beyD.s 			page 43


 2395 024e 00       		.byte	0
 2396 024f 27       		.uleb128 0x27
 2397 0250 0F       		.uleb128 0xf
 2398 0251 00       		.byte	0
 2399 0252 0B       		.uleb128 0xb
 2400 0253 0B       		.uleb128 0xb
 2401 0254 00       		.byte	0
 2402 0255 00       		.byte	0
 2403 0256 28       		.uleb128 0x28
 2404 0257 13       		.uleb128 0x13
 2405 0258 01       		.byte	0x1
 2406 0259 0B       		.uleb128 0xb
 2407 025a 05       		.uleb128 0x5
 2408 025b 3A       		.uleb128 0x3a
 2409 025c 0B       		.uleb128 0xb
 2410 025d 3B       		.uleb128 0x3b
 2411 025e 0B       		.uleb128 0xb
 2412 025f 39       		.uleb128 0x39
 2413 0260 0B       		.uleb128 0xb
 2414 0261 01       		.uleb128 0x1
 2415 0262 13       		.uleb128 0x13
 2416 0263 00       		.byte	0
 2417 0264 00       		.byte	0
 2418 0265 29       		.uleb128 0x29
 2419 0266 34       		.uleb128 0x34
 2420 0267 00       		.byte	0
 2421 0268 03       		.uleb128 0x3
 2422 0269 08       		.uleb128 0x8
 2423 026a 3A       		.uleb128 0x3a
 2424 026b 0B       		.uleb128 0xb
 2425 026c 3B       		.uleb128 0x3b
 2426 026d 05       		.uleb128 0x5
 2427 026e 39       		.uleb128 0x39
 2428 026f 0B       		.uleb128 0xb
 2429 0270 49       		.uleb128 0x49
 2430 0271 13       		.uleb128 0x13
 2431 0272 3F       		.uleb128 0x3f
 2432 0273 19       		.uleb128 0x19
 2433 0274 3C       		.uleb128 0x3c
 2434 0275 19       		.uleb128 0x19
 2435 0276 00       		.byte	0
 2436 0277 00       		.byte	0
 2437 0278 2A       		.uleb128 0x2a
 2438 0279 2E       		.uleb128 0x2e
 2439 027a 01       		.byte	0x1
 2440 027b 3F       		.uleb128 0x3f
 2441 027c 19       		.uleb128 0x19
 2442 027d 03       		.uleb128 0x3
 2443 027e 0E       		.uleb128 0xe
 2444 027f 3A       		.uleb128 0x3a
 2445 0280 0B       		.uleb128 0xb
 2446 0281 3B       		.uleb128 0x3b
 2447 0282 05       		.uleb128 0x5
 2448 0283 39       		.uleb128 0x39
 2449 0284 0B       		.uleb128 0xb
 2450 0285 27       		.uleb128 0x27
 2451 0286 19       		.uleb128 0x19
ARM GAS  /tmp/ccR3beyD.s 			page 44


 2452 0287 49       		.uleb128 0x49
 2453 0288 13       		.uleb128 0x13
 2454 0289 3C       		.uleb128 0x3c
 2455 028a 19       		.uleb128 0x19
 2456 028b 01       		.uleb128 0x1
 2457 028c 13       		.uleb128 0x13
 2458 028d 00       		.byte	0
 2459 028e 00       		.byte	0
 2460 028f 2B       		.uleb128 0x2b
 2461 0290 2E       		.uleb128 0x2e
 2462 0291 01       		.byte	0x1
 2463 0292 3F       		.uleb128 0x3f
 2464 0293 19       		.uleb128 0x19
 2465 0294 03       		.uleb128 0x3
 2466 0295 0E       		.uleb128 0xe
 2467 0296 3A       		.uleb128 0x3a
 2468 0297 0B       		.uleb128 0xb
 2469 0298 3B       		.uleb128 0x3b
 2470 0299 0B       		.uleb128 0xb
 2471 029a 39       		.uleb128 0x39
 2472 029b 0B       		.uleb128 0xb
 2473 029c 27       		.uleb128 0x27
 2474 029d 19       		.uleb128 0x19
 2475 029e 3C       		.uleb128 0x3c
 2476 029f 19       		.uleb128 0x19
 2477 02a0 01       		.uleb128 0x1
 2478 02a1 13       		.uleb128 0x13
 2479 02a2 00       		.byte	0
 2480 02a3 00       		.byte	0
 2481 02a4 2C       		.uleb128 0x2c
 2482 02a5 2E       		.uleb128 0x2e
 2483 02a6 01       		.byte	0x1
 2484 02a7 03       		.uleb128 0x3
 2485 02a8 0E       		.uleb128 0xe
 2486 02a9 3A       		.uleb128 0x3a
 2487 02aa 0B       		.uleb128 0xb
 2488 02ab 3B       		.uleb128 0x3b
 2489 02ac 05       		.uleb128 0x5
 2490 02ad 39       		.uleb128 0x39
 2491 02ae 0B       		.uleb128 0xb
 2492 02af 27       		.uleb128 0x27
 2493 02b0 19       		.uleb128 0x19
 2494 02b1 01       		.uleb128 0x1
 2495 02b2 13       		.uleb128 0x13
 2496 02b3 00       		.byte	0
 2497 02b4 00       		.byte	0
 2498 02b5 2D       		.uleb128 0x2d
 2499 02b6 2E       		.uleb128 0x2e
 2500 02b7 01       		.byte	0x1
 2501 02b8 03       		.uleb128 0x3
 2502 02b9 0E       		.uleb128 0xe
 2503 02ba 3A       		.uleb128 0x3a
 2504 02bb 0B       		.uleb128 0xb
 2505 02bc 3B       		.uleb128 0x3b
 2506 02bd 05       		.uleb128 0x5
 2507 02be 39       		.uleb128 0x39
 2508 02bf 0B       		.uleb128 0xb
ARM GAS  /tmp/ccR3beyD.s 			page 45


 2509 02c0 27       		.uleb128 0x27
 2510 02c1 19       		.uleb128 0x19
 2511 02c2 00       		.byte	0
 2512 02c3 00       		.byte	0
 2513 02c4 00       		.byte	0
 2514              		.section	.gnu.debuglto_.debug_line,"e",%progbits
 2515              	.Ldebug_line0:
 2516 0000 B5000000 		.4byte	.LELT0-.LSLT0
 2517              	.LSLT0:
 2518 0004 0500     		.2byte	0x5
 2519 0006 04       		.byte	0x4
 2520 0007 00       		.byte	0
 2521 0008 AD000000 		.4byte	.LELTP0-.LASLTP0
 2522              	.LASLTP0:
 2523 000c 01       		.byte	0x1
 2524 000d 01       		.byte	0x1
 2525 000e 01       		.byte	0x1
 2526 000f F6       		.byte	0xf6
 2527 0010 F2       		.byte	0xf2
 2528 0011 0D       		.byte	0xd
 2529 0012 00       		.byte	0
 2530 0013 01       		.byte	0x1
 2531 0014 01       		.byte	0x1
 2532 0015 01       		.byte	0x1
 2533 0016 01       		.byte	0x1
 2534 0017 00       		.byte	0
 2535 0018 00       		.byte	0
 2536 0019 00       		.byte	0
 2537 001a 01       		.byte	0x1
 2538 001b 00       		.byte	0
 2539 001c 00       		.byte	0
 2540 001d 01       		.byte	0x1
 2541 001e 01       		.byte	0x1
 2542 001f 01       		.uleb128 0x1
 2543 0020 1F       		.uleb128 0x1f
 2544 0021 0A       		.uleb128 0xa
 2545 0022 88000000 		.4byte	.LASF169
 2546 0026 0C010000 		.4byte	.LASF170
 2547 002a 72020000 		.4byte	.LASF171
 2548 002e 83030000 		.4byte	.LASF172
 2549 0032 FD020000 		.4byte	.LASF173
 2550 0036 DC020000 		.4byte	.LASF174
 2551 003a 47020000 		.4byte	.LASF175
 2552 003e 11000000 		.4byte	.LASF176
 2553 0042 C3010000 		.4byte	.LASF177
 2554 0046 45010000 		.4byte	.LASF178
 2555 004a 02       		.byte	0x2
 2556 004b 01       		.uleb128 0x1
 2557 004c 1F       		.uleb128 0x1f
 2558 004d 02       		.uleb128 0x2
 2559 004e 0B       		.uleb128 0xb
 2560 004f 15       		.uleb128 0x15
 2561 0050 22030000 		.4byte	.LASF179
 2562 0054 00       		.byte	0
 2563 0055 D3020000 		.4byte	.LASF180
 2564 0059 09       		.byte	0x9
 2565 005a 00000000 		.4byte	.LASF181
ARM GAS  /tmp/ccR3beyD.s 			page 46


 2566 005e 07       		.byte	0x7
 2567 005f AB020000 		.4byte	.LASF182
 2568 0063 08       		.byte	0x8
 2569 0064 A1020000 		.4byte	.LASF183
 2570 0068 02       		.byte	0x2
 2571 0069 59030000 		.4byte	.LASF184
 2572 006d 06       		.byte	0x6
 2573 006e C7020000 		.4byte	.LASF185
 2574 0072 06       		.byte	0x6
 2575 0073 36020000 		.4byte	.LASF186
 2576 0077 06       		.byte	0x6
 2577 0078 6F030000 		.4byte	.LASF187
 2578 007c 06       		.byte	0x6
 2579 007d 69020000 		.4byte	.LASF188
 2580 0081 06       		.byte	0x6
 2581 0082 BD020000 		.4byte	.LASF189
 2582 0086 06       		.byte	0x6
 2583 0087 79030000 		.4byte	.LASF190
 2584 008b 06       		.byte	0x6
 2585 008c F0000000 		.4byte	.LASF191
 2586 0090 03       		.byte	0x3
 2587 0091 04010000 		.4byte	.LASF192
 2588 0095 06       		.byte	0x6
 2589 0096 3F020000 		.4byte	.LASF193
 2590 009a 06       		.byte	0x6
 2591 009b F9000000 		.4byte	.LASF194
 2592 009f 04       		.byte	0x4
 2593 00a0 DB000000 		.4byte	.LASF195
 2594 00a4 06       		.byte	0x6
 2595 00a5 E7000000 		.4byte	.LASF196
 2596 00a9 06       		.byte	0x6
 2597 00aa 4E030000 		.4byte	.LASF197
 2598 00ae 05       		.byte	0x5
 2599 00af B5020000 		.4byte	.LASF198
 2600 00b3 06       		.byte	0x6
 2601 00b4 63030000 		.4byte	.LASF199
 2602 00b8 01       		.byte	0x1
 2603              	.LELTP0:
 2604              	.LELT0:
 2605              		.section	.gnu.debuglto_.debug_str,"eMS",%progbits,1
 2606              	.LASF119:
 2607 0000 72656164 		.ascii	"ready_list_t\000"
 2607      795F6C69 
 2607      73745F74 
 2607      00
 2608              	.LASF4:
 2609 000d 73697A65 		.ascii	"size_t\000"
 2609      5F7400
 2610              	.LASF71:
 2611 0014 6E657874 		.ascii	"next\000"
 2611      00
 2612              	.LASF80:
 2613 0019 64656C74 		.ascii	"delta\000"
 2613      6100
 2614              	.LASF108:
 2615 001f 7264796D 		.ascii	"rdymsg\000"
 2615      736700
ARM GAS  /tmp/ccR3beyD.s 			page 47


 2616              	.LASF20:
 2617 0026 75696E74 		.ascii	"uint64_t\000"
 2617      36345F74 
 2617      00
 2618              	.LASF133:
 2619 002f 63685468 		.ascii	"chThdDequeueAllI\000"
 2619      64446571 
 2619      75657565 
 2619      416C6C49 
 2619      00
 2620              	.LASF141:
 2621 0040 63684D42 		.ascii	"chMBFetchI\000"
 2621      46657463 
 2621      684900
 2622              	.LASF5:
 2623 004b 5F5F7569 		.ascii	"__uint8_t\000"
 2623      6E74385F 
 2623      7400
 2624              	.LASF150:
 2625 0055 63684D42 		.ascii	"chMBPostI\000"
 2625      506F7374 
 2625      4900
 2626              	.LASF93:
 2627 005f 706F7274 		.ascii	"port_intctx\000"
 2627      5F696E74 
 2627      63747800 
 2628              	.LASF66:
 2629 006b 73797374 		.ascii	"system_debug_t\000"
 2629      656D5F64 
 2629      65627567 
 2629      5F7400
 2630              	.LASF85:
 2631 007a 74797065 		.ascii	"type\000"
 2631      00
 2632              	.LASF75:
 2633 007f 63685F70 		.ascii	"ch_priority_queue_t\000"
 2633      72696F72 
 2633      6974795F 
 2633      71756575 
 2633      655F7400 
 2634              	.LASF140:
 2635 0093 63685379 		.ascii	"chSysHalt\000"
 2635      7348616C 
 2635      7400
 2636              	.LASF147:
 2637 009d 63684D42 		.ascii	"chMBPostAheadI\000"
 2637      506F7374 
 2637      41686561 
 2637      644900
 2638              	.LASF15:
 2639 00ac 6C6F6E67 		.ascii	"long long unsigned int\000"
 2639      206C6F6E 
 2639      6720756E 
 2639      7369676E 
 2639      65642069 
 2640              	.LASF109:
 2641 00c3 65786974 		.ascii	"exitcode\000"
ARM GAS  /tmp/ccR3beyD.s 			page 48


 2641      636F6465 
 2641      00
 2642              	.LASF55:
 2643 00cc 6D61696E 		.ascii	"mainthread\000"
 2643      74687265 
 2643      616400
 2644              	.LASF111:
 2645 00d7 73656E74 		.ascii	"sentmsg\000"
 2645      6D736700 
 2646              	.LASF99:
 2647 00df 76697274 		.ascii	"virtual_timers_list_t\000"
 2647      75616C5F 
 2647      74696D65 
 2647      72735F6C 
 2647      6973745F 
 2648              	.LASF104:
 2649 00f5 63685F74 		.ascii	"ch_threads_queue\000"
 2649      68726561 
 2649      64735F71 
 2649      75657565 
 2649      00
 2650              	.LASF39:
 2651 0106 72656673 		.ascii	"refs\000"
 2651      00
 2652              	.LASF1:
 2653 010b 6C6F6E67 		.ascii	"long long int\000"
 2653      206C6F6E 
 2653      6720696E 
 2653      7400
 2654              	.LASF3:
 2655 0119 7369676E 		.ascii	"signed char\000"
 2655      65642063 
 2655      68617200 
 2656              	.LASF152:
 2657 0125 63684D42 		.ascii	"chMBPostTimeout\000"
 2657      506F7374 
 2657      54696D65 
 2657      6F757400 
 2658              	.LASF79:
 2659 0135 63685F64 		.ascii	"ch_delta_list\000"
 2659      656C7461 
 2659      5F6C6973 
 2659      7400
 2660              	.LASF131:
 2661 0143 6D61696C 		.ascii	"mailbox_t\000"
 2661      626F785F 
 2661      7400
 2662              	.LASF162:
 2663 014d 62617365 		.ascii	"basePri\000"
 2663      50726900 
 2664              	.LASF50:
 2665 0155 76746C69 		.ascii	"vtlist\000"
 2665      737400
 2666              	.LASF160:
 2667 015c 706F7274 		.ascii	"port_unlock\000"
 2667      5F756E6C 
 2667      6F636B00 
ARM GAS  /tmp/ccR3beyD.s 			page 49


 2668              	.LASF107:
 2669 0168 70717565 		.ascii	"pqueue\000"
 2669      756500
 2670              	.LASF37:
 2671 016f 73746174 		.ascii	"state\000"
 2671      6500
 2672              	.LASF11:
 2673 0175 6C6F6E67 		.ascii	"long int\000"
 2673      20696E74 
 2673      00
 2674              	.LASF24:
 2675 017e 74737461 		.ascii	"tstate_t\000"
 2675      74655F74 
 2675      00
 2676              	.LASF58:
 2677 0187 63685F72 		.ascii	"ch_rfcu\000"
 2677      66637500 
 2678              	.LASF73:
 2679 018f 63685F71 		.ascii	"ch_queue\000"
 2679      75657565 
 2679      00
 2680              	.LASF17:
 2681 0198 75696E74 		.ascii	"uint16_t\000"
 2681      31365F74 
 2681      00
 2682              	.LASF78:
 2683 01a1 63685F64 		.ascii	"ch_delta_list_t\000"
 2683      656C7461 
 2683      5F6C6973 
 2683      745F7400 
 2684              	.LASF127:
 2685 01b1 77727074 		.ascii	"wrptr\000"
 2685      7200
 2686              	.LASF132:
 2687 01b7 63685468 		.ascii	"chThdDequeueNextI\000"
 2687      64446571 
 2687      75657565 
 2687      4E657874 
 2687      4900
 2688              	.LASF100:
 2689 01c9 63685F72 		.ascii	"ch_registry\000"
 2689      65676973 
 2689      74727900 
 2690              	.LASF156:
 2691 01d5 63684D42 		.ascii	"chMBGetFreeCountI\000"
 2691      47657446 
 2691      72656543 
 2691      6F756E74 
 2691      4900
 2692              	.LASF138:
 2693 01e7 63685363 		.ascii	"chSchRescheduleS\000"
 2693      68526573 
 2693      63686564 
 2693      756C6553 
 2693      00
 2694              	.LASF12:
 2695 01f8 5F5F7569 		.ascii	"__uint32_t\000"
ARM GAS  /tmp/ccR3beyD.s 			page 50


 2695      6E743332 
 2695      5F7400
 2696              	.LASF36:
 2697 0203 7761656E 		.ascii	"waend\000"
 2697      6400
 2698              	.LASF129:
 2699 0209 72657365 		.ascii	"reset\000"
 2699      7400
 2700              	.LASF40:
 2701 020f 77616974 		.ascii	"waiting\000"
 2701      696E6700 
 2702              	.LASF121:
 2703 0217 6D61696E 		.ascii	"mainthread_base\000"
 2703      74687265 
 2703      61645F62 
 2703      61736500 
 2704              	.LASF126:
 2705 0227 6D757465 		.ascii	"mutex_t\000"
 2705      785F7400 
 2706              	.LASF64:
 2707 022f 6C6F636B 		.ascii	"lock_cnt\000"
 2707      5F636E74 
 2707      00
 2708              	.LASF68:
 2709 0238 73797369 		.ascii	"sysinterval_t\000"
 2709      6E746572 
 2709      76616C5F 
 2709      7400
 2710              	.LASF29:
 2711 0246 636E745F 		.ascii	"cnt_t\000"
 2711      7400
 2712              	.LASF41:
 2713 024c 6D736771 		.ascii	"msgqueue\000"
 2713      75657565 
 2713      00
 2714              	.LASF0:
 2715 0255 756E7369 		.ascii	"unsigned int\000"
 2715      676E6564 
 2715      20696E74 
 2715      00
 2716              	.LASF136:
 2717 0262 5F5F6462 		.ascii	"__dbg_check_unlock\000"
 2717      675F6368 
 2717      65636B5F 
 2717      756E6C6F 
 2717      636B00
 2718              	.LASF112:
 2719 0275 77747365 		.ascii	"wtsemp\000"
 2719      6D7000
 2720              	.LASF110:
 2721 027c 77747472 		.ascii	"wttrp\000"
 2721      7000
 2722              	.LASF32:
 2723 0282 72717565 		.ascii	"rqueue\000"
 2723      756500
 2724              	.LASF72:
 2725 0289 63685F71 		.ascii	"ch_queue_t\000"
ARM GAS  /tmp/ccR3beyD.s 			page 51


 2725      75657565 
 2725      5F7400
 2726              	.LASF144:
 2727 0294 74696D65 		.ascii	"timeout\000"
 2727      6F757400 
 2728              	.LASF34:
 2729 029c 6E616D65 		.ascii	"name\000"
 2729      00
 2730              	.LASF101:
 2731 02a1 71756575 		.ascii	"queue\000"
 2731      6500
 2732              	.LASF52:
 2733 02a7 636F7265 		.ascii	"core_id\000"
 2733      5F696400 
 2734              	.LASF163:
 2735 02af 474E5520 		.ascii	"GNU C17 11.3.1 20220712 -mcpu=cortex-m4 -mthumb -mf"
 2735      43313720 
 2735      31312E33 
 2735      2E312032 
 2735      30323230 
 2736 02e2 6C6F6174 		.ascii	"loat-abi=soft -march=armv7e-m -ggdb -O2 -fomit-fram"
 2736      2D616269 
 2736      3D736F66 
 2736      74202D6D 
 2736      61726368 
 2737 0315 652D706F 		.ascii	"e-pointer -falign-functions=16 -ffunction-sections "
 2737      696E7465 
 2737      72202D66 
 2737      616C6967 
 2737      6E2D6675 
 2738 0348 2D666461 		.ascii	"-fdata-sections -fno-common -flto\000"
 2738      74612D73 
 2738      65637469 
 2738      6F6E7320 
 2738      2D666E6F 
 2739              	.LASF90:
 2740 036a 73697A65 		.ascii	"size\000"
 2740      00
 2741              	.LASF9:
 2742 036f 73686F72 		.ascii	"short unsigned int\000"
 2742      7420756E 
 2742      7369676E 
 2742      65642069 
 2742      6E7400
 2743              	.LASF47:
 2744 0382 63685F74 		.ascii	"ch_thread\000"
 2744      68726561 
 2744      6400
 2745              	.LASF148:
 2746 038c 63684D42 		.ascii	"chMBPostAheadTimeoutS\000"
 2746      506F7374 
 2746      41686561 
 2746      6454696D 
 2746      656F7574 
 2747              	.LASF153:
 2748 03a2 63684D42 		.ascii	"chMBResetI\000"
 2748      52657365 
ARM GAS  /tmp/ccR3beyD.s 			page 52


 2748      744900
 2749              	.LASF27:
 2750 03ad 6D73675F 		.ascii	"msg_t\000"
 2750      7400
 2751              	.LASF42:
 2752 03b3 6570656E 		.ascii	"epending\000"
 2752      64696E67 
 2752      00
 2753              	.LASF135:
 2754 03bc 63684462 		.ascii	"chDbgCheckClassI\000"
 2754      67436865 
 2754      636B436C 
 2754      61737349 
 2754      00
 2755              	.LASF151:
 2756 03cd 63684D42 		.ascii	"chMBPostTimeoutS\000"
 2756      506F7374 
 2756      54696D65 
 2756      6F757453 
 2756      00
 2757              	.LASF70:
 2758 03de 63685F6C 		.ascii	"ch_list\000"
 2758      69737400 
 2759              	.LASF117:
 2760 03e6 63685F72 		.ascii	"ch_ready_list\000"
 2760      65616479 
 2760      5F6C6973 
 2760      7400
 2761              	.LASF28:
 2762 03f4 6576656E 		.ascii	"eventmask_t\000"
 2762      746D6173 
 2762      6B5F7400 
 2763              	.LASF10:
 2764 0400 5F5F696E 		.ascii	"__int32_t\000"
 2764      7433325F 
 2764      7400
 2765              	.LASF142:
 2766 040a 6D736770 		.ascii	"msgp\000"
 2766      00
 2767              	.LASF22:
 2768 040f 73746B61 		.ascii	"stkalign_t\000"
 2768      6C69676E 
 2768      5F7400
 2769              	.LASF86:
 2770 041a 72747374 		.ascii	"rtstamp\000"
 2770      616D7000 
 2771              	.LASF98:
 2772 0422 6C617374 		.ascii	"laststamp\000"
 2772      7374616D 
 2772      7000
 2773              	.LASF139:
 2774 042c 63685468 		.ascii	"chThdQueueObjectInit\000"
 2774      64517565 
 2774      75654F62 
 2774      6A656374 
 2774      496E6974 
 2775              	.LASF44:
ARM GAS  /tmp/ccR3beyD.s 			page 53


 2776 0441 7265616C 		.ascii	"realprio\000"
 2776      7072696F 
 2776      00
 2777              	.LASF57:
 2778 044a 72666375 		.ascii	"rfcu_mask_t\000"
 2778      5F6D6173 
 2778      6B5F7400 
 2779              	.LASF103:
 2780 0456 74687265 		.ascii	"thread_reference_t\000"
 2780      61645F72 
 2780      65666572 
 2780      656E6365 
 2780      5F7400
 2781              	.LASF95:
 2782 0469 63685F76 		.ascii	"ch_virtual_timers_list\000"
 2782      69727475 
 2782      616C5F74 
 2782      696D6572 
 2782      735F6C69 
 2783              	.LASF2:
 2784 0480 6C6F6E67 		.ascii	"long double\000"
 2784      20646F75 
 2784      626C6500 
 2785              	.LASF168:
 2786 048c 5F5F7365 		.ascii	"__set_BASEPRI\000"
 2786      745F4241 
 2786      53455052 
 2786      4900
 2787              	.LASF69:
 2788 049a 63685F6C 		.ascii	"ch_list_t\000"
 2788      6973745F 
 2788      7400
 2789              	.LASF154:
 2790 04a4 63684D42 		.ascii	"chMBReset\000"
 2790      52657365 
 2790      7400
 2791              	.LASF89:
 2792 04ae 73757370 		.ascii	"suspended\000"
 2792      656E6465 
 2792      6400
 2793              	.LASF120:
 2794 04b8 63685F6F 		.ascii	"ch_os_instance_config\000"
 2794      735F696E 
 2794      7374616E 
 2794      63655F63 
 2794      6F6E6669 
 2795              	.LASF94:
 2796 04ce 706F7274 		.ascii	"port_context\000"
 2796      5F636F6E 
 2796      74657874 
 2796      00
 2797              	.LASF87:
 2798 04db 74696D65 		.ascii	"time\000"
 2798      00
 2799              	.LASF77:
 2800 04e0 7072696F 		.ascii	"prio\000"
 2800      00
ARM GAS  /tmp/ccR3beyD.s 			page 54


 2801              	.LASF118:
 2802 04e5 63757272 		.ascii	"current\000"
 2802      656E7400 
 2803              	.LASF14:
 2804 04ed 5F5F7569 		.ascii	"__uint64_t\000"
 2804      6E743634 
 2804      5F7400
 2805              	.LASF137:
 2806 04f8 5F5F6462 		.ascii	"__dbg_check_lock\000"
 2806      675F6368 
 2806      65636B5F 
 2806      6C6F636B 
 2806      00
 2807              	.LASF30:
 2808 0509 636F7265 		.ascii	"core_id_t\000"
 2808      5F69645F 
 2808      7400
 2809              	.LASF25:
 2810 0513 74726566 		.ascii	"trefs_t\000"
 2810      735F7400 
 2811              	.LASF84:
 2812 051b 75736572 		.ascii	"user\000"
 2812      00
 2813              	.LASF26:
 2814 0520 74707269 		.ascii	"tprio_t\000"
 2814      6F5F7400 
 2815              	.LASF128:
 2816 0528 72647074 		.ascii	"rdptr\000"
 2816      7200
 2817              	.LASF61:
 2818 052e 63685F73 		.ascii	"ch_system_debug\000"
 2818      79737465 
 2818      6D5F6465 
 2818      62756700 
 2819              	.LASF130:
 2820 053e 5F426F6F 		.ascii	"_Bool\000"
 2820      6C00
 2821              	.LASF18:
 2822 0544 696E7433 		.ascii	"int32_t\000"
 2822      325F7400 
 2823              	.LASF6:
 2824 054c 756E7369 		.ascii	"unsigned char\000"
 2824      676E6564 
 2824      20636861 
 2824      7200
 2825              	.LASF157:
 2826 055a 63684D42 		.ascii	"chMBGetUsedCountI\000"
 2826      47657455 
 2826      73656443 
 2826      6F756E74 
 2826      4900
 2827              	.LASF60:
 2828 056c 72666375 		.ascii	"rfcu_t\000"
 2828      5F7400
 2829              	.LASF7:
 2830 0573 73686F72 		.ascii	"short int\000"
 2830      7420696E 
ARM GAS  /tmp/ccR3beyD.s 			page 55


 2830      7400
 2831              	.LASF97:
 2832 057d 6C617374 		.ascii	"lasttime\000"
 2832      74696D65 
 2832      00
 2833              	.LASF83:
 2834 0586 68616C74 		.ascii	"halt\000"
 2834      00
 2835              	.LASF92:
 2836 058b 74726163 		.ascii	"trace_buffer_t\000"
 2836      655F6275 
 2836      66666572 
 2836      5F7400
 2837              	.LASF114:
 2838 059a 65776D61 		.ascii	"ewmask\000"
 2838      736B00
 2839              	.LASF23:
 2840 05a1 746D6F64 		.ascii	"tmode_t\000"
 2840      655F7400 
 2841              	.LASF145:
 2842 05a9 5F5F6675 		.ascii	"__func__\000"
 2842      6E635F5F 
 2842      00
 2843              	.LASF159:
 2844 05b2 63685379 		.ascii	"chSysLock\000"
 2844      734C6F63 
 2844      6B00
 2845              	.LASF82:
 2846 05bc 72656173 		.ascii	"reason\000"
 2846      6F6E00
 2847              	.LASF149:
 2848 05c3 63684D42 		.ascii	"chMBPostAheadTimeout\000"
 2848      506F7374 
 2848      41686561 
 2848      6454696D 
 2848      656F7574 
 2849              	.LASF115:
 2850 05d8 63685F73 		.ascii	"ch_semaphore\000"
 2850      656D6170 
 2850      686F7265 
 2850      00
 2851              	.LASF158:
 2852 05e5 63684D42 		.ascii	"chMBGetSizeI\000"
 2852      47657453 
 2852      697A6549 
 2852      00
 2853              	.LASF102:
 2854 05f2 72656769 		.ascii	"registry_t\000"
 2854      73747279 
 2854      5F7400
 2855              	.LASF134:
 2856 05fd 63684462 		.ascii	"chDbgCheckClassS\000"
 2856      67436865 
 2856      636B436C 
 2856      61737353 
 2856      00
 2857              	.LASF19:
ARM GAS  /tmp/ccR3beyD.s 			page 56


 2858 060e 75696E74 		.ascii	"uint32_t\000"
 2858      33325F74 
 2858      00
 2859              	.LASF113:
 2860 0617 77746D74 		.ascii	"wtmtxp\000"
 2860      787000
 2861              	.LASF21:
 2862 061e 706F7274 		.ascii	"port_stkalign_t\000"
 2862      5F73746B 
 2862      616C6967 
 2862      6E5F7400 
 2863              	.LASF33:
 2864 062e 6F776E65 		.ascii	"owner\000"
 2864      7200
 2865              	.LASF13:
 2866 0634 6C6F6E67 		.ascii	"long unsigned int\000"
 2866      20756E73 
 2866      69676E65 
 2866      6420696E 
 2866      7400
 2867              	.LASF35:
 2868 0646 77616261 		.ascii	"wabase\000"
 2868      736500
 2869              	.LASF65:
 2870 064d 63686172 		.ascii	"char\000"
 2870      00
 2871              	.LASF54:
 2872 0652 636F6E66 		.ascii	"config\000"
 2872      696700
 2873              	.LASF8:
 2874 0659 5F5F7569 		.ascii	"__uint16_t\000"
 2874      6E743136 
 2874      5F7400
 2875              	.LASF31:
 2876 0664 74687265 		.ascii	"thread_t\000"
 2876      61645F74 
 2876      00
 2877              	.LASF96:
 2878 066d 646C6973 		.ascii	"dlist\000"
 2878      7400
 2879              	.LASF67:
 2880 0673 73797374 		.ascii	"systime_t\000"
 2880      696D655F 
 2880      7400
 2881              	.LASF91:
 2882 067d 62756666 		.ascii	"buffer\000"
 2882      657200
 2883              	.LASF155:
 2884 0684 63684D42 		.ascii	"chMBObjectInit\000"
 2884      4F626A65 
 2884      6374496E 
 2884      697400
 2885              	.LASF143:
 2886 0693 63684D42 		.ascii	"chMBFetchTimeoutS\000"
 2886      46657463 
 2886      6854696D 
 2886      656F7574 
ARM GAS  /tmp/ccR3beyD.s 			page 57


 2886      5300
 2887              	.LASF62:
 2888 06a5 70616E69 		.ascii	"panic_msg\000"
 2888      635F6D73 
 2888      6700
 2889              	.LASF146:
 2890 06af 63684D42 		.ascii	"chMBFetchTimeout\000"
 2890      46657463 
 2890      6854696D 
 2890      656F7574 
 2890      00
 2891              	.LASF48:
 2892 06c0 63685F6F 		.ascii	"ch_os_instance\000"
 2892      735F696E 
 2892      7374616E 
 2892      636500
 2893              	.LASF88:
 2894 06cf 74726163 		.ascii	"trace_event_t\000"
 2894      655F6576 
 2894      656E745F 
 2894      7400
 2895              	.LASF46:
 2896 06dd 6F735F69 		.ascii	"os_instance_t\000"
 2896      6E737461 
 2896      6E63655F 
 2896      7400
 2897              	.LASF51:
 2898 06eb 7265676C 		.ascii	"reglist\000"
 2898      69737400 
 2899              	.LASF76:
 2900 06f3 63685F70 		.ascii	"ch_priority_queue\000"
 2900      72696F72 
 2900      6974795F 
 2900      71756575 
 2900      6500
 2901              	.LASF122:
 2902 0705 6D61696E 		.ascii	"mainthread_end\000"
 2902      74687265 
 2902      61645F65 
 2902      6E6400
 2903              	.LASF165:
 2904 0714 2F686F6D 		.ascii	"/home/rob/Projects/ChibiStudio/ChibiStudio_23/works"
 2904      652F726F 
 2904      622F5072 
 2904      6F6A6563 
 2904      74732F43 
 2905 0747 70616365 		.ascii	"pace_trunk/STM32_GPIB_firmware/\000"
 2905      5F747275 
 2905      6E6B2F53 
 2905      544D3332 
 2905      5F475049 
 2906              	.LASF45:
 2907 0767 6D706F6F 		.ascii	"mpool\000"
 2907      6C00
 2908              	.LASF125:
 2909 076d 6F735F69 		.ascii	"os_instance_config_t\000"
 2909      6E737461 
ARM GAS  /tmp/ccR3beyD.s 			page 58


 2909      6E63655F 
 2909      636F6E66 
 2909      69675F74 
 2910              	.LASF105:
 2911 0782 74687265 		.ascii	"threads_queue_t\000"
 2911      6164735F 
 2911      71756575 
 2911      655F7400 
 2912              	.LASF116:
 2913 0792 63685F6D 		.ascii	"ch_mutex\000"
 2913      75746578 
 2913      00
 2914              	.LASF59:
 2915 079b 6D61736B 		.ascii	"mask\000"
 2915      00
 2916              	.LASF63:
 2917 07a0 6973725F 		.ascii	"isr_cnt\000"
 2917      636E7400 
 2918              	.LASF74:
 2919 07a8 70726576 		.ascii	"prev\000"
 2919      00
 2920              	.LASF49:
 2921 07ad 726C6973 		.ascii	"rlist\000"
 2921      7400
 2922              	.LASF16:
 2923 07b3 75696E74 		.ascii	"uint8_t\000"
 2923      385F7400 
 2924              	.LASF123:
 2925 07bb 69646C65 		.ascii	"idlethread_base\000"
 2925      74687265 
 2925      61645F62 
 2925      61736500 
 2926              	.LASF38:
 2927 07cb 666C6167 		.ascii	"flags\000"
 2927      7300
 2928              	.LASF81:
 2929 07d1 77746F62 		.ascii	"wtobjp\000"
 2929      6A7000
 2930              	.LASF56:
 2931 07d8 74726163 		.ascii	"trace_buffer\000"
 2931      655F6275 
 2931      66666572 
 2931      00
 2932              	.LASF167:
 2933 07e5 63685379 		.ascii	"chSysUnlock\000"
 2933      73556E6C 
 2933      6F636B00 
 2934              	.LASF164:
 2935 07f1 2E2E2F2E 		.ascii	"../../chibios_trunk/os/oslib/src/chmboxes.c\000"
 2935      2E2F6368 
 2935      6962696F 
 2935      735F7472 
 2935      756E6B2F 
 2936              	.LASF106:
 2937 081d 6C697374 		.ascii	"list\000"
 2937      00
 2938              	.LASF161:
ARM GAS  /tmp/ccR3beyD.s 			page 59


 2939 0822 706F7274 		.ascii	"port_lock\000"
 2939      5F6C6F63 
 2939      6B00
 2940              	.LASF124:
 2941 082c 69646C65 		.ascii	"idlethread_end\000"
 2941      74687265 
 2941      61645F65 
 2941      6E6400
 2942              	.LASF43:
 2943 083b 6D74786C 		.ascii	"mtxlist\000"
 2943      69737400 
 2944              	.LASF53:
 2945 0843 72666375 		.ascii	"rfcu\000"
 2945      00
 2946              	.LASF166:
 2947 0848 63685468 		.ascii	"chThdEnqueueTimeoutS\000"
 2947      64456E71 
 2947      75657565 
 2947      54696D65 
 2947      6F757453 
 2948              		.section	.gnu.debuglto_.debug_line_str,"eMS",%progbits,1
 2949              	.LASF181:
 2950 0000 5F646566 		.ascii	"_default_types.h\000"
 2950      61756C74 
 2950      5F747970 
 2950      65732E68 
 2950      00
 2951              	.LASF176:
 2952 0011 2F686F6D 		.ascii	"/home/rob/Projects/ChibiStudio/ChibiStudio_23/tools"
 2952      652F726F 
 2952      622F5072 
 2952      6F6A6563 
 2952      74732F43 
 2953 0044 2F474E55 		.ascii	"/GNU Tools ARM Embedded/11.3.1 2022q3/arm-none-eabi"
 2953      20546F6F 
 2953      6C732041 
 2953      524D2045 
 2953      6D626564 
 2954 0077 2F696E63 		.ascii	"/include/machine\000"
 2954      6C756465 
 2954      2F6D6163 
 2954      68696E65 
 2954      00
 2955              	.LASF169:
 2956 0088 2F686F6D 		.ascii	"/home/rob/Projects/ChibiStudio/ChibiStudio_23/works"
 2956      652F726F 
 2956      622F5072 
 2956      6F6A6563 
 2956      74732F43 
 2957 00bb 70616365 		.ascii	"pace_trunk/STM32_GPIB_firmware/\000"
 2957      5F747275 
 2957      6E6B2F53 
 2957      544D3332 
 2957      5F475049 
 2958              	.LASF195:
 2959 00db 63687468 		.ascii	"chthreads.h\000"
 2959      72656164 
ARM GAS  /tmp/ccR3beyD.s 			page 60


 2959      732E6800 
 2960              	.LASF196:
 2961 00e7 63687363 		.ascii	"chschd.h\000"
 2961      68642E68 
 2961      00
 2962              	.LASF191:
 2963 00f0 6368636F 		.ascii	"chcore.h\000"
 2963      72652E68 
 2963      00
 2964              	.LASF194:
 2965 00f9 63686D62 		.ascii	"chmboxes.h\000"
 2965      6F786573 
 2965      2E6800
 2966              	.LASF192:
 2967 0104 63687365 		.ascii	"chsem.h\000"
 2967      6D2E6800 
 2968              	.LASF170:
 2969 010c 2E2E2F2E 		.ascii	"../../chibios_trunk/os/common/ext/ARM/CMSIS/Core/In"
 2969      2E2F6368 
 2969      6962696F 
 2969      735F7472 
 2969      756E6B2F 
 2970 013f 636C7564 		.ascii	"clude\000"
 2970      6500
 2971              	.LASF178:
 2972 0145 2F686F6D 		.ascii	"/home/rob/Projects/ChibiStudio/ChibiStudio_23/tools"
 2972      652F726F 
 2972      622F5072 
 2972      6F6A6563 
 2972      74732F43 
 2973 0178 2F474E55 		.ascii	"/GNU Tools ARM Embedded/11.3.1 2022q3/lib/gcc/arm-n"
 2973      20546F6F 
 2973      6C732041 
 2973      524D2045 
 2973      6D626564 
 2974 01ab 6F6E652D 		.ascii	"one-eabi/11.3.1/include\000"
 2974      65616269 
 2974      2F31312E 
 2974      332E312F 
 2974      696E636C 
 2975              	.LASF177:
 2976 01c3 2F686F6D 		.ascii	"/home/rob/Projects/ChibiStudio/ChibiStudio_23/tools"
 2976      652F726F 
 2976      622F5072 
 2976      6F6A6563 
 2976      74732F43 
 2977 01f6 2F474E55 		.ascii	"/GNU Tools ARM Embedded/11.3.1 2022q3/arm-none-eabi"
 2977      20546F6F 
 2977      6C732041 
 2977      524D2045 
 2977      6D626564 
 2978 0229 2F696E63 		.ascii	"/include/sys\000"
 2978      6C756465 
 2978      2F737973 
 2978      00
 2979              	.LASF186:
 2980 0236 63687266 		.ascii	"chrfcu.h\000"
ARM GAS  /tmp/ccR3beyD.s 			page 61


 2980      63752E68 
 2980      00
 2981              	.LASF193:
 2982 023f 63686D74 		.ascii	"chmtx.h\000"
 2982      782E6800 
 2983              	.LASF175:
 2984 0247 2E2E2F2E 		.ascii	"../../chibios_trunk/os/rt/include\000"
 2984      2E2F6368 
 2984      6962696F 
 2984      735F7472 
 2984      756E6B2F 
 2985              	.LASF188:
 2986 0269 63687469 		.ascii	"chtime.h\000"
 2986      6D652E68 
 2986      00
 2987              	.LASF171:
 2988 0272 2E2E2F2E 		.ascii	"../../chibios_trunk/os/common/ports/ARM-common\000"
 2988      2E2F6368 
 2988      6962696F 
 2988      735F7472 
 2988      756E6B2F 
 2989              	.LASF183:
 2990 02a1 63687479 		.ascii	"chtypes.h\000"
 2990      7065732E 
 2990      6800
 2991              	.LASF182:
 2992 02ab 5F737464 		.ascii	"_stdint.h\000"
 2992      696E742E 
 2992      6800
 2993              	.LASF198:
 2994 02b5 63687379 		.ascii	"chsys.h\000"
 2994      732E6800 
 2995              	.LASF189:
 2996 02bd 63686C69 		.ascii	"chlists.h\000"
 2996      7374732E 
 2996      6800
 2997              	.LASF185:
 2998 02c7 63686F62 		.ascii	"chobjects.h\000"
 2998      6A656374 
 2998      732E6800 
 2999              	.LASF180:
 3000 02d3 73746464 		.ascii	"stddef.h\000"
 3000      65662E68 
 3000      00
 3001              	.LASF174:
 3002 02dc 2E2E2F2E 		.ascii	"../../chibios_trunk/os/oslib/src\000"
 3002      2E2F6368 
 3002      6962696F 
 3002      735F7472 
 3002      756E6B2F 
 3003              	.LASF173:
 3004 02fd 2E2E2F2E 		.ascii	"../../chibios_trunk/os/oslib/include\000"
 3004      2E2F6368 
 3004      6962696F 
 3004      735F7472 
 3004      756E6B2F 
 3005              	.LASF179:
ARM GAS  /tmp/ccR3beyD.s 			page 62


 3006 0322 2E2E2F2E 		.ascii	"../../chibios_trunk/os/oslib/src/chmboxes.c\000"
 3006      2E2F6368 
 3006      6962696F 
 3006      735F7472 
 3006      756E6B2F 
 3007              	.LASF197:
 3008 034e 63686D62 		.ascii	"chmboxes.c\000"
 3008      6F786573 
 3008      2E6300
 3009              	.LASF184:
 3010 0359 63686561 		.ascii	"chearly.h\000"
 3010      726C792E 
 3010      6800
 3011              	.LASF199:
 3012 0363 636D7369 		.ascii	"cmsis_gcc.h\000"
 3012      735F6763 
 3012      632E6800 
 3013              	.LASF187:
 3014 036f 63686465 		.ascii	"chdebug.h\000"
 3014      6275672E 
 3014      6800
 3015              	.LASF190:
 3016 0379 63687472 		.ascii	"chtrace.h\000"
 3016      6163652E 
 3016      6800
 3017              	.LASF172:
 3018 0383 2E2E2F2E 		.ascii	"../../chibios_trunk/os/common/ports/ARMv7-M\000"
 3018      2E2F6368 
 3018      6962696F 
 3018      735F7472 
 3018      756E6B2F 
 3019              		.text
 3020              		.section	.gnu.lto_.profile.9a11cfe527d97cf3,"e",%progbits
 3021 0000 789C6362 		.ascii	"x\234cb\000\001\000\000\022\000\003"
 3021      00010000 
 3021      120003
 3022              		.text
 3023              		.section	.gnu.lto_.icf.9a11cfe527d97cf3,"e",%progbits
 3024 0000 789C3BC5 		.ascii	"x\234;\305\310\000\007\342\014\027\357\266~\340\340"
 3024      C80007E2 
 3024      0C17EFB6 
 3024      7EE0E0
 3025 000f 60626062 		.ascii	"`b`bdb\002bf&\026&V&6\246\265\035]\347\270\231\257\256"
 3025      64620262 
 3025      66261626 
 3025      562636A6 
 3025      B51D5DE7 
 3026 0027 5A7D9893 		.ascii	"Z}\230\223\215\211\235\211\003\2149\2318X~\236^>\225"
 3026      8D899D89 
 3026      038C3999 
 3026      38587E9E 
 3026      5E3E95
 3027 003a 9707C8E5 		.ascii	"\227\007\310\345B\301\234@\314\315\304\305\372\376h"
 3027      42C19C40 
 3027      CCCDC4C5 
 3027      FAFE68
 3028 0049 E3317EB6 		.ascii	"\3431~\266y\213\033\267\263cU\300~\342\301\227?\234"
ARM GAS  /tmp/ccR3beyD.s 			page 63


 3028      798B1BB7 
 3028      B36355C0 
 3028      7EE2C197 
 3028      3F9C
 3029 005b 1C173BFB 		.ascii	"\034\027;\3736\2622pN\35080\213[\010$\016W\307\303\304"
 3029      36B23270 
 3029      4EE83830 
 3029      8B5B0824 
 3029      0E57C7C3 
 3030 0070 83A10F88 		.ascii	"\203\241\017\210\271\316\037\354\275\310\302\275~\302"
 3030      B9CE1FEC 
 3030      BDC8C2BD 
 3030      7EC2
 3031 007e A96E6E06 		.ascii	"\251nn\006\236Y\207\236\334\342 J\037o\347\354\215\017"
 3031      9E59879E 
 3031      DCE2204A 
 3031      1F6FE7EC 
 3031      8D0F
 3032 0090 78F9FA97 		.ascii	"x\371\372\227\275\233\314,\202\242\001\035\203\014\200"
 3032      BD9BCC2C 
 3032      82A2011D 
 3032      830C80
 3033 009f 6AE2FFF9 		.ascii	"j\342\377\371\247\351/\263\000\3042\301=\0157\217p\021"
 3033      A7E92FB3 
 3033      00C432C1 
 3033      3D0D378F 
 3033      7011
 3034 00b1 AD57A8E7 		.ascii	"\255W\250\347\332\234NV\341\206y\363\357p@4q\202C\017"
 3034      DA9C4E56 
 3034      E18679F3 
 3034      EF704034 
 3034      7182430F 
 3035 00c5 A1108B4B 		.ascii	"\241\020\213KE\372\316\317\372\306!\012\261Pl\371\371"
 3035      45FACECF 
 3035      FAC6210A 
 3035      B1506CF9 
 3035      F9
 3036 00d6 FBFBF989 		.ascii	"\373\373\371\211\326+\276\376\377\232)\254\014\000M"
 3036      D62BBEFE 
 3036      FF9A29AC 
 3036      0C004D
 3037 00e5 564B12   		.ascii	"VK\022"
 3038              		.text
 3039              		.section	.gnu.lto_.ipa_sra.9a11cfe527d97cf3,"e",%progbits
 3040 0000 789C8D90 		.ascii	"x\234\215\220m\013\200 \014\204\357\234\364B\021E\324"
 3040      6D0B8020 
 3040      0C84EF9C 
 3040      F4421145 
 3040      D4
 3041 0011 7FED5BFD 		.ascii	"\177\355[\375\363r\332,\210j\342\346\351\356Q\\\010"
 3041      F372DA2C 
 3041      886AE2E6 
 3041      E9EE515C 
 3041      08
 3042 0022 8B0E20A2 		.ascii	"\213\016 \242\246\204\352%l\034\371\022$sN\335(\264"
 3042      A684EA25 
 3042      6C1CF912 
ARM GAS  /tmp/ccR3beyD.s 			page 64


 3042      24734EDD 
 3042      28B4
 3043 0034 328D6355 		.ascii	"2\215cU\021\025J\225\344\352\365\254\276r(N\213\203"
 3043      11154A95 
 3043      E4EAF5AC 
 3043      BE72284E 
 3043      8B83
 3044 0046 71743612 		.ascii	"qt6\022\214\247\222\360\020\2653\366:\260u'C\262\255"
 3044      8CA792F0 
 3044      10B533F6 
 3044      3AB07527 
 3044      43B2AD
 3045 0059 FBC3EE3F 		.ascii	"\373\303\356?\331\303\023{|e\333\217M\221\236n\310\364"
 3045      D9C3137B 
 3045      7C65DB8F 
 3045      4D919E6E 
 3045      C8F4
 3046 006b CD1B7EBE 		.ascii	"\315\033~\276\341\315\211\035S\225\004\270"
 3046      E1CD891D 
 3046      539504B8 
 3047              		.text
 3048              		.section	.gnu.lto_.inline.9a11cfe527d97cf3,"e",%progbits
 3049 0000 789CAD94 		.ascii	"x\234\255\224[K\002A\024\200\317\234Y\027\315M\273\320"
 3049      5B4B0241 
 3049      1480CF9C 
 3049      5917CD4D 
 3049      BBD0
 3050 0012 85EEBD54 		.ascii	"\205\356\275T\277\246?\321\235\376\304\324Ce/\006\025"
 3050      BFA63FD1 
 3050      9DFEC4D4 
 3050      43652F06 
 3050      15
 3051 0023 499408F5 		.ascii	"I\224\010\365Pt\201\020\272\370\024\364\"\022\365\""
 3051      50748110 
 3051      BAF814F4 
 3051      2212F522 
 3052 0033 F512940F 		.ascii	"\365\022\224\017\005\006EXD!Qgf4\327-+\260uY\317\216"
 3052      05064558 
 3052      44215167 
 3052      6634D72D 
 3052      2BB07559 
 3053 0049 73CE7CE7 		.ascii	"s\316|\347\333\035[\\\360y\370\000\374w+\251\000\016"
 3053      DB1D5B5C 
 3053      F079F800 
 3053      FC772BA9 
 3053      000E
 3054 005b 31C09A71 		.ascii	"1\300\232q!\"8\000`\216\011!\260\037\001\345\034\364"
 3054      21223800 
 3054      608E0921 
 3054      B01F01E5 
 3054      1CF4
 3055 006d D285D147 		.ascii	"\322\205\321G\335\314\364BQ\310*d\314\301K)\207\\\226"
 3055      DDCCF442 
 3055      51C82A64 
 3055      CCC14B29 
 3055      875C96
 3056 0080 F1885C19 		.ascii	"\361\210\\\031\217\032\312\227\321\023\365\325\200\206"
ARM GAS  /tmp/ccR3beyD.s 			page 65


 3056      8F1ACA97 
 3056      D113F5D5 
 3056      8086
 3057 008e CCE9E211 		.ascii	"\314\351\342\021\0163\016\014\345\020ch\311\232\014"
 3057      0E330E0C 
 3057      E5106368 
 3057      C99A0C
 3058 009d 2BE9CB34 		.ascii	"+\351\3134\011E\360~\000\213\202C\034\2205\014\241\250"
 3058      0945F07E 
 3058      008B8243 
 3058      1C90350C 
 3058      A1A8
 3059 00af 28D90845 		.ascii	"(\331\010Eo\216y\037\270\301\014Oo\237\322X\025\240"
 3059      6F8E791F 
 3059      B8C10C4F 
 3059      6F9FD258 
 3059      15A0
 3060 00c1 62EE83C6 		.ascii	"b\356\203\306\002r\260\327\031\224j\302\026\232P\273"
 3060      0272B0D7 
 3060      19946AC2 
 3060      169A50BB 
 3061 00d1 18BDB922 		.ascii	"\030\275\271\"4\226C\343.\331\007-\242z\2148a\344\014"
 3061      349643E3 
 3061      2ED9072D 
 3061      A27A8C38 
 3061      61E40C
 3062 00e4 2B9F6E0F 		.ascii	"+\237n\017\277YRw\357Vf\344\022\200(46\230\302\356\334"
 3062      BF595277 
 3062      EF5666E4 
 3062      12802834 
 3062      3698C2EE 
 3063 00f9 2E4BD7A1 		.ascii	".K\327\241|}\353\201\256\330\354\376\001\216\026\000"
 3063      7C7DEB81 
 3063      AED8ECFE 
 3063      018E1600 
 3064 0109 DB6E4F56 		.ascii	"\333nOV\036\3700=\316Pr\343\236\177\0054*\231Fxr\347"
 3064      1EF8303D 
 3064      CE5072E3 
 3064      9E7F0534 
 3064      2A994678 
 3065 011f AA143819 		.ascii	"\252\0248\031\267\350G\226p\227\006\366\252\316\327"
 3065      B7E84796 
 3065      709706F6 
 3065      AACED7
 3066 012e 7E0776F9 		.ascii	"~\007v\371di\312\324\247\036\264\240}'{\271\301mF\233"
 3066      6469CAD4 
 3066      A71EB4A0 
 3066      7D277BB9 
 3066      C16D469B 
 3067 0142 2EE2A977 		.ascii	".\342\251w\034$\340l\"\235\374\321(S\241l\277$\236\017"
 3067      1C24E06C 
 3067      229DFCD1 
 3067      2853A16C 
 3067      BF249E0F 
 3068 0156 7A92C197 		.ascii	"z\222\301\227\"#\235\221\353\227\2144\342\317l\211\327"
 3068      22239D91 
 3068      EB978C34 
ARM GAS  /tmp/ccR3beyD.s 			page 66


 3068      E2CF6C89 
 3068      D7
 3069 0167 FF375255 		.ascii	"\3777RU\226\221j\350\014\304'\366\354FZ\227\346\037"
 3069      96916AE8 
 3069      0CC427F6 
 3069      EC465A97 
 3069      E61F
 3070 0179 973919F1 		.ascii	"\2279\031\361\307\026\262\231r\215\324Bwhr&JF\260x\177"
 3070      C716B299 
 3070      728DD442 
 3070      77687226 
 3070      4A46B078 
 3071 018e 19ED67E1 		.ascii	"\031\355g\341\315i\034\241u\202\253\351)>\350\330Xs"
 3071      CD691CA1 
 3071      7582ABE9 
 3071      293EE8D8 
 3071      5873
 3072 01a0 F98DF59B 		.ascii	"\371\215\365\233\"V\301\276\177\305\277\260\324\225"
 3072      2256C1BE 
 3072      7FC5BFB0 
 3072      D495
 3073 01ae A5AA1E3A 		.ascii	"\245\252\036:\316\327\3031R\345\354\244\3719\265\033"
 3073      CED7C331 
 3073      52E5ECA4 
 3073      F939B51B 
 3074 01be 54C6B6DE 		.ascii	"T\306\266\336f\237J\377E8\271\341\217\334\360\001\027"
 3074      669F4AFF 
 3074      4538B9E1 
 3074      8FDCF001 
 3074      17
 3075 01cf 8DCE75   		.ascii	"\215\316u"
 3076              		.text
 3077              		.section	.gnu.lto_.jmpfuncs.9a11cfe527d97cf3,"e",%progbits
 3078 0000 789CC594 		.ascii	"x\234\305\224k\016\2020\020\204w\226\006\021\021\337"
 3078      6B0E8230 
 3078      10847796 
 3078      061111DF 
 3079 0010 AFE37911 		.ascii	"\257\343y\021\353\251|\375\342`&u)\021\004\261\321\212"
 3079      EBA97CFD 
 3079      E2602675 
 3079      291104B1 
 3079      D18A
 3080 0022 916413E8 		.ascii	"\221d\023\350l\333\371:\241YH\345\223Jq\300)!S \251"
 3080      6CDBF93A 
 3080      A15948E5 
 3080      934A71C0 
 3080      29215320 
 3081 0037 AB316604 		.ascii	"\2531f\004\016\267\200\224\311\277\024\225*D\351\201"
 3081      0EB78094 
 3081      C9BF1495 
 3081      2A44E981 
 3082 0047 A4C038A1 		.ascii	"\244\3008\241\034'\2527\211\206s\263\205\002\2214G\322"
 3082      1C27AA37 
 3082      898673B3 
 3082      85029134 
 3082      47D2
 3083 0059 9CBFF534 		.ascii	"\234\277\3654\307\232\023\315C\216\366L\325|SX\300\001"
ARM GAS  /tmp/ccR3beyD.s 			page 67


 3083      C79A13CD 
 3083      438EF64C 
 3083      D57C5358 
 3083      C001
 3084 006b 3882A30C 		.ascii	"8\202\243\014/\265\200\307M\343\205\362\206\233nZB\213"
 3084      2FB580C7 
 3084      4DE385F2 
 3084      869B6E5A 
 3084      428B
 3085 007d 142B1781 		.ascii	"\024+\027\201\234\326\316J\273bU\027\021.xh\025\300"
 3085      9CD6CE4A 
 3085      BB625517 
 3085      112E7868 
 3085      15C0
 3086 008f 89372045 		.ascii	"\2117 E\310\265X\226Q\272\271!Q\277\312`\012\236\271"
 3086      C8B55896 
 3086      51BAB921 
 3086      51BFCA60 
 3086      0A9EB9
 3087 00a2 5C29CD4F 		.ascii	"\\)\315O\323\235\304u#m\333\013\331\334\237l`\275\013"
 3087      D39DC475 
 3087      236DDB0B 
 3087      D9DC9F6C 
 3087      60BD0B
 3088 00b5 1BAC770A 		.ascii	"\033\254w\012[vP\032\325\220\2466\206\204\201\2408\201"
 3088      5B76501A 
 3088      D590A636 
 3088      868481A0 
 3088      3881
 3089 00c7 EF7116FE 		.ascii	"\357q\026\3768\351\277\243X\372{\037w\023\305\244\313"
 3089      38E9BFA3 
 3089      58FA7B1F 
 3089      7713C5A4 
 3089      CB
 3090 00d8 2856FE38 		.ascii	"(V\3768\263\207\233\311F\361\332K{\024\256\177\273\276"
 3090      B3879BC9 
 3090      46F1DA4B 
 3090      7B14AE7F 
 3090      BBBE
 3091 00ea 95185DFF 		.ascii	"\225\030]\377\362\366\242E\025M\362V4\367\241g\256e"
 3091      F2F6A245 
 3091      154DF256 
 3091      34F7A167 
 3091      AE65
 3092 00fc 194FF221 		.ascii	"\031O\362!\342\346\247\210t\003\266op\335"
 3092      E2E6A788 
 3092      7403B66F 
 3092      70DD
 3093              		.text
 3094              		.section	.gnu.lto_.pureconst.9a11cfe527d97cf3,"e",%progbits
 3095 0000 789C05C1 		.ascii	"x\234\005\301\201\011\2000\024C\301\017\276\024E)\226"
 3095      81098030 
 3095      1443C10F 
 3095      BE144529 
 3095      96
 3096 0011 A24B7462 		.ascii	"\242Ktb3J\246\363nUU\257h\373\3004\263G\2079\243\313"
 3096      334AA6F3 
ARM GAS  /tmp/ccR3beyD.s 			page 68


 3096      6E5555AF 
 3096      68FBC034 
 3096      B3478739 
 3097 0027 747347C3 		.ascii	"tsG\303L\363D\257\371\001\334\026\012$"
 3097      4CF344AF 
 3097      F901DC16 
 3097      0A24
 3098              		.text
 3099              		.section	.gnu.lto_.ipa_modref.9a11cfe527d97cf3,"e",%progbits
 3100 0000 789CBD91 		.ascii	"x\234\275\221AN\303@\014E\277\355\012\005\321\"S\224"
 3100      414EC340 
 3100      0C45BFED 
 3100      0A05D122 
 3100      5394
 3101 0012 462A05E6 		.ascii	"F*\005\346\250\256\310\"\252\330p\203nz\200\336\240"
 3101      A8AEC822 
 3101      AAD87083 
 3101      6E7A80DE 
 3101      A0
 3102 0023 472837E0 		.ascii	"G(7\340(83!S\322R\220\020da\217\242\371\317\377{\266"
 3102      28383321 
 3102      53D25290 
 3102      1064618F 
 3102      A2F9CFFF 
 3103 0039 82FE9B08 		.ascii	"\202\376\233\010\315\202*\210\347`\276\003\203\020B"
 3103      CD822A88 
 3103      E760BE03 
 3103      831042
 3104 0048 F0EA8D17 		.ascii	"\360\352\215\027\336\011F\376\307\357\000#)\361\030"
 3104      DE0946FE 
 3104      C7EF0023 
 3104      29F118
 3105 0057 8F49730F 		.ascii	"\217Is\017\3411F\351\266\327\267\324v\251\271\212'="
 3105      E13146E9 
 3105      B6D7B7D4 
 3105      76A9B98A 
 3105      273D
 3106 0069 811FE271 		.ascii	"\201\037\342qMEQ\333\336\214/H?(\344\024J\224C0gVK>"
 3106      4D4551DB 
 3106      DE8C2F48 
 3106      3F28E414 
 3106      4A944330 
 3107 0081 072BA8F5 		.ascii	"\007+\250\365E\210\305\326ft)\212*\323\262\300\301\362"
 3107      4588C5D6 
 3107      6674298A 
 3107      2AD3B2C0 
 3107      C1F2
 3108 0093 C9641736 		.ascii	"\311d\0276\323[\025\273\212;[\273\301\360\2513\247\204"
 3108      D35B15BB 
 3108      8A3B5BBB 
 3108      C1F0A933 
 3108      A784
 3109 00a5 C6F675D3 		.ascii	"\306\366u\323X\300\225TUu0\376\311\236\227\253%\215"
 3109      58C09554 
 3109      557530FE 
 3109      C99E97AB 
 3109      258D
ARM GAS  /tmp/ccR3beyD.s 			page 69


 3110 00b7 59F1A706 		.ascii	"Y\361\247\006j\323\353oRv/r\352A\206C\206+\036\246\324"
 3110      6AD3EB6F 
 3110      52762F72 
 3110      EA418643 
 3110      862B1EA6 
 3111 00cc D3296FCE 		.ascii	"\323)o\316\247\374\275\001Oy+Z\306\224\022\257\1775"
 3111      A7FCBD01 
 3111      4F792B5A 
 3111      C69412AF 
 3111      7F35
 3112 00de 24AF72EE 		.ascii	"$\257r\356\322\305\021\351G\003A\024\031}\356\3628\367"
 3112      D2C511E9 
 3112      47034114 
 3112      197DEEF2 
 3112      38F7
 3113 00f0 EBE64567 		.ascii	"\353\346Eg\254\345?[\362M\340\035\011\200[\252"
 3113      ACE53F5B 
 3113      F24DE01D 
 3113      09805BAA 
 3114              		.text
 3115              		.section	.gnu.lto_.lto.9a11cfe527d97cf3,"e",%progbits
 3116 0000 0B000300 		.ascii	"\013\000\003\000\001\000\000\000"
 3116      01000000 
 3117              		.text
 3118              		.section	.gnu.lto_chSysUnlock.192.9a11cfe527d97cf3,"e",%progbits
 3119 0000 789C7D53 		.ascii	"x\234}S}l\023e\030\177\236\367\275\273^\207!$H \362"
 3119      7D6C1365 
 3119      187F9EF7 
 3119      BDBB5E87 
 3119      21244820 
 3120 0015 4F032124 		.ascii	"O\003!$\002=d2\302\177bC\310b\032\027\2121\260\230\246"
 3120      023D6432 
 3120      C27F6243 
 3120      C8621A17 
 3120      8A31B098 
 3121 002a 3D0E76CE 		.ascii	"=\016v\316\356\226\273\326\261\350rG\273aRB\226\032"
 3121      EE96BBD6 
 3121      B1E87247 
 3121      BB615242 
 3121      961A
 3122 003c 48F8904D 		.ascii	"H\370\220M\376\326\200\270\350\006c[\023>\325)\037\231"
 3122      FED680B8 
 3122      E806635B 
 3122      133ED529 
 3122      1F99
 3123 004e 202C3233 		.ascii	" ,23\021\015&\213\311D\215\200\363y\257\355V\376\320"
 3123      110D268B 
 3123      C9448D80 
 3123      F379AFED 
 3123      56FED0
 3124 0061 CBBDF77C 		.ascii	"\313\275\367|\377\236\347\327\347\355u\016\260\036\001"
 3124      FF9EE7D7 
 3124      E7ED750E 
 3124      B01E01
 3125 0070 7600002A 		.ascii	"v\000\000*\200\357\027\362\014<\317{)\300X\256\260\237"
 3125      80EF17F2 
 3125      0C3CCF7B 
ARM GAS  /tmp/ccR3beyD.s 			page 70


 3125      29C058AE 
 3125      B09F
 3126 0082 613F7E7D 		.ascii	"a?~}\244O\221\272\012\363\373\356\217n\2248\353,\314"
 3126      A44F91BA 
 3126      0AF3FBEE 
 3126      8F6E9438 
 3126      EB2CCC
 3127 0095 7BCA23E1 		.ascii	"{\312#\341\241\331\032\031\367\026\362A\252\361-\004"
 3127      A1D91A19 
 3127      F716F241 
 3127      AAF12D04 
 3128 00a5 97714946 		.ascii	"\227qIF\027Op\215<\177]\374\365\332\355\027\262^\327"
 3128      174F708D 
 3128      3C7F5DFC 
 3128      F5DAED17 
 3128      B25ED7
 3129 00b8 9207002E 		.ascii	"\222\007\000.\224\237y\276\2162\222\322q\006\201\024"
 3129      949F79BE 
 3129      8E3292D2 
 3129      71068114 
 3130 00c8 CA1D7858 		.ascii	"\312\035xX\007\003\370\016Y\312B$\014e\021\206dT\367"
 3130      0703F80E 
 3130      59CA4224 
 3130      0C651186 
 3130      6454F7
 3131 00db 8AF89A22 		.ascii	"\212\370\232\"a}\232\037\277\372\334\007^Qj\037\302"
 3131      617D9A1F 
 3131      BFFADC07 
 3131      5E516A1F 
 3131      C2
 3132 00ec 8E733888 		.ascii	"\216s8\2100\214\214_\305\277\227\312\270J$\034\356>"
 3132      308C8C5F 
 3132      C5BF97CA 
 3132      B84A241C 
 3132      EE3E
 3133 00fe D5BFFA7C 		.ascii	"\325\277\372|\316\273\342\211\024\267\234B\015\313\015"
 3133      CEBBE289 
 3133      14B79C42 
 3133      0DCB0D
 3134 010d BE3FA68C 		.ascii	"\276?\246\214 \234\305\0161A\021\2513\005\221I\247n"
 3134      209CC50E 
 3134      314111A9 
 3134      33059149 
 3134      A76E
 3135 011f C845EFF1 		.ascii	"\310E\357\361L\267W\374y\321\211\276\351{\267\032\027"
 3135      4CB757FC 
 3135      79D189BE 
 3135      E97BB71A 
 3135      17
 3136 0130 20309901 		.ascii	" 0\231\001S8\260\200DG\006\246*\300\202\001:*\371\203"
 3136      5338B080 
 3136      444706A6 
 3136      2AC08201 
 3136      3A2AF983 
 3137 0144 E4ABA103 		.ascii	"\344\253\241\003\320\303a\206\036\216^\021\240\227\263"
 3137      D0C36186 
 3137      1E8E5E11 
ARM GAS  /tmp/ccR3beyD.s 			page 71


 3137      A097B3
 3138 0153 929123E3 		.ascii	"\222\221#\343O\346M\366\216#<a\271\020\344\2215\233"
 3138      4FE64DF6 
 3138      8E233C61 
 3138      B910E491 
 3138      359B
 3139 0165 00EC19DF 		.ascii	"\000\354\031\337}\372\330\012_\016Q\230\344\262\322"
 3139      7DFAD80A 
 3139      5F0E5198 
 3139      E4B2D2
 3140 0174 E711CB0E 		.ascii	"\347\021\313\016\0079\375.\212!HS\211\241\223\374\030"
 3140      0739FD2E 
 3140      8A214853 
 3140      89A193FC 
 3140      18
 3141 0185 217101CF 		.ascii	"!q\001\317\013W\035\321P\343\027\361\015\250\030\215"
 3141      0B571DD1 
 3141      50E317F1 
 3141      0DA8188D 
 3142 0195 97703B80 		.ascii	"\227p;\200\257f.\343\353D\366\021\313\215\275\207\234"
 3142      AF662EE3 
 3142      EB44F611 
 3142      CB8DBD87 
 3142      9C
 3143 01a6 09A06A88 		.ascii	"\011\240j\210/\252!\276\254\206\370J@\3441+0FQ d\377"
 3143      2FAA21BE 
 3143      AC86F84A 
 3143      40E4312B 
 3143      30465120 
 3144 01bc 2104CE19 		.ascii	"!\004\316\031\315\336\025\342R\036\225\327b\000\234"
 3144      CDDE15E2 
 3144      521E95D7 
 3144      62009C
 3145 01cb 2BB461B6 		.ascii	"+\264a\266\030\376`\235\017\"\\\302o\320\337g/\347\277"
 3145      18FE609D 
 3145      0F225CC2 
 3145      6FD0DF67 
 3145      2FE7BF
 3146 01de 8C1EA915 		.ascii	"\214\036\251\025\244y\211\203\374t\353k\325\255\257"
 3146      A4798983 
 3146      FC74EB6B 
 3146      D5ADAF
 3147 01ed 8BD6BE6A 		.ascii	"\213\326\276j\335\300W\375\201E\211B\264-\364\013D,"
 3147      DDC057FD 
 3147      81458942 
 3147      B42DF40B 
 3147      442C
 3148 01ff 9A1E9B2D 		.ascii	"\232\036\233-y\345[\254\237\233\366&n)\327o\276\205"
 3148      79E55BAC 
 3148      9F9BF626 
 3148      6E29D76F 
 3148      BE85
 3149 0211 91D97ABA 		.ascii	"\221\331z\272\211Jf\256\276\361\335\333X\316\272S\316"
 3149      894A66AE 
 3149      BEF1DDDB 
 3149      58CEBA53 
 3149      CE
ARM GAS  /tmp/ccR3beyD.s 			page 72


 3150 0222 CA0D1029 		.ascii	"\312\015\020)\225+<Pa\030\344j\211aM\205a\2208\315\022"
 3150      952B3C50 
 3150      6118E46A 
 3150      89614D85 
 3150      619038CD 
 3151 0237 AC992328 		.ascii	"\254\231#(\355?\331-\013\202\262\277\251'\254\323_\351"
 3151      ED3FD92D 
 3151      0B82B2BF 
 3151      A927ACD3 
 3151      5FE9
 3152 0249 A611570C 		.ascii	"\246\021W\014\246\014\271\245\205\221\322\346\217 \015"
 3152      A60CB9A5 
 3152      8591D2E6 
 3152      8F200D
 3153 0258 BA137817 		.ascii	"\272\023x\027)g\037\2150\344\376\200\003\310\226\373"
 3153      29671F8D 
 3153      30E4FE80 
 3153      03C896FB 
 3154 0268 50320DE5 		.ascii	"P2\015\345I\002+PY\375\344\330R!\246O\367\334\235\372"
 3154      49022B50 
 3154      59FDE4D8 
 3154      5221A64F 
 3154      F7DC9DFA 
 3155 027c 6EA1B898 		.ascii	"n\241\270\230\302\371pj\011\311\354\207\014p\030\225"
 3155      C2F9706A 
 3155      09C9EC87 
 3155      0C701895 
 3156 028c 76F46FD4 		.ascii	"v\364o\324\364O\007?\2378\2168R\312\031\234\010b\021"
 3156      F44F073F 
 3156      9F388E38 
 3156      52CA199C 
 3156      086211
 3157 029f E131CB2E 		.ascii	"\3411\313.\023\267\371(\223q\345Gl\237\332\357\312\030"
 3157      13B7F928 
 3157      9371E547 
 3157      6C9FDAEF 
 3157      CA18
 3158 02b1 A4763F22 		.ascii	"\244v?\"\220\270\207\223b\276\225')\362\231+\374\367"
 3158      90B88793 
 3158      62BE9527 
 3158      29F2992B 
 3158      FCF7
 3159 02c3 7DB4EC6F 		.ascii	"}\264\354o\237\364\374>\245\012|\200\0312\317\034\270"
 3159      9FF4FC3E 
 3159      A50A7C80 
 3159      1932CF1C 
 3159      B8
 3160 02d4 39AED29F 		.ascii	"9\256\322\237\331g\335\303\2614j\266(\314\230\326d\245"
 3160      D967DDC3 
 3160      B1346AB6 
 3160      28CC98D6 
 3160      64A5
 3161 02e6 0CCDB692 		.ascii	"\014\315\266\222Z\203m\275i\350iG\2134\231I3\226\316"
 3161      5A836DBD 
 3161      69E86947 
 3161      8B349949 
 3161      3396CE
ARM GAS  /tmp/ccR3beyD.s 			page 73


 3162 02f9 EC34AD6A 		.ascii	"\3544\255j=\276\256Vk\263\354f\2475\241\033\361\264"
 3162      3DBEAE56 
 3162      6BB3EC66 
 3162      A735A11B 
 3162      F1B4
 3163 030b 9D6969D6 		.ascii	"\235ii\326b\333\242\265\353\342[\032\352_\216\3572\355"
 3163      62DBA2B5 
 3163      EBE25B1A 
 3163      EA5F8EEF 
 3163      32ED
 3164 031d 545BC236 		.ascii	"T[\30264x>\034\326\350\325E\251\345\2243-G\263\323\232"
 3164      34783E1C 
 3164      D6E8D545 
 3164      A9E59433 
 3164      2D47B3D3 
 3165 0332 D9A2BF95 		.ascii	"\331\242\277\225\331iP\314iw\302M\020H&\034\243\301"
 3165      D96950CC 
 3165      6977C24D 
 3165      1048261C 
 3165      A3C1
 3166 0344 3637FF47 		.ascii	"67\377G\211n\245RV\213f\354Ik\233\266F\265H4V\037\323"
 3166      896EA552 
 3166      568B66EC 
 3166      496B9BB6 
 3166      46B54834 
 3167 035b 221675A9 		.ascii	"\"\026u\251\257 \245\034\323\211\357\326uB{VoJ%\255"
 3167      AF20A51C 
 3167      D389EFD6 
 3167      75427B56 
 3167      6F4A25AD 
 3168 036f 3D8613D6 		.ascii	"=\206\023\326\303\033\223u\311\0277\324&`\375\377C\267"
 3168      C31B9375 
 3168      C91737D4 
 3168      2660FDFF 
 3168      43B7
 3169 0381 5A365126 		.ascii	"Z6Q&\360\2677\254\211R\226N\340\004\265 \032\333\032"
 3169      F0B737AC 
 3169      8952964E 
 3169      E004B520 
 3169      1ADB1A
 3170 0394 12C3B5DA 		.ascii	"\022\303\265\332\346\352\320\212\265\300l\010\244\214"
 3170      E6EAD08A 
 3170      B5C06C08 
 3170      A48C
 3171 03a2 9465B7C3 		.ascii	"\224e\267\303\277\362\240\232\231"
 3171      BFF2A09A 
 3171      99
 3172              		.text
 3173              		.section	.gnu.lto_chMBGetFreeCountI.267.9a11cfe527d97cf3,"e",%progbits
 3174 0000 789C7552 		.ascii	"x\234uRMHTQ\024>\337\275\363\346\317pS\021\324\306E"
 3174      4D485451 
 3174      143EDFBD 
 3174      F3E6CF70 
 3174      5311D4C6 
 3175 0015 B4A9E685 		.ascii	"\264\251\346\205\206\325.jQ\021\201`\373a\336\370\312"
 3175      86D52E6A 
 3175      51118160 
ARM GAS  /tmp/ccR3beyD.s 			page 74


 3175      FB61DEF8 
 3175      CA
 3176 0026 978E4F66 		.ascii	"\227\216Of\224QD\274\316\244\302\270H\333\024TJE\213"
 3176      945144BC 
 3176      CEA4C2B8 
 3176      48DB1454 
 3176      4A458B
 3177 0039 A0A808D4 		.ascii	"\240\250\010\324\254\246A\035\250\\\030\201\213@(\214"
 3177      ACA6411D 
 3177      A85C1881 
 3177      8B40288C 
 3178 0049 1611812D 		.ascii	"\026\021\201-\242\211J;\367\315$\"\004\367\276w\317"
 3178      A2894A3B 
 3178      F7CD2422 
 3178      04F7BE77 
 3178      CF
 3179 005a F9CEF9CE 		.ascii	"\371\316\371\316w\316\275\267\005\3218\021\355\341\015"
 3179      77CEBDB7 
 3179      05D13811 
 3179      EDE10D
 3180 0069 49B83C9A 		.ascii	"I\270<\232\023\244\224:\032\020\350\037\315\275\277"
 3180      13A4943A 
 3180      1A10E81F 
 3180      CDBDBF
 3181 0078 5FF2E129 		.ascii	"_\362\341)<\007\250O\240\0177\245\001\377V\370\370\273"
 3181      3C07A84F 
 3181      A00F37A5 
 3181      01FF56F8 
 3181      F8BB
 3182 008a 1D356641 		.ascii	"\0355fA\251R\361\313\312\273\3033\331\201\223}\324;"
 3182      A952F1CB 
 3182      CABBC333 
 3182      D981937D 
 3182      D43B
 3183 009c 85493017 		.ascii	"\205I0\027\031\010\016\201\3663\374\346\347\224R!\352"
 3183      19080E81 
 3183      F633FCE6 
 3183      E7945221 
 3183      EA
 3184 00ad 99460514 		.ascii	"\231F\005\024b\030\313;\211\252\210z\3312\300\207\356"
 3184      6218CB3B 
 3184      89AA887A 
 3184      D932C087 
 3184      EE
 3185 00be E7E0141D 		.ascii	"\347\340\024\035\276ru\340Z\365\0108\274\333\013\317"
 3185      BE7275E0 
 3185      5AF50838 
 3185      BCDB0BCF 
 3186 00ce 43C7DFD8 		.ascii	"C\307\337\330e`\257F\027\212\303\325#\375\301u\266<"
 3186      6560AF46 
 3186      178AC3D5 
 3186      23FDC175 
 3186      B63C
 3187 00e0 BC62552C 		.ascii	"\274bU,\261\364\365\226|\001z\206nM]\200G\311\247\364"
 3187      B1F4F596 
 3187      7C017A86 
 3187      6E4D5D80 
ARM GAS  /tmp/ccR3beyD.s 			page 75


 3187      47C9A7F4 
 3188 00f4 CC3AF7D4 		.ascii	"\314:\367\324\235\2612w\332K\236\365\2703\377\343\236"
 3188      9DB13277 
 3188      DA4B9EF5 
 3188      B833FFE3 
 3188      9E
 3189 0105 DDC8BD1C 		.ascii	"\335\310\275\034\230\323\334i\315]\004Sj\360\301[\243"
 3189      98D3DC69 
 3189      CD5D0453 
 3189      6AF0C15B 
 3189      A3
 3190 0116 A07EAF5D 		.ascii	"\240~\257]Rjm\337\352\365\311\320\026\011L\303\307M"
 3190      526A6DDF 
 3190      EAF5C9D0 
 3190      16094CC3 
 3190      C74D
 3191 0128 1924C84F 		.ascii	"\031$\310O\302\037\340\035$\021\010\361\016\263\237"
 3191      C21FE01D 
 3191      241108F1 
 3191      0EB39F
 3192 0137 684CEA01 		.ascii	"hL\352\001+\037T\201g/E\331\310\262\361C\250\345\307"
 3192      2B1F5481 
 3192      672F45D9 
 3192      C8B2F143 
 3192      A8E5C7
 3193 014a F3A03F22 		.ascii	"\363\240?\"[C9\0107\301\343\011{\356\211*\376ej\220"
 3193      5B433908 
 3193      37C1E309 
 3193      7BEE892A 
 3193      FE656A90 
 3194 015e 8794DAF1 		.ascii	"\207\224\332\361\361Q\356\012\300\335j\360\311\353\020"
 3194      F151EE0A 
 3194      C0DD6AF0 
 3194      C9EB10
 3195 016d 0AA05F22 		.ascii	"\012\240_\"\223\277\273C\372\371fzt\307\367@N\327KP"
 3195      93BFBB43 
 3195      FAF9667A 
 3195      74C7F740 
 3195      4ED74B50 
 3196 0181 FD45A582 		.ascii	"\375E\245\202\347_\301\246J\320\347\3352\260\031\236"
 3196      E75FC1A6 
 3196      4AD0E7DD 
 3196      32B0199E 
 3197 0191 47BC0C67 		.ascii	"G\274\014g'\006?I\031\224~\031\320\326\322 dH\006\375"
 3197      27063F49 
 3197      19947E19 
 3197      D0D6D220 
 3197      644806FD 
 3198 01a5 4BC46D71 		.ascii	"K\304mq\362\352\320\"dX\206\264\234\017\023\247\371"
 3198      F2EAD022 
 3198      645886B4 
 3198      9C0F13A7 
 3198      F9
 3199 01b6 71405F81 		.ascii	"q@_\201'n\366\237\270oZ\334\\Y\334w\026W\334\330\023"
 3199      276EF69F 
 3199      B86F5ADC 
 3199      5C59DC77 
ARM GAS  /tmp/ccR3beyD.s 			page 76


 3199      1657DCD8 
 3200 01cb 1B95A64A 		.ascii	"\033\225\246J\341\262\234j\351\333$'\266\200(O\331+"
 3200      E1B29C6A 
 3200      E9DB2427 
 3200      B680284F 
 3200      D92B
 3201 01dd 32393C0E 		.ascii	"29<\016]F\337\006\013z\250\345\031,\301Gk\\T\032\372"
 3201      5D46DF06 
 3201      0B7AA8E5 
 3201      192CC147 
 3201      6B5C541A 
 3202 01f2 B58D4994 		.ascii	"\265\215I\224\307\230)h\263\321lv\023\266\231t-\263"
 3202      C7982968 
 3202      B3D16C76 
 3202      13B69974 
 3202      2DB3
 3203 0204 21E95EB0 		.ascii	"!\351^\260\343\035)\363x\263c9\215\035\235M\216\273"
 3203      E31D29F3 
 3203      78B36339 
 3203      8D1D9D4D 
 3203      8EBB
 3204 0216 F11CADAD 		.ascii	"\361\034\255\2553\323n\262%\325\036\213\333\321\216"
 3204      33D36EB2 
 3204      25D51E8B 
 3204      DBD18E
 3205 0225 64675B8B 		.ascii	"dg[\213\331x\366L]m\364D\303\251c\321sN2\221\216%m\223"
 3205      D978F64C 
 3205      5D6DF444 
 3205      C3A963D1 
 3205      734E3291 
 3206 023d 0E442226 		.ascii	"\016D\"&\257\270NuS\225H7\305\253\325\261L\247-\336"
 3206      AFB84E75 
 3206      53954837 
 3206      C5ABD5B1 
 3206      4CA72DDE 
 3207 0251 DAD96433 		.ascii	"\332\331d3\234\260\334.;\025i&\231\260\332\267\255\333"
 3207      9CB0DC2E 
 3207      3B156926 
 3207      99B0DAB7 
 3207      ADDB
 3208 0263 F1C811AB 		.ascii	"\361\310\021\253\336:x\250.F\177\001:\344\020\021"
 3208      DE3A78A8 
 3208      2E467F01 
 3208      3AE41011 
 3209              		.text
 3210              		.section	.gnu.lto_chMBObjectInit.336.9a11cfe527d97cf3,"e",%progbits
 3211 0000 789C7D93 		.ascii	"x\234}\223[HTA\030\200\377\177\346\234\263\273\256\227"
 3211      5B485441 
 3211      1880FF7F 
 3211      E69CB3BB 
 3211      AE97
 3212 0012 950A4224 		.ascii	"\225\012B$\244^\313\003\032\206o\221\204HH\206ED\204"
 3212      A45ECB03 
 3212      1A866F91 
 3212      84484886 
 3212      454484
 3213 0025 B9DB9A9B 		.ascii	"\271\333\232\233\255Gv]LD\366x[a{\210-Q\002\361\362"
ARM GAS  /tmp/ccR3beyD.s 			page 77


 3213      AD47765D 
 3213      4C44F678 
 3213      5B617B88 
 3213      2D5102F1 
 3214 003a E64310A4 		.ascii	"\346C\020\244\201\211\330\026t5\251$\202H\301|03\202"
 3214      8189D816 
 3214      7435A924 
 3214      8248C17C 
 3214      303382
 3215 004d A830C36C 		.ascii	"\2500\303l\373\317\234\275H\230\2073g\346\377\347\233"
 3215      FBCF9CBD 
 3215      48988733 
 3215      67E6FFE7 
 3215      9B
 3216 005e 6F666766 		.ascii	"ofgf3%\200a\000\360RA\013\340\365H\230\201\256\353\207"
 3216      33258061 
 3216      00F05241 
 3216      0BE0F548 
 3216      9881AEEB 
 3217 0073 2D8C7545 		.ascii	"-\214uE\2562\274\21737G\025\251#\2229\272\364\242X\342"
 3217      AE32BC8F 
 3217      33374715 
 3217      A9239239 
 3217      BAF4A258 
 3218 0088 94B58B4C 		.ascii	"\224\265\213Lg<#%3\241xF\306\336\244E\301\266H\330F"
 3218      673C2325 
 3218      33A17846 
 3218      C6DEA445 
 3218      C1B648D8 
 3219 009d 16112104 		.ascii	"\026\021!\004\031\227d\005\2038\314UJ\255=\372\374\365"
 3219      19976405 
 3219      8338CC55 
 3219      4AAD3DFA 
 3219      FCF5
 3220 00af EE6E7D24 		.ascii	"\356n}$\212+\000A\020\217\214\312\016$\211\262\013\363"
 3220      8A2B0041 
 3220      108F8CCA 
 3220      0E2489B2 
 3220      0BF3
 3221 00c1 64B47620 		.ascii	"d\264v \034\210\352\372\253\247\343\272n\203\326\011"
 3221      1C88EAFA 
 3221      ABA7E3BA 
 3221      6E83D609 
 3222 00d1 0CDEC371 		.ascii	"\014\336\303q\004`\330\215#9\004\364\307\2019\001\264"
 3222      0460D88D 
 3222      233904F4 
 3222      C7813901 
 3222      B4
 3223 00e2 4C2601D6 		.ascii	"L&\001\326\215c\0060\024\007\326\004\320<\225\004x7"
 3223      8D630630 
 3223      1407D604 
 3223      D03C9504 
 3223      7837
 3224 00f4 467300EC 		.ascii	"Fs\000\354\346\324\224A&\335\236\225\243\372\357\330"
 3224      E6D49441 
 3224      26DD9E95 
 3224      A3FAEFD8 
ARM GAS  /tmp/ccR3beyD.s 			page 78


 3225 0104 355D9FFF 		.ascii	"5]\237\377\210\323\373r\021\230\314\200)\234\212Dm\231"
 3225      88D3FB72 
 3225      1198CC80 
 3225      299C8A44 
 3225      6D99
 3226 0116 6A858A85 		.ascii	"j\205\212\205\332V\252mT\322\200Y\3544_:0k\006\225,"
 3226      DA56AA6D 
 3226      54D28059 
 3226      EC345F3A 
 3226      306B0695 
 3227 012b C4097420 		.ascii	"\304\011t Nb6\342\024y\0078\304\350\341\250G\001\006"
 3227      4E6236E2 
 3227      14790738 
 3227      C4E8E1A8 
 3227      470106
 3228 013e 39338336 		.ascii	"93\2036\012~2}\361\373c4\352\275\346g\235u\314v#G\236"
 3228      0A7E327D 
 3228      F1FB6334 
 3228      EABDE667 
 3228      9D75CC76 
 3229 0155 A5B4D2D0 		.ascii	"\245\264\322\320u\326\376\207B\306\0216XW\036\347aT"
 3229      75D6FE87 
 3229      42C61136 
 3229      58571EE7 
 3229      6154
 3230 0167 BC75009C 		.ascii	"\274u\000\234\226@k\263\303*\353\\)\341\034\037\242"
 3230      96406BB3 
 3230      C32AEB5C 
 3230      29E11C1F 
 3230      A2
 3231 0178 D8BD41CE 		.ascii	"\330\275A\316\373\350\024\204]\212\273$\356PZR.\231"
 3231      FBE81484 
 3231      5D8ABB24 
 3231      EE505A52 
 3231      2E99
 3232 018a 4BA64B49 		.ascii	"K\246KI\270d\032\235T))\2254\32137`.4\256\262\360l\245"
 3232      B8641A9D 
 3232      54292995 
 3232      34D13337 
 3232      602E34AE 
 3233 01a2 39A5B272 		.ascii	"9\245\262r\213\251\262%T\326\315*[J%/\015-\204\321P"
 3233      8BA9B225 
 3233      54D6CD2A 
 3233      5B4A252F 
 3233      0D2D84D1 
 3234 01b7 D9C5CFDC 		.ascii	"\331\305\317\334`\235y\020Fv\321-N\334\205\364%\207"
 3234      609D7910 
 3234      4676D12D 
 3234      4EDC85F4 
 3234      2587
 3235 01c9 AB89EA5B 		.ascii	"\253\211\352[(U?\307gH\375!]\267\272\2461\212\314!4"
 3235      28553FC7 
 3235      6748FD21 
 3235      5DB7BAA6 
 3235      318ACC21 
 3236 01de 0A5D1A5D 		.ascii	"\012]\032]24\031\211-[\\U\214\345\364\177\3122FR\367"
 3236      32341989 
ARM GAS  /tmp/ccR3beyD.s 			page 79


 3236      2D5B5C55 
 3236      8CE5F47F 
 3236      CA324652 
 3237 01f3 083F77FE 		.ascii	"\010?w\376\001B\0215\255-3x\226V\345\020\340/\332\350"
 3237      01421135 
 3237      AD2D3378 
 3237      9656E510 
 3237      E02FDAE8 
 3238 0207 FF932FF1 		.ascii	"\377\223/\361L\222\\\337\226|\215\247\223\344\206 ;"
 3238      4C925CDF 
 3238      967C8DA7 
 3238      93E48620 
 3238      3B
 3239 0218 EE84BE30 		.ascii	"\356\204\2760\236&6G2\342\261\320\014\343v\356\340i"
 3239      9E263647 
 3239      32E2B1D0 
 3239      0CE376EE 
 3239      E069
 3240 022a 86E75B78 		.ascii	"\206\347[x\003\267\022\275\301S$\262\013Q\314\234\362"
 3240      03B712BD 
 3240      C15324B2 
 3240      0B51CC9C 
 3240      F2
 3241 023b C7F25653 		.ascii	"\307\362VS6\277\305J\000\345\275qI\0158\362d\0338\360"
 3241      36BFC54A 
 3241      00E5BD71 
 3241      490D38F2 
 3241      641B38F0 
 3242 024f 0E4F101C 		.ascii	"\016O\020\034\210\2637L\2667\214<=A\357\021\264\214"
 3242      88B3374C 
 3242      B6378C3C 
 3242      3D41EF11 
 3242      B48C
 3243 0261 823F3E87 		.ascii	"\202?>\207\345@{M\355e\324\346iX\342p\216\225\321\362"
 3243      E5407B4D 
 3243      ED65D4E6 
 3243      6958E270 
 3243      8E95D1F2 
 3244 0275 D259AEF0 		.ascii	"\322Y\256\360\364X\022\232\214\2555\013x4\245\371\360"
 3244      F458129A 
 3244      8CAD350B 
 3244      7834A5F9 
 3244      F0
 3245 0286 AF268334 		.ascii	"\257&\20341\326\276\320W*n\004]+\363(\215\277\004@\245"
 3245      31D6BED0 
 3245      572A6E04 
 3245      5D2BF328 
 3245      8DBF0440 
 3246 029b 5AAB79DD 		.ascii	"Z\253y\335\252Os\252\025>\355\222\333\325\350WKj=NO"
 3246      AA4F73AA 
 3246      153EED92 
 3246      DBD5E857 
 3246      4B6A3D4E 
 3247 02b0 6563E082 		.ascii	"ec\340\202G\333\334\256*(T\2334_\235\277\241\332\345"
 3247      47DBDCAE 
 3247      2A28549B 
 3247      345F9DBF 
ARM GAS  /tmp/ccR3beyD.s 			page 80


 3247      A1DAE5
 3248 02c3 AE6AF405 		.ascii	"\256j\364\005\352\353\324\312\223\345\205\005U\245\025"
 3248      EAEBD4CA 
 3248      93E58505 
 3248      55A515
 3249 02d2 6547AA6A 		.ascii	"eG\252j<>oS\265\317\255\302\376\374|\225^\2271T\363"
 3249      3C3E6F53 
 3249      B5CFADC2 
 3249      FEFC7C95 
 3249      5E973154 
 3250 02e7 C749CD4F 		.ascii	"\307I\315O\357e\217S\365\373\\\324\345ujW\334\376|\027"
 3250      EF658F53 
 3250      F5FB5CD4 
 3250      E5756A57 
 3250      DCFE7C17 
 3251 02fb 70AFB361 		.ascii	"p\257\263ag*\316/v\0269\017\036*\254\006\356\014\324"
 3251      672ACE2F 
 3251      7616390F 
 3251      1E2AAC06 
 3251      EE0CD4
 3252 030e 60FD5F7C 		.ascii	"`\375_|@\204E"
 3252      408445
 3253              		.text
 3254              		.section	.gnu.lto_chMBReset.337.9a11cfe527d97cf3,"e",%progbits
 3255 0000 789C7D52 		.ascii	"x\234}R]H\024Q\024>\347\256\263?E\020\230 \366\262\024"
 3255      5D481451 
 3255      143EE7AE 
 3255      B33F4510 
 3255      9820F6B2 
 3256 0015 2194EE98 		.ascii	"!\224\356\230V\322[%\261\030,\210\333\373\2623\216:"
 3256      56D25B25 
 3256      B1182C88 
 3256      DBFBB233 
 3256      8E3A
 3257 0027 E938DBCC 		.ascii	"\3518\333\314n\272H\354m7\022\204~\024\354\241L\363"
 3257      6EBA48EC 
 3257      6D371284 
 3257      7E14ECA1 
 3257      4CF3
 3258 0039 41E8AD97 		.ascii	"A\350\255\227\014\363wJ%\303\207\242\227d\2236$\010"
 3258      0CF3774A 
 3258      25C387A2 
 3258      97649336 
 3258      2408
 3259 004b 1224B350 		.ascii	"\022$\263PD\263{g\267\364\305\206\313\334s\276\357;"
 3259      44B37B67 
 3259      B7F4C586 
 3259      CBDC73BE 
 3259      EF3B
 3260 005d E77C9C99 		.ascii	"\347|\234\231K\004\240\036\001\216\002\000:\000\273"
 3260      4B04A01E 
 3260      018E0200 
 3260      3A00BB
 3261 006c BB3A0950 		.ascii	"\273:\011PJ\317\271\010\336\350\352\364\340(\332\031"
 3261      4ACFB908 
 3261      DEE8EAF4 
 3261      E028DA19 
ARM GAS  /tmp/ccR3beyD.s 			page 81


 3262 007c 42826002 		.ascii	"B\202`\002\007\034\"K\327g\226\356\215\027\322'\026"
 3262      071C224B 
 3262      D76796EE 
 3262      8D17D227 
 3262      16
 3263 008d 7E034880 		.ascii	"~\003H\200\375\010\350\314\307<\366.@\257\200\356\024"
 3263      FD08E8CC 
 3263      C73CF62E 
 3263      40AF80EE 
 3263      14
 3264 009e 42A945E9 		.ascii	"B\251E\351\273\321aJ=p}\004\023/p\230\315!\330\201]"
 3264      BBD1614A 
 3264      3D707D04 
 3264      132F7098 
 3264      CD21D881 
 3265 00b3 4500FBED 		.ascii	"E\000\373\355B\024\220\005\355\343\010v\020\237\260"
 3265      42149005 
 3265      EDE30876 
 3265      109FB0
 3266 00c2 033EE1D7 		.ascii	"\003>\341\327I\030\303x\026\236\304\177x\357\330\314"
 3266      4918C378 
 3266      169EC47F 
 3266      78EFD8CC 
 3267 00d2 82132C6C 		.ascii	"\202\023,le\271\3735G\371\224\365\211;\037\337\026\365"
 3267      65B9FB35 
 3267      47F994F5 
 3267      893B1FDF 
 3267      16F5
 3268 00e4 522B2FF6 		.ascii	"R+/\366\012\333\355ASH\204\016\3348,\340\011.Hwo\017"
 3268      0ADBED41 
 3268      5348840E 
 3268      DC382CE0 
 3268      092E4877 
 3269 00fa 954CA5E8 		.ascii	"\225L\245\350,\345\222DNb\333\266\307\275~\350\234F"
 3269      2CE59244 
 3269      4E62DBB6 
 3269      C7BD7EE8 
 3269      9C46
 3270 010c 7889EDDC 		.ascii	"x\211\355\334\330\0142C\234|\372^\260\350\346\366]j"
 3270      D80C3243 
 3270      9C7CFA5E 
 3270      B0E8E6F6 
 3270      5D6A
 3271 011e 7D2D18D8 		.ascii	"}-\030\330\260\276d\374n\2028\302\250>\007_\022\315"
 3271      B0BE64FC 
 3271      6E8238C2 
 3271      A83E075F 
 3271      12CD
 3272 0130 436A01F4 		.ascii	"Cj\001\364;H6I\261d\215\320\305\017\314\031\273WWz>"
 3272      3B483649 
 3272      B1648DD0 
 3272      C50FCC19 
 3272      BB57577A 
 3273 0145 3DB88FDC 		.ascii	"=\270\217\334=GW\323\036\234\314\022C\203\277\227\346"
 3273      3D4757D3 
 3273      1E9CCC12 
 3273      4383BF97 
ARM GAS  /tmp/ccR3beyD.s 			page 82


 3273      E6
 3274 0156 F3D1CA12 		.ascii	"\363\321\312\022\375\313\205\354N>&\200S\350\214a\231"
 3274      FDCB85EC 
 3274      4E3E2680 
 3274      53E88C61 
 3274      99
 3275 0167 ADD9EA7D 		.ascii	"\255\331\352}\236y\2048\235\325\214f<8\203\260I\222"
 3275      9E798438 
 3275      9DD58C66 
 3275      3C3883B0 
 3275      4992
 3276 0179 47B8B739 		.ascii	"G\270\2679\"`\361\002\271\3456\005\3640\247\263\010"
 3276      2260F102 
 3276      B9E53605 
 3276      F430A7B3 
 3276      08
 3277 018a EC7A83F6 		.ascii	"\354z\203\366J\2123\214\270\312\3419\344\206\222\337"
 3277      4A8A338C 
 3277      B8CAE139 
 3277      E48692DF 
 3278 019a 9F0DF62D 		.ascii	"\237\015\366-\273yw\333\337\217\225\236\237\351A\314"
 3278      BB7977DB 
 3278      DF8F959E 
 3278      9FE941CC 
 3279 01aa 99595C4B 		.ascii	"\231Y\\K#l\221\224\027:\221\350\032\003\311>[5|{\336"
 3279      236C9194 
 3279      173A91E8 
 3279      1A03C93E 
 3279      5B357C7B 
 3280 01bf CF3E3FE3 		.ascii	"\317>?\343n\332\234\332\000\340 \344\200]\224v\355\324"
 3280      6EDA9CDA 
 3280      00E020E4 
 3280      805D9476 
 3280      EDD4
 3281 01d1 C8902B59 		.ascii	"\310\220+Y\\\330\205\206mt\233$?g\374\366\037\322\347"
 3281      5CD88586 
 3281      6D749B24 
 3281      3F67FCF6 
 3281      1FD2E7
 3282 01e4 C0EC9A92 		.ascii	"\300\354\232\222\026O\203b\243\256)\242\241Kb\215\241"
 3282      164F8362 
 3282      A3AE29A2 
 3282      A14B628D 
 3282      A1
 3283 01f5 5F51E4A8 		.ascii	"_Q\344\250)V5\252\222\032\214\306\352T}w\034*\257\020"
 3283      295635AA 
 3283      921A8CC6 
 3283      EA547D77 
 3283      1C2AAF10 
 3284 0209 5B75A3C9 		.ascii	"[u\243\311\214\204e%\0245b-Mb\360r\240\242<\344\257"
 3284      8C846525 
 3284      1435622D 
 3284      4D62F072 
 3284      A0A23CE4 
 3285 021e A9BE10AA 		.ascii	"\251\276\020\252W\015\2555l(\"\224\370|\";2/\325\315"
 3285      570DAD35 
 3285      6C282294 
ARM GAS  /tmp/ccR3beyD.s 			page 83


 3285      F87C223B 
 3285      322FD5CD 
 3286 0232 9C5237D9 		.ascii	"\234R7\331iV%\3214dFi\222\336\246\230>\031\034\232\024"
 3286      695625D1 
 3286      34644669 
 3286      92DEA698 
 3286      3E191C9A 
 3287 0247 39B493FB 		.ascii	"9\264\223\373\316Jg\244S\225\025a8\276G\027#*\252-r"
 3287      CE4A67A4 
 3287      53951561 
 3287      38BE4717 
 3287      232AAA2D 
 3288 025c 73AC4E61 		.ascii	"s\254Na\234\0317}\215\340\222\302\246Rc\250\027\367"
 3288      9C19377D 
 3288      8DE092C2 
 3288      A65263A8 
 3288      17F7
 3289 026e 2891754D 		.ascii	"(\221uM\323[D\245-*\236\257\015\210U\201`uP\254\322"
 3289      D35B44A5 
 3289      2D2A9EAF 
 3289      0D885581 
 3289      607550AC 
 3290 0283 99D7EABF 		.ascii	"\231\327\352\277\2354S5C\015\262\314\272\235\376\177"
 3290      9D345335 
 3290      430DB2CC 
 3290      BA9DFE7F 
 3291 0293 97886EB0 		.ascii	"\227\210n\260\035\261>\327*K\003L%\263>\254\352` X\353"
 3291      1DB13ED7 
 3291      2A4B034C 
 3291      25B33EAC 
 3291      EA602058 
 3292 02a8 E53E2286 		.ascii	"\345>\"\206Z\342=V\006\304\000\227\246h\272\021\207"
 3292      5AE23D56 
 3292      06C40097 
 3292      A668BA11 
 3292      87
 3293 02b9 3FFAD444 		.ascii	"?\372\324D$"
 3293      24
 3294              		.text
 3295              		.section	.gnu.lto_chMBResetI.338.9a11cfe527d97cf3,"e",%progbits
 3296 0000 789C7D92 		.ascii	"x\234}\222[HTQ\024\206\327\277\3679'\235\242\350\"\024"
 3296      5B485451 
 3296      1486D7BF 
 3296      F739279D 
 3296      A2E82214 
 3297 0014 1448D05B 		.ascii	"\024H\320[\315\001'\014\337\"\037\304B2\246\210\350"
 3297      CD01270C 
 3297      DF221FC4 
 3297      4232A688 
 3297      E8
 3298 0025 61989926 		.ascii	"a\230\231&\034m:6\243\230\204\315\326\261\204\351!&"
 3298      1C6D3A36 
 3298      A39884CD 
 3298      D6B184E9 
 3298      2126
 3299 0037 229040E9 		.ascii	"\"\220@\351m\036\202\002\203\274eC7B\024/\021\005\365"
 3299      6D1E8202 
ARM GAS  /tmp/ccR3beyD.s 			page 84


 3299      83BC6543 
 3299      3742142F 
 3299      1105F5
 3300 004a 101261F6 		.ascii	"\020\022a\366Tt\0033[g\2177B<\354\333\332\373[\377^"
 3300      54740333 
 3300      5B678F37 
 3300      423CECDB 
 3300      DAFB5BFF 
 3301 005f 67ADFD5E 		.ascii	"g\255\375^\020\335&\242\012\3560\01172iAJ\251\203\353"
 3301      10DD26A2 
 3301      0AEE3009 
 3301      37326941 
 3301      4AA983EB 
 3302 0073 844865AE 		.ascii	"\204He\256\011\014`\264\263\3072\3323\033{>\215\224"
 3302      090C60B4 
 3302      B3C732DA 
 3302      331B7B3E 
 3302      8D94
 3303 0085 19123797 		.ascii	"\031\0227\227\010\003\255\231t!\023\332\002%\2054\220"
 3303      0803AD99 
 3303      742113DA 
 3303      02258534 
 3303      90
 3304 0096 C41D69F3 		.ascii	"\304\035i\363\306\357\347_\306'\266\253l\0163DI\322"
 3304      C6EFE75F 
 3304      C627B6AB 
 3304      6C0E3344 
 3304      49D2
 3305 00a8 9F096B2B 		.ascii	"\237\011k+\014\036\213Pl\242 \005\332\227Sj|\260W\251"
 3305      0C1E8B50 
 3305      6CA22005 
 3305      DA97536A 
 3305      7CB057A9 
 3306 00bc 426AE947 		.ascii	"Bj\351G\262\017\275 \022\350\300\327\035D\353\363\216"
 3306      B20FBD20 
 3306      12E8C0D7 
 3306      1D44EBF3 
 3306      8E
 3307 00cd BC0321EE 		.ascii	"\274\003!\356M\2329\365g\376\272R\243\037\221\335\263"
 3307      4D9A39F5 
 3307      67FEBA52 
 3307      A31F91DD 
 3307      B3
 3308 00de 0524A420 		.ascii	"\005$\244 aH\356\006\011\323$aY\334=@?{tI7Fe@\345\210"
 3308      6148EE06 
 3308      09D32461 
 3308      59DC3D40 
 3308      3F7B7449 
 3309 00f8 BAA5C81B 		.ascii	"\272\245\310\033\255l\374\022j\252{\0304'R\305\224\206"
 3309      AD6CFC12 
 3309      6AAA7B18 
 3309      342752C5 
 3309      9486
 3310 010a B8E0F08D 		.ascii	"\270\340\360\215\205z\373\276\307\235v\347\207Y\221"
 3310      857AFBBE 
 3310      C79D76E7 
 3310      875991
ARM GAS  /tmp/ccR3beyD.s 			page 85


 3311 0119 9AEC8084 		.ascii	"\232\354\200\204\364X-,8+\332\376\262)\244\353y\245"
 3311      F4582D2C 
 3311      382BDAFE 
 3311      B229A4EB 
 3311      79A5
 3312 012b 58CA34AC 		.ascii	"X\3124\254\272(\221\024\026\377\272\330@?E\373L\271"
 3312      BA289114 
 3312      16FFBAD8 
 3312      403F45FB 
 3312      4CB9
 3313 013d 94780CFD 		.ascii	"\224x\014\375\257\335RN\217t\372\334+\245\326\233\023"
 3313      AFDD524E 
 3313      8F74FADC 
 3313      2BA5D69B 
 3313      13
 3314 014e EDFABE48 		.ascii	"\355\372\276HX'\"\010\036Y#x\211\347\2730\002O\361\004"
 3314      58272208 
 3314      1E592378 
 3314      89E7BB30 
 3314      024FF104 
 3315 0162 7C7E55A9 		.ascii	"|~U\251\202\3403\014Bl\326*\306R\344\346blS\017<n8C"
 3315      82E0330C 
 3315      426CD62A 
 3315      C652E4E6 
 3315      626C530F 
 3316 017a 9F8BA4E1 		.ascii	"\237\213\244\341\3722Pp\272v\010T\352\256\032_\340\024"
 3316      FA325070 
 3316      BA760854 
 3316      EAAE1A5F 
 3316      E014
 3317 018c E978BFA5 		.ascii	"\351x\277\245\177`\341<+W\000/q\222\3436\264\324C\316"
 3317      7F60E13C 
 3317      2B57002F 
 3317      7192E336 
 3317      B4D443CE 
 3318 01a0 C41AE830 		.ascii	"\304\032\3500N,\241}y\364{v\323*\244\177\004\307\210"
 3318      4E2CA17D 
 3318      79F47B76 
 3318      D32AA47F 
 3318      04C788
 3319 01b3 AC776EB5 		.ascii	"\254wn\265\\x`-\270y\014G\031n\0064\373(\317\336JC\232"
 3319      5C78602D 
 3319      B8790C47 
 3319      196E0634 
 3319      FB28CFDE 
 3320 01ca 8BF44E4D 		.ascii	"\213\364NM\233\320|\325$\216\020\347\206\327\323H\274"
 3320      9BD07CD5 
 3320      248E10E7 
 3320      86D7D348 
 3320      BC
 3321 01db E22BDC12 		.ascii	"\342+\334\022\270\311\254\344w+M\256\300e\261Kk\015"
 3321      B8C9ACE4 
 3321      772B4DAE 
 3321      C065B14B 
 3321      6B0D
 3322 01ed 7916A5AC 		.ascii	"y\026\245\254\325\245\336\240|Y\352\355\377R\026^\203"
 3322      D5A5DEA0 
ARM GAS  /tmp/ccR3beyD.s 			page 86


 3322      7C59EAED 
 3322      FF52165E 
 3322      83
 3323 01fe 95E645DB 		.ascii	"\225\346E\333\207\211\303\272\216]\022\313\017\211\310"
 3323      8789C3BA 
 3323      8E5D12CB 
 3323      0F89C8
 3324 020d 6FD738B1 		.ascii	"o\3278\261\210\035wBvu\334\251\215\204\033\022vyM4\024"
 3324      881D7742 
 3324      7675DCA9 
 3324      8D841B12 
 3324      76794D34 
 3325 0222 F537349E 		.ascii	"\36574\236\211:+\327\201\022\237\335\344\304\353\022"
 3325      893A2BD7 
 3325      81129FDD 
 3325      E4C4EB12 
 3326 0232 F5C17024 		.ascii	"\365\301p$\320\020o<_g\373\217W\371J\002\025\325\225"
 3326      D0106F3C 
 3326      5F67FB8F 
 3326      57F94A02 
 3326      15D595
 3327 0245 870267A3 		.ascii	"\207\002g\243\361XS0\036\261i\257\327ks\013\273\256"
 3327      F1585330 
 3327      1EB169AF 
 3327      D76B730B 
 3327      BBAE
 3328 0257 4E628174 		.ascii	"Nb\201t\022\334\316ECv\"\036\346\243X\310\271\030Ix"
 3328      12DCCE45 
 3328      4376221E 
 3328      E6A358C8 
 3328      B9184978 
 3329 026b C32463A1 		.ascii	"\303$c\241\372m\313\266\267,T\032\332\177\300\027\244"
 3329      FA6DCBB6 
 3329      B72C541A 
 3329      DA7FC017 
 3329      A4
 3330 027c 7FB7FE1E 		.ascii	"\177\267\376\036\256"
 3330      AE
 3331              		.text
 3332              		.section	.gnu.lto_chMBPostTimeout.339.9a11cfe527d97cf3,"e",%progbits
 3333 0000 789C7D52 		.ascii	"x\234}R]H\024Q\024>\347\316\376\270\031\025\230\220"
 3333      5D481451 
 3333      143EE7CE 
 3333      FEB81915 
 3333      9890
 3334 0012 D5C31294 		.ascii	"\325\303\022\224P\266\023\232Io\225DH,H\333\373\342"
 3334      50B6139A 
 3334      496F9544 
 3334      482C48DB 
 3334      FBE2
 3335 0024 8E534E36 		.ascii	"\216SN6\216\315\354\266-!;\272\340\206\020f\205P\231"
 3335      8ECDECB6 
 3335      2D213BBA 
 3335      E0861066 
 3335      855099
 3336 0037 D943510F 		.ascii	"\331CQ\017QT\346V\022c\266\225Jj=\225\375X\276\364P"
 3336      5154E656 
ARM GAS  /tmp/ccR3beyD.s 			page 87


 3336      1263B695 
 3336      4A6A3D95 
 3336      FD58BEF4 
 3337 004c 98649044 		.ascii	"\230d\220Df\347\316n\326\213\301\345\336s\316\367\235"
 3337      66E7CE6E 
 3337      D68BC1E5 
 3337      DE73CEF7 
 3337      9D
 3338 005d EF7EF7CC 		.ascii	"\357~\367\314\2140\200\030\002\254\003\000\024\000O"
 3338      8C308018 
 3338      02AC0300 
 3338      14004F
 3339 006c B6B53030 		.ascii	"\266\26500Ms\233\233ac[\313\307k\267\035\330\207v\001"
 3339      4D739B9B 
 3339      61635BCB 
 3339      C76BB71D 
 3339      D8877601 
 3340 0080 21CE308E 		.ascii	"!\3160\216\027\005'\272\362\320A{>zE\202f\322\237F_"
 3340      170527BA 
 3340      F2D0417B 
 3340      3E7A4582 
 3340      66D29F46 
 3341 0095 ADEEB862 		.ascii	"\255\356\270b9\342\320\220\302\036\222\003pbN\002a\243"
 3341      39E2D090 
 3341      C21E9203 
 3341      70624E02 
 3341      61A3
 3342 00a7 659AA383 		.ascii	"e\232\243\203)\323\364\300\321{\230\005\031K\342\335"
 3342      29D3F4C0 
 3342      D17B9805 
 3342      194BE2DD 
 3343 00b7 02227410 		.ascii	"\002\"t\020\201\372G\337\332\204x\357<\001\222\230\346"
 3343      81FA47DF 
 3343      DA8478EF 
 3343      3C019298 
 3343      E6
 3344 00c8 84AEACC2 		.ascii	"\204\256\254\302\261D\322\\\346\210=\230'\010I|^`_r"
 3344      B144D25C 
 3344      E6883D98 
 3344      2708497C 
 3344      5E605F72 
 3345 00dc 0569DF40 		.ascii	"\005i\337@*S\303\227\232\227\234h\314\211[8o\"\211o"
 3345      2A53C397 
 3345      9A979C68 
 3345      CC895B38 
 3345      6F22896F 
 3346 00f0 0A72A10F 		.ascii	"\012r\241\017\241\201^\347\304\\\200h?\347S\020yd\007"
 3346      A1815EE7 
 3346      C45C8068 
 3346      3FE75310 
 3346      796407
 3347 0103 D498FA5C 		.ascii	"\324\230\372\\\014\0171\222)\247q\276\3361\236~\343"
 3347      0C0F3192 
 3347      29A771BE 
 3347      DE319E7E 
 3347      E3
 3348 0114 82C768F0 		.ascii	"\202\307h\360k\306x\225{\2319\335\372zde\207i9\016="
ARM GAS  /tmp/ccR3beyD.s 			page 88


 3348      6BC67895 
 3348      7B9939DD 
 3348      FA7A6465 
 3348      8769390E 
 3349 0129 C5A87DD1 		.ascii	"\305\250}\321\0002w\022\177\254\"\037\234p\343\324\\"
 3349      00327712 
 3349      7FAC221F 
 3349      9C70E3D4 
 3349      5C
 3350 013a 77517FC2 		.ascii	"wQ\177\302|jrJC\226b\217\204\313\316<9\347\032Dx\202"
 3350      7C6A724A 
 3350      4396628F 
 3350      84CBCE3C 
 3350      39E71A44 
 3351 0150 51A0FB86 		.ascii	"Q\240\373\206\220\014\021\210h\341\365\027N\313\374"
 3351      900C1188 
 3351      68E1F517 
 3351      4ECBFC
 3352 015f 39D76A5A 		.ascii	"9\327jZ\037\363/\336\0328\323\333\343Y\304\020\357\241"
 3352      1FF32FDE 
 3352      1A38D3DB 
 3352      E359C410 
 3352      EFA1
 3353 0171 80D88B0E 		.ascii	"\200\330\213\016\304\007\350\002\342\001t\012\374\033"
 3353      C407E802 
 3353      E201740A 
 3353      FC1B
 3354 017f 990E342D 		.ascii	"\231\0164-\200\013\002\313$\011J\2763s\342\374\020\332"
 3354      800B02CB 
 3354      24094ABE 
 3354      3373E2FC 
 3354      10DA
 3355 0191 E78D5C7E 		.ascii	"\347\215\\~L\317\266\277;\333\216\374]\2748=\346\301"
 3355      4CCFB6BF 
 3355      3BDB8EFC 
 3355      5DBC383D 
 3355      E6C1
 3356 01a3 B41D4E7F 		.ascii	"\264\035N\177\270\374\353\323\313<|\234\001.L\256\240"
 3356      B8FCEBD3 
 3356      CB3C7C9C 
 3356      012E4CAE 
 3356      A0
 3357 01b4 B3A98B01 		.ascii	"\263\251\213\001\016\240\353\020n\2629W;\357\214\237"
 3357      0EA0EB10 
 3357      6EB23957 
 3357      3BEF8C9F 
 3358 01c4 471CCC70 		.ascii	"G\034\314p\356\217{\220\304\177\262\2465\334\365;\346"
 3358      EE8F7B90 
 3358      C47FB2A6 
 3358      35DCF53B 
 3358      E6
 3359 01d5 C4C22FAC 		.ascii	"\304\302/\2549Gs\242\207\0368\214@\307\010>\343\303"
 3359      394773A2 
 3359      871E388C 
 3359      40C7083E 
 3359      E3C3
 3360 01e7 2AFC4A80 		.ascii	"*\374J\200\312\313\317\221\373j\232z\177\271s2\207\253"
ARM GAS  /tmp/ccR3beyD.s 			page 89


 3360      CACBCF91 
 3360      FB6A9A7A 
 3360      7FB97332 
 3360      87AB
 3361 01f9 DB36BFCE 		.ascii	"\3336\277\316\266\177\033\273\204Y3\023\337i\302\263"
 3361      B67F1BBB 
 3361      84593313 
 3361      DF69C2B3 
 3362 0209 2CE18516 		.ascii	",\341\205\026d\265\012\025\331b\233\225:~s7\375\201"
 3362      64B50A15 
 3362      D9629B95 
 3362      3A7E7337 
 3362      FD81
 3363 021b 8435776D 		.ascii	"\2045wm\025\\\204\312\022\200\300\004Ap\260\245\\\327"
 3363      155C84CA 
 3363      1280C004 
 3363      4170B0A5 
 3363      5CD7
 3364 022d 4B23115C 		.ascii	"K#\021\\\266H\367\320?\"A\310jL\244ra\216^VJ,\340\303"
 3364      B648F7D0 
 3364      3F2241C8 
 3364      6A4CA472 
 3364      618E5E56 
 3365 0245 C3CCBC9A 		.ascii	"\303\314\274\232,\236\006\304\032M\225E]\013\211\225"
 3365      2C9E06C4 
 3365      1A4D9545 
 3365      5D0B8995 
 3366 0255 BA764096 		.ascii	"\272v@\226\302\206X^\243\204\224@8R\255h\377\306\301"
 3366      C286585E 
 3366      A3849440 
 3366      3852AD68 
 3366      FFC6C1
 3367 0268 E21231AA 		.ascii	"\342\0221\252\351\265F}\225$\007\303z\244\256V\014\354"
 3367      E9B5467D 
 3367      952407C3 
 3367      7AA4AE56 
 3367      0CEC
 3368 027a F5971407 		.ascii	"\365\227\024\007wUV\354\010\356St5Z\245\313\"\024\371"
 3368      775556EC 
 3368      08EE5374 
 3368      355AA5CB 
 3368      2214F9
 3369 028d 7C222D89 		.ascii	"|\"-\211\267jF\226\251\031\264\016*!\321\320%\202\324"
 3369      B76A4696 
 3369      A919B40E 
 3369      2A21D1D0 
 3369      2582D4
 3370 02a0 90764436 		.ascii	"\220vD6|\022\010j\250~\371\337\334\2675\264%\264\271"
 3370      7C12086A 
 3370      A87EF9DF 
 3370      DCB735B4 
 3370      25B4B9
 3371 02b3 ACA48A00 		.ascii	"\254\244\212\000c\277;\254\250\262\026\011\273\364\352"
 3371      63BF3BAC 
 3371      A8B21609 
 3371      BBF4EA
 3372 02c2 18A5EB17 		.ascii	"\030\245\353\027\020\326\303\242R'\035\214T\313\204"
ARM GAS  /tmp/ccR3beyD.s 			page 90


 3372      10D6C3A2 
 3372      52271D8C 
 3372      54CB84
 3373 02d1 1931C357 		.ascii	"\0311\303W\003\356P\225!W\352\312\316\005Z$MU\265:Q"
 3373      03EE5095 
 3373      2157EACA 
 3373      CE055A24 
 3373      4D55B53A 
 3374 02e6 3E1216B7 		.ascii	">\022\026\267\357\361\213\345\376@E@,\327\310~\305\037"
 3374      EFF18BE5 
 3374      FE404540 
 3374      2CD7C87E 
 3374      C51F
 3375 02f8 25D5508C 		.ascii	"%\325P\214\340~I\"\265\322\377\253\324k:\215\215t\016"
 3375      E07E4922 
 3375      B5D2FFAB 
 3375      D46B3A8D 
 3375      8D740E
 3376 030b 976DF413 		.ascii	"\227m\364\023K\"\035\352Z\346\017\354\361r\037\365\272"
 3376      4B221DEA 
 3376      5AE60FEC 
 3376      F1721FF5 
 3376      BA
 3377 031c 52E45DBB 		.ascii	"R\344]\273\011\230\016nUV5=\006\277\001\242@u\232"
 3377      09980E6E 
 3377      5556353D 
 3377      06BF01A2 
 3377      40759A
 3378              		.text
 3379              		.section	.gnu.lto_chMBPostTimeoutS.340.9a11cfe527d97cf3,"e",%progbits
 3380 0000 789C6D54 		.ascii	"x\234mTolSU\024\277\347\236\367^_\377=\214nB\003!\003"
 3380      6F6C5355 
 3380      14BFE79E 
 3380      F75E5FFF 
 3380      3D8C6E42 
 3381 0017 3F68A2AE 		.ascii	"?h\242\256\0113\023>\230\240\213Y\310b\304LM\314b\226"
 3381      0933133E 
 3381      98A08B59 
 3381      C862C44C 
 3381      4DCC6296 
 3382 002b B5545766 		.ascii	"\265TWf}\244\3352\011\301\367\266\3166\226\017\254\213"
 3382      7DA4DD32 
 3382      09C1F7B6 
 3382      CE36960F 
 3382      AC8B
 3383 003d 0EB73563 		.ascii	"\016\2675c\360\001\207\030E\346\204L\034\305\211\202"
 3383      F0018718 
 3383      45E6844C 
 3383      1CC58982 
 3384 004d E202D3B9 		.ascii	"\342\002\323\271,Dgf\324m\304\204\371\007fp\316\363"
 3384      2C446766 
 3384      D46DC484 
 3384      F9076670 
 3384      CEF3
 3385 005f 6EDBC710 		.ascii	"n\333\307\020\232w\337;\367\336\337\371\235\3379\367"
 3385      9A77DF3B 
 3385      F7DEDFF9 
ARM GAS  /tmp/ccR3beyD.s 			page 91


 3385      9DDF39F7 
 3386 006f DC6E9419 		.ascii	"\334n\224\031{\21716A\003\274\014:\322)\316L\323\334"
 3386      7B8F3136 
 3386      4103BC0C 
 3386      3AD229CE 
 3386      4CD3DC
 3387 0082 ECE03C9E 		.ascii	"\354\340<\236\336\303\3414|\3355\240Hmim\340\227\363"
 3387      DEC3E134 
 3387      7CDD35A0 
 3387      486D696D 
 3387      E097F3
 3388 0095 9B248437 		.ascii	"\233$\2047l\204\004\305\342+\363\236\366c\353\0109?"
 3388      6C8404C5 
 3388      E22BF39E 
 3388      F663EB08 
 3388      393F
 3389 00a7 7B844B89 		.ascii	"{\204K\211\264\266\267\363\333G$\205'\323n\261\322\335"
 3389      B4B6B7F3 
 3389      DB472485 
 3389      27D36EB1 
 3389      D2DD
 3390 00b9 3E0D62C9 		.ascii	">\015b\311\301\337j?\006\344S\"u\321\2320T\350\3528"
 3390      C1DF6A3F 
 3390      06E45322 
 3390      75D19A30 
 3390      54E8EA38 
 3391 00cd B82E47E8 		.ascii	"\270.G\350\204\236\216\203\363C_T\022\227Xp\361\014"
 3391      849E8E83 
 3391      F3435F54 
 3391      12975870 
 3391      F10C
 3392 00df 3908DF1E 		.ascii	"9\010\337\036r\020l\036xS\315\301\335\320\222v\011\013"
 3392      72106C1E 
 3392      7853CDC1 
 3392      DDD09276 
 3392      090B
 3393 00f1 98C15192 		.ascii	"\230\301Q\222\025\207\352ty\334`p\312\312\376\035@\031"
 3393      1587EA74 
 3393      79DC6070 
 3393      CACAFE1D 
 3393      4019
 3394 0103 94BB40A2 		.ascii	"\224\273@\242w1\224\370\311a\341\314\345\276\3715\231"
 3394      773194F8 
 3394      C961E1CC 
 3394      E5BEF935 
 3394      99
 3395 0114 FEAC64B0 		.ascii	"\376\254d\260\335'\3408X0\031\3248\260\007\263\246y"
 3395      DD27E038 
 3395      583019D4 
 3395      38B007B3 
 3395      A679
 3396 0126 E1AB13A6 		.ascii	"\341\253\023\246\351d\273\206 \277\311y\022\246V\021"
 3396      E964BB86 
 3396      20BFC979 
 3396      12A65611 
 3397 0136 204300F2 		.ascii	" C\000\362\277\360\203\000\030'm\000K\302e\013\320\227"
 3397      BFF08300 
ARM GAS  /tmp/ccR3beyD.s 			page 92


 3397      18276D00 
 3397      4BC2650B 
 3397      D097
 3398 0148 67783D9E 		.ascii	"gx=\2364\357\220v\016\333\000L\302\265U\"H?\320\373"
 3398      34EF9076 
 3398      0EDB004C 
 3398      C2B55522 
 3398      483FD0FB 
 3399 015c 7E62B9B2 		.ascii	"~b\271\262\347\355\204\326\336\242\032Y\260E$\241\325"
 3399      E7ED84D6 
 3399      DEA21A59 
 3399      B04524A1 
 3399      D5
 3400 016d E766A781 		.ascii	"\347f\247\201\355\266\316\203\374 \013\\z\177L\316\232"
 3400      EDB6CE83 
 3400      FC200B5C 
 3400      7A7F4CCE 
 3400      9A
 3401 017e FF2CED35 		.ascii	"\377,\3555\315\211\215\335#Gza=0.s\306\025\244!\221"
 3401      CD898DDD 
 3401      23477A61 
 3401      3D302E73 
 3401      C615A421 
 3402 0193 2D33EE50 		.ascii	"-3\356P\030W\0354T\032N\032.Zs\323\3600\356\364\322"
 3402      18571D34 
 3402      541A4E1A 
 3402      2E5A73D3 
 3402      F030EEF4 
 3403 01a8 D0486611 		.ascii	"\320Hf\021\300\020\254\004\030\006\037#\352\325\000"
 3403      C010AC04 
 3403      18061F23 
 3403      EAD500
 3404 01b7 27294A2F 		.ascii	"')J/\262w&\367\225\203\231el?ra\267\220}\215\233\323"
 3404      B27726F7 
 3404      95839965 
 3404      6C3F7261 
 3404      B7907D8D 
 3405 01cd FB469D74 		.ascii	"\373F\235t\032\302\354\326\330\"\217\227\260\024\360"
 3405      1AC2ECD6 
 3405      D8228F97 
 3405      B014F0
 3406 01dc 863069F3 		.ascii	"\2060i\363\210\325\214f}\326\347^\327y|,\011\010X\244"
 3406      88D58C66 
 3406      7DD6E75E 
 3406      D7797C2C 
 3406      090858A4 
 3407 01f0 EC22E2EB 		.ascii	"\354\"\342\353\274\365_\232r\004\362|\255\0041\005J"
 3407      BCF55F9A 
 3407      7204F27C 
 3407      AD043105 
 3407      4A
 3408 0201 28C81872 		.ascii	"(\310\030r\205\316\214\257`Wy\333\\\005\"\234\021\331"
 3408      85CE8CAF 
 3408      605779DB 
 3408      5C05229C 
 3408      11D9
 3409 0213 53705C38 		.ascii	"Sp\\8;([\301Q\360-\3626\021\257\366y\253vJ\215U;\342"
ARM GAS  /tmp/ccR3beyD.s 			page 93


 3409      3B285BC1 
 3409      51F02DF2 
 3409      3611AFF6 
 3409      79AB764A 
 3410 022b A869A6EF 		.ascii	"\250i\246\357\273 =w\016\316\002\355'LS\255\371\022"
 3410      BB203D77 
 3410      0ECE02ED 
 3410      274C53AD 
 3410      F912
 3411 023d 3E055E24 		.ascii	">\005^$X\244B\012\2625\223\251\330\246\004 \027tN\037"
 3411      58A4420A 
 3411      B23593A9 
 3411      D8A60420 
 3411      17744E1F 
 3412 0251 159AA707 		.ascii	"\025\232\247\007G\271%q\370\260F\315C|\004S\237y\366"
 3412      47B92571 
 3412      F8B046CD 
 3412      437C0453 
 3412      9F79F6
 3413 0264 3360E596 		.ascii	"3`\345\226\325t\036\252\211\315\2228\022@Ii\312i$Be"
 3413      D5741EAA 
 3413      89CD9238 
 3413      12404969 
 3413      CA692442 
 3414 0279 E1E881DF 		.ascii	"\341\350\201\337\320.\321)\242!\241}e(\223\324\247\236"
 3414      D02ED129 
 3414      A221A17D 
 3414      652893D4 
 3414      A79E
 3415 028b A4FC8AB8 		.ascii	"\244\374\212\270\257\340(+U\266\243\243u.q\247\355w"
 3415      AFE0282B 
 3415      55B6A3A3 
 3415      752E71A7 
 3415      ED77
 3416 029d 711445F8 		.ascii	"q\024E\370Y/*\267\206\327/\302\026f\2250\376ab\234\243"
 3416      592F2AB7 
 3416      86D72FC2 
 3416      16669530 
 3416      FE61629C 
 3417 02b2 0315F808 		.ascii	"\003\025\370\010,\374\357)\310\243g\274\313\340\337"
 3417      2CFCEF29 
 3417      C8A367BC 
 3417      CBE0DF
 3418 02c1 58707458 		.ascii	"XptX\210\314\354\335T,\035X\016\205Ft\034\030\256\026"
 3418      88CCECDD 
 3418      542C1D58 
 3418      0E854674 
 3418      1C18AE16 
 3419 02d5 41C7B45C 		.ascii	"A\307\264\\\312kQ\275M\314\011\250\314\245<5\262\235"
 3419      CA6B51BD 
 3419      4DCC09A8 
 3419      CCA53C35 
 3419      B29D
 3420 02e7 42AA79DD 		.ascii	"B\252y\335j\313`\334i\353\036\037\365\344t\257A\347"
 3420      6ACB60DC 
 3420      69EB1E1F 
 3420      F5E474AF 
ARM GAS  /tmp/ccR3beyD.s 			page 94


 3420      41E7
 3421 02f9 6D3826E1 		.ascii	"m8&\341q\241\233\204\376\314\363\373\375\3322\300%\241"
 3421      71A19B84 
 3421      FECCF3FB 
 3421      FDDA32C0 
 3421      25A1
 3422 030b D429989D 		.ascii	"\324)\230\2357Ud2_\221\303^t\335\312\\\365=T\344*\322"
 3422      37556432 
 3422      5F91C35E 
 3422      74DDCA5C 
 3422      F53D54E4 
 3423 0321 9B580474 		.ascii	"\233X\004t\243\213J\373\277\222\364/+I\325\217\026\036"
 3423      A38B4AFB 
 3423      BF92F42F 
 3423      2B49D58F 
 3423      161E
 3424 0333 DD827A2A 		.ascii	"\335\202z*G\335\231\002\364\024\312\267V`e\020\350G"
 3424      47DD9902 
 3424      F414CAB7 
 3424      56606510 
 3424      E847
 3425 0345 A7E194C1 		.ascii	"\247\341\224\301\250\231D\311\"?\321\241Y=ku\337'\306"
 3425      A89944C9 
 3425      223FD1A1 
 3425      593D6B75 
 3425      DF27C6
 3426 0358 C7B4831E 		.ascii	"\307\264\203\036jS~\217`\273\262\354*\0347\354\273\360"
 3426      6A537E8F 
 3426      60BBB2EC 
 3426      2A1C37EC 
 3426      BBF0
 3427 036a A7269272 		.ascii	"\247&\222r]\375\274\373\322\215\376X\314\265Yg\352/"
 3427      5DFDBCFB 
 3427      D28DFE58 
 3427      CCB55967 
 3427      EA2F
 3428 037c 406F21F6 		.ascii	"@o!\366\2757\305\376\025\006\013\261\373WDf\362\261"
 3428      BD37C5FE 
 3428      15060BB1 
 3428      FB574466 
 3428      F2B1
 3429 038e D147FC03 		.ascii	"\321G\374\003\306\007Vp/\256\344\367\021]k\011\335["
 3429      C6075670 
 3429      2FAEE4F7 
 3429      115D6B09 
 3429      DD5B
 3430 03a0 F409E2A5 		.ascii	"\364\011\342\245\321b\353\254f+\320\247\030\371&\353"
 3430      D162EBAC 
 3430      662BD0A7 
 3430      18F926EB 
 3431 03b0 45CF7787 		.ascii	"E\317w\207f\316!\025f?\272\355\253\274\304[73\264\344"
 3431      66CE2115 
 3431      663FBAED 
 3431      ABBCC45B 
 3431      3733B4E4 
 3432 03c4 255123F0 		.ascii	"%Q#\360\253\362\360\037\013*\335l\230\003\347\241f\364"
 3432      ABF2F01F 
ARM GAS  /tmp/ccR3beyD.s 			page 95


 3432      0B2ADD6C 
 3432      9803E7A1 
 3432      66F4
 3433 03d6 B97AFFAE 		.ascii	"\271z\377\256'g\260\377\010\030\253\366\327\353\221"
 3433      2767B0FF 
 3433      0818ABF6 
 3433      D7EB91
 3434 03e5 903FAA07 		.ascii	"\220?\252\007\374[\243\372\366P\2601\346\257\250\017"
 3434      FC5BA3FA 
 3434      F650B031 
 3434      E6AFA80F 
 3435 03f5 07C2D58D 		.ascii	"\007\302\325\215M\333\302\372r\273vC\231\277Y\2176\304"
 3435      4DDBC2FA 
 3435      72BB7643 
 3435      99BF598F 
 3435      36C4
 3436 0407 76D40543 		.ascii	"v\324\005C\265\215\321\246\227\033\374\325O?Q\266\241"
 3436      B58DD1A6 
 3436      971BFCD5 
 3436      4F3F51B6 
 3436      A1
 3437 0418 B672EB96 		.ascii	"\266r\353\226\307j_\010G#\315u\321\220\237=PZ\352\247"
 3437      C76A5F08 
 3437      4723CD75 
 3437      D1909F3D 
 3437      505AEAA7 
 3438 042c 2768B9EA 		.ascii	"'h\271\352\261<R\217\321\363R8\340\217E\203\264\025"
 3438      B13C528F 
 3438      D1F35238 
 3438      E08F4583 
 3438      B415
 3439 043e 09E8AF84 		.ascii	"\011\350\257\204b\245A\206\221\300\216\242\033\363\322"
 3439      62A54186 
 3439      91C08EA2 
 3439      1BF3D2
 3440 044d 4D81F2C0 		.ascii	"M\201\362\300C\017\227\325\321F\354EGc8\022\322\233"
 3440      430F97D5 
 3440      D146EC45 
 3440      47633812 
 3440      D29B
 3441 045f 1A95E8B6 		.ascii	"\032\225\350\266\2354\375\017\270\366\012\372"
 3441      9D34FD0F 
 3441      B8F60AFA 
 3442              		.text
 3443              		.section	.gnu.lto_chMBPostI.341.9a11cfe527d97cf3,"e",%progbits
 3444 0000 789C6D53 		.ascii	"x\234mSmh[U\030~?\316\275\271i\222\026\026G\213l\320"
 3444      6D685B55 
 3444      187E3FCE 
 3444      BDB96992 
 3444      1616478B 
 3445 0016 F94F70BD 		.ascii	"\371Op\275\260\312d?\224i\2212\2440\251\242 %41n\261"
 3445      B0CA643F 
 3445      94699132 
 3445      A430A9A2 
 3445      20253431 
 3446 002c D66C4947 		.ascii	"\326lIG\2251s\267t\011\213\242M+\332h\267\271\011\245"
 3446      953173B7 
ARM GAS  /tmp/ccR3beyD.s 			page 96


 3446      74098BA2 
 3446      4D2BDA68 
 3446      B7B909A5 
 3447 0040 43D1E1C4 		.ascii	"C\321\341\304\225\321m\221Y\347\217\315\314\352\020"
 3447      95D16D91 
 3447      59E78FCD 
 3447      CCEA10
 3448 004f 7158AC4E 		.ascii	"qX\254N6E\260\023\277\230\265\276\347\3364\255np\336"
 3448      3645B013 
 3448      BF98B5BE 
 3448      E7DE34AD 
 3448      6E70DE
 3449 0062 7BBE9EF7 		.ascii	"{\276\236\367y\237\363\334s\326*\200\203\000\360\246"
 3449      799FF3DC 
 3449      73D62A80 
 3449      8300F0A6 
 3450 0072 04D6010E 		.ascii	"\004\326\001\016\025\013\004\216\343l\364\021e\213\317"
 3450      150B048E 
 3450      E36CF411 
 3450      658BCF
 3451 0081 139EC4F3 		.ascii	"\023\236\304\363\245c\246\032(\326\037\373\341\334\006"
 3451      A563A61A 
 3451      28D61FFB 
 3451      E1DC06
 3452 0090 C5F8720D 		.ascii	"\305\370r\015\241\2504\370\336\032A\034|\375-T{\213"
 3452      A1A834F8 
 3452      DE1A411C 
 3452      7CFD2D54 
 3452      7B8B
 3453 00a2 F5DF7EFF 		.ascii	"\365\337~\377\305=\312\240\\1ph\356\354\335\25248\213"
 3453      C53DCAA0 
 3453      5C317068 
 3453      EEECDDAA 
 3453      34388B
 3454 00b5 332F4E90 		.ascii	"3/N\2202)_\014HJ\263\032\221%w\340\303\221\241\303k"
 3454      32295F0C 
 3454      484AB31A 
 3454      912577E0 
 3454      C391A1C3 
 3455 00ca 3C1E0B4B 		.ascii	"<\036\013KC\207\347F\366\265\013\225\273\340\307\335"
 3455      4387E746 
 3455      F6B50B95 
 3455      BBE0C7DD 
 3456 00da B5220819 		.ascii	"\265\"\010\031be\230>\313\217\031<\304\006\232aT\362"
 3456      6265983E 
 3456      CB8F193C 
 3456      C4069A61 
 3456      54F2
 3457 00ec 5D89CDB6 		.ascii	"]\211\315\266 \376\234\372\351\350\374\252\321\361\262"
 3457      20FE9CFA 
 3457      E9E8FCAA 
 3457      D1F1B2
 3458 00fb CAC0AE09 		.ascii	"\312\300\256\011<\216r\0200\320\312\"\254-;\316\205"
 3458      3C8E7210 
 3458      30D0CA22 
 3458      AC2D3BCE 
 3458      85
ARM GAS  /tmp/ccR3beyD.s 			page 97


 3459 010c C909C7F1 		.ascii	"\311\011\307\361\303\316\023X\335$\312\343kM\002\030"
 3459      C3CE1358 
 3459      DD24CAE3 
 3459      6B4D0218 
 3460 011c 1580E45F 		.ascii	"\025\200\344_\250\270\200\314d\015\000y\034k\002\010"
 3460      A8B880CC 
 3460      640D0079 
 3460      1C6B0208 
 3461 012c 00ECD2A6 		.ascii	"\000\354\322\246H#~w\332(;\177/\274\3448\227/\343\376"
 3461      48237E77 
 3461      DA283B7F 
 3461      2FBCE438 
 3461      972FE3FE 
 3462 0140 DB572190 		.ascii	"\333W!\220\" \203%\224\214\015 \323\004\362\371$,\011"
 3462      22208325 
 3462      948C0D20 
 3462      D304F2F9 
 3462      242C09
 3463 0153 BF449DAC 		.ascii	"\277D\235\254\005$\202@VHh\303\210'\260\021qR(\017\260"
 3463      05248240 
 3463      564868C3 
 3463      8827B011 
 3463      7152280F 
 3464 0168 3E9DA3D0 		.ascii	">\235\243\320)\213\377L\336d\267L\376 g\366\353\212"
 3464      298BFF4C 
 3464      DE64B74C 
 3464      FE2067F6 
 3464      EB8A
 3465 017a 5FAC8079 		.ascii	"_\254\200y\3126C\001\251\267GT\005\334\235K\015\272"
 3465      CA364301 
 3465      A9B74754 
 3465      05DC9D4B 
 3465      0DBA
 3466 018c BBCDFB5C 		.ascii	"\273\315\373\\\247\354t\036\0319l\356\024\316\353\264"
 3466      A7EC741E 
 3466      19396CEE 
 3466      14CEEBB4 
 3467 019c E71F9912 		.ascii	"\347\037\231\022\353\314\275\315\314\0054\267\304\001"
 3467      EBCCBDCD 
 3467      CC0534B7 
 3467      C401
 3468 01aa 984C7191 		.ascii	"\230Lq\221\352\341w\032\370\261\215\031?t=\222\262|"
 3468      EAE1771A 
 3468      F8B18D19 
 3468      3F743D92 
 3468      B27C
 3469 01bc E55CA955 		.ascii	"\345\\\251UWe\227o\236\006\334z\335\021\355\240\331"
 3469      5765976F 
 3469      9E06DC7A 
 3469      DD11EDA0 
 3469      D9
 3470 01cd 85F2158E 		.ascii	"\205\362\025\216\256g\245\177\033\325cS\370\021\312"
 3470      AE67A57F 
 3470      1BD56353 
 3470      F811CA
 3471 01dc 7ECE71AC 		.ascii	"~\316q\254\256\217\361\024R\330eQ5\361\306\242\266\331"
 3471      AE8FF114 
ARM GAS  /tmp/ccR3beyD.s 			page 98


 3471      52D86551 
 3471      35F1C6A2 
 3471      B6D9
 3472 01ee 6B0D5ACE 		.ascii	"k\015Z\316\251#!\371u\222+\000\353\221G\313\010\353"
 3472      A92321F9 
 3472      75922B00 
 3472      EB9147CB 
 3472      08EB
 3473 0200 F5A8FF13 		.ascii	"\365\250\377\023|X2\265\2343\267\2622\373==Be\354\033"
 3473      7C5832B5 
 3473      9C33B7B2 
 3473      32FB3D3D 
 3473      4265EC1B 
 3474 0214 1BFB8D6B 		.ascii	"\033\373\215k>\314W\364Q\006\336h`Cdu>(g\011S\323b\242"
 3474      3ECC57F4 
 3474      5106DE68 
 3474      60436475 
 3474      3E286709 
 3475 022c 6176D412 		.ascii	"av\324\022\315_\317\226f\227\022\027*\344\326\277\032"
 3475      CD5FCF96 
 3475      66971217 
 3475      2AE4D6BF 
 3475      1A
 3476 023d 64F3C6FA 		.ascii	"d\363\306\372\333\317\343\003\240\375\312\276\237\233"
 3476      DBCFE303 
 3476      A0FDCABE 
 3476      9F9B
 3477 024b 22F6B189 		.ascii	"\"\366\261\211\037\240\306_+`\025}%\270\014^\321p\366"
 3477      1FA0C65F 
 3477      2B60157D 
 3477      25B80C5E 
 3477      D170F6
 3478 025e 69C4E8D5 		.ascii	"i\304\350\325\225\342\314v\004\017E\231\324g\010\334"
 3478      95E2CC76 
 3478      040F4599 
 3478      D46708DC 
 3479 026e E8161D5C 		.ascii	"\350\026\035\\\341\235y5[7\251\3719n\362\316<s&*%\255"
 3479      E19D7935 
 3479      5B37A9F9 
 3479      396EF2CE 
 3479      3C73262A 
 3480 0284 AA70DF5F 		.ascii	"\252p\337_\337\2750\2075\341\303\323\354\011od\377M"
 3480      DFBD3087 
 3480      35E1C3D3 
 3480      EC096F64 
 3480      FF4D
 3481 0296 482E62BB 		.ascii	"H.b\273+\\\224^\244\352\376xh\031\340KW\252\337\245"
 3481      2B5C945E 
 3481      A4EAFE78 
 3481      6819E04B 
 3481      57AADFA5 
 3482 02aa B6FEEBC9 		.ascii	"\266\376\353\311\253\323\236'G\202\\w#u\307Wx\277\347"
 3482      ABD39E27 
 3482      47825C77 
 3482      2375C757 
 3482      78BFE7
 3483 02bd C981DCCF 		.ascii	"\311\201\334\317\310\001\256\023w\377g\312\3702S:.i"
ARM GAS  /tmp/ccR3beyD.s 			page 99


 3483      C801AE13 
 3483      77FF67CA 
 3483      F832533A 
 3483      2E69
 3484 02cf 3C7BB772 		.ascii	"<{\267r\277G\375J\0019\270h\340j\027k\240\213n\373\006"
 3484      BF47FD4A 
 3484      0139B868 
 3484      E06A176B 
 3484      A08B6EFB 
 3485 02e4 EF05B93A 		.ascii	"\357\005\271:\256g\311\031\371m\372\206\352\273v:s2"
 3485      AE67C919 
 3485      F96DFA86 
 3485      EABB763A 
 3485      7332
 3486 02f6 233C41B9 		.ascii	"#<A\271\224\344]\235\243+\\\365\376\245'\261@{6\002"
 3486      94E45D9D 
 3486      A32B5CF5 
 3486      FEA527B1 
 3486      407B3602 
 3487 030a 876439CF 		.ascii	"\207d9\317!3\203\317\251w\026~\261\344\205\310\030\254"
 3487      213383CF 
 3487      A977167E 
 3487      B1E485C8 
 3487      18AC
 3488 031c DCB0EE33 		.ascii	"\334\260\3563\306\247\303\011yV\270\364\254\000:\355"
 3488      C6A7C309 
 3488      7956B8F4 
 3488      AC003AED 
 3489 032c ADC9DEB8 		.ascii	"\255\311\336\270\235JF\355\315\251\344\223\361X_\332"
 3489      9D4A46ED 
 3489      CDA9E493 
 3489      F1585FDA 
 3490 033c 6EDB9A88 		.ascii	"n\333\232\210&:\373v<\236H.\037G\326\265\332\375\311"
 3490      263AFB76 
 3490      3C9E482E 
 3490      1F47D6B5 
 3490      DAFDC9
 3491 034f 544F7A5B 		.ascii	"TOz[w,\036\351K\355x\272\307\356|\250\243u]\244}\363"
 3491      772C1EE9 
 3491      4BED78BA 
 3491      C7EE7CA8 
 3491      A3755DA4 
 3492 0365 A6FB224F 		.ascii	"\246\373\"O$R\275\375\335\251\270\015w\264\264\330\322"
 3492      2452BDFD 
 3492      DDA9B80D 
 3492      77B4B4D8 
 3492      D2
 3493 0376 623A3599 		.ascii	"b:5\231\256\"\223iiO%\242v:\025\223\255\336h\362\231"
 3493      AE229369 
 3493      694F25A2 
 3493      763A1593 
 3493      ADDE68F2 
 3494 038b 78BA2506 		.ascii	"x\272%\006\334\033\335v\313\322\274eCt}\364\316\273"
 3494      DC1BDD76 
 3494      CBD2BC65 
 3494      43747DF4 
 3494      CEBB
ARM GAS  /tmp/ccR3beyD.s 			page 100


 3495 039d 5ABB6523 		.ascii	"Z\273e#\275\345_\0047\237\301"
 3495      BDE55F04 
 3495      379FC1
 3496              		.text
 3497              		.section	.gnu.lto_chMBPostAheadTimeout.342.9a11cfe527d97cf3,"e",%progbits
 3498 0000 789C7D52 		.ascii	"x\234}R]h\024W\024>\337\235\375I\264\264B\024\245\""
 3498      5D681457 
 3498      143EDF9D 
 3498      FD49B4B4 
 3498      4214A522 
 3499 0014 2C852AB4 		.ascii	",\205*\264qG\214V|k\015\245\344a!\270\276/\331\311\324"
 3499      71478C56 
 3499      7C6B0DA5 
 3499      E46121B8 
 3499      BE2FD9C9 
 3500 0029 8C713271 		.ascii	"\214q2qf\327u\221\260\327,d! \376\264D\3245\246\017"
 3500      66D77591 
 3500      B0D72C64 
 3500      2120FEB4 
 3500      44D435A6 
 3501 003e 8A3E2962 		.ascii	"\212>)bm\260\"\0235\376\005]\177^$\212\321<T\250\240"
 3501      6DB02213 
 3501      35FE055D 
 3501      7F5E248A 
 3501      D13C54A8 
 3502 0053 92084A31 		.ascii	"\222\010J1\306sg\267\251/\026.\367\336s\276\357~\347"
 3502      C67367B7 
 3502      A92F162E 
 3502      F7DE73BE 
 3502      EF7EE7
 3503 0066 3B67A622 		.ascii	";g\246\"\210\362 ZND\320\010\373\367\365\013\222R~\037"
 3503      88F2205A 
 3503      4E44D008 
 3503      FBF7F50B 
 3503      92527E1F 
 3504 007a 15D8B5AF 		.ascii	"\025\330\265\257\277r\353l\010#\010\022\240\202@\001"
 3504      BF72EB6C 
 3504      08230812 
 3504      A0824001 
 3505 008a BF696144 		.ascii	"\277iaD\032\020\342}\021b:CoG\237\017\035\\V>\341\207"
 3505      1A10E27D 
 3505      11623A43 
 3505      6F479F0F 
 3505      1D5C563E 
 3506 00a0 0AD4338C 		.ascii	"\012\3243\214?X\216(\214\272\"h\245/\345\235\312\260"
 3506      3F588E28 
 3506      8CBA2268 
 3506      A52FE59D 
 3506      CAB0
 3507 00b2 94F5B4F3 		.ascii	"\224\365\264\363<j\240\020%<\\\314\2042\023\370\375"
 3507      3C6AA010 
 3507      253C5CCC 
 3507      843213F8 
 3507      FD
 3508 00c3 9DBF0342 		.ascii	"\235\277\003B\341\302\034\201Jx\246\010C5\205\335\305"
 3508      E1C21C81 
 3508      4A78A608 
ARM GAS  /tmp/ccR3beyD.s 			page 101


 3508      433585DD 
 3508      C5
 3509 00d4 925C10CA 		.ascii	"\222\\\020\312_\234#h%L/\016\212\234\000\357\337\262"
 3509      5F9C2368 
 3509      254C2F0E 
 3509      8A9C00EF 
 3509      DFB2
 3510 00e6 CAABB193 		.ascii	"\312\253\261\223}\237\357\335UW\3601g\242\004\271d>"
 3510      7D9FEFDD 
 3510      5557F031 
 3510      67A204B9 
 3510      643E
 3511 00f8 8D807AB8 		.ascii	"\215\200z\270\2730\346\023\345.+>_\262W\202\213\262"
 3511      BB30E613 
 3511      E52E2B3E 
 3511      5FB25782 
 3511      8BB2
 3512 010a FFD71ABA 		.ascii	"\377\327\032\272\204l5=\212\271|yb\364Q\204\256\302"
 3512      846C353D 
 3512      8AB97C79 
 3512      62F45184 
 3512      AEC2
 3513 011c 5365C655 		.ascii	"Se\306UVyy\373\353\236\207\225/\313\322\017m\273\216"
 3513      567979FB 
 3513      EB9E8795 
 3513      2FCBD20F 
 3513      6DBB8E
 3514 012f 5C50E806 		.ascii	"\\P\350\006D\264\204\177\226\262\017E8\375\313\354\357"
 3514      44B4847F 
 3514      96B20F45 
 3514      38FDCBEC 
 3514      EF
 3515 0140 8D978BF2 		.ascii	"\215\227\213\362\272T\224\236\032%\030IP\356\332\341"
 3515      BA54949E 
 3515      1A251849 
 3515      50EEDAE1 
 3516 0150 C84DD035 		.ascii	"\310M\3205\344\210\353\215\201\0151\010\3708u/\354\313"
 3516      E488EB8D 
 3516      810D3108 
 3516      F838752F 
 3516      ECCB
 3517 0162 77B37BA4 		.ascii	"w\263{\244\377l\321\310\231\251\203\217\316\315\233"
 3517      FF6CD1C8 
 3517      99A9838F 
 3517      CECD9B
 3518 0171 2780F3D0 		.ascii	"'\200\363\320\200\013\010\001\027\021!\346\021\015j"
 3518      800B0801 
 3518      171121E6 
 3518      110D6A
 3519 0180 EA1BC910 		.ascii	"\352\033\311\020\244OtT\023\325\240\310\301\033!'\017"
 3519      A44F7454 
 3519      13D5A0C8 
 3519      C11B2127 
 3519      0F
 3520 0191 DC47701E 		.ascii	"\334Gp\036jP\307\364\314\300\343C\003P}\251\344\364"
 3520      6A50C7F4 
 3520      CCC0E343 
ARM GAS  /tmp/ccR3beyD.s 			page 102


 3520      03507DA9 
 3520      E4F4
 3521 01a3 783D4683 		.ascii	"x=F\203\353\364\323\343\357\237?h\300\325*p\364\305"
 3521      EBF4D3E3 
 3521      EF9F3F68 
 3521      C0D52A70 
 3521      F4C5
 3522 01b5 123E7B87 		.ascii	"\022>{\207\004\341\006\"\333\260*\340\234\034<7q\004"
 3522      04E10622 
 3522      DBB02AE0 
 3522      9C1C3C37 
 3522      7104
 3523 01c7 B859E5FC 		.ascii	"\270Y\345\3749Q\2171\320;\321\373\225r\375X\204\261"
 3523      39518F31 
 3523      D03BD1FB 
 3523      9572FD58 
 3523      84B1
 3524 01d9 E2A5E8AB 		.ascii	"\342\245\350\253s\302\250\347\006o\203\370\250\340\226"
 3524      73C2A8E7 
 3524      066F83F8 
 3524      A8E096
 3525 01e8 1AD68A29 		.ascii	"\032\326\212)\006l\225\276\013\345\253\367\325\223\343"
 3525      066C95BE 
 3525      0BE5ABF7 
 3525      D593E3
 3526 01f7 832FEA94 		.ascii	"\203/\352\224z`sjf\340\365\3701\324\314L\276\341\011"
 3526      7A60736A 
 3526      66E0F5F8 
 3526      31D4CC4C 
 3526      BEE109
 3527 020a CF88628C 		.ascii	"\317\210b\214\372!:-N\212\317\002\326\360\356r\222\377"
 3527      FA213A2D 
 3527      4E8ACF02 
 3527      D6F0EE72 
 3527      92FF
 3528 021c 40C6FA86 		.ascii	"@\306\372\206\326k\021FM\203H\023\232\246\205\304\027"
 3528      D66B1146 
 3528      4D834813 
 3528      9AA685C4 
 3528      17
 3529 022d 4A37C623 		.ascii	"J7\306#\321\"\325\036\356\177$\222\242\232\306\344\231"
 3529      D122D51E 
 3529      EE7F2492 
 3529      A29AC6E4 
 3529      99
 3530 023e 069AE5CE 		.ascii	"\006\232\345\316\3262\213\324\360P\235W\257\257\302"
 3530      D6328BD4 
 3530      F0509D57 
 3530      AFAFC2
 3531 024d A4DEE1D8 		.ascii	"\244\336\341\330\246\356:i\275\325u\266\230F\306\323"
 3531      A6EE3A69 
 3531      BDD575B6 
 3531      9846C6D3 
 3532 025d 9B3BACB4 		.ascii	"\233;\254\264\225\314d\333-\347\343{ju\223\236s\334"
 3532      95CC64DB 
 3532      2DE7E37B 
 3532      6A75939E 
ARM GAS  /tmp/ccR3beyD.s 			page 103


 3532      73DC
 3533 026f 4EAFBBCD 		.ascii	"N\257\273\3150S\0317\333\325\251'7%\232V\247~jm\331"
 3533      30531937 
 3533      DBD5A927 
 3533      37259A56 
 3533      A77E6A6D 
 3534 0284 90FAD972 		.ascii	"\220\372\331r\355\\\233k\352\324\030\217\353\274\014"
 3534      ED5C9B6B 
 3534      EAD4188F 
 3534      EBBC0C
 3535 0293 F5D4F16A 		.ascii	"\365\324\361jL\307\343\265\325J\353\236k0d\247\235\035"
 3535      4CC7E3B5 
 3535      D54AEB9E 
 3535      6B3064A7 
 3535      9D1D
 3536 02a5 A6173748 		.ascii	"\246\0277H\263\323\335\013\377\213\343\353\323\337\245"
 3536      B3D3DD0B 
 3536      FF8BE3EB 
 3536      D3DFA5
 3537 02b4 D7AC6B6A 		.ascii	"\327\254kjc\300\333\034\315X\266\351d3\021\267=\317"
 3537      63C0DB1C 
 3537      CD58B6E9 
 3537      643311B7 
 3537      3DCF
 3538 02c6 E1379F10 		.ascii	"\3417\237\020v3\272\325el\315\266\233\214yy/\336A\321"
 3538      7633BAD5 
 3538      656CCDB6 
 3538      9B8C7979 
 3538      2FDE41D1 
 3539 02da 749B67B6 		.ascii	"t\233g\266\272\326\217\237xb8\266\355t\351\346\216\214"
 3539      BAD68F9F 
 3539      786238B6 
 3539      ED74E9E6 
 3539      8E8C
 3540 02ec FEC3C684 		.ascii	"\376\303\306\204\336\234H\266$\365f\207\355\267\374"
 3540      DE9C48B6 
 3540      24F56687 
 3540      EDB7FC
 3541 02fb AB647B96 		.ascii	"\253d{\226\227\332l\030\254\266\366\377U\272\035\227"
 3541      97DA6C18 
 3541      ACB6F6FF 
 3541      55BA1D97 
 3542 030b C7C63ADB 		.ascii	"\307\306:\333\327\255L0\313`\035~\265 \221\334\030S"
 3542      D7AD4C30 
 3542      CB601D7E 
 3542      B52091DC 
 3542      1853
 3543 031d 3EBA5DAB 		.ascii	">\272]\2531\366\365*\022.Em\323v\334<}\000$\257u\314"
 3543      31F6F52A 
 3543      122E456D 
 3543      D376DC3C 
 3543      7D0024AF 
 3544              		.text
 3545              		.section	.gnu.lto_chMBPostAheadTimeoutS.343.9a11cfe527d97cf3,"e",%progbits
 3546 0000 789C6D54 		.ascii	"x\234mTmlSU\030>\357y\357\275\275\375X\273\350\326e"
 3546      6D6C5355 
 3546      183EEF79 
ARM GAS  /tmp/ccR3beyD.s 			page 104


 3546      EFBDBDFD 
 3546      58BBE8D6 
 3547 0015 992E434D 		.ascii	"\231.CM4Q\327\204\231\031~\230\240\213Y\0101\240\323"
 3547      3451D784 
 3547      99197E98 
 3547      A08B5908 
 3547      31A0D3
 3548 0028 1F6631CB 		.ascii	"\037f1\313Z\252+\263\226\264[&!\330\273u\266Z\023X\027"
 3548      5AAA2BB3 
 3548      96B45B26 
 3548      21D8BB75 
 3548      B65A1358 
 3549 003d 98EE231B 		.ascii	"\230\356#\033\354\207\031\242\242\314e\310\307,N\014"
 3549      EC8719A2 
 3549      A2CC65C8 
 3549      C72C4E0C 
 3550 004d 2826B060 		.ascii	"(&\260`\005Dbf \373\010\006L\034#0\353{\317m/#\254\351"
 3550      05446266 
 3550      20FB0806 
 3550      4C1C2330 
 3550      EB7BCF6D 
 3551 0065 7BEFB9E7 		.ascii	"{\357\271\347<\317\363>\367=\357=m2c_2\306~\243\200"
 3551      3CCFF33E 
 3551      F73DEF3D 
 3551      6D32635F 
 3551      32C67EA3 
 3552 007a 0206DDA9 		.ascii	"\002\006\335\251$g\232\246\255\265p\036K}\304\3418\374"
 3552      24679AA6 
 3552      ADB5701E 
 3552      4B7DC4E1 
 3552      38FC
 3553 008c D23BAA48 		.ascii	"\322;\252H\235)\347\350\325\323k$\204]&B\202bq\227y"
 3553      9D29E7E8 
 3553      D5D36B24 
 3553      845D2642 
 3553      82627197 
 3554 00a1 7FD7C155 		.ascii	"\177\327\301U\204\2741\273\237K\361\224sg\317\271\347"
 3554      84BC31BB 
 3554      9F4BF194 
 3554      7367CFB9 
 3554      E7
 3555 00b2 24852752 		.ascii	"$\205'Rv1\323\3275\015b\312\302?\351:\010\304\251\220"
 3555      7631D3D7 
 3555      350D62CA 
 3555      C23FE93A 
 3555      08C4A990 
 3556 00c6 7A694E0C 		.ascii	"ziN\014T\350\355\036^e\010Z\241\277{\370\306\201\237"
 3556      54E8ED1E 
 3556      5E65085A 
 3556      A1BF7BF8 
 3556      C6819F
 3557 00d9 6B494B4C 		.ascii	"kIKL\330\370\000\021\004\267\237\010B\315\001\273U\003"
 3557      D8F80011 
 3557      04B79F08 
 3557      42CD01BB 
 3557      5503
 3558 00eb 6E87F694 		.ascii	"n\207\366\224M\214\200E9J\262bQ\2556\207\035\242\234"
ARM GAS  /tmp/ccR3beyD.s 			page 105


 3558      4D8C8045 
 3558      394AB262 
 3558      51AD3687 
 3558      1DA29C
 3559 00fe DECAFCED 		.ascii	"\336\312\374\355E\031\224\007A\242k1Tx\210\260xb\376"
 3559      45199407 
 3559      41A26B31 
 3559      547888B0 
 3559      7862FE
 3560 0111 FAD0C303 		.ascii	"\372\320\303\003#i)\312\266\037\202q\320a2\2501`O\247"
 3560      236929CA 
 3560      B61F8271 
 3560      D06132A8 
 3560      31604FA7 
 3561 0125 35EDCCF9 		.ascii	"5\355\314\371C\232fe\333\016Cn\221\363\004,\271\011"
 3561      439A6665 
 3561      DB0E436E 
 3561      91F3042C 
 3561      B909
 3562 0137 304000E2 		.ascii	"0@\000\342\237\231\027\200\350Q\023\300\022\360a\011"
 3562      9F991780 
 3562      E85113C0 
 3562      12F06109 
 3563 0147 01F6E414 		.ascii	"\001\366\344\024v\304\022Z\241\264u\302\004`\002v\227"
 3563      76C4125A 
 3563      A1B475C2 
 3563      04600276 
 3563      97
 3564 0158 88242340 		.ascii	"\210$#@\327'I\345\372\007\373\343\316\256v5\232\006"
 3564      D72749E5 
 3564      FA07FBE3 
 3564      CEAE7635 
 3564      9A06
 3565 016a D3440286 		.ascii	"\323D\002\206K\354\3548\260\355\372~\020\017\322\300"
 3565      4BECEC38 
 3565      B0EDFA7E 
 3565      100FD2C0 
 3566 017a A5035372 		.ascii	"\245\003SrZ\273\223\335\251i\331\015C\223\331/\3401"
 3566      5ABB93DD 
 3566      A969D90D 
 3566      4393D92F 
 3566      E031
 3567 018c 605CE68C 		.ascii	"`\\\346\214+H!\321Xf\334\2420\256Z(T\012+\205\215\302"
 3567      2B4821D1 
 3567      5866DCA2 
 3567      30AE5A28 
 3567      540A2B85 
 3568 01a2 4EE1A0B5 		.ascii	"N\341\240\265\002\012'\343V\027E!\331u\003\034\206R"
 3568      020A27E3 
 3568      56174521 
 3568      D975031C 
 3568      8652
 3569 01b4 80092863 		.ascii	"\200\011(c\224\242\034\340(e\033D\366\331\205\217\253"
 3569      94A21CE0 
 3569      28651B44 
 3569      F6D9858F 
 3569      AB
ARM GAS  /tmp/ccR3beyD.s 			page 106


 3570 01c5 414B3336 		.ascii	"AK36\204\\\214\333i|\223k\323\251\214\225vE\014w\271"
 3570      845C8CDB 
 3570      697C936B 
 3570      D3A98C95 
 3570      76450C77 
 3571 01da D9128F55 		.ascii	"\331\022\217U\260$\360\346\000yt\210\331\036\267~{\304"
 3571      B024F0E6 
 3571      00797488 
 3571      D91EB77E 
 3571      7BC4
 3572 01ec B8DCE6B1 		.ascii	"\270\334\346\261\251\004 \240[\331F\302\267y\307\177"
 3572      A90420A0 
 3572      5BD946C2 
 3572      B779C77F 
 3573 01fc F4C81188 		.ascii	"\364\310\021\210\371~\005b\022\024\277\2171\344\012"
 3573      F97E0562 
 3573      1214BF8F 
 3573      31E40A
 3574 020b ED1D77B1 		.ascii	"\355\035w\261\005\3369W\203\010'D\025(9.\236\034\223"
 3574      05DE3957 
 3574      83082744 
 3574      1528392E 
 3574      9E1C93
 3575 021e F5E428F4 		.ascii	"\365\344(\364\226x\247\310\327\360\206^C\245^\257!i"
 3575      9678A7C8 
 3575      D7F0865E 
 3575      43A55EAF 
 3575      2169
 3576 0230 D4B7D1FD 		.ascii	"\324\267\321\375s\220^?\005'\201\326\343\232\246\326"
 3576      73905E3F 
 3576      052781D6 
 3576      E39AA6D6 
 3577 0240 FF04DF03 		.ascii	"\377\004\337\003/\022*R\376\025d\375I\246\242k\022\200"
 3577      2F122A52 
 3577      FE1564FD 
 3577      49A6A26B 
 3577      1280
 3578 0252 9CF739DD 		.ascii	"\234\3679\335'<O\017e\270nqb\237\223\232\210\364\010"
 3578      273C4F0F 
 3578      65B86E71 
 3578      629F939A 
 3578      88F408
 3579 0265 A6BEF6CA 		.ascii	"\246\276\366\312\017\300\252\365Q\353i\250#5\335\342"
 3579      0FC0AAF5 
 3579      51EB69A8 
 3579      2335DDE2 
 3580 0275 A41725A5 		.ascii	"\244\027%\245\325\360H\202\312\342W{\257\241Y\242oI"
 3580      D5F04882 
 3580      CAE2577B 
 3580      AFA159A2 
 3580      6F49
 3581 0287 868CEEA9 		.ascii	"\206\214\356\251B\231\254\276\274\201\336\317\315K\363"
 3581      4299ACBE 
 3581      BC81DECF 
 3581      CD4BF3
 3582 0296 4459596F 		.ascii	"DYYo\022-\035s\361\007L\336\221\014\032\351\213P\271"
 3582      122D1D73 
ARM GAS  /tmp/ccR3beyD.s 			page 107


 3582      F1074CDE 
 3582      910C1AE9 
 3582      8B50B9
 3583 02a9 3F7DE82C 		.ascii	"?}\350,\254cz\011c\337\304\377\000\264\240B\315|'\233"
 3583      AC637A09 
 3583      63DFC4FF 
 3583      00B4A042 
 3583      CD7C279B 
 3584 02bd CDBA74D2 		.ascii	"\315\272t\322?\311_!\307\031)ZF:\247\223\320\"tg\313"
 3584      3FC95F21 
 3584      C719295A 
 3584      463AA793 
 3584      D0227467 
 3585 02d2 515D4137 		.ascii	"Q]A7\003\265\306k]\232\334L\262j\316\233\332>\026\263"
 3585      03B5C66B 
 3585      5D9ADC4C 
 3585      B26ACE9B 
 3585      DA3E16B3 
 3586 02e6 9ADE8E65 		.ascii	"\232\336\216e\034\206\306Ch]A\343<\274\230\367\266\204"
 3586      1C86C643 
 3586      685D41E3 
 3586      3CBC98F7 
 3586      B684
 3587 02f8 68432B4C 		.ascii	"hC+L\201a\353\012\317\333r.\303_\024\266l\"\221\365"
 3587      8161EB0A 
 3587      CFDB722E 
 3587      C35F14B6 
 3587      6C2291F5 
 3588 030c 9E229CCD 		.ascii	"\236\"\234\315\025a\266\000\355+$\272\224+B\307\300"
 3588      1561B600 
 3588      ED2B24BA 
 3588      942B42C7 
 3588      C0
 3589 031d 6C313540 		.ascii	"l15@\010\230\200\314`\264\35120,\027\032Sn\243\216\005"
 3589      089880CC 
 3589      60B4E932 
 3589      302C171A 
 3589      536EA38E 
 3590 0332 E8B85F62 		.ascii	"\350\270_b\375\237Pcx\035\214/\001\022\2066$g\326,a"
 3590      FD9F5063 
 3590      781D8C2F 
 3590      01128636 
 3590      2467D62C 
 3591 0347 C132FC5F 		.ascii	"\3012\374_:\036\013\204\362\005\303]O\022\320\231\303"
 3591      3A1E0B84 
 3591      F205C35D 
 3591      4F12D099 
 3591      C3
 3592 0358 CE940BAC 		.ascii	"\316\224\013\254\014\002\375\374\025\370.\312\250\005"
 3592      0C02FDFC 
 3592      15F82ECA 
 3592      A805
 3593 0366 85A9E055 		.ascii	"\205\251\340U\332j\275\323\365\236=\026=B+\350\244\346"
 3593      DA6ABDD3 
 3593      F59E3D16 
 3593      3D422BE8 
 3593      A4E6
ARM GAS  /tmp/ccR3beyD.s 			page 108


 3594 0378 E68F0AB5 		.ascii	"\346\217\012\265\213\313>\240\361\250\371\005]v\213"
 3594      8BCB3EA0 
 3594      F1A8F905 
 3594      5D768B
 3595 0387 BAD8167E 		.ascii	"\272\330\026~\354\373\375nW\3354\232\263'\371/\240+"
 3595      ECFBFD6E 
 3595      57DD349A 
 3595      B327F92F 
 3595      A02B
 3596 0399 9FFBF17B 		.ascii	"\237\373\361{r\317\301X>\367\210+8\237\313\215e\244"
 3596      72CFC158 
 3596      3EF7882B 
 3596      389FCB8D 
 3596      65A4
 3597 03ab 3F1AFD5A 		.ascii	"?\032\375ZO\356\302R\376\004\311uT\320\327\216eB\370"
 3597      4FEEC252 
 3597      FE04C975 
 3597      54D0D78E 
 3597      6542F8
 3598 03be 56A658DF 		.ascii	"V\246X\337\375\331\032,S\242\271\326\034DG\346\323\231"
 3598      FDD91A2C 
 3598      53A2B9D6 
 3598      1C4447E6 
 3598      D399
 3599 03d0 53488519 		.ascii	"SH\205\031B\273y\000dy\307Z\206\205\372\001\205\205"
 3599      42BB7900 
 3599      6479C75A 
 3599      8685FA01 
 3599      8585
 3600 03e2 047E4FDE 		.ascii	"\004~O\3361zK\245\363\000\256\201ua\214\024m\177\217"
 3600      317A4BA5 
 3600      F300AE81 
 3600      75618C14 
 3600      6D7F8F
 3601 03f5 07880DE6 		.ascii	"\007\210\015\346\371\301X\235\247)\024\364{\302!\257"
 3601      F9C1589D 
 3601      A72914F4 
 3601      7BC221AF 
 3602 0405 676338B4 		.ascii	"gc8\264\331\357k\211xj\232\002\336@]K\353\246@h\371"
 3602      D9EF6B89 
 3602      786A9A02 
 3602      DE405D4B 
 3602      EBA64068 
 3603 041a B8617595 		.ascii	"\270au\225\247-\024n\216li\364\371\033Z\302\255\357"
 3603      A72D146E 
 3603      8E6C69F4 
 3603      F91B5AC2 
 3603      ADEF
 3604 042c 347BEA5E 		.ascii	"4{\352^}\251juC\355\306u/4\274\031\010\007\333\032\303"
 3604      7DA96A75 
 3604      43EDC675 
 3604      2F34BC19 
 3604      0807DB1A 
 3605 0441 7E0F7BAA 		.ascii	"~\017{\252\262\322C\177\237N\015Er\310P\204\376o\007"
 3605      B2D2437F 
 3605      9F4E0D45 
 3605      72C85084 
ARM GAS  /tmp/ccR3beyD.s 			page 109


 3605      FE6F07
 3606 0454 BC9E48D8 		.ascii	"\274\236H\330GKAo\350]\177\244\322\3070\350\335Rt\367"
 3606      474B416F 
 3606      E85D7FA4 
 3606      D2C730E8 
 3606      DD5274F7 
 3607 0468 B9728DB7 		.ascii	"\271r\215\267\332\373\314\263U\215\264\020y\313\322"
 3607      DAFBCCB3 
 3607      558DB410 
 3607      79CBD2
 3608 0477 1208FA43 		.ascii	"\022\010\372C\255-Jx\323Vz\374\037\207\265\036\233"
 3608      AD2D4A78 
 3608      D3567AFC 
 3608      1F87B51E 
 3608      9B
 3609              		.text
 3610              		.section	.gnu.lto_chMBPostAheadI.344.9a11cfe527d97cf3,"e",%progbits
 3611 0000 789C6D53 		.ascii	"x\234mSoh[U\024?\347\236\373^^\232\177\037\266\256\022"
 3611      6F685B55 
 3611      143FE79E 
 3611      FB5E5E9A 
 3611      7F1FB6AE 
 3612 0015 A8747E76 		.ascii	"\250t~v}\260\312d\037\224i\2212\2440\351\304\017RB\023"
 3612      7DB0CA64 
 3612      1F946991 
 3612      32A430E9 
 3612      C40F5242 
 3613 002a E31A6BCC 		.ascii	"\343\032k\314\226tT\031\363\2755]\203\321iSD\227Y:7"
 3613      96745419 
 3613      F3BD355D 
 3613      83D16953 
 3613      4497593A 
 3614 003f 614C1404 		.ascii	"aL\024\004'\254\214uF\272n\012\253\324\272\2652\012"
 3614      27AC8C75 
 3614      46BA6E0A 
 3614      ABD4BAB5 
 3614      320A
 3615 0051 635146AB 		.ascii	"cQF\253\354C\025\235\243\333\342y\367\245ie\205{\356"
 3615      EC43159D 
 3615      A3DBE279 
 3615      F7A56965 
 3615      857BEE
 3616 0064 BBF7DDDF 		.ascii	"\273\367\335\337\371\235\337\375\335{{$\300q\000\370"
 3616      F99DDFFD 
 3616      DD7B7B24 
 3616      C07100F8 
 3617 0074 8C03EB00 		.ascii	"\214\003\353\000\207\013y\001\266m\357\360\010\221-"
 3617      870B7901 
 3617      B66DEFF0 
 3617      08912D
 3618 0083 BC2B701C 		.ascii	"\274+p\034\247\212gt9P\010\236\271ue\273$\374\260\206"
 3618      A78A6774 
 3618      3950089E 
 3618      B97565BB 
 3618      24FCB086 
 3619 0097 90A238F4 		.ascii	"\220\2428\364\365fF\034\377\344\013\224\207\013\301"
 3619      F566461C 
ARM GAS  /tmp/ccR3beyD.s 			page 110


 3619      FFE40B94 
 3619      870BC1
 3620 00a6 9BBF5D7D 		.ascii	"\233\277]}Zjb\260\340;\261t\371)Y\034*\343\215\367\307"
 3620      5A6A62B0 
 3620      E03BB174 
 3620      F929591C 
 3620      2AE38DF7 
 3621 00bb 84D445AE 		.ascii	"\204\324E\256\340\343\224&y\224\177\251\201\007\217"
 3621      E0E39426 
 3621      79947FA9 
 3621      81078F
 3622 00ca 0E9FDCEC 		.ascii	"\016\237\334\354\362\030X\034>\271t\344H\033S\251\037"
 3622      F218581C 
 3622      3EB974E4 
 3622      481B53A9 
 3622      1F
 3623 00db 5E3C542B 		.ascii	"^<T+\202`\011\222\232\3561\274h\341\011\322P\337\200"
 3623      82600992 
 3623      9AEE31BC 
 3623      68E109D2 
 3623      50DF80
 3624 00ee 92FB7A6C 		.ascii	"\222\373zl2\031\361\357\344\037\366x\343\310\351\222"
 3624      3219F1EF 
 3624      E41FF678 
 3624      E3C8E992 
 3625 00fe B4E0E018 		.ascii	"\264\340\340\030\236E\336\010hhd\021\266\224l{\372\207"
 3625      9E45DE08 
 3625      68686411 
 3625      B6946C7B 
 3625      FA87
 3626 0110 31DBF6C2 		.ascii	"1\333\366\302\201sX]\024\"\207g71`\204\001\234?=\257"
 3626      8173585D 
 3626      14228767 
 3626      37316084 
 3626      019C3F3D 
 3627 0125 00D6F91A 		.ascii	"\000\326\371\032\000r8\261\011\300\007p\3201\205\233"
 3627      007238B1 
 3627      09C00770 
 3627      D031859B 
 3628 0135 A0AF66B4 		.ascii	"\240\257f\264\222}\257\362\201mO\335\302c[\036E\020"
 3628      927DAFF2 
 3628      816D4FDD 
 3628      C2635B1E 
 3628      4510
 3629 0147 5280D088 		.ascii	"R\200\320\210C\362X\003\241\353 <\036\016\203\303\313"
 3629      43F25803 
 3629      A1EB203C 
 3629      1E0E83C3 
 3629      CB
 3630 0158 51C7E1E3 		.ascii	"Q\307\341\343\360\363Z\200#\010\302\0101}=\3429\014"
 3630      F0F35A80 
 3630      2308C208 
 3630      317D3DE2 
 3630      390C
 3631 016a 239E67EA 		.ascii	"#\236g\352QrviK\264K|\016$\334\311!\236\334\021v\371"
 3631      51727669 
 3631      4BB44B7C 
ARM GAS  /tmp/ccR3beyD.s 			page 111


 3631      0E24DCC9 
 3631      219EDC11 
 3632 0180 DA9C972D 		.ascii	"\332\234\227-\201\373\"\333\004y\024\311\036V\347S+"
 3632      81FB22DB 
 3632      047914C9 
 3632      1E56E753 
 3632      2B
 3633 0191 B30DCEE7 		.ascii	"\263\015\316\3471\267[\026\331\231\034\022R\275~\200"
 3633      31B75B16 
 3633      D9991C12 
 3633      52BD7E80 
 3634 01a1 399745FF 		.ascii	"9\227E\377\003\236\012r2\0177\021\345Q\337\023\007 "
 3634      039E0A72 
 3634      320F3711 
 3634      E551DF13 
 3634      0720
 3635 01b3 A1B39B22 		.ascii	"\241\263\233\"\010\377\210\201\337[\211\360;\345\025"
 3635      08FF8881 
 3635      DF5B89F0 
 3635      3BE515
 3636 01c2 97A5852B 		.ascii	"\227\245\205+\305\026\247*)\276\373b@\325\353\2128N"
 3636      C516A72A 
 3636      29BEFB62 
 3636      40D5EB8A 
 3636      384E
 3637 01d4 EA9DC83D 		.ascii	"\352\235\310=st\276\305\337/Q\276<\211\027\221\327\007"
 3637      7374BEC5 
 3637      DF2F51BE 
 3637      3C891791 
 3637      D707
 3638 01e6 6DDBE8BC 		.ascii	"m\333\350\274\204\027PlP,\262&^[\321V\236op\344\\\370"
 3638      8417506C 
 3638      502CB226 
 3638      5E5BD156 
 3638      9E6F70E4 
 3639 01fc 3CC047C8 		.ascii	"<\300G\310\271\0140^\332]B\330\346\214\372\276\307\027"
 3639      B90C305E 
 3639      DA5D42D8 
 3639      E68CFABE 
 3639      C717
 3640 020e 39D39133 		.ascii	"9\323\2213\021&\251\367\271z\230J{\347\324\251\277\251"
 3640      1126A9F7 
 3640      B97A984A 
 3640      7BE7D4A9 
 3640      BFA9
 3641 0220 E6C39D39 		.ascii	"\346\303\2359g+\003\237\206HcY\035/\360^\352\305#+\211"
 3641      672B039F 
 3641      86486359 
 3641      1D2FF05E 
 3641      EAC5232B 
 3642 0235 9ADE5E4B 		.ascii	"\232\336^K\324\377\272\\,\257&\336\235\023n\375\020"
 3642      D4FFBA5C 
 3642      2CAF26DE 
 3642      9D136EFD 
 3642      10
 3643 0246 E90FD7DF 		.ascii	"\351\017\327\3377\205\317\203\343W\366\233\301)$\017"
 3643      3785CF83 
ARM GAS  /tmp/ccR3beyD.s 			page 112


 3643      E357F69B 
 3643      C129240F 
 3644 0256 E97CB5EE 		.ascii	"\351|\265\356U*\225\220\223\364g~\022\2539\247Ck\222"
 3644      552A9590 
 3644      93F4677E 
 3644      12AB39A7 
 3644      436B92
 3645 0269 A69D24F2 		.ascii	"\246\235$\362(\336\305F2\326\341\235\301\235\356\276"
 3645      28DEC546 
 3645      32D6E19D 
 3645      C19DEEBE 
 3646 0279 E627A24C 		.ascii	"\346'\242LkT\305y\356\376\372\336\022\326\304-\317\221"
 3646      6B54C579 
 3646      EEFEFADE 
 3646      12D6C42D 
 3646      CF91
 3647 028b 4BD240DE 		.ascii	"K\322@\336uH\256b\333\212\270\333Du\344\305\037\321"
 3647      7548AE62 
 3647      DB8AB8DB 
 3647      4475E4C5 
 3647      1FD1
 3648 029d D5754DAC 		.ascii	"\325uM\254\350\012\254\301\317*]u\252\222\361\177\033"
 3648      E80AACC1 
 3648      CF2A5D75 
 3648      AA92F17F 
 3648      1B
 3649 02ae 2A551B16 		.ascii	"*U\033\026\375\344[\247\322/U\033\372G\0267\362y\357"
 3649      FDE45BA7 
 3649      D22F551B 
 3649      FA471637 
 3649      F279EF
 3650 02c1 43509005 		.ascii	"CP\220\005au_G\240\260\342\030\012\273N\372\311\377"
 3650      61755F47 
 3650      A0B0E218 
 3650      0ABB4EFA 
 3650      C9FF
 3651 02d3 3045FB3C 		.ascii	"0E\373<>\347\212\035\035\274\215\024 ?\237IUm\315D\377"
 3651      3EE78A1D 
 3651      1DBC8D14 
 3651      203F9F49 
 3651      556DCD44 
 3652 02e8 1AFC0D07 		.ascii	"\032\374\015\007O\001\305\374\361u\245\356\243<R\260"
 3652      4F01C5FC 
 3652      F175A5EE 
 3652      A33C52B0 
 3653 02f8 8A5D6854 		.ascii	"\212]hTX\015\025\272\365&>\003|\341\224\246T\231\017"
 3653      580D15BA 
 3653      F5263E03 
 3653      7CE194A6 
 3653      54990F
 3654 030b DBB9D7CE 		.ascii	"\333\271\327\316\015\375\326\032\267\230'\310WY\270"
 3654      0DFDD61A 
 3654      B79827C8 
 3654      5759B8
 3655 031a 17EE5858 		.ascii	"\027\356XX\031\340]}H\025\321\277\003(\304\277s\024"
 3655      19E05D7D 
 3655      4815D1BF 
ARM GAS  /tmp/ccR3beyD.s 			page 113


 3655      0328C4BF 
 3655      7314
 3656 032c D22D7C5B 		.ascii	"\322-|[>\030_2\370]\361\030\214\331\237\234\257\245"
 3656      3E185F32 
 3656      F85DF118 
 3656      8CD99F9C 
 3656      AFA5
 3657 033e 8DFE9CE0 		.ascii	"\215\376\234\340\307\210\253\217\021\240\303\354N%\343"
 3657      C788AB8F 
 3657      11A0C3EC 
 3657      4E25E3
 3658 034d 663A1535 		.ascii	"f:\0255w\245S\257\305c\275\031\263\265;\021Mt\364\356"
 3658      77A553AF 
 3658      C563BD19 
 3658      B3B53B11 
 3658      4D74F4EE 
 3659 0361 7F25915A 		.ascii	"\177%\221Z;\216lm1\373R\351\236\314\336\256X<\322\233"
 3659      3B8E6C6D 
 3659      31FB52E9 
 3659      9ECCDEAE 
 3659      583CD29B 
 3660 0375 DEFF468F 		.ascii	"\336\377F\217\331\261\273\275ek\244m\327\316g#\257&"
 3660      D9B1BBBD 
 3660      656BA46D 
 3660      D7CE6723 
 3660      AF26
 3661 0387 D2C9BEAE 		.ascii	"\322\311\276\256t\334\204\307\233\233Mn1'5\225\251\""
 3661      74DC84C7 
 3661      9B9B4D6E 
 3661      31273595 
 3661      A922
 3662 0399 53196EAF 		.ascii	"S\031n\257'\242f&\035\343\245d4\365f<\323\034\003JF"
 3662      27A26626 
 3662      1DE3A564 
 3662      34F5663C 
 3662      D31C034A 
 3663 03ae F76E5C9D 		.ascii	"\367n\\\2357o\217n\213>\361dK\027/d\366\374\007\010"
 3663      376F8F6E 
 3663      8B3EF164 
 3663      4B172F64 
 3663      F6FC0708 
 3664 03c2 24B438   		.ascii	"$\2648"
 3665              		.text
 3666              		.section	.gnu.lto_chMBFetchTimeout.345.9a11cfe527d97cf3,"e",%progbits
 3667 0000 789C7D92 		.ascii	"x\234}\222_h\024W\024\306\317wgv\263i\260\0044A\032"
 3667      5F681457 
 3667      14C6CF77 
 3667      6776B369 
 3667      B0043441 
 3668 0015 0A4BA115 		.ascii	"\012K\241\025\332\270#\246*\276\265\015E\362\260\020"
 3668      DAB823A6 
 3668      2ABEB50D 
 3668      45F2B010 
 3669 0025 5CDF4A59 		.ascii	"\\\337JYv'\323d\032'\263\235\3315F\011\031w!\013)%\215"
 3669      7627D364 
 3669      1A27B39D 
 3669      D9354609 
ARM GAS  /tmp/ccR3beyD.s 			page 114


 3669      1977210B 
 3670 003c 2D11DB35 		.ascii	"-\021\3335\232\007\245}\020\241\376i\260AFm4\0324\352"
 3670      9A07A57D 
 3670      10A1FE69 
 3670      B041466D 
 3670      341A34EA 
 3671 0050 8B929486 		.ascii	"\213\222\224\206\246J\013\026\011M1\241\244M\317\235"
 3671      A64A0B16 
 3671      094D31A1 
 3671      A44DCF9D 
 3672 0060 DDA6BE58 		.ascii	"\335\246\276X\270\334{\3179\277\373\335\357\236\231"
 3672      B8DC7BCF 
 3672      39BFFBDD 
 3672      EF9E99
 3673 006f 69417400 		.ascii	"iAt\000D\257\021\021\024\302\341\241\001A\236\347\275"
 3673      44AF1111 
 3673      14C2E1A1 
 3673      01419EE7 
 3673      BD
 3674 0080 55257068 		.ascii	"U%phh`\351\267s*.#H\200\372\004\3720\252\204\020^\017"
 3674      6860E9B7 
 3674      732A2E23 
 3674      4880FA04 
 3674      FA30AA84 
 3675 0097 95E73A44 		.ascii	"\225\347:D5.-O<^\270\377r\351+_\355\243\3361|\313rD"
 3675      352E2D4F 
 3675      3C5EB8FF 
 3675      72E92B5F 
 3675      EDA3DE31 
 3676 00af 21440AA0 		.ascii	"!D\012\240\315\276\347\335\231\032\363\274j:x\021\225"
 3676      CDBEE7DD 
 3676      991AF3BC 
 3676      6A3A7811 
 3676      95
 3677 00c0 A210453C 		.ascii	"\242\020E<\255c\240T\001\346\002\240g|\015P\212\310"
 3677      AD63A054 
 3677      01E602A0 
 3677      677C0D50 
 3677      8AC8
 3678 00d2 D733305A 		.ascii	"\32730Z\001>.\024\275Z\265\373\322\032\240\0261X\037"
 3678      013E2E14 
 3678      BD5AB5FB 
 3678      D21AA016 
 3678      31581F
 3679 00e5 5CF23578 		.ascii	"\\\3625x~\203],L\236\356\177\361\323C\221>\037k&\212"
 3679      7E835D2C 
 3679      4C9EEE7F 
 3679      F1D34391 
 3679      3E1F6B26 
 3680 00fa 28D5D7D0 		.ascii	"(\325\327\320eP/\277.\204\032\242\334U\311\363\306\375"
 3680      65502FBF 
 3680      2E841AA2 
 3680      DC55C9F3 
 3680      C6FD
 3681 010c 3ED8F0C1 		.ascii	">\330\360\301\261G\333\351\012\334rz\002k\371\322\257"
 3681      B147DBE9 
 3681      0ADC727A 
ARM GAS  /tmp/ccR3beyD.s 			page 115


 3681      026BF9D2 
 3681      AF
 3682 011d 133F84E9 		.ascii	"\023?\204\351\032>\222\327\314\312\254\364\262<<8;\375"
 3682      1A3E92D7 
 3682      CCCAACF4 
 3682      B23C3C38 
 3682      3BFD
 3683 012f 52C9F355 		.ascii	"R\311\363U{\022\271\340\242\033\020\221\"\376l`\037"
 3683      7B12B9E0 
 3683      A21B1091 
 3683      22FE6C60 
 3683      1F
 3684 0140 12F8E6B3 		.ascii	"\022\370\346\263\325\363\215W\013\336\244'\221\336\012"
 3684      D5F38D57 
 3684      0BDEA427 
 3684      91DE0A
 3685 014f 12B444CA 		.ascii	"\022\264D\312._\3772|\023t\0359\342\373\246\300\206"
 3685      2E5FFF32 
 3685      7C13741D 
 3685      39E2FBA6 
 3685      C086
 3686 0161 B808F838 		.ascii	"\270\010\3708s/\344{+\253\203\236\377K\335Og~>\272r"
 3686      732FE47B 
 3686      2BAB839E 
 3686      FF4BDD4F 
 3686      677E3EBA 
 3687 0176 B6E60501 		.ascii	"\266\346\005\001\\\204\002\214C\005.!L\314\021\215("
 3687      5C84028C 
 3687      43052E21 
 3687      4CCC118D 
 3687      28
 3688 0187 F21B792A 		.ascii	"\362\033y*<\237\350\270\"\312A\201\203%\341\315\017"
 3688      3C9FE8B8 
 3688      22CA4181 
 3688      8325E1CD 
 3688      0F
 3689 0198 B159B97E 		.ascii	"\261Y\271~\336 \227\305\321#?~1\014\371.\231\\\234\251"
 3689      DE2097C5 
 3689      D1233F7E 
 3689      310CF92E 
 3689      995C9CA9 
 3690 01ac C644B05D 		.ascii	"\306D\260]|t\352\357\307\017\326\343Z\271p\374\311F"
 3690      7C74EAEF 
 3690      C70FD6E3 
 3690      5AB970FC 
 3690      C946
 3691 01be 5EF32704 		.ascii	"^\363'\004\341\006\3026\266\004\314\351\221\013s\307"
 3691      E106C236 
 3691      B604CCE9 
 3691      910B73C7 
 3692 01ce 809B65E6 		.ascii	"\200\233e\346\273\271jL\201VD\376\025\351zN\204\260"
 3692      BBB96A4C 
 3692      815644FE 
 3692      15E97A4E 
 3692      84B0
 3693 01e0 6941F447 		.ascii	"iA\364G\254\020\252\371\201\267A\274L\343\226l\326\246"
 3693      AC10AAF9 
ARM GAS  /tmp/ccR3beyD.s 			page 116


 3693      81B741BC 
 3693      4CE3966C 
 3693      D6A6
 3694 01f2 452E74CA 		.ascii	"E.t\312\364]H_\371\205\207\247F\236D\244z`\363\367\321"
 3694      F45D485F 
 3694      F98587A7 
 3694      469E44A4 
 3694      7A60F3F7 
 3695 0207 237FCC9C 		.ascii	"#\177\314\234D\305\314\374\322\014\350/Q\210\322\000"
 3695      44C5CCFC 
 3695      D20CE82F 
 3695      5188D200 
 3696 0217 84D9CE49 		.ascii	"\204\331\316I\261.\240\306>\031~\217\377@\256\365\237"
 3696      B12EA0C6 
 3696      3E197E8F 
 3696      FF40AEF5 
 3696      9F
 3697 0228 D8A984B9 		.ascii	"\330\251\204\271\252\247\210\024\241(\212*j\245n\224"
 3697      AAA78814 
 3697      A1288A2A 
 3697      6AA56E94 
 3698 0238 5BA28403 		.ascii	"[\242\204\003\221\243\263\317\210\274O\025\215\371R"
 3698      91A3B3CF 
 3698      88BC4F15 
 3698      8DF952
 3699 0247 03ADF2CB 		.ascii	"\003\255\362\313\2661E\262y(\367+\357\3130\241u\330"
 3699      B63145B2 
 3699      7928F72B 
 3699      EFCB30A1 
 3699      75D8
 3700 0259 96A13976 		.ascii	"\226\2419vZku\354\017\015=\353j\315\035f\332Ldsm\246"
 3700      5A6B75EC 
 3700      0F0D3DEB 
 3700      6ACD1D66 
 3700      DA4C6473 
 3701 026f FDEC3EB9 		.ascii	"\375\354>\271\265I\353\266\235N7\223\322\215d\326\311"
 3701      B549EBB6 
 3701      9D4E3793 
 3701      D28D64D6 
 3701      C9
 3702 0280 75756A89 		.ascii	"uuj\211=\361\246\255\311]\255-\357$?0\035\253;\345\030"
 3702      3DF1A6AD 
 3702      C95DAD2D 
 3702      EF243F30 
 3702      1DAB3BE5 
 3703 0295 1A35C662 		.ascii	"\0325\306b\032\017]\036\265\335\012i\273<\366\232i\315"
 3703      1A0F5D1E 
 3703      B5DD0A69 
 3703      BB3CF69A 
 3703      69CD
 3704 02a7 75742E59 		.ascii	"ut.Yi{\277\341\306tR\254tf\303\177qlgz{\372\315\035"
 3704      697BBFE1 
 3704      C67452AC 
 3704      7466C37F 
 3704      716C677A 
 3705 02bf 4D29522D 		.ascii	"M)R-\267=S\2255-\303\316e\303N[\017\307\257?G\331\311"
 3705      B73D5395 
ARM GAS  /tmp/ccR3beyD.s 			page 117


 3705      352DC3CE 
 3705      65C34E5B 
 3705      0FC7AF3F 
 3706 02d6 6A6697BE 		.ascii	"jf\227\2767\327fp\315\355qc\035T\225N\271F\253c\276"
 3706      37D76670 
 3706      CDED7163 
 3706      1D54954E 
 3706      B946AB63 
 3707 02eb FB9C23BA 		.ascii	"\373\234#\272mYv\227f\354\317jo\357\216k\315\361DKB"
 3707      6D597697 
 3707      66ECCF6A 
 3707      6FEF8E6B 
 3707      CDF1444B 
 3708 0300 6BB6D97F 		.ascii	"k\266\331\177\313\277J\226k\272\311v]g\265m\377\257"
 3708      CBBF4A96 
 3708      6BBAC976 
 3708      5D67B56D 
 3708      FFAF
 3709 0312 92B11DEE 		.ascii	"\222\261\035\356\033\353\354\333\2619\316\224\316:|"
 3709      1BEBECDB 
 3709      B139CE94 
 3709      CE3A7C
 3710 0321 AA369ED8 		.ascii	"\2526\236\330\035\225>2\216\331\030}u\013\011\207\252"
 3710      1D953E32 
 3710      8ED9187D 
 3710      750B0987 
 3710      AA
 3711 0332 2CC3B29D 		.ascii	",\303\262\235\036\372\007\260\207u\331"
 3711      1EFA07B0 
 3711      8775D9
 3712              		.text
 3713              		.section	.gnu.lto_chMBFetchTimeoutS.346.9a11cfe527d97cf3,"e",%progbits
 3714 0000 789C7D54 		.ascii	"x\234}T\177LSW\024\276\347\336\327\327\327\226\026\330"
 3714      7F4C5357 
 3714      14BEE7DE 
 3714      D7D7D796 
 3714      16D8
 3715 0012 5635CA1A 		.ascii	"V5\312\032\\\330\226\354\0075\262\270\370\307\0227b"
 3715      5CD896EC 
 3715      0735B2B8 
 3715      F8C71237 
 3715      62
 3716 0023 8859DC58 		.ascii	"\210Y\334X\330b\226%#\024:\255\212e-\015#\306\365A\221"
 3716      D8629625 
 3716      23143AAD 
 3716      8A652D0D 
 3716      23C6F541 
 3717 0038 26450398 		.ascii	"&E\003\230\015\006C\014..\270it0\025\230\260\"J\242"
 3717      0D06430C 
 3717      2E2EB869 
 3717      74301598 
 3717      B0224AA2 
 3718 004c 61D1A90B 		.ascii	"a\321\251\013.n\270\261\271\001\206\014p\016\015\242"
 3718      2E6EB8B1 
 3718      B901860C 
 3718      700E0DA2 
 3719 005c 3BF7BED7 		.ascii	";\367\276\327V2\263\346\335\367\316=\357;\337\375\316"
ARM GAS  /tmp/ccR3beyD.s 			page 118


 3719      5632B3E6 
 3719      DDF7CE3D 
 3719      EF3BDFFD 
 3719      CE
 3720 006d 8FD77765 		.ascii	"\217\327weB~!\204\334\300\0056\002{\352#\224\250\252"
 3720      427E2184 
 3720      DCC00536 
 3720      027BEA23 
 3720      94A8AA
 3721 0080 BAC64869 		.ascii	"\272\306HiU}\015\205~\370\256\251S\226B\365\266\316"
 3721      557D0D85 
 3721      7EF8AEA9 
 3721      539642F5 
 3721      B6CE
 3722 0092 3F86564B 		.ascii	"?\206VK\014\275\026\341\331\251{$\3708\036c\200E\342"
 3722      0CBD16E1 
 3722      D9A97B24 
 3722      F8381E63 
 3722      8045E2
 3723 00a5 29D396BA 		.ascii	")\323\226\272\216\345\030;=\376%\225\302\365\266\332"
 3723      8EE5183B 
 3723      3DFE2595 
 3723      C2F5B6DA 
 3724 00b5 86CB2F49 		.ascii	"\206\313/IF\372I]\207\346\372\264n\024\204O\241M\350"
 3724      46FA495D 
 3724      87E6FAB4 
 3724      6E14844F 
 3724      A14DE8
 3725 00c8 C3A074A9 		.ascii	"\303\240t\251\031}\3020A\363\236\375\3135F3\264\354"
 3725      197DC230 
 3725      41F39EFD 
 3725      CB354633 
 3725      B4EC
 3726 00da D93F7DE8 		.ascii	"\331?}\350|\016\222\011\207\205\356\305\000\021\333"
 3726      7C0E9209 
 3726      8785EEC5 
 3726      0011DB
 3727 00e9 820182CD 		.ascii	"\202\001\202\315\012\015\212\006O\202\212z\263\260\200"
 3727      0A0D8A06 
 3727      4F828A7A 
 3727      B3B080
 3728 00f8 0429930C 		.ascii	"\004)\223\014\262Q1\231-\326$\010R\3144\376kc\006\220"
 3728      B2513199 
 3728      2DD62408 
 3728      52CC34FE 
 3728      6B630690 
 3729 010c 1F0509EF 		.ascii	"\037\005\011\357vHwb\304\35537\242\327\036oi\217JA\262"
 3729      76487762 
 3729      C4ED3337 
 3729      A2D71E6F 
 3729      698F4A41 
 3730 0121 A30B4E00 		.ascii	"\243\013N\000\207\031@\011\001y>\252\252\027\206\272"
 3730      87194009 
 3730      01793EAA 
 3730      AA1786BA 
 3731 0131 54D544B6 		.ascii	"T\325D\266\367\200\376\222\32204\332\021\320\242\003"
 3731      F780FE92 
ARM GAS  /tmp/ccR3beyD.s 			page 119


 3731      D23034DA 
 3731      11D0A203 
 3732 0141 C604A0FC 		.ascii	"\306\004\240\374d\034\300\302\360\031\007\264\351\200"
 3732      641CC0C2 
 3732      F01907B4 
 3732      E980
 3733 014f 5DA1B09A 		.ascii	"]\241\260\232\"\225\365\305\001R\030\216\332\305!\007"
 3733      2295F5C5 
 3733      0152188E 
 3733      DAC52107 
 3734 015f 01EFCFA2 		.ascii	"\001\357\317\242\212\251\371\303\325\266\272\012%\030"
 3734      8AA9F9C3 
 3734      D5B6BA0A 
 3734      2518
 3735 016d 85B88830 		.ascii	"\205\270\2100\364\332-\244\037\310\016l\221\001,\204"
 3735      F4DA2DA4 
 3735      1FC80E6C 
 3735      91012C84 
 3736 017d 0406389E 		.ascii	"\004\0068\236\223\336\276P\323u\300\321\242F%\177\017"
 3736      93DEBE50 
 3736      D375C0D1 
 3736      A246257F 
 3736      0F
 3737 018e 0444C469 		.ascii	"\004D\304i\240r\030*\227!!\007\374T}w\022\020P\225\356"
 3737      A072182A 
 3737      97212107 
 3737      FC547D77 
 3737      12105095 
 3738 01a3 8F693F0D 		.ascii	"\217i?\015\"5\013\317z\250\221\235\001r\012\002\004"
 3738      22350BCF 
 3738      7AA8919D 
 3738      01720A02 
 3738      04
 3739 01b4 79070189 		.ascii	"y\007\001\211\2712\210\0025\036\271h\210\252w\357\327"
 3739      B9328802 
 3739      351EB968 
 3739      88AA77EF 
 3739      D7
 3740 01c5 AAEA9FDE 		.ascii	"\252\352\237\336\275\0037{\341) T\241\204\232\030.\011"
 3740      BD03377B 
 3740      E1292054 
 3740      A1849A18 
 3740      2E09
 3741 01d7 6D033E65 		.ascii	"m\003>e\\F\264\025L\330\204\313\214{\013\241\346$\264"
 3741      5C46B415 
 3741      4CD884CB 
 3741      8C7B0BA1 
 3741      E624B4
 3742 01ea ADB86C68 		.ascii	"\255\270lh'\023jI\301\225J(Y\014\320\003K\000N\302R"
 3742      27136A49 
 3742      C1954A28 
 3742      590CD003 
 3742      4B004EC2 
 3743 01ff 803E4823 		.ascii	"\200>H#xV\006b\010ie\344\213\037\033W\201\032%d\037"
 3743      78560662 
 3743      086965E4 
 3743      8B1F1B57 
ARM GAS  /tmp/ccR3beyD.s 			page 120


 3743      811A2564 
 3744 0214 A3C20EA1 		.ascii	"\243\302\016\241=K\325\321\271\253&\034\000a\336[F\346"
 3744      3D4BD5D1 
 3744      B9AB261C 
 3744      0061DE5B 
 3744      46E6
 3745 0226 69289D44 		.ascii	"i(\235D\200nt\243V\233\360\3269\370\343\011\3556GC\027"
 3745      806E74A3 
 3745      569BF0D6 
 3745      39F8E309 
 3745      ED364743 
 3746 023b C3C0802D 		.ascii	"\303\300\200-\226\267c:s\264\362\036n)\003\214\334\231"
 3746      96B7633A 
 3746      73B4F21E 
 3746      6E29038C 
 3746      DC99
 3747 024d CE5804E4 		.ascii	"\316X\004\344\202|B\030\225qLh*\371\207VMd3\006\347"
 3747      827C4218 
 3747      95714C68 
 3747      2AF98756 
 3747      4D643306 
 3748 0262 44BDF170 		.ascii	"D\275\361p\326Q7\272\202\037.\351T\022[\"\227'\250\014"
 3748      D65137BA 
 3748      821F2EE9 
 3748      54125B22 
 3748      9727A80C 
 3749 0276 4CD2A8E4 		.ascii	"L\322\250\344\030\225\001\203\343Lr\202Ij\370\375\200"
 3749      18950183 
 3749      E34C7282 
 3749      496AF8FD 
 3749      80
 3750 0287 99331984 		.ascii	"\2313\031\204\262yZ%\224\277\3636\357\200\274\201\367"
 3750      B2795A25 
 3750      94BFF336 
 3750      EF80BC81 
 3750      F7
 3751 0298 112936BC 		.ascii	"\021)6\274\217\317C \275u\001\316\003\276\257VUe\303"
 3751      8FCF4320 
 3751      BD7501CE 
 3751      03BEAF56 
 3751      5565C3
 3752 02ab F7700AE8 		.ascii	"\367p\012\350\"\301b\210\025\303\310w26N\225\000\214"
 3752      22C16288 
 3752      15C3C877 
 3752      32364E95 
 3752      008C
 3753 02bd B18C473F 		.ascii	"\261\214G?\022\331\2176\215P\256\260\357\240\215\031"
 3753      12D98F36 
 3753      8D50AEB0 
 3753      EFA08D19 
 3754 02cd 391FC294 		.ascii	"9\037\302\2247r\317\002Y\305-\357%x\035\331\270\304"
 3754      3772CF02 
 3754      59C52DEF 
 3754      25781DD9 
 3754      B8C4
 3755 02df 011733CA 		.ascii	"\001\0273\312^M#\022\032\357\034m\233d\361bw\"\315,"
 3755      5E4D2312 
ARM GAS  /tmp/ccR3beyD.s 			page 121


 3755      1AEF1C6D 
 3755      9B64F162 
 3755      7722CD2C 
 3756 02f3 AD4C87D3 		.ascii	"\255L\207\323XA\356\271\331\3268\025i\0048\243u\340"
 3756      5841EEB9 
 3756      D9D63815 
 3756      690438A3 
 3756      75E0
 3757 0305 D639130C 		.ascii	"\3269\023\014B\242\013\353q\243\267\341\266Y\010\030"
 3757      42A20BEB 
 3757      71A3B7E1 
 3757      B6590818 
 3758 0315 B7B10C4C 		.ascii	"\267\261\014L\317\017\"-\362j\3560j\250B\015\353\256"
 3758      CF0F222D 
 3758      F26AEE30 
 3758      6AA8420D 
 3758      EBAE
 3759 0327 400E8E19 		.ascii	"@\016\216\031\247\237\352\336\3351\262\013\260\255\300"
 3759      A79FEADE 
 3759      DD31B20B 
 3759      B0ADC0
 3760 0336 07529795 		.ascii	"\007R\227\225!\257\215\313R*'\252\037\211\253:6\302"
 3760      21AF8DCB 
 3760      522A27AA 
 3760      1F89AB3A 
 3760      36C2
 3761 0348 346E3B53 		.ascii	"4n;S\376\233\\\371U\310&\274?\241\257\253\177`\314\304"
 3761      FE9B5CF9 
 3761      55C826BC 
 3761      3FA1AFAB 
 3761      7F60CCC4 
 3762 035c 14380E1C 		.ascii	"\0248\016\034?\023\001\035=f\177\000\3763\207\343\300"
 3762      3F13011D 
 3762      3D667F00 
 3762      FE3387E3 
 3762      C0
 3763 036d 22A2B966 		.ascii	"\"\242\271f\036\230Y#\014n\033\322\272<\023\231\324"
 3763      1E985923 
 3763      0C6E1BD2 
 3763      BA3C1399 
 3763      D4
 3764 037e A358F035 		.ascii	"\243X\3605\364\341\\s\021\307\035Z\201\035,\351!\032"
 3764      F4E15C73 
 3764      11C71D5A 
 3764      811D2CE9 
 3764      211A
 3765 0390 7E8597B5 		.ascii	"~\205\227\265\002_\033\330\214\022\222\304\327\313,"
 3765      025F1BD8 
 3765      8C1292C4 
 3765      D7CB2C
 3766 039f 2CC358DB 		.ascii	",\303X\333\323?\374\267\302\253\266\217\231*\216\205"
 3766      D33FFCB7 
 3766      C2ABB68F 
 3766      992A8E85 
 3767 03af 4CB1B466 		.ascii	"L\261\264f\272wwiU\320\222Kc\326\207\020\377\006\337"
 3767      BA777769 
 3767      55D0924B 
ARM GAS  /tmp/ccR3beyD.s 			page 122


 3767      63D68710 
 3767      FF06DF
 3768 03c2 0689AEEB 		.ascii	"\006\211\256\353:\325\001\355\266\007\020\327E>VQ7\363"
 3768      3AD501ED 
 3768      B60710D7 
 3768      453E5651 
 3768      37F3
 3769 03d4 82BAF58A 		.ascii	"\202\272\365\212\272\205Z\2531K\033\263`}\357\343/y"
 3769      BA855AAB 
 3769      314B1BB3 
 3769      607DEFE3 
 3769      2F79
 3770 03e6 616DDAAD 		.ascii	"am\332\255\011\256\265c\330#\302\264\206^\322\252\336"
 3770      09AEB563 
 3770      D823C2B4 
 3770      865ED2AA 
 3770      DE
 3771 03f7 1001961C 		.ascii	"\020\001\226\034\253\243C`\015 \320\275\301\011\370"
 3771      ABA34360 
 3771      0D20D0BD 
 3771      C109F8
 3772 0406 06C545B4 		.ascii	"\006\305E\264byn`\375\370\247\301'\243;x\002\337\260"
 3772      62796E60 
 3772      FDF8A7C1 
 3772      27A33B78 
 3772      02DFB0
 3773 0419 64FE6D3C 		.ascii	"d\376m<)\350.;\022c\323\031\214\177\275W\034B\270ev"
 3773      29E82E3B 
 3773      1263D319 
 3773      8C7FBD57 
 3773      1C42B865 
 3774 042e B0F96A62 		.ascii	"\260\371jb\016\247\265qn\210\334\002\226\022;\374\351"
 3774      0EA7B571 
 3774      6E88DC02 
 3774      96123BFC 
 3774      E9
 3775 043f 8587FF05 		.ascii	"\205\207\377\005_\305\016oO\366L\351\207\2634<\340H"
 3775      5FC50E6F 
 3775      4FF64CE9 
 3775      87B3343C 
 3775      E048
 3776 0451 F0303F3D 		.ascii	"\3600?=\205-\245\317h\363\034\005\226&\230o\216\330"
 3776      852DA5CF 
 3776      68F31C05 
 3776      9626986F 
 3776      8ED8
 3777 0463 799BC6B3 		.ascii	"y\233\306\263Y\232\034\324\347\255\225Y\207?\037;\313"
 3777      599A1CD4 
 3777      E7AD9559 
 3777      873F1F3B 
 3777      CB
 3778 0474 80F72829 		.ascii	"\200\367()\376\357s\237V\256!,Ut2\025\301\037\312#\323"
 3778      FEEF739F 
 3778      56AE212C 
 3778      55743215 
 3778      C11FCA23 
 3779 0489 77143EB5 		.ascii	"w\024>\2653`\036Dei\226\276Y\017F\203\010\251\214r\256"
ARM GAS  /tmp/ccR3beyD.s 			page 123


 3779      33601E44 
 3779      656996BE 
 3779      590F4683 
 3779      08A98C72 
 3780 049e 3CE7266F 		.ascii	"<\347&o\261\333\351\363\272\234\271>\357fwa\251\337"
 3780      B1DBE9F3 
 3780      BA9CB93E 
 3780      EF667761 
 3780      A9DF
 3781 04b0 99BDC9E3 		.ascii	"\231\275\311\343\362\344\225\006\212<\336\007\355\374"
 3781      F2E49506 
 3781      8A3CDE07 
 3781      EDFC
 3782 04be 9559CE32 		.ascii	"\225Y\3162\257o\213\277\244\240\320\235_\352\013l\333"
 3782      AF6F8BBF 
 3782      A4A0D09D 
 3782      5FEA0B6C 
 3782      DB
 3783 04cf E2CC7B73 		.ascii	"\342\314{s}\326\312\374\234\334u\257\344\277\347\361"
 3783      7DD6CAFC 
 3783      9CDC75AF 
 3783      E4BFE7F1 
 3784 04df 159715F8 		.ascii	"\025\227\025\370\334N\362\\f\246\023\257B\036\352\365"
 3784      DC4EF25C 
 3784      66A613AF 
 3784      421EEAF5 
 3785 04ef EB48AF1F 		.ascii	"\353H\257\037\257\255\036\227\323\357+\304W\305.\357"
 3785      AFAD1E97 
 3785      D3EF2BC4 
 3785      57C52EEF 
 3786 04ff 076E7F66 		.ascii	"\007n\177f!a\305\256\222\307\022\373\314\325\256U\256"
 3786      2161C5AE 
 3786      92C712FB 
 3786      CCD5AE55 
 3786      AE
 3787 0510 175ECC2A 		.ascii	"\027^\314* R\261\177c\211\261\324S\354\366\006Je_Q9"
 3787      2052B17F 
 3787      6389B1D4 
 3787      53ECF606 
 3787      4A655F51 
 3788 0525 EE57FC2F 		.ascii	"\356W\374/\263g[\341\326@\221;\301\276\211\374\013,"
 3788      B3675BE1 
 3788      D640913B 
 3788      C1BE89FC 
 3788      0B2C
 3789 0537 F98BDF   		.ascii	"\371\213\337"
 3790              		.text
 3791              		.section	.gnu.lto_chMBFetchI.347.9a11cfe527d97cf3,"e",%progbits
 3792 0000 789C7D54 		.ascii	"x\234}T\177L[U\024>\347\336\367^\177\321b\"\314DS\351"
 3792      7F4C5B55 
 3792      143EE7DE 
 3792      F75E7FD1 
 3792      6222CC44 
 3793 0016 F41F1395 		.ascii	"\364\037\023\225\232aff\242\231\022\263\020\2638\205"
 3793      9A616666 
 3793      A29912B3 
 3793      10B33885 
ARM GAS  /tmp/ccR3beyD.s 			page 124


 3794 0026 C4106308 		.ascii	"\304\020c\010\355\352\250\014\312Z\032$\013\366IY\033"
 3794      EDEAA80C 
 3794      CA5A1A24 
 3794      0BF64959 
 3794      1B
 3795 0037 CB544A74 		.ascii	"\313TJt\033H\266l\313\010F\223e\233Q\304\001\335\026"
 3795      1B48B66C 
 3795      CB084693 
 3795      659B51C4 
 3795      01DD16
 3796 004a 9C719BE2 		.ascii	"\234q\233\342\234.K$\015\270\314\037\213\016\206s\030"
 3796      9C2E4B24 
 3796      0DB8CC1F 
 3796      8B0E8673 
 3796      18
 3797 005b 403CF7BE 		.ascii	"@<\367\276G\313\342b\323\333{\357\271\337\371\336w\277"
 3797      47CBE262 
 3797      D3DB7BEF 
 3797      B9DFF9DE 
 3797      77BF
 3798 006d 735E1F57 		.ascii	"s^\037W\001\276\005\200A\032\350\000\354N\247\030\350"
 3798      01BE0580 
 3798      411AE800 
 3798      EC4EA718 
 3798      E8
 3799 007e BABEDEC2 		.ascii	"\272\276\336\302XG\272\223\3410\236\3539\246)\361\264"
 3799      5847BA93 
 3799      E1309EEB 
 3799      39A629F1 
 3799      B4
 3800 008f EBD895B3 		.ascii	"\353\330\225\263\353\024NQ\207\214\3540#\012\276\227"
 3800      EB144E51 
 3800      878CEC30 
 3800      230ABE97 
 3801 009f CB51596F 		.ascii	"\313QYo\327\321\325\224\263\357\375\017QI\244]\223\227"
 3801      D7D1D594 
 3801      B3EFFD0F 
 3801      5149A45D 
 3801      9397
 3802 00b1 2F3CA968 		.ascii	"/<\251h,\231v\354\2379\375\204\322\3335\205\331\267"
 3802      2C9976EC 
 3802      9F39FD84 
 3802      D2DB3585 
 3802      D9B7
 3803 00c3 07996261 		.ascii	"\007\231ba{\272\216\"\345x\224\036\212\311\205\025{"
 3803      7BBA8E22 
 3803      E578941E 
 3803      8AC98515 
 3803      7B
 3804 00d4 BA0FAC36 		.ascii	"\272\017\2546\210l\330\333}`&ud\332Jd2b\3077r\217A\210"
 3804      886CD8DB 
 3804      7D602675 
 3804      64DA4A64 
 3804      3262C737 
 3805 00ec 31AEA89A 		.ascii	"1\256\250\232\305j\263c\014\367s\025\265;Q\241\337b"
 3805      C56AB363 
 3805      0CF77315 
ARM GAS  /tmp/ccR3beyD.s 			page 125


 3805      B53B51A1 
 3805      DF62
 3806 00fe F4780932 		.ascii	"\364x\01127vu|\336\3357\220Qb\3206\210\237\"\335\016"
 3806      3776757C 
 3806      DEDD3790 
 3806      5162D036 
 3806      889F22DD 
 3807 0113 54B4C611 		.ascii	"T\264\306\021\036\316\350\372\370\360\240\256\333`\373"
 3807      1ECEE8FA 
 3807      F8F0A0AE 
 3807      DB60FB
 3808 0122 109A878C 		.ascii	"\020\232\207\214%\361L\021\001\372L\300%\011h=\236\003"
 3808      25F14C11 
 3808      01FA4CC0 
 3808      2509683D 
 3808      9E03
 3809 0134 F0245E2C 		.ascii	"\360$^,\002p\000\264\221Q*Y\005-\243H\234\002>\327\335"
 3809      027000B4 
 3809      91512A59 
 3809      052DA348 
 3809      9C023ED7 
 3810 0149 3978E8DE 		.ascii	"9x\350\336>=\243D\207\260Efd\220\251Il\277G\305\007"
 3810      3E3DA344 
 3810      87B04566 
 3810      6490A949 
 3810      6CBF47C5 
 3811 015e 05E0C7C4 		.ascii	"\005\340\307\304\3045$@\207'\272\374\320\014JM\016\222"
 3811      C4352440 
 3811      8727BAFC 
 3811      D00C4A4D 
 3811      0E92
 3812 0170 BB67C172 		.ascii	"\273g\301r\002a\004[\004\377I$^:C\246\035>\257f\364"
 3812      0261045B 
 3812      04FF4924 
 3812      5E3A43A6 
 3812      1D3EAF66 
 3813 0185 85A57774 		.ascii	"\205\245wt\375Z[v\341\340N,A`\026\006\314\312i(\264"
 3813      FD5A5B76 
 3813      E1E04E2C 
 3813      41601606 
 3813      CCCA6928 
 3814 019a 5669D668 		.ascii	"Vi\326hXhm%\2256\032v\332;h.\240\341\004fs\001\263\027"
 3814      58686D25 
 3814      95361A76 
 3814      DA3B682E 
 3814      A0E10466 
 3815 01b2 028362C4 		.ascii	"\002\203b\304!\\\205x\034\335\024\005\330\313a\211>"
 3815      215C8578 
 3815      1CDD1405 
 3815      D8CB6189 
 3815      3E
 3816 01c3 1CF50CC0 		.ascii	"\034\365\014\300>\316\214M\23467\231>5\232\265\221\365"
 3816      3ECE8C4D 
 3816      9C363799 
 3816      3E359AB5 
 3816      91F5
 3817 01d5 B0C8E21E 		.ascii	"\260\310\342\036H!\013n!\023\234\362d\274DL\367\031"
ARM GAS  /tmp/ccR3beyD.s 			page 126


 3817      48210B6E 
 3817      21139CF2 
 3817      64BC444C 
 3817      F719
 3818 01e7 3FF32C7E 		.ascii	"?\363,~>\211\034y\261\266\235D\317\263\366\177h\313"
 3818      3E891C79 
 3818      B1B69D44 
 3818      CFB3F67F 
 3818      68CB
 3819 01f9 B8C8DCE1 		.ascii	"\270\310\334\341\341<\205\232\277\026\2003\215\252\306"
 3819      E13C859A 
 3819      BF168033 
 3819      8DAAC6
 3820 0208 EE80BF58 		.ascii	"\356\200\277X\307o\345\234\343\027\262$\364X\276\233"
 3820      C76FE59C 
 3820      E317B224 
 3820      F458BE9B 
 3821 0218 BA483E56 		.ascii	"\272H>V1\271\024\276Jk\315s\251\\1\270\264e.\225\262"
 3821      31B914BE 
 3821      4A6BCD73 
 3821      A95C31B8 
 3821      B4652E95 
 3822 022d 73545A9E 		.ascii	"sTZ\236J\031\273zp\022\004\225*\265-\262\016\251\375"
 3822      4A19BB7A 
 3822      70120495 
 3822      2AB52DB2 
 3822      0EA9FD
 3823 0240 E59784D1 		.ascii	"\345\227\204\321Z\265(\027qTGh\376\010\225\027\317\342"
 3823      5AB52817 
 3823      71544768 
 3823      FE089517 
 3823      CFE2
 3824 0252 19A4F384 		.ascii	"\031\244\363\204\256[\253\317\341\010\262bI\243REtE"
 3824      AE5BABCF 
 3824      E108B262 
 3824      49A35245 
 3824      7445
 3825 0264 D05896EF 		.ascii	"\320X\226\3579\365C\211\2203\362\201\223[D.\001\254"
 3825      39F54389 
 3825      9033F281 
 3825      935B442E 
 3825      01AC
 3826 0276 95556308 		.ascii	"\225Uc\010k\305j\3337\370<e\012=\247\356\346\026m\233"
 3826      6BC56ADB 
 3826      37F83C65 
 3826      0A3DA7EE 
 3826      E6166D9B 
 3827 028a 2188A8B4 		.ascii	"!\210\250\2647\373\373o\344=\235\311\"\315\355\036\314"
 3827      37FBFB6F 
 3827      E43D9DC9 
 3827      22CDED1E 
 3827      CC
 3828 029b 905F2232 		.ascii	"\220_\"2{h\327tj7\342\011\224\3477\276\262\341\311\225"
 3828      7B68D774 
 3828      6A37E209 
 3828      94E737BE 
 3828      B2E1C995 
ARM GAS  /tmp/ccR3beyD.s 			page 127


 3829 02af 9ED3C634 		.ascii	"\236\323\3064}\316.\005\374\352\342n\272J\024\345\025"
 3829      7DCE2E05 
 3829      FCEAE26E 
 3829      BA4A14E5 
 3829      15
 3830 02c0 E0B9AAEF 		.ascii	"\340\271\252\357HC\007i\330x\001\237\245\326\021\364"
 3830      48430769 
 3830      D878019F 
 3830      A5D611F4 
 3831 02d0 D39FBD35 		.ascii	"\323\237\2755\235uP\361P\264\230\251\312\255U\344TY"
 3831      9D7550F1 
 3831      50B498A9 
 3831      CAAD55E4 
 3831      5459
 3832 02e2 664FF74C 		.ascii	"fO\367L\345U\315f\231\301]\304\255\377\275\\\353E\334"
 3832      E555CD66 
 3832      99C15DC4 
 3832      ADFFBD5C 
 3832      EB45DC
 3833 02f5 00A218F1 		.ascii	"\000\242\030\361\217\023c\234\333\270\025?A\201\277"
 3833      8F13639C 
 3833      DBB8153F 
 3833      4181BF
 3834 0304 9E4213FD 		.ascii	"\236B\023\375K\321\012\370%\001\247>$Do\347\357\310"
 3834      4BD10AF8 
 3834      2501A73E 
 3834      24446FE7 
 3834      EFC8
 3835 0316 ED0661AC 		.ascii	"\355\006a\254\361K\243\244\327S\023f\026\213\275@1j"
 3835      F14BA3A4 
 3835      D7531366 
 3835      168BBD40 
 3835      316A
 3836 0328 5721E24F 		.ascii	"W!\342O\323`7w\334F\303\004>c\030\234=\345#\011\016"
 3836      D3603777 
 3836      DC46C304 
 3836      3E63189C 
 3836      3DE52309 
 3837 033d F322D6BF 		.ascii	"\363\"\326\277\177\3329\203\271\213\334\314r\343\"w"
 3837      7FDA3983 
 3837      B98BDCCC 
 3837      72E32277 
 3838 034d F182DB90 		.ascii	"\361\202\333\220d\261\034L\011\3373\363|\300\271\002"
 3838      64B11C4C 
 3838      09DF33F3 
 3838      7CC0B902 
 3839 035d 3029A517 		.ascii	"0)\245\027Hj\333\255\036\315K\217\342{\023t#\2474S\274"
 3839      486ADBAD 
 3839      1ECD4B8F 
 3839      E27B1374 
 3839      23A73453 
 3840 0372 2D85B7FA 		.ascii	"-\205\267\3720P\220'\253\270L\365\000n\024/=\365\200"
 3840      30509027 
 3840      ABB84CF5 
 3840      006E142F 
 3840      3DF580
 3841 0385 40EE4A21 		.ascii	"@\356J!w-{\346\226X\025%\372\251+8\032\003\252\271\364"
ARM GAS  /tmp/ccR3beyD.s 			page 128


 3841      772D7BE6 
 3841      96581525 
 3841      FAA92B38 
 3841      1A03AAB9 
 3842 039a A5FE67B2 		.ascii	"\245\376g\262J\264\274h\202\341\330\347t\302]\242\347"
 3842      4AB4BC68 
 3842      82E1D8E7 
 3842      74C25DA2 
 3842      E7
 3843 03ab EF976CEF 		.ascii	"\357\227l\357\372\244B{\256Ma\211\265\257\007^H\341"
 3843      FAA4427B 
 3843      AE4D6189 
 3843      B5AF075E 
 3843      48E1
 3844 03bd 242FD462 		.ascii	"$/\324b\370\272\372\365\342\214\370\347\2445\330\372"
 3844      F8BAFAF5 
 3844      E28CF8E7 
 3844      A435D8FA 
 3845 03cd D31ACD31 		.ascii	"\323\032\3151\355\217t\302I/=\032y\355\031\341a\245"
 3845      ED8F74C2 
 3845      492F3D1A 
 3845      79ED19E1 
 3845      61A5
 3846 03df B72ED410 		.ascii	"\267.\324\020\360\206C>\357\246p\350\325\200\2779\342"
 3846      F086433E 
 3846      EFA670E8 
 3846      D580BF39 
 3846      E2
 3847 03f0 2DAF0BFA 		.ascii	"-\257\013\372\202\225\315\321\315\301\320\312u\315\232"
 3847      8295CDD1 
 3847      CDC1D0CA 
 3847      75CD9A
 3848 03ff 326F4B28 		.ascii	"2oK(\\\037i\252\365\007j\232\303\321\306zoe\325\306"
 3848      5C1F69AA 
 3848      F5076A9A 
 3848      C3D1C67A 
 3848      6F65D5C6 
 3849 0413 B235351B 		.ascii	"\26255\0336U<]\363J0\334\320R\033\016x\341\241\322R"
 3849      36553C5D 
 3849      F34A30DC 
 3849      D0521B0E 
 3849      78E1A1D2 
 3850 0428 2F7DFD22 		.ascii	"/}\375\"5\0241\221\241\010}\267\006}\336H\330OG\015"
 3850      35143191 
 3850      A1087DB7 
 3850      067DDE48 
 3850      D84F470D 
 3851 043c BED06B81 		.ascii	"\276\320k\201H\251\037x\203\257\251(\277/]\347[\353"
 3851      48A91F78 
 3851      83AFA928 
 3851      BF2F5DE7 
 3851      5BEB
 3852 044e 7BF4B1B2 		.ascii	"{\364\261\262ZP\032\"[\232\036\371_\252`\243\177kts"
 3852      5A501A22 
 3852      5B9A1EF9 
 3852      5FAA60A3 
 3852      7F6B7473 
ARM GAS  /tmp/ccR3beyD.s 			page 129


 3853 0462 204F5707 		.ascii	" OW\007\377\002+\355\035\370"
 3853      FF022BED 
 3853      1DF8
 3854              		.text
 3855              		.section	.gnu.lto_.symbol_nodes.9a11cfe527d97cf3,"e",%progbits
 3856 0000 789C7592 		.ascii	"x\234u\222Ko\323@\024\205\307\367&N\234DV\\\023\307"
 3856      4B6FD340 
 3856      1485C7F7 
 3856      264E9C44 
 3856      565C13C7 
 3857 0014 69A049CA 		.ascii	"i\240I\312\373](\024\326\250?\205\377q\223*B\202.\350"
 3857      FB5D2814 
 3857      D6A83F85 
 3857      FF71932A 
 3857      42822EE8 
 3858 0028 02519505 		.ascii	"\002Q\225\005\342\021\272`\201\020\210\005\025\013\026"
 3858      E211BA60 
 3858      81108805 
 3858      150B16
 3859 0037 E1B1A810 		.ascii	"\341\261\250\020o(-\320\006\023JK\001\011\001eU\306"
 3859      6F282DD0 
 3859      06134A4B 
 3859      01090165 
 3859      55C6
 3860 0049 1E7BAC82 		.ascii	"\036{\254\202=\033\037\315\275\347\3147\343{'\311\030"
 3860      3D1B1FCD 
 3860      BDE7CC37 
 3860      E37B27C9 
 3860      18
 3861 005a 83BB0A55 		.ascii	"\203\273\012U\326\370Be\354\021c\304\330\355z\243QG"
 3861      D6F84265 
 3861      EC1163C4 
 3861      D8ED7AA3 
 3861      5147
 3862 006c 5E4A7E80 		.ascii	"^J~\200j\325\375:\240\327\2171\2060\012T\253\363\225"
 3862      6AD5FD3A 
 3862      A0D78F31 
 3862      86300A54 
 3862      ABF395
 3863 007f F8AF171E 		.ascii	"\370\257\027\036\003\365\257\213\231\2527\024\327\374"
 3863      03F5AF8B 
 3863      99AA3714 
 3863      D7FC
 3864 008d 0EF2C2FC 		.ascii	"\016\362\302\374\024h\363:s\320\321\005Ct<\001\332\022"
 3864      1468F33A 
 3864      73D0D105 
 3864      43743C01 
 3864      DA12
 3865 009f D501CF81 		.ascii	"\325\001\317\201\266^\235\031\037\372\327\371\0316\010"
 3865      B65E9D19 
 3865      1FFAD7F9 
 3865      193608
 3866 00ae E733A06D 		.ascii	"\3473\240m\221\316\027@\333#\017\375\002\005a}\005\264"
 3866      91CE1740 
 3866      DB230FFD 
 3866      0205617D 
 3866      05B4
ARM GAS  /tmp/ccR3beyD.s 			page 130


 3867 00c0 232A7B05 		.ascii	"#*{\005,\321\360\022hgd\366k\240]\221\331_\241(\254"
 3867      2CD1F012 
 3867      686764F6 
 3867      6BA05D91 
 3867      D95FA128 
 3868 00d5 6F807647 		.ascii	"o\200vGe\177\003[4\314\000\355\211\314\236\005\332\033"
 3868      657F035B 
 3868      34CC00ED 
 3868      89CC9E05 
 3868      DA1B
 3869 00e7 F99CDFA1 		.ascii	"\371\234\337\241\344Y\225\267@\373\326\374U\361\272"
 3869      E45995B7 
 3869      40FBD6FC 
 3869      55F1BA
 3870 00f6 18E3496E 		.ascii	"\030\343In\2232\007\264?\256\326\001\032\210\253}\004"
 3870      933207B4 
 3870      3FAED601 
 3870      1A88AB7D 
 3870      04
 3871 0107 3A10577B 		.ascii	":\020W{\017t0\256\366\011h0\2566\017t(\256\266\000t"
 3871      0F7430AE 
 3871      F6096830 
 3871      AE360F74 
 3871      28AEB600 
 3872 011c 38AEB60C 		.ascii	"8\256\266\0144\024W[\002:\022W[\004:\032SC\326+\336"
 3872      3414575B 
 3872      023A1257 
 3872      5B043A1A 
 3872      5343D62B 
 3873 0131 74185949 		.ascii	"t\030YI\250\266\312\345\342\364\304\240\322\312 \263"
 3873      A8B6CAE5 
 3873      E2F4C4A0 
 3873      D2CA20B3 
 3874 0141 47AF9D4E 		.ascii	"G\257\235N*\315,bY\374\225a\251\232\031L\004\036\205"
 3874      2ACD2C62 
 3874      59FC9561 
 3874      A99A194C 
 3874      041E85
 3875 0154 CBF19BDD 		.ascii	"\313\361\233\335i\317\236(M\235\231;\317e\012\023v\367"
 3875      69CF9E28 
 3875      4D9D993B 
 3875      CF650A13 
 3875      76F7
 3876 0166 C2FC29C5 		.ascii	"\302\374)\305\215Jl\0246\247G\312\266\211\252\214UK"
 3876      8D4A6C14 
 3876      36A747CA 
 3876      B689AA8C 
 3876      554B
 3877 0178 7EAC8AAA 		.ascii	"~\254\212\252\355\235\357p\265\311\337\324\245ttLW\204"
 3877      ED9DEF70 
 3877      B5C9DFD4 
 3877      A574744C 
 3877      5784
 3878 018a 6CA530AD 		.ascii	"l\2450\255\012\331\341\262\317\337\315`\232\371\273"
 3878      0AD9E1B2 
 3878      CFDFCD60 
 3878      9AF9BB
ARM GAS  /tmp/ccR3beyD.s 			page 131


 3879 0199 19D4FABD 		.ascii	"\031\324\372\275q;\216Z\311\023-\0255{\365\341-~\251"
 3879      713B8E5A 
 3879      C9132D15 
 3879      357BF5E1 
 3879      2D7EA9
 3880 01ac 146AB87A 		.ascii	"\024j\270z\375\342\012z}\265\221\245\023=.\222\326\347"
 3880      FDE20A7A 
 3880      7DB591A5 
 3880      133D2E92 
 3880      D6E7
 3881 01be A9A6855A 		.ascii	"\251\246\205Z\365\327\375s\263\2504\213\230\365\217"
 3881      F5D7FD73 
 3881      B3A8348B 
 3881      98F58F
 3882 01cd E477CA6A 		.ascii	"\344w\312jB\216d0\033\236\223\223\027\311\205\027\311"
 3882      428E6430 
 3882      1B9E9393 
 3882      17C98517 
 3882      C9
 3883 01de C98BE4F0 		.ascii	"\311\213\344\360\344\344\344OT.\361\316\332\217\007"
 3883      E4E4E44F 
 3883      542EF1CE 
 3883      DA8F07
 3884 01ed 131D9E6A 		.ascii	"\023\035\236j\242\036\300\351\022N\227pz\010\247\327"
 3884      A21EC0E9 
 3884      124E9770 
 3884      7A08A7D7 
 3885 01fd 02245DC0 		.ascii	"\002$]\300\265\271\362\341\332E\314\207py]\302\345C"
 3885      B5B9F2E1 
 3885      DA45CC87 
 3885      70795DC2 
 3885      E543
 3886 020f 3843C219 		.ascii	"8C\302\031!\234!\341\214\020\316\360\341\370;\230\001"
 3886      219C21E1 
 3886      8C10CEF0 
 3886      E1F83B98 
 3886      01
 3887 0220 9C29E1CC 		.ascii	"\234)\341\314\322\215\261\316\200\373\356\246}\326\271"
 3887      D28DB1CE 
 3887      80FBEEA6 
 3887      7DD6B9
 3888 022f 927167C0 		.ascii	"\222qg\300,\377\3610\333:\232\002\263\325\213\246\300"
 3888      2CFFF130 
 3888      DB3A9A02 
 3888      B3D58BA6 
 3888      C0
 3889 0240 74B8AAFE 		.ascii	"t\270\252\376\3660\2352\026B\314\202)1\013!\246U\016"
 3889      F6309D32 
 3889      1642CC82 
 3889      29310B21 
 3889      A6550E
 3890 0253 86D1F207 		.ascii	"\206\321\362\007\213cZ\376`\361\027\261\354{\313\227"
 3890      8B635AFE 
 3890      60F117B1 
 3890      EC7BCB97 
 3891 0263 1798E270 		.ascii	"\027\230\342pY\026\310|0\254\000\271\310\376\002|\257"
 3891      5916C87C 
ARM GAS  /tmp/ccR3beyD.s 			page 132


 3891      30AC00B9 
 3891      C8FE027C 
 3891      AF
 3892 0274 EB09     		.ascii	"\353\011"
 3893              		.text
 3894              		.section	.gnu.lto_.refs.9a11cfe527d97cf3,"e",%progbits
 3895 0000 789C0DC9 		.ascii	"x\234\015\311\333\015\200 \024\004\321\331\015\212\017"
 3895      DB0D8020 
 3895      1404D1D9 
 3895      0D8A0F
 3896 000f 1450A205 		.ascii	"\024P\242\005\331\177O\336\2579\311|@\002e\254%Z\260"
 3896      D97F4FDE 
 3896      AF39C97C 
 3896      400265AC 
 3896      255AB0
 3897 0022 074A9E3A 		.ascii	"\007J\236:\232\235w\264z+1|\204O\327p\367\025\276=\032"
 3897      9A9D77B4 
 3897      7A2B317C 
 3897      844FD770 
 3897      F715BE3D 
 3898 0037 7AFC56F8 		.ascii	"z\374V\370\001<\344\001\327"
 3898      013CE401 
 3898      D7
 3899              		.text
 3900              		.section	.gnu.lto_.decls.9a11cfe527d97cf3,"e",%progbits
 3901 0000 789CAD7A 		.ascii	"x\234\255z\011PTY\272\346\275\347\236\233\\v\327*\254"
 3901      09505459 
 3901      BAE6BDE7 
 3901      9E9B5C76 
 3901      D72AAC
 3902 0013 9A9ED71D 		.ascii	"\232\236\327\035\323o\264\254.-\253\312\252\356\011"
 3902      D36FB4AC 
 3902      2E2DABCA 
 3902      AAEE09
 3903 0022 23A6ABEA 		.ascii	"#\246\253\352\365b\304\253\327\325mwL\274\351\230\240"
 3903      F562C4AB 
 3903      D7D56D77 
 3903      4CBCE998 
 3903      A0
 3904 0033 1153E515 		.ascii	"\021S\345\025[e&e9\323/\346\262(\250\200,\212\200\250"
 3904      5B652665 
 3904      39D32FE6 
 3904      B228A880 
 3904      2C8A80A8 
 3905 0047 082E88A2 		.ascii	"\010.\210\242)\202\202\240&\213\262\250\200\270\"\240"
 3905      298282A0 
 3905      268BB2A8 
 3905      80B822A0 
 3906 0057 C82208C8 		.ascii	"\310\"\010\310&*\2629\377Y2of\242\365\214\212!\370s"
 3906      262AB239 
 3906      FF59326F 
 3906      66A2F58C 
 3906      8A21F873 
 3907 006b B9FFF6FD 		.ascii	"\271\377\366\375\313\371\317\271\027\226,\021\204P7"
 3907      CBF9CFB9 
 3907      17962C11 
 3907      845037
ARM GAS  /tmp/ccR3beyD.s 			page 133


 3908 007a 41687111 		.ascii	"Ahq\021\204\227\360\343-\010\302u\240_\001\325\003y"
 3908      8497F0E3 
 3908      2D08C275 
 3908      A05F01D5 
 3908      0379
 3909 008c 2241F006 		.ascii	"\"A\360\006\232\005\344\0054\033\250\016\256\317\205"
 3909      9A05E405 
 3909      341BA80E 
 3909      AECF85
 3910 009b F78F803E 		.ascii	"\367\217\200>\006Z\016\364)\320\034\240\237\001}\011"
 3910      065A0EF4 
 3910      29D01CA0 
 3910      9F017D09 
 3911 00ab B412E8AF 		.ascii	"\264\022\350\257@\253\201|DAx\004\024\012\237\377\035"
 3911      40AB817C 
 3911      44417804 
 3911      140A9FFF 
 3911      1D
 3912 00bc 2806280E 		.ascii	"(\006(\016h7P6\3202\240\003@\007\201>\001\372\011\320"
 3912      68375036 
 3912      D032A003 
 3912      4007813E 
 3912      01FA09D0 
 3913 00d0 E7403940 		.ascii	"\347@9@\307\201\376'\220\037\220\031(\004(\037\350\357"
 3913      C781FE27 
 3913      901F9019 
 3913      2804281F 
 3913      E8EF
 3914 00e2 40D14005 		.ascii	"@\321@\005@\261@\351@\247\201\262\200\316\002]\004\252"
 3914      40B140E9 
 3914      40A781B2 
 3914      80CE025D 
 3914      04AA
 3915 00f4 02AA016A 		.ascii	"\002\252\001j\000\272\011t\033\250\011\350\036P\033"
 3915      00BA0974 
 3915      1BA809E8 
 3915      1E501B
 3916 0103 503B5024 		.ascii	"P;P$\026\204\377*0\177=@}\204\004\026\003\211\223`\321"
 3916      1684FF2A 
 3916      307F3D40 
 3916      7D840416 
 3916      03899360 
 3917 0118 092CF685 		.ascii	"\011,\366\205\360\336\317\355\376\032\3501\307x\030"
 3917      F0DECFED 
 3917      FE1AE831 
 3917      C77818
 3918 0127 48005280 		.ascii	"H\000R\200\256\302\307)\210\265\026\336\0078\216J\240"
 3918      AEC2C729 
 3918      88B516DE 
 3918      07388E4A 
 3918      A0
 3919 0138 69B85601 		.ascii	"i\270V\001t\014\350\014\320\011\240j\220\251\001\032"
 3919      740CE80C 
 3919      D009A06A 
 3919      90A9011A 
 3920 0148 E4988780 		.ascii	"\344\230\207\200\376\033P1\320\010\320s\240\377%C\316"
 3920      FE1B5031 
ARM GAS  /tmp/ccR3beyD.s 			page 134


 3920      D008D073 
 3920      A0FF2543 
 3920      CE
 3921 0159 0596D7E3 		.ascii	"\005\226\327\343<\347/\200&H^\004\226\363\277r\\5\034"
 3921      3CE72F80 
 3921      26485E04 
 3921      96F3BF72 
 3921      5C351C
 3922 016c 97359FEF 		.ascii	"\2275\237\357\001-\346y\375\000\250\020b\375\317\002"
 3922      012DE679 
 3922      FD00A810 
 3922      62FDCF02 
 3923 017c CBE772BB 		.ascii	"\313\347r\273z\375\025iq\022\233\223\310\021\273\025"
 3923      7AFD1569 
 3923      71129B93 
 3923      C811BB15 
 3924 018c DF14D01F 		.ascii	"\337\024\320\0378\276O\270\355\205@\357s_\304\307\""
 3924      38BE4FB8 
 3924      ED8540EF 
 3924      735FC4C7 
 3924      22
 3925 019d A005404B 		.ascii	"\240\005@KI\314<\367\365@\277 5\204Xf\011\254\216\313"
 3925      49CC3CF7 
 3925      F540BF20 
 3925      35845866 
 3925      09AC8ECB 
 3926 01b1 79BE0509 		.ascii	"y\276\005\011~%\226sk\314\375\274N$\026,\261\332\377"
 3926      7E259673 
 3926      6BCCFDBC 
 3926      4E24162C 
 3926      B1DAFF
 3927 01c4 8DD78FD4 		.ascii	"\215\327\217\324\251\002\342\370\007\201]_\316{\314"
 3927      A902E2F8 
 3927      07815D5F 
 3927      CE7BCC
 3928 01d3 8A9FC434 		.ascii	"\212\237\3044\211\034\363a\215E\226\264XH\177\376\336"
 3928      891CF361 
 3928      8D4596B4 
 3928      58487FFE 
 3928      DE
 3929 01e4 2996F779 		.ascii	")\226\367y<?{E,:\211\365\320\015\036\213\236\327\205"
 3929      3C3F7B45 
 3929      2C3A89F5 
 3929      D00D1E8B 
 3929      9ED785
 3930 01f7 F4763EC7 		.ascii	"\364v>\307Az\374Mbr\221X\037\007\363x\356C<\357q[!v"
 3930      417AFC4D 
 3930      62729158 
 3930      1F07F378 
 3930      EE433CEF 
 3931 020f B6429DEA 		.ascii	"\266B\235\352b\037[\373\017\304\246\300\347uv\261\221"
 3931      621F5BFB 
 3931      0FC4A6C0 
 3931      E77576B1 
 3931      91
 3932 0220 385C25D6 		.ascii	"8\\%\326?y<>k\315\026\363X\027\360\270H\234m<\316\333"
 3932      3F793C3E 
ARM GAS  /tmp/ccR3beyD.s 			page 135


 3932      6BCD16F3 
 3932      5817F0B8 
 3932      489C6D3C 
 3933 0236 3C763789 		.ascii	"<v7\211\255\231V\322{\200\365\277p\254\177\347X\377"
 3933      AD9956D2 
 3933      7B80F5BF 
 3933      70AC7FE7 
 3933      58FF
 3934 0248 FD0770FE 		.ascii	"\375\007p\376P\015\334\341s\330\377\007\234\001v\265"
 3934      500DDCE1 
 3934      73D8FF07 
 3934      9C0176B5 
 3935 0258 28F811B5 		.ascii	"(\370\021\265\210\266\253\205\267\254\325\"\332\316"
 3935      88B6AB85 
 3935      B7ACD522 
 3935      DACE
 3936 0266 56CC8FAC 		.ascii	"V\314\217\254\205\007|\216\374\017b\\\310\343\263\256"
 3936      85077C8E 
 3936      FC0F625C 
 3936      C8E3B3AE 
 3937 0276 A137ADC5 		.ascii	"\2417\255\305\002Y\253E,\307\032\367#k\341\274\266\177"
 3937      0259AB45 
 3937      2CC71AF7 
 3937      236BE1BC 
 3937      B67F
 3938 0288 2CCE20C0 		.ascii	",\316 \3004\207c:\215\2649\363\246\365\360\224\330,"
 3938      3487633A 
 3938      8DB439F3 
 3938      A6F5F094 
 3938      D82C
 3939 029a 4FE3F558 		.ascii	"O\343\365X\016\366\336\347\366\322\235\354\221\031H"
 3939      0EF6DEE7 
 3939      F6D29DEC 
 3939      911948
 3940 02a9 E6E16E34 		.ascii	"\346\341n4s~\275\252.\366\263\314\013\374$9\305K\362"
 3940      737EBDAA 
 3940      2EF6B3CC 
 3940      0BFC2439 
 3940      C54BF2
 3941 02bc 4366A775 		.ascii	"Cf\247u^Zc\266\366\237\375,\260\257\313/\234\352\362"
 3941      5E5A63B6 
 3941      F69FFD2C 
 3941      B0AFCB2F 
 3941      9CEAF2
 3942 02cf 1BC0FC73 		.ascii	"\033\300\374s\2169\313\016\263\025o\366k\360:\327\307"
 3942      8E39CB0E 
 3942      B3156FF6 
 3942      6BF03AD7 
 3942      C7
 3943 02e0 1EAFF3BC 		.ascii	"\036\257\363\274Z\364#\260\352\346\212X7_\374)\274+"
 3943      5AF423B0 
 3943      EAE68A58 
 3943      375FFC29 
 3943      BC2B
 3944 02f2 B057292E 		.ascii	"\260W).\302r\225\376\264\277#\224\000V\370Y\341\241"
 3944      C27295FE 
 3944      B4BF2394 
ARM GAS  /tmp/ccR3beyD.s 			page 136


 3944      0056F859 
 3944      E1A1
 3945 0304 FC51C068 		.ascii	"\374Q\300h\367\271~\325\305\2071-\224sN</\226\222O\212"
 3945      F7B97ED5 
 3945      C587312D 
 3945      94734E3C 
 3945      2F96924F 
 3946 0319 3FF01FE6 		.ascii	"?\360\037\346^\352\027\035\370\027\254|\214\012\313"
 3946      5EEA171D 
 3946      F817AC7C 
 3946      8C0ACB
 3947 0328 CE9FF19E 		.ascii	"\316\237\361\236mQ\325!5\263\034[\304\"\221lxe@\312"
 3947      6D51D521 
 3947      35B31C5B 
 3947      C422916C 
 3947      786540CA 
 3948 033c 0682C103 		.ascii	"\006\202\301\0030\264\011\312\337\005\335\"\221\036"
 3948      30B409CA 
 3948      DF05DD22 
 3948      911E
 3949 034a 39E05D50 		.ascii	"9\340]P\302EP}qv\327U\2357U\265D\271\012T\263Z\\T*V"
 3949      C245507D 
 3949      7176D755 
 3949      9D3755B5 
 3949      44B90A54 
 3950 0364 899744AC 		.ascii	"\211\227D\254\014<\255\271\341\266x\261\317b\220\030"
 3950      0C3CADB9 
 3950      E1B678B1 
 3950      CF629018 
 3951 0374 3B557B2F 		.ascii	";U{/rIbt\264\232\020.\325\210\027\305+\334Q1\320\307"
 3951      72496274 
 3951      B49A102E 
 3951      D58817C5 
 3951      2BDC5131 
 3952 038a 02B171BC 		.ascii	"\002\261q\274\"\336\013\230eb\271\215\271\214\360\000"
 3952      22DE0B98 
 3952      6562B98D 
 3952      B98CF000 
 3953 039a 7414E0C6 		.ascii	"t\024\340\306B\245\010[\3629`\226\212\227\305\253b-"
 3953      42A5085B 
 3953      F2396096 
 3953      8A97C5AB 
 3953      622D
 3954 03ac C10F8AE6 		.ascii	"\301\017\212\346\023\221\321\352\254(\2172\361\254\275"
 3954      1391D1EA 
 3954      AC288F32 
 3954      F1ACBD
 3955 03bb 62114198 		.ascii	"b\021A\230\222\025^\200|\034-\\p\264\200\321\276\246"
 3955      92155E80 
 3955      7C1C2D5C 
 3955      70B480D1 
 3955      BEA6
 3956 03cd E70D3A5B 		.ascii	"\347\015:[\006\352\270\211z\221\360\032\303\313\036"
 3956      06EAB889 
 3956      7A91F01A 
 3956      C3CB1E
 3957 03dc 69D9A9E7 		.ascii	"i\331\251\347\274\006\221\226'A\204\227\230Y\220 \213"
ARM GAS  /tmp/ccR3beyD.s 			page 137


 3957      BC069196 
 3957      27418497 
 3957      98599020 
 3957      8B
 3958 03ed 2A2A5B11 		.ascii	"**[\021\271\246\222\257*|\335\205@\275y\323\311x\307"
 3958      B9A692AF 
 3958      2A7CDD85 
 3958      40BD79D3 
 3958      C978C7
 3959 0400 CC0B7778 		.ascii	"\314\013wxav\023~_q\322\220\207\003\277I\274c\255\314"
 3959      6176137E 
 3959      5F71D290 
 3959      8703BF49 
 3959      BC63ADCC 
 3960 0414 B45A58AD 		.ascii	"\264ZX\255\330|\337\345\276\233\211\357\371\342,\360"
 3960      D87CDFE5 
 3960      BE9B89EF 
 3960      F9E22CF0 
 3961 0424 859423E0 		.ascii	"\205\224#\340s!\224E\202WA9NL>\336\371b\267D\212\322"
 3961      73219445 
 3961      82574139 
 3961      4E4C3EDE 
 3961      F962B744 
 3962 043a AF5A2264 		.ascii	"\257Z\"d\241El\025\205\007\342\302R\261M\274/*g\240"
 3962      A1456C15 
 3962      8507E2C2 
 3962      52B14DBC 
 3962      2F2A67A0 
 3963 044e 91CA28D0 		.ascii	"\221\312(\320\227 [\233\250\226\271x\253\274\200s\231"
 3963      97205B9B 
 3963      A896B978 
 3963      ABBC8073 
 3963      99
 3964 045f 8387A2B0 		.ascii	"\203\207\242\260\254K$A\011J5\210_%Vw\224Mt\270:\225"
 3964      AC4B2441 
 3964      094A3588 
 3964      5F255677 
 3964      944D74B8 
 3965 0475 FA91B5D4 		.ascii	"\372\221\265\324\312m\"r\274\257\275\315\315I\244\317"
 3965      CA6D2272 
 3965      BCAFBDCD 
 3965      CD49A4CF 
 3966 0485 2A020E25 		.ascii	"*\002\016%0\351\243@wc\335\243\302\211\375\350g\242"
 3966      30E9A340 
 3966      7763DDA3 
 3966      C289FDE8 
 3966      67A2
 3967 0497 E80D14A1 		.ascii	"\350\015\024\241\252\223\320V\377}Xd\252\221\\U\030"
 3967      AA93D056 
 3967      FF7D5864 
 3967      AA915C55 
 3967      18
 3968 04a8 16851171 		.ascii	"\026\205\021qHD\303\004\013Q\226\225\036\242|n4\253"
 3968      4844C304 
 3968      0B519695 
 3968      1EA27C6E 
 3968      34AB
ARM GAS  /tmp/ccR3beyD.s 			page 138


 3969 04ba D8D34E59 		.ascii	"\330\323NY|N4{\324\034\037a\371G0\242DaL|&\242\347\242"
 3969      7C4E347B 
 3969      D41C1F61 
 3969      F94730A2 
 3969      44614C7C 
 3970 04d2 3240C44B 		.ascii	"2@\304K\016lj\366\322\304WL0\351T&=!\012\223\342\270"
 3970      0E6C6AF6 
 3970      D2C4574C 
 3970      30E95426 
 3970      3D210A93 
 3971 04e8 88260842 		.ascii	"\210&\010BZ:Qy\002A?\005\032\007\232\246\036;\013\023"
 3971      5A3A5179 
 3971      02413F05 
 3971      1A079AA6 
 3971      1E3B0B13 
 3972 04fc 313432E9 		.ascii	"142\351\343\035\351\203\027\2753 B\217GB8\332\204\354"
 3972      E31DE983 
 3972      17BD3320 
 3972      428F4742 
 3972      38DA84EC 
 3973 0510 FB8D3463 		.ascii	"\373\2154c\337&\332\214\217\204\010{\246]\027w\213\244"
 3973      DF26DA8C 
 3973      8F84087B 
 3973      A65D1777 
 3973      8BA4
 3974 0522 E537A152 		.ascii	"\3457\241R1\012\221\255FPNH\202R\000T\"\201\257\234"
 3974      310A91AD 
 3974      46504E48 
 3974      82520054 
 3974      2281AF9C 
 3975 0536 9E035DD8 		.ascii	"\236\003]\330.\272\177\330\212(\336\362p\211\000\216"
 3975      2EBA7FD8 
 3975      8A28DEF2 
 3975      7089008E 
 3976 0546 41D066DB 		.ascii	"A\320f\333\320\026\004\357\030Un\272{\212V\245\307\342"
 3976      D01604EF 
 3976      18556EBA 
 3976      7B8A56A5 
 3976      C7E2
 3977 0558 CCC7A8F8 		.ascii	"\314\307\250\370`F\224\233\255}b9\030\262\343`\234\034"
 3977      6046949B 
 3977      AD7D6239 
 3977      18B2E360 
 3977      9C1C
 3978 056a 9E54847C 		.ascii	"\236T\204|\026\323\312\023P\214\027\017\240\266#\276"
 3978      16D3CA13 
 3978      508C170F 
 3978      A0B623BE 
 3979 057a AAEEB240 		.ascii	"\252\356\262@\342P4\212\267\017D\261\000\324J\200\212"
 3979      E250348A 
 3979      B70F44B1 
 3979      00D44A80 
 3979      8A
 3980 058b AFD7D6D5 		.ascii	"\257\327\326\325K4+\346\032\253p\"Jv\212\332\336A28"
 3980      4B342BE6 
 3980      1AAB7022 
 3980      4A768ADA 
ARM GAS  /tmp/ccR3beyD.s 			page 139


 3980      DE413238 
 3981 059f 48A231D7 		.ascii	"H\2421\327\200\221\253\222\240s\2413\305\005\336\311"
 3981      8091AB92 
 3981      A073A133 
 3981      C505DEC9 
 3982 05af 12F85EB9 		.ascii	"\022\370^\271&\221\026\356\035o\320\331\332\222\351"
 3982      269116EE 
 3982      1D6FD0D9 
 3982      DA92E9
 3983 05be A6229752 		.ascii	"\246\"\227Rq\027JA\312mP\275K\304\242\242\323j\220\303"
 3983      71174A41 
 3983      CA6D50BD 
 3983      4BC4A2A2 
 3983      D36A90C3 
 3984 05d2 E2D98D32 		.ascii	"\342\331\2152\020[]\235T\340\351\276g\262\203\300\036"
 3984      105B5D9D 
 3984      54E0E9BE 
 3984      67B283C0 
 3984      1E
 3985 05e3 AB004655 		.ascii	"\253\000FU\217\016=r\267\245g/G\275\217\244Gw\350\216"
 3985      8F0E3D72 
 3985      B7A5672F 
 3985      47BD8FA4 
 3985      4777E88E 
 3986 05f7 B9D58B0D 		.ascii	"\271\325\213\015.\3631\026\332>\224\216\366\377@A\367"
 3986      2EF33116 
 3986      DA3E948E 
 3986      F6FF4041 
 3986      F7
 3987 0608 83DD4C44 		.ascii	"\203\335LD\366\017\032t\321\301\355d\230\245\241\235"
 3987      F60F1A74 
 3987      D1C1ED64 
 3987      98A5A19D 
 3988 0618 F65AD023 		.ascii	"\366Z\320#\312c\200?\004\364\234T;c[\352\037\230\237"
 3988      CA63803F 
 3988      04F49C54 
 3988      3B635BEA 
 3988      1F989F
 3989 062b A1ED17A9 		.ascii	"\241\355\027\251\306>t\020\035\376\001?\207\301\317"
 3989      C63E7410 
 3989      1DFE013F 
 3989      87C1CF
 3990 063a 219463AD 		.ascii	"!\224c\255\322nk\273\035\260\327\"\263\317c\360\376"
 3990      D26E6BBB 
 3990      1DB0D722 
 3990      B3CF63F0 
 3990      FE
 3991 064b ED1DD0B5 		.ascii	"\355\035\320\265\013\026/\246un\356\372\266\332\"\306"
 3991      0B162FA6 
 3991      756EEEFA 
 3991      B6DA22C6 
 3992 065b A3CDE8A8 		.ascii	"\243\315\350\250\223y\363\330A\225\030\331\204T\340"
 3992      9379F3D8 
 3992      419518D9 
 3992      8454E0
 3993 066a 3137AF72 		.ascii	"17\257r}\024\\\037Gy\350\030:\202ry\240\346Z\006 \031"
 3993      7D145C1F 
ARM GAS  /tmp/ccR3beyD.s 			page 140


 3993      4779E818 
 3993      3A827279 
 3993      A0E65A06 
 3994 0680 25CCB45B 		.ascii	"%\314\264[\314\354\356G;f\3305g0\336a\224\355\310\303"
 3994      CCECEE47 
 3994      3B66D835 
 3994      6730DE61 
 3994      94EDC8C3 
 3995 0694 5EA9AD45 		.ascii	"^\251\255E\305\012$\205\374\220\304\364g\307\307\251"
 3995      C50A2485 
 3995      FC90C4F4 
 3995      67C7C7A9 
 3996 06a4 62B9CF73 		.ascii	"b\271\317s\361\251hF\243\"\254\332e\375\342I\364D\324"
 3996      F1A96846 
 3996      A322ACDA 
 3996      65FDE249 
 3996      F444D4
 3997 06b7 004E8BE4 		.ascii	"\000N\213\344.\316\014\000O\241\023(\037\025\242\002"
 3997      2ECE0C00 
 3997      4FA11328 
 3997      1F15A202 
 3998 06c7 6B25C60F 		.ascii	"k%\306\017\206\356\367h&L;t\304\356xv|<\261;,\016\202"
 3998      86EEF768 
 3998      264C3B74 
 3998      C4EE7876 
 3998      7C3CB13B 
 3999 06de DD01F1B1 		.ascii	"\335\001\361\261\310\015/\247\231\355\251\330l\371\302"
 3999      C80D2FA7 
 3999      99EDA9D8 
 3999      6CF9C2
 4000 06ed 63427C01 		.ascii	"cB|\001\314'6\247\254\245_\034\224!\227G\321K\3401\354"
 4000      CC2736A7 
 4000      ACA55F1C 
 4000      94219747 
 4000      D14BE031 
 4001 0702 DA36369D 		.ascii	"\33266\235M\267\261^\261G4;V\004M\327\216\247y\3708"
 4001      4DB7B15E 
 4001      B147343B 
 4001      56044DD7 
 4001      8EA779F8 
 4002 0717 826E1267 		.ascii	"\202n\022g\240\306h\254\255\330\342\3726\023\314D\247"
 4002      A0C668AC 
 4002      ADD8E2FA 
 4002      3613CC44 
 4002      A7
 4003 0728 D12DF126 		.ascii	"\321-\361&\271\021Ed6\013\330\355IT\353e\231&\310f\353"
 4003      B9114564 
 4003      360BD8ED 
 4003      4954EB65 
 4003      9926C866 
 4004 073d BAD808AC 		.ascii	"\272\330\010\254\"0u\026\225\242bT\302\033d(\243\212"
 4004      22307516 
 4004      95A26254 
 4004      C21B6428 
 4004      A38A
 4005 074f C269166F 		.ascii	"\302i\026o\213E\316\303j(\366p\235g\203*\265\213\035"
 4005      8B45CEC3 
ARM GAS  /tmp/ccR3beyD.s 			page 141


 4005      6A28F670 
 4005      9D67832A 
 4005      B58B1D
 4006 0762 C0A43B85 		.ascii	"\300\244;\205V\240\234\303\264@gP'\360\030\000[\220"
 4006      56A09CC3 
 4006      B4406750 
 4006      27F01800 
 4006      5B90
 4007 0774 E6D4EECD 		.ascii	"\346\324\356\315\352\254\010\217v\361\236\275b\013\264"
 4007      EAAC088F 
 4007      76F19EBD 
 4007      620BB4
 4008 0783 F7045978 		.ascii	"\367\004Yx=W\356t\270\3738\202;\207\234\320\221\275"
 4008      3D57EE74 
 4008      B8FB3882 
 4008      3B879CD0 
 4008      91BD
 4009 0795 13764D2C 		.ascii	"\023vM,(\361@)\030\364Nt5\2079\255\373r\333\272\317"
 4009      28F14029 
 4009      18F44E74 
 4009      358739AD 
 4009      FB72DBBA 
 4010 07aa 201249D7 		.ascii	" \022I\327\342\263\335g\267\275b\250)\207\300\312i\220"
 4010      E2B3DD67 
 4010      B7BD62A8 
 4010      2987C0CA 
 4010      6990
 4011 07bc 51F25AF3 		.ascii	"Q\362Z\363\257\270\372\330g\207\356\373\227P5\000\270"
 4011      AFB8FAD8 
 4011      6787EEFB 
 4011      97503500 
 4011      B8
 4012 07cd 8C6A50   		.ascii	"\214jP"
 4013 07d0 2DEF8DA2 		.ascii	"-\357\215\242\351\016\363\307t\226W\2402\340\332\247"
 4013      E90EF3C7 
 4013      749657A0 
 4013      32E0DAA7 
 4014 07e0 87A4601F 		.ascii	"\207\244`\037;XT\240*\033\223\245\340\001\370\217\217"
 4014      3B5854A0 
 4014      2A1B93A5 
 4014      E001F88F 
 4014      8F
 4015 07f1 4C2689BD 		.ascii	"L&\211\275\210*\3555a>\366\023\2345\347v>rs:x\\q\004"
 4015      882AED35 
 4015      613EF613 
 4015      9C35E776 
 4015      3E72733A 
 4016 0809 00F1FF12 		.ascii	"\000\361\377\022\350\012\331\315\333\2602\201\311\225"
 4016      E80AD9CD 
 4016      DBB03281 
 4016      C995
 4017 0817 6AF2021B 		.ascii	"j\362\002\033\357fYP\266\003\355\222\301X\347\223c\243"
 4017      EF665950 
 4017      B603ED92 
 4017      C158E793 
 4017      63A3
 4018 0829 DE0E73EC 		.ascii	"\336\016s\354\026\272m\235c7\306\023\007\265\323\313"
ARM GAS  /tmp/ccR3beyD.s 			page 142


 4018      16BA6D9D 
 4018      6337C613 
 4018      07B5D3CB 
 4019 0839 6D0EE50E 		.ascii	"m\016\345\016\311H&\0308B\014\224O\217\2459\357\336"
 4019      C9482618 
 4019      38420C94 
 4019      4F8FA539 
 4019      EFDE
 4020 084b 7791B635 		.ascii	"w\221\2665\177\250\024\202\350y\"\332>\232w\330q\250"
 4020      7FA81482 
 4020      E87922DA 
 4020      3E9A77D8 
 4020      71A8
 4021 085d DE43F7F9 		.ascii	"\336C\367\371P\255\"\002\311\265[\372\334\034\004\332"
 4021      50AD2202 
 4021      C9B55BFA 
 4021      DC1C04DA 
 4022 086d AC0218A5 		.ascii	"\254\002\030\245m\332?\250\035\227\036p0\355t\250\306"
 4022      6DDA3FA8 
 4022      1D971E70 
 4022      30ED74A8 
 4022      C6
 4023 087e EC3E53E4 		.ascii	"\354>S\344\342cW\025\272r\356\241\016P\356B\235\274"
 4023      E2635715 
 4023      BA72EEA1 
 4023      0E50EE42 
 4023      9DBC
 4024 0890 61C7C6E3 		.ascii	"a\307\306\343\267Wx\321\242\264\243\263b\307\214\015"
 4024      B75778D1 
 4024      A2B4A3B3 
 4024      62C78C0D 
 4025 08a0 369E15A5 		.ascii	"6\236\025\245\035\225\3333ap\240\206\321\211q\331\307"
 4025      1D95DB33 
 4025      6170A086 
 4025      D18971D9 
 4025      C7
 4026 08b1 D17C9BBD 		.ascii	"\321|\233\275y\245\021\242\274K\202\250<0\326+9\004"
 4026      79A511A2 
 4026      BC4B82A8 
 4026      3C30D62B 
 4026      3904
 4027 08c3 D1831EF1 		.ascii	"\321\203\036\361(\333\211\300\021\363h\262\343\221\272"
 4027      28DB89C0 
 4027      11F368B2 
 4027      E391BA
 4028 08d2 D72A80D1 		.ascii	"\327*\200\321\341-ic\242-\312>\216\242\237\356\254\251"
 4028      E12D6963 
 4028      A22DCA3E 
 4028      8EA29FEE 
 4028      ACA9
 4029 08e4 07ABF3BC 		.ascii	"\007\253\363\274\331\246\370\242HU]=\372\001\350\300"
 4029      D9A6F8A2 
 4029      48555D3D 
 4029      FA01E8C0 
 4030 08f4 EBF7C41E 		.ascii	"\353\367\304\0364\000f\037\263u\377\360V/\255\263\035"
 4030      3400661F 
 4030      B375FFF0 
ARM GAS  /tmp/ccR3beyD.s 			page 143


 4030      562FADB3 
 4030      1D
 4031 0905 BF57E343 		.ascii	"\277W\343C\241\026)\375\020\302\023\240q\240p\035\011"
 4031      A11629FD 
 4031      10C213A0 
 4031      71A0701D 
 4031      09
 4032 0916 A5EB7A82 		.ascii	"\245\353z\202\343&7\212\236Z\221\236\330~`\324\323\206"
 4032      E326378A 
 4032      9E5A919E 
 4032      D87E60D4 
 4032      D386
 4033 0928 F42987F1 		.ascii	"\364)\207\361\2144G\274\016\026\035P\0061\222P\225\326"
 4033      8C3447BC 
 4033      0E161D50 
 4033      06319250 
 4033      95D6
 4034 093a 273B6F86 		.ascii	"';o\206/\020\335\015\321\263\243\261o\333x\343\334\006"
 4034      2F10DD0D 
 4034      D1B3A3B1 
 4034      6FDB78E3 
 4034      DC06
 4035 094c B93B524E 		.ascii	"\271;RN\200~\021\350\317\211\211Q\347\220y\264\200\017"
 4035      807E11E8 
 4035      CF898951 
 4035      E79079B4 
 4035      800F
 4036 095e A5B1E927 		.ascii	"\245\261\351'\011;\377\2612R\2051\231\206\236\243\010"
 4036      093BFFB1 
 4036      32528531 
 4036      99869EA3 
 4036      08
 4037 096f C969F8C6 		.ascii	"\311i\370\306\325$\221\325C\366-\007\036\011~\372p\022"
 4037      D52491D5 
 4037      43F62D07 
 4037      1E097EFA 
 4037      7012
 4038 0981 DB3B2767 		.ascii	"\333;'g\360\314\203\321\264\372ihj\246\236\335A#B*\025"
 4038      F0CC83D1 
 4038      B4FA6968 
 4038      6AA69EDD 
 4038      4123422A 
 4039 0996 C325557A 		.ascii	"\303%Uz\2116K\323(J\212\2246I| ^f\236\357\240\221\031"
 4039      89364BD3 
 4039      284A8A94 
 4039      36497C20 
 4039      5E669EEF 
 4040 09ad A8CC67B7 		.ascii	"\250\314g\267P\353\317\320\223\231\210\233\217P\275"
 4040      50EBCFD0 
 4040      9399889B 
 4040      8F50BD
 4041 09bc 66343C93 		.ascii	"f4<\223\227\301lN\2401G\2362\240\023t?\021_\212\360"
 4041      97C16C4E 
 4041      A031479E 
 4041      32A01374 
 4041      3F115F8A 
 4042 09d1 02652399 		.ascii	"\002e#\231.n\031/\246\307s\333\221n\253\364\223Rq\213"
ARM GAS  /tmp/ccR3beyD.s 			page 144


 4042      2E6E192F 
 4042      A6C773DB 
 4042      916EABF4 
 4042      9352718B 
 4043 09e5 14232913 		.ascii	"\024#)\023\220\316p\027\020\332\376d\317\240\267\203"
 4043      90CE7017 
 4043      10DAFE64 
 4043      CFA0B783 
 4044 09f5 509C4D68 		.ascii	"P\234Mh\013\021H~\220\323\341he\273U\000\272\344\247"
 4044      0B11487E 
 4044      90D3E168 
 4044      65BB5500 
 4044      BAE4A7
 4045 0a08 4A928BA0 		.ascii	"J\222\213\240{O\374\277@\202\222J\024\256\237\273\271"
 4045      7B4FFCBF 
 4045      4082924A 
 4045      14AE9FBB 
 4045      B9
 4046 0a19 07118551 		.ascii	"\007\021\205Q\325\222\232\240c\213c\247\364^\251\270"
 4046      D5929AA0 
 4046      638B63A7 
 4046      F45EA9B8 
 4047 0a29 434A9630 		.ascii	"CJ\2260\032\350\217\335\245-\334\024\036\304.H\232\222"
 4047      1AE88FDD 
 4047      A52DDC14 
 4047      1EC42E48 
 4047      9A92
 4048 0a3b ED423ACF 		.ascii	"\355B:\317G\311u\021\0243\261u\354t\354\001\354x\356"
 4048      47C97511 
 4048      1433B175 
 4048      EC74EC01 
 4048      EC78EE
 4049 0a4e 923224B6 		.ascii	"\2222$\266x.\020\201\314\212\222:\307\325\265\307*\200"
 4049      782E1081 
 4049      CC8A923A 
 4049      C7D5B5C7 
 4049      2A80
 4050 0a60 D1858723 		.ascii	"\321\205\207#\255\332\342\331\313=\355#\236\256\202"
 4050      ADDAE2D9 
 4050      CB3DED23 
 4050      9EAE82
 4051 0a6f 871B4077 		.ascii	"\207\033@w\200\232\211\241-\203}\3578\330\311\226\016"
 4051      809A89A1 
 4051      2D837DEF 
 4051      38D8C996 
 4051      0E
 4052 0a80 58ED241D 		.ascii	"X\355$\035\352-A6;\007\270\235\203\304N7\350\342\363"
 4052      EA2D4136 
 4052      3B07B89D 
 4052      83C44E37 
 4052      E8E2F3
 4053 0a93 37B3E6B3 		.ascii	"7\263\346\263#\373\235\227\352\213\367*h/\036\224\262"
 4053      23FB9D97 
 4053      EA8BF72A 
 4053      682F1E94 
 4053      B2
 4054 0aa4 A49CD7F7 		.ascii	"\244\234\327\367\315!`\226\212\207I\253(\271\012\334"
ARM GAS  /tmp/ccR3beyD.s 			page 145


 4054      CD216096 
 4054      8A8749AB 
 4054      28B90ADC 
 4055 0ab4 50011502 		.ascii	"P\001\025\002\225(\260\2554v\036\337,-\230\261\255\010"
 4055      9528B0AD 
 4055      34761EDF 
 4055      2C2D98B1 
 4055      AD08
 4056 0ac6 79A07242 		.ascii	"y\240rB:.\231%\266\253@\357\253\315?\337\241\022\177"
 4056      3A2E9925 
 4056      B6AB40EF 
 4056      ABCD3FDF 
 4056      A1127F
 4057 0ad9 0FD15129 		.ascii	"\017\321Q)Or:\372\\aG\246At\014xN\375\335\302\216Eu"
 4057      4F723AFA 
 4057      5C6147A6 
 4057      41740C78 
 4057      4EFDDDC2 
 4058 0af0 622EF098 		.ascii	"b.\360\230}~\352\006\010?\257\032J\331\354\271\230\375"
 4058      7D7EEA06 
 4058      083FAF1A 
 4058      4AD9ECB9 
 4058      98FD
 4059 0b02 F82CB6FD 		.ascii	"\370,\266\375\020\305\336-\334h7*\346F[\220\325\352"
 4059      10C5DE2D 
 4059      DC68372A 
 4059      E6465B90 
 4059      D5EA
 4060 0b14 23E63147 		.ascii	"#\3461G\332/Y\231\004\021\237\250G\253`3\017\367H\220"
 4060      DA2F5999 
 4060      04119FA8 
 4060      47AB6033 
 4060      0FF74890 
 4061 0b28 9E8AC512 		.ascii	"\236\212\305\022\271)\032B\326\306N\253\242\215\275"
 4061      B9291A42 
 4061      D6C64EAB 
 4061      A28DBD
 4062 0b37 4B4AB529 		.ascii	"KJ\265)&J\326\274\015\034\374\023\360\036\242L\340\261"
 4062      264AD6BC 
 4062      0D1CFC13 
 4062      F01EA24C 
 4062      E0B1
 4063 0b49 10A76C07 		.ascii	"\020\247l\007\204i\006\247\0315\331\340\324!\353\306"
 4063      846906A7 
 4063      1935D9E0 
 4063      D421EBC6 
 4064 0b59 3AD44ACF 		.ascii	":\324J\317Oy\322\021\320\264\013\322\226\330\006T\217"
 4064      4F79D211 
 4064      D0B40BD2 
 4064      96D80654 
 4064      8F
 4065 0b6a E0305F0C 		.ascii	"\3400_\014\231-\222NI\247\245\363\322\005\251P\252\220"
 4065      992D924E 
 4065      49A7A5F3 
 4065      D205A950 
 4065      AA90
 4066 0b7c 0AA472E9 		.ascii	"\012\244r\351\234T&\345Kg\2453R\211d\221Jy\326\207\306"
ARM GAS  /tmp/ccR3beyD.s 			page 146


 4066      9C5426E5 
 4066      4B67A533 
 4066      52896491 
 4066      4A79D687 
 4067 0b91 8E3034AD 		.ascii	"\21604\255\310\212\246\005\331\016:q\227\371\242\277"
 4067      C88AA605 
 4067      D90E3A71 
 4067      97F9A2BF 
 4068 0ba1 698373DD 		.ascii	"i\203s\335\032\2449g\033?C\237\264\005\331h\313@\351"
 4068      1AA43967 
 4068      1B3F439F 
 4068      B405D968 
 4068      CB40E9
 4069 0bb4 E1244FB3 		.ascii	"\341$O\263*m\223\242%-9-\314\352\304Eju\237\224nSL\223"
 4069      2A6D93A2 
 4069      252D392D 
 4069      CCEAC445 
 4069      6A759F94 
 4070 0bcc AC5663A2 		.ascii	"\254Vc\242m\267D\366L\016(\355(U\255\021o8\000\342\007"
 4070      6DB744F6 
 4070      4C0E28ED 
 4070      2855AD11 
 4070      6F3800E2 
 4071 0be1 8F5696BD 		.ascii	"\217V\226\275\010\351\245h\345\016\331\2021\237`\365"
 4071      08E9A568 
 4071      E50ED982 
 4071      319F60F5 
 4072 0bf1 8A9762ED 		.ascii	"\212\227b\355 \321C\353\320^k\275\222\034\352EO\237"
 4072      20D143EB 
 4072      D05E6BBD 
 4072      921CEA45 
 4072      4F9F
 4073 0c03 A3079ED5 		.ascii	"\243\007\236\325\331m\2174\307{\336<\307\312%X\010W"
 4073      D96D8F34 
 4073      C77BDE3C 
 4073      C7CA2558 
 4073      0857
 4074 0c15 A10BD19D 		.ascii	"\241\013\321\235\224\353\031\216\0175.IU|\375w\020\201"
 4074      94EB198E 
 4074      0F352E49 
 4074      557CFD77 
 4074      1081
 4075 0c27 CA82E30B 		.ascii	"\312\202\343\013(\337\302\371\325V>F\327v\264\252\332"
 4075      28DFC2F9 
 4075      D5563E46 
 4075      D776B4AA 
 4075      DA
 4076 0c38 A0A9E120 		.ascii	"\240\251\341 k\311\262\035\003\007S@\233\\\005e\253"
 4076      6BC9B21D 
 4076      03075340 
 4076      9B5C0565 
 4076      AB
 4077 0c49 2BC8A637 		.ascii	"+\310\2467\304M8\037[\352$\353\363%\334x\364\311\260"
 4077      C44D381F 
 4077      5BEA24EB 
 4077      F325DC78 
 4077      F4C9B0
ARM GAS  /tmp/ccR3beyD.s 			page 147


 4078 0c5c 9BF34DEC 		.ascii	"\233\363M\354\025\251\001\\]\343\323~\254%7\374\324"
 4078      15A9015C 
 4078      5DE3D37E 
 4078      AC2537FC 
 4078      D4
 4079 0c6d CFD93E54 		.ascii	"\317\331>T/]\005\236\375t.'N\362\013_6;o\272\215\232"
 4079      2F5D059E 
 4079      FD742E27 
 4079      4EF20B5F 
 4079      363B6FBA 
 4080 0c83 11A5C655 		.ascii	"\021\245\306U\3205\013\374\321\027|\020\224kDm\260p"
 4080      D0350BFC 
 4080      D1177C10 
 4080      946B446D 
 4080      B070
 4081 0c95 4BBBE484 		.ascii	"K\273\344\204\355\266\324,\224\212\267\244\233\222\322"
 4081      EDB6D42C 
 4081      948AB7A4 
 4081      9B92D2
 4082 0ca4 0C317480 		.ascii	"\0141t\200\034~Q\376|\027\003iw*\271+5\203\375\026\311"
 4082      1C7E51FE 
 4082      7C170369 
 4082      772AB92B 
 4082      3583FD16 
 4083 0cb9 7A0C7D62 		.ascii	"z\014}b\371c89\361\220q\321l?.\224A\342\313R\034\311"
 4083      F9633839 
 4083      F19071D1 
 4083      6C3F2E94 
 4083      41E2CB52 
 4084 0ccf 9EEFD999 		.ascii	"\236\357\331\231h\325L\220G5\2422\016\036\303\335 s"
 4084      68D54C90 
 4084      4735A232 
 4084      0E1EC3DD 
 4084      2073
 4085 0ce1 40096EA0 		.ascii	"@\011n\240u\251\261f\304\261L\035R'/\323^\"p\252\367"
 4085      75A9B166 
 4085      C4B14C1D 
 4085      52272FD3 
 4085      5E2270AA 
 4086 0cf6 4C95CE41 		.ascii	"L\225\316A\240\313*\200\321\316c\261I\036\266:=\344"
 4086      A0CB2A80 
 4086      D1CE63B1 
 4086      491EB63A 
 4086      3DE4
 4087 0d08 79EB2675 		.ascii	"y\353&u:\016\036\012\210\201\304\251\315\215\236\316"
 4087      3A0E1E0A 
 4087      8881C4A9 
 4087      CD8D9ECE 
 4088 0d18 0F856CF5 		.ascii	"\017\205l\365Q\016\325=\316\306\213\371s\223\361\370"
 4088      510ED53D 
 4088      CEC68BF9 
 4088      7393F1F8 
 4089 0d28 FA6C76AC 		.ascii	"\372lv\254\353\225z\244\001\273)\304\326Y\035{\372\327"
 4089      EB957AA4 
 4089      01BB29C4 
 4089      D6591D7B 
 4089      FAD7
ARM GAS  /tmp/ccR3beyD.s 			page 148


 4090 0d3a 2D9D1507 		.ascii	"-\235\025\007\264\"\361\216\277\312\316|\335R\271=\323"
 4090      B422F18E 
 4090      BFCACE7C 
 4090      DD52B93D 
 4090      D3
 4091 0d4b F9D16007 		.ascii	"\371\321`\007\230\205\243\222\324/\365I4\206\373\375"
 4091      9885A392 
 4091      D42FF549 
 4091      3486FBFD 
 4092 0d5b 9D662FA7 		.ascii	"\235f/\247Cx\227\243\220R\016\3014\001u\220\200\366"
 4092      437897A3 
 4092      90520EC1 
 4092      34017590 
 4092      80F6
 4093 0d6d 958F3DD4 		.ascii	"\225\217=\324y\2679\356\222#\266]RI\330\031Q \221\321"
 4093      79B739EE 
 4093      9223B65D 
 4093      5249D819 
 4093      512091D1 
 4094 0d81 CBC77C09 		.ascii	"\313\307|\011\037\363\203R\273\364\314~\222\021\320"
 4094      1FF38352 
 4094      BBF4CC7E 
 4094      9211D0
 4095 0d90 7D0C74AF 		.ascii	"}\014t\257\370\000x\016C\227#\362\021\356K0\022\206"
 4095      F800780E 
 4095      439723F2 
 4095      11EE4B30 
 4095      1286
 4096 0da2 805D2A8E 		.ascii	"\200]*\216JO\245\347\004\321\003rr\314\006\325T\213"
 4096      4A4FA5E7 
 4096      04D10372 
 4096      72CC06D5 
 4096      548B
 4097 0db4 F8441A06 		.ascii	"\370D\032\006\246\375lU\372\011\316\207\247\012\376"
 4097      A6FD6C55 
 4097      FA09CE87 
 4097      A70AFE
 4098 0dc3 8F8FA395 		.ascii	"\217\217\243\2251G+J\204\273\240\304\000\245\270\303"
 4098      31472B4A 
 4098      84BBA0C4 
 4098      00A5B8C3 
 4099 0dd3 D17BDBCE 		.ascii	"\321{\333\316\241K\256\366Goz\3539!M\201\312\264\364"
 4099      A14BAEF6 
 4099      476F7AEB 
 4099      39214D81 
 4099      CAB4F4
 4100 0de6 92F7A1B9 		.ascii	"\222\367\241\271\356\250m\363\231r\212f\350.\233\240"
 4100      EEA86DF3 
 4100      99728A66 
 4100      E82E9BA0 
 4101 0df6 FBD024F0 		.ascii	"\373\320$\360\034\242Q\366\202\013ty\362t\251\350to"
 4101      1CA251F6 
 4101      820B7479 
 4101      F274A9E8 
 4101      746F
 4102 0e08 AB623B07 		.ascii	"\253b;\007p\206\310\234M\036\260m\025\361\274\226;\211"
 4102      7086C89C 
ARM GAS  /tmp/ccR3beyD.s 			page 149


 4102      4D1EB06D 
 4102      15F1BC96 
 4102      3B89
 4103 0e1a 032EDA26 		.ascii	"\003.\332&FV\337D\036\231\337\347\321\0151\032\263\273"
 4103      4656DF44 
 4103      1E99DFE7 
 4103      D10D311A 
 4103      B3BB
 4104 0e2c D96BB66C 		.ascii	"\331k\266l\231{\363(\262J\351\032\212\306tr\331m'\346"
 4104      997BF328 
 4104      B24AE91A 
 4104      8AC67472 
 4104      D96D27E6 
 4105 0e40 13840BE9 		.ascii	"\023\204\013\351z!\265I\321\230\246\203\247\313\226"
 4105      7A21B549 
 4105      D198A683 
 4105      A7CB96
 4106 0e4f A3481C81 		.ascii	"\243H\034\201\341\230\022\215\341\220\2047\343m8\026"
 4106      E198128D 
 4106      E1908437 
 4106      E36D3816 
 4107 0e5f 6FC53178 		.ascii	"o\3051x\023\216\303Q\230\237\014\357]\245!\326J\027"
 4107      138EC351 
 4107      989F0CEF 
 4107      5DA521D6 
 4107      4A17
 4108 0e71 414EDBB3 		.ascii	"AN\333\263\330fw\224\302\013\307\343\300cO\033l{vS\034"
 4108      D8667794 
 4108      C20BC7E3 
 4108      C0634F1B 
 4108      6C7B7653 
 4109 0e86 2DF475E9 		.ascii	"-\364u\351\262M\257E\003w\236A\277'5\001\227\225\322"
 4109      B24DAF45 
 4109      03779E41 
 4109      BF273501 
 4109      9795D2
 4110 0e99 B6BF9A2F 		.ascii	"\266\277\232/3\325;\322\015\007Ufw\200i^E\026\010\232"
 4110      33D53BD2 
 4110      0D075566 
 4110      7780695E 
 4110      4516089A 
 4111 0ead 95E30262 		.ascii	"\225\343\002b\267:u\361\365\277\265-N\253&\334F\223"
 4111      B73A75F1 
 4111      F5BFB52D 
 4111      4EAB26DC 
 4111      4693
 4112 0ebf 47CE8389 		.ascii	"G\316\203\211\215\332\371\252\222\327j;\004NVljl\202"
 4112      8DDAF9AA 
 4112      92D76A3B 
 4112      044E566C 
 4112      6A6C82
 4113 0ed2 AB8DB99D 		.ascii	"\253\215\271\235+&P\305\361\236;\353m,\353\301$\221"
 4113      2B2650C5 
 4113      F19E3BEB 
 4113      6D2CEBC1 
 4113      2491
 4114 0ee4 B2529E27 		.ascii	"\262R\236'.\261\261\0261N\022\345\024\026?\330\243\235"
ARM GAS  /tmp/ccR3beyD.s 			page 150


 4114      2EB1B116 
 4114      314E12E5 
 4114      14163FD8 
 4114      A39D
 4115 0ef6 C2D2F8CD 		.ascii	"\302\322\370\315A2\345\225\035in\3076^2w\266\003x\312"
 4115      4132E595 
 4115      1D696EC7 
 4115      365E3277 
 4115      B60378CA 
 4116 0f0a 51E8CCE3 		.ascii	"Q\350\314\343\3206\270\247\357\310Si1\351\033\363Qv"
 4116      D036B8A7 
 4116      EFC85369 
 4116      31E91BF3 
 4116      5176
 4117 0f1c F4213330 		.ascii	"\364!30\025\277\366)T\012N\205Pvaz\330$\215g\271\335"
 4117      15BFF629 
 4117      540A4E85 
 4117      5076617A 
 4117      D8248D67 
 4118 0f32 3BE13C1C 		.ascii	";\341<\034\323\354\204\352\301\325M\262\010j/\344\036"
 4118      D3EC84EA 
 4118      C1D54DB2 
 4118      086A2FE4 
 4118      1E
 4119 0f43 127F268A 		.ascii	"\022\177&\212^\354\311*\336\213\351\3719\312\203\034"
 4119      5EECC92A 
 4119      DE8BE9F9 
 4119      39CA831C 
 4120 0f53 9F33E0AB 		.ascii	"\2373\340\253\260\017\357\301h/V\232A\345>\261]\032"
 4120      B00FEFC1 
 4120      682F569A 
 4120      41E53EB1 
 4120      5D1A
 4121 0f65 D35BEFE5 		.ascii	"\323[\357\3454\340\366c\333\220\177\010r\375@#\356t"
 4121      34E0F663 
 4121      DB907F08 
 4121      72FD4023 
 4121      EE74
 4122 0f77 0623E519 		.ascii	"\006#\345\031(\315\231l\336\177M\261\035\322\310\354"
 4122      28CD996C 
 4122      DE7F4DB1 
 4122      1DD2C8EC 
 4123 0f87 1BB9B0BF 		.ascii	"\033\271\260\277\236\315\276d\234\215O`\347\023\330"
 4123      9ECDBE64 
 4123      9C8D4F60 
 4123      E713D8
 4124 0f96 D0E4C87A 		.ascii	"\320\344\310zh\337\275x70"
 4124      68DFBD78 
 4124      3730
 4125 0fa0 C9863EA5 		.ascii	"\311\206>\245\261\006GCa\300$\343\2036=m,>\2467\230"
 4125      B1064743 
 4125      61C024E3 
 4125      83363D6D 
 4125      2C3EA637 
 4126 0fb5 C9B853B4 		.ascii	"\311\270S\264\343\261\306z\301Y\007\034\334\361\373"
 4126      E3B1C67A 
 4126      C159071C 
ARM GAS  /tmp/ccR3beyD.s 			page 151


 4126      DCF1FB
 4127 0fc4 AB110C26 		.ascii	"\253\021\014&\323\361a\340\261<'\332N-\023T/\013g\332"
 4127      D3F161E0 
 4127      B13C27DA 
 4127      4E2D1354 
 4127      2F0B67DA 
 4128 0fd8 F41C1612 		.ascii	"\364\034\026\022\026\016a\322\275' \275Gq.>\206s\360"
 4128      160E61D2 
 4128      BD2720BD 
 4128      47712E3E 
 4128      8673F0
 4129 0feb 717C049B 		.ascii	"q|\004\233q\036\346Cd*\202XH\307;m\326\331\231H\311"
 4129      711EE643 
 4129      642A8258 
 4129      48C73B6D 
 4129      D6D99948 
 4130 1000 F5A0379A 		.ascii	"\365\2407\232\267\256\321{\207(\213\315\332I\374\032"
 4130      B7AED17B 
 4130      87288BCD 
 4130      DA49FC1A 
 4131 1010 7350DC7D 		.ascii	"sP\334}\223\303\332i!\237C:E\333\353~oJ\261\213\215"
 4131      93C3DA69 
 4131      219F433A 
 4131      45DBEB7E 
 4131      6F4AB18B 
 4132 1025 D7CCEFFC 		.ascii	"\327\314\357\374\012(/f\340l\241\335\003\250\377\310"
 4132      0A282F66 
 4132      E06CA1DD 
 4132      03A8FFC8 
 4133 1035 CD60DEFE 		.ascii	"\315`\336\376am\315\024r7\247\251\251\273ug\016j\217"
 4133      616DCD14 
 4133      7237A7A9 
 4133      A9BB7567 
 4133      0E6A8F
 4134 1048 D1F772DE 		.ascii	"\321\367r\336\031L'\232;Fg\242S\206]\235\377\206R\214"
 4134      194C279A 
 4134      3B4667A2 
 4134      53865D9D 
 4134      FF86528C 
 4135 105c 85654518 		.ascii	"\205eE\030\243\216\361\254\273.\374A\336\337\266\"\266"
 4135      A38EF1AC 
 4135      BB2EFC41 
 4135      DEDFB622 
 4135      B6
 4136 106d 88CF62C2 		.ascii	"\210\317b\302\007\323\347\317\\kBVn\2543\367lK\322\260"
 4136      07D3E7CF 
 4136      5C6B4256 
 4136      6EAC33F7 
 4136      6C4BD2B0 
 4137 1081 CBC2020F 		.ascii	"\313\302\002\017T\202\2252\222\273\246\272\303\305h"
 4137      54829532 
 4137      92BBA6BA 
 4137      C3C568
 4138 1090 983C288F 		.ascii	"\230<(\217Q-\341\225JBV\217jV\325P\365ROj\372\346\236"
 4138      512DE195 
 4138      4A42568F 
 4138      6A56D550 
ARM GAS  /tmp/ccR3beyD.s 			page 152


 4138      F5524F6A 
 4139 10a7 98D98911 		.ascii	"\230\331\211\021\244\0001\352;\251p9=\275-\001\216\346"
 4139      A40031EA 
 4139      3BA97039 
 4139      3DBD2D01 
 4139      8EE6
 4140 10b9 C4B6AA46 		.ascii	"\304\266\252Fz\250\005\360\026\261^\215\334L\276\307"
 4140      7AA805F0 
 4140      16B15E8D 
 4140      DC4CBEC7 
 4141 10c9 FA6446B2 		.ascii	"\372dF\262\215\277AT-\233U\263E\227U\241nNU\3779=\275"
 4141      8DBF4154 
 4141      2D9B55B3 
 4141      459755A1 
 4141      6E4E55FF 
 4142 10e0 A79A3E8B 		.ascii	"\247\232>\213Oj\313\210\366\316\214l\211\311\254P\027"
 4142      4F6ACB88 
 4142      F6CE8C6C 
 4142      89C9AC50 
 4142      17
 4143 10f1 64829554 		.ascii	"d\202\225T\250Y\242\030\016*\341\0265\321\"&df\304\305"
 4143      A859A218 
 4143      0E2AE116 
 4143      35D12226 
 4143      6466C4C5 
 4144 1105 4755B6A5 		.ascii	"GU\266\245\211\311\231\0265<\323\022#\206gYb\302A\366"
 4144      89C99916 
 4144      353CD312 
 4144      23866759 
 4144      62C241F6 
 4145 1119 EDC4884A 		.ascii	"\355\304\210JU-\217R\302\325\312\230\304\314\312\230"
 4145      552D8F52 
 4145      C2D5CA98 
 4145      C4CCCA98 
 4146 1129 D9095995 		.ascii	"\331\011Y\225jbVe\314\254L\"\202\023\",jBf\224\222\020"
 4146      6A625665 
 4146      CCAC4C22 
 4146      8213222C 
 4146      6A426694 
 4147 113f D1420E1F 		.ascii	"\321B\016\0371\263\210:\360\225\004P \347\306\331\011"
 4147      31B3883A 
 4147      F0950450 
 4147      20E7C6D9 
 4147      09
 4148 1150 003C3C4B 		.ascii	"\000<<KM\230\035\236\025\025\036\016\232\263\201\255"
 4148      4D981D9E 
 4148      15151E0E 
 4148      9AB381AD 
 4149 1160 EECA5263 		.ascii	"\356\312Rcf%fE\201,V\301\321\337\350\237\324\300\004"
 4149      66256645 
 4149      812C56C1 
 4149      D1DFE89F 
 4149      D4C004
 4150 1173 82975F43 		.ascii	"\202\227_C\316\022\252\232u#\004\177\346\325\3543^\342"
 4150      CE12AA9A 
 4150      7523047F 
 4150      E6D5EC33 
ARM GAS  /tmp/ccR3beyD.s 			page 153


 4150      5EE2
 4151 1185 FC845F0B 		.ascii	"\374\204_\013\342\207\263\224.\222\277#c-\025\322\177"
 4151      E287B394 
 4151      2E92BF23 
 4151      632D15D2 
 4151      7F
 4152 1196 52C95FC6 		.ascii	"R\311_\306\324y\275\354/cB\031\026\206\301\304\242\204"
 4152      D479BDEC 
 4152      2F634219 
 4152      1686C1C4 
 4152      A284
 4153 11a8 5475ACB1 		.ascii	"Tu\254\261\373Z\323\262\362H5\007d~_\206-\230\236\205"
 4153      FB5AD3B2 
 4153      F2483507 
 4153      647E5F86 
 4153      2D989E85 
 4154 11bc 0468A00B 		.ascii	"\004h\240\013\370<^\221\373\256\222\341)\274\277#\001"
 4154      F83C5E91 
 4154      FBAE92E1 
 4154      29BCBF23 
 4154      01
 4155 11cd B68AC751 		.ascii	"\266\212\307Q\252X\255\342\022\\\201\313\371l>\207\305"
 4155      AA58ADE2 
 4155      125C81CB 
 4155      F96C3E87 
 4155      C5
 4156 11de 12BCE2CC 		.ascii	"\022\274\342\314\273\320\026np\017\334\\\321\211\235"
 4156      BBD0166E 
 4156      700FDC5C 
 4156      D1899D
 4157 11ed DBE212B4 		.ascii	"\333\342\022\264\305E\362G\335;\344!\357\376F\263\254"
 4157      C545F247 
 4157      DD3BE421 
 4157      EFFE46B3 
 4157      AC
 4158 11fe F546152E 		.ascii	"\365F\025.\202\262Wc\"D\316\276[\217\234\365\326z\303"
 4158      82B25763 
 4158      2244CEBE 
 4158      5B8F9CF5 
 4158      D67AC3
 4159 1211 89BB63FC 		.ascii	"\211\273c\374j\201\366\274\246\2067e-kJ/\214^&\214\037"
 4159      6A81F6BC 
 4159      A6863765 
 4159      2D6B4A2F 
 4159      8C5E268C 
 4160 1226 F074F67E 		.ascii	"\360t\366~\005\274_\306 \340\015\010\306\310\012\352"
 4160      05BC5FC6 
 4160      20E00D08 
 4160      C6C80AEA 
 4161 1236 38BECB53 		.ascii	"8\276\313SCP\207\257\202\201zL\004\311)\276\247bR\322"
 4161      435087AF 
 4161      82817A4C 
 4161      04C929BE 
 4161      A76252D2 
 4162 124a 103871F7 		.ascii	"\0208q\367\017\264\224\271,<\350\211\032\260R\350\011"
 4162      0FB494B9 
 4162      2C3CE889 
ARM GAS  /tmp/ccR3beyD.s 			page 154


 4162      1AB052E8 
 4162      09
 4163 125b F7A79E70 		.ascii	"\367\247\236pq\"\355\3146\235+\244,\013\017\223\003"
 4163      7122EDCC 
 4163      369D2BA4 
 4163      2C0B0F93 
 4163      03
 4164 126c E6E5BC14 		.ascii	"\346\345\274\024\027\3625\031\337\300\257\374c\350-"
 4164      17F23519 
 4164      DFC0AFFC 
 4164      63E82D
 4165 127b CC8F9B45 		.ascii	"\314\217\233E\227r'\034\037\031\234\3046fr\335\3632"
 4165      9772271C 
 4165      1F199CC4 
 4165      366672DD 
 4165      F332
 4166 128d 6DD7BACD 		.ascii	"m\327\272\315\243\275Cq\214&\237\211\362&>\356\340\233"
 4166      A3BD4371 
 4166      8C269F89 
 4166      F2263EEE 
 4166      E09B
 4167 129f E023AEEB 		.ascii	"\340#\256\353t\231\273s\215\357b\241\211\012Om\251\253"
 4167      7499BB73 
 4167      8DEF62A1 
 4167      890A4F6D 
 4167      A9AB
 4168 12b1 F75C940A 		.ascii	"\367\\\224\012\245>?0\\\350\003#\231\254\030|\027_\347"
 4168      A53E3F30 
 4168      5CE80323 
 4168      99AC187C 
 4168      175FE7
 4169 12c4 A5BECE4B 		.ascii	"\245\276\316K\275\367\035Z\346\342\016V\346\006(s3f"
 4169      BDF71D5A 
 4169      E6E20E56 
 4169      E6062873 
 4169      3366
 4170 12d6 1968C462 		.ascii	"\031h\304b\003^Q\373\016Fmm\243\303\036\013'=Q\015V"
 4170      035E51FB 
 4170      0E466D6D 
 4170      A3C31E0B 
 4170      273D510D 
 4171 12eb 62BC0425 		.ascii	"b\274\004%\331\013\\t\367U\365c\206\207\244`G\302\301"
 4171      D90B5C74 
 4171      F755F563 
 4171      8687A460 
 4171      47C2C1
 4172 12fe CBA2339E 		.ascii	"\313\2423\236\007Xh\243x\216=\2715\354E\360\014\305"
 4172      075868A3 
 4172      788E3DB9 
 4172      35EC45F0 
 4172      0CC5
 4173 1310 5DFC9674 		.ascii	"]\374\226t\335\257\037\340\373\034\312}\016\245{\001"
 4173      DDAF1FE0 
 4173      FB1CCA7D 
 4173      0EA57B01 
 4174 1320 8592DAC5 		.ascii	"\205\222\332\305\240\324\000\224v\314\332\341\036\026"
 4174      A0D40094 
ARM GAS  /tmp/ccR3beyD.s 			page 155


 4174      76CCDAE1 
 4174      1E16
 4175 132e 5BF08AA9 		.ascii	"[\360\212\251\005\030\035\255\252\316ps\256w'\324{\212"
 4175      05181DAD 
 4175      AACE7073 
 4175      AE7727D4 
 4175      7B8A
 4176 1340 3CDE25C7 		.ascii	"<\336%\307\256\030\021\243\0275\335\027\221V\357\207"
 4176      AE1811A3 
 4176      1735DD17 
 4176      9156EF87 
 4177 1350 B80B8C74 		.ascii	"\270\013\214tc\"\010`\272\366L\231\335\265z;q\233v\037"
 4177      63220860 
 4177      BAF64C99 
 4177      DDB57A3B 
 4177      719B761F 
 4178 1364 6D7459B8 		.ascii	"mtY\270\327\013\365`\305\014\301\226\220`\263\257\015"
 4178      D70BF560 
 4178      C50CC196 
 4178      9060B3AF 
 4178      0D
 4179 1375 6FF224C1 		.ascii	"o\362$\301\366J$\330+\267\372c]\311\3274\324\017\265"
 4179      F64A24D8 
 4179      2BB7FA63 
 4179      5DC9D734 
 4179      D40FB5
 4180 1388 B89057F2 		.ascii	"\270\220W\362\\\307R\361\030\276FMn\033\262-\2774\376"
 4180      5CC752F1 
 4180      18BE464D 
 4180      6E1BB22D 
 4180      BF34FE
 4181 139b 5783412C 		.ascii	"W\203A,\014P\373\365\207b\2621M\305\326n\226\212A\334"
 4181      0C50FBF5 
 4181      8762B231 
 4181      4DC5D66E 
 4181      968A41DC 
 4182 13af C753D1C7 		.ascii	"\307S\321\307Sq\315\207\246\"\276\233\245\242\007R1"
 4182      5371CD87 
 4182      A622BE9B 
 4182      A5A20752 
 4182      31
 4183 13c0 8419CE5E 		.ascii	"\204\031\316^,\366\340\025\261\013 ZW\214:\367\\\252"
 4183      2CF6E015 
 4183      B10B205A 
 4183      578C3AF7 
 4183      5CAA
 4184 13d2 9BD1FE4F 		.ascii	"\233\321\376O \035#d\3615\200\273\216\033u\315\212\226"
 4184      201D2364 
 4184      F13580BB 
 4184      8E1B75CD 
 4184      8A96
 4185 13e4 8A517C11 		.ascii	"\212Q|\021\214<\305D\010\270O\247\207;\025-\025N\334"
 4185      8C3CC544 
 4185      08B84FA7 
 4185      873B152D 
 4185      154EDC
 4186 13f7 D4DA9214 		.ascii	"\324\332\222\024\257\205W\274\3203\254\334\206T\264"
ARM GAS  /tmp/ccR3beyD.s 			page 156


 4186      AF8557BC 
 4186      D033ACDC 
 4186      8654B4
 4187 1406 9354A857 		.ascii	"\223T\250W\257=\225Y\354$\025\273R\372\013\021\213}"
 4187      AF3D9559 
 4187      EC2415BB 
 4187      52FA0B11 
 4187      8B7D
 4188 1418 1C62AFEE 		.ascii	"\034b\257\356Nn\365v\216}\022\013\023\324\240y{\371"
 4188      4E6EF576 
 4188      8E7D120B 
 4188      13D4A079 
 4188      7BF9
 4189 142a A84863EF 		.ascii	"\250Hc\357\343\261O\342\027<\366\027<\366X\026\373\000"
 4189      E3B14FE2 
 4189      173CF617 
 4189      3CF65816 
 4189      FB00
 4190 143c 8FFD19C4 		.ascii	"\217\375\031\304>\205\031\2601,>\303+\362} \366\371"
 4190      3E8519B0 
 4190      312C3EC3 
 4190      2BF27D20 
 4190      F6F9
 4191 144e 180DE7A7 		.ascii	"\030\015\347\247\252^\316\261\253\262\260\354%Y\372"
 4191      AA5ECEB1 
 4191      ABB2B0EC 
 4191      2559FA
 4192 145d 6F41FC66 		.ascii	"oA\374fh\205\246\2363\303\222\026\177\204\034.\013B"
 4192      6885A69E 
 4192      33C39216 
 4192      7F841C2E 
 4192      0B42
 4193 146f A44C04C9 		.ascii	"\244L\004\311\337o\236uV\272i\361;q\357\245\304F\271"
 4193      DF6F9E75 
 4193      56BA69F1 
 4193      3B71EFA5 
 4193      C446B9
 4194 1482 2FECF742 		.ascii	"/\354\367BQ\262\022\351-(\361\336\344\221\345\336\242"
 4194      51B212E9 
 4194      2D28F1DE 
 4194      E491E5DE 
 4194      A2
 4195 1493 5E771AC3 		.ascii	"^w\032\303\313G\326\372E\313,\206h\231\3050\360\026"
 4195      CB47D6FA 
 4195      45CB2C86 
 4195      6899C530 
 4195      F016
 4196 14a5 8D615B1F 		.ascii	"\215a[\037\213!J\256\300123\276Y\026\243\344\025yoc"
 4196      8B214AAE 
 4196      C0313233 
 4196      BE5916A3 
 4196      E415796F 
 4197 14ba 94712476 		.ascii	"\224q$v\302u\341\001o2X\012\300\372\005b=c\362V\272"
 4197      C275E101 
 4197      6F32580A 
 4197      C0FA0562 
 4197      3D63F256 
ARM GAS  /tmp/ccR3beyD.s 			page 157


 4198 14cf 2BB5DED3 		.ascii	"+\265\336\323g\315P,\267\036\313\255\3470\353}}\332"
 4198      67CD502C 
 4198      B71ECBAD 
 4198      E730EB7D 
 4198      7DDA
 4199 14e1 9A8D93D9 		.ascii	"\232\215\223\331\232\335&\213[\344\025\365oA\231\252"
 4199      9ADD268B 
 4199      5BE415F5 
 4199      6F4199AA 
 4200 14f1 3ADB44E7 		.ascii	":\333D\347\354l\207\354t\221\354\314\201\354$@v:\256"
 4200      EC6C87EC 
 4200      7491ECCC 
 4200      81EC2440 
 4200      763AAE
 4201 1504 A8F9DE5A 		.ascii	"\250\371\336Zv\022\345\004\200\230$\023A\000\223u\255"
 4201      7612E504 
 4201      80982413 
 4201      41009375 
 4201      AD
 4202 1515 29C755CB 		.ascii	")\307U\313\216\023\267\243z\254\314ka\2357J\226\225"
 4202      8E13B7A3 
 4202      7AACCC6B 
 4202      619D374A 
 4202      9695
 4203 1527 0780BFDF 		.ascii	"\007\200\277\337{\346B)\332\336l`sq\227\214\321\355"
 4203      7BE64229 
 4203      DADE6C60 
 4203      7371978C 
 4203      D1ED
 4204 1539 92C9762F 		.ascii	"\222\311v/\326+\251\3605\"\241\246\304\315\271W\322"
 4204      D62BA9F0 
 4204      3522A1A6 
 4204      C4CDB957 
 4204      D2
 4205 154a 65218D9A 		.ascii	"e!\215\232\2579\367\264^\246\231\230|\3142\221.\247"
 4205      AF39F7B4 
 4205      5EA69998 
 4205      7CCC3291 
 4205      2EA7
 4206 155c F04CA4F0 		.ascii	"\360L\244\360L\304\314\247\231\210\031d\231H\206<\357"
 4206      4CC4CCA7 
 4206      99881964 
 4206      9948863C 
 4206      EF
 4207 156d 9619CC9D 		.ascii	"\226\031\314\235\262\230,\257\250&}R[`\366\\8\355M\246"
 4207      B2982CAF 
 4207      A8267D52 
 4207      5B60F65C 
 4207      38ED4DA6 
 4208 1581 D7D65982 		.ascii	"\327\326Y\202\262s\026X?\020\327y\302\225!#8\257\337"
 4208      B2731658 
 4208      3F10D779 
 4208      C2952123 
 4208      38AFDF
 4209 1594 89CEE0C3 		.ascii	"\211\316\340\303,\023\220=k3?vqF\226%\013\373)\262\334"
 4209      2C13903D 
 4209      6B333F76 
ARM GAS  /tmp/ccR3beyD.s 			page 158


 4209      71469625 
 4209      0BFB29B2 
 4210 15a9 AEAD256E 		.ascii	"\256\255%n\024Y\353 C\226%\357\343\310\366qd\245\363"
 4210      1459EB20 
 4210      439625EF 
 4210      E3C8F671 
 4210      64A5F3
 4211 15bc 28B29E41 		.ascii	"(\262\236Am\230e\313l\230\355\225\305\014yE\347<\214"
 4211      6D9865CB 
 4211      6C98ED95 
 4211      C50C7945 
 4211      E73C8C
 4212 15cf 06AAD377 		.ascii	"\006\252\323w\261\203\235e\306=E\377\271#\217\330c\027"
 4212      B1839D65 
 4212      C63D45FF 
 4212      B9238FD8 
 4212      6317
 4213 15e1 CBAB4EE4 		.ascii	"\313\253N\344\231$\210\354\354\336n\254\335\036\323"
 4213      992488EC 
 4213      ECDE6EAC 
 4213      DD1ED3
 4214 15f0 5BBF3DAF 		.ascii	"[\277=\257\277\365\203\335r\313D\223\370~\252JN\000"
 4214      BFF583DD 
 4214      72CB4493 
 4214      F87EAA4A 
 4214      4E00
 4215 1602 89277F95 		.ascii	"\211'\177\225\244f\306H9\362a\300Nu\205\303\262\260"
 4215      A466C648 
 4215      39F261C0 
 4215      4E7585C3 
 4215      B2B0
 4216 1614 627AB672 		.ascii	"bz\266r\200\030/\335yu\227\207\303\303-\273\215\252"
 4216      80182FDD 
 4216      79759787 
 4216      C3C32DBB 
 4216      8DAA
 4217 1626 2566AA49 		.ascii	"%f\252I\373\217\235\2432C~\214\246'y\260\352%\315\345"
 4217      FB8F9DA3 
 4217      32437E8C 
 4217      A62779B0 
 4217      EA25CDE5 
 4218 163a 3199A436 		.ascii	"1\231\2446\271\377V\232m\243\312\302,\227\307e!Of\207"
 4218      B9FF569A 
 4218      6DA3CAC2 
 4218      2C97C765 
 4218      214F6687 
 4219 164e 91A2910B 		.ascii	"\221\242\221\013\303\377\3126(\013>.\347\362D\346\362"
 4219      C3FFCA36 
 4219      280B3E2E 
 4219      E7F244E6 
 4219      F2
 4220 165f 44DE7847 		.ascii	"D\336xG9M\340<O\336S\200\371\216\226x\316\266\243=\300"
 4220      394DE03C 
 4220      4FDE5380 
 4220      F98E9678 
 4220      CEB6A33D 
 4221 1674 66AE60E6 		.ascii	"f\256`\346\012\321\357(\026\2420\262\255\274\034\321"
ARM GAS  /tmp/ccR3beyD.s 			page 159


 4221      0AD1EF28 
 4221      16A230B2 
 4221      ADBC1CD1 
 4222 1684 2A5DEDB2 		.ascii	"*]\355\262\256\323|.\233\317e\217.P\032\210l\341\225"
 4222      AED37C2E 
 4222      9BCF658F 
 4222      2E501A88 
 4222      6CE195
 4223 1697 A63A5A51 		.ascii	"\246:ZQs-y I-\017\342\002.]\300\245\257\274\255t\021"
 4223      732D7920 
 4223      492D0FE2 
 4223      022E5DC0 
 4223      A5AFBCAD 
 4224 16ad E92327AF 		.ascii	"\351#'\257\367KT\372B\234U:]>\315\245Os\351\356\371"
 4224      F74B54FA 
 4224      429C553A 
 4224      5D3ECDA5 
 4224      4F73E9EE 
 4225 16c2 CA33223D 		.ascii	"\3123\"=ZT\222M;-\216\316\313\342\216\366\004o\347}"
 4225      5A54924D 
 4225      3B2D8ECE 
 4225      CBE28EF6 
 4225      046FE77D 
 4226 16d6 F2AC2C14 		.ascii	"\362\254,\024\323\334\235\036\232\272\011\246\241@\011"
 4226      D3DC9D1E 
 4226      9ABA09A6 
 4226      A14009
 4227 16e5 B9232F7E 		.ascii	"\271#/~Z\026\231\271\350\254\\\304-\027\201\210\260"
 4227      5A1699B9 
 4227      E8AC5CC4 
 4227      2D178188 
 4227      B0
 4228 16f6 22779E92 		.ascii	"\"w\236\2227[P\316\317&1\336k\311\361\000\333\347\200"
 4228      375B50CE 
 4228      CF2631DE 
 4228      6BC9F100 
 4228      DBE780
 4229 1709 A354922B 		.ascii	"\243T\222+\005}\311\273\311t\276 \013\347e\245\206\\"
 4229      057DC9BB 
 4229      C974BE20 
 4229      0BE765A5 
 4229      865C
 4230 171b 2A6FEEEA 		.ascii	"*o\356\352&\207\2232Y\260@o\247\252\275O\334\011\036"
 4230      26879332 
 4230      59B0406F 
 4230      A7AABD4F 
 4230      DC091E
 4231 172e 1702E7FE 		.ascii	"\027\002\347\376v\363%Z,\227\012\340=\030L\031\266\365"
 4231      76F3255A 
 4231      2C970AE0 
 4231      3D184C19 
 4231      B6F5
 4232 1740 BD0BC376 		.ascii	"\275\013\303vQ\026*\031\266\272\033\007\344E\0311jL"
 4232      51162A19 
 4232      B6BA1B07 
 4232      E4451931 
 4232      6A4C
ARM GAS  /tmp/ccR3beyD.s 			page 160


 4233 1752 B4E56B38 		.ascii	"\264\345k8T\227\240\213r)\205V.\013\245\004\233\240"
 4233      5497A08B 
 4233      72298556 
 4233      2E0BA504 
 4233      9BA0
 4234 1764 5C230E4F 		.ascii	"\\#\016OTg\255%1\024Mw\250\177\315P\313Q\031\256\342"
 4234      5467AD25 
 4234      31144D77 
 4234      A87FCD50 
 4234      CB5119AE 
 4235 1779 2154D110 		.ascii	"!T\321\020\242\346)\235D\260\252cO\231\013\2214\267"
 4235      A2E6299D 
 4235      44B0AA63 
 4235      4F990B91 
 4235      34B7
 4236 178b 6E8AB6CC 		.ascii	"n\212\266\314\002\271\032.WC\345\246\346*O\211\\k\353"
 4236      02B91A2E 
 4236      5743E5A6 
 4236      E62A4F89 
 4236      5C6BEB
 4237 179e 932CC7E7 		.ascii	"\223,\307\347w)\370\212\314[q\360da\205\343\177\226"
 4237      7729F88A 
 4237      CC5B71F0 
 4237      646185E3 
 4237      7F96
 4238 17b0 A569CCA2 		.ascii	"\245i\314\242k[\216j\377\373r\225\367i\035\215g\377"
 4238      6B5B8E6A 
 4238      FFFB7295 
 4238      F7691D8D 
 4238      67FF
 4239 17c2 F5B43322 		.ascii	"\365\2643\"\011\275\216\366\351\211\216G\267f"
 4239      09BD8EF6 
 4239      E9898E47 
 4239      B766
 4240 17d0 1C601A64 		.ascii	"\034`\032d\241\236\0127\246?\210s\243A\025\344\217\354"
 4240      A19E0A37 
 4240      A63F8873 
 4240      A34115E4 
 4240      8FEC
 4241 17e2 1349540D 		.ascii	"\023IT\015\362e\216\3662E\2336O)\2363s\203l\2778\264"
 4241      F2658EF6 
 4241      32459B36 
 4241      4F299E33 
 4241      73836CBF 
 4242 17f8 49C7DC5C 		.ascii	"I\307\334\\\207\024\237\355P\023g\234\315o\312\302\015"
 4242      87149FED 
 4242      5013679C 
 4242      CD6FCAC2 
 4242      0D
 4243 1809 EAA62132 		.ascii	"\352\246!2&G\246\031\331\266\215d\344\246\334\310}4"
 4243      2647A619 
 4243      D9B68D64 
 4243      E4A6DCC8 
 4243      7D34
 4244 181b 521FDD73 		.ascii	"R\037\335s\225Z\342#*\375^\214H\341<;\235\377?X\216"
 4244      955AE223 
 4244      2AFD5E8C 
ARM GAS  /tmp/ccR3beyD.s 			page 161


 4244      48E13C3B 
 4244      9DFF3F58 
 4245 1830 6F73C9DB 		.ascii	"os\311\333T2i\236\022=\227\264\310\225\272<\221Wc\350"
 4245      5432699E 
 4245      123D97B4 
 4245      C895BA3C 
 4245      915763E8 
 4246 1844 5F996413 		.ascii	"_\231d\023\227l\242\222\333\346)\251sg\216\356\372\336"
 4246      976CA292 
 4246      DBE629A9 
 4246      73678EEE 
 4246      FADE
 4247 1856 DC416F86 		.ascii	"\334Ao\206\273\005po}\020\371\007\347\211xO\026Z)\354"
 4247      BB05706F 
 4247      7D10F907 
 4247      E789784F 
 4247      165A29EC 
 4248 186a 8CB1C65C 		.ascii	"\214\261\306\\\326\266\005\371I'\377\221\264\355=\271"
 4248      D6B605F9 
 4248      4927FF91 
 4248      B4ED3DB9 
 4249 187a 997B69A6 		.ascii	"\231{i\246^\216\314U\362\210\227\007\371\011\325\256"
 4249      5E8ECC55 
 4249      F2889707 
 4249      F909D5AE 
 4250 188a 447468EB 		.ascii	"Dth\353\266\315\361\252\370\365M\271\215\013\266Q\301"
 4250      B6CDF1AA 
 4250      F8F54DB9 
 4250      8D0BB651 
 4250      C1
 4251 189b DAB9CA05 		.ascii	"\332\271\312\005\"\270\367\340\203[\210\003o\343m\324"
 4251      22B8F7E0 
 4251      835B8803 
 4251      6FE36DD4 
 4252 18ab CE25DBA9 		.ascii	"\316%\333\251d\333\\\245a\256\240\334#\322\333\312+"
 4252      64DB5CA5 
 4252      61AEA0DC 
 4252      23D2DBCA 
 4252      2B
 4253 18bc 324896BB 		.ascii	"2H\226\273(\236]Y'?'\320\373E\022\311\336\261\330lW"
 4253      289E5D59 
 4253      273F27D0 
 4253      FB4512C9 
 4253      DEB1D86C 
 4254 18d1 E794F7C8 		.ascii	"\347\224\367\310B7\237@cE\027\362'>\250\240\267C\011"
 4254      42379F40 
 4254      634517F2 
 4254      273EA8A0 
 4254      B74309
 4255 18e4 D5A847EE 		.ascii	"\325\250G\356\244n\036\312\217\340\023[\314\303\357"
 4255      A46E1ECA 
 4255      8FE0135B 
 4255      CCC3EF
 4256 18f3 2AF9F39C 		.ascii	"*\371\363\234\334\320\341u\347\345\320S\035\033Fe\363"
 4256      DCD0E175 
 4256      E7E5D053 
 4256      1D1B4665 
ARM GAS  /tmp/ccR3beyD.s 			page 162


 4256      F3
 4257 1904 CA702FD5 		.ascii	"\312p/\325\354\223\373\345^\256y\377]\250\371\251[\035"
 4257      EC93FBE5 
 4257      5EAE79FF 
 4257      5DA8F9A9 
 4257      5B1D
 4258 1916 DA0D7C19 		.ascii	"\332\015|\031?\326?\246P\363\272\036\215j\2234\207w"
 4258      3FD63FA6 
 4258      50F3BA1E 
 4258      8D6A9334 
 4258      8777
 4259 1928 E800E555 		.ascii	"\350\000\345U\364l\332\254\375Q\373\"\347\015R^\346"
 4259      F46CDAAC 
 4259      FD51FB22 
 4259      E70D525E 
 4259      E6
 4260 1939 8B8E975A 		.ascii	"\213\216\227Zg\237\345\274!\312\313I\216\355\321\036"
 4260      679FE5BC 
 4260      21CACB49 
 4260      8EEDD11E 
 4261 1949 6997707F 		.ascii	"i\227p\177\303\224\3275\360 }\306\211q\004\316\005\037"
 4261      C394D735 
 4261      F0207DC6 
 4261      897104CE 
 4261      051F
 4262 195b C160CB4D 		.ascii	"\301`\313M\211\020\265\323\000K\324\023\231\260\311"
 4262      8910B5D3 
 4262      004BD413 
 4262      99B0C9
 4263 196a ED960EA3 		.ascii	"\355\226\016\243\360\276[\007g\374\037\345S\320\036"
 4263      F0BE5B07 
 4263      67FC1FE5 
 4263      53D01E
 4264 1979 9541C005 		.ascii	"\225A\300\005N\025\277\2043z~N\211\273f\346\271\374"
 4264      4E15BF84 
 4264      337A7E4E 
 4264      89BB66E6 
 4264      B9FC
 4265 198b 0CF4C764 		.ascii	"\014\364\307d\"\007sk\036\313\371\310\205\360\353\277"
 4265      2207736B 
 4265      1ECBF9C8 
 4265      85F0EBBF 
 4266 199b 2CE73987 		.ascii	",\3479\207\271\377\202\225v\034>\260\304m\177W\271\314"
 4266      B9FF8295 
 4266      761C3EB0 
 4266      C46D7F57 
 4266      B9CC
 4267 19ad 64CD459B 		.ascii	"d\315E\233\330\230-\003\271\011&7\011\037\230\334(\334"
 4267      D8982D03 
 4267      B9092637 
 4267      091F98DC 
 4267      28DC
 4268 19bf A0E43E6C 		.ascii	"\240\344>l\331\255==I\267>\320\241\001\017\246=\276"
 4268      D9AD3D3D 
 4268      49B73ED0 
 4268      A1010FA6 
 4268      3DBE
ARM GAS  /tmp/ccR3beyD.s 			page 163


 4269 19d1 A9FDDB48 		.ascii	"\251\375\333H\003\347MS^Z\315\215\315\232^\003O\342"
 4269      03E74D53 
 4269      5E5ACD8D 
 4269      CD9A5E03 
 4269      4FE2
 4270 19e3 4B82B375 		.ascii	"K\202\263u\236\365Vy\370&\277UN\200[eUG\335\207\353"
 4270      9EF55679 
 4270      F826BF55 
 4270      4E805B65 
 4270      5547DD87 
 4271 19f8 541D737F 		.ascii	"T\035s\177\353]\245\373U\2351\006\235q_WR\244\252\233"
 4271      EB5DA5FB 
 4271      559D3106 
 4271      9D715F57 
 4271      52A4AA9B 
 4272 1a0c 5435E23D 		.ascii	"T5\342=\270\375\216\240\252\221\272(]\004\327\355\201"
 4272      B8FD8EA0 
 4272      AA91BA28 
 4272      5D04D7ED 
 4272      81
 4273 1a1d DE489D7A 		.ascii	"\336H\235z\271W\353\215\007\034\336&\035\201\367\274"
 4273      B957EB8D 
 4273      071CDE26 
 4273      1D81F7BC 
 4274 1a2d ABB79035 		.ascii	"\253\267\2205\256e\3468>\177\250pZ{\350x\223c\217\246"
 4274      AE65E638 
 4274      3E7FA870 
 4274      5A7BE878 
 4274      93638FA6 
 4275 1a41 8AE7CDC9 		.ascii	"\212\347\315\311\017\265\346\030\344Fc(\257\264%3Jk"
 4275      0FB5E618 
 4275      E4466328 
 4275      AFB42533 
 4275      4A6B
 4276 1a53 AA1ECEDB 		.ascii	"\252\036\316\333By#\005\315Y\332#\240\343\334\346V\312"
 4276      42792305 
 4276      CD59DA23 
 4276      A0E3DCE6 
 4276      56CA
 4277 1a65 B334F556 		.ascii	"\2634\365Vk\217\216\356q\3366\312\273p\245GK\3613n2"
 4277      6B8F8EEE 
 4277      71DE36CA 
 4277      BB70A547 
 4277      4BF1336E 
 4278 1a7a 96B2469F 		.ascii	"\226\262F\237\0155j\375\035\305\325\342(\357\372\241"
 4278      0D356AFD 
 4278      1DC5D5E2 
 4278      28EFFAA1 
 4279 1a8a AC455AD5 		.ascii	"\254EZ\3258+\236\262r\343\243oj\367\375\311\234\267"
 4279      382B9EB2 
 4279      72E3A36F 
 4279      6AF7FDC9 
 4279      9CB7
 4280 1a9c 9DFC6B3A 		.ascii	"\235\374k:\0165\350\277{\177\311\222\245\360\353\277"
 4280      0E35E8BF 
 4280      7B7FC992 
 4280      A5F0EBBF 
ARM GAS  /tmp/ccR3beyD.s 			page 164


 4281 1aac 3E607540 		.ascii	">`u@\210\321\327d\010\013\376fi\210\021~\003\003V/5"
 4281      88D1D764 
 4281      080BFE66 
 4281      6988117E 
 4281      0303562F 
 4282 1ac1 1AFC8115 		.ascii	"\032\374\201\025\264:\344{\275q\211\277\362\273\177"
 4282      B43AE47B 
 4282      BD7189BF 
 4282      F2BB7F
 4283 1ad0 F9CB4FBF 		.ascii	"\371\313O\277\\\366\2310O\273\266\344W\253?]\375\311"
 4283      5CF69930 
 4283      4FBBB6E4 
 4283      57AB3F5D 
 4283      FDC9
 4284 1ae2 671FFB09 		.ascii	"g\037\373\011\263\375\327\373\206\032\002B\014\001\246"
 4284      B3FDD7FB 
 4284      861A0242 
 4284      0C01A6
 4285 1af1 8DBEDF86 		.ascii	"\215\276\337\206\351\303\364sg\\\3615\341`\375\367&"
 4285      E9C3F473 
 4285      675CF135 
 4285      E160FDF7 
 4285      26
 4286 1b02 4CAEBA98 		.ascii	"L\256\272\230\310\253\257i\325\322\365!A\372\245\206"
 4286      C8ABAF69 
 4286      D5D2F521 
 4286      41FAA586 
 4287 1b12 90D54BBF 		.ascii	"\220\325K\2776\204\374\233\336\337d\\\372%\201\263\312"
 4287      3684FC9B 
 4287      DEDF645C 
 4287      FA2581B3 
 4287      CA
 4288 1b23 14B62620 		.ascii	"\024\266& \304\376\263\357G\037/\335\020b\370\306\030"
 4288      C4FEB3EF 
 4288      471F2FDD 
 4288      1062F8C6 
 4288      18
 4289 1b34 EAE7AFE7 		.ascii	"\352\347\257\347XW\375\371\253\217?\362\375\335\327"
 4289      5857FDF9 
 4289      AB8F3FF2 
 4289      FDDDD7
 4290 1b43 2BBFF05D 		.ascii	"+\277\360]\033`\010\332\340g\320/\025~\361\232\250\014"
 4290      1B6008DA 
 4290      E067D02F 
 4290      157EF19A 
 4290      A80C
 4291 1b55 A6A501C1 		.ascii	"\246\245\001\301\376\201ak\364\300\013\0140\232\214"
 4291      FE81616B 
 4291      F4C00B0C 
 4291      309A8C
 4292 1b64 4BD60B1E 		.ascii	"K\326\013\036&\0031\267:l\355Z\275A\0125\031<\331\005"
 4292      260331B7 
 4292      3A6CED5A 
 4292      BD410A35 
 4292      193CD905 
 4293 1b78 FD77FA60 		.ascii	"\375w\372`\023 6\006\374o\275\022\026\020lZ\366\251"
 4293      13203606 
ARM GAS  /tmp/ccR3beyD.s 			page 165


 4293      FC6FBD12 
 4293      16106C5A 
 4293      F6A9
 4294 1b8a AFC9D518 		.ascii	"\257\311\325\030f\014\325\007\257\321\257\3211\005l"
 4294      660CD507 
 4294      AFD1AFD1 
 4294      31056C
 4295 1b99 0A08D2BB 		.ascii	"\012\010\322\273\0327\032\311\273\257\211\012\002 \223"
 4295      1A371AC9 
 4295      BBAF890A 
 4295      022093
 4296 1ba8 8BC16434 		.ascii	"\213\301d4\371\005\205\312\360j\322c\323\306P\275\030"
 4296      F90585CA 
 4296      F06AD263 
 4296      D3C650BD 
 4296      18
 4297 1bb9 86C38CE0 		.ascii	"\206\303\214\340\",\364#\240eo\004\222B\001\220x\275"
 4297      222CF423 
 4297      A0656F04 
 4297      92420190 
 4297      78BD
 4298 1bcb 5FA04967 		.ascii	"_\240Ig\320\373\031C\202\261\377z?\203\024`4\340`\277"
 4298      D0FB1943 
 4298      82B1FF7A 
 4298      3F831460 
 4298      34E060BF 
 4299 1bdf 20BD6458 		.ascii	" \275dX\263Q\0122\256\223\201|M\310\024\352\012i7\255"
 4299      B3510A32 
 4299      AE93817C 
 4299      4DC814EA 
 4299      0A6937AD 
 4300 1bf3 07D1350A 		.ascii	"\007\3215\012{\203\253\306\015\272\015\246\220\325\377"
 4300      7B83ABC6 
 4300      0DBA0DA6 
 4300      90D5FF
 4301 1c02 162A059B 		.ascii	"\026*\005\233B\275\354\003\3665IkV\257s\001k\276\376"
 4301      42BDEC03 
 4301      F635496B 
 4301      56AF7301 
 4301      6BBEFE
 4302 1c15 C126D99F 		.ascii	"\301&\331\237\204\354\032\352\027\034\340\357\013\006"
 4302      84EC1AEA 
 4302      171CE0EF 
 4302      0B06
 4303 1c23 BDC11689 		.ascii	"\275\301\026\211M\037\344\273F\277:l\235\022\030\342"
 4303      4D1FE4BB 
 4303      46BF3A6C 
 4303      9D1218E2 
 4304 1c33 FF0D117C 		.ascii	"\377\015\021|#\360T\005\300{\331\233\3605\271\005\371"
 4304      23F05405 
 4304      C07BD99B 
 4304      F035B905 
 4304      F9
 4305 1c44 41921842 		.ascii	"A\222\030Bx\011\244\335\020d\372\236\024D\001\207Aa"
 4305      7809A4DD 
 4305      1064FA9E 
 4305      14440187 
ARM GAS  /tmp/ccR3beyD.s 			page 166


 4305      4161
 4306 1c56 26FDF78A 		.ascii	"&\375\367\212\236\2449 x\235;\255C\220\237\361\033\310"
 4306      9EA43920 
 4306      789D3BAD 
 4306      43909FF1 
 4306      1BC8
 4307 1c68 2E40A28D 		.ascii	".@\242\215D\304\350\0077\353\007\310\370\006\277\000"
 4307      44C4E807 
 4307      37EB07C8 
 4307      F806BF00 
 4308 1c78 1328B8C0 		.ascii	"\023(\270\300%b\312\225\277\373\232t\372\015D\037R\000"
 4308      2562CA95 
 4308      BFFB9A74 
 4308      FA0D441F 
 4308      5200
 4309 1c8a 5E42E1CD 		.ascii	"^B\341\315\250\017\012\365 \241\351\203\374B\327\207"
 4309      A80F0AF5 
 4309      20A1E983 
 4309      FC42D787 
 4310 1c9a 18F42E46 		.ascii	"\030\364.F\342\003\222\270\301d2\204\316\341y3\350!"
 4310      E20392B8 
 4310      C1643284 
 4310      CEE17933 
 4310      E821
 4311 1cac 41FA60D2 		.ascii	"A\372`\322k\212\376\373\000\223\177\310\032\275\016"
 4311      6B8AFEFB 
 4311      00937FC8 
 4311      1ABD0E
 4312 1cbb D20D824B 		.ascii	"\322\015\202K\336$~H8igR>0et1\221W_\223\2746\320o\035"
 4312      DE247E48 
 4312      38696752 
 4312      3E306574 
 4312      3191575F 
 4313 1cd5 7C0B0273 		.ascii	"|\013\002s`\331D;\004.o\360\203\210\335\214\246o\374"
 4313      60D9443B 
 4313      042E6FF0 
 4313      8388DD8C 
 4313      A66FFC
 4314 1ce8 0203D605 		.ascii	"\002\003\326\005\003\354\015~\253\375\214z9dC\260\336"
 4314      03EC0D7E 
 4314      ABFD8C7A 
 4314      396443B0 
 4314      DE
 4315 1cf9 E00570C1 		.ascii	"\340\005p\301Q@0H\003\"O\273\317 i\2409\220\374M\337"
 4315      51403048 
 4315      03224FBB 
 4315      CF2069A0 
 4315      3990FC4D 
 4316 1d0e 2363A87B 		.ascii	"#c\250{h\210\301\004\\\023|\365\240\237\375C\202!\245"
 4316      6888C104 
 4316      5C137CF5 
 4316      A09FFD43 
 4316      8221A5
 4317 1d21 A6E5AF01 		.ascii	"\246\345\257\001\355\037\022\024\024\022\274\224\210"
 4317      ED1F1214 
 4317      1412BC94 
 4317      88
ARM GAS  /tmp/ccR3beyD.s 			page 167


 4318 1d2e 1A977EFE 		.ascii	"\032\227~\376\247\257\276\373\354\203\257@\312\037\022"
 4318      A7AFBEFB 
 4318      EC83AF40 
 4318      CA1F12
 4319 1d3d 03D8A5F5 		.ascii	"\003\330\245\365k\014\272P\352@\246\257\230dU\016\012"
 4319      6B0CBA50 
 4319      EA40A6AF 
 4319      9864550E 
 4319      0A
 4320 1d4e 0D0909D4 		.ascii	"\015\011\011\324\201\345\265\001\353\346;\202\363eW"
 4320      81E5B501 
 4320      EBE63B82 
 4320      F36557
 4321 1d5d E7CDBC04 		.ascii	"\347\315\274\004\313\311\260\326?\214\224\210\274cR"
 4321      CBC9B0D6 
 4321      3F8C9488 
 4321      BC6352
 4322 1d6c 1677F2C9 		.ascii	"\026w\362\311\227\025\370u\343\310!\255D\036p\351\250"
 4322      9715F875 
 4322      E3C821AD 
 4322      441E70E9 
 4322      A8
 4323 1d7d 9EC985C0 		.ascii	"\236\311\205\300\364\015X\343\312\337\311\322\323\257"
 4323      F40D58E3 
 4323      CADFC9D2 
 4323      D3AF
 4324 1d8b 2310DD89 		.ascii	"#\020\335\211\027\375:\370d\330\350f\375\000\311\372"
 4324      17FD3AF8 
 4324      64D8E866 
 4324      FD00C9FA 
 4325 1d9b CE443B2D 		.ascii	"\316D;-\320\317h\"\213V^C\276z\202\360\032}\240\311"
 4325      D0CF6822 
 4325      8B565E43 
 4325      BE7A82F0 
 4325      1A7DA0C9 
 4326 1daf 8FF68CB7 		.ascii	"\217\366\214\267\3037\250\015\375\342\011}\014i\325"
 4326      C337A80D 
 4326      FDE2097D 
 4326      0C69D5
 4327 1dbe 1BBEF30B 		.ascii	"\033\276\363\013\3645\275\0052\337\005\030La\344\013"
 4327      F435BD05 
 4327      32DF0518 
 4327      4C61E40B 
 4328 1dce D8311859 		.ascii	"\3301\030Y\333\021\273t\351\323Y\360\351'\276\246\371"
 4328      DB11BB74 
 4328      E9D359F0 
 4328      E927BEA6 
 4328      F9
 4329 1ddf AF10039B 		.ascii	"\257\020\003\233\006\253_\322l\033\351U\027\3770\003"
 4329      06AB5FD2 
 4329      6C1BE955 
 4329      17FF3003 
 4330 1def 749CC943 		.ascii	"t\234\311C\273\004\253\367\333\015\263lk\332\310\332"
 4330      BB04ABF7 
 4330      DB0DB36C 
 4330      6BDAC8DA 
 4331 1dff DDDBE11B 		.ascii	"\335\333\341\0331\2467\352M\262\357\027P\024\011\326"
ARM GAS  /tmp/ccR3beyD.s 			page 168


 4331      31A637EA 
 4331      4DB2EF17 
 4331      501409D6 
 4332 1e0f A78E4C2D 		.ascii	"\247\216L-ry\015\0144y\203\001^%SH(\372\326\360\341"
 4332      72790D0C 
 4332      34798301 
 4332      5E255348 
 4332      28FAD6F0 
 4333 1e24 0F4E7C2D 		.ascii	"\017N|-\313|\302\257\027\\a\271\006\302\027_\023,\231"
 4333      CB7CC2AF 
 4333      175C61B9 
 4333      06C2175F 
 4333      132C99
 4334 1e37 551B8D7F 		.ascii	"U\033\215\177\011&C@p\363\365]\033\026\354\357\353\273"
 4334      09264340 
 4334      70F3F55D 
 4334      1B16ECEF 
 4334      EBBB
 4335 1e49 E43369D9 		.ascii	"\3443i\331\247\202\253\237!\350\273\317\364\037\004"
 4335      A782AB9F 
 4335      21E8BBCF 
 4335      F41F04
 4336 1e58 096E5008 		.ascii	"\011nP\010\350\266\017\202>\021\334\355\024\026\277"
 4336      E8B60F82 
 4336      3E11DCED 
 4336      1416BF
 4337 1e67 496921C1 		.ascii	"Ii!\301\340Q\261\232\2062|\365\305\037\350*Z\031\034"
 4337      E051B19A 
 4337      86327CF5 
 4337      C51FE82A 
 4337      5A191C
 4338 1e7a 60B2F3F9 		.ascii	"`\262\363\371K/G\326\353\346\321\253\3661\002\353\253"
 4338      4B2F47D6 
 4338      EBE6D1AB 
 4338      F63102EB 
 4338      AB
 4339 1e8b 2FFE4412 		.ascii	"/\376D\022\266\322\316\344\247n\332\345\331\344\343"
 4339      B6D2CEE4 
 4339      A76EDAE5 
 4339      D9E4E3
 4340 1e9a D72146D3 		.ascii	"\327!F\323\237\241b!a\246Uvr\313g93\335\254\027\354"
 4340      9FA16221 
 4340      61A65576 
 4340      72CB6739 
 4340      33DDAC17 
 4341 1eaf CD7DE26A 		.ascii	"\315}\342j\273\372\226\365\323\347\353\241f\2570\371"
 4341      BBFA96F5 
 4341      D3E7EBA1 
 4341      66AF30F9 
 4342 1ebf F1FC574A 		.ascii	"\361\374WJx;\\\2657\376\221\227#k\016\371\372[\275\311"
 4342      783B5CB5 
 4342      37FE9197 
 4342      236B0EF9 
 4342      FA5BBDC9 
 4343 1ed3 7FFD2BAC 		.ascii	"\177\375+\254/\233=\203\353n\273bo\365C7\355\262\344"
 4343      2F9B3D83 
 4343      EB6EBB62 
ARM GAS  /tmp/ccR3beyD.s 			page 169


 4343      6FF54337 
 4343      EDB2E4
 4344 1ee6 BFFE43AA 		.ascii	"\277\376C\252\367;\275\351\267\006\275\376\313\220\260"
 4344      F73BBDE9 
 4344      B706BDFE 
 4344      CB90B0
 4345 1ef5 60D34A57 		.ascii	"`\323JW[\212\274\235\2220\357U\021\314rv\354J\033\342"
 4345      5B8ABC9D 
 4345      9230EF55 
 4345      11CC7276 
 4345      EC4A1BE2 
 4346 1f09 F7B097BD 		.ascii	"\367\260\227\275\321\006\242\3673\004n\204\206\230\345"
 4346      D106A2F7 
 4346      33046E84 
 4346      8698E5
 4347 1f18 0BBB5540 		.ascii	"\013\273U@ Lw_\375\367\241Pr\031\306\211\321\204\003"
 4347      204C775F 
 4347      FDF7A150 
 4347      7219C689 
 4347      D18403
 4348 1f2b F57E6B5D 		.ascii	"\365~k]\202C`-\204l\230\343\353\013\033\231/(\301\016"
 4348      8243602D 
 4348      846C98E3 
 4348      EB0B1B99 
 4348      2F28C10E 
 4349 1f3f 15465B0E 		.ascii	"\025F[\016\334\377\323\352u_\222+_\302\2524\256\004"
 4349      DCFFD3EA 
 4349      755F922B 
 4349      5FC2AA34 
 4349      AE04
 4350 1f51 907F5EBF 		.ascii	"\220\177^\277\346\217d\311h\255\363F\243\234/7\202\205"
 4350      E68F64C9 
 4350      68ADF346 
 4350      A39C2F37 
 4350      8285
 4351 1f63 DAF8273D 		.ascii	"\332\370'=]x\237\007\006\256\204\013\253\374\327CR\300"
 4351      5D789F07 
 4351      06AE840B 
 4351      ABFCD743 
 4351      52C0
 4352 1f75 F59AB040 		.ascii	"\365\232\260@\375\2527\032b \275\206E\246\241&\230\031"
 4352      FDAA371A 
 4352      6220BD86 
 4352      45A6A126 
 4352      9819
 4353 1f87 C4DF0453 		.ascii	"\304\337\004S\363\326r\315\266\367\371/0\311W:\207\266"
 4353      F3D672CD 
 4353      B6F7F92F 
 4353      30C9573A 
 4353      87B6
 4354 1f99 CAD31776 		.ascii	"\312\323\027v3\223\357"
 4354      3393EF
 4355 1fa0 179FAFFA 		.ascii	"\027\237\257\372\315\327\177Z\351\351\027\270\301o#"
 4355      CDD77F5A 
 4355      E9E917B8 
 4355      C16F23
 4356 1faf 19BF8101 		.ascii	"\031\277\201\001\301\372\337\374\360\334\007{d\352/"
ARM GAS  /tmp/ccR3beyD.s 			page 170


 4356      C1FADFFC 
 4356      F0DC077B 
 4356      64EA2F
 4357 1fbe FDF2AB55 		.ascii	"\375\362\253U+W-\375\022\306\350\322\225V\234A\306\000"
 4357      2B572DFD 
 4357      12C6E8D2 
 4357      95569C41 
 4357      C600
 4358 1fd0 A3EF3A7F 		.ascii	"\243\357:\177\177\200\312\266\025\226Y\017\336\031\253"
 4358      7F80CAB6 
 4358      1596590F 
 4358      DE19AB
 4359 1fdf 60CAACB4 		.ascii	"`\312\254\264\266\311_\214\3725\2666\2012\3773\010\272"
 4359      B6C95F8C 
 4359      FA35B636 
 4359      8132FF33 
 4359      08BA
 4360 1ff1 5225A2F2 		.ascii	"R%\242\362\377\000\201\350\340\015"
 4360      FF0081E8 
 4360      E00D
 4361              		.text
 4362              		.section	.gnu.lto_.symtab.9a11cfe527d97cf3,"e",%progbits
 4363 0000 63684D42 		.ascii	"chMBObjectInit\000"
 4363      4F626A65 
 4363      6374496E 
 4363      697400
 4364 000f 00       		.ascii	"\000"
 4365 0010 00       		.ascii	"\000"
 4366 0011 00       		.ascii	"\000"
 4367 0012 00000000 		.ascii	"\000\000\000\000\000\000\000\000"
 4367      00000000 
 4368 001a 5A020000 		.ascii	"Z\002\000\000"
 4369 001e 63684D42 		.ascii	"chMBResetI\000"
 4369      52657365 
 4369      744900
 4370 0029 00       		.ascii	"\000"
 4371 002a 00       		.ascii	"\000"
 4372 002b 00       		.ascii	"\000"
 4373 002c 00000000 		.ascii	"\000\000\000\000\000\000\000\000"
 4373      00000000 
 4374 0034 61020000 		.ascii	"a\002\000\000"
 4375 0038 63684D42 		.ascii	"chMBReset\000"
 4375      52657365 
 4375      7400
 4376 0042 00       		.ascii	"\000"
 4377 0043 00       		.ascii	"\000"
 4378 0044 00       		.ascii	"\000"
 4379 0045 00000000 		.ascii	"\000\000\000\000\000\000\000\000"
 4379      00000000 
 4380 004d B0020000 		.ascii	"\260\002\000\000"
 4381 0051 63684D42 		.ascii	"chMBPostTimeoutS\000"
 4381      506F7374 
 4381      54696D65 
 4381      6F757453 
 4381      00
 4382 0062 00       		.ascii	"\000"
 4383 0063 00       		.ascii	"\000"
ARM GAS  /tmp/ccR3beyD.s 			page 171


 4384 0064 00       		.ascii	"\000"
 4385 0065 00000000 		.ascii	"\000\000\000\000\000\000\000\000"
 4385      00000000 
 4386 006d 6F020000 		.ascii	"o\002\000\000"
 4387 0071 63684D42 		.ascii	"chMBPostTimeout\000"
 4387      506F7374 
 4387      54696D65 
 4387      6F757400 
 4388 0081 00       		.ascii	"\000"
 4389 0082 00       		.ascii	"\000"
 4390 0083 00       		.ascii	"\000"
 4391 0084 00000000 		.ascii	"\000\000\000\000\000\000\000\000"
 4391      00000000 
 4392 008c B2020000 		.ascii	"\262\002\000\000"
 4393 0090 63684D42 		.ascii	"chMBPostI\000"
 4393      506F7374 
 4393      4900
 4394 009a 00       		.ascii	"\000"
 4395 009b 00       		.ascii	"\000"
 4396 009c 00       		.ascii	"\000"
 4397 009d 00000000 		.ascii	"\000\000\000\000\000\000\000\000"
 4397      00000000 
 4398 00a5 7C020000 		.ascii	"|\002\000\000"
 4399 00a9 63684D42 		.ascii	"chMBPostAheadTimeoutS\000"
 4399      506F7374 
 4399      41686561 
 4399      6454696D 
 4399      656F7574 
 4400 00bf 00       		.ascii	"\000"
 4401 00c0 00       		.ascii	"\000"
 4402 00c1 00       		.ascii	"\000"
 4403 00c2 00000000 		.ascii	"\000\000\000\000\000\000\000\000"
 4403      00000000 
 4404 00ca 87020000 		.ascii	"\207\002\000\000"
 4405 00ce 63684D42 		.ascii	"chMBPostAheadTimeout\000"
 4405      506F7374 
 4405      41686561 
 4405      6454696D 
 4405      656F7574 
 4406 00e3 00       		.ascii	"\000"
 4407 00e4 00       		.ascii	"\000"
 4408 00e5 00       		.ascii	"\000"
 4409 00e6 00000000 		.ascii	"\000\000\000\000\000\000\000\000"
 4409      00000000 
 4410 00ee B4020000 		.ascii	"\264\002\000\000"
 4411 00f2 63684D42 		.ascii	"chMBPostAheadI\000"
 4411      506F7374 
 4411      41686561 
 4411      644900
 4412 0101 00       		.ascii	"\000"
 4413 0102 00       		.ascii	"\000"
 4414 0103 00       		.ascii	"\000"
 4415 0104 00000000 		.ascii	"\000\000\000\000\000\000\000\000"
 4415      00000000 
 4416 010c 8C020000 		.ascii	"\214\002\000\000"
 4417 0110 63684D42 		.ascii	"chMBFetchTimeoutS\000"
 4417      46657463 
ARM GAS  /tmp/ccR3beyD.s 			page 172


 4417      6854696D 
 4417      656F7574 
 4417      5300
 4418 0122 00       		.ascii	"\000"
 4419 0123 00       		.ascii	"\000"
 4420 0124 00       		.ascii	"\000"
 4421 0125 00000000 		.ascii	"\000\000\000\000\000\000\000\000"
 4421      00000000 
 4422 012d 9A020000 		.ascii	"\232\002\000\000"
 4423 0131 63684D42 		.ascii	"chMBFetchTimeout\000"
 4423      46657463 
 4423      6854696D 
 4423      656F7574 
 4423      00
 4424 0142 00       		.ascii	"\000"
 4425 0143 00       		.ascii	"\000"
 4426 0144 00       		.ascii	"\000"
 4427 0145 00000000 		.ascii	"\000\000\000\000\000\000\000\000"
 4427      00000000 
 4428 014d B6020000 		.ascii	"\266\002\000\000"
 4429 0151 63684D42 		.ascii	"chMBFetchI\000"
 4429      46657463 
 4429      684900
 4430 015c 00       		.ascii	"\000"
 4431 015d 00       		.ascii	"\000"
 4432 015e 00       		.ascii	"\000"
 4433 015f 00000000 		.ascii	"\000\000\000\000\000\000\000\000"
 4433      00000000 
 4434 0167 A2020000 		.ascii	"\242\002\000\000"
 4435 016b 63683000 		.ascii	"ch0\000"
 4436 016f 00       		.ascii	"\000"
 4437 0170 02       		.ascii	"\002"
 4438 0171 00       		.ascii	"\000"
 4439 0172 00000000 		.ascii	"\000\000\000\000\000\000\000\000"
 4439      00000000 
 4440 017a A8020000 		.ascii	"\250\002\000\000"
 4441 017e 63685379 		.ascii	"chSysHalt\000"
 4441      7348616C 
 4441      7400
 4442 0188 00       		.ascii	"\000"
 4443 0189 02       		.ascii	"\002"
 4444 018a 00       		.ascii	"\000"
 4445 018b 00000000 		.ascii	"\000\000\000\000\000\000\000\000"
 4445      00000000 
 4446 0193 BA020000 		.ascii	"\272\002\000\000"
 4447 0197 5F5F6462 		.ascii	"__dbg_check_unlock\000"
 4447      675F6368 
 4447      65636B5F 
 4447      756E6C6F 
 4447      636B00
 4448 01aa 00       		.ascii	"\000"
 4449 01ab 02       		.ascii	"\002"
 4450 01ac 00       		.ascii	"\000"
 4451 01ad 00000000 		.ascii	"\000\000\000\000\000\000\000\000"
 4451      00000000 
 4452 01b5 C7020000 		.ascii	"\307\002\000\000"
 4453 01b9 63684462 		.ascii	"chDbgCheckClassI\000"
ARM GAS  /tmp/ccR3beyD.s 			page 173


 4453      67436865 
 4453      636B436C 
 4453      61737349 
 4453      00
 4454 01ca 00       		.ascii	"\000"
 4455 01cb 02       		.ascii	"\002"
 4456 01cc 00       		.ascii	"\000"
 4457 01cd 00000000 		.ascii	"\000\000\000\000\000\000\000\000"
 4457      00000000 
 4458 01d5 C9020000 		.ascii	"\311\002\000\000"
 4459 01d9 63685468 		.ascii	"chThdQueueObjectInit\000"
 4459      64517565 
 4459      75654F62 
 4459      6A656374 
 4459      496E6974 
 4460 01ee 00       		.ascii	"\000"
 4461 01ef 02       		.ascii	"\002"
 4462 01f0 00       		.ascii	"\000"
 4463 01f1 00000000 		.ascii	"\000\000\000\000\000\000\000\000"
 4463      00000000 
 4464 01f9 D0020000 		.ascii	"\320\002\000\000"
 4465 01fd 63685468 		.ascii	"chThdDequeueAllI\000"
 4465      64446571 
 4465      75657565 
 4465      416C6C49 
 4465      00
 4466 020e 00       		.ascii	"\000"
 4467 020f 02       		.ascii	"\002"
 4468 0210 00       		.ascii	"\000"
 4469 0211 00000000 		.ascii	"\000\000\000\000\000\000\000\000"
 4469      00000000 
 4470 0219 D5020000 		.ascii	"\325\002\000\000"
 4471 021d 63685363 		.ascii	"chSchRescheduleS\000"
 4471      68526573 
 4471      63686564 
 4471      756C6553 
 4471      00
 4472 022e 00       		.ascii	"\000"
 4473 022f 02       		.ascii	"\002"
 4474 0230 00       		.ascii	"\000"
 4475 0231 00000000 		.ascii	"\000\000\000\000\000\000\000\000"
 4475      00000000 
 4476 0239 D7020000 		.ascii	"\327\002\000\000"
 4477 023d 5F5F6462 		.ascii	"__dbg_check_lock\000"
 4477      675F6368 
 4477      65636B5F 
 4477      6C6F636B 
 4477      00
 4478 024e 00       		.ascii	"\000"
 4479 024f 02       		.ascii	"\002"
 4480 0250 00       		.ascii	"\000"
 4481 0251 00000000 		.ascii	"\000\000\000\000\000\000\000\000"
 4481      00000000 
 4482 0259 D9020000 		.ascii	"\331\002\000\000"
 4483 025d 63685468 		.ascii	"chThdEnqueueTimeoutS\000"
 4483      64456E71 
 4483      75657565 
ARM GAS  /tmp/ccR3beyD.s 			page 174


 4483      54696D65 
 4483      6F757453 
 4484 0272 00       		.ascii	"\000"
 4485 0273 02       		.ascii	"\002"
 4486 0274 00       		.ascii	"\000"
 4487 0275 00000000 		.ascii	"\000\000\000\000\000\000\000\000"
 4487      00000000 
 4488 027d DE020000 		.ascii	"\336\002\000\000"
 4489 0281 63685468 		.ascii	"chThdDequeueNextI\000"
 4489      64446571 
 4489      75657565 
 4489      4E657874 
 4489      4900
 4490 0293 00       		.ascii	"\000"
 4491 0294 02       		.ascii	"\002"
 4492 0295 00       		.ascii	"\000"
 4493 0296 00000000 		.ascii	"\000\000\000\000\000\000\000\000"
 4493      00000000 
 4494 029e E0020000 		.ascii	"\340\002\000\000"
 4495 02a2 63684462 		.ascii	"chDbgCheckClassS\000"
 4495      67436865 
 4495      636B436C 
 4495      61737353 
 4495      00
 4496 02b3 00       		.ascii	"\000"
 4497 02b4 02       		.ascii	"\002"
 4498 02b5 00       		.ascii	"\000"
 4499 02b6 00000000 		.ascii	"\000\000\000\000\000\000\000\000"
 4499      00000000 
 4500 02be E2020000 		.ascii	"\342\002\000\000"
 4501              		.text
 4502              		.section	.gnu.lto_.ext_symtab.9a11cfe527d97cf3,"e",%progbits
 4503 0000 01       		.ascii	"\001"
 4504 0001 01       		.ascii	"\001"
 4505 0002 00       		.ascii	"\000"
 4506 0003 01       		.ascii	"\001"
 4507 0004 00       		.ascii	"\000"
 4508 0005 01       		.ascii	"\001"
 4509 0006 00       		.ascii	"\000"
 4510 0007 01       		.ascii	"\001"
 4511 0008 00       		.ascii	"\000"
 4512 0009 01       		.ascii	"\001"
 4513 000a 00       		.ascii	"\000"
 4514 000b 01       		.ascii	"\001"
 4515 000c 00       		.ascii	"\000"
 4516 000d 01       		.ascii	"\001"
 4517 000e 00       		.ascii	"\000"
 4518 000f 01       		.ascii	"\001"
 4519 0010 00       		.ascii	"\000"
 4520 0011 01       		.ascii	"\001"
 4521 0012 00       		.ascii	"\000"
 4522 0013 01       		.ascii	"\001"
 4523 0014 00       		.ascii	"\000"
 4524 0015 01       		.ascii	"\001"
 4525 0016 00       		.ascii	"\000"
 4526 0017 01       		.ascii	"\001"
 4527 0018 00       		.ascii	"\000"
ARM GAS  /tmp/ccR3beyD.s 			page 175


 4528 0019 02       		.ascii	"\002"
 4529 001a 01       		.ascii	"\001"
 4530 001b 01       		.ascii	"\001"
 4531 001c 00       		.ascii	"\000"
 4532 001d 01       		.ascii	"\001"
 4533 001e 00       		.ascii	"\000"
 4534 001f 01       		.ascii	"\001"
 4535 0020 00       		.ascii	"\000"
 4536 0021 01       		.ascii	"\001"
 4537 0022 00       		.ascii	"\000"
 4538 0023 01       		.ascii	"\001"
 4539 0024 00       		.ascii	"\000"
 4540 0025 01       		.ascii	"\001"
 4541 0026 00       		.ascii	"\000"
 4542 0027 01       		.ascii	"\001"
 4543 0028 00       		.ascii	"\000"
 4544 0029 01       		.ascii	"\001"
 4545 002a 00       		.ascii	"\000"
 4546 002b 01       		.ascii	"\001"
 4547 002c 00       		.ascii	"\000"
 4548 002d 01       		.ascii	"\001"
 4549 002e 00       		.ascii	"\000"
 4550              		.text
 4551              		.section	.gnu.lto_.opts,"e",%progbits
 4552 0000 272D666E 		.ascii	"'-fno-openmp' '-fno-openacc' '-fno-pie' '-fcf-prote"
 4552      6F2D6F70 
 4552      656E6D70 
 4552      2720272D 
 4552      666E6F2D 
 4553 0033 6374696F 		.ascii	"ction=none' '-g' '-mcpu=cortex-m4' '-mthumb' '-mflo"
 4553      6E3D6E6F 
 4553      6E652720 
 4553      272D6727 
 4553      20272D6D 
 4554 0066 61742D61 		.ascii	"at-abi=soft' '-mlibarch=armv7e-m' '-march=armv7e-m'"
 4554      62693D73 
 4554      6F667427 
 4554      20272D6D 
 4554      6C696261 
 4555 0099 20272D4F 		.ascii	" '-O2' '-fomit-frame-pointer' '-falign-functions=16"
 4555      32272027 
 4555      2D666F6D 
 4555      69742D66 
 4555      72616D65 
 4556 00cc 2720272D 		.ascii	"' '-ffunction-sections' '-fdata-sections' '-fno-com"
 4556      6666756E 
 4556      6374696F 
 4556      6E2D7365 
 4556      6374696F 
 4557 00ff 6D6F6E27 		.ascii	"mon' '-flto' '-Xassembler' '-alms=./build/lst/chmbo"
 4557      20272D66 
 4557      6C746F27 
 4557      20272D58 
 4557      61737365 
 4558 0132 7865732E 		.ascii	"xes.lst'\000"
 4558      6C737427 
 4558      00
ARM GAS  /tmp/ccR3beyD.s 			page 176


 4559              		.text
 4560              		.comm	__gnu_lto_slim,1,1
 4561              		.ident	"GCC: (Arm GNU Toolchain 11.3.Rel1) 11.3.1 20220712"
ARM GAS  /tmp/ccR3beyD.s 			page 177


DEFINED SYMBOLS
                            *ABS*:0000000000000000 chmboxes.c
     /tmp/ccR3beyD.s:38     .gnu.debuglto_.debug_info:0000000000000000 chmboxes.c.9b6b473a
                            *COM*:0000000000000001 __gnu_lto_slim

NO UNDEFINED SYMBOLS
