ARM GAS  /tmp/cc4Ftiuk.s 			page 1


   1              		.cpu cortex-m4
   2              		.arch armv7e-m
   3              		.fpu softvfp
   4              		.eabi_attribute 20, 1
   5              		.eabi_attribute 21, 1
   6              		.eabi_attribute 23, 3
   7              		.eabi_attribute 24, 1
   8              		.eabi_attribute 25, 1
   9              		.eabi_attribute 26, 1
  10              		.eabi_attribute 30, 2
  11              		.eabi_attribute 34, 1
  12              		.eabi_attribute 18, 4
  13              		.file	"chmemcore.c"
  14              		.file 1 "/home/rob/Projects/ChibiStudio/ChibiStudio_23/tools/GNU Tools ARM Embedded/11.3.1 2022q3/
  15              		.file 2 "/home/rob/Projects/ChibiStudio/ChibiStudio_23/tools/GNU Tools ARM Embedded/11.3.1 2022q3/
  16              		.file 3 "/home/rob/Projects/ChibiStudio/ChibiStudio_23/tools/GNU Tools ARM Embedded/11.3.1 2022q3/
  17              		.file 4 "../../chibios_trunk/os/common/ports/ARM-common/chtypes.h"
  18              		.file 5 "../../chibios_trunk/os/rt/include/chearly.h"
  19              		.file 6 "../../chibios_trunk/os/rt/include/chobjects.h"
  20              		.file 7 "../../chibios_trunk/os/rt/include/chrfcu.h"
  21              		.file 8 "../../chibios_trunk/os/rt/include/chdebug.h"
  22              		.file 9 "../../chibios_trunk/os/rt/include/chtime.h"
  23              		.file 10 "../../chibios_trunk/os/rt/include/chlists.h"
  24              		.file 11 "../../chibios_trunk/os/rt/include/chtrace.h"
  25              		.file 12 "../../chibios_trunk/os/common/ports/ARMv7-M/chcore.h"
  26              		.file 13 "../../chibios_trunk/os/rt/include/chsem.h"
  27              		.file 14 "../../chibios_trunk/os/rt/include/chmtx.h"
  28              		.file 15 "../../chibios_trunk/os/oslib/include/chmemchecks.h"
  29              		.file 16 "../../chibios_trunk/os/oslib/include/chmemcore.h"
  30              		.file 17 "../../chibios_trunk/os/oslib/src/chmemcore.c"
  31              		.file 18 "../../chibios_trunk/os/rt/include/chsys.h"
  32              		.file 19 "../../chibios_trunk/os/common/ext/ARM/CMSIS/Core/Include/cmsis_gcc.h"
  33              		.section	.gnu.debuglto_.debug_info,"e",%progbits
  34              	.Ldebug_info0:
  35              		.hidden	chmemcore.c.c3dcd2d2
  36              		.weak	chmemcore.c.c3dcd2d2
  37              	chmemcore.c.c3dcd2d2:
  38 0000 6F0B0000 		.4byte	0xb6f
  39 0004 0500     		.2byte	0x5
  40 0006 01       		.byte	0x1
  41 0007 04       		.byte	0x4
  42 0008 00000000 		.4byte	.Ldebug_abbrev0
  43 000c 1E       		.uleb128 0x1e
  44 000d 40020000 		.4byte	.LASF151
  45 0011 1D       		.byte	0x1d
  46 0012 09070000 		.4byte	.LASF152
  47 0016 67060000 		.4byte	.LASF153
  48 001a 00000000 		.4byte	.Ldebug_line0
  49 001e 1F       		.uleb128 0x1f
  50 001f 04       		.byte	0x4
  51 0020 05       		.byte	0x5
  52 0021 696E7400 		.ascii	"int\000"
  53 0025 01       		.uleb128 0x1
  54 0026 20000000 		.4byte	.LASF4
  55 002a 01       		.byte	0x1
  56 002b D1       		.byte	0xd1
  57 002c 17       		.byte	0x17
ARM GAS  /tmp/cc4Ftiuk.s 			page 2


  58 002d 31000000 		.4byte	0x31
  59 0031 05       		.uleb128 0x5
  60 0032 04       		.byte	0x4
  61 0033 07       		.byte	0x7
  62 0034 EE010000 		.4byte	.LASF0
  63 0038 05       		.uleb128 0x5
  64 0039 08       		.byte	0x8
  65 003a 05       		.byte	0x5
  66 003b FE000000 		.4byte	.LASF1
  67 003f 05       		.uleb128 0x5
  68 0040 08       		.byte	0x8
  69 0041 04       		.byte	0x4
  70 0042 F9030000 		.4byte	.LASF2
  71 0046 05       		.uleb128 0x5
  72 0047 01       		.byte	0x1
  73 0048 06       		.byte	0x6
  74 0049 0C010000 		.4byte	.LASF3
  75 004d 01       		.uleb128 0x1
  76 004e 52000000 		.4byte	.LASF5
  77 0052 02       		.byte	0x2
  78 0053 2B       		.byte	0x2b
  79 0054 18       		.byte	0x18
  80 0055 59000000 		.4byte	0x59
  81 0059 05       		.uleb128 0x5
  82 005a 01       		.byte	0x1
  83 005b 08       		.byte	0x8
  84 005c D4040000 		.4byte	.LASF6
  85 0060 05       		.uleb128 0x5
  86 0061 02       		.byte	0x2
  87 0062 05       		.byte	0x5
  88 0063 FC040000 		.4byte	.LASF7
  89 0067 01       		.uleb128 0x1
  90 0068 C5050000 		.4byte	.LASF8
  91 006c 02       		.byte	0x2
  92 006d 39       		.byte	0x39
  93 006e 19       		.byte	0x19
  94 006f 73000000 		.4byte	0x73
  95 0073 05       		.uleb128 0x5
  96 0074 02       		.byte	0x2
  97 0075 07       		.byte	0x7
  98 0076 00030000 		.4byte	.LASF9
  99 007a 01       		.uleb128 0x1
 100 007b 67030000 		.4byte	.LASF10
 101 007f 02       		.byte	0x2
 102 0080 4D       		.byte	0x4d
 103 0081 18       		.byte	0x18
 104 0082 86000000 		.4byte	0x86
 105 0086 05       		.uleb128 0x5
 106 0087 04       		.byte	0x4
 107 0088 05       		.byte	0x5
 108 0089 47010000 		.4byte	.LASF11
 109 008d 01       		.uleb128 0x1
 110 008e 97010000 		.4byte	.LASF12
 111 0092 02       		.byte	0x2
 112 0093 4F       		.byte	0x4f
 113 0094 19       		.byte	0x19
 114 0095 99000000 		.4byte	0x99
ARM GAS  /tmp/cc4Ftiuk.s 			page 3


 115 0099 05       		.uleb128 0x5
 116 009a 04       		.byte	0x4
 117 009b 07       		.byte	0x7
 118 009c A0050000 		.4byte	.LASF13
 119 00a0 01       		.uleb128 0x1
 120 00a1 71040000 		.4byte	.LASF14
 121 00a5 02       		.byte	0x2
 122 00a6 69       		.byte	0x69
 123 00a7 19       		.byte	0x19
 124 00a8 AC000000 		.4byte	0xac
 125 00ac 05       		.uleb128 0x5
 126 00ad 08       		.byte	0x8
 127 00ae 07       		.byte	0x7
 128 00af AA000000 		.4byte	.LASF15
 129 00b3 01       		.uleb128 0x1
 130 00b4 F4060000 		.4byte	.LASF16
 131 00b8 03       		.byte	0x3
 132 00b9 18       		.byte	0x18
 133 00ba 13       		.byte	0x13
 134 00bb 4D000000 		.4byte	0x4d
 135 00bf 01       		.uleb128 0x1
 136 00c0 72010000 		.4byte	.LASF17
 137 00c4 03       		.byte	0x3
 138 00c5 24       		.byte	0x24
 139 00c6 14       		.byte	0x14
 140 00c7 67000000 		.4byte	0x67
 141 00cb 01       		.uleb128 0x1
 142 00cc CC040000 		.4byte	.LASF18
 143 00d0 03       		.byte	0x3
 144 00d1 2C       		.byte	0x2c
 145 00d2 13       		.byte	0x13
 146 00d3 7A000000 		.4byte	0x7a
 147 00d7 01       		.uleb128 0x1
 148 00d8 7A050000 		.4byte	.LASF19
 149 00dc 03       		.byte	0x3
 150 00dd 30       		.byte	0x30
 151 00de 14       		.byte	0x14
 152 00df 8D000000 		.4byte	0x8d
 153 00e3 01       		.uleb128 0x1
 154 00e4 39000000 		.4byte	.LASF20
 155 00e8 03       		.byte	0x3
 156 00e9 3C       		.byte	0x3c
 157 00ea 14       		.byte	0x14
 158 00eb A0000000 		.4byte	0xa0
 159 00ef 1A       		.uleb128 0x1a
 160 00f0 E3000000 		.4byte	0xe3
 161 00f4 01       		.uleb128 0x1
 162 00f5 8A050000 		.4byte	.LASF21
 163 00f9 04       		.byte	0x4
 164 00fa 48       		.byte	0x48
 165 00fb 1D       		.byte	0x1d
 166 00fc E3000000 		.4byte	0xe3
 167 0100 01       		.uleb128 0x1
 168 0101 85030000 		.4byte	.LASF22
 169 0105 05       		.byte	0x5
 170 0106 50       		.byte	0x50
 171 0107 19       		.byte	0x19
ARM GAS  /tmp/cc4Ftiuk.s 			page 4


 172 0108 F4000000 		.4byte	0xf4
 173 010c 01       		.uleb128 0x1
 174 010d 3D030000 		.4byte	.LASF23
 175 0111 05       		.byte	0x5
 176 0112 53       		.byte	0x53
 177 0113 19       		.byte	0x19
 178 0114 B3000000 		.4byte	0xb3
 179 0118 01       		.uleb128 0x1
 180 0119 50010000 		.4byte	.LASF24
 181 011d 05       		.byte	0x5
 182 011e 54       		.byte	0x54
 183 011f 19       		.byte	0x19
 184 0120 B3000000 		.4byte	0xb3
 185 0124 01       		.uleb128 0x1
 186 0125 A1040000 		.4byte	.LASF25
 187 0129 05       		.byte	0x5
 188 012a 55       		.byte	0x55
 189 012b 19       		.byte	0x19
 190 012c B3000000 		.4byte	0xb3
 191 0130 01       		.uleb128 0x1
 192 0131 AE040000 		.4byte	.LASF26
 193 0135 05       		.byte	0x5
 194 0136 57       		.byte	0x57
 195 0137 19       		.byte	0x19
 196 0138 D7000000 		.4byte	0xd7
 197 013c 01       		.uleb128 0x1
 198 013d 1D030000 		.4byte	.LASF27
 199 0141 05       		.byte	0x5
 200 0142 58       		.byte	0x58
 201 0143 19       		.byte	0x19
 202 0144 CB000000 		.4byte	0xcb
 203 0148 01       		.uleb128 0x1
 204 0149 5B030000 		.4byte	.LASF28
 205 014d 05       		.byte	0x5
 206 014e 5A       		.byte	0x5a
 207 014f 19       		.byte	0x19
 208 0150 D7000000 		.4byte	0xd7
 209 0154 01       		.uleb128 0x1
 210 0155 DF010000 		.4byte	.LASF29
 211 0159 05       		.byte	0x5
 212 015a 5C       		.byte	0x5c
 213 015b 19       		.byte	0x19
 214 015c CB000000 		.4byte	0xcb
 215 0160 01       		.uleb128 0x1
 216 0161 97040000 		.4byte	.LASF30
 217 0165 05       		.byte	0x5
 218 0166 80       		.byte	0x80
 219 0167 12       		.byte	0x12
 220 0168 31000000 		.4byte	0x31
 221 016c 01       		.uleb128 0x1
 222 016d D0050000 		.4byte	.LASF31
 223 0171 05       		.byte	0x5
 224 0172 85       		.byte	0x85
 225 0173 1A       		.byte	0x1a
 226 0174 78010000 		.4byte	0x178
 227 0178 08       		.uleb128 0x8
 228 0179 13030000 		.4byte	.LASF47
ARM GAS  /tmp/cc4Ftiuk.s 			page 5


 229 017d 4C       		.byte	0x4c
 230 017e 06       		.byte	0x6
 231 017f 9C       		.byte	0x9c
 232 0180 08       		.byte	0x8
 233 0181 62020000 		.4byte	0x262
 234 0185 09       		.uleb128 0x9
 235 0186 68647200 		.ascii	"hdr\000"
 236 018a 06       		.byte	0x6
 237 018b AD       		.byte	0xad
 238 018c 05       		.byte	0x5
 239 018d 32070000 		.4byte	0x732
 240 0191 00       		.byte	0
 241 0192 09       		.uleb128 0x9
 242 0193 63747800 		.ascii	"ctx\000"
 243 0197 06       		.byte	0x6
 244 0198 B1       		.byte	0xb1
 245 0199 21       		.byte	0x21
 246 019a 9D060000 		.4byte	0x69d
 247 019e 0C       		.byte	0xc
 248 019f 02       		.uleb128 0x2
 249 01a0 1B020000 		.4byte	.LASF32
 250 01a4 06       		.byte	0x6
 251 01a5 B6       		.byte	0xb6
 252 01a6 21       		.byte	0x21
 253 01a7 C2030000 		.4byte	0x3c2
 254 01ab 10       		.byte	0x10
 255 01ac 02       		.uleb128 0x2
 256 01ad 9A050000 		.4byte	.LASF33
 257 01b1 06       		.byte	0x6
 258 01b2 BB       		.byte	0xbb
 259 01b3 22       		.byte	0x22
 260 01b4 34080000 		.4byte	0x834
 261 01b8 18       		.byte	0x18
 262 01b9 02       		.uleb128 0x2
 263 01ba 2D020000 		.4byte	.LASF34
 264 01be 06       		.byte	0x6
 265 01bf C0       		.byte	0xc0
 266 01c0 22       		.byte	0x22
 267 01c1 5C030000 		.4byte	0x35c
 268 01c5 1C       		.byte	0x1c
 269 01c6 02       		.uleb128 0x2
 270 01c7 B2050000 		.4byte	.LASF35
 271 01cb 06       		.byte	0x6
 272 01cc C9       		.byte	0xc9
 273 01cd 22       		.byte	0x22
 274 01ce 39080000 		.4byte	0x839
 275 01d2 20       		.byte	0x20
 276 01d3 02       		.uleb128 0x2
 277 01d4 A2010000 		.4byte	.LASF36
 278 01d8 06       		.byte	0x6
 279 01d9 CE       		.byte	0xce
 280 01da 22       		.byte	0x22
 281 01db 39080000 		.4byte	0x839
 282 01df 24       		.byte	0x24
 283 01e0 02       		.uleb128 0x2
 284 01e1 41010000 		.4byte	.LASF37
 285 01e5 06       		.byte	0x6
ARM GAS  /tmp/cc4Ftiuk.s 			page 6


 286 01e6 D3       		.byte	0xd3
 287 01e7 21       		.byte	0x21
 288 01e8 18010000 		.4byte	0x118
 289 01ec 28       		.byte	0x28
 290 01ed 02       		.uleb128 0x2
 291 01ee FC060000 		.4byte	.LASF38
 292 01f2 06       		.byte	0x6
 293 01f3 D7       		.byte	0xd7
 294 01f4 21       		.byte	0x21
 295 01f5 0C010000 		.4byte	0x10c
 296 01f9 29       		.byte	0x29
 297 01fa 02       		.uleb128 0x2
 298 01fb F9000000 		.4byte	.LASF39
 299 01ff 06       		.byte	0x6
 300 0200 DC       		.byte	0xdc
 301 0201 21       		.byte	0x21
 302 0202 24010000 		.4byte	0x124
 303 0206 2A       		.byte	0x2a
 304 0207 06       		.uleb128 0x6
 305 0208 7500     		.ascii	"u\000"
 306 020a 06       		.byte	0x6
 307 020b 2D01     		.2byte	0x12d
 308 020d 21       		.byte	0x21
 309 020e 5F070000 		.4byte	0x75f
 310 0212 2C       		.byte	0x2c
 311 0213 03       		.uleb128 0x3
 312 0214 A8010000 		.4byte	.LASF40
 313 0218 3201     		.2byte	0x132
 314 021a 21       		.byte	0x21
 315 021b 96030000 		.4byte	0x396
 316 021f 30       		.byte	0x30
 317 0220 03       		.uleb128 0x3
 318 0221 E5010000 		.4byte	.LASF41
 319 0225 3801     		.2byte	0x138
 320 0227 21       		.byte	0x21
 321 0228 C2030000 		.4byte	0x3c2
 322 022c 34       		.byte	0x34
 323 022d 03       		.uleb128 0x3
 324 022e 23030000 		.4byte	.LASF42
 325 0232 3E01     		.2byte	0x13e
 326 0234 21       		.byte	0x21
 327 0235 48010000 		.4byte	0x148
 328 0239 3C       		.byte	0x3c
 329 023a 03       		.uleb128 0x3
 330 023b 6D070000 		.4byte	.LASF43
 331 023f 4501     		.2byte	0x145
 332 0241 22       		.byte	0x22
 333 0242 2F080000 		.4byte	0x82f
 334 0246 40       		.byte	0x40
 335 0247 03       		.uleb128 0x3
 336 0248 AE030000 		.4byte	.LASF44
 337 024c 4901     		.2byte	0x149
 338 024e 21       		.byte	0x21
 339 024f 30010000 		.4byte	0x130
 340 0253 44       		.byte	0x44
 341 0254 03       		.uleb128 0x3
 342 0255 BA060000 		.4byte	.LASF45
ARM GAS  /tmp/cc4Ftiuk.s 			page 7


 343 0259 5001     		.2byte	0x150
 344 025b 22       		.byte	0x22
 345 025c B0040000 		.4byte	0x4b0
 346 0260 48       		.byte	0x48
 347 0261 00       		.byte	0
 348 0262 01       		.uleb128 0x1
 349 0263 30060000 		.4byte	.LASF46
 350 0267 05       		.byte	0x5
 351 0268 8A       		.byte	0x8a
 352 0269 1F       		.byte	0x1f
 353 026a 6E020000 		.4byte	0x26e
 354 026e 20       		.uleb128 0x20
 355 026f 1A060000 		.4byte	.LASF48
 356 0273 A008     		.2byte	0x8a0
 357 0275 06       		.byte	0x6
 358 0276 8F01     		.2byte	0x18f
 359 0278 08       		.byte	0x8
 360 0279 F4020000 		.4byte	0x2f4
 361 027d 03       		.uleb128 0x3
 362 027e EE060000 		.4byte	.LASF49
 363 0282 9301     		.2byte	0x193
 364 0284 21       		.byte	0x21
 365 0285 67080000 		.4byte	0x867
 366 0289 00       		.byte	0
 367 028a 03       		.uleb128 0x3
 368 028b 2E010000 		.4byte	.LASF50
 369 028f 9701     		.2byte	0x197
 370 0291 21       		.byte	0x21
 371 0292 F3060000 		.4byte	0x6f3
 372 0296 10       		.byte	0x10
 373 0297 03       		.uleb128 0x3
 374 0298 3E060000 		.4byte	.LASF51
 375 029c 9E01     		.2byte	0x19e
 376 029e 21       		.byte	0x21
 377 029f 1A070000 		.4byte	0x71a
 378 02a3 28       		.byte	0x28
 379 02a4 03       		.uleb128 0x3
 380 02a5 38020000 		.4byte	.LASF52
 381 02a9 A301     		.2byte	0x1a3
 382 02ab 21       		.byte	0x21
 383 02ac 60010000 		.4byte	0x160
 384 02b0 30       		.byte	0x30
 385 02b1 03       		.uleb128 0x3
 386 02b2 1B000000 		.4byte	.LASF53
 387 02b6 A901     		.2byte	0x1a9
 388 02b8 21       		.byte	0x21
 389 02b9 1B030000 		.4byte	0x31b
 390 02bd 34       		.byte	0x34
 391 02be 03       		.uleb128 0x3
 392 02bf BE050000 		.4byte	.LASF54
 393 02c3 AE01     		.2byte	0x1ae
 394 02c5 22       		.byte	0x22
 395 02c6 D2080000 		.4byte	0x8d2
 396 02ca 38       		.byte	0x38
 397 02cb 03       		.uleb128 0x3
 398 02cc CA000000 		.4byte	.LASF55
 399 02d0 B201     		.2byte	0x1b2
ARM GAS  /tmp/cc4Ftiuk.s 			page 8


 400 02d2 21       		.byte	0x21
 401 02d3 6C010000 		.4byte	0x16c
 402 02d7 3C       		.byte	0x3c
 403 02d8 06       		.uleb128 0x6
 404 02d9 64626700 		.ascii	"dbg\000"
 405 02dd 06       		.byte	0x6
 406 02de B601     		.2byte	0x1b6
 407 02e0 21       		.byte	0x21
 408 02e1 72030000 		.4byte	0x372
 409 02e5 88       		.byte	0x88
 410 02e6 03       		.uleb128 0x3
 411 02e7 36070000 		.4byte	.LASF56
 412 02eb BB01     		.2byte	0x1bb
 413 02ed 21       		.byte	0x21
 414 02ee 0B060000 		.4byte	0x60b
 415 02f2 94       		.byte	0x94
 416 02f3 00       		.byte	0
 417 02f4 01       		.uleb128 0x1
 418 02f5 B7030000 		.4byte	.LASF57
 419 02f9 07       		.byte	0x7
 420 02fa 3F       		.byte	0x3f
 421 02fb 12       		.byte	0x12
 422 02fc D7000000 		.4byte	0xd7
 423 0300 08       		.uleb128 0x8
 424 0301 59010000 		.4byte	.LASF58
 425 0305 04       		.byte	0x4
 426 0306 07       		.byte	0x7
 427 0307 44       		.byte	0x44
 428 0308 10       		.byte	0x10
 429 0309 1B030000 		.4byte	0x31b
 430 030d 02       		.uleb128 0x2
 431 030e E1060000 		.4byte	.LASF59
 432 0312 07       		.byte	0x7
 433 0313 48       		.byte	0x48
 434 0314 21       		.byte	0x21
 435 0315 F4020000 		.4byte	0x2f4
 436 0319 00       		.byte	0
 437 031a 00       		.byte	0
 438 031b 01       		.uleb128 0x1
 439 031c F5040000 		.4byte	.LASF60
 440 0320 07       		.byte	0x7
 441 0321 49       		.byte	0x49
 442 0322 03       		.byte	0x3
 443 0323 00030000 		.4byte	0x300
 444 0327 08       		.uleb128 0x8
 445 0328 B6040000 		.4byte	.LASF61
 446 032c 0C       		.byte	0xc
 447 032d 08       		.byte	0x8
 448 032e 3E       		.byte	0x3e
 449 032f 10       		.byte	0x10
 450 0330 5C030000 		.4byte	0x35c
 451 0334 02       		.uleb128 0x2
 452 0335 09060000 		.4byte	.LASF62
 453 0339 08       		.byte	0x8
 454 033a 46       		.byte	0x46
 455 033b 24       		.byte	0x24
 456 033c 61030000 		.4byte	0x361
ARM GAS  /tmp/cc4Ftiuk.s 			page 9


 457 0340 00       		.byte	0
 458 0341 02       		.uleb128 0x2
 459 0342 E6060000 		.4byte	.LASF63
 460 0346 08       		.byte	0x8
 461 0347 4B       		.byte	0x4b
 462 0348 19       		.byte	0x19
 463 0349 54010000 		.4byte	0x154
 464 034d 04       		.byte	0x4
 465 034e 02       		.uleb128 0x2
 466 034f C8010000 		.4byte	.LASF64
 467 0353 08       		.byte	0x8
 468 0354 4F       		.byte	0x4f
 469 0355 19       		.byte	0x19
 470 0356 54010000 		.4byte	0x154
 471 035a 08       		.byte	0x8
 472 035b 00       		.byte	0
 473 035c 04       		.uleb128 0x4
 474 035d 6D030000 		.4byte	0x36d
 475 0361 1A       		.uleb128 0x1a
 476 0362 5C030000 		.4byte	0x35c
 477 0366 05       		.uleb128 0x5
 478 0367 01       		.byte	0x1
 479 0368 08       		.byte	0x8
 480 0369 B9050000 		.4byte	.LASF65
 481 036d 0D       		.uleb128 0xd
 482 036e 66030000 		.4byte	0x366
 483 0372 01       		.uleb128 0x1
 484 0373 6D000000 		.4byte	.LASF66
 485 0377 08       		.byte	0x8
 486 0378 51       		.byte	0x51
 487 0379 03       		.byte	0x3
 488 037a 27030000 		.4byte	0x327
 489 037e 01       		.uleb128 0x1
 490 037f EA050000 		.4byte	.LASF67
 491 0383 09       		.byte	0x9
 492 0384 6D       		.byte	0x6d
 493 0385 12       		.byte	0x12
 494 0386 D7000000 		.4byte	0xd7
 495 038a 01       		.uleb128 0x1
 496 038b D1010000 		.4byte	.LASF68
 497 038f 09       		.byte	0x9
 498 0390 79       		.byte	0x79
 499 0391 12       		.byte	0x12
 500 0392 D7000000 		.4byte	0xd7
 501 0396 01       		.uleb128 0x1
 502 0397 05040000 		.4byte	.LASF69
 503 039b 0A       		.byte	0xa
 504 039c 32       		.byte	0x32
 505 039d 18       		.byte	0x18
 506 039e A2030000 		.4byte	0x3a2
 507 03a2 08       		.uleb128 0x8
 508 03a3 45030000 		.4byte	.LASF70
 509 03a7 04       		.byte	0x4
 510 03a8 0A       		.byte	0xa
 511 03a9 38       		.byte	0x38
 512 03aa 08       		.byte	0x8
 513 03ab BD030000 		.4byte	0x3bd
ARM GAS  /tmp/cc4Ftiuk.s 			page 10


 514 03af 02       		.uleb128 0x2
 515 03b0 27000000 		.4byte	.LASF71
 516 03b4 0A       		.byte	0xa
 517 03b5 39       		.byte	0x39
 518 03b6 1A       		.byte	0x1a
 519 03b7 BD030000 		.4byte	0x3bd
 520 03bb 00       		.byte	0
 521 03bc 00       		.byte	0
 522 03bd 04       		.uleb128 0x4
 523 03be 96030000 		.4byte	0x396
 524 03c2 01       		.uleb128 0x1
 525 03c3 22020000 		.4byte	.LASF72
 526 03c7 0A       		.byte	0xa
 527 03c8 3F       		.byte	0x3f
 528 03c9 19       		.byte	0x19
 529 03ca CE030000 		.4byte	0x3ce
 530 03ce 08       		.uleb128 0x8
 531 03cf 61010000 		.4byte	.LASF73
 532 03d3 08       		.byte	0x8
 533 03d4 0A       		.byte	0xa
 534 03d5 45       		.byte	0x45
 535 03d6 08       		.byte	0x8
 536 03d7 F6030000 		.4byte	0x3f6
 537 03db 02       		.uleb128 0x2
 538 03dc 27000000 		.4byte	.LASF71
 539 03e0 0A       		.byte	0xa
 540 03e1 46       		.byte	0x46
 541 03e2 1A       		.byte	0x1a
 542 03e3 F6030000 		.4byte	0x3f6
 543 03e7 00       		.byte	0
 544 03e8 02       		.uleb128 0x2
 545 03e9 5C000000 		.4byte	.LASF74
 546 03ed 0A       		.byte	0xa
 547 03ee 47       		.byte	0x47
 548 03ef 1A       		.byte	0x1a
 549 03f0 F6030000 		.4byte	0x3f6
 550 03f4 04       		.byte	0x4
 551 03f5 00       		.byte	0
 552 03f6 04       		.uleb128 0x4
 553 03f7 C2030000 		.4byte	0x3c2
 554 03fb 01       		.uleb128 0x1
 555 03fc 81000000 		.4byte	.LASF75
 556 0400 0A       		.byte	0xa
 557 0401 4E       		.byte	0x4e
 558 0402 22       		.byte	0x22
 559 0403 07040000 		.4byte	0x407
 560 0407 08       		.uleb128 0x8
 561 0408 46060000 		.4byte	.LASF76
 562 040c 0C       		.byte	0xc
 563 040d 0A       		.byte	0xa
 564 040e 55       		.byte	0x55
 565 040f 08       		.byte	0x8
 566 0410 3C040000 		.4byte	0x43c
 567 0414 02       		.uleb128 0x2
 568 0415 27000000 		.4byte	.LASF71
 569 0419 0A       		.byte	0xa
 570 041a 56       		.byte	0x56
ARM GAS  /tmp/cc4Ftiuk.s 			page 11


 571 041b 1A       		.byte	0x1a
 572 041c 3C040000 		.4byte	0x43c
 573 0420 00       		.byte	0
 574 0421 02       		.uleb128 0x2
 575 0422 5C000000 		.4byte	.LASF74
 576 0426 0A       		.byte	0xa
 577 0427 57       		.byte	0x57
 578 0428 1A       		.byte	0x1a
 579 0429 3C040000 		.4byte	0x43c
 580 042d 04       		.byte	0x4
 581 042e 02       		.uleb128 0x2
 582 042f 64040000 		.4byte	.LASF77
 583 0433 0A       		.byte	0xa
 584 0434 58       		.byte	0x58
 585 0435 19       		.byte	0x19
 586 0436 30010000 		.4byte	0x130
 587 043a 08       		.byte	0x8
 588 043b 00       		.byte	0
 589 043c 04       		.uleb128 0x4
 590 043d FB030000 		.4byte	0x3fb
 591 0441 01       		.uleb128 0x1
 592 0442 7B010000 		.4byte	.LASF78
 593 0446 0A       		.byte	0xa
 594 0447 5F       		.byte	0x5f
 595 0448 1E       		.byte	0x1e
 596 0449 4D040000 		.4byte	0x44d
 597 044d 08       		.uleb128 0x8
 598 044e 18010000 		.4byte	.LASF79
 599 0452 0C       		.byte	0xc
 600 0453 0A       		.byte	0xa
 601 0454 64       		.byte	0x64
 602 0455 08       		.byte	0x8
 603 0456 82040000 		.4byte	0x482
 604 045a 02       		.uleb128 0x2
 605 045b 27000000 		.4byte	.LASF71
 606 045f 0A       		.byte	0xa
 607 0460 65       		.byte	0x65
 608 0461 1A       		.byte	0x1a
 609 0462 82040000 		.4byte	0x482
 610 0466 00       		.byte	0
 611 0467 02       		.uleb128 0x2
 612 0468 5C000000 		.4byte	.LASF74
 613 046c 0A       		.byte	0xa
 614 046d 66       		.byte	0x66
 615 046e 1A       		.byte	0x1a
 616 046f 82040000 		.4byte	0x482
 617 0473 04       		.byte	0x4
 618 0474 02       		.uleb128 0x2
 619 0475 2C000000 		.4byte	.LASF80
 620 0479 0A       		.byte	0xa
 621 047a 67       		.byte	0x67
 622 047b 19       		.byte	0x19
 623 047c 8A030000 		.4byte	0x38a
 624 0480 08       		.byte	0x8
 625 0481 00       		.byte	0
 626 0482 04       		.uleb128 0x4
 627 0483 41040000 		.4byte	0x441
ARM GAS  /tmp/cc4Ftiuk.s 			page 12


 628 0487 0A       		.uleb128 0xa
 629 0488 08       		.byte	0x8
 630 0489 0B       		.byte	0xb
 631 048a 83       		.byte	0x83
 632 048b 05       		.byte	0x5
 633 048c AB040000 		.4byte	0x4ab
 634 0490 09       		.uleb128 0x9
 635 0491 6E747000 		.ascii	"ntp\000"
 636 0495 0B       		.byte	0xb
 637 0496 87       		.byte	0x87
 638 0497 1E       		.byte	0x1e
 639 0498 AB040000 		.4byte	0x4ab
 640 049c 00       		.byte	0
 641 049d 02       		.uleb128 0x2
 642 049e 02070000 		.4byte	.LASF81
 643 04a2 0B       		.byte	0xb
 644 04a3 8B       		.byte	0x8b
 645 04a4 1E       		.byte	0x1e
 646 04a5 B0040000 		.4byte	0x4b0
 647 04a9 04       		.byte	0x4
 648 04aa 00       		.byte	0
 649 04ab 04       		.uleb128 0x4
 650 04ac 6C010000 		.4byte	0x16c
 651 04b0 21       		.uleb128 0x21
 652 04b1 04       		.byte	0x4
 653 04b2 0A       		.uleb128 0xa
 654 04b3 08       		.byte	0x8
 655 04b4 0B       		.byte	0xb
 656 04b5 90       		.byte	0x90
 657 04b6 05       		.byte	0x5
 658 04b7 D5040000 		.4byte	0x4d5
 659 04bb 09       		.uleb128 0x9
 660 04bc 747000   		.ascii	"tp\000"
 661 04bf 0B       		.byte	0xb
 662 04c0 94       		.byte	0x94
 663 04c1 1E       		.byte	0x1e
 664 04c2 AB040000 		.4byte	0x4ab
 665 04c6 00       		.byte	0
 666 04c7 09       		.uleb128 0x9
 667 04c8 6D736700 		.ascii	"msg\000"
 668 04cc 0B       		.byte	0xb
 669 04cd 98       		.byte	0x98
 670 04ce 1D       		.byte	0x1d
 671 04cf 3C010000 		.4byte	0x13c
 672 04d3 04       		.byte	0x4
 673 04d4 00       		.byte	0
 674 04d5 0A       		.uleb128 0xa
 675 04d6 04       		.byte	0x4
 676 04d7 0B       		.byte	0xb
 677 04d8 9D       		.byte	0x9d
 678 04d9 05       		.byte	0x5
 679 04da EC040000 		.4byte	0x4ec
 680 04de 02       		.uleb128 0x2
 681 04df 2D020000 		.4byte	.LASF34
 682 04e3 0B       		.byte	0xb
 683 04e4 A1       		.byte	0xa1
 684 04e5 1E       		.byte	0x1e
ARM GAS  /tmp/cc4Ftiuk.s 			page 13


 685 04e6 5C030000 		.4byte	0x35c
 686 04ea 00       		.byte	0
 687 04eb 00       		.byte	0
 688 04ec 0A       		.uleb128 0xa
 689 04ed 04       		.byte	0x4
 690 04ee 0B       		.byte	0xb
 691 04ef A6       		.byte	0xa6
 692 04f0 05       		.byte	0x5
 693 04f1 03050000 		.4byte	0x503
 694 04f5 02       		.uleb128 0x2
 695 04f6 4A050000 		.4byte	.LASF82
 696 04fa 0B       		.byte	0xb
 697 04fb AA       		.byte	0xaa
 698 04fc 1E       		.byte	0x1e
 699 04fd 5C030000 		.4byte	0x35c
 700 0501 00       		.byte	0
 701 0502 00       		.byte	0
 702 0503 0A       		.uleb128 0xa
 703 0504 08       		.byte	0x8
 704 0505 0B       		.byte	0xb
 705 0506 AF       		.byte	0xaf
 706 0507 05       		.byte	0x5
 707 0508 27050000 		.4byte	0x527
 708 050c 09       		.uleb128 0x9
 709 050d 75703100 		.ascii	"up1\000"
 710 0511 0B       		.byte	0xb
 711 0512 B3       		.byte	0xb3
 712 0513 1E       		.byte	0x1e
 713 0514 B0040000 		.4byte	0x4b0
 714 0518 00       		.byte	0
 715 0519 09       		.uleb128 0x9
 716 051a 75703200 		.ascii	"up2\000"
 717 051e 0B       		.byte	0xb
 718 051f B7       		.byte	0xb7
 719 0520 1E       		.byte	0x1e
 720 0521 B0040000 		.4byte	0x4b0
 721 0525 04       		.byte	0x4
 722 0526 00       		.byte	0
 723 0527 13       		.uleb128 0x13
 724 0528 08       		.byte	0x8
 725 0529 0B       		.byte	0xb
 726 052a 7F       		.byte	0x7f
 727 052b 65050000 		.4byte	0x565
 728 052f 14       		.uleb128 0x14
 729 0530 737700   		.ascii	"sw\000"
 730 0533 8C       		.byte	0x8c
 731 0534 87040000 		.4byte	0x487
 732 0538 14       		.uleb128 0x14
 733 0539 72647900 		.ascii	"rdy\000"
 734 053d 99       		.byte	0x99
 735 053e B2040000 		.4byte	0x4b2
 736 0542 14       		.uleb128 0x14
 737 0543 69737200 		.ascii	"isr\000"
 738 0547 A2       		.byte	0xa2
 739 0548 D5040000 		.4byte	0x4d5
 740 054c 0B       		.uleb128 0xb
 741 054d 0F050000 		.4byte	.LASF83
ARM GAS  /tmp/cc4Ftiuk.s 			page 14


 742 0551 0B       		.byte	0xb
 743 0552 AB       		.byte	0xab
 744 0553 07       		.byte	0x7
 745 0554 EC040000 		.4byte	0x4ec
 746 0558 0B       		.uleb128 0xb
 747 0559 A9040000 		.4byte	.LASF84
 748 055d 0B       		.byte	0xb
 749 055e B8       		.byte	0xb8
 750 055f 07       		.byte	0x7
 751 0560 03050000 		.4byte	0x503
 752 0564 00       		.byte	0
 753 0565 0A       		.uleb128 0xa
 754 0566 10       		.byte	0x10
 755 0567 0B       		.byte	0xb
 756 0568 6C       		.byte	0x6c
 757 0569 09       		.byte	0x9
 758 056a AB050000 		.4byte	0x5ab
 759 056e 15       		.uleb128 0x15
 760 056f 7C000000 		.4byte	.LASF85
 761 0573 70       		.byte	0x70
 762 0574 D7000000 		.4byte	0xd7
 763 0578 03       		.byte	0x3
 764 0579 00       		.byte	0
 765 057a 15       		.uleb128 0x15
 766 057b 41010000 		.4byte	.LASF37
 767 057f 74       		.byte	0x74
 768 0580 D7000000 		.4byte	0xd7
 769 0584 05       		.byte	0x5
 770 0585 03       		.byte	0x3
 771 0586 15       		.uleb128 0x15
 772 0587 90030000 		.4byte	.LASF86
 773 058b 7A       		.byte	0x7a
 774 058c D7000000 		.4byte	0xd7
 775 0590 18       		.byte	0x18
 776 0591 08       		.byte	0x8
 777 0592 02       		.uleb128 0x2
 778 0593 5F040000 		.4byte	.LASF87
 779 0597 0B       		.byte	0xb
 780 0598 7E       		.byte	0x7e
 781 0599 19       		.byte	0x19
 782 059a 7E030000 		.4byte	0x37e
 783 059e 04       		.byte	0x4
 784 059f 09       		.uleb128 0x9
 785 05a0 7500     		.ascii	"u\000"
 786 05a2 0B       		.byte	0xb
 787 05a3 B9       		.byte	0xb9
 788 05a4 05       		.byte	0x5
 789 05a5 27050000 		.4byte	0x527
 790 05a9 08       		.byte	0x8
 791 05aa 00       		.byte	0
 792 05ab 01       		.uleb128 0x1
 793 05ac 2E040000 		.4byte	.LASF88
 794 05b0 0B       		.byte	0xb
 795 05b1 BA       		.byte	0xba
 796 05b2 03       		.byte	0x3
 797 05b3 65050000 		.4byte	0x565
 798 05b7 22       		.uleb128 0x22
ARM GAS  /tmp/cc4Ftiuk.s 			page 15


 799 05b8 0808     		.2byte	0x808
 800 05ba 0B       		.byte	0xb
 801 05bb C0       		.byte	0xc0
 802 05bc 09       		.byte	0x9
 803 05bd F6050000 		.4byte	0x5f6
 804 05c1 02       		.uleb128 0x2
 805 05c2 24040000 		.4byte	.LASF89
 806 05c6 0B       		.byte	0xb
 807 05c7 C4       		.byte	0xc4
 808 05c8 19       		.byte	0x19
 809 05c9 BF000000 		.4byte	0xbf
 810 05cd 00       		.byte	0
 811 05ce 02       		.uleb128 0x2
 812 05cf FB020000 		.4byte	.LASF90
 813 05d3 0B       		.byte	0xb
 814 05d4 C8       		.byte	0xc8
 815 05d5 19       		.byte	0x19
 816 05d6 BF000000 		.4byte	0xbf
 817 05da 02       		.byte	0x2
 818 05db 09       		.uleb128 0x9
 819 05dc 70747200 		.ascii	"ptr\000"
 820 05e0 0B       		.byte	0xb
 821 05e1 CC       		.byte	0xcc
 822 05e2 1A       		.byte	0x1a
 823 05e3 F6050000 		.4byte	0x5f6
 824 05e7 04       		.byte	0x4
 825 05e8 02       		.uleb128 0x2
 826 05e9 F4050000 		.4byte	.LASF91
 827 05ed 0B       		.byte	0xb
 828 05ee D0       		.byte	0xd0
 829 05ef 19       		.byte	0x19
 830 05f0 FB050000 		.4byte	0x5fb
 831 05f4 08       		.byte	0x8
 832 05f5 00       		.byte	0
 833 05f6 04       		.uleb128 0x4
 834 05f7 AB050000 		.4byte	0x5ab
 835 05fb 0E       		.uleb128 0xe
 836 05fc AB050000 		.4byte	0x5ab
 837 0600 0B060000 		.4byte	0x60b
 838 0604 0F       		.uleb128 0xf
 839 0605 31000000 		.4byte	0x31
 840 0609 7F       		.byte	0x7f
 841 060a 00       		.byte	0
 842 060b 01       		.uleb128 0x1
 843 060c 21050000 		.4byte	.LASF92
 844 0610 0B       		.byte	0xb
 845 0611 D1       		.byte	0xd1
 846 0612 03       		.byte	0x3
 847 0613 B7050000 		.4byte	0x5b7
 848 0617 10       		.uleb128 0x10
 849 0618 61000000 		.4byte	.LASF93
 850 061c 24       		.byte	0x24
 851 061d 0C       		.byte	0xc
 852 061e BB01     		.2byte	0x1bb
 853 0620 08       		.byte	0x8
 854 0621 9D060000 		.4byte	0x69d
 855 0625 06       		.uleb128 0x6
ARM GAS  /tmp/cc4Ftiuk.s 			page 16


 856 0626 723400   		.ascii	"r4\000"
 857 0629 0C       		.byte	0xc
 858 062a CE01     		.2byte	0x1ce
 859 062c 11       		.byte	0x11
 860 062d D7000000 		.4byte	0xd7
 861 0631 00       		.byte	0
 862 0632 06       		.uleb128 0x6
 863 0633 723500   		.ascii	"r5\000"
 864 0636 0C       		.byte	0xc
 865 0637 CF01     		.2byte	0x1cf
 866 0639 11       		.byte	0x11
 867 063a D7000000 		.4byte	0xd7
 868 063e 04       		.byte	0x4
 869 063f 06       		.uleb128 0x6
 870 0640 723600   		.ascii	"r6\000"
 871 0643 0C       		.byte	0xc
 872 0644 D001     		.2byte	0x1d0
 873 0646 11       		.byte	0x11
 874 0647 D7000000 		.4byte	0xd7
 875 064b 08       		.byte	0x8
 876 064c 06       		.uleb128 0x6
 877 064d 723700   		.ascii	"r7\000"
 878 0650 0C       		.byte	0xc
 879 0651 D101     		.2byte	0x1d1
 880 0653 11       		.byte	0x11
 881 0654 D7000000 		.4byte	0xd7
 882 0658 0C       		.byte	0xc
 883 0659 06       		.uleb128 0x6
 884 065a 723800   		.ascii	"r8\000"
 885 065d 0C       		.byte	0xc
 886 065e D201     		.2byte	0x1d2
 887 0660 11       		.byte	0x11
 888 0661 D7000000 		.4byte	0xd7
 889 0665 10       		.byte	0x10
 890 0666 06       		.uleb128 0x6
 891 0667 723900   		.ascii	"r9\000"
 892 066a 0C       		.byte	0xc
 893 066b D301     		.2byte	0x1d3
 894 066d 11       		.byte	0x11
 895 066e D7000000 		.4byte	0xd7
 896 0672 14       		.byte	0x14
 897 0673 06       		.uleb128 0x6
 898 0674 72313000 		.ascii	"r10\000"
 899 0678 0C       		.byte	0xc
 900 0679 D401     		.2byte	0x1d4
 901 067b 11       		.byte	0x11
 902 067c D7000000 		.4byte	0xd7
 903 0680 18       		.byte	0x18
 904 0681 06       		.uleb128 0x6
 905 0682 72313100 		.ascii	"r11\000"
 906 0686 0C       		.byte	0xc
 907 0687 D501     		.2byte	0x1d5
 908 0689 11       		.byte	0x11
 909 068a D7000000 		.4byte	0xd7
 910 068e 1C       		.byte	0x1c
 911 068f 06       		.uleb128 0x6
 912 0690 6C7200   		.ascii	"lr\000"
ARM GAS  /tmp/cc4Ftiuk.s 			page 17


 913 0693 0C       		.byte	0xc
 914 0694 D601     		.2byte	0x1d6
 915 0696 11       		.byte	0x11
 916 0697 D7000000 		.4byte	0xd7
 917 069b 20       		.byte	0x20
 918 069c 00       		.byte	0
 919 069d 10       		.uleb128 0x10
 920 069e 52040000 		.4byte	.LASF94
 921 06a2 04       		.byte	0x4
 922 06a3 0C       		.byte	0xc
 923 06a4 DF01     		.2byte	0x1df
 924 06a6 08       		.byte	0x8
 925 06a7 B9060000 		.4byte	0x6b9
 926 06ab 06       		.uleb128 0x6
 927 06ac 737000   		.ascii	"sp\000"
 928 06af 0C       		.byte	0xc
 929 06b0 E001     		.2byte	0x1e0
 930 06b2 1A       		.byte	0x1a
 931 06b3 B9060000 		.4byte	0x6b9
 932 06b7 00       		.byte	0
 933 06b8 00       		.byte	0
 934 06b9 04       		.uleb128 0x4
 935 06ba 17060000 		.4byte	0x617
 936 06be 08       		.uleb128 0x8
 937 06bf D6030000 		.4byte	.LASF95
 938 06c3 18       		.byte	0x18
 939 06c4 06       		.byte	0x6
 940 06c5 64       		.byte	0x64
 941 06c6 10       		.byte	0x10
 942 06c7 F3060000 		.4byte	0x6f3
 943 06cb 02       		.uleb128 0x2
 944 06cc E4050000 		.4byte	.LASF96
 945 06d0 06       		.byte	0x6
 946 06d1 68       		.byte	0x68
 947 06d2 21       		.byte	0x21
 948 06d3 41040000 		.4byte	0x441
 949 06d7 00       		.byte	0
 950 06d8 02       		.uleb128 0x2
 951 06d9 06050000 		.4byte	.LASF97
 952 06dd 06       		.byte	0x6
 953 06de 73       		.byte	0x73
 954 06df 21       		.byte	0x21
 955 06e0 7E030000 		.4byte	0x37e
 956 06e4 0C       		.byte	0xc
 957 06e5 02       		.uleb128 0x2
 958 06e6 98030000 		.4byte	.LASF98
 959 06ea 06       		.byte	0x6
 960 06eb 79       		.byte	0x79
 961 06ec 21       		.byte	0x21
 962 06ed EF000000 		.4byte	0xef
 963 06f1 10       		.byte	0x10
 964 06f2 00       		.byte	0
 965 06f3 01       		.uleb128 0x1
 966 06f4 DD000000 		.4byte	.LASF99
 967 06f8 06       		.byte	0x6
 968 06f9 7B       		.byte	0x7b
 969 06fa 03       		.byte	0x3
ARM GAS  /tmp/cc4Ftiuk.s 			page 18


 970 06fb BE060000 		.4byte	0x6be
 971 06ff 08       		.uleb128 0x8
 972 0700 8B010000 		.4byte	.LASF100
 973 0704 08       		.byte	0x8
 974 0705 06       		.byte	0x6
 975 0706 80       		.byte	0x80
 976 0707 10       		.byte	0x10
 977 0708 1A070000 		.4byte	0x71a
 978 070c 02       		.uleb128 0x2
 979 070d 32020000 		.4byte	.LASF101
 980 0711 06       		.byte	0x6
 981 0712 84       		.byte	0x84
 982 0713 21       		.byte	0x21
 983 0714 C2030000 		.4byte	0x3c2
 984 0718 00       		.byte	0
 985 0719 00       		.byte	0
 986 071a 01       		.uleb128 0x1
 987 071b 6F050000 		.4byte	.LASF102
 988 071f 06       		.byte	0x6
 989 0720 85       		.byte	0x85
 990 0721 03       		.byte	0x3
 991 0722 FF060000 		.4byte	0x6ff
 992 0726 01       		.uleb128 0x1
 993 0727 C3030000 		.4byte	.LASF103
 994 072b 06       		.byte	0x6
 995 072c 8A       		.byte	0x8a
 996 072d 14       		.byte	0x14
 997 072e AB040000 		.4byte	0x4ab
 998 0732 13       		.uleb128 0x13
 999 0733 0C       		.byte	0xc
 1000 0734 06       		.byte	0x6
 1001 0735 A0       		.byte	0xa0
 1002 0736 5F070000 		.4byte	0x75f
 1003 073a 0B       		.uleb128 0xb
 1004 073b 4F070000 		.4byte	.LASF104
 1005 073f 06       		.byte	0x6
 1006 0740 A4       		.byte	0xa4
 1007 0741 21       		.byte	0x21
 1008 0742 96030000 		.4byte	0x396
 1009 0746 0B       		.uleb128 0xb
 1010 0747 32020000 		.4byte	.LASF101
 1011 074b 06       		.byte	0x6
 1012 074c A8       		.byte	0xa8
 1013 074d 21       		.byte	0x21
 1014 074e C2030000 		.4byte	0x3c2
 1015 0752 0B       		.uleb128 0xb
 1016 0753 13060000 		.4byte	.LASF105
 1017 0757 06       		.byte	0x6
 1018 0758 AC       		.byte	0xac
 1019 0759 21       		.byte	0x21
 1020 075a FB030000 		.4byte	0x3fb
 1021 075e 00       		.byte	0
 1022 075f 13       		.uleb128 0x13
 1023 0760 04       		.byte	0x4
 1024 0761 06       		.byte	0x6
 1025 0762 F0       		.byte	0xf0
 1026 0763 C8070000 		.4byte	0x7c8
ARM GAS  /tmp/cc4Ftiuk.s 			page 19


 1027 0767 0B       		.uleb128 0xb
 1028 0768 32000000 		.4byte	.LASF106
 1029 076c 06       		.byte	0x6
 1030 076d F7       		.byte	0xf7
 1031 076e 21       		.byte	0x21
 1032 076f 3C010000 		.4byte	0x13c
 1033 0773 0B       		.uleb128 0xb
 1034 0774 C1000000 		.4byte	.LASF107
 1035 0778 06       		.byte	0x6
 1036 0779 FE       		.byte	0xfe
 1037 077a 21       		.byte	0x21
 1038 077b 3C010000 		.4byte	0x13c
 1039 077f 0C       		.uleb128 0xc
 1040 0780 02070000 		.4byte	.LASF81
 1041 0784 0501     		.2byte	0x105
 1042 0786 22       		.byte	0x22
 1043 0787 B0040000 		.4byte	0x4b0
 1044 078b 0C       		.uleb128 0xc
 1045 078c 15020000 		.4byte	.LASF108
 1046 0790 0C01     		.2byte	0x10c
 1047 0792 22       		.byte	0x22
 1048 0793 C8070000 		.4byte	0x7c8
 1049 0797 0C       		.uleb128 0xc
 1050 0798 D5000000 		.4byte	.LASF109
 1051 079c 1101     		.2byte	0x111
 1052 079e 21       		.byte	0x21
 1053 079f 3C010000 		.4byte	0x13c
 1054 07a3 0C       		.uleb128 0xc
 1055 07a4 0E020000 		.4byte	.LASF110
 1056 07a8 1A01     		.2byte	0x11a
 1057 07aa 22       		.byte	0x22
 1058 07ab F5070000 		.4byte	0x7f5
 1059 07af 0C       		.uleb128 0xc
 1060 07b0 83050000 		.4byte	.LASF111
 1061 07b4 2301     		.2byte	0x123
 1062 07b6 22       		.byte	0x22
 1063 07b7 2F080000 		.4byte	0x82f
 1064 07bb 0C       		.uleb128 0xc
 1065 07bc 30050000 		.4byte	.LASF112
 1066 07c0 2B01     		.2byte	0x12b
 1067 07c2 21       		.byte	0x21
 1068 07c3 48010000 		.4byte	0x148
 1069 07c7 00       		.byte	0
 1070 07c8 04       		.uleb128 0x4
 1071 07c9 26070000 		.4byte	0x726
 1072 07cd 08       		.uleb128 0x8
 1073 07ce 51050000 		.4byte	.LASF113
 1074 07d2 0C       		.byte	0xc
 1075 07d3 0D       		.byte	0xd
 1076 07d4 34       		.byte	0x34
 1077 07d5 10       		.byte	0x10
 1078 07d6 F5070000 		.4byte	0x7f5
 1079 07da 02       		.uleb128 0x2
 1080 07db 32020000 		.4byte	.LASF101
 1081 07df 0D       		.byte	0xd
 1082 07e0 35       		.byte	0x35
 1083 07e1 19       		.byte	0x19
ARM GAS  /tmp/cc4Ftiuk.s 			page 20


 1084 07e2 C2030000 		.4byte	0x3c2
 1085 07e6 00       		.byte	0
 1086 07e7 09       		.uleb128 0x9
 1087 07e8 636E7400 		.ascii	"cnt\000"
 1088 07ec 0D       		.byte	0xd
 1089 07ed 37       		.byte	0x37
 1090 07ee 19       		.byte	0x19
 1091 07ef 54010000 		.4byte	0x154
 1092 07f3 08       		.byte	0x8
 1093 07f4 00       		.byte	0
 1094 07f5 04       		.uleb128 0x4
 1095 07f6 CD070000 		.4byte	0x7cd
 1096 07fa 08       		.uleb128 0x8
 1097 07fb D8060000 		.4byte	.LASF114
 1098 07ff 10       		.byte	0x10
 1099 0800 0E       		.byte	0xe
 1100 0801 39       		.byte	0x39
 1101 0802 08       		.byte	0x8
 1102 0803 2F080000 		.4byte	0x82f
 1103 0807 02       		.uleb128 0x2
 1104 0808 32020000 		.4byte	.LASF101
 1105 080c 0E       		.byte	0xe
 1106 080d 3A       		.byte	0x3a
 1107 080e 19       		.byte	0x19
 1108 080f C2030000 		.4byte	0x3c2
 1109 0813 00       		.byte	0
 1110 0814 02       		.uleb128 0x2
 1111 0815 9A050000 		.4byte	.LASF33
 1112 0819 0E       		.byte	0xe
 1113 081a 3C       		.byte	0x3c
 1114 081b 1A       		.byte	0x1a
 1115 081c AB040000 		.4byte	0x4ab
 1116 0820 08       		.byte	0x8
 1117 0821 02       		.uleb128 0x2
 1118 0822 27000000 		.4byte	.LASF71
 1119 0826 0E       		.byte	0xe
 1120 0827 3E       		.byte	0x3e
 1121 0828 1A       		.byte	0x1a
 1122 0829 F0080000 		.4byte	0x8f0
 1123 082d 0C       		.byte	0xc
 1124 082e 00       		.byte	0
 1125 082f 04       		.uleb128 0x4
 1126 0830 FA070000 		.4byte	0x7fa
 1127 0834 04       		.uleb128 0x4
 1128 0835 62020000 		.4byte	0x262
 1129 0839 04       		.uleb128 0x4
 1130 083a 00010000 		.4byte	0x100
 1131 083e 10       		.uleb128 0x10
 1132 083f 4D030000 		.4byte	.LASF115
 1133 0843 10       		.byte	0x10
 1134 0844 06       		.byte	0x6
 1135 0845 6101     		.2byte	0x161
 1136 0847 10       		.byte	0x10
 1137 0848 67080000 		.4byte	0x867
 1138 084c 03       		.uleb128 0x3
 1139 084d 13060000 		.4byte	.LASF105
 1140 0851 6601     		.2byte	0x166
ARM GAS  /tmp/cc4Ftiuk.s 			page 21


 1141 0853 21       		.byte	0x21
 1142 0854 FB030000 		.4byte	0x3fb
 1143 0858 00       		.byte	0
 1144 0859 03       		.uleb128 0x3
 1145 085a 69040000 		.4byte	.LASF116
 1146 085e 6A01     		.2byte	0x16a
 1147 0860 22       		.byte	0x22
 1148 0861 AB040000 		.4byte	0x4ab
 1149 0865 0C       		.byte	0xc
 1150 0866 00       		.byte	0
 1151 0867 1B       		.uleb128 0x1b
 1152 0868 0E000000 		.4byte	.LASF117
 1153 086c 6B01     		.2byte	0x16b
 1154 086e 3E080000 		.4byte	0x83e
 1155 0872 10       		.uleb128 0x10
 1156 0873 3C040000 		.4byte	.LASF118
 1157 0877 14       		.byte	0x14
 1158 0878 06       		.byte	0x6
 1159 0879 7001     		.2byte	0x170
 1160 087b 10       		.byte	0x10
 1161 087c C2080000 		.4byte	0x8c2
 1162 0880 03       		.uleb128 0x3
 1163 0881 2D020000 		.4byte	.LASF34
 1164 0885 7401     		.2byte	0x174
 1165 0887 22       		.byte	0x22
 1166 0888 5C030000 		.4byte	0x35c
 1167 088c 00       		.byte	0
 1168 088d 03       		.uleb128 0x3
 1169 088e B0010000 		.4byte	.LASF119
 1170 0892 7A01     		.2byte	0x17a
 1171 0894 22       		.byte	0x22
 1172 0895 39080000 		.4byte	0x839
 1173 0899 04       		.byte	0x4
 1174 089a 03       		.uleb128 0x3
 1175 089b 58060000 		.4byte	.LASF120
 1176 089f 7E01     		.2byte	0x17e
 1177 08a1 22       		.byte	0x22
 1178 08a2 39080000 		.4byte	0x839
 1179 08a6 08       		.byte	0x8
 1180 08a7 03       		.uleb128 0x3
 1181 08a8 42000000 		.4byte	.LASF121
 1182 08ac 8401     		.2byte	0x184
 1183 08ae 22       		.byte	0x22
 1184 08af 39080000 		.4byte	0x839
 1185 08b3 0C       		.byte	0xc
 1186 08b4 03       		.uleb128 0x3
 1187 08b5 5E070000 		.4byte	.LASF122
 1188 08b9 8801     		.2byte	0x188
 1189 08bb 22       		.byte	0x22
 1190 08bc 39080000 		.4byte	0x839
 1191 08c0 10       		.byte	0x10
 1192 08c1 00       		.byte	0
 1193 08c2 1B       		.uleb128 0x1b
 1194 08c3 95000000 		.4byte	.LASF123
 1195 08c7 8A01     		.2byte	0x18a
 1196 08c9 72080000 		.4byte	0x872
 1197 08cd 0D       		.uleb128 0xd
ARM GAS  /tmp/cc4Ftiuk.s 			page 22


 1198 08ce C2080000 		.4byte	0x8c2
 1199 08d2 04       		.uleb128 0x4
 1200 08d3 CD080000 		.4byte	0x8cd
 1201 08d7 23       		.uleb128 0x23
 1202 08d8 63683000 		.ascii	"ch0\000"
 1203 08dc 12       		.byte	0x12
 1204 08dd 4101     		.2byte	0x141
 1205 08df 16       		.byte	0x16
 1206 08e0 62020000 		.4byte	0x262
 1207 08e4 01       		.uleb128 0x1
 1208 08e5 C0010000 		.4byte	.LASF124
 1209 08e9 0E       		.byte	0xe
 1210 08ea 34       		.byte	0x34
 1211 08eb 19       		.byte	0x19
 1212 08ec FA070000 		.4byte	0x7fa
 1213 08f0 04       		.uleb128 0x4
 1214 08f1 E4080000 		.4byte	0x8e4
 1215 08f5 0A       		.uleb128 0xa
 1216 08f6 08       		.byte	0x8
 1217 08f7 0F       		.byte	0xf
 1218 08f8 32       		.byte	0x32
 1219 08f9 09       		.byte	0x9
 1220 08fa 19090000 		.4byte	0x919
 1221 08fe 02       		.uleb128 0x2
 1222 08ff A2030000 		.4byte	.LASF125
 1223 0903 0F       		.byte	0xf
 1224 0904 37       		.byte	0x37
 1225 0905 22       		.byte	0x22
 1226 0906 19090000 		.4byte	0x919
 1227 090a 00       		.byte	0
 1228 090b 02       		.uleb128 0x2
 1229 090c FB020000 		.4byte	.LASF90
 1230 0910 0F       		.byte	0xf
 1231 0911 3D       		.byte	0x3d
 1232 0912 21       		.byte	0x21
 1233 0913 25000000 		.4byte	0x25
 1234 0917 04       		.byte	0x4
 1235 0918 00       		.byte	0
 1236 0919 04       		.uleb128 0x4
 1237 091a B3000000 		.4byte	0xb3
 1238 091e 01       		.uleb128 0x1
 1239 091f 00000000 		.4byte	.LASF126
 1240 0923 0F       		.byte	0xf
 1241 0924 3E       		.byte	0x3e
 1242 0925 03       		.byte	0x3
 1243 0926 F5080000 		.4byte	0x8f5
 1244 092a 05       		.uleb128 0x5
 1245 092b 01       		.byte	0x1
 1246 092c 02       		.byte	0x2
 1247 092d C6040000 		.4byte	.LASF127
 1248 0931 0A       		.uleb128 0xa
 1249 0932 08       		.byte	0x8
 1250 0933 10       		.byte	0x10
 1251 0934 51       		.byte	0x51
 1252 0935 09       		.byte	0x9
 1253 0936 55090000 		.4byte	0x955
 1254 093a 02       		.uleb128 0x2
ARM GAS  /tmp/cc4Ftiuk.s 			page 23


 1255 093b 6A010000 		.4byte	.LASF128
 1256 093f 10       		.byte	0x10
 1257 0940 55       		.byte	0x55
 1258 0941 0C       		.byte	0xc
 1259 0942 19090000 		.4byte	0x919
 1260 0946 00       		.byte	0
 1261 0947 02       		.uleb128 0x2
 1262 0948 A7030000 		.4byte	.LASF129
 1263 094c 10       		.byte	0x10
 1264 094d 59       		.byte	0x59
 1265 094e 0C       		.byte	0xc
 1266 094f 19090000 		.4byte	0x919
 1267 0953 04       		.byte	0x4
 1268 0954 00       		.byte	0
 1269 0955 01       		.uleb128 0x1
 1270 0956 7C040000 		.4byte	.LASF130
 1271 095a 10       		.byte	0x10
 1272 095b 5A       		.byte	0x5a
 1273 095c 03       		.byte	0x3
 1274 095d 31090000 		.4byte	0x931
 1275 0961 16       		.uleb128 0x16
 1276 0962 D9050000 		.4byte	.LASF131
 1277 0966 10       		.byte	0x10
 1278 0967 75       		.byte	0x75
 1279 0968 55090000 		.4byte	0x955
 1280 096c 24       		.uleb128 0x24
 1281 096d 61090000 		.4byte	0x961
 1282 0971 11       		.byte	0x11
 1283 0972 3A       		.byte	0x3a
 1284 0973 0B       		.byte	0xb
 1285 0974 17       		.uleb128 0x17
 1286 0975 FB010000 		.4byte	.LASF132
 1287 0979 A8       		.byte	0xa8
 1288 097a 17       		.uleb128 0x17
 1289 097b 86040000 		.4byte	.LASF133
 1290 097f A7       		.byte	0xa7
 1291 0980 25       		.uleb128 0x25
 1292 0981 CE060000 		.4byte	.LASF135
 1293 0985 05       		.byte	0x5
 1294 0986 E7       		.byte	0xe7
 1295 0987 08       		.byte	0x8
 1296 0988 92090000 		.4byte	0x992
 1297 098c 26       		.uleb128 0x26
 1298 098d 5C030000 		.4byte	0x35c
 1299 0991 00       		.byte	0
 1300 0992 17       		.uleb128 0x17
 1301 0993 2C030000 		.4byte	.LASF134
 1302 0997 AD       		.byte	0xad
 1303 0998 1C       		.uleb128 0x1c
 1304 0999 5E050000 		.4byte	.LASF143
 1305 099d DB       		.byte	0xdb
 1306 099e AF090000 		.4byte	0x9af
 1307 09a2 27       		.uleb128 0x27
 1308 09a3 6D617000 		.ascii	"map\000"
 1309 09a7 11       		.byte	0x11
 1310 09a8 DB       		.byte	0xdb
 1311 09a9 26       		.byte	0x26
ARM GAS  /tmp/cc4Ftiuk.s 			page 24


 1312 09aa AF090000 		.4byte	0x9af
 1313 09ae 00       		.byte	0
 1314 09af 04       		.uleb128 0x4
 1315 09b0 1E090000 		.4byte	0x91e
 1316 09b4 11       		.uleb128 0x11
 1317 09b5 E2040000 		.4byte	.LASF136
 1318 09b9 CA       		.byte	0xca
 1319 09ba B0040000 		.4byte	0x4b0
 1320 09be ED090000 		.4byte	0x9ed
 1321 09c2 07       		.uleb128 0x7
 1322 09c3 FB020000 		.4byte	.LASF90
 1323 09c7 CA       		.byte	0xca
 1324 09c8 21       		.byte	0x21
 1325 09c9 25000000 		.4byte	0x25
 1326 09cd 07       		.uleb128 0x7
 1327 09ce F3000000 		.4byte	.LASF137
 1328 09d2 CA       		.byte	0xca
 1329 09d3 30       		.byte	0x30
 1330 09d4 31000000 		.4byte	0x31
 1331 09d8 07       		.uleb128 0x7
 1332 09d9 29060000 		.4byte	.LASF138
 1333 09dd CA       		.byte	0xca
 1334 09de 3E       		.byte	0x3e
 1335 09df 25000000 		.4byte	0x25
 1336 09e3 12       		.uleb128 0x12
 1337 09e4 7000     		.ascii	"p\000"
 1338 09e6 CB       		.byte	0xcb
 1339 09e7 09       		.byte	0x9
 1340 09e8 B0040000 		.4byte	0x4b0
 1341 09ec 00       		.byte	0
 1342 09ed 11       		.uleb128 0x11
 1343 09ee 71030000 		.4byte	.LASF139
 1344 09f2 B2       		.byte	0xb2
 1345 09f3 B0040000 		.4byte	0x4b0
 1346 09f7 260A0000 		.4byte	0xa26
 1347 09fb 07       		.uleb128 0x7
 1348 09fc FB020000 		.4byte	.LASF90
 1349 0a00 B2       		.byte	0xb2
 1350 0a01 22       		.byte	0x22
 1351 0a02 25000000 		.4byte	0x25
 1352 0a06 07       		.uleb128 0x7
 1353 0a07 F3000000 		.4byte	.LASF137
 1354 0a0b B2       		.byte	0xb2
 1355 0a0c 31       		.byte	0x31
 1356 0a0d 31000000 		.4byte	0x31
 1357 0a11 07       		.uleb128 0x7
 1358 0a12 29060000 		.4byte	.LASF138
 1359 0a16 B2       		.byte	0xb2
 1360 0a17 3F       		.byte	0x3f
 1361 0a18 25000000 		.4byte	0x25
 1362 0a1c 12       		.uleb128 0x12
 1363 0a1d 7000     		.ascii	"p\000"
 1364 0a1f B3       		.byte	0xb3
 1365 0a20 09       		.byte	0x9
 1366 0a21 B0040000 		.4byte	0x4b0
 1367 0a25 00       		.byte	0
 1368 0a26 11       		.uleb128 0x11
ARM GAS  /tmp/cc4Ftiuk.s 			page 25


 1369 0a27 75070000 		.4byte	.LASF140
 1370 0a2b 91       		.byte	0x91
 1371 0a2c B0040000 		.4byte	0x4b0
 1372 0a30 720A0000 		.4byte	0xa72
 1373 0a34 07       		.uleb128 0x7
 1374 0a35 FB020000 		.4byte	.LASF90
 1375 0a39 91       		.byte	0x91
 1376 0a3a 22       		.byte	0x22
 1377 0a3b 25000000 		.4byte	0x25
 1378 0a3f 07       		.uleb128 0x7
 1379 0a40 F3000000 		.4byte	.LASF137
 1380 0a44 91       		.byte	0x91
 1381 0a45 31       		.byte	0x31
 1382 0a46 31000000 		.4byte	0x31
 1383 0a4a 07       		.uleb128 0x7
 1384 0a4b 29060000 		.4byte	.LASF138
 1385 0a4f 91       		.byte	0x91
 1386 0a50 3F       		.byte	0x3f
 1387 0a51 25000000 		.4byte	0x25
 1388 0a55 12       		.uleb128 0x12
 1389 0a56 7000     		.ascii	"p\000"
 1390 0a58 92       		.byte	0x92
 1391 0a59 0C       		.byte	0xc
 1392 0a5a 19090000 		.4byte	0x919
 1393 0a5e 1D       		.uleb128 0x1d
 1394 0a5f 5C000000 		.4byte	.LASF74
 1395 0a63 92       		.byte	0x92
 1396 0a64 19090000 		.4byte	0x919
 1397 0a68 18       		.uleb128 0x18
 1398 0a69 37050000 		.4byte	.LASF142
 1399 0a6d 820A0000 		.4byte	0xa82
 1400 0a71 00       		.byte	0
 1401 0a72 0E       		.uleb128 0xe
 1402 0a73 6D030000 		.4byte	0x36d
 1403 0a77 820A0000 		.4byte	0xa82
 1404 0a7b 0F       		.uleb128 0xf
 1405 0a7c 31000000 		.4byte	0x31
 1406 0a80 13       		.byte	0x13
 1407 0a81 00       		.byte	0
 1408 0a82 0D       		.uleb128 0xd
 1409 0a83 720A0000 		.4byte	0xa72
 1410 0a87 11       		.uleb128 0x11
 1411 0a88 0F040000 		.4byte	.LASF141
 1412 0a8c 70       		.byte	0x70
 1413 0a8d B0040000 		.4byte	0x4b0
 1414 0a91 D30A0000 		.4byte	0xad3
 1415 0a95 07       		.uleb128 0x7
 1416 0a96 FB020000 		.4byte	.LASF90
 1417 0a9a 70       		.byte	0x70
 1418 0a9b 23       		.byte	0x23
 1419 0a9c 25000000 		.4byte	0x25
 1420 0aa0 07       		.uleb128 0x7
 1421 0aa1 F3000000 		.4byte	.LASF137
 1422 0aa5 70       		.byte	0x70
 1423 0aa6 32       		.byte	0x32
 1424 0aa7 31000000 		.4byte	0x31
 1425 0aab 07       		.uleb128 0x7
ARM GAS  /tmp/cc4Ftiuk.s 			page 26


 1426 0aac 29060000 		.4byte	.LASF138
 1427 0ab0 70       		.byte	0x70
 1428 0ab1 40       		.byte	0x40
 1429 0ab2 25000000 		.4byte	0x25
 1430 0ab6 12       		.uleb128 0x12
 1431 0ab7 7000     		.ascii	"p\000"
 1432 0ab9 71       		.byte	0x71
 1433 0aba 0C       		.byte	0xc
 1434 0abb 19090000 		.4byte	0x919
 1435 0abf 1D       		.uleb128 0x1d
 1436 0ac0 27000000 		.4byte	.LASF71
 1437 0ac4 71       		.byte	0x71
 1438 0ac5 19090000 		.4byte	0x919
 1439 0ac9 18       		.uleb128 0x18
 1440 0aca 37050000 		.4byte	.LASF142
 1441 0ace E30A0000 		.4byte	0xae3
 1442 0ad2 00       		.byte	0
 1443 0ad3 0E       		.uleb128 0xe
 1444 0ad4 6D030000 		.4byte	0x36d
 1445 0ad8 E30A0000 		.4byte	0xae3
 1446 0adc 0F       		.uleb128 0xf
 1447 0add 31000000 		.4byte	0x31
 1448 0ae1 14       		.byte	0x14
 1449 0ae2 00       		.byte	0
 1450 0ae3 0D       		.uleb128 0xd
 1451 0ae4 D30A0000 		.4byte	0xad3
 1452 0ae8 1C       		.uleb128 0x1c
 1453 0ae9 ED030000 		.4byte	.LASF144
 1454 0aed 51       		.byte	0x51
 1455 0aee 090B0000 		.4byte	0xb09
 1456 0af2 16       		.uleb128 0x16
 1457 0af3 C0060000 		.4byte	.LASF145
 1458 0af7 11       		.byte	0x11
 1459 0af8 53       		.byte	0x53
 1460 0af9 090B0000 		.4byte	0xb09
 1461 0afd 16       		.uleb128 0x16
 1462 0afe 14050000 		.4byte	.LASF146
 1463 0b02 11       		.byte	0x11
 1464 0b03 54       		.byte	0x54
 1465 0b04 090B0000 		.4byte	0xb09
 1466 0b08 00       		.byte	0
 1467 0b09 0E       		.uleb128 0xe
 1468 0b0a B3000000 		.4byte	0xb3
 1469 0b0e 140B0000 		.4byte	0xb14
 1470 0b12 28       		.uleb128 0x28
 1471 0b13 00       		.byte	0
 1472 0b14 29       		.uleb128 0x29
 1473 0b15 43070000 		.4byte	.LASF154
 1474 0b19 12       		.byte	0x12
 1475 0b1a A501     		.2byte	0x1a5
 1476 0b1c 14       		.byte	0x14
 1477 0b1d 2B0B0000 		.4byte	0xb2b
 1478 0b21 18       		.uleb128 0x18
 1479 0b22 37050000 		.4byte	.LASF142
 1480 0b26 3B0B0000 		.4byte	0xb3b
 1481 0b2a 00       		.byte	0
 1482 0b2b 0E       		.uleb128 0xe
ARM GAS  /tmp/cc4Ftiuk.s 			page 27


 1483 0b2c 6D030000 		.4byte	0x36d
 1484 0b30 3B0B0000 		.4byte	0xb3b
 1485 0b34 0F       		.uleb128 0xf
 1486 0b35 31000000 		.4byte	0x31
 1487 0b39 0B       		.byte	0xb
 1488 0b3a 00       		.byte	0
 1489 0b3b 0D       		.uleb128 0xd
 1490 0b3c 2B0B0000 		.4byte	0xb2b
 1491 0b40 19       		.uleb128 0x19
 1492 0b41 40050000 		.4byte	.LASF147
 1493 0b45 12       		.byte	0x12
 1494 0b46 9701     		.2byte	0x197
 1495 0b48 14       		.byte	0x14
 1496 0b49 19       		.uleb128 0x19
 1497 0b4a 35010000 		.4byte	.LASF148
 1498 0b4e 0C       		.byte	0xc
 1499 0b4f D702     		.2byte	0x2d7
 1500 0b51 1B       		.byte	0x1b
 1501 0b52 19       		.uleb128 0x19
 1502 0b53 54070000 		.4byte	.LASF149
 1503 0b57 0C       		.byte	0xc
 1504 0b58 BF02     		.2byte	0x2bf
 1505 0b5a 1B       		.byte	0x1b
 1506 0b5b 2A       		.uleb128 0x2a
 1507 0b5c FB050000 		.4byte	.LASF155
 1508 0b60 13       		.byte	0x13
 1509 0b61 EB01     		.2byte	0x1eb
 1510 0b63 1B       		.byte	0x1b
 1511 0b64 2B       		.uleb128 0x2b
 1512 0b65 26010000 		.4byte	.LASF150
 1513 0b69 13       		.byte	0x13
 1514 0b6a EB01     		.2byte	0x1eb
 1515 0b6c 32       		.byte	0x32
 1516 0b6d D7000000 		.4byte	0xd7
 1517 0b71 00       		.byte	0
 1518 0b72 00       		.byte	0
 1519              		.section	.gnu.debuglto_.debug_abbrev,"e",%progbits
 1520              	.Ldebug_abbrev0:
 1521 0000 01       		.uleb128 0x1
 1522 0001 16       		.uleb128 0x16
 1523 0002 00       		.byte	0
 1524 0003 03       		.uleb128 0x3
 1525 0004 0E       		.uleb128 0xe
 1526 0005 3A       		.uleb128 0x3a
 1527 0006 0B       		.uleb128 0xb
 1528 0007 3B       		.uleb128 0x3b
 1529 0008 0B       		.uleb128 0xb
 1530 0009 39       		.uleb128 0x39
 1531 000a 0B       		.uleb128 0xb
 1532 000b 49       		.uleb128 0x49
 1533 000c 13       		.uleb128 0x13
 1534 000d 00       		.byte	0
 1535 000e 00       		.byte	0
 1536 000f 02       		.uleb128 0x2
 1537 0010 0D       		.uleb128 0xd
 1538 0011 00       		.byte	0
 1539 0012 03       		.uleb128 0x3
ARM GAS  /tmp/cc4Ftiuk.s 			page 28


 1540 0013 0E       		.uleb128 0xe
 1541 0014 3A       		.uleb128 0x3a
 1542 0015 0B       		.uleb128 0xb
 1543 0016 3B       		.uleb128 0x3b
 1544 0017 0B       		.uleb128 0xb
 1545 0018 39       		.uleb128 0x39
 1546 0019 0B       		.uleb128 0xb
 1547 001a 49       		.uleb128 0x49
 1548 001b 13       		.uleb128 0x13
 1549 001c 38       		.uleb128 0x38
 1550 001d 0B       		.uleb128 0xb
 1551 001e 00       		.byte	0
 1552 001f 00       		.byte	0
 1553 0020 03       		.uleb128 0x3
 1554 0021 0D       		.uleb128 0xd
 1555 0022 00       		.byte	0
 1556 0023 03       		.uleb128 0x3
 1557 0024 0E       		.uleb128 0xe
 1558 0025 3A       		.uleb128 0x3a
 1559 0026 21       		.uleb128 0x21
 1560 0027 06       		.sleb128 6
 1561 0028 3B       		.uleb128 0x3b
 1562 0029 05       		.uleb128 0x5
 1563 002a 39       		.uleb128 0x39
 1564 002b 0B       		.uleb128 0xb
 1565 002c 49       		.uleb128 0x49
 1566 002d 13       		.uleb128 0x13
 1567 002e 38       		.uleb128 0x38
 1568 002f 0B       		.uleb128 0xb
 1569 0030 00       		.byte	0
 1570 0031 00       		.byte	0
 1571 0032 04       		.uleb128 0x4
 1572 0033 0F       		.uleb128 0xf
 1573 0034 00       		.byte	0
 1574 0035 0B       		.uleb128 0xb
 1575 0036 21       		.uleb128 0x21
 1576 0037 04       		.sleb128 4
 1577 0038 49       		.uleb128 0x49
 1578 0039 13       		.uleb128 0x13
 1579 003a 00       		.byte	0
 1580 003b 00       		.byte	0
 1581 003c 05       		.uleb128 0x5
 1582 003d 24       		.uleb128 0x24
 1583 003e 00       		.byte	0
 1584 003f 0B       		.uleb128 0xb
 1585 0040 0B       		.uleb128 0xb
 1586 0041 3E       		.uleb128 0x3e
 1587 0042 0B       		.uleb128 0xb
 1588 0043 03       		.uleb128 0x3
 1589 0044 0E       		.uleb128 0xe
 1590 0045 00       		.byte	0
 1591 0046 00       		.byte	0
 1592 0047 06       		.uleb128 0x6
 1593 0048 0D       		.uleb128 0xd
 1594 0049 00       		.byte	0
 1595 004a 03       		.uleb128 0x3
 1596 004b 08       		.uleb128 0x8
ARM GAS  /tmp/cc4Ftiuk.s 			page 29


 1597 004c 3A       		.uleb128 0x3a
 1598 004d 0B       		.uleb128 0xb
 1599 004e 3B       		.uleb128 0x3b
 1600 004f 05       		.uleb128 0x5
 1601 0050 39       		.uleb128 0x39
 1602 0051 0B       		.uleb128 0xb
 1603 0052 49       		.uleb128 0x49
 1604 0053 13       		.uleb128 0x13
 1605 0054 38       		.uleb128 0x38
 1606 0055 0B       		.uleb128 0xb
 1607 0056 00       		.byte	0
 1608 0057 00       		.byte	0
 1609 0058 07       		.uleb128 0x7
 1610 0059 05       		.uleb128 0x5
 1611 005a 00       		.byte	0
 1612 005b 03       		.uleb128 0x3
 1613 005c 0E       		.uleb128 0xe
 1614 005d 3A       		.uleb128 0x3a
 1615 005e 21       		.uleb128 0x21
 1616 005f 11       		.sleb128 17
 1617 0060 3B       		.uleb128 0x3b
 1618 0061 0B       		.uleb128 0xb
 1619 0062 39       		.uleb128 0x39
 1620 0063 0B       		.uleb128 0xb
 1621 0064 49       		.uleb128 0x49
 1622 0065 13       		.uleb128 0x13
 1623 0066 00       		.byte	0
 1624 0067 00       		.byte	0
 1625 0068 08       		.uleb128 0x8
 1626 0069 13       		.uleb128 0x13
 1627 006a 01       		.byte	0x1
 1628 006b 03       		.uleb128 0x3
 1629 006c 0E       		.uleb128 0xe
 1630 006d 0B       		.uleb128 0xb
 1631 006e 0B       		.uleb128 0xb
 1632 006f 3A       		.uleb128 0x3a
 1633 0070 0B       		.uleb128 0xb
 1634 0071 3B       		.uleb128 0x3b
 1635 0072 0B       		.uleb128 0xb
 1636 0073 39       		.uleb128 0x39
 1637 0074 0B       		.uleb128 0xb
 1638 0075 01       		.uleb128 0x1
 1639 0076 13       		.uleb128 0x13
 1640 0077 00       		.byte	0
 1641 0078 00       		.byte	0
 1642 0079 09       		.uleb128 0x9
 1643 007a 0D       		.uleb128 0xd
 1644 007b 00       		.byte	0
 1645 007c 03       		.uleb128 0x3
 1646 007d 08       		.uleb128 0x8
 1647 007e 3A       		.uleb128 0x3a
 1648 007f 0B       		.uleb128 0xb
 1649 0080 3B       		.uleb128 0x3b
 1650 0081 0B       		.uleb128 0xb
 1651 0082 39       		.uleb128 0x39
 1652 0083 0B       		.uleb128 0xb
 1653 0084 49       		.uleb128 0x49
ARM GAS  /tmp/cc4Ftiuk.s 			page 30


 1654 0085 13       		.uleb128 0x13
 1655 0086 38       		.uleb128 0x38
 1656 0087 0B       		.uleb128 0xb
 1657 0088 00       		.byte	0
 1658 0089 00       		.byte	0
 1659 008a 0A       		.uleb128 0xa
 1660 008b 13       		.uleb128 0x13
 1661 008c 01       		.byte	0x1
 1662 008d 0B       		.uleb128 0xb
 1663 008e 0B       		.uleb128 0xb
 1664 008f 3A       		.uleb128 0x3a
 1665 0090 0B       		.uleb128 0xb
 1666 0091 3B       		.uleb128 0x3b
 1667 0092 0B       		.uleb128 0xb
 1668 0093 39       		.uleb128 0x39
 1669 0094 0B       		.uleb128 0xb
 1670 0095 01       		.uleb128 0x1
 1671 0096 13       		.uleb128 0x13
 1672 0097 00       		.byte	0
 1673 0098 00       		.byte	0
 1674 0099 0B       		.uleb128 0xb
 1675 009a 0D       		.uleb128 0xd
 1676 009b 00       		.byte	0
 1677 009c 03       		.uleb128 0x3
 1678 009d 0E       		.uleb128 0xe
 1679 009e 3A       		.uleb128 0x3a
 1680 009f 0B       		.uleb128 0xb
 1681 00a0 3B       		.uleb128 0x3b
 1682 00a1 0B       		.uleb128 0xb
 1683 00a2 39       		.uleb128 0x39
 1684 00a3 0B       		.uleb128 0xb
 1685 00a4 49       		.uleb128 0x49
 1686 00a5 13       		.uleb128 0x13
 1687 00a6 00       		.byte	0
 1688 00a7 00       		.byte	0
 1689 00a8 0C       		.uleb128 0xc
 1690 00a9 0D       		.uleb128 0xd
 1691 00aa 00       		.byte	0
 1692 00ab 03       		.uleb128 0x3
 1693 00ac 0E       		.uleb128 0xe
 1694 00ad 3A       		.uleb128 0x3a
 1695 00ae 21       		.uleb128 0x21
 1696 00af 06       		.sleb128 6
 1697 00b0 3B       		.uleb128 0x3b
 1698 00b1 05       		.uleb128 0x5
 1699 00b2 39       		.uleb128 0x39
 1700 00b3 0B       		.uleb128 0xb
 1701 00b4 49       		.uleb128 0x49
 1702 00b5 13       		.uleb128 0x13
 1703 00b6 00       		.byte	0
 1704 00b7 00       		.byte	0
 1705 00b8 0D       		.uleb128 0xd
 1706 00b9 26       		.uleb128 0x26
 1707 00ba 00       		.byte	0
 1708 00bb 49       		.uleb128 0x49
 1709 00bc 13       		.uleb128 0x13
 1710 00bd 00       		.byte	0
ARM GAS  /tmp/cc4Ftiuk.s 			page 31


 1711 00be 00       		.byte	0
 1712 00bf 0E       		.uleb128 0xe
 1713 00c0 01       		.uleb128 0x1
 1714 00c1 01       		.byte	0x1
 1715 00c2 49       		.uleb128 0x49
 1716 00c3 13       		.uleb128 0x13
 1717 00c4 01       		.uleb128 0x1
 1718 00c5 13       		.uleb128 0x13
 1719 00c6 00       		.byte	0
 1720 00c7 00       		.byte	0
 1721 00c8 0F       		.uleb128 0xf
 1722 00c9 21       		.uleb128 0x21
 1723 00ca 00       		.byte	0
 1724 00cb 49       		.uleb128 0x49
 1725 00cc 13       		.uleb128 0x13
 1726 00cd 2F       		.uleb128 0x2f
 1727 00ce 0B       		.uleb128 0xb
 1728 00cf 00       		.byte	0
 1729 00d0 00       		.byte	0
 1730 00d1 10       		.uleb128 0x10
 1731 00d2 13       		.uleb128 0x13
 1732 00d3 01       		.byte	0x1
 1733 00d4 03       		.uleb128 0x3
 1734 00d5 0E       		.uleb128 0xe
 1735 00d6 0B       		.uleb128 0xb
 1736 00d7 0B       		.uleb128 0xb
 1737 00d8 3A       		.uleb128 0x3a
 1738 00d9 0B       		.uleb128 0xb
 1739 00da 3B       		.uleb128 0x3b
 1740 00db 05       		.uleb128 0x5
 1741 00dc 39       		.uleb128 0x39
 1742 00dd 0B       		.uleb128 0xb
 1743 00de 01       		.uleb128 0x1
 1744 00df 13       		.uleb128 0x13
 1745 00e0 00       		.byte	0
 1746 00e1 00       		.byte	0
 1747 00e2 11       		.uleb128 0x11
 1748 00e3 2E       		.uleb128 0x2e
 1749 00e4 01       		.byte	0x1
 1750 00e5 3F       		.uleb128 0x3f
 1751 00e6 19       		.uleb128 0x19
 1752 00e7 03       		.uleb128 0x3
 1753 00e8 0E       		.uleb128 0xe
 1754 00e9 3A       		.uleb128 0x3a
 1755 00ea 21       		.uleb128 0x21
 1756 00eb 11       		.sleb128 17
 1757 00ec 3B       		.uleb128 0x3b
 1758 00ed 0B       		.uleb128 0xb
 1759 00ee 39       		.uleb128 0x39
 1760 00ef 21       		.uleb128 0x21
 1761 00f0 07       		.sleb128 7
 1762 00f1 27       		.uleb128 0x27
 1763 00f2 19       		.uleb128 0x19
 1764 00f3 49       		.uleb128 0x49
 1765 00f4 13       		.uleb128 0x13
 1766 00f5 01       		.uleb128 0x1
 1767 00f6 13       		.uleb128 0x13
ARM GAS  /tmp/cc4Ftiuk.s 			page 32


 1768 00f7 00       		.byte	0
 1769 00f8 00       		.byte	0
 1770 00f9 12       		.uleb128 0x12
 1771 00fa 34       		.uleb128 0x34
 1772 00fb 00       		.byte	0
 1773 00fc 03       		.uleb128 0x3
 1774 00fd 08       		.uleb128 0x8
 1775 00fe 3A       		.uleb128 0x3a
 1776 00ff 21       		.uleb128 0x21
 1777 0100 11       		.sleb128 17
 1778 0101 3B       		.uleb128 0x3b
 1779 0102 0B       		.uleb128 0xb
 1780 0103 39       		.uleb128 0x39
 1781 0104 0B       		.uleb128 0xb
 1782 0105 49       		.uleb128 0x49
 1783 0106 13       		.uleb128 0x13
 1784 0107 00       		.byte	0
 1785 0108 00       		.byte	0
 1786 0109 13       		.uleb128 0x13
 1787 010a 17       		.uleb128 0x17
 1788 010b 01       		.byte	0x1
 1789 010c 0B       		.uleb128 0xb
 1790 010d 0B       		.uleb128 0xb
 1791 010e 3A       		.uleb128 0x3a
 1792 010f 0B       		.uleb128 0xb
 1793 0110 3B       		.uleb128 0x3b
 1794 0111 0B       		.uleb128 0xb
 1795 0112 39       		.uleb128 0x39
 1796 0113 21       		.uleb128 0x21
 1797 0114 03       		.sleb128 3
 1798 0115 01       		.uleb128 0x1
 1799 0116 13       		.uleb128 0x13
 1800 0117 00       		.byte	0
 1801 0118 00       		.byte	0
 1802 0119 14       		.uleb128 0x14
 1803 011a 0D       		.uleb128 0xd
 1804 011b 00       		.byte	0
 1805 011c 03       		.uleb128 0x3
 1806 011d 08       		.uleb128 0x8
 1807 011e 3A       		.uleb128 0x3a
 1808 011f 21       		.uleb128 0x21
 1809 0120 0B       		.sleb128 11
 1810 0121 3B       		.uleb128 0x3b
 1811 0122 0B       		.uleb128 0xb
 1812 0123 39       		.uleb128 0x39
 1813 0124 21       		.uleb128 0x21
 1814 0125 07       		.sleb128 7
 1815 0126 49       		.uleb128 0x49
 1816 0127 13       		.uleb128 0x13
 1817 0128 00       		.byte	0
 1818 0129 00       		.byte	0
 1819 012a 15       		.uleb128 0x15
 1820 012b 0D       		.uleb128 0xd
 1821 012c 00       		.byte	0
 1822 012d 03       		.uleb128 0x3
 1823 012e 0E       		.uleb128 0xe
 1824 012f 3A       		.uleb128 0x3a
ARM GAS  /tmp/cc4Ftiuk.s 			page 33


 1825 0130 21       		.uleb128 0x21
 1826 0131 0B       		.sleb128 11
 1827 0132 3B       		.uleb128 0x3b
 1828 0133 0B       		.uleb128 0xb
 1829 0134 39       		.uleb128 0x39
 1830 0135 21       		.uleb128 0x21
 1831 0136 19       		.sleb128 25
 1832 0137 49       		.uleb128 0x49
 1833 0138 13       		.uleb128 0x13
 1834 0139 0D       		.uleb128 0xd
 1835 013a 0B       		.uleb128 0xb
 1836 013b 6B       		.uleb128 0x6b
 1837 013c 0B       		.uleb128 0xb
 1838 013d 00       		.byte	0
 1839 013e 00       		.byte	0
 1840 013f 16       		.uleb128 0x16
 1841 0140 34       		.uleb128 0x34
 1842 0141 00       		.byte	0
 1843 0142 03       		.uleb128 0x3
 1844 0143 0E       		.uleb128 0xe
 1845 0144 3A       		.uleb128 0x3a
 1846 0145 0B       		.uleb128 0xb
 1847 0146 3B       		.uleb128 0x3b
 1848 0147 0B       		.uleb128 0xb
 1849 0148 39       		.uleb128 0x39
 1850 0149 21       		.uleb128 0x21
 1851 014a 12       		.sleb128 18
 1852 014b 49       		.uleb128 0x49
 1853 014c 13       		.uleb128 0x13
 1854 014d 3F       		.uleb128 0x3f
 1855 014e 19       		.uleb128 0x19
 1856 014f 3C       		.uleb128 0x3c
 1857 0150 19       		.uleb128 0x19
 1858 0151 00       		.byte	0
 1859 0152 00       		.byte	0
 1860 0153 17       		.uleb128 0x17
 1861 0154 2E       		.uleb128 0x2e
 1862 0155 00       		.byte	0
 1863 0156 3F       		.uleb128 0x3f
 1864 0157 19       		.uleb128 0x19
 1865 0158 03       		.uleb128 0x3
 1866 0159 0E       		.uleb128 0xe
 1867 015a 3A       		.uleb128 0x3a
 1868 015b 21       		.uleb128 0x21
 1869 015c 08       		.sleb128 8
 1870 015d 3B       		.uleb128 0x3b
 1871 015e 0B       		.uleb128 0xb
 1872 015f 39       		.uleb128 0x39
 1873 0160 21       		.uleb128 0x21
 1874 0161 08       		.sleb128 8
 1875 0162 27       		.uleb128 0x27
 1876 0163 19       		.uleb128 0x19
 1877 0164 3C       		.uleb128 0x3c
 1878 0165 19       		.uleb128 0x19
 1879 0166 00       		.byte	0
 1880 0167 00       		.byte	0
 1881 0168 18       		.uleb128 0x18
ARM GAS  /tmp/cc4Ftiuk.s 			page 34


 1882 0169 34       		.uleb128 0x34
 1883 016a 00       		.byte	0
 1884 016b 03       		.uleb128 0x3
 1885 016c 0E       		.uleb128 0xe
 1886 016d 49       		.uleb128 0x49
 1887 016e 13       		.uleb128 0x13
 1888 016f 34       		.uleb128 0x34
 1889 0170 19       		.uleb128 0x19
 1890 0171 00       		.byte	0
 1891 0172 00       		.byte	0
 1892 0173 19       		.uleb128 0x19
 1893 0174 2E       		.uleb128 0x2e
 1894 0175 00       		.byte	0
 1895 0176 03       		.uleb128 0x3
 1896 0177 0E       		.uleb128 0xe
 1897 0178 3A       		.uleb128 0x3a
 1898 0179 0B       		.uleb128 0xb
 1899 017a 3B       		.uleb128 0x3b
 1900 017b 05       		.uleb128 0x5
 1901 017c 39       		.uleb128 0x39
 1902 017d 0B       		.uleb128 0xb
 1903 017e 27       		.uleb128 0x27
 1904 017f 19       		.uleb128 0x19
 1905 0180 00       		.byte	0
 1906 0181 00       		.byte	0
 1907 0182 1A       		.uleb128 0x1a
 1908 0183 35       		.uleb128 0x35
 1909 0184 00       		.byte	0
 1910 0185 49       		.uleb128 0x49
 1911 0186 13       		.uleb128 0x13
 1912 0187 00       		.byte	0
 1913 0188 00       		.byte	0
 1914 0189 1B       		.uleb128 0x1b
 1915 018a 16       		.uleb128 0x16
 1916 018b 00       		.byte	0
 1917 018c 03       		.uleb128 0x3
 1918 018d 0E       		.uleb128 0xe
 1919 018e 3A       		.uleb128 0x3a
 1920 018f 21       		.uleb128 0x21
 1921 0190 06       		.sleb128 6
 1922 0191 3B       		.uleb128 0x3b
 1923 0192 05       		.uleb128 0x5
 1924 0193 39       		.uleb128 0x39
 1925 0194 21       		.uleb128 0x21
 1926 0195 03       		.sleb128 3
 1927 0196 49       		.uleb128 0x49
 1928 0197 13       		.uleb128 0x13
 1929 0198 00       		.byte	0
 1930 0199 00       		.byte	0
 1931 019a 1C       		.uleb128 0x1c
 1932 019b 2E       		.uleb128 0x2e
 1933 019c 01       		.byte	0x1
 1934 019d 3F       		.uleb128 0x3f
 1935 019e 19       		.uleb128 0x19
 1936 019f 03       		.uleb128 0x3
 1937 01a0 0E       		.uleb128 0xe
 1938 01a1 3A       		.uleb128 0x3a
ARM GAS  /tmp/cc4Ftiuk.s 			page 35


 1939 01a2 21       		.uleb128 0x21
 1940 01a3 11       		.sleb128 17
 1941 01a4 3B       		.uleb128 0x3b
 1942 01a5 0B       		.uleb128 0xb
 1943 01a6 39       		.uleb128 0x39
 1944 01a7 21       		.uleb128 0x21
 1945 01a8 06       		.sleb128 6
 1946 01a9 27       		.uleb128 0x27
 1947 01aa 19       		.uleb128 0x19
 1948 01ab 01       		.uleb128 0x1
 1949 01ac 13       		.uleb128 0x13
 1950 01ad 00       		.byte	0
 1951 01ae 00       		.byte	0
 1952 01af 1D       		.uleb128 0x1d
 1953 01b0 34       		.uleb128 0x34
 1954 01b1 00       		.byte	0
 1955 01b2 03       		.uleb128 0x3
 1956 01b3 0E       		.uleb128 0xe
 1957 01b4 3A       		.uleb128 0x3a
 1958 01b5 21       		.uleb128 0x21
 1959 01b6 11       		.sleb128 17
 1960 01b7 3B       		.uleb128 0x3b
 1961 01b8 0B       		.uleb128 0xb
 1962 01b9 39       		.uleb128 0x39
 1963 01ba 21       		.uleb128 0x21
 1964 01bb 10       		.sleb128 16
 1965 01bc 49       		.uleb128 0x49
 1966 01bd 13       		.uleb128 0x13
 1967 01be 00       		.byte	0
 1968 01bf 00       		.byte	0
 1969 01c0 1E       		.uleb128 0x1e
 1970 01c1 11       		.uleb128 0x11
 1971 01c2 01       		.byte	0x1
 1972 01c3 25       		.uleb128 0x25
 1973 01c4 0E       		.uleb128 0xe
 1974 01c5 13       		.uleb128 0x13
 1975 01c6 0B       		.uleb128 0xb
 1976 01c7 03       		.uleb128 0x3
 1977 01c8 0E       		.uleb128 0xe
 1978 01c9 1B       		.uleb128 0x1b
 1979 01ca 0E       		.uleb128 0xe
 1980 01cb 10       		.uleb128 0x10
 1981 01cc 17       		.uleb128 0x17
 1982 01cd 00       		.byte	0
 1983 01ce 00       		.byte	0
 1984 01cf 1F       		.uleb128 0x1f
 1985 01d0 24       		.uleb128 0x24
 1986 01d1 00       		.byte	0
 1987 01d2 0B       		.uleb128 0xb
 1988 01d3 0B       		.uleb128 0xb
 1989 01d4 3E       		.uleb128 0x3e
 1990 01d5 0B       		.uleb128 0xb
 1991 01d6 03       		.uleb128 0x3
 1992 01d7 08       		.uleb128 0x8
 1993 01d8 00       		.byte	0
 1994 01d9 00       		.byte	0
 1995 01da 20       		.uleb128 0x20
ARM GAS  /tmp/cc4Ftiuk.s 			page 36


 1996 01db 13       		.uleb128 0x13
 1997 01dc 01       		.byte	0x1
 1998 01dd 03       		.uleb128 0x3
 1999 01de 0E       		.uleb128 0xe
 2000 01df 0B       		.uleb128 0xb
 2001 01e0 05       		.uleb128 0x5
 2002 01e1 3A       		.uleb128 0x3a
 2003 01e2 0B       		.uleb128 0xb
 2004 01e3 3B       		.uleb128 0x3b
 2005 01e4 05       		.uleb128 0x5
 2006 01e5 39       		.uleb128 0x39
 2007 01e6 0B       		.uleb128 0xb
 2008 01e7 01       		.uleb128 0x1
 2009 01e8 13       		.uleb128 0x13
 2010 01e9 00       		.byte	0
 2011 01ea 00       		.byte	0
 2012 01eb 21       		.uleb128 0x21
 2013 01ec 0F       		.uleb128 0xf
 2014 01ed 00       		.byte	0
 2015 01ee 0B       		.uleb128 0xb
 2016 01ef 0B       		.uleb128 0xb
 2017 01f0 00       		.byte	0
 2018 01f1 00       		.byte	0
 2019 01f2 22       		.uleb128 0x22
 2020 01f3 13       		.uleb128 0x13
 2021 01f4 01       		.byte	0x1
 2022 01f5 0B       		.uleb128 0xb
 2023 01f6 05       		.uleb128 0x5
 2024 01f7 3A       		.uleb128 0x3a
 2025 01f8 0B       		.uleb128 0xb
 2026 01f9 3B       		.uleb128 0x3b
 2027 01fa 0B       		.uleb128 0xb
 2028 01fb 39       		.uleb128 0x39
 2029 01fc 0B       		.uleb128 0xb
 2030 01fd 01       		.uleb128 0x1
 2031 01fe 13       		.uleb128 0x13
 2032 01ff 00       		.byte	0
 2033 0200 00       		.byte	0
 2034 0201 23       		.uleb128 0x23
 2035 0202 34       		.uleb128 0x34
 2036 0203 00       		.byte	0
 2037 0204 03       		.uleb128 0x3
 2038 0205 08       		.uleb128 0x8
 2039 0206 3A       		.uleb128 0x3a
 2040 0207 0B       		.uleb128 0xb
 2041 0208 3B       		.uleb128 0x3b
 2042 0209 05       		.uleb128 0x5
 2043 020a 39       		.uleb128 0x39
 2044 020b 0B       		.uleb128 0xb
 2045 020c 49       		.uleb128 0x49
 2046 020d 13       		.uleb128 0x13
 2047 020e 3F       		.uleb128 0x3f
 2048 020f 19       		.uleb128 0x19
 2049 0210 3C       		.uleb128 0x3c
 2050 0211 19       		.uleb128 0x19
 2051 0212 00       		.byte	0
 2052 0213 00       		.byte	0
ARM GAS  /tmp/cc4Ftiuk.s 			page 37


 2053 0214 24       		.uleb128 0x24
 2054 0215 34       		.uleb128 0x34
 2055 0216 00       		.byte	0
 2056 0217 47       		.uleb128 0x47
 2057 0218 13       		.uleb128 0x13
 2058 0219 3A       		.uleb128 0x3a
 2059 021a 0B       		.uleb128 0xb
 2060 021b 3B       		.uleb128 0x3b
 2061 021c 0B       		.uleb128 0xb
 2062 021d 39       		.uleb128 0x39
 2063 021e 0B       		.uleb128 0xb
 2064 021f 00       		.byte	0
 2065 0220 00       		.byte	0
 2066 0221 25       		.uleb128 0x25
 2067 0222 2E       		.uleb128 0x2e
 2068 0223 01       		.byte	0x1
 2069 0224 3F       		.uleb128 0x3f
 2070 0225 19       		.uleb128 0x19
 2071 0226 03       		.uleb128 0x3
 2072 0227 0E       		.uleb128 0xe
 2073 0228 3A       		.uleb128 0x3a
 2074 0229 0B       		.uleb128 0xb
 2075 022a 3B       		.uleb128 0x3b
 2076 022b 0B       		.uleb128 0xb
 2077 022c 39       		.uleb128 0x39
 2078 022d 0B       		.uleb128 0xb
 2079 022e 27       		.uleb128 0x27
 2080 022f 19       		.uleb128 0x19
 2081 0230 3C       		.uleb128 0x3c
 2082 0231 19       		.uleb128 0x19
 2083 0232 01       		.uleb128 0x1
 2084 0233 13       		.uleb128 0x13
 2085 0234 00       		.byte	0
 2086 0235 00       		.byte	0
 2087 0236 26       		.uleb128 0x26
 2088 0237 05       		.uleb128 0x5
 2089 0238 00       		.byte	0
 2090 0239 49       		.uleb128 0x49
 2091 023a 13       		.uleb128 0x13
 2092 023b 00       		.byte	0
 2093 023c 00       		.byte	0
 2094 023d 27       		.uleb128 0x27
 2095 023e 05       		.uleb128 0x5
 2096 023f 00       		.byte	0
 2097 0240 03       		.uleb128 0x3
 2098 0241 08       		.uleb128 0x8
 2099 0242 3A       		.uleb128 0x3a
 2100 0243 0B       		.uleb128 0xb
 2101 0244 3B       		.uleb128 0x3b
 2102 0245 0B       		.uleb128 0xb
 2103 0246 39       		.uleb128 0x39
 2104 0247 0B       		.uleb128 0xb
 2105 0248 49       		.uleb128 0x49
 2106 0249 13       		.uleb128 0x13
 2107 024a 00       		.byte	0
 2108 024b 00       		.byte	0
 2109 024c 28       		.uleb128 0x28
ARM GAS  /tmp/cc4Ftiuk.s 			page 38


 2110 024d 21       		.uleb128 0x21
 2111 024e 00       		.byte	0
 2112 024f 00       		.byte	0
 2113 0250 00       		.byte	0
 2114 0251 29       		.uleb128 0x29
 2115 0252 2E       		.uleb128 0x2e
 2116 0253 01       		.byte	0x1
 2117 0254 03       		.uleb128 0x3
 2118 0255 0E       		.uleb128 0xe
 2119 0256 3A       		.uleb128 0x3a
 2120 0257 0B       		.uleb128 0xb
 2121 0258 3B       		.uleb128 0x3b
 2122 0259 05       		.uleb128 0x5
 2123 025a 39       		.uleb128 0x39
 2124 025b 0B       		.uleb128 0xb
 2125 025c 27       		.uleb128 0x27
 2126 025d 19       		.uleb128 0x19
 2127 025e 01       		.uleb128 0x1
 2128 025f 13       		.uleb128 0x13
 2129 0260 00       		.byte	0
 2130 0261 00       		.byte	0
 2131 0262 2A       		.uleb128 0x2a
 2132 0263 2E       		.uleb128 0x2e
 2133 0264 01       		.byte	0x1
 2134 0265 03       		.uleb128 0x3
 2135 0266 0E       		.uleb128 0xe
 2136 0267 3A       		.uleb128 0x3a
 2137 0268 0B       		.uleb128 0xb
 2138 0269 3B       		.uleb128 0x3b
 2139 026a 05       		.uleb128 0x5
 2140 026b 39       		.uleb128 0x39
 2141 026c 0B       		.uleb128 0xb
 2142 026d 27       		.uleb128 0x27
 2143 026e 19       		.uleb128 0x19
 2144 026f 00       		.byte	0
 2145 0270 00       		.byte	0
 2146 0271 2B       		.uleb128 0x2b
 2147 0272 05       		.uleb128 0x5
 2148 0273 00       		.byte	0
 2149 0274 03       		.uleb128 0x3
 2150 0275 0E       		.uleb128 0xe
 2151 0276 3A       		.uleb128 0x3a
 2152 0277 0B       		.uleb128 0xb
 2153 0278 3B       		.uleb128 0x3b
 2154 0279 05       		.uleb128 0x5
 2155 027a 39       		.uleb128 0x39
 2156 027b 0B       		.uleb128 0xb
 2157 027c 49       		.uleb128 0x49
 2158 027d 13       		.uleb128 0x13
 2159 027e 00       		.byte	0
 2160 027f 00       		.byte	0
 2161 0280 00       		.byte	0
 2162              		.section	.gnu.debuglto_.debug_line,"e",%progbits
 2163              	.Ldebug_line0:
 2164 0000 B0000000 		.4byte	.LELT0-.LSLT0
 2165              	.LSLT0:
 2166 0004 0500     		.2byte	0x5
ARM GAS  /tmp/cc4Ftiuk.s 			page 39


 2167 0006 04       		.byte	0x4
 2168 0007 00       		.byte	0
 2169 0008 A8000000 		.4byte	.LELTP0-.LASLTP0
 2170              	.LASLTP0:
 2171 000c 01       		.byte	0x1
 2172 000d 01       		.byte	0x1
 2173 000e 01       		.byte	0x1
 2174 000f F6       		.byte	0xf6
 2175 0010 F2       		.byte	0xf2
 2176 0011 0D       		.byte	0xd
 2177 0012 00       		.byte	0
 2178 0013 01       		.byte	0x1
 2179 0014 01       		.byte	0x1
 2180 0015 01       		.byte	0x1
 2181 0016 01       		.byte	0x1
 2182 0017 00       		.byte	0
 2183 0018 00       		.byte	0
 2184 0019 00       		.byte	0
 2185 001a 01       		.byte	0x1
 2186 001b 00       		.byte	0
 2187 001c 00       		.byte	0
 2188 001d 01       		.byte	0x1
 2189 001e 01       		.byte	0x1
 2190 001f 01       		.uleb128 0x1
 2191 0020 1F       		.uleb128 0x1f
 2192 0021 0A       		.uleb128 0xa
 2193 0022 88000000 		.4byte	.LASF156
 2194 0026 12010000 		.4byte	.LASF157
 2195 002a 78020000 		.4byte	.LASF158
 2196 002e 7F030000 		.4byte	.LASF159
 2197 0032 30030000 		.4byte	.LASF160
 2198 0036 0F030000 		.4byte	.LASF161
 2199 003a 4D020000 		.4byte	.LASF162
 2200 003e 11000000 		.4byte	.LASF163
 2201 0042 C9010000 		.4byte	.LASF164
 2202 0046 4B010000 		.4byte	.LASF165
 2203 004a 02       		.byte	0x2
 2204 004b 01       		.uleb128 0x1
 2205 004c 1F       		.uleb128 0x1f
 2206 004d 02       		.uleb128 0x2
 2207 004e 0B       		.uleb128 0xb
 2208 004f 14       		.uleb128 0x14
 2209 0050 A7020000 		.4byte	.LASF166
 2210 0054 00       		.byte	0
 2211 0055 06030000 		.4byte	.LASF167
 2212 0059 09       		.byte	0x9
 2213 005a 00000000 		.4byte	.LASF168
 2214 005e 07       		.byte	0x7
 2215 005f DE020000 		.4byte	.LASF169
 2216 0063 08       		.byte	0x8
 2217 0064 D4020000 		.4byte	.LASF170
 2218 0068 02       		.byte	0x2
 2219 0069 61030000 		.4byte	.LASF171
 2220 006d 06       		.byte	0x6
 2221 006e FA020000 		.4byte	.LASF172
 2222 0072 06       		.byte	0x6
 2223 0073 3C020000 		.4byte	.LASF173
ARM GAS  /tmp/cc4Ftiuk.s 			page 40


 2224 0077 06       		.byte	0x6
 2225 0078 6B030000 		.4byte	.LASF174
 2226 007c 06       		.byte	0x6
 2227 007d 6F020000 		.4byte	.LASF175
 2228 0081 06       		.byte	0x6
 2229 0082 F0020000 		.4byte	.LASF176
 2230 0086 06       		.byte	0x6
 2231 0087 75030000 		.4byte	.LASF177
 2232 008b 06       		.byte	0x6
 2233 008c 01010000 		.4byte	.LASF178
 2234 0090 03       		.byte	0x3
 2235 0091 0A010000 		.4byte	.LASF179
 2236 0095 06       		.byte	0x6
 2237 0096 45020000 		.4byte	.LASF180
 2238 009a 06       		.byte	0x6
 2239 009b F3000000 		.4byte	.LASF181
 2240 009f 04       		.byte	0x4
 2241 00a0 DB000000 		.4byte	.LASF182
 2242 00a4 04       		.byte	0x4
 2243 00a5 E7000000 		.4byte	.LASF183
 2244 00a9 05       		.byte	0x5
 2245 00aa E8020000 		.4byte	.LASF184
 2246 00ae 06       		.byte	0x6
 2247 00af 55030000 		.4byte	.LASF185
 2248 00b3 01       		.byte	0x1
 2249              	.LELTP0:
 2250              	.LELT0:
 2251              		.section	.gnu.debuglto_.debug_str,"eMS",%progbits,1
 2252              	.LASF126:
 2253 0000 6D656D6F 		.ascii	"memory_area_t\000"
 2253      72795F61 
 2253      7265615F 
 2253      7400
 2254              	.LASF117:
 2255 000e 72656164 		.ascii	"ready_list_t\000"
 2255      795F6C69 
 2255      73745F74 
 2255      00
 2256              	.LASF53:
 2257 001b 72666375 		.ascii	"rfcu\000"
 2257      00
 2258              	.LASF4:
 2259 0020 73697A65 		.ascii	"size_t\000"
 2259      5F7400
 2260              	.LASF71:
 2261 0027 6E657874 		.ascii	"next\000"
 2261      00
 2262              	.LASF80:
 2263 002c 64656C74 		.ascii	"delta\000"
 2263      6100
 2264              	.LASF106:
 2265 0032 7264796D 		.ascii	"rdymsg\000"
 2265      736700
 2266              	.LASF20:
 2267 0039 75696E74 		.ascii	"uint64_t\000"
 2267      36345F74 
 2267      00
ARM GAS  /tmp/cc4Ftiuk.s 			page 41


 2268              	.LASF121:
 2269 0042 69646C65 		.ascii	"idlethread_base\000"
 2269      74687265 
 2269      61645F62 
 2269      61736500 
 2270              	.LASF5:
 2271 0052 5F5F7569 		.ascii	"__uint8_t\000"
 2271      6E74385F 
 2271      7400
 2272              	.LASF74:
 2273 005c 70726576 		.ascii	"prev\000"
 2273      00
 2274              	.LASF93:
 2275 0061 706F7274 		.ascii	"port_intctx\000"
 2275      5F696E74 
 2275      63747800 
 2276              	.LASF66:
 2277 006d 73797374 		.ascii	"system_debug_t\000"
 2277      656D5F64 
 2277      65627567 
 2277      5F7400
 2278              	.LASF85:
 2279 007c 74797065 		.ascii	"type\000"
 2279      00
 2280              	.LASF75:
 2281 0081 63685F70 		.ascii	"ch_priority_queue_t\000"
 2281      72696F72 
 2281      6974795F 
 2281      71756575 
 2281      655F7400 
 2282              	.LASF123:
 2283 0095 6F735F69 		.ascii	"os_instance_config_t\000"
 2283      6E737461 
 2283      6E63655F 
 2283      636F6E66 
 2283      69675F74 
 2284              	.LASF15:
 2285 00aa 6C6F6E67 		.ascii	"long long unsigned int\000"
 2285      206C6F6E 
 2285      6720756E 
 2285      7369676E 
 2285      65642069 
 2286              	.LASF107:
 2287 00c1 65786974 		.ascii	"exitcode\000"
 2287      636F6465 
 2287      00
 2288              	.LASF55:
 2289 00ca 6D61696E 		.ascii	"mainthread\000"
 2289      74687265 
 2289      616400
 2290              	.LASF109:
 2291 00d5 73656E74 		.ascii	"sentmsg\000"
 2291      6D736700 
 2292              	.LASF99:
 2293 00dd 76697274 		.ascii	"virtual_timers_list_t\000"
 2293      75616C5F 
 2293      74696D65 
ARM GAS  /tmp/cc4Ftiuk.s 			page 42


 2293      72735F6C 
 2293      6973745F 
 2294              	.LASF137:
 2295 00f3 616C6967 		.ascii	"align\000"
 2295      6E00
 2296              	.LASF39:
 2297 00f9 72656673 		.ascii	"refs\000"
 2297      00
 2298              	.LASF1:
 2299 00fe 6C6F6E67 		.ascii	"long long int\000"
 2299      206C6F6E 
 2299      6720696E 
 2299      7400
 2300              	.LASF3:
 2301 010c 7369676E 		.ascii	"signed char\000"
 2301      65642063 
 2301      68617200 
 2302              	.LASF79:
 2303 0118 63685F64 		.ascii	"ch_delta_list\000"
 2303      656C7461 
 2303      5F6C6973 
 2303      7400
 2304              	.LASF150:
 2305 0126 62617365 		.ascii	"basePri\000"
 2305      50726900 
 2306              	.LASF50:
 2307 012e 76746C69 		.ascii	"vtlist\000"
 2307      737400
 2308              	.LASF148:
 2309 0135 706F7274 		.ascii	"port_unlock\000"
 2309      5F756E6C 
 2309      6F636B00 
 2310              	.LASF37:
 2311 0141 73746174 		.ascii	"state\000"
 2311      6500
 2312              	.LASF11:
 2313 0147 6C6F6E67 		.ascii	"long int\000"
 2313      20696E74 
 2313      00
 2314              	.LASF24:
 2315 0150 74737461 		.ascii	"tstate_t\000"
 2315      74655F74 
 2315      00
 2316              	.LASF58:
 2317 0159 63685F72 		.ascii	"ch_rfcu\000"
 2317      66637500 
 2318              	.LASF73:
 2319 0161 63685F71 		.ascii	"ch_queue\000"
 2319      75657565 
 2319      00
 2320              	.LASF128:
 2321 016a 62617365 		.ascii	"basemem\000"
 2321      6D656D00 
 2322              	.LASF17:
 2323 0172 75696E74 		.ascii	"uint16_t\000"
 2323      31365F74 
 2323      00
ARM GAS  /tmp/cc4Ftiuk.s 			page 43


 2324              	.LASF78:
 2325 017b 63685F64 		.ascii	"ch_delta_list_t\000"
 2325      656C7461 
 2325      5F6C6973 
 2325      745F7400 
 2326              	.LASF100:
 2327 018b 63685F72 		.ascii	"ch_registry\000"
 2327      65676973 
 2327      74727900 
 2328              	.LASF12:
 2329 0197 5F5F7569 		.ascii	"__uint32_t\000"
 2329      6E743332 
 2329      5F7400
 2330              	.LASF36:
 2331 01a2 7761656E 		.ascii	"waend\000"
 2331      6400
 2332              	.LASF40:
 2333 01a8 77616974 		.ascii	"waiting\000"
 2333      696E6700 
 2334              	.LASF119:
 2335 01b0 6D61696E 		.ascii	"mainthread_base\000"
 2335      74687265 
 2335      61645F62 
 2335      61736500 
 2336              	.LASF124:
 2337 01c0 6D757465 		.ascii	"mutex_t\000"
 2337      785F7400 
 2338              	.LASF64:
 2339 01c8 6C6F636B 		.ascii	"lock_cnt\000"
 2339      5F636E74 
 2339      00
 2340              	.LASF68:
 2341 01d1 73797369 		.ascii	"sysinterval_t\000"
 2341      6E746572 
 2341      76616C5F 
 2341      7400
 2342              	.LASF29:
 2343 01df 636E745F 		.ascii	"cnt_t\000"
 2343      7400
 2344              	.LASF41:
 2345 01e5 6D736771 		.ascii	"msgqueue\000"
 2345      75657565 
 2345      00
 2346              	.LASF0:
 2347 01ee 756E7369 		.ascii	"unsigned int\000"
 2347      676E6564 
 2347      20696E74 
 2347      00
 2348              	.LASF132:
 2349 01fb 5F5F6462 		.ascii	"__dbg_check_unlock\000"
 2349      675F6368 
 2349      65636B5F 
 2349      756E6C6F 
 2349      636B00
 2350              	.LASF110:
 2351 020e 77747365 		.ascii	"wtsemp\000"
 2351      6D7000
ARM GAS  /tmp/cc4Ftiuk.s 			page 44


 2352              	.LASF108:
 2353 0215 77747472 		.ascii	"wttrp\000"
 2353      7000
 2354              	.LASF32:
 2355 021b 72717565 		.ascii	"rqueue\000"
 2355      756500
 2356              	.LASF72:
 2357 0222 63685F71 		.ascii	"ch_queue_t\000"
 2357      75657565 
 2357      5F7400
 2358              	.LASF34:
 2359 022d 6E616D65 		.ascii	"name\000"
 2359      00
 2360              	.LASF101:
 2361 0232 71756575 		.ascii	"queue\000"
 2361      6500
 2362              	.LASF52:
 2363 0238 636F7265 		.ascii	"core_id\000"
 2363      5F696400 
 2364              	.LASF151:
 2365 0240 474E5520 		.ascii	"GNU C17 11.3.1 20220712 -mcpu=cortex-m4 -mthumb -mf"
 2365      43313720 
 2365      31312E33 
 2365      2E312032 
 2365      30323230 
 2366 0273 6C6F6174 		.ascii	"loat-abi=soft -march=armv7e-m -ggdb -O2 -fomit-fram"
 2366      2D616269 
 2366      3D736F66 
 2366      74202D6D 
 2366      61726368 
 2367 02a6 652D706F 		.ascii	"e-pointer -falign-functions=16 -ffunction-sections "
 2367      696E7465 
 2367      72202D66 
 2367      616C6967 
 2367      6E2D6675 
 2368 02d9 2D666461 		.ascii	"-fdata-sections -fno-common -flto\000"
 2368      74612D73 
 2368      65637469 
 2368      6F6E7320 
 2368      2D666E6F 
 2369              	.LASF90:
 2370 02fb 73697A65 		.ascii	"size\000"
 2370      00
 2371              	.LASF9:
 2372 0300 73686F72 		.ascii	"short unsigned int\000"
 2372      7420756E 
 2372      7369676E 
 2372      65642069 
 2372      6E7400
 2373              	.LASF47:
 2374 0313 63685F74 		.ascii	"ch_thread\000"
 2374      68726561 
 2374      6400
 2375              	.LASF27:
 2376 031d 6D73675F 		.ascii	"msg_t\000"
 2376      7400
 2377              	.LASF42:
ARM GAS  /tmp/cc4Ftiuk.s 			page 45


 2378 0323 6570656E 		.ascii	"epending\000"
 2378      64696E67 
 2378      00
 2379              	.LASF134:
 2380 032c 63684462 		.ascii	"chDbgCheckClassI\000"
 2380      67436865 
 2380      636B436C 
 2380      61737349 
 2380      00
 2381              	.LASF23:
 2382 033d 746D6F64 		.ascii	"tmode_t\000"
 2382      655F7400 
 2383              	.LASF70:
 2384 0345 63685F6C 		.ascii	"ch_list\000"
 2384      69737400 
 2385              	.LASF115:
 2386 034d 63685F72 		.ascii	"ch_ready_list\000"
 2386      65616479 
 2386      5F6C6973 
 2386      7400
 2387              	.LASF28:
 2388 035b 6576656E 		.ascii	"eventmask_t\000"
 2388      746D6173 
 2388      6B5F7400 
 2389              	.LASF10:
 2390 0367 5F5F696E 		.ascii	"__int32_t\000"
 2390      7433325F 
 2390      7400
 2391              	.LASF139:
 2392 0371 6368436F 		.ascii	"chCoreAllocFromBase\000"
 2392      7265416C 
 2392      6C6F6346 
 2392      726F6D42 
 2392      61736500 
 2393              	.LASF22:
 2394 0385 73746B61 		.ascii	"stkalign_t\000"
 2394      6C69676E 
 2394      5F7400
 2395              	.LASF86:
 2396 0390 72747374 		.ascii	"rtstamp\000"
 2396      616D7000 
 2397              	.LASF98:
 2398 0398 6C617374 		.ascii	"laststamp\000"
 2398      7374616D 
 2398      7000
 2399              	.LASF125:
 2400 03a2 62617365 		.ascii	"base\000"
 2400      00
 2401              	.LASF129:
 2402 03a7 746F706D 		.ascii	"topmem\000"
 2402      656D00
 2403              	.LASF44:
 2404 03ae 7265616C 		.ascii	"realprio\000"
 2404      7072696F 
 2404      00
 2405              	.LASF57:
 2406 03b7 72666375 		.ascii	"rfcu_mask_t\000"
ARM GAS  /tmp/cc4Ftiuk.s 			page 46


 2406      5F6D6173 
 2406      6B5F7400 
 2407              	.LASF103:
 2408 03c3 74687265 		.ascii	"thread_reference_t\000"
 2408      61645F72 
 2408      65666572 
 2408      656E6365 
 2408      5F7400
 2409              	.LASF95:
 2410 03d6 63685F76 		.ascii	"ch_virtual_timers_list\000"
 2410      69727475 
 2410      616C5F74 
 2410      696D6572 
 2410      735F6C69 
 2411              	.LASF144:
 2412 03ed 5F5F636F 		.ascii	"__core_init\000"
 2412      72655F69 
 2412      6E697400 
 2413              	.LASF2:
 2414 03f9 6C6F6E67 		.ascii	"long double\000"
 2414      20646F75 
 2414      626C6500 
 2415              	.LASF69:
 2416 0405 63685F6C 		.ascii	"ch_list_t\000"
 2416      6973745F 
 2416      7400
 2417              	.LASF141:
 2418 040f 6368436F 		.ascii	"chCoreAllocFromBaseI\000"
 2418      7265416C 
 2418      6C6F6346 
 2418      726F6D42 
 2418      61736549 
 2419              	.LASF89:
 2420 0424 73757370 		.ascii	"suspended\000"
 2420      656E6465 
 2420      6400
 2421              	.LASF88:
 2422 042e 74726163 		.ascii	"trace_event_t\000"
 2422      655F6576 
 2422      656E745F 
 2422      7400
 2423              	.LASF118:
 2424 043c 63685F6F 		.ascii	"ch_os_instance_config\000"
 2424      735F696E 
 2424      7374616E 
 2424      63655F63 
 2424      6F6E6669 
 2425              	.LASF94:
 2426 0452 706F7274 		.ascii	"port_context\000"
 2426      5F636F6E 
 2426      74657874 
 2426      00
 2427              	.LASF87:
 2428 045f 74696D65 		.ascii	"time\000"
 2428      00
 2429              	.LASF77:
 2430 0464 7072696F 		.ascii	"prio\000"
ARM GAS  /tmp/cc4Ftiuk.s 			page 47


 2430      00
 2431              	.LASF116:
 2432 0469 63757272 		.ascii	"current\000"
 2432      656E7400 
 2433              	.LASF14:
 2434 0471 5F5F7569 		.ascii	"__uint64_t\000"
 2434      6E743634 
 2434      5F7400
 2435              	.LASF130:
 2436 047c 6D656D63 		.ascii	"memcore_t\000"
 2436      6F72655F 
 2436      7400
 2437              	.LASF133:
 2438 0486 5F5F6462 		.ascii	"__dbg_check_lock\000"
 2438      675F6368 
 2438      65636B5F 
 2438      6C6F636B 
 2438      00
 2439              	.LASF30:
 2440 0497 636F7265 		.ascii	"core_id_t\000"
 2440      5F69645F 
 2440      7400
 2441              	.LASF25:
 2442 04a1 74726566 		.ascii	"trefs_t\000"
 2442      735F7400 
 2443              	.LASF84:
 2444 04a9 75736572 		.ascii	"user\000"
 2444      00
 2445              	.LASF26:
 2446 04ae 74707269 		.ascii	"tprio_t\000"
 2446      6F5F7400 
 2447              	.LASF61:
 2448 04b6 63685F73 		.ascii	"ch_system_debug\000"
 2448      79737465 
 2448      6D5F6465 
 2448      62756700 
 2449              	.LASF127:
 2450 04c6 5F426F6F 		.ascii	"_Bool\000"
 2450      6C00
 2451              	.LASF18:
 2452 04cc 696E7433 		.ascii	"int32_t\000"
 2452      325F7400 
 2453              	.LASF6:
 2454 04d4 756E7369 		.ascii	"unsigned char\000"
 2454      676E6564 
 2454      20636861 
 2454      7200
 2455              	.LASF136:
 2456 04e2 6368436F 		.ascii	"chCoreAllocFromTop\000"
 2456      7265416C 
 2456      6C6F6346 
 2456      726F6D54 
 2456      6F7000
 2457              	.LASF60:
 2458 04f5 72666375 		.ascii	"rfcu_t\000"
 2458      5F7400
 2459              	.LASF7:
ARM GAS  /tmp/cc4Ftiuk.s 			page 48


 2460 04fc 73686F72 		.ascii	"short int\000"
 2460      7420696E 
 2460      7400
 2461              	.LASF97:
 2462 0506 6C617374 		.ascii	"lasttime\000"
 2462      74696D65 
 2462      00
 2463              	.LASF83:
 2464 050f 68616C74 		.ascii	"halt\000"
 2464      00
 2465              	.LASF146:
 2466 0514 5F5F6865 		.ascii	"__heap_end__\000"
 2466      61705F65 
 2466      6E645F5F 
 2466      00
 2467              	.LASF92:
 2468 0521 74726163 		.ascii	"trace_buffer_t\000"
 2468      655F6275 
 2468      66666572 
 2468      5F7400
 2469              	.LASF112:
 2470 0530 65776D61 		.ascii	"ewmask\000"
 2470      736B00
 2471              	.LASF142:
 2472 0537 5F5F6675 		.ascii	"__func__\000"
 2472      6E635F5F 
 2472      00
 2473              	.LASF147:
 2474 0540 63685379 		.ascii	"chSysLock\000"
 2474      734C6F63 
 2474      6B00
 2475              	.LASF82:
 2476 054a 72656173 		.ascii	"reason\000"
 2476      6F6E00
 2477              	.LASF113:
 2478 0551 63685F73 		.ascii	"ch_semaphore\000"
 2478      656D6170 
 2478      686F7265 
 2478      00
 2479              	.LASF143:
 2480 055e 6368436F 		.ascii	"chCoreGetStatusX\000"
 2480      72654765 
 2480      74537461 
 2480      74757358 
 2480      00
 2481              	.LASF102:
 2482 056f 72656769 		.ascii	"registry_t\000"
 2482      73747279 
 2482      5F7400
 2483              	.LASF19:
 2484 057a 75696E74 		.ascii	"uint32_t\000"
 2484      33325F74 
 2484      00
 2485              	.LASF111:
 2486 0583 77746D74 		.ascii	"wtmtxp\000"
 2486      787000
 2487              	.LASF21:
ARM GAS  /tmp/cc4Ftiuk.s 			page 49


 2488 058a 706F7274 		.ascii	"port_stkalign_t\000"
 2488      5F73746B 
 2488      616C6967 
 2488      6E5F7400 
 2489              	.LASF33:
 2490 059a 6F776E65 		.ascii	"owner\000"
 2490      7200
 2491              	.LASF13:
 2492 05a0 6C6F6E67 		.ascii	"long unsigned int\000"
 2492      20756E73 
 2492      69676E65 
 2492      6420696E 
 2492      7400
 2493              	.LASF35:
 2494 05b2 77616261 		.ascii	"wabase\000"
 2494      736500
 2495              	.LASF65:
 2496 05b9 63686172 		.ascii	"char\000"
 2496      00
 2497              	.LASF54:
 2498 05be 636F6E66 		.ascii	"config\000"
 2498      696700
 2499              	.LASF8:
 2500 05c5 5F5F7569 		.ascii	"__uint16_t\000"
 2500      6E743136 
 2500      5F7400
 2501              	.LASF31:
 2502 05d0 74687265 		.ascii	"thread_t\000"
 2502      61645F74 
 2502      00
 2503              	.LASF131:
 2504 05d9 63685F6D 		.ascii	"ch_memcore\000"
 2504      656D636F 
 2504      726500
 2505              	.LASF96:
 2506 05e4 646C6973 		.ascii	"dlist\000"
 2506      7400
 2507              	.LASF67:
 2508 05ea 73797374 		.ascii	"systime_t\000"
 2508      696D655F 
 2508      7400
 2509              	.LASF91:
 2510 05f4 62756666 		.ascii	"buffer\000"
 2510      657200
 2511              	.LASF155:
 2512 05fb 5F5F7365 		.ascii	"__set_BASEPRI\000"
 2512      745F4241 
 2512      53455052 
 2512      4900
 2513              	.LASF62:
 2514 0609 70616E69 		.ascii	"panic_msg\000"
 2514      635F6D73 
 2514      6700
 2515              	.LASF105:
 2516 0613 70717565 		.ascii	"pqueue\000"
 2516      756500
 2517              	.LASF48:
ARM GAS  /tmp/cc4Ftiuk.s 			page 50


 2518 061a 63685F6F 		.ascii	"ch_os_instance\000"
 2518      735F696E 
 2518      7374616E 
 2518      636500
 2519              	.LASF138:
 2520 0629 6F666673 		.ascii	"offset\000"
 2520      657400
 2521              	.LASF46:
 2522 0630 6F735F69 		.ascii	"os_instance_t\000"
 2522      6E737461 
 2522      6E63655F 
 2522      7400
 2523              	.LASF51:
 2524 063e 7265676C 		.ascii	"reglist\000"
 2524      69737400 
 2525              	.LASF76:
 2526 0646 63685F70 		.ascii	"ch_priority_queue\000"
 2526      72696F72 
 2526      6974795F 
 2526      71756575 
 2526      6500
 2527              	.LASF120:
 2528 0658 6D61696E 		.ascii	"mainthread_end\000"
 2528      74687265 
 2528      61645F65 
 2528      6E6400
 2529              	.LASF153:
 2530 0667 2F686F6D 		.ascii	"/home/rob/Projects/ChibiStudio/ChibiStudio_23/works"
 2530      652F726F 
 2530      622F5072 
 2530      6F6A6563 
 2530      74732F43 
 2531 069a 70616365 		.ascii	"pace_trunk/STM32_GPIB_firmware/\000"
 2531      5F747275 
 2531      6E6B2F53 
 2531      544D3332 
 2531      5F475049 
 2532              	.LASF45:
 2533 06ba 6D706F6F 		.ascii	"mpool\000"
 2533      6C00
 2534              	.LASF145:
 2535 06c0 5F5F6865 		.ascii	"__heap_base__\000"
 2535      61705F62 
 2535      6173655F 
 2535      5F00
 2536              	.LASF135:
 2537 06ce 63685379 		.ascii	"chSysHalt\000"
 2537      7348616C 
 2537      7400
 2538              	.LASF114:
 2539 06d8 63685F6D 		.ascii	"ch_mutex\000"
 2539      75746578 
 2539      00
 2540              	.LASF59:
 2541 06e1 6D61736B 		.ascii	"mask\000"
 2541      00
 2542              	.LASF63:
ARM GAS  /tmp/cc4Ftiuk.s 			page 51


 2543 06e6 6973725F 		.ascii	"isr_cnt\000"
 2543      636E7400 
 2544              	.LASF49:
 2545 06ee 726C6973 		.ascii	"rlist\000"
 2545      7400
 2546              	.LASF16:
 2547 06f4 75696E74 		.ascii	"uint8_t\000"
 2547      385F7400 
 2548              	.LASF38:
 2549 06fc 666C6167 		.ascii	"flags\000"
 2549      7300
 2550              	.LASF81:
 2551 0702 77746F62 		.ascii	"wtobjp\000"
 2551      6A7000
 2552              	.LASF152:
 2553 0709 2E2E2F2E 		.ascii	"../../chibios_trunk/os/oslib/src/chmemcore.c\000"
 2553      2E2F6368 
 2553      6962696F 
 2553      735F7472 
 2553      756E6B2F 
 2554              	.LASF56:
 2555 0736 74726163 		.ascii	"trace_buffer\000"
 2555      655F6275 
 2555      66666572 
 2555      00
 2556              	.LASF154:
 2557 0743 63685379 		.ascii	"chSysUnlock\000"
 2557      73556E6C 
 2557      6F636B00 
 2558              	.LASF104:
 2559 074f 6C697374 		.ascii	"list\000"
 2559      00
 2560              	.LASF149:
 2561 0754 706F7274 		.ascii	"port_lock\000"
 2561      5F6C6F63 
 2561      6B00
 2562              	.LASF122:
 2563 075e 69646C65 		.ascii	"idlethread_end\000"
 2563      74687265 
 2563      61645F65 
 2563      6E6400
 2564              	.LASF43:
 2565 076d 6D74786C 		.ascii	"mtxlist\000"
 2565      69737400 
 2566              	.LASF140:
 2567 0775 6368436F 		.ascii	"chCoreAllocFromTopI\000"
 2567      7265416C 
 2567      6C6F6346 
 2567      726F6D54 
 2567      6F704900 
 2568              		.section	.gnu.debuglto_.debug_line_str,"eMS",%progbits,1
 2569              	.LASF168:
 2570 0000 5F646566 		.ascii	"_default_types.h\000"
 2570      61756C74 
 2570      5F747970 
 2570      65732E68 
 2570      00
ARM GAS  /tmp/cc4Ftiuk.s 			page 52


 2571              	.LASF163:
 2572 0011 2F686F6D 		.ascii	"/home/rob/Projects/ChibiStudio/ChibiStudio_23/tools"
 2572      652F726F 
 2572      622F5072 
 2572      6F6A6563 
 2572      74732F43 
 2573 0044 2F474E55 		.ascii	"/GNU Tools ARM Embedded/11.3.1 2022q3/arm-none-eabi"
 2573      20546F6F 
 2573      6C732041 
 2573      524D2045 
 2573      6D626564 
 2574 0077 2F696E63 		.ascii	"/include/machine\000"
 2574      6C756465 
 2574      2F6D6163 
 2574      68696E65 
 2574      00
 2575              	.LASF156:
 2576 0088 2F686F6D 		.ascii	"/home/rob/Projects/ChibiStudio/ChibiStudio_23/works"
 2576      652F726F 
 2576      622F5072 
 2576      6F6A6563 
 2576      74732F43 
 2577 00bb 70616365 		.ascii	"pace_trunk/STM32_GPIB_firmware/\000"
 2577      5F747275 
 2577      6E6B2F53 
 2577      544D3332 
 2577      5F475049 
 2578              	.LASF182:
 2579 00db 63686D65 		.ascii	"chmemcore.h\000"
 2579      6D636F72 
 2579      652E6800 
 2580              	.LASF183:
 2581 00e7 63686D65 		.ascii	"chmemcore.c\000"
 2581      6D636F72 
 2581      652E6300 
 2582              	.LASF181:
 2583 00f3 63686D65 		.ascii	"chmemchecks.h\000"
 2583      6D636865 
 2583      636B732E 
 2583      6800
 2584              	.LASF178:
 2585 0101 6368636F 		.ascii	"chcore.h\000"
 2585      72652E68 
 2585      00
 2586              	.LASF179:
 2587 010a 63687365 		.ascii	"chsem.h\000"
 2587      6D2E6800 
 2588              	.LASF157:
 2589 0112 2E2E2F2E 		.ascii	"../../chibios_trunk/os/common/ext/ARM/CMSIS/Core/In"
 2589      2E2F6368 
 2589      6962696F 
 2589      735F7472 
 2589      756E6B2F 
 2590 0145 636C7564 		.ascii	"clude\000"
 2590      6500
 2591              	.LASF165:
 2592 014b 2F686F6D 		.ascii	"/home/rob/Projects/ChibiStudio/ChibiStudio_23/tools"
ARM GAS  /tmp/cc4Ftiuk.s 			page 53


 2592      652F726F 
 2592      622F5072 
 2592      6F6A6563 
 2592      74732F43 
 2593 017e 2F474E55 		.ascii	"/GNU Tools ARM Embedded/11.3.1 2022q3/lib/gcc/arm-n"
 2593      20546F6F 
 2593      6C732041 
 2593      524D2045 
 2593      6D626564 
 2594 01b1 6F6E652D 		.ascii	"one-eabi/11.3.1/include\000"
 2594      65616269 
 2594      2F31312E 
 2594      332E312F 
 2594      696E636C 
 2595              	.LASF164:
 2596 01c9 2F686F6D 		.ascii	"/home/rob/Projects/ChibiStudio/ChibiStudio_23/tools"
 2596      652F726F 
 2596      622F5072 
 2596      6F6A6563 
 2596      74732F43 
 2597 01fc 2F474E55 		.ascii	"/GNU Tools ARM Embedded/11.3.1 2022q3/arm-none-eabi"
 2597      20546F6F 
 2597      6C732041 
 2597      524D2045 
 2597      6D626564 
 2598 022f 2F696E63 		.ascii	"/include/sys\000"
 2598      6C756465 
 2598      2F737973 
 2598      00
 2599              	.LASF173:
 2600 023c 63687266 		.ascii	"chrfcu.h\000"
 2600      63752E68 
 2600      00
 2601              	.LASF180:
 2602 0245 63686D74 		.ascii	"chmtx.h\000"
 2602      782E6800 
 2603              	.LASF162:
 2604 024d 2E2E2F2E 		.ascii	"../../chibios_trunk/os/rt/include\000"
 2604      2E2F6368 
 2604      6962696F 
 2604      735F7472 
 2604      756E6B2F 
 2605              	.LASF175:
 2606 026f 63687469 		.ascii	"chtime.h\000"
 2606      6D652E68 
 2606      00
 2607              	.LASF158:
 2608 0278 2E2E2F2E 		.ascii	"../../chibios_trunk/os/common/ports/ARM-common\000"
 2608      2E2F6368 
 2608      6962696F 
 2608      735F7472 
 2608      756E6B2F 
 2609              	.LASF166:
 2610 02a7 2E2E2F2E 		.ascii	"../../chibios_trunk/os/oslib/src/chmemcore.c\000"
 2610      2E2F6368 
 2610      6962696F 
 2610      735F7472 
ARM GAS  /tmp/cc4Ftiuk.s 			page 54


 2610      756E6B2F 
 2611              	.LASF170:
 2612 02d4 63687479 		.ascii	"chtypes.h\000"
 2612      7065732E 
 2612      6800
 2613              	.LASF169:
 2614 02de 5F737464 		.ascii	"_stdint.h\000"
 2614      696E742E 
 2614      6800
 2615              	.LASF184:
 2616 02e8 63687379 		.ascii	"chsys.h\000"
 2616      732E6800 
 2617              	.LASF176:
 2618 02f0 63686C69 		.ascii	"chlists.h\000"
 2618      7374732E 
 2618      6800
 2619              	.LASF172:
 2620 02fa 63686F62 		.ascii	"chobjects.h\000"
 2620      6A656374 
 2620      732E6800 
 2621              	.LASF167:
 2622 0306 73746464 		.ascii	"stddef.h\000"
 2622      65662E68 
 2622      00
 2623              	.LASF161:
 2624 030f 2E2E2F2E 		.ascii	"../../chibios_trunk/os/oslib/src\000"
 2624      2E2F6368 
 2624      6962696F 
 2624      735F7472 
 2624      756E6B2F 
 2625              	.LASF160:
 2626 0330 2E2E2F2E 		.ascii	"../../chibios_trunk/os/oslib/include\000"
 2626      2E2F6368 
 2626      6962696F 
 2626      735F7472 
 2626      756E6B2F 
 2627              	.LASF185:
 2628 0355 636D7369 		.ascii	"cmsis_gcc.h\000"
 2628      735F6763 
 2628      632E6800 
 2629              	.LASF171:
 2630 0361 63686561 		.ascii	"chearly.h\000"
 2630      726C792E 
 2630      6800
 2631              	.LASF174:
 2632 036b 63686465 		.ascii	"chdebug.h\000"
 2632      6275672E 
 2632      6800
 2633              	.LASF177:
 2634 0375 63687472 		.ascii	"chtrace.h\000"
 2634      6163652E 
 2634      6800
 2635              	.LASF159:
 2636 037f 2E2E2F2E 		.ascii	"../../chibios_trunk/os/common/ports/ARMv7-M\000"
 2636      2E2F6368 
 2636      6962696F 
 2636      735F7472 
ARM GAS  /tmp/cc4Ftiuk.s 			page 55


 2636      756E6B2F 
 2637              		.text
 2638              		.section	.gnu.lto_.profile.a59f25d44d82a5ca,"e",%progbits
 2639 0000 789C6362 		.ascii	"x\234cb\000\001\000\000\022\000\003"
 2639      00010000 
 2639      120003
 2640              		.text
 2641              		.section	.gnu.lto_.icf.a59f25d44d82a5ca,"e",%progbits
 2642 0000 789CEB62 		.ascii	"x\234\353b@\000n\206\213w[?pp010121\00113\023\013\023"
 2642      40006E86 
 2642      8B775B3F 
 2642      70703031 
 2642      30313231 
 2643 001a 2B131BD3 		.ascii	"+\023\033\323\332\216\256s\334\314K\027,\237\307\313"
 2643      DA8EAE73 
 2643      DCCC4B17 
 2643      2C9FC7CB 
 2644 002a C2C4CEC4 		.ascii	"\302\304\316\304\001\302,\013\036\315\351\342b?w\274"
 2644      01C22C0B 
 2644      1ECDE9E2 
 2644      623F77BC 
 2645 003a F71F271B 		.ascii	"\367\037'\033L\020\2049\026\255\273&\302\271j\341\322"
 2645      4C108439 
 2645      16ADBB26 
 2645      C2B96AE1 
 2645      D2
 2646 004b 2F4C28E2 		.ascii	"/L(\342\\'\367\276>\313\302\275~\302\251nn\006\036\010"
 2646      5C27F7BE 
 2646      3ECBC2BD 
 2646      7EC2A96E 
 2646      6E061E08 
 2647 005f C53BEFDB 		.ascii	"\305;\357\333\304\271,0%\234`\232\213\211\223\001\000"
 2647      C4B92C30 
 2647      259C609A 
 2647      8B899301 
 2647      00
 2648 0070 378320AF 		.ascii	"7\203 \257"
 2649              		.text
 2650              		.section	.gnu.lto_.ipa_sra.a59f25d44d82a5ca,"e",%progbits
 2651 0000 789C858C 		.ascii	"x\234\205\214A\012\3000\010\004g\364\020J\323\267\367"
 2651      410AC030 
 2651      080467F4 
 2651      104AD3B7 
 2651      F7
 2652 0011 CB358190 		.ascii	"\3135\201\220\322KwQ\\G\274\331j`y\310\304\226/F.r|"
 2652      D24B7751 
 2652      5C47BCD9 
 2652      6A6079C8 
 2652      C4962F46 
 2653 0028 D7A13B7B 		.ascii	"\327\241;{\016\354\252\3029\207j\006\004\366\277\203"
 2653      0EECAAC2 
 2653      39876A06 
 2653      04F6BF83 
 2654 0038 6BBE9307 		.ascii	"k\276\223\007zf\001\024"
 2654      7A660114 
 2655              		.text
 2656              		.section	.gnu.lto_.inline.a59f25d44d82a5ca,"e",%progbits
ARM GAS  /tmp/cc4Ftiuk.s 			page 56


 2657 0000 789CA590 		.ascii	"x\234\245\2201\012\302@\020E\377\316&&\232\030E,\364"
 2657      310AC240 
 2657      1045FFCE 
 2657      26269A18 
 2657      452CF4
 2658 0013 525EC244 		.ascii	"R^\302D=\306hgg'\351\004A\304\326\013x\000\355,\265"
 2658      3DC66867 
 2658      6727E904 
 2658      41C4D60B 
 2658      7800ED2C 
 2659 0028 B015048F 		.ascii	"\260\025\004\217\340\354\256\006\025\204\200\303\262"
 2659      E0ECAE06 
 2659      158480C3 
 2659      B2
 2660 0035 FB19E6FD 		.ascii	"\373\031\346\375\317\316Y\241\250\000h\334\226\227)"
 2660      CFCE59A1 
 2660      A80068DC 
 2660      969729
 2661 0044 0D15A835 		.ascii	"\015\025\2505a^P\006T\306\314L)\201\314\014Er)8\212"
 2661      615E5006 
 2661      54C6CC4C 
 2661      2981CC0C 
 2661      45722938 
 2662 0059 663D7C48 		.ascii	"f=|HU3Z\303g\303db\343Y\225\212\015\277\333\004\350"
 2662      55335AC3 
 2662      67C36462 
 2662      E359958A 
 2662      0DBFDB04 
 2663 006e 1E0F39D3 		.ascii	"\036\0179\323HIYO\335\271\317OW\032|\004&\373|\273\322"
 2663      4849594F 
 2663      DDB9CF4F 
 2663      571A7C04 
 2663      26FB7CBB 
 2664 0083 19BCB2D1 		.ascii	"\031\274\262\321\325\302W?}\241(6C\356\361\333\222\262"
 2664      D5C2573F 
 2664      7DA12836 
 2664      43EEF1DB 
 2664      92B2
 2665 0095 F99942B6 		.ascii	"\371\231B\266\331GX\250f\331\344\010\221\020kI\006\021"
 2665      D94758A8 
 2665      66D9E408 
 2665      91106B49 
 2665      0611
 2666 00a7 3BF8EBD3 		.ascii	";\370\353\323n\320O\204\326B\272\343\232\361_t\035\241"
 2666      6ED04F84 
 2666      D642BAE3 
 2666      9AF15F74 
 2666      1DA1
 2667 00b9 4CEEB459 		.ascii	"L\356\264Yx\350V\017\333b\375\242\361\000luP\342"
 2667      78E8560F 
 2667      DB62FDA2 
 2667      F1006C75 
 2667      50E2
 2668              		.text
 2669              		.section	.gnu.lto_.jmpfuncs.a59f25d44d82a5ca,"e",%progbits
 2670 0000 789CB590 		.ascii	"x\234\265\220A\012\3030\020\003\245\265\211\011vH\377"
 2670      410AC330 
ARM GAS  /tmp/cc4Ftiuk.s 			page 57


 2670      1003A5B5 
 2670      89097648 
 2670      FF
 2671 0011 D887ECAF 		.ascii	"\330\207\354\257\322\366\226\027\345\005\005W\315\301"
 2671      D2F69617 
 2671      E5050557 
 2671      CDC1
 2672 001f A5CE2587 		.ascii	"\245\316%\207\326\240\005Kk\015x#\332I\222\005\233\300"
 2672      D6A0054B 
 2672      6B0D7823 
 2672      DA499205 
 2672      9BC0
 2673 0031 3512D2B3 		.ascii	"5\022\322\263\326:\323\206+)\325\367-\242\245T\222\010"
 2673      D63AD386 
 2673      2B29D5F7 
 2673      2DA2A554 
 2673      9208
 2674 0043 89C63B9B 		.ascii	"\211\306;\233\017|/)\343\243_A\020/(Nn\305-k\012=\367"
 2674      0F7C2F29 
 2674      E3A35F41 
 2674      102F284E 
 2674      6EC52D6B 
 2675 005a 682EE48D 		.ascii	"h.\344\215'\372\316 \307\003\357\362W^\336y\264B\313"
 2675      27FACE20 
 2675      C703EFF2 
 2675      575EDE79 
 2675      B442CB
 2676 006d 9A18A2E3 		.ascii	"\232\030\242\343\363l\377ND\347\321\262\336B\371]\325"
 2676      F36CFF4E 
 2676      44E7D1B2 
 2676      DE42F95D 
 2676      D5
 2677 007e A426B711 		.ascii	"\244&\267\021/\244\352a\202"
 2677      2FA4EA61 
 2677      82
 2678              		.text
 2679              		.section	.gnu.lto_.pureconst.a59f25d44d82a5ca,"e",%progbits
 2680 0000 789C1363 		.ascii	"x\234\023c```g\330\305\312<\203\205}\006\013\347\014"
 2680      60606067 
 2680      D8C5CA3C 
 2680      83857D06 
 2680      0BE70C
 2681 0013 16EE5D8C 		.ascii	"\026\356]\214<\273\030yg\261\000\0007\365\004\374"
 2681      3CBB1879 
 2681      67B10000 
 2681      37F504FC 
 2682              		.text
 2683              		.section	.gnu.lto_.ipa_modref.a59f25d44d82a5ca,"e",%progbits
 2684 0000 789C5BCD 		.ascii	"x\234[\315\200\000l\314\014\012\002\002\014`\202\221"
 2684      80006CCC 
 2684      0C0A0202 
 2684      0C608291 
 2685 0010 49108885 		.ascii	"I\020\210\205\030\031\030\330\231\345\031\344Q\204P"
 2685      181918D8 
 2685      99E519E4 
 2685      518450
 2686 001f E53909C8 		.ascii	"\3459\011\310s3\213\213\213\003\205\300\342\214\014"
ARM GAS  /tmp/cc4Ftiuk.s 			page 58


 2686      73338B8B 
 2686      8B0385C0 
 2686      E28C0C
 2687 002e 0D139B58 		.ascii	"\015\023\233Xx0\205x\031E\261\230!\314\300\304$\304"
 2687      78308578 
 2687      1945B198 
 2687      21CCC0C4 
 2687      24C4
 2688 0040 C008840C 		.ascii	"\300\010\204\014\012\012L<`\226\202\202\002\003\003"
 2688      0A0A4C3C 
 2688      60968282 
 2688      020303
 2689 004f 0053A90A 		.ascii	"\000S\251\012\035"
 2689      1D
 2690              		.text
 2691              		.section	.gnu.lto_.lto.a59f25d44d82a5ca,"e",%progbits
 2692 0000 0B000300 		.ascii	"\013\000\003\000\001\000\000\000"
 2692      01000000 
 2693              		.text
 2694              		.section	.gnu.lto_chSysUnlock.192.a59f25d44d82a5ca,"e",%progbits
 2695 0000 789C7D53 		.ascii	"x\234}Sol\023e\030\177\236\367\275\273^\207!$dH\364"
 2695      6F6C1365 
 2695      187F9EF7 
 2695      BDBB5E87 
 2695      21246448 
 2696 0015 4B832124 		.ascii	"K\203!$\012=\334\342\214\337\204\206\220\3054.Tct!\315"
 2696      0A3DDCE2 
 2696      8CDF8486 
 2696      90C5342E 
 2696      54637421 
 2697 002a 763DE831 		.ascii	"v=\3501\272[\356Z\347\"\313\035\355\206I\211Yj\364\003"
 2697      BA5BEE5A 
 2697      E722CB1D 
 2697      ED864989 
 2697      596AF403 
 2698 003e 4E37F94E 		.ascii	"N7\371N\\d\302\206s[\023\300\277\223\177\231 .23\006"
 2698      5C64C286 
 2698      735B13C0 
 2698      BF937F99 
 2698      202E3233 
 2699 0053 1A4C1693 		.ascii	"\032L\026\223\211\220\000\216\347\275\266[\371 \227"
 2699      8990008E 
 2699      E7BDB65B 
 2699      F92097
 2700 0062 5EDFE7DF 		.ascii	"^\337\347\337\357\367<\277>o/r\200\006\004x\013\000"
 2700      EFF73CBF 
 2700      3E6F2F72 
 2700      80060478 
 2700      0B00
 2701 0074 5001FCA0 		.ascii	"P\001\374\240\220g\340y\336\313\001\306r\205\303\014"
 2701      9067E079 
 2701      DECB01C6 
 2701      7285C30C 
 2702 0084 47F0A723 		.ascii	"G\360\247#\303\212\324[X=|s\352%\211\263\236\302\252"
 2702      C38AD45B 
 2702      583D7C73 
 2702      EA2589B3 
ARM GAS  /tmp/cc4Ftiuk.s 			page 59


 2702      9EC2AA
 2703 0097 4722127E 		.ascii	"G\"\022~\264\214\221\361`!\037$\214\357!\270\214K2\272"
 2703      B48C91F1 
 2703      60211F24 
 2703      8CEF21B8 
 2703      8C4B32BA 
 2704 00ab 78946B14 		.ascii	"x\224k\024\271{\366\257\013W\237\317z\275\353o\001\270"
 2704      B97BF6AF 
 2704      0B579FCF 
 2704      7ABDEB6F 
 2704      01B8
 2705 00bd 507E56F9 		.ascii	"P~V\3716\312HF\367)\0042\250v\364v\003\214\342\273\344"
 2705      36CA4846 
 2705      F7290432 
 2705      A876F476 
 2705      038CE2BB 
 2706 00d2 296B9138 		.ascii	")k\2218\224Z\014\311\250\036\024\371-E\342:\236\237"
 2706      945A0CC9 
 2706      A81E14F9 
 2706      2D45E23A 
 2706      9E9F
 2707 00e4 39FFD427 		.ascii	"9\377\324'^Q\352\032\307\356\257q\014a\002\031?\217"
 2707      5E51EA1A 
 2707      C7EEAF71 
 2707      0C610219 
 2707      3F8F
 2708 00f6 F3EB647C 		.ascii	"\363\353d|N\024|\33474\262\371t\316\373\316\023%n\271"
 2708      4E147CDC 
 2708      3734B2F9 
 2708      74CEFBCE 
 2708      13256EB9 
 2709 010a 841A961B 		.ascii	"\204\032\226\033\374\326\257L\"|\205\335b\202\"RgJ\""
 2709      FCD6AF4C 
 2709      227C85DD 
 2709      62822252 
 2709      674A22
 2710 011d 93862EC9 		.ascii	"\223\206.\311E\357\376R\237W\374\243\366\350\360\342"
 2710      45EFFE52 
 2710      9F57FCA3 
 2710      F6E8F0E2 
 2711 012d FC95E635 		.ascii	"\374\225\3465\010Lf\300\024\016, \321+\003S\025`\301"
 2711      084C66C0 
 2711      140E2C20 
 2711      D12B0353 
 2711      1560C1
 2712 0140 00BD2AC5 		.ascii	"\000\275*\305\203\024\253\241\027`\200\303\022=\034"
 2712      8314ABA1 
 2712      176080C3 
 2712      123D1C
 2713 014f BD22C020 		.ascii	"\275\"\300 g%'G\316\035\346\315\015\316 <`\271\020\344"
 2713      67252747 
 2713      CE1DE6CD 
 2713      0DCE203C 
 2713      60B910E4 
 2714 0163 91B59900 		.ascii	"\221\265\231\000\354\011?\374E\377F\377\034\2474\235"
 2714      EC093FFC 
 2714      45FF46FF 
ARM GAS  /tmp/cc4Ftiuk.s 			page 60


 2714      1CA7349D 
 2715 0173 1B4A5FF7 		.ascii	"\033J_\367Xv\"\310\351wQ\014!\232 \206N\3471\204\226"
 2715      587622C8 
 2715      E977510C 
 2715      219A2086 
 2715      4EE73184 
 2716 0188 33785A84 		.ascii	"3xZ\204\032H\206\032?\213\273\241\3424\177\203o\322"
 2716      1A48861A 
 2716      3F8BBBA1 
 2716      E2347F83 
 2716      6FD2
 2717 019a 3E8599F9 		.ascii	">\205\231\371\026\337 \261\367Xn\372=\344L\020US|_M"
 2717      16DF20B1 
 2717      F7586EFA 
 2717      3DE44C10 
 2717      55537C5F 
 2718 01af F14335C5 		.ascii	"\361C5\305\217\202\"\217Y\3011\205\202!\373\0371p\316"
 2718      8F82228F 
 2718      59C13185 
 2718      8221FB1F 
 2718      3170CE
 2719 01c2 68F6DE10 		.ascii	"h\366\336\020\227\362\250\274\036\003\340\\\241\015"
 2719      97F2A8BC 
 2719      1E03E05C 
 2719      A10D
 2720 01d0 B327E15F 		.ascii	"\263'\341_\326s+\302%<\207\376>\0079\377s\352H\275\020"
 2720      D6732BC2 
 2720      253C87FE 
 2720      3E0739FF 
 2720      73EA48BD 
 2721 01e5 CD4B1AE4 		.ascii	"\315K\032\344G[_\250n}Q\264\366M\353\022\276\352\017"
 2721      475B5FA8 
 2721      6E7D51B4 
 2721      F64DEB12 
 2721      BEEA0F
 2722 01f8 2C200AC9 		.ascii	", \012\311\266\320\007\210\\4=\275\014y\345gl\\\231"
 2722      B6D00788 
 2722      5C343DBD 
 2722      0C79E567 
 2722      6C5C99
 2723 020b F632EE2C 		.ascii	"\3662\356,\343w\\\301\3102\236n\242\222Y\3017\037\270"
 2723      E3775CC1 
 2723      C8329E6E 
 2723      A29259C1 
 2723      371FB8
 2724 021e 8AE5AA5F 		.ascii	"\212\345\252_\313U\271Q\022\245r\205\007*\012\203\\"
 2724      CB55B951 
 2724      12A57285 
 2724      072A0A83 
 2724      5C
 2725 022f 2D29ACA9 		.ascii	"-)\254\251(\014\222\246e\2015+\002\245\303\237\367\311"
 2725      280C92A6 
 2725      6581352B 
 2725      02A5C39F 
 2725      F7C9
 2726 0241 42A0EC6F 		.ascii	"B\240\354o\352\001\353\361W\272m\322\025\203)\343ni"
 2726      EA01EBF1 
ARM GAS  /tmp/cc4Ftiuk.s 			page 61


 2726      57BA6DD2 
 2726      158329E3 
 2726      6E69
 2727 0253 616474FA 		.ascii	"adt\372#Hc\356,^C\2529D#\214\273\277\343(\262g|*\231"
 2727      234863EE 
 2727      2C5E43AA 
 2727      3944238C 
 2727      BBBFE328 
 2728 026c 86F224C1 		.ascii	"\206\362$\301\025\250\254~n\372iq,\236\030\270\266\360"
 2728      15A8AC7E 
 2728      6EFA6971 
 2728      2C9E18B8 
 2728      B6F0
 2729 027e CB5A7131 		.ascii	"\313Zq1E\360\366\302z:\263\2371\300\011T\272\320\277"
 2729      45F0F6C2 
 2729      7A3AB39F 
 2729      31C00954 
 2729      BAD0BF
 2730 0291 518B373E 		.ascii	"Q\2137><9\373)\342d\251fl6\210E\204\373,\273A\334\346"
 2730      3C39FB29 
 2730      E264A966 
 2730      6C368845 
 2730      84FB2CBB 
 2731 02a8 7E26E3A6 		.ascii	"~&\343\246c\354\220:\342\312\030\244v\327\021\350\230"
 2731      63EC903A 
 2731      E2CA18A4 
 2731      76D711E8 
 2731      98
 2732 02b9 C73931DF 		.ascii	"\30791\337\246!\312\234pE\374\246\317\226\375\373\313"
 2732      A621CA9C 
 2732      7045FCA6 
 2732      CF96FDFB 
 2732      CB
 2733 02ca 817F1654 		.ascii	"\201\177\026T\301\017\260D\356\251\367/\317\250\364"
 2733      C10FB044 
 2733      EEA9F72F 
 2733      CFA8F4
 2734 02d9 67F6550F 		.ascii	"g\366U\017p,\215\232-\0127\246%\255\224\241\331V\253"
 2734      702C8D9A 
 2734      2D0A37A6 
 2734      25AD94A1 
 2734      D956AB
 2735 02ec D6645BFB 		.ascii	"\326d[\373\014=\355h\221\244\331j\306\322\231\204iU"
 2735      0C3DED68 
 2735      91A4D96A 
 2735      C6D29984 
 2735      6955
 2736 02fe DBF1BA7A 		.ascii	"\333\361\272z\255\323\262\333\234\216\026\335\210\247"
 2736      ADD3B2DB 
 2736      9C8E16DD 
 2736      88A7
 2737 030c ED4C7B9B 		.ascii	"\355L{\233\026{-Z_\027\337\331\324\270=\276\307\264"
 2737      167B2D5A 
 2737      5F17DFD9 
 2737      D4B83DBE 
 2737      C7B4
 2738 031e 539D2DB6 		.ascii	"S\235-\266\241\301\263\341\260F\037]@-\247\\i9\232\235"
ARM GAS  /tmp/cc4Ftiuk.s 			page 62


 2738      A1C1B3E1 
 2738      B0461F5D 
 2738      402DA75C 
 2738      69399A9D 
 2739 0332 D6CC767D 		.ascii	"\326\314v}\177&aP\316\351r\302I\010\264\2668F\223m\356"
 2739      7F266150 
 2739      CEE972C2 
 2739      4908B4B6 
 2739      3846936D 
 2740 0347 F81F886E 		.ascii	"\370\037\210n\245RV\273f\274\223\326\266\355\212j\221"
 2740      A55256BB 
 2740      66BC93D6 
 2740      B6ED8A6A 
 2740      91
 2741 0358 68AC31A6 		.ascii	"h\2541\246E,\352\322XaJ9\246\023\337\253\353\304V\253"
 2741      452CEAD2 
 2741      58614A39 
 2741      A613DFAB 
 2741      EBC456AB 
 2742 036c 2753464A 		.ascii	"'SFJ\247tX\017\353\365\011=Q\227\250\203\027\036\317"
 2742      A774580F 
 2742      EBF5093D 
 2742      5197A883 
 2742      171ECF
 2743 037f DD61D9A4 		.ascii	"\335a\331\244\231\330\337~qK\224\252|x\022\326Dc\273"
 2743      99D8DF7E 
 2743      714B94AA 
 2743      7C7812D6 
 2743      4463BB
 2744 0392 4262BA0E 		.ascii	"Bb\272\016\333\334\034\332\270\025\230\015\001b\267"
 2744      DBDC1CDA 
 2744      B815980D 
 2744      0162B7
 2745 03a1 EC2E7808 		.ascii	"\354.x\010S\225\233>"
 2745      53959B3E 
 2746              		.text
 2747              		.section	.gnu.lto___core_init.337.a59f25d44d82a5ca,"e",%progbits
 2748 0000 789C4D8F 		.ascii	"x\234M\2171H\303@\024\206\337\273\264\021\021\234\035"
 2748      3148C340 
 2748      1486DFBB 
 2748      B411119C 
 2748      1D
 2749 0011 1C84CEF6 		.ascii	"\034\204\316\366\240\005g\321\2418\010\205\272\2076"
 2749      A00567D1 
 2749      A1380885 
 2749      BA8736
 2750 0020 461A6B3C 		.ascii	"F\032k<\275k)\"\245\327\272e\321vp\254\270u\020\234"
 2750      BD6B2922 
 2750      A5D7BA65 
 2750      D17670AC 
 2750      B875109C 
 2751 0034 4454D42A 		.ascii	"DT\324*V\234]t\022\321Etr\020\005\205zM\202\346x\307"
 2751      569C5D74 
 2751      12D14574 
 2751      72100585 
 2751      7A4D82E6 
 2752 004a FFFEBBF7 		.ascii	"\377\376\273\367\276\307\033C\200\015\000\210\251\213"
ARM GAS  /tmp/cc4Ftiuk.s 			page 63


 2752      BEC71B43 
 2752      800D0088 
 2752      A98B
 2753 0058 1A60B3E1 		.ascii	"\032`\263\341\022\220RN\016\020\2545\334A<D\317!T\011"
 2753      1290524E 
 2753      0E10AC35 
 2753      DC413C44 
 2753      CF215409 
 2754 006c 567157A3 		.ascii	"VqW\243\312~u\337\266\016Fd\273\203\257\000U\010\316"
 2754      CA7E75DF 
 2754      B60E4664 
 2754      BB83AF00 
 2754      5508CE
 2755 007f 909F2B20 		.ascii	"\220\237+ \354\337F;\362\247\267)e\367\031ob\021\200"
 2755      ECDF463B 
 2755      F2A7B729 
 2755      65F7196F 
 2755      621180
 2756 0092 96D6A7CA 		.ascii	"\226\326\247\312\010\312\016\300\216F|SS\346\223\310"
 2756      08CA0EC0 
 2756      8E467C53 
 2756      53E693C8 
 2757 00a2 A7BB6BF4 		.ascii	"\247\273k\364\364^\367\344A\207oR\337v?H\024\365\012"
 2757      F45EF7E4 
 2757      41876F52 
 2757      DF763F48 
 2757      14F50A
 2758 00b5 42145D24 		.ascii	"B\024]$\225u\245{\010k\307x\2040\241\372_\206\313'X"
 2758      9575A57B 
 2758      086BC778 
 2758      8430A1FA 
 2758      5F86CB27 
 2759 00ca 02F5AC8B 		.ascii	"\002\365\254\213\240H\254\372E\354\014O\021\\\254K\331"
 2759      A048ACFA 
 2759      45EC0C4F 
 2759      115CAC4B 
 2759      D9
 2760 00db 1E15E7E8 		.ascii	"\036\025\347\350\217yWc\376\300a\344E\010y\211\016\004"
 2760      8F795763 
 2760      FEC061E4 
 2760      45087989 
 2760      0E04
 2761 00ed B04200BB 		.ascii	"\260B\000\273\012\303\272\012\326#\365\307F\312\333"
 2761      0AC3BA0A 
 2761      D623F5C7 
 2761      46CADB
 2762 00fc BAA5E1FF 		.ascii	"\272\245\341\377b\000\031\232g\216E9\313\3214g\213\226"
 2762      6200199A 
 2762      678E4539 
 2762      CBD13467 
 2762      8B96
 2763 010e 5914743A 		.ascii	"Y\024t:o\347\354L\2614o\263pn$\222\264\314xA\254dM\313"
 2763      6FE7EC4C 
 2763      B1346FB3 
 2763      706E2492 
 2763      B4CC7841 
 2764 0126 28F2D272 		.ascii	"(\362\322r\201f\346f\223\011#\225\236\2312\026l\356"
ARM GAS  /tmp/cc4Ftiuk.s 			page 64


 2764      8166E666 
 2764      93092395 
 2764      9E993216 
 2764      6CEE
 2765 0138 94B3DCA2 		.ascii	"\224\263\334\2420\036\217S\025f\277\225\211\240\222"
 2765      301E8F53 
 2765      1566BF95 
 2765      89A092
 2766 0147 09154B76 		.ascii	"\011\025Kv\216\012n\252/\307rL\306\255\270\011\277@"
 2766      8E0A6EAA 
 2766      2FC7724C 
 2766      C6ADB809 
 2766      BF40
 2767 0159 DC91DC   		.ascii	"\334\221\334"
 2768              		.text
 2769              		.section	.gnu.lto_chCoreAllocFromBaseI.338.a59f25d44d82a5ca,"e",%progbits
 2770 0000 789C5552 		.ascii	"x\234UR]lSe\030~\337\357\373\316O\327\321\015M'\033"
 2770      5D6C5365 
 2770      187EDFEF 
 2770      FBCE4FD7 
 2770      D10D4D27 
 2771 0015 60AAB766 		.ascii	"`\252\267f;\311fH\270#pa\2740\301Lc\270 \315vv\306*"
 2771      3BC96648 
 2771      B8237061 
 2771      BC30C14C 
 2771      63B820CD 
 2772 002d 7467694B 		.ascii	"tgiK\346L\310\276\255cc3\021\272H\254\011\202J\010\""
 2772      E64CC8BE 
 2772      AD636333 
 2772      11BA48AC 
 2772      09824A08 
 2773 0042 2446304A 		.ascii	"$F0J\010\266\225\331\314(\2301QI@\215\2730\214]8M\360"
 2773      08B695D9 
 2773      CC289831 
 2773      5149408D 
 2773      BB308C5D 
 2774 0059 2738E7FB 		.ascii	"'8\347\373}\247-\2439\3579}\377\236\347\375\333.\000"
 2774      7DA72DA3 
 2774      39EF397D 
 2774      FF9EE7FD 
 2774      DB2E00
 2775 006c CE03C034 		.ascii	"\316\003\3004\011\206\000\247sS\014\244\224\333,\306"
 2775      098600A7 
 2775      73530CA4 
 2775      94DB2CC6 
 2776 007c C672AF31 		.ascii	"\306r\2571\234\301ko]0E6\027\271\360\353\325\255\202"
 2776      9CC16B6F 
 2776      5D304536 
 2776      17B9F0EB 
 2776      D5AD82
 2777 008f 9335AC2D 		.ascii	"\2235\254-\007+\026\201Gk9\006\313\0379\377\004\345"
 2777      072B1681 
 2777      476B3906 
 2777      CB1F39FF 
 2777      04E5
 2778 00a1 7CBE7038 		.ascii	"|\276p8,\306s\221\342\333\313O\013SY\003\323D\305da"
 2778      2CC67391 
ARM GAS  /tmp/cc4Ftiuk.s 			page 65


 2778      E2DBCB4F 
 2778      0B535903 
 2778      D344C564 
 2779 00b6 7EFABDDF 		.ascii	"~\372\275\337\017\225M\235f\343H\015\002a\230qa\230"
 2779      0F954D9D 
 2779      66E3480D 
 2779      02619871 
 2779      6198
 2780 00c8 641CC677 		.ascii	"d\034\306w\271\201\346\243(\350\035\305\230S\222\362"
 2780      B981E6A3 
 2780      28E81DC5 
 2780      985392F2 
 2781 00d8 EFF292FC 		.ascii	"\357\362\222\374l\323\261\367Kb\021`\370\"~\212T8\030"
 2781      6CD3B1F7 
 2781      4B621160 
 2781      F8227E8A 
 2781      543818
 2782 00eb 688F21B4 		.ascii	"h\217!\264\222\177\356\353\213R\206\340\300%\2548\031"
 2782      927FEEEB 
 2782      8B5286E0 
 2782      C025AC38 
 2782      19
 2783 00fc 4EE2D128 		.ascii	"N\342\321(\005\234\250\004\334\325\001\267\340r-\202"
 2783      059CA804 
 2783      DCD501B7 
 2783      E0722D82 
 2784 010c 4DE23B2A 		.ascii	"M\342;*\342T%\342PvB6\212\003\205\265\020g\243\232\345"
 2784      E25425E2 
 2784      50764236 
 2784      8A0385B5 
 2784      1067A39A 
 2785 0121 1CD2FB29 		.ascii	"\034\322\373)\012Z^\314NE\216\214\330C%\254U1\211E\005"
 2785      0A5A5ECC 
 2785      4E458E8C 
 2785      D84325AC 
 2785      55318945 
 2786 0136 F3513566 		.ascii	"\363Q5f\356\230\242\212\015]Y\033\362I4\0144\037jSM"
 2786      EE98A28A 
 2786      0D5D591B 
 2786      F249340C 
 2786      341F6A53 
 2787 014b 1C80E315 		.ascii	"\034\200\343\025\304\0222\361\341\274Q\222\377\256\036"
 2787      C41232F1 
 2787      E1BC5192 
 2787      FFAE1E
 2788 015a 9672F6F1 		.ascii	"\226r\366\361\374\314\3517p3\0023\0300\223\223\010*"
 2788      FCCCE937 
 2788      70330233 
 2788      18309393 
 2788      082A
 2789 016c D32031C9 		.ascii	"\323 1\311f\221n\223\204\200\361:\2220\331\353I\326"
 2789      66916E93 
 2789      8480F13A 
 2789      9230D9EB 
 2789      49D6
 2790 017e 9144481A 		.ascii	"\221DH\032H\032\311\276\036\230\325\204x\0317 \026\260"
 2790      481AC9BE 
ARM GAS  /tmp/cc4Ftiuk.s 			page 66


 2790      1E98D584 
 2790      78193720 
 2790      16B0
 2791 0190 1988A905 		.ascii	"\031\210\251\005\361\022n\004\"\0048\316a\225~\034e"
 2791      F1126E04 
 2791      220438CE 
 2791      61957E1C 
 2791      65
 2792 01a1 09E00467 		.ascii	"\011\340\004g\2012B\312_L.|;\033\242=\352\277\337[\260"
 2792      813242CA 
 2792      5F4C2E7C 
 2792      3B1BA23D 
 2792      EABFDF5B 
 2793 01b6 C2B23198 		.ascii	"\302\2621\230B\346'i\034u\332z\323R\237'\203\327}\226"
 2793      42E62769 
 2793      1C75DA7A 
 2793      D3529F27 
 2793      83D77D96 
 2794 01ca 9D9F408E 		.ascii	"\235\237@\216\274\311\274\245\272\272\317F\377#\235"
 2794      BCC9BCA5 
 2794      BABACF46 
 2794      FF239D
 2795 01d9 71A4D483 		.ascii	"q\244\324\2031\316\247\320L\354\241n\231I\033\246J\377"
 2795      31CEA7D0 
 2795      4CECA16E 
 2795      99491BA6 
 2795      4AFF
 2796 01eb 64637777 		.ascii	"dcwwp\216\263z,D\317\337\244k\322\364\202\300\216\217"
 2796      708EB37A 
 2796      2C44CFDF 
 2796      A46BD2F4 
 2796      82C08E8F 
 2797 01ff 23170198 		.ascii	"#\027\001\230*\253A\021\344\011\320PV\245\334 \305\244"
 2797      2AAB4111 
 2797      E409D050 
 2797      56A5DC20 
 2797      C5A4
 2798 0211 EB286395 		.ascii	"\353(c\225\313\342f\300eW\271,B\257Q\331\017\250Dy\351"
 2798      CBE266C0 
 2798      6557B92C 
 2798      42AF51D9 
 2798      0FA84479 
 2799 0226 E42FA0A8 		.ascii	"\344/\240\250\014]\374\012\033\323\315\271]j\307f\\"
 2799      0C5DFC0A 
 2799      1BD3CDB9 
 2799      5D6AC766 
 2799      5C
 2800 0237 ED8F30E2 		.ascii	"\355\2170\342\203\364=\207b\3675\274\212\344\037\227"
 2800      83F43D87 
 2800      62F735BC 
 2800      8AE41F97 
 2801 0247 D28E7F83 		.ascii	"\322\216\177\203_ {D\303\030t\257R(\030\253:\210\205"
 2801      5F207B44 
 2801      C31874AF 
 2801      522818AB 
 2801      3A8885
 2802 025a DB962AA7 		.ascii	"\333\226*\247p&\312C\204\264+@b\273^\322H\360\342u\234"
ARM GAS  /tmp/cc4Ftiuk.s 			page 67


 2802      7026CA43 
 2802      84B42B40 
 2802      62BB5ED2 
 2802      48F0E275 
 2803 026f 43D84269 		.ascii	"C\330Bi\366\320<v\202\232S\366cj\265\216\207\370\206"
 2803      F6D03C76 
 2803      829A53F6 
 2803      636AB58E 
 2803      87F886
 2804 0282 6A23615A 		.ascii	"j#aZje\004\365\2444U\225u\274\036\277\324\355\376AZ"
 2804      6A6504F5 
 2804      A4345595 
 2804      75BC1EBF 
 2804      D4EDFE41 
 2805 0297 2470A8A1 		.ascii	"$p\250\2414\220+\022d\267\362f\336@\225\214\306h\331"
 2805      34902B12 
 2805      64B7F266 
 2805      DE40958C 
 2805      C668D9
 2806 02aa BC59D7F4 		.ascii	"\274Y\327\364\363,\006<e\344\033\311\337\022\370K\244"
 2806      F32C063C 
 2806      65E41BC9 
 2806      DF12F84B 
 2806      A4
 2807 02bb 69FF3DED 		.ascii	"i\377=\355\037-,n\342\215\017\227{\343A\271\337\341"
 2807      1F2D2C6E 
 2807      E28D0F97 
 2807      7BE341B9 
 2807      DFE1
 2808 02cd F3542E8D 		.ascii	"\363T.\215\362\366L\013o\244\314`\224\346?K#\247\365"
 2808      F2F64C0B 
 2808      6FA4CC60 
 2808      94E63F4B 
 2808      23A7F5
 2809 02e0 D6907C3F 		.ascii	"\326\220|?\315|\300\250\223\252\323\372\355T\361GV\273"
 2809      CD7CC0A8 
 2809      93AAD3FA 
 2809      ED54F147 
 2809      56BB
 2810 02f2 A8958027 		.ascii	"\250\225\200'\177\346\261\207Y~\250\262\334\211\014"
 2810      7FE6B187 
 2810      597EA8B2 
 2810      DC890C
 2811 0301 DD5453A9 		.ascii	"\335TS\251\324\225\373\0125\214]\2333\254\262\321m@"
 2811      D495FB0A 
 2811      358C5D9B 
 2811      33ACB2D1 
 2811      6D40
 2812 0313 770D30C1 		.ascii	"w\0150\301\327\243c\026\212\3136])o\266^\277\336\207"
 2812      D7A36316 
 2812      8ACB365D 
 2812      296FB65E 
 2812      BFDE87
 2813 0326 8E51280E 		.ascii	"\216Q(\016\320Yc\220\240\316\032\240\323\351\363\223"
 2813      D0596390 
 2813      A0CE1AA0 
 2813      D3E9F393 
ARM GAS  /tmp/cc4Ftiuk.s 			page 68


 2814 0336 9E93F2BB 		.ascii	"\236\223\362\273\235\235)\377e\317\315\244\235\035}"
 2814      9D9D29FF 
 2814      65CFCDA4 
 2814      9D1D7D
 2815 0345 89EE4467 		.ascii	"\211\356Dgf\177O\302_\373?\336\336\341\014\372\251\275"
 2815      667F4FC2 
 2815      5FFB3FDE 
 2815      DEE10CFA 
 2815      A9BD
 2816 0357 E9812ED7 		.ascii	"\351\201.\327\213gR\373\373\367:\235/<\327\321\036\177"
 2816      8B6752FB 
 2816      FBF73A9D 
 2816      2F3CD7D1 
 2816      1E7F
 2817 0369 66E7B3DB 		.ascii	"f\347\263\333\343\275\211Tr\260+\3459\320\332\326\346"
 2817      E3BD8954 
 2817      72B02BE5 
 2817      39D0DAD6 
 2817      E6
 2818 037a D0E3AA54 		.ascii	"\320\343\252T?]\211\364\323\364\354Kt;\351\224K\256"
 2818      3F5D89F4 
 2818      D3F4EC4B 
 2818      743BE994 
 2818      4BAE
 2819 038c A49774FD 		.ascii	"\244\227t\375\224\327\346\202H'^\365\242k,mnG\217\333"
 2819      94D7E682 
 2819      48275EF5 
 2819      A26B2C6D 
 2819      6E478FDB 
 2820 03a0 D3DED30E 		.ascii	"\323\336\323\016F\327\276\304\236~\323\357\355M{\031"
 2820      46D7BEC4 
 2820      9E7ED3EF 
 2820      ED4D7B19 
 2821 03b0 D1EFBD92 		.ascii	"\321\357\275\222\301\201\377\001\335\270\232e"
 2821      C181FF01 
 2821      DDB89A65 
 2822              		.text
 2823              		.section	.gnu.lto_chCoreAllocFromTopI.339.a59f25d44d82a5ca,"e",%progbits
 2824 0000 789C5552 		.ascii	"x\234UR[L\024W\030\376\377s\316\\vW\226\007\027\320"
 2824      5B4C1457 
 2824      18FEFF73 
 2824      CE5C7657 
 2824      960717D0 
 2825 0014 C2C3DAC7 		.ascii	"\302\303\332\30762\011\030\023\337\214>\030\037Lmh\343"
 2825      36320918 
 2825      13DF8C3E 
 2825      181F4C6D 
 2825      68E3
 2826 0026 434336B0 		.ascii	"CC6\260\014\262\342:d\026K0i\030\356\201>pi\2644\261"
 2826      0CB2E23A 
 2826      64164B30 
 2826      6918EE81 
 2826      3E7069B4 
 2827 003c 986A4CEB 		.ascii	"\230jL\353\245m\252&5\306\300*nL\251RJ$x\251$%iS\312"
 2827      A56DAA26 
 2827      35C6C02A 
 2827      6E4CA952 
ARM GAS  /tmp/cc4Ftiuk.s 			page 69


 2827      4A2478A9 
 2828 0055 83D887AA 		.ascii	"\203\330\207\252\361\262\376\347\314\356\212\22393\347"
 2828      F1B2FEE7 
 2828      CCEE8A93 
 2828      3933E7
 2829 0064 FCFFF77F 		.ascii	"\374\377\367\177\337\1779[\004\300\005\000\030\245\205"
 2829      DF7F395B 
 2829      04C00500 
 2829      18A585
 2830 0073 01C0D191 		.ascii	"\001\300\321\221A\006\236\347m7\030\353\031\371\234"
 2830      41069EE7 
 2830      6D3718EB 
 2830      19F99C
 2831 0082 E114DEFE 		.ascii	"\341\024\336\376\352\242.\272G\302\027\377\276\265M"
 2831      EAA22EBA 
 2831      47C217FF 
 2831      BEB54D
 2832 0091 70B28694 		.ascii	"p\262\206\224\2457g\021x\264\020\243\261\261\341\013"
 2832      A5376711 
 2832      78B410A3 
 2832      B1B1E10B 
 2833 00a1 9B28E6DA 		.ascii	"\233(\346\332\322PH\364\215\204'\277^\335\"ti\365M\375"
 2833      D25048F4 
 2833      8D8427BF 
 2833      5EDD2274 
 2833      69F54DFD 
 2834 00b5 39938163 		.ascii	"9\223\201c\243'\037\377\222\321U\230\211\235\005\012"
 2834      A3271FFF 
 2834      92D15598 
 2834      899D050A 
 2835 00c5 840EC685 		.ascii	"\204\016\306\205\246\223\261\003\277\341\032\352\353"
 2835      A693B103 
 2835      BFE11AEA 
 2835      EB
 2836 00d2 51D0B704 		.ascii	"Q\320\267\004\243V\332\363\236fV\206\347+\216\177\227"
 2836      A356DAF3 
 2836      9E665686 
 2836      E72B8E7F 
 2836      97
 2837 00e3 16CB001D 		.ascii	"\026\313\000\035\227\361g\244\304AC\263\007a3\371g\247"
 2837      97F167A4 
 2837      C44143B3 
 2837      076133F9 
 2837      67A7
 2838 00f5 2F7B5E00 		.ascii	"/{^\000>\273\2029'\303\001\274\024!\300\211\034`Y\001"
 2838      3EBB8239 
 2838      27C301BC 
 2838      1421C089 
 2838      1C605901 
 2839 0109 1EC0D502 		.ascii	"\036\300\325\002\202\015\340\244D\234\316!\262>\305"
 2839      820DE0A4 
 2839      449CCE21 
 2839      B23EC5
 2840 0118 C45A8AE9 		.ascii	"\304Z\212\351\210R9\217\364}\237@\253g{\007\303\303"
 2840      8852398F 
 2840      F47D9F40 
 2840      AB677B07 
ARM GAS  /tmp/cc4Ftiuk.s 			page 70


 2840      C3C3
 2841 012a 9D667B1A 		.ascii	"\235f{\032\013Y\014\340\242\244\371)\217\231=.\211\242"
 2841      0B590CE0 
 2841      A2A4F929 
 2841      8F993D2E 
 2841      89A2
 2842 013c EDD7D742 		.ascii	"\355\327\327B\346#!\240\376P\231\262\343\000\034\257"
 2842      E62321A0 
 2842      FE5099B2 
 2842      E3001CAF 
 2843 014c 23A69189 		.ascii	"#\246\221\211\037\347\264\264\367\";\344y\277\27574"
 2843      1FE7B4B4 
 2843      F7223BE4 
 2843      79BFBD37 
 2843      34
 2844 015d 75EE1856 		.ascii	"u\356\030V 0\215\001\3239-Aij\264t\262\031t6i\005\200"
 2844      20308D01 
 2844      D3392D41 
 2844      696AB474 
 2844      B2197436 
 2845 0174 F1203023 		.ascii	"\361 0#D\377u\344+\242}\230\366\305\300\314\010\342"
 2845      44FF75E4 
 2845      2BA27D98 
 2845      F6C5C0CC 
 2845      08E2
 2846 0186 552C45BC 		.ascii	"U,E\274\202e@\012\033\020'p#\220P9\001\000\3069d\351"
 2846      8265400A 
 2846      1B102770 
 2846      23905039 
 2846      0100C639 
 2847 019c E1E8A501 		.ascii	"\341\350\245\001Np\346\037:\351\360\204yK\363\323\001"
 2847      4E70E61F 
 2847      3AE9F084 
 2847      794BF3D3 
 2847      01
 2848 01ad 9AA1DADE 		.ascii	"\232\241\332\336\015\302K\326\035\205Ad\311fjEHY\357"
 2848      0DC24BD6 
 2848      1D854164 
 2848      C9666A45 
 2848      4859EF
 2849 01c0 07E5EF5D 		.ascii	"\007\345\357]\377\363\234u\317\365#G\036\321\037\310"
 2849      FFF39C75 
 2849      CFF52347 
 2849      1ED11FC8 
 2850 01d0 8A9EB3AE 		.ascii	"\212\236\263\256Wtf\034)\2647\312\371 \352\373m\252"
 2850      5774661C 
 2850      29B437CA 
 2850      F920EAFB 
 2850      6DAA
 2851 01e2 94E9345D 		.ascii	"\224\3514]\026\206\377Y\317\277;9\307\233\252%$\317"
 2851      1686FF59 
 2851      CFBF3B39 
 2851      C79BAA25 
 2851      24CF
 2852 01f4 BFA49BA4 		.ascii	"\277\244\233\244\344\005\221\215\367!\027>\231L\253"
 2852      E405918D 
 2852      F721173E 
ARM GAS  /tmp/cc4Ftiuk.s 			page 71


 2852      994CAB
 2853 0203 580A8C11 		.ascii	"X\012\214\021\241&\255\362p\207\016:\335\214\014\346"
 2853      A126ADF2 
 2853      70870E3A 
 2853      DD8C0CE6 
 2854 0213 B50CAEFB 		.ascii	"\265\014\256\373Zf^\313 \366\202\224\371FJdVN\375\011"
 2854      5A665ECB 
 2854      20F68294 
 2854      F9464A64 
 2854      564EFD09 
 2855 0227 524A53C9 		.ascii	"RJS\311\277d=\252\270\272\230\234\257^+gG\034\265m\364"
 2855      BF643DAA 
 2855      B8BA989C 
 2855      AF5E2B67 
 2855      471CB56D 
 2856 023c 3F8FE293 		.ascii	"?\217\342\223\333x\013\311\337\347yf\355\014\336@\266"
 2856      DB780BC9 
 2856      DFE77966 
 2856      ED0CDE40 
 2856      B6
 2857 024d 5ED16874 		.ascii	"^\321htW=!i\214|#\226\026\2032\235\2113%<@L\373|&\266"
 2857      573D2169 
 2857      8C7C2396 
 2857      1683329D 
 2857      8933253C 
 2858 0267 EF63C504 		.ascii	"\357c\305\0045\277\343,\302V\0123\333\347\360CP}\372"
 2858      35BFE32C 
 2858      C2560A33 
 2858      DBE7F043 
 2858      507DFA
 2859 027a 8F4A0DF2 		.ascii	"\217J\015\362RY\324%\332\206x\200\007\363\366u\252X"
 2859      5259D425 
 2859      DA867880 
 2859      07F3F675 
 2859      AA58
 2860 028c 2A8F012F 		.ascii	"*\217\001/\247\371\252.|\2174\030^F\310r\322\354\212"
 2860      A7F9AA2E 
 2860      7C8F3418 
 2860      5E46C872 
 2860      D2EC8A
 2861 029f D2687999 		.ascii	"\322hy\231R\177<\215~\344_\310\213\370\006\2372\203"
 2861      527F3C8D 
 2861      7EE45FC8 
 2861      8BF8069F 
 2861      3283
 2862 02b1 7C23A18B 		.ascii	"|#\241\213|l\232N\012\373\304\307N,W\360\360\333I\336"
 2862      7C6C9A4E 
 2862      0AFBC4C7 
 2862      4E2C57F0 
 2862      F0DB49DE 
 2863 02c5 7993E43C 		.ascii	"y\223\344<~@IR\003\027\247\336\341a\212\364\033\250"
 2863      7E404952 
 2863      0317A7DE 
 2863      E1618AF4 
 2863      1BA8
 2864 02d7 3F5BE9FC 		.ascii	"?[\351\374V\315\012\311\367\307\324\017\214\222\316"
 2864      56CD0AC9 
ARM GAS  /tmp/cc4Ftiuk.s 			page 72


 2864      F7C7D40F 
 2864      8C92CE
 2865 02e6 3B8D47A7 		.ascii	";\215G\247'\037\262\302=\312\372:c\313\245o\253,\344"
 2865      271FB2C2 
 2865      3DCAFA3A 
 2865      63CBA56F 
 2865      AB2CE4
 2866 02f9 55FE09B7 		.ascii	"U\376\011\267\337\225\275\310\345\365\305\257\250h\314"
 2866      DF95BDC8 
 2866      E5F5C5AF 
 2866      A868CC
 2867 0308 427721CB 		.ascii	"Bw!\313\272\266\003\335h\200~^\214\226>\263\260j\252"
 2867      BAB603DD 
 2867      68807E5E 
 2867      8C963EB3 
 2867      B06AAA
 2868 031b 1618E3F7 		.ascii	"\026\030\343\367\232\320\322f\026Z\3502\243\037 /3@"
 2868      9AD0D266 
 2868      165AE832 
 2868      A31F202F 
 2868      3340
 2869 032d 8DD5E424 		.ascii	"\215\325\344$m\313u\352\255\275\256s\300\216\267\246"
 2869      6DCB75EA 
 2869      ADBDAE73 
 2869      C08EB7A6 
 2870 033d AC9D4D89 		.ascii	"\254\235M\211\372DM\353\341\206\204\263v\037\253\252"
 2870      FA444DEB 
 2870      E18684B3 
 2870      761FABAA 
 2871 034d B6DA1CB7 		.ascii	"\266\332\034\2679\325R\027\267c\255\356\341C\315V\315"
 2871      39D55217 
 2871      B763ADEE 
 2871      E143CD56 
 2871      CD
 2872 035e 477BAAAB 		.ascii	"G{\252\253b\273\366\356\336\021kL\270\311\266:\327\266"
 2872      62BBF6EE 
 2872      DE116B4C 
 2872      B8C9B63A 
 2872      D7B6
 2873 0370 607365A5 		.ascii	"`se\245Eo\\\206:\251\034\322I\321{0Qo\245\3348\271\222"
 2873      456F5C86 
 2873      3AA91CD2 
 2873      49D17B30 
 2873      516FA5DC 
 2874 0387 7632EEB8 		.ascii	"v2\356\270ve\034D*q\304.Yc\251\214W7\304\033\252\032"
 2874      76651C44 
 2874      2A71C42E 
 2874      5963A98C 
 2874      5737C41B 
 2875 039d AA40AB3B 		.ascii	"\252@\253;\230\330\177Hw\032\033Sv\253hq\355O\261\345"
 2875      98D87F48 
 2875      771A1B53 
 2875      76AB6871 
 2875      ED4FB1E5 
 2876 03b1 3542F39B 		.ascii	"5B\363\233$"
 2876      24
 2877              		.text
ARM GAS  /tmp/cc4Ftiuk.s 			page 73


 2878              		.section	.gnu.lto_chCoreAllocFromBase.340.a59f25d44d82a5ca,"e",%progbits
 2879 0000 789C7D52 		.ascii	"x\234}RQHTY\030\376\277sg\256NB\033\250\261D\017\303"
 2879      51485459 
 2879      18FEBF73 
 2879      67AE4E42 
 2879      1BA8B144 
 2880 0016 42056DCE 		.ascii	"B\005m\316\215\021\331\327v%\026\211\001iz\037\306;"
 2880      8D11D9D7 
 2880      76251689 
 2880      01697A1F 
 2880      C63B
 2881 0028 57BDE978 		.ascii	"W\275\351x\355\3361\233\205\360\246\213\240\260\224"
 2881      EDDE319B 
 2881      85F0A68B 
 2881      A0B094
 2882 0037 05B2EC9A 		.ascii	"\005\262\354\232\332\203\321C\320K\273\211\231\\\267"
 2882      DA83D143 
 2882      D04BBB89 
 2882      995CB7
 2883 0046 B54C2977 		.ascii	"\265L)w{\251\314\022$\010\021\304t)ek\335\377\334\231"
 2883      7BA9CC12 
 2883      240811C4 
 2883      7429656B 
 2883      DDFFDC99 
 2884 005a C49782C3 		.ascii	"\304\227\202\3039\377\371\277\357|\377\367\377\367>"
 2884      39FFF9BF 
 2884      EF7CFFF7 
 2884      FFF73E
 2885 0069 16446740 		.ascii	"\026Dg@\264\237\210\240\020.\366t\013r]\367H\201\300"
 2885      B49F88A0 
 2885      102EF674 
 2885      0B725DF7 
 2885      4881C0
 2886 007c B99EEE99 		.ascii	"\271\236\356\231\0337\003\030\207\237\000\265\011\264"
 2886      1B370318 
 2886      879F00B5 
 2886      09B4
 2887 008a E18A1284 		.ascii	"\341\212\022\204Z\214\000\357\245\010k\236\353\256O"
 2887      5A8C00EF 
 2887      A5086B9E 
 2887      EBAE4F
 2888 0099 2C0DBED8 		.ascii	",\015\276\330\333w\315\013,\022\265\015\343\026\353"
 2888      DB77CD0B 
 2888      2C12B50D 
 2888      E316EB
 2889 00a8 110551F8 		.ascii	"\021\005Q\370#\250\214\361\277\246\206]7DgG\220\007"
 2889      23A88CF1 
 2889      BFA6865D 
 2889      37446747 
 2889      9007
 2890 00ba 05BAF06F 		.ascii	"\005\272\360o1\023\006\362\204E\237\360\234F\267\030"
 2890      311306F2 
 2890      84459FF0 
 2890      9C46B718 
 2891 00ca A20B9D25 		.ascii	"\242\013\235%\314\030\31236s\022c\333%zJ\374*\327\301"
 2891      CC18CA33 
 2891      36731263 
ARM GAS  /tmp/cc4Ftiuk.s 			page 74


 2891      DB257A4A 
 2891      FC2AD7C1 
 2892 00de FBD74C5A 		.ascii	"\373\327LZY\032\352\334y\341\\\341\"y\330\262\321\205"
 2892      591AEADC 
 2892      79E15CE1 
 2892      2279D8B2 
 2892      D185
 2893 00f0 BE92221A 		.ascii	"\276\222\"\032g\363\334`\020ED\331\273\362\001\007\255"
 2893      67F3DC60 
 2893      104544D9 
 2893      BBF20107 
 2893      AD
 2894 0101 7FFA0137 		.ascii	"\177\372\0017\267\3766J\177\2405\227\236\300V\276\357"
 2894      B7FE364A 
 2894      7FA03597 
 2894      9EC056BE 
 2894      EF
 2895 0112 E5C49C4A 		.ascii	"\345\304\234J\367\320\"\353<\223Yif\375\342\371\347"
 2895      F7D022EB 
 2895      3C935969 
 2895      66FDE2F9 
 2895      E7
 2896 0123 337BFA5C 		.ascii	"3{\372\\/\340L\"\353\027z\000\241v\341\325\356\234\221"
 2896      2FE04C22 
 2896      EB177A00 
 2896      A176E1D5 
 2896      EE9C91
 2897 0136 F5FE4B9B 		.ascii	"\365\376K\233\277\035\272\333\341N\272\222\322\226\247"
 2897      BF1DBADB 
 2897      E14EBA92 
 2897      D296A7
 2898 0145 F843F1CB 		.ascii	"\370C\361\313\335\377U\235\002\335G\226\270\3364\330"
 2898      DDFF559D 
 2898      02DD4796 
 2898      B8DE34D8 
 2899 0155 10838087 		.ascii	"\020\203\200\207\033\217\203\236\373~\363\274\353\275"
 2899      1B8F839E 
 2899      FB7EF3BC 
 2899      EBBD
 2900 0163 2E1D1FD9 		.ascii	".\035\037\331\370yn,\264C\000#P\200Q\004\2001\250\304"
 2900      F8796E2C 
 2900      B4430023 
 2900      50805104 
 2900      8031A8C4 
 2901 0177 3CA27E45 		.ascii	"<\242~E~&7\000\327#\032PD\356\322\301\227w\302]x2\015"
 2901      7E263700 
 2901      D7231A50 
 2901      44EED2C1 
 2901      9777C25D 
 2902 018e FF9C2D92 		.ascii	"\377\234-\222\307\332F\357\313_z!\373\222\311\265\331"
 2902      C7DA46EF 
 2902      CB5F7A21 
 2902      FB92C9B5 
 2902      D9
 2903 019f 1026FC70 		.ascii	"\020&\374p\355\316\325\377\226\236\026\343^\016\030"
 2903      EDCED5FF 
 2903      969E16E3 
ARM GAS  /tmp/cc4Ftiuk.s 			page 75


 2903      5E0E18
 2904 01ae 58FE92CF 		.ascii	"X\376\222\317\366AAx\000\325\301a\2373\324\377\373\374"
 2904      F6414178 
 2904      00D5C161 
 2904      9F33D4FF 
 2904      FBFC
 2905 01c0 65602AC7 		.ascii	"e`*\307\271=\037\002\213\277\027\355_I\327/D\020\007"
 2905      B93D1F02 
 2905      8BBF17ED 
 2905      5F49D72F 
 2905      441007
 2906 01d3 964567E1 		.ascii	"\226Eg\341\251 B\334\340#\020\0373x(\207u\340\015\003"
 2906      A92042DC 
 2906      E023101F 
 2906      33782887 
 2906      75E00D03 
 2907 01e7 964CFF0D 		.ascii	"\226L\377\015\351\253}e\364j\377r\241T\367m\256n\364"
 2907      E9AB7D65 
 2907      F46AFF72 
 2907      A154F76D 
 2907      AE6EF4
 2908 01fa FE333B84 		.ascii	"\3763;\204\274\231\205w\263\240\017\242#L\335\020\351"
 2908      BC998577 
 2908      B3A00FA2 
 2908      234CDD10 
 2908      E9
 2909 020b 064E0ADF 		.ascii	"\006N\012\337\375\352\360Os\307\370'd\254s\360\013E"
 2909      FDEAF04F 
 2909      73C7F827 
 2909      64AC73F0 
 2909      0B45
 2910 021d 65B4CE20 		.ascii	"e\264\316 R\204\242(\001\261S\352\206y$\212\352\213"
 2910      5284A228 
 2910      01B153EA 
 2910      8679248A 
 2910      EA8B
 2911 022f CC4F6F13 		.ascii	"\314Oo\023IR^ca\265\2106\271\263\012f\221\034\036r\363"
 2911      49525E63 
 2911      61B58836 
 2911      B9B30A66 
 2911      911C1E72 
 2912 0244 6AF7E435 		.ascii	"j\367\3445\256\325[iC\263\255\032\255\332\266N\032z"
 2912      AED55B69 
 2912      43B3AD1A 
 2912      ADDAB64E 
 2912      1A7A
 2913 0256 C6D12AEB 		.ascii	"\306\321*\353\315\0323\236iI\231\326\3668\021-\327Z"
 2913      CD1A339E 
 2913      694999D6 
 2913      F638112D 
 2913      D75A
 2914 0268 2DBBC169 		.ascii	"-\273\301iN\352F\"c\26745h\361\023\261\362h\342\373"
 2914      4EEA4622 
 2914      63B73435 
 2914      68F113B1 
 2914      F268E2FB 
 2915 027c EAAAEF12 		.ascii	"\352\252\357\022\265\246\235nM\332\206Fe\221\210\306"
ARM GAS  /tmp/cc4Ftiuk.s 			page 76


 2915      B5A69D6E 
 2915      4DDA8646 
 2915      659188C6 
 2916 028c 4B974F2D 		.ascii	"K\227O-'\317\264\034^\215f\215\346\330:Ci#\255[\266"
 2916      27CFB41C 
 2916      5E8D668D 
 2916      E6D83A43 
 2916      6923AD5B 
 2917 02a1 11D129E0 		.ascii	"\021\321)\340\230?\030\245\3332\021\275<\245\247\242"
 2917      983F18A5 
 2917      DB3211BD 
 2917      3CA5A7A2 
 2918 02b1 A9280593 		.ascii	"\251(\005\223\215f]\223j\325\326:F\006\315\007?\241"
 2918      8D665D93 
 2918      6AD5D63A 
 2918      4606CD07 
 2918      3FA1
 2919 02c3 6B6734B3 		.ascii	"kg4\263IolI\031\2149Y'RO\0055I\307\250\266\315\243\237"
 2919      496F6C49 
 2919      198C3959 
 2919      27524F05 
 2919      3549C7A8 
 2920 02db 78A25BE9 		.ascii	"x\242[\351\264\325\244\031g2\332\267\307cZe,^\025\327"
 2920      B4D5A419 
 2920      6732DAB7 
 2920      C7635A65 
 2920      2C5E15D7 
 2921 02ef 2AB9BC56 		.ascii	"*\271\274V\365Q)\355\230N\242N\327Y\255\342\363*\315"
 2921      F55129ED 
 2921      984EA24E 
 2921      D759ADE2 
 2921      F32ACD
 2922 0302 96CD5363 		.ascii	"\226\315Sc\235\323\337\224\305\230\345\267QO\273b\361"
 2922      9DD3DF94 
 2922      C598E5B7 
 2922      514FBB62 
 2922      F1
 2923 0313 E361E9A3 		.ascii	"\343a\351\243\3316\017\205\367\035&aS\001wi\331Y\372"
 2923      D9360F85 
 2923      F71D2661 
 2923      53017769 
 2923      D959FA
 2924 0326 1FBB6178 		.ascii	"\037\273axn"
 2924      6E
 2925              		.text
 2926              		.section	.gnu.lto_chCoreAllocFromTop.341.a59f25d44d82a5ca,"e",%progbits
 2927 0000 789C7D52 		.ascii	"x\234}R]HTi\030~\237\357\314\034\235\025,\030\214e\331"
 2927      5D485469 
 2927      187E9FEF 
 2927      CC1C9D15 
 2927      2C188C65 
 2928 0015 8B61A182 		.ascii	"\213a\241\202\3129\242D\267m\262,^LH\323\3750\2369\352"
 2928      CA39A244 
 2928      B76DB22C 
 2928      5E4C48D3 
 2928      FD309E39 
 2929 002a 49C763E7 		.ascii	"I\307c\347\214\331\004\341i\\\004\205\245\255@\226\315"
ARM GAS  /tmp/cc4Ftiuk.s 			page 77


 2929      8CD904E1 
 2929      695C0485 
 2929      A5AD4096 
 2929      CD
 2930 003b D42EAC2E 		.ascii	"\324.\254.\202n\372\021\263:VV\026jyU\366\007\026\375"
 2930      826EFA11 
 2930      B33A5656 
 2930      166A7955 
 2930      F60716FD 
 2931 004f 82540619 		.ascii	"\202T\006\031\264\331\373\235\231\025oZ\370\370\276"
 2931      B4D9FB9D 
 2931      99156F5A 
 2931      F8F8BE
 2932 005e F77B9FE7 		.ascii	"\367{\237\347{\336\347}\317\231\021D{A\264\216\210\240"
 2932      7BDEE77D 
 2932      CF991144 
 2932      7B41B48E 
 2932      88A0
 2933 0070 100E1FEA 		.ascii	"\020\016\037\352\021\344\272\356\326\"\201\003\207z"
 2933      11E4BAEE 
 2933      D6228103 
 2933      877A
 2934 007e A647CE06 		.ascii	"\246G\316\0060\006?\001\352\020\350\300q%\0105\214\000"
 2934      30063F01 
 2934      EA10E8C0 
 2934      71250835 
 2934      8C00
 2935 0090 EF658868 		.ascii	"\357e\210h\236\353.\216\277\035\\\370\271\357\224\027"
 2935      9EEB2E8E 
 2935      BF1D5CF8 
 2935      B9EF9417 
 2936 00a0 784DD431 		.ascii	"xM\3241\214\013\254G\024D\361\037\240r\306\357N\014"
 2936      8C0BAC47 
 2936      1444F11F 
 2936      A072C6EF 
 2936      4E0C
 2937 00b2 BB6E88F6 		.ascii	"\273n\210\366\217\240\000\012t\343j\230\011\003\005"
 2937      8FA0000A 
 2937      74E36A98 
 2937      090305
 2938 00c1 C22B9FF0 		.ascii	"\302+\237\360\220F\227\031\242\033\223\2221T`|\315K"
 2938      90469719 
 2938      A21B9392 
 2938      3154607C 
 2938      CD4B
 2939 00d3 5C5E2971 		.ascii	"\\^)q?\354W9\015\33672\351\335\321\223]\245\177\035"
 2939      3FEC5739 
 2939      0DDE3732 
 2939      E9DDD193 
 2939      5DA57F1D 
 2940 00e7 287E4D1E 		.ascii	"(~M\036\226mt\343Y\270\204\306\330<7\030D\011Q\366\232"
 2940      966D74E3 
 2940      59B884C6 
 2940      D83C3718 
 2940      440951F6 
 2941 00fc 7CC041FB 		.ascii	"|\300A\373u?\340\346\026\247\252\350*\332\363\351q,"
 2941      753FE0E6 
ARM GAS  /tmp/cc4Ftiuk.s 			page 78


 2941      16A7AAE8 
 2941      2ADAF3E9 
 2941      712C
 2942 010e E7FB9E8C 		.ascii	"\347\373\236\214?R\351\006\332d\235\0072+\315,\036>"
 2942      3F52E906 
 2942      DA649D07 
 2942      322BCD2C 
 2942      1E3E
 2943 0120 F870FAA7 		.ascii	"\370p\372\247>\327\0138\267\220\365\013M@\250\335x\276"
 2943      3ED70B38 
 2943      B790F50B 
 2943      4D40A8DD 
 2943      78BE
 2944 0132 266F64B1 		.ascii	"&od\261\377\310\322\271M\327:\335[\256\244t\024(\376"
 2944      FFC8D2B9 
 2944      4DD73ADD 
 2944      5BAEA474 
 2944      1428FE
 2945 0145 50FC7237 		.ascii	"P\374r7\217\252\267A7\221%\256w\007l\210A\300\303\231"
 2945      8FAAB741 
 2945      379125AE 
 2945      77076C88 
 2945      41C0C399 
 2946 0159 99A0E77E 		.ascii	"\231\240\347~Y:\350z/\313\306^\274\377\373\321\233\320"
 2946      593AE87A 
 2946      2FCBC65E 
 2946      BCFFFBD1 
 2946      9BD0
 2947 016b 0F021881 		.ascii	"\017\002\030\201\002\214\"\000\\\206J\314#\352W\344"
 2947      028C2200 
 2947      5C864ACC 
 2947      23EA57E4 
 2948 017b 67720370 		.ascii	"gr\003p=\242\001E\344/\235|\371$\334\271\013S\360\317"
 2948      3DA20145 
 2948      E42F9D7C 
 2948      F924DCB9 
 2948      0B53F0CF 
 2949 018f 9152792C 		.ascii	"\221Ry,|\356}\362O/d_2\2710\033\302\270\037.\\:\361"
 2949      7CEE7DF2 
 2949      4F2F645F 
 2949      32B9301B 
 2949      C2B81F2E 
 2950 01a6 F5EDFD30 		.ascii	"\365\355\3750n\344\201\201\371\037\371\314\015\012\302"
 2950      6EE48181 
 2950      F91FF9CC 
 2950      0D0AC2
 2951 01b5 04540715 		.ascii	"\004T\007\025>g\250\377\374\323c\300\355<\347\342\323"
 2951      3E67A8FF 
 2951      FCD363C0 
 2951      ED3CE7E2 
 2951      D3
 2952 01c6 10EE80BE 		.ascii	"\020\356\200\276\210\334/\322\365c\021\304\372y\321"
 2952      88DC2FD2 
 2952      F56311C4 
 2952      FA79D1
 2953 01d5 55BC3B88 		.ascii	"U\274;\210\0207\310u\371\230\306\244\034\326\372\367"
 2953      1037C875 
ARM GAS  /tmp/cc4Ftiuk.s 			page 79


 2953      F998C6A4 
 2953      1CD6FAF7 
 2954 01e5 0C58327D 		.ascii	"\014X2}\017\322W\356\335\350\211\376\371b\251\356\333"
 2954      0FD257EE 
 2954      DDE889FE 
 2954      F962A9EE 
 2954      DB
 2955 01f6 FCF0B9F7 		.ascii	"\374\360\271\367\343\354\020\012f\346>\315\202\376\025"
 2955      E3EC100A 
 2955      66E63ECD 
 2955      82FE15
 2956 0205 9D11EA81 		.ascii	"\235\021\352\201H7qR\224\370\254\341?G\267\363O\310"
 2956      48377152 
 2956      94F8ACE1 
 2956      3F47B7F3 
 2956      4FC8
 2957 0217 58D7E02A 		.ascii	"X\327\340*Ee\264\301 R\204\242(\001!\033\314Ex$\212"
 2957      4565B4C1 
 2957      205284A2 
 2957      2801211B 
 2957      CC457824 
 2958 022c EA8B5C99 		.ascii	"\352\213\\\231Z!\222\244\202\306\334L)-qg\233\231Er"
 2958      5A2192A4 
 2958      82C6DC4C 
 2958      292D7167 
 2958      9B994572 
 2959 0240 78C8CF2B 		.ascii	"x\310\317+\347\311k\\k\264\322\206f[uZ\255m\3552\364"
 2959      E7C96B5C 
 2959      6BB4D286 
 2959      665B755A 
 2959      AD6DED32 
 2960 0255 8CA35537 		.ascii	"\214\243U7\232uf<\323\2262\255\225q\242\262Jk\267\354"
 2960      9A75663C 
 2960      D39632AD 
 2960      9571A2B2 
 2960      4A6BB7EC 
 2961 0269 26A735A9 		.ascii	"&\2475\251\033\211\214\335\326\322\244\305w\306\252"
 2961      1B898CDD 
 2961      D6D2A4C5 
 2961      77C6AA
 2962 0278 2A13BFD7 		.ascii	"*\023\277\327\326lK\324\233v\272=i\033\032\225G\243"
 2962      D66C4BD4 
 2962      9B76BA3D 
 2962      691B1A95 
 2962      47A3
 2963 028a 1A2F5D3E 		.ascii	"\032/]>\265\234\002\323rx5\233u\232c\353\014\245\215"
 2963      B59C02D3 
 2963      7278359B 
 2963      759A63EB 
 2963      0CA58D
 2964 029d B46ED946 		.ascii	"\264n\331FT\247\200c\3563\312Vd\242zUJOU\246*)\230l"
 2964      54A78063 
 2964      EE33CA56 
 2964      64A27A55 
 2964      4A4F55A6 
 2965 02b5 361B5A54 		.ascii	"6\033ZT\253\276\33612h\335\360\035];\243\231-zs[\312"
 2965      ABBEDE31 
ARM GAS  /tmp/cc4Ftiuk.s 			page 80


 2965      3268DDF0 
 2965      1D5D3BA3 
 2965      992D7A73 
 2966 02cb 60CCC93A 		.ascii	"`\314\311:\321F*\252K:F\255m\376\366\235'\272\225N["
 2966      D1462AAA 
 2966      4B3A46AD 
 2966      6DFEF69D 
 2966      27BA954E 
 2967 02e0 2D9AB137 		.ascii	"-\232\2617\243\375\272#\246U\307\3425q\255\232\313k"
 2967      A3FDBA23 
 2967      A655C7E2 
 2967      3571AD9A 
 2967      CB6B
 2968 02f2 35FF29A5 		.ascii	"5\377)\245\035\323I4\350:\253m\376\177\225V\313\346"
 2968      1DD34934 
 2968      E83AAB6D 
 2968      FE7F9556 
 2968      CBE6
 2969 0304 A9B1CE9E 		.ascii	"\251\261\316\236-\3451f\371m4\322\352X|GD\372h\265\315"
 2969      2DE53166 
 2969      F96D34D2 
 2969      EA587C47 
 2969      44FA68B5 
 2970 0319 4D91B515 		.ascii	"M\221\265\025$l*\342.-;K\337\000|uxo"
 2970      246C2AE2 
 2970      2E2D3B4B 
 2970      DF007C75 
 2970      786F
 2971              		.text
 2972              		.section	.gnu.lto_chCoreGetStatusX.342.a59f25d44d82a5ca,"e",%progbits
 2973 0000 789C6550 		.ascii	"x\234ePMHTQ\024>\337=o\314\241\245\010-Z\010\021\255"
 2973      4D485451 
 2973      143EDF3D 
 2973      6FCCA1A5 
 2973      082D5A08 
 2974 0016 9C0B33D0 		.ascii	"\234\0133\320Zr!.\"a\334\0173o^\371\232^W\357\233AA"
 2974      5A72212E 
 2974      2261DC0F 
 2974      336F5EF9 
 2974      9A5E57EF 
 2975 002d 64AE262A 		.ascii	"d\256&*\263\011k\235Q+\203\240VaF6E\022m$\202\226A\004"
 2975      B3096B9D 
 2975      512B83A0 
 2975      56614636 
 2975      45126D24 
 2976 0045 2D52DAB4 		.ascii	"-R\332\2641\360g:\3634\306\360r\316\275\367\234\363"
 2976      31F0673A 
 2976      F334C6F0 
 2976      72CEBDF7 
 2976      9CF3
 2977 0057 9DEF3BF7 		.ascii	"\235\357;\367N\201\350\001\021]\020\007\023\356-7\024"
 2977      4E81E801 
 2977      115D1007 
 2977      13EE2D37 
 2977      14
 2978 0068 39E706CE 		.ascii	"9\347\006\316(\314.7\322x\205$\002\325\025\352x\304"
 2978      28CC2E37 
ARM GAS  /tmp/cc4Ftiuk.s 			page 81


 2978      D2788524 
 2978      02D515EA 
 2978      78C4
 2979 007a 5AC23F9B 		.ascii	"Z\302?\233;\317w\317\271\325&\266\211\352\224\254\024"
 2979      3BCF77CF 
 2979      B9D526B6 
 2979      89EA94AC 
 2979      14
 2980 008b BA7AE0C9 		.ascii	"\272z\340\311\336\213\276\024\272\347A\375M\347>m\255"
 2980      DE8BBE14 
 2980      BAE741FD 
 2980      4DE73E6D 
 2980      AD
 2981 009c 3997A699 		.ascii	"9\227\246\231u\324_bM\264\024\226\360\270\207\350\354"
 2981      75D45F62 
 2981      4DB41496 
 2981      F0B887E8 
 2981      EC
 2982 00ad 51A364E8 		.ascii	"Q\243d\350\331\347T\323\355\267\356:\367\365\007>^J"
 2982      D9E754D3 
 2982      EDB7EE3A 
 2982      F7F5073E 
 2982      5E4A
 2983 00bf 839452E2 		.ascii	"\203\224R\342L\212=R^\027\260.\270\025n\317\345<\270"
 2983      4C8A3D52 
 2983      5E17B02E 
 2983      B8156ECF 
 2983      E53CB8
 2984 00d2 26D14356 		.ascii	"&\321CVG\301\254\004\273\312}\337\333\002\355\251\271"
 2984      47C1AC04 
 2984      BBCA7DDF 
 2984      DB02EDA9 
 2984      B9
 2985 00e3 8D9FE719 		.ascii	"\215\237\347\0312D\0152P\003\252\026\313\371\0244\261"
 2985      32440D32 
 2985      5003AA16 
 2985      CBF91434 
 2985      B1
 2986 00f4 81D7A0CB 		.ascii	"\201\327\240\313\322\322=\375\006FT\005\374\273\361"
 2986      D2D23DFD 
 2986      06465405 
 2986      FCBBF1
 2987 0103 AB8D9D41 		.ascii	"\253\215\235A\202\221\332*G\366\355?\330;T\210\030\011"
 2987      8291DA2A 
 2987      47F6ED3F 
 2987      D83B5488 
 2987      1809
 2988 0115 7BEB98FD 		.ascii	"{\353\230\375\311EV\377\363\276\357\360n\"Lx\357\274"
 2988      C94556FF 
 2988      F3BEEFF0 
 2988      6E224C78 
 2988      EFBC
 2989 0127 58F89262 		.ascii	"X\370\222bf\305I\323\341\342\001\330c\356(\236\322\272"
 2989      66C549D3 
 2989      E1E201D8 
 2989      63EE289E 
 2989      D2BA
ARM GAS  /tmp/cc4Ftiuk.s 			page 82


 2990 0139 F1018168 		.ascii	"\361\001\201hy\324Rs\337\356_K\376s\205\321y.Q^\217"
 2990      79D45273 
 2990      DFEE5F4B 
 2990      FE7385D1 
 2990      792E515E 
 2991 014e 9928D0D6 		.ascii	"\231(\320\326\224\364\21057\003\277\032\353\301\261"
 2991      94F48835 
 2991      3703BF1A 
 2991      EBC1B1
 2992 015d B014E6AB 		.ascii	"\260\024\346\253\265rhN\336\013\331\234\2364\266\022"
 2992      B572684E 
 2992      DE0BD99C 
 2992      9E34B612 
 2993 016d 8F17FDA0 		.ascii	"\217\027\375\240P\265\265\333\025\235\037\275\232\313"
 2993      50B5B5DB 
 2993      159D1FBD 
 2993      9ACB
 2994 017b 16864686 		.ascii	"\026\206F\206\257\024\256\2076\232,\332@S\177&\243\305"
 2994      AF14AE87 
 2994      369A2CDA 
 2994      40537F26 
 2994      A3C5
 2995 018d FC76AB89 		.ascii	"\374v\253\211\217\221&\026\273\025\226tl})EA\344\033"
 2995      8F912616 
 2995      BB159674 
 2995      6C7D2945 
 2995      41E41B
 2996 01a0 1B647CE2 		.ascii	"\033d|\342\2508\336{\"\221\361se\277\234-g\351/;\335"
 2996      A838DE7B 
 2996      2291F173 
 2996      65BF9C2D 
 2996      67E92F3B 
 2997 01b5 ACCF     		.ascii	"\254\317"
 2998              		.text
 2999              		.section	.gnu.lto_.symbol_nodes.a59f25d44d82a5ca,"e",%progbits
 3000 0000 789C7590 		.ascii	"x\234u\220\273N\303@\020Eg\357\220\254\374 \011\210"
 3000      BB4EC340 
 3000      104567EF 
 3000      90ACFC20 
 3000      0988
 3001 0012 F72B217C 		.ascii	"\367+!|\002-U\304\247\360\037c#:\012\350\0205\251i\250"
 3001      022D55C4 
 3001      A7F01F63 
 3001      233A0AE8 
 3001      1035A969 
 3002 0027 A0A2305D 		.ascii	"\240\2420]\204\200\000\341\015A\010!\361\021a\355Ml"
 3002      848000E1 
 3002      0D410821 
 3002      F11161ED 
 3002      4D6C
 3003 0039 21D9D3CC 		.ascii	"!\331\323\314\325\2363\263\332\335\000\021\341\\\311"
 3003      D59E33B3 
 3003      DADD0011 
 3003      E15CC9
 3004 0048 D4C014AB 		.ascii	"\324\300\024\253\375K\"!:\015\3020`\203J\037\230n\304"
 3004      FD4B2221 
 3004      3A0DC230 
ARM GAS  /tmp/cc4Ftiuk.s 			page 83


 3004      60834A1F 
 3004      986EC4
 3005 005b BD8FF1A0 		.ascii	"\275\217\361\240E\304\270\206\314\004\246\306F\356Y"
 3005      45C4B886 
 3005      CC04A6C6 
 3005      46EE59
 3006 006a 10AAD8B8 		.ascii	"\020\252\330\270\302l\330\212C\017s\311\310\003\346"
 3006      C26CD88A 
 3006      430F73C9 
 3006      C803E6
 3007 0079 E38E1BC8 		.ascii	"\343\216\033\310\302\277\355\243\211\027T\355\316.d"
 3007      C2BFEDA3 
 3007      891754ED 
 3007      CE2E64
 3008 0088 31D77845 		.ascii	"1\327xE\315\032\267\220\245\274[q\007Y\316\005\367\220"
 3008      CD1AB790 
 3008      A5BC5B71 
 3008      0759CE05 
 3008      F790
 3009 009a 953CA09E 		.ascii	"\225<\240\236!\365\301\260\352\011$2^\302\236 \215\""
 3009      21F5C1B0 
 3009      EA092432 
 3009      5EC29E20 
 3009      8D22
 3010 00ac F60E592D 		.ascii	"\366\016Y-b\217\220f\021{\203\254\0250\246\232}\366"
 3010      628F9066 
 3010      117B83AC 
 3010      1530A69A 
 3010      7DF6
 3011 00be 2653D5A6 		.ascii	"&S\325\246\250l\342O\347p]\265]\246\312\356\361^I\355"
 3011      A86CE24F 
 3011      E7705DB5 
 3011      5DA6CAEE 
 3011      F15E49ED 
 3012 00d2 78AC272C 		.ascii	"x\254',\336b=\024\333e\023\017N\276;\254\2764\353\312"
 3012      DE623D14 
 3012      DB65130F 
 3012      4EBE3BAC 
 3012      BE34EBCA 
 3013 00e6 C5EF519F 		.ascii	"\305\357Q\237T\344\262\223\252N\246:\231\352d\2527i"
 3013      54E4B293 
 3013      AA4EA63A 
 3013      99EA64AA 
 3013      3769
 3014 00f8 7F28D2EC 		.ascii	"\177(\322\354i\033\267\315)\331\370\351\262\237\011"
 3014      691BB7CD 
 3014      29D9F8E9 
 3014      B29F09
 3015 0107 BE930A7E 		.ascii	"\276\223\012~*\320\037W\236\303\320"
 3015      2AD01F57 
 3015      9EC3D0
 3016              		.text
 3017              		.section	.gnu.lto_.refs.a59f25d44d82a5ca,"e",%progbits
 3018 0000 789C35CA 		.ascii	"x\2345\312\313\011\200P\020C\321;1\357\243\350F|\005"
 3018      CB098050 
 3018      1043D13B 
 3018      31EFA3E8 
ARM GAS  /tmp/cc4Ftiuk.s 			page 84


 3018      467C05
 3019 0013 286843F6 		.ascii	"(hC\366\337\213\263q\021B\016y\001C4\024={E:\360\024"
 3019      DF8BB371 
 3019      11420E79 
 3019      01433414 
 3019      3D7B453A 
 3020 0029 362A265C 		.ascii	"6*&\\Q\255\270\251\357y\035\231+\365\301\263\226_\316"
 3020      51ADB8A9 
 3020      EF791D99 
 3020      2BF5C1B3 
 3020      965FCE
 3021 003c 941B6D58 		.ascii	"\224\033mX\271\012|Y\356\002\006"
 3021      B90A7C59 
 3021      EE0206
 3022              		.text
 3023              		.section	.gnu.lto_.decls.a59f25d44d82a5ca,"e",%progbits
 3024 0000 789C9D5A 		.ascii	"x\234\235Z\011TTW\232~\367\276[U\217\035\2674\366\232"
 3024      09545457 
 3024      9A7EF7BE 
 3024      5B558F1D 
 3024      B734F69A 
 3025 0014 3E939E18 		.ascii	">\223\236\0303\221h:\335\351s&3\235d\272\3239\235\364"
 3025      3391683A 
 3025      DDE97326 
 3025      339D64BA 
 3025      D3399DF4 
 3026 0028 A4DBEE33 		.ascii	"\244\333\3563}\246\347t5B)t\330R\365p\3519g\346\261"
 3026      7DA6E774 
 3026      35422974 
 3026      D852F570 
 3026      E93967E6 
 3027 003d A302168B 		.ascii	"\243\002\026\213Z *\202\010.h\271\203\200\026\213\202"
 3027      5A202A82 
 3027      082E68B9 
 3027      8380168B 
 3027      82
 3028 004e A8E01215 		.ascii	"\250\340\022\025\005\024E\224E\005\024\025Aa\376{\337"
 3028      05144594 
 3028      45051415 
 3028      4161FE7B 
 3028      DF
 3029 005f AD159363 		.ascii	"\255\025\223c\017\307\277^\325\373\267\357_\356\177"
 3029      0FC7BF5E 
 3029      D5FBB7EF 
 3029      5FEE7F
 3030 006e 6FBDB2ED 		.ascii	"o\275\262\3555A\350\220\004a\246(\010\223\360\007o\205"
 3030      3541E890 
 3030      0461A628 
 3030      0893F007 
 3030      6F85
 3031 0080 0B40705B 		.ascii	"\013@p[h\005\362\303\202\020\000\024\010\344\0174\015"
 3031      6805F2C3 
 3031      82100014 
 3031      08E40F34 
 3031      0D
 3032 0091 A805EECF 		.ascii	"\250\005\356\317\202\353w\200^\003\372\021\320\177\302"
 3032      82EB7780 
ARM GAS  /tmp/cc4Ftiuk.s 			page 85


 3032      5E03FA11 
 3032      D07FC2
 3033 00a0 BDEFC375 		.ascii	"\275\357\303u\001\320\317\200>\006\372\024\3507@3\201"
 3033      01D0CF80 
 3033      3E06FA14 
 3033      E8374033 
 3033      81
 3034 00b1 FE01E86D 		.ascii	"\376\001\350m\240\337\002-\004\372\003\320\037\251\036"
 3034      A0DF022D 
 3034      04FA03D0 
 3034      1FA91E
 3035 00c0 D02F817E 		.ascii	"\320/\201~\015\364_@\177\0062\000E\000\311@K\201\226"
 3035      0DF45F40 
 3035      7F063200 
 3035      4500C940 
 3035      4B8196
 3036 00d3 03FD0D28 		.ascii	"\003\375\015(\204\010\302?\012\252\035\005(\021h@P}"
 3036      8408C23F 
 3036      0AAA1D05 
 3036      28116840 
 3036      507D
 3037 00e5 524C2970 		.ascii	"RL)p\325\012*\316\327\341\232\306\365\203\201Vr\337"
 3037      D50A2ACE 
 3037      D7E19AC6 
 3037      F5838156 
 3037      72DF
 3038 00f7 9F030940 		.ascii	"\237\003\011@\022\320\031x\373\034\011B3\\Wq\177&\240"
 3038      12D01978 
 3038      FB1C0942 
 3038      335C5771 
 3038      7F26A0
 3039 010a 09B8570F 		.ascii	"\011\270W\017\264\013\3500\320\036\240&\2209\011\264"
 3039      B40BE830 
 3039      D01EA026 
 3039      903909B4 
 3040 011a 9A634B07 		.ascii	"\232cK\007z\003(\034(\023(\007\250\024\360\371\010j"
 3040      7A03281C 
 3040      28132807 
 3040      A814F0F9 
 3040      086A
 3041 012c 7CB93C46 		.ascii	"|\271<F{\374A@ky\314\377\0014\233\307\236\001:A\202"
 3041      7BFC4140 
 3041      6B79CCFF 
 3041      01349BC7 
 3041      9E013A41 
 3042 0141 9A83EFF3 		.ascii	"\232\203\357\363<\316\344\371\263\307\023\316cY\316"
 3042      3CCEE4F9 
 3042      B3C713CE 
 3042      6359CE
 3043 0150 6371C56A 		.ascii	"cq\305j\307\263\016\350_8\036W\337A\334\327z\3603[P"
 3043      C7B30EE8 
 3043      5F381E57 
 3043      DF41DCD7 
 3043      7AF0335B 
 3044 0165 F3ECEAE7 		.ascii	"\363\354\352\347S\027?\323_\322\027\255\357{/\3605\233"
 3044      53173FD3 
 3044      5FD217AD 
ARM GAS  /tmp/cc4Ftiuk.s 			page 86


 3044      EF7B2FF0 
 3044      359B
 3045 0177 FBAB045F 		.ascii	"\373\253\004_\201\202ZO\273/Z/\013\320\006^3{\316\322"
 3045      81825A4F 
 3045      BB2F5A2F 
 3045      0BD0065E 
 3045      337BCED2 
 3046 018b 786DA9AF 		.ascii	"xm\251\257\002\336\013\277\340\275R\303\355\374\371"
 3046      02DE0BBF 
 3046      E0BD52C3 
 3046      EDFCF9
 3047 019a FF61E7D7 		.ascii	"\377a\347\327.vN\201\035\177A\355\253\327x=\376$\250"
 3047      2E764E81 
 3047      1D7F41ED 
 3047      ABD7783D 
 3047      FE24A8
 3048 01ad F63C7345 		.ascii	"\366<sE\373\364U\036\013\365\371\003\232\233\031\210"
 3048      FBF4551E 
 3048      0BF5F903 
 3048      9A9B1988 
 3049 01bd 6867A157 		.ascii	"hg\241W\341*A\337H:\341]\205\375%|G\250\202\336\200"
 3049      E12A41DF 
 3049      483AE15D 
 3049      85FD257C 
 3049      47A882DE 
 3050 01d2 BFF77DA5 		.ascii	"\277\367}\245\205\002\301\033j\356*\272 \225ic\234\032"
 3050      8502C11B 
 3050      6AEE2ABA 
 3050      20956963 
 3050      9C1A
 3051 01e4 741455D3 		.ascii	"t\024U\323w\222\001\370\267w\234\270\213\334\370\307"
 3051      779201F8 
 3051      B7779CB8 
 3051      8BDCF8C7 
 3052 01f4 EC7C820F 		.ascii	"\354|\202\017\326\036=\0340\315\246(CJa\035\261\241"
 3052      D61E3D1C 
 3052      30CDA628 
 3052      434A611D 
 3052      B1A1
 3053 0206 0A449BAF 		.ascii	"\012D\233\257\026HZA1\370\002\206.A\372\037A;\007\321"
 3053      16485A41 
 3053      31F80286 
 3053      2E41FA1F 
 3053      413B07D1 
 3054 021a A51A0057 		.ascii	"\245\032\000WAJD\240\372\364\310\3723\332\000\246jK"
 3054      414A44A0 
 3054      FAF4C8FA 
 3054      33DA00A6 
 3054      6A4B
 3055 022c F2129866 		.ascii	"\362\022\230f\023\232S\215\032\321\011D\244\373\217"
 3055      139A538D 
 3055      1AD10944 
 3055      A4FB8F
 3056 023b 4E7EE53D 		.ascii	"N~\345=wn\320\\\220\030=\334|=q^Vj\252b\216\027O\242"
 3056      776ED05C 
 3056      90183DDC 
 3056      7C3D715E 
ARM GAS  /tmp/cc4Ftiuk.s 			page 87


 3056      566AAA62 
 3057 0253 E3E83477 		.ascii	"\343\3504wT\011\364\216@m\354\256\317\364\007f-\252"
 3057      5409F48E 
 3057      406DECAE 
 3057      CFF40766 
 3057      2DAA
 3058 0265 7330E753 		.ascii	"s0\347S\036\200N\002\334Dh@\260<j\200Y\215N\2413\250"
 3058      1E804E02 
 3058      DC446840 
 3058      B03C6A80 
 3058      598D4EA1 
 3059 027b 99E20745 		.ascii	"\231\342\007E\353\236\304T%0\311\267\026\035qU\254\240"
 3059      EB9EC454 
 3059      2530C9B7 
 3059      161D7155 
 3059      ACA0
 3060 028d 08D715C5 		.ascii	"\010\327\025\305\037\300A\356\026\216\271[ x\363\225"
 3060      1FC041EE 
 3060      168EB95B 
 3060      2078F395 
 3061 029d 2767B58E 		.ascii	"'g\265\216\014\264p\023\255\210\362\316\307\327\366"
 3061      0CB47013 
 3061      AD88F2CE 
 3061      C7D7F6
 3062 02ac 39B3D3CA 		.ascii	"9\263\323\312yg\021+\217\031\301KZ $\310\246 \011\326"
 3062      7967112B 
 3062      8F19C14B 
 3062      5A2024C8 
 3062      A62009D6 
 3063 02c0 267C54E8 		.ascii	"&|T\350G\005>\346aPoO\336\233\351\236y\241\215\027f"
 3063      47053EE6 
 3063      61506F4F 
 3063      DE9BE99E 
 3063      79A18D17 
 3064 02d5 23E50F54 		.ascii	"#\345\017Tf\017\371\272\361\257\2406{e&\224\203M\222"
 3064      660FF9BA 
 3064      F1AFA036 
 3064      7B652694 
 3064      834D92
 3065 02e8 C3F755EE 		.ascii	"\303\367U\356\273\235\372\236\205\002\301\027\226v\202"
 3065      BB9DFA9E 
 3065      8502C117 
 3065      967682
 3066 02f7 CFD7A12C 		.ascii	"\317\327\241,\"\274\012\222\225\232\274\267\366\351"
 3066      22BC0A92 
 3066      959ABCB7 
 3066      F6E9
 3067 0305 069116E5 		.ascii	"\006\221\026\345\256bK\320\010\035\250\023\0117\320"
 3067      AE624BD0 
 3067      081DA813 
 3067      0937D0
 3068 0314 EBD5A80B 		.ascii	"\353\325\250\013]GR%4R=\003:\011\262\315YJ\255.@\341"
 3068      5D475225 
 3068      34523D03 
 3068      3A09B2CD 
 3068      594AAD2E 
 3069 032a 059CA13A 		.ascii	"\005\234\241:\270\215\204\371=\210\006%H\315 \336J\255"
ARM GAS  /tmp/cc4Ftiuk.s 			page 88


 3069      B88D84F9 
 3069      3D880625 
 3069      48CD20DE 
 3069      4AAD
 3070 033c E6D68E77 		.ascii	"\346\326\216w{y\224\272\317^j\351\012\025\331=p\263"
 3070      7B7994BA 
 3070      CF5E6AE9 
 3070      0A15D93D 
 3070      70B3
 3071 034e CBDB4364 		.ascii	"\313\333Cd\300.\002\016E0\031$\335\004Qm\337\301\361"
 3071      C02E020E 
 3071      45301924 
 3071      DD04516D 
 3071      DFC1F1
 3072 0361 2DF88708 		.ascii	"-\370\207\010\005\000%(\3123h\253\177\035F\252j\"W\025"
 3072      05002528 
 3072      CA3368AB 
 3072      7F1D46AA 
 3072      6A225715 
 3073 0375 8691F000 		.ascii	"\206\221\360\000\015!<L\261Pe\215\324O\225kF\212*\375"
 3073      0D213C4C 
 3073      B150658D 
 3073      D44F956B 
 3073      468A2AFD 
 3074 0389 5C94D113 		.ascii	"\\\224\321\023\252\331\253\224\005\011\357.\020\204"
 3074      AAD9AB94 
 3074      0509EF2E 
 3074      1084
 3075 0397 27481845 		.ascii	"'H\030E\217\021~\202\244!*^\2655\271\335\337)\376\317"
 3075      8F117E82 
 3075      A4212A5E 
 3075      B535B9DD 
 3075      DF29FECF 
 3076 03ab E3AAB445 		.ascii	"\343\252\264E\225\036G\30234\206\3608E\310J\207\244"
 3076      951E47C2 
 3076      333486F0 
 3076      3845C84A 
 3076      87A4
 3077 03bd 4710F413 		.ascii	"G\020\364\023\240g@\212H=\336:\230E\240\221i\037[\362"
 3077      A067408A 
 3077      483DDE3A 
 3077      9845A091 
 3077      691F5BF2 
 3078 03d1 078F0714 		.ascii	"\007\217\007\024@\204\276}B<N\306\256\375F\233q \231"
 3078      4084BE7D 
 3078      423C4EC6 
 3078      AEFD469B 
 3078      712099
 3079 03e4 35639F90 		.ascii	"5c\237\220\340\312t\351\342;\210\266|2\256FI\230n%\202"
 3079      E0CA74E9 
 3079      E23B88B6 
 3079      7C32AE46 
 3079      49986E25 
 3080 03f9 B45714A4 		.ascii	"\264W\024\244C@5\324WY\357\326\036\342\022\335\017V"
 3080      434035D4 
 3080      5759EFD6 
 3080      1EE212DD 
ARM GAS  /tmp/cc4Ftiuk.s 			page 89


 3080      0F56
 3081 040b 6186B72E 		.ascii	"a\206\267.^\244\200\3230\214\306\325x%\206+\301\015"
 3081      5EA480D3 
 3081      308CC6D5 
 3081      7825862B 
 3081      C10D
 3082 041d C957F7B3 		.ascii	"\311W\367\263\252\364\332<\371\004W\226\024$y;\332'"
 3082      AAF4DA3C 
 3082      F9045796 
 3082      1424793B 
 3082      DA27
 3083 042f 9D83C900 		.ascii	"\235\203\311\000\227\204\344\304gW\340\240\271\254\362"
 3083      9784E4C4 
 3083      6757E0A0 
 3083      B9ACF2
 3084 043e 1494CACB 		.ascii	"\024\224\312\313\004Pk0_UW\325@2p*\316t\015D\252\003"
 3084      04506B30 
 3084      5F5557D5 
 3084      4032702A 
 3084      CE740D44 
 3085 0454 A827002A 		.ascii	"\250'\000*\271\320\334\322*\262\254XO\332\205\263p\216"
 3085      B9D0DCD2 
 3085      2AB2AC58 
 3085      4FDA85B3 
 3085      708E
 3086 0466 47D4AE0E 		.ascii	"G\324\256\016r\300A6\213\371\024\030i\025\005\255\216"
 3086      72C04136 
 3086      8BF91418 
 3086      691505AD 
 3086      8E
 3087 0477 CD141D5C 		.ascii	"\315\024\035\\\351\022X.]\020i\013\367\217\235\325:"
 3087      E912582E 
 3087      5D10690B 
 3087      F78F9DD5 
 3087      3A
 3088 0488 DA52D5B5 		.ascii	"\332R\325\265`]5Z\217\327a\351\012\250vP\261\244\324"
 3088      605D355A 
 3088      8FD761E9 
 3088      0AA87650 
 3088      B1A4D4
 3089 049b BC93D86D 		.ascii	"\274\223\330m\361l\300\005X]]\267\231\300\243\315\217"
 3089      F16CC005 
 3089      585D5DB7 
 3089      99C0A3CD 
 3089      8F
 3090 04ac 356E021B 		.ascii	"5n\002\033\355\002\0047\366m\353\363q\244g\023G\275"
 3090      ED020437 
 3090      F66DEBF3 
 3090      71A46713 
 3090      47BD
 3091 04be 99A647BB 		.ascii	"\231\246G\273\255\315\332\351\257\016.\353.5\264\315"
 3091      ADCDDAE9 
 3091      AF0E2EEB 
 3091      2E35B4CD 
 3092 04ce 381F6FF9 		.ascii	"8\037o\371\206\202n\001\273\205\270\210\006G\201W\224"
 3092      86826E01 
 3092      BB85B888 
ARM GAS  /tmp/cc4Ftiuk.s 			page 90


 3092      06478157 
 3092      94
 3093 04df ACA1C32C 		.ascii	"\254\241\303,\017\257u\325\202\036\221\006\001\376\003"
 3093      0FAF75D5 
 3093      821E9106 
 3093      01FE03
 3094 04ee A0A7B4DA 		.ascii	"\240\247\264\332\005\253-\377\256\372\031Zs\234il\306"
 3094      05AB2DFF 
 3094      AEFA195A 
 3094      739C696C 
 3094      C6
 3095 04ff 25B8F41B 		.ascii	"%\270\364\033\374\224\202\237m\270\314^\245\015\366"
 3095      FC94829F 
 3095      6DB8CC5E 
 3095      A50DF6
 3096 050e 76DBEAAA 		.ascii	"v\333\352\252Eg\237\357\340\365\313\271\320\265\263"
 3096      45679FEF 
 3096      E0F5CBB9 
 3096      D0B5B3
 3097 051d E7CE6575 		.ascii	"\347\316eun\357\371\262\311\2062q\012\336\351a\336:"
 3097      6EEFF9B2 
 3097      C9863271 
 3097      0ADEE961 
 3097      DE3A
 3098 052f 5AA25023 		.ascii	"Z\242P#\311X\001\236\352\346E\256w\202\353\335\270\034"
 3098      C958019E 
 3098      EAE645AE 
 3098      7782EBDD 
 3098      B81C
 3099 0541 EFC2DBF1 		.ascii	"\357\302\333\361\016\036\250\265Y\005\220\203\315S\355"
 3099      0E1EA8B5 
 3099      59059083 
 3099      CD53ED
 3100 0550 56AA76B7 		.ascii	"V\252v\267\340\334)v\255\005*\257\024\027\273\363\210"
 3100      E0DC2976 
 3100      AD052AAF 
 3100      1417BBF3 
 3100      88
 3101 0561 BFA5B3A2 		.ascii	"\277\245\263\242R\202\244\320?\232\230\273\305\231\031"
 3101      5282A4D0 
 3101      3F9A98BB 
 3101      C59919
 3102 0570 0AAA0B7A 		.ascii	"\012\252\013z\202\036!+\036A\260j\347\337E{\361C\344"
 3102      821E212B 
 3102      1E41B06A 
 3102      E7DF457B 
 3102      F143E4
 3103 0583 043881E8 		.ascii	"\0048\201\350\211\312\012\000\367\343=x\037>\210\017"
 3103      89CA0A00 
 3103      F7E33D78 
 3103      1F3E880F 
 3104 0593 D82B3156 		.ascii	"\330+1V\022\273\305\267\2352]\320Q\273c\305\231\231"
 3104      12BBC5B7 
 3104      9D325DD0 
 3104      51BB63C5 
 3104      9999
 3105 05a5 D4EE301A 		.ascii	"\324\3560\032\004\273\367\321=\304\015\277\3132\333"
ARM GAS  /tmp/cc4Ftiuk.s 			page 91


 3105      04BBF7D1 
 3105      3DC40DBF 
 3105      CB32DB
 3106 05b4 5B9F62FB 		.ascii	"[\237b\373\320w\034=\005\346C\207S\265\245\237\226h"
 3106      D0771C3D 
 3106      05E64387 
 3106      53B5A59F 
 3106      9668
 3107 05c6 20973BF1 		.ascii	" \227;\361$\360T\354\316ml\242\230mc\375\250\027Y\335"
 3107      24F054EC 
 3107      CE6D6CA2 
 3107      986D63FD 
 3107      A81759DD 
 3108 05da 2B82279A 		.ascii	"+\202'\232\307\362|\203\334A_ASP\023<\332Ui\363\372"
 3108      C7F27C83 
 3108      DC415F41 
 3108      5350133C 
 3108      DA5569F3 
 3109 05ef 962A5888 		.ascii	"\226*X\210\017\341K\350\"=\024b:\233\005\342\3750\251"
 3109      0FE14BE8 
 3109      223D1462 
 3109      3A9B05E2 
 3109      FD30A9
 3110 0602 F3948625 		.ascii	"\363\224\206%\310a\353\002:\017\254\0120u\004W\343J"
 3110      C861EB02 
 3110      3A0FAC0A 
 3110      30750457 
 3110      E34A
 3111 0614 5CC51B64 		.ascii	"\\\305\033d\250\240\221\301iG\227Q\205\347\260\032J"
 3111      A8A091C1 
 3111      69479751 
 3111      85E7B01A 
 3111      4A
 3112 0625 2F6DF13B 		.ascii	"/m\361;\253\2107Q70\331N\341,PY)+\320a|\013x*\000G\220"
 3112      AB883751 
 3112      3730D94E 
 3112      E12C5059 
 3112      292BD061 
 3113 0640 56CB9D14 		.ascii	"V\313\235\024%0\301\367&\272\346\252\330\001\355\375"
 3113      2530C1F7 
 3113      26BAE6AA 
 3113      D801EDFD 
 3114 0650 9C2EBCDE 		.ascii	"\234.\274\336\323m\335>A\356\340j\260\007:\272w\302"
 3114      D36DDD3E 
 3114      41EEE06A 
 3114      B0073ABA 
 3114      77C2
 3115 0662 AE4904C9 		.ascii	"\256I\004\311\014d!\240\267\247\247=\316c\335\3279\326"
 3115      0C6421A0 
 3115      B7A7A73D 
 3115      CE63DDD7 
 3115      39D6
 3116 0674 FD262A91 		.ascii	"\375&*\221}.\263\330gZ\327\013\206\232T\006V*@F*\357"
 3116      7D2EB3D8 
 3116      675AD70B 
 3116      869A5406 
 3116      562A4046 
ARM GAS  /tmp/cc4Ftiuk.s 			page 92


 3117 068a DC77DA2B 		.ascii	"\334w\332+\3105;l\337?\201\233\000\300)|\0227\363\336"
 3117      C8353B6C 
 3117      DF3F819B 
 3117      00C0297C 
 3117      1237F3DE 
 3118 069e A8C8BE6D 		.ascii	"\250\310\276m}\207\315\362z\\\013\\\327\364\320\024"
 3118      7D87CDF2 
 3118      7A5C0B5C 
 3118      D7F4D014 
 3119 06ae 6C560F16 		.ascii	"lV\017\026\365\270\321\301TSp\003\374g&\346\320\304"
 3119      F5B8D1C1 
 3119      54537003 
 3119      FC6726E6 
 3119      D0C4
 3120 06c0 1EC70DAE 		.ascii	"\036\307\015\256\2320\037\357S\234'k\326\366y{\034<"
 3120      9A301FEF 
 3120      539C276B 
 3120      D6F6797B 
 3120      1C3C
 3121 06d2 4EBB0380 		.ascii	"N\273\003\200\370\337\003:Mw\363.\"='\364N\023}\201"
 3121      F8DF033A 
 3121      4D77F32E 
 3121      223D27F4 
 3121      4E137D81 
 3122 06e6 8D374D23 		.ascii	"\2157M#HY@y\0320v\353\341\256\221\000\2679v\011_\266"
 3122      48594079 
 3122      1A3076EB 
 3122      E1AE9100 
 3122      B7397609 
 3123 06fc CFB1AFC6 		.ascii	"\317\261\257\306\262\006\235\247\227\313\034J\033\315"
 3123      B2069DA7 
 3123      97CB1C4A 
 3123      1BCD
 3124 070a 481118D8 		.ascii	"H\021\030\330I\015\324M\214\346y\356\336W\261sk~[:\014"
 3124      490DD44D 
 3124      8CE679EE 
 3124      DE57B173 
 3124      6B7E5B3A 
 3125 071f A2362A7A 		.ascii	"\2426*zs\244\274\324}\250^\303\327\371P=I\005r\232W"
 3125      73A4BCD4 
 3125      7DA85EC3 
 3125      D7F9503D 
 3125      4905729A 
 3126 0734 0E78BB09 		.ascii	"\016x\273\011t\331\005\010\316K\3362\350<.\335\340`"
 3126      74D90508 
 3126      CE4BDE32 
 3126      E83C2EDD 
 3126      E060
 3127 0746 6EB2A19A 		.ascii	"n\262\241\232\266\341p\205.\310\245*l\345\\\303\335"
 3127      B6E17085 
 3127      2EC8A52A 
 3127      6CE55CC3 
 3127      DD
 3128 0757 A0DC836F 		.ascii	"\240\334\203o\361\206\035\235\310\\S\357\317\212r\023"
 3128      F1861D9D 
 3128      C85C53EF 
 3128      CF8A7213 
ARM GAS  /tmp/cc4Ftiuk.s 			page 93


 3129 0767 1F41DD53 		.ascii	"\037A\335S6\330L\265(7q\235+\023\006\007>;2>\246\011"
 3129      36D84CB5 
 3129      2837719D 
 3129      2B130607 
 3129      3E3B323E 
 3130 077d 7237DFE5 		.ascii	"r7\337\345j^\372\012\242\354\240A4l\035\355\027\335"
 3130      6A5EFA0A 
 3130      A2ECA041 
 3130      346C1DED 
 3130      17DD
 3131 078f 82E8C57D 		.ascii	"\202\350\305}<\312[T`\273u$\307\375H\335o\027 \270t"
 3131      3CCA5B54 
 3131      60BB7524 
 3131      C7FD48DD 
 3131      6F1720B8 
 3132 07a4 65DE2872 		.ascii	"e\336(rD9\300Q\334e;\253\245\244\251<@\335\024\237V"
 3132      4439C051 
 3132      DC653BAB 
 3132      A5A4A93C 
 3132      40DD149F 
 3133 07b9 288A97EF 		.ascii	"(\212\227\357]\000z\377\353\367\304^|\037\314\336S\327"
 3133      5D007AFF 
 3133      EBF7C45E 
 3133      7C1FCCDE 
 3133      53D7
 3134 07cb FDED4BFD 		.ascii	"\375\355K\375\254"
 3134      AC
 3135 07d0 CE2EFC7E 		.ascii	"\316.\374~'\037\0125G\272\017!<\002z\006\224\250\245"
 3135      271F0A35 
 3135      47BA0F21 
 3135      3C027A06 
 3135      94A8A5
 3136 07e3 A1F45C30 		.ascii	"\241\364\\0\273or#\370\221\035\351\2365[G\374\034H\037"
 3136      BB6F7223 
 3136      F8911DE9 
 3136      9E355B47 
 3136      FC1C481F 
 3137 07f7 71188F69 		.ascii	"q\030\217is\230\265\260\350\2006Q#\346\306\274\001\215"
 3137      7398B5B0 
 3137      E8803651 
 3137      23E6C6BC 
 3137      018D
 3138 0809 E766F814 		.ascii	"\347f\370\024\263\335\020?\336\231\376-\007o\214\333"
 3138      B3DD103F 
 3138      DE99FE2D 
 3138      076F8CDB 
 3139 0819 18A736F6 		.ascii	"\030\2476\366\202\376\021\320\237\236\226\246L\247\363"
 3139      82FE11D0 
 3139      9F9E96A6 
 3139      4CA7F3
 3140 0828 68361F4A 		.ascii	"h6\037J\243\331\217\315k\177\324\220\250\300\230\314"
 3140      A3D98FCD 
 3140      6B7FD490 
 3140      A8C098CC 
 3141 0838 C34F7082 		.ascii	"\303Op\202\3501|3Nf\323\325C\367-7\036\015~\2424[\335"
 3141      E8317C33 
 3141      4E66D3D5 
ARM GAS  /tmp/cc4Ftiuk.s 			page 94


 3141      43F72D37 
 3141      1E0D7EA2 
 3142 084f 3B9F4DE1 		.ascii	";\237M\341Y\007SY\365\363\360\363\251z.\007\215\004"
 3142      59075359 
 3142      F5F3F0F3 
 3142      A97A2E07 
 3142      8D04
 3143 0861 B11AC58B 		.ascii	"\261\032\305\213\2128\211S\304\011\234$&\212\311\"\037"
 3143      8A388953 
 3143      C4099C24 
 3143      268AC922 
 3143      1F
 3144 0872 88A754CF 		.ascii	"\210\247T\317m\370\301\024T\326#+\231\365\307\370\341"
 3144      6DF8C114 
 3144      54D6232B 
 3144      99F5C7F8 
 3144      E1
 3145 0883 54C4EDDB 		.ascii	"T\304\355\333\231^;\036\236\312+Pm\216\343Qw\2364\244"
 3145      995E3B1E 
 3145      9ECA2B50 
 3145      6D8EE351 
 3145      779E34A4 
 3146 0897 15B4DF43 		.ascii	"\025\264\337C\223\010^\240l4\323\225\035c\225\354x\356"
 3146      93085EA0 
 3146      6C34D395 
 3146      1D6395EC 
 3146      78EE
 3147 08a9 38D2AD12 		.ascii	"8\322\255\022\277W\215V\212i\242\364\034\322\231\250"
 3147      BF578D56 
 3147      8A69A2F4 
 3147      1CD299A8 
 3148 08b9 03A1350F 		.ascii	"\003\2415\0177\016\006\270\011e8\204VS\201\234\033e"
 3148      370E06B8 
 3148      09653884 
 3148      5653819C 
 3148      1B65
 3149 08cb DDEE56D6 		.ascii	"\335\356V\326\330\005\240K^\225ru\202\366\015\364\277"
 3149      D805A04B 
 3149      5E957275 
 3149      82F60DF4 
 3149      BF
 3150 08dc 4082944F 		.ascii	"@\202\224O\025.\324\\\334\210\251\302\210b\263@\351"
 3150      152ED45C 
 3150      DC88A9C2 
 3150      8862B340 
 3150      E9
 3151 08ed D9E2582B 		.ascii	"\331\342X+\276Q\215r\305\034\221\340\373w\323\327;\027"
 3151      BE518D72 
 3151      C51C91E0 
 3151      FB77D3D7 
 3151      3B17
 3152 08ff EE3A1EC4 		.ascii	"\356:\036\304zH\232T\242\243\235\027$\355\322\011\322"
 3152      7A489A54 
 3152      A2A39D17 
 3152      24EDD209 
 3152      D2
 3153 0910 3E6A6BD7 		.ascii	">jk\327\241\364\255\304\375\334%\026\210\352\342\251"
ARM GAS  /tmp/cc4Ftiuk.s 			page 95


 3153      A1F4ADC4 
 3153      FDDC2516 
 3153      88EAE2A9 
 3154 0920 A50285F5 		.ascii	"\245\002\205\365U-\356\253k\243]\200\340c\267\037t:"
 3154      552DEEAB 
 3154      6BA35D80 
 3154      E063B71F 
 3154      743A
 3155 0932 17CF26EE 		.ascii	"\027\317&\356i3\365\324\012\036.\001]\005\352\244\206"
 3155      6933F5D4 
 3155      0A1E2E01 
 3155      5D05EAA4 
 3155      86
 3156 0943 560E0E7C 		.ascii	"V\016\016|\333\315N\261\270\325n'{[\177\025v\330\331"
 3156      DBCD4EB1 
 3156      B8D56E27 
 3156      7B5B7F15 
 3156      76D8D9
 3157 0956 CAED9450 		.ascii	"\312\355\224P;}\240K\216^,\232\245\036\331;&\225\247"
 3157      3B7DA04B 
 3157      8E5E2C9A 
 3157      A51ED93B 
 3157      2695A7
 3158 0969 6FD4B35E 		.ascii	"o\324\263^,\021\213\304\262\257\357\233m\300\254F\245"
 3158      2C118BC4 
 3158      B2AFEF9B 
 3158      6DC0AC46 
 3158      A5
 3159 097a B455A45D 		.ascii	"\264U\244]\022|\241\002:\014T#\301\266r\376\326\356"
 3159      127CA102 
 3159      3A0C5423 
 3159      C1B672FE 
 3159      D6EE
 3160 098c 1471F694 		.ascii	"\024q\366\224mE(\007\225=\342n\321*\252\273\012\364"
 3160      6D452807 
 3160      953DE26E 
 3160      D12AAABB 
 3160      0AF4
 3161 099e BED2FE5A 		.ascii	"\276\322\376Z\256B\375\335\306;\305r\321\343\350sZ="
 3161      AE42FDDD 
 3161      C63BC572 
 3161      D1E3E873 
 3161      5A3D
 3162 09b0 320DE25D 		.ascii	"2\015\342]\300\363\350\357\016\365X\324\202v\000O\265"
 3162      C0F3E8EF 
 3162      0EF558D4 
 3162      8276004F 
 3162      B5
 3163 09c1 CF4FDD00 		.ascii	"\317O\335\000\341\265\306\241u)~s\325\277\240\271\216"
 3163      E1B5C6A1 
 3163      75297E73 
 3163      D5BFA0B9 
 3163      8E
 3164 09d2 3FAAD8BF 		.ascii	"?\252\330\277\222\033\275\203+\271\321\016l\267\332"
 3164      921BBD83 
 3164      2BB9D10E 
 3164      6CB7DA
ARM GAS  /tmp/cc4Ftiuk.s 			page 96


 3165 09e1 A77A2C13 		.ascii	"\247z,\023\267\210v&E\304'\352\316F\330\314\343}\315"
 3165      B7887626 
 3165      45C427EA 
 3165      CE46D8CC 
 3165      E37DCD
 3166 09f4 E2235429 		.ascii	"\342#T)\322/EC\330\336\330y\215\254\261\327\213\026"
 3166      D22F4543 
 3166      D8DED879 
 3166      8DACB1D7 
 3166      8B16
 3167 0a06 87629668 		.ascii	"\207b\226h\317\333\375\222\337\001\3576.\004\236\032"
 3167      CFDBFD92 
 3167      DF01EF36 
 3167      2E049E1A 
 3168 0a16 E273C701 		.ascii	"\342s\307\001aB\205\323\216\2578\340\264`\373\306:\324"
 3168      614285D3 
 3168      8EAF38E0 
 3168      B460FBC6 
 3168      3AD4
 3169 0a28 C9CE4FE5 		.ascii	"\311\316O\345\342v\320t\011\322\221\330\263\030\276"
 3169      E276D074 
 3169      09D291D8 
 3169      B318BE
 3170 0a37 746E00CD 		.ascii	"tn\000\315jT!\356\027\017\211G\305c\342A\261^< \326"
 3170      6A5421EE 
 3170      170F8947 
 3170      C563E241 
 3170      B15E3C20 
 3171 0a4c 893562AD 		.ascii	"\2115b\255\270O<\"\036\026\253D\233X\315\263>4\272]"
 3171      B84F3C22 
 3171      1E16AB44 
 3171      9B58CDB3 
 3171      3E34BA5D 
 3172 0a60 45D389ED 		.ascii	"E\323\211\355h:\260\343\240\223q\212/\372\213\0168\027"
 3172      683AB0E3 
 3172      A093718A 
 3172      2FFA8B0E 
 3172      3817
 3173 0a72 EC415ACB 		.ascii	"\354AZ\313V\3633\364^G\220\347\035\031\250.\315\366"
 3173      56F333F4 
 3173      5E4790E7 
 3173      1D19A82E 
 3173      CDF6
 3174 0a84 B32AE26A 		.ascii	"\263*\342j1Ut&\247C\265:~\234Y\335,\346;\024\363D\273"
 3174      31557426 
 3174      A743B53A 
 3174      7E9C59DD 
 3174      2CE63B14 
 3175 0a9b D5B454C7 		.ascii	"\325\264T\307W\"W&\007\224\267\223\251\236D_\271\001"
 3175      57225726 
 3175      0794B793 
 3175      A99E445F 
 3175      B901
 3176 0aad E2078F4E 		.ascii	"\342\007\217N5{\011\342$\262s\207\034\301X\367\250\365"
 3176      357B09E2 
 3176      24B27387 
 3176      1CC158F7 
ARM GAS  /tmp/cc4Ftiuk.s 			page 97


 3176      A8F5
 3177 0abf CA14D35D 		.ascii	"\312\024\323] \261C\353\320&{\275\262\335\352\305N\237"
 3177      20B143EB 
 3177      D0267BBD 
 3177      B2DDEAC5 
 3177      4E9F
 3178 0ad1 235B1FB7 		.ascii	"#[\037\267\270l\217,\307\033_>\307R\023,\204V\350B\334"
 3178      B86C8F2C 
 3178      C71B5F3E 
 3178      C752132C 
 3178      8456E842 
 3179 0ae6 B6EE4281 		.ascii	"\266\356B\201\373C\215\023b#_\377=T\240\341\300\356"
 3179      FB438D13 
 3179      62235FFF 
 3179      3D54A0E1 
 3179      C0EE
 3180 0af8 D98C6FE3 		.ascii	"\331\214o\343\374&;\237\340s\271\235\212s\320\234\344"
 3180      FC263B9F 
 3180      E073B99D 
 3180      8A73D09C 
 3180      E4
 3181 0b09 209BE9B2 		.ascii	" \233\351\262\035\003\007\223@\251^\202\224\356\005"
 3181      1D030793 
 3181      40A95E82 
 3181      94EE05
 3182 0b18 B2F96733 		.ascii	"\262\371g3\306=\217--\242\375\371\0229\277\363\341\260"
 3182      C63D8F2D 
 3182      2DA2FDF9 
 3182      1239BFF3 
 3182      E1B0
 3183 0b2a B7E797D8 		.ascii	"\267\347\227\330\323\342Ypu\216O\373\321\241\035\361"
 3183      D3E25970 
 3183      758E4FFB 
 3183      D1A11DF1 
 3184 0b3a FB5F53F7 		.ascii	"\373_S\367\241V\361\014\360\\\247s\003u\262\357\340"
 3184      A156F10C 
 3184      F05CA773 
 3184      0375B2EF 
 3184      E0
 3185 0b4b 64BBE7A6 		.ascii	"d\273\347\246{\336iD:\345%h\333\005\376\350\013\336"
 3185      7BDE6944 
 3185      3AE52568 
 3185      DB05FEE8 
 3185      0BDE
 3186 0b5d 08D205AA 		.ascii	"\010\322\005\2526xp\345M\321\003\333e\261]\250F\227"
 3186      367870E5 
 3186      4DD103DB 
 3186      65B15DA8 
 3186      4697
 3187 0b6f C48BA2D4 		.ascii	"\304\213\242\324\0111\364\200\034yZ\367d\275\012\322"
 3187      0931F480 
 3187      1C795AF7 
 3187      64BD0AD2 
 3188 0b7f E5547255 		.ascii	"\345TrUl\007\373\035\242\375\030\372\330\366\333xz\342"
 3188      6C07FB1D 
 3188      A2FD18FA 
 3188      D8F6DB78 
ARM GAS  /tmp/cc4Ftiuk.s 			page 98


 3188      7AE2
 3189 0b91 A1E3A2DD 		.ascii	"\241\343\242\335u\\H\303\324\227\2552Q}\276\347b\242"
 3189      755C48C3 
 3189      D497AD32 
 3189      517DBEE7 
 3189      62A2
 3190 0ba3 D369823E 		.ascii	"\323i\202>\252A\3223\360\230\350\015\231\003\312\366"
 3190      AA41D233 
 3190      F098E80D 
 3190      9903CAF6 
 3191 0bb3 06AD13E7 		.ascii	"\006\255\023\347O>p/S\267x\213\227\251\220\012\354\357"
 3191      4F3E702F 
 3191      53B7788B 
 3191      97A9900A 
 3191      ECEF
 3192 0bc5 3FDCA875 		.ascii	"?\334\250u\023\350\261\013\020\274vWz\266\257\243N\267"
 3192      13E8B10B 
 3192      10BC7657 
 3192      7AB6AFA3 
 3192      4EB7
 3193 0bd7 79DEEED0 		.ascii	"y\336\356\320:Y\301\303!j \353y\312y?\317\207B\216\372"
 3193      3A59C1C3 
 3193      216A20EB 
 3193      79CA793F 
 3193      CF87428E 
 3194 0bec 48DB5AEE 		.ascii	"H\333Z\356\025\223\271\374\271\311Dfk\261z\254\353\027"
 3194      1593B9FC 
 3194      B9C94466 
 3194      6BB17AAC 
 3194      EB17
 3195 0bfe 7BC5FB2E 		.ascii	"{\305\373.SH]g-\352\323\277;\342\021t\337Y$\336\361"
 3195      53485D67 
 3195      2DEAD3BF 
 3195      3BE21174 
 3195      DF5924DE 
 3196 0c13 67D433DF 		.ascii	"g\3243\337\035\261\316\225\351\371h\260\033\314\302"
 3196      1DB1CE95 
 3196      E9F968B0 
 3196      1BCCC2
 3197 0c22 5149BC2B 		.ascii	"QI\274+\016\210,\206\353woY\375=\016\341=\356BR\003"
 3197      0E882C86 
 3197      EB776F59 
 3197      FD3D0EE1 
 3197      3DEE4252 
 3198 0c37 04D30ED4 		.ascii	"\004\323\016\324C\003\332\\7z[\033\320\345\276K>p\354"
 3198      4303DA5C 
 3198      377A5B1B 
 3198      D0E5BE4B 
 3198      3E70EC
 3199 0c4a 9292796D 		.ascii	"\222\222ym\302\001\221\216^>\346\253\370\230\037\024"
 3199      C201918E 
 3199      5E3EE6AB 
 3199      F8981F14 
 3200 0c5a 6F8A8F5D 		.ascii	"o\212\217]'\031\005=\240\202\356G7\200\3476t9\242 \341"
 3200      2719053D 
 3200      A082EE47 
 3200      3780E736 
ARM GAS  /tmp/cc4Ftiuk.s 			page 99


 3200      7439A220 
 3201 0c6f BA082361 		.ascii	"\272\010#a\010\330\325hD|$>\241\210n\320\223c1\250Z"
 3201      08D8D568 
 3201      447C243E 
 3201      A1886ED0 
 3201      936331A8 
 3202 0c84 6CE8A138 		.ascii	"l\350\2418\014L\327\331*\335\2478o\357?\360\337A\356"
 3202      0C4CD7D9 
 3202      2ADDA738 
 3202      6FEF3FF0 
 3202      DF41EE
 3203 0c97 5646DDAD 		.ascii	"VF\335\255HI>\202\264\012\310\342\003G\357\325k\207"
 3203      48493E82 
 3203      B40AC8E2 
 3203      0347EFD5 
 3203      6B87
 3204 0ca9 4E78B91E 		.ascii	"Nx\271\036\275\331W\317q\3619\250L\210\223\274\017\255"
 3204      BDD957CF 
 3204      71F139A8 
 3204      4C8893BC 
 3204      0FAD
 3205 0cbb 2D3B1D9B 		.ascii	"-;\035\233\317s\217h\206\256\252\023t3~\006<\267h\244"
 3205      CF738F68 
 3205      86AEAA13 
 3205      74337E06 
 3205      3CB768A4 
 3206 0ccf 4270814F 		.ascii	"Bp\201O=;T\215<\276\333*\304\305\001\234!\012\247\321"
 3206      3D3B548D 
 3206      3CBEDB2A 
 3206      C4C5019C 
 3206      210AA7D1 
 3207 0ce3 076CAB10 		.ascii	"\007l\253\020\231\331\321\226u_\347\334\304\350\352"
 3207      99D9D196 
 3207      755FE7DC 
 3207      C4E8EA
 3208 0cf2 1B2FA7F3 		.ascii	"\033/\247\363\373(\376\012\245\022\365\333\3549G\266"
 3208      FB28FE0A 
 3208      A512F5DB 
 3208      EC3947B6 
 3209 0d02 ACFDE50C 		.ascii	"\254\375\345\014Y\203x\016\247\0226\271\\\266\023\353"
 3209      5983780E 
 3209      A71236B9 
 3209      5CB613EB 
 3210 0d12 1ECA8574 		.ascii	"\036\312\205t=\025\273\304T\302\322\301\323\345\310"
 3210      3D15BBC4 
 3210      54C2D2C1 
 3210      D3E5C8
 3211 0d21 51224920 		.ascii	"Q\"I pLI%pH\")d5I'\253H\032I&\031$\211\360\223\341\265"
 3211      704C4925 
 3211      70482229 
 3211      64354927 
 3211      AB481A49 
 3212 0d3d 332CC466 		.ascii	"3,\304f\3618\3109\367,u\263\333\311\340\305\2231\340"
 3212      F138C839 
 3212      F72C75B3 
 3212      DBC9E0C5 
 3212      9331E0
ARM GAS  /tmp/cc4Ftiuk.s 			page 100


 3213 0d50 A94F1B1C 		.ascii	"\251O\033\034{\366\225\014V\350\013\342)\207^\207\023"
 3213      7BF6950C 
 3213      56E80BE2 
 3213      29875E87 
 3213      13
 3214 0d61 DC5115FA 		.ascii	"\334Q\025\3725\361\012p\325R:\366W\353)U\265M\374\312"
 3214      35F10A70 
 3214      D5523AF6 
 3214      57EB2955 
 3214      B54DFCCA 
 3215 0d75 4D55B57B 		.ascii	"MU\265{_\325<\203m\020\264Z\216cX\375\252\323\222\331"
 3215      5FD53C83 
 3215      6D10B45A 
 3215      8E6358FD 
 3215      AAD392D9 
 3216 0d89 FA4BC7E2 		.ascii	"\372K\307\342\264kf\022\332\364\355\203Y\347\235\347"
 3216      B46B6612 
 3216      DAF4ED83 
 3216      59E79DE7 
 3217 0d99 AB065EAB 		.ascii	"\253\006^\2535\0208]\261\226t\263\227\203\271\206+\232"
 3217      3510385D 
 3217      B19674B3 
 3217      9783B986 
 3217      2B9A
 3218 0dab 99E2586F 		.ascii	"\231\342Xo[\270\203e?\230d1\326\272'Y\363\034\2549*"
 3218      5BB88365 
 3218      3F986431 
 3218      D6BA2759 
 3218      F31CAC39 
 3219 0dc0 271B3852 		.ascii	"'\0338R9-\375\361gWw\371\272\035Fs\010?\214\022\334"
 3219      392DFDF1 
 3219      675777F9 
 3219      BA1D4673 
 3219      083F8C12 
 3220 0dd5 78A8BCC8 		.ascii	"x\250\274\310\371\020;\227{\\\313\314&o|t\300y\204["
 3220      F9103B97 
 3220      7B5CCBCC 
 3220      266F7C74 
 3220      C079845B 
 3221 0de9 CB79EBA8 		.ascii	"\313y\353\250\341\203\320\272\325\264u\313\322\006v"
 3221      E183D0BA 
 3221      D5B475CB 
 3221      D20676
 3222 0df8 78DB9FBD 		.ascii	"x\333\237\275\036=w\360\355Z6\314\327\022\013\331@<"
 3222      1E3D77F0 
 3222      ED5A36CC 
 3222      D7120BD9 
 3222      403C
 3223 0e0a 8EEF95EA 		.ascii	"\216\357\225\352\212[K\326\273\362*\\\236\023\251\371"
 3223      8A5B4BD6 
 3223      BBF22A5C 
 3223      9E13A9F9 
 3224 0e1a DF00C9C8 		.ascii	"\337\000\311\310#\371\204\015\211\375\267\037\324:S"
 3224      23F9840D 
 3224      89FDB71F 
 3224      D43A53
 3225 0e29 62D72BA0 		.ascii	"b\327+\240 \036\003\210q\032auZ\177\253\277\307\240"
ARM GAS  /tmp/cc4Ftiuk.s 			page 101


 3225      201E0388 
 3225      711A6175 
 3225      5A7FABBF 
 3225      C7A0
 3226 0e3b DB44ECC3 		.ascii	"\333D\354\303\236h'\262\036Mj8\310\334\233\347\366L"
 3226      9E6827B2 
 3226      1E4D6A38 
 3226      C8DC9BE7 
 3226      F64C
 3227 0e4d 67836E33 		.ascii	"g\203n3\271\206\212\210\307,\033\032\314\375\222\341"
 3227      B9868A88 
 3227      C72C1B1A 
 3227      CCFD92E1 
 3228 0e5d DF488AC8 		.ascii	"\337H\212\310\213F\231\012\261\010 n!\205\024\242t\310"
 3228      8B46990A 
 3228      B108206E 
 3228      218514A2 
 3228      74C8
 3229 0e6f 97EE8596 		.ascii	"\227\356\205\226\246=\242\307\036PL\\\304\010\276\263"
 3229      A63DA2C7 
 3229      1E504C5C 
 3229      C408BEB3 
 3230 0e7f 61B2C5F9 		.ascii	"a\262\305\371Ds+\267^\302R}\275\177]\245\316\301k\347"
 3230      44732BB7 
 3230      5EC2527D 
 3230      BD7F5DA5 
 3230      CEC16BE7 
 3231 0e93 5F93B611 		.ascii	"_\223\266\021\266.}\010>\234\272n\330\313\363\227\200"
 3231      B62E7D08 
 3231      3E9CBA6E 
 3231      D8CBF397 
 3231      80
 3232 0ea4 3222CC2F 		.ascii	"2\"\314/%\004w\217\025]\325\361\307Q\177Y\205\325V\334"
 3232      2504778F 
 3232      155DD5F1 
 3232      C7517F59 
 3232      85D556DC 
 3233 0eb8 4E281F4C 		.ascii	"N(\037L\037=|\356\012\266s\323=\271G:\262\207u\2577"
 3233      1F3D7CEE 
 3233      0AB673D3 
 3233      3DB9473A 
 3233      B28775AF 
 3234 0ecd F8E21D44 		.ascii	"\370\342\035D:G\003\271\322RZ\211\207\351\343\3364\305"
 3234      3A4703B9 
 3234      D2525A89 
 3234      87E9E3DE 
 3234      34C5
 3235 0edf 16DF2099 		.ascii	"\026\337 \231\213z\025\253\242\304*'z-\371)\275i\323"
 3235      8B7A15AB 
 3235      A2C42A27 
 3235      7A2DF929 
 3235      BD69D3
 3236 0ef2 B21268F3 		.ascii	"\262\022h\363\247)\337\266\300\355\374\374.3\0340\251"
 3236      A729DFB6 
 3236      C0EDFCFC 
 3236      2E331C30 
 3236      A9
ARM GAS  /tmp/cc4Ftiuk.s 			page 102


 3237 0f03 6D4549F4 		.ascii	"mEI\364U\016\300%!\\IL\241\237\323\203\012\023\325\355"
 3237      550EC025 
 3237      215C494C 
 3237      A19FD383 
 3237      0A13D5ED 
 3238 0f17 EB2C526C 		.ascii	"\353,Rl)\212\325\246-\252WR,\312\247\371\371\275M\354"
 3238      298AD5A6 
 3238      2DAA5752 
 3238      2CCAA7F9 
 3238      F9BD4DEC 
 3239 0f2b 89727657 		.ascii	"\211rvWAj@abGZa\2752\273\020\254X\224$[\026\212\007"
 3239      416A4061 
 3239      62475A61 
 3239      BD32BB10 
 3239      AC589424 
 3240 0f43 95789B92 		.ascii	"\225x\233\222eC\346\302\202\214\314\244\206\256\015"
 3240      6543E6C2 
 3240      828CCCA4 
 3240      86AE0D
 3241 0f52 28A7D0A6 		.ascii	"(\247\320\246\304\027\332\322P|\221--\036d\277\225\225"
 3241      C417DAD2 
 3241      507C912D 
 3241      2D1E64BF 
 3241      9595
 3242 0f64 D0A02875 		.ascii	"\320\240(uIR\274\322\220\226U\330\2206\315\\\324\240"
 3242      4952BCD2 
 3242      909655D8 
 3242      9036CD5C 
 3242      D4A0
 3243 0f76 641535A4 		.ascii	"d\0255\244\005\026R\021bN\260)\346\302$\311\234\320"
 3243      05165211 
 3243      624EB029 
 3243      E6C224C9 
 3243      9CD0
 3244 0f88 41B7D0B4 		.ascii	"A\267\320\264@\252\016|\311\014\012\364\3643\315\014"
 3244      40AA0E7C 
 3244      C90C0AF4 
 3244      F433CD0C 
 3245 0f98 C0E38B14 		.ascii	"\300\343\213\024\363\264\370\242"
 3245      F3B4F8A2 
 3246 0fa0 A4F878D0 		.ascii	"\244\370x\320\234\006le}\221\222\026\230U\224\004\262"
 3246      9C066C65 
 3246      7D919216 
 3246      98559404 
 3246      B2
 3247 0fb1 4401477F 		.ascii	"D\001G\177a?\014\201\011\014/?\207\234\231\033\333\265"
 3247      613F0C81 
 3247      090C2F3F 
 3247      879C991B 
 3247      DBB5
 3248 0fc3 0F28FEC2 		.ascii	"\017(\376\302\226\342*\1774\313\374s\001\275\035(=\242"
 3248      96E22A7F 
 3248      34CBFC73 
 3248      01BD1D28 
 3248      3DA2
 3249 0fd5 F9DB3EDA 		.ascii	"\371\333>\332Q/~W\241\277\357(3\373\325\337w\004+\021"
 3249      512F7E57 
ARM GAS  /tmp/cc4Ftiuk.s 			page 103


 3249      A1BFEF28 
 3249      33FBD5DF 
 3249      77042B11 
 3250 0fe9 86C1C41C 		.ascii	"\206\301\304\034\263\005\366\245\376sW\346\327%*e \363"
 3250      B305F6A5 
 3250      FE7357E6 
 3250      D7252A65 
 3250      20F3
 3251 0ffb 2B2BD943 		.ascii	"++\331C\330"
 3251      D8
 3252 1000 8E2EEC21 		.ascii	"\216.\354!\302nRN\336\317}E\332\345'\274\231k\206\201"
 3252      C26E524E 
 3252      DECF7D45 
 3252      DAE527BC 
 3252      996B8681 
 3253 1014 772F4941 		.ascii	"w/IAM\012\331A\366\221\275|\302\354\"h\007y\177\313"
 3253      4D0AD941 
 3253      F691BD7C 
 3253      C2EC2268 
 3253      07797FCB 
 3254 1028 2BD01633 		.ascii	"+\320\0263\240\361\313\036\246\371x\266\305Ah\213\003"
 3254      A0F1CB1E 
 3254      A6F978B6 
 3254      C541688B 
 3254      03
 3255 1039 040466C2 		.ascii	"\004\004f\3028/D u\264\240\306\337\331\037\207\311!"
 3255      382F4420 
 3255      75B4A0C6 
 3255      DFD91F87 
 3255      C921
 3256 104b 287D05A1 		.ascii	"(}\005\241\202\000x\374N\331q\215\263?<\270[K\357\235"
 3256      820078FC 
 3256      4ED9718D 
 3256      B33F3CB8 
 3256      5B4BEF9D 
 3257 105f F3773466 		.ascii	"\363w4f%o\332#\214ws\270\251I\362\364^\005\336\017Q"
 3257      256FDA23 
 3257      8C7773B8 
 3257      A949F2F4 
 3257      5E05DE0F 
 3258 1074 EFB3C07B 		.ascii	"\357\263\300{\031x\317\311\354\031w\351\316\032R\015"
 3258      1978CFC9 
 3258      EC1977E9 
 3258      CE1A520D 
 3259 1084 CA470915 		.ascii	"\312G\011\025\004\033\317\272\316f\350\234\336=\270"
 3259      041BCFBA 
 3259      CE66E89C 
 3259      DE3DB8
 3260 1093 295D5B2B 		.ascii	")][+}_?\350\207\217\021\351\224\037|\373\364\243\200"
 3260      7D5F3FE8 
 3260      878F11E9 
 3260      941F7CFB 
 3260      F4A380
 3261 10a6 F30EAFD6 		.ascii	"\363\016\257\326zA\3126\223a\372e\274\355Q\225H?\266"
 3261      7A41CA36 
 3261      9361FA65 
 3261      BCED5195 
ARM GAS  /tmp/cc4Ftiuk.s 			page 104


 3261      483FB6
 3262 10b9 0BF5B018 		.ascii	"\013\365\260\030\216\035=\330\355\253r\033\340c\326"
 3262      8E1D3DD8 
 3262      EDAB721B 
 3262      E063D6
 3263 10c8 AAA20D3E 		.ascii	"\252\242\015>\366r\364\361r\234 \302qf\377\364\320\343"
 3263      F672F4F1 
 3263      729C20C2 
 3263      7166FFF4 
 3263      D0E3
 3264 10da 13648E05 		.ascii	"\023d\216\005\252rh0\276\346\2730\026hs\223\023\244"
 3264      AA726830 
 3264      BEE6BB30 
 3264      16687393 
 3264      13A4
 3265 10ec 8E57A58E 		.ascii	"\216W\245\216W%u\026\253\310\335n\265\"\307\240\"\215"
 3265      57257516 
 3265      ABC8DD6E 
 3265      B522C7A0 
 3265      228D
 3266 10fe 44055B4B 		.ascii	"D\005[K\3201\362\376\311Y\004\337k}x\207\274\236\347"
 3266      D031F2FE 
 3266      C95904DF 
 3266      6B7D7887 
 3266      BC9EE7
 3267 1111 8F2B89B4 		.ascii	"\217+\211\264\333_\220*\375\301E\311\221\236B/\352b"
 3267      DB5F902A 
 3267      FDC145C9 
 3267      919E422F 
 3267      EA62
 3268 1123 687BCF97 		.ascii	"h{\317\227\264\346??ANq\353\247\270\365m3\231\365\362"
 3268      B4E63F3F 
 3268      414E71EB 
 3268      A7B8F56D 
 3268      3399F5F2 
 3269 1137 1ED57A25 		.ascii	"\036\325z%X?M\324B4\023\324D\336\357\235)\235\241\306"
 3269      583F4DD4 
 3269      423413D4 
 3269      44DEEF9D 
 3269      299DA1C6 
 3270 114b AE6EBBDE 		.ascii	"\256n\273\336\345\3451eZ\210\313\274\224.S\261\342\342"
 3270      E5E53165 
 3270      5A88CBBC 
 3270      942E53B1 
 3270      E2E2
 3271 115d FE3BC479 		.ascii	"\376;\304y\000a\233\353\306\257\337\\\011\236\\9~\005"
 3271      00619BEB 
 3271      C6AFDF5C 
 3271      099E5C39 
 3271      7E05
 3272 116f BD69A1A7 		.ascii	"\275i\241\247\246\376\254\275?\313V\012\323\304s\344"
 3272      A6FEACBD 
 3272      3FCB560A 
 3272      D3C473E4 
 3273 117f 2C28305D 		.ascii	",(0]\341,\021\336\277<Mj\247\306;S\013\227\360\224e"
 3273      E12C11DE 
 3273      BF3C4D6A 
ARM GAS  /tmp/cc4Ftiuk.s 			page 105


 3273      A7C63B53 
 3273      0B97F094 
 3274 1194 1D0CB2A7 		.ascii	"\035\014\262\247\314J.\360\240.\360\240zgIw\250|~\367"
 3274      CC4A2EF0 
 3274      A02EF0A0 
 3274      7A674977 
 3274      A87C7EF7 
 3275 11a8 8D6CAF37 		.ascii	"\215l\2577-\020\337\330!\362\253Vr\021\344\324!z\021"
 3275      2D10DFD8 
 3275      21F2AB56 
 3275      7211E4D4 
 3275      217A11
 3276 11bb ACDE9D2E 		.ascii	"\254\336\235.=\240Rg;\307\206\034=\232K\330/\261\354"
 3276      3DA05267 
 3276      3BC7861C 
 3276      3D9A4BD8 
 3276      2FB1EC
 3277 11ce 95E05B99 		.ascii	"\225\340[\231\027\237\007PpC;\353\233\025\005\275\335"
 3277      179F0750 
 3277      70433BEB 
 3277      9B1505BD 
 3277      DD
 3278 11df 462E735F 		.ascii	"F.s_\227\3516\240\004\320g~%\245\215\204\012Yw\025+"
 3278      97E936A0 
 3278      04D0677E 
 3278      25A58D84 
 3278      0A597715 
 3279 11f4 B640D446 		.ascii	"\266@\324F\256r\231\253T&\203\312\254/\310(E\254\024"
 3279      AE7299AB 
 3279      542683CA 
 3279      AC2FC828 
 3279      45AC14
 3280 1207 FD8E5274 		.ascii	"\375\216Rtp\251\016\216\372\336\014i\013\225\335[0z"
 3280      70A90E8E 
 3280      FADE0C69 
 3280      0B95DD5B 
 3280      307A
 3281 1219 96758635 		.ascii	"\226u\2065\237~Q\344mq\215K_\343\322\007fH\007\002^"
 3281      9F7E51E4 
 3281      6D718D4B 
 3281      5FE3D207 
 3281      66480702 
 3282 122e FC3BF20D 		.ascii	"\374;\362\015\302O\352e\247\257\327\271?m)&\016f\237"
 3282      C24FEA65 
 3282      A7AFD7B9 
 3282      3F6D2926 
 3282      0E669F
 3283 1241 C57ADEF9 		.ascii	"\305z\336\371\000\360&_^\335\2549\033\333S\307%\332"
 3283      00F0265F 
 3283      5EDDAC39 
 3283      1BDB53C7 
 3283      25DA
 3284 1253 C9DDACCF 		.ascii	"\311\335\254\317kl\273\237M\031,=D\270\305\204-\273"
 3284      6B6CBB9F 
 3284      4D192C3D 
 3284      44B8C584 
 3284      2DBB
ARM GAS  /tmp/cc4Ftiuk.s 			page 106


 3285 1265 BBCBB52C 		.ascii	"\273\313\265,\266\252F5\266\036\322\305\321vq\264\226"
 3285      B6AA4635 
 3285      B61ED2C5 
 3285      D17671B4 
 3285      96
 3286 1276 19D2718A 		.ascii	"\031\322q\212v\244\242\252\330\213\032\316\300\324p"
 3286      76A4A2AA 
 3286      D88B1ACE 
 3286      C0D470
 3287 1285 65F74D73 		.ascii	"e\367Ms\200\247\341>\"\3642\303\207\206\236_\024\347"
 3287      80A7E13E 
 3287      22F432C3 
 3287      87869E5F 
 3287      14E7
 3288 1297 D0D6383A 		.ascii	"\320\3268:1\374\364\325\332\304\3029}\344\016\267|\207"
 3288      31FCF4D5 
 3288      DAC4C239 
 3288      7DE40EB7 
 3288      7C87
 3289 12a9 96E87D65 		.ascii	"\226\350}e\206\364,\000r\034\010\342\017\256u\224\321"
 3289      86F42C00 
 3289      721C08E2 
 3289      0FAE7594 
 3289      D1
 3290 12ba E5779766 		.ascii	"\345w\227f=\207\33690\220\263A\003w\356\023\341\036"
 3290      3D87DE39 
 3290      3090B341 
 3290      0377EE13 
 3290      E11E
 3291 12cc 912CF456 		.ascii	"\221,\364V]{\317\035\035\334\032\"\302 \254Q\213\322"
 3291      5D7BCF1D 
 3291      1DDC1A22 
 3291      C220AC51 
 3291      8BD2
 3292 12de FFD087E2 		.ascii	"\377\320\207\342\321Q8\327\327XO\020\366\351\001\360"
 3292      D15138D7 
 3292      D7584F10 
 3292      F6E901F0 
 3293 12ee 6E0CAE1B 		.ascii	"n\014\256\033\326\331\301\351Tl#Dx\250bk\371j\253fN"
 3293      D6D9C1E9 
 3293      546C2344 
 3293      78A8626B 
 3293      F96AAB66 
 3294 1303 419A9296 		.ascii	"A\232\222\226j\373\034\266\232*<B\006\030\264a\"\014"
 3294      6AFB1CB6 
 3294      9A2A3C42 
 3294      0618B461 
 3294      220C
 3295 1315 B0F6910A 		.ascii	"\260\366\221\012\251\303=ME\213i\014\025\331\267\225"
 3295      A9C33D4D 
 3295      458B690C 
 3295      15D9B795 
 3296 1325 3F152875 		.ascii	"?\025(u\330J\036\363\020\036\263\020F\246K\373\251`"
 3296      D84A1EF3 
 3296      101EB310 
 3296      46A64BFB 
 3296      A960
ARM GAS  /tmp/cc4Ftiuk.s 			page 107


 3297 1337 63F7C65A 		.ascii	"c\367\306Z\035\225\264v&\247\332\002An\224\313\2152"
 3297      1D95B476 
 3297      26A7DA02 
 3297      416E94CB 
 3297      8D32
 3298 1349 B9EC1952 		.ascii	"\271\354\031R\003\013\363tK9br\255\\n\214\313\2151\271"
 3298      030BF374 
 3298      4B396272 
 3298      AD5C6E8C 
 3298      CB8D31B9 
 3299 135d B1E9D2C5 		.ascii	"\261\351\322\305@A\352\246\262\253\353\352\013\350\274"
 3299      4041EAA6 
 3299      B2ABEBEA 
 3299      0BE8BC
 3300 136c 7ACE30AF 		.ascii	"z\3160\257/\332\373\001\215\356.\242\301n\032M/\366"
 3300      2FDAFB01 
 3300      8DEE2EA2 
 3300      C16E1A4D 
 3300      2FF6
 3301 137e F2CCBDA2 		.ascii	"\362\314\275\242\021&\011\337-\316\227\356\033\177\253"
 3301      112609DF 
 3301      2DCE97EE 
 3301      1B7FAB
 3302 138d 9EED16E6 		.ascii	"\236\355\026\346&\254h\23617\023$\036\336\251Um\177"
 3302      26AC689E 
 3302      31371324 
 3302      1EDEA955 
 3302      6D7F
 3303 139f 453A3CCD 		.ascii	"E:<\315\303\015U\255\350\230\034z\244U\327g\355L+I\320"
 3303      C30D55AD 
 3303      E8981C7A 
 3303      A455D767 
 3303      ED4C2B49 
 3304 13b4 50CD444D 		.ascii	"P\315DM\222&A\243j\236|E\252\007Mm\363\261\035\333\320"
 3304      922641A3 
 3304      6A9E7C45 
 3304      AA074D6D 
 3304      F3B11DDB 
 3305 13c9 0F11F257 		.ascii	"\017\021\362W\177\323&\251\032vXL\362\245g\305dM\252"
 3305      7FD326A9 
 3305      1A76584C 
 3305      F2A567C5 
 3305      644DAA
 3306 13dc 4648D3A4 		.ascii	"FH\323\244hp\252\006\266\276\375\227\272\235\347\024"
 3306      6870AA06 
 3306      B6BEFD97 
 3306      BA9DE714 
 3307 13ec 2BEFD795 		.ascii	"+\357\327\225\032\032YyO\337\210\363(y\216\363V1^}o"
 3307      1A1A5979 
 3307      4FDF88F3 
 3307      28798EF3 
 3307      56315E7D 
 3308 1401 728AB3CF 		.ascii	"r\212\263\317G8o5\343\025>\355\236t\236\213\3728/\235"
 3308      47386F35 
 3308      E3153EED 
 3308      9E749E8B 
 3308      FA382F9D 
ARM GAS  /tmp/cc4Ftiuk.s 			page 108


 3309 1415 F1CA72D2 		.ascii	"\361\312r\322{\235_swp^\006\343\365\334\277\221\357"
 3309      7B9D5F73 
 3309      77705E06 
 3309      E3F5DCBF 
 3309      91EF
 3310 1427 E7B9FD64 		.ascii	"\347\271\375dj\204\371\013`\027\336\261.\00197\0355"
 3310      6A84F90B 
 3310      6017DEB1 
 3310      2E013937 
 3310      1D35
 3311 1439 AF6B3494 		.ascii	"\257k4\224MOTZ\202\343\007.\225L\371\277\025Y\240m\326"
 3311      4D4F545A 
 3311      82E3072E 
 3311      954CF9BF 
 3311      1559A06D 
 3312 144e 80800E36 		.ascii	"\200\200\0166\257\367\010\336\271\257\254\312\307i&"
 3312      AFF708DE 
 3312      B9AFACCA 
 3312      C76926
 3313 145d 47930DFA 		.ascii	"G\223\015\372\271\032*G\0036\233\327:\301\265\332\317"
 3313      B91A2A47 
 3313      03369BD7 
 3313      3AC1B5DA 
 3313      CF
 3314 146e CE8C67E9 		.ascii	"\316\214g\351|\236A\034\2746\373\331\231\361\306.\235"
 3314      7C9E411C 
 3314      BC36FBD9 
 3314      99F1C62E 
 3314      9D
 3315 147f AF7726F1 		.ascii	"\257w&\361\030\347\255\327\320\237p\246\331\017\011"
 3315      18E7ADD7 
 3315      D09F70A6 
 3315      D90F09
 3316 148e C317F921 		.ascii	"\303\027\371!\301\014\207\004\013\253\235\220\247\261"
 3316      C10C8704 
 3316      0BAB9D90 
 3316      A7B1
 3317 149c F0D2D95E 		.ascii	"\360\322\331^\221.\274\250\350\243P\364\353\332\252"
 3317      912EBCA8 
 3317      E8A350F4 
 3317      EBDAAA
 3318 14ab 0A454986 		.ascii	"\012EI\206\203\330\033p\360\310g\252\0334\005\232|\256"
 3318      83D81B70 
 3318      F0C867AA 
 3318      1B34059A 
 3318      7CAE
 3319 14bd 7BFE1582 		.ascii	"{\376\025\202\013\254\233\2378\341\235\340\02062Y\022"
 3319      0BAC9B9F 
 3319      38E19DE0 
 3319      10363259 
 3319      12
 3320 14ce 6B342CFD 		.ascii	"k4,\375\247y\363\202\341_hx\304\242\210\030\223^6\306"
 3320      A779F382 
 3320      E15F6878 
 3320      C4A28818 
 3320      935E36C6 
 3321 14e2 457F111C 		.ascii	"E\177\021\034c\202\177\221\021\213\202M\306P`E\031\242"
ARM GAS  /tmp/cc4Ftiuk.s 			page 109


 3321      63827F91 
 3321      118B824D 
 3321      C6506045 
 3321      19A2
 3322 14f4 42638C86 		.ascii	"Bc\214\206y\241\322\307\277\371\303\253\037\315\377"
 3322      79A1D2C7 
 3322      BFF9C3AB 
 3322      1FCDFF
 3323 1503 A930CBE5 		.ascii	"\2510\313\345\346\274\320w\302B\303\026\204-\020\246"
 3323      E6BCD077 
 3323      C242C316 
 3323      842D10A6 
 3324 1513 8586EB63 		.ascii	"\205\206\353c\215\0211\306\010y\205\376\3138C\234a\306"
 3324      8D1131C6 
 3324      087985FE 
 3324      CB38439C 
 3324      61C6
 3325 1525 943B7A99 		.ascii	"\224;z\231D\033\226\313\204\336\325\311\364U//\014\016"
 3325      441B96CB 
 3325      84DED5C9 
 3325      F4552F2F 
 3325      0C0E
 3326 1537 8F893204 		.ascii	"\217\2112\004\033c\026\005\177n\214\371\253!T6\005\177"
 3326      1B631605 
 3326      7F6E8CF9 
 3326      AB215436 
 3326      057F
 3327 1549 44012D94 		.ascii	"D\001-\224\343\302\"b\\\337\353\027\274\023\274,\306"
 3327      E3C22262 
 3327      5CDFEB17 
 3327      BC13BC2C 
 3327      C6
 3328 155a F8852936 		.ascii	"\370\205)6$\324\300\321.\374\375g\357,\320\177\374\371"
 3328      24D4C0D1 
 3328      2EFCFD67 
 3328      EF2CD07F 
 3328      FCF9
 3329 156c 271FEA17 		.ascii	"'\037\352\027G\030\243\226\205\030\015\301\302\327\305"
 3329      4718A396 
 3329      85180DC1 
 3329      C2D7C5
 3330 157b 65948323 		.ascii	"e\224\203#\242C#\343\302\014\300\213\2140\311\246y\341"
 3330      A24323E3 
 3330      C20CC08B 
 3330      8C30C9A6 
 3330      79E1
 3331 158d 82AF6CA4 		.ascii	"\202\257l\244\346\026\305-^l0\212\261\262\321O\275a"
 3331      E616C52D 
 3331      5E6C308A 
 3331      B1B2D14F 
 3331      BD61
 3332 159f 586A8896 		.ascii	"Xj\210\226\001\261)\342o\006).\"Z\236\377\023\275\354"
 3332      01B129E2 
 3332      6F06292E 
 3332      225A9EFF 
 3332      13BDEC
 3333 15b2 658A33C5 		.ascii	"e\2123\305\032\242\303\014aZU\201\310\021Q\006/\323"
ARM GAS  /tmp/cc4Ftiuk.s 			page 110


 3333      1AA2C30C 
 3333      615A5581 
 3333      C8115106 
 3333      2FD3
 3334 15c4 0A13BDEA 		.ascii	"\012\023\275\352e&\010\200d\235Q6\311!Q\261\032x\225"
 3334      65260880 
 3334      649D5136 
 3334      C92151B1 
 3334      1A7895
 3335 15d7 0D445E11 		.ascii	"\015D^\021k@q$\316\004.\342b\027\000\315\177)\220\014"
 3335      6B407124 
 3335      CE042EE2 
 3335      621700CD 
 3335      7F29900C 
 3336 15eb 0A8024E1 		.ascii	"\012\200$\341!\221\262\326h\0101\305D\223\320\360\020"
 3336      2191B2D6 
 3336      680831C5 
 3336      4493D0F0 
 3336      10
 3337 15fc A3186132 		.ascii	"\243\030a2\222\350\220(\203h\014[!F\231\226h\200\364"
 3337      92E89028 
 3337      83680C5B 
 3337      21469996 
 3337      6880F4
 3338 160f 329663BD 		.ascii	"2\226c\275 \355r8\210\206I\352\005\356\232\226i\227"
 3338      20ED7238 
 3338      888649EA 
 3338      05EE9A96 
 3338      6997
 3339 1621 C9318BFE 		.ascii	"\3111\213\376\032+F\313\261\376\256\001\353e1l\321\022"
 3339      1A2B46CB 
 3339      B1FEAE01 
 3339      EB65316C 
 3339      D112
 3340 1633 1D58D387 		.ascii	"\035X\323\207F\313\232P\032\262WlHtD\250\036\014\006"
 3340      46CB9A50 
 3340      1AB2576C 
 3340      487444A8 
 3340      1E0C06
 3341 1646 802D1A9B 		.ascii	"\200-\032\233!J\037fX\024\267D\212\214\011\375\202\012"
 3341      214A1F66 
 3341      5814B744 
 3341      8A8C09FD 
 3341      820A
 3342 1658 BE1478A6 		.ascii	"\276\024x\246\002\340\375]M\350e\357\250\020H\222\212"
 3342      02E0FD5D 
 3342      4DE865EF 
 3342      A8104892 
 3342      8A
 3343 1669 105E2259 		.ascii	"\020^\"Y7D\311\313iA$p\030\025'\033\226K\006\232\346"
 3343      3744C9CB 
 3343      69412470 
 3343      1815271B 
 3343      964B069A 
 3344 167e 88E8253E 		.ascii	"\210\350%>\254\016Q!\246/ \273\000\2115\022\025co\274"
 3344      AC0E5121 
 3344      A62F20BB 
ARM GAS  /tmp/cc4Ftiuk.s 			page 111


 3344      00893512 
 3344      15636FBC 
 3345 1692 ED6F20E3 		.ascii	"\355o \343\313B\"dP\320\301-j\312\213_\365\262\326\260"
 3345      CB422264 
 3345      50D0C12D 
 3345      6ACA8B5F 
 3345      F5B2D6B0 
 3346 16a6 8CEA430A 		.ascii	"\214\352C\012\300K,\\L\206\250X_\032\232!*$6\034\032"
 3346      C04B2C5C 
 3346      4C86A858 
 3346      5F1A9A21 
 3346      2A24361C 
 3347 16bb 5967A23E 		.ascii	"Yg\242> \211\313d\331\030;\235\347\315h\200\004\031"
 3347      2089CB64 
 3347      D9183B9D 
 3347      E7CD6880 
 3347      0419
 3348 16cd A269AF49 		.ascii	"\242i\257I\206\345\021rhL\230A\013\351\006\301y/\023"
 3348      86E51172 
 3348      684C9841 
 3348      0BE906C1 
 3348      792F13
 3349 16e0 3F249CB6 		.ascii	"?$\234\2663-\037\2302\351d\372\252\2275\213#C\226\300"
 3349      332D1F98 
 3349      32E964FA 
 3349      AA97358B 
 3349      234396C0 
 3350 16f4 A7283007 		.ascii	"\247(0\007\226e\326!p{Y\010D\354m\222\277\010\211\214"
 3350      9665D621 
 3350      707B5908 
 3350      44EC6D92 
 3350      BF08898C 
 3351 1708 58120DB0 		.ascii	"X\022\015\260\227\205,\0121\03141\313\242\015F\177\200"
 3351      97852C0A 
 3351      31193431 
 3351      CBA20D46 
 3351      7F80
 3352 171a 0B8E22A2 		.ascii	"\013\216\"\242A\032\020\371\271\274\007I#\313\201\030"
 3352      411A10F9 
 3352      B9BC0749 
 3352      23CB8118 
 3353 172a 2A2FC7A6 		.ascii	"*/\307\246X\237\330\030\243\014\\\031>\372\262\367\241"
 3353      589FD818 
 3353      A30C5C19 
 3353      3EFAB2F7 
 3353      A1
 3354 173b 31D19052 		.ascii	"1\321\220R\371\335\257\001\035\032\023\025\025\023\035"
 3354      F9DDAF01 
 3354      1D1A1315 
 3354      15131D
 3355 174a 4C454DC1 		.ascii	"LEM\301\037\374\356\263\245?}\3533\220b+<\\\020\303"
 3355      1FFCEEB3 
 3355      A53F7DEB 
 3355      3390622B 
 3355      3C5C10C3 
 3356 175e C38CDA58 		.ascii	"\303\214\332X\346@\303^\011\315\252&*6&&R\013\226\027"
 3356      E640C35E 
ARM GAS  /tmp/cc4Ftiuk.s 			page 112


 3356      09CDAA26 
 3356      2A362626 
 3356      520B9617 
 3357 1772 472C99E5 		.ascii	"G,\231\345\016N\257\336\2359\365\026,'\343\342\3208"
 3357      0E4EAFDE 
 3357      9D39F516 
 3357      2C27E3E2 
 3357      D038
 3358 1784 5A227A25 		.ascii	"Z\"z%\264,>\364\235^-\360\233/\223V*\017\270\264LO\326"
 3358      B42C3EF4 
 3358      9D5E2DF0 
 3358      9B2F9356 
 3358      2A0FB8B4 
 3359 179b 5198FA88 		.ascii	"Q\230\372\2100/~\245K\317\260\204B\364\241^\014K\340"
 3359      302F7EA5 
 3359      4BCFB084 
 3359      42F4A15E 
 3359      0C4BE0
 3360 17ae 9D7185B7 		.ascii	"\235q\205\267\375\015$k\251\314:-2\304$\323E\253\011"
 3360      FD0D246B 
 3360      A9CC3A2D 
 3360      32C424D3 
 3360      45AB09
 3361 17c1 A31FFD40 		.ascii	"\243\037\375@8\314\020)\207\260\236\011p\373\004"
 3361      38CC1029 
 3361      87B09E09 
 3361      70FB04
 3362 17d0 B5611FFC 		.ascii	"\265a\037\374\240\217!\255\006\343\322\220H\275\374"
 3362      A08F21AD 
 3362      06E3D290 
 3362      48BDFC
 3363 17df 0AC82C8D 		.ascii	"\012\310,\2150\312q\364\003\3301\232\324\266\243v\331"
 3363      30CA71F4 
 3363      03D8319A 
 3363      D4B6A376 
 3363      D9
 3364 17f0 D267B3E0 		.ascii	"\322g\263\340'?\326\313\263^ \0066\215v\277\264\331"
 3364      273FD6CB 
 3364      B35E2006 
 3364      368D76BF 
 3364      B4D9
 3365 1802 56B0BBBA 		.ascii	"V\260\273\272\3208#t\234\354\353\274\005\361P;\357\001"
 3365      D0382374 
 3365      9CECEBBC 
 3365      05F1503B 
 3365      EF01
 3366 1814 70392616 		.ascii	"p9&\026\006\257\2166\005\\\347\177\343\360v\246\313"
 3366      06AF8E36 
 3366      055CE77F 
 3366      E3F076A6 
 3366      CB
 3367 1825 3EABA10B 		.ascii	">\253\241\013\251\246\226\3163\275\374\316\337\241\035"
 3367      A9A696CE 
 3367      33BDFCCE 
 3367      DFA11D
 3368 1834 6E08FD82 		.ascii	"n\010\375\202v\261\037|\210\201\024\302\214\015\321"
 3368      76B11F7C 
ARM GAS  /tmp/cc4Ftiuk.s 			page 113


 3368      888114C2 
 3368      8C0DD1
 3369 1843 CBB08016 		.ascii	"\313\260\200\026\2560\375!\232\216\004\301[\257_\034"
 3369      AE30FD21 
 3369      9A8E04C1 
 3369      5BAF5F1C 
 3370 1853 171DAAD7 		.ascii	"\027\035\252\327\317{[\234\377\023\301+\304\030\265"
 3370      CF7B5B9C 
 3370      FF13C12B 
 3370      C418B5
 3371 1862 F4A786B7 		.ascii	"\364\247\206\267\242\004o\360\015\275\367V\324\217\005"
 3371      A2046FF0 
 3371      0DBDF756 
 3371      D48F05
 3372 1871 1F1785B9 		.ascii	"\037\027\205\271/ShH7x\225\354\246\241\313>\202@>\210"
 3372      2F536848 
 3372      377895EC 
 3372      A6A1CB3E 
 3372      82403E88 
 3373 1885 0403BF34 		.ascii	"\004\003\2774\306D}\010\321|\342\342y\301\314\027\011"
 3373      C6447D08 
 3373      D17CE2E2 
 3373      79C1CC17 
 3373      09
 3374 1896 BCF5F7EC 		.ascii	"\274\365\367\354q\202\247\211\337\307\304\272\272\230"
 3374      7182A789 
 3374      DFC7C4BA 
 3374      BA98
 3375 18a4 3FE3057C 		.ascii	"?\343\005|/\256\016\24344\374m\037\275^\355\304\350"
 3375      2FAE0EA3 
 3375      3434FC6D 
 3375      1FBD5EED 
 3375      C4E8
 3376 18b6 08994E27 		.ascii	"\010\231N'\316\364\323\353\303\015!\261zZ\002\275\336"
 3376      CEF4D3EB 
 3376      C30D21B1 
 3376      7A5A02BD 
 3376      DE
 3377 18c7 977F8205 		.ascii	"\227\177\202\005\257\327{\332\244\260\247O\365\023\250"
 3377      AFD77BDA 
 3377      A4B0A74F 
 3377      F513A8
 3378 18d6 DEFAD820 		.ascii	"\336\372\330 /\204\201\021g\372\243\027\313\347\257"
 3378      2F848111 
 3378      67FAA317 
 3378      CBE7AF
 3379 18e5 606378A9 		.ascii	"`cx\251il\0101F\256\200|\006\352a\364GD\302\250\324"
 3379      696C0831 
 3379      46AE807C 
 3379      06EA61F4 
 3379      4744C2A8 
 3380 18fa 1B96C7C2 		.ascii	"\033\226\307\302\200\322\300\3324\311$\322\020\262X"
 3380      80D2C0DA 
 3380      34C924D2 
 3380      10B258
 3381 1909 171D03B3 		.ascii	"\027\035\003\263/f\331t\275\036v\005=\253\274>\216U"
 3381      2F66D974 
ARM GAS  /tmp/cc4Ftiuk.s 			page 114


 3381      BD1E7605 
 3381      3DABBC3E 
 3381      8E55
 3382 191b 0CDCFFDB 		.ascii	"\014\334\377\333\242%\037\321;\037A\213\233>\011t\225"
 3382      A2251FD1 
 3382      3B1F418B 
 3382      9B3E0974 
 3382      95
 3383 192c A11210A2 		.ascii	"\241\022\020\242\311 \353?\374`\341/>\377\335'~!\221"
 3383      C920EB3F 
 3383      FC60E12F 
 3383      3EFFDD27 
 3383      7E2191
 3384 193f CB4256D0 		.ascii	"\313BV\320\011\020\031\021m\370\3057\217\036\030Nt\360"
 3384      09101911 
 3384      6DF8C537 
 3384      8F1E184E 
 3384      74F0
 3385 1951 047FF4D9 		.ascii	"\004\177\364\331\302O\026\006\3230\203?\261\003\217"
 3385      C24F1606 
 3385      D330833F 
 3385      B1038F
 3386 1960 324598F4 		.ascii	"2E\230\364KBC\001\272:\331T<\032\375\2070\200\324\034"
 3386      4B424301 
 3386      BA3AD954 
 3386      3C1AFD87 
 3386      3080D41C 
 3387 1974 7C0A9FBD 		.ascii	"|\012\237\275\030\217r\376\017\321\215W\260"
 3387      188F72FE 
 3387      0FD18D57 
 3387      B0
 3388              		.text
 3389              		.section	.gnu.lto_.symtab.a59f25d44d82a5ca,"e",%progbits
 3390 0000 5F5F636F 		.ascii	"__core_init\000"
 3390      72655F69 
 3390      6E697400 
 3391 000c 00       		.ascii	"\000"
 3392 000d 00       		.ascii	"\000"
 3393 000e 00       		.ascii	"\000"
 3394 000f 00000000 		.ascii	"\000\000\000\000\000\000\000\000"
 3394      00000000 
 3395 0017 53020000 		.ascii	"S\002\000\000"
 3396 001b 63685F6D 		.ascii	"ch_memcore\000"
 3396      656D636F 
 3396      726500
 3397 0026 00       		.ascii	"\000"
 3398 0027 00       		.ascii	"\000"
 3399 0028 00       		.ascii	"\000"
 3400 0029 00000000 		.ascii	"\000\000\000\000\000\000\000\000"
 3400      00000000 
 3401 0031 55020000 		.ascii	"U\002\000\000"
 3402 0035 6368436F 		.ascii	"chCoreAllocFromBaseI\000"
 3402      7265416C 
 3402      6C6F6346 
 3402      726F6D42 
 3402      61736549 
 3403 004a 00       		.ascii	"\000"
ARM GAS  /tmp/cc4Ftiuk.s 			page 115


 3404 004b 00       		.ascii	"\000"
 3405 004c 00       		.ascii	"\000"
 3406 004d 00000000 		.ascii	"\000\000\000\000\000\000\000\000"
 3406      00000000 
 3407 0055 46020000 		.ascii	"F\002\000\000"
 3408 0059 6368436F 		.ascii	"chCoreAllocFromTopI\000"
 3408      7265416C 
 3408      6C6F6346 
 3408      726F6D54 
 3408      6F704900 
 3409 006d 00       		.ascii	"\000"
 3410 006e 00       		.ascii	"\000"
 3411 006f 00       		.ascii	"\000"
 3412 0070 00000000 		.ascii	"\000\000\000\000\000\000\000\000"
 3412      00000000 
 3413 0078 4B020000 		.ascii	"K\002\000\000"
 3414 007c 6368436F 		.ascii	"chCoreAllocFromBase\000"
 3414      7265416C 
 3414      6C6F6346 
 3414      726F6D42 
 3414      61736500 
 3415 0090 00       		.ascii	"\000"
 3416 0091 00       		.ascii	"\000"
 3417 0092 00       		.ascii	"\000"
 3418 0093 00000000 		.ascii	"\000\000\000\000\000\000\000\000"
 3418      00000000 
 3419 009b 5C020000 		.ascii	"\\\002\000\000"
 3420 009f 6368436F 		.ascii	"chCoreAllocFromTop\000"
 3420      7265416C 
 3420      6C6F6346 
 3420      726F6D54 
 3420      6F7000
 3421 00b2 00       		.ascii	"\000"
 3422 00b3 00       		.ascii	"\000"
 3423 00b4 00       		.ascii	"\000"
 3424 00b5 00000000 		.ascii	"\000\000\000\000\000\000\000\000"
 3424      00000000 
 3425 00bd 5E020000 		.ascii	"^\002\000\000"
 3426 00c1 6368436F 		.ascii	"chCoreGetStatusX\000"
 3426      72654765 
 3426      74537461 
 3426      74757358 
 3426      00
 3427 00d2 00       		.ascii	"\000"
 3428 00d3 00       		.ascii	"\000"
 3429 00d4 00       		.ascii	"\000"
 3430 00d5 00000000 		.ascii	"\000\000\000\000\000\000\000\000"
 3430      00000000 
 3431 00dd 65020000 		.ascii	"e\002\000\000"
 3432 00e1 63683000 		.ascii	"ch0\000"
 3433 00e5 00       		.ascii	"\000"
 3434 00e6 02       		.ascii	"\002"
 3435 00e7 00       		.ascii	"\000"
 3436 00e8 00000000 		.ascii	"\000\000\000\000\000\000\000\000"
 3436      00000000 
 3437 00f0 51020000 		.ascii	"Q\002\000\000"
 3438 00f4 5F5F6865 		.ascii	"__heap_base__\000"
ARM GAS  /tmp/cc4Ftiuk.s 			page 116


 3438      61705F62 
 3438      6173655F 
 3438      5F00
 3439 0102 00       		.ascii	"\000"
 3440 0103 02       		.ascii	"\002"
 3441 0104 00       		.ascii	"\000"
 3442 0105 00000000 		.ascii	"\000\000\000\000\000\000\000\000"
 3442      00000000 
 3443 010d 58020000 		.ascii	"X\002\000\000"
 3444 0111 5F5F6865 		.ascii	"__heap_end__\000"
 3444      61705F65 
 3444      6E645F5F 
 3444      00
 3445 011e 00       		.ascii	"\000"
 3446 011f 02       		.ascii	"\002"
 3447 0120 00       		.ascii	"\000"
 3448 0121 00000000 		.ascii	"\000\000\000\000\000\000\000\000"
 3448      00000000 
 3449 0129 5A020000 		.ascii	"Z\002\000\000"
 3450 012d 63685379 		.ascii	"chSysHalt\000"
 3450      7348616C 
 3450      7400
 3451 0137 00       		.ascii	"\000"
 3452 0138 02       		.ascii	"\002"
 3453 0139 00       		.ascii	"\000"
 3454 013a 00000000 		.ascii	"\000\000\000\000\000\000\000\000"
 3454      00000000 
 3455 0142 69020000 		.ascii	"i\002\000\000"
 3456 0146 5F5F6462 		.ascii	"__dbg_check_unlock\000"
 3456      675F6368 
 3456      65636B5F 
 3456      756E6C6F 
 3456      636B00
 3457 0159 00       		.ascii	"\000"
 3458 015a 02       		.ascii	"\002"
 3459 015b 00       		.ascii	"\000"
 3460 015c 00000000 		.ascii	"\000\000\000\000\000\000\000\000"
 3460      00000000 
 3461 0164 76020000 		.ascii	"v\002\000\000"
 3462 0168 63684462 		.ascii	"chDbgCheckClassI\000"
 3462      67436865 
 3462      636B436C 
 3462      61737349 
 3462      00
 3463 0179 00       		.ascii	"\000"
 3464 017a 02       		.ascii	"\002"
 3465 017b 00       		.ascii	"\000"
 3466 017c 00000000 		.ascii	"\000\000\000\000\000\000\000\000"
 3466      00000000 
 3467 0184 78020000 		.ascii	"x\002\000\000"
 3468 0188 5F5F6462 		.ascii	"__dbg_check_lock\000"
 3468      675F6368 
 3468      65636B5F 
 3468      6C6F636B 
 3468      00
 3469 0199 00       		.ascii	"\000"
 3470 019a 02       		.ascii	"\002"
ARM GAS  /tmp/cc4Ftiuk.s 			page 117


 3471 019b 00       		.ascii	"\000"
 3472 019c 00000000 		.ascii	"\000\000\000\000\000\000\000\000"
 3472      00000000 
 3473 01a4 7A020000 		.ascii	"z\002\000\000"
 3474              		.text
 3475              		.section	.gnu.lto_.ext_symtab.a59f25d44d82a5ca,"e",%progbits
 3476 0000 01       		.ascii	"\001"
 3477 0001 01       		.ascii	"\001"
 3478 0002 00       		.ascii	"\000"
 3479 0003 02       		.ascii	"\002"
 3480 0004 01       		.ascii	"\001"
 3481 0005 01       		.ascii	"\001"
 3482 0006 00       		.ascii	"\000"
 3483 0007 01       		.ascii	"\001"
 3484 0008 00       		.ascii	"\000"
 3485 0009 01       		.ascii	"\001"
 3486 000a 00       		.ascii	"\000"
 3487 000b 01       		.ascii	"\001"
 3488 000c 00       		.ascii	"\000"
 3489 000d 01       		.ascii	"\001"
 3490 000e 00       		.ascii	"\000"
 3491 000f 02       		.ascii	"\002"
 3492 0010 01       		.ascii	"\001"
 3493 0011 02       		.ascii	"\002"
 3494 0012 01       		.ascii	"\001"
 3495 0013 02       		.ascii	"\002"
 3496 0014 01       		.ascii	"\001"
 3497 0015 01       		.ascii	"\001"
 3498 0016 00       		.ascii	"\000"
 3499 0017 01       		.ascii	"\001"
 3500 0018 00       		.ascii	"\000"
 3501 0019 01       		.ascii	"\001"
 3502 001a 00       		.ascii	"\000"
 3503 001b 01       		.ascii	"\001"
 3504 001c 00       		.ascii	"\000"
 3505              		.text
 3506              		.section	.gnu.lto_.opts,"e",%progbits
 3507 0000 272D666E 		.ascii	"'-fno-openmp' '-fno-openacc' '-fno-pie' '-fcf-prote"
 3507      6F2D6F70 
 3507      656E6D70 
 3507      2720272D 
 3507      666E6F2D 
 3508 0033 6374696F 		.ascii	"ction=none' '-g' '-mcpu=cortex-m4' '-mthumb' '-mflo"
 3508      6E3D6E6F 
 3508      6E652720 
 3508      272D6727 
 3508      20272D6D 
 3509 0066 61742D61 		.ascii	"at-abi=soft' '-mlibarch=armv7e-m' '-march=armv7e-m'"
 3509      62693D73 
 3509      6F667427 
 3509      20272D6D 
 3509      6C696261 
 3510 0099 20272D4F 		.ascii	" '-O2' '-fomit-frame-pointer' '-falign-functions=16"
 3510      32272027 
 3510      2D666F6D 
 3510      69742D66 
 3510      72616D65 
ARM GAS  /tmp/cc4Ftiuk.s 			page 118


 3511 00cc 2720272D 		.ascii	"' '-ffunction-sections' '-fdata-sections' '-fno-com"
 3511      6666756E 
 3511      6374696F 
 3511      6E2D7365 
 3511      6374696F 
 3512 00ff 6D6F6E27 		.ascii	"mon' '-flto' '-Xassembler' '-alms=./build/lst/chmem"
 3512      20272D66 
 3512      6C746F27 
 3512      20272D58 
 3512      61737365 
 3513 0132 636F7265 		.ascii	"core.lst'\000"
 3513      2E6C7374 
 3513      2700
 3514              		.text
 3515              		.comm	__gnu_lto_slim,1,1
 3516              		.ident	"GCC: (Arm GNU Toolchain 11.3.Rel1) 11.3.1 20220712"
ARM GAS  /tmp/cc4Ftiuk.s 			page 119


DEFINED SYMBOLS
                            *ABS*:0000000000000000 chmemcore.c
     /tmp/cc4Ftiuk.s:37     .gnu.debuglto_.debug_info:0000000000000000 chmemcore.c.c3dcd2d2
                            *COM*:0000000000000001 __gnu_lto_slim

NO UNDEFINED SYMBOLS
