ARM GAS  /tmp/cczCvEok.s 			page 1


   1              		.cpu cortex-m4
   2              		.arch armv7e-m
   3              		.fpu softvfp
   4              		.eabi_attribute 20, 1
   5              		.eabi_attribute 21, 1
   6              		.eabi_attribute 23, 3
   7              		.eabi_attribute 24, 1
   8              		.eabi_attribute 25, 1
   9              		.eabi_attribute 26, 1
  10              		.eabi_attribute 30, 2
  11              		.eabi_attribute 34, 1
  12              		.eabi_attribute 18, 4
  13              		.file	"chmempools.c"
  14              		.file 1 "/home/rob/Projects/ChibiStudio/ChibiStudio_23/tools/GNU Tools ARM Embedded/11.3.1 2022q3/
  15              		.file 2 "/home/rob/Projects/ChibiStudio/ChibiStudio_23/tools/GNU Tools ARM Embedded/11.3.1 2022q3/
  16              		.file 3 "/home/rob/Projects/ChibiStudio/ChibiStudio_23/tools/GNU Tools ARM Embedded/11.3.1 2022q3/
  17              		.file 4 "../../chibios_trunk/os/common/ports/ARM-common/chtypes.h"
  18              		.file 5 "../../chibios_trunk/os/rt/include/chearly.h"
  19              		.file 6 "../../chibios_trunk/os/rt/include/chobjects.h"
  20              		.file 7 "../../chibios_trunk/os/rt/include/chrfcu.h"
  21              		.file 8 "../../chibios_trunk/os/rt/include/chdebug.h"
  22              		.file 9 "../../chibios_trunk/os/rt/include/chtime.h"
  23              		.file 10 "../../chibios_trunk/os/rt/include/chlists.h"
  24              		.file 11 "../../chibios_trunk/os/rt/include/chtrace.h"
  25              		.file 12 "../../chibios_trunk/os/common/ports/ARMv7-M/chcore.h"
  26              		.file 13 "../../chibios_trunk/os/rt/include/chsem.h"
  27              		.file 14 "../../chibios_trunk/os/rt/include/chmtx.h"
  28              		.file 15 "../../chibios_trunk/os/oslib/include/chmemcore.h"
  29              		.file 16 "../../chibios_trunk/os/oslib/include/chmempools.h"
  30              		.file 17 "../../chibios_trunk/os/rt/include/chschd.h"
  31              		.file 18 "../../chibios_trunk/os/oslib/src/chmempools.c"
  32              		.file 19 "../../chibios_trunk/os/rt/include/chsys.h"
  33              		.file 20 "../../chibios_trunk/os/common/ext/ARM/CMSIS/Core/Include/cmsis_gcc.h"
  34              		.section	.gnu.debuglto_.debug_info,"e",%progbits
  35              	.Ldebug_info0:
  36              		.hidden	chmempools.c.f598f9d9
  37              		.weak	chmempools.c.f598f9d9
  38              	chmempools.c.f598f9d9:
  39 0000 780D0000 		.4byte	0xd78
  40 0004 0500     		.2byte	0x5
  41 0006 01       		.byte	0x1
  42 0007 04       		.byte	0x4
  43 0008 00000000 		.4byte	.Ldebug_abbrev0
  44 000c 24       		.uleb128 0x24
  45 000d 34030000 		.4byte	.LASF164
  46 0011 1D       		.byte	0x1d
  47 0012 BE020000 		.4byte	.LASF165
  48 0016 4D070000 		.4byte	.LASF166
  49 001a 00000000 		.4byte	.Ldebug_line0
  50 001e 25       		.uleb128 0x25
  51 001f 04       		.byte	0x4
  52 0020 05       		.byte	0x5
  53 0021 696E7400 		.ascii	"int\000"
  54 0025 01       		.uleb128 0x1
  55 0026 35000000 		.4byte	.LASF4
  56 002a 01       		.byte	0x1
  57 002b D1       		.byte	0xd1
ARM GAS  /tmp/cczCvEok.s 			page 2


  58 002c 17       		.byte	0x17
  59 002d 31000000 		.4byte	0x31
  60 0031 06       		.uleb128 0x6
  61 0032 04       		.byte	0x4
  62 0033 07       		.byte	0x7
  63 0034 9E020000 		.4byte	.LASF0
  64 0038 06       		.uleb128 0x6
  65 0039 08       		.byte	0x8
  66 003a 05       		.byte	0x5
  67 003b 38010000 		.4byte	.LASF1
  68 003f 06       		.uleb128 0x6
  69 0040 08       		.byte	0x8
  70 0041 04       		.byte	0x4
  71 0042 CB040000 		.4byte	.LASF2
  72 0046 06       		.uleb128 0x6
  73 0047 01       		.byte	0x1
  74 0048 06       		.byte	0x6
  75 0049 46010000 		.4byte	.LASF3
  76 004d 01       		.uleb128 0x1
  77 004e 78000000 		.4byte	.LASF5
  78 0052 02       		.byte	0x2
  79 0053 2B       		.byte	0x2b
  80 0054 18       		.byte	0x18
  81 0055 59000000 		.4byte	0x59
  82 0059 06       		.uleb128 0x6
  83 005a 01       		.byte	0x1
  84 005b 08       		.byte	0x8
  85 005c AE050000 		.4byte	.LASF6
  86 0060 06       		.uleb128 0x6
  87 0061 02       		.byte	0x2
  88 0062 05       		.byte	0x5
  89 0063 C3050000 		.4byte	.LASF7
  90 0067 01       		.uleb128 0x1
  91 0068 9D060000 		.4byte	.LASF8
  92 006c 02       		.byte	0x2
  93 006d 39       		.byte	0x39
  94 006e 19       		.byte	0x19
  95 006f 73000000 		.4byte	0x73
  96 0073 06       		.uleb128 0x6
  97 0074 02       		.byte	0x2
  98 0075 07       		.byte	0x7
  99 0076 F4030000 		.4byte	.LASF9
 100 007a 01       		.uleb128 0x1
 101 007b 65040000 		.4byte	.LASF10
 102 007f 02       		.byte	0x2
 103 0080 4D       		.byte	0x4d
 104 0081 18       		.byte	0x18
 105 0082 86000000 		.4byte	0x86
 106 0086 06       		.uleb128 0x6
 107 0087 04       		.byte	0x4
 108 0088 05       		.byte	0x5
 109 0089 81010000 		.4byte	.LASF11
 110 008d 01       		.uleb128 0x1
 111 008e 11020000 		.4byte	.LASF12
 112 0092 02       		.byte	0x2
 113 0093 4F       		.byte	0x4f
 114 0094 19       		.byte	0x19
ARM GAS  /tmp/cczCvEok.s 			page 3


 115 0095 99000000 		.4byte	0x99
 116 0099 06       		.uleb128 0x6
 117 009a 04       		.byte	0x4
 118 009b 07       		.byte	0x7
 119 009c 66060000 		.4byte	.LASF13
 120 00a0 01       		.uleb128 0x1
 121 00a1 55050000 		.4byte	.LASF14
 122 00a5 02       		.byte	0x2
 123 00a6 69       		.byte	0x69
 124 00a7 19       		.byte	0x19
 125 00a8 AC000000 		.4byte	0xac
 126 00ac 06       		.uleb128 0x6
 127 00ad 08       		.byte	0x8
 128 00ae 07       		.byte	0x7
 129 00af D1000000 		.4byte	.LASF15
 130 00b3 01       		.uleb128 0x1
 131 00b4 F5070000 		.4byte	.LASF16
 132 00b8 03       		.byte	0x3
 133 00b9 18       		.byte	0x18
 134 00ba 13       		.byte	0x13
 135 00bb 4D000000 		.4byte	0x4d
 136 00bf 01       		.uleb128 0x1
 137 00c0 C3010000 		.4byte	.LASF17
 138 00c4 03       		.byte	0x3
 139 00c5 24       		.byte	0x24
 140 00c6 14       		.byte	0x14
 141 00c7 67000000 		.4byte	0x67
 142 00cb 01       		.uleb128 0x1
 143 00cc A6050000 		.4byte	.LASF18
 144 00d0 03       		.byte	0x3
 145 00d1 2C       		.byte	0x2c
 146 00d2 13       		.byte	0x13
 147 00d3 7A000000 		.4byte	0x7a
 148 00d7 01       		.uleb128 0x1
 149 00d8 40060000 		.4byte	.LASF19
 150 00dc 03       		.byte	0x3
 151 00dd 30       		.byte	0x30
 152 00de 14       		.byte	0x14
 153 00df 8D000000 		.4byte	0x8d
 154 00e3 01       		.uleb128 0x1
 155 00e4 4E000000 		.4byte	.LASF20
 156 00e8 03       		.byte	0x3
 157 00e9 3C       		.byte	0x3c
 158 00ea 14       		.byte	0x14
 159 00eb A0000000 		.4byte	0xa0
 160 00ef 1E       		.uleb128 0x1e
 161 00f0 E3000000 		.4byte	0xe3
 162 00f4 01       		.uleb128 0x1
 163 00f5 50060000 		.4byte	.LASF21
 164 00f9 04       		.byte	0x4
 165 00fa 48       		.byte	0x48
 166 00fb 1D       		.byte	0x1d
 167 00fc E3000000 		.4byte	0xe3
 168 0100 01       		.uleb128 0x1
 169 0101 6F040000 		.4byte	.LASF22
 170 0105 05       		.byte	0x5
 171 0106 50       		.byte	0x50
ARM GAS  /tmp/cczCvEok.s 			page 4


 172 0107 19       		.byte	0x19
 173 0108 F4000000 		.4byte	0xf4
 174 010c 01       		.uleb128 0x1
 175 010d 3B040000 		.4byte	.LASF23
 176 0111 05       		.byte	0x5
 177 0112 53       		.byte	0x53
 178 0113 19       		.byte	0x19
 179 0114 B3000000 		.4byte	0xb3
 180 0118 01       		.uleb128 0x1
 181 0119 8A010000 		.4byte	.LASF24
 182 011d 05       		.byte	0x5
 183 011e 54       		.byte	0x54
 184 011f 19       		.byte	0x19
 185 0120 B3000000 		.4byte	0xb3
 186 0124 01       		.uleb128 0x1
 187 0125 7B050000 		.4byte	.LASF25
 188 0129 05       		.byte	0x5
 189 012a 55       		.byte	0x55
 190 012b 19       		.byte	0x19
 191 012c B3000000 		.4byte	0xb3
 192 0130 01       		.uleb128 0x1
 193 0131 88050000 		.4byte	.LASF26
 194 0135 05       		.byte	0x5
 195 0136 57       		.byte	0x57
 196 0137 19       		.byte	0x19
 197 0138 D7000000 		.4byte	0xd7
 198 013c 01       		.uleb128 0x1
 199 013d 11040000 		.4byte	.LASF27
 200 0141 05       		.byte	0x5
 201 0142 58       		.byte	0x58
 202 0143 19       		.byte	0x19
 203 0144 CB000000 		.4byte	0xcb
 204 0148 01       		.uleb128 0x1
 205 0149 59040000 		.4byte	.LASF28
 206 014d 05       		.byte	0x5
 207 014e 5A       		.byte	0x5a
 208 014f 19       		.byte	0x19
 209 0150 D7000000 		.4byte	0xd7
 210 0154 01       		.uleb128 0x1
 211 0155 8F020000 		.4byte	.LASF29
 212 0159 05       		.byte	0x5
 213 015a 5C       		.byte	0x5c
 214 015b 19       		.byte	0x19
 215 015c CB000000 		.4byte	0xcb
 216 0160 01       		.uleb128 0x1
 217 0161 71050000 		.4byte	.LASF30
 218 0165 05       		.byte	0x5
 219 0166 80       		.byte	0x80
 220 0167 12       		.byte	0x12
 221 0168 31000000 		.4byte	0x31
 222 016c 01       		.uleb128 0x1
 223 016d A8060000 		.4byte	.LASF31
 224 0171 05       		.byte	0x5
 225 0172 85       		.byte	0x85
 226 0173 1A       		.byte	0x1a
 227 0174 78010000 		.4byte	0x178
 228 0178 07       		.uleb128 0x7
ARM GAS  /tmp/cczCvEok.s 			page 5


 229 0179 07040000 		.4byte	.LASF47
 230 017d 4C       		.byte	0x4c
 231 017e 06       		.byte	0x6
 232 017f 9C       		.byte	0x9c
 233 0180 08       		.byte	0x8
 234 0181 62020000 		.4byte	0x262
 235 0185 09       		.uleb128 0x9
 236 0186 68647200 		.ascii	"hdr\000"
 237 018a 06       		.byte	0x6
 238 018b AD       		.byte	0xad
 239 018c 05       		.byte	0x5
 240 018d 32070000 		.4byte	0x732
 241 0191 00       		.byte	0
 242 0192 09       		.uleb128 0x9
 243 0193 63747800 		.ascii	"ctx\000"
 244 0197 06       		.byte	0x6
 245 0198 B1       		.byte	0xb1
 246 0199 21       		.byte	0x21
 247 019a 9D060000 		.4byte	0x69d
 248 019e 0C       		.byte	0xc
 249 019f 02       		.uleb128 0x2
 250 01a0 F9020000 		.4byte	.LASF32
 251 01a4 06       		.byte	0x6
 252 01a5 B6       		.byte	0xb6
 253 01a6 21       		.byte	0x21
 254 01a7 C2030000 		.4byte	0x3c2
 255 01ab 10       		.byte	0x10
 256 01ac 02       		.uleb128 0x2
 257 01ad 60060000 		.4byte	.LASF33
 258 01b1 06       		.byte	0x6
 259 01b2 BB       		.byte	0xbb
 260 01b3 22       		.byte	0x22
 261 01b4 34080000 		.4byte	0x834
 262 01b8 18       		.byte	0x18
 263 01b9 02       		.uleb128 0x2
 264 01ba 21030000 		.4byte	.LASF34
 265 01be 06       		.byte	0x6
 266 01bf C0       		.byte	0xc0
 267 01c0 22       		.byte	0x22
 268 01c1 5C030000 		.4byte	0x35c
 269 01c5 1C       		.byte	0x1c
 270 01c6 02       		.uleb128 0x2
 271 01c7 78060000 		.4byte	.LASF35
 272 01cb 06       		.byte	0x6
 273 01cc C9       		.byte	0xc9
 274 01cd 22       		.byte	0x22
 275 01ce 39080000 		.4byte	0x839
 276 01d2 20       		.byte	0x20
 277 01d3 02       		.uleb128 0x2
 278 01d4 1C020000 		.4byte	.LASF36
 279 01d8 06       		.byte	0x6
 280 01d9 CE       		.byte	0xce
 281 01da 22       		.byte	0x22
 282 01db 39080000 		.4byte	0x839
 283 01df 24       		.byte	0x24
 284 01e0 02       		.uleb128 0x2
 285 01e1 7B010000 		.4byte	.LASF37
ARM GAS  /tmp/cczCvEok.s 			page 6


 286 01e5 06       		.byte	0x6
 287 01e6 D3       		.byte	0xd3
 288 01e7 21       		.byte	0x21
 289 01e8 18010000 		.4byte	0x118
 290 01ec 28       		.byte	0x28
 291 01ed 02       		.uleb128 0x2
 292 01ee 14080000 		.4byte	.LASF38
 293 01f2 06       		.byte	0x6
 294 01f3 D7       		.byte	0xd7
 295 01f4 21       		.byte	0x21
 296 01f5 0C010000 		.4byte	0x10c
 297 01f9 29       		.byte	0x29
 298 01fa 02       		.uleb128 0x2
 299 01fb 33010000 		.4byte	.LASF39
 300 01ff 06       		.byte	0x6
 301 0200 DC       		.byte	0xdc
 302 0201 21       		.byte	0x21
 303 0202 24010000 		.4byte	0x124
 304 0206 2A       		.byte	0x2a
 305 0207 08       		.uleb128 0x8
 306 0208 7500     		.ascii	"u\000"
 307 020a 06       		.byte	0x6
 308 020b 2D01     		.2byte	0x12d
 309 020d 21       		.byte	0x21
 310 020e 5F070000 		.4byte	0x75f
 311 0212 2C       		.byte	0x2c
 312 0213 03       		.uleb128 0x3
 313 0214 2E020000 		.4byte	.LASF40
 314 0218 3201     		.2byte	0x132
 315 021a 21       		.byte	0x21
 316 021b 96030000 		.4byte	0x396
 317 021f 30       		.byte	0x30
 318 0220 03       		.uleb128 0x3
 319 0221 95020000 		.4byte	.LASF41
 320 0225 3801     		.2byte	0x138
 321 0227 21       		.byte	0x21
 322 0228 C2030000 		.4byte	0x3c2
 323 022c 34       		.byte	0x34
 324 022d 03       		.uleb128 0x3
 325 022e 17040000 		.4byte	.LASF42
 326 0232 3E01     		.2byte	0x13e
 327 0234 21       		.byte	0x21
 328 0235 48010000 		.4byte	0x148
 329 0239 3C       		.byte	0x3c
 330 023a 03       		.uleb128 0x3
 331 023b 6F080000 		.4byte	.LASF43
 332 023f 4501     		.2byte	0x145
 333 0241 22       		.byte	0x22
 334 0242 2F080000 		.4byte	0x82f
 335 0246 40       		.byte	0x40
 336 0247 03       		.uleb128 0x3
 337 0248 8C040000 		.4byte	.LASF44
 338 024c 4901     		.2byte	0x149
 339 024e 21       		.byte	0x21
 340 024f 30010000 		.4byte	0x130
 341 0253 44       		.byte	0x44
 342 0254 03       		.uleb128 0x3
ARM GAS  /tmp/cczCvEok.s 			page 7


 343 0255 A0070000 		.4byte	.LASF45
 344 0259 5001     		.2byte	0x150
 345 025b 22       		.byte	0x22
 346 025c B0040000 		.4byte	0x4b0
 347 0260 48       		.byte	0x48
 348 0261 00       		.byte	0
 349 0262 01       		.uleb128 0x1
 350 0263 E1040000 		.4byte	.LASF46
 351 0267 05       		.byte	0x5
 352 0268 8A       		.byte	0x8a
 353 0269 1F       		.byte	0x1f
 354 026a 6E020000 		.4byte	0x26e
 355 026e 26       		.uleb128 0x26
 356 026f E7060000 		.4byte	.LASF48
 357 0273 A008     		.2byte	0x8a0
 358 0275 06       		.byte	0x6
 359 0276 8F01     		.2byte	0x18f
 360 0278 08       		.byte	0x8
 361 0279 F4020000 		.4byte	0x2f4
 362 027d 03       		.uleb128 0x3
 363 027e EA070000 		.4byte	.LASF49
 364 0282 9301     		.2byte	0x193
 365 0284 21       		.byte	0x21
 366 0285 67080000 		.4byte	0x867
 367 0289 00       		.byte	0
 368 028a 03       		.uleb128 0x3
 369 028b 68010000 		.4byte	.LASF50
 370 028f 9701     		.2byte	0x197
 371 0291 21       		.byte	0x21
 372 0292 F3060000 		.4byte	0x6f3
 373 0296 10       		.byte	0x10
 374 0297 03       		.uleb128 0x3
 375 0298 24070000 		.4byte	.LASF51
 376 029c 9E01     		.2byte	0x19e
 377 029e 21       		.byte	0x21
 378 029f 1A070000 		.4byte	0x71a
 379 02a3 28       		.byte	0x28
 380 02a4 03       		.uleb128 0x3
 381 02a5 2C030000 		.4byte	.LASF52
 382 02a9 A301     		.2byte	0x1a3
 383 02ab 21       		.byte	0x21
 384 02ac 60010000 		.4byte	0x160
 385 02b0 30       		.byte	0x30
 386 02b1 03       		.uleb128 0x3
 387 02b2 23000000 		.4byte	.LASF53
 388 02b6 A901     		.2byte	0x1a9
 389 02b8 21       		.byte	0x21
 390 02b9 1B030000 		.4byte	0x31b
 391 02bd 34       		.byte	0x34
 392 02be 03       		.uleb128 0x3
 393 02bf 84060000 		.4byte	.LASF54
 394 02c3 AE01     		.2byte	0x1ae
 395 02c5 22       		.byte	0x22
 396 02c6 D2080000 		.4byte	0x8d2
 397 02ca 38       		.byte	0x38
 398 02cb 03       		.uleb128 0x3
 399 02cc 04010000 		.4byte	.LASF55
ARM GAS  /tmp/cczCvEok.s 			page 8


 400 02d0 B201     		.2byte	0x1b2
 401 02d2 21       		.byte	0x21
 402 02d3 6C010000 		.4byte	0x16c
 403 02d7 3C       		.byte	0x3c
 404 02d8 08       		.uleb128 0x8
 405 02d9 64626700 		.ascii	"dbg\000"
 406 02dd 06       		.byte	0x6
 407 02de B601     		.2byte	0x1b6
 408 02e0 21       		.byte	0x21
 409 02e1 72030000 		.4byte	0x372
 410 02e5 88       		.byte	0x88
 411 02e6 03       		.uleb128 0x3
 412 02e7 28080000 		.4byte	.LASF56
 413 02eb BB01     		.2byte	0x1bb
 414 02ed 21       		.byte	0x21
 415 02ee 0B060000 		.4byte	0x60b
 416 02f2 94       		.byte	0x94
 417 02f3 00       		.byte	0
 418 02f4 01       		.uleb128 0x1
 419 02f5 95040000 		.4byte	.LASF57
 420 02f9 07       		.byte	0x7
 421 02fa 3F       		.byte	0x3f
 422 02fb 12       		.byte	0x12
 423 02fc D7000000 		.4byte	0xd7
 424 0300 07       		.uleb128 0x7
 425 0301 B2010000 		.4byte	.LASF58
 426 0305 04       		.byte	0x4
 427 0306 07       		.byte	0x7
 428 0307 44       		.byte	0x44
 429 0308 10       		.byte	0x10
 430 0309 1B030000 		.4byte	0x31b
 431 030d 02       		.uleb128 0x2
 432 030e D1070000 		.4byte	.LASF59
 433 0312 07       		.byte	0x7
 434 0313 48       		.byte	0x48
 435 0314 21       		.byte	0x21
 436 0315 F4020000 		.4byte	0x2f4
 437 0319 00       		.byte	0
 438 031a 00       		.byte	0
 439 031b 01       		.uleb128 0x1
 440 031c BC050000 		.4byte	.LASF60
 441 0320 07       		.byte	0x7
 442 0321 49       		.byte	0x49
 443 0322 03       		.byte	0x3
 444 0323 00030000 		.4byte	0x300
 445 0327 07       		.uleb128 0x7
 446 0328 90050000 		.4byte	.LASF61
 447 032c 0C       		.byte	0xc
 448 032d 08       		.byte	0x8
 449 032e 3E       		.byte	0x3e
 450 032f 10       		.byte	0x10
 451 0330 5C030000 		.4byte	0x35c
 452 0334 02       		.uleb128 0x2
 453 0335 D6060000 		.4byte	.LASF62
 454 0339 08       		.byte	0x8
 455 033a 46       		.byte	0x46
 456 033b 24       		.byte	0x24
ARM GAS  /tmp/cczCvEok.s 			page 9


 457 033c 61030000 		.4byte	0x361
 458 0340 00       		.byte	0
 459 0341 02       		.uleb128 0x2
 460 0342 D6070000 		.4byte	.LASF63
 461 0346 08       		.byte	0x8
 462 0347 4B       		.byte	0x4b
 463 0348 19       		.byte	0x19
 464 0349 54010000 		.4byte	0x154
 465 034d 04       		.byte	0x4
 466 034e 02       		.uleb128 0x2
 467 034f 68020000 		.4byte	.LASF64
 468 0353 08       		.byte	0x8
 469 0354 4F       		.byte	0x4f
 470 0355 19       		.byte	0x19
 471 0356 54010000 		.4byte	0x154
 472 035a 08       		.byte	0x8
 473 035b 00       		.byte	0
 474 035c 04       		.uleb128 0x4
 475 035d 6D030000 		.4byte	0x36d
 476 0361 1E       		.uleb128 0x1e
 477 0362 5C030000 		.4byte	0x35c
 478 0366 06       		.uleb128 0x6
 479 0367 01       		.byte	0x1
 480 0368 08       		.byte	0x8
 481 0369 7F060000 		.4byte	.LASF65
 482 036d 0D       		.uleb128 0xd
 483 036e 66030000 		.4byte	0x366
 484 0372 01       		.uleb128 0x1
 485 0373 93000000 		.4byte	.LASF66
 486 0377 08       		.byte	0x8
 487 0378 51       		.byte	0x51
 488 0379 03       		.byte	0x3
 489 037a 27030000 		.4byte	0x327
 490 037e 01       		.uleb128 0x1
 491 037f B7060000 		.4byte	.LASF67
 492 0383 09       		.byte	0x9
 493 0384 6D       		.byte	0x6d
 494 0385 12       		.byte	0x12
 495 0386 D7000000 		.4byte	0xd7
 496 038a 01       		.uleb128 0x1
 497 038b 71020000 		.4byte	.LASF68
 498 038f 09       		.byte	0x9
 499 0390 79       		.byte	0x79
 500 0391 12       		.byte	0x12
 501 0392 D7000000 		.4byte	0xd7
 502 0396 01       		.uleb128 0x1
 503 0397 D7040000 		.4byte	.LASF69
 504 039b 0A       		.byte	0xa
 505 039c 32       		.byte	0x32
 506 039d 18       		.byte	0x18
 507 039e A2030000 		.4byte	0x3a2
 508 03a2 07       		.uleb128 0x7
 509 03a3 43040000 		.4byte	.LASF70
 510 03a7 04       		.byte	0x4
 511 03a8 0A       		.byte	0xa
 512 03a9 38       		.byte	0x38
 513 03aa 08       		.byte	0x8
ARM GAS  /tmp/cczCvEok.s 			page 10


 514 03ab BD030000 		.4byte	0x3bd
 515 03af 02       		.uleb128 0x2
 516 03b0 3C000000 		.4byte	.LASF71
 517 03b4 0A       		.byte	0xa
 518 03b5 39       		.byte	0x39
 519 03b6 1A       		.byte	0x1a
 520 03b7 BD030000 		.4byte	0x3bd
 521 03bb 00       		.byte	0
 522 03bc 00       		.byte	0
 523 03bd 04       		.uleb128 0x4
 524 03be 96030000 		.4byte	0x396
 525 03c2 01       		.uleb128 0x1
 526 03c3 00030000 		.4byte	.LASF72
 527 03c7 0A       		.byte	0xa
 528 03c8 3F       		.byte	0x3f
 529 03c9 19       		.byte	0x19
 530 03ca CE030000 		.4byte	0x3ce
 531 03ce 07       		.uleb128 0x7
 532 03cf BA010000 		.4byte	.LASF73
 533 03d3 08       		.byte	0x8
 534 03d4 0A       		.byte	0xa
 535 03d5 45       		.byte	0x45
 536 03d6 08       		.byte	0x8
 537 03d7 F6030000 		.4byte	0x3f6
 538 03db 02       		.uleb128 0x2
 539 03dc 3C000000 		.4byte	.LASF71
 540 03e0 0A       		.byte	0xa
 541 03e1 46       		.byte	0x46
 542 03e2 1A       		.byte	0x1a
 543 03e3 F6030000 		.4byte	0x3f6
 544 03e7 00       		.byte	0
 545 03e8 02       		.uleb128 0x2
 546 03e9 82000000 		.4byte	.LASF74
 547 03ed 0A       		.byte	0xa
 548 03ee 47       		.byte	0x47
 549 03ef 1A       		.byte	0x1a
 550 03f0 F6030000 		.4byte	0x3f6
 551 03f4 04       		.byte	0x4
 552 03f5 00       		.byte	0
 553 03f6 04       		.uleb128 0x4
 554 03f7 C2030000 		.4byte	0x3c2
 555 03fb 01       		.uleb128 0x1
 556 03fc B0000000 		.4byte	.LASF75
 557 0400 0A       		.byte	0xa
 558 0401 4E       		.byte	0x4e
 559 0402 22       		.byte	0x22
 560 0403 07040000 		.4byte	0x407
 561 0407 07       		.uleb128 0x7
 562 0408 2C070000 		.4byte	.LASF76
 563 040c 0C       		.byte	0xc
 564 040d 0A       		.byte	0xa
 565 040e 55       		.byte	0x55
 566 040f 08       		.byte	0x8
 567 0410 3C040000 		.4byte	0x43c
 568 0414 02       		.uleb128 0x2
 569 0415 3C000000 		.4byte	.LASF71
 570 0419 0A       		.byte	0xa
ARM GAS  /tmp/cczCvEok.s 			page 11


 571 041a 56       		.byte	0x56
 572 041b 1A       		.byte	0x1a
 573 041c 3C040000 		.4byte	0x43c
 574 0420 00       		.byte	0
 575 0421 02       		.uleb128 0x2
 576 0422 82000000 		.4byte	.LASF74
 577 0426 0A       		.byte	0xa
 578 0427 57       		.byte	0x57
 579 0428 1A       		.byte	0x1a
 580 0429 3C040000 		.4byte	0x43c
 581 042d 04       		.byte	0x4
 582 042e 02       		.uleb128 0x2
 583 042f 48050000 		.4byte	.LASF77
 584 0433 0A       		.byte	0xa
 585 0434 58       		.byte	0x58
 586 0435 19       		.byte	0x19
 587 0436 30010000 		.4byte	0x130
 588 043a 08       		.byte	0x8
 589 043b 00       		.byte	0
 590 043c 04       		.uleb128 0x4
 591 043d FB030000 		.4byte	0x3fb
 592 0441 01       		.uleb128 0x1
 593 0442 CC010000 		.4byte	.LASF78
 594 0446 0A       		.byte	0xa
 595 0447 5F       		.byte	0x5f
 596 0448 1E       		.byte	0x1e
 597 0449 4D040000 		.4byte	0x44d
 598 044d 07       		.uleb128 0x7
 599 044e 52010000 		.4byte	.LASF79
 600 0452 0C       		.byte	0xc
 601 0453 0A       		.byte	0xa
 602 0454 64       		.byte	0x64
 603 0455 08       		.byte	0x8
 604 0456 82040000 		.4byte	0x482
 605 045a 02       		.uleb128 0x2
 606 045b 3C000000 		.4byte	.LASF71
 607 045f 0A       		.byte	0xa
 608 0460 65       		.byte	0x65
 609 0461 1A       		.byte	0x1a
 610 0462 82040000 		.4byte	0x482
 611 0466 00       		.byte	0
 612 0467 02       		.uleb128 0x2
 613 0468 82000000 		.4byte	.LASF74
 614 046c 0A       		.byte	0xa
 615 046d 66       		.byte	0x66
 616 046e 1A       		.byte	0x1a
 617 046f 82040000 		.4byte	0x482
 618 0473 04       		.byte	0x4
 619 0474 02       		.uleb128 0x2
 620 0475 41000000 		.4byte	.LASF80
 621 0479 0A       		.byte	0xa
 622 047a 67       		.byte	0x67
 623 047b 19       		.byte	0x19
 624 047c 8A030000 		.4byte	0x38a
 625 0480 08       		.byte	0x8
 626 0481 00       		.byte	0
 627 0482 04       		.uleb128 0x4
ARM GAS  /tmp/cczCvEok.s 			page 12


 628 0483 41040000 		.4byte	0x441
 629 0487 0A       		.uleb128 0xa
 630 0488 08       		.byte	0x8
 631 0489 0B       		.byte	0xb
 632 048a 83       		.byte	0x83
 633 048b 05       		.byte	0x5
 634 048c AB040000 		.4byte	0x4ab
 635 0490 09       		.uleb128 0x9
 636 0491 6E747000 		.ascii	"ntp\000"
 637 0495 0B       		.byte	0xb
 638 0496 87       		.byte	0x87
 639 0497 1E       		.byte	0x1e
 640 0498 AB040000 		.4byte	0x4ab
 641 049c 00       		.byte	0
 642 049d 02       		.uleb128 0x2
 643 049e 21080000 		.4byte	.LASF81
 644 04a2 0B       		.byte	0xb
 645 04a3 8B       		.byte	0x8b
 646 04a4 1E       		.byte	0x1e
 647 04a5 B0040000 		.4byte	0x4b0
 648 04a9 04       		.byte	0x4
 649 04aa 00       		.byte	0
 650 04ab 04       		.uleb128 0x4
 651 04ac 6C010000 		.4byte	0x16c
 652 04b0 27       		.uleb128 0x27
 653 04b1 04       		.byte	0x4
 654 04b2 0A       		.uleb128 0xa
 655 04b3 08       		.byte	0x8
 656 04b4 0B       		.byte	0xb
 657 04b5 90       		.byte	0x90
 658 04b6 05       		.byte	0x5
 659 04b7 D5040000 		.4byte	0x4d5
 660 04bb 09       		.uleb128 0x9
 661 04bc 747000   		.ascii	"tp\000"
 662 04bf 0B       		.byte	0xb
 663 04c0 94       		.byte	0x94
 664 04c1 1E       		.byte	0x1e
 665 04c2 AB040000 		.4byte	0x4ab
 666 04c6 00       		.byte	0
 667 04c7 09       		.uleb128 0x9
 668 04c8 6D736700 		.ascii	"msg\000"
 669 04cc 0B       		.byte	0xb
 670 04cd 98       		.byte	0x98
 671 04ce 1D       		.byte	0x1d
 672 04cf 3C010000 		.4byte	0x13c
 673 04d3 04       		.byte	0x4
 674 04d4 00       		.byte	0
 675 04d5 0A       		.uleb128 0xa
 676 04d6 04       		.byte	0x4
 677 04d7 0B       		.byte	0xb
 678 04d8 9D       		.byte	0x9d
 679 04d9 05       		.byte	0x5
 680 04da EC040000 		.4byte	0x4ec
 681 04de 02       		.uleb128 0x2
 682 04df 21030000 		.4byte	.LASF34
 683 04e3 0B       		.byte	0xb
 684 04e4 A1       		.byte	0xa1
ARM GAS  /tmp/cczCvEok.s 			page 13


 685 04e5 1E       		.byte	0x1e
 686 04e6 5C030000 		.4byte	0x35c
 687 04ea 00       		.byte	0
 688 04eb 00       		.byte	0
 689 04ec 0A       		.uleb128 0xa
 690 04ed 04       		.byte	0x4
 691 04ee 0B       		.byte	0xb
 692 04ef A6       		.byte	0xa6
 693 04f0 05       		.byte	0x5
 694 04f1 03050000 		.4byte	0x503
 695 04f5 02       		.uleb128 0x2
 696 04f6 14060000 		.4byte	.LASF82
 697 04fa 0B       		.byte	0xb
 698 04fb AA       		.byte	0xaa
 699 04fc 1E       		.byte	0x1e
 700 04fd 5C030000 		.4byte	0x35c
 701 0501 00       		.byte	0
 702 0502 00       		.byte	0
 703 0503 0A       		.uleb128 0xa
 704 0504 08       		.byte	0x8
 705 0505 0B       		.byte	0xb
 706 0506 AF       		.byte	0xaf
 707 0507 05       		.byte	0x5
 708 0508 27050000 		.4byte	0x527
 709 050c 09       		.uleb128 0x9
 710 050d 75703100 		.ascii	"up1\000"
 711 0511 0B       		.byte	0xb
 712 0512 B3       		.byte	0xb3
 713 0513 1E       		.byte	0x1e
 714 0514 B0040000 		.4byte	0x4b0
 715 0518 00       		.byte	0
 716 0519 09       		.uleb128 0x9
 717 051a 75703200 		.ascii	"up2\000"
 718 051e 0B       		.byte	0xb
 719 051f B7       		.byte	0xb7
 720 0520 1E       		.byte	0x1e
 721 0521 B0040000 		.4byte	0x4b0
 722 0525 04       		.byte	0x4
 723 0526 00       		.byte	0
 724 0527 18       		.uleb128 0x18
 725 0528 08       		.byte	0x8
 726 0529 0B       		.byte	0xb
 727 052a 7F       		.byte	0x7f
 728 052b 65050000 		.4byte	0x565
 729 052f 19       		.uleb128 0x19
 730 0530 737700   		.ascii	"sw\000"
 731 0533 8C       		.byte	0x8c
 732 0534 87040000 		.4byte	0x487
 733 0538 19       		.uleb128 0x19
 734 0539 72647900 		.ascii	"rdy\000"
 735 053d 99       		.byte	0x99
 736 053e B2040000 		.4byte	0x4b2
 737 0542 19       		.uleb128 0x19
 738 0543 69737200 		.ascii	"isr\000"
 739 0547 A2       		.byte	0xa2
 740 0548 D5040000 		.4byte	0x4d5
 741 054c 0E       		.uleb128 0xe
ARM GAS  /tmp/cczCvEok.s 			page 14


 742 054d D6050000 		.4byte	.LASF83
 743 0551 0B       		.byte	0xb
 744 0552 AB       		.byte	0xab
 745 0553 07       		.byte	0x7
 746 0554 EC040000 		.4byte	0x4ec
 747 0558 0E       		.uleb128 0xe
 748 0559 83050000 		.4byte	.LASF84
 749 055d 0B       		.byte	0xb
 750 055e B8       		.byte	0xb8
 751 055f 07       		.byte	0x7
 752 0560 03050000 		.4byte	0x503
 753 0564 00       		.byte	0
 754 0565 0A       		.uleb128 0xa
 755 0566 10       		.byte	0x10
 756 0567 0B       		.byte	0xb
 757 0568 6C       		.byte	0x6c
 758 0569 09       		.byte	0x9
 759 056a AB050000 		.4byte	0x5ab
 760 056e 1A       		.uleb128 0x1a
 761 056f AB000000 		.4byte	.LASF85
 762 0573 70       		.byte	0x70
 763 0574 D7000000 		.4byte	0xd7
 764 0578 03       		.byte	0x3
 765 0579 00       		.byte	0
 766 057a 1A       		.uleb128 0x1a
 767 057b 7B010000 		.4byte	.LASF37
 768 057f 74       		.byte	0x74
 769 0580 D7000000 		.4byte	0xd7
 770 0584 05       		.byte	0x5
 771 0585 03       		.byte	0x3
 772 0586 1A       		.uleb128 0x1a
 773 0587 7A040000 		.4byte	.LASF86
 774 058b 7A       		.byte	0x7a
 775 058c D7000000 		.4byte	0xd7
 776 0590 18       		.byte	0x18
 777 0591 08       		.byte	0x8
 778 0592 02       		.uleb128 0x2
 779 0593 43050000 		.4byte	.LASF87
 780 0597 0B       		.byte	0xb
 781 0598 7E       		.byte	0x7e
 782 0599 19       		.byte	0x19
 783 059a 7E030000 		.4byte	0x37e
 784 059e 04       		.byte	0x4
 785 059f 09       		.uleb128 0x9
 786 05a0 7500     		.ascii	"u\000"
 787 05a2 0B       		.byte	0xb
 788 05a3 B9       		.byte	0xb9
 789 05a4 05       		.byte	0x5
 790 05a5 27050000 		.4byte	0x527
 791 05a9 08       		.byte	0x8
 792 05aa 00       		.byte	0
 793 05ab 01       		.uleb128 0x1
 794 05ac F6060000 		.4byte	.LASF88
 795 05b0 0B       		.byte	0xb
 796 05b1 BA       		.byte	0xba
 797 05b2 03       		.byte	0x3
 798 05b3 65050000 		.4byte	0x565
ARM GAS  /tmp/cczCvEok.s 			page 15


 799 05b7 28       		.uleb128 0x28
 800 05b8 0808     		.2byte	0x808
 801 05ba 0B       		.byte	0xb
 802 05bb C0       		.byte	0xc0
 803 05bc 09       		.byte	0x9
 804 05bd F6050000 		.4byte	0x5f6
 805 05c1 02       		.uleb128 0x2
 806 05c2 EF040000 		.4byte	.LASF89
 807 05c6 0B       		.byte	0xb
 808 05c7 C4       		.byte	0xc4
 809 05c8 19       		.byte	0x19
 810 05c9 BF000000 		.4byte	0xbf
 811 05cd 00       		.byte	0
 812 05ce 02       		.uleb128 0x2
 813 05cf EF030000 		.4byte	.LASF90
 814 05d3 0B       		.byte	0xb
 815 05d4 C8       		.byte	0xc8
 816 05d5 19       		.byte	0x19
 817 05d6 BF000000 		.4byte	0xbf
 818 05da 02       		.byte	0x2
 819 05db 09       		.uleb128 0x9
 820 05dc 70747200 		.ascii	"ptr\000"
 821 05e0 0B       		.byte	0xb
 822 05e1 CC       		.byte	0xcc
 823 05e2 1A       		.byte	0x1a
 824 05e3 F6050000 		.4byte	0x5f6
 825 05e7 04       		.byte	0x4
 826 05e8 02       		.uleb128 0x2
 827 05e9 C1060000 		.4byte	.LASF91
 828 05ed 0B       		.byte	0xb
 829 05ee D0       		.byte	0xd0
 830 05ef 19       		.byte	0x19
 831 05f0 FB050000 		.4byte	0x5fb
 832 05f4 08       		.byte	0x8
 833 05f5 00       		.byte	0
 834 05f6 04       		.uleb128 0x4
 835 05f7 AB050000 		.4byte	0x5ab
 836 05fb 0F       		.uleb128 0xf
 837 05fc AB050000 		.4byte	0x5ab
 838 0600 0B060000 		.4byte	0x60b
 839 0604 10       		.uleb128 0x10
 840 0605 31000000 		.4byte	0x31
 841 0609 7F       		.byte	0x7f
 842 060a 00       		.byte	0
 843 060b 01       		.uleb128 0x1
 844 060c DB050000 		.4byte	.LASF92
 845 0610 0B       		.byte	0xb
 846 0611 D1       		.byte	0xd1
 847 0612 03       		.byte	0x3
 848 0613 B7050000 		.4byte	0x5b7
 849 0617 16       		.uleb128 0x16
 850 0618 87000000 		.4byte	.LASF93
 851 061c 24       		.byte	0x24
 852 061d 0C       		.byte	0xc
 853 061e BB01     		.2byte	0x1bb
 854 0620 08       		.byte	0x8
 855 0621 9D060000 		.4byte	0x69d
ARM GAS  /tmp/cczCvEok.s 			page 16


 856 0625 08       		.uleb128 0x8
 857 0626 723400   		.ascii	"r4\000"
 858 0629 0C       		.byte	0xc
 859 062a CE01     		.2byte	0x1ce
 860 062c 11       		.byte	0x11
 861 062d D7000000 		.4byte	0xd7
 862 0631 00       		.byte	0
 863 0632 08       		.uleb128 0x8
 864 0633 723500   		.ascii	"r5\000"
 865 0636 0C       		.byte	0xc
 866 0637 CF01     		.2byte	0x1cf
 867 0639 11       		.byte	0x11
 868 063a D7000000 		.4byte	0xd7
 869 063e 04       		.byte	0x4
 870 063f 08       		.uleb128 0x8
 871 0640 723600   		.ascii	"r6\000"
 872 0643 0C       		.byte	0xc
 873 0644 D001     		.2byte	0x1d0
 874 0646 11       		.byte	0x11
 875 0647 D7000000 		.4byte	0xd7
 876 064b 08       		.byte	0x8
 877 064c 08       		.uleb128 0x8
 878 064d 723700   		.ascii	"r7\000"
 879 0650 0C       		.byte	0xc
 880 0651 D101     		.2byte	0x1d1
 881 0653 11       		.byte	0x11
 882 0654 D7000000 		.4byte	0xd7
 883 0658 0C       		.byte	0xc
 884 0659 08       		.uleb128 0x8
 885 065a 723800   		.ascii	"r8\000"
 886 065d 0C       		.byte	0xc
 887 065e D201     		.2byte	0x1d2
 888 0660 11       		.byte	0x11
 889 0661 D7000000 		.4byte	0xd7
 890 0665 10       		.byte	0x10
 891 0666 08       		.uleb128 0x8
 892 0667 723900   		.ascii	"r9\000"
 893 066a 0C       		.byte	0xc
 894 066b D301     		.2byte	0x1d3
 895 066d 11       		.byte	0x11
 896 066e D7000000 		.4byte	0xd7
 897 0672 14       		.byte	0x14
 898 0673 08       		.uleb128 0x8
 899 0674 72313000 		.ascii	"r10\000"
 900 0678 0C       		.byte	0xc
 901 0679 D401     		.2byte	0x1d4
 902 067b 11       		.byte	0x11
 903 067c D7000000 		.4byte	0xd7
 904 0680 18       		.byte	0x18
 905 0681 08       		.uleb128 0x8
 906 0682 72313100 		.ascii	"r11\000"
 907 0686 0C       		.byte	0xc
 908 0687 D501     		.2byte	0x1d5
 909 0689 11       		.byte	0x11
 910 068a D7000000 		.4byte	0xd7
 911 068e 1C       		.byte	0x1c
 912 068f 08       		.uleb128 0x8
ARM GAS  /tmp/cczCvEok.s 			page 17


 913 0690 6C7200   		.ascii	"lr\000"
 914 0693 0C       		.byte	0xc
 915 0694 D601     		.2byte	0x1d6
 916 0696 11       		.byte	0x11
 917 0697 D7000000 		.4byte	0xd7
 918 069b 20       		.byte	0x20
 919 069c 00       		.byte	0
 920 069d 16       		.uleb128 0x16
 921 069e 0F050000 		.4byte	.LASF94
 922 06a2 04       		.byte	0x4
 923 06a3 0C       		.byte	0xc
 924 06a4 DF01     		.2byte	0x1df
 925 06a6 08       		.byte	0x8
 926 06a7 B9060000 		.4byte	0x6b9
 927 06ab 08       		.uleb128 0x8
 928 06ac 737000   		.ascii	"sp\000"
 929 06af 0C       		.byte	0xc
 930 06b0 E001     		.2byte	0x1e0
 931 06b2 1A       		.byte	0x1a
 932 06b3 B9060000 		.4byte	0x6b9
 933 06b7 00       		.byte	0
 934 06b8 00       		.byte	0
 935 06b9 04       		.uleb128 0x4
 936 06ba 17060000 		.4byte	0x617
 937 06be 07       		.uleb128 0x7
 938 06bf B4040000 		.4byte	.LASF95
 939 06c3 18       		.byte	0x18
 940 06c4 06       		.byte	0x6
 941 06c5 64       		.byte	0x64
 942 06c6 10       		.byte	0x10
 943 06c7 F3060000 		.4byte	0x6f3
 944 06cb 02       		.uleb128 0x2
 945 06cc B1060000 		.4byte	.LASF96
 946 06d0 06       		.byte	0x6
 947 06d1 68       		.byte	0x68
 948 06d2 21       		.byte	0x21
 949 06d3 41040000 		.4byte	0x441
 950 06d7 00       		.byte	0
 951 06d8 02       		.uleb128 0x2
 952 06d9 CD050000 		.4byte	.LASF97
 953 06dd 06       		.byte	0x6
 954 06de 73       		.byte	0x73
 955 06df 21       		.byte	0x21
 956 06e0 7E030000 		.4byte	0x37e
 957 06e4 0C       		.byte	0xc
 958 06e5 02       		.uleb128 0x2
 959 06e6 82040000 		.4byte	.LASF98
 960 06ea 06       		.byte	0x6
 961 06eb 79       		.byte	0x79
 962 06ec 21       		.byte	0x21
 963 06ed EF000000 		.4byte	0xef
 964 06f1 10       		.byte	0x10
 965 06f2 00       		.byte	0
 966 06f3 01       		.uleb128 0x1
 967 06f4 17010000 		.4byte	.LASF99
 968 06f8 06       		.byte	0x6
 969 06f9 7B       		.byte	0x7b
ARM GAS  /tmp/cczCvEok.s 			page 18


 970 06fa 03       		.byte	0x3
 971 06fb BE060000 		.4byte	0x6be
 972 06ff 07       		.uleb128 0x7
 973 0700 DC010000 		.4byte	.LASF100
 974 0704 08       		.byte	0x8
 975 0705 06       		.byte	0x6
 976 0706 80       		.byte	0x80
 977 0707 10       		.byte	0x10
 978 0708 1A070000 		.4byte	0x71a
 979 070c 02       		.uleb128 0x2
 980 070d 26030000 		.4byte	.LASF101
 981 0711 06       		.byte	0x6
 982 0712 84       		.byte	0x84
 983 0713 21       		.byte	0x21
 984 0714 C2030000 		.4byte	0x3c2
 985 0718 00       		.byte	0
 986 0719 00       		.byte	0
 987 071a 01       		.uleb128 0x1
 988 071b 28060000 		.4byte	.LASF102
 989 071f 06       		.byte	0x6
 990 0720 85       		.byte	0x85
 991 0721 03       		.byte	0x3
 992 0722 FF060000 		.4byte	0x6ff
 993 0726 01       		.uleb128 0x1
 994 0727 A1040000 		.4byte	.LASF103
 995 072b 06       		.byte	0x6
 996 072c 8A       		.byte	0x8a
 997 072d 14       		.byte	0x14
 998 072e AB040000 		.4byte	0x4ab
 999 0732 18       		.uleb128 0x18
 1000 0733 0C       		.byte	0xc
 1001 0734 06       		.byte	0x6
 1002 0735 A0       		.byte	0xa0
 1003 0736 5F070000 		.4byte	0x75f
 1004 073a 0E       		.uleb128 0xe
 1005 073b 51080000 		.4byte	.LASF104
 1006 073f 06       		.byte	0x6
 1007 0740 A4       		.byte	0xa4
 1008 0741 21       		.byte	0x21
 1009 0742 96030000 		.4byte	0x396
 1010 0746 0E       		.uleb128 0xe
 1011 0747 26030000 		.4byte	.LASF101
 1012 074b 06       		.byte	0x6
 1013 074c A8       		.byte	0xa8
 1014 074d 21       		.byte	0x21
 1015 074e C2030000 		.4byte	0x3c2
 1016 0752 0E       		.uleb128 0xe
 1017 0753 E0060000 		.4byte	.LASF105
 1018 0757 06       		.byte	0x6
 1019 0758 AC       		.byte	0xac
 1020 0759 21       		.byte	0x21
 1021 075a FB030000 		.4byte	0x3fb
 1022 075e 00       		.byte	0
 1023 075f 18       		.uleb128 0x18
 1024 0760 04       		.byte	0x4
 1025 0761 06       		.byte	0x6
 1026 0762 F0       		.byte	0xf0
ARM GAS  /tmp/cczCvEok.s 			page 19


 1027 0763 C8070000 		.4byte	0x7c8
 1028 0767 0E       		.uleb128 0xe
 1029 0768 47000000 		.4byte	.LASF106
 1030 076c 06       		.byte	0x6
 1031 076d F7       		.byte	0xf7
 1032 076e 21       		.byte	0x21
 1033 076f 3C010000 		.4byte	0x13c
 1034 0773 0E       		.uleb128 0xe
 1035 0774 FB000000 		.4byte	.LASF107
 1036 0778 06       		.byte	0x6
 1037 0779 FE       		.byte	0xfe
 1038 077a 21       		.byte	0x21
 1039 077b 3C010000 		.4byte	0x13c
 1040 077f 11       		.uleb128 0x11
 1041 0780 21080000 		.4byte	.LASF81
 1042 0784 0501     		.2byte	0x105
 1043 0786 22       		.byte	0x22
 1044 0787 B0040000 		.4byte	0x4b0
 1045 078b 11       		.uleb128 0x11
 1046 078c F3020000 		.4byte	.LASF108
 1047 0790 0C01     		.2byte	0x10c
 1048 0792 22       		.byte	0x22
 1049 0793 C8070000 		.4byte	0x7c8
 1050 0797 11       		.uleb128 0x11
 1051 0798 0F010000 		.4byte	.LASF109
 1052 079c 1101     		.2byte	0x111
 1053 079e 21       		.byte	0x21
 1054 079f 3C010000 		.4byte	0x13c
 1055 07a3 11       		.uleb128 0x11
 1056 07a4 EC020000 		.4byte	.LASF110
 1057 07a8 1A01     		.2byte	0x11a
 1058 07aa 22       		.byte	0x22
 1059 07ab F5070000 		.4byte	0x7f5
 1060 07af 11       		.uleb128 0x11
 1061 07b0 49060000 		.4byte	.LASF111
 1062 07b4 2301     		.2byte	0x123
 1063 07b6 22       		.byte	0x22
 1064 07b7 2F080000 		.4byte	0x82f
 1065 07bb 11       		.uleb128 0x11
 1066 07bc 1A080000 		.4byte	.LASF112
 1067 07c0 2B01     		.2byte	0x12b
 1068 07c2 21       		.byte	0x21
 1069 07c3 48010000 		.4byte	0x148
 1070 07c7 00       		.byte	0
 1071 07c8 04       		.uleb128 0x4
 1072 07c9 26070000 		.4byte	0x726
 1073 07cd 07       		.uleb128 0x7
 1074 07ce 1B060000 		.4byte	.LASF113
 1075 07d2 0C       		.byte	0xc
 1076 07d3 0D       		.byte	0xd
 1077 07d4 34       		.byte	0x34
 1078 07d5 10       		.byte	0x10
 1079 07d6 F5070000 		.4byte	0x7f5
 1080 07da 02       		.uleb128 0x2
 1081 07db 26030000 		.4byte	.LASF101
 1082 07df 0D       		.byte	0xd
 1083 07e0 35       		.byte	0x35
ARM GAS  /tmp/cczCvEok.s 			page 20


 1084 07e1 19       		.byte	0x19
 1085 07e2 C2030000 		.4byte	0x3c2
 1086 07e6 00       		.byte	0
 1087 07e7 09       		.uleb128 0x9
 1088 07e8 636E7400 		.ascii	"cnt\000"
 1089 07ec 0D       		.byte	0xd
 1090 07ed 37       		.byte	0x37
 1091 07ee 19       		.byte	0x19
 1092 07ef 54010000 		.4byte	0x154
 1093 07f3 08       		.byte	0x8
 1094 07f4 00       		.byte	0
 1095 07f5 04       		.uleb128 0x4
 1096 07f6 CD070000 		.4byte	0x7cd
 1097 07fa 07       		.uleb128 0x7
 1098 07fb 1B070000 		.4byte	.LASF114
 1099 07ff 10       		.byte	0x10
 1100 0800 0E       		.byte	0xe
 1101 0801 39       		.byte	0x39
 1102 0802 08       		.byte	0x8
 1103 0803 2F080000 		.4byte	0x82f
 1104 0807 02       		.uleb128 0x2
 1105 0808 26030000 		.4byte	.LASF101
 1106 080c 0E       		.byte	0xe
 1107 080d 3A       		.byte	0x3a
 1108 080e 19       		.byte	0x19
 1109 080f C2030000 		.4byte	0x3c2
 1110 0813 00       		.byte	0
 1111 0814 02       		.uleb128 0x2
 1112 0815 60060000 		.4byte	.LASF33
 1113 0819 0E       		.byte	0xe
 1114 081a 3C       		.byte	0x3c
 1115 081b 1A       		.byte	0x1a
 1116 081c AB040000 		.4byte	0x4ab
 1117 0820 08       		.byte	0x8
 1118 0821 02       		.uleb128 0x2
 1119 0822 3C000000 		.4byte	.LASF71
 1120 0826 0E       		.byte	0xe
 1121 0827 3E       		.byte	0x3e
 1122 0828 1A       		.byte	0x1a
 1123 0829 FC080000 		.4byte	0x8fc
 1124 082d 0C       		.byte	0xc
 1125 082e 00       		.byte	0
 1126 082f 04       		.uleb128 0x4
 1127 0830 FA070000 		.4byte	0x7fa
 1128 0834 04       		.uleb128 0x4
 1129 0835 62020000 		.4byte	0x262
 1130 0839 04       		.uleb128 0x4
 1131 083a 00010000 		.4byte	0x100
 1132 083e 16       		.uleb128 0x16
 1133 083f 4B040000 		.4byte	.LASF115
 1134 0843 10       		.byte	0x10
 1135 0844 06       		.byte	0x6
 1136 0845 6101     		.2byte	0x161
 1137 0847 10       		.byte	0x10
 1138 0848 67080000 		.4byte	0x867
 1139 084c 03       		.uleb128 0x3
 1140 084d E0060000 		.4byte	.LASF105
ARM GAS  /tmp/cczCvEok.s 			page 21


 1141 0851 6601     		.2byte	0x166
 1142 0853 21       		.byte	0x21
 1143 0854 FB030000 		.4byte	0x3fb
 1144 0858 00       		.byte	0
 1145 0859 03       		.uleb128 0x3
 1146 085a 4D050000 		.4byte	.LASF116
 1147 085e 6A01     		.2byte	0x16a
 1148 0860 22       		.byte	0x22
 1149 0861 AB040000 		.4byte	0x4ab
 1150 0865 0C       		.byte	0xc
 1151 0866 00       		.byte	0
 1152 0867 1F       		.uleb128 0x1f
 1153 0868 16000000 		.4byte	.LASF117
 1154 086c 6B01     		.2byte	0x16b
 1155 086e 3E080000 		.4byte	0x83e
 1156 0872 16       		.uleb128 0x16
 1157 0873 F9040000 		.4byte	.LASF118
 1158 0877 14       		.byte	0x14
 1159 0878 06       		.byte	0x6
 1160 0879 7001     		.2byte	0x170
 1161 087b 10       		.byte	0x10
 1162 087c C2080000 		.4byte	0x8c2
 1163 0880 03       		.uleb128 0x3
 1164 0881 21030000 		.4byte	.LASF34
 1165 0885 7401     		.2byte	0x174
 1166 0887 22       		.byte	0x22
 1167 0888 5C030000 		.4byte	0x35c
 1168 088c 00       		.byte	0
 1169 088d 03       		.uleb128 0x3
 1170 088e 50020000 		.4byte	.LASF119
 1171 0892 7A01     		.2byte	0x17a
 1172 0894 22       		.byte	0x22
 1173 0895 39080000 		.4byte	0x839
 1174 0899 04       		.byte	0x4
 1175 089a 03       		.uleb128 0x3
 1176 089b 3E070000 		.4byte	.LASF120
 1177 089f 7E01     		.2byte	0x17e
 1178 08a1 22       		.byte	0x22
 1179 08a2 39080000 		.4byte	0x839
 1180 08a6 08       		.byte	0x8
 1181 08a7 03       		.uleb128 0x3
 1182 08a8 68000000 		.4byte	.LASF121
 1183 08ac 8401     		.2byte	0x184
 1184 08ae 22       		.byte	0x22
 1185 08af 39080000 		.4byte	0x839
 1186 08b3 0C       		.byte	0xc
 1187 08b4 03       		.uleb128 0x3
 1188 08b5 60080000 		.4byte	.LASF122
 1189 08b9 8801     		.2byte	0x188
 1190 08bb 22       		.byte	0x22
 1191 08bc 39080000 		.4byte	0x839
 1192 08c0 10       		.byte	0x10
 1193 08c1 00       		.byte	0
 1194 08c2 1F       		.uleb128 0x1f
 1195 08c3 A6070000 		.4byte	.LASF123
 1196 08c7 8A01     		.2byte	0x18a
 1197 08c9 72080000 		.4byte	0x872
ARM GAS  /tmp/cczCvEok.s 			page 22


 1198 08cd 0D       		.uleb128 0xd
 1199 08ce C2080000 		.4byte	0x8c2
 1200 08d2 04       		.uleb128 0x4
 1201 08d3 CD080000 		.4byte	0x8cd
 1202 08d7 29       		.uleb128 0x29
 1203 08d8 63683000 		.ascii	"ch0\000"
 1204 08dc 13       		.byte	0x13
 1205 08dd 4101     		.2byte	0x141
 1206 08df 16       		.byte	0x16
 1207 08e0 62020000 		.4byte	0x262
 1208 08e4 01       		.uleb128 0x1
 1209 08e5 DE070000 		.4byte	.LASF124
 1210 08e9 0D       		.byte	0xd
 1211 08ea 38       		.byte	0x38
 1212 08eb 03       		.byte	0x3
 1213 08ec CD070000 		.4byte	0x7cd
 1214 08f0 01       		.uleb128 0x1
 1215 08f1 60020000 		.4byte	.LASF125
 1216 08f5 0E       		.byte	0xe
 1217 08f6 34       		.byte	0x34
 1218 08f7 19       		.byte	0x19
 1219 08f8 FA070000 		.4byte	0x7fa
 1220 08fc 04       		.uleb128 0x4
 1221 08fd F0080000 		.4byte	0x8f0
 1222 0901 06       		.uleb128 0x6
 1223 0902 01       		.byte	0x1
 1224 0903 02       		.byte	0x2
 1225 0904 A0050000 		.4byte	.LASF126
 1226 0908 01       		.uleb128 0x1
 1227 0909 C4000000 		.4byte	.LASF127
 1228 090d 0F       		.byte	0xf
 1229 090e 47       		.byte	0x47
 1230 090f 11       		.byte	0x11
 1231 0910 14090000 		.4byte	0x914
 1232 0914 04       		.uleb128 0x4
 1233 0915 19090000 		.4byte	0x919
 1234 0919 2A       		.uleb128 0x2a
 1235 091a B0040000 		.4byte	0x4b0
 1236 091e 2D090000 		.4byte	0x92d
 1237 0922 0B       		.uleb128 0xb
 1238 0923 25000000 		.4byte	0x25
 1239 0927 0B       		.uleb128 0xb
 1240 0928 31000000 		.4byte	0x31
 1241 092c 00       		.byte	0
 1242 092d 07       		.uleb128 0x7
 1243 092e C5070000 		.4byte	.LASF128
 1244 0932 04       		.byte	0x4
 1245 0933 10       		.byte	0x10
 1246 0934 38       		.byte	0x38
 1247 0935 08       		.byte	0x8
 1248 0936 48090000 		.4byte	0x948
 1249 093a 02       		.uleb128 0x2
 1250 093b 3C000000 		.4byte	.LASF71
 1251 093f 10       		.byte	0x10
 1252 0940 39       		.byte	0x39
 1253 0941 1A       		.byte	0x1a
 1254 0942 48090000 		.4byte	0x948
ARM GAS  /tmp/cczCvEok.s 			page 23


 1255 0946 00       		.byte	0
 1256 0947 00       		.byte	0
 1257 0948 04       		.uleb128 0x4
 1258 0949 2D090000 		.4byte	0x92d
 1259 094d 0A       		.uleb128 0xa
 1260 094e 10       		.byte	0x10
 1261 094f 10       		.byte	0x10
 1262 0950 40       		.byte	0x40
 1263 0951 09       		.byte	0x9
 1264 0952 8B090000 		.4byte	0x98b
 1265 0956 02       		.uleb128 0x2
 1266 0957 3C000000 		.4byte	.LASF71
 1267 095b 10       		.byte	0x10
 1268 095c 41       		.byte	0x41
 1269 095d 1A       		.byte	0x1a
 1270 095e 48090000 		.4byte	0x948
 1271 0962 00       		.byte	0
 1272 0963 02       		.uleb128 0x2
 1273 0964 1C050000 		.4byte	.LASF129
 1274 0968 10       		.byte	0x10
 1275 0969 42       		.byte	0x42
 1276 096a 19       		.byte	0x19
 1277 096b 25000000 		.4byte	0x25
 1278 096f 04       		.byte	0x4
 1279 0970 02       		.uleb128 0x2
 1280 0971 2D010000 		.4byte	.LASF130
 1281 0975 10       		.byte	0x10
 1282 0976 44       		.byte	0x44
 1283 0977 19       		.byte	0x19
 1284 0978 31000000 		.4byte	0x31
 1285 097c 08       		.byte	0x8
 1286 097d 02       		.uleb128 0x2
 1287 097e A2000000 		.4byte	.LASF131
 1288 0982 10       		.byte	0x10
 1289 0983 45       		.byte	0x45
 1290 0984 19       		.byte	0x19
 1291 0985 08090000 		.4byte	0x908
 1292 0989 0C       		.byte	0xc
 1293 098a 00       		.byte	0
 1294 098b 01       		.uleb128 0x1
 1295 098c 13030000 		.4byte	.LASF132
 1296 0990 10       		.byte	0x10
 1297 0991 47       		.byte	0x47
 1298 0992 03       		.byte	0x3
 1299 0993 4D090000 		.4byte	0x94d
 1300 0997 0A       		.uleb128 0xa
 1301 0998 1C       		.byte	0x1c
 1302 0999 10       		.byte	0x10
 1303 099a 4D       		.byte	0x4d
 1304 099b 09       		.byte	0x9
 1305 099c BB090000 		.4byte	0x9bb
 1306 09a0 09       		.uleb128 0x9
 1307 09a1 73656D00 		.ascii	"sem\000"
 1308 09a5 10       		.byte	0x10
 1309 09a6 4E       		.byte	0x4e
 1310 09a7 19       		.byte	0x19
 1311 09a8 E4080000 		.4byte	0x8e4
ARM GAS  /tmp/cczCvEok.s 			page 24


 1312 09ac 00       		.byte	0
 1313 09ad 02       		.uleb128 0x2
 1314 09ae F0070000 		.4byte	.LASF133
 1315 09b2 10       		.byte	0x10
 1316 09b3 50       		.byte	0x50
 1317 09b4 19       		.byte	0x19
 1318 09b5 8B090000 		.4byte	0x98b
 1319 09b9 0C       		.byte	0xc
 1320 09ba 00       		.byte	0
 1321 09bb 01       		.uleb128 0x1
 1322 09bc 00000000 		.4byte	.LASF134
 1323 09c0 10       		.byte	0x10
 1324 09c1 51       		.byte	0x51
 1325 09c2 03       		.byte	0x3
 1326 09c3 97090000 		.4byte	0x997
 1327 09c7 1B       		.uleb128 0x1b
 1328 09c8 28000000 		.4byte	.LASF135
 1329 09cc 0D       		.byte	0xd
 1330 09cd 64       		.byte	0x64
 1331 09ce D8090000 		.4byte	0x9d8
 1332 09d2 0B       		.uleb128 0xb
 1333 09d3 D8090000 		.4byte	0x9d8
 1334 09d7 00       		.byte	0
 1335 09d8 04       		.uleb128 0x4
 1336 09d9 E4080000 		.4byte	0x8e4
 1337 09dd 17       		.uleb128 0x17
 1338 09de 00020000 		.4byte	.LASF137
 1339 09e2 11       		.byte	0x11
 1340 09e3 9B       		.byte	0x9b
 1341 09e4 2B       		.uleb128 0x2b
 1342 09e5 8B060000 		.4byte	.LASF167
 1343 09e9 0D       		.byte	0xd
 1344 09ea 62       		.byte	0x62
 1345 09eb 09       		.byte	0x9
 1346 09ec 3C010000 		.4byte	0x13c
 1347 09f0 FF090000 		.4byte	0x9ff
 1348 09f4 0B       		.uleb128 0xb
 1349 09f5 D8090000 		.4byte	0x9d8
 1350 09f9 0B       		.uleb128 0xb
 1351 09fa 8A030000 		.4byte	0x38a
 1352 09fe 00       		.byte	0
 1353 09ff 1B       		.uleb128 0x1b
 1354 0a00 7F020000 		.4byte	.LASF136
 1355 0a04 0D       		.byte	0xd
 1356 0a05 5B       		.byte	0x5b
 1357 0a06 150A0000 		.4byte	0xa15
 1358 0a0a 0B       		.uleb128 0xb
 1359 0a0b D8090000 		.4byte	0x9d8
 1360 0a0f 0B       		.uleb128 0xb
 1361 0a10 54010000 		.4byte	0x154
 1362 0a14 00       		.byte	0
 1363 0a15 17       		.uleb128 0x17
 1364 0a16 AB020000 		.4byte	.LASF138
 1365 0a1a 08       		.byte	0x8
 1366 0a1b A8       		.byte	0xa8
 1367 0a1c 17       		.uleb128 0x17
 1368 0a1d 60050000 		.4byte	.LASF139
ARM GAS  /tmp/cczCvEok.s 			page 25


 1369 0a21 08       		.byte	0x8
 1370 0a22 A7       		.byte	0xa7
 1371 0a23 17       		.uleb128 0x17
 1372 0a24 20040000 		.4byte	.LASF140
 1373 0a28 08       		.byte	0x8
 1374 0a29 AD       		.byte	0xad
 1375 0a2a 1B       		.uleb128 0x1b
 1376 0a2b BB070000 		.4byte	.LASF141
 1377 0a2f 05       		.byte	0x5
 1378 0a30 E7       		.byte	0xe7
 1379 0a31 3B0A0000 		.4byte	0xa3b
 1380 0a35 0B       		.uleb128 0xb
 1381 0a36 5C030000 		.4byte	0x35c
 1382 0a3a 00       		.byte	0
 1383 0a3b 2C       		.uleb128 0x2c
 1384 0a3c EA050000 		.4byte	.LASF146
 1385 0a40 12       		.byte	0x12
 1386 0a41 4501     		.2byte	0x145
 1387 0a43 06       		.byte	0x6
 1388 0a44 630A0000 		.4byte	0xa63
 1389 0a48 15       		.uleb128 0x15
 1390 0a49 676D7000 		.ascii	"gmp\000"
 1391 0a4d 12       		.byte	0x12
 1392 0a4e 4501     		.2byte	0x145
 1393 0a50 2F       		.byte	0x2f
 1394 0a51 630A0000 		.4byte	0xa63
 1395 0a55 12       		.uleb128 0x12
 1396 0a56 0F060000 		.4byte	.LASF142
 1397 0a5a 12       		.byte	0x12
 1398 0a5b 4501     		.2byte	0x145
 1399 0a5d 3A       		.byte	0x3a
 1400 0a5e B0040000 		.4byte	0x4b0
 1401 0a62 00       		.byte	0
 1402 0a63 04       		.uleb128 0x4
 1403 0a64 BB090000 		.4byte	0x9bb
 1404 0a68 20       		.uleb128 0x20
 1405 0a69 36020000 		.4byte	.LASF143
 1406 0a6d 2E01     		.2byte	0x12e
 1407 0a6f B0040000 		.4byte	0x4b0
 1408 0a73 9B0A0000 		.4byte	0xa9b
 1409 0a77 15       		.uleb128 0x15
 1410 0a78 676D7000 		.ascii	"gmp\000"
 1411 0a7c 12       		.byte	0x12
 1412 0a7d 2E01     		.2byte	0x12e
 1413 0a7f 38       		.byte	0x38
 1414 0a80 630A0000 		.4byte	0xa63
 1415 0a84 12       		.uleb128 0x12
 1416 0a85 0B030000 		.4byte	.LASF144
 1417 0a89 12       		.byte	0x12
 1418 0a8a 2F01     		.2byte	0x12f
 1419 0a8c 2F       		.byte	0x2f
 1420 0a8d 8A030000 		.4byte	0x38a
 1421 0a91 21       		.uleb128 0x21
 1422 0a92 7000     		.ascii	"p\000"
 1423 0a94 3001     		.2byte	0x130
 1424 0a96 B0040000 		.4byte	0x4b0
 1425 0a9a 00       		.byte	0
ARM GAS  /tmp/cczCvEok.s 			page 26


 1426 0a9b 20       		.uleb128 0x20
 1427 0a9c 28050000 		.4byte	.LASF145
 1428 0aa0 1301     		.2byte	0x113
 1429 0aa2 B0040000 		.4byte	0x4b0
 1430 0aa6 D00A0000 		.4byte	0xad0
 1431 0aaa 15       		.uleb128 0x15
 1432 0aab 676D7000 		.ascii	"gmp\000"
 1433 0aaf 12       		.byte	0x12
 1434 0ab0 1301     		.2byte	0x113
 1435 0ab2 39       		.byte	0x39
 1436 0ab3 630A0000 		.4byte	0xa63
 1437 0ab7 12       		.uleb128 0x12
 1438 0ab8 0B030000 		.4byte	.LASF144
 1439 0abc 12       		.byte	0x12
 1440 0abd 1401     		.2byte	0x114
 1441 0abf 30       		.byte	0x30
 1442 0ac0 8A030000 		.4byte	0x38a
 1443 0ac4 21       		.uleb128 0x21
 1444 0ac5 6D736700 		.ascii	"msg\000"
 1445 0ac9 1501     		.2byte	0x115
 1446 0acb 3C010000 		.4byte	0x13c
 1447 0acf 00       		.byte	0
 1448 0ad0 13       		.uleb128 0x13
 1449 0ad1 04070000 		.4byte	.LASF147
 1450 0ad5 F7       		.byte	0xf7
 1451 0ad6 040B0000 		.4byte	0xb04
 1452 0ada 05       		.uleb128 0x5
 1453 0adb 676D7000 		.ascii	"gmp\000"
 1454 0adf 12       		.byte	0x12
 1455 0ae0 F7       		.byte	0xf7
 1456 0ae1 34       		.byte	0x34
 1457 0ae2 630A0000 		.4byte	0xa63
 1458 0ae6 05       		.uleb128 0x5
 1459 0ae7 7000     		.ascii	"p\000"
 1460 0ae9 12       		.byte	0x12
 1461 0aea F7       		.byte	0xf7
 1462 0aeb 3F       		.byte	0x3f
 1463 0aec B0040000 		.4byte	0x4b0
 1464 0af0 05       		.uleb128 0x5
 1465 0af1 6E00     		.ascii	"n\000"
 1466 0af3 12       		.byte	0x12
 1467 0af4 F7       		.byte	0xf7
 1468 0af5 49       		.byte	0x49
 1469 0af6 25000000 		.4byte	0x25
 1470 0afa 14       		.uleb128 0x14
 1471 0afb FC050000 		.4byte	.LASF151
 1472 0aff 140B0000 		.4byte	0xb14
 1473 0b03 00       		.byte	0
 1474 0b04 0F       		.uleb128 0xf
 1475 0b05 6D030000 		.4byte	0x36d
 1476 0b09 140B0000 		.4byte	0xb14
 1477 0b0d 10       		.uleb128 0x10
 1478 0b0e 31000000 		.4byte	0x31
 1479 0b12 16       		.byte	0x16
 1480 0b13 00       		.byte	0
 1481 0b14 0D       		.uleb128 0xd
 1482 0b15 040B0000 		.4byte	0xb04
ARM GAS  /tmp/cczCvEok.s 			page 27


 1483 0b19 13       		.uleb128 0x13
 1484 0b1a 93010000 		.4byte	.LASF148
 1485 0b1e E2       		.byte	0xe2
 1486 0b1f 480B0000 		.4byte	0xb48
 1487 0b23 05       		.uleb128 0x5
 1488 0b24 676D7000 		.ascii	"gmp\000"
 1489 0b28 12       		.byte	0x12
 1490 0b29 E2       		.byte	0xe2
 1491 0b2a 3C       		.byte	0x3c
 1492 0b2b 630A0000 		.4byte	0xa63
 1493 0b2f 0C       		.uleb128 0xc
 1494 0b30 EF030000 		.4byte	.LASF90
 1495 0b34 12       		.byte	0x12
 1496 0b35 E3       		.byte	0xe3
 1497 0b36 2C       		.byte	0x2c
 1498 0b37 25000000 		.4byte	0x25
 1499 0b3b 0C       		.uleb128 0xc
 1500 0b3c 2D010000 		.4byte	.LASF130
 1501 0b40 12       		.byte	0x12
 1502 0b41 E4       		.byte	0xe4
 1503 0b42 2E       		.byte	0x2e
 1504 0b43 31000000 		.4byte	0x31
 1505 0b47 00       		.byte	0
 1506 0b48 13       		.uleb128 0x13
 1507 0b49 09080000 		.4byte	.LASF149
 1508 0b4d CF       		.byte	0xcf
 1509 0b4e 6A0B0000 		.4byte	0xb6a
 1510 0b52 05       		.uleb128 0x5
 1511 0b53 6D7000   		.ascii	"mp\000"
 1512 0b56 12       		.byte	0x12
 1513 0b57 CF       		.byte	0xcf
 1514 0b58 20       		.byte	0x20
 1515 0b59 6A0B0000 		.4byte	0xb6a
 1516 0b5d 0C       		.uleb128 0xc
 1517 0b5e 0F060000 		.4byte	.LASF142
 1518 0b62 12       		.byte	0x12
 1519 0b63 CF       		.byte	0xcf
 1520 0b64 2A       		.byte	0x2a
 1521 0b65 B0040000 		.4byte	0x4b0
 1522 0b69 00       		.byte	0
 1523 0b6a 04       		.uleb128 0x4
 1524 0b6b 8B090000 		.4byte	0x98b
 1525 0b6f 13       		.uleb128 0x13
 1526 0b70 22020000 		.4byte	.LASF150
 1527 0b74 B7       		.byte	0xb7
 1528 0b75 A60B0000 		.4byte	0xba6
 1529 0b79 05       		.uleb128 0x5
 1530 0b7a 6D7000   		.ascii	"mp\000"
 1531 0b7d 12       		.byte	0x12
 1532 0b7e B7       		.byte	0xb7
 1533 0b7f 21       		.byte	0x21
 1534 0b80 6A0B0000 		.4byte	0xb6a
 1535 0b84 0C       		.uleb128 0xc
 1536 0b85 0F060000 		.4byte	.LASF142
 1537 0b89 12       		.byte	0x12
 1538 0b8a B7       		.byte	0xb7
 1539 0b8b 2B       		.byte	0x2b
ARM GAS  /tmp/cczCvEok.s 			page 28


 1540 0b8c B0040000 		.4byte	0x4b0
 1541 0b90 2D       		.uleb128 0x2d
 1542 0b91 70687000 		.ascii	"php\000"
 1543 0b95 12       		.byte	0x12
 1544 0b96 B8       		.byte	0xb8
 1545 0b97 17       		.byte	0x17
 1546 0b98 48090000 		.4byte	0x948
 1547 0b9c 14       		.uleb128 0x14
 1548 0b9d FC050000 		.4byte	.LASF151
 1549 0ba1 B60B0000 		.4byte	0xbb6
 1550 0ba5 00       		.byte	0
 1551 0ba6 0F       		.uleb128 0xf
 1552 0ba7 6D030000 		.4byte	0x36d
 1553 0bab B60B0000 		.4byte	0xbb6
 1554 0baf 10       		.uleb128 0x10
 1555 0bb0 31000000 		.4byte	0x31
 1556 0bb4 0B       		.byte	0xb
 1557 0bb5 00       		.byte	0
 1558 0bb6 0D       		.uleb128 0xd
 1559 0bb7 A60B0000 		.4byte	0xba6
 1560 0bbb 22       		.uleb128 0x22
 1561 0bbc FD070000 		.4byte	.LASF152
 1562 0bc0 A1       		.byte	0xa1
 1563 0bc1 B0040000 		.4byte	0x4b0
 1564 0bc5 DF0B0000 		.4byte	0xbdf
 1565 0bc9 05       		.uleb128 0x5
 1566 0bca 6D7000   		.ascii	"mp\000"
 1567 0bcd 12       		.byte	0x12
 1568 0bce A1       		.byte	0xa1
 1569 0bcf 22       		.byte	0x22
 1570 0bd0 6A0B0000 		.4byte	0xb6a
 1571 0bd4 23       		.uleb128 0x23
 1572 0bd5 0F060000 		.4byte	.LASF142
 1573 0bd9 A2       		.byte	0xa2
 1574 0bda B0040000 		.4byte	0x4b0
 1575 0bde 00       		.byte	0
 1576 0bdf 22       		.uleb128 0x22
 1577 0be0 33060000 		.4byte	.LASF153
 1578 0be4 81       		.byte	0x81
 1579 0be5 B0040000 		.4byte	0x4b0
 1580 0be9 0C0C0000 		.4byte	0xc0c
 1581 0bed 05       		.uleb128 0x5
 1582 0bee 6D7000   		.ascii	"mp\000"
 1583 0bf1 12       		.byte	0x12
 1584 0bf2 81       		.byte	0x81
 1585 0bf3 23       		.byte	0x23
 1586 0bf4 6A0B0000 		.4byte	0xb6a
 1587 0bf8 23       		.uleb128 0x23
 1588 0bf9 0F060000 		.4byte	.LASF142
 1589 0bfd 82       		.byte	0x82
 1590 0bfe B0040000 		.4byte	0x4b0
 1591 0c02 14       		.uleb128 0x14
 1592 0c03 FC050000 		.4byte	.LASF151
 1593 0c07 1C0C0000 		.4byte	0xc1c
 1594 0c0b 00       		.byte	0
 1595 0c0c 0F       		.uleb128 0xf
 1596 0c0d 6D030000 		.4byte	0x36d
ARM GAS  /tmp/cczCvEok.s 			page 29


 1597 0c11 1C0C0000 		.4byte	0xc1c
 1598 0c15 10       		.uleb128 0x10
 1599 0c16 31000000 		.4byte	0x31
 1600 0c1a 0C       		.byte	0xc
 1601 0c1b 00       		.byte	0
 1602 0c1c 0D       		.uleb128 0xd
 1603 0c1d 0C0C0000 		.4byte	0xc0c
 1604 0c21 13       		.uleb128 0x13
 1605 0c22 41080000 		.4byte	.LASF154
 1606 0c26 6A       		.byte	0x6a
 1607 0c27 540C0000 		.4byte	0xc54
 1608 0c2b 05       		.uleb128 0x5
 1609 0c2c 6D7000   		.ascii	"mp\000"
 1610 0c2f 12       		.byte	0x12
 1611 0c30 6A       		.byte	0x6a
 1612 0c31 25       		.byte	0x25
 1613 0c32 6A0B0000 		.4byte	0xb6a
 1614 0c36 05       		.uleb128 0x5
 1615 0c37 7000     		.ascii	"p\000"
 1616 0c39 12       		.byte	0x12
 1617 0c3a 6A       		.byte	0x6a
 1618 0c3b 2F       		.byte	0x2f
 1619 0c3c B0040000 		.4byte	0x4b0
 1620 0c40 05       		.uleb128 0x5
 1621 0c41 6E00     		.ascii	"n\000"
 1622 0c43 12       		.byte	0x12
 1623 0c44 6A       		.byte	0x6a
 1624 0c45 39       		.byte	0x39
 1625 0c46 25000000 		.4byte	0x25
 1626 0c4a 14       		.uleb128 0x14
 1627 0c4b FC050000 		.4byte	.LASF151
 1628 0c4f 640C0000 		.4byte	0xc64
 1629 0c53 00       		.byte	0
 1630 0c54 0F       		.uleb128 0xf
 1631 0c55 6D030000 		.4byte	0x36d
 1632 0c59 640C0000 		.4byte	0xc64
 1633 0c5d 10       		.uleb128 0x10
 1634 0c5e 31000000 		.4byte	0x31
 1635 0c62 0F       		.byte	0xf
 1636 0c63 00       		.byte	0
 1637 0c64 0D       		.uleb128 0xd
 1638 0c65 540C0000 		.4byte	0xc54
 1639 0c69 13       		.uleb128 0x13
 1640 0c6a E8010000 		.4byte	.LASF155
 1641 0c6e 4D       		.byte	0x4d
 1642 0c6f AC0C0000 		.4byte	0xcac
 1643 0c73 05       		.uleb128 0x5
 1644 0c74 6D7000   		.ascii	"mp\000"
 1645 0c77 12       		.byte	0x12
 1646 0c78 4D       		.byte	0x4d
 1647 0c79 2D       		.byte	0x2d
 1648 0c7a 6A0B0000 		.4byte	0xb6a
 1649 0c7e 0C       		.uleb128 0xc
 1650 0c7f EF030000 		.4byte	.LASF90
 1651 0c83 12       		.byte	0x12
 1652 0c84 4D       		.byte	0x4d
 1653 0c85 38       		.byte	0x38
ARM GAS  /tmp/cczCvEok.s 			page 30


 1654 0c86 25000000 		.4byte	0x25
 1655 0c8a 0C       		.uleb128 0xc
 1656 0c8b 2D010000 		.4byte	.LASF130
 1657 0c8f 12       		.byte	0x12
 1658 0c90 4E       		.byte	0x4e
 1659 0c91 27       		.byte	0x27
 1660 0c92 31000000 		.4byte	0x31
 1661 0c96 0C       		.uleb128 0xc
 1662 0c97 A2000000 		.4byte	.LASF131
 1663 0c9b 12       		.byte	0x12
 1664 0c9c 4E       		.byte	0x4e
 1665 0c9d 3B       		.byte	0x3b
 1666 0c9e 08090000 		.4byte	0x908
 1667 0ca2 14       		.uleb128 0x14
 1668 0ca3 FC050000 		.4byte	.LASF151
 1669 0ca7 BC0C0000 		.4byte	0xcbc
 1670 0cab 00       		.byte	0
 1671 0cac 0F       		.uleb128 0xf
 1672 0cad 6D030000 		.4byte	0x36d
 1673 0cb1 BC0C0000 		.4byte	0xcbc
 1674 0cb5 10       		.uleb128 0x10
 1675 0cb6 31000000 		.4byte	0x31
 1676 0cba 17       		.byte	0x17
 1677 0cbb 00       		.byte	0
 1678 0cbc 0D       		.uleb128 0xd
 1679 0cbd AC0C0000 		.4byte	0xcac
 1680 0cc1 1C       		.uleb128 0x1c
 1681 0cc2 57000000 		.4byte	.LASF156
 1682 0cc6 10       		.byte	0x10
 1683 0cc7 5101     		.2byte	0x151
 1684 0cc9 E80C0000 		.4byte	0xce8
 1685 0ccd 15       		.uleb128 0x15
 1686 0cce 676D7000 		.ascii	"gmp\000"
 1687 0cd2 10       		.byte	0x10
 1688 0cd3 5101     		.2byte	0x151
 1689 0cd5 3C       		.byte	0x3c
 1690 0cd6 630A0000 		.4byte	0xa63
 1691 0cda 12       		.uleb128 0x12
 1692 0cdb 0F060000 		.4byte	.LASF142
 1693 0cdf 10       		.byte	0x10
 1694 0ce0 5101     		.2byte	0x151
 1695 0ce2 47       		.byte	0x47
 1696 0ce3 B0040000 		.4byte	0x4b0
 1697 0ce7 00       		.byte	0
 1698 0ce8 1C       		.uleb128 0x1c
 1699 0ce9 E8000000 		.4byte	.LASF157
 1700 0ced 10       		.byte	0x10
 1701 0cee 2B01     		.2byte	0x12b
 1702 0cf0 0F0D0000 		.4byte	0xd0f
 1703 0cf4 15       		.uleb128 0x15
 1704 0cf5 676D7000 		.ascii	"gmp\000"
 1705 0cf9 10       		.byte	0x10
 1706 0cfa 2B01     		.2byte	0x12b
 1707 0cfc 3E       		.byte	0x3e
 1708 0cfd 630A0000 		.4byte	0xa63
 1709 0d01 12       		.uleb128 0x12
 1710 0d02 0F060000 		.4byte	.LASF142
ARM GAS  /tmp/cczCvEok.s 			page 31


 1711 0d06 10       		.byte	0x10
 1712 0d07 2B01     		.2byte	0x12b
 1713 0d09 49       		.byte	0x49
 1714 0d0a B0040000 		.4byte	0x4b0
 1715 0d0e 00       		.byte	0
 1716 0d0f 2E       		.uleb128 0x2e
 1717 0d10 31040000 		.4byte	.LASF158
 1718 0d14 10       		.byte	0x10
 1719 0d15 D2       		.byte	0xd2
 1720 0d16 14       		.byte	0x14
 1721 0d17 330D0000 		.4byte	0xd33
 1722 0d1b 05       		.uleb128 0x5
 1723 0d1c 6D7000   		.ascii	"mp\000"
 1724 0d1f 10       		.byte	0x10
 1725 0d20 D2       		.byte	0xd2
 1726 0d21 2D       		.byte	0x2d
 1727 0d22 6A0B0000 		.4byte	0xb6a
 1728 0d26 0C       		.uleb128 0xc
 1729 0d27 0F060000 		.4byte	.LASF142
 1730 0d2b 10       		.byte	0x10
 1731 0d2c D2       		.byte	0xd2
 1732 0d2d 37       		.byte	0x37
 1733 0d2e B0040000 		.4byte	0x4b0
 1734 0d32 00       		.byte	0
 1735 0d33 1C       		.uleb128 0x1c
 1736 0d34 35080000 		.4byte	.LASF159
 1737 0d38 13       		.byte	0x13
 1738 0d39 A501     		.2byte	0x1a5
 1739 0d3b 490D0000 		.4byte	0xd49
 1740 0d3f 14       		.uleb128 0x14
 1741 0d40 FC050000 		.4byte	.LASF151
 1742 0d44 B60B0000 		.4byte	0xbb6
 1743 0d48 00       		.byte	0
 1744 0d49 1D       		.uleb128 0x1d
 1745 0d4a 05060000 		.4byte	.LASF160
 1746 0d4e 13       		.byte	0x13
 1747 0d4f 9701     		.2byte	0x197
 1748 0d51 14       		.byte	0x14
 1749 0d52 1D       		.uleb128 0x1d
 1750 0d53 6F010000 		.4byte	.LASF161
 1751 0d57 0C       		.byte	0xc
 1752 0d58 D702     		.2byte	0x2d7
 1753 0d5a 1B       		.byte	0x1b
 1754 0d5b 1D       		.uleb128 0x1d
 1755 0d5c 56080000 		.4byte	.LASF162
 1756 0d60 0C       		.byte	0xc
 1757 0d61 BF02     		.2byte	0x2bf
 1758 0d63 1B       		.byte	0x1b
 1759 0d64 2F       		.uleb128 0x2f
 1760 0d65 C8060000 		.4byte	.LASF168
 1761 0d69 14       		.byte	0x14
 1762 0d6a EB01     		.2byte	0x1eb
 1763 0d6c 1B       		.byte	0x1b
 1764 0d6d 12       		.uleb128 0x12
 1765 0d6e 60010000 		.4byte	.LASF163
 1766 0d72 14       		.byte	0x14
 1767 0d73 EB01     		.2byte	0x1eb
ARM GAS  /tmp/cczCvEok.s 			page 32


 1768 0d75 32       		.byte	0x32
 1769 0d76 D7000000 		.4byte	0xd7
 1770 0d7a 00       		.byte	0
 1771 0d7b 00       		.byte	0
 1772              		.section	.gnu.debuglto_.debug_abbrev,"e",%progbits
 1773              	.Ldebug_abbrev0:
 1774 0000 01       		.uleb128 0x1
 1775 0001 16       		.uleb128 0x16
 1776 0002 00       		.byte	0
 1777 0003 03       		.uleb128 0x3
 1778 0004 0E       		.uleb128 0xe
 1779 0005 3A       		.uleb128 0x3a
 1780 0006 0B       		.uleb128 0xb
 1781 0007 3B       		.uleb128 0x3b
 1782 0008 0B       		.uleb128 0xb
 1783 0009 39       		.uleb128 0x39
 1784 000a 0B       		.uleb128 0xb
 1785 000b 49       		.uleb128 0x49
 1786 000c 13       		.uleb128 0x13
 1787 000d 00       		.byte	0
 1788 000e 00       		.byte	0
 1789 000f 02       		.uleb128 0x2
 1790 0010 0D       		.uleb128 0xd
 1791 0011 00       		.byte	0
 1792 0012 03       		.uleb128 0x3
 1793 0013 0E       		.uleb128 0xe
 1794 0014 3A       		.uleb128 0x3a
 1795 0015 0B       		.uleb128 0xb
 1796 0016 3B       		.uleb128 0x3b
 1797 0017 0B       		.uleb128 0xb
 1798 0018 39       		.uleb128 0x39
 1799 0019 0B       		.uleb128 0xb
 1800 001a 49       		.uleb128 0x49
 1801 001b 13       		.uleb128 0x13
 1802 001c 38       		.uleb128 0x38
 1803 001d 0B       		.uleb128 0xb
 1804 001e 00       		.byte	0
 1805 001f 00       		.byte	0
 1806 0020 03       		.uleb128 0x3
 1807 0021 0D       		.uleb128 0xd
 1808 0022 00       		.byte	0
 1809 0023 03       		.uleb128 0x3
 1810 0024 0E       		.uleb128 0xe
 1811 0025 3A       		.uleb128 0x3a
 1812 0026 21       		.uleb128 0x21
 1813 0027 06       		.sleb128 6
 1814 0028 3B       		.uleb128 0x3b
 1815 0029 05       		.uleb128 0x5
 1816 002a 39       		.uleb128 0x39
 1817 002b 0B       		.uleb128 0xb
 1818 002c 49       		.uleb128 0x49
 1819 002d 13       		.uleb128 0x13
 1820 002e 38       		.uleb128 0x38
 1821 002f 0B       		.uleb128 0xb
 1822 0030 00       		.byte	0
 1823 0031 00       		.byte	0
 1824 0032 04       		.uleb128 0x4
ARM GAS  /tmp/cczCvEok.s 			page 33


 1825 0033 0F       		.uleb128 0xf
 1826 0034 00       		.byte	0
 1827 0035 0B       		.uleb128 0xb
 1828 0036 21       		.uleb128 0x21
 1829 0037 04       		.sleb128 4
 1830 0038 49       		.uleb128 0x49
 1831 0039 13       		.uleb128 0x13
 1832 003a 00       		.byte	0
 1833 003b 00       		.byte	0
 1834 003c 05       		.uleb128 0x5
 1835 003d 05       		.uleb128 0x5
 1836 003e 00       		.byte	0
 1837 003f 03       		.uleb128 0x3
 1838 0040 08       		.uleb128 0x8
 1839 0041 3A       		.uleb128 0x3a
 1840 0042 0B       		.uleb128 0xb
 1841 0043 3B       		.uleb128 0x3b
 1842 0044 0B       		.uleb128 0xb
 1843 0045 39       		.uleb128 0x39
 1844 0046 0B       		.uleb128 0xb
 1845 0047 49       		.uleb128 0x49
 1846 0048 13       		.uleb128 0x13
 1847 0049 00       		.byte	0
 1848 004a 00       		.byte	0
 1849 004b 06       		.uleb128 0x6
 1850 004c 24       		.uleb128 0x24
 1851 004d 00       		.byte	0
 1852 004e 0B       		.uleb128 0xb
 1853 004f 0B       		.uleb128 0xb
 1854 0050 3E       		.uleb128 0x3e
 1855 0051 0B       		.uleb128 0xb
 1856 0052 03       		.uleb128 0x3
 1857 0053 0E       		.uleb128 0xe
 1858 0054 00       		.byte	0
 1859 0055 00       		.byte	0
 1860 0056 07       		.uleb128 0x7
 1861 0057 13       		.uleb128 0x13
 1862 0058 01       		.byte	0x1
 1863 0059 03       		.uleb128 0x3
 1864 005a 0E       		.uleb128 0xe
 1865 005b 0B       		.uleb128 0xb
 1866 005c 0B       		.uleb128 0xb
 1867 005d 3A       		.uleb128 0x3a
 1868 005e 0B       		.uleb128 0xb
 1869 005f 3B       		.uleb128 0x3b
 1870 0060 0B       		.uleb128 0xb
 1871 0061 39       		.uleb128 0x39
 1872 0062 0B       		.uleb128 0xb
 1873 0063 01       		.uleb128 0x1
 1874 0064 13       		.uleb128 0x13
 1875 0065 00       		.byte	0
 1876 0066 00       		.byte	0
 1877 0067 08       		.uleb128 0x8
 1878 0068 0D       		.uleb128 0xd
 1879 0069 00       		.byte	0
 1880 006a 03       		.uleb128 0x3
 1881 006b 08       		.uleb128 0x8
ARM GAS  /tmp/cczCvEok.s 			page 34


 1882 006c 3A       		.uleb128 0x3a
 1883 006d 0B       		.uleb128 0xb
 1884 006e 3B       		.uleb128 0x3b
 1885 006f 05       		.uleb128 0x5
 1886 0070 39       		.uleb128 0x39
 1887 0071 0B       		.uleb128 0xb
 1888 0072 49       		.uleb128 0x49
 1889 0073 13       		.uleb128 0x13
 1890 0074 38       		.uleb128 0x38
 1891 0075 0B       		.uleb128 0xb
 1892 0076 00       		.byte	0
 1893 0077 00       		.byte	0
 1894 0078 09       		.uleb128 0x9
 1895 0079 0D       		.uleb128 0xd
 1896 007a 00       		.byte	0
 1897 007b 03       		.uleb128 0x3
 1898 007c 08       		.uleb128 0x8
 1899 007d 3A       		.uleb128 0x3a
 1900 007e 0B       		.uleb128 0xb
 1901 007f 3B       		.uleb128 0x3b
 1902 0080 0B       		.uleb128 0xb
 1903 0081 39       		.uleb128 0x39
 1904 0082 0B       		.uleb128 0xb
 1905 0083 49       		.uleb128 0x49
 1906 0084 13       		.uleb128 0x13
 1907 0085 38       		.uleb128 0x38
 1908 0086 0B       		.uleb128 0xb
 1909 0087 00       		.byte	0
 1910 0088 00       		.byte	0
 1911 0089 0A       		.uleb128 0xa
 1912 008a 13       		.uleb128 0x13
 1913 008b 01       		.byte	0x1
 1914 008c 0B       		.uleb128 0xb
 1915 008d 0B       		.uleb128 0xb
 1916 008e 3A       		.uleb128 0x3a
 1917 008f 0B       		.uleb128 0xb
 1918 0090 3B       		.uleb128 0x3b
 1919 0091 0B       		.uleb128 0xb
 1920 0092 39       		.uleb128 0x39
 1921 0093 0B       		.uleb128 0xb
 1922 0094 01       		.uleb128 0x1
 1923 0095 13       		.uleb128 0x13
 1924 0096 00       		.byte	0
 1925 0097 00       		.byte	0
 1926 0098 0B       		.uleb128 0xb
 1927 0099 05       		.uleb128 0x5
 1928 009a 00       		.byte	0
 1929 009b 49       		.uleb128 0x49
 1930 009c 13       		.uleb128 0x13
 1931 009d 00       		.byte	0
 1932 009e 00       		.byte	0
 1933 009f 0C       		.uleb128 0xc
 1934 00a0 05       		.uleb128 0x5
 1935 00a1 00       		.byte	0
 1936 00a2 03       		.uleb128 0x3
 1937 00a3 0E       		.uleb128 0xe
 1938 00a4 3A       		.uleb128 0x3a
ARM GAS  /tmp/cczCvEok.s 			page 35


 1939 00a5 0B       		.uleb128 0xb
 1940 00a6 3B       		.uleb128 0x3b
 1941 00a7 0B       		.uleb128 0xb
 1942 00a8 39       		.uleb128 0x39
 1943 00a9 0B       		.uleb128 0xb
 1944 00aa 49       		.uleb128 0x49
 1945 00ab 13       		.uleb128 0x13
 1946 00ac 00       		.byte	0
 1947 00ad 00       		.byte	0
 1948 00ae 0D       		.uleb128 0xd
 1949 00af 26       		.uleb128 0x26
 1950 00b0 00       		.byte	0
 1951 00b1 49       		.uleb128 0x49
 1952 00b2 13       		.uleb128 0x13
 1953 00b3 00       		.byte	0
 1954 00b4 00       		.byte	0
 1955 00b5 0E       		.uleb128 0xe
 1956 00b6 0D       		.uleb128 0xd
 1957 00b7 00       		.byte	0
 1958 00b8 03       		.uleb128 0x3
 1959 00b9 0E       		.uleb128 0xe
 1960 00ba 3A       		.uleb128 0x3a
 1961 00bb 0B       		.uleb128 0xb
 1962 00bc 3B       		.uleb128 0x3b
 1963 00bd 0B       		.uleb128 0xb
 1964 00be 39       		.uleb128 0x39
 1965 00bf 0B       		.uleb128 0xb
 1966 00c0 49       		.uleb128 0x49
 1967 00c1 13       		.uleb128 0x13
 1968 00c2 00       		.byte	0
 1969 00c3 00       		.byte	0
 1970 00c4 0F       		.uleb128 0xf
 1971 00c5 01       		.uleb128 0x1
 1972 00c6 01       		.byte	0x1
 1973 00c7 49       		.uleb128 0x49
 1974 00c8 13       		.uleb128 0x13
 1975 00c9 01       		.uleb128 0x1
 1976 00ca 13       		.uleb128 0x13
 1977 00cb 00       		.byte	0
 1978 00cc 00       		.byte	0
 1979 00cd 10       		.uleb128 0x10
 1980 00ce 21       		.uleb128 0x21
 1981 00cf 00       		.byte	0
 1982 00d0 49       		.uleb128 0x49
 1983 00d1 13       		.uleb128 0x13
 1984 00d2 2F       		.uleb128 0x2f
 1985 00d3 0B       		.uleb128 0xb
 1986 00d4 00       		.byte	0
 1987 00d5 00       		.byte	0
 1988 00d6 11       		.uleb128 0x11
 1989 00d7 0D       		.uleb128 0xd
 1990 00d8 00       		.byte	0
 1991 00d9 03       		.uleb128 0x3
 1992 00da 0E       		.uleb128 0xe
 1993 00db 3A       		.uleb128 0x3a
 1994 00dc 21       		.uleb128 0x21
 1995 00dd 06       		.sleb128 6
ARM GAS  /tmp/cczCvEok.s 			page 36


 1996 00de 3B       		.uleb128 0x3b
 1997 00df 05       		.uleb128 0x5
 1998 00e0 39       		.uleb128 0x39
 1999 00e1 0B       		.uleb128 0xb
 2000 00e2 49       		.uleb128 0x49
 2001 00e3 13       		.uleb128 0x13
 2002 00e4 00       		.byte	0
 2003 00e5 00       		.byte	0
 2004 00e6 12       		.uleb128 0x12
 2005 00e7 05       		.uleb128 0x5
 2006 00e8 00       		.byte	0
 2007 00e9 03       		.uleb128 0x3
 2008 00ea 0E       		.uleb128 0xe
 2009 00eb 3A       		.uleb128 0x3a
 2010 00ec 0B       		.uleb128 0xb
 2011 00ed 3B       		.uleb128 0x3b
 2012 00ee 05       		.uleb128 0x5
 2013 00ef 39       		.uleb128 0x39
 2014 00f0 0B       		.uleb128 0xb
 2015 00f1 49       		.uleb128 0x49
 2016 00f2 13       		.uleb128 0x13
 2017 00f3 00       		.byte	0
 2018 00f4 00       		.byte	0
 2019 00f5 13       		.uleb128 0x13
 2020 00f6 2E       		.uleb128 0x2e
 2021 00f7 01       		.byte	0x1
 2022 00f8 3F       		.uleb128 0x3f
 2023 00f9 19       		.uleb128 0x19
 2024 00fa 03       		.uleb128 0x3
 2025 00fb 0E       		.uleb128 0xe
 2026 00fc 3A       		.uleb128 0x3a
 2027 00fd 21       		.uleb128 0x21
 2028 00fe 12       		.sleb128 18
 2029 00ff 3B       		.uleb128 0x3b
 2030 0100 0B       		.uleb128 0xb
 2031 0101 39       		.uleb128 0x39
 2032 0102 21       		.uleb128 0x21
 2033 0103 06       		.sleb128 6
 2034 0104 27       		.uleb128 0x27
 2035 0105 19       		.uleb128 0x19
 2036 0106 01       		.uleb128 0x1
 2037 0107 13       		.uleb128 0x13
 2038 0108 00       		.byte	0
 2039 0109 00       		.byte	0
 2040 010a 14       		.uleb128 0x14
 2041 010b 34       		.uleb128 0x34
 2042 010c 00       		.byte	0
 2043 010d 03       		.uleb128 0x3
 2044 010e 0E       		.uleb128 0xe
 2045 010f 49       		.uleb128 0x49
 2046 0110 13       		.uleb128 0x13
 2047 0111 34       		.uleb128 0x34
 2048 0112 19       		.uleb128 0x19
 2049 0113 00       		.byte	0
 2050 0114 00       		.byte	0
 2051 0115 15       		.uleb128 0x15
 2052 0116 05       		.uleb128 0x5
ARM GAS  /tmp/cczCvEok.s 			page 37


 2053 0117 00       		.byte	0
 2054 0118 03       		.uleb128 0x3
 2055 0119 08       		.uleb128 0x8
 2056 011a 3A       		.uleb128 0x3a
 2057 011b 0B       		.uleb128 0xb
 2058 011c 3B       		.uleb128 0x3b
 2059 011d 05       		.uleb128 0x5
 2060 011e 39       		.uleb128 0x39
 2061 011f 0B       		.uleb128 0xb
 2062 0120 49       		.uleb128 0x49
 2063 0121 13       		.uleb128 0x13
 2064 0122 00       		.byte	0
 2065 0123 00       		.byte	0
 2066 0124 16       		.uleb128 0x16
 2067 0125 13       		.uleb128 0x13
 2068 0126 01       		.byte	0x1
 2069 0127 03       		.uleb128 0x3
 2070 0128 0E       		.uleb128 0xe
 2071 0129 0B       		.uleb128 0xb
 2072 012a 0B       		.uleb128 0xb
 2073 012b 3A       		.uleb128 0x3a
 2074 012c 0B       		.uleb128 0xb
 2075 012d 3B       		.uleb128 0x3b
 2076 012e 05       		.uleb128 0x5
 2077 012f 39       		.uleb128 0x39
 2078 0130 0B       		.uleb128 0xb
 2079 0131 01       		.uleb128 0x1
 2080 0132 13       		.uleb128 0x13
 2081 0133 00       		.byte	0
 2082 0134 00       		.byte	0
 2083 0135 17       		.uleb128 0x17
 2084 0136 2E       		.uleb128 0x2e
 2085 0137 00       		.byte	0
 2086 0138 3F       		.uleb128 0x3f
 2087 0139 19       		.uleb128 0x19
 2088 013a 03       		.uleb128 0x3
 2089 013b 0E       		.uleb128 0xe
 2090 013c 3A       		.uleb128 0x3a
 2091 013d 0B       		.uleb128 0xb
 2092 013e 3B       		.uleb128 0x3b
 2093 013f 0B       		.uleb128 0xb
 2094 0140 39       		.uleb128 0x39
 2095 0141 21       		.uleb128 0x21
 2096 0142 08       		.sleb128 8
 2097 0143 27       		.uleb128 0x27
 2098 0144 19       		.uleb128 0x19
 2099 0145 3C       		.uleb128 0x3c
 2100 0146 19       		.uleb128 0x19
 2101 0147 00       		.byte	0
 2102 0148 00       		.byte	0
 2103 0149 18       		.uleb128 0x18
 2104 014a 17       		.uleb128 0x17
 2105 014b 01       		.byte	0x1
 2106 014c 0B       		.uleb128 0xb
 2107 014d 0B       		.uleb128 0xb
 2108 014e 3A       		.uleb128 0x3a
 2109 014f 0B       		.uleb128 0xb
ARM GAS  /tmp/cczCvEok.s 			page 38


 2110 0150 3B       		.uleb128 0x3b
 2111 0151 0B       		.uleb128 0xb
 2112 0152 39       		.uleb128 0x39
 2113 0153 21       		.uleb128 0x21
 2114 0154 03       		.sleb128 3
 2115 0155 01       		.uleb128 0x1
 2116 0156 13       		.uleb128 0x13
 2117 0157 00       		.byte	0
 2118 0158 00       		.byte	0
 2119 0159 19       		.uleb128 0x19
 2120 015a 0D       		.uleb128 0xd
 2121 015b 00       		.byte	0
 2122 015c 03       		.uleb128 0x3
 2123 015d 08       		.uleb128 0x8
 2124 015e 3A       		.uleb128 0x3a
 2125 015f 21       		.uleb128 0x21
 2126 0160 0B       		.sleb128 11
 2127 0161 3B       		.uleb128 0x3b
 2128 0162 0B       		.uleb128 0xb
 2129 0163 39       		.uleb128 0x39
 2130 0164 21       		.uleb128 0x21
 2131 0165 07       		.sleb128 7
 2132 0166 49       		.uleb128 0x49
 2133 0167 13       		.uleb128 0x13
 2134 0168 00       		.byte	0
 2135 0169 00       		.byte	0
 2136 016a 1A       		.uleb128 0x1a
 2137 016b 0D       		.uleb128 0xd
 2138 016c 00       		.byte	0
 2139 016d 03       		.uleb128 0x3
 2140 016e 0E       		.uleb128 0xe
 2141 016f 3A       		.uleb128 0x3a
 2142 0170 21       		.uleb128 0x21
 2143 0171 0B       		.sleb128 11
 2144 0172 3B       		.uleb128 0x3b
 2145 0173 0B       		.uleb128 0xb
 2146 0174 39       		.uleb128 0x39
 2147 0175 21       		.uleb128 0x21
 2148 0176 19       		.sleb128 25
 2149 0177 49       		.uleb128 0x49
 2150 0178 13       		.uleb128 0x13
 2151 0179 0D       		.uleb128 0xd
 2152 017a 0B       		.uleb128 0xb
 2153 017b 6B       		.uleb128 0x6b
 2154 017c 0B       		.uleb128 0xb
 2155 017d 00       		.byte	0
 2156 017e 00       		.byte	0
 2157 017f 1B       		.uleb128 0x1b
 2158 0180 2E       		.uleb128 0x2e
 2159 0181 01       		.byte	0x1
 2160 0182 3F       		.uleb128 0x3f
 2161 0183 19       		.uleb128 0x19
 2162 0184 03       		.uleb128 0x3
 2163 0185 0E       		.uleb128 0xe
 2164 0186 3A       		.uleb128 0x3a
 2165 0187 0B       		.uleb128 0xb
 2166 0188 3B       		.uleb128 0x3b
ARM GAS  /tmp/cczCvEok.s 			page 39


 2167 0189 0B       		.uleb128 0xb
 2168 018a 39       		.uleb128 0x39
 2169 018b 21       		.uleb128 0x21
 2170 018c 08       		.sleb128 8
 2171 018d 27       		.uleb128 0x27
 2172 018e 19       		.uleb128 0x19
 2173 018f 3C       		.uleb128 0x3c
 2174 0190 19       		.uleb128 0x19
 2175 0191 01       		.uleb128 0x1
 2176 0192 13       		.uleb128 0x13
 2177 0193 00       		.byte	0
 2178 0194 00       		.byte	0
 2179 0195 1C       		.uleb128 0x1c
 2180 0196 2E       		.uleb128 0x2e
 2181 0197 01       		.byte	0x1
 2182 0198 03       		.uleb128 0x3
 2183 0199 0E       		.uleb128 0xe
 2184 019a 3A       		.uleb128 0x3a
 2185 019b 0B       		.uleb128 0xb
 2186 019c 3B       		.uleb128 0x3b
 2187 019d 05       		.uleb128 0x5
 2188 019e 39       		.uleb128 0x39
 2189 019f 21       		.uleb128 0x21
 2190 01a0 14       		.sleb128 20
 2191 01a1 27       		.uleb128 0x27
 2192 01a2 19       		.uleb128 0x19
 2193 01a3 01       		.uleb128 0x1
 2194 01a4 13       		.uleb128 0x13
 2195 01a5 00       		.byte	0
 2196 01a6 00       		.byte	0
 2197 01a7 1D       		.uleb128 0x1d
 2198 01a8 2E       		.uleb128 0x2e
 2199 01a9 00       		.byte	0
 2200 01aa 03       		.uleb128 0x3
 2201 01ab 0E       		.uleb128 0xe
 2202 01ac 3A       		.uleb128 0x3a
 2203 01ad 0B       		.uleb128 0xb
 2204 01ae 3B       		.uleb128 0x3b
 2205 01af 05       		.uleb128 0x5
 2206 01b0 39       		.uleb128 0x39
 2207 01b1 0B       		.uleb128 0xb
 2208 01b2 27       		.uleb128 0x27
 2209 01b3 19       		.uleb128 0x19
 2210 01b4 00       		.byte	0
 2211 01b5 00       		.byte	0
 2212 01b6 1E       		.uleb128 0x1e
 2213 01b7 35       		.uleb128 0x35
 2214 01b8 00       		.byte	0
 2215 01b9 49       		.uleb128 0x49
 2216 01ba 13       		.uleb128 0x13
 2217 01bb 00       		.byte	0
 2218 01bc 00       		.byte	0
 2219 01bd 1F       		.uleb128 0x1f
 2220 01be 16       		.uleb128 0x16
 2221 01bf 00       		.byte	0
 2222 01c0 03       		.uleb128 0x3
 2223 01c1 0E       		.uleb128 0xe
ARM GAS  /tmp/cczCvEok.s 			page 40


 2224 01c2 3A       		.uleb128 0x3a
 2225 01c3 21       		.uleb128 0x21
 2226 01c4 06       		.sleb128 6
 2227 01c5 3B       		.uleb128 0x3b
 2228 01c6 05       		.uleb128 0x5
 2229 01c7 39       		.uleb128 0x39
 2230 01c8 21       		.uleb128 0x21
 2231 01c9 03       		.sleb128 3
 2232 01ca 49       		.uleb128 0x49
 2233 01cb 13       		.uleb128 0x13
 2234 01cc 00       		.byte	0
 2235 01cd 00       		.byte	0
 2236 01ce 20       		.uleb128 0x20
 2237 01cf 2E       		.uleb128 0x2e
 2238 01d0 01       		.byte	0x1
 2239 01d1 3F       		.uleb128 0x3f
 2240 01d2 19       		.uleb128 0x19
 2241 01d3 03       		.uleb128 0x3
 2242 01d4 0E       		.uleb128 0xe
 2243 01d5 3A       		.uleb128 0x3a
 2244 01d6 21       		.uleb128 0x21
 2245 01d7 12       		.sleb128 18
 2246 01d8 3B       		.uleb128 0x3b
 2247 01d9 05       		.uleb128 0x5
 2248 01da 39       		.uleb128 0x39
 2249 01db 21       		.uleb128 0x21
 2250 01dc 07       		.sleb128 7
 2251 01dd 27       		.uleb128 0x27
 2252 01de 19       		.uleb128 0x19
 2253 01df 49       		.uleb128 0x49
 2254 01e0 13       		.uleb128 0x13
 2255 01e1 01       		.uleb128 0x1
 2256 01e2 13       		.uleb128 0x13
 2257 01e3 00       		.byte	0
 2258 01e4 00       		.byte	0
 2259 01e5 21       		.uleb128 0x21
 2260 01e6 34       		.uleb128 0x34
 2261 01e7 00       		.byte	0
 2262 01e8 03       		.uleb128 0x3
 2263 01e9 08       		.uleb128 0x8
 2264 01ea 3A       		.uleb128 0x3a
 2265 01eb 21       		.uleb128 0x21
 2266 01ec 12       		.sleb128 18
 2267 01ed 3B       		.uleb128 0x3b
 2268 01ee 05       		.uleb128 0x5
 2269 01ef 39       		.uleb128 0x39
 2270 01f0 21       		.uleb128 0x21
 2271 01f1 09       		.sleb128 9
 2272 01f2 49       		.uleb128 0x49
 2273 01f3 13       		.uleb128 0x13
 2274 01f4 00       		.byte	0
 2275 01f5 00       		.byte	0
 2276 01f6 22       		.uleb128 0x22
 2277 01f7 2E       		.uleb128 0x2e
 2278 01f8 01       		.byte	0x1
 2279 01f9 3F       		.uleb128 0x3f
 2280 01fa 19       		.uleb128 0x19
ARM GAS  /tmp/cczCvEok.s 			page 41


 2281 01fb 03       		.uleb128 0x3
 2282 01fc 0E       		.uleb128 0xe
 2283 01fd 3A       		.uleb128 0x3a
 2284 01fe 21       		.uleb128 0x21
 2285 01ff 12       		.sleb128 18
 2286 0200 3B       		.uleb128 0x3b
 2287 0201 0B       		.uleb128 0xb
 2288 0202 39       		.uleb128 0x39
 2289 0203 21       		.uleb128 0x21
 2290 0204 07       		.sleb128 7
 2291 0205 27       		.uleb128 0x27
 2292 0206 19       		.uleb128 0x19
 2293 0207 49       		.uleb128 0x49
 2294 0208 13       		.uleb128 0x13
 2295 0209 01       		.uleb128 0x1
 2296 020a 13       		.uleb128 0x13
 2297 020b 00       		.byte	0
 2298 020c 00       		.byte	0
 2299 020d 23       		.uleb128 0x23
 2300 020e 34       		.uleb128 0x34
 2301 020f 00       		.byte	0
 2302 0210 03       		.uleb128 0x3
 2303 0211 0E       		.uleb128 0xe
 2304 0212 3A       		.uleb128 0x3a
 2305 0213 21       		.uleb128 0x21
 2306 0214 12       		.sleb128 18
 2307 0215 3B       		.uleb128 0x3b
 2308 0216 0B       		.uleb128 0xb
 2309 0217 39       		.uleb128 0x39
 2310 0218 21       		.uleb128 0x21
 2311 0219 09       		.sleb128 9
 2312 021a 49       		.uleb128 0x49
 2313 021b 13       		.uleb128 0x13
 2314 021c 00       		.byte	0
 2315 021d 00       		.byte	0
 2316 021e 24       		.uleb128 0x24
 2317 021f 11       		.uleb128 0x11
 2318 0220 01       		.byte	0x1
 2319 0221 25       		.uleb128 0x25
 2320 0222 0E       		.uleb128 0xe
 2321 0223 13       		.uleb128 0x13
 2322 0224 0B       		.uleb128 0xb
 2323 0225 03       		.uleb128 0x3
 2324 0226 0E       		.uleb128 0xe
 2325 0227 1B       		.uleb128 0x1b
 2326 0228 0E       		.uleb128 0xe
 2327 0229 10       		.uleb128 0x10
 2328 022a 17       		.uleb128 0x17
 2329 022b 00       		.byte	0
 2330 022c 00       		.byte	0
 2331 022d 25       		.uleb128 0x25
 2332 022e 24       		.uleb128 0x24
 2333 022f 00       		.byte	0
 2334 0230 0B       		.uleb128 0xb
 2335 0231 0B       		.uleb128 0xb
 2336 0232 3E       		.uleb128 0x3e
 2337 0233 0B       		.uleb128 0xb
ARM GAS  /tmp/cczCvEok.s 			page 42


 2338 0234 03       		.uleb128 0x3
 2339 0235 08       		.uleb128 0x8
 2340 0236 00       		.byte	0
 2341 0237 00       		.byte	0
 2342 0238 26       		.uleb128 0x26
 2343 0239 13       		.uleb128 0x13
 2344 023a 01       		.byte	0x1
 2345 023b 03       		.uleb128 0x3
 2346 023c 0E       		.uleb128 0xe
 2347 023d 0B       		.uleb128 0xb
 2348 023e 05       		.uleb128 0x5
 2349 023f 3A       		.uleb128 0x3a
 2350 0240 0B       		.uleb128 0xb
 2351 0241 3B       		.uleb128 0x3b
 2352 0242 05       		.uleb128 0x5
 2353 0243 39       		.uleb128 0x39
 2354 0244 0B       		.uleb128 0xb
 2355 0245 01       		.uleb128 0x1
 2356 0246 13       		.uleb128 0x13
 2357 0247 00       		.byte	0
 2358 0248 00       		.byte	0
 2359 0249 27       		.uleb128 0x27
 2360 024a 0F       		.uleb128 0xf
 2361 024b 00       		.byte	0
 2362 024c 0B       		.uleb128 0xb
 2363 024d 0B       		.uleb128 0xb
 2364 024e 00       		.byte	0
 2365 024f 00       		.byte	0
 2366 0250 28       		.uleb128 0x28
 2367 0251 13       		.uleb128 0x13
 2368 0252 01       		.byte	0x1
 2369 0253 0B       		.uleb128 0xb
 2370 0254 05       		.uleb128 0x5
 2371 0255 3A       		.uleb128 0x3a
 2372 0256 0B       		.uleb128 0xb
 2373 0257 3B       		.uleb128 0x3b
 2374 0258 0B       		.uleb128 0xb
 2375 0259 39       		.uleb128 0x39
 2376 025a 0B       		.uleb128 0xb
 2377 025b 01       		.uleb128 0x1
 2378 025c 13       		.uleb128 0x13
 2379 025d 00       		.byte	0
 2380 025e 00       		.byte	0
 2381 025f 29       		.uleb128 0x29
 2382 0260 34       		.uleb128 0x34
 2383 0261 00       		.byte	0
 2384 0262 03       		.uleb128 0x3
 2385 0263 08       		.uleb128 0x8
 2386 0264 3A       		.uleb128 0x3a
 2387 0265 0B       		.uleb128 0xb
 2388 0266 3B       		.uleb128 0x3b
 2389 0267 05       		.uleb128 0x5
 2390 0268 39       		.uleb128 0x39
 2391 0269 0B       		.uleb128 0xb
 2392 026a 49       		.uleb128 0x49
 2393 026b 13       		.uleb128 0x13
 2394 026c 3F       		.uleb128 0x3f
ARM GAS  /tmp/cczCvEok.s 			page 43


 2395 026d 19       		.uleb128 0x19
 2396 026e 3C       		.uleb128 0x3c
 2397 026f 19       		.uleb128 0x19
 2398 0270 00       		.byte	0
 2399 0271 00       		.byte	0
 2400 0272 2A       		.uleb128 0x2a
 2401 0273 15       		.uleb128 0x15
 2402 0274 01       		.byte	0x1
 2403 0275 27       		.uleb128 0x27
 2404 0276 19       		.uleb128 0x19
 2405 0277 49       		.uleb128 0x49
 2406 0278 13       		.uleb128 0x13
 2407 0279 01       		.uleb128 0x1
 2408 027a 13       		.uleb128 0x13
 2409 027b 00       		.byte	0
 2410 027c 00       		.byte	0
 2411 027d 2B       		.uleb128 0x2b
 2412 027e 2E       		.uleb128 0x2e
 2413 027f 01       		.byte	0x1
 2414 0280 3F       		.uleb128 0x3f
 2415 0281 19       		.uleb128 0x19
 2416 0282 03       		.uleb128 0x3
 2417 0283 0E       		.uleb128 0xe
 2418 0284 3A       		.uleb128 0x3a
 2419 0285 0B       		.uleb128 0xb
 2420 0286 3B       		.uleb128 0x3b
 2421 0287 0B       		.uleb128 0xb
 2422 0288 39       		.uleb128 0x39
 2423 0289 0B       		.uleb128 0xb
 2424 028a 27       		.uleb128 0x27
 2425 028b 19       		.uleb128 0x19
 2426 028c 49       		.uleb128 0x49
 2427 028d 13       		.uleb128 0x13
 2428 028e 3C       		.uleb128 0x3c
 2429 028f 19       		.uleb128 0x19
 2430 0290 01       		.uleb128 0x1
 2431 0291 13       		.uleb128 0x13
 2432 0292 00       		.byte	0
 2433 0293 00       		.byte	0
 2434 0294 2C       		.uleb128 0x2c
 2435 0295 2E       		.uleb128 0x2e
 2436 0296 01       		.byte	0x1
 2437 0297 3F       		.uleb128 0x3f
 2438 0298 19       		.uleb128 0x19
 2439 0299 03       		.uleb128 0x3
 2440 029a 0E       		.uleb128 0xe
 2441 029b 3A       		.uleb128 0x3a
 2442 029c 0B       		.uleb128 0xb
 2443 029d 3B       		.uleb128 0x3b
 2444 029e 05       		.uleb128 0x5
 2445 029f 39       		.uleb128 0x39
 2446 02a0 0B       		.uleb128 0xb
 2447 02a1 27       		.uleb128 0x27
 2448 02a2 19       		.uleb128 0x19
 2449 02a3 01       		.uleb128 0x1
 2450 02a4 13       		.uleb128 0x13
 2451 02a5 00       		.byte	0
ARM GAS  /tmp/cczCvEok.s 			page 44


 2452 02a6 00       		.byte	0
 2453 02a7 2D       		.uleb128 0x2d
 2454 02a8 34       		.uleb128 0x34
 2455 02a9 00       		.byte	0
 2456 02aa 03       		.uleb128 0x3
 2457 02ab 08       		.uleb128 0x8
 2458 02ac 3A       		.uleb128 0x3a
 2459 02ad 0B       		.uleb128 0xb
 2460 02ae 3B       		.uleb128 0x3b
 2461 02af 0B       		.uleb128 0xb
 2462 02b0 39       		.uleb128 0x39
 2463 02b1 0B       		.uleb128 0xb
 2464 02b2 49       		.uleb128 0x49
 2465 02b3 13       		.uleb128 0x13
 2466 02b4 00       		.byte	0
 2467 02b5 00       		.byte	0
 2468 02b6 2E       		.uleb128 0x2e
 2469 02b7 2E       		.uleb128 0x2e
 2470 02b8 01       		.byte	0x1
 2471 02b9 03       		.uleb128 0x3
 2472 02ba 0E       		.uleb128 0xe
 2473 02bb 3A       		.uleb128 0x3a
 2474 02bc 0B       		.uleb128 0xb
 2475 02bd 3B       		.uleb128 0x3b
 2476 02be 0B       		.uleb128 0xb
 2477 02bf 39       		.uleb128 0x39
 2478 02c0 0B       		.uleb128 0xb
 2479 02c1 27       		.uleb128 0x27
 2480 02c2 19       		.uleb128 0x19
 2481 02c3 01       		.uleb128 0x1
 2482 02c4 13       		.uleb128 0x13
 2483 02c5 00       		.byte	0
 2484 02c6 00       		.byte	0
 2485 02c7 2F       		.uleb128 0x2f
 2486 02c8 2E       		.uleb128 0x2e
 2487 02c9 01       		.byte	0x1
 2488 02ca 03       		.uleb128 0x3
 2489 02cb 0E       		.uleb128 0xe
 2490 02cc 3A       		.uleb128 0x3a
 2491 02cd 0B       		.uleb128 0xb
 2492 02ce 3B       		.uleb128 0x3b
 2493 02cf 05       		.uleb128 0x5
 2494 02d0 39       		.uleb128 0x39
 2495 02d1 0B       		.uleb128 0xb
 2496 02d2 27       		.uleb128 0x27
 2497 02d3 19       		.uleb128 0x19
 2498 02d4 00       		.byte	0
 2499 02d5 00       		.byte	0
 2500 02d6 00       		.byte	0
 2501              		.section	.gnu.debuglto_.debug_line,"e",%progbits
 2502              	.Ldebug_line0:
 2503 0000 B5000000 		.4byte	.LELT0-.LSLT0
 2504              	.LSLT0:
 2505 0004 0500     		.2byte	0x5
 2506 0006 04       		.byte	0x4
 2507 0007 00       		.byte	0
 2508 0008 AD000000 		.4byte	.LELTP0-.LASLTP0
ARM GAS  /tmp/cczCvEok.s 			page 45


 2509              	.LASLTP0:
 2510 000c 01       		.byte	0x1
 2511 000d 01       		.byte	0x1
 2512 000e 01       		.byte	0x1
 2513 000f F6       		.byte	0xf6
 2514 0010 F2       		.byte	0xf2
 2515 0011 0D       		.byte	0xd
 2516 0012 00       		.byte	0
 2517 0013 01       		.byte	0x1
 2518 0014 01       		.byte	0x1
 2519 0015 01       		.byte	0x1
 2520 0016 01       		.byte	0x1
 2521 0017 00       		.byte	0
 2522 0018 00       		.byte	0
 2523 0019 00       		.byte	0
 2524 001a 01       		.byte	0x1
 2525 001b 00       		.byte	0
 2526 001c 00       		.byte	0
 2527 001d 01       		.byte	0x1
 2528 001e 01       		.byte	0x1
 2529 001f 01       		.uleb128 0x1
 2530 0020 1F       		.uleb128 0x1f
 2531 0021 0A       		.uleb128 0xa
 2532 0022 88000000 		.4byte	.LASF169
 2533 0026 01010000 		.4byte	.LASF170
 2534 002a 24020000 		.4byte	.LASF171
 2535 002e 89030000 		.4byte	.LASF172
 2536 0032 BC020000 		.4byte	.LASF173
 2537 0036 9B020000 		.4byte	.LASF174
 2538 003a F9010000 		.4byte	.LASF175
 2539 003e 11000000 		.4byte	.LASF176
 2540 0042 68010000 		.4byte	.LASF177
 2541 0046 E1020000 		.4byte	.LASF178
 2542 004a 02       		.byte	0x2
 2543 004b 01       		.uleb128 0x1
 2544 004c 1F       		.uleb128 0x1f
 2545 004d 02       		.uleb128 0x2
 2546 004e 0B       		.uleb128 0xb
 2547 004f 15       		.uleb128 0x15
 2548 0050 3A010000 		.4byte	.LASF179
 2549 0054 00       		.byte	0
 2550 0055 92020000 		.4byte	.LASF180
 2551 0059 09       		.byte	0x9
 2552 005a 00000000 		.4byte	.LASF181
 2553 005e 07       		.byte	0x7
 2554 005f 6A020000 		.4byte	.LASF182
 2555 0063 08       		.byte	0x8
 2556 0064 60020000 		.4byte	.LASF183
 2557 0068 02       		.byte	0x2
 2558 0069 6B030000 		.4byte	.LASF184
 2559 006d 06       		.byte	0x6
 2560 006e 86020000 		.4byte	.LASF185
 2561 0072 06       		.byte	0x6
 2562 0073 DB010000 		.4byte	.LASF186
 2563 0077 06       		.byte	0x6
 2564 0078 75030000 		.4byte	.LASF187
 2565 007c 06       		.byte	0x6
ARM GAS  /tmp/cczCvEok.s 			page 46


 2566 007d 1B020000 		.4byte	.LASF188
 2567 0081 06       		.byte	0x6
 2568 0082 7C020000 		.4byte	.LASF189
 2569 0086 06       		.byte	0x6
 2570 0087 7F030000 		.4byte	.LASF190
 2571 008b 06       		.byte	0x6
 2572 008c F0000000 		.4byte	.LASF191
 2573 0090 03       		.byte	0x3
 2574 0091 F9000000 		.4byte	.LASF192
 2575 0095 06       		.byte	0x6
 2576 0096 E4010000 		.4byte	.LASF193
 2577 009a 06       		.byte	0x6
 2578 009b DB000000 		.4byte	.LASF194
 2579 009f 04       		.byte	0x4
 2580 00a0 EC010000 		.4byte	.LASF195
 2581 00a4 04       		.byte	0x4
 2582 00a5 E7000000 		.4byte	.LASF196
 2583 00a9 06       		.byte	0x6
 2584 00aa 53020000 		.4byte	.LASF197
 2585 00ae 05       		.byte	0x5
 2586 00af 74020000 		.4byte	.LASF198
 2587 00b3 06       		.byte	0x6
 2588 00b4 5F030000 		.4byte	.LASF199
 2589 00b8 01       		.byte	0x1
 2590              	.LELTP0:
 2591              	.LELT0:
 2592              		.section	.gnu.debuglto_.debug_str,"eMS",%progbits,1
 2593              	.LASF134:
 2594 0000 67756172 		.ascii	"guarded_memory_pool_t\000"
 2594      6465645F 
 2594      6D656D6F 
 2594      72795F70 
 2594      6F6F6C5F 
 2595              	.LASF117:
 2596 0016 72656164 		.ascii	"ready_list_t\000"
 2596      795F6C69 
 2596      73745F74 
 2596      00
 2597              	.LASF53:
 2598 0023 72666375 		.ascii	"rfcu\000"
 2598      00
 2599              	.LASF135:
 2600 0028 63685365 		.ascii	"chSemSignalI\000"
 2600      6D536967 
 2600      6E616C49 
 2600      00
 2601              	.LASF4:
 2602 0035 73697A65 		.ascii	"size_t\000"
 2602      5F7400
 2603              	.LASF71:
 2604 003c 6E657874 		.ascii	"next\000"
 2604      00
 2605              	.LASF80:
 2606 0041 64656C74 		.ascii	"delta\000"
 2606      6100
 2607              	.LASF106:
 2608 0047 7264796D 		.ascii	"rdymsg\000"
ARM GAS  /tmp/cczCvEok.s 			page 47


 2608      736700
 2609              	.LASF20:
 2610 004e 75696E74 		.ascii	"uint64_t\000"
 2610      36345F74 
 2610      00
 2611              	.LASF156:
 2612 0057 63684775 		.ascii	"chGuardedPoolAdd\000"
 2612      61726465 
 2612      64506F6F 
 2612      6C416464 
 2612      00
 2613              	.LASF121:
 2614 0068 69646C65 		.ascii	"idlethread_base\000"
 2614      74687265 
 2614      61645F62 
 2614      61736500 
 2615              	.LASF5:
 2616 0078 5F5F7569 		.ascii	"__uint8_t\000"
 2616      6E74385F 
 2616      7400
 2617              	.LASF74:
 2618 0082 70726576 		.ascii	"prev\000"
 2618      00
 2619              	.LASF93:
 2620 0087 706F7274 		.ascii	"port_intctx\000"
 2620      5F696E74 
 2620      63747800 
 2621              	.LASF66:
 2622 0093 73797374 		.ascii	"system_debug_t\000"
 2622      656D5F64 
 2622      65627567 
 2622      5F7400
 2623              	.LASF131:
 2624 00a2 70726F76 		.ascii	"provider\000"
 2624      69646572 
 2624      00
 2625              	.LASF85:
 2626 00ab 74797065 		.ascii	"type\000"
 2626      00
 2627              	.LASF75:
 2628 00b0 63685F70 		.ascii	"ch_priority_queue_t\000"
 2628      72696F72 
 2628      6974795F 
 2628      71756575 
 2628      655F7400 
 2629              	.LASF127:
 2630 00c4 6D656D67 		.ascii	"memgetfunc_t\000"
 2630      65746675 
 2630      6E635F74 
 2630      00
 2631              	.LASF15:
 2632 00d1 6C6F6E67 		.ascii	"long long unsigned int\000"
 2632      206C6F6E 
 2632      6720756E 
 2632      7369676E 
 2632      65642069 
 2633              	.LASF157:
ARM GAS  /tmp/cczCvEok.s 			page 48


 2634 00e8 63684775 		.ascii	"chGuardedPoolFreeI\000"
 2634      61726465 
 2634      64506F6F 
 2634      6C467265 
 2634      654900
 2635              	.LASF107:
 2636 00fb 65786974 		.ascii	"exitcode\000"
 2636      636F6465 
 2636      00
 2637              	.LASF55:
 2638 0104 6D61696E 		.ascii	"mainthread\000"
 2638      74687265 
 2638      616400
 2639              	.LASF109:
 2640 010f 73656E74 		.ascii	"sentmsg\000"
 2640      6D736700 
 2641              	.LASF99:
 2642 0117 76697274 		.ascii	"virtual_timers_list_t\000"
 2642      75616C5F 
 2642      74696D65 
 2642      72735F6C 
 2642      6973745F 
 2643              	.LASF130:
 2644 012d 616C6967 		.ascii	"align\000"
 2644      6E00
 2645              	.LASF39:
 2646 0133 72656673 		.ascii	"refs\000"
 2646      00
 2647              	.LASF1:
 2648 0138 6C6F6E67 		.ascii	"long long int\000"
 2648      206C6F6E 
 2648      6720696E 
 2648      7400
 2649              	.LASF3:
 2650 0146 7369676E 		.ascii	"signed char\000"
 2650      65642063 
 2650      68617200 
 2651              	.LASF79:
 2652 0152 63685F64 		.ascii	"ch_delta_list\000"
 2652      656C7461 
 2652      5F6C6973 
 2652      7400
 2653              	.LASF163:
 2654 0160 62617365 		.ascii	"basePri\000"
 2654      50726900 
 2655              	.LASF50:
 2656 0168 76746C69 		.ascii	"vtlist\000"
 2656      737400
 2657              	.LASF161:
 2658 016f 706F7274 		.ascii	"port_unlock\000"
 2658      5F756E6C 
 2658      6F636B00 
 2659              	.LASF37:
 2660 017b 73746174 		.ascii	"state\000"
 2660      6500
 2661              	.LASF11:
 2662 0181 6C6F6E67 		.ascii	"long int\000"
ARM GAS  /tmp/cczCvEok.s 			page 49


 2662      20696E74 
 2662      00
 2663              	.LASF24:
 2664 018a 74737461 		.ascii	"tstate_t\000"
 2664      74655F74 
 2664      00
 2665              	.LASF148:
 2666 0193 63684775 		.ascii	"chGuardedPoolObjectInitAligned\000"
 2666      61726465 
 2666      64506F6F 
 2666      6C4F626A 
 2666      65637449 
 2667              	.LASF58:
 2668 01b2 63685F72 		.ascii	"ch_rfcu\000"
 2668      66637500 
 2669              	.LASF73:
 2670 01ba 63685F71 		.ascii	"ch_queue\000"
 2670      75657565 
 2670      00
 2671              	.LASF17:
 2672 01c3 75696E74 		.ascii	"uint16_t\000"
 2672      31365F74 
 2672      00
 2673              	.LASF78:
 2674 01cc 63685F64 		.ascii	"ch_delta_list_t\000"
 2674      656C7461 
 2674      5F6C6973 
 2674      745F7400 
 2675              	.LASF100:
 2676 01dc 63685F72 		.ascii	"ch_registry\000"
 2676      65676973 
 2676      74727900 
 2677              	.LASF155:
 2678 01e8 6368506F 		.ascii	"chPoolObjectInitAligned\000"
 2678      6F6C4F62 
 2678      6A656374 
 2678      496E6974 
 2678      416C6967 
 2679              	.LASF137:
 2680 0200 63685363 		.ascii	"chSchRescheduleS\000"
 2680      68526573 
 2680      63686564 
 2680      756C6553 
 2680      00
 2681              	.LASF12:
 2682 0211 5F5F7569 		.ascii	"__uint32_t\000"
 2682      6E743332 
 2682      5F7400
 2683              	.LASF36:
 2684 021c 7761656E 		.ascii	"waend\000"
 2684      6400
 2685              	.LASF150:
 2686 0222 6368506F 		.ascii	"chPoolFreeI\000"
 2686      6F6C4672 
 2686      65654900 
 2687              	.LASF40:
 2688 022e 77616974 		.ascii	"waiting\000"
ARM GAS  /tmp/cczCvEok.s 			page 50


 2688      696E6700 
 2689              	.LASF143:
 2690 0236 63684775 		.ascii	"chGuardedPoolAllocTimeout\000"
 2690      61726465 
 2690      64506F6F 
 2690      6C416C6C 
 2690      6F635469 
 2691              	.LASF119:
 2692 0250 6D61696E 		.ascii	"mainthread_base\000"
 2692      74687265 
 2692      61645F62 
 2692      61736500 
 2693              	.LASF125:
 2694 0260 6D757465 		.ascii	"mutex_t\000"
 2694      785F7400 
 2695              	.LASF64:
 2696 0268 6C6F636B 		.ascii	"lock_cnt\000"
 2696      5F636E74 
 2696      00
 2697              	.LASF68:
 2698 0271 73797369 		.ascii	"sysinterval_t\000"
 2698      6E746572 
 2698      76616C5F 
 2698      7400
 2699              	.LASF136:
 2700 027f 63685365 		.ascii	"chSemObjectInit\000"
 2700      6D4F626A 
 2700      65637449 
 2700      6E697400 
 2701              	.LASF29:
 2702 028f 636E745F 		.ascii	"cnt_t\000"
 2702      7400
 2703              	.LASF41:
 2704 0295 6D736771 		.ascii	"msgqueue\000"
 2704      75657565 
 2704      00
 2705              	.LASF0:
 2706 029e 756E7369 		.ascii	"unsigned int\000"
 2706      676E6564 
 2706      20696E74 
 2706      00
 2707              	.LASF138:
 2708 02ab 5F5F6462 		.ascii	"__dbg_check_unlock\000"
 2708      675F6368 
 2708      65636B5F 
 2708      756E6C6F 
 2708      636B00
 2709              	.LASF165:
 2710 02be 2E2E2F2E 		.ascii	"../../chibios_trunk/os/oslib/src/chmempools.c\000"
 2710      2E2F6368 
 2710      6962696F 
 2710      735F7472 
 2710      756E6B2F 
 2711              	.LASF110:
 2712 02ec 77747365 		.ascii	"wtsemp\000"
 2712      6D7000
 2713              	.LASF108:
ARM GAS  /tmp/cczCvEok.s 			page 51


 2714 02f3 77747472 		.ascii	"wttrp\000"
 2714      7000
 2715              	.LASF32:
 2716 02f9 72717565 		.ascii	"rqueue\000"
 2716      756500
 2717              	.LASF72:
 2718 0300 63685F71 		.ascii	"ch_queue_t\000"
 2718      75657565 
 2718      5F7400
 2719              	.LASF144:
 2720 030b 74696D65 		.ascii	"timeout\000"
 2720      6F757400 
 2721              	.LASF132:
 2722 0313 6D656D6F 		.ascii	"memory_pool_t\000"
 2722      72795F70 
 2722      6F6F6C5F 
 2722      7400
 2723              	.LASF34:
 2724 0321 6E616D65 		.ascii	"name\000"
 2724      00
 2725              	.LASF101:
 2726 0326 71756575 		.ascii	"queue\000"
 2726      6500
 2727              	.LASF52:
 2728 032c 636F7265 		.ascii	"core_id\000"
 2728      5F696400 
 2729              	.LASF164:
 2730 0334 474E5520 		.ascii	"GNU C17 11.3.1 20220712 -mcpu=cortex-m4 -mthumb -mf"
 2730      43313720 
 2730      31312E33 
 2730      2E312032 
 2730      30323230 
 2731 0367 6C6F6174 		.ascii	"loat-abi=soft -march=armv7e-m -ggdb -O2 -fomit-fram"
 2731      2D616269 
 2731      3D736F66 
 2731      74202D6D 
 2731      61726368 
 2732 039a 652D706F 		.ascii	"e-pointer -falign-functions=16 -ffunction-sections "
 2732      696E7465 
 2732      72202D66 
 2732      616C6967 
 2732      6E2D6675 
 2733 03cd 2D666461 		.ascii	"-fdata-sections -fno-common -flto\000"
 2733      74612D73 
 2733      65637469 
 2733      6F6E7320 
 2733      2D666E6F 
 2734              	.LASF90:
 2735 03ef 73697A65 		.ascii	"size\000"
 2735      00
 2736              	.LASF9:
 2737 03f4 73686F72 		.ascii	"short unsigned int\000"
 2737      7420756E 
 2737      7369676E 
 2737      65642069 
 2737      6E7400
 2738              	.LASF47:
ARM GAS  /tmp/cczCvEok.s 			page 52


 2739 0407 63685F74 		.ascii	"ch_thread\000"
 2739      68726561 
 2739      6400
 2740              	.LASF27:
 2741 0411 6D73675F 		.ascii	"msg_t\000"
 2741      7400
 2742              	.LASF42:
 2743 0417 6570656E 		.ascii	"epending\000"
 2743      64696E67 
 2743      00
 2744              	.LASF140:
 2745 0420 63684462 		.ascii	"chDbgCheckClassI\000"
 2745      67436865 
 2745      636B436C 
 2745      61737349 
 2745      00
 2746              	.LASF158:
 2747 0431 6368506F 		.ascii	"chPoolAdd\000"
 2747      6F6C4164 
 2747      6400
 2748              	.LASF23:
 2749 043b 746D6F64 		.ascii	"tmode_t\000"
 2749      655F7400 
 2750              	.LASF70:
 2751 0443 63685F6C 		.ascii	"ch_list\000"
 2751      69737400 
 2752              	.LASF115:
 2753 044b 63685F72 		.ascii	"ch_ready_list\000"
 2753      65616479 
 2753      5F6C6973 
 2753      7400
 2754              	.LASF28:
 2755 0459 6576656E 		.ascii	"eventmask_t\000"
 2755      746D6173 
 2755      6B5F7400 
 2756              	.LASF10:
 2757 0465 5F5F696E 		.ascii	"__int32_t\000"
 2757      7433325F 
 2757      7400
 2758              	.LASF22:
 2759 046f 73746B61 		.ascii	"stkalign_t\000"
 2759      6C69676E 
 2759      5F7400
 2760              	.LASF86:
 2761 047a 72747374 		.ascii	"rtstamp\000"
 2761      616D7000 
 2762              	.LASF98:
 2763 0482 6C617374 		.ascii	"laststamp\000"
 2763      7374616D 
 2763      7000
 2764              	.LASF44:
 2765 048c 7265616C 		.ascii	"realprio\000"
 2765      7072696F 
 2765      00
 2766              	.LASF57:
 2767 0495 72666375 		.ascii	"rfcu_mask_t\000"
 2767      5F6D6173 
ARM GAS  /tmp/cczCvEok.s 			page 53


 2767      6B5F7400 
 2768              	.LASF103:
 2769 04a1 74687265 		.ascii	"thread_reference_t\000"
 2769      61645F72 
 2769      65666572 
 2769      656E6365 
 2769      5F7400
 2770              	.LASF95:
 2771 04b4 63685F76 		.ascii	"ch_virtual_timers_list\000"
 2771      69727475 
 2771      616C5F74 
 2771      696D6572 
 2771      735F6C69 
 2772              	.LASF2:
 2773 04cb 6C6F6E67 		.ascii	"long double\000"
 2773      20646F75 
 2773      626C6500 
 2774              	.LASF69:
 2775 04d7 63685F6C 		.ascii	"ch_list_t\000"
 2775      6973745F 
 2775      7400
 2776              	.LASF46:
 2777 04e1 6F735F69 		.ascii	"os_instance_t\000"
 2777      6E737461 
 2777      6E63655F 
 2777      7400
 2778              	.LASF89:
 2779 04ef 73757370 		.ascii	"suspended\000"
 2779      656E6465 
 2779      6400
 2780              	.LASF118:
 2781 04f9 63685F6F 		.ascii	"ch_os_instance_config\000"
 2781      735F696E 
 2781      7374616E 
 2781      63655F63 
 2781      6F6E6669 
 2782              	.LASF94:
 2783 050f 706F7274 		.ascii	"port_context\000"
 2783      5F636F6E 
 2783      74657874 
 2783      00
 2784              	.LASF129:
 2785 051c 6F626A65 		.ascii	"object_size\000"
 2785      63745F73 
 2785      697A6500 
 2786              	.LASF145:
 2787 0528 63684775 		.ascii	"chGuardedPoolAllocTimeoutS\000"
 2787      61726465 
 2787      64506F6F 
 2787      6C416C6C 
 2787      6F635469 
 2788              	.LASF87:
 2789 0543 74696D65 		.ascii	"time\000"
 2789      00
 2790              	.LASF77:
 2791 0548 7072696F 		.ascii	"prio\000"
 2791      00
ARM GAS  /tmp/cczCvEok.s 			page 54


 2792              	.LASF116:
 2793 054d 63757272 		.ascii	"current\000"
 2793      656E7400 
 2794              	.LASF14:
 2795 0555 5F5F7569 		.ascii	"__uint64_t\000"
 2795      6E743634 
 2795      5F7400
 2796              	.LASF139:
 2797 0560 5F5F6462 		.ascii	"__dbg_check_lock\000"
 2797      675F6368 
 2797      65636B5F 
 2797      6C6F636B 
 2797      00
 2798              	.LASF30:
 2799 0571 636F7265 		.ascii	"core_id_t\000"
 2799      5F69645F 
 2799      7400
 2800              	.LASF25:
 2801 057b 74726566 		.ascii	"trefs_t\000"
 2801      735F7400 
 2802              	.LASF84:
 2803 0583 75736572 		.ascii	"user\000"
 2803      00
 2804              	.LASF26:
 2805 0588 74707269 		.ascii	"tprio_t\000"
 2805      6F5F7400 
 2806              	.LASF61:
 2807 0590 63685F73 		.ascii	"ch_system_debug\000"
 2807      79737465 
 2807      6D5F6465 
 2807      62756700 
 2808              	.LASF126:
 2809 05a0 5F426F6F 		.ascii	"_Bool\000"
 2809      6C00
 2810              	.LASF18:
 2811 05a6 696E7433 		.ascii	"int32_t\000"
 2811      325F7400 
 2812              	.LASF6:
 2813 05ae 756E7369 		.ascii	"unsigned char\000"
 2813      676E6564 
 2813      20636861 
 2813      7200
 2814              	.LASF60:
 2815 05bc 72666375 		.ascii	"rfcu_t\000"
 2815      5F7400
 2816              	.LASF7:
 2817 05c3 73686F72 		.ascii	"short int\000"
 2817      7420696E 
 2817      7400
 2818              	.LASF97:
 2819 05cd 6C617374 		.ascii	"lasttime\000"
 2819      74696D65 
 2819      00
 2820              	.LASF83:
 2821 05d6 68616C74 		.ascii	"halt\000"
 2821      00
 2822              	.LASF92:
ARM GAS  /tmp/cczCvEok.s 			page 55


 2823 05db 74726163 		.ascii	"trace_buffer_t\000"
 2823      655F6275 
 2823      66666572 
 2823      5F7400
 2824              	.LASF146:
 2825 05ea 63684775 		.ascii	"chGuardedPoolFree\000"
 2825      61726465 
 2825      64506F6F 
 2825      6C467265 
 2825      6500
 2826              	.LASF151:
 2827 05fc 5F5F6675 		.ascii	"__func__\000"
 2827      6E635F5F 
 2827      00
 2828              	.LASF160:
 2829 0605 63685379 		.ascii	"chSysLock\000"
 2829      734C6F63 
 2829      6B00
 2830              	.LASF142:
 2831 060f 6F626A70 		.ascii	"objp\000"
 2831      00
 2832              	.LASF82:
 2833 0614 72656173 		.ascii	"reason\000"
 2833      6F6E00
 2834              	.LASF113:
 2835 061b 63685F73 		.ascii	"ch_semaphore\000"
 2835      656D6170 
 2835      686F7265 
 2835      00
 2836              	.LASF102:
 2837 0628 72656769 		.ascii	"registry_t\000"
 2837      73747279 
 2837      5F7400
 2838              	.LASF153:
 2839 0633 6368506F 		.ascii	"chPoolAllocI\000"
 2839      6F6C416C 
 2839      6C6F6349 
 2839      00
 2840              	.LASF19:
 2841 0640 75696E74 		.ascii	"uint32_t\000"
 2841      33325F74 
 2841      00
 2842              	.LASF111:
 2843 0649 77746D74 		.ascii	"wtmtxp\000"
 2843      787000
 2844              	.LASF21:
 2845 0650 706F7274 		.ascii	"port_stkalign_t\000"
 2845      5F73746B 
 2845      616C6967 
 2845      6E5F7400 
 2846              	.LASF33:
 2847 0660 6F776E65 		.ascii	"owner\000"
 2847      7200
 2848              	.LASF13:
 2849 0666 6C6F6E67 		.ascii	"long unsigned int\000"
 2849      20756E73 
 2849      69676E65 
ARM GAS  /tmp/cczCvEok.s 			page 56


 2849      6420696E 
 2849      7400
 2850              	.LASF35:
 2851 0678 77616261 		.ascii	"wabase\000"
 2851      736500
 2852              	.LASF65:
 2853 067f 63686172 		.ascii	"char\000"
 2853      00
 2854              	.LASF54:
 2855 0684 636F6E66 		.ascii	"config\000"
 2855      696700
 2856              	.LASF167:
 2857 068b 63685365 		.ascii	"chSemWaitTimeoutS\000"
 2857      6D576169 
 2857      7454696D 
 2857      656F7574 
 2857      5300
 2858              	.LASF8:
 2859 069d 5F5F7569 		.ascii	"__uint16_t\000"
 2859      6E743136 
 2859      5F7400
 2860              	.LASF31:
 2861 06a8 74687265 		.ascii	"thread_t\000"
 2861      61645F74 
 2861      00
 2862              	.LASF96:
 2863 06b1 646C6973 		.ascii	"dlist\000"
 2863      7400
 2864              	.LASF67:
 2865 06b7 73797374 		.ascii	"systime_t\000"
 2865      696D655F 
 2865      7400
 2866              	.LASF91:
 2867 06c1 62756666 		.ascii	"buffer\000"
 2867      657200
 2868              	.LASF168:
 2869 06c8 5F5F7365 		.ascii	"__set_BASEPRI\000"
 2869      745F4241 
 2869      53455052 
 2869      4900
 2870              	.LASF62:
 2871 06d6 70616E69 		.ascii	"panic_msg\000"
 2871      635F6D73 
 2871      6700
 2872              	.LASF105:
 2873 06e0 70717565 		.ascii	"pqueue\000"
 2873      756500
 2874              	.LASF48:
 2875 06e7 63685F6F 		.ascii	"ch_os_instance\000"
 2875      735F696E 
 2875      7374616E 
 2875      636500
 2876              	.LASF88:
 2877 06f6 74726163 		.ascii	"trace_event_t\000"
 2877      655F6576 
 2877      656E745F 
 2877      7400
ARM GAS  /tmp/cczCvEok.s 			page 57


 2878              	.LASF147:
 2879 0704 63684775 		.ascii	"chGuardedPoolLoadArray\000"
 2879      61726465 
 2879      64506F6F 
 2879      6C4C6F61 
 2879      64417272 
 2880              	.LASF114:
 2881 071b 63685F6D 		.ascii	"ch_mutex\000"
 2881      75746578 
 2881      00
 2882              	.LASF51:
 2883 0724 7265676C 		.ascii	"reglist\000"
 2883      69737400 
 2884              	.LASF76:
 2885 072c 63685F70 		.ascii	"ch_priority_queue\000"
 2885      72696F72 
 2885      6974795F 
 2885      71756575 
 2885      6500
 2886              	.LASF120:
 2887 073e 6D61696E 		.ascii	"mainthread_end\000"
 2887      74687265 
 2887      61645F65 
 2887      6E6400
 2888              	.LASF166:
 2889 074d 2F686F6D 		.ascii	"/home/rob/Projects/ChibiStudio/ChibiStudio_23/works"
 2889      652F726F 
 2889      622F5072 
 2889      6F6A6563 
 2889      74732F43 
 2890 0780 70616365 		.ascii	"pace_trunk/STM32_GPIB_firmware/\000"
 2890      5F747275 
 2890      6E6B2F53 
 2890      544D3332 
 2890      5F475049 
 2891              	.LASF45:
 2892 07a0 6D706F6F 		.ascii	"mpool\000"
 2892      6C00
 2893              	.LASF123:
 2894 07a6 6F735F69 		.ascii	"os_instance_config_t\000"
 2894      6E737461 
 2894      6E63655F 
 2894      636F6E66 
 2894      69675F74 
 2895              	.LASF141:
 2896 07bb 63685379 		.ascii	"chSysHalt\000"
 2896      7348616C 
 2896      7400
 2897              	.LASF128:
 2898 07c5 706F6F6C 		.ascii	"pool_header\000"
 2898      5F686561 
 2898      64657200 
 2899              	.LASF59:
 2900 07d1 6D61736B 		.ascii	"mask\000"
 2900      00
 2901              	.LASF63:
 2902 07d6 6973725F 		.ascii	"isr_cnt\000"
ARM GAS  /tmp/cczCvEok.s 			page 58


 2902      636E7400 
 2903              	.LASF124:
 2904 07de 73656D61 		.ascii	"semaphore_t\000"
 2904      70686F72 
 2904      655F7400 
 2905              	.LASF49:
 2906 07ea 726C6973 		.ascii	"rlist\000"
 2906      7400
 2907              	.LASF133:
 2908 07f0 706F6F6C 		.ascii	"pool\000"
 2908      00
 2909              	.LASF16:
 2910 07f5 75696E74 		.ascii	"uint8_t\000"
 2910      385F7400 
 2911              	.LASF152:
 2912 07fd 6368506F 		.ascii	"chPoolAlloc\000"
 2912      6F6C416C 
 2912      6C6F6300 
 2913              	.LASF149:
 2914 0809 6368506F 		.ascii	"chPoolFree\000"
 2914      6F6C4672 
 2914      656500
 2915              	.LASF38:
 2916 0814 666C6167 		.ascii	"flags\000"
 2916      7300
 2917              	.LASF112:
 2918 081a 65776D61 		.ascii	"ewmask\000"
 2918      736B00
 2919              	.LASF81:
 2920 0821 77746F62 		.ascii	"wtobjp\000"
 2920      6A7000
 2921              	.LASF56:
 2922 0828 74726163 		.ascii	"trace_buffer\000"
 2922      655F6275 
 2922      66666572 
 2922      00
 2923              	.LASF159:
 2924 0835 63685379 		.ascii	"chSysUnlock\000"
 2924      73556E6C 
 2924      6F636B00 
 2925              	.LASF154:
 2926 0841 6368506F 		.ascii	"chPoolLoadArray\000"
 2926      6F6C4C6F 
 2926      61644172 
 2926      72617900 
 2927              	.LASF104:
 2928 0851 6C697374 		.ascii	"list\000"
 2928      00
 2929              	.LASF162:
 2930 0856 706F7274 		.ascii	"port_lock\000"
 2930      5F6C6F63 
 2930      6B00
 2931              	.LASF122:
 2932 0860 69646C65 		.ascii	"idlethread_end\000"
 2932      74687265 
 2932      61645F65 
 2932      6E6400
ARM GAS  /tmp/cczCvEok.s 			page 59


 2933              	.LASF43:
 2934 086f 6D74786C 		.ascii	"mtxlist\000"
 2934      69737400 
 2935              		.section	.gnu.debuglto_.debug_line_str,"eMS",%progbits,1
 2936              	.LASF181:
 2937 0000 5F646566 		.ascii	"_default_types.h\000"
 2937      61756C74 
 2937      5F747970 
 2937      65732E68 
 2937      00
 2938              	.LASF176:
 2939 0011 2F686F6D 		.ascii	"/home/rob/Projects/ChibiStudio/ChibiStudio_23/tools"
 2939      652F726F 
 2939      622F5072 
 2939      6F6A6563 
 2939      74732F43 
 2940 0044 2F474E55 		.ascii	"/GNU Tools ARM Embedded/11.3.1 2022q3/arm-none-eabi"
 2940      20546F6F 
 2940      6C732041 
 2940      524D2045 
 2940      6D626564 
 2941 0077 2F696E63 		.ascii	"/include/machine\000"
 2941      6C756465 
 2941      2F6D6163 
 2941      68696E65 
 2941      00
 2942              	.LASF169:
 2943 0088 2F686F6D 		.ascii	"/home/rob/Projects/ChibiStudio/ChibiStudio_23/works"
 2943      652F726F 
 2943      622F5072 
 2943      6F6A6563 
 2943      74732F43 
 2944 00bb 70616365 		.ascii	"pace_trunk/STM32_GPIB_firmware/\000"
 2944      5F747275 
 2944      6E6B2F53 
 2944      544D3332 
 2944      5F475049 
 2945              	.LASF194:
 2946 00db 63686D65 		.ascii	"chmemcore.h\000"
 2946      6D636F72 
 2946      652E6800 
 2947              	.LASF196:
 2948 00e7 63687363 		.ascii	"chschd.h\000"
 2948      68642E68 
 2948      00
 2949              	.LASF191:
 2950 00f0 6368636F 		.ascii	"chcore.h\000"
 2950      72652E68 
 2950      00
 2951              	.LASF192:
 2952 00f9 63687365 		.ascii	"chsem.h\000"
 2952      6D2E6800 
 2953              	.LASF170:
 2954 0101 2E2E2F2E 		.ascii	"../../chibios_trunk/os/common/ext/ARM/CMSIS/Core/In"
 2954      2E2F6368 
 2954      6962696F 
 2954      735F7472 
ARM GAS  /tmp/cczCvEok.s 			page 60


 2954      756E6B2F 
 2955 0134 636C7564 		.ascii	"clude\000"
 2955      6500
 2956              	.LASF179:
 2957 013a 2E2E2F2E 		.ascii	"../../chibios_trunk/os/oslib/src/chmempools.c\000"
 2957      2E2F6368 
 2957      6962696F 
 2957      735F7472 
 2957      756E6B2F 
 2958              	.LASF177:
 2959 0168 2F686F6D 		.ascii	"/home/rob/Projects/ChibiStudio/ChibiStudio_23/tools"
 2959      652F726F 
 2959      622F5072 
 2959      6F6A6563 
 2959      74732F43 
 2960 019b 2F474E55 		.ascii	"/GNU Tools ARM Embedded/11.3.1 2022q3/arm-none-eabi"
 2960      20546F6F 
 2960      6C732041 
 2960      524D2045 
 2960      6D626564 
 2961 01ce 2F696E63 		.ascii	"/include/sys\000"
 2961      6C756465 
 2961      2F737973 
 2961      00
 2962              	.LASF186:
 2963 01db 63687266 		.ascii	"chrfcu.h\000"
 2963      63752E68 
 2963      00
 2964              	.LASF193:
 2965 01e4 63686D74 		.ascii	"chmtx.h\000"
 2965      782E6800 
 2966              	.LASF195:
 2967 01ec 63686D65 		.ascii	"chmempools.h\000"
 2967      6D706F6F 
 2967      6C732E68 
 2967      00
 2968              	.LASF175:
 2969 01f9 2E2E2F2E 		.ascii	"../../chibios_trunk/os/rt/include\000"
 2969      2E2F6368 
 2969      6962696F 
 2969      735F7472 
 2969      756E6B2F 
 2970              	.LASF188:
 2971 021b 63687469 		.ascii	"chtime.h\000"
 2971      6D652E68 
 2971      00
 2972              	.LASF171:
 2973 0224 2E2E2F2E 		.ascii	"../../chibios_trunk/os/common/ports/ARM-common\000"
 2973      2E2F6368 
 2973      6962696F 
 2973      735F7472 
 2973      756E6B2F 
 2974              	.LASF197:
 2975 0253 63686D65 		.ascii	"chmempools.c\000"
 2975      6D706F6F 
 2975      6C732E63 
 2975      00
ARM GAS  /tmp/cczCvEok.s 			page 61


 2976              	.LASF183:
 2977 0260 63687479 		.ascii	"chtypes.h\000"
 2977      7065732E 
 2977      6800
 2978              	.LASF182:
 2979 026a 5F737464 		.ascii	"_stdint.h\000"
 2979      696E742E 
 2979      6800
 2980              	.LASF198:
 2981 0274 63687379 		.ascii	"chsys.h\000"
 2981      732E6800 
 2982              	.LASF189:
 2983 027c 63686C69 		.ascii	"chlists.h\000"
 2983      7374732E 
 2983      6800
 2984              	.LASF185:
 2985 0286 63686F62 		.ascii	"chobjects.h\000"
 2985      6A656374 
 2985      732E6800 
 2986              	.LASF180:
 2987 0292 73746464 		.ascii	"stddef.h\000"
 2987      65662E68 
 2987      00
 2988              	.LASF174:
 2989 029b 2E2E2F2E 		.ascii	"../../chibios_trunk/os/oslib/src\000"
 2989      2E2F6368 
 2989      6962696F 
 2989      735F7472 
 2989      756E6B2F 
 2990              	.LASF173:
 2991 02bc 2E2E2F2E 		.ascii	"../../chibios_trunk/os/oslib/include\000"
 2991      2E2F6368 
 2991      6962696F 
 2991      735F7472 
 2991      756E6B2F 
 2992              	.LASF178:
 2993 02e1 2F686F6D 		.ascii	"/home/rob/Projects/ChibiStudio/ChibiStudio_23/tools"
 2993      652F726F 
 2993      622F5072 
 2993      6F6A6563 
 2993      74732F43 
 2994 0314 2F474E55 		.ascii	"/GNU Tools ARM Embedded/11.3.1 2022q3/lib/gcc/arm-n"
 2994      20546F6F 
 2994      6C732041 
 2994      524D2045 
 2994      6D626564 
 2995 0347 6F6E652D 		.ascii	"one-eabi/11.3.1/include\000"
 2995      65616269 
 2995      2F31312E 
 2995      332E312F 
 2995      696E636C 
 2996              	.LASF199:
 2997 035f 636D7369 		.ascii	"cmsis_gcc.h\000"
 2997      735F6763 
 2997      632E6800 
 2998              	.LASF184:
 2999 036b 63686561 		.ascii	"chearly.h\000"
ARM GAS  /tmp/cczCvEok.s 			page 62


 2999      726C792E 
 2999      6800
 3000              	.LASF187:
 3001 0375 63686465 		.ascii	"chdebug.h\000"
 3001      6275672E 
 3001      6800
 3002              	.LASF190:
 3003 037f 63687472 		.ascii	"chtrace.h\000"
 3003      6163652E 
 3003      6800
 3004              	.LASF172:
 3005 0389 2E2E2F2E 		.ascii	"../../chibios_trunk/os/common/ports/ARMv7-M\000"
 3005      2E2F6368 
 3005      6962696F 
 3005      735F7472 
 3005      756E6B2F 
 3006              		.text
 3007              		.section	.gnu.lto_.profile.752852e5d1f07341,"e",%progbits
 3008 0000 789C6361 		.ascii	"x\234ca\000\002Ff\006\000\0001\000\011"
 3008      00024666 
 3008      06000031 
 3008      0009
 3009              		.text
 3010              		.section	.gnu.lto_.icf.752852e5d1f07341,"e",%progbits
 3011 0000 789CBBC2 		.ascii	"x\234\273\302\200\000\302\014\027\357\266~\340\340`"
 3011      8000C20C 
 3011      17EFB67E 
 3011      E0E060
 3012 000f 62606264 		.ascii	"b`bdb\002bf&\026&V&6\246\265\035]\347\270\231\033;\227"
 3012      62026266 
 3012      26162656 
 3012      2636A6B5 
 3012      1D5DE7B8 
 3013 0027 CF054AB2 		.ascii	"\317\005J\2623q0q\"0\313\333=\207\247\263\262^\355Z"
 3013      33713071 
 3013      2230CBDB 
 3013      3D87A7B3 
 3013      B25EED5A 
 3014 003b D20314E0 		.ascii	"\322\003\024\340B\222\004*d{\337\364\346%?\373\3617"
 3014      4292042A 
 3014      647BDFF4 
 3014      E6253FFB 
 3014      F137
 3015 004d 7B67F2B3 		.ascii	"{g\362\263\201%\271\230\270A4\307\311\205o\276q1p\356"
 3015      8125B998 
 3015      B84134C7 
 3015      C9856FBE 
 3015      713170EE 
 3016 0061 7FFEE606 		.ascii	"\177\376\346\006+D9\222,W\303\365\011\273\370\270\357"
 3016      2B443992 
 3016      2C57C3F5 
 3016      09BBF8B8 
 3016      EF
 3017 0072 6F7B739D 		.ascii	"o{s\235\217\201\347\325\365\316\032&\220\022\336_\273"
 3017      8F81E7D5 
 3017      F5CE1A26 
 3017      9012DE5F 
ARM GAS  /tmp/cczCvEok.s 			page 63


 3017      BB
 3018 0083 B73FE7E1 		.ascii	"\267?\347\341[w\362}?;\003\377\324\337\213\016\2612"
 3018      5B77F27D 
 3018      3F3B03FF 
 3018      D4DF8B0E 
 3018      B132
 3019 0095 0834CF69 		.ascii	"\0104\317i\277\304\313 \270\342\355\305\205\254\014"
 3019      BFC4CB20 
 3019      B8E2EDC5 
 3019      85AC0C
 3020 00a4 425D6B4E 		.ascii	"B]kN\354e\006)\346\021\3768\377\323rv\006\000\247/;"
 3020      EC650629 
 3020      E611FE38 
 3020      FFD37276 
 3020      0600A72F 
 3021 00b9 F9       		.ascii	"\371"
 3022              		.text
 3023              		.section	.gnu.lto_.ipa_sra.752852e5d1f07341,"e",%progbits
 3024 0000 789C8D90 		.ascii	"x\234\215\220Y\022\303 \014C-\331\035\3024K\323\023"
 3024      5912C320 
 3024      0C432DD9 
 3024      1DC2344B 
 3024      D313
 3025 0012 A727E895 		.ascii	"\247'\350\225\213\035\226L\276\312\017X\226\314\203"
 3025      8B1D964C 
 3025      BECA0F58 
 3025      96CC83
 3026 0021 2FA4AF45 		.ascii	"/\244\257E\004r\326P(\027f3pe\236\312\2661\315V\272"
 3026      0472D650 
 3026      28176633 
 3026      70659ECA 
 3026      B631CD56 
 3027 0036 A61C19C4 		.ascii	"\246\034\031\3049\352\207\311m\301\333\274\211)\314"
 3027      39EA87C9 
 3027      6DC1DBBC 
 3027      8929CC
 3028 0045 0A1CC5CF 		.ascii	"\012\034\305\317\210b\202L\222T\320\325\314\313\220"
 3028      8862824C 
 3028      9254D0D5 
 3028      CCCB90
 3029 0054 767AD26D 		.ascii	"vz\322m~ULv+\020\216Y+\005*T\2149X\343\003x\275\032"
 3029      7E554C76 
 3029      2B108E59 
 3029      2B052A54 
 3029      8C3958E3 
 3030 006c 81DE809D 		.ascii	"\201\336\200\235\202\207\253\262\261\331\324u!\233E"
 3030      8287ABB2 
 3030      B1D9D475 
 3030      219B45
 3031 007b 5E0D047A 		.ascii	"^\015\004z\005)\334{\0139\242\277g\374\321\307\202\346"
 3031      0529DC7B 
 3031      0B39A2BF 
 3031      67FCD1C7 
 3031      82E6
 3032 008d FD2FAAFC 		.ascii	"\375/\252\374\000]\312\007\034"
 3032      005DCA07 
 3032      1C
ARM GAS  /tmp/cczCvEok.s 			page 64


 3033              		.text
 3034              		.section	.gnu.lto_.inline.752852e5d1f07341,"e",%progbits
 3035 0000 789CB592 		.ascii	"x\234\265\222\315J\033Q\024\307\377\367\334\233d&\231"
 3035      CD4A1B51 
 3035      14C7FFF7 
 3035      DC9B6426 
 3035      99
 3036 0011 9849A0FB 		.ascii	"\230I\240\373<\212O\3403\230\0321\270\354\003\2241\033"
 3036      3C8A4FE0 
 3036      33981A31 
 3036      B8EC0394 
 3036      311B
 3037 0023 E9A6B41B 		.ascii	"\351\246\264\033I\004A\014\355\242\320R\230U\027\202"
 3037      4904410C 
 3037      EDA2D052 
 3037      98551782 
 3038 0033 68110C45 		.ascii	"h\021\014EK+\270p\245\213,\214\245H]\271\362\234{3\223"
 3038      4B2BB870 
 3038      A58B2C8C 
 3038      A5485DB9 
 3038      F29C7B33 
 3039 0048 8906838B 		.ascii	"\211\006\203\213\316\347\271_\347\374\316\377\234S\203"
 3039      CEE7B95F 
 3039      E7FCCEFF 
 3039      9C5383
 3040 0057 F42A0395 		.ascii	"\364*\003\225?\275\2137\264\242@\265v\024m\3232\220"
 3040      3FBD8B37 
 3040      B4A240B5 
 3040      76146DD3 
 3040      3290
 3041 0069 5F8BA288 		.ascii	"_\213\242\210\232\004\222=T\342\217\342\333\016\336"
 3041      9A04923D 
 3041      54E28FE2 
 3041      DB0EDE
 3042 0078 2D60C254 		.ascii	"-`\302TE\2615^\374\372\3645\326+\312\340\025\205\371"
 3042      45B1355E 
 3042      FCFAF435 
 3042      D62BCAE0 
 3042      1585F9
 3043 008b 86825EE4 		.ascii	"\206\202^\344U\252\214\376e\350\272\374\347\240\347"
 3043      55AA8CFE 
 3043      65E8BAFC 
 3043      E7A0E7
 3044 009a C14724C2 		.ascii	"\301G$\302k\216\024\245\221\2245_\022<B\216\315=j\302"
 3044      6B8E14A5 
 3044      9194355F 
 3044      123C428E 
 3044      CD3D6AC2 
 3045 00ae 83FAF6FE 		.ascii	"\203\372\366\376<\326\015C\010\371MF<\310\254\324\263"
 3045      3CD60D43 
 3045      08F94D46 
 3045      3CC8ACD4 
 3045      B3
 3046 00bf 2BF5EC0A 		.ascii	"+\365\354\012?\376\317\203\215+\3354H\2636#r\311\313"
 3046      3FFECF83 
 3046      8D2BDD34 
 3046      48B33623 
ARM GAS  /tmp/cczCvEok.s 			page 65


 3046      72C9CB
 3047 00d2 4862F95A 		.ascii	"Hb\371Z2\311O\2163\371\374v\217\005\321\274\305\223"
 3047      32C94F8E 
 3047      33F9FC76 
 3047      8F05D1BC 
 3047      C593
 3048 00e4 D4859ED3 		.ascii	"\324\205\236\323\025x g\0342P\264\306\262\260's\034"
 3048      15782067 
 3048      1C3250B4 
 3048      C6B2B027 
 3048      731C
 3049 00f6 A51B0F7E 		.ascii	"\245\033\017~\350%&\017/\327\357\256Y\315p\266\2063"
 3049      E825260F 
 3049      2FD7EFAE 
 3049      59CD70B6 
 3049      8633
 3050 0108 CD024276 		.ascii	"\315\002Bv{\303Pj\004\245\275\343n|\250\031\303\333"
 3050      7BC3506A 
 3050      04A5BDE3 
 3050      6E7CA819 
 3050      C3DB
 3051 011a 8C07D74E 		.ascii	"\214\007\327N\3021\206\354\010$$\037\237\022\333\025"
 3051      C23186EC 
 3051      0824241F 
 3051      9F12DB15 
 3052 012a CD83CFFB 		.ascii	"\315\203\317\373;\324\342\332\223=\2724Q\0219V\034\271"
 3052      3BD4E2DA 
 3052      933DBA34 
 3052      51113956 
 3052      1CB9
 3053 013c 52D6951B 		.ascii	"R\326\225\033\372\250\235\335|\330\342b\323X\242\252"
 3053      FAA89DDD 
 3053      7CD8E262 
 3053      D358A2AA 
 3054 014c 281BEC0F 		.ascii	"(\033\354\017{G\322A\305\376\376\360\237~\000e:\211"
 3054      7B47D241 
 3054      C5FEFEF0 
 3054      9F7E0065 
 3054      3A89
 3055 015e 36CF51C4 		.ascii	"6\317Q\304\305,=\203\025I-\335L\200j{\367\357GZMq\311"
 3055      C52C3D83 
 3055      15492DDD 
 3055      4C806A7B 
 3055      F7EF475A 
 3056 0175 55D4F8F1 		.ascii	"U\324\370\361\355NL-\240\320\377r\333\326\017K\271\231"
 3056      ED4E4C2D 
 3056      A0D0FF72 
 3056      DBD60F4B 
 3056      B999
 3057 0187 C1D50133 		.ascii	"\301\325\0013\321o\037\323\005\315\230s(I\367jW+K3\255"
 3057      D16F1FD3 
 3057      05CD9873 
 3057      2849F76A 
 3057      572B4B33 
 3058 019c DDB3A850 		.ascii	"\335\263\250P9i-\343\250\355D\005\301I\374}#\353%m\274"
 3058      39692DE3 
 3058      A8ED4405 
ARM GAS  /tmp/cczCvEok.s 			page 66


 3058      C149FC7D 
 3058      23EB256D 
 3059 01b1 475E5C71 		.ascii	"G^\\qLy\234yh\273s{\266\\|HM\312UE`\371[\343\310Ozp"
 3059      4C799C79 
 3059      68BB737B 
 3059      B65C7C48 
 3059      4DCA5545 
 3060 01cd 5FA7093B 		.ascii	"_\247\011;y\254\177mB\377\340\177\353\217{\357l\317"
 3060      79AC7F6D 
 3060      42FFE07F 
 3060      EB8F7BEF 
 3060      6CCF
 3061 01df 66       		.ascii	"f"
 3062              		.text
 3063              		.section	.gnu.lto_.jmpfuncs.752852e5d1f07341,"e",%progbits
 3064 0000 789CCD93 		.ascii	"x\234\315\223An\3020\020E\377\237\030b\004I\032\324"
 3064      416EC230 
 3064      1045FF9F 
 3064      18620449 
 3064      1AD4
 3065 0012 52B84A6F 		.ascii	"R\270Jo\322]\331\366\022\276Uiw=\012\307`Q)\035'\305"
 3065      D25DD9F6 
 3065      12BE5569 
 3065      773D0AC7 
 3065      6051291D 
 3066 0028 22D82961 		.ascii	"\"\330)a\201\332H\263\260g\374\375\346\217\363:A\370"
 3066      81DA48B3 
 3066      B067FCFD 
 3066      E68FF33A 
 3066      41F8
 3067 003a 0A0DC964 		.ascii	"\012\015\311d\011~\032B\343\253i\232\2122}&5\032\277"
 3067      097E1A42 
 3067      E3AB699A 
 3067      8A327D26 
 3067      351ABF
 3068 004d 3208596A 		.ascii	"2\010Yj&'4(|g\330\007\372E\232\343\307y\0112M9\261#"
 3068      26273428 
 3068      7C67D807 
 3068      FA459AE3 
 3068      C7790932 
 3069 0065 4A15E9FE 		.ascii	"J\025\351\376\034\211o\344\216'\207[8D\353\247=&^\231"
 3069      1C896FE4 
 3069      8E27875B 
 3069      3844EBA7 
 3069      3D265E99 
 3070 0079 95DEE5A4 		.ascii	"\225\336\345\244pR:\251T\361\341\242\342\020\316\177"
 3070      70523AA9 
 3070      54F1E1A2 
 3070      E210CE7F 
 3071 0089 2AC93B13 		.ascii	"*\311;\023\305\270\250\365Q\256\015N\307z\317\304\""
 3071      C5B8A8F5 
 3071      51AE0D4E 
 3071      C77ACFC4 
 3071      22
 3072 009a A58C9990 		.ascii	"\245\214\231\220Y\353g\255\267\254\376\330I\314=\216"
 3072      59EB67AD 
 3072      B7ACFED8 
ARM GAS  /tmp/cczCvEok.s 			page 67


 3072      49CC3D8E 
 3073 00aa C2526A98 		.ascii	"\302Rj\230\004\257q\214ZX\370\347\227w=\350\263H\035"
 3073      04AF718C 
 3073      5A58F8E7 
 3073      97773DE8 
 3073      B3481D
 3074 00bd 4B18FA78 		.ascii	"K\030\372x\313V\313\037\244\005\245\240\224\306\"F\350"
 3074      CB56CB1F 
 3074      A405A5A0 
 3074      94C62246 
 3074      E8
 3075 00ce 9FB0F605 		.ascii	"\237\260\366\005\354\227\004\244\270g\343$\322\233n"
 3075      EC9704A4 
 3075      B867E324 
 3075      D29B6E
 3076 00dd 4FCA0EED 		.ascii	"O\312\016\355^\325\015W)\326\242\372\030\320W:^\366"
 3076      5ED50D57 
 3076      29D6A2FA 
 3076      18D0573A 
 3076      5EF6
 3077 00ef F9AE1B8D 		.ascii	"\371\256\033\215\027\033=\232:\000\324\372\357'\\0\277"
 3077      171B3D9A 
 3077      3A00D4FA 
 3077      EF275C30 
 3077      BF
 3078 0100 6025F496 		.ascii	"`%\364\226G_\257\032\365\346\226\243\3067-\250$\262"
 3078      475FAF1A 
 3078      F5E696A3 
 3078      C6372DA8 
 3078      24B2
 3079              		.text
 3080              		.section	.gnu.lto_.pureconst.752852e5d1f07341,"e",%progbits
 3081 0000 789C5367 		.ascii	"x\234Sg``\340e\330\305\312<\223\205u\026\013\373,\026"
 3081      6060E065 
 3081      D8C5CA3C 
 3081      93857516 
 3081      0BFB2C16 
 3082 0014 8E5D8C9C 		.ascii	"\216]\214\234\263X\270w\261\362\314d\341\233\301\302"
 3082      B358B877 
 3082      B1F2CC64 
 3082      E19BC1C2 
 3083 0024 2F21B08B 		.ascii	"/!\260\213Qp\027\253\320L\026\000\260\222\010\324"
 3083      517017AB 
 3083      D04C1600 
 3083      B09208D4 
 3084              		.text
 3085              		.section	.gnu.lto_.ipa_modref.752852e5d1f07341,"e",%progbits
 3086 0000 789C7590 		.ascii	"x\234u\220A\016\2020\020Eg\006\214\030\020F\243i\"&"
 3086      410E8230 
 3086      10456706 
 3086      8C181046 
 3086      A3692226 
 3087 0014 F43C9E6A 		.ascii	"\364<\236j0,0q\243'p\311\336\013\260r\341\212#\260\361"
 3087      302C3071 
 3087      A32770C9 
 3087      DE0BB072 
 3087      E18A23B0 
ARM GAS  /tmp/cczCvEok.s 			page 68


 3088 0029 1E96A2B5 		.ascii	"\036\226\242\265,l7\2773\363\376o{Gp+\011p\243\231\001"
 3088      2C6C37BF 
 3088      33F3FE6F 
 3088      7B47702B 
 3088      0970A399 
 3089 003e 69070165 		.ascii	"i\007\001e\200f\367\2405-\255\324F\245V\265\2036\203"
 3089      8066F7A0 
 3089      352DADD4 
 3089      46A556B5 
 3089      833683
 3090 0051 50D78DB4 		.ascii	"P\327\215\2644\013\267\206\266\205/\036Rl'\377\321\236"
 3090      340BB786 
 3090      B6852F1E 
 3090      526C27FF 
 3090      D19E
 3091 0063 3BCC9107 		.ascii	";\314\221\007\214\014\206\036\226\017't\216^\253\022"
 3091      8C0C861E 
 3091      960F2774 
 3091      8E5EAB12 
 3092 0073 8E509986 		.ascii	"\216P\231\206\355\"H)\207\005\261\033%?\310QcF>\032"
 3092      ED224829 
 3092      8705B11B 
 3092      253FC851 
 3092      63463E1A 
 3093 0087 E19831B1 		.ascii	"\341\2301\261\205\230\212\302s=\312\363\242\223@\201"
 3093      85988AC2 
 3093      733DCAF3 
 3093      A2934081 
 3094 0097 7707F716 		.ascii	"w\007\367\026\373\332J\032J\203\302R\237\017\250\244"
 3094      FBDA4A1A 
 3094      4A83C252 
 3094      9F0FA8A4 
 3095 00a7 2BBB57DD 		.ascii	"+\273W\335E\234\221\232\324\233\253\36453)5\3118\227"
 3095      459C919A 
 3095      D49BABF4 
 3095      35332935 
 3095      C93897
 3096 00ba B49AE6DE 		.ascii	"\264\232\346\336DN\322<\004a\375\013\337\273pA\227\316"
 3096      444ED23C 
 3096      0461FD0B 
 3096      DFBB7041 
 3096      97CE
 3097 00cc F00667AC 		.ascii	"\360\006g\2541\006"
 3097      3106
 3098              		.text
 3099              		.section	.gnu.lto_.lto.752852e5d1f07341,"e",%progbits
 3100 0000 0B000300 		.ascii	"\013\000\003\000\001\000\000\000"
 3100      01000000 
 3101              		.text
 3102              		.section	.gnu.lto_chSysUnlock.192.752852e5d1f07341,"e",%progbits
 3103 0000 789C7D53 		.ascii	"x\234}Skh\024W\024>\347\336\231\331\331XD\020[\321?"
 3103      6B681457 
 3103      143EE7DE 
 3103      99D9D958 
 3103      44105BD1 
 3104 0015 8B45041F 		.ascii	"\213E\004\037;\255Am\376U\027\221P\226\006\267Rl(K2"
 3104      3BAD416D 
ARM GAS  /tmp/cczCvEok.s 			page 69


 3104      FE551791 
 3104      509606B7 
 3104      526C284B 
 3105 002a 993463DC 		.ascii	"\2314c\334L\230\331m\032\3320\343nba\245\204-\355\017"
 3105      4C98D96D 
 3105      1ADA30E3 
 3105      6E6261A5 
 3105      842DED0F 
 3106 003e 314DEAFF 		.ascii	"1M\352\377\266Z\203\315\306\230dA\3553\365E\252\265"
 3106      B65A83CD 
 3106      C6986441 
 3106      ED33F545 
 3106      AAB5
 3107 0050 A1A6A4D6 		.ascii	"\241\246\244\326\026KC!\265\012>\342\271\263\273\311"
 3107      164B4321 
 3107      B50A3EE2 
 3107      B9B3BBC9 
 3108 0060 FA4387B9 		.ascii	"\372C\207\271s\336\3379\337\236\273\2278\3006\004x\003"
 3108      73DEDF39 
 3108      DF9EBB97 
 3108      38C03604 
 3108      7803
 3109 0072 005001FC 		.ascii	"\000P\001\3740\227e\340y\336\313\001\3062\271C\014\207"
 3109      309765E0 
 3109      79DECB01 
 3109      C632B943 
 3109      0C87
 3110 0084 F0C7C383 		.ascii	"\360\307\303\203\212\324\223[:xs\242F\342\254;\267\344"
 3110      8AD4935B 
 3110      3A7873A2 
 3110      46E2AC3B 
 3110      B7E4
 3111 0096 318F841F 		.ascii	"1\217\204\037/\324\310x \227\015R\215o!\270\214K2\272"
 3111      2FD4C878 
 3111      20970D52 
 3111      8D6F21B8 
 3111      8C4B32BA 
 3112 00aa 78946BE4 		.ascii	"x\224k\344\271{\356\357\213\327^L{=+o\001\270Pz\226"
 3112      B97BEEEF 
 3112      8BD75E4C 
 3112      7B3D2B6F 
 3112      01B8507A 
 3113 00bf F83ACA48 		.ascii	"\370:\312HJ\3270\002)\224\233\277\275\025\362\370.Y"
 3113      4AD73002 
 3113      29949BBF 
 3113      BD15F2F8 
 3113      2E59
 3114 00d1 CA72240C 		.ascii	"\312r$\014e\005\206dT\017\210\370\246\002a\235\310N"
 3114      65058664 
 3114      540F88F8 
 3114      A602619D 
 3114      C84E
 3115 00e3 5D58D5E7 		.ascii	"]X\325\347\025\244\316Q\354:\215#\010c\310\370\005\374"
 3115      15A4CE51 
 3115      EC3A8D23 
 3115      0863C8F8 
 3115      05FC
ARM GAS  /tmp/cczCvEok.s 			page 70


 3116 00f5 67958C1B 		.ascii	"g\225\214\033DB_\357\261\241\215g2\336\267\236HqK)\324"
 3116      44425FEF 
 3116      B1A18D67 
 3116      32DEB79E 
 3116      48714B29 
 3117 010a B0D4E0D7 		.ascii	"\260\324\340\327#\3128\302)\354\022\023\024\220:S\020"
 3117      23CA38C2 
 3117      29EC1213 
 3117      14903A53 
 3117      10
 3118 011b 9974ECB2 		.ascii	"\231t\354\262\\\360\356\317\367z\205?W\034\035\234\273"
 3118      5CF0EECF 
 3118      F77A853F 
 3118      571C1D9C 
 3118      BB
 3119 012c 71B57E19 		.ascii	"q\265~\031\002\223\0310\205\003\013Htd`\252\002,\030"
 3119      02931930 
 3119      85030B48 
 3119      746460AA 
 3119      022C18
 3120 013f A0A3923F 		.ascii	"\240\243\222?H\276*:\000\375\034\346\351\341\350\025"
 3120      48BE2A3A 
 3120      00FD1CE6 
 3120      E9E1E815 
 3121 014f 0006382B 		.ascii	"\000\0068+\032\0312\3560of`\012\341\001\313\204 \213"
 3121      1A1932EE 
 3121      306F6660 
 3121      0AE101CB 
 3121      84208B
 3122 0162 ACD50460 		.ascii	"\254\325\004`\317\370\356/\217\254\365\345(\205I\256"
 3122      CFF8EE2F 
 3122      8FACF5E5 
 3122      288549AE 
 3123 0172 297EEEB1 		.ascii	")~\356\261\364X\220\323\357\242\030\2024\225\030:\311"
 3123      F45890D3 
 3123      EFA21882 
 3123      3495183A 
 3123      C9
 3124 0183 CF101ACE 		.ascii	"\317\020\032\316\342\031\341\332J4\324\3709|\023\312"
 3124      E219E1DA 
 3124      4A34D4F8 
 3124      397C13CA 
 3125 0193 46FDD7B8 		.ascii	"F\375\327\270\027\300WS\337\340\353D\366\036\313L\276"
 3125      17C05753 
 3125      DFE0EB44 
 3125      F61ECB4C 
 3125      BE
 3126 01a4 8F9C09A0 		.ascii	"\217\234\011\240J\210\357*!\276\257\204\370A@d1-0&P"
 3126      4A88EF2A 
 3126      21BEAF84 
 3126      F8414064 
 3126      312D3026 
 3127 01b9 20A41F12 		.ascii	" \244\037\022\002\347\214f\357\011q)\213\312\236\030"
 3127      02E78C66 
 3127      EF097129 
 3127      8BCA9E18 
 3128 01c9 00E70A6D 		.ascii	"\000\347\012m\230=\007\377\263\356[\021.\341y\364\367"
ARM GAS  /tmp/cczCvEok.s 			page 71


 3128      983D07FF 
 3128      B3EE5B11 
 3128      2EE179F4 
 3128      F7
 3129 01da 39C0F95F 		.ascii	"9\300\371_\023\207\253\005i^\344 ?\336\372be\353K\242"
 3129      1387AB05 
 3129      695EE420 
 3129      3FDEFA62 
 3129      65EB4BA2 
 3130 01ee B5AF5A97 		.ascii	"\265\257Z\227\361U\177`Q\242\020m\013\375\002\021\213"
 3130      F1557F60 
 3130      51A2106D 
 3130      0BFD0211 
 3130      8B
 3131 01ff 2627174A 		.ascii	"&'\027J^\371\011k\027\247\275\202\273J\365;\257bd\241"
 3131      5EF9096B 
 3131      17A7BD82 
 3131      BB4AF53B 
 3131      AF6264A1 
 3132 0213 9E6EA292 		.ascii	"\236n\242\222Z\254\257\177\357\032\226\262~)ee\362D"
 3132      5AACAF7F 
 3132      EF1A96B2 
 3132      7E296565 
 3132      F244
 3133 0225 4AE50A0F 		.ascii	"J\345\012\017\224\031\006\271ZdXUf\030$N\013\004\253"
 3133      941906B9 
 3133      5A645855 
 3133      6618244E 
 3133      0B04AB
 3134 0238 16094A87 		.ascii	"\026\011J\207\276\350\225\005A\331\337\324\003\326\355"
 3134      BEE89505 
 3134      41D9DFD4 
 3134      03D6ED
 3135 0247 AF74FBB8 		.ascii	"\257t\373\270+\006SF\335\342\302H\351\360G\220F\334"
 3135      2B065346 
 3135      DDE2C248 
 3135      E9F04790 
 3135      46DC
 3136 0259 69BC8E94 		.ascii	"i\274\216\224s\220F\030u\177\303<\262\347}(\231\206"
 3136      73904618 
 3136      757FC33C 
 3136      B2E77D28 
 3136      9986
 3137 026b F2248115 		.ascii	"\362$\201\025(\257~fr\265\020s\303\375\327g\177^..\246"
 3137      28AF7E66 
 3137      72B51073 
 3137      C3FDD767 
 3137      7F5E2E2E 
 3138 0280 70DE9E5D 		.ascii	"p\336\236]I2\375)\003\034C\245\023\375\0335\367\307"
 3138      4932FD29 
 3138      031C43A5 
 3138      13FD1B35 
 3138      F7C7
 3139 0292 475F4D7F 		.ascii	"G_M\177\2028^\314\031\231\016b\001\341>K\257\021\267"
 3139      82385ECC 
 3139      19990E62 
 3139      01E13E4B 
ARM GAS  /tmp/cczCvEok.s 			page 72


 3139      AF11B7
 3140 02a5 B98FC9B8 		.ascii	"\271\217\311\270\356svP\035re\014R\273\337\021H\334"
 3140      EE737650 
 3140      1D72650C 
 3140      52BBDF11 
 3140      48DC
 3141 02b7 C01931DF 		.ascii	"\300\0311\337\272\343\0249\351\012\377M\037-\375o\276"
 3141      BAE31439 
 3141      E90AFF4D 
 3141      1F2DFD6F 
 3141      BE
 3142 02c8 FFBF5955 		.ascii	"\377\277YU\340\003\314\2239\374\301\225)\225\376\314"
 3142      E003CC93 
 3142      39FCC195 
 3142      2995FECC 
 3143 02d8 3EEB7E8E 		.ascii	">\353~\216\305Q\323\005a\306\264\026+ah\266\325\250"
 3143      C551D305 
 3143      61C6B416 
 3143      2B6168B6 
 3143      D5A8
 3144 02ea D5D9D63E 		.ascii	"\325\331\326>CO:Z\244\305l4c\311T\223iU\352\361\315"
 3144      434F3A5A 
 3144      A4C56C34 
 3144      63C95493 
 3144      6955EAF1 
 3145 02ff D55A8765 		.ascii	"\325Z\207e\267:\355\015\272\021O\332\251\266V-\366Z"
 3145      B73AED0D 
 3145      BA114FDA 
 3145      A9B6562D 
 3145      F65A
 3146 0311 B47A737C 		.ascii	"\264zs|W]\355\216x\263i':\032lC\203\365\341\260F\257"
 3146      575DED8E 
 3146      78B36927 
 3146      3A1A6C43 
 3146      83F5E1B0 
 3147 0327 2E4A2DA7 		.ascii	".J-\247\224i9\232\235\324\3146}\177\252\311\240\230"
 3147      9469399A 
 3147      9DD4CC36 
 3147      7D7FAAC9 
 3147      A098
 3148 0339 D3E9845B 		.ascii	"\323\351\204[ \320\330\340\030u\266\271\363\011%\272"
 3148      20D0D8E0 
 3148      1875B6B9 
 3148      F30925BA 
 3149 0349 9548586D 		.ascii	"\225HXm\232\361NR\333\276;\252E\242\261\332\230\026"
 3149      9AF14E52 
 3149      DBBE3BAA 
 3149      45A2B1DA 
 3149      9816
 3150 035b B1A84B6D 		.ascii	"\261\250Km\031)\341\230N\374-]'\264g\365\226\204\221"
 3150      1929E198 
 3150      4EFC2D5D 
 3150      27B467F5 
 3150      968491
 3151 036e 68B7ACFD 		.ascii	"h\267\254\375NX\0177o\251y\251\271\246\251\006\266<"
 3151      4E580F37 
 3151      6FA979A9 
ARM GAS  /tmp/cczCvEok.s 			page 73


 3151      B9A6A906 
 3151      B63C
 3152 0380 1DBCDDB2 		.ascii	"\035\274\335\262\2114\301\277\275mS\224\262t\202'\260"
 3152      8934C1BF 
 3152      BD6D5394 
 3152      B2748227 
 3152      B0
 3153 0391 65D1D8EE 		.ascii	"e\321\330\356\220\030\257\33567\206\326\276\000\314"
 3153      9018AFDD 
 3153      363786D6 
 3153      BE00CC
 3154 03a0 8600C15B 		.ascii	"\206\000\301[v'<\002H`\233\235"
 3154      76273C02 
 3154      48609B9D 
 3155              		.text
 3156              		.section	.gnu.lto_chPoolObjectInitAligned.336.752852e5d1f07341,"e",%progbits
 3157 0000 789C6D92 		.ascii	"x\234m\222[H\024Q\030\307\277\357\234\231\331Y\327V"
 3157      5B481451 
 3157      18C7BFEF 
 3157      9C99D959 
 3157      D756
 3158 0012 4DB79408 		.ascii	"M\267\224\010\254\367v\240(\362-\012\212\036\202\300"
 3158      ACF776A0 
 3158      28F22D0A 
 3158      8A1E82C0 
 3159 0022 A22262D1 		.ascii	"\242\"b\321u\254)\267\221YMH\302\251\324d{(\273a\024"
 3159      75AC29B7 
 3159      91594D48 
 3159      C2A9D464 
 3159      7B28BB61 
 3160 0037 2B450F15 		.ascii	"+E\017\025A\220\017\225Hl7!(\274t%\213\302 \272\020"
 3160      41900F95 
 3160      486C3721 
 3160      28BC7425 
 3160      8BC220BA 
 3161 004c 14DA0D2B 		.ascii	"\024\332\015+\373\346\314\316\354>8\3147\347|\377\371"
 3161      FBE6CCCE 
 3161      EC3E38CC 
 3161      37E77CFF 
 3161      F9
 3162 005d 9FDF776E 		.ascii	"\237\337wn\2779\3005\0008A\201A\300c\335)\006\266m\257"
 3162      BF39C035 
 3162      00384181 
 3162      41C063DD 
 3162      2906B66D 
 3163 0072 083076A8 		.ascii	"\0100v\250\3730\303\333\370\350t\237\"\035\354\016\367"
 3163      FB30C3DB 
 3163      F8E8749F 
 3163      221DEC0E 
 3163      F7
 3164 0083 BD7F5825 		.ascii	"\275\177X%qRCBi\317*\222\257td\025\331W:\263\212\342"
 3164      71524342 
 3164      69CF2A92 
 3164      AF746415 
 3164      D9573AB3 
 3165 0099 2B3D47C7 		.ascii	"+=G\307QH\001\3549v~\201[J\305\375\335\251 \225\022"
 3165      514801EC 
ARM GAS  /tmp/cczCvEok.s 			page 74


 3165      39767E81 
 3165      5B4AC5FD 
 3165      DDA92095 
 3166 00ae 19421BE3 		.ascii	"\031B\033\343\222\254\220\334\206\347\270F\342\257\373"
 3166      92AC90DC 
 3166      86E7B846 
 3166      E2AFFB
 3167 00bd 9F87FBCA 		.ascii	"\237\207\373\312\355\213\031\374\004\320\006\342\221"
 3167      ED8B19FC 
 3167      04D006E2 
 3167      91
 3168 00ca 51294589 		.ascii	"Q)E\211\276\021\254\224Q\355@X\224\261\355\341\3277"
 3168      BE11AC94 
 3168      51ED4058 
 3168      94B1EDE1 
 3168      D737
 3169 00dc 6C3B08FB 		.ascii	"l;\010\373\372\261\355&\336@\000\206]8QN\206\336\254"
 3169      FAB1ED26 
 3169      DE400086 
 3169      5D38514E 
 3169      86DEAC
 3170 00ef E19730B4 		.ascii	"\341\2270\264\016\370\006\326\205\377\034\303\005\327"
 3170      0EF806D6 
 3170      85FF1CC3 
 3170      05D7
 3171 00fd F035FDEE 		.ascii	"\3605\375\356x\370(\216\301-\337\301\2730UA\216\313"
 3171      78F8288E 
 3171      C12DDFC1 
 3171      BB305541 
 3171      8ECB
 3172 010f 59C49440 		.ascii	"Y\304\224@\264d|\203\324\205\247*\000B\356\344HA&_\035"
 3172      B4647C83 
 3172      D485A72A 
 3172      0042EEE4 
 3172      4841265F 
 3173 0124 9533F69F 		.ascii	"\2253\366\237\351#\266\375\245<}]\232\217\300\024\006"
 3173      E923B6FD 
 3173      A53C7D5D 
 3173      9A8FC014 
 3173      06
 3174 0135 2CC02924 		.ascii	",\300)$\352\313\324*\024\001\352\253\324\006)\012\250"
 3174      EACBD42A 
 3174      1401EAAB 
 3174      D406290A 
 3174      A8
 3175 0146 1FA2B690 		.ascii	"\037\242\266\220b\026\325\015S\024\221VLy\011E)b?\226"
 3175      6216D50D 
 3175      53149156 
 3175      4C790945 
 3175      29623F96 
 3176 015a 210E6004 		.ascii	"!\016`\004\361\026\316C\314P\2614w\266\321\226\320\316"
 3176      F116CE43 
 3176      CC50B134 
 3176      77B6D196 
 3176      D0CE
 3177 016c 00F472E6 		.ascii	"\000\364r\346&\373)\371\311\354\361\221At\332\205\356"
 3177      26FB29F9 
ARM GAS  /tmp/cczCvEok.s 			page 75


 3177      C9ECF191 
 3177      4174DA85 
 3177      EE
 3178 017d 678A1D1C 		.ascii	"g\212\035\034=\204\034y\251\262\217\206N\261\003\377"
 3178      3D841C79 
 3178      A9B28F86 
 3178      4EB103FF 
 3179 018d 28651CE1 		.ascii	"(e\034\341/\353\250\344<\205\212\231\000\340L\241s`"
 3179      2FEBA8E4 
 3179      3C858A99 
 3179      00E04CA1 
 3179      7360
 3180 019f 05F083B5 		.ascii	"\005\360\203\265\177Z\3059\336C\261\351\275\234\237"
 3180      7F5AC539 
 3180      DE43B1E9 
 3180      BD9C9F
 3181 01ae A6E3E30E 		.ascii	"\246\343\343\016]\"V?\015\226x\231\322\212\334c\311"
 3181      5D22563F 
 3181      0D967899 
 3181      D28ADC63 
 3181      C9
 3182 01bf 5C72598A 		.ascii	"\\rY\212\307\222i\264\217Rr(i\340\304\253\264@A\026"
 3182      C79269B4 
 3182      8F527228 
 3182      69E0C4AB 
 3182      B4404116 
 3183 01d3 15E01165 		.ascii	"\025\340\021e\014r,\225\007\\V\320c\251\371\254`\216"
 3183      0C722C95 
 3183      075C56D0 
 3183      63A9F9AC 
 3183      608E
 3184 01e5 259F79D3 		.ascii	"%\237y\323\373\235y,g\211\005.\313_c\210\027\270\254"
 3184      FB9D792C 
 3184      6789052E 
 3184      CB5F6388 
 3184      17B8AC
 3185 01f8 428F15CA 		.ascii	"B\217\025\312g\025\346X\312\363\223?\206\004k6\261\322"
 3185      6715E658 
 3185      CAF3933F 
 3185      86046B36 
 3185      B1D2
 3186 020a 9DC867B9 		.ascii	"\235\310g\271\254iz\212\034~\017\361\302\216\352$O("
 3186      AC697A8A 
 3186      1C7E0FF1 
 3186      C28EEA24 
 3186      4F28
 3187 021c 29E2617C 		.ascii	")\342a|\200^\251b:4Q\252\304+U\234_\252$W*09\372t\004"
 3187      805EA962 
 3187      3A3451AA 
 3187      C42B559C 
 3187      5FAA2457 
 3188 0236 9D5273C5 		.ascii	"\235Rs\305\361\374e\355\225\220Bfl\027\027\\G\372\022"
 3188      F1FC65ED 
 3188      95904266 
 3188      6C17175C 
 3188      47FA12
 3189 0249 436FA6F6 		.ascii	"Co\246\366\012J\361a\034B\372\337i\333\252>\202w\220"
ARM GAS  /tmp/cczCvEok.s 			page 76


 3189      0A4AF161 
 3189      1C42FADF 
 3189      69DBAA3E 
 3189      827790
 3190 025c 15098CEA 		.ascii	"\025\011\214\352\037y\205w\324\343/\025g:\223\027\303"
 3190      1F798577 
 3190      D4E32F15 
 3190      673A9317 
 3190      C3
 3191 026d CE48FAFD 		.ascii	"\316H\372\375\201\3056\337EXF]u\333c\334\012\240lC\367"
 3191      81C536DF 
 3191      4558465D 
 3191      75DB63DC 
 3191      0AA06C43 
 3192 0282 8ABC1E14 		.ascii	"\212\274\036\024S?\37312\203\267\365\031n\241\025\224"
 3192      533FFB31 
 3192      3283B7F5 
 3192      196EA115 
 3192      94
 3193 0293 09E71BCF 		.ascii	"\011\347\033\3179\023u\014^\340&\262F\204\365[\326z"
 3193      3913750C 
 3193      5EE026B2 
 3193      4684F55B 
 3193      D67A
 3194 02a5 A96C066B 		.ascii	"\251l\006k\313K\334H\316y0\315\016\274\235X-v\203\256"
 3194      CB4BDC48 
 3194      CE7930CD 
 3194      0EBC9D58 
 3194      2D7683AE 
 3195 02b9 42EE1A03 		.ascii	"B\356\032\003Tk;\314\204\256Yf\255\266\3362w\352\361"
 3195      546B3BCC 
 3195      84AE5966 
 3195      ADB6DE32 
 3195      77EAF1
 3196 02cc A6A4B66A 		.ascii	"\246\244\266j\207QkT75\327\031f~?\266x\211\326bZ\273"
 3196      87516B54 
 3196      3735D719 
 3196      667E3FB6 
 3196      7889D662 
 3197 02e2 928D3571 		.ascii	"\222\2155q=\326d5\357\336\245UoX\267dql\315\372\265"
 3197      3DD66435 
 3197      EFDEA555 
 3197      6F58B764 
 3197      716CCDFA 
 3198 02f7 2B63F586 		.ascii	"+c\365\206\225h\251\261t\015\242\321\250Fo\334\031j"
 3198      9568A9B1 
 3198      740DA2D1 
 3198      A8466FDC 
 3198      196A
 3199 0309 26B34E33 		.ascii	"&\263N3Io\203Q\253%\2558\375J\350\211F\323lHF\343\300"
 3199      496F8351 
 3199      AB25AD38 
 3199      FD4AE889 
 3199      46D36C48 
 3200 0320 128D73F2 		.ascii	"\022\215s\362\205h\375\322\252\345\365UuU %\215\275"
 3200      8568FDD2 
 3200      AAE5F555 
ARM GAS  /tmp/cczCvEok.s 			page 77


 3200      75552025 
 3200      8DBD
 3201 0332 BA5CD360 		.ascii	"\272\\\323`l\337\2556Z\346\036\243N\267\376\003\330"
 3201      6CDFAD36 
 3201      5AE61EA3 
 3201      4EB7FE03 
 3201      D8
 3202 0343 6B8653   		.ascii	"k\206S"
 3203              		.text
 3204              		.section	.gnu.lto_chPoolLoadArray.337.752852e5d1f07341,"e",%progbits
 3205 0000 789C7D53 		.ascii	"x\234}SML\\U\024>\347\236\373\376\030\320\201bK4&\023"
 3205      4D4C5C55 
 3205      143EE79E 
 3205      FBFE18D0 
 3205      81624B34 
 3206 0016 176E8CF3 		.ascii	"\027n\214\363\022\232\032X\2304v\321\2700\251A\243\211"
 3206      129A1A58 
 3206      983476D1 
 3206      B830A941 
 3206      A389
 3207 0028 1A02C320 		.ascii	"\032\002\303 S\030\336d\0062a\321\314\023\030\206\320"
 3207      5318DE64 
 3207      063261D1 
 3207      CC131886 
 3207      D0
 3208 0039 D80A0B2C 		.ascii	"\330\012\013,\321\200lj\343\357\242\306\224\012\323"
 3208      D1806C6A 
 3208      E3EFA2C6 
 3208      940AD3
 3209 0048 914A27FE 		.ascii	"\221J'\376T+iD\252\211\206\205\206\272\220D\243\265"
 3209      542B6944 
 3209      AA898685 
 3209      86BA9044 
 3209      A3B5
 3210 005a B4E2B9F7 		.ascii	"\264\342\271\367\215S\022\023_\336\273\367\273\347|"
 3210      8D531213 
 3210      5FDEBBF7 
 3210      BBE77C
 3211 0069 E7BBE79C 		.ascii	"\347\273\347\234{\337>\011p\015\000\346\371\303\032"
 3211      7BDF3E09 
 3211      700D00E6 
 3211      F9C31A
 3212 0078 C0A9C909 		.ascii	"\300\251\311\011\001\276\357\037\264\204\030\235<.\360"
 3212      01BEEF1F 
 3212      B484189D 
 3212      3C2EF0
 3213 0087 025E9E39 		.ascii	"\002^\2369k\312\221\311\273\316\376\364E\253$\266\206"
 3213      6BCA91C9 
 3213      BBCEFEF4 
 3213      45AB24B6 
 3213      86
 3214 0098 B4A550B1 		.ascii	"\264\245P\261H|\265\032c\341\214\320\300\300\231\251"
 3214      487CB51A 
 3214      63E18CD0 
 3214      C0C099A9 
 3215 00a8 D3A8A123 		.ascii	"\323\250\241#\362\201\316\352\326\315\026y\352\225\015"
 3215      F281CEEA 
ARM GAS  /tmp/cczCvEok.s 			page 78


 3215      D6CD1679 
 3215      EA950D
 3216 00b7 7CEF64DE 		.ascii	"|\357d\336\2226\27649\0210\020r\202\244e86\346\204\003"
 3216      9236BE34 
 3216      39113010 
 3216      7282A465 
 3216      3836E684 
 3217 00cc 5892B8C3 		.ascii	"X\222\270\303\317\335U\000\225g\236\\\016\270\261\362"
 3217      CFDD5500 
 3217      95679E5C 
 3217      0EB8B1F2 
 3218 00dc CB1B1F35 		.ascii	"\313\033\0375\371gJx\035 \027x\0144\367\240\344\361"
 3218      F9674A78 
 3218      1D201778 
 3218      0C34F7A0 
 3218      E4F1
 3219 00ee 1E8C1868 		.ascii	"\036\214\030h\347\021\036.\371\376\225\313\347|\337"
 3219      E7111E2E 
 3219      F9FE95CB 
 3219      E77CDF
 3220 00fd 8163E731 		.ascii	"\201c\3471\267\200\347\020@\3408\276\335\304\204\271"
 3220      B780E710 
 3220      40E038BE 
 3220      DDC484B9 
 3221 010d 0AE1074D 		.ascii	"\012\341\007M\330\204\305*C\214\343\207\2121_a\374\245"
 3221      D884C52A 
 3221      438CE387 
 3221      8A315F61 
 3221      FCA5
 3222 011f 1943C52A 		.ascii	"\031C\305*\201\306\261\324\004\020\322{\243\201\014"
 3222      81C6B1D4 
 3222      0410D27B 
 3222      A3810C
 3223 012e B21F2367 		.ascii	"\262\037#g\240\3507\246\217\277\365\346\276\327\375"
 3223      A0E837A6 
 3223      8FBFF5E6 
 3223      BED7FD
 3224 013d 92E44DB3 		.ascii	"\222\344M\263:b\031\325\256\257\335k\340C\212\360\375"
 3224      3A6219D5 
 3224      AEAFDD6B 
 3224      E0438AF0 
 3224      FD
 3225 014e D8B58BC8 		.ascii	"\330\265\213\310\204\321H5\255e\324\025\330\337\354"
 3225      84D14835 
 3225      AD65D415 
 3225      D8DFEC
 3226 015d 56F9F93E 		.ascii	"V\371\371>\245\262\011\237TdVP\245v\372\2772\212\222"
 3226      A5B2099F 
 3226      54645650 
 3226      A576FABF 
 3226      328A92
 3227 0170 AB50B44E 		.ascii	"\253P\264NH\365\350\327'/\341E\204\022fU\246e\344\014"
 3227      48F5E8D7 
 3227      272FE145 
 3227      84126655 
 3227      A665E40C 
 3228 0184 D98BC278 		.ascii	"\331\213\302x\177\325(\371\267vN\372\376\332\375\267"
ARM GAS  /tmp/cczCvEok.s 			page 79


 3228      7FD528F9 
 3228      B7764EFA 
 3228      FEDAFDB7 
 3229 0194 16B7EDBD 		.ascii	"\026\267\355\275\010\302\024 ,\342O26x6\371\263@\330"
 3229      08C21420 
 3229      2CE24F32 
 3229      367836F9 
 3229      B340D8
 3230 01a7 36E022F2 		.ascii	"6\340\"\362\211\0241\204x\036k\221Q\035\262-\254\034"
 3230      89143184 
 3230      781E6B91 
 3230      511DB22D 
 3230      AC1C
 3231 01b9 F5CAD1A0 		.ascii	"\365\312\321\240\206F\265\004\230%\330\272y\246\005"
 3231      8646B504 
 3231      9825D8BA 
 3231      79A605
 3232 01c8 FD12C01C 		.ascii	"\375\022\300\034\011\215G\030\377)\374\215\2052\252"
 3232      098D4718 
 3232      FF29FC8D 
 3232      8532AA
 3233 01d7 F98160D8 		.ascii	"\371\201`\330\026#\253\005$\244\220y\214\003\267\305"
 3233      1623AB05 
 3233      24A49079 
 3233      8C03B7C5 
 3234 01e7 F0DFBC14 		.ascii	"\360\337\274\024\204p[\344#D\023h&{\001H\230|;D\010"
 3234      84705BE4 
 3234      23441368 
 3234      267B0148 
 3234      987C3B44 
 3235 01fc FE10A3D7 		.ascii	"\376\020\243\327\017\021\341g\250\217{\216\350\324\370"
 3235      0F11E167 
 3235      A88F7B8E 
 3235      E8D4F8
 3236 020b B7CD4A5C 		.ascii	"\267\315J\\V\244$\325\232Cw\244\014\222\201\224\371"
 3236      56A424D5 
 3236      9A4377A4 
 3236      0C928194 
 3236      F9
 3237 021c AF94C1C1 		.ascii	"\257\224\301\301U%\363\216\222\374}}\275F)\031:\263"
 3237      5525F38E 
 3237      92FC7D7D 
 3237      BD462919 
 3237      3AB3
 3238 022e DB623402 		.ascii	"\333b4\002\023(^\214\353[\025Sg\302\022\261A\236\337"
 3238      13285E8C 
 3238      EB5B1553 
 3238      67C212B1 
 3238      419EDF
 3239 0241 41D97105 		.ascii	"A\331q\005\277B\366\217\371\276\035\373\032K(\302Z\305"
 3239      BF42F68F 
 3239      F9BE1DFB 
 3239      1A4B28C2 
 3239      5AC5
 3240 0253 AA160B05 		.ascii	"\252\026\013\005j\244:)\201\352\210q\003\3252\254%E"
 3240      6AA43A29 
 3240      81EA8871 
ARM GAS  /tmp/cczCvEok.s 			page 80


 3240      03D532AC 
 3240      2545
 3241 0265 32A6F26B 		.ascii	"2\246\362ke\252\266\344B\271\206\177\013\206\303\021"
 3241      65AAB6E4 
 3241      42B9867F 
 3241      0B86C311 
 3242 0275 5CE65604 		.ascii	"\\\346V\004h\005\311V\356\337\336\235\276zb\032\361"
 3242      6805C956 
 3242      EEDFDE9D 
 3242      BE7A621A 
 3242      F1
 3243 0286 92EEDBC6 		.ascii	"\222\356\333\306\372\227\016\226\203\366\250\364^x\216"
 3243      FA970E96 
 3243      83F6A8F4 
 3243      5E788E
 3244 0295 1714225B 		.ascii	"\027\024\"[\354Qa[\013/\027\265\032\252\313T\321\011"
 3244      EC51615B 
 3244      0B2F17B5 
 3244      1AAACB54 
 3244      D109
 3245 02a7 7659B554 		.ascii	"vY\265TO\212\233\017\222\245*\340\313a?\323\363)\302"
 3245      4F8A9B0F 
 3245      92A52AE0 
 3245      CB613FD3 
 3245      F329C2
 3246 02ba 230A0D5D 		.ascii	"#\012\015]\305\247A5m\344\203\261G)L6YA\364\"RX\207"
 3246      C5A74135 
 3246      6DE483B1 
 3246      47294C36 
 3246      5941F422 
 3247 02d1 AF958572 		.ascii	"\257\225\205r\317\216\035\240zr\270\305\301\037\251"
 3247      CF8E1DA0 
 3247      7A72B8C5 
 3247      C11FA9
 3248 02e0 4945A47A 		.ascii	"IE\244z]\275\303Z\276D]\313Au!\310a(\224\212\256ec\251"
 3248      5DBDC35A 
 3248      BE445DCB 
 3248      417521C8 
 3248      6128948A 
 3249 02f8 700255AD 		.ascii	"p\002U\255A\367\035\374\\w\277\300\3735\362\245\243"
 3249      41F71DFC 
 3249      5C77BFC0 
 3249      FB35F2A5 
 3249      A3
 3250 0309 B031BBF4 		.ascii	"\2601\273\364<\373\013\344P\2032\324\033\305\245gU\300"
 3250      3CFB0BE4 
 3250      508332D4 
 3250      1BC5A567 
 3250      55C0
 3251 031b 1CD9D5CE 		.ascii	"\034\331\325\316\356\210\341\037\277;\254\217m\226P"
 3251      EE88E11F 
 3251      BF3BAC8F 
 3251      6D9650
 3252 032a 9B8755C3 		.ascii	"\233\207U\303\241\315\355\361\222q7\355u\272G\322\336"
 3252      A1CDEDF1 
 3252      927137ED 
 3252      75BA47D2 
ARM GAS  /tmp/cczCvEok.s 			page 81


 3252      DE
 3253 033b D1786C20 		.ascii	"\321xl \343\036\352It&\332\006\006\273\022\336n\334"
 3253      E31EEA49 
 3253      7426DA06 
 3253      06BB12DE 
 3253      6EDC
 3254 034d DEBCDFCD 		.ascii	"\336\274\337\315z\351\336L\252#\026o\037H\017\366\367"
 3254      7AE9DE4C 
 3254      AA23166F 
 3254      1F480FF6 
 3254      F7
 3255 035e BA6D4F3D 		.ascii	"\272mO=\261\277\271\375\360\221\307\037k\357N\244\223"
 3255      B1BFB9FD 
 3255      F091C71F 
 3255      6BEF4EA4 
 3255      93
 3256 036f D98E74DC 		.ascii	"\331\216t\334\205h4\352\362\033S\241^\246\302\3642\374"
 3256      856834EA 
 3256      F21B53A1 
 3256      5EA6C2F4 
 3256      32FC
 3257 0381 F6253ADD 		.ascii	"\366%:\335L:\306\256d<\231\362\274\276L4\006\"\231\332"
 3257      4C3AC6AE 
 3257      643C99F2 
 3257      BCBE4C34 
 3257      062299DA 
 3258 0395 BBDB10ED 		.ascii	"\273\333\020\355>\320\332\322\335\332\325\012\230\302"
 3258      3ED0DAD2 
 3258      DDDAD50A 
 3258      98C2
 3259 03a3 FEE6FF15 		.ascii	"\376\346\377\025K\364\307\372\006\273\342\273\005{@"
 3259      4BF4C7FA 
 3259      06BBE2BB 
 3259      057B40
 3260 03b2 7A9D4753 		.ascii	"z\235GS\377\000%\316\255m"
 3260      FF0025CE 
 3260      AD6D
 3261              		.text
 3262              		.section	.gnu.lto_chPoolAllocI.338.752852e5d1f07341,"e",%progbits
 3263 0000 789C4D52 		.ascii	"x\234MR_HSa\024?\347\373\356\275\273nm\010RB\370 =\005"
 3263      5F485361 
 3263      143FE7FB 
 3263      EEBDBB6E 
 3263      6D085242 
 3264 0018 D52E2946 		.ascii	"\325.)F{\223|\210\036\002aED\304r\327\231S\327]\233"
 3264      7B937C88 
 3264      1E026145 
 3264      44C472D7 
 3264      9953D75D 
 3265 002d C387905D 		.ascii	"\303\207\220]\377\313z\310Ea\223\320\"\002\373\003\005"
 3265      FFCB7AC8 
 3265      456193D0 
 3265      2202FB03 
 3265      05
 3266 003e 2B12535B 		.ascii	"+\022S[\224\021S1}\353\325\207\245E\020A%\230\332\271"
 3266      94115331 
 3266      7DEBD587 
ARM GAS  /tmp/cczCvEok.s 			page 82


 3266      A5451041 
 3266      2598DAB9 
 3267 0052 DFA60DBE 		.ascii	"\337\246\015\276?\347\373~\277s~\347\234\357\233d\000"
 3267      3FE7FB7E 
 3267      BF737EE7 
 3267      9CEF9B64 
 3267      00
 3268 0063 0F00A083 		.ascii	"\017\000\240\203&\252\2007\223\011\006\246i\326\332"
 3268      26AA8037 
 3268      930906A6 
 3268      69D6DA
 3269 0072 18EB495E 		.ascii	"\030\353I^g8\215\013\251\264\"\365&]\351\334\274G\342"
 3269      67388D0B 
 3269      A9B422F5 
 3269      265DE9DC 
 3269      BC47E2
 3270 0085 786B9721 		.ascii	"xk\227!\261\276<c$\235;,\365']\271\371T\231$\343p\322"
 3270      B1BE3C63 
 3270      249D3B2C 
 3270      F5275DB9 
 3270      F9549924 
 3271 009c 2E700587 		.ascii	".p\005\207\325<\323\206]\311\304\227\307/$\"\213\013"
 3271      D53CD386 
 3271      5DC9C497 
 3271      C72F2422 
 3271      8B0B
 3272 00ae 8438E392 		.ascii	"\2048\343\222\254\3300\216\367\271\214J\031\222\243"
 3272      ACD8308E 
 3272      F7B98C4A 
 3272      1992A3
 3273 00bd B2172BB5 		.ascii	"\262\027+\265\214i\256\317~\033Z\252\270;\236\221\326"
 3273      8C69AECF 
 3273      7E1B5AAA 
 3273      B83B9E91 
 3273      D6
 3274 00ce 00E213F8 		.ascii	"\000\342\023\370\012);\220Q\355C8B\370\247\271\011\323"
 3274      0A293B90 
 3274      51ED4338 
 3274      42F8A7B9 
 3274      09D3
 3275 00e0 2C81CE49 		.ascii	",\201\316I\314\203\257\221\341 ~/\027\2341\244\365\020"
 3275      CC83AF91 
 3275      E1207E2F 
 3275      179C31A4 
 3275      F510
 3276 00f2 B17E241E 		.ascii	"\261~$\036\366\273\206\272\3245\230*\360\246)\316 \256"
 3276      F6BB86BA 
 3276      D435982A 
 3276      F0A629CE 
 3276      20AE
 3277 0104 973B2C2B 		.ascii	"\227;,+>C'\032\014\247\220\261g\313r\306\374\273}\303"
 3277      3E43271A 
 3277      0CA790B1 
 3277      67CB72C6 
 3277      FCBB7DC3 
 3278 0118 34170F2E 		.ascii	"4\027\017.N=))E`\234\001\2238M\031\230\254\000\361l"
 3278      4E3D2929 
ARM GAS  /tmp/cczCvEok.s 			page 83


 3278      45609C01 
 3278      93384D19 
 3278      98AC00F1 
 3279 012d D6E2409C 		.ascii	"\326\342@\234D\247e\001\214r\253@SB3\0030\306Y\376\320"
 3279      44A76501 
 3279      8C72AB40 
 3279      53423303 
 3279      30C659FE 
 3280 0142 45873FCC 		.ascii	"E\207?\314\\\271\235E\261\337\261\303&\353\251\204\004"
 3280      5CB99D45 
 3280      B1DFB1C3 
 3280      26EBA984 
 3280      04
 3281 0153 B2E85552 		.ascii	"\262\350URT\305\355\210\335\332\016\344\227\015\326"
 3281      54C5ED88 
 3281      DDDA0EE4 
 3281      970DD6
 3282 0162 B33C801C 		.ascii	"\263<\200\034\271C\351\244\270\033\254{\213\216\214"
 3282      B943E9A4 
 3282      B81BAC7B 
 3282      8B8E8C
 3283 0171 2379F655 		.ascii	"#y\366Ur\236@%\324\012\300\031\265\014\230\003~\263"
 3283      729E4025 
 3283      D40AC019 
 3283      B50C9803 
 3283      7EB3
 3284 0183 DEAF759C 		.ascii	"\336\257u\234\343[\321\032\222\346\253\363\251jK\231"
 3284      E35BD11A 
 3284      92E6ABF3 
 3284      A96A4B99 
 3285 0193 8B789BAC 		.ascii	"\213x\233\254W\350]\016XMQt\253)\024C\277F\373S\224"
 3285      57E85D0E 
 3285      584D5174 
 3285      AB291443 
 3285      BF46FB53 
 3286 01a8 1A66F13D 		.ascii	"\032f\361=\022\336o\232\252\376\001g\220\225\212(\322"
 3286      12DE6F9A 
 3286      AAFE0167 
 3286      90958A28 
 3286      D2
 3287 01b9 6E01F24E 		.ascii	"n\001\362Nn+\243v+\235\231G{\270\323\362%\302\270\353"
 3287      6E2BA376 
 3287      2B9D9947 
 3287      7BB8D3F2 
 3287      25C2B8EB 
 3288 01cd 627306E1 		.ascii	"bs\006\341\030\231j\354#^\000\253\334\356{G\251%\334"
 3288      18996AEC 
 3288      235E00AB 
 3288      DCEE7B47 
 3288      A925DC
 3289 01e0 297CD254 		.ascii	")|\322T\271\225\342\273\375\334\211Z!Ey)\225\316\261"
 3289      B995E2BB 
 3289      FDDC895A 
 3289      21457929 
 3289      95CEB1
 3290 01f3 DDEEBCCC 		.ascii	"\335\356\274\314\262|\340\012.S\2121\204Bx\365|cv'\372"
 3290      B27CE00A 
ARM GAS  /tmp/cczCvEok.s 			page 84


 3290      2E538A31 
 3290      844278F5 
 3290      7C637627 
 3291 0208 1C9E03D1 		.ascii	"\034\236\003\321\216\237\211_X\300Wy\221\374\202%\317"
 3291      8E9F895F 
 3291      58C05779 
 3291      91FC8225 
 3291      CF
 3292 0219 6521A03C 		.ascii	"e!\240<\247\037\210B`\223^N\241\372\317z\011u\260r\201"
 3292      A71F8842 
 3292      60935E4E 
 3292      A1FACF7A 
 3292      0975B072 
 3293 022e DB8AABEB 		.ascii	"\333\212\253\353\256\265\236\220\333D.o\262v\372\232"
 3293      AEB59E90 
 3293      DB442E6F 
 3293      B276FA9A 
 3294 023e C2FC4CDA 		.ascii	"\302\374L\332\333TM\015A\000\003\334Feo-]\342\212\""
 3294      DB544D0D 
 3294      410003DC 
 3294      46656F2D 
 3294      5DE28A22 
 3295 0252 59EF8DFF 		.ascii	"Y\357\215\377\337\033\300\2535\033\241\200\0261\374"
 3295      DF1BC0AB 
 3295      351BA180 
 3295      1631FC
 3296 0261 5A7DC468 		.ascii	"Z}\304h\011\350\355Q\255\2569\350\017z\333c\215A\243"
 3296      09E8ED51 
 3296      ADAE39E8 
 3296      0F7ADB63 
 3296      8D41A3
 3297 0274 D8F65555 		.ascii	"\330\366UUk\035F\2445\032n\320\003\276\366H\354J\253"
 3297      6B1D46A4 
 3297      351A6ED0 
 3297      03BEF648 
 3297      EC4AAB
 3298 0287 E63D73BA 		.ascii	"\346=s\272\272\312w\262\376\324\011_S0\022\352h\210"
 3298      BACA77B2 
 3298      FED4095F 
 3298      533012EA 
 3298      6888
 3299 0299 043470BB 		.ascii	"\0044p\273\335\032\015\335r5\242\005\246\021\245\321"
 3299      DD1A0DDD 
 3299      7235A205 
 3299      A611A5D1 
 3300 02a9 16F46BD1 		.ascii	"\026\364k\321\210NP(\020\012\033F[\324\255\003\013\205"
 3300      884E5028 
 3300      100A1B46 
 3300      5BD4AD03 
 3300      0B85
 3301 02bb F7155FB8 		.ascii	"\367\025_\270\233j<\307\233<\215\036\220\014\177K\370"
 3301      9B6A3CC7 
 3301      9B3C8D1E 
 3301      900C7F4B 
 3301      F8
 3302 02cc 1F473726 		.ascii	"\037G7&\000"
 3302      00
ARM GAS  /tmp/cczCvEok.s 			page 85


 3303              		.text
 3304              		.section	.gnu.lto_chPoolAlloc.339.752852e5d1f07341,"e",%progbits
 3305 0000 789C7D52 		.ascii	"x\234}R]H\024Q\024>\347\356\254\256I\021\210\031\322"
 3305      5D481451 
 3305      143EE7EE 
 3305      ACAE4911 
 3305      8819D2
 3306 0013 C3129450 		.ascii	"\303\022\224P\272#\212\224o\225D\210,\210\333\373\342"
 3306      BA238A94 
 3306      6F954488 
 3306      2C88DBFB 
 3306      E2
 3307 0024 8EAB8E3A 		.ascii	"\216\253\216:\3166\263\233\211\204\243\226\210P\251"
 3307      CE36B39B 
 3307      8984A396 
 3307      8850A9
 3308 0033 9084F9FB 		.ascii	"\220\204\371\373 \364\022e\277bZ\253\246\246\026F\365"
 3308      20F41265 
 3308      BF625AAB 
 3308      A6A61646 
 3308      F5
 3309 0044 50160A22 		.ascii	"P\026\012\"\211Hbi(a\331\271\263\233\370bp\271\367\334"
 3309      89486269 
 3309      2861D9B9 
 3309      B39BF862 
 3309      70B9F7DC 
 3310 0058 F37DE7BB 		.ascii	"\363}\347\273\3379\\\203\001\224\"\300Q\000@\013`Sc"
 3310      DF395C83 
 3310      019422C0 
 3310      5100400B 
 3310      605363
 3311 006b 3D03C330 		.ascii	"=\003\3030NE2\254j\254\037\273\373H\300\0014\023\010"
 3311      4E4532AC 
 3311      6AAC1FBB 
 3311      FB48C001 
 3311      341308
 3312 007e 950C2BB1 		.ascii	"\225\014+\261\313b\305\210\030\024h\217E\273\0304\214"
 3312      CB62C588 
 3312      1814688F 
 3312      45BB1834 
 3312      8C
 3313 008f 8D91A586 		.ascii	"\215\221\245\206O\207Z\357\004\205E\200\312^|Jz\000"
 3313      4F875AEF 
 3313      04854580 
 3313      CA5E7C4A 
 3313      7A00
 3314 00a1 56B45D45 		.ascii	"V\264]EH\"\374\355D\257aD\301\345>\014\203\014\353p"
 3314      4822FCED 
 3314      44AF6144 
 3314      C1E53E0C 
 3314      830CEB70 
 3315 00b5 3CCEA474 		.ascii	"<\316\244t \355\307\211\2642\321]\273\257\241\312\266"
 3315      20EDC789 
 3315      B432D15D 
 3315      BBAFA1CA 
 3315      B6
 3316 00c6 08FDB8AD 		.ascii	"\010\375\270\255Q\207\037\342\242a\200^&wV\214\006\250"
ARM GAS  /tmp/cczCvEok.s 			page 86


 3316      51871FE2 
 3316      A261805E 
 3316      2677568C 
 3316      06A8
 3317 00d8 78C10B28 		.ascii	"x\301\013((\017\232\0019\353\375\232\002\317\261<\224"
 3317      280F9A01 
 3317      39EBFD9A 
 3317      02CFB13C 
 3317      94
 3318 00e9 1EC4ED7C 		.ascii	"\036\304\355|\353\353\221/\0210\204e\374\235)\236\345"
 3318      EBEB912F 
 3318      11308465 
 3318      FC9D299E 
 3318      E5
 3319 00fa 663666AE 		.ascii	"f6f\256\177\236\212o5\202B\340%V\230\017\215 \263\326"
 3319      7F9E8A6F 
 3319      358242E0 
 3319      2556980F 
 3319      8D20B3D6 
 3320 010e E1B7F890 		.ascii	"\341\267\370\220\221\215_M[\217\023\207k\214W\006\247"
 3320      918D5F4D 
 3320      5B8F1387 
 3320      6B8C5706 
 3320      A7
 3321 011f 54862966 		.ascii	"T\206)fG\\vc\354v\304(\3020V\000\2757\206d\210@\304"
 3321      475C7663 
 3321      EC76C428 
 3321      C2305600 
 3321      BD378664 
 3322 0136 7EBCF7CE 		.ascii	"~\274\367\316\03246\267n\030\301\205\330\256\007\337"
 3322      1A3436B7 
 3322      6E18C185 
 3322      D8AE07DF 
 3323 0146 E71F66D9 		.ascii	"\347\037f\331\030b\037\012@ @\273\205\017\326\020\320"
 3323      18621F0A 
 3323      402040BB 
 3323      850FD610 
 3323      D0
 3324 0157 08027458 		.ascii	"\010\002tXX\350RC\227uf\314\335\234D\363\274\025\315"
 3324      58E85243 
 3324      977566CC 
 3324      DD9C44F3 
 3324      BC15CD
 3325 016a 8FD59EE6 		.ascii	"\217\325\236\346\231\226f\344\315\360\344\352t\024\016"
 3325      999666E4 
 3325      CDF0E4EA 
 3325      74140E
 3326 0179 9AE1EACF 		.ascii	"\232\341\352\317\356?K\037cp(\004t,\037\244\263\272"
 3326      EE3F4B1F 
 3326      63702804 
 3326      742C1FA4 
 3326      B3BA
 3327 018b 93018E60 		.ascii	"\223\001\216`D\000\223M\316@\333\223\3316\304\321\020"
 3327      4400934D 
 3327      CE40DB93 
 3327      D936C4D1 
 3327      10
ARM GAS  /tmp/cczCvEok.s 			page 87


 3328 019c E7D96C14 		.ascii	"\347\331l\024\216!l\262\352\303\334\352{f\305\204yV"
 3328      8E216CB2 
 3328      EAC3DCEA 
 3328      7B66C584 
 3328      7956
 3329 01ae 6BD3AD18 		.ascii	"k\323\255\030E]M \3201\211\343|B\011\013\004\\\340\351"
 3329      455D4D20 
 3329      D03189E3 
 3329      7C42090B 
 3329      045CE0E9 
 3330 01c2 37C87D55 		.ascii	"7\310}U\257\254u\267/\333\270\272i\363GO\363\332t7\206"
 3330      AFAC75B7 
 3330      2FDBB8BA 
 3330      69F3474F 
 3330      F3DA7437 
 3331 01d7 CDCCAD4F 		.ascii	"\315\314\255O#\374f5v\250G\246*\224d{LV\357\265\226"
 3331      23FC6635 
 3331      76A847A6 
 3331      2A94647B 
 3331      4C56EFB5 
 3332 01ec 2CFA3684 		.ascii	",\3726\204]\351L\263\010\204\312\005\000\026\306\366"
 3332      5DE94CB3 
 3332      0884CA05 
 3332      0016C6F6 
 3333 01fc 724D3B8D 		.ascii	"rM;\215\303\"\230\002m\223;\004$\010\327\317\335\217"
 3333      C3229802 
 3333      6D933B04 
 3333      2408D7CF 
 3333      DD8F
 3334 020e 862DEA8A 		.ascii	"\206-\352\212J\371/h\267`hV\325A~u\211\205\252\342\025"
 3334      4AF92F68 
 3334      B7606856 
 3334      D5417E75 
 3334      8985AAE2 
 3335 0223 35D52366 		.ascii	"5\325#fkj\221W\362\353bF\241\354\221]\376@\236\254\356"
 3335      6B6A9157 
 3335      F2EB6246 
 3335      A1EC915D 
 3335      FE409EAC 
 3336 0238 8CDD29A9 		.ascii	"\214\335)\251b\231\252\025\353\276\\\311\353\366k\201"
 3336      6299AA15 
 3336      EBBE5CC9 
 3336      EBF66B81 
 3337 0248 D262D175 		.ascii	"\322b\321u\336\231\232\342>\227\235y\306\235/kJY\256"
 3337      DE999AE2 
 3337      3E979D79 
 3337      C69D2F6B 
 3337      4A59AE
 3338 025b E615C1E1 		.ascii	"\346\025\301\341p\210\264$^\252\352a\246\252\323*\221"
 3338      7088B424 
 3338      5EAAEA61 
 3338      A6AAD32A 
 3338      91
 3339 026c 3DA2AE49 		.ascii	"=\242\256I\004)^\305\247\252%\272C\002\246\370\016\354"
 3339      04295EC5 
 3339      A7AA25BA 
 3339      4302A6F8 
ARM GAS  /tmp/cczCvEok.s 			page 88


 3339      0EEC
 3340 027e 4C38F2D3 		.ascii	"L8\362\323\322O\346\247\347\245\203\240z\212|\307vQ"
 3340      D24FE6A7 
 3340      E7A583A0 
 3340      7A8A7CC7 
 3340      7651
 3341 0290 D3FCA25C 		.ascii	"\323\374\242\\*\225\004\362\274\204\351\345\272\243"
 3341      2A9504F2 
 3341      BC84E9E5 
 3341      BAA3
 3342 029e 10223DB9 		.ascii	"\020\"=\271\2727[\223\317\356R\"\251\212\242\226\212"
 3342      BA375B93 
 3342      CFEE5222 
 3342      A98AA296 
 3342      8A
 3343 02af DE4B7EF1 		.ascii	"\336K~\361t\216S\314p\2722]b\206J\2363\377))\272\254"
 3343      748E53CC 
 3343      70BA325D 
 3343      62864A9E 
 3343      33FF2929 
 3344 02c5 BB0B2489 		.ascii	"\273\013$\211\324\322\376\257\342S5\232\025\351\\<\221"
 3344      D4D2FEAF 
 3344      E253359A 
 3344      15E95C3C 
 3344      91
 3345 02d6 E4249644 		.ascii	"\344$\226D:T\265\337\351\312\261s\037>MN\264\037I\006"
 3345      3A54B5DF 
 3345      E9CAB173 
 3345      1F3E4D4E 
 3345      B41F4906 
 3346 02ea A6412435 		.ascii	"\246A$5\247j\345\360\027y\346[n"
 3346      A76AE5F0 
 3346      1779E65B 
 3346      6E
 3347              		.text
 3348              		.section	.gnu.lto_chPoolFreeI.340.752852e5d1f07341,"e",%progbits
 3349 0000 789C6552 		.ascii	"x\234eRMHTQ\024>\347\336\367\336\3749\223\240iKi\033"
 3349      4D485451 
 3349      143EE7DE 
 3349      F7DEFC39 
 3349      93A0694B 
 3350 0016 CD03A368 		.ascii	"\315\003\243hv\221\213hQ\030V\024R\2033\2169\352\364"
 3350      76918B68 
 3350      51185614 
 3350      5283338E 
 3350      39EAF4
 3351 0029 8619455C 		.ascii	"\206\031E\\\310<\177\223q\221SQ\266Q\203 \203\240\205"
 3351      C83C7F93 
 3351      71915351 
 3351      B6518320 
 3351      83A085
 3352 003c 1B13D1A1 		.ascii	"\033\023\321\241(\210T\304je\201\010I\032\201\005\231"
 3352      288854C4 
 3352      6A658108 
 3352      491A8105 
 3352      99
 3353 004d 613A9D7B 		.ascii	"a:\235{g\3368\320\343\235w\357\371\356w\277\367\235"
ARM GAS  /tmp/cczCvEok.s 			page 89


 3353      67DE38D0 
 3353      E39D77EF 
 3353      F9EE77BF 
 3353      F79D
 3354 005f 73EF650E 		.ascii	"s\357e\016\360\004\000\"\024h\003\274\223J20M\363\224"
 3354      F0040022 
 3354      146803BC 
 3354      934A3230 
 3354      4DF394
 3355 0072 8DB1BED4 		.ascii	"\215\261\276\324 \303Y\234\1778\241)=)\317\304\332\234"
 3355      20C3599C 
 3355      7F38A129 
 3355      3D29CFC4 
 3355      DA9C
 3356 0084 4FE184BA 		.ascii	"O\341\204\272$\322\233C\224<\322\237CT\274\237W\321"
 3356      24D29B43 
 3356      943CD29F 
 3356      4354BC9F 
 3356      57D1
 3357 0096 B02B9574 		.ascii	"\260+\225t\220\212\314\020\022\214+\252\206\011|\304"
 3357      908ACC10 
 3357      128C2BAA 
 3357      86097CC4 
 3358 00a6 7582B65F 		.ascii	"u\202\266_\177\333\374|\310\034O\343\006@\002\344\243"
 3358      7FDBFC7C 
 3358      C81C4FE3 
 3358      064002E4 
 3358      A3
 3359 00b7 A2568224 		.ascii	"\242V\202$\242\035\304\012\025\355}\010G\323\246\271"
 3359      A21DC40A 
 3359      15ED7D08 
 3359      47D3A6B9 
 3360 00c7 F876D234 		.ascii	"\370v\3224\035\3209\205\211\0278\211\000\014\007\360"
 3360      1DD03985 
 3360      89173889 
 3360      000C07F0 
 3361 00d7 4F191146 		.ascii	"O\031\021Fs\204eIX\207\351<\203\015`o\271\020\264?F"
 3361      73846549 
 3361      5887E93C 
 3361      830D606F 
 3361      B910B43F 
 3362 00ec FA1E21D6 		.ascii	"\372\036!\326\346\366\227A\317P\227\275c\306b\001\014"
 3362      E6F69741 
 3362      CF5097BD 
 3362      63C66201 
 3362      0C
 3363 00fd E050B90B 		.ascii	"\340P\271\013fQ\032 \004\231\362|IM\233\1773\267M3\343"
 3363      66511A20 
 3363      0499F27C 
 3363      494D9B7F 
 3363      33B74D33 
 3364 0112 5D9F5E75 		.ascii	"]\237^u\224#0\225\001\3238\205Bs\225F\215\302\006\314"
 3364      94233095 
 3364      01D33885 
 3364      42739546 
 3364      8DC206CC 
 3365 0126 66A77050 		.ascii	"f\247pP8)\\\264VD\270\233\302\003\214\027#Nc\011\342"
ARM GAS  /tmp/cczCvEok.s 			page 90


 3365      38295CB4 
 3365      5644B89B 
 3365      C2038C17 
 3365      234E6309 
 3366 013b 14E98E70 		.ascii	"\024\351\216p\310\320\303\321L\003\214r\226M\272(\371"
 3366      C8D0C3D1 
 3366      4C038C72 
 3366      964DBA28 
 3366      F9
 3367 014c CDCCD51F 		.ascii	"\315\314\325\037\357\220\306\3561?\316 /\226\320/\202"
 3367      EF90C6EE 
 3367      313FCE20 
 3367      2F96D02F 
 3367      82
 3368 015d 76594F05 		.ascii	"vYO\005$\221\031tB\314)\341-\227\030\016g?;\254g\351"
 3368      24911974 
 3368      42CC29E1 
 3368      2D97180E 
 3368      673F3BAC 
 3369 0173 1672E425 		.ascii	"\026r\344%Z'\375c\207u\357Q\312\270\330\331W\301y\022"
 3369      5A27FD63 
 3369      8775EF51 
 3369      CAB8D8D9 
 3369      57C17912 
 3370 0187 B5F00D00 		.ascii	"\265\360\015\000NV\251\0067l\261\336\215*\316\361\225"
 3370      4E56A906 
 3370      376CB1DE 
 3370      8D2ACEF1 
 3370      95
 3371 0198 2C9D6CF0 		.ascii	",\235l\360\007th\322\206\222\323R\310\265n)\251\\\311"
 3371      077468D2 
 3371      8692D352 
 3371      C8B56E29 
 3371      A95CC9
 3372 01ab 2A699692 		.ascii	"*i\226\222J{\363B\332\276\2202u\357\323H\266\036\332"
 3372      4A7BF342 
 3372      DABE9032 
 3372      75EFD348 
 3372      B61EDA
 3373 01be 3BE3E036 		.ascii	";\343\3406\025\237\211s\267\007\257\274D8!f\313\360"
 3373      159F8973 
 3373      B707AFBC 
 3373      44382166 
 3373      CBF0
 3374 01d0 06EB4010 		.ascii	"\006\353@\020zF\372\221\333\271M[\006\024\2158`\375"
 3374      7A46FA91 
 3374      DBB94D5B 
 3374      06148D38 
 3374      60FD
 3375 01e2 D041C5D3 		.ascii	"\320A\305\323\3620M\235Dp\210\344\003%.\356\024\334"
 3375      F2304D9D 
 3375      447088E4 
 3375      03252EEE 
 3375      14DC
 3376 01f4 7C8945DC 		.ascii	"|\211E\334\2255\346\266\214\025\025\032s\357\033S\327"
 3376      9535E6B6 
 3376      8C15151A 
ARM GAS  /tmp/cczCvEok.s 			page 91


 3376      73EF1B53 
 3376      D7
 3377 0205 C6569228 		.ascii	"\306V\222(\214\271d\313vY\257l\251\377\232\274l\265"
 3377      8CB964CB 
 3377      7659AF6C 
 3377      A9FF9ABC 
 3377      6CB5
 3378 0217 E26E9046 		.ascii	"\342n\220Fm;\010\303\312\325y\234CZ\357'\277\265\013"
 3378      6D3B08C3 
 3378      CAD5799C 
 3378      435AEF27 
 3378      BFB50B
 3379 022a 9846562A 		.ascii	"\230FV*e4*\300T\204\214\333j\377\352\236K\326\272^\312"
 3379      65342AC0 
 3379      54848CDB 
 3379      6AFFEA9E 
 3379      4BD6BA5E 
 3380 023f 3DFF17DB 		.ascii	"=\377\027\333\261\210\227d\255\335?\223\337\221\376"
 3380      B1889764 
 3380      ADDD3F93 
 3380      DF91FE
 3381 024e D4819063 		.ascii	"\324\201\220c\215\363\232\353K\026\355=^ \367\036)\230"
 3381      8DF39AEB 
 3381      4B16ED3D 
 3381      5E20F71E 
 3381      2998
 3382 0260 5A40B161 		.ascii	"Z@\261a\370\251\245\367\225\025\010~\024\202\324\237"
 3382      F8A9A5F7 
 3382      9515087E 
 3382      1482D49F 
 3383 0270 0CEB5EB9 		.ascii	"\014\353^\271{^\226G\035\317\372\022\227\012\240Fo4"
 3383      7B5E9647 
 3383      1DCFFA12 
 3383      970AA046 
 3383      6F34
 3384 0282 22213D66 		.ascii	"\"!=f\004\364\352\230\321\024\012\266\306\365\252\306"
 3384      04F4EA98 
 3384      D1140AB6 
 3384      C6F5AAC6 
 3385 0292 70205CD3 		.ascii	"p \\\323\332V\0376\012\347\376\312cz\273\021k\216G\353"
 3385      DA561F36 
 3385      0AE7FECA 
 3385      637ABB11 
 3385      6B8E47EB 
 3386 02a6 82217F6B 		.ascii	"\202!\177k\254\355f\263^s\361\334\261J\377\231\352\263"
 3386      ACED66B3 
 3386      5E73F1DC 
 3386      B14AFF99 
 3386      EAB3
 3387 02b8 A7FD0DE1 		.ascii	"\247\375\015\341X\244\275.\026\322\301\353\365\352\364"
 3387      58A4BD2E 
 3387      16D2C1EB 
 3387      F5EAF4
 3388 02c7 06C55623 		.ascii	"\006\305V#\236c\032qz[\302\001=\036\013\322R$\024\211"
 3388      9E631A71 
 3388      7A5BC201 
 3388      3D1E0BD2 
ARM GAS  /tmp/cczCvEok.s 			page 92


 3388      52241489 
 3389 02db 1A464BDC 		.ascii	"\032FK\334\033\004\026\211\226\025\002\336\206\343\276"
 3389      1B041689 
 3389      961502DE 
 3389      86E3BE
 3390 02ea 930DBE7A 		.ascii	"\223\015\276z\037(F\240)\312\243\215\321\177_\357J("
 3390      1F2846A0 
 3390      29CAA38D 
 3390      D17F5FEF 
 3390      4A28
 3391              		.text
 3392              		.section	.gnu.lto_chPoolFree.341.752852e5d1f07341,"e",%progbits
 3393 0000 789C7D52 		.ascii	"x\234}R]H\024Q\024>\347\316\356\272\213 \201(\342\323"
 3393      5D481451 
 3393      143EE7CE 
 3393      EEBA8B20 
 3393      8128E2D3 
 3394 0014 528450BA 		.ascii	"R\204P\272#\212\224o\225D\370\260\"n\257\261\354\216"
 3394      238A946F 
 3394      9544F8B0 
 3394      226EAFB1 
 3394      EC8E
 3395 0026 A38E3A3B 		.ascii	"\243\216:;\333\314n\333>\304N+\206\010\025\372\340C"
 3395      DBCC6EDB 
 3395      3EC44E2B 
 3395      860815FA 
 3395      E043
 3396 0038 F9530F42 		.ascii	"\371S\017Bo\341Ca\2465j\253\366k\250Dn\245%\221\224"
 3396      6FE14361 
 3396      A6356AAB 
 3396      F66BA844 
 3396      6EA52591 
 3397 004d 24928612 		.ascii	"$\222\206\022\226\335;\273Y/6\\\346\236s\276\357|\347"
 3397      96DD3BBB 
 3397      592F365C 
 3397      E69E73BE 
 3397      EF7CE7
 3398 0060 BB977B86 		.ascii	"\273\227{\206\000\004\020\340\000\000 \007\330\331\321"
 3398      000410E0 
 3398      00002007 
 3398      D8D9D1
 3399 006f 4E40D7F5 		.ascii	"N@\327\365c\031\004/v\264;p\004\315\014!F0\20679\236"
 3399      6319042F 
 3399      76B43B70 
 3399      04CD0C21 
 3399      46308637 
 3400 0085 A65B8995 		.ascii	"\246[\211\225\265\365<\375\226\201_\000b`~V\264e\243"
 3400      B5F53CFD 
 3400      96815F00 
 3400      62607E56 
 3400      B465A3
 3401 0098 85FE73D0 		.ascii	"\205\376s\320iE{+B\221\241\353/\247\006u\335\001\027"
 3401      69457B2B 
 3401      4291A1EB 
 3401      2FA70675 
 3401      DD0117
 3402 00ab 8630760F 		.ascii	"\2060v\017\007\351\034\202m8\223K\011}iB\322$|\206\341"
ARM GAS  /tmp/cczCvEok.s 			page 93


 3402      07E91C82 
 3402      6D38934B 
 3402      097D6942 
 3402      D2247C86 
 3403 00c0 5D0669C3 		.ascii	"]\006i\303w\271\000\231\2464Z\221\006\321\207\010f\020"
 3403      77B90099 
 3403      A6345A91 
 3403      06D18708 
 3403      6610
 3404 00d2 31CC8079 		.ascii	"1\314\200y\230+\205\007\030I\225Gq\267\336\375,\361"
 3404      982B8507 
 3404      18499547 
 3404      71B7DEFD 
 3404      2CF1
 3405 00e4 D6066318 		.ascii	"\326\006c\030\246\271}\232U\331\230\255\205+o\246\363"
 3405      A6B97D9A 
 3405      55D998AD 
 3405      852B6FA6 
 3405      F3
 3406 00f5 BB75C3A2 		.ascii	"\273u\303\242=\302\2509(\201\304\326\206_\363\255x\230"
 3406      3DC2A839 
 3406      2881C4D6 
 3406      865FF3AD 
 3406      7898
 3407 0107 117E74EE 		.ascii	"\021~t\356\334)\034o\321\247tF\211\245)\346\301\314"
 3407      DC291C6F 
 3407      D1A77446 
 3407      89A529E6 
 3407      C1CC
 3408 0119 7193D76D 		.ascii	"q\223\327m\023\010\343\030e\306&\221\032b\340\355\031"
 3408      1308E318 
 3408      65C62691 
 3408      1A62E0ED 
 3408      19
 3409 012a ABA16FEF 		.ascii	"\253\241o\357\\\325\215\345\234\017\313\243\237\346"
 3409      5CD58DE5 
 3409      9C0FCBA3 
 3409      9FE6
 3410 0138 ABEC0471 		.ascii	"\253\354\004q\0109\304a\212\367r\354.u\013\352\006@"
 3410      0839C461 
 3410      8AF772EC 
 3410      2E750BEA 
 3410      0640
 3411 014a 1F475249 		.ascii	"\037GRI\013M6\211\2764\373\002\331\276>\320\265p\255"
 3411      0B4D3689 
 3411      BE34FB02 
 3411      D9BE3ED0 
 3411      B570AD
 3412 015d 0BD91158 		.ascii	"\013\331\021Xu=\351\300\321\024\360\275\377\327\312"
 3412      753DE9C0 
 3412      D114F0BD 
 3412      FFD7CA
 3413 016c EB6C1C4B 		.ascii	"\353l\034K\001}\253yt\217\337 \200\011\264iXlrFz\356"
 3413      017DAB79 
 3413      748FDF20 
 3413      8009B469 
 3413      586C7246 
ARM GAS  /tmp/cczCvEok.s 			page 94


 3414 0182 2EF6204E 		.ascii	".\366 N\2448\367\027\0358\211\260M\342\373\231\301Y"
 3414      A438F717 
 3414      1D3889B0 
 3414      4DE2FB99 
 3414      C159
 3415 0194 62C5828F 		.ascii	"b\305\202\217\344\222\375\254\025\035\324\356\023\004"
 3415      E492FDAC 
 3415      151DD4EE 
 3415      1304
 3416 01a2 BA3DC5C7 		.ascii	"\272=\305\307\354^\012\226)\240\260\362sd\206\342k\033"
 3416      EC5E0A96 
 3416      29A0B0F2 
 3416      736486E2 
 3416      6B1B
 3417 01b4 FDBDAB76 		.ascii	"\375\275\253v\246n\372\3736\320\265\221\354\307\264"
 3417      A66EFAFB 
 3417      36D0B591 
 3417      ECC7B4
 3418 01c3 99A5CD24 		.ascii	"\231\245\315$\302O\322\342\204v$r\023-\222L\2235xy\256"
 3418      C24FD2E2 
 3418      84762472 
 3418      132D924C 
 3418      93357879 
 3419 01d8 8ABE128A 		.ascii	"\212\276\022\212\265\232X\275\010\300\021\216#Yf\333"
 3419      B59A58BD 
 3419      08C0118E 
 3419      235966DB 
 3420 01e8 ABACBF5D 		.ascii	"\253\254\277]>`M;$\376~\276\312|4\275\034\246\256$n"
 3420      3E604D3B 
 3420      24FE7EBE 
 3420      CA7C34BD 
 3420      1CA6AE24 
 3421 01fd B0D4C337 		.ascii	"\260\324\3037(\262\310\253\212\237\257V\225FQ\010i|"
 3421      28B2C8AB 
 3421      8A9FAF56 
 3421      95465108 
 3421      697C
 3422 020f 4583E497 		.ascii	"E\203\344\227<\241p\255\244\374\033{KJ\371\210\2426"
 3422      3CA170AD 
 3422      A4FC1B7B 
 3422      4B4AF988 
 3422      A236
 3423 0221 69419F20 		.ascii	"iA\237 zCj8\320\304{N\273KK\274\247\252+Ox\353$U\216"
 3423      7A436A38 
 3423      D0C47B4E 
 3423      BB4B4BBC 
 3423      A7AA2B4F 
 3424 023a F8549107 		.ascii	"\370T\221\007\227\313\305\323%\260VEK3\025\215\256f"
 3424      97CBC5D3 
 3424      25B05645 
 3424      4B33158D 
 3424      AE66
 3425 024c C9CF6BAA 		.ascii	"\311\317k\252@!Y\224\203\212\322\254\271\004 r0\367"
 3425      40215994 
 3425      838AD2AC 
 3425      B9042072 
 3425      30F7
ARM GAS  /tmp/cczCvEok.s 			page 95


 3426 025e DF82ABAE 		.ascii	"\337\202\253\256\254\374h]ym9X\024\177c\360\320\036"
 3426      ACFC685D 
 3426      796D3958 
 3426      147F63F0 
 3426      D01E
 3427 0270 6A6A8897 		.ascii	"jj\210\227\002Bs\270V\244\230\026\325\\\015\220\341"
 3427      024273B8 
 3427      56A49816 
 3427      D55C0D90 
 3427      E1
 3428 0281 F76962B5 		.ascii	"\367ib\265*\235\334\243EPdY\011\360\342\371\020\177"
 3428      2A9DDCA3 
 3428      45506459 
 3428      09F0E2F9 
 3428      107F
 3429 0293 BCC6CD57 		.ascii	"\274\306\315W\270=\225\036\276B\241\236+\377(\311\232"
 3429      B83D951E 
 3429      BE42A19E 
 3429      2BFF28C9 
 3429      9A
 3430 02a4 A479EB05 		.ascii	"\244y\353\005\201\252\225\375_%\250\250\364\256\250"
 3430      81AA95FD 
 3430      5F25A8A8 
 3430      F4AEA8
 3431 02b3 CEB92345 		.ascii	"\316\271#En\312\022\250\016\355\332\347\366\3248\231"
 3431      6ECA12A8 
 3431      0EEDDAE7 
 3431      F6D43899 
 3432 02c3 8FA02A15 		.ascii	"\217\240*\025:\017\026\003Q!\203\036NQ\243\360\033\264"
 3432      3A0F1603 
 3432      5121831E 
 3432      4E51A3F0 
 3432      1BB4
 3433 02d5 CA4E40   		.ascii	"\312N@"
 3434              		.text
 3435              		.section	.gnu.lto_chGuardedPoolObjectInitAligned.342.752852e5d1f07341,"e",%progbits
 3436 0000 789C4D90 		.ascii	"x\234M\220Ah\023A\024\206\337?\223]\033\024E\304\350"
 3436      41681341 
 3436      1486DF3F 
 3436      935D1B14 
 3436      45C4E8
 3437 0013 CD82074F 		.ascii	"\315\202\007O\356@\213bn\242\007\361 \026\342}I\266"
 3437      EE408B62 
 3437      6EA207F1 
 3437      2016E27D 
 3437      49B6
 3438 0025 9B764DB6 		.ascii	"\233vM\266\033w\023\"J\311\264PJr\321\212\350\311X\021"
 3438      1B771322 
 3438      4AC9B450 
 3438      4A72D18A 
 3438      E8C95811 
 3439 0039 414428DE 		.ascii	"AD(\336j-5*RAA\361$x\021\017\"\212\340M\213\225\372"
 3439      6A2D352A 
 3439      524141F1 
 3439      2478110F 
 3439      228AE04D 
 3440 0050 76D3C62C 		.ascii	"v\323\306,\263\303\376o\276\371f\337\\\007\321\003\""
ARM GAS  /tmp/cczCvEok.s 			page 96


 3440      B3C3FE6F 
 3440      BEF966DF 
 3440      5C07D103 
 3440      22
 3441 0061 3AC82F24 		.ascii	":\310/$\341\332\\K\220\326\372\3706\201\251\271V\032"
 3441      E1DA5C4B 
 3441      90D6FAF8 
 3441      3681A9B9 
 3441      561A
 3442 0073 4F912450 		.ascii	"O\221$PC\240\201;Rq\374\375\362\373\374\332~}\277\203"
 3442      43A0813B 
 3442      5271FCFD 
 3442      F2FBFCDA 
 3442      7E7DBF83 
 3443 0087 6F440D4A 		.ascii	"oD\015J\036\003\346\036\244x\336\213A\003\0033\240\303"
 3443      1E03E61E 
 3443      A478DE8B 
 3443      41030333 
 3443      A0C3
 3444 0099 1DADDFAD 		.ascii	"\035\255\337\255/j\235\246\311%4\036c\221\317\022h\342"
 3444      2F6A9DA6 
 3444      C925341E 
 3444      6391CF12 
 3444      68E2
 3445 00ab 6E8681F9 		.ascii	"n\206\201\371.\360\363\365\354\315\235Wqy\271\007\210"
 3445      2EF0F3F5 
 3445      ECCD9D57 
 3445      7179B907 
 3445      88
 3446 00bc 261662E0 		.ascii	"&\026b\340\336&\360f5\006>\322J\217\220M<\311\020m\357"
 3446      DE26F066 
 3446      35063ED2 
 3446      4A8F904D 
 3446      3CC9106D 
 3447 00d1 9ECD155A 		.ascii	"\236\315\025Zxot\364\372\306\025\255\177|\301\207Ci"
 3447      786F74F4 
 3447      FAC615AD 
 3447      7F7CC187 
 3447      4369
 3448 00e3 90480912 		.ascii	"\220H\011\022\206\004\226`\000\3130\201\025&\3332nN"
 3448      86049660 
 3448      00CB3081 
 3448      1526DB32 
 3448      6E4E
 3449 00f5 A7A03B44 		.ascii	"\247\240;D\267\245\350\206)\016\277\204\376|\353-\350"
 3449      B7A5E886 
 3449      290EBF84 
 3449      FE7CEB2D 
 3449      E8
 3450 0106 8F98BED1 		.ascii	"\217\230\276\321\202\344]\346$\270\253\207q\377_\017"
 3450      82E45DE6 
 3450      24B8AB87 
 3450      71FF5F0F 
 3451 0116 44179FC5 		.ascii	"D\027\237\305\351(\207\201\013\317\021\020\265\222\005"
 3451      E9288781 
 3451      0BCF1110 
 3451      B59205
ARM GAS  /tmp/cczCvEok.s 			page 97


 3452 0125 D45FB0F6 		.ascii	"\324_\260\366\257\230\035\344\202\360KD\022\322\220"
 3452      AF981DE4 
 3452      82F04B44 
 3452      12D290
 3453 0134 A6E9F13F 		.ascii	"\246\351\361?\354H\254\355][R\261\245\333\327\257sW"
 3453      EC48ACED 
 3453      5D5B52B1 
 3453      A5DBD7AF 
 3453      7357
 3454 0146 E1F474B5 		.ascii	"\341\364t\265W\211n&\321\345m\326\011\223/_\354\246"
 3454      57896E26 
 3454      D1E56DD6 
 3454      09932F5F 
 3454      ECA6
 3455 0158 0D31FDE9 		.ascii	"\0151\375\351\321\331\344\256\333\022\377\273 \312\251"
 3455      D1D9E4AE 
 3455      DB12FFBB 
 3455      20CAA9
 3456 0167 F1C07755 		.ascii	"\361\300wU\030\024\324H\030\234w\235j\244N\216{\005"
 3456      1814D448 
 3456      189C779D 
 3456      6AA44E8E 
 3456      7B05
 3457 0179 2F57AD8D 		.ascii	"/W\255\215zA\377\267=4\254\352AX\212*y\307\265\253a"
 3457      7A41FFB7 
 3457      3D34ACEA 
 3457      41588A2A 
 3457      79C7B5AB 
 3458 018e 6DA2A472 		.ascii	"m\242\244r\347\316\014\017\331\247FN\237\260\213^\350"
 3458      E7CE0C0F 
 3458      D9A7464E 
 3458      9FB08B5E 
 3458      E8
 3459 019f D7F3A1AB 		.ascii	"\327\363\241\253\310\262,\305\303\211\267\006\321&\031"
 3459      C8B22CC5 
 3459      C389B706 
 3459      D12619
 3460 01ae 443CCA5E 		.ascii	"D<\312^AE\241\303K\276\353W\202\240\034Y\016\3111\277"
 3460      4145A1C3 
 3460      4BBEEB57 
 3460      82A01C59 
 3460      0EC931BF 
 3461 01c2 92E9AF58 		.ascii	"\222\351\257X\305#\331c\305\354h\226R\221w\3115\362"
 3461      C523D963 
 3461      C5EC6896 
 3461      529177C9 
 3461      35F2
 3462 01d4 656F6CE2 		.ascii	"eol\342\037\315#\267\204"
 3462      1FCD23B7 
 3462      84
 3463              		.text
 3464              		.section	.gnu.lto_chGuardedPoolLoadArray.343.752852e5d1f07341,"e",%progbits
 3465 0000 789C7D53 		.ascii	"x\234}SQh\233U\024>\347\236\373'\377\337\264.\355\332"
 3465      51689B55 
 3465      143EE79E 
 3465      FB27FFDF 
 3465      B42EEDDA 
ARM GAS  /tmp/cczCvEok.s 			page 98


 3466 0014 A14F067D 		.ascii	"\241O\006}\330\203\230@\307\244}P\206{P\037\204i\024"
 3466      D8839840 
 3466      C7A47D50 
 3466      867B501F 
 3466      846914
 3467 0027 1195D2A6 		.ascii	"\021\225\322\246\351\232\265iB\322\022\3720\362\333"
 3467      E99AB569 
 3467      42D212FA 
 3467      30F2DB
 3468 0036 348D4D71 		.ascii	"4\215Mq5\005k\013\243u\"\322\241(2\037\272Q\272\254"
 3468      35056B0B 
 3468      A37522D2 
 3468      A128321F 
 3468      BA51BAAC 
 3469 004a B32BBA8D 		.ascii	"\263+\272\215\315\240\326M\037\244\017\203m\242\201"
 3469      CDA0D64D 
 3469      1FA40F83 
 3469      6DA281
 3470 0059 89ABDBBA 		.ascii	"\211\253\333\272x\356\375cV\020\374\371\377{\277{\316"
 3470      78EEFD63 
 3470      5610FCF9 
 3470      FF7BBF7B 
 3470      CE
 3471 006a 77BE7BCE 		.ascii	"w\276{\316\271\367\337-\001~\006\200c\374a\035\340T"
 3471      B9F7DF2D 
 3471      017E0680 
 3471      63FC611D 
 3471      E054
 3472 007c 212FC0B6 		.ascii	"!/\300\266\355}n!F\013\023\002O\343\305\331\023.\231"
 3472      ED7D6E21 
 3472      460B1302 
 3472      4FE3C5D9 
 3472      132E99
 3473 008f 293C74E2 		.ascii	")<t\342\332\205vIl\365hK\256j\221\370A-\306\215\263"
 3473      DA857649 
 3473      6CF5684B 
 3473      AE6A91F8 
 3473      412DC68D 
 3474 00a4 42030367 		.ascii	"B\003\003g\247>A\015-\221utJ\345;mr\346\275\015\374"
 3474      A73E410D 
 3474      2D917574 
 3474      4AE53B6D 
 3474      72E6BD0D 
 3475 00b9 7C32EB96 		.ascii	"|2\353\226&\276]\310;\014\204\264 \3516,\023\323\302"
 3475      26BE5DC8 
 3475      3B0C84B4 
 3475      20E9362C 
 3475      13D3C2
 3476 00cc 022C4AAC 		.ascii	"\002,J\254\360\263\243\006\240\372\034\243\000\007l"
 3476      F0B3A306 
 3476      A0FA1CA3 
 3476      00076C
 3477 00db AEDE2C6F 		.ascii	"\256\336,o=l/\024\361\006@\332\361\030\350\332\211\222"
 3477      3D6C2F14 
 3477      F10640DA 
 3477      F118E8DA 
 3477      8992
ARM GAS  /tmp/cczCvEok.s 			page 99


 3478 00ed C716F419 		.ascii	"\307\026\364\031hf\021\236,\332\366\345\337\026m\333"
 3478      6866119E 
 3478      2CDAF6E5 
 3478      DF166DDB 
 3479 00fd 82C3A730 		.ascii	"\202\303\2470}\022\027\021@\3408^ma\302\207UBE\023\256"
 3479      7D121711 
 3479      40E0385E 
 3479      6D61C287 
 3479      55424513 
 3480 0112 C3528D21 		.ascii	"\303R\215!\306\361\232b|Te\314fr\266W\016/\327\0104"
 3480      C6F19A62 
 3480      7C5465CC 
 3480      6672B657 
 3480      0E2FD708 
 3481 0127 8EE51600 		.ascii	"\216\345\026\000\217\336\033\015d\220:\203\234\201\242"
 3481      8FDE1B0D 
 3481      64903A83 
 3481      9C81A2
 3482 0136 6FCE4C1C 		.ascii	"o\316L\034\237x\364\250]\224\274iJG\254\240\332\365"
 3482      9F78F4A8 
 3482      5D94BC69 
 3482      4A47ACA0 
 3482      DAF5
 3483 0148 E223063E 		.ascii	"\342#\006>\241\010\277\214\375\261\206L\030\365\325"
 3483      A108BF8C 
 3483      FDB1864C 
 3483      18F5D5
 3484 0157 D25A415D 		.ascii	"\322ZA]\201\271\276]\345\346\343g2\366\363\327\341\353"
 3484      81B9BE5D 
 3484      E5E6E367 
 3484      32F6F3D7 
 3484      E1EB
 3485 0169 AACC2AAA 		.ascii	"\252\314*\252\324\256\376WFQ\322U\212\326\361p\217\026"
 3485      D4AEFE57 
 3485      4651D255 
 3485      8AD6F170 
 3485      8F16
 3486 017b EF07CFE1 		.ascii	"\357\007\317\341Y\204\"\246T\246k\310\031\262\027\205"
 3486      598422A6 
 3486      54A66BC8 
 3486      19B21785 
 3487 018b F145C928 		.ascii	"\361E\311(\332\367*\223\266]y\346\350\331O?\306]\010"
 3487      DAF72A93 
 3487      B65D79E6 
 3487      E8D94F3F 
 3487      C65D08
 3488 019e C22540B8 		.ascii	"\302%@\270\211?\311\330\340\331\305\237\033\204i\002"
 3488      893FC9D8 
 3488      E0D9C59F 
 3488      1B846902 
 3489 01ae 2E211FC9 		.ascii	".!\037\3112z\020Oa=2j@\266y\225\243Q9\232\324\320\254"
 3489      327A104F 
 3489      613D326A 
 3489      40B67995 
 3489      A351399A 
 3490 01c5 96007304 		.ascii	"\226\000s\004\345;\013mh\027\001\346Ih\234a|[\330\033"
 3490      E53B0B6D 
ARM GAS  /tmp/cczCvEok.s 			page 100


 3490      681701E6 
 3490      49689C61 
 3490      7C5BD81B 
 3491 01d9 B72EA19A 		.ascii	"\267.\241\232\037s\206\273\"S\312!!y\\\2079\360\256"
 3491      1F7386BB 
 3491      2253CA21 
 3491      21795C87 
 3491      39F0AE
 3492 01ec 18B9CF4B 		.ascii	"\030\271\317KA\010[\"\353#\312\243+\332\007@\302\305"
 3492      41085B22 
 3492      EB23CAA3 
 3492      2BDA0740 
 3492      C2C5
 3493 01fe D74378E0 		.ascii	"\327Cx\340/1zc?\021~\213\372\274\347\211f\336\371\251"
 3493      2F317A63 
 3493      3F117E8B 
 3493      FABCE789 
 3493      66DEF9A9 
 3494 0212 5589CBAA 		.ascii	"U\211\313\252\224\244z\327\360\003)\203\244#\345\372"
 3494      94A47AD7 
 3494      F0032983 
 3494      A423E5FA 
 3495 0222 57CAE0E0 		.ascii	"W\312\340\340\232\222\353\201\222\374\363\312\225:\245"
 3495      9A92EB81 
 3495      92FCF3CA 
 3495      953AA5
 3496 0231 64E8CCB6 		.ascii	"d\350\314\266\304\250\017\362(\016\206\365\265\012\251"
 3496      C4A80FF2 
 3496      280E86F5 
 3496      B50AA9
 3497 0240 436189D0 		.ascii	"Ca\211\320\020\317\237\241\354\274\214\\H\036\307l\333"
 3497      10CF9FA1 
 3497      ECBC8C5C 
 3497      481EC76C 
 3497      DB
 3498 0251 0C7D8745 		.ascii	"\014}\207E\024^\255\342\256\025\0139j\246\006)\201\032"
 3498      145EADE2 
 3498      AE150B39 
 3498      6AA60629 
 3498      811A
 3499 0263 887113D5 		.ascii	"\210q\023\3253\254'E2\246\262\353kTk\311\337\227\352"
 3499      33AC2745 
 3499      32A6B2EB 
 3499      6B546BC9 
 3499      DF97EA
 3500 0276 F8BF6038 		.ascii	"\370\277`8\342\303\025n\205\203V\221L\345\276\365\345"
 3500      E2C3156E 
 3500      85835691 
 3500      4CE5BEF5 
 3500      E5
 3501 0287 74697A1A 		.ascii	"tiz\032\361\234\356\333\306\372\217\026\2569\355Q\351"
 3501      F19CEEDB 
 3501      C6FA8F16 
 3501      AE39ED51 
 3501      E9
 3502 0298 BDF5062F 		.ascii	"\275\365\006/\310C\246\330\251\302\312'\337\335\324"
 3502      C843A6D8 
ARM GAS  /tmp/cczCvEok.s 			page 101


 3502      A9C2CA27 
 3502      DFDDD4
 3503 02a7 6AA86E53 		.ascii	"j\250nSU\307\331\345\336\016\325\223\345\343~r\253\012"
 3503      55C7D9E5 
 3503      DE0ED593 
 3503      E5E37E72 
 3503      AB0A
 3504 02b9 F8762CEC 		.ascii	"\370v,\354~\255\367\033U\327S\2740_\375\036\203\000"
 3504      7EADF71B 
 3504      55D753BC 
 3504      305FFD1E 
 3504      8300
 3505 02cb 0A2EF887 		.ascii	"\012.\370\207\177\300\227@\3650\363\325\330\323\344"
 3505      7FC09740 
 3505      F530F3D5 
 3505      D8D3E4
 3506 02da 2593DC8E 		.ascii	"%\223\334\216\330\022\222W\253\025JB\271\347\306\366"
 3506      D8129257 
 3506      AB154A42 
 3506      B9E7C6F6 
 3507 02ea 522359DC 		.ascii	"R#Y\334q\347\017\325\244e\244F\335\014\213\305l\211"
 3507      71E70FD5 
 3507      A465A446 
 3507      DD0C8BC5 
 3507      6C89
 3508 02fc BAB47DEA 		.ascii	"\272\264}\352~\220\305P(\025]\332\306\355\311#\250J"
 3508      7E90C550 
 3508      28155DDA 
 3508      C6EDC923 
 3508      A84A
 3509 030e 770EC3C2 		.ascii	"w\016\303\302\363\3720r\274_3\337A\362\032\277W\336"
 3509      F3FA3072 
 3509      BC5F33DF 
 3509      41F21ABF 
 3509      57DE
 3510 0320 647F8E2C 		.ascii	"d\177\216,jR\206F\343H\341u\0250Of\255\321\0251\362"
 3510      6A528646 
 3510      E348E175 
 3510      15304F66 
 3510      ADD11531 
 3511 0335 EBFB2FEB 		.ascii	"\353\373/\353S\234#\324\346\021\325\177\010\006zc\321"
 3511      539C23D4 
 3511      E611D57F 
 3511      08067A63 
 3511      D1
 3512 0346 702011EB 		.ascii	"p \021\353\012\034H\304\016\205C\203\311\300\376\336"
 3512      0A1C48C4 
 3512      0E854383 
 3512      C9C0FEDE 
 3513 0356 48572438 		.ascii	"HW$88\324\035\211m\307\035\255{\002\251X\242/\031\357"
 3513      38D41D89 
 3513      6DC71DAD 
 3513      7B02A958 
 3513      A22F19EF 
 3514 036a 0C853B06 		.ascii	"\014\205;\006\023C\003}\201\340+/\356i\355x\356\300"
 3514      1343037D 
 3514      81E02B2F 
ARM GAS  /tmp/cczCvEok.s 			page 102


 3514      EE69ED78 
 3514      EEC0
 3515 037c 0BCF76F4 		.ascii	"\013\317v\364D\022\321Tg\"\034\000\277\337\037\3407"
 3515      4412D154 
 3515      67221C00 
 3515      BFDF1FE0 
 3515      37
 3516 038d A44263C9 		.ascii	"\244Bc\311*3\226\344\267?\322\025H&B\354\212\206\243"
 3516      2A3396E4 
 3516      B73FD215 
 3516      482642EC 
 3516      8A86A3
 3517 03a0 F158AC3F 		.ascii	"\361X\254?\351\017\001\035\214\306wm\267\370{\366\266"
 3517      E90F011D 
 3517      8CC6776D 
 3517      B7F87BF6 
 3517      B6
 3518 03b1 B7F5B477 		.ascii	"\267\365\264w\267\003\306q\240\365\177\325\"\003\241"
 3518      B703C671 
 3518      A0F57FD5 
 3518      2203A1
 3519 03c0 FEA1EEF0 		.ascii	"\376\241\356\360v\305^\220\261\256C\361\177\000\263"
 3519      76C55E90 
 3519      B1AE43F1 
 3519      7F00B3
 3520 03cf 73B532   		.ascii	"s\2652"
 3521              		.text
 3522              		.section	.gnu.lto_chGuardedPoolAllocTimeoutS.344.752852e5d1f07341,"e",%progbits
 3523 0000 789C4D50 		.ascii	"x\234MPMh\023Q\020\236yo\363gb@K<\010\305\334\325,\264"
 3523      4D681351 
 3523      109E796F 
 3523      F3676240 
 3523      4B3C08C5 
 3524 0018 2AE65614 		.ascii	"*\346V\024\024\005\241\020\357!I7\355\232\256\033w\023"
 3524      1405A110 
 3524      EF214937 
 3524      ED9AAE1B 
 3524      7713
 3525 002a 42919297 		.ascii	"B\221\222\227\230*\211\007\033\377\012E\252\336\242"
 3525      982A8907 
 3525      1BFF0A45 
 3525      AADEA2
 3526 0039 56EAADA5 		.ascii	"V\352\255\245\2046ZEA\024\015x\022\004=\264\376!\355"
 3526      84365A45 
 3526      41140D78 
 3526      12043DB4 
 3526      FE21ED
 3527 004c 450D5AEA 		.ascii	"E\015Z\352d\033\323\300\274\307\233\231\357\315\367"
 3527      641BD3C0 
 3527      BCC79B99 
 3527      EFCDF7
 3528 005b 7DB38E00 		.ascii	"}\263\216\000\017\000\340\030\035\264\001^-\227\030"
 3528      0F00E018 
 3528      1DB4015E 
 3528      2D9718
 3529 006a 0821FA1C 		.ascii	"\010!\372\034\214\025\312\227\031.\342\362\217k]\322"
 3529      8C15CA97 
ARM GAS  /tmp/cczCvEok.s 			page 103


 3529      192EE2F2 
 3529      8F6B5DD2 
 3530 007a 85B277B2 		.ascii	"\205\262w\262\374}\237\304\361z\271\264\362\362\200"
 3530      FC7D9FC4 
 3530      F17AB9B4 
 3530      F2F280
 3531 0089 059130D7 		.ascii	"\005\2210\327\206#d\031\2270\213w\271\015\355](\321"
 3531      86236419 
 3531      97308B77 
 3531      B90DED5D 
 3531      28D1
 3532 009b ED43BF5C 		.ascii	"\355C\277\\\023\342\367\263o\217nt\337\252\324\244/"
 3532      13E2F7B3 
 3532      6F8F6E74 
 3532      DFAAD4A4 
 3532      2F
 3533 00ac 00D9399C 		.ascii	"\000\3319\234%N\000\033:\307\020\366S\377McN\010\027"
 3533      254E001B 
 3533      3AC710F6 
 3533      53FF4D63 
 3533      4E0817
 3534 00bf 8CCE63AB 		.ascii	"\214\316c\253\311\260\210\367}\004\270\263\011X\235"
 3534      C9B088F7 
 3534      7D04B8B3 
 3534      09589D
 3535 00ce 2E4E7AC7 		.ascii	".Nz\307\361|\265\015`E\234\365Y3*H\367^\222\260\372"
 3535      F17CB50D 
 3535      60459CF5 
 3535      59332A48 
 3535      F75E92B0 
 3536 00e3 F0DE45EF 		.ascii	"\360\336E\357x\3169\262\200m\216\">\365\271a\221\264"
 3536      78CE39B2 
 3536      806D8E22 
 3536      3EF5B961 
 3536      91B4
 3537 00f5 35ED51E0 		.ascii	"5\355Q\340\002\316\324m5\361w\343\212\020+'\033\325"
 3537      02CED46D 
 3537      35F177E3 
 3537      8A102B27 
 3537      1BD5
 3538 0107 996D1E04 		.ascii	"\231m\036\004&1`6\016\314nC\234G\007b\025]@X7\225\000"
 3538      26316036 
 3538      0ECC6E43 
 3538      9C470762 
 3538      155D4058 
 3539 011e A678D3A2 		.ascii	"\246x\323\242\220P\324\000ns\266\231\344(\371\305\304"
 3539      9050D400 
 3539      6E73B699 
 3539      E428F9C5 
 3539      C4
 3540 012f A7F77517 		.ascii	"\247\367u\027-\311z~\330\011\177X\376f\351\025r$\373"
 3540      2DC97A7E 
 3540      D8097F58 
 3540      FE66E915 
 3540      7224FB
 3541 0142 A34D69D3 		.ascii	"\243Mi\323H\350\317{\316\245\0367\263C\2248\365'\250"
 3541      48E8CF7B 
ARM GAS  /tmp/cczCvEok.s 			page 104


 3541      CEA51E37 
 3541      B3439438 
 3541      F527A8
 3542 0155 0194AC86 		.ascii	"\001\224\254\206'\263D\272\326\331\230\237\273J\310"
 3542      27B344BA 
 3542      D6D9989F 
 3542      BB4AC8
 3543 0164 122A0047 		.ascii	"\022*\000G\356`\036\032\230\367\223\004\356\262F\257"
 3543      EE601E1A 
 3543      98F79304 
 3543      EEB246AF 
 3544 0174 D5117EB2 		.ascii	"\325\021~\262\302\327\245\335\334e\037\261\3145\265"
 3544      C2D7A5DD 
 3544      DC651FB1 
 3544      CC35B5
 3545 0183 F0B7C58F 		.ascii	"\360\267\305\217\313\254\255\245A(K\301;\344\354?ww"
 3545      CBACADA5 
 3545      41284BC1 
 3545      3BE4EC3F 
 3545      7777
 3546 0195 27B7F21C 		.ascii	"'\267\362\034c-\356\312\366\364\013\213\273\340\347"
 3546      632DEECA 
 3546      F6F40B8B 
 3546      BBE0E7
 3547 01a4 6EE28E84 		.ascii	"n\342\216\204\211\233\261\035\326`i\313\344\006\313"
 3547      899BB11D 
 3547      D66069CB 
 3547      E406CB
 3548 01b3 F701E754 		.ascii	"\367\001\347T\276\3049\312ljb\315I\216\271\233\277\236"
 3548      BEC439CA 
 3548      6C6A62CD 
 3548      498EB99B 
 3548      BF9E
 3549 01c5 506939B8 		.ascii	"Pi9\270\265\034\200\220<\244k\212l\350Q\271\337\320"
 3549      B51C8090 
 3549      3CA46B8A 
 3549      6CE851B9 
 3549      DFD0
 3550 01d7 CF28B194 		.ascii	"\317(\261\224)\037\035R\243j(\225\036P\365\316w\270"
 3550      291F1D52 
 3550      A36A2895 
 3550      1E50F5CE 
 3550      77B8
 3551 01e9 A757CEE8 		.ascii	"\247W\316\350F\302LFbJ8e\244\317&\344\320\351S\275="
 3551      46C24C46 
 3551      624A3865 
 3551      A4CF26E4 
 3551      D0E953BD 
 3552 01fe E1E3FD27 		.ascii	"\341\343\375'\216\204\343\252\241e\"\206\"C \020\220"
 3552      8E84E3AA 
 3552      A1652286 
 3552      22432010 
 3552      90
 3553 020f 2962CDAF 		.ascii	")b\315\257\272\331B\352&\305\260\032\225M#F-M\321\222"
 3553      BAD942EA 
 3553      26C5B01A 
 3553      954D2346 
ARM GAS  /tmp/cczCvEok.s 			page 105


 3553      2D4DD192 
 3554 0223 BA3E6C06 		.ascii	"\272>l\006b\300\007\265\344\256\316J ~0x8\036\034\010"
 3554      62C007B5 
 3554      E4AECE4A 
 3554      207E3078 
 3554      381E1C08 
 3555 0237 8223A56A 		.ascii	"\202#\245j\212\236Nq\315\034\374\007\006\344\346\272"
 3555      8A9E4E71 
 3555      CD1CFC07 
 3555      06E4E6BA 
 3556              		.text
 3557              		.section	.gnu.lto_chGuardedPoolAllocTimeout.345.752852e5d1f07341,"e",%progbits
 3558 0000 789C7D52 		.ascii	"x\234}R]H\024Q\024>\347\316\316\272\213`\201\031\021"
 3558      5D481451 
 3558      143EE7CE 
 3558      CEBA8B60 
 3558      811911
 3559 0013 044B5041 		.ascii	"\004KPA\331\216XR\276U\022\341\303\202\264\275/:\216"
 3559      D98E5852 
 3559      BE5512E1 
 3559      C382B4BD 
 3559      2F3A8E
 3560 0026 3AE938DB 		.ascii	":\3518\333\314n\266D8\255)(\364c\201A\251\331CbP\364"
 3560      CC6EB644 
 3560      38AD2928 
 3560      F4638141 
 3560      A9D94362 
 3561 003c 522916B5 		.ascii	"R)\026\265\245\246\322\217\225\025e\222\345\213mbD&"
 3561      A5A6D28F 
 3561      95156592 
 3561      E58B6D62 
 3561      4426
 3562 004e 2E61D9B9 		.ascii	".a\331\271\263\233\370R0\334{\356\371\276\363\235\357"
 3562      B39BF852 
 3562      30DC7BEE 
 3562      F9BEF39D 
 3562      EF
 3563 005f 1CA68B01 		.ascii	"\034\246\213\001\204\020`#\000\240\000x\266\271\211"
 3563      84106023 
 3563      00A00078 
 3563      B6B989
 3564 006e 816559BB 		.ascii	"\201eY\273\322\030\036on\232\177v\323\201\367\321N "
 3564      D2181E6F 
 3564      6E9A7F76 
 3564      D381F7D1 
 3564      4E20
 3565 0080 D432ACC5 		.ascii	"\3242\254\305\313\202\210\316Lt\320\231\205\036)fY\211"
 3565      CB8288CE 
 3565      4C74D099 
 3565      851E2966 
 3565      5989
 3566 0092 81E98F17 		.ascii	"\201\351\217\027\327\265v\305\034q\200\332\036\354&"
 3566      D7B576C5 
 3566      1C7180DA 
 3566      1EEC26
 3567 00a1 3D00115D 		.ascii	"=\000\021]\365\010[\011\177\236\350\261,7\034\353\305"
 3567      F5085B09 
ARM GAS  /tmp/cczCvEok.s 			page 106


 3567      7F9EE8B1 
 3567      2C371CEB 
 3567      C5
 3568 00b2 14C8B011 		.ascii	"\024\310\260\021\347W\021\241#I\3706\021?\237q\006\217"
 3568      E75711A1 
 3568      2349F836 
 3568      113F9F71 
 3568      068F
 3569 00c4 DE5D22B0 		.ascii	"\336]\"\260F<\221ekt!\235[8\351\363\325\206\2143\307"
 3569      463C9165 
 3569      6B74219D 
 3569      5B38E9F3 
 3569      D5868C33 
 3570 00d9 5D71B887 		.ascii	"]q\270\207KM\032\2619+\035\356\2235\262/b:@\344\001"
 3570      4B4D1AB1 
 3570      392B1DEE 
 3570      9335B22F 
 3570      623A40E4 
 3571 00ee 2FA0A0E6 		.ascii	"/\240\240\346\241\035\220\365\236\271\355\020\303\232"
 3571      A11D90F5 
 3571      9EB9ED10 
 3571      C39A
 3572 00fc 64BA0F97 		.ascii	"d\272\017\227\362\255c\003\343N\350\3070\357\363\232"
 3572      F2AD6303 
 3572      E34EE8C7 
 3572      30EFF39A 
 3573 010c 67B999C4 		.ascii	"g\271\231\304\317S\357G\326\266Z1\207\371\010#v\243"
 3573      CF53EF47 
 3573      D6B65A31 
 3573      87F90823 
 3573      76A3
 3574 011e 4164CE46 		.ascii	"Ad\316F\234Y\2334\222h9\267x+\273\257\316\032\2628\245"
 3574      9C599B34 
 3574      926839B7 
 3574      782BBBAF 
 3574      CE1AB238 
 3575 0133 3645B147 		.ascii	"6E\261G\346\262\211\301\213\316!\204\001\214\000\365"
 3575      E6B289C1 
 3575      8BCE2184 
 3575      018C00F5 
 3576 0143 1B463244 		.ascii	"\033F2D \342=\274\361R\214Y\013\213\247\255\330T\326"
 3576      20E23DBC 
 3576      F1528C59 
 3576      0B8BA7AD 
 3576      D854D6
 3577 0156 A7EE8753 		.ascii	"\247\356\207S\023~7C\354E\001\361.\212@\014\200v\201"
 3577      137E3743 
 3577      EC4501F1 
 3577      2E8A400C 
 3577      807681
 3578 0169 AFDF72A0 		.ascii	"\257\337r\240\025\003\270$\260\344\243\216\036\363\314"
 3578      1503B824 
 3578      B0E4A38E 
 3578      1EF3CC
 3579 0178 9A7C318A 		.ascii	"\232|1\212\366\375*\223_\263\361\226\017\027Z\220O\304"
 3579      F6FD2A93 
 3579      5FB3F196 
ARM GAS  /tmp/cczCvEok.s 			page 107


 3579      0F175A90 
 3579      4FC4
 3580 018a 93B3636E 		.ascii	"\223\263cn\354\263\303\331\353\235\277\247\337fb\177"
 3580      ECB3C3D9 
 3580      EB9DBFA7 
 3580      DF66627F 
 3581 019a 12B8F475 		.ascii	"\022\270\364u\015\335\321\016\0068\210N\023sl\316\\"
 3581      0DDDD10E 
 3581      0638884E 
 3581      13736CCE 
 3581      5C
 3582 01ab DBED8936 		.ascii	"\333\355\2116\304\241$\347\316\204\033\207\021\026X"
 3582      C4A124E7 
 3582      CE841B87 
 3582      111658
 3583 01ba 743DF7FB 		.ascii	"t=\367\373\216\211\270\351\013kp\035\022\321M\243=A"
 3583      8E89B8E9 
 3583      0B6B701D 
 3583      12D14DA3 
 3583      3D41
 3584 01cc A0EB293E 		.ascii	"\240\353)>\346k\3324C\200\316\323#\310}E\277]\353l\377"
 3584      E66BDA34 
 3584      4380CED3 
 3584      23C87D45 
 3584      BF5DEB6C 
 3585 01e1 EAE2EAB6 		.ascii	"\352\342\352\266\315\357\361\226\037cW0efr~\014\341"
 3585      CDEFF196 
 3585      1F635730 
 3585      6566727E 
 3585      0CE1
 3586 01f3 17ABF340 		.ascii	"\027\253\363@\0232\255\222\222,\335f\365\234|\343\247"
 3586      1332AD92 
 3586      922CDD66 
 3586      F59C7CE3 
 3586      A7
 3587 0204 9F8BB0FA 		.ascii	"\237\213\260\372\216\025\202Hh\271\002 0A`\031\\\325"
 3587      8E158248 
 3587      68B90220 
 3587      30416019 
 3587      5CD5
 3588 0216 430B1144 		.ascii	"C\013\021D[\342\335\3502\211bH)L\216g\302\"\315\225"
 3588      5BE2DDE8 
 3588      32896248 
 3588      294C8E67 
 3588      C222CD95 
 3589 022a 472CE0AB 		.ascii	"G,\340\253\303\344\266\2421\376\364K\025\272\246H\206"
 3589      C3E4B6A2 
 3589      31FEF44B 
 3589      15BAA648 
 3589      86
 3590 023b 5E221519 		.ascii	"^\"\025\031\372AE\016\231RA\205Z\242\372C\341RU_\036"
 3590      FA41450E 
 3590      99524185 
 3590      5AA2FA43 
 3590      E152555F 
 3591 0250 0772B749 		.ascii	"\007r\267I5\272Qi\006\213e%\0202\302\325\225\222\377"
 3591      35BA5169 
ARM GAS  /tmp/cczCvEok.s 			page 108


 3591      068B6525 
 3591      1032C2D5 
 3591      9592FF
 3592 0263 806F5B6E 		.ascii	"\200o[n`_Q\341\236@\231jh5\305\206\"\201\327\353\225"
 3592      605F51E1 
 3592      9E40996A 
 3592      6835C586 
 3592      2281D7EB 
 3593 0278 E89379A9 		.ascii	"\350\223y\251n\246\230\272I_\225Z\"\231\206L\220\246"
 3593      6EA698BA 
 3593      495F955A 
 3593      2299864C 
 3593      90A6
 3594 028a 68415DAF 		.ascii	"hA]\2572\2752\010\345Zp\365\362\214\267,/\177gY~i>\244"
 3594      32BD3208 
 3594      E55A70F5 
 3594      F28CB72C 
 3594      2F7F6759 
 3595 02a2 85544DD1 		.ascii	"\205TM\321\303!\014n\376\207\246\021\222\324j\271*\\"
 3595      C3210C6E 
 3595      FE87A611 
 3595      92D46AB9 
 3595      2A5C
 3596 02b4 AA106646 		.ascii	"\252\020fFLo\005\244\225\024\233J\221\241\356\375G\211"
 3596      4C6F05A4 
 3596      95149B4A 
 3596      91A1EEFD 
 3596      4789
 3597 02c6 AC6B9A5E 		.ascii	"\254k\232^-)GB\322\356\375>\251\300\347/\364K\005:9"
 3597      2D294742 
 3597      D2EEFD3E 
 3597      A9C0E72F 
 3597      F44B053A 
 3598 02db 2FFCABA4 		.ascii	"/\374\253\244\231\252\031(\227eR\313\373\277JP7hc\244"
 3598      99AA1928 
 3598      976552CB 
 3598      FBBF4A50 
 3598      376863A4 
 3599 02ef 7378C756 		.ascii	"sx\307V\037\261d\322\241\252\225>\377~\017\367\0214"
 3599      1FB164D2 
 3599      A1AA953E 
 3599      FF7E0FF7 
 3599      1134
 3600 0301 D46CCF86 		.ascii	"\324l\317\206\034`\006\244\321\204\272\021\201?1zk\274"
 3600      1C6006A4 
 3600      D184BA11 
 3600      813F317A 
 3600      6BBC
 3601              		.text
 3602              		.section	.gnu.lto_chGuardedPoolFree.346.752852e5d1f07341,"e",%progbits
 3603 0000 789C7D53 		.ascii	"x\234}Sml\024U\024\275\347M\367+\032c\322\322\330\376"
 3603      6D6C1455 
 3603      14BDE74D 
 3603      F72B1A63 
 3603      D2D2D8FE 
 3604 0014 71A35112 		.ascii	"q\243Q\022\205\035RR\265\377\324\306hc6VV\211\306\230"
 3604      851D5252 
ARM GAS  /tmp/cczCvEok.s 			page 109


 3604      B5FFD4C6 
 3604      68633656 
 3604      5689C698 
 3605 0028 4D77BA6D 		.ascii	"Mw\272m\207v;\333\231\255uM\310\016[@\273\011\0320\331"
 3605      87763BDB 
 3605      99AD754D 
 3605      C80E5B40 
 3605      BB091A30 
 3606 003d 1881164D 		.ascii	"\030\201\026M\232`\202\021\214\305\212\005\267\324R"
 3606      9A608211 
 3606      8CC58A05 
 3606      B7D452
 3607 004c 282D56FC 		.ascii	"(-V\374\252\245Z\351/\224\010DH\250Z\254\357\275\331"
 3607      AAA55AE9 
 3607      2F940844 
 3607      48A85AAC 
 3607      EFBDD9
 3608 005f EE361AD8 		.ascii	"\3566\032\330L\366\335\217s\317=\367\276\231\363\012"
 3608      4CF6DD8F 
 3608      73CF3DF7 
 3608      BE99F30A 
 3609 006f D1FB20BA 		.ascii	"\321\373 \272\227\210\240\020v\355\3140\262m\373Q\017"
 3609      9788A010 
 3609      76EDCC30 
 3609      B26DFB51 
 3609      0F
 3610 0080 C3969D19 		.ascii	"\303\226\235\031\037\216Bz\240\024C\012\357)*w\027F"
 3610      1F8E427A 
 3610      A014430A 
 3610      EF292A77 
 3610      1746
 3611 0092 2F4E1DAA 		.ascii	"/N\035\252\260\367\347\360\033Q\212\344\317\005w)J\370"
 3611      B0F7E7F0 
 3611      1B518AE4 
 3611      CF057729 
 3611      4AF8
 3612 00a4 FF2AF85D 		.ascii	"\377*\370]\360n\003\255\315\331\366\324\334\240m\373"
 3612      F06E03AD 
 3612      CDD9F6D4 
 3612      DCA06DFB 
 3613 00b4 68F311A4 		.ascii	"h\363\021\244>\303 \357\303\320\203\223e\034\260/\017"
 3613      3EC320EF 
 3613      C3D08393 
 3613      651CB02F 
 3613      0F
 3614 00c5 F84B027E 		.ascii	"\370K\002~\245\241\002\202\365\340\2732\242\333$5s\201"
 3614      A5A10282 
 3614      F5E0BB32 
 3614      A2DB2435 
 3614      7381
 3615 00d7 1BC92F40 		.ascii	"\033\311/@\322\350\312ICh\030\253\246c\350r\302\303"
 3615      D2E8CA49 
 3615      436818AB 
 3615      A663E872 
 3615      C2C3
 3616 00e9 28C4F74C 		.ascii	"(\304\367L\216\316\272\3518:\271\357\235\022Q\321f\341"
 3616      8ECEBAE9 
ARM GAS  /tmp/cczCvEok.s 			page 110


 3616      383AB9EF 
 3616      9D1251D1 
 3616      66E1
 3617 00fb CA9BE7BE 		.ascii	"\312\233\347\276\252\334c\347J\254/\221\224\215F\301"
 3617      AADC63E7 
 3617      4AAC2F91 
 3617      948D46C1 
 3618 010b DC3DF8BD 		.ascii	"\334=\370\275\322\205\007\005`q\327\322\300\232\221"
 3618      D2850705 
 3618      6071D7D2 
 3618      C09A91
 3619 011a 6EFBA42D 		.ascii	"n\373\244- \251<D\016\346\264\333\355>\001\032AR\010"
 3619      20A93C44 
 3619      0EE6B4DB 
 3619      ED3E011A 
 3619      415208
 3620 012d 1BC3B2A0 		.ascii	"\033\303\262\240\216S\205\026\323\331s\247\356\026-"
 3620      8E538516 
 3620      D3D973A7 
 3620      EE162D
 3621 013c F8B41DB2 		.ascii	"\370\264\035\262~\034b\334k\025\371\026\263\333w\234"
 3621      7E1C62DC 
 3621      6B15F916 
 3621      B3DB779C 
 3622 014c 06076CF5 		.ascii	"\006\007l\365\027\3661\356tX\256\377\340\376\341n\373"
 3622      17F631EE 
 3622      7458AEFF 
 3622      E0FEE16E 
 3622      FB
 3623 015d 29B10C87 		.ascii	")\261\014\207`\002b\033[*\377GP\334\327DQ\343\340D\365"
 3623      6002621B 
 3623      5B2AFF47 
 3623      50DCD744 
 3623      51E3E044 
 3624 0172 244E83AF 		.ascii	"$N\203\257\245C\210<\003\256Md?:\353\312\331\213Ko\331"
 3624      A543883C 
 3624      03AE4D64 
 3624      3F3AEBCA 
 3624      D98B4B6F 
 3625 0187 F6E517DE 		.ascii	"\366\345\027\336\030\271|\000\2673\340\010\024`\010"
 3625      18B97C00 
 3625      B733E008 
 3625      146008
 3626 0196 6E625E0F 		.ascii	"nb^\0171\037Q\257\"\356\335.\201\235#\352S\230\343t"
 3626      311F51AF 
 3626      22EEDD2E 
 3626      819D23EA 
 3626      5398E374 
 3627 01aa 73E73AB3 		.ascii	"s\347:\263\347\373\276\2078\257\016d\177~7\013\261n"
 3627      E7FBBE87 
 3627      38AF0E64 
 3627      7F7E370B 
 3627      B16E
 3628 01bc 11BD3AE3 		.ascii	"\021\275:\343\303\260\223\370\263\377\237\213\323\245"
 3628      C3B093F8 
 3628      B3FF9F8B 
 3628      D3A5
ARM GAS  /tmp/cczCvEok.s 			page 111


 3629 01ca 38EE24FA 		.ascii	"8\356$\372.\335\305\317\364>F\030\205\333\302:\2119"
 3629      2EDDC5CF 
 3629      F43E4618 
 3629      85DBC23A 
 3629      8939
 3630 01dc BFF7F0DC 		.ascii	"\277\367\360\334^\340\204\203\371|\316\2071\320\"K\337"
 3630      5EE08483 
 3630      F97CCE87 
 3630      31D0224B 
 3630      DF
 3631 01ed 2374BEAE 		.ascii	"#t\276\256\270\260\372\035e\273\267\325\005.\207\276"
 3631      B8B0FA1D 
 3631      65BBB7D5 
 3631      052E87BE 
 3632 01fd 06F1E32C 		.ascii	"\006\361\343,\344\035\256\336\315\023\272\010\177\013"
 3632      E41DAEDE 
 3632      CD13BA08 
 3632      7F0B
 3633 020b 21287D65 		.ascii	"!(}e\241\277\367\222W\260K}\177\014d\257\315\364#/f"
 3633      A1BFF792 
 3633      57B04B7D 
 3633      7F0C64AF 
 3633      CDF4232F 
 3634 0220 FEFA0CE8 		.ascii	"\376\372\014\350\006\353\366S\006\2549\312\203\354\016"
 3634      06EBF653 
 3634      06AC39CA 
 3634      83EC0E
 3635 022f 891ADC71 		.ascii	"\211\032\334qp#\177\243\005\201\037\343P\230cM@Q\244"
 3635      70237FA3 
 3635      05811FE3 
 3635      5098634D 
 3635      4051A4
 3636 0242 C0431F1E 		.ascii	"\300C\037\036~\233O7\231\027\370\215\017g@\177\263t"
 3636      7E9B4F37 
 3636      9917F88D 
 3636      0F67407F 
 3636      B374
 3637 0254 3603C5CD 		.ascii	"6\003\305\315\337\355\315B\313\001P\303k?\010\353!\276"
 3637      DFEDCD42 
 3637      CB0150C3 
 3637      6B3F08EB 
 3637      21BE
 3638 0266 A20BABC2 		.ascii	"\242\013\253\302\323x\231/;#>\224\0130~\02457\3306\331"
 3638      D378992F 
 3638      3B233E94 
 3638      0B307E14 
 3638      3537D836 
 3639 027b FCA517B9 		.ascii	"\374\245\027\271\243\270\025\205\225I\312\241\322e:"
 3639      A3B81585 
 3639      9549CAA1 
 3639      D2653A
 3640 028a CF7F89F6 		.ascii	"\317\177\211\366\227??\213P\221(\366\223C\264U\022="
 3640      973F3F8B 
 3640      509128F6 
 3640      9343B455 
 3640      123D
 3641 029c FB8C20F2 		.ascii	"\373\214 \362\260\0129|~\016\214;\313\020\0238\327\364"
ARM GAS  /tmp/cczCvEok.s 			page 112


 3641      B00A397C 
 3641      7E0E8C3B 
 3641      CB101338 
 3641      D7F4
 3642 02ae 717971EE 		.ascii	"qyq\356\247)?\366\374'+\242u2\272\304\322\277|\272Q"
 3642      A7293FF6 
 3642      FC272BA2 
 3642      7532BAC4 
 3642      D2BF7CBA 
 3643 02c3 7EB8BD0A 		.ascii	"~\270\275\012\234\253N\347\204\033R[\214XT5\215\210"
 3643      9CAB4EE7 
 3643      841B525B 
 3643      8C585435 
 3643      8D88
 3644 02d5 5A6F1A9B 		.ascii	"Zo\032\233\242Z\302Rk[\364\210\036Jt6\352\306J;\\\265"
 3644      A25AC252 
 3644      6B5BF488 
 3644      1E4A7436 
 3644      EAC64A3B 
 3645 02eb 5EED32CC 		.ascii	"^\3552\314V+\336\240E\303\011\263\263\275U\015=\027"
 3645      562BDEA0 
 3645      45C309B3 
 3645      B3BD550D 
 3645      3D17
 3646 02fd 5C5F157E 		.ascii	"\\_\025~\262\276\356\361p\223n\306\272\032\314\250J"
 3646      B2BEEEF1 
 3646      70936EC6 
 3646      BA1ACCA8 
 3646      4A
 3647 030e 814040E5 		.ascii	"\201@@\345\217&J\015+\2174,\376\264\351\021\32525\236"
 3647      8F264A0D 
 3647      2B8F342C 
 3647      FEB4E911 
 3647      D532359E 
 3648 0322 8A456371 		.ascii	"\212Ecq\303h\263\002\032)\315\261x\371\312H\240\251"
 3648      C368B302 
 3648      1A29CDB1 
 3648      78F9CA48 
 3648      A0A9
 3649 0334 BAE691A6 		.ascii	"\272\346\221\246\232\306\032*1\"\233\342\017\334\204"
 3649      9AC61A2A 
 3649      31229BE2 
 3649      0FDC84
 3650 0343 CE4CA87A 		.ascii	"\316L\250z\273\326\326\331\030\3459+i\005Z\310\023i"
 3650      BBD6D6D9 
 3650      18E5392B 
 3650      69055AC8 
 3650      1369
 3651 0355 B0A2F5A6 		.ascii	"\260\242\365\246\376\304MJ4#\0263\332\325\350\253\011"
 3651      FEC44D4A 
 3651      34231633 
 3651      DAD5E8AB 
 3651      09
 3652 0366 F5B10D41 		.ascii	"\365\261\015A\2656\030\252\013\251\265\006\027]\267"
 3652      B53618AA 
 3652      0BA9B506 
 3652      175DB7
ARM GAS  /tmp/cczCvEok.s 			page 113


 3653 0375 CC14B374 		.ascii	"\314\024\263t+\334\254i\234\255\372\326,q\303\344\313"
 3653      2BDCAC69 
 3653      9CADFAD6 
 3653      2C71C3E4 
 3653      CB
 3654 0386 E23CAF3C 		.ascii	"\342<\257<\2746\310Q\032\347\341UU\267\234\276\250\270"
 3654      BC36C851 
 3654      1AE7E155 
 3654      55B79CBE 
 3654      A8B8
 3655 0398 306F0BDD 		.ascii	"0o\013\335\031\014m\360\013\351qS_\343\277o\0351\223"
 3655      190C6DF0 
 3655      0BE97153 
 3655      5FE3BF6F 
 3655      1D3193
 3656 03ab 3C3C6F98 		.ascii	"<<o\230I\372\027A\203\340}"
 3656      49FA1741 
 3656      83E07D
 3657              		.text
 3658              		.section	.gnu.lto___func__.5.349.752852e5d1f07341,"e",%progbits
 3659 0000 789C6361 		.ascii	"x\234ca``\220b\200\000u&\246z\006\211\344\214\200\374"
 3659      60609062 
 3659      80007526 
 3659      A67A0689 
 3659      E48C80FC 
 3660 0014 FC1CFFA4 		.ascii	"\374\034\377\244\254\324\344\022\317\274\314\022\307"
 3660      ACD4E412 
 3660      CFBCCC12 
 3660      C7
 3661 0021 9CCCF4BC 		.ascii	"\234\314\364\274\324\024\006\000\216\033\011\345"
 3661      D4140600 
 3661      8E1B09E5 
 3662              		.text
 3663              		.section	.gnu.lto___func__.0.359.752852e5d1f07341,"e",%progbits
 3664 0000 789C6361 		.ascii	"x\234ca``\220d\200\000u&\246z\006\361\344\014\367\322"
 3664      60609064 
 3664      80007526 
 3664      A67A06F1 
 3664      E40CF7D2 
 3665 0014 C4A294D4 		.ascii	"\304\242\224\324\224\200\374\374\034\237\374\304\024"
 3665      9480FCFC 
 3665      1C9FFCC4 
 3665      14
 3666 0021 C7A2A2C4 		.ascii	"\307\242\242\304J\006\000\203?\011\177"
 3666      4A060083 
 3666      3F097F
 3667              		.text
 3668              		.section	.gnu.lto_chPoolAllocI.part.0.364.752852e5d1f07341,"e",%progbits
 3669 0000 789C6553 		.ascii	"x\234eS]H\024Q\024>\347\336;\263\273\356\252a\244\020"
 3669      5D481451 
 3669      143EE7DE 
 3669      3BB3BBEE 
 3669      AA61A410 
 3670 0014 3D2CBE8A 		.ascii	"=,\276\212;\240(\371&\371\020=\004\202EH\304\346\256"
 3670      3BA028F9 
 3670      26F9103D 
 3670      04824548 
ARM GAS  /tmp/cczCvEok.s 			page 114


 3670      C4E6AE
 3671 0027 6BAEBACE 		.ascii	"k\256\272\316\266\253\370`\313\216\353/\033\224\373"
 3671      B6ABF860 
 3671      CB8EEB2F 
 3671      1B94FB
 3672 0036 D01F84F6 		.ascii	"\320\037\204\366CP\021\004\031\244(\272\246!jR\376\274"
 3672      43501104 
 3672      19A428BA 
 3672      A6216A52 
 3672      FEBC
 3673 0048 84D0430F 		.ascii	"\204\320C\017\205E\320S\011\226v\356\314jV\303=3g\316"
 3673      8545D053 
 3673      099676EE 
 3673      CC6A56C3 
 3673      3D3367CE 
 3674 005c F733F79E 		.ascii	"\3673\367\236{\3470\007\270\017\000\365\024h\003\274"
 3674      7BE73007 
 3674      B80F00F5 
 3674      146803BC 
 3675 006c 6E07C330 		.ascii	"n\007\3030*m*\346\231O\306\272S\227\031N\343\215g\343"
 3675      2A6D2AE6 
 3675      994FC6BA 
 3675      5397194E 
 3675      E38D67E3 
 3676 0080 E5A23795 		.ascii	"\345\2427\225\263\2614\353\020\234\365\244\234K\267"
 3676      B3B134EB 
 3676      109CF5A4 
 3676      9C4BB7
 3677 008f 46545919 		.ascii	"FTY\031\371\370\272B\010\274\226J2K\253`W*\371\351\361"
 3677      F9F8BA42 
 3677      08BC964A 
 3677      324BAB60 
 3677      572AF9E9 
 3678 00a4 734132B3 		.ascii	"sA2\263\200\020W\031\027\012\306\361.WP=\210\224\253"
 3678      80105719 
 3678      170AC6F1 
 3678      2E57503D 
 3678      8894AB
 3679 00b7 87D0ADA0 		.ascii	"\207\320\255\240\2266\214\315W_\006\227\217\334~\230"
 3679      96368CCD 
 3679      575F0697 
 3679      8FDC7E98 
 3680 00c7 161B00F1 		.ascii	"\026\033\000\361Q|\2014\031\220\310`\246\0303\213cT"
 3680      517C8134 
 3680      1990C860 
 3680      A618338B 
 3680      6354
 3681 00d9 57D0DE8B 		.ascii	"W\320\336\213t/&\364\355\342\250a8\240s\034-\321\004"
 3681      742F26F4 
 3681      EDE2A861 
 3681      38A0731C 
 3681      2DD104
 3682 00ec 3236805F 		.ascii	"26\200_\013\212M\245\221\026\204\304\366\0200\305\303"
 3682      0B8A4DA5 
 3682      911684C4 
 3682      F61030C5 
 3682      C3
ARM GAS  /tmp/cczCvEok.s 			page 115


 3683 00fd 525C4484 		.ascii	"R\\D\204o\311\007}9\203]\366\015\230\314\310\247\310"
 3683      6FC9077D 
 3683      39835DF6 
 3683      0D98CCC8 
 3683      A7C8
 3684 010f 7E00370B 		.ascii	"~\0007\013\024t\312<\236\336\245J\257\0367Hfl\217\011"
 3684      1474CA3C 
 3684      9EDEA54A 
 3684      AF1E3748 
 3684      666C8F09 
 3685 0123 4E984688 		.ascii	"N\230F\210\021\011\344\3004>]Q\014\343\347\316U\303"
 3685      1109E4C0 
 3685      343E5D51 
 3685      0CE3E7CE 
 3685      55C3
 3686 0135 9828CACB 		.ascii	"\230(\312\313CD\372*0\316\201\011A\241\000qTJl\024v"
 3686      4344FA2A 
 3686      30CE8109 
 3686      41A10071 
 3686      544A6C14 
 3687 014a 0A074516 		.ascii	"\012\007E\0260\305\011LuQdK\002\300\020\227]4\204\231"
 3687      30C5094C 
 3687      7551644B 
 3687      02C01097 
 3687      5D348499 
 3688 015e AA56CA61 		.ascii	"\252V\312a\230\263\335\364\0073>\214%]\260\305\022\223"
 3688      98B3DDF4 
 3688      07333E8C 
 3688      255DB0C5 
 3688      1293
 3689 0170 8F7239A3 		.ascii	"\217r9\243Vv\312\251>A\270xi\006\241\234xv}\026C4\311"
 3689      5676CAA9 
 3689      3E41B878 
 3689      6906A19C 
 3689      78767D16 
 3690 0187 EFACE7F3 		.ascii	"\357\254\347\363L+g\252n\366\024\310\207\217\245\326"
 3690      4C2B67AA 
 3690      6EF614C8 
 3690      878FA5D6 
 3691 0197 4778C667 		.ascii	"Gx\306g|\201Y>9\234\377\343\320<\207A\022H\324!\367"
 3691      7C81593E 
 3691      399CFFE3 
 3691      D03C8741 
 3691      1248D421 
 3692 01ac EE2F701D 		.ascii	"\356/p\035\346\361\002\241\277X\257\233+\234\001\347"
 3692      E6F102A1 
 3692      BF58AF9B 
 3692      2B9C01E7 
 3693 01bc 5CB06CF2 		.ascii	"\\\260l\362L\270i\025\\1\335\247\310\235\236\205\326"
 3693      4CB86915 
 3693      5C31DDA7 
 3693      C89D9E85 
 3693      D6
 3694 01cd CD7252FF 		.ascii	"\315rR\377sZ4\235\266X\367P\037r\033W\325u\300\035\272"
 3694      735A349D 
 3694      B658F750 
 3694      1F721B57 
ARM GAS  /tmp/cczCvEok.s 			page 116


 3694      D575C01D 
 3695 01e2 72A562BB 		.ascii	"r\245b\273\037\271\235\354\010\276I\251\203\010v\371"
 3695      1FB99DEC 
 3695      08BE49A9 
 3695      830876F9 
 3696 01f2 B2462F59 		.ascii	"\262F/Y\334!\271\260\313s\362,kB\256$\252\376:\000\356"
 3696      DC21B9B0 
 3696      CB73F22C 
 3696      6B42AE24 
 3696      AAFE3A00 
 3697 0207 54E9ECB1 		.ascii	"T\351\354\261\003f\033\252\270\013\337`\246\011b\356"
 3697      03661BAA 
 3697      B80BDF60 
 3697      A60962EE 
 3698 0217 CA7C91D5 		.ascii	"\312|\221\325\203B\322\320\356&\221\235;+\217\210Z+"
 3698      8342D2D0 
 3698      EE26919D 
 3698      3B2B8F88 
 3698      5A2B
 3699 0229 9B490EB5 		.ascii	"\233I\016\265g\314\246\212\323\253\270\202\204\367\321"
 3699      67CCA68A 
 3699      D3ABB882 
 3699      84F7D1
 3700 0238 6C6BD7F0 		.ascii	"lk\327\360%\262|\323C\371\263!\211J\271w\\\256\337\270"
 3700      25B27CD3 
 3700      43F9B321 
 3700      894AB977 
 3700      5CAEDFB8 
 3701 024c 27FF1673 		.ascii	"'\377\026s\371\357\026\020vX\342N\031\001\000\375<\033"
 3701      F9EF1610 
 3701      7658E24E 
 3701      190100FD 
 3701      3C1B
 3702 025e 35B6BD7C 		.ascii	"5\266\275|\236\372\365~5\314\025\301h\203\3212\221\247"
 3702      9EFAF57E 
 3702      35CC15C1 
 3702      6883D132 
 3702      91A7
 3703 0270 B3466BD4 		.ascii	"\263Fk\324C\001-\242\373\264\352\210\336\024\360\267"
 3703      43012DA2 
 3703      FBB4EA88 
 3703      DE14F0B7 
 3704 0280 45B5AAC6 		.ascii	"E\265\252\306\240/X\323\326^\037\324\367\347\336\222"
 3704      A02F58D3 
 3704      D65E1FD4 
 3704      F7E7DE92 
 3705 0290 52AD438F 		.ascii	"R\255C\2174G\303u\376\200\267-\322\336\332\254\325\234"
 3705      3447C375 
 3705      FE80B72D 
 3705      D2DEDAAC 
 3705      D59C
 3706 02a2 3A595AE2 		.ascii	":YZ\342=^}\342\230\267!\030\011u\324E\002\032x<\036"
 3706      3D5E7DE2 
 3706      98B72118 
 3706      0975D445 
 3706      021A783C 
 3707 02b7 8D865F4A 		.ascii	"\215\206_J\365h\206\251Gi\264\004}Z4\342'(\024\010\205"
ARM GAS  /tmp/cczCvEok.s 			page 117


 3707      F56886A9 
 3707      4769B404 
 3707      7D5A34E2 
 3707      27281408 
 3708 02cc 75BD25EA 		.ascii	"u\275%\352\361\003\013\205\363\367\027<\015e\025G\033"
 3708      F1030B85 
 3708      F3F7173C 
 3708      0D651547 
 3708      1B
 3709 02dd 2AEA2B40 		.ascii	"*\352+@\350\276\246\360o5\230+\352"
 3709      E8BEA6F0 
 3709      6F35982B 
 3709      EA
 3710              		.text
 3711              		.section	.gnu.lto_.symbol_nodes.752852e5d1f07341,"e",%progbits
 3712 0000 789C7592 		.ascii	"x\234u\222Ko\323@\024\205g\356\2153\261\0359\211e7\224"
 3712      4B6FD340 
 3712      148567EE 
 3712      8D33B11D 
 3712      39896537 
 3713 0015 57CBFB51 		.ascii	"W\313\373Q\236\355\2065\342\227 \376\307u\252T\342!"
 3713      9EED8635 
 3713      E29720FE 
 3713      C775AA54 
 3713      E221
 3714 0027 418B4010 		.ascii	"A\213@\020!\001\252\274`\205\220\272j\305\002U\225*"
 3714      2101AABC 
 3714      608590BA 
 3714      6AC50255 
 3714      952A
 3715 0039 A40848A1 		.ascii	"\244\010H\241\244\241\205>\010\241 \026,Z\026l\312\330"
 3715      A4A1853E 
 3715      08A12016 
 3715      2C5A166C 
 3715      CAD8
 3716 004b E3382AB2 		.ascii	"\3438*\262g\343O:\347\036\237;\366X\2061\006\2578\035"
 3716      67E34F3A 
 3716      E71E9F3B 
 3716      F6588631 
 3716      06AF381D 
 3717 005f D89107F9 		.ascii	"\330\221\007\371\370\033\306\210\261i\257R\361PJ\332"
 3717      F81BC688 
 3717      B169AF52 
 3717      F1504ADA 
 3718 006f 57383818 		.ascii	"W88\030<\333`{\227\031C\370\0054\340\311\223\211\275"
 3718      3CDB607B 
 3718      971943F8 
 3718      0534E0C9 
 3718      9389BD
 3719 0082 55E92D06 		.ascii	"U\351-\006\2365p\224\347\035\320\340.\317\214W\341\201"
 3719      9E357094 
 3719      E71DD0E0 
 3719      2ECF8C57 
 3719      E181
 3720 0094 E333B8CA 		.ascii	"\3433\270\312\261\000t(\311\001\357\201\016'\012\037"
 3720      B1007428 
 3720      C901EF81 
ARM GAS  /tmp/cczCvEok.s 			page 118


 3720      0E270A1F 
 3721 00a4 808EECEA 		.ascii	"\200\216\354\352\330\315\374\006}*s\021\350h\342h\003"
 3721      D8CDFC06 
 3721      7D2A7311 
 3721      E868E268 
 3721      03
 3722 00b5 E8D8EFBF 		.ascii	"\350\330\357\277\317.\375?\371\005\312j\362#\320\361"
 3722      CF2EFD3F 
 3722      F905CA6A 
 3722      F223D0F1 
 3723 00c5 C4C925A0 		.ascii	"\304\311%\240\023\211B\013\350d\242\360\011\350T\242"
 3723      1389420B 
 3723      E864A2F0 
 3723      09E854A2 
 3724 00d5 D0043A9D 		.ascii	"\320\004:\235T\342;\364\207%\370\012\320\320Nt\006B"
 3724      54E23BF4 
 3724      8725F80A 
 3724      D0D04E74 
 3724      0642
 3725 00e7 17633228 		.ascii	"\027c2(0\361e\2403i\332\006\320\3314m\025\350\\\232"
 3725      30F165A0 
 3725      3369DA06 
 3725      D0D9346D 
 3725      15E85C9A 
 3726 00fb B60E743E 		.ascii	"\266\016t>M\353\000]H\3236\201.\246i?\200\206\323\264"
 3726      4DEB005D 
 3726      48D33681 
 3726      2EA6693F 
 3726      8086D3B4 
 3727 010f 9F402329 		.ascii	"\237@#)\032\262>\365i\257 s\025\315e%n\326k#\3347\220"
 3727      1AB23EF5 
 3727      69AF2073 
 3727      15CD6525 
 3727      6ED66B23 
 3728 0126 39B79EDF 		.ascii	"9\267\236\337\321x\325Dt\346o\277\036\342\276$wzbyJ"
 3728      D178D544 
 3728      74E66FBF 
 3728      1EE2BE24 
 3728      777A6279 
 3729 013b 1A8D0C2A 		.ascii	"\032\215\014*\332\346\250\271\352\356\347\002\254Mu"
 3729      DAE6A8B9 
 3729      EAEEE702 
 3729      AC4D75
 3730 014a EA6190E6 		.ascii	"\352a\220\346\276\274\267\362X\242\220\370h\365\311"
 3730      BEBCB7F2 
 3730      58A290F8 
 3730      68F5C9
 3731 0159 36C82989 		.ascii	"6\310)\211\315\373\177\336\002\257Z\2509[\013\213\015"
 3731      CDFB7FDE 
 3731      02AF5AA8 
 3731      395B0B8B 
 3731      0D
 3732 016a CEDB168A 		.ascii	"\316\333\026\212\262J\270\206\"\312\362\263(\234\260"
 3732      B24AB886 
 3732      22CAF2B3 
 3732      289CB0
 3733 0179 4955A0C0 		.ascii	"IU\240\300\027\235z\215\363Y\023s{\242w\011\314\011"
ARM GAS  /tmp/cczCvEok.s 			page 119


 3733      179D7A8D 
 3733      F3591373 
 3733      7BA27709 
 3733      CC09
 3734 018b 85A306E6 		.ascii	"\205\243\006\346\230\302\015\003\365\262Z\245\312Q\357"
 3734      98C20D03 
 3734      F5B25AA5 
 3734      CA51EF
 3735 019a 6DA5BB0F 		.ascii	"m\245\273\017T/!qF\3652Qw:O\327nr\356[hF\271\276@S\217"
 3735      542F2171 
 3735      46F53251 
 3735      773A4FD7 
 3735      6E72EE5B 
 3736 01b5 C22446B9 		.ascii	"\302$F\271\223\006\346\335\360?\222;\346\335\207\327"
 3736      9306E6DD 
 3736      F03F923B 
 3736      E6DD87D7 
 3737 01c5 978683D4 		.ascii	"\227\206\203\324\274\263\325j\031\301L\336\274;\326"
 3737      BCB3D56A 
 3737      19C14CDE 
 3737      BC3BD6
 3738 01d4 9C473E69 		.ascii	"\234G>i\242\245\251\231\253h\365\307\367R\330\253P\266"
 3738      A2A5A999 
 3738      AB68F5C7 
 3738      F752D8AB 
 3738      50B6
 3739 01e6 2A88C68D 		.ascii	"*\210\306\215\365\016\360\331,\026{\313\024\013\361"
 3739      F50EF0D9 
 3739      2C167BCB 
 3739      140BF1
 3740 01f5 32C5DE32 		.ascii	"2\305\3362\245^\253R\324j\324\304\322~\205m\211\373"
 3740      A55EAB52 
 3740      D46AD4C4 
 3740      D27E856D 
 3740      89FB
 3741 0207 22B4B0D4 		.ascii	"\"\264\260\324\355Z@;\356j\307]\355\270\253]\352ve\377"
 3741      ED5A403B 
 3741      EE6AC75D 
 3741      EDB8AB5D 
 3741      EA7665FF 
 3742 021b 00C66483 		.ascii	"\000\306d\203c"
 3742      63
 3743              		.text
 3744              		.section	.gnu.lto_.refs.752852e5d1f07341,"e",%progbits
 3745 0000 789C0DC9 		.ascii	"x\234\015\311\261\021\2000\014\004\301\373G\200a\254"
 3745      B1118030 
 3745      0C04C1FB 
 3745      478061AC 
 3746 0010 044CE0A1 		.ascii	"\004L\340\241\020\372\357\014E\033\354\007\004h\307"
 3746      10FAEF0C 
 3746      451BEC07 
 3746      0468C7
 3747 001f 6A65C71E 		.ascii	"je\307\036hq<h\365\366V9::|\316jg\242\313w\302\017'"
 3747      68713C68 
 3747      F5F65639 
 3747      3A3A7CCE 
 3747      6A67A2CB 
ARM GAS  /tmp/cczCvEok.s 			page 120


 3748 0037 940163   		.ascii	"\224\001c"
 3749              		.text
 3750              		.section	.gnu.lto_.decls.752852e5d1f07341,"e",%progbits
 3751 0000 789C8D7A 		.ascii	"x\234\215zyXTY\226\347{\367\335\027<v\327\224\314\256"
 3751      79585459 
 3751      96E77BF7 
 3751      DD173C76 
 3751      D794CCAE 
 3752 0014 EECEEAAA 		.ascii	"\356\316\352\252\032M\263S\323\\*+\347\253\311\251\254"
 3752      1A4DB353 
 3752      D35C2A2B 
 3752      E7ABC9A9 
 3752      AC
 3753 0025 9CEA2CE7 		.ascii	"\234\352,\347\253\234\312)\273\276\231\356\371#\032"
 3753      AB9CCA29 
 3753      BBBE99EE 
 3753      F9231A
 3754 0034 21543AD9 		.ascii	"!T:\331*\"H\323\251\371\276y\354\270\260\013\002b\212"
 3754      2A2248D3 
 3754      A9F9BE79 
 3754      ECB8B00B 
 3754      02628A
 3755 0047 2CA2228A 		.ascii	",\242\"\212\002\012\210\212\240\262\250\010\256\310"
 3755      020A888A 
 3755      A0B2A808 
 3755      AEC8
 3756 0055 22C822AB 		.ascii	"\"\310\"\253,\212\002b\302\234\273D\304\213@s\364\363"
 3756      2C8A0262 
 3756      C29CBB44 
 3756      C48B4073 
 3756      F4F3
 3757 0067 C47BF1CE 		.ascii	"\304{\361\316\271\347\374\316r\317\275\367\005_\275"
 3757      B9E7FCCE 
 3757      72CFBDF7 
 3757      055FBD
 3758 0076 2708FFC1 		.ascii	"'\010\377\301E\020\332eA\230\207\177\213\004A\270\011"
 3758      4510DA65 
 3758      4198877F 
 3758      8B0441B8 
 3758      09
 3759 0087 F411D075 		.ascii	"\364\021\320u w$\010\236@\213\200<\200\026\0035\302"
 3759      20772408 
 3759      9E408B80 
 3759      3C801603 
 3759      35C2
 3760 0099 732FB8AE 		.ascii	"s/\270\256\002z\007\350=\240\177\004\372O@\313\200\376"
 3760      027A07E8 
 3760      3DA07F04 
 3760      FA4F40CB 
 3760      80FE
 3761 00ab 15F86FC3 		.ascii	"\025\370o\303u\005\320\026\270\377\257p\375\232<\007"
 3761      7505D016 
 3761      B8FFAF70 
 3761      FD9A3C07 
 3762 00bb DA0C1404 		.ascii	"\332\014\024\004\364\177\200\006EA\330\005\327\225@"
 3762      F47F8006 
 3762      4541D805 
ARM GAS  /tmp/cczCvEok.s 			page 121


 3762      D79540
 3763 00ca AB817E0D 		.ascii	"\253\201~\015\364{\240x\240D\240\215@\377\002\224\014"
 3763      F47BA078 
 3763      A044A08D 
 3763      40FF0294 
 3763      0C
 3764 00db 14089402 		.ascii	"\024\010\224\002\364W\240\275@Y@\331@\371@\321@\005"
 3764      F457A0BD 
 3764      405940D9 
 3764      40F940D1 
 3764      4005
 3765 00ed 40A780CA 		.ascii	"@\247\200\312\200*\200*\201j\200\352\200\032\010f\242"
 3765      802A802A 
 3765      816A80EA 
 3765      801A0866 
 3765      A2
 3766 00fe 1383AF02 		.ascii	"\023\203\257\002\263q\013\350.\3200\307G|j\205\253N"
 3766      B3710BE8 
 3766      2ED030C7 
 3766      477C6A85 
 3766      AB4E
 3767 0110 607EAE84 		.ascii	"`~\256\204k;\327\367%P\007\307\025\007$\000)@\327\340"
 3767      6B3BD7F7 
 3767      255007C7 
 3767      15072400 
 3767      2940D7E0 
 3768 0124 F607F0A1 		.ascii	"\366\007\360\241\001\256\367\271\375R\2409xV\003t\024"
 3768      01AEF7B9 
 3768      FD52A039 
 3768      78560374 
 3768      14
 3769 0135 E834D071 		.ascii	"\3504\320q\240:\220\251\007\352\344X\273\200>\007:\002"
 3769      A03A90A9 
 3769      07EAE458 
 3769      BB803E07 
 3769      3A02
 3770 0147 D40DD40F 		.ascii	"\324\015\324\017t\011\360\275!0\277W9\304\222\304\315"
 3770      7409F0BD 
 3770      2130BF57 
 3770      39C492C4 
 3770      CD
 3771 0158 824F6BCB 		.ascii	"\202Ok\313\242o\000h\023\327\267\222\347\343g@?\005"
 3771      A26F0068 
 3771      13D7B792 
 3771      E7E36740 
 3771      3F05
 3772 016a FA05D03F 		.ascii	"\372\005\320?\000Mq\375\177\345\372In\210\215!\236\017"
 3772      004D71FD 
 3772      7FE5FA49 
 3772      6E888D21 
 3772      9E0F
 3773 017c 8BFE7F7D 		.ascii	"\213\376\177}\205\215a \023\2671\302\363\021\300\355"
 3773      858D6120 
 3773      13B731C2 
 3773      F311C0ED 
 3774 018c 113BC5A0 		.ascii	"\021;\305\240\337K`9[\305\363m\321I\360\264\363\334"
 3774      DF4B6039 
ARM GAS  /tmp/cczCvEok.s 			page 122


 3774      5BC5F36D 
 3774      D149F0B4 
 3774      F3DC
 3775 019e 90785AF4 		.ascii	"\220xZ\364?\322\350'5\362G\215\017?\343u\361.\320(\257"
 3775      3FD2E827 
 3775      35F2478D 
 3775      0F3FE375 
 3775      F12ED028 
 3776 01b3 89FF4978 		.ascii	"\211\377IxP\253\236\002\253\213U<\227\343@Ox>-\361l"
 3776      50AB9E02 
 3776      AB8B553C 
 3776      97E3404F 
 3776      783E2DF1 
 3777 01c8 E775F025 		.ascii	"\347u\360%\037\377/|<\311\177\007\307\032\250\211\005"
 3777      1FFF2F7C 
 3777      3CC97F07 
 3777      C71AA889 
 3777      05
 3778 01d9 C118E410 		.ascii	"\301\030\344\020\207\227a.\345\370~\201^\236O-\356w"
 3778      8797612E 
 3778      E5F87E81 
 3778      5E9E4F2D 
 3778      EE77
 3779 01eb 012B9953 		.ascii	"\001+\231S)\032;\257\203\227\3047\220\307\227\340\375"
 3779      291A3BAF 
 3779      8397C437 
 3779      90C797E0 
 3779      FD
 3780 01fc 04F42C11 		.ascii	"\004\364,\021X\355k\347\031\3219\211\330\334!\230\376"
 3780      58ED6BE7 
 3780      19D13989 
 3780      D8DC2198 
 3780      FE
 3781 020d 23D053C4 		.ascii	"#\320S\304j\210\324\2157\320G@\237\002=ClNT\003y\312"
 3781      6A88D48D 
 3781      37D04740 
 3781      9F023D43 
 3781      6C4E5403 
 3782 0223 CCFF68AE 		.ascii	"\314\377h\256\317R\013\323\210\315\311\377_-\314\000"
 3782      CF520BD3 
 3782      88CDC9FF 
 3782      5F2DCC00 
 3783 0233 EDE4FE3E 		.ascii	"\355\344\376>Gl\036\036t\300Aj\342s\216;\213\333!s\336"
 3783      476C1E1E 
 3783      74C0416A 
 3783      E2738E3B 
 3783      8BDB2173 
 3784 0248 4B64982D 		.ascii	"Kd\230-\361\370\265\006\343,bs\266V\243G\233\273\337"
 3784      F1F8B506 
 3784      E32C6273 
 3784      B656A347 
 3784      9BBBDF
 3785 025b F178666B 		.ascii	"\361xfk\364\275N<_ \206a?\217\347\037A\317O\004\206"
 3785      F4BD4E3C 
 3785      5F208661 
 3785      3F8FE71F 
 3785      41CF4F04 
ARM GAS  /tmp/cczCvEok.s 			page 123


 3786 0270 DBE2BFA3 		.ascii	"\333\342\277\243\2369d\213\357\313tj}\325\346\313\342"
 3786      9E39648B 
 3786      EFCB746A 
 3786      7DD5E6CB 
 3786      E2
 3787 0281 CB3C627D 		.ascii	"\313<b}\347\032b=\210\330\275\016u\007\220\351\\}Sf"
 3787      E71A623D 
 3787      88D8BD0E 
 3787      750790E9 
 3787      5C7D5366 
 3788 0295 F7248E3F 		.ascii	"\367$\216?\203\373\025|\356$r\273+x\216-\271X\311s\372"
 3788      83FB157C 
 3788      EE2472BB 
 3788      2B788E2D 
 3788      B958C973 
 3789 02aa 0F3CFF96 		.ascii	"\017<\377\226\271\375\006z\365|\"s\3202\247tKE\254["
 3789      B9FD067A 
 3789      F57C2273 
 3789      D032A774 
 3789      4B45AC5B 
 3790 02be 2EBE0D57 		.ascii	".\276\015W\005\372\227\342$|\254\322\177\331\177#\234"
 3790      05FA97E2 
 3790      247CACD2 
 3790      7FD97F23 
 3790      9C
 3791 02cf 214004E1 		.ascii	"!@\004\34137\345\317\002F{\317\216\250N^\214YE9g\305"
 3791      3337E5CF 
 3791      02467BCF 
 3791      8EA84E5E 
 3791      8C594539 
 3792 02e5 736225B9 		.ascii	"sb%\271S6\003\377\341\221\313#\242\035\377\274\205\217"
 3792      533603FF 
 3792      E191CB23 
 3792      A21DFFBC 
 3792      858F
 3793 02f7 51E98573 		.ascii	"Q\351\205s\247=\027W\251\352\270\232U\215\253\3042\221"
 3793      A73D1757 
 3793      A9EAB89A 
 3793      558DABC4 
 3793      3291
 3794 0309 34C10B40 		.ascii	"4\301\013@\312_\011\0067\300\320%(\252(\350V\211d\315"
 3794      CA5F0906 
 3794      37C0D025 
 3794      28AA28E8 
 3794      568964CD 
 3795 031d F184ABA0 		.ascii	"\361\204\253\240D\2120v\246b\3175\235'\035[\025\341"
 3795      448A3076 
 3795      A662CF35 
 3795      9D271D5B 
 3795      15E1
 3796 032f 2CD0A175 		.ascii	",\320\241u\342\252J\261V\274,be\364i\375-\227\325\253"
 3796      E2AA4AB1 
 3796      56BC2C62 
 3796      65F469FD 
 3796      2D97D5AB 
 3797 0343 BD5683C4 		.ascii	"\275V\203\304\364\231\206\336\3605\211\321\321jB\250"
 3797      F49986DE 
ARM GAS  /tmp/cczCvEok.s 			page 124


 3797      F03589D1 
 3797      D16A42A8 
 3798 0353 542F5E12 		.ascii	"T/^\022\257rK\345@\037\012D\307\261\2328\017`^\020\253"
 3798      AF724BE5 
 3798      401F0A44 
 3798      C7B19A38 
 3798      0F605E10 
 3799 0368 ADCC7584 		.ascii	"\255\314u\204\007\250#\0008\026.\212\320\247\317\002"
 3799      07A82300 
 3799      38162E8A 
 3799      D0A7CF02 
 3800 0378 B352BC22 		.ascii	"\263R\274\"^\023\033\210\0030\260\350xx\264\272(\302"
 3800      5E131B88 
 3800      0330B0E8 
 3800      7878B4BA 
 3800      28C2
 3801 038a ED8258A1 		.ascii	"\355\202X\241\035XF\020\246f\207\226 /{\015\347\355"
 3801      1D584610 
 3801      A6668796 
 3801      202F7B0D 
 3801      E7ED
 3802 039c 3560B4FF 		.ascii	"5`\264\377\336T\223\316\032\202F\256\342\272Hx7B/\014"
 3802      DE5493CE 
 3802      1A8246AE 
 3802      E2BA4878 
 3802      37422F0C 
 3803 03b0 DAC2739D 		.ascii	"\332\302s\235\363\232D\232\237\004\021>b\026A\204\252"
 3803      F39A449A 
 3803      9F04113E 
 3803      62164184 
 3803      AA
 3804 03c1 545181C5 		.ascii	"TQ\201\305\006\276\252\344\253\012_a\356c\324\026y\""
 3804      06BEAAE4 
 3804      AB0A5F61 
 3804      EE63D416 
 3804      7922
 3805 03d3 CE3EF442 		.ascii	"\316>\364B\013\317\314~\302\037.O\032w\263\343\337\023"
 3805      0BCFCC7E 
 3805      C21F2E4F 
 3805      1A77B3E3 
 3805      DF13
 3806 03e5 5B2CA999 		.ascii	"[,\251\231SK\353\024\253\355Vn\273\215\330^..\002[H"
 3806      534BEB14 
 3806      ABED566E 
 3806      BB8DD85E 
 3806      2E2E025B 
 3807 03fa 29049B2B 		.ascii	")\004\233+!-\022|\012\312I\242\362Q\312\314^\211$eD"
 3807      212D127C 
 3807      0ACA49A2 
 3807      F251CACC 
 3807      5E892465 
 3808 040f AD0A9385 		.ascii	"\255\012\223\205v\261C\024\036\210++\305.\261ST\316"
 3808      76B14314 
 3808      1E882B2B 
 3808      C52EB153 
 3808      54CE
 3809 0421 40255DA2 		.ascii	"@%]\242@\347A\266!Q\275\340\344\251\362\004.e\006\036"
ARM GAS  /tmp/cczCvEok.s 			page 125


 3809      40E741B6 
 3809      2151BDE0 
 3809      E4A9F204 
 3809      2E65061E 
 3810 0435 8AC2BA3E 		.ascii	"\212\302\272>\2218%(WA\274\231h\335}a\266\307\331!\325"
 3810      91382528 
 3810      5741BC99 
 3810      68DD7D61 
 3810      B6C7D921 
 3811 044a 8396542B 		.ascii	"\203\226T+mD\344\330pw\227\213\203\310\260E\004\014"
 3811      6D44E4D8 
 3811      7077978B 
 3811      83C8B045 
 3811      040C
 3812 045c 4AA0D24B 		.ascii	"J\240\322K\351\005Q\335`\351\354\001\364SQ\364\004\012"
 3812      E90551DD 
 3812      60E9EC01 
 3812      F45351F4 
 3812      040A
 3813 046e 53D51750 		.ascii	"S\325\027PV\377yBdC\303\371PaB\024\036\213\343\"\232"
 3813      56FF7942 
 3813      6443C3F9 
 3813      50614214 
 3813      1E8BE322 
 3814 0483 2058C860 		.ascii	" X\310`Y\031!\203\317Nf\227\273k\006\213Sd\344\200z"
 3814      59192183 
 3814      CF4E6697 
 3814      BB6B068B 
 3814      5364E480 
 3815 0498 C84BF8F8 		.ascii	"\310K\370\370\003X7EaZ|&\242)QyL\304\317\344F\266y\330"
 3815      03583745 
 3815      615A7C26 
 3815      A2295179 
 3815      4CC4CFE4 
 3816 04b0 C47F3DCB 		.ascii	"\304\177=\313\244\323\230\364\254(\274\020\237\213h"
 3816      A4D398F4 
 3816      AC28BC10 
 3816      9F8B68
 3817 04bf 9620A4A9 		.ascii	"\226 \244\251\023\225)p\032:\246\002\035E\011\223\210"
 3817      13952970 
 3817      1A3AA602 
 3817      1D450993 
 3817      88
 3818 04d0 C5DED244 		.ascii	"\305\336\322D\014\205L\35283c\354\222g&x\3506(\204\242"
 3818      0C854CEA 
 3818      383363EC 
 3818      92672678 
 3818      E8362884 
 3819 04e5 48A4AD37 		.ascii	"H\244\2557R\214\303\221\264\030\007\2050-SS\305\375"
 3819      528CC391 
 3819      B4180785 
 3819      302D5353 
 3819      C5FD
 3820 04f7 2229F948 		.ascii	"\")\371HT)F\240pD*\241X\022\2242\240\363\304\326\241"
 3820      542946A0 
 3820      70442AA1 
 3820      58129432 
ARM GAS  /tmp/cczCvEok.s 			page 126


 3820      A0F3C4D6 
 3821 050c 81DC3EAC 		.ascii	"\201\334>\254\361\356\357w \212\267:T\"\200c\320\016"
 3821      F1EEEF77 
 3821      208AB73A 
 3821      54228063 
 3821      D00E
 3822 051e 042D683B 		.ascii	"\004-h;\202+F\027#[\213iV\006\252\034\371\030\225\347"
 3822      822B4617 
 3822      235B8B69 
 3822      5606AA1C 
 3822      F91895E7 
 3823 0532 6546B858 		.ascii	"eF\270X\313g\027\007\023\013&1N\016M*C^\253i\346\011"
 3823      CB671707 
 3823      130B2631 
 3823      4E0E4D2A 
 3823      435EAB69 
 3824 0548 28C68B03 		.ascii	"(\306\213\003Pd\333D\035ie\216\304\242h\024\247uD\271"
 3824      5064DB44 
 3824      1D69658E 
 3824      C4A26814 
 3824      A77544B9 
 3825 055c 0850EB00 		.ascii	"\010P\353\000*\276\331\320x]\242Q)\252\267\010'\242"
 3825      2ABED9D0 
 3825      785DA251 
 3825      29AAB708 
 3825      27A2
 3826 056e 6407AFB5 		.ascii	"d\007\257\265\006\222\301@\022\365\371\032(i\226\004"
 3826      0692C140 
 3826      12F5F91A 
 3826      28699604 
 3827 057e 9D13ED29 		.ascii	"\235\023\355)Np%S\340;\345\266DJx\350y\223\316Z\226"
 3827      4E702553 
 3827      E03BE5B6 
 3827      444A78E8 
 3827      7993CE5A 
 3828 0593 6C6C1A72 		.ascii	"ll\032r\252\024\367\240T\244\264\301\320\373D,\":\275"
 3828      AA14F7A0 
 3828      54A4B4C1 
 3828      D0FB442C 
 3828      223ABD
 3829 05a6 1ED94D9E 		.ascii	"\036\331M\236\275(\023\261\3315@\005\236\356\177&\333"
 3829      BD2813B1 
 3829      D9354005 
 3829      9EEE7F26 
 3829      DB
 3830 05b7 09ECB308 		.ascii	"\011\354\263\010`T;xp\320\325\032\236\3579j\262\342"
 3830      60543B78 
 3830      70D0D51A 
 3830      9EEF396A 
 3830      B2E2
 3831 05c9 60DDC196 		.ascii	"`\335\301\226\242\016\017\326\270\212\2162\327\366\243"
 3831      A20E0FD6 
 3831      B88A8E32 
 3831      D7F6A3
 3832 05d8 0C74E047 		.ascii	"\014t\340G\022z\000\364f!\262\320Q\247\313\362\342I"
 3832      127A00F4 
 3832      6621B2D0 
ARM GAS  /tmp/cczCvEok.s 			page 127


 3832      51A7CBF2 
 3832      E249
 3833 05ea 334B4729 		.ascii	"3KG)\332QP#\312\004\300\237\004\232%\331\316\334\231"
 3833      DA515023 
 3833      CA04C09F 
 3833      049A25D9 
 3833      CEDC99
 3834 05fd F6476667 		.ascii	"\366Gfg<\376\022\035\261\037\345\241\374\037\261\223"
 3834      3CFE121D 
 3834      B11FE5A1 
 3834      FC1FB193 
 3835 060d 0F760EA2 		.ascii	"\017v\016\242C\226,\355\265\224[\256v\024\351}nc\235"
 3835      43962CED 
 3835      B5945BAE 
 3835      7614E97D 
 3835      6E639D
 3836 0620 777743D5 		.ascii	"wwC\325\276\271z5\315s[\337_\352\252\3048\024\205\012"
 3836      BEB97A35 
 3836      CD735BDF 
 3836      5FEAAAC4 
 3836      3814850A 
 3837 0634 1CD4174D 		.ascii	"\034\324\027M\347\251DI$R\201\307\314\274\314t\001\230"
 3837      E7A94449 
 3837      245281C7 
 3837      CCBCCC74 
 3837      0198
 3838 0646 3E860AD1 		.ascii	">\206\012\321Qt\030\035\341\216\02650\000\311(a\241"
 3838      5174181D 
 3838      E18E1635 
 3838      3000C928 
 3838      61A1
 3839 0658 DE72A6F7 		.ascii	"\336r\246\367\000\332\275@oQ&\343\345\243\034{\036\366"
 3839      00DABD40 
 3839      6F5126E3 
 3839      E5A31C7B 
 3839      1EF6
 3840 066a 48EB282B 		.ascii	"H\353(+W (\344\037\011\314HN\\\254*V{M\211O\305\"4)"
 3840      572028E4 
 3840      1F09CC48 
 3840      4E5CAC2A 
 3840      567B4D89 
 3841 0683 C2AC5D37 		.ascii	"\302\254]7\"\236@OD\033\3009\221l\355\213\000`1:\216"
 3841      229E404F 
 3841      441BC039 
 3841      916CED8B 
 3841      0060313A 
 3842 0698 4EA25254 		.ascii	"N\242RTb\311\304\363\274\340\003nm\204\251AG\364>\317"
 3842      62C9C4F3 
 3842      BCE0036E 
 3842      6D84A941 
 3842      47F43ECF 
 3843 06ac 898B237A 		.ascii	"\211\213#z'\3041\320;*>\022\271\342\217id\007j\242\252"
 3843      27C431D0 
 3843      3B2A3E12 
 3843      B9E28F69 
 3843      64076AA2 
 3844 06c1 7EEB362B 		.ascii	"~\3536+\316\000\363\211\325(+\351\231<\031bY\200\346"
ARM GAS  /tmp/cczCvEok.s 			page 128


 3844      CE00F389 
 3844      D5282BE9 
 3844      993C1962 
 3844      5980E6
 3845 06d4 81C7B0DB 		.ascii	"\201\307\260\333\226\261\271\034\272\214\015\211\003"
 3845      96B1B91C 
 3845      BA8C0D89 
 3845      03
 3846 06e1 62917D46 		.ascii	"b\221}F\320\\\303\363t7/{\320\367\304\005\2501\232\356"
 3846      D05CC3F3 
 3846      74372F7B 
 3846      D0F7C405 
 3846      A8319AEE 
 3847 06f5 2AAF725E 		.ascii	"*\257r^\301\004\263\320)tG\274MN'\210\364f\001\273<"
 3847      C104B3D0 
 3847      297447BC 
 3847      4D4E2788 
 3847      F46601BB 
 3848 070a 89E8B822 		.ascii	"\211\350\270\"\323\000Yu\335\024o\210\344\374S)V\240"
 3848      D3005975 
 3848      DD146F88 
 3848      E4FC5329 
 3848      56A0
 3849 071c 4A548ECE 		.ascii	"JT\216\316\360\002\031\317\254\245p\332\304\273b\231"
 3849      F00219CF 
 3849      ACA570DA 
 3849      C4BB6299 
 3850 072c 63B31ADF 		.ascii	"c\263\032\337\225\337\350\336\244J\335b\0170\351JaK"
 3850      95DFE8DE 
 3850      A44ADD62 
 3850      0F30E94A 
 3850      614B
 3851 073e D0A17C9A 		.ascii	"\320\241|\232\240\323\250\027x\014\200\325\311\242\264"
 3851      A0D3A817 
 3851      780C80D5 
 3851      C9A2B4
 3852 074d FE287551 		.ascii	"\376(uQ\230[\267x_;\260\035\312{\236L\274\201\253-="
 3852      985BB778 
 3852      5F3BB01D 
 3852      CA7B9E4C 
 3852      BC81AB2D 
 3853 0762 AE5EF6E0 		.ascii	"\256^\366\340\316\"\007td\355\204U\023\013J\022P\006"
 3853      CE220774 
 3853      64ED8455 
 3853      130B4A12 
 3853      5006
 3854 0774 8671C7FB 		.ascii	"\206q\307\373\332B\034\346}\265u\336g\021\211\244\346"
 3854      DA421CE6 
 3854      7DB575DE 
 3854      671189A4 
 3854      E6
 3855 0785 B81CD7C5 		.ascii	"\270\034\327\305]/ij\312\021\320R\0012Ja\307\311\253"
 3855      5D2F696A 
 3855      CA11D052 
 3855      01324A61 
 3855      C7C9AB
 3856 0798 CE5EDAE8 		.ascii	"\316^\332\350\320u\3772\252\003\000WP=j\340\265Q\226"
ARM GAS  /tmp/cczCvEok.s 			page 129


 3856      D075FF32 
 3856      AA030057 
 3856      503D6AE0 
 3856      B55196
 3857 07ab FAB0E843 		.ascii	"\372\260\350C\332\313k\320\005\340j\303CB\260\237m,"
 3857      DACB6BD0 
 3857      05E06AC3 
 3857      4342B09F 
 3857      6D2C
 3858 07bd 6A50AD95 		.ascii	"jP\255\225\311B\360\000\354\307\205'\223\300^B\027\265"
 3858      C942F000 
 3858      ECC78527 
 3858      93C05E42 
 3858      17B5
 3859 07cf 23       		.ascii	"#"
 3860 07d0 A13F8E13 		.ascii	"\241?\216\023\234\365gS\006]\0346\036W\355\001\200\377"
 3860      9CF56753 
 3860      065D1C36 
 3860      1E57ED01 
 3860      80FF
 3861 07e2 BF02BA4A 		.ascii	"\277\002\272JV\363.\254\314c\362\244\216|\300\302\273"
 3861      56F32EAC 
 3861      CC63F2A4 
 3861      8E7CC0C2 
 3861      BB
 3862 07f3 43169464 		.ascii	"C\026\224d\240\2752(\353}rt\322\323\256\217\335Aw-}"
 3862      A0BD3228 
 3862      EB7D7274 
 3862      D2D3AE8F 
 3862      DD41772D 
 3863 0808 ECD6F3C4 		.ascii	"\354\326\363\3041\333\356\345.\207\322B\"\222\013\012"
 3863      31DBEEE5 
 3863      2E87D242 
 3863      22920B0A 
 3864 0818 0A8982EA 		.ascii	"\012\211\202\352\271\351t\307\325\273\025\331\226\346"
 3864      B9E974C7 
 3864      D5BB15D9 
 3864      96E6
 3865 0826 F7957210 		.ascii	"\367\225r\020\255&\242\335\223\205\371\366M\365>\352"
 3865      AD26A2DD 
 3865      9385F9F6 
 3865      4DF53EEA 
 3866 0836 E44DF50A 		.ascii	"\344M\365\012\021Hn\330>\354b'\320e\021\300(=\362\300"
 3866      11486ED8 
 3866      3EEC6227 
 3866      D06511C0 
 3866      283DF2C0 
 3867 084a 986DBBF4 		.ascii	"\230m\273\364\200\203\351\246M5f\357\3512'/MV\350\314"
 3867      8083E9A6 
 3867      4D3566EF 
 3867      E932272F 
 3867      4D56E8CC 
 3868 085e B98F7A60 		.ascii	"\271\217z`p\037\352\345\005;\235\024\037_\343A\223\322"
 3868      701FEAE5 
 3868      053B9D14 
 3868      1F5FE341 
 3868      93D2
ARM GAS  /tmp/cczCvEok.s 			page 130


 3869 0870 8D2AC49E 		.ascii	"\215*\304\236\005\013l\034KJ7\252\3262\241q\240\246"
 3869      050B6C1C 
 3869      4B4A37AA 
 3869      D632A171 
 3869      A0A6
 3870 0882 C9D9E7B2 		.ascii	"\311\331\347\262\227\275\372.\255z\345\016xy\2378q1"
 3870      97BDFA2E 
 3870      AD7AE50E 
 3870      78799F38 
 3870      7131
 3871 0894 777A48B2 		.ascii	"wzH\262sb\000\015r/\037\022\201\303E\223\311\366{\352"
 3871      7362000D 
 3871      722F1F12 
 3871      81C34593 
 3871      C9F67BEA 
 3872 08a8 218B0046 		.ascii	"!\213\000F\371\333\323\247E\253\227\303\034\305\010"
 3872      F9DBD3A7 
 3872      45AB97C3 
 3872      1CC508
 3873 08b7 5D59D3F2 		.ascii	"]Y\323\362\352\012=\331\2428S\246\252\316n#\000t\364"
 3873      EA0A3DD9 
 3873      A23853A6 
 3873      AACE6E23 
 3873      0074F4
 3874 08ca D56BE200 		.ascii	"\325k\342\000\032\005\265\217\330\274\177xg\210\346"
 3874      1A05B58F 
 3874      D8BC7F78 
 3874      6788E6
 3875 08d9 59C31FB2 		.ascii	"Y\303\037\262\361!Q\253\224qpa\012h\016(RG\\\351\273"
 3875      F12151AB 
 3875      94717061 
 3875      0A680E28 
 3875      52475CE9 
 3876 08ee 9960BFC8 		.ascii	"\231`\277\310M\242\247\026\244\307\343s'\335\255H\237"
 3876      4DA2A716 
 3876      A4C7E373 
 3876      27DDAD48 
 3876      9F
 3877 08ff 7218E468 		.ascii	"r\030\344h\251$\351`\322\001e\021%\011\265\351\303\262"
 3877      A924E960 
 3877      D2016511 
 3877      2509B5E9 
 3877      C3B2
 3878 0911 E3623883 		.ascii	"\343b8\203\350j\210\236\025\354Za\345=\347:\310\321"
 3878      E86A889E 
 3878      15EC5A61 
 3878      E53DE73A 
 3878      C8D1
 3879 0923 4F2986F1 		.ascii	"O)\206\361\2250~IL\214\272\204\364\2437yS\232N}\226"
 3879      95307E49 
 3879      4C8CBA84 
 3879      F4A33779 
 3879      539A4E7D 
 3880 0938 90F28B8B 		.ascii	"\220\362\213\213\341*\264\311t4\205\302$\207\346\033"
 3880      E12AB4C9 
 3880      743485C2 
 3880      2487E61B 
ARM GAS  /tmp/cczCvEok.s 			page 131


 3881 0948 5B9F4466 		.ascii	"[\237Df\017Y\267\354x\304\371\271\374$\266v\276X\300"
 3881      0F59B7EC 
 3881      78C4F9B9 
 3881      FC24B676 
 3881      BE58C0
 3882 095b 2B1A8BA6 		.ascii	"+\032\213\246\331OG?,\034\247\331h\204I\225b\250\244"
 3882      D94F473F 
 3882      2C1CA7D9 
 3882      68844995 
 3882      62A8A4
 3883 096e 4AF3284A 		.ascii	"J\363(J\232C\021R\270\024)\361\206x\205YnA\217\027\240"
 3883      9A431152 
 3883      B81429F1 
 3883      86788559 
 3883      6E418F17 
 3884 0983 2AAAD84E 		.ascii	"*\252\330N\265?CO\026\"n;L\307\265\241\211\205\274L"
 3884      B53F434F 
 3884      16226E3B 
 3884      4CC7B5A1 
 3884      8985BC4C 
 3885 0997 A673164D 		.ascii	"\246s\026M\333\363\224\307:A\367\267\342\274\010\037"
 3885      DBF394C7 
 3885      3A41F7B7 
 3885      E2BC081F 
 3886 09a7 903612E9 		.ascii	"\2206\022\351\362\366\347\345t{n\335\322\355\220\376"
 3886      F2F6E7E5 
 3886      747B6EDD 
 3886      D2ED90FE 
 3887 09b7 B652DC2E 		.ascii	"\266R\334.\305H\312<\2043\322\011\204\342\237\354\033"
 3887      C548CA3C 
 3887      8433D209 
 3887      84E29FEC 
 3887      1B
 3888 09c8 F3B4138A 		.ascii	"\363\264\023\212\265\012\305\022\201\344\007\207z\354"
 3888      B50AC512 
 3888      81E40787 
 3888      7AEC
 3889 09d6 B5C45B04 		.ascii	"\265\304[\004\240J\336VR\235\004\335;\342\377\005\022"
 3889      A04ADE56 
 3889      529D04DD 
 3889      3BE2FF05 
 3889      12
 3890 09e7 944C32E0 		.ascii	"\224L2\340\346\331\333\373\020\0310\251V\245%\350\330"
 3890      E6D9DBFB 
 3890      101930A9 
 3890      56A525E8 
 3890      D8
 3891 09f8 E44891DE 		.ascii	"\344H\221\336\251\024wK\311\022F\243#\273\366\330&n"
 3891      A914774B 
 3891      C91246A3 
 3891      23BBF6D8 
 3891      266E
 3892 0a0a 2A77620F 		.ascii	"*wb\017\004M\311w\"\225\347\245\034s\022\224\022\242"
 3892      044DC977 
 3892      2295E7A5 
 3892      1C731294 
 3892      12A2
ARM GAS  /tmp/cczCvEok.s 			page 132


 3893 0a1c EBE8A95D 		.ascii	"\353\350\251]\271\330~\337%eJl\362\324\020\201\254\232"
 3893      B9D87EDF 
 3893      25654A6C 
 3893      F2D41081 
 3893      AC9A
 3894 0a2e 338DF6B3 		.ascii	"3\215\366\263k\237E\000\243\363\017\037w\330&\317\367"
 3894      6B9F4500 
 3894      A3F30F1F 
 3894      77D826CF 
 3894      F7
 3895 0a3f DCD27E62 		.ascii	"\334\322~b\251\031,\264\000\265\003u\022E\333\307\206"
 3895      A9192CB4 
 3895      00B50375 
 3895      1245DBC7 
 3895      86
 3896 0a50 DFB2D393 		.ascii	"\337\262\323\223#\345Z\364$\035\034:\203\254zr\271\236"
 3896      23E55AF4 
 3896      241D1C3A 
 3896      83AC7A72 
 3896      B99E
 3897 0a62 3CA26718 		.ascii	"<\242g\030\306\342s\267\263\227\263-\373\370\274:\363"
 3897      C6E273B7 
 3897      B397B32D 
 3897      FBF8BC3A 
 3897      F3
 3898 0a73 4E0DADC5 		.ascii	"N\015\255\305<)[:\364\352\2729\010\314J1\237\224\212"
 3898      3C295B3A 
 3898      F4EABA39 
 3898      08CC4A31 
 3898      9F948A
 3899 0a86 724C8103 		.ascii	"rL\201\003\025P9\320y\005\226\225\033\275\307\242\244"
 3899      155039D0 
 3899      79059695 
 3899      1BBDC7A2 
 3899      A4
 3900 0a97 37172C2B 		.ascii	"7\027,+B!\0149.\035\223\212$\266\252@\355\253m?\337"
 3900      42210C39 
 3900      2E1D938A 
 3900      24B6AA40 
 3900      EDAB6D3F 
 3901 0aac AD127B0F 		.ascii	"\255\022{\017Q\201T(9l}\256\262-\323\030:\012<\207\372"
 3901      51815428 
 3901      396C7DAE 
 3901      B22DD318 
 3901      3A0A3C87 
 3902 0ac1 6E67DBA2 		.ascii	"ng\333\242F\361\010\360\230~\276\353\006\010?\257\035"
 3902      46F108F0 
 3902      987EBEEB 
 3902      06083FAF 
 3902      1D
 3903 0ad2 4F8D725F 		.ascii	"O\215r_\315\376y\255\266\376#\003\207\266s\245\375\250"
 3903      CDFE79AD 
 3903      B6FE2303 
 3903      87B673A5 
 3903      FDA8
 3904 0ae4 9C2B256F 		.ascii	"\234+%o?\230\326Af\361\220t@\2620\011\"\336Q\013ja1"
 3904      3F98D641 
ARM GAS  /tmp/cczCvEok.s 			page 133


 3904      66F19074 
 3904      40B23009 
 3904      22DE510B 
 3905 0afb 0F754B90 		.ascii	"\017uK\220\236\212\345\0229\024\215#Ka\247\327\322\302"
 3905      9E8AE512 
 3905      39148D23 
 3905      4B61A7D7 
 3905      D2C2
 3906 0b0d DE23A559 		.ascii	"\336#\245Y\007&J\226\270\215\346\375\011x\017Q\026\360"
 3906      07264A96 
 3906      B88DE6FD 
 3906      09780F51 
 3906      16F0
 3907 0b1f 988B3F58 		.ascii	"\230\213?X7\010s\014N\033\272g\205C^\256\260\205u\274"
 3907      3708730C 
 3907      4E1BBA67 
 3907      85435EAE 
 3907      B08575BC 
 3908 0b33 83EE9F0A 		.ascii	"\203\356\237\012\245\3030R\343\2445\260M\350:\202\315"
 3908      A5C33052 
 3908      E3A435B0 
 3908      4DE83A82 
 3908      CD
 3909 0b44 7C3944B6 		.ascii	"|9D\266L*\226NI\347\244\363R\251T#\225H\325\322Y\351"
 3909      4C2A964E 
 3909      49E7A4F3 
 3909      52A95423 
 3909      9548D5D2 
 3910 0b5a 827452AA 		.ascii	"\202tR\252\220NKg\244*\251\222G}|\3720C\323\201,h\332"
 3910      904E4B67 
 3910      A42AA992 
 3910      477D7CFA 
 3910      3043D381 
 3911 0b71 9175A313 		.ascii	"\221u\243\023{\205O\372\333V87-N\026\035\332\311\367"
 3911      7B854FFA 
 3911      DB563837 
 3911      2D4E161D 
 3911      DAC9F7
 3912 0b84 D027AC4E 		.ascii	"\320'\254N\336\260F\2402?\311\275H\225vJ\321\222-8\355"
 3912      DEB046A0 
 3912      323FC9BD 
 3912      4895764A 
 3912      D1922D38 
 3913 0b99 4CEBEC25 		.ascii	"L\353\354%\252u\277\224a\035\230.Y\264\306D[\217DZ&"
 3913      AA75BF94 
 3913      611D982E 
 3913      59B4C644 
 3913      5B8F445A 
 3914 0bae 07945E40 		.ascii	"\007\224^@\207\326\213\267\354\000\361\215G\007\213"
 3914      87D68BB7 
 3914      EC00F18D 
 3914      47078B
 3915 0bbd 5E98342F 		.ascii	"^\2304/Z\270\343Vg\212\216\263|\305I\2734\220\350\246"
 3915      5AB8E356 
 3915      678A8EB3 
 3915      7CC549BB 
 3915      3490E8A6 
ARM GAS  /tmp/cczCvEok.s 			page 134


 3916 0bd1 75FC7B4B 		.ascii	"u\374{K\276\222\354\362Ew\237\223\271\317\0325\313#"
 3916      BE92ECF2 
 3916      45779F93 
 3916      B9CF1A35 
 3916      CB23
 3917 0be3 8DF1BED7 		.ascii	"\215\361\276\327\217\261\322\000\023\241\031\252\020"
 3917      8FB1D200 
 3917      13A119AA 
 3917      10
 3918 0bf0 B5A4DECC 		.ascii	"\265\244\336\314\264\177\251qY\252\345\363\277\237\010"
 3918      B47FA971 
 3918      59AAE5F3 
 3918      BF9F08
 3919 0bff 5C2C39F6 		.ascii	"\\,9\366&\345Wq~\235\205\217Q\363\356\016\325\326h\352"
 3919      26E55771 
 3919      7E9D858F 
 3919      51F3EE0E 
 3919      D5D668EA 
 3920 0c13 39C80632 		.ascii	"9\310\0062m_\200\201PgA\331\016\024\347\014\262\031"
 3920      6D5F8081 
 3920      506741D9 
 3920      0E14E70C 
 3920      B219
 3921 0c25 4DB1B38E 		.ascii	"M\261\263\216\333\226F\311\362~\011\337(x2\341\342x"
 3921      DB9646C9 
 3921      F27E09DF 
 3921      287832E1 
 3921      E278
 3922 0c37 88BD2A35 		.ascii	"\210\275*5\201\251f\336\355\247'\217\204\026\377\234"
 3922      81A966DE 
 3922      EDA7278F 
 3922      8416FF9C 
 3923 0c47 AD43D7A5 		.ascii	"\255C\327\245k\300\323v\347\313\304\310\311\322\371"
 3923      6BC0D376 
 3923      E7CBC4C8 
 3923      C9D2F9
 3924 0c56 36C745F7 		.ascii	"6\307E\367\206M\211r\315Y\320\265\011\374\325\027\334"
 3924      864D8972 
 3924      CD59D0B5 
 3924      09FCD517 
 3924      DC
 3925 0c67 08CA6D32 		.ascii	"\010\312m2l\254t{\267\344\200\355\256\324&T\212w\244"
 3925      6CAC747B 
 3925      B7E480ED 
 3925      AED42654 
 3925      8A77A4
 3926 0c7a DB92D209 		.ascii	"\333\222\322\011>\364\203\034\236\251\236\332\303@j"
 3926      3EF4831C 
 3926      9EA99EDA 
 3926      C3406A
 3927 0c89 7625AD52 		.ascii	"v%\255R\033\350o\227,\333\320gU\377=\224\354xH\273h"
 3927      1BE86F97 
 3927      2CDBD067 
 3927      55FF3D94 
 3927      EC7848BB 
 3928 0c9e D3B60BE5 		.ascii	"\323\266\013\345\011\261UU\036\316^\360iTt\330T\220"
 3928      09B15555 
ARM GAS  /tmp/cczCvEok.s 			page 135


 3928      1ECE5EF0 
 3928      695474D8 
 3928      5490
 3929 0cb0 5735A232 		.ascii	"W5\2422\007\026#] r@\273]`\324\345\033\365\217\355\323"
 3929      0716235D 
 3929      207240BB 
 3929      5D60D4E5 
 3929      1BF58FED 
 3930 0cc5 D423F5F2 		.ascii	"\324#\365\3624e\023\201\342\241\323\265:;\201>\213\000"
 3930      34651381 
 3930      E2A1D3B5 
 3930      3A3B813E 
 3930      8B00
 3931 0cd7 46294777 		.ascii	"F)Gw%\271Y\363\364\220\307\255\237\344\351$X(#\012\022"
 3931      25B959F3 
 3931      F490C7AD 
 3931      9FE4E924 
 3931      5828230A 
 3932 0cec 7F88BAE1 		.ascii	"\177\210\272\341\356\370R\310\232\037\345`\343\243\034"
 3932      EEF852C8 
 3932      9A1FE560 
 3932      E3A31C
 3933 0cfb BC9ABF37 		.ascii	"\274\232\2777I\212\277\236\303\266uC\322\2004\252\351"
 3933      498ABF9E 
 3933      C3B67543 
 3933      D28034AA 
 3933      E9
 3934 0d0c 426C9E35 		.ascii	"Bl\2365\262\267\177\375R\2058jK\022\257\370kl\317\327"
 3934      B2B77FFD 
 3934      5285386A 
 3934      4B12AFF8 
 3934      6B6CCFD7 
 3935 0d20 2F556B99 		.ascii	"/Uk\231\216\257\006{@-l\225\244\021iX\242>t\216\364"
 3935      8EAF067B 
 3935      402D6C95 
 3935      A4116958 
 3935      A23E748E 
 3936 0d35 1679386C 		.ascii	"\026y8l\302\373\354\205\224\313\340L\007P?qh\177\365"
 3936      C2FBEC85 
 3936      94CBE04C 
 3936      07503F71 
 3936      687FF5
 3937 0d48 F4439D67 		.ascii	"\364C\235g\227\375*\371\330\272J*\011)a%\022i\275\274"
 3937      97FD2AF9 
 3937      D8BA4A2A 
 3937      09296125 
 3937      1269BDBC 
 3938 0d5c CD9FE16D 		.ascii	"\315\237\341m~L\352\226\236i;\031\001=\314@\017\211"
 3938      7E4CEA96 
 3938      9E693B19 
 3938      013DCC40 
 3938      0F89
 3939 0d6e 0F8067D7 		.ascii	"\017\200g\327t9\"/\241S\202\2260\016\354JqRz*M\021D"
 3939      7439222F 
 3939      A1538296 
 3939      300EEC4A 
 3939      71527A2A 
ARM GAS  /tmp/cczCvEok.s 			page 136


 3940 0d85 0FC8CE31 		.ascii	"\017\310\3161\007\206\246U\211O\244\011`j{\2532Np>,"
 3940      0786A655 
 3940      894FA409 
 3940      606A7BAB 
 3940      324E703E 
 3941 0d9a 2EF9AB97 		.ascii	".\371\253\227\275\226i{-J\224\253\240\354\002\312p\205"
 3941      BD96697B 
 3941      2D4A94AB 
 3941      A0EC02CA 
 3941      7085
 3942 0dac ADF7CE94 		.ascii	"\255\367\316\224\361\313\316\332\2557=z\316J?\300\220"
 3942      F1CBCEDA 
 3942      AD373D7A 
 3942      CE4A3FC0 
 3942      90
 3943 0dbd 39699ED7 		.ascii	"9i\236\327aQc\201u\361\371\301\301\233\361V\326A\367"
 3943      61516381 
 3943      75F1F9C1 
 3943      C19BF156 
 3943      D641F7
 3944 0dd0 A317C0B3 		.ascii	"\243\027\300\263\363F\311\006\023\350\312\213S\225\242"
 3944      F346C906 
 3944      13E8CA8B 
 3944      5395A2
 3945 0ddf C3D956C5 		.ascii	"\303\331V\305\032\003\260\207\310ZL^\260\355\020\361"
 3945      1A03B087 
 3945      C85A4C5E 
 3945      B0ED10F1 
 3946 0def B2F696C4 		.ascii	"\262\366\226\304Q'\333\"Ff\337l!\351\337\347\320-1\032"
 3946      5127DB22 
 3946      4666DF6C 
 3946      21E9DFE7 
 3946      D02D311A 
 3947 0e03 B3D36CB3 		.ascii	"\263\323l\2635ZEC\205\024\331E\251\031Ec\332\2714\313"
 3947      355A4543 
 3947      8514D945 
 3947      A9194563 
 3947      DAB934CB 
 3948 0e17 49D171C2 		.ascii	"I\321q\302\205p\315H]R4\246\341\340\341\262\306(\034"
 3948      8570CD48 
 3948      5D5234A6 
 3948      E1E0E1B2 
 3948      C6281C
 3949 0e2a 8761D8A6 		.ascii	"\207a\330\246Dc\330$\341(\274\023\357\302;p\014\216"
 3949      4463D824 
 3949      E128BC13 
 3949      EFC23B70 
 3949      0C8E
 3950 0e3c C4B13802 		.ascii	"\304\2618\002\363\235\341\375k\324\305\006\351\022\310"
 3950      F39DE1FD 
 3950      6BD4C506 
 3950      E912C8
 3951 0e4b D9D62CB6 		.ascii	"\331\326,\266\330\025Px\241\3709\360\330\333\006\353"
 3951      D8155078 
 3951      A1F839F0 
 3951      D8DB06EB 
 3952 0e5b 9A7D2F96 		.ascii	"\232}/\226&\372\246t\305:\256\335\006\356\034\203~_"
ARM GAS  /tmp/cczCvEok.s 			page 137


 3952      26FAA674 
 3952      C53AAEDD 
 3952      06EE1C83 
 3952      7E5F
 3953 0e6d BA075C96 		.ascii	"\272\007\\\226J\353\372Zt\205\015m\221n\331\015ezG\331"
 3953      4AEBFA5A 
 3953      74850D6D 
 3953      916ED90D 
 3953      657A47D9 
 3954 0e81 C86BA80A 		.ascii	"\310k\250\012\234f\3518\217\330Q\2471\356\372?Y'\247"
 3954      9C66E938 
 3954      8FD851A7 
 3954      31EEFA3F 
 3954      5927A7
 3955 0e94 65241CA5 		.ascii	"e$\034\245\311+\347\261\304\033\266\375\325E\236\253"
 3955      C92BE7B1 
 3955      C41BB6FD 
 3955      D5459EAB 
 3956 0ea4 78709CCC 		.ascii	"xp\234\314\330\264]\011\316Vf<\037\230@\007>\037h\331"
 3956      D8B45D09 
 3956      CE56663C 
 3956      1F984007 
 3956      3E1F68D9 
 3957 0eb8 62655936 		.ascii	"beY6&\211\224\225:\225\270\306\312Z\3058I\224\363\370"
 3957      26899495 
 3957      3A95B8C6 
 3957      CA5AC538 
 3957      4994F3F8 
 3958 0ecc D0FE4967 		.ascii	"\320\376Igg\010`\2330!(\307I%T\306\014]\367p\350\012"
 3958      6708609B 
 3958      302128C7 
 3958      492554C6 
 3958      0C5DF770 
 3959 0ee2 BBB1A533 		.ascii	"\273\261\2453b\364\364xk\227+\031\222\202\2231\234\264"
 3959      62F4F478 
 3959      6B972B19 
 3959      92829331 
 3959      9CB4
 3960 0ef4 D273E6A4 		.ascii	"\322s\346\244\237\250\344}\265\272l\220\275\257\026"
 3960      9FA8E47D 
 3960      B5BA6C90 
 3960      BDAF16
 3961 0f03 F6602195 		.ascii	"\366`!\225\352?wd\350\204m\271\330\303\001\2471oz\216"
 3961      EA3F7764 
 3961      E8846DB9 
 3961      D8C301A7 
 3961      316F7A8E 
 3962 0f17 3F3E6D7B 		.ascii	"?>m{\205\227\306\231\3510P9\005\245_\011TG\020u\235"
 3962      8597C699 
 3962      E9305039 
 3962      05A55F09 
 3962      54471075 
 3963 0f2c 389B65DF 		.ascii	"8\233e\337\3502\361>\314\033]V\344\221\335\266#\322"
 3963      E832F13E 
 3963      CC1B5D56 
 3963      E491DDB6 
 3963      23D2
ARM GAS  /tmp/cczCvEok.s 			page 138


 3964 0f3e 3EAEE47B 		.ascii	">\256\344{\242\344\026(\350 \012\256\356\3509\345\344"
 3964      A2E41628 
 3964      E8200AAE 
 3964      EEE839E5 
 3964      E4
 3965 0f4f 88220B33 		.ascii	"\210\"\0133\030.GR\317\377\315j\313\357\034%\347\017"
 3965      182E4752 
 3965      CFFFCD6A 
 3965      CBEF1C25 
 3965      E70F
 3966 0f61 9CF839DB 		.ascii	"\234\3709\333l\246\340\2758\017;\366\262X\326\026\016"
 3966      6CA6E0BD 
 3966      380F3BF6 
 3966      B258D616 
 3966      0E
 3967 0f72 E0FD56A6 		.ascii	"\340\375V\246m/6\276\235\265\301\357q\265\250\031\252"
 3967      6D2F36BE 
 3967      9DB5C1EF 
 3967      71B5A819 
 3967      AA
 3968 0f83 E974ACF6 		.ascii	"\351t\254\366\362\300r.\316\306\007q\216\245zw\261\367"
 3968      F2C0722E 
 3968      CEC60771 
 3968      8EA57A77 
 3968      B1F7
 3969 0f95 4E6D4286 		.ascii	"NmB\206\235^h\031\373\334\310"
 3969      9D5E6819 
 3969      FBDCC8
 3970 0fa0 9122E3F2 		.ascii	"\221\"\343\362S\3440?\363\261\203\036\310gEj\211\255"
 3970      53E4303F 
 3970      F3B1831E 
 3970      C867456A 
 3970      89AD
 3971 0fb2 ED1FE28A 		.ascii	"\355\037\342\212\016\323\\t\016\245\226\333\242\320"
 3971      0ED35C74 
 3971      0EA596DB 
 3971      A2D0
 3972 0fc0 C68F5A47 		.ascii	"\306\217ZG\010\017\237\350\370>i\301Z\234\211\013@\377"
 3972      080F9FE8 
 3972      F83E69C1 
 3972      5A9C890B 
 3972      40FF
 3973 0fd2 510BC299 		.ascii	"Q\013\302\231\311`\210\012q\255@\353\032F\307b\352\216"
 3973      C960880A 
 3973      71AD40EB 
 3973      1A46C762 
 3973      EA8E
 3974 0fe4 DBF26861 		.ascii	"\333\362ha\026R\243\231)\247\017\330\266\371\205\234"
 3974      1652A399 
 3974      29A70FD8 
 3974      B6F9859C 
 3975 0ff4 778CA4A7 		.ascii	"w\214\244\247\300\015*\016|\323u\366"
 3975      C00D2A0E 
 3975      7CD375F6 
 3976 1000 A695B942 		.ascii	"\246\225\271B\002HW\276\323\323\\\350a]L\213\261\303"
 3976      024857BE 
 3976      D3D35CE8 
ARM GAS  /tmp/cczCvEok.s 			page 139


 3976      615D4C8B 
 3976      B1C3
 3977 1012 DE7B8C9E 		.ascii	"\336{\214\236\311kP\021.\266\013\222\375\"1\211\212"
 3977      C96B5011 
 3977      2EB60B92 
 3977      FD223189 
 3977      8A
 3978 1023 01F8097C 		.ascii	"\001\370\011|\222@W\356\223\370\235||y\334\315a-)\301"
 3978      924057EE 
 3978      93F89D7C 
 3978      7C79DCCD 
 3978      612D29C1 
 3979 1037 1A31E86F 		.ascii	"\0321\350o?!orDe\210`\012\315\032? j[\356i|\012\304"
 3979      3F216F72 
 3979      44658860 
 3979      0ACD1A3F 
 3979      206A5BEE 
 3980 104f CA614005 		.ascii	"\312a@\005>\203\371\312_r\376\301\207\024l)>\216\313"
 3980      3E83F9CA 
 3980      5F72FEC1 
 3980      87146C29 
 3980      3E8ECB
 3981 1062 B1FD5EB8 		.ascii	"\261\375^\270\350P\016m\000\220\005\340\261\304[z\356"
 3981      E8500E6D 
 3981      009005E0 
 3981      B1C45B7A 
 3981      EE
 3982 1073 18C154D5 		.ascii	"\030\301T\325zj\322\331\313\336B%\326\230\300\350\314"
 3982      7A6AD2D9 
 3982      CBDE4225 
 3982      D698C0E8 
 3982      CC
 3983 1084 9EC325B6 		.ascii	"\236\303%\266\203\375Y\356\3639L\361\272bt::u\302\331"
 3983      83FD59EE 
 3983      F3394CF1 
 3983      BA62743A 
 3983      3A75C2D9 
 3984 1098 F11720D0 		.ascii	"\361\027 \320\265\356<L\315\236\347\331\255N\3745\344"
 3984      B5EE3C4C 
 3984      CD9EE7D9 
 3984      AD4EFC35 
 3984      E4
 3985 10a9 BFED400C 		.ascii	"\277\355@\014\335\005L\370dj\236n\276\207,\334]\216"
 3985      DD054CF8 
 3985      646A9E6E 
 3985      BE872CDC 
 3985      5D8E
 3986 10bb DC8AF6A4 		.ascii	"\334\212\366\244\011\247\225\221\356\250\032+I\356\360"
 3986      09A79591 
 3986      EEA81A2B 
 3986      49EEF0
 3987 10ca E05E637E 		.ascii	"\340^c~9\232 \257\371c\324\252\320\213JB\366\200Z\244"
 3987      399A20AF 
 3987      F963D4AA 
 3987      D08B4A42 
 3987      F6805AA4 
 3988 10de AAC1EAE5 		.ascii	"\252\301\352\345\201\264\214\250\201\230\305\211a\304"
ARM GAS  /tmp/cczCvEok.s 			page 140


 3988      81B48CA8 
 3988      8198C589 
 3988      61C4
 3989 10ec E718F5AD 		.ascii	"\347\030\365\2554x\234\221\321\225\000\007\013\242["
 3989      34789C91 
 3989      D1950007 
 3989      0BA25B
 3990 10fb 55C3DDD4 		.ascii	"U\303\335\324\022\270\204mQ\303\243\310\367]^Y\341l"
 3990      12B8846D 
 3990      51C3A3C8 
 3990      F75D5E59 
 3990      E16C
 3991 110d 3637896A 		.ascii	"67\211jU\224ZT\245\313\256Q\243\322\324?dd\014\324\321"
 3991      55945A54 
 3991      A5CBAE51 
 3991      A3D2D43F 
 3991      64640CD4 
 3992 1122 5F1292BA 		.ascii	"_\022\222\2722\243=\263\302\333c\262j\3247\263@K\232"
 3992      32A33DB3 
 3992      C2DB63B2 
 3992      6AD437B3 
 3992      404B9A
 3993 1135 1A519528 		.ascii	"\032Q\225(\206\302\220\320*5\261JL\310\312\214\215\213"
 3993      86C290D0 
 3993      2A35B14A 
 3993      4CC8CA8C 
 3993      8D8B
 3994 1147 B8385020 		.ascii	"\2708P &gU\251\241YU1bhvUL(\310\256H\014\273\250\252"
 3994      266755A9 
 3994      A1595531 
 3994      62687655 
 3994      4C28C8AE 
 3995 1160 D5114AA8 		.ascii	"\325\021J\250z1&1\353b\314\342\204\354\213jb\366\305"
 3995      7A312631 
 3995      EB62CCE2 
 3995      84EC8B6A 
 3995      62F6C5
 3996 1173 98455944 		.ascii	"\230EYD\004'\204U\251\011Y\021JBX;\351(1\213\310p\340"
 3996      04278455 
 3996      A9095911 
 3996      4A42583B 
 3996      E928318B 
 3997 118a 2B093080 		.ascii	"+\0110\200\354z\027'\000\360\320l5aqhvDh(\214\\\014"
 3997      EC7A1727 
 3997      00F0D06C 
 3997      35617168 
 3997      76446828 
 3998 11a1 6C754FB6 		.ascii	"luO\266\032\263(1;\002d\261\012\206\376\215\376 \010"
 3998      1AB32831 
 3998      3B0264B1 
 3998      0A86FE8D 
 3998      FE2008
 3999 11b4 2A107CFC 		.ascii	"*\020|\374\006b\226P\333\246{L\360\347\336)n\363\020"
 3999      06629650 
 3999      DBA67B4C 
 3999      F0E7DE29 
 3999      6EF310
ARM GAS  /tmp/cczCvEok.s 			page 141


 4000 11c7 9727FC46 		.ascii	"\227'\374F\020\337_\244\234\"\361;<\335^c\355\223C\274"
 4000      10DF5FA4 
 4000      9C22F13B 
 4000      3CDD5E63 
 4000      ED9343BC 
 4001 11db 4FD66168 		.ascii	"O\326ah\273\202\260*!M\235\336=\332|o]u\270z\010d~_"
 4001      BB82B02A 
 4001      214D9DDE 
 4001      3DDA7C6F 
 4001      5D75B87A 
 4002 11f3 876B5983 		.ascii	"\207kY\203\023j\261p\031_\302\237\025\277\245<r\027"
 4002      136AB170 
 4002      195FC29F 
 4002      15BFA53C 
 4002      7217
 4003 1205 DEDD9D00 		.ascii	"\336\335\235\000\013\335\243\010U\254Sq5n\300\365\274"
 4003      0BDDA308 
 4003      55AC5371 
 4003      356EC0F5 
 4003      BC
 4004 1216 E82E62B1 		.ascii	"\350.b\261\032\177v\376-(\211\310\346\007n\216%q\025"
 4004      1A7F76FE 
 4004      2D2889C8 
 4004      E6076E8E 
 4004      257115
 4005 1229 4AA286BC 		.ascii	"J\242\206\274*t\207\032\037\0008e9O\022d[m4\342k\230"
 4005      2A74871A 
 4005      1F003865 
 4005      394F1264 
 4005      5B6D34E2 
 4006 123f FE5E7E95 		.ascii	"\376^~\225f\377a\364\376g\242\2556\034\2707K*?\266\326"
 4006      66FF61F4 
 4006      FE67A2AD 
 4006      361CB837 
 4006      4B2A3FB6 
 4007 1254 6413AFC9 		.ascii	"d\023\257\311f\312\232I\2736+\256|\346\216\232\260\022"
 4007      66CA9A49 
 4007      BB362BAE 
 4007      7CE68E9A 
 4007      B012
 4008 1266 E12128F1 		.ascii	"\341!(\361\036/\377\025\365\266\245}\367\015\327&\273"
 4008      1E2FFF15 
 4008      F5B6A57D 
 4008      F70DD726 
 4008      BB
 4009 1277 DAF1F2B1 		.ascii	"\332\361\362\261\2259w\366T\201\255c\335\341\226\356"
 4009      953977F6 
 4009      5481AD63 
 4009      DDE196EE 
 4010 1287 524BFBFA 		.ascii	"RK\373\372w\357Dd\031\272\213'\310\241f\352R\253\207"
 4010      77EF4464 
 4010      19BA8B27 
 4010      C8A166EA 
 4010      52AB87
 4011 129a E332740F 		.ascii	"\3432t\017\013-Tx6\277/\027\257J\203(O?Nl\376\011\354"
 4011      0B2D5478 
 4011      36BF2F17 
ARM GAS  /tmp/cczCvEok.s 			page 142


 4011      AF4A8328 
 4011      4F3F4E6C 
 4012 12b1 63A15843 		.ascii	"c\241XC\361=|\213\231j\205\033\026\346\316\0254\304"
 4012      F13D7C8B 
 4012      996A851B 
 4012      16E6CE15 
 4012      34C4
 4013 12c3 B17D2CC4 		.ascii	"\261},\304M\020\342V\314\374\277\211\305f\374Y\230\227"
 4013      4D10E256 
 4013      CCFCBF89 
 4013      C566FC59 
 4013      9897
 4014 12d5 72051CBB 		.ascii	"r\005\034\273C\034\233\252)+\364$\030\016P\014;\262"
 4014      431C9BAA 
 4014      292BF424 
 4014      180E500C 
 4014      3BB2
 4015 12e7 E6F6B8B0 		.ascii	"\346\366\270\260\305\364>L\277\354s\321\031\036l\241"
 4015      C5F43E4C 
 4015      BFEC73D1 
 4015      191E6CA1 
 4016 12f7 EC84AF7D 		.ascii	"\354\204\257}\341\243w\335\031\340.\370\232Q\023yB\347"
 4016      E1A377DD 
 4016      19E02EF8 
 4016      9A511379 
 4016      42E7
 4017 1309 580FDD58 		.ascii	"X\017\335Xx@\001\227g\037\255\360$\200\307\367\325\374"
 4017      78400197 
 4017      671FADF0 
 4017      2480C7F7 
 4017      D5FC
 4018 131b 8554C46F 		.ascii	"\205T\304o\272q\007\257\210\016\016u\320\013\362\271"
 4018      BA7107AF 
 4018      880E0E75 
 4018      D00BF2B9 
 4019 132b 02A39C1D 		.ascii	"\002\243\234\035\365\023\013\022\336\007\011\357\005"
 4019      F5130B12 
 4019      DE0709EF 
 4019      05
 4020 1338 3393A90D 		.ascii	"3\223\251\015%\330\226g\266\271z\210\011\237\274|\356"
 4020      25D89667 
 4020      B6B97A88 
 4020      099FBC7C 
 4020      EE
 4021 1349 8E0D75B6 		.ascii	"\216\015u\266\345\331\216K\343p\250\207\305\241\037"
 4021      E5D98E4B 
 4021      E370A887 
 4021      C5A11F
 4022 1358 E2D0C3B7 		.ascii	"\342\320\303\267f\355X,\025?\313~\0236\215\365s\011"
 4022      66ED582C 
 4022      153FCB7E 
 4022      13368DF5 
 4022      7309
 4023 136a 2E2B473D 		.ascii	".+G=H\223\230\205\240Dy\202\316vu\362\236\216\3709("
 4023      48939885 
 4023      A0447982 
 4023      CE7675F2 
ARM GAS  /tmp/cczCvEok.s 			page 143


 4023      9E8EF839 
 4024 137f 90A0C447 		.ascii	"\220\240\304G\2075y0\267G0\371i\344\326\250\350\350"
 4024      87357930 
 4024      B74730F9 
 4024      69E4D6A8 
 4024      E8E8
 4025 1391 F628161E 		.ascii	"\366(\026\036Q<\323\205)\027\230\333c\227\230\333\243"
 4025      513CD385 
 4025      291798DB 
 4025      639798DB 
 4025      A3
 4026 13a2 7898BB3D 		.ascii	"x\230\273=\314\335\036{\203\"\233\355\263M\2021>\011"
 4026      CCDD1E7B 
 4026      83229BED 
 4026      B34D8231 
 4026      3E09
 4027 13b4 86B03880 		.ascii	"\206\2608\200?\313\\\001q\361\204\010\337\272\351\357"
 4027      3FCB5C01 
 4027      71F18408 
 4027      DFBAE9EF 
 4028 13c4 1896C710 		.ascii	"\030\226\307\020\226\011L\366%y/\\maa\315\371\011&|"
 4028      96094CF6 
 4028      25792F5C 
 4028      6D6161CD 
 4028      F909267C 
 4029 13d8 801135DB 		.ascii	"\200\0215\333R\343d\013\213\0037\361\306=\325me\222"
 4029      52E3640B 
 4029      8B0337F1 
 4029      C63DD56D 
 4029      6592
 4030 13ea 279AC44A 		.ascii	"'\232\304J\216\247\240\034#^\317\246\237\336\251c\311"
 4030      8EA7A01C 
 4030      235ECFA6 
 4030      9FDEA963 
 4030      C9
 4031 13fb 265EE7E7 		.ascii	"&^\347\347\206\307b\026\204i0wc\252\342\006\317\375"
 4031      86C76216 
 4031      84693077 
 4031      63AAE206 
 4031      CFFD
 4032 140d 0C7C0D8F 		.ascii	"\014|\015\217\034\375;\307\030\314b\3419U_\334T\361"
 4032      1CFD3BC7 
 4032      18CC62E1 
 4032      39555FDC 
 4032      54F1
 4033 141f C099C6A0 		.ascii	"\300\231\306\240\225\247~\026O\361\030L\361\030\034"
 4033      95A77E16 
 4033      4FF1184C 
 4033      F1181C
 4034 142e F0A23168 		.ascii	"\360\2421h\347\331\231\204\030\274\340+\3143,N\342\317"
 4034      E7D99984 
 4034      18BCE02B 
 4034      CC332C4E 
 4034      E2CF
 4035 1440 1ABC9473 		.ascii	"\032\274\224s\236\344dY&*\365?\216/T~\351\014\015\227"
 4035      9EE46459 
 4035      262AF53F 
ARM GAS  /tmp/cczCvEok.s 			page 144


 4035      8E2F547E 
 4035      E90C0D97 
 4036 1454 F9242C3F 		.ascii	"\371$,?_3`\277\373\252\304Vf\352\341\330,\333\014\215"
 4036      5F3360BF 
 4036      FBAAC456 
 4036      66EAE1D8 
 4036      2CDB0C8D 
 4037 1468 90599423 		.ascii	"\220Y\224#e\302ky\321\325F\247C\244\034\0066\216\325"
 4037      65C26B79 
 4037      D1D546A7 
 4037      43A41C06 
 4037      368ED5
 4038 147b 56EE531C 		.ascii	"V\356S\034\275\216\226\205(*|\351jj\266\3142_\313\274"
 4038      BD8E9685 
 4038      282A7CE9 
 4038      6A6AB6CC 
 4038      325FCBBC 
 4039 148f 8E965566 		.ascii	"\216\226UfEPe\346u\323rH\354\033\030\215\2348\177w\301"
 4039      455065E6 
 4039      75D37248 
 4039      EC1B188D 
 4039      9C387F77 
 4040 14a4 A2B74316 		.ascii	"\242\267C\026\326m\0073\311\005\215\243:[f\347q/Du\247"
 4040      D66D0733 
 4040      C9058DA3 
 4040      3A5B66E7 
 4040      712F4475 
 4041 14b9 4CF8240C 		.ascii	"L\370$\014W\012\036h\012\336\216KC:\323\317B\272Kn\300"
 4041      570A1E68 
 4041      0ADE8E4B 
 4041      433AD3CF 
 4041      42BA4B6E 
 4042 14ce 3132E3CF 		.ascii	"12\343\317\321\202\177\276\\\351\"\221\314\311\031\352"
 4042      D1827FBE 
 4042      5CE92291 
 4042      CCC919EA 
 4043 14de C7B6D31B 		.ascii	"\307\266\323\033=\231\354{\365\311\004\243\371\355\263"
 4043      3D99EC7B 
 4043      F5C904A3 
 4043      F9EDB3
 4044 14ed F7C477D3 		.ascii	"\367\304w\323T\322\342\023O|\232\244f\305H\361r\034"
 4044      54D2E213 
 4044      4F7C9AA4 
 4044      66C548F1 
 4044      721C
 4045 14ff 3847C70A 		.ascii	"8G\307\012q\262\360\331\335\305J\257'[\007X\207\312"
 4045      71B2F0D9 
 4045      DDC54AAF 
 4045      275B0758 
 4045      87CA
 4046 1511 221D4AD5 		.ascii	"\"\035J\325\335\303\2112\357P\211,\012\2022MP\264>\310"
 4046      DDC38932 
 4046      EF50892C 
 4046      0A82324D 
 4046      50B43EC8 
 4047 1525 643385FD 		.ascii	"d3\205\375vO\204\241\235%\363\210%\363\210\235Y\241"
 4047      764F84A1 
ARM GAS  /tmp/cczCvEok.s 			page 145


 4047      9D25F388 
 4047      25F3889D 
 4047      59A1
 4048 1537 442C221B 		.ascii	"D,\"\033\340\355\347g=ht\367\327Z\346U\012\227M\341"
 4048      E0EDE767 
 4048      3D6874F7 
 4048      D75AE655 
 4048      0A974DE1 
 4049 154b B2756F28 		.ascii	"\262uo(\361\213\034\217\004v\333\3754\010\357\303\360"
 4049      F18B1C8F 
 4049      0476DBFD 
 4049      3408EFC3 
 4049      F0
 4050 155c 13D7DC59 		.ascii	"\023\327\334YR\323\341k__\326\003\017\307\244\356\225"
 4050      52D3E16B 
 4050      5F5FD603 
 4050      0FC7A4EE 
 4050      95
 4051 156d 850C1AED 		.ascii	"\205\014\032\355\274\304\361:Z\312E\015\321\026\220"
 4051      BCC4F13A 
 4051      5ACA450D 
 4051      D11690
 4052 157c 7BE53DDC 		.ascii	"{\345=\334\360\036n8\375\015\345\0301\234\323<\021I"
 4052      F01E6E38 
 4052      FD0DE518 
 4052      319CD33C 
 4052      1149
 4053 158e 550F49C4 		.ascii	"U\017I\304pi\356\343[\012\263\364=X\032\355>V\270\340"
 4053      7069EEE3 
 4053      5B0AB3F4 
 4053      3D581AED 
 4053      3E56B8E0 
 4054 15a2 9C91250B 		.ascii	"\234\221%\013\373\251\245\035\021\327\012\\\251\203"
 4054      FBA9A51D 
 4054      11D70A5C 
 4054      A983
 4055 15b0 0583CCC1 		.ascii	"\005\203\314\301,y\037\267\263\217\333\331\273\\\251"
 4055      2C791FB7 
 4055      B38FDBD9 
 4055      BB5CA9
 4056 15bf 27761E75 		.ascii	"'v\036u\354=\313Bw\177\273\005U\226\234\315\245\263"
 4056      EC3DCB42 
 4056      777FBB05 
 4056      55969CCD 
 4056      A5B3
 4057 15d1 B9F4C032 		.ascii	"\271\364\3002\245g\321\302vv\373\334\315rO\206*\017"
 4057      A567D1C2 
 4057      7676FBDC 
 4057      CD724F86 
 4057      2A0F
 4058 15e3 50654E87 		.ascii	"PeN\207\215y:\372\237/\013\007)\252\247uQ\271\254\250"
 4058      8D793AFA 
 4058      9F2F0B07 
 4058      29AAA775 
 4058      51B9ACA8 
 4059 15f7 63AF3054 		.ascii	"c\2570T\371r.\267\223kI\3212\345)\2613Yv&\207\206=\026"
 4059      F9722EB7 
ARM GAS  /tmp/cczCvEok.s 			page 146


 4059      936B49D1 
 4059      32E529B1 
 4059      33597626 
 4060 160f 113BE53D 		.ascii	"\021;\345=\335\011\013\024\027\310\302\021\252\370\324"
 4060      DD090B14 
 4060      17C8C211 
 4060      AAF8D4
 4061 161e F80FB7A5 		.ascii	"\370\017\267\245U\244\244\346\362\037\317\274}!<kU\201"
 4061      55A4A4E6 
 4061      F21FCFBC 
 4061      7D213C6B 
 4061      5581
 4062 1630 7C986B3E 		.ascii	"|\230k>\014\"\302gG\226)G\027\013\312\331\305$\245\367"
 4062      0C22C267 
 4062      47962947 
 4062      170BCAD9 
 4062      C524A5F7 
 4063 1644 DB0FB981 		.ascii	"\333\017\271\201\356c2y\305O\236\224\014'\357\225\341"
 4063      EE633279 
 4063      C54F9E94 
 4063      0C27EF95 
 4063      E1
 4064 1655 49912C1C 		.ascii	"I\221,\034\227\225:\362\250\272\255\257\337\011\036"
 4064      97953AF2 
 4064      A8BAADAF 
 4064      DF091E
 4065 1664 9D948513 		.ascii	"\235\224\205\023\340Y\232:\364\204\346\335\211\300\351"
 4065      E0599A3A 
 4065      F484E6DD 
 4065      89C0E9
 4066 1673 8C2FBA4C 		.ascii	"\214/\272L\373\205S\011\360\036\214\245N8Y\30091l\247"
 4066      FB855309 
 4066      F01E8CA5 
 4066      4E3859C0 
 4066      39316CA7 
 4067 1687 64A19461 		.ascii	"d\241\224ak\274\005Ng\306\2501\321U_\303>\357\014:%"
 4067      6BBC054E 
 4067      67C6A831 
 4067      D1555FC3 
 4067      3EEF0C3A 
 4068 169c 175268C5 		.ascii	"\027Rh\305\262PH\260\011J\0231x\274.{\023\361\241,\365"
 4068      B25048B0 
 4068      094A1331 
 4068      78BC2E7B 
 4068      13F1A12C 
 4069 16b1 A1FABF32 		.ascii	"\241\372\2772\325jT\207\313\270\013e\324\205\024H\001"
 4069      D56A5487 
 4069      CBB80B65 
 4069      D4851448 
 4069      01
 4070 16c2 11ACEDD9 		.ascii	"\021\254\355\331w\301\211H\026uDFW-\002\271\012.WA\345"
 4070      77C18948 
 4070      16754446 
 4070      572D02B9 
 4070      0A2E5741 
 4071 16d7 72962993 		.ascii	"r\226)\223\324\315\253\215\205\"\225\273\316\345*\271"
 4071      D4CDAB8D 
ARM GAS  /tmp/cczCvEok.s 			page 147


 4071      852295BB 
 4071      CEE52AB9 
 4072 16e7 5C2595CB 		.ascii	"\\%\225\313\\\246D.\001\271\260\334\272[\2641\325\320"
 4072      5CA6442E 
 4072      01B9B0DC 
 4072      BA5BB431 
 4072      D5D0
 4073 16f9 508F7527 		.ascii	"P\217u'\235\266\377#\256\022l\375\005n\307\231\260\233"
 4073      9DB6FF23 
 4073      AE126CFD 
 4073      056EC799 
 4073      B09B
 4074 170b B6E37815 		.ascii	"\266\343x\025op\027\250\247\273v\0176\220\260\302\327"
 4074      6F7017A8 
 4074      A7BB760F 
 4074      3690B0C2 
 4074      D7
 4075 171c F31095D4 		.ascii	"\363\020\225\324\246\376\316\005;\274\032Y\250\246\302"
 4075      A6FECE05 
 4075      3BBC1A59 
 4075      A8A6C2
 4076 172b 37F74595 		.ascii	"7\367E\225\272Sw\357\364\234\370\204\270[#\237\343\360"
 4076      BA5377EF 
 4076      F49CF884 
 4076      B85B239F 
 4076      E3F0
 4077 173d CE5178F3 		.ascii	"\316Qx\363K\225\224%\013\347\301\340\335\303\211N\314"
 4077      4B959425 
 4077      0BE7C1E0 
 4077      DDC3894E 
 4077      CC
 4078 174e CA65B092 		.ascii	"\312e\260\222\337\3325l\215}:\377\361\276N\026j\251"
 4078      DFDA356C 
 4078      8D7D3AFF 
 4078      F1BE4E16 
 4078      6AA9
 4079 1760 9584CED0 		.ascii	"\225\204\316\320n\205X\031o\310\211\212S\305\257\353"
 4079      6E855819 
 4079      6FC8898A 
 4079      53C5AFEB 
 4080 1770 E44BDCC8 		.ascii	"\344K\334\310%j\244w\251\222O\214Dd\334\217\241\261"
 4080      256AA477 
 4080      A9924F8C 
 4080      4464DC8F 
 4080      A1B1
 4081 1782 9A1E2F3E 		.ascii	"\232\036/>y\227VP\035n\340\242\015T\264c\251\322KD\367"
 4081      79975650 
 4081      1D6EE0A2 
 4081      0D54B463 
 4081      A9D24B44 
 4082 1797 5C7931E4 		.ascii	"\\y1\344\311\000\020<]\027\233\356\272;\272\331(\013"
 4082      C900103C 
 4082      5D179BEE 
 4082      BA3BBAD9 
 4082      280B
 4083 17a9 D7288056 		.ascii	"\327(\200Vu\262\320\231\273y\341S\342f\243|\225\253"
 4083      75B2D099 
ARM GAS  /tmp/cczCvEok.s 			page 148


 4083      BB79E153 
 4083      E266A37C 
 4083      95AB
 4084 17bb BD4AD5D6 		.ascii	"\275J\325\326.U&\226\010\312<Q\275\263\272&\223L\256"
 4084      2E552696 
 4084      08CA3C51 
 4084      BDB3BA26 
 4084      934CAE
 4085 17ce 663A     		.ascii	"f:"
 4086 17d0 764FF689 		.ascii	"vO\366\211\317\211\235\021\221\330\371~zW\216\263\243"
 4086      CF899D11 
 4086      91D8F97E 
 4086      7A578EB3 
 4086      A3
 4087 17e1 9D5BB270 		.ascii	"\235[\262pS\346\033\346\212\212\223\263\357\325\320"
 4087      53E61BE6 
 4087      8A8A93B3 
 4087      EFD5D0
 4088 17f0 0D73421D 		.ascii	"\015sB\035\272%7Q37\344\333p\307\346V\357[\312\315\245"
 4088      BA253751 
 4088      3337E4DB 
 4088      70C7E656 
 4088      EF5BCACD 
 4089 1805 0E66C8D0 		.ascii	"\016f\310\320\262\361\371\361\247:\266\013\274\260\254"
 4089      B2F1F9F1 
 4089      A73AB60B 
 4089      BCB0AC
 4090 1814 0EDFA123 		.ascii	"\016\337\241#\357\312-\362\035>\362\306[J'\214\3245"
 4090      EFCA2DF2 
 4090      1D3EF2C6 
 4090      5B4A278C 
 4090      D435
 4091 1826 9C3F7250 		.ascii	"\234?rP\374\251(z\260?\347\302mr\025\371\321.\302\215"
 4091      FCA9287A 
 4091      B03FE7C2 
 4091      6D7215F9 
 4091      D12EC28D 
 4092 183a FC66774F 		.ascii	"\374fwOn\223\205v\271UFm\220\230\212\342;=\266\245\260"
 4092      6E938576 
 4092      B955466D 
 4092      90988AE2 
 4092      3B3DB6A5 
 4093 184f 8E6F563B 		.ascii	"\216oV;\250g\205}\203\223\266?\005\214\347Ut\237\362"
 4093      A867857D 
 4093      8393B63F 
 4093      058CE755 
 4093      749FF2
 4094 1862 6A0622A3 		.ascii	"j\006\"\243l/0Nq^'\345e\315\364\314kN\326\234\327Ey"
 4094      6C2F304E 
 4094      715E27E5 
 4094      65CDF4CC 
 4094      6B4ED69C 
 4095 1879 8792770D 		.ascii	"\207\222w\015\330\216\372\325\334\336\003\312\353\033"
 4095      D88EFAD5 
 4095      DCDE03CA 
 4095      EB1B
 4096 1887 7D90E1EE 		.ascii	"}\220\341\356\270Bv\303\012\371\001\034D\216\244\206"
ARM GAS  /tmp/cczCvEok.s 			page 149


 4096      B84276C3 
 4096      0AF9011C 
 4096      448EA486 
 4097 1897 89B60592 		.ascii	"\211\266\005\222\305\265G&lr\250\324a\024:|'o\301\237"
 4097      C5B54726 
 4097      6C72A8D4 
 4097      61143A7C 
 4097      276FC19F 
 4098 18ab 15F6C1E8 		.ascii	"\025\366\301\350^\031\004\234`W\361+\214\012N\036:\243"
 4098      5E19049C 
 4098      6057F12B 
 4098      8C0A4E1E 
 4098      3AA3
 4099 18bd D941F5CB 		.ascii	"\331A\365\313\017a\374\200L\344\000\300\351K\275\005"
 4099      0F61FC80 
 4099      4CE400C0 
 4099      E94BBD05 
 4100 18cd 3670FD1C 		.ascii	"6p\375\034\334 \351?}KY\372J\316\037x\372>;\357$\374"
 4100      DC20E93F 
 4100      7D4B59FA 
 4100      4ACE1F78 
 4100      FA3E3BEF 
 4101 18e3 7E140FB1 		.ascii	"~\024\017\261\"\031\226\207x\012\342\341,3\2327R`{}"
 4101      22199687 
 4101      780AE2E1 
 4101      2C339A37 
 4101      52607B7D 
 4102 18f7 34C9D58C 		.ascii	"4\311\325\214P\023#-y\267mo\026F9\357\021\345M\365\015"
 4102      5013232D 
 4102      79B76D6F 
 4102      164639EF 
 4102      11E54DF5 
 4103 190c 95B2DAA9 		.ascii	"\225\262\332\251Z\330\240\016\267\237}j\303v\217\017"
 4103      5AD8A00E 
 4103      B79F7D6A 
 4103      C3768F0F 
 4104 191c 1C23D8C6 		.ascii	"\034#\330\306\030\266\262\335\243\023\267E^\037\220"
 4104      18B6B2DD 
 4104      A313B745 
 4104      5E1F90
 4105 192b CA71866D 		.ascii	"\312q\206mB\036\347\330\352\337Rf^VX\323PX\235\2723"
 4105      421EE7D8 
 4105      EADF5266 
 4105      5E5658D3 
 4105      50589DBA 
 4106 1940 65AA1A09 		.ascii	"e\252\032\011\347\335w\340|\367\230\016}\"O\312\217"
 4106      E7DD77E0 
 4106      7CF7980E 
 4106      7D224FCA 
 4106      8F
 4107 1951 F9D836F0 		.ascii	"\371\3306\360+\245\245\347\211\315\257R\016\341)\205"
 4107      2BA5A5E7 
 4107      89CDAF52 
 4107      0EE12985 
 4108 1961 3731171F 		.ascii	"71\027\037g\253\225n\316{Fyi\327\206\317\330\376X\244"
 4108      67AB956E 
 4108      CE7B4679 
ARM GAS  /tmp/cczCvEok.s 			page 150


 4108      69D786CF 
 4108      D8FE58A4 
 4109 1975 86D7C314 		.ascii	"\206\327\303\024\201\036\276\314\022\326\304\322u\226"
 4109      811EBECC 
 4109      12D6C4D2 
 4109      7596
 4110 1983 B0E6CBD3 		.ascii	"\260\346\313\323\014\372\014\3340\363\027`\337\236T"
 4110      0CFA0CDC 
 4110      30F31760 
 4110      DF9E54
 4111 1992 371D836D 		.ascii	"7\035\203m\177Z\310\325<\247&\324\231\212\014[\031\347"
 4111      7F5AC8D5 
 4111      3CA726D4 
 4111      998A0C5B 
 4111      19E7
 4112 19a4 73DE2CE5 		.ascii	"s\336,\345\205W\224\257\263U8g\275\240\254\371\264\226"
 4112      855794AF 
 4112      B3553867 
 4112      BDA0ACF9 
 4112      B496
 4113 19b6 7ADBB02C 		.ascii	"z\333\260,\316\373\201 \333\315\220\025\265\361\325"
 4113      CEFB8120 
 4113      DBCD9015 
 4113      B5F1D5
 4114 19c5 F602689D 		.ascii	"\366\002h\235c\260\346\341\206/\267\000k\217\332\375"
 4114      63B0E6E1 
 4114      862FB700 
 4114      6B8FDAFD 
 4115 19d5 44F387BC 		.ascii	"D\363\207\274\\\207J\376\032\033\007\033\015\337\276"
 4115      5C874AFE 
 4115      1A1B071B 
 4115      0DDFBE
 4116 19e4 B766CD5A 		.ascii	"\267f\315Z\370\357\263\305o\243_\220Io6\206\004~\263"
 4116      F8EFB3C5 
 4116      6FA35F90 
 4116      496F3686 
 4116      047EB3
 4117 19f7 36C804FF 		.ascii	"6\310\004\377\375\3756\2565\031}\200\025`\010\010\016"
 4117      FDFD36AE 
 4117      35197D80 
 4117      15600808 
 4117      0E
 4118 1a08 0AF237AD 		.ascii	"\012\3627\255\361Q\276\374o\177~\373\213u\237\010oh"
 4118      F151BEFC 
 4118      6F7F7EFB 
 4118      8B759F08 
 4118      6F68
 4119 1a1a 9FAED9F4 		.ascii	"\237\256\331\364\361\247\277\332\364\251\357\247\302"
 4119      F1A7BFDA 
 4119      F4A9EFA7 
 4119      C2
 4120 1a27 629F2DFA 		.ascii	"b\237-\372`\243_\220\321\317\274M\377\227\020C\210a"
 4120      60A35F90 
 4120      D1CFBC4D 
 4120      FF971043 
 4120      8861
 4121 1a39 E982277A 		.ascii	"\351\202'z3\0164|g\306\344\251\223\231|\352\315\033"
ARM GAS  /tmp/cczCvEok.s 			page 151


 4121      330E347C 
 4121      67C6E4A9 
 4121      93997CEA 
 4121      CD1B
 4122 1a4b D66E090A 		.ascii	"\326n\011\0120\2545\006m\\\373\2651\350\337\015>f\323"
 4122      30AC3506 
 4122      6D5CFBB5 
 4122      31E8DF0D 
 4122      3E66D3
 4123 1a5e DA2F08A4 		.ascii	"\332/\010\244\015\346\020_\277 \355\275\376\203\017"
 4123      0DE6105F 
 4123      BF20EDBD 
 4123      FE830F
 4124 1a6d D76E0D32 		.ascii	"\327n\0152~c\012\366\3661p\274\033\376\371\253\017?"
 4124      7E630AF6 
 4124      F63170BC 
 4124      1BFEF9AB 
 4124      0F3F
 4125 1a7f D07FF9F5 		.ascii	"\320\177\371\365\372\337\3527\371\031\003\266z\033\015"
 4125      FADFEA37 
 4125      F91903B6 
 4125      7A1B0D
 4126 1a8e 6B857F7C 		.ascii	"k\205\177|\205gF\363Z\277@\037\377\020_\003\360\374"
 4126      856746F3 
 4126      5ABF401F 
 4126      FF105F03 
 4126      F0FC
 4127 1aa0 FD4C66D3 		.ascii	"\375Lf\323\232-\202\233\331H\324m\014\331\264\311`\224"
 4127      9A2D829B 
 4127      D948D46D 
 4127      0CD9B4C9 
 4127      6094
 4128 1ab2 82CD4677 		.ascii	"\202\315Fw\366\300\360\255!\320\014\210M~\377\333\240"
 4128      F6C0F0AD 
 4128      21D00C88 
 4128      4D7EFFDB 
 4128      A0
 4129 1ac3 84F8059A 		.ascii	"\204\370\005\232\327\375Rov6\205\230\202\015\201\276"
 4129      D7FD526F 
 4129      76368598 
 4129      820D81BE 
 4130 1ad3 065F1D1B 		.ascii	"\006_\035\033\200\315~\001\006g\3236\023\271\352\315"
 4130      80CD7E01 
 4130      0667D336 
 4130      13B9EACD 
 4131 1ae3 54100099 		.ascii	"T\020\000\231\235\214f\223\331; X\206O\263\001\233\267"
 4131      9D8C6693 
 4131      D93B2058 
 4131      864FB301 
 4131      9BB7
 4132 1af5 051BC410 		.ascii	"\005\033\304\020\034b\002\023!\301\037\000\255{-\220"
 4132      1C620213 
 4132      21C11F00 
 4132      AD7B2D90 
 4133 1b05 140A80C4 		.ascii	"\024\012\200\304[\274\375\315:\243\301\333\024\024\210"
 4133      5BBCFDCD 
 4133      3AA3C1DB 
ARM GAS  /tmp/cczCvEok.s 			page 152


 4133      141488
 4134 1b14 7DB6781B 		.ascii	"}\266x\033%?\223\021\007z\007\030$\243\3576)\300\264"
 4134      253F9311 
 4134      077A0718 
 4134      24A3EF36 
 4134      29C0B4
 4135 1b27 5906D29B 		.ascii	"Y\006\322\233\2219\330\031\302n\336\002\242\276\012"
 4135      9139D819 
 4135      C26EDE02 
 4135      A2BE0A
 4136 1b36 BBC053D3 		.ascii	"\273\300S\323V\335Vs\320\306\177\017\226\002\315\301"
 4136      56DD5673 
 4136      D0C67F0F 
 4136      9602CDC1 
 4137 1b46 1E5A87F5 		.ascii	"\036Z\207\365f\311w\343f'\320\246\367\0114\313>\304"
 4137      66C977E3 
 4137      6627D0A6 
 4137      F70934CB 
 4137      3EC4
 4138 1b58 65E760EF 		.ascii	"e\347`\357@?\037=(\364\004]\3047C\200\336\327\2601d"
 4138      403F1F3D 
 4138      28F4045D 
 4138      C4374380 
 4138      DED7B031 
 4139 1b6d B3E21FE4 		.ascii	"\263\342\037\344\363\015\021|-\360t\010\200\367\320"
 4139      F30D117C 
 4139      2DF07408 
 4139      80F7D0
 4140 1b7c AAD09B5D 		.ascii	"\252\320\233]\002\274!H\014!|\370\323j\0100\177G\022"
 4140      02BC2148 
 4140      0C217CF8 
 4140      D36A0830 
 4140      7F4712
 4141 1b8f A280C180 		.ascii	"\242\200\301\200\020\263\341;\305@\302\354\027\270\331"
 4141      10B3E13B 
 4141      C540C2EC 
 4141      17B8D9
 4142 1b9e 95E621C0 		.ascii	"\225\346!\300\333\364\015D\027 \321B\"b\364\306\305"
 4142      DBF40D44 
 4142      1720D142 
 4142      2262F4C6 
 4142      C5
 4143 1baf 720311DF 		.ascii	"r\003\021\337\352\355g\206\001N\360\210\250r\346W\275"
 4143      EAED6786 
 4143      014EF088 
 4143      A872E657 
 4143      BD
 4144 1bc0 5967D84A 		.ascii	"Yg\330J\306C\010\300J0\\LP\277n\3045C\200w\360\226 "
 4144      C64308C0 
 4144      4A305C4C 
 4144      50BF6EC4 
 4144      35438077 
 4145 1bd7 A3C1C944 		.ascii	"\243\301\311Dl@\020\267\232\315\306\340%<nF\003\004"
 4145      6C4010B7 
 4145      9ACDC6E0 
 4145      253C6E46 
 4145      0304
ARM GAS  /tmp/cczCvEok.s 			page 153


 4146 1be9 C810486A 		.ascii	"\310\020HjM1|\347g\366\011\3625\350 \334 \270\346u\374"
 4146      4D317CE7 
 4146      67F609F2 
 4146      35E820DC 
 4146      20B8E675 
 4147 1bfe 87809372 		.ascii	"\207\200\223r&\351\003U&'3\371\324\233\345M\376\336"
 4147      26E90355 
 4147      262733F9 
 4147      D49BE54D 
 4147      FEDE
 4148 1c10 9BE15B00 		.ascii	"\233\341[\000\250\003\315fZ!\360x\2537x\354b2\177\343"
 4148      A803CD66 
 4148      5A21F078 
 4148      AB3778EC 
 4148      62327FE3 
 4149 1c24 EDEFB739 		.ascii	"\355\357\2679\020`o\365\336\350m2\310A[\003\015F\017"
 4149      10606FF5 
 4149      DEE86D32 
 4149      C8415B03 
 4149      0D460F
 4150 1c37 800B86FC 		.ascii	"\200\013\206\374\002A\032\020\271k\356A\322Hc \371\230"
 4150      02411A10 
 4150      B96BEE41 
 4150      D2486320 
 4150      F998
 4151 1c49 BF43A660 		.ascii	"\277C\246`\327\340 \243\031\270f\370\352F\357}\202\002"
 4151      D7E020A3 
 4151      19B866F8 
 4151      EA46EF7D 
 4151      8202
 4152 1c5b 21A4E68F 		.ascii	"!\244\346\217_\001\332'(  (p-\0215\255\375\374O_}\373"
 4152      5F01DA27 
 4152      28202028 
 4152      702D1135 
 4152      ADFDFC4F 
 4153 1c72 C97B5F81 		.ascii	"\311{_\201\224\017\004\006\260K[|\215\272`j@\246\237"
 4153      940F0406 
 4153      B04B5B7C 
 4153      8DBA606A 
 4153      40A69F
 4154 1c85 984455A6 		.ascii	"\230DU\246\035@\007\2327\371m^n\017N\317\236.[\370\010"
 4154      1D40079A 
 4154      37F96D5E 
 4154      6E0F4ECF 
 4154      9E2E5BF8 
 4155 1c9a A6937193 		.ascii	"\246\223q\223O\010I\021\271b\222\026Wr\247g\011~\367"
 4155      4F084911 
 4155      B9629216 
 4155      5772A767 
 4155      097EF7
 4156 1cad 75C24AE4 		.ascii	"u\302J\344\001\227\216\2163;\021\230z?_g~%S\317\260"
 4156      01978E8E 
 4156      333B1198 
 4156      7A3F5F67 
 4156      7E2553CF 
 4157 1cc2 99407425 		.ascii	"\231@t%V\014\233\341\316\270\315\305r\003\301\372\326"
 4157      560C9BE1 
ARM GAS  /tmp/cczCvEok.s 			page 154


 4157      CEB8CDC5 
 4157      7203C1FA 
 4157      D6
 4158 1cd3 4C2BCDDF 		.ascii	"L+\315\337\333d&\223V\366%_\335A\330\327\340o\366\246"
 4158      DB642693 
 4158      56F6255F 
 4158      DD41D8D7 
 4158      E06FF6A6 
 4159 1ce7 35E369F7 		.ascii	"5\343i\367\015rC\277\270C\035CX\015\306o\275\375\365"
 4159      0D7243BF 
 4159      B8431D43 
 4159      580DC66F 
 4159      BDFDF5
 4160 1cfa 66E883FA 		.ascii	"f\350\203\372o\375\214\346\020\362\005\364\030M\254"
 4160      6FFD8CE6 
 4160      10F205F4 
 4160      184DAC
 4161 1d09 EC885E3A 		.ascii	"\354\210^:\365i/\370\345Gz\363\362\227\210\201N\243"
 4161      F5692FF8 
 4161      E5477AF3 
 4161      F2978881 
 4161      4EA3
 4162 1d1b C52E29B6 		.ascii	"\305.)\266m\364\251\223O\210\021*\316\354f{\004\200"
 4162      6DF4A993 
 4162      4F88112A 
 4162      CEEC667B 
 4162      0480
 4163 1d2d 49070279 		.ascii	"I\007\002yZ\026\256\254\250\364\344\231+I\201~\013\210"
 4163      5A16AEAC 
 4163      A8F4E499 
 4163      2B49817E 
 4163      0B88
 4164 1d3f 1A8C4AB0 		.ascii	"\032\214J\2601\350[?\270q\203\346\274\331`\336\024\022"
 4164      31E85B3F 
 4164      B87183E6 
 4164      BCD960DE 
 4164      1412
 4165 1d51 E8A3377F 		.ascii	"\350\2437\177\360\243-\336\026RkC\337\"\270\303}\020"
 4165      F0A32DDE 
 4165      16526B43 
 4165      DF22B8C3 
 4165      7D10
 4166 1d63 C489EA36 		.ascii	"\304\211\3526K0E$\230\357\253_'1 \013\012\\\255\263"
 4166      4B304524 
 4166      98EFAB5F 
 4166      2731200B 
 4166      0A5CADB3 
 4167 1d77 0AB24DB4 		.ascii	"\012\262M\264,\337\034\342m\204\216\251\267\323\014"
 4167      2CDF1CE2 
 4167      6D848EA9 
 4167      B7D30C
 4168 1d86 F36FC336 		.ascii	"\363o\3036\323\237\003IG\021\\\364z\012X\277\346\003"
 4168      D39F0349 
 4168      47115CF4 
 4168      7A0A58BF 
 4168      E603
 4169 1d98 69DD2F05 		.ascii	"i\335/\005goc\300\267\237\030\336\013\020\\ \253P\272"
ARM GAS  /tmp/cczCvEok.s 			page 155


 4169      676F63C0 
 4169      B79F18DE 
 4169      0B105C20 
 4169      AB50BA
 4170 1dab EF057C24 		.ascii	"\357\005|$\270j\006\274\036\234m\304\037\305\242\032"
 4170      B86A06BC 
 4170      1E9C6DC4 
 4170      1FC5A21A 
 4171 1dbb 22FD3558 		.ascii	"\"\3755X\376\334\037\024\254\327X\374\320M\313x\325"
 4171      FEDC1F14 
 4171      ACD758FC 
 4171      D04DCB78 
 4171      D5
 4172 1dcc C47EF9A2 		.ascii	"\304~\371\242\250Q\363\361\012\246\346\2174?\353\003"
 4172      A851F3F1 
 4172      0AA6E68F 
 4172      343FEB03 
 4173 1ddc FDCC9F93 		.ascii	"\375\314\237\223|\031|\271\372\1772\032\014Z\263\353"
 4173      7C197CB9 
 4173      FA7F321A 
 4173      0C5AB3EB 
 4174 1dec 5C35CF17 		.ascii	"\\5\317\027\261\373?\004y\373~n4zo\323\310}\344\351"
 4174      B1FB3F04 
 4174      79FB7E6E 
 4174      347A6FD3 
 4174      C87DE4E9 
 4175 1e00 C0B3B1DE 		.ascii	"\300\263\261\336\207\022\374\222\305\326NB\362\331\362"
 4175      8712FC92 
 4175      C5D64E42 
 4175      F2D9F2
 4176 1e0f FE523BA7 		.ascii	"\376R;\247\202\275\215\3465\357\273j\236\271\330\254"
 4176      82BD8DE6 
 4176      35EFBB6A 
 4176      9EB9D8AC 
 4177 1e1f FF9D9D96 		.ascii	"\377\235\235\226\005\370\337\262c\323\301\377\014u\034"
 4177      05F8DFB2 
 4177      63D3C1FF 
 4177      0C751C
 4178 1e2e 1462DEF0 		.ascii	"\024b\336\360\346+Y\213\3558\304\2123M\337\357a\031"
 4178      E62B598B 
 4178      ED38C48A 
 4178      334DDFEF 
 4178      6119
 4179 1e40 7BADB5C3 		.ascii	"{\255\265\303\340m\364\337\006\351[\244\207\205\312"
 4179      E06DF4DF 
 4179      06E95BA4 
 4179      8785CA
 4180 1e4f CF1F1ABB 		.ascii	"\317\037\032\273\336\360]0 \223\241\223\230\314\330"
 4180      DEF05D30 
 4180      2093A193 
 4180      98CCD8
 4181 1e5e DFE0BDC9 		.ascii	"\337\340\275\311)0\010:u\320\326%z=\254az\030\004\213"
 4181      2930083A 
 4181      75D0D625 
 4181      7A3DAC61 
 4181      7A18048B 
 4182 1e72 53082D10 		.ascii	"S\010-\020\010\350\177\331\270\371\013\362\344\013\230"
ARM GAS  /tmp/cczCvEok.s 			page 156


 4182      08E87FD9 
 4182      B8F90BF2 
 4182      E40B98
 4183 1e81 90A6F58B 		.ascii	"\220\246\365\213\2642D\002\302\272\301\020`\363v1\375"
 4183      B4324402 
 4183      C2BAC110 
 4183      60F37631 
 4183      FD
 4184 1e92 FE3F600D 		.ascii	"\376?`\015\261x\007:6\370l\371\223\301\004\203|C\374"
 4184      B178073A 
 4184      36F86CF9 
 4184      93C10483 
 4184      7C43FC
 4185 1ea5 0D1B5EAB 		.ascii	"\015\033^\253;\201\264/\331UPu\033 \202\336\376\353"
 4185      3B81B42F 
 4185      D9555075 
 4185      1B2082DE 
 4185      FEEB
 4186 1eb7 DDF5B0D4 		.ascii	"\335\365\260\324\230\365\277\375|\303\357\276\376\323"
 4186      98F5BFFD 
 4186      7CC3EFBE 
 4186      FED3
 4187 1ec5 7A776FFF 		.ascii	"zwo\377\255\336\333Ho\364\367\0134\374\356\307\2332"
 4187      ADDEDB48 
 4187      6FF4F70B 
 4187      34FCEEC7 
 4187      9B32
 4188 1ed7 B46DD292 		.ascii	"\264m\322\222\327~\361\325\206\365\033\326~\001\263"
 4188      D77EF1D5 
 4188      86F51BD6 
 4188      7E01B3
 4189 1ee6 6AED7A8B 		.ascii	"j\355z\213\255\000\223\237I\277\331\307\207L:\332\347"
 4189      AD00939F 
 4189      49BFD9C7 
 4189      874C3ADA 
 4189      E7
 4190 1ef7 99EFB2FE 		.ascii	"\231\357\262\376\267\020sg\236l__\026\371?\000\307\231"
 4190      B7107367 
 4190      9E6C5F5F 
 4190      16F93F00 
 4190      C799
 4191 1f09 4AF1F868 		.ascii	"J\361\370h3\347\353\273dA\302\326\377?\320\000O\367"
 4191      33E7EBBB 
 4191      6441C2D6 
 4191      FF3FD000 
 4191      4FF7
 4192              		.text
 4193              		.section	.gnu.lto_.symtab.752852e5d1f07341,"e",%progbits
 4194 0000 6368506F 		.ascii	"chPoolObjectInitAligned\000"
 4194      6F6C4F62 
 4194      6A656374 
 4194      496E6974 
 4194      416C6967 
 4195 0018 00       		.ascii	"\000"
 4196 0019 00       		.ascii	"\000"
 4197 001a 00       		.ascii	"\000"
 4198 001b 00000000 		.ascii	"\000\000\000\000\000\000\000\000"
ARM GAS  /tmp/cczCvEok.s 			page 157


 4198      00000000 
 4199 0023 62020000 		.ascii	"b\002\000\000"
 4200 0027 6368506F 		.ascii	"chPoolAllocI\000"
 4200      6F6C416C 
 4200      6C6F6349 
 4200      00
 4201 0034 00       		.ascii	"\000"
 4202 0035 00       		.ascii	"\000"
 4203 0036 00       		.ascii	"\000"
 4204 0037 00000000 		.ascii	"\000\000\000\000\000\000\000\000"
 4204      00000000 
 4205 003f 59020000 		.ascii	"Y\002\000\000"
 4206 0043 6368506F 		.ascii	"chPoolAlloc\000"
 4206      6F6C416C 
 4206      6C6F6300 
 4207 004f 00       		.ascii	"\000"
 4208 0050 00       		.ascii	"\000"
 4209 0051 00       		.ascii	"\000"
 4210 0052 00000000 		.ascii	"\000\000\000\000\000\000\000\000"
 4210      00000000 
 4211 005a 93020000 		.ascii	"\223\002\000\000"
 4212 005e 6368506F 		.ascii	"chPoolFreeI\000"
 4212      6F6C4672 
 4212      65654900 
 4213 006a 00       		.ascii	"\000"
 4214 006b 00       		.ascii	"\000"
 4215 006c 00       		.ascii	"\000"
 4216 006d 00000000 		.ascii	"\000\000\000\000\000\000\000\000"
 4216      00000000 
 4217 0075 6E020000 		.ascii	"n\002\000\000"
 4218 0079 6368506F 		.ascii	"chPoolFree\000"
 4218      6F6C4672 
 4218      656500
 4219 0084 00       		.ascii	"\000"
 4220 0085 00       		.ascii	"\000"
 4221 0086 00       		.ascii	"\000"
 4222 0087 00000000 		.ascii	"\000\000\000\000\000\000\000\000"
 4222      00000000 
 4223 008f 95020000 		.ascii	"\225\002\000\000"
 4224 0093 6368506F 		.ascii	"chPoolLoadArray\000"
 4224      6F6C4C6F 
 4224      61644172 
 4224      72617900 
 4225 00a3 00       		.ascii	"\000"
 4226 00a4 00       		.ascii	"\000"
 4227 00a5 00       		.ascii	"\000"
 4228 00a6 00000000 		.ascii	"\000\000\000\000\000\000\000\000"
 4228      00000000 
 4229 00ae 7B020000 		.ascii	"{\002\000\000"
 4230 00b2 63684775 		.ascii	"chGuardedPoolObjectInitAligned\000"
 4230      61726465 
 4230      64506F6F 
 4230      6C4F626A 
 4230      65637449 
 4231 00d1 00       		.ascii	"\000"
 4232 00d2 00       		.ascii	"\000"
 4233 00d3 00       		.ascii	"\000"
ARM GAS  /tmp/cczCvEok.s 			page 158


 4234 00d4 00000000 		.ascii	"\000\000\000\000\000\000\000\000"
 4234      00000000 
 4235 00dc 9B020000 		.ascii	"\233\002\000\000"
 4236 00e0 63684775 		.ascii	"chGuardedPoolAllocTimeoutS\000"
 4236      61726465 
 4236      64506F6F 
 4236      6C416C6C 
 4236      6F635469 
 4237 00fb 00       		.ascii	"\000"
 4238 00fc 00       		.ascii	"\000"
 4239 00fd 00       		.ascii	"\000"
 4240 00fe 00000000 		.ascii	"\000\000\000\000\000\000\000\000"
 4240      00000000 
 4241 0106 A0020000 		.ascii	"\240\002\000\000"
 4242 010a 63684775 		.ascii	"chGuardedPoolAllocTimeout\000"
 4242      61726465 
 4242      64506F6F 
 4242      6C416C6C 
 4242      6F635469 
 4243 0124 00       		.ascii	"\000"
 4244 0125 00       		.ascii	"\000"
 4245 0126 00       		.ascii	"\000"
 4246 0127 00000000 		.ascii	"\000\000\000\000\000\000\000\000"
 4246      00000000 
 4247 012f A2020000 		.ascii	"\242\002\000\000"
 4248 0133 63684775 		.ascii	"chGuardedPoolFree\000"
 4248      61726465 
 4248      64506F6F 
 4248      6C467265 
 4248      6500
 4249 0145 00       		.ascii	"\000"
 4250 0146 00       		.ascii	"\000"
 4251 0147 00       		.ascii	"\000"
 4252 0148 00000000 		.ascii	"\000\000\000\000\000\000\000\000"
 4252      00000000 
 4253 0150 A7020000 		.ascii	"\247\002\000\000"
 4254 0154 63684775 		.ascii	"chGuardedPoolLoadArray\000"
 4254      61726465 
 4254      64506F6F 
 4254      6C4C6F61 
 4254      64417272 
 4255 016b 00       		.ascii	"\000"
 4256 016c 00       		.ascii	"\000"
 4257 016d 00       		.ascii	"\000"
 4258 016e 00000000 		.ascii	"\000\000\000\000\000\000\000\000"
 4258      00000000 
 4259 0176 87020000 		.ascii	"\207\002\000\000"
 4260 017a 63683000 		.ascii	"ch0\000"
 4261 017e 00       		.ascii	"\000"
 4262 017f 02       		.ascii	"\002"
 4263 0180 00       		.ascii	"\000"
 4264 0181 00000000 		.ascii	"\000\000\000\000\000\000\000\000"
 4264      00000000 
 4265 0189 8F020000 		.ascii	"\217\002\000\000"
 4266 018d 63685379 		.ascii	"chSysHalt\000"
 4266      7348616C 
 4266      7400
ARM GAS  /tmp/cczCvEok.s 			page 159


 4267 0197 00       		.ascii	"\000"
 4268 0198 02       		.ascii	"\002"
 4269 0199 00       		.ascii	"\000"
 4270 019a 00000000 		.ascii	"\000\000\000\000\000\000\000\000"
 4270      00000000 
 4271 01a2 AB020000 		.ascii	"\253\002\000\000"
 4272 01a6 5F5F6462 		.ascii	"__dbg_check_unlock\000"
 4272      675F6368 
 4272      65636B5F 
 4272      756E6C6F 
 4272      636B00
 4273 01b9 00       		.ascii	"\000"
 4274 01ba 02       		.ascii	"\002"
 4275 01bb 00       		.ascii	"\000"
 4276 01bc 00000000 		.ascii	"\000\000\000\000\000\000\000\000"
 4276      00000000 
 4277 01c4 B8020000 		.ascii	"\270\002\000\000"
 4278 01c8 63684462 		.ascii	"chDbgCheckClassI\000"
 4278      67436865 
 4278      636B436C 
 4278      61737349 
 4278      00
 4279 01d9 00       		.ascii	"\000"
 4280 01da 02       		.ascii	"\002"
 4281 01db 00       		.ascii	"\000"
 4282 01dc 00000000 		.ascii	"\000\000\000\000\000\000\000\000"
 4282      00000000 
 4283 01e4 BA020000 		.ascii	"\272\002\000\000"
 4284 01e8 5F5F6462 		.ascii	"__dbg_check_lock\000"
 4284      675F6368 
 4284      65636B5F 
 4284      6C6F636B 
 4284      00
 4285 01f9 00       		.ascii	"\000"
 4286 01fa 02       		.ascii	"\002"
 4287 01fb 00       		.ascii	"\000"
 4288 01fc 00000000 		.ascii	"\000\000\000\000\000\000\000\000"
 4288      00000000 
 4289 0204 BC020000 		.ascii	"\274\002\000\000"
 4290 0208 63685365 		.ascii	"chSemObjectInit\000"
 4290      6D4F626A 
 4290      65637449 
 4290      6E697400 
 4291 0218 00       		.ascii	"\000"
 4292 0219 02       		.ascii	"\002"
 4293 021a 00       		.ascii	"\000"
 4294 021b 00000000 		.ascii	"\000\000\000\000\000\000\000\000"
 4294      00000000 
 4295 0223 C3020000 		.ascii	"\303\002\000\000"
 4296 0227 63685365 		.ascii	"chSemWaitTimeoutS\000"
 4296      6D576169 
 4296      7454696D 
 4296      656F7574 
 4296      5300
 4297 0239 00       		.ascii	"\000"
 4298 023a 02       		.ascii	"\002"
 4299 023b 00       		.ascii	"\000"
ARM GAS  /tmp/cczCvEok.s 			page 160


 4300 023c 00000000 		.ascii	"\000\000\000\000\000\000\000\000"
 4300      00000000 
 4301 0244 C8020000 		.ascii	"\310\002\000\000"
 4302 0248 63685363 		.ascii	"chSchRescheduleS\000"
 4302      68526573 
 4302      63686564 
 4302      756C6553 
 4302      00
 4303 0259 00       		.ascii	"\000"
 4304 025a 02       		.ascii	"\002"
 4305 025b 00       		.ascii	"\000"
 4306 025c 00000000 		.ascii	"\000\000\000\000\000\000\000\000"
 4306      00000000 
 4307 0264 CA020000 		.ascii	"\312\002\000\000"
 4308 0268 63685365 		.ascii	"chSemSignalI\000"
 4308      6D536967 
 4308      6E616C49 
 4308      00
 4309 0275 00       		.ascii	"\000"
 4310 0276 02       		.ascii	"\002"
 4311 0277 00       		.ascii	"\000"
 4312 0278 00000000 		.ascii	"\000\000\000\000\000\000\000\000"
 4312      00000000 
 4313 0280 CE020000 		.ascii	"\316\002\000\000"
 4314              		.text
 4315              		.section	.gnu.lto_.ext_symtab.752852e5d1f07341,"e",%progbits
 4316 0000 01       		.ascii	"\001"
 4317 0001 01       		.ascii	"\001"
 4318 0002 00       		.ascii	"\000"
 4319 0003 01       		.ascii	"\001"
 4320 0004 00       		.ascii	"\000"
 4321 0005 01       		.ascii	"\001"
 4322 0006 00       		.ascii	"\000"
 4323 0007 01       		.ascii	"\001"
 4324 0008 00       		.ascii	"\000"
 4325 0009 01       		.ascii	"\001"
 4326 000a 00       		.ascii	"\000"
 4327 000b 01       		.ascii	"\001"
 4328 000c 00       		.ascii	"\000"
 4329 000d 01       		.ascii	"\001"
 4330 000e 00       		.ascii	"\000"
 4331 000f 01       		.ascii	"\001"
 4332 0010 00       		.ascii	"\000"
 4333 0011 01       		.ascii	"\001"
 4334 0012 00       		.ascii	"\000"
 4335 0013 01       		.ascii	"\001"
 4336 0014 00       		.ascii	"\000"
 4337 0015 01       		.ascii	"\001"
 4338 0016 00       		.ascii	"\000"
 4339 0017 02       		.ascii	"\002"
 4340 0018 01       		.ascii	"\001"
 4341 0019 01       		.ascii	"\001"
 4342 001a 00       		.ascii	"\000"
 4343 001b 01       		.ascii	"\001"
 4344 001c 00       		.ascii	"\000"
 4345 001d 01       		.ascii	"\001"
 4346 001e 00       		.ascii	"\000"
ARM GAS  /tmp/cczCvEok.s 			page 161


 4347 001f 01       		.ascii	"\001"
 4348 0020 00       		.ascii	"\000"
 4349 0021 01       		.ascii	"\001"
 4350 0022 00       		.ascii	"\000"
 4351 0023 01       		.ascii	"\001"
 4352 0024 00       		.ascii	"\000"
 4353 0025 01       		.ascii	"\001"
 4354 0026 00       		.ascii	"\000"
 4355 0027 01       		.ascii	"\001"
 4356 0028 00       		.ascii	"\000"
 4357              		.text
 4358              		.section	.gnu.lto_.opts,"e",%progbits
 4359 0000 272D666E 		.ascii	"'-fno-openmp' '-fno-openacc' '-fno-pie' '-fcf-prote"
 4359      6F2D6F70 
 4359      656E6D70 
 4359      2720272D 
 4359      666E6F2D 
 4360 0033 6374696F 		.ascii	"ction=none' '-g' '-mcpu=cortex-m4' '-mthumb' '-mflo"
 4360      6E3D6E6F 
 4360      6E652720 
 4360      272D6727 
 4360      20272D6D 
 4361 0066 61742D61 		.ascii	"at-abi=soft' '-mlibarch=armv7e-m' '-march=armv7e-m'"
 4361      62693D73 
 4361      6F667427 
 4361      20272D6D 
 4361      6C696261 
 4362 0099 20272D4F 		.ascii	" '-O2' '-fomit-frame-pointer' '-falign-functions=16"
 4362      32272027 
 4362      2D666F6D 
 4362      69742D66 
 4362      72616D65 
 4363 00cc 2720272D 		.ascii	"' '-ffunction-sections' '-fdata-sections' '-fno-com"
 4363      6666756E 
 4363      6374696F 
 4363      6E2D7365 
 4363      6374696F 
 4364 00ff 6D6F6E27 		.ascii	"mon' '-flto' '-Xassembler' '-alms=./build/lst/chmem"
 4364      20272D66 
 4364      6C746F27 
 4364      20272D58 
 4364      61737365 
 4365 0132 706F6F6C 		.ascii	"pools.lst'\000"
 4365      732E6C73 
 4365      742700
 4366              		.text
 4367              		.comm	__gnu_lto_slim,1,1
 4368              		.ident	"GCC: (Arm GNU Toolchain 11.3.Rel1) 11.3.1 20220712"
ARM GAS  /tmp/cczCvEok.s 			page 162


DEFINED SYMBOLS
                            *ABS*:0000000000000000 chmempools.c
     /tmp/cczCvEok.s:38     .gnu.debuglto_.debug_info:0000000000000000 chmempools.c.f598f9d9
                            *COM*:0000000000000001 __gnu_lto_slim

NO UNDEFINED SYMBOLS
