ARM GAS  /tmp/cc20pczk.s 			page 1


   1              		.cpu cortex-m4
   2              		.arch armv7e-m
   3              		.fpu softvfp
   4              		.eabi_attribute 20, 1
   5              		.eabi_attribute 21, 1
   6              		.eabi_attribute 23, 3
   7              		.eabi_attribute 24, 1
   8              		.eabi_attribute 25, 1
   9              		.eabi_attribute 26, 1
  10              		.eabi_attribute 30, 2
  11              		.eabi_attribute 34, 1
  12              		.eabi_attribute 18, 4
  13              		.file	"chmtx.c"
  14              		.file 1 "/home/rob/Projects/ChibiStudio/ChibiStudio_23/tools/GNU Tools ARM Embedded/11.3.1 2022q3/
  15              		.file 2 "/home/rob/Projects/ChibiStudio/ChibiStudio_23/tools/GNU Tools ARM Embedded/11.3.1 2022q3/
  16              		.file 3 "../../chibios_trunk/os/common/ports/ARM-common/chtypes.h"
  17              		.file 4 "../../chibios_trunk/os/rt/include/chearly.h"
  18              		.file 5 "../../chibios_trunk/os/rt/include/chobjects.h"
  19              		.file 6 "../../chibios_trunk/os/rt/include/chrfcu.h"
  20              		.file 7 "../../chibios_trunk/os/rt/include/chdebug.h"
  21              		.file 8 "../../chibios_trunk/os/rt/include/chtime.h"
  22              		.file 9 "../../chibios_trunk/os/rt/include/chlists.h"
  23              		.file 10 "../../chibios_trunk/os/rt/include/chtrace.h"
  24              		.file 11 "../../chibios_trunk/os/common/ports/ARMv7-M/chcore.h"
  25              		.file 12 "../../chibios_trunk/os/rt/include/chsem.h"
  26              		.file 13 "../../chibios_trunk/os/rt/include/chmtx.h"
  27              		.file 14 "../../chibios_trunk/os/rt/include/chschd.h"
  28              		.file 15 "../../chibios_trunk/os/rt/src/chmtx.c"
  29              		.file 16 "../../chibios_trunk/os/rt/include/chsys.h"
  30              		.file 17 "../../chibios_trunk/os/common/ext/ARM/CMSIS/Core/Include/cmsis_gcc.h"
  31              		.file 18 "../../chibios_trunk/os/rt/include/chthreads.h"
  32              		.section	.gnu.debuglto_.debug_info,"e",%progbits
  33              	.Ldebug_info0:
  34              		.hidden	chmtx.c.cf0f4b10
  35              		.weak	chmtx.c.cf0f4b10
  36              	chmtx.c.cf0f4b10:
  37 0000 BB0C0000 		.4byte	0xcbb
  38 0004 0500     		.2byte	0x5
  39 0006 01       		.byte	0x1
  40 0007 04       		.byte	0x4
  41 0008 00000000 		.4byte	.Ldebug_abbrev0
  42 000c 26       		.uleb128 0x26
  43 000d CE020000 		.4byte	.LASF155
  44 0011 1D       		.byte	0x1d
  45 0012 D0030000 		.4byte	.LASF156
  46 0016 E8060000 		.4byte	.LASF157
  47 001a 00000000 		.4byte	.Ldebug_line0
  48 001e 27       		.uleb128 0x27
  49 001f 04       		.byte	0x4
  50 0020 05       		.byte	0x5
  51 0021 696E7400 		.ascii	"int\000"
  52 0025 05       		.uleb128 0x5
  53 0026 04       		.byte	0x4
  54 0027 07       		.byte	0x7
  55 0028 45020000 		.4byte	.LASF0
  56 002c 05       		.uleb128 0x5
  57 002d 08       		.byte	0x8
ARM GAS  /tmp/cc20pczk.s 			page 2


  58 002e 05       		.byte	0x5
  59 002f 6F010000 		.4byte	.LASF1
  60 0033 05       		.uleb128 0x5
  61 0034 08       		.byte	0x8
  62 0035 04       		.byte	0x4
  63 0036 15060000 		.4byte	.LASF2
  64 003a 05       		.uleb128 0x5
  65 003b 01       		.byte	0x1
  66 003c 06       		.byte	0x6
  67 003d F1000000 		.4byte	.LASF3
  68 0041 01       		.uleb128 0x1
  69 0042 43000000 		.4byte	.LASF6
  70 0046 01       		.byte	0x1
  71 0047 2B       		.byte	0x2b
  72 0048 18       		.byte	0x18
  73 0049 4D000000 		.4byte	0x4d
  74 004d 05       		.uleb128 0x5
  75 004e 01       		.byte	0x1
  76 004f 08       		.byte	0x8
  77 0050 5F050000 		.4byte	.LASF4
  78 0054 05       		.uleb128 0x5
  79 0055 02       		.byte	0x2
  80 0056 05       		.byte	0x5
  81 0057 74050000 		.4byte	.LASF5
  82 005b 01       		.uleb128 0x1
  83 005c 34060000 		.4byte	.LASF7
  84 0060 01       		.byte	0x1
  85 0061 39       		.byte	0x39
  86 0062 19       		.byte	0x19
  87 0063 67000000 		.4byte	0x67
  88 0067 05       		.uleb128 0x5
  89 0068 02       		.byte	0x2
  90 0069 07       		.byte	0x7
  91 006a 8E030000 		.4byte	.LASF8
  92 006e 01       		.uleb128 0x1
  93 006f 2D040000 		.4byte	.LASF9
  94 0073 01       		.byte	0x1
  95 0074 4D       		.byte	0x4d
  96 0075 18       		.byte	0x18
  97 0076 7A000000 		.4byte	0x7a
  98 007a 05       		.uleb128 0x5
  99 007b 04       		.byte	0x4
 100 007c 05       		.byte	0x5
 101 007d 2C010000 		.4byte	.LASF10
 102 0081 01       		.uleb128 0x1
 103 0082 E1010000 		.4byte	.LASF11
 104 0086 01       		.byte	0x1
 105 0087 4F       		.byte	0x4f
 106 0088 19       		.byte	0x19
 107 0089 8D000000 		.4byte	0x8d
 108 008d 05       		.uleb128 0x5
 109 008e 04       		.byte	0x4
 110 008f 07       		.byte	0x7
 111 0090 87020000 		.4byte	.LASF12
 112 0094 01       		.uleb128 0x1
 113 0095 06050000 		.4byte	.LASF13
 114 0099 01       		.byte	0x1
ARM GAS  /tmp/cc20pczk.s 			page 3


 115 009a 69       		.byte	0x69
 116 009b 19       		.byte	0x19
 117 009c A0000000 		.4byte	0xa0
 118 00a0 05       		.uleb128 0x5
 119 00a1 08       		.byte	0x8
 120 00a2 07       		.byte	0x7
 121 00a3 97000000 		.4byte	.LASF14
 122 00a7 28       		.uleb128 0x28
 123 00a8 04       		.byte	0x4
 124 00a9 05       		.uleb128 0x5
 125 00aa 01       		.byte	0x1
 126 00ab 08       		.byte	0x8
 127 00ac 28060000 		.4byte	.LASF15
 128 00b0 0A       		.uleb128 0xa
 129 00b1 A9000000 		.4byte	0xa9
 130 00b5 04       		.uleb128 0x4
 131 00b6 B0000000 		.4byte	0xb0
 132 00ba 1F       		.uleb128 0x1f
 133 00bb B5000000 		.4byte	0xb5
 134 00bf 01       		.uleb128 0x1
 135 00c0 9D070000 		.4byte	.LASF16
 136 00c4 02       		.byte	0x2
 137 00c5 18       		.byte	0x18
 138 00c6 13       		.byte	0x13
 139 00c7 41000000 		.4byte	0x41
 140 00cb 01       		.uleb128 0x1
 141 00cc 88010000 		.4byte	.LASF17
 142 00d0 02       		.byte	0x2
 143 00d1 24       		.byte	0x24
 144 00d2 14       		.byte	0x14
 145 00d3 5B000000 		.4byte	0x5b
 146 00d7 01       		.uleb128 0x1
 147 00d8 57050000 		.4byte	.LASF18
 148 00dc 02       		.byte	0x2
 149 00dd 2C       		.byte	0x2c
 150 00de 13       		.byte	0x13
 151 00df 6E000000 		.4byte	0x6e
 152 00e3 01       		.uleb128 0x1
 153 00e4 F3050000 		.4byte	.LASF19
 154 00e8 02       		.byte	0x2
 155 00e9 30       		.byte	0x30
 156 00ea 14       		.byte	0x14
 157 00eb 81000000 		.4byte	0x81
 158 00ef 01       		.uleb128 0x1
 159 00f0 2A000000 		.4byte	.LASF20
 160 00f4 02       		.byte	0x2
 161 00f5 3C       		.byte	0x3c
 162 00f6 14       		.byte	0x14
 163 00f7 94000000 		.4byte	0x94
 164 00fb 1F       		.uleb128 0x1f
 165 00fc EF000000 		.4byte	0xef
 166 0100 01       		.uleb128 0x1
 167 0101 AB020000 		.4byte	.LASF21
 168 0105 03       		.byte	0x3
 169 0106 48       		.byte	0x48
 170 0107 1D       		.byte	0x1d
 171 0108 EF000000 		.4byte	0xef
ARM GAS  /tmp/cc20pczk.s 			page 4


 172 010c 01       		.uleb128 0x1
 173 010d 37040000 		.4byte	.LASF22
 174 0111 04       		.byte	0x4
 175 0112 50       		.byte	0x50
 176 0113 19       		.byte	0x19
 177 0114 00010000 		.4byte	0x100
 178 0118 01       		.uleb128 0x1
 179 0119 F6030000 		.4byte	.LASF23
 180 011d 04       		.byte	0x4
 181 011e 53       		.byte	0x53
 182 011f 19       		.byte	0x19
 183 0120 BF000000 		.4byte	0xbf
 184 0124 01       		.uleb128 0x1
 185 0125 35010000 		.4byte	.LASF24
 186 0129 04       		.byte	0x4
 187 012a 54       		.byte	0x54
 188 012b 19       		.byte	0x19
 189 012c BF000000 		.4byte	0xbf
 190 0130 01       		.uleb128 0x1
 191 0131 2C050000 		.4byte	.LASF25
 192 0135 04       		.byte	0x4
 193 0136 55       		.byte	0x55
 194 0137 19       		.byte	0x19
 195 0138 BF000000 		.4byte	0xbf
 196 013c 01       		.uleb128 0x1
 197 013d 39050000 		.4byte	.LASF26
 198 0141 04       		.byte	0x4
 199 0142 57       		.byte	0x57
 200 0143 19       		.byte	0x19
 201 0144 E3000000 		.4byte	0xe3
 202 0148 01       		.uleb128 0x1
 203 0149 B2030000 		.4byte	.LASF27
 204 014d 04       		.byte	0x4
 205 014e 58       		.byte	0x58
 206 014f 19       		.byte	0x19
 207 0150 D7000000 		.4byte	0xd7
 208 0154 01       		.uleb128 0x1
 209 0155 14040000 		.4byte	.LASF28
 210 0159 04       		.byte	0x4
 211 015a 5A       		.byte	0x5a
 212 015b 19       		.byte	0x19
 213 015c E3000000 		.4byte	0xe3
 214 0160 01       		.uleb128 0x1
 215 0161 29020000 		.4byte	.LASF29
 216 0165 04       		.byte	0x4
 217 0166 5C       		.byte	0x5c
 218 0167 19       		.byte	0x19
 219 0168 D7000000 		.4byte	0xd7
 220 016c 01       		.uleb128 0x1
 221 016d 22050000 		.4byte	.LASF30
 222 0171 04       		.byte	0x4
 223 0172 80       		.byte	0x80
 224 0173 12       		.byte	0x12
 225 0174 25000000 		.4byte	0x25
 226 0178 01       		.uleb128 0x1
 227 0179 3F060000 		.4byte	.LASF31
 228 017d 04       		.byte	0x4
ARM GAS  /tmp/cc20pczk.s 			page 5


 229 017e 85       		.byte	0x85
 230 017f 1A       		.byte	0x1a
 231 0180 84010000 		.4byte	0x184
 232 0184 07       		.uleb128 0x7
 233 0185 A1030000 		.4byte	.LASF47
 234 0189 4C       		.byte	0x4c
 235 018a 05       		.byte	0x5
 236 018b 9C       		.byte	0x9c
 237 018c 08       		.byte	0x8
 238 018d 6E020000 		.4byte	0x26e
 239 0191 08       		.uleb128 0x8
 240 0192 68647200 		.ascii	"hdr\000"
 241 0196 05       		.byte	0x5
 242 0197 AD       		.byte	0xad
 243 0198 05       		.byte	0x5
 244 0199 25070000 		.4byte	0x725
 245 019d 00       		.byte	0
 246 019e 08       		.uleb128 0x8
 247 019f 63747800 		.ascii	"ctx\000"
 248 01a3 05       		.byte	0x5
 249 01a4 B1       		.byte	0xb1
 250 01a5 21       		.byte	0x21
 251 01a6 90060000 		.4byte	0x690
 252 01aa 0C       		.byte	0xc
 253 01ab 02       		.uleb128 0x2
 254 01ac 99020000 		.4byte	.LASF32
 255 01b0 05       		.byte	0x5
 256 01b1 B6       		.byte	0xb6
 257 01b2 21       		.byte	0x21
 258 01b3 B8030000 		.4byte	0x3b8
 259 01b7 10       		.byte	0x10
 260 01b8 02       		.uleb128 0x2
 261 01b9 0F060000 		.4byte	.LASF33
 262 01bd 05       		.byte	0x5
 263 01be BB       		.byte	0xbb
 264 01bf 22       		.byte	0x22
 265 01c0 27080000 		.4byte	0x827
 266 01c4 18       		.byte	0x18
 267 01c5 02       		.uleb128 0x2
 268 01c6 BB020000 		.4byte	.LASF34
 269 01ca 05       		.byte	0x5
 270 01cb C0       		.byte	0xc0
 271 01cc 22       		.byte	0x22
 272 01cd B5000000 		.4byte	0xb5
 273 01d1 1C       		.byte	0x1c
 274 01d2 02       		.uleb128 0x2
 275 01d3 21060000 		.4byte	.LASF35
 276 01d7 05       		.byte	0x5
 277 01d8 C9       		.byte	0xc9
 278 01d9 22       		.byte	0x22
 279 01da 2C080000 		.4byte	0x82c
 280 01de 20       		.byte	0x20
 281 01df 02       		.uleb128 0x2
 282 01e0 EC010000 		.4byte	.LASF36
 283 01e4 05       		.byte	0x5
 284 01e5 CE       		.byte	0xce
 285 01e6 22       		.byte	0x22
ARM GAS  /tmp/cc20pczk.s 			page 6


 286 01e7 2C080000 		.4byte	0x82c
 287 01eb 24       		.byte	0x24
 288 01ec 02       		.uleb128 0x2
 289 01ed 26010000 		.4byte	.LASF37
 290 01f1 05       		.byte	0x5
 291 01f2 D3       		.byte	0xd3
 292 01f3 21       		.byte	0x21
 293 01f4 24010000 		.4byte	0x124
 294 01f8 28       		.byte	0x28
 295 01f9 02       		.uleb128 0x2
 296 01fa A5070000 		.4byte	.LASF38
 297 01fe 05       		.byte	0x5
 298 01ff D7       		.byte	0xd7
 299 0200 21       		.byte	0x21
 300 0201 18010000 		.4byte	0x118
 301 0205 29       		.byte	0x29
 302 0206 02       		.uleb128 0x2
 303 0207 E0000000 		.4byte	.LASF39
 304 020b 05       		.byte	0x5
 305 020c DC       		.byte	0xdc
 306 020d 21       		.byte	0x21
 307 020e 30010000 		.4byte	0x130
 308 0212 2A       		.byte	0x2a
 309 0213 06       		.uleb128 0x6
 310 0214 7500     		.ascii	"u\000"
 311 0216 05       		.byte	0x5
 312 0217 2D01     		.2byte	0x12d
 313 0219 21       		.byte	0x21
 314 021a 52070000 		.4byte	0x752
 315 021e 2C       		.byte	0x2c
 316 021f 03       		.uleb128 0x3
 317 0220 F2010000 		.4byte	.LASF40
 318 0224 3201     		.2byte	0x132
 319 0226 21       		.byte	0x21
 320 0227 8C030000 		.4byte	0x38c
 321 022b 30       		.byte	0x30
 322 022c 03       		.uleb128 0x3
 323 022d 2F020000 		.4byte	.LASF41
 324 0231 3801     		.2byte	0x138
 325 0233 21       		.byte	0x21
 326 0234 B8030000 		.4byte	0x3b8
 327 0238 34       		.byte	0x34
 328 0239 03       		.uleb128 0x3
 329 023a B8030000 		.4byte	.LASF42
 330 023e 3E01     		.2byte	0x13e
 331 0240 21       		.byte	0x21
 332 0241 54010000 		.4byte	0x154
 333 0245 3C       		.byte	0x3c
 334 0246 03       		.uleb128 0x3
 335 0247 F8070000 		.4byte	.LASF43
 336 024b 4501     		.2byte	0x145
 337 024d 22       		.byte	0x22
 338 024e 22080000 		.4byte	0x822
 339 0252 40       		.byte	0x40
 340 0253 03       		.uleb128 0x3
 341 0254 54040000 		.4byte	.LASF44
 342 0258 4901     		.2byte	0x149
ARM GAS  /tmp/cc20pczk.s 			page 7


 343 025a 21       		.byte	0x21
 344 025b 3C010000 		.4byte	0x13c
 345 025f 44       		.byte	0x44
 346 0260 03       		.uleb128 0x3
 347 0261 3B070000 		.4byte	.LASF45
 348 0265 5001     		.2byte	0x150
 349 0267 22       		.byte	0x22
 350 0268 A7000000 		.4byte	0xa7
 351 026c 48       		.byte	0x48
 352 026d 00       		.byte	0
 353 026e 01       		.uleb128 0x1
 354 026f A1060000 		.4byte	.LASF46
 355 0273 04       		.byte	0x4
 356 0274 8A       		.byte	0x8a
 357 0275 1F       		.byte	0x1f
 358 0276 7A020000 		.4byte	0x27a
 359 027a 29       		.uleb128 0x29
 360 027b 84060000 		.4byte	.LASF48
 361 027f A008     		.2byte	0x8a0
 362 0281 05       		.byte	0x5
 363 0282 8F01     		.2byte	0x18f
 364 0284 08       		.byte	0x8
 365 0285 00030000 		.4byte	0x300
 366 0289 03       		.uleb128 0x3
 367 028a 89070000 		.4byte	.LASF49
 368 028e 9301     		.2byte	0x193
 369 0290 21       		.byte	0x21
 370 0291 5A080000 		.4byte	0x85a
 371 0295 00       		.byte	0
 372 0296 03       		.uleb128 0x3
 373 0297 13010000 		.4byte	.LASF50
 374 029b 9701     		.2byte	0x197
 375 029d 21       		.byte	0x21
 376 029e E6060000 		.4byte	0x6e6
 377 02a2 10       		.byte	0x10
 378 02a3 03       		.uleb128 0x3
 379 02a4 C0060000 		.4byte	.LASF51
 380 02a8 9E01     		.2byte	0x19e
 381 02aa 21       		.byte	0x21
 382 02ab 0D070000 		.4byte	0x70d
 383 02af 28       		.byte	0x28
 384 02b0 03       		.uleb128 0x3
 385 02b1 C6020000 		.4byte	.LASF52
 386 02b5 A301     		.2byte	0x1a3
 387 02b7 21       		.byte	0x21
 388 02b8 6C010000 		.4byte	0x16c
 389 02bc 30       		.byte	0x30
 390 02bd 03       		.uleb128 0x3
 391 02be 0D000000 		.4byte	.LASF53
 392 02c2 A901     		.2byte	0x1a9
 393 02c4 21       		.byte	0x21
 394 02c5 27030000 		.4byte	0x327
 395 02c9 34       		.byte	0x34
 396 02ca 03       		.uleb128 0x3
 397 02cb 2D060000 		.4byte	.LASF54
 398 02cf AE01     		.2byte	0x1ae
 399 02d1 22       		.byte	0x22
ARM GAS  /tmp/cc20pczk.s 			page 8


 400 02d2 C5080000 		.4byte	0x8c5
 401 02d6 38       		.byte	0x38
 402 02d7 03       		.uleb128 0x3
 403 02d8 B7000000 		.4byte	.LASF55
 404 02dc B201     		.2byte	0x1b2
 405 02de 21       		.byte	0x21
 406 02df 78010000 		.4byte	0x178
 407 02e3 3C       		.byte	0x3c
 408 02e4 06       		.uleb128 0x6
 409 02e5 64626700 		.ascii	"dbg\000"
 410 02e9 05       		.byte	0x5
 411 02ea B601     		.2byte	0x1b6
 412 02ec 21       		.byte	0x21
 413 02ed 68030000 		.4byte	0x368
 414 02f1 88       		.byte	0x88
 415 02f2 03       		.uleb128 0x3
 416 02f3 C1070000 		.4byte	.LASF56
 417 02f7 BB01     		.2byte	0x1bb
 418 02f9 21       		.byte	0x21
 419 02fa FE050000 		.4byte	0x5fe
 420 02fe 94       		.byte	0x94
 421 02ff 00       		.byte	0
 422 0300 01       		.uleb128 0x1
 423 0301 5D040000 		.4byte	.LASF57
 424 0305 06       		.byte	0x6
 425 0306 3F       		.byte	0x3f
 426 0307 12       		.byte	0x12
 427 0308 E3000000 		.4byte	0xe3
 428 030c 07       		.uleb128 0x7
 429 030d 4E010000 		.4byte	.LASF58
 430 0311 04       		.byte	0x4
 431 0312 06       		.byte	0x6
 432 0313 44       		.byte	0x44
 433 0314 10       		.byte	0x10
 434 0315 27030000 		.4byte	0x327
 435 0319 02       		.uleb128 0x2
 436 031a 69070000 		.4byte	.LASF59
 437 031e 06       		.byte	0x6
 438 031f 48       		.byte	0x48
 439 0320 21       		.byte	0x21
 440 0321 00030000 		.4byte	0x300
 441 0325 00       		.byte	0
 442 0326 00       		.byte	0
 443 0327 01       		.uleb128 0x1
 444 0328 6D050000 		.4byte	.LASF60
 445 032c 06       		.byte	0x6
 446 032d 49       		.byte	0x49
 447 032e 03       		.byte	0x3
 448 032f 0C030000 		.4byte	0x30c
 449 0333 07       		.uleb128 0x7
 450 0334 41050000 		.4byte	.LASF61
 451 0338 0C       		.byte	0xc
 452 0339 07       		.byte	0x7
 453 033a 3E       		.byte	0x3e
 454 033b 10       		.byte	0x10
 455 033c 68030000 		.4byte	0x368
 456 0340 02       		.uleb128 0x2
ARM GAS  /tmp/cc20pczk.s 			page 9


 457 0341 73060000 		.4byte	.LASF62
 458 0345 07       		.byte	0x7
 459 0346 46       		.byte	0x46
 460 0347 24       		.byte	0x24
 461 0348 BA000000 		.4byte	0xba
 462 034c 00       		.byte	0
 463 034d 02       		.uleb128 0x2
 464 034e 6E070000 		.4byte	.LASF63
 465 0352 07       		.byte	0x7
 466 0353 4B       		.byte	0x4b
 467 0354 19       		.byte	0x19
 468 0355 60010000 		.4byte	0x160
 469 0359 04       		.byte	0x4
 470 035a 02       		.uleb128 0x2
 471 035b 12020000 		.4byte	.LASF64
 472 035f 07       		.byte	0x7
 473 0360 4F       		.byte	0x4f
 474 0361 19       		.byte	0x19
 475 0362 60010000 		.4byte	0x160
 476 0366 08       		.byte	0x8
 477 0367 00       		.byte	0
 478 0368 01       		.uleb128 0x1
 479 0369 5E000000 		.4byte	.LASF65
 480 036d 07       		.byte	0x7
 481 036e 51       		.byte	0x51
 482 036f 03       		.byte	0x3
 483 0370 33030000 		.4byte	0x333
 484 0374 01       		.uleb128 0x1
 485 0375 4E060000 		.4byte	.LASF66
 486 0379 08       		.byte	0x8
 487 037a 6D       		.byte	0x6d
 488 037b 12       		.byte	0x12
 489 037c E3000000 		.4byte	0xe3
 490 0380 01       		.uleb128 0x1
 491 0381 1B020000 		.4byte	.LASF67
 492 0385 08       		.byte	0x8
 493 0386 79       		.byte	0x79
 494 0387 12       		.byte	0x12
 495 0388 E3000000 		.4byte	0xe3
 496 038c 01       		.uleb128 0x1
 497 038d A1040000 		.4byte	.LASF68
 498 0391 09       		.byte	0x9
 499 0392 32       		.byte	0x32
 500 0393 18       		.byte	0x18
 501 0394 98030000 		.4byte	0x398
 502 0398 07       		.uleb128 0x7
 503 0399 FE030000 		.4byte	.LASF69
 504 039d 04       		.byte	0x4
 505 039e 09       		.byte	0x9
 506 039f 38       		.byte	0x38
 507 03a0 08       		.byte	0x8
 508 03a1 B3030000 		.4byte	0x3b3
 509 03a5 02       		.uleb128 0x2
 510 03a6 18000000 		.4byte	.LASF70
 511 03aa 09       		.byte	0x9
 512 03ab 39       		.byte	0x39
 513 03ac 1A       		.byte	0x1a
ARM GAS  /tmp/cc20pczk.s 			page 10


 514 03ad B3030000 		.4byte	0x3b3
 515 03b1 00       		.byte	0
 516 03b2 00       		.byte	0
 517 03b3 04       		.uleb128 0x4
 518 03b4 8C030000 		.4byte	0x38c
 519 03b8 01       		.uleb128 0x1
 520 03b9 A0020000 		.4byte	.LASF71
 521 03bd 09       		.byte	0x9
 522 03be 3F       		.byte	0x3f
 523 03bf 19       		.byte	0x19
 524 03c0 C9030000 		.4byte	0x3c9
 525 03c4 0A       		.uleb128 0xa
 526 03c5 B8030000 		.4byte	0x3b8
 527 03c9 07       		.uleb128 0x7
 528 03ca 66010000 		.4byte	.LASF72
 529 03ce 08       		.byte	0x8
 530 03cf 09       		.byte	0x9
 531 03d0 45       		.byte	0x45
 532 03d1 08       		.byte	0x8
 533 03d2 F1030000 		.4byte	0x3f1
 534 03d6 02       		.uleb128 0x2
 535 03d7 18000000 		.4byte	.LASF70
 536 03db 09       		.byte	0x9
 537 03dc 46       		.byte	0x46
 538 03dd 1A       		.byte	0x1a
 539 03de F1030000 		.4byte	0x3f1
 540 03e2 00       		.byte	0
 541 03e3 02       		.uleb128 0x2
 542 03e4 4D000000 		.4byte	.LASF73
 543 03e8 09       		.byte	0x9
 544 03e9 47       		.byte	0x47
 545 03ea 1A       		.byte	0x1a
 546 03eb F1030000 		.4byte	0x3f1
 547 03ef 04       		.byte	0x4
 548 03f0 00       		.byte	0
 549 03f1 04       		.uleb128 0x4
 550 03f2 B8030000 		.4byte	0x3b8
 551 03f6 01       		.uleb128 0x1
 552 03f7 83000000 		.4byte	.LASF74
 553 03fb 09       		.byte	0x9
 554 03fc 4E       		.byte	0x4e
 555 03fd 22       		.byte	0x22
 556 03fe 02040000 		.4byte	0x402
 557 0402 07       		.uleb128 0x7
 558 0403 C8060000 		.4byte	.LASF75
 559 0407 0C       		.byte	0xc
 560 0408 09       		.byte	0x9
 561 0409 55       		.byte	0x55
 562 040a 08       		.byte	0x8
 563 040b 37040000 		.4byte	0x437
 564 040f 02       		.uleb128 0x2
 565 0410 18000000 		.4byte	.LASF70
 566 0414 09       		.byte	0x9
 567 0415 56       		.byte	0x56
 568 0416 1A       		.byte	0x1a
 569 0417 37040000 		.4byte	0x437
 570 041b 00       		.byte	0
ARM GAS  /tmp/cc20pczk.s 			page 11


 571 041c 02       		.uleb128 0x2
 572 041d 4D000000 		.4byte	.LASF73
 573 0421 09       		.byte	0x9
 574 0422 57       		.byte	0x57
 575 0423 1A       		.byte	0x1a
 576 0424 37040000 		.4byte	0x437
 577 0428 04       		.byte	0x4
 578 0429 02       		.uleb128 0x2
 579 042a E7040000 		.4byte	.LASF76
 580 042e 09       		.byte	0x9
 581 042f 58       		.byte	0x58
 582 0430 19       		.byte	0x19
 583 0431 3C010000 		.4byte	0x13c
 584 0435 08       		.byte	0x8
 585 0436 00       		.byte	0
 586 0437 04       		.uleb128 0x4
 587 0438 F6030000 		.4byte	0x3f6
 588 043c 01       		.uleb128 0x1
 589 043d A6010000 		.4byte	.LASF77
 590 0441 09       		.byte	0x9
 591 0442 5F       		.byte	0x5f
 592 0443 1E       		.byte	0x1e
 593 0444 48040000 		.4byte	0x448
 594 0448 07       		.uleb128 0x7
 595 0449 FD000000 		.4byte	.LASF78
 596 044d 0C       		.byte	0xc
 597 044e 09       		.byte	0x9
 598 044f 64       		.byte	0x64
 599 0450 08       		.byte	0x8
 600 0451 7D040000 		.4byte	0x47d
 601 0455 02       		.uleb128 0x2
 602 0456 18000000 		.4byte	.LASF70
 603 045a 09       		.byte	0x9
 604 045b 65       		.byte	0x65
 605 045c 1A       		.byte	0x1a
 606 045d 7D040000 		.4byte	0x47d
 607 0461 00       		.byte	0
 608 0462 02       		.uleb128 0x2
 609 0463 4D000000 		.4byte	.LASF73
 610 0467 09       		.byte	0x9
 611 0468 66       		.byte	0x66
 612 0469 1A       		.byte	0x1a
 613 046a 7D040000 		.4byte	0x47d
 614 046e 04       		.byte	0x4
 615 046f 02       		.uleb128 0x2
 616 0470 1D000000 		.4byte	.LASF79
 617 0474 09       		.byte	0x9
 618 0475 67       		.byte	0x67
 619 0476 19       		.byte	0x19
 620 0477 80030000 		.4byte	0x380
 621 047b 08       		.byte	0x8
 622 047c 00       		.byte	0
 623 047d 04       		.uleb128 0x4
 624 047e 3C040000 		.4byte	0x43c
 625 0482 10       		.uleb128 0x10
 626 0483 08       		.byte	0x8
 627 0484 83       		.byte	0x83
ARM GAS  /tmp/cc20pczk.s 			page 12


 628 0485 05       		.byte	0x5
 629 0486 A5040000 		.4byte	0x4a5
 630 048a 08       		.uleb128 0x8
 631 048b 6E747000 		.ascii	"ntp\000"
 632 048f 0A       		.byte	0xa
 633 0490 87       		.byte	0x87
 634 0491 1E       		.byte	0x1e
 635 0492 A5040000 		.4byte	0x4a5
 636 0496 00       		.byte	0
 637 0497 02       		.uleb128 0x2
 638 0498 AB070000 		.4byte	.LASF80
 639 049c 0A       		.byte	0xa
 640 049d 8B       		.byte	0x8b
 641 049e 1E       		.byte	0x1e
 642 049f A7000000 		.4byte	0xa7
 643 04a3 04       		.byte	0x4
 644 04a4 00       		.byte	0
 645 04a5 04       		.uleb128 0x4
 646 04a6 78010000 		.4byte	0x178
 647 04aa 10       		.uleb128 0x10
 648 04ab 08       		.byte	0x8
 649 04ac 90       		.byte	0x90
 650 04ad 05       		.byte	0x5
 651 04ae CC040000 		.4byte	0x4cc
 652 04b2 08       		.uleb128 0x8
 653 04b3 747000   		.ascii	"tp\000"
 654 04b6 0A       		.byte	0xa
 655 04b7 94       		.byte	0x94
 656 04b8 1E       		.byte	0x1e
 657 04b9 A5040000 		.4byte	0x4a5
 658 04bd 00       		.byte	0
 659 04be 08       		.uleb128 0x8
 660 04bf 6D736700 		.ascii	"msg\000"
 661 04c3 0A       		.byte	0xa
 662 04c4 98       		.byte	0x98
 663 04c5 1D       		.byte	0x1d
 664 04c6 48010000 		.4byte	0x148
 665 04ca 04       		.byte	0x4
 666 04cb 00       		.byte	0
 667 04cc 10       		.uleb128 0x10
 668 04cd 04       		.byte	0x4
 669 04ce 9D       		.byte	0x9d
 670 04cf 05       		.byte	0x5
 671 04d0 E2040000 		.4byte	0x4e2
 672 04d4 02       		.uleb128 0x2
 673 04d5 BB020000 		.4byte	.LASF34
 674 04d9 0A       		.byte	0xa
 675 04da A1       		.byte	0xa1
 676 04db 1E       		.byte	0x1e
 677 04dc B5000000 		.4byte	0xb5
 678 04e0 00       		.byte	0
 679 04e1 00       		.byte	0
 680 04e2 10       		.uleb128 0x10
 681 04e3 04       		.byte	0x4
 682 04e4 A6       		.byte	0xa6
 683 04e5 05       		.byte	0x5
 684 04e6 F8040000 		.4byte	0x4f8
ARM GAS  /tmp/cc20pczk.s 			page 13


 685 04ea 02       		.uleb128 0x2
 686 04eb B5050000 		.4byte	.LASF81
 687 04ef 0A       		.byte	0xa
 688 04f0 AA       		.byte	0xaa
 689 04f1 1E       		.byte	0x1e
 690 04f2 B5000000 		.4byte	0xb5
 691 04f6 00       		.byte	0
 692 04f7 00       		.byte	0
 693 04f8 10       		.uleb128 0x10
 694 04f9 08       		.byte	0x8
 695 04fa AF       		.byte	0xaf
 696 04fb 05       		.byte	0x5
 697 04fc 1B050000 		.4byte	0x51b
 698 0500 08       		.uleb128 0x8
 699 0501 75703100 		.ascii	"up1\000"
 700 0505 0A       		.byte	0xa
 701 0506 B3       		.byte	0xb3
 702 0507 1E       		.byte	0x1e
 703 0508 A7000000 		.4byte	0xa7
 704 050c 00       		.byte	0
 705 050d 08       		.uleb128 0x8
 706 050e 75703200 		.ascii	"up2\000"
 707 0512 0A       		.byte	0xa
 708 0513 B7       		.byte	0xb7
 709 0514 1E       		.byte	0x1e
 710 0515 A7000000 		.4byte	0xa7
 711 0519 04       		.byte	0x4
 712 051a 00       		.byte	0
 713 051b 18       		.uleb128 0x18
 714 051c 08       		.byte	0x8
 715 051d 0A       		.byte	0xa
 716 051e 7F       		.byte	0x7f
 717 051f 59050000 		.4byte	0x559
 718 0523 19       		.uleb128 0x19
 719 0524 737700   		.ascii	"sw\000"
 720 0527 8C       		.byte	0x8c
 721 0528 82040000 		.4byte	0x482
 722 052c 19       		.uleb128 0x19
 723 052d 72647900 		.ascii	"rdy\000"
 724 0531 99       		.byte	0x99
 725 0532 AA040000 		.4byte	0x4aa
 726 0536 19       		.uleb128 0x19
 727 0537 69737200 		.ascii	"isr\000"
 728 053b A2       		.byte	0xa2
 729 053c CC040000 		.4byte	0x4cc
 730 0540 0C       		.uleb128 0xc
 731 0541 87050000 		.4byte	.LASF82
 732 0545 0A       		.byte	0xa
 733 0546 AB       		.byte	0xab
 734 0547 07       		.byte	0x7
 735 0548 E2040000 		.4byte	0x4e2
 736 054c 0C       		.uleb128 0xc
 737 054d 34050000 		.4byte	.LASF83
 738 0551 0A       		.byte	0xa
 739 0552 B8       		.byte	0xb8
 740 0553 07       		.byte	0x7
 741 0554 F8040000 		.4byte	0x4f8
ARM GAS  /tmp/cc20pczk.s 			page 14


 742 0558 00       		.byte	0
 743 0559 10       		.uleb128 0x10
 744 055a 10       		.byte	0x10
 745 055b 6C       		.byte	0x6c
 746 055c 09       		.byte	0x9
 747 055d 9E050000 		.4byte	0x59e
 748 0561 1A       		.uleb128 0x1a
 749 0562 7E000000 		.4byte	.LASF84
 750 0566 70       		.byte	0x70
 751 0567 E3000000 		.4byte	0xe3
 752 056b 03       		.byte	0x3
 753 056c 00       		.byte	0
 754 056d 1A       		.uleb128 0x1a
 755 056e 26010000 		.4byte	.LASF37
 756 0572 74       		.byte	0x74
 757 0573 E3000000 		.4byte	0xe3
 758 0577 05       		.byte	0x5
 759 0578 03       		.byte	0x3
 760 0579 1A       		.uleb128 0x1a
 761 057a 42040000 		.4byte	.LASF85
 762 057e 7A       		.byte	0x7a
 763 057f E3000000 		.4byte	0xe3
 764 0583 18       		.byte	0x18
 765 0584 08       		.byte	0x8
 766 0585 02       		.uleb128 0x2
 767 0586 E2040000 		.4byte	.LASF86
 768 058a 0A       		.byte	0xa
 769 058b 7E       		.byte	0x7e
 770 058c 19       		.byte	0x19
 771 058d 74030000 		.4byte	0x374
 772 0591 04       		.byte	0x4
 773 0592 08       		.uleb128 0x8
 774 0593 7500     		.ascii	"u\000"
 775 0595 0A       		.byte	0xa
 776 0596 B9       		.byte	0xb9
 777 0597 05       		.byte	0x5
 778 0598 1B050000 		.4byte	0x51b
 779 059c 08       		.byte	0x8
 780 059d 00       		.byte	0
 781 059e 01       		.uleb128 0x1
 782 059f 93060000 		.4byte	.LASF87
 783 05a3 0A       		.byte	0xa
 784 05a4 BA       		.byte	0xba
 785 05a5 03       		.byte	0x3
 786 05a6 59050000 		.4byte	0x559
 787 05aa 2A       		.uleb128 0x2a
 788 05ab 0808     		.2byte	0x808
 789 05ad 0A       		.byte	0xa
 790 05ae C0       		.byte	0xc0
 791 05af 09       		.byte	0x9
 792 05b0 E9050000 		.4byte	0x5e9
 793 05b4 02       		.uleb128 0x2
 794 05b5 AB040000 		.4byte	.LASF88
 795 05b9 0A       		.byte	0xa
 796 05ba C4       		.byte	0xc4
 797 05bb 19       		.byte	0x19
 798 05bc CB000000 		.4byte	0xcb
ARM GAS  /tmp/cc20pczk.s 			page 15


 799 05c0 00       		.byte	0
 800 05c1 02       		.uleb128 0x2
 801 05c2 89030000 		.4byte	.LASF89
 802 05c6 0A       		.byte	0xa
 803 05c7 C8       		.byte	0xc8
 804 05c8 19       		.byte	0x19
 805 05c9 CB000000 		.4byte	0xcb
 806 05cd 02       		.byte	0x2
 807 05ce 08       		.uleb128 0x8
 808 05cf 70747200 		.ascii	"ptr\000"
 809 05d3 0A       		.byte	0xa
 810 05d4 CC       		.byte	0xcc
 811 05d5 1A       		.byte	0x1a
 812 05d6 E9050000 		.4byte	0x5e9
 813 05da 04       		.byte	0x4
 814 05db 02       		.uleb128 0x2
 815 05dc 58060000 		.4byte	.LASF90
 816 05e0 0A       		.byte	0xa
 817 05e1 D0       		.byte	0xd0
 818 05e2 19       		.byte	0x19
 819 05e3 EE050000 		.4byte	0x5ee
 820 05e7 08       		.byte	0x8
 821 05e8 00       		.byte	0
 822 05e9 04       		.uleb128 0x4
 823 05ea 9E050000 		.4byte	0x59e
 824 05ee 0D       		.uleb128 0xd
 825 05ef 9E050000 		.4byte	0x59e
 826 05f3 FE050000 		.4byte	0x5fe
 827 05f7 0E       		.uleb128 0xe
 828 05f8 25000000 		.4byte	0x25
 829 05fc 7F       		.byte	0x7f
 830 05fd 00       		.byte	0
 831 05fe 01       		.uleb128 0x1
 832 05ff 8C050000 		.4byte	.LASF91
 833 0603 0A       		.byte	0xa
 834 0604 D1       		.byte	0xd1
 835 0605 03       		.byte	0x3
 836 0606 AA050000 		.4byte	0x5aa
 837 060a 15       		.uleb128 0x15
 838 060b 52000000 		.4byte	.LASF92
 839 060f 24       		.byte	0x24
 840 0610 0B       		.byte	0xb
 841 0611 BB01     		.2byte	0x1bb
 842 0613 08       		.byte	0x8
 843 0614 90060000 		.4byte	0x690
 844 0618 06       		.uleb128 0x6
 845 0619 723400   		.ascii	"r4\000"
 846 061c 0B       		.byte	0xb
 847 061d CE01     		.2byte	0x1ce
 848 061f 11       		.byte	0x11
 849 0620 E3000000 		.4byte	0xe3
 850 0624 00       		.byte	0
 851 0625 06       		.uleb128 0x6
 852 0626 723500   		.ascii	"r5\000"
 853 0629 0B       		.byte	0xb
 854 062a CF01     		.2byte	0x1cf
 855 062c 11       		.byte	0x11
ARM GAS  /tmp/cc20pczk.s 			page 16


 856 062d E3000000 		.4byte	0xe3
 857 0631 04       		.byte	0x4
 858 0632 06       		.uleb128 0x6
 859 0633 723600   		.ascii	"r6\000"
 860 0636 0B       		.byte	0xb
 861 0637 D001     		.2byte	0x1d0
 862 0639 11       		.byte	0x11
 863 063a E3000000 		.4byte	0xe3
 864 063e 08       		.byte	0x8
 865 063f 06       		.uleb128 0x6
 866 0640 723700   		.ascii	"r7\000"
 867 0643 0B       		.byte	0xb
 868 0644 D101     		.2byte	0x1d1
 869 0646 11       		.byte	0x11
 870 0647 E3000000 		.4byte	0xe3
 871 064b 0C       		.byte	0xc
 872 064c 06       		.uleb128 0x6
 873 064d 723800   		.ascii	"r8\000"
 874 0650 0B       		.byte	0xb
 875 0651 D201     		.2byte	0x1d2
 876 0653 11       		.byte	0x11
 877 0654 E3000000 		.4byte	0xe3
 878 0658 10       		.byte	0x10
 879 0659 06       		.uleb128 0x6
 880 065a 723900   		.ascii	"r9\000"
 881 065d 0B       		.byte	0xb
 882 065e D301     		.2byte	0x1d3
 883 0660 11       		.byte	0x11
 884 0661 E3000000 		.4byte	0xe3
 885 0665 14       		.byte	0x14
 886 0666 06       		.uleb128 0x6
 887 0667 72313000 		.ascii	"r10\000"
 888 066b 0B       		.byte	0xb
 889 066c D401     		.2byte	0x1d4
 890 066e 11       		.byte	0x11
 891 066f E3000000 		.4byte	0xe3
 892 0673 18       		.byte	0x18
 893 0674 06       		.uleb128 0x6
 894 0675 72313100 		.ascii	"r11\000"
 895 0679 0B       		.byte	0xb
 896 067a D501     		.2byte	0x1d5
 897 067c 11       		.byte	0x11
 898 067d E3000000 		.4byte	0xe3
 899 0681 1C       		.byte	0x1c
 900 0682 06       		.uleb128 0x6
 901 0683 6C7200   		.ascii	"lr\000"
 902 0686 0B       		.byte	0xb
 903 0687 D601     		.2byte	0x1d6
 904 0689 11       		.byte	0x11
 905 068a E3000000 		.4byte	0xe3
 906 068e 20       		.byte	0x20
 907 068f 00       		.byte	0
 908 0690 15       		.uleb128 0x15
 909 0691 D5040000 		.4byte	.LASF93
 910 0695 04       		.byte	0x4
 911 0696 0B       		.byte	0xb
 912 0697 DF01     		.2byte	0x1df
ARM GAS  /tmp/cc20pczk.s 			page 17


 913 0699 08       		.byte	0x8
 914 069a AC060000 		.4byte	0x6ac
 915 069e 06       		.uleb128 0x6
 916 069f 737000   		.ascii	"sp\000"
 917 06a2 0B       		.byte	0xb
 918 06a3 E001     		.2byte	0x1e0
 919 06a5 1A       		.byte	0x1a
 920 06a6 AC060000 		.4byte	0x6ac
 921 06aa 00       		.byte	0
 922 06ab 00       		.byte	0
 923 06ac 04       		.uleb128 0x4
 924 06ad 0A060000 		.4byte	0x60a
 925 06b1 07       		.uleb128 0x7
 926 06b2 7C040000 		.4byte	.LASF94
 927 06b6 18       		.byte	0x18
 928 06b7 05       		.byte	0x5
 929 06b8 64       		.byte	0x64
 930 06b9 10       		.byte	0x10
 931 06ba E6060000 		.4byte	0x6e6
 932 06be 02       		.uleb128 0x2
 933 06bf 48060000 		.4byte	.LASF95
 934 06c3 05       		.byte	0x5
 935 06c4 68       		.byte	0x68
 936 06c5 21       		.byte	0x21
 937 06c6 3C040000 		.4byte	0x43c
 938 06ca 00       		.byte	0
 939 06cb 02       		.uleb128 0x2
 940 06cc 7E050000 		.4byte	.LASF96
 941 06d0 05       		.byte	0x5
 942 06d1 73       		.byte	0x73
 943 06d2 21       		.byte	0x21
 944 06d3 74030000 		.4byte	0x374
 945 06d7 0C       		.byte	0xc
 946 06d8 02       		.uleb128 0x2
 947 06d9 4A040000 		.4byte	.LASF97
 948 06dd 05       		.byte	0x5
 949 06de 79       		.byte	0x79
 950 06df 21       		.byte	0x21
 951 06e0 FB000000 		.4byte	0xfb
 952 06e4 10       		.byte	0x10
 953 06e5 00       		.byte	0
 954 06e6 01       		.uleb128 0x1
 955 06e7 CA000000 		.4byte	.LASF98
 956 06eb 05       		.byte	0x5
 957 06ec 7B       		.byte	0x7b
 958 06ed 03       		.byte	0x3
 959 06ee B1060000 		.4byte	0x6b1
 960 06f2 07       		.uleb128 0x7
 961 06f3 C4010000 		.4byte	.LASF99
 962 06f7 08       		.byte	0x8
 963 06f8 05       		.byte	0x5
 964 06f9 80       		.byte	0x80
 965 06fa 10       		.byte	0x10
 966 06fb 0D070000 		.4byte	0x70d
 967 06ff 02       		.uleb128 0x2
 968 0700 C0020000 		.4byte	.LASF100
 969 0704 05       		.byte	0x5
ARM GAS  /tmp/cc20pczk.s 			page 18


 970 0705 84       		.byte	0x84
 971 0706 21       		.byte	0x21
 972 0707 B8030000 		.4byte	0x3b8
 973 070b 00       		.byte	0
 974 070c 00       		.byte	0
 975 070d 01       		.uleb128 0x1
 976 070e D7050000 		.4byte	.LASF101
 977 0712 05       		.byte	0x5
 978 0713 85       		.byte	0x85
 979 0714 03       		.byte	0x3
 980 0715 F2060000 		.4byte	0x6f2
 981 0719 01       		.uleb128 0x1
 982 071a 69040000 		.4byte	.LASF102
 983 071e 05       		.byte	0x5
 984 071f 8A       		.byte	0x8a
 985 0720 14       		.byte	0x14
 986 0721 A5040000 		.4byte	0x4a5
 987 0725 18       		.uleb128 0x18
 988 0726 0C       		.byte	0xc
 989 0727 05       		.byte	0x5
 990 0728 A0       		.byte	0xa0
 991 0729 52070000 		.4byte	0x752
 992 072d 0C       		.uleb128 0xc
 993 072e DA070000 		.4byte	.LASF103
 994 0732 05       		.byte	0x5
 995 0733 A4       		.byte	0xa4
 996 0734 21       		.byte	0x21
 997 0735 8C030000 		.4byte	0x38c
 998 0739 0C       		.uleb128 0xc
 999 073a C0020000 		.4byte	.LASF100
 1000 073e 05       		.byte	0x5
 1001 073f A8       		.byte	0xa8
 1002 0740 21       		.byte	0x21
 1003 0741 B8030000 		.4byte	0x3b8
 1004 0745 0C       		.uleb128 0xc
 1005 0746 7D060000 		.4byte	.LASF104
 1006 074a 05       		.byte	0x5
 1007 074b AC       		.byte	0xac
 1008 074c 21       		.byte	0x21
 1009 074d F6030000 		.4byte	0x3f6
 1010 0751 00       		.byte	0
 1011 0752 18       		.uleb128 0x18
 1012 0753 04       		.byte	0x4
 1013 0754 05       		.byte	0x5
 1014 0755 F0       		.byte	0xf0
 1015 0756 BB070000 		.4byte	0x7bb
 1016 075a 0C       		.uleb128 0xc
 1017 075b 23000000 		.4byte	.LASF105
 1018 075f 05       		.byte	0x5
 1019 0760 F7       		.byte	0xf7
 1020 0761 21       		.byte	0x21
 1021 0762 48010000 		.4byte	0x148
 1022 0766 0C       		.uleb128 0xc
 1023 0767 AE000000 		.4byte	.LASF106
 1024 076b 05       		.byte	0x5
 1025 076c FE       		.byte	0xfe
 1026 076d 21       		.byte	0x21
ARM GAS  /tmp/cc20pczk.s 			page 19


 1027 076e 48010000 		.4byte	0x148
 1028 0772 11       		.uleb128 0x11
 1029 0773 AB070000 		.4byte	.LASF80
 1030 0777 0501     		.2byte	0x105
 1031 0779 22       		.byte	0x22
 1032 077a A7000000 		.4byte	0xa7
 1033 077e 11       		.uleb128 0x11
 1034 077f 12000000 		.4byte	.LASF107
 1035 0783 0C01     		.2byte	0x10c
 1036 0785 22       		.byte	0x22
 1037 0786 BB070000 		.4byte	0x7bb
 1038 078a 11       		.uleb128 0x11
 1039 078b C2000000 		.4byte	.LASF108
 1040 078f 1101     		.2byte	0x111
 1041 0791 21       		.byte	0x21
 1042 0792 48010000 		.4byte	0x148
 1043 0796 11       		.uleb128 0x11
 1044 0797 65020000 		.4byte	.LASF109
 1045 079b 1A01     		.2byte	0x11a
 1046 079d 22       		.byte	0x22
 1047 079e E8070000 		.4byte	0x7e8
 1048 07a2 11       		.uleb128 0x11
 1049 07a3 FC050000 		.4byte	.LASF110
 1050 07a7 2301     		.2byte	0x123
 1051 07a9 22       		.byte	0x22
 1052 07aa 22080000 		.4byte	0x822
 1053 07ae 11       		.uleb128 0x11
 1054 07af 9B050000 		.4byte	.LASF111
 1055 07b3 2B01     		.2byte	0x12b
 1056 07b5 21       		.byte	0x21
 1057 07b6 54010000 		.4byte	0x154
 1058 07ba 00       		.byte	0
 1059 07bb 04       		.uleb128 0x4
 1060 07bc 19070000 		.4byte	0x719
 1061 07c0 07       		.uleb128 0x7
 1062 07c1 BC050000 		.4byte	.LASF112
 1063 07c5 0C       		.byte	0xc
 1064 07c6 0C       		.byte	0xc
 1065 07c7 34       		.byte	0x34
 1066 07c8 10       		.byte	0x10
 1067 07c9 E8070000 		.4byte	0x7e8
 1068 07cd 02       		.uleb128 0x2
 1069 07ce C0020000 		.4byte	.LASF100
 1070 07d2 0C       		.byte	0xc
 1071 07d3 35       		.byte	0x35
 1072 07d4 19       		.byte	0x19
 1073 07d5 B8030000 		.4byte	0x3b8
 1074 07d9 00       		.byte	0
 1075 07da 08       		.uleb128 0x8
 1076 07db 636E7400 		.ascii	"cnt\000"
 1077 07df 0C       		.byte	0xc
 1078 07e0 37       		.byte	0x37
 1079 07e1 19       		.byte	0x19
 1080 07e2 60010000 		.4byte	0x160
 1081 07e6 08       		.byte	0x8
 1082 07e7 00       		.byte	0
 1083 07e8 04       		.uleb128 0x4
ARM GAS  /tmp/cc20pczk.s 			page 20


 1084 07e9 C0070000 		.4byte	0x7c0
 1085 07ed 07       		.uleb128 0x7
 1086 07ee 60070000 		.4byte	.LASF113
 1087 07f2 10       		.byte	0x10
 1088 07f3 0D       		.byte	0xd
 1089 07f4 39       		.byte	0x39
 1090 07f5 08       		.byte	0x8
 1091 07f6 22080000 		.4byte	0x822
 1092 07fa 02       		.uleb128 0x2
 1093 07fb C0020000 		.4byte	.LASF100
 1094 07ff 0D       		.byte	0xd
 1095 0800 3A       		.byte	0x3a
 1096 0801 19       		.byte	0x19
 1097 0802 B8030000 		.4byte	0x3b8
 1098 0806 00       		.byte	0
 1099 0807 02       		.uleb128 0x2
 1100 0808 0F060000 		.4byte	.LASF33
 1101 080c 0D       		.byte	0xd
 1102 080d 3C       		.byte	0x3c
 1103 080e 1A       		.byte	0x1a
 1104 080f A5040000 		.4byte	0x4a5
 1105 0813 08       		.byte	0x8
 1106 0814 02       		.uleb128 0x2
 1107 0815 18000000 		.4byte	.LASF70
 1108 0819 0D       		.byte	0xd
 1109 081a 3E       		.byte	0x3e
 1110 081b 1A       		.byte	0x1a
 1111 081c E3080000 		.4byte	0x8e3
 1112 0820 0C       		.byte	0xc
 1113 0821 00       		.byte	0
 1114 0822 04       		.uleb128 0x4
 1115 0823 ED070000 		.4byte	0x7ed
 1116 0827 04       		.uleb128 0x4
 1117 0828 6E020000 		.4byte	0x26e
 1118 082c 04       		.uleb128 0x4
 1119 082d 0C010000 		.4byte	0x10c
 1120 0831 15       		.uleb128 0x15
 1121 0832 06040000 		.4byte	.LASF114
 1122 0836 10       		.byte	0x10
 1123 0837 05       		.byte	0x5
 1124 0838 6101     		.2byte	0x161
 1125 083a 10       		.byte	0x10
 1126 083b 5A080000 		.4byte	0x85a
 1127 083f 03       		.uleb128 0x3
 1128 0840 7D060000 		.4byte	.LASF104
 1129 0844 6601     		.2byte	0x166
 1130 0846 21       		.byte	0x21
 1131 0847 F6030000 		.4byte	0x3f6
 1132 084b 00       		.byte	0
 1133 084c 03       		.uleb128 0x3
 1134 084d EC040000 		.4byte	.LASF115
 1135 0851 6A01     		.2byte	0x16a
 1136 0853 22       		.byte	0x22
 1137 0854 A5040000 		.4byte	0x4a5
 1138 0858 0C       		.byte	0xc
 1139 0859 00       		.byte	0
 1140 085a 20       		.uleb128 0x20
ARM GAS  /tmp/cc20pczk.s 			page 21


 1141 085b 00000000 		.4byte	.LASF116
 1142 085f 6B01     		.2byte	0x16b
 1143 0861 31080000 		.4byte	0x831
 1144 0865 15       		.uleb128 0x15
 1145 0866 BF040000 		.4byte	.LASF117
 1146 086a 14       		.byte	0x14
 1147 086b 05       		.byte	0x5
 1148 086c 7001     		.2byte	0x170
 1149 086e 10       		.byte	0x10
 1150 086f B5080000 		.4byte	0x8b5
 1151 0873 03       		.uleb128 0x3
 1152 0874 BB020000 		.4byte	.LASF34
 1153 0878 7401     		.2byte	0x174
 1154 087a 22       		.byte	0x22
 1155 087b B5000000 		.4byte	0xb5
 1156 087f 00       		.byte	0
 1157 0880 03       		.uleb128 0x3
 1158 0881 FA010000 		.4byte	.LASF118
 1159 0885 7A01     		.2byte	0x17a
 1160 0887 22       		.byte	0x22
 1161 0888 2C080000 		.4byte	0x82c
 1162 088c 04       		.byte	0x4
 1163 088d 03       		.uleb128 0x3
 1164 088e B2070000 		.4byte	.LASF119
 1165 0892 7E01     		.2byte	0x17e
 1166 0894 22       		.byte	0x22
 1167 0895 2C080000 		.4byte	0x82c
 1168 0899 08       		.byte	0x8
 1169 089a 03       		.uleb128 0x3
 1170 089b 33000000 		.4byte	.LASF120
 1171 089f 8401     		.2byte	0x184
 1172 08a1 22       		.byte	0x22
 1173 08a2 2C080000 		.4byte	0x82c
 1174 08a6 0C       		.byte	0xc
 1175 08a7 03       		.uleb128 0x3
 1176 08a8 E9070000 		.4byte	.LASF121
 1177 08ac 8801     		.2byte	0x188
 1178 08ae 22       		.byte	0x22
 1179 08af 2C080000 		.4byte	0x82c
 1180 08b3 10       		.byte	0x10
 1181 08b4 00       		.byte	0
 1182 08b5 20       		.uleb128 0x20
 1183 08b6 41070000 		.4byte	.LASF122
 1184 08ba 8A01     		.2byte	0x18a
 1185 08bc 65080000 		.4byte	0x865
 1186 08c0 0A       		.uleb128 0xa
 1187 08c1 B5080000 		.4byte	0x8b5
 1188 08c5 04       		.uleb128 0x4
 1189 08c6 C0080000 		.4byte	0x8c0
 1190 08ca 2B       		.uleb128 0x2b
 1191 08cb 63683000 		.ascii	"ch0\000"
 1192 08cf 10       		.byte	0x10
 1193 08d0 4101     		.2byte	0x141
 1194 08d2 16       		.byte	0x16
 1195 08d3 6E020000 		.4byte	0x26e
 1196 08d7 01       		.uleb128 0x1
 1197 08d8 0A020000 		.4byte	.LASF123
ARM GAS  /tmp/cc20pczk.s 			page 22


 1198 08dc 0D       		.byte	0xd
 1199 08dd 34       		.byte	0x34
 1200 08de 19       		.byte	0x19
 1201 08df ED070000 		.4byte	0x7ed
 1202 08e3 04       		.uleb128 0x4
 1203 08e4 D7080000 		.4byte	0x8d7
 1204 08e8 05       		.uleb128 0x5
 1205 08e9 01       		.byte	0x1
 1206 08ea 02       		.byte	0x2
 1207 08eb 51050000 		.4byte	.LASF124
 1208 08ef 16       		.uleb128 0x16
 1209 08f0 D0010000 		.4byte	.LASF125
 1210 08f4 0E       		.byte	0xe
 1211 08f5 9B       		.byte	0x9b
 1212 08f6 21       		.uleb128 0x21
 1213 08f7 C9050000 		.4byte	.LASF129
 1214 08fb 0E       		.byte	0xe
 1215 08fc 98       		.byte	0x98
 1216 08fd 07090000 		.4byte	0x907
 1217 0901 1B       		.uleb128 0x1b
 1218 0902 24010000 		.4byte	0x124
 1219 0906 00       		.byte	0
 1220 0907 2C       		.uleb128 0x2c
 1221 0908 03060000 		.4byte	.LASF158
 1222 090c 0E       		.byte	0xe
 1223 090d 97       		.byte	0x97
 1224 090e 0D       		.byte	0xd
 1225 090f A5040000 		.4byte	0x4a5
 1226 0913 1D090000 		.4byte	0x91d
 1227 0917 1B       		.uleb128 0x1b
 1228 0918 A5040000 		.4byte	0x4a5
 1229 091c 00       		.byte	0
 1230 091d 16       		.uleb128 0x16
 1231 091e E2050000 		.4byte	.LASF126
 1232 0922 07       		.byte	0x7
 1233 0923 AE       		.byte	0xae
 1234 0924 16       		.uleb128 0x16
 1235 0925 52020000 		.4byte	.LASF127
 1236 0929 07       		.byte	0x7
 1237 092a A8       		.byte	0xa8
 1238 092b 16       		.uleb128 0x16
 1239 092c 11050000 		.4byte	.LASF128
 1240 0930 07       		.byte	0x7
 1241 0931 A7       		.byte	0xa7
 1242 0932 21       		.uleb128 0x21
 1243 0933 56070000 		.4byte	.LASF130
 1244 0937 04       		.byte	0x4
 1245 0938 E7       		.byte	0xe7
 1246 0939 43090000 		.4byte	0x943
 1247 093d 1B       		.uleb128 0x1b
 1248 093e B5000000 		.4byte	0xb5
 1249 0942 00       		.byte	0
 1250 0943 2D       		.uleb128 0x2d
 1251 0944 C1030000 		.4byte	.LASF159
 1252 0948 0F       		.byte	0xf
 1253 0949 3202     		.2byte	0x232
 1254 094b 06       		.byte	0x6
ARM GAS  /tmp/cc20pczk.s 			page 23


 1255 094c 1C       		.uleb128 0x1c
 1256 094d 3E010000 		.4byte	.LASF132
 1257 0951 0902     		.2byte	0x209
 1258 0953 80090000 		.4byte	0x980
 1259 0957 12       		.uleb128 0x12
 1260 0958 AB030000 		.4byte	.LASF131
 1261 095c 0A02     		.2byte	0x20a
 1262 095e 0D       		.byte	0xd
 1263 095f A5040000 		.4byte	0x4a5
 1264 0963 14       		.uleb128 0x14
 1265 0964 0B       		.uleb128 0xb
 1266 0965 6D7000   		.ascii	"mp\000"
 1267 0968 0F       		.byte	0xf
 1268 0969 0E02     		.2byte	0x20e
 1269 096b 10       		.byte	0x10
 1270 096c E3080000 		.4byte	0x8e3
 1271 0970 14       		.uleb128 0x14
 1272 0971 0B       		.uleb128 0xb
 1273 0972 747000   		.ascii	"tp\000"
 1274 0975 0F       		.byte	0xf
 1275 0976 1102     		.2byte	0x211
 1276 0978 13       		.byte	0x13
 1277 0979 A5040000 		.4byte	0x4a5
 1278 097d 00       		.byte	0
 1279 097e 00       		.byte	0
 1280 097f 00       		.byte	0
 1281 0980 1C       		.uleb128 0x1c
 1282 0981 38020000 		.4byte	.LASF133
 1283 0985 BC01     		.2byte	0x1bc
 1284 0987 D4090000 		.4byte	0x9d4
 1285 098b 13       		.uleb128 0x13
 1286 098c 6D7000   		.ascii	"mp\000"
 1287 098f 0F       		.byte	0xf
 1288 0990 BC01     		.2byte	0x1bc
 1289 0992 1C       		.byte	0x1c
 1290 0993 E3080000 		.4byte	0x8e3
 1291 0997 12       		.uleb128 0x12
 1292 0998 AB030000 		.4byte	.LASF131
 1293 099c BD01     		.2byte	0x1bd
 1294 099e 0D       		.byte	0xd
 1295 099f A5040000 		.4byte	0x4a5
 1296 09a3 0B       		.uleb128 0xb
 1297 09a4 6C6D7000 		.ascii	"lmp\000"
 1298 09a8 0F       		.byte	0xf
 1299 09a9 BE01     		.2byte	0x1be
 1300 09ab 0C       		.byte	0xc
 1301 09ac E3080000 		.4byte	0x8e3
 1302 09b0 0F       		.uleb128 0xf
 1303 09b1 A2050000 		.4byte	.LASF136
 1304 09b5 E4090000 		.4byte	0x9e4
 1305 09b9 14       		.uleb128 0x14
 1306 09ba 0B       		.uleb128 0xb
 1307 09bb 747000   		.ascii	"tp\000"
 1308 09be 0F       		.byte	0xf
 1309 09bf D401     		.2byte	0x1d4
 1310 09c1 11       		.byte	0x11
 1311 09c2 A5040000 		.4byte	0x4a5
ARM GAS  /tmp/cc20pczk.s 			page 24


 1312 09c6 12       		.uleb128 0x12
 1313 09c7 7F020000 		.4byte	.LASF134
 1314 09cb D801     		.2byte	0x1d8
 1315 09cd 0F       		.byte	0xf
 1316 09ce 3C010000 		.4byte	0x13c
 1317 09d2 00       		.byte	0
 1318 09d3 00       		.byte	0
 1319 09d4 0D       		.uleb128 0xd
 1320 09d5 B0000000 		.4byte	0xb0
 1321 09d9 E4090000 		.4byte	0x9e4
 1322 09dd 0E       		.uleb128 0xe
 1323 09de 25000000 		.4byte	0x25
 1324 09e2 0C       		.byte	0xc
 1325 09e3 00       		.byte	0
 1326 09e4 0A       		.uleb128 0xa
 1327 09e5 D4090000 		.4byte	0x9d4
 1328 09e9 1C       		.uleb128 0x1c
 1329 09ea E5000000 		.4byte	.LASF135
 1330 09ee 6501     		.2byte	0x165
 1331 09f0 3D0A0000 		.4byte	0xa3d
 1332 09f4 13       		.uleb128 0x13
 1333 09f5 6D7000   		.ascii	"mp\000"
 1334 09f8 0F       		.byte	0xf
 1335 09f9 6501     		.2byte	0x165
 1336 09fb 1B       		.byte	0x1b
 1337 09fc E3080000 		.4byte	0x8e3
 1338 0a00 12       		.uleb128 0x12
 1339 0a01 AB030000 		.4byte	.LASF131
 1340 0a05 6601     		.2byte	0x166
 1341 0a07 0D       		.byte	0xd
 1342 0a08 A5040000 		.4byte	0x4a5
 1343 0a0c 0B       		.uleb128 0xb
 1344 0a0d 6C6D7000 		.ascii	"lmp\000"
 1345 0a11 0F       		.byte	0xf
 1346 0a12 6701     		.2byte	0x167
 1347 0a14 0C       		.byte	0xc
 1348 0a15 E3080000 		.4byte	0x8e3
 1349 0a19 0F       		.uleb128 0xf
 1350 0a1a A2050000 		.4byte	.LASF136
 1351 0a1e 4D0A0000 		.4byte	0xa4d
 1352 0a22 14       		.uleb128 0x14
 1353 0a23 0B       		.uleb128 0xb
 1354 0a24 747000   		.ascii	"tp\000"
 1355 0a27 0F       		.byte	0xf
 1356 0a28 7E01     		.2byte	0x17e
 1357 0a2a 11       		.byte	0x11
 1358 0a2b A5040000 		.4byte	0x4a5
 1359 0a2f 12       		.uleb128 0x12
 1360 0a30 7F020000 		.4byte	.LASF134
 1361 0a34 8201     		.2byte	0x182
 1362 0a36 0F       		.byte	0xf
 1363 0a37 3C010000 		.4byte	0x13c
 1364 0a3b 00       		.byte	0
 1365 0a3c 00       		.byte	0
 1366 0a3d 0D       		.uleb128 0xd
 1367 0a3e B0000000 		.4byte	0xb0
 1368 0a42 4D0A0000 		.4byte	0xa4d
ARM GAS  /tmp/cc20pczk.s 			page 25


 1369 0a46 0E       		.uleb128 0xe
 1370 0a47 25000000 		.4byte	0x25
 1371 0a4b 0B       		.byte	0xb
 1372 0a4c 00       		.byte	0
 1373 0a4d 0A       		.uleb128 0xa
 1374 0a4e 3D0A0000 		.4byte	0xa3d
 1375 0a52 22       		.uleb128 0x22
 1376 0a53 B6010000 		.4byte	.LASF137
 1377 0a57 3B01     		.2byte	0x13b
 1378 0a59 E8080000 		.4byte	0x8e8
 1379 0a5d 830A0000 		.4byte	0xa83
 1380 0a61 13       		.uleb128 0x13
 1381 0a62 6D7000   		.ascii	"mp\000"
 1382 0a65 0F       		.byte	0xf
 1383 0a66 3B01     		.2byte	0x13b
 1384 0a68 1D       		.byte	0x1d
 1385 0a69 E3080000 		.4byte	0x8e3
 1386 0a6d 12       		.uleb128 0x12
 1387 0a6e AB030000 		.4byte	.LASF131
 1388 0a72 3C01     		.2byte	0x13c
 1389 0a74 0D       		.byte	0xd
 1390 0a75 A5040000 		.4byte	0x4a5
 1391 0a79 0F       		.uleb128 0xf
 1392 0a7a A2050000 		.4byte	.LASF136
 1393 0a7e 930A0000 		.4byte	0xa93
 1394 0a82 00       		.byte	0
 1395 0a83 0D       		.uleb128 0xd
 1396 0a84 B0000000 		.4byte	0xb0
 1397 0a88 930A0000 		.4byte	0xa93
 1398 0a8c 0E       		.uleb128 0xe
 1399 0a8d 25000000 		.4byte	0x25
 1400 0a91 0D       		.byte	0xd
 1401 0a92 00       		.byte	0
 1402 0a93 0A       		.uleb128 0xa
 1403 0a94 830A0000 		.4byte	0xa83
 1404 0a98 22       		.uleb128 0x22
 1405 0a99 20040000 		.4byte	.LASF138
 1406 0a9d 2001     		.2byte	0x120
 1407 0a9f E8080000 		.4byte	0x8e8
 1408 0aa3 BF0A0000 		.4byte	0xabf
 1409 0aa7 13       		.uleb128 0x13
 1410 0aa8 6D7000   		.ascii	"mp\000"
 1411 0aab 0F       		.byte	0xf
 1412 0aac 2001     		.2byte	0x120
 1413 0aae 1C       		.byte	0x1c
 1414 0aaf E3080000 		.4byte	0x8e3
 1415 0ab3 0B       		.uleb128 0xb
 1416 0ab4 6200     		.ascii	"b\000"
 1417 0ab6 0F       		.byte	0xf
 1418 0ab7 2101     		.2byte	0x121
 1419 0ab9 08       		.byte	0x8
 1420 0aba E8080000 		.4byte	0x8e8
 1421 0abe 00       		.byte	0
 1422 0abf 17       		.uleb128 0x17
 1423 0ac0 7D010000 		.4byte	.LASF139
 1424 0ac4 AA       		.byte	0xaa
 1425 0ac5 F70A0000 		.4byte	0xaf7
ARM GAS  /tmp/cc20pczk.s 			page 26


 1426 0ac9 09       		.uleb128 0x9
 1427 0aca 6D7000   		.ascii	"mp\000"
 1428 0acd 0F       		.byte	0xf
 1429 0ace AA       		.byte	0xaa
 1430 0acf 1A       		.byte	0x1a
 1431 0ad0 E3080000 		.4byte	0x8e3
 1432 0ad4 2E       		.uleb128 0x2e
 1433 0ad5 AB030000 		.4byte	.LASF131
 1434 0ad9 0F       		.byte	0xf
 1435 0ada AB       		.byte	0xab
 1436 0adb 0D       		.byte	0xd
 1437 0adc A5040000 		.4byte	0x4a5
 1438 0ae0 0F       		.uleb128 0xf
 1439 0ae1 A2050000 		.4byte	.LASF136
 1440 0ae5 070B0000 		.4byte	0xb07
 1441 0ae9 14       		.uleb128 0x14
 1442 0aea 23       		.uleb128 0x23
 1443 0aeb 747000   		.ascii	"tp\000"
 1444 0aee 0F       		.byte	0xf
 1445 0aef C0       		.byte	0xc0
 1446 0af0 11       		.byte	0x11
 1447 0af1 A5040000 		.4byte	0x4a5
 1448 0af5 00       		.byte	0
 1449 0af6 00       		.byte	0
 1450 0af7 0D       		.uleb128 0xd
 1451 0af8 B0000000 		.4byte	0xb0
 1452 0afc 070B0000 		.4byte	0xb07
 1453 0b00 0E       		.uleb128 0xe
 1454 0b01 25000000 		.4byte	0x25
 1455 0b05 0A       		.byte	0xa
 1456 0b06 00       		.byte	0
 1457 0b07 0A       		.uleb128 0xa
 1458 0b08 F70A0000 		.4byte	0xaf7
 1459 0b0c 17       		.uleb128 0x17
 1460 0b0d B5040000 		.4byte	.LASF140
 1461 0b11 9A       		.byte	0x9a
 1462 0b12 220B0000 		.4byte	0xb22
 1463 0b16 09       		.uleb128 0x9
 1464 0b17 6D7000   		.ascii	"mp\000"
 1465 0b1a 0F       		.byte	0xf
 1466 0b1b 9A       		.byte	0x9a
 1467 0b1c 19       		.byte	0x19
 1468 0b1d E3080000 		.4byte	0x8e3
 1469 0b21 00       		.byte	0
 1470 0b22 17       		.uleb128 0x17
 1471 0b23 6C020000 		.4byte	.LASF141
 1472 0b27 83       		.byte	0x83
 1473 0b28 410B0000 		.4byte	0xb41
 1474 0b2c 09       		.uleb128 0x9
 1475 0b2d 6D7000   		.ascii	"mp\000"
 1476 0b30 0F       		.byte	0xf
 1477 0b31 83       		.byte	0x83
 1478 0b32 22       		.byte	0x22
 1479 0b33 E3080000 		.4byte	0x8e3
 1480 0b37 0F       		.uleb128 0xf
 1481 0b38 A2050000 		.4byte	.LASF136
 1482 0b3c 510B0000 		.4byte	0xb51
ARM GAS  /tmp/cc20pczk.s 			page 27


 1483 0b40 00       		.byte	0
 1484 0b41 0D       		.uleb128 0xd
 1485 0b42 B0000000 		.4byte	0xb0
 1486 0b46 510B0000 		.4byte	0xb51
 1487 0b4a 0E       		.uleb128 0xe
 1488 0b4b 25000000 		.4byte	0x25
 1489 0b4f 12       		.byte	0x12
 1490 0b50 00       		.byte	0
 1491 0b51 0A       		.uleb128 0xa
 1492 0b52 410B0000 		.4byte	0xb41
 1493 0b56 17       		.uleb128 0x17
 1494 0b57 56010000 		.4byte	.LASF142
 1495 0b5b 69       		.byte	0x69
 1496 0b5c 750B0000 		.4byte	0xb75
 1497 0b60 09       		.uleb128 0x9
 1498 0b61 6D7000   		.ascii	"mp\000"
 1499 0b64 0F       		.byte	0xf
 1500 0b65 69       		.byte	0x69
 1501 0b66 1F       		.byte	0x1f
 1502 0b67 E3080000 		.4byte	0x8e3
 1503 0b6b 0F       		.uleb128 0xf
 1504 0b6c A2050000 		.4byte	.LASF136
 1505 0b70 850B0000 		.4byte	0xb85
 1506 0b74 00       		.byte	0
 1507 0b75 0D       		.uleb128 0xd
 1508 0b76 B0000000 		.4byte	0xb0
 1509 0b7a 850B0000 		.4byte	0xb85
 1510 0b7e 0E       		.uleb128 0xe
 1511 0b7f 25000000 		.4byte	0x25
 1512 0b83 0F       		.byte	0xf
 1513 0b84 00       		.byte	0
 1514 0b85 0A       		.uleb128 0xa
 1515 0b86 750B0000 		.4byte	0xb75
 1516 0b8a 1D       		.uleb128 0x1d
 1517 0b8b 5F060000 		.4byte	.LASF150
 1518 0b8f 0D       		.byte	0xd
 1519 0b90 81       		.byte	0x81
 1520 0b91 E8080000 		.4byte	0x8e8
 1521 0b95 A50B0000 		.4byte	0xba5
 1522 0b99 09       		.uleb128 0x9
 1523 0b9a 6D7000   		.ascii	"mp\000"
 1524 0b9d 0D       		.byte	0xd
 1525 0b9e 81       		.byte	0x81
 1526 0b9f 31       		.byte	0x31
 1527 0ba0 E3080000 		.4byte	0x8e3
 1528 0ba4 00       		.byte	0
 1529 0ba5 2F       		.uleb128 0x2f
 1530 0ba6 8F070000 		.4byte	.LASF160
 1531 0baa 12       		.byte	0x12
 1532 0bab 5701     		.2byte	0x157
 1533 0bad 19       		.byte	0x19
 1534 0bae A5040000 		.4byte	0x4a5
 1535 0bb2 30       		.uleb128 0x30
 1536 0bb3 76070000 		.4byte	.LASF143
 1537 0bb7 0E       		.byte	0xe
 1538 0bb8 AF       		.byte	0xaf
 1539 0bb9 14       		.byte	0x14
ARM GAS  /tmp/cc20pczk.s 			page 28


 1540 0bba E00B0000 		.4byte	0xbe0
 1541 0bbe 09       		.uleb128 0x9
 1542 0bbf 717000   		.ascii	"qp\000"
 1543 0bc2 0E       		.byte	0xe
 1544 0bc3 AF       		.byte	0xaf
 1545 0bc4 33       		.byte	0x33
 1546 0bc5 F1030000 		.4byte	0x3f1
 1547 0bc9 09       		.uleb128 0x9
 1548 0bca 747000   		.ascii	"tp\000"
 1549 0bcd 0E       		.byte	0xe
 1550 0bce AF       		.byte	0xaf
 1551 0bcf 43       		.byte	0x43
 1552 0bd0 F1030000 		.4byte	0x3f1
 1553 0bd4 23       		.uleb128 0x23
 1554 0bd5 637000   		.ascii	"cp\000"
 1555 0bd8 0E       		.byte	0xe
 1556 0bd9 B1       		.byte	0xb1
 1557 0bda 0F       		.byte	0xf
 1558 0bdb F1030000 		.4byte	0x3f1
 1559 0bdf 00       		.byte	0
 1560 0be0 24       		.uleb128 0x24
 1561 0be1 CE070000 		.4byte	.LASF144
 1562 0be5 10       		.byte	0x10
 1563 0be6 A501     		.2byte	0x1a5
 1564 0be8 14       		.byte	0x14
 1565 0be9 F70B0000 		.4byte	0xbf7
 1566 0bed 0F       		.uleb128 0xf
 1567 0bee A2050000 		.4byte	.LASF136
 1568 0bf2 4D0A0000 		.4byte	0xa4d
 1569 0bf6 00       		.byte	0
 1570 0bf7 1E       		.uleb128 0x1e
 1571 0bf8 AB050000 		.4byte	.LASF145
 1572 0bfc 10       		.byte	0x10
 1573 0bfd 9701     		.2byte	0x197
 1574 0bff 14       		.byte	0x14
 1575 0c00 1E       		.uleb128 0x1e
 1576 0c01 1A010000 		.4byte	.LASF146
 1577 0c05 0B       		.byte	0xb
 1578 0c06 D702     		.2byte	0x2d7
 1579 0c08 1B       		.byte	0x1b
 1580 0c09 1E       		.uleb128 0x1e
 1581 0c0a DF070000 		.4byte	.LASF147
 1582 0c0e 0B       		.byte	0xb
 1583 0c0f BF02     		.2byte	0x2bf
 1584 0c11 1B       		.byte	0x1b
 1585 0c12 24       		.uleb128 0x24
 1586 0c13 93040000 		.4byte	.LASF148
 1587 0c17 11       		.byte	0x11
 1588 0c18 EB01     		.2byte	0x1eb
 1589 0c1a 1B       		.byte	0x1b
 1590 0c1b 2D0C0000 		.4byte	0xc2d
 1591 0c1f 31       		.uleb128 0x31
 1592 0c20 0B010000 		.4byte	.LASF149
 1593 0c24 11       		.byte	0x11
 1594 0c25 EB01     		.2byte	0x1eb
 1595 0c27 32       		.byte	0x32
 1596 0c28 E3000000 		.4byte	0xe3
ARM GAS  /tmp/cc20pczk.s 			page 29


 1597 0c2c 00       		.byte	0
 1598 0c2d 25       		.uleb128 0x25
 1599 0c2e 6D000000 		.4byte	.LASF151
 1600 0c32 3E01     		.2byte	0x13e
 1601 0c34 F1030000 		.4byte	0x3f1
 1602 0c38 480C0000 		.4byte	0xc48
 1603 0c3c 13       		.uleb128 0x13
 1604 0c3d 7000     		.ascii	"p\000"
 1605 0c3f 09       		.byte	0x9
 1606 0c40 3E01     		.2byte	0x13e
 1607 0c42 38       		.byte	0x38
 1608 0c43 F1030000 		.4byte	0x3f1
 1609 0c47 00       		.byte	0
 1610 0c48 25       		.uleb128 0x25
 1611 0c49 91010000 		.4byte	.LASF152
 1612 0c4d 1801     		.2byte	0x118
 1613 0c4f F1030000 		.4byte	0x3f1
 1614 0c53 6F0C0000 		.4byte	0xc6f
 1615 0c57 13       		.uleb128 0x13
 1616 0c58 717000   		.ascii	"qp\000"
 1617 0c5b 09       		.byte	0x9
 1618 0c5c 1801     		.2byte	0x118
 1619 0c5e 3C       		.byte	0x3c
 1620 0c5f F1030000 		.4byte	0x3f1
 1621 0c63 0B       		.uleb128 0xb
 1622 0c64 7000     		.ascii	"p\000"
 1623 0c66 09       		.byte	0x9
 1624 0c67 1901     		.2byte	0x119
 1625 0c69 0F       		.byte	0xf
 1626 0c6a F1030000 		.4byte	0x3f1
 1627 0c6e 00       		.byte	0
 1628 0c6f 1D       		.uleb128 0x1d
 1629 0c70 F4040000 		.4byte	.LASF153
 1630 0c74 09       		.byte	0x9
 1631 0c75 F9       		.byte	0xf9
 1632 0c76 E8080000 		.4byte	0x8e8
 1633 0c7a 8A0C0000 		.4byte	0xc8a
 1634 0c7e 09       		.uleb128 0x9
 1635 0c7f 717000   		.ascii	"qp\000"
 1636 0c82 09       		.byte	0x9
 1637 0c83 F9       		.byte	0xf9
 1638 0c84 38       		.byte	0x38
 1639 0c85 8A0C0000 		.4byte	0xc8a
 1640 0c89 00       		.byte	0
 1641 0c8a 04       		.uleb128 0x4
 1642 0c8b C4030000 		.4byte	0x3c4
 1643 0c8f 1D       		.uleb128 0x1d
 1644 0c90 AF060000 		.4byte	.LASF154
 1645 0c94 09       		.byte	0x9
 1646 0c95 EC       		.byte	0xec
 1647 0c96 E8080000 		.4byte	0x8e8
 1648 0c9a AA0C0000 		.4byte	0xcaa
 1649 0c9e 09       		.uleb128 0x9
 1650 0c9f 717000   		.ascii	"qp\000"
 1651 0ca2 09       		.byte	0x9
 1652 0ca3 EC       		.byte	0xec
 1653 0ca4 37       		.byte	0x37
ARM GAS  /tmp/cc20pczk.s 			page 30


 1654 0ca5 8A0C0000 		.4byte	0xc8a
 1655 0ca9 00       		.byte	0
 1656 0caa 32       		.uleb128 0x32
 1657 0cab DA060000 		.4byte	.LASF161
 1658 0caf 09       		.byte	0x9
 1659 0cb0 DE       		.byte	0xde
 1660 0cb1 14       		.byte	0x14
 1661 0cb2 09       		.uleb128 0x9
 1662 0cb3 717000   		.ascii	"qp\000"
 1663 0cb6 09       		.byte	0x9
 1664 0cb7 DE       		.byte	0xde
 1665 0cb8 2E       		.byte	0x2e
 1666 0cb9 F1030000 		.4byte	0x3f1
 1667 0cbd 00       		.byte	0
 1668 0cbe 00       		.byte	0
 1669              		.section	.gnu.debuglto_.debug_abbrev,"e",%progbits
 1670              	.Ldebug_abbrev0:
 1671 0000 01       		.uleb128 0x1
 1672 0001 16       		.uleb128 0x16
 1673 0002 00       		.byte	0
 1674 0003 03       		.uleb128 0x3
 1675 0004 0E       		.uleb128 0xe
 1676 0005 3A       		.uleb128 0x3a
 1677 0006 0B       		.uleb128 0xb
 1678 0007 3B       		.uleb128 0x3b
 1679 0008 0B       		.uleb128 0xb
 1680 0009 39       		.uleb128 0x39
 1681 000a 0B       		.uleb128 0xb
 1682 000b 49       		.uleb128 0x49
 1683 000c 13       		.uleb128 0x13
 1684 000d 00       		.byte	0
 1685 000e 00       		.byte	0
 1686 000f 02       		.uleb128 0x2
 1687 0010 0D       		.uleb128 0xd
 1688 0011 00       		.byte	0
 1689 0012 03       		.uleb128 0x3
 1690 0013 0E       		.uleb128 0xe
 1691 0014 3A       		.uleb128 0x3a
 1692 0015 0B       		.uleb128 0xb
 1693 0016 3B       		.uleb128 0x3b
 1694 0017 0B       		.uleb128 0xb
 1695 0018 39       		.uleb128 0x39
 1696 0019 0B       		.uleb128 0xb
 1697 001a 49       		.uleb128 0x49
 1698 001b 13       		.uleb128 0x13
 1699 001c 38       		.uleb128 0x38
 1700 001d 0B       		.uleb128 0xb
 1701 001e 00       		.byte	0
 1702 001f 00       		.byte	0
 1703 0020 03       		.uleb128 0x3
 1704 0021 0D       		.uleb128 0xd
 1705 0022 00       		.byte	0
 1706 0023 03       		.uleb128 0x3
 1707 0024 0E       		.uleb128 0xe
 1708 0025 3A       		.uleb128 0x3a
 1709 0026 21       		.uleb128 0x21
 1710 0027 05       		.sleb128 5
ARM GAS  /tmp/cc20pczk.s 			page 31


 1711 0028 3B       		.uleb128 0x3b
 1712 0029 05       		.uleb128 0x5
 1713 002a 39       		.uleb128 0x39
 1714 002b 0B       		.uleb128 0xb
 1715 002c 49       		.uleb128 0x49
 1716 002d 13       		.uleb128 0x13
 1717 002e 38       		.uleb128 0x38
 1718 002f 0B       		.uleb128 0xb
 1719 0030 00       		.byte	0
 1720 0031 00       		.byte	0
 1721 0032 04       		.uleb128 0x4
 1722 0033 0F       		.uleb128 0xf
 1723 0034 00       		.byte	0
 1724 0035 0B       		.uleb128 0xb
 1725 0036 21       		.uleb128 0x21
 1726 0037 04       		.sleb128 4
 1727 0038 49       		.uleb128 0x49
 1728 0039 13       		.uleb128 0x13
 1729 003a 00       		.byte	0
 1730 003b 00       		.byte	0
 1731 003c 05       		.uleb128 0x5
 1732 003d 24       		.uleb128 0x24
 1733 003e 00       		.byte	0
 1734 003f 0B       		.uleb128 0xb
 1735 0040 0B       		.uleb128 0xb
 1736 0041 3E       		.uleb128 0x3e
 1737 0042 0B       		.uleb128 0xb
 1738 0043 03       		.uleb128 0x3
 1739 0044 0E       		.uleb128 0xe
 1740 0045 00       		.byte	0
 1741 0046 00       		.byte	0
 1742 0047 06       		.uleb128 0x6
 1743 0048 0D       		.uleb128 0xd
 1744 0049 00       		.byte	0
 1745 004a 03       		.uleb128 0x3
 1746 004b 08       		.uleb128 0x8
 1747 004c 3A       		.uleb128 0x3a
 1748 004d 0B       		.uleb128 0xb
 1749 004e 3B       		.uleb128 0x3b
 1750 004f 05       		.uleb128 0x5
 1751 0050 39       		.uleb128 0x39
 1752 0051 0B       		.uleb128 0xb
 1753 0052 49       		.uleb128 0x49
 1754 0053 13       		.uleb128 0x13
 1755 0054 38       		.uleb128 0x38
 1756 0055 0B       		.uleb128 0xb
 1757 0056 00       		.byte	0
 1758 0057 00       		.byte	0
 1759 0058 07       		.uleb128 0x7
 1760 0059 13       		.uleb128 0x13
 1761 005a 01       		.byte	0x1
 1762 005b 03       		.uleb128 0x3
 1763 005c 0E       		.uleb128 0xe
 1764 005d 0B       		.uleb128 0xb
 1765 005e 0B       		.uleb128 0xb
 1766 005f 3A       		.uleb128 0x3a
 1767 0060 0B       		.uleb128 0xb
ARM GAS  /tmp/cc20pczk.s 			page 32


 1768 0061 3B       		.uleb128 0x3b
 1769 0062 0B       		.uleb128 0xb
 1770 0063 39       		.uleb128 0x39
 1771 0064 0B       		.uleb128 0xb
 1772 0065 01       		.uleb128 0x1
 1773 0066 13       		.uleb128 0x13
 1774 0067 00       		.byte	0
 1775 0068 00       		.byte	0
 1776 0069 08       		.uleb128 0x8
 1777 006a 0D       		.uleb128 0xd
 1778 006b 00       		.byte	0
 1779 006c 03       		.uleb128 0x3
 1780 006d 08       		.uleb128 0x8
 1781 006e 3A       		.uleb128 0x3a
 1782 006f 0B       		.uleb128 0xb
 1783 0070 3B       		.uleb128 0x3b
 1784 0071 0B       		.uleb128 0xb
 1785 0072 39       		.uleb128 0x39
 1786 0073 0B       		.uleb128 0xb
 1787 0074 49       		.uleb128 0x49
 1788 0075 13       		.uleb128 0x13
 1789 0076 38       		.uleb128 0x38
 1790 0077 0B       		.uleb128 0xb
 1791 0078 00       		.byte	0
 1792 0079 00       		.byte	0
 1793 007a 09       		.uleb128 0x9
 1794 007b 05       		.uleb128 0x5
 1795 007c 00       		.byte	0
 1796 007d 03       		.uleb128 0x3
 1797 007e 08       		.uleb128 0x8
 1798 007f 3A       		.uleb128 0x3a
 1799 0080 0B       		.uleb128 0xb
 1800 0081 3B       		.uleb128 0x3b
 1801 0082 0B       		.uleb128 0xb
 1802 0083 39       		.uleb128 0x39
 1803 0084 0B       		.uleb128 0xb
 1804 0085 49       		.uleb128 0x49
 1805 0086 13       		.uleb128 0x13
 1806 0087 00       		.byte	0
 1807 0088 00       		.byte	0
 1808 0089 0A       		.uleb128 0xa
 1809 008a 26       		.uleb128 0x26
 1810 008b 00       		.byte	0
 1811 008c 49       		.uleb128 0x49
 1812 008d 13       		.uleb128 0x13
 1813 008e 00       		.byte	0
 1814 008f 00       		.byte	0
 1815 0090 0B       		.uleb128 0xb
 1816 0091 34       		.uleb128 0x34
 1817 0092 00       		.byte	0
 1818 0093 03       		.uleb128 0x3
 1819 0094 08       		.uleb128 0x8
 1820 0095 3A       		.uleb128 0x3a
 1821 0096 0B       		.uleb128 0xb
 1822 0097 3B       		.uleb128 0x3b
 1823 0098 05       		.uleb128 0x5
 1824 0099 39       		.uleb128 0x39
ARM GAS  /tmp/cc20pczk.s 			page 33


 1825 009a 0B       		.uleb128 0xb
 1826 009b 49       		.uleb128 0x49
 1827 009c 13       		.uleb128 0x13
 1828 009d 00       		.byte	0
 1829 009e 00       		.byte	0
 1830 009f 0C       		.uleb128 0xc
 1831 00a0 0D       		.uleb128 0xd
 1832 00a1 00       		.byte	0
 1833 00a2 03       		.uleb128 0x3
 1834 00a3 0E       		.uleb128 0xe
 1835 00a4 3A       		.uleb128 0x3a
 1836 00a5 0B       		.uleb128 0xb
 1837 00a6 3B       		.uleb128 0x3b
 1838 00a7 0B       		.uleb128 0xb
 1839 00a8 39       		.uleb128 0x39
 1840 00a9 0B       		.uleb128 0xb
 1841 00aa 49       		.uleb128 0x49
 1842 00ab 13       		.uleb128 0x13
 1843 00ac 00       		.byte	0
 1844 00ad 00       		.byte	0
 1845 00ae 0D       		.uleb128 0xd
 1846 00af 01       		.uleb128 0x1
 1847 00b0 01       		.byte	0x1
 1848 00b1 49       		.uleb128 0x49
 1849 00b2 13       		.uleb128 0x13
 1850 00b3 01       		.uleb128 0x1
 1851 00b4 13       		.uleb128 0x13
 1852 00b5 00       		.byte	0
 1853 00b6 00       		.byte	0
 1854 00b7 0E       		.uleb128 0xe
 1855 00b8 21       		.uleb128 0x21
 1856 00b9 00       		.byte	0
 1857 00ba 49       		.uleb128 0x49
 1858 00bb 13       		.uleb128 0x13
 1859 00bc 2F       		.uleb128 0x2f
 1860 00bd 0B       		.uleb128 0xb
 1861 00be 00       		.byte	0
 1862 00bf 00       		.byte	0
 1863 00c0 0F       		.uleb128 0xf
 1864 00c1 34       		.uleb128 0x34
 1865 00c2 00       		.byte	0
 1866 00c3 03       		.uleb128 0x3
 1867 00c4 0E       		.uleb128 0xe
 1868 00c5 49       		.uleb128 0x49
 1869 00c6 13       		.uleb128 0x13
 1870 00c7 34       		.uleb128 0x34
 1871 00c8 19       		.uleb128 0x19
 1872 00c9 00       		.byte	0
 1873 00ca 00       		.byte	0
 1874 00cb 10       		.uleb128 0x10
 1875 00cc 13       		.uleb128 0x13
 1876 00cd 01       		.byte	0x1
 1877 00ce 0B       		.uleb128 0xb
 1878 00cf 0B       		.uleb128 0xb
 1879 00d0 3A       		.uleb128 0x3a
 1880 00d1 21       		.uleb128 0x21
 1881 00d2 0A       		.sleb128 10
ARM GAS  /tmp/cc20pczk.s 			page 34


 1882 00d3 3B       		.uleb128 0x3b
 1883 00d4 0B       		.uleb128 0xb
 1884 00d5 39       		.uleb128 0x39
 1885 00d6 0B       		.uleb128 0xb
 1886 00d7 01       		.uleb128 0x1
 1887 00d8 13       		.uleb128 0x13
 1888 00d9 00       		.byte	0
 1889 00da 00       		.byte	0
 1890 00db 11       		.uleb128 0x11
 1891 00dc 0D       		.uleb128 0xd
 1892 00dd 00       		.byte	0
 1893 00de 03       		.uleb128 0x3
 1894 00df 0E       		.uleb128 0xe
 1895 00e0 3A       		.uleb128 0x3a
 1896 00e1 21       		.uleb128 0x21
 1897 00e2 05       		.sleb128 5
 1898 00e3 3B       		.uleb128 0x3b
 1899 00e4 05       		.uleb128 0x5
 1900 00e5 39       		.uleb128 0x39
 1901 00e6 0B       		.uleb128 0xb
 1902 00e7 49       		.uleb128 0x49
 1903 00e8 13       		.uleb128 0x13
 1904 00e9 00       		.byte	0
 1905 00ea 00       		.byte	0
 1906 00eb 12       		.uleb128 0x12
 1907 00ec 34       		.uleb128 0x34
 1908 00ed 00       		.byte	0
 1909 00ee 03       		.uleb128 0x3
 1910 00ef 0E       		.uleb128 0xe
 1911 00f0 3A       		.uleb128 0x3a
 1912 00f1 21       		.uleb128 0x21
 1913 00f2 0F       		.sleb128 15
 1914 00f3 3B       		.uleb128 0x3b
 1915 00f4 05       		.uleb128 0x5
 1916 00f5 39       		.uleb128 0x39
 1917 00f6 0B       		.uleb128 0xb
 1918 00f7 49       		.uleb128 0x49
 1919 00f8 13       		.uleb128 0x13
 1920 00f9 00       		.byte	0
 1921 00fa 00       		.byte	0
 1922 00fb 13       		.uleb128 0x13
 1923 00fc 05       		.uleb128 0x5
 1924 00fd 00       		.byte	0
 1925 00fe 03       		.uleb128 0x3
 1926 00ff 08       		.uleb128 0x8
 1927 0100 3A       		.uleb128 0x3a
 1928 0101 0B       		.uleb128 0xb
 1929 0102 3B       		.uleb128 0x3b
 1930 0103 05       		.uleb128 0x5
 1931 0104 39       		.uleb128 0x39
 1932 0105 0B       		.uleb128 0xb
 1933 0106 49       		.uleb128 0x49
 1934 0107 13       		.uleb128 0x13
 1935 0108 00       		.byte	0
 1936 0109 00       		.byte	0
 1937 010a 14       		.uleb128 0x14
 1938 010b 0B       		.uleb128 0xb
ARM GAS  /tmp/cc20pczk.s 			page 35


 1939 010c 01       		.byte	0x1
 1940 010d 00       		.byte	0
 1941 010e 00       		.byte	0
 1942 010f 15       		.uleb128 0x15
 1943 0110 13       		.uleb128 0x13
 1944 0111 01       		.byte	0x1
 1945 0112 03       		.uleb128 0x3
 1946 0113 0E       		.uleb128 0xe
 1947 0114 0B       		.uleb128 0xb
 1948 0115 0B       		.uleb128 0xb
 1949 0116 3A       		.uleb128 0x3a
 1950 0117 0B       		.uleb128 0xb
 1951 0118 3B       		.uleb128 0x3b
 1952 0119 05       		.uleb128 0x5
 1953 011a 39       		.uleb128 0x39
 1954 011b 0B       		.uleb128 0xb
 1955 011c 01       		.uleb128 0x1
 1956 011d 13       		.uleb128 0x13
 1957 011e 00       		.byte	0
 1958 011f 00       		.byte	0
 1959 0120 16       		.uleb128 0x16
 1960 0121 2E       		.uleb128 0x2e
 1961 0122 00       		.byte	0
 1962 0123 3F       		.uleb128 0x3f
 1963 0124 19       		.uleb128 0x19
 1964 0125 03       		.uleb128 0x3
 1965 0126 0E       		.uleb128 0xe
 1966 0127 3A       		.uleb128 0x3a
 1967 0128 0B       		.uleb128 0xb
 1968 0129 3B       		.uleb128 0x3b
 1969 012a 0B       		.uleb128 0xb
 1970 012b 39       		.uleb128 0x39
 1971 012c 21       		.uleb128 0x21
 1972 012d 08       		.sleb128 8
 1973 012e 27       		.uleb128 0x27
 1974 012f 19       		.uleb128 0x19
 1975 0130 3C       		.uleb128 0x3c
 1976 0131 19       		.uleb128 0x19
 1977 0132 00       		.byte	0
 1978 0133 00       		.byte	0
 1979 0134 17       		.uleb128 0x17
 1980 0135 2E       		.uleb128 0x2e
 1981 0136 01       		.byte	0x1
 1982 0137 3F       		.uleb128 0x3f
 1983 0138 19       		.uleb128 0x19
 1984 0139 03       		.uleb128 0x3
 1985 013a 0E       		.uleb128 0xe
 1986 013b 3A       		.uleb128 0x3a
 1987 013c 21       		.uleb128 0x21
 1988 013d 0F       		.sleb128 15
 1989 013e 3B       		.uleb128 0x3b
 1990 013f 0B       		.uleb128 0xb
 1991 0140 39       		.uleb128 0x39
 1992 0141 21       		.uleb128 0x21
 1993 0142 06       		.sleb128 6
 1994 0143 27       		.uleb128 0x27
 1995 0144 19       		.uleb128 0x19
ARM GAS  /tmp/cc20pczk.s 			page 36


 1996 0145 01       		.uleb128 0x1
 1997 0146 13       		.uleb128 0x13
 1998 0147 00       		.byte	0
 1999 0148 00       		.byte	0
 2000 0149 18       		.uleb128 0x18
 2001 014a 17       		.uleb128 0x17
 2002 014b 01       		.byte	0x1
 2003 014c 0B       		.uleb128 0xb
 2004 014d 0B       		.uleb128 0xb
 2005 014e 3A       		.uleb128 0x3a
 2006 014f 0B       		.uleb128 0xb
 2007 0150 3B       		.uleb128 0x3b
 2008 0151 0B       		.uleb128 0xb
 2009 0152 39       		.uleb128 0x39
 2010 0153 21       		.uleb128 0x21
 2011 0154 03       		.sleb128 3
 2012 0155 01       		.uleb128 0x1
 2013 0156 13       		.uleb128 0x13
 2014 0157 00       		.byte	0
 2015 0158 00       		.byte	0
 2016 0159 19       		.uleb128 0x19
 2017 015a 0D       		.uleb128 0xd
 2018 015b 00       		.byte	0
 2019 015c 03       		.uleb128 0x3
 2020 015d 08       		.uleb128 0x8
 2021 015e 3A       		.uleb128 0x3a
 2022 015f 21       		.uleb128 0x21
 2023 0160 0A       		.sleb128 10
 2024 0161 3B       		.uleb128 0x3b
 2025 0162 0B       		.uleb128 0xb
 2026 0163 39       		.uleb128 0x39
 2027 0164 21       		.uleb128 0x21
 2028 0165 07       		.sleb128 7
 2029 0166 49       		.uleb128 0x49
 2030 0167 13       		.uleb128 0x13
 2031 0168 00       		.byte	0
 2032 0169 00       		.byte	0
 2033 016a 1A       		.uleb128 0x1a
 2034 016b 0D       		.uleb128 0xd
 2035 016c 00       		.byte	0
 2036 016d 03       		.uleb128 0x3
 2037 016e 0E       		.uleb128 0xe
 2038 016f 3A       		.uleb128 0x3a
 2039 0170 21       		.uleb128 0x21
 2040 0171 0A       		.sleb128 10
 2041 0172 3B       		.uleb128 0x3b
 2042 0173 0B       		.uleb128 0xb
 2043 0174 39       		.uleb128 0x39
 2044 0175 21       		.uleb128 0x21
 2045 0176 19       		.sleb128 25
 2046 0177 49       		.uleb128 0x49
 2047 0178 13       		.uleb128 0x13
 2048 0179 0D       		.uleb128 0xd
 2049 017a 0B       		.uleb128 0xb
 2050 017b 6B       		.uleb128 0x6b
 2051 017c 0B       		.uleb128 0xb
 2052 017d 00       		.byte	0
ARM GAS  /tmp/cc20pczk.s 			page 37


 2053 017e 00       		.byte	0
 2054 017f 1B       		.uleb128 0x1b
 2055 0180 05       		.uleb128 0x5
 2056 0181 00       		.byte	0
 2057 0182 49       		.uleb128 0x49
 2058 0183 13       		.uleb128 0x13
 2059 0184 00       		.byte	0
 2060 0185 00       		.byte	0
 2061 0186 1C       		.uleb128 0x1c
 2062 0187 2E       		.uleb128 0x2e
 2063 0188 01       		.byte	0x1
 2064 0189 3F       		.uleb128 0x3f
 2065 018a 19       		.uleb128 0x19
 2066 018b 03       		.uleb128 0x3
 2067 018c 0E       		.uleb128 0xe
 2068 018d 3A       		.uleb128 0x3a
 2069 018e 21       		.uleb128 0x21
 2070 018f 0F       		.sleb128 15
 2071 0190 3B       		.uleb128 0x3b
 2072 0191 05       		.uleb128 0x5
 2073 0192 39       		.uleb128 0x39
 2074 0193 21       		.uleb128 0x21
 2075 0194 06       		.sleb128 6
 2076 0195 27       		.uleb128 0x27
 2077 0196 19       		.uleb128 0x19
 2078 0197 01       		.uleb128 0x1
 2079 0198 13       		.uleb128 0x13
 2080 0199 00       		.byte	0
 2081 019a 00       		.byte	0
 2082 019b 1D       		.uleb128 0x1d
 2083 019c 2E       		.uleb128 0x2e
 2084 019d 01       		.byte	0x1
 2085 019e 03       		.uleb128 0x3
 2086 019f 0E       		.uleb128 0xe
 2087 01a0 3A       		.uleb128 0x3a
 2088 01a1 0B       		.uleb128 0xb
 2089 01a2 3B       		.uleb128 0x3b
 2090 01a3 0B       		.uleb128 0xb
 2091 01a4 39       		.uleb128 0x39
 2092 01a5 21       		.uleb128 0x21
 2093 01a6 14       		.sleb128 20
 2094 01a7 27       		.uleb128 0x27
 2095 01a8 19       		.uleb128 0x19
 2096 01a9 49       		.uleb128 0x49
 2097 01aa 13       		.uleb128 0x13
 2098 01ab 01       		.uleb128 0x1
 2099 01ac 13       		.uleb128 0x13
 2100 01ad 00       		.byte	0
 2101 01ae 00       		.byte	0
 2102 01af 1E       		.uleb128 0x1e
 2103 01b0 2E       		.uleb128 0x2e
 2104 01b1 00       		.byte	0
 2105 01b2 03       		.uleb128 0x3
 2106 01b3 0E       		.uleb128 0xe
 2107 01b4 3A       		.uleb128 0x3a
 2108 01b5 0B       		.uleb128 0xb
 2109 01b6 3B       		.uleb128 0x3b
ARM GAS  /tmp/cc20pczk.s 			page 38


 2110 01b7 05       		.uleb128 0x5
 2111 01b8 39       		.uleb128 0x39
 2112 01b9 0B       		.uleb128 0xb
 2113 01ba 27       		.uleb128 0x27
 2114 01bb 19       		.uleb128 0x19
 2115 01bc 00       		.byte	0
 2116 01bd 00       		.byte	0
 2117 01be 1F       		.uleb128 0x1f
 2118 01bf 35       		.uleb128 0x35
 2119 01c0 00       		.byte	0
 2120 01c1 49       		.uleb128 0x49
 2121 01c2 13       		.uleb128 0x13
 2122 01c3 00       		.byte	0
 2123 01c4 00       		.byte	0
 2124 01c5 20       		.uleb128 0x20
 2125 01c6 16       		.uleb128 0x16
 2126 01c7 00       		.byte	0
 2127 01c8 03       		.uleb128 0x3
 2128 01c9 0E       		.uleb128 0xe
 2129 01ca 3A       		.uleb128 0x3a
 2130 01cb 21       		.uleb128 0x21
 2131 01cc 05       		.sleb128 5
 2132 01cd 3B       		.uleb128 0x3b
 2133 01ce 05       		.uleb128 0x5
 2134 01cf 39       		.uleb128 0x39
 2135 01d0 21       		.uleb128 0x21
 2136 01d1 03       		.sleb128 3
 2137 01d2 49       		.uleb128 0x49
 2138 01d3 13       		.uleb128 0x13
 2139 01d4 00       		.byte	0
 2140 01d5 00       		.byte	0
 2141 01d6 21       		.uleb128 0x21
 2142 01d7 2E       		.uleb128 0x2e
 2143 01d8 01       		.byte	0x1
 2144 01d9 3F       		.uleb128 0x3f
 2145 01da 19       		.uleb128 0x19
 2146 01db 03       		.uleb128 0x3
 2147 01dc 0E       		.uleb128 0xe
 2148 01dd 3A       		.uleb128 0x3a
 2149 01de 0B       		.uleb128 0xb
 2150 01df 3B       		.uleb128 0x3b
 2151 01e0 0B       		.uleb128 0xb
 2152 01e1 39       		.uleb128 0x39
 2153 01e2 21       		.uleb128 0x21
 2154 01e3 08       		.sleb128 8
 2155 01e4 27       		.uleb128 0x27
 2156 01e5 19       		.uleb128 0x19
 2157 01e6 3C       		.uleb128 0x3c
 2158 01e7 19       		.uleb128 0x19
 2159 01e8 01       		.uleb128 0x1
 2160 01e9 13       		.uleb128 0x13
 2161 01ea 00       		.byte	0
 2162 01eb 00       		.byte	0
 2163 01ec 22       		.uleb128 0x22
 2164 01ed 2E       		.uleb128 0x2e
 2165 01ee 01       		.byte	0x1
 2166 01ef 3F       		.uleb128 0x3f
ARM GAS  /tmp/cc20pczk.s 			page 39


 2167 01f0 19       		.uleb128 0x19
 2168 01f1 03       		.uleb128 0x3
 2169 01f2 0E       		.uleb128 0xe
 2170 01f3 3A       		.uleb128 0x3a
 2171 01f4 21       		.uleb128 0x21
 2172 01f5 0F       		.sleb128 15
 2173 01f6 3B       		.uleb128 0x3b
 2174 01f7 05       		.uleb128 0x5
 2175 01f8 39       		.uleb128 0x39
 2176 01f9 21       		.uleb128 0x21
 2177 01fa 06       		.sleb128 6
 2178 01fb 27       		.uleb128 0x27
 2179 01fc 19       		.uleb128 0x19
 2180 01fd 49       		.uleb128 0x49
 2181 01fe 13       		.uleb128 0x13
 2182 01ff 01       		.uleb128 0x1
 2183 0200 13       		.uleb128 0x13
 2184 0201 00       		.byte	0
 2185 0202 00       		.byte	0
 2186 0203 23       		.uleb128 0x23
 2187 0204 34       		.uleb128 0x34
 2188 0205 00       		.byte	0
 2189 0206 03       		.uleb128 0x3
 2190 0207 08       		.uleb128 0x8
 2191 0208 3A       		.uleb128 0x3a
 2192 0209 0B       		.uleb128 0xb
 2193 020a 3B       		.uleb128 0x3b
 2194 020b 0B       		.uleb128 0xb
 2195 020c 39       		.uleb128 0x39
 2196 020d 0B       		.uleb128 0xb
 2197 020e 49       		.uleb128 0x49
 2198 020f 13       		.uleb128 0x13
 2199 0210 00       		.byte	0
 2200 0211 00       		.byte	0
 2201 0212 24       		.uleb128 0x24
 2202 0213 2E       		.uleb128 0x2e
 2203 0214 01       		.byte	0x1
 2204 0215 03       		.uleb128 0x3
 2205 0216 0E       		.uleb128 0xe
 2206 0217 3A       		.uleb128 0x3a
 2207 0218 0B       		.uleb128 0xb
 2208 0219 3B       		.uleb128 0x3b
 2209 021a 05       		.uleb128 0x5
 2210 021b 39       		.uleb128 0x39
 2211 021c 0B       		.uleb128 0xb
 2212 021d 27       		.uleb128 0x27
 2213 021e 19       		.uleb128 0x19
 2214 021f 01       		.uleb128 0x1
 2215 0220 13       		.uleb128 0x13
 2216 0221 00       		.byte	0
 2217 0222 00       		.byte	0
 2218 0223 25       		.uleb128 0x25
 2219 0224 2E       		.uleb128 0x2e
 2220 0225 01       		.byte	0x1
 2221 0226 03       		.uleb128 0x3
 2222 0227 0E       		.uleb128 0xe
 2223 0228 3A       		.uleb128 0x3a
ARM GAS  /tmp/cc20pczk.s 			page 40


 2224 0229 21       		.uleb128 0x21
 2225 022a 09       		.sleb128 9
 2226 022b 3B       		.uleb128 0x3b
 2227 022c 05       		.uleb128 0x5
 2228 022d 39       		.uleb128 0x39
 2229 022e 21       		.uleb128 0x21
 2230 022f 1B       		.sleb128 27
 2231 0230 27       		.uleb128 0x27
 2232 0231 19       		.uleb128 0x19
 2233 0232 49       		.uleb128 0x49
 2234 0233 13       		.uleb128 0x13
 2235 0234 01       		.uleb128 0x1
 2236 0235 13       		.uleb128 0x13
 2237 0236 00       		.byte	0
 2238 0237 00       		.byte	0
 2239 0238 26       		.uleb128 0x26
 2240 0239 11       		.uleb128 0x11
 2241 023a 01       		.byte	0x1
 2242 023b 25       		.uleb128 0x25
 2243 023c 0E       		.uleb128 0xe
 2244 023d 13       		.uleb128 0x13
 2245 023e 0B       		.uleb128 0xb
 2246 023f 03       		.uleb128 0x3
 2247 0240 0E       		.uleb128 0xe
 2248 0241 1B       		.uleb128 0x1b
 2249 0242 0E       		.uleb128 0xe
 2250 0243 10       		.uleb128 0x10
 2251 0244 17       		.uleb128 0x17
 2252 0245 00       		.byte	0
 2253 0246 00       		.byte	0
 2254 0247 27       		.uleb128 0x27
 2255 0248 24       		.uleb128 0x24
 2256 0249 00       		.byte	0
 2257 024a 0B       		.uleb128 0xb
 2258 024b 0B       		.uleb128 0xb
 2259 024c 3E       		.uleb128 0x3e
 2260 024d 0B       		.uleb128 0xb
 2261 024e 03       		.uleb128 0x3
 2262 024f 08       		.uleb128 0x8
 2263 0250 00       		.byte	0
 2264 0251 00       		.byte	0
 2265 0252 28       		.uleb128 0x28
 2266 0253 0F       		.uleb128 0xf
 2267 0254 00       		.byte	0
 2268 0255 0B       		.uleb128 0xb
 2269 0256 0B       		.uleb128 0xb
 2270 0257 00       		.byte	0
 2271 0258 00       		.byte	0
 2272 0259 29       		.uleb128 0x29
 2273 025a 13       		.uleb128 0x13
 2274 025b 01       		.byte	0x1
 2275 025c 03       		.uleb128 0x3
 2276 025d 0E       		.uleb128 0xe
 2277 025e 0B       		.uleb128 0xb
 2278 025f 05       		.uleb128 0x5
 2279 0260 3A       		.uleb128 0x3a
 2280 0261 0B       		.uleb128 0xb
ARM GAS  /tmp/cc20pczk.s 			page 41


 2281 0262 3B       		.uleb128 0x3b
 2282 0263 05       		.uleb128 0x5
 2283 0264 39       		.uleb128 0x39
 2284 0265 0B       		.uleb128 0xb
 2285 0266 01       		.uleb128 0x1
 2286 0267 13       		.uleb128 0x13
 2287 0268 00       		.byte	0
 2288 0269 00       		.byte	0
 2289 026a 2A       		.uleb128 0x2a
 2290 026b 13       		.uleb128 0x13
 2291 026c 01       		.byte	0x1
 2292 026d 0B       		.uleb128 0xb
 2293 026e 05       		.uleb128 0x5
 2294 026f 3A       		.uleb128 0x3a
 2295 0270 0B       		.uleb128 0xb
 2296 0271 3B       		.uleb128 0x3b
 2297 0272 0B       		.uleb128 0xb
 2298 0273 39       		.uleb128 0x39
 2299 0274 0B       		.uleb128 0xb
 2300 0275 01       		.uleb128 0x1
 2301 0276 13       		.uleb128 0x13
 2302 0277 00       		.byte	0
 2303 0278 00       		.byte	0
 2304 0279 2B       		.uleb128 0x2b
 2305 027a 34       		.uleb128 0x34
 2306 027b 00       		.byte	0
 2307 027c 03       		.uleb128 0x3
 2308 027d 08       		.uleb128 0x8
 2309 027e 3A       		.uleb128 0x3a
 2310 027f 0B       		.uleb128 0xb
 2311 0280 3B       		.uleb128 0x3b
 2312 0281 05       		.uleb128 0x5
 2313 0282 39       		.uleb128 0x39
 2314 0283 0B       		.uleb128 0xb
 2315 0284 49       		.uleb128 0x49
 2316 0285 13       		.uleb128 0x13
 2317 0286 3F       		.uleb128 0x3f
 2318 0287 19       		.uleb128 0x19
 2319 0288 3C       		.uleb128 0x3c
 2320 0289 19       		.uleb128 0x19
 2321 028a 00       		.byte	0
 2322 028b 00       		.byte	0
 2323 028c 2C       		.uleb128 0x2c
 2324 028d 2E       		.uleb128 0x2e
 2325 028e 01       		.byte	0x1
 2326 028f 3F       		.uleb128 0x3f
 2327 0290 19       		.uleb128 0x19
 2328 0291 03       		.uleb128 0x3
 2329 0292 0E       		.uleb128 0xe
 2330 0293 3A       		.uleb128 0x3a
 2331 0294 0B       		.uleb128 0xb
 2332 0295 3B       		.uleb128 0x3b
 2333 0296 0B       		.uleb128 0xb
 2334 0297 39       		.uleb128 0x39
 2335 0298 0B       		.uleb128 0xb
 2336 0299 27       		.uleb128 0x27
 2337 029a 19       		.uleb128 0x19
ARM GAS  /tmp/cc20pczk.s 			page 42


 2338 029b 49       		.uleb128 0x49
 2339 029c 13       		.uleb128 0x13
 2340 029d 3C       		.uleb128 0x3c
 2341 029e 19       		.uleb128 0x19
 2342 029f 01       		.uleb128 0x1
 2343 02a0 13       		.uleb128 0x13
 2344 02a1 00       		.byte	0
 2345 02a2 00       		.byte	0
 2346 02a3 2D       		.uleb128 0x2d
 2347 02a4 2E       		.uleb128 0x2e
 2348 02a5 00       		.byte	0
 2349 02a6 3F       		.uleb128 0x3f
 2350 02a7 19       		.uleb128 0x19
 2351 02a8 03       		.uleb128 0x3
 2352 02a9 0E       		.uleb128 0xe
 2353 02aa 3A       		.uleb128 0x3a
 2354 02ab 0B       		.uleb128 0xb
 2355 02ac 3B       		.uleb128 0x3b
 2356 02ad 05       		.uleb128 0x5
 2357 02ae 39       		.uleb128 0x39
 2358 02af 0B       		.uleb128 0xb
 2359 02b0 27       		.uleb128 0x27
 2360 02b1 19       		.uleb128 0x19
 2361 02b2 00       		.byte	0
 2362 02b3 00       		.byte	0
 2363 02b4 2E       		.uleb128 0x2e
 2364 02b5 34       		.uleb128 0x34
 2365 02b6 00       		.byte	0
 2366 02b7 03       		.uleb128 0x3
 2367 02b8 0E       		.uleb128 0xe
 2368 02b9 3A       		.uleb128 0x3a
 2369 02ba 0B       		.uleb128 0xb
 2370 02bb 3B       		.uleb128 0x3b
 2371 02bc 0B       		.uleb128 0xb
 2372 02bd 39       		.uleb128 0x39
 2373 02be 0B       		.uleb128 0xb
 2374 02bf 49       		.uleb128 0x49
 2375 02c0 13       		.uleb128 0x13
 2376 02c1 00       		.byte	0
 2377 02c2 00       		.byte	0
 2378 02c3 2F       		.uleb128 0x2f
 2379 02c4 2E       		.uleb128 0x2e
 2380 02c5 00       		.byte	0
 2381 02c6 03       		.uleb128 0x3
 2382 02c7 0E       		.uleb128 0xe
 2383 02c8 3A       		.uleb128 0x3a
 2384 02c9 0B       		.uleb128 0xb
 2385 02ca 3B       		.uleb128 0x3b
 2386 02cb 05       		.uleb128 0x5
 2387 02cc 39       		.uleb128 0x39
 2388 02cd 0B       		.uleb128 0xb
 2389 02ce 27       		.uleb128 0x27
 2390 02cf 19       		.uleb128 0x19
 2391 02d0 49       		.uleb128 0x49
 2392 02d1 13       		.uleb128 0x13
 2393 02d2 00       		.byte	0
 2394 02d3 00       		.byte	0
ARM GAS  /tmp/cc20pczk.s 			page 43


 2395 02d4 30       		.uleb128 0x30
 2396 02d5 2E       		.uleb128 0x2e
 2397 02d6 01       		.byte	0x1
 2398 02d7 03       		.uleb128 0x3
 2399 02d8 0E       		.uleb128 0xe
 2400 02d9 3A       		.uleb128 0x3a
 2401 02da 0B       		.uleb128 0xb
 2402 02db 3B       		.uleb128 0x3b
 2403 02dc 0B       		.uleb128 0xb
 2404 02dd 39       		.uleb128 0x39
 2405 02de 0B       		.uleb128 0xb
 2406 02df 27       		.uleb128 0x27
 2407 02e0 19       		.uleb128 0x19
 2408 02e1 01       		.uleb128 0x1
 2409 02e2 13       		.uleb128 0x13
 2410 02e3 00       		.byte	0
 2411 02e4 00       		.byte	0
 2412 02e5 31       		.uleb128 0x31
 2413 02e6 05       		.uleb128 0x5
 2414 02e7 00       		.byte	0
 2415 02e8 03       		.uleb128 0x3
 2416 02e9 0E       		.uleb128 0xe
 2417 02ea 3A       		.uleb128 0x3a
 2418 02eb 0B       		.uleb128 0xb
 2419 02ec 3B       		.uleb128 0x3b
 2420 02ed 05       		.uleb128 0x5
 2421 02ee 39       		.uleb128 0x39
 2422 02ef 0B       		.uleb128 0xb
 2423 02f0 49       		.uleb128 0x49
 2424 02f1 13       		.uleb128 0x13
 2425 02f2 00       		.byte	0
 2426 02f3 00       		.byte	0
 2427 02f4 32       		.uleb128 0x32
 2428 02f5 2E       		.uleb128 0x2e
 2429 02f6 01       		.byte	0x1
 2430 02f7 03       		.uleb128 0x3
 2431 02f8 0E       		.uleb128 0xe
 2432 02f9 3A       		.uleb128 0x3a
 2433 02fa 0B       		.uleb128 0xb
 2434 02fb 3B       		.uleb128 0x3b
 2435 02fc 0B       		.uleb128 0xb
 2436 02fd 39       		.uleb128 0x39
 2437 02fe 0B       		.uleb128 0xb
 2438 02ff 27       		.uleb128 0x27
 2439 0300 19       		.uleb128 0x19
 2440 0301 00       		.byte	0
 2441 0302 00       		.byte	0
 2442 0303 00       		.byte	0
 2443              		.section	.gnu.debuglto_.debug_line,"e",%progbits
 2444              	.Ldebug_line0:
 2445 0000 A3000000 		.4byte	.LELT0-.LSLT0
 2446              	.LSLT0:
 2447 0004 0500     		.2byte	0x5
 2448 0006 04       		.byte	0x4
 2449 0007 00       		.byte	0
 2450 0008 9B000000 		.4byte	.LELTP0-.LASLTP0
 2451              	.LASLTP0:
ARM GAS  /tmp/cc20pczk.s 			page 44


 2452 000c 01       		.byte	0x1
 2453 000d 01       		.byte	0x1
 2454 000e 01       		.byte	0x1
 2455 000f F6       		.byte	0xf6
 2456 0010 F2       		.byte	0xf2
 2457 0011 0D       		.byte	0xd
 2458 0012 00       		.byte	0
 2459 0013 01       		.byte	0x1
 2460 0014 01       		.byte	0x1
 2461 0015 01       		.byte	0x1
 2462 0016 01       		.byte	0x1
 2463 0017 00       		.byte	0
 2464 0018 00       		.byte	0
 2465 0019 00       		.byte	0
 2466 001a 01       		.byte	0x1
 2467 001b 00       		.byte	0
 2468 001c 00       		.byte	0
 2469 001d 01       		.byte	0x1
 2470 001e 01       		.byte	0x1
 2471 001f 01       		.uleb128 0x1
 2472 0020 1F       		.uleb128 0x1f
 2473 0021 08       		.uleb128 0x8
 2474 0022 48010000 		.4byte	.LASF162
 2475 0026 D4000000 		.4byte	.LASF163
 2476 002a 9B010000 		.4byte	.LASF164
 2477 002e C0020000 		.4byte	.LASF165
 2478 0032 1D010000 		.4byte	.LASF166
 2479 0036 78020000 		.4byte	.LASF167
 2480 003a 11000000 		.4byte	.LASF168
 2481 003e FC010000 		.4byte	.LASF169
 2482 0042 02       		.byte	0x2
 2483 0043 01       		.uleb128 0x1
 2484 0044 1F       		.uleb128 0x1f
 2485 0045 02       		.uleb128 0x2
 2486 0046 0B       		.uleb128 0xb
 2487 0047 13       		.uleb128 0x13
 2488 0048 88000000 		.4byte	.LASF170
 2489 004c 00       		.byte	0
 2490 004d 00000000 		.4byte	.LASF171
 2491 0051 06       		.byte	0x6
 2492 0052 D4010000 		.4byte	.LASF172
 2493 0056 07       		.byte	0x7
 2494 0057 CA010000 		.4byte	.LASF173
 2495 005b 02       		.byte	0x2
 2496 005c A2020000 		.4byte	.LASF174
 2497 0060 04       		.byte	0x4
 2498 0061 F0010000 		.4byte	.LASF175
 2499 0065 04       		.byte	0x4
 2500 0066 6F020000 		.4byte	.LASF176
 2501 006a 04       		.byte	0x4
 2502 006b AC020000 		.4byte	.LASF177
 2503 006f 04       		.byte	0x4
 2504 0070 3F010000 		.4byte	.LASF178
 2505 0074 04       		.byte	0x4
 2506 0075 E6010000 		.4byte	.LASF179
 2507 0079 04       		.byte	0x4
 2508 007a B6020000 		.4byte	.LASF180
ARM GAS  /tmp/cc20pczk.s 			page 45


 2509 007e 04       		.byte	0x4
 2510 007f C3000000 		.4byte	.LASF181
 2511 0083 03       		.byte	0x3
 2512 0084 CC000000 		.4byte	.LASF182
 2513 0088 04       		.byte	0x4
 2514 0089 15010000 		.4byte	.LASF183
 2515 008d 04       		.byte	0x4
 2516 008e BA000000 		.4byte	.LASF184
 2517 0092 04       		.byte	0x4
 2518 0093 0D010000 		.4byte	.LASF185
 2519 0097 05       		.byte	0x5
 2520 0098 DE010000 		.4byte	.LASF186
 2521 009c 04       		.byte	0x4
 2522 009d 96020000 		.4byte	.LASF187
 2523 00a1 01       		.byte	0x1
 2524 00a2 AE000000 		.4byte	.LASF188
 2525 00a6 04       		.byte	0x4
 2526              	.LELTP0:
 2527              	.LELT0:
 2528              		.section	.gnu.debuglto_.debug_str,"eMS",%progbits,1
 2529              	.LASF116:
 2530 0000 72656164 		.ascii	"ready_list_t\000"
 2530      795F6C69 
 2530      73745F74 
 2530      00
 2531              	.LASF53:
 2532 000d 72666375 		.ascii	"rfcu\000"
 2532      00
 2533              	.LASF107:
 2534 0012 77747472 		.ascii	"wttrp\000"
 2534      7000
 2535              	.LASF70:
 2536 0018 6E657874 		.ascii	"next\000"
 2536      00
 2537              	.LASF79:
 2538 001d 64656C74 		.ascii	"delta\000"
 2538      6100
 2539              	.LASF105:
 2540 0023 7264796D 		.ascii	"rdymsg\000"
 2540      736700
 2541              	.LASF20:
 2542 002a 75696E74 		.ascii	"uint64_t\000"
 2542      36345F74 
 2542      00
 2543              	.LASF120:
 2544 0033 69646C65 		.ascii	"idlethread_base\000"
 2544      74687265 
 2544      61645F62 
 2544      61736500 
 2545              	.LASF6:
 2546 0043 5F5F7569 		.ascii	"__uint8_t\000"
 2546      6E74385F 
 2546      7400
 2547              	.LASF73:
 2548 004d 70726576 		.ascii	"prev\000"
 2548      00
 2549              	.LASF92:
ARM GAS  /tmp/cc20pczk.s 			page 46


 2550 0052 706F7274 		.ascii	"port_intctx\000"
 2550      5F696E74 
 2550      63747800 
 2551              	.LASF65:
 2552 005e 73797374 		.ascii	"system_debug_t\000"
 2552      656D5F64 
 2552      65627567 
 2552      5F7400
 2553              	.LASF151:
 2554 006d 63685F71 		.ascii	"ch_queue_dequeue\000"
 2554      75657565 
 2554      5F646571 
 2554      75657565 
 2554      00
 2555              	.LASF84:
 2556 007e 74797065 		.ascii	"type\000"
 2556      00
 2557              	.LASF74:
 2558 0083 63685F70 		.ascii	"ch_priority_queue_t\000"
 2558      72696F72 
 2558      6974795F 
 2558      71756575 
 2558      655F7400 
 2559              	.LASF14:
 2560 0097 6C6F6E67 		.ascii	"long long unsigned int\000"
 2560      206C6F6E 
 2560      6720756E 
 2560      7369676E 
 2560      65642069 
 2561              	.LASF106:
 2562 00ae 65786974 		.ascii	"exitcode\000"
 2562      636F6465 
 2562      00
 2563              	.LASF55:
 2564 00b7 6D61696E 		.ascii	"mainthread\000"
 2564      74687265 
 2564      616400
 2565              	.LASF108:
 2566 00c2 73656E74 		.ascii	"sentmsg\000"
 2566      6D736700 
 2567              	.LASF98:
 2568 00ca 76697274 		.ascii	"virtual_timers_list_t\000"
 2568      75616C5F 
 2568      74696D65 
 2568      72735F6C 
 2568      6973745F 
 2569              	.LASF39:
 2570 00e0 72656673 		.ascii	"refs\000"
 2570      00
 2571              	.LASF135:
 2572 00e5 63684D74 		.ascii	"chMtxUnlock\000"
 2572      78556E6C 
 2572      6F636B00 
 2573              	.LASF3:
 2574 00f1 7369676E 		.ascii	"signed char\000"
 2574      65642063 
 2574      68617200 
ARM GAS  /tmp/cc20pczk.s 			page 47


 2575              	.LASF78:
 2576 00fd 63685F64 		.ascii	"ch_delta_list\000"
 2576      656C7461 
 2576      5F6C6973 
 2576      7400
 2577              	.LASF149:
 2578 010b 62617365 		.ascii	"basePri\000"
 2578      50726900 
 2579              	.LASF50:
 2580 0113 76746C69 		.ascii	"vtlist\000"
 2580      737400
 2581              	.LASF146:
 2582 011a 706F7274 		.ascii	"port_unlock\000"
 2582      5F756E6C 
 2582      6F636B00 
 2583              	.LASF37:
 2584 0126 73746174 		.ascii	"state\000"
 2584      6500
 2585              	.LASF10:
 2586 012c 6C6F6E67 		.ascii	"long int\000"
 2586      20696E74 
 2586      00
 2587              	.LASF24:
 2588 0135 74737461 		.ascii	"tstate_t\000"
 2588      74655F74 
 2588      00
 2589              	.LASF132:
 2590 013e 63684D74 		.ascii	"chMtxUnlockAllS\000"
 2590      78556E6C 
 2590      6F636B41 
 2590      6C6C5300 
 2591              	.LASF58:
 2592 014e 63685F72 		.ascii	"ch_rfcu\000"
 2592      66637500 
 2593              	.LASF142:
 2594 0156 63684D74 		.ascii	"chMtxObjectInit\000"
 2594      784F626A 
 2594      65637449 
 2594      6E697400 
 2595              	.LASF72:
 2596 0166 63685F71 		.ascii	"ch_queue\000"
 2596      75657565 
 2596      00
 2597              	.LASF1:
 2598 016f 6C6F6E67 		.ascii	"long long int\000"
 2598      206C6F6E 
 2598      6720696E 
 2598      7400
 2599              	.LASF139:
 2600 017d 63684D74 		.ascii	"chMtxLockS\000"
 2600      784C6F63 
 2600      6B5300
 2601              	.LASF17:
 2602 0188 75696E74 		.ascii	"uint16_t\000"
 2602      31365F74 
 2602      00
 2603              	.LASF152:
ARM GAS  /tmp/cc20pczk.s 			page 48


 2604 0191 63685F71 		.ascii	"ch_queue_fifo_remove\000"
 2604      75657565 
 2604      5F666966 
 2604      6F5F7265 
 2604      6D6F7665 
 2605              	.LASF77:
 2606 01a6 63685F64 		.ascii	"ch_delta_list_t\000"
 2606      656C7461 
 2606      5F6C6973 
 2606      745F7400 
 2607              	.LASF137:
 2608 01b6 63684D74 		.ascii	"chMtxTryLockS\000"
 2608      78547279 
 2608      4C6F636B 
 2608      5300
 2609              	.LASF99:
 2610 01c4 63685F72 		.ascii	"ch_registry\000"
 2610      65676973 
 2610      74727900 
 2611              	.LASF125:
 2612 01d0 63685363 		.ascii	"chSchRescheduleS\000"
 2612      68526573 
 2612      63686564 
 2612      756C6553 
 2612      00
 2613              	.LASF11:
 2614 01e1 5F5F7569 		.ascii	"__uint32_t\000"
 2614      6E743332 
 2614      5F7400
 2615              	.LASF36:
 2616 01ec 7761656E 		.ascii	"waend\000"
 2616      6400
 2617              	.LASF40:
 2618 01f2 77616974 		.ascii	"waiting\000"
 2618      696E6700 
 2619              	.LASF118:
 2620 01fa 6D61696E 		.ascii	"mainthread_base\000"
 2620      74687265 
 2620      61645F62 
 2620      61736500 
 2621              	.LASF123:
 2622 020a 6D757465 		.ascii	"mutex_t\000"
 2622      785F7400 
 2623              	.LASF64:
 2624 0212 6C6F636B 		.ascii	"lock_cnt\000"
 2624      5F636E74 
 2624      00
 2625              	.LASF67:
 2626 021b 73797369 		.ascii	"sysinterval_t\000"
 2626      6E746572 
 2626      76616C5F 
 2626      7400
 2627              	.LASF29:
 2628 0229 636E745F 		.ascii	"cnt_t\000"
 2628      7400
 2629              	.LASF41:
 2630 022f 6D736771 		.ascii	"msgqueue\000"
ARM GAS  /tmp/cc20pczk.s 			page 49


 2630      75657565 
 2630      00
 2631              	.LASF133:
 2632 0238 63684D74 		.ascii	"chMtxUnlockS\000"
 2632      78556E6C 
 2632      6F636B53 
 2632      00
 2633              	.LASF0:
 2634 0245 756E7369 		.ascii	"unsigned int\000"
 2634      676E6564 
 2634      20696E74 
 2634      00
 2635              	.LASF127:
 2636 0252 5F5F6462 		.ascii	"__dbg_check_unlock\000"
 2636      675F6368 
 2636      65636B5F 
 2636      756E6C6F 
 2636      636B00
 2637              	.LASF109:
 2638 0265 77747365 		.ascii	"wtsemp\000"
 2638      6D7000
 2639              	.LASF141:
 2640 026c 63684D74 		.ascii	"chMtxObjectDispose\000"
 2640      784F626A 
 2640      65637444 
 2640      6973706F 
 2640      736500
 2641              	.LASF134:
 2642 027f 6E657770 		.ascii	"newprio\000"
 2642      72696F00 
 2643              	.LASF12:
 2644 0287 6C6F6E67 		.ascii	"long unsigned int\000"
 2644      20756E73 
 2644      69676E65 
 2644      6420696E 
 2644      7400
 2645              	.LASF32:
 2646 0299 72717565 		.ascii	"rqueue\000"
 2646      756500
 2647              	.LASF71:
 2648 02a0 63685F71 		.ascii	"ch_queue_t\000"
 2648      75657565 
 2648      5F7400
 2649              	.LASF21:
 2650 02ab 706F7274 		.ascii	"port_stkalign_t\000"
 2650      5F73746B 
 2650      616C6967 
 2650      6E5F7400 
 2651              	.LASF34:
 2652 02bb 6E616D65 		.ascii	"name\000"
 2652      00
 2653              	.LASF100:
 2654 02c0 71756575 		.ascii	"queue\000"
 2654      6500
 2655              	.LASF52:
 2656 02c6 636F7265 		.ascii	"core_id\000"
 2656      5F696400 
ARM GAS  /tmp/cc20pczk.s 			page 50


 2657              	.LASF155:
 2658 02ce 474E5520 		.ascii	"GNU C17 11.3.1 20220712 -mcpu=cortex-m4 -mthumb -mf"
 2658      43313720 
 2658      31312E33 
 2658      2E312032 
 2658      30323230 
 2659 0301 6C6F6174 		.ascii	"loat-abi=soft -march=armv7e-m -ggdb -O2 -fomit-fram"
 2659      2D616269 
 2659      3D736F66 
 2659      74202D6D 
 2659      61726368 
 2660 0334 652D706F 		.ascii	"e-pointer -falign-functions=16 -ffunction-sections "
 2660      696E7465 
 2660      72202D66 
 2660      616C6967 
 2660      6E2D6675 
 2661 0367 2D666461 		.ascii	"-fdata-sections -fno-common -flto\000"
 2661      74612D73 
 2661      65637469 
 2661      6F6E7320 
 2661      2D666E6F 
 2662              	.LASF89:
 2663 0389 73697A65 		.ascii	"size\000"
 2663      00
 2664              	.LASF8:
 2665 038e 73686F72 		.ascii	"short unsigned int\000"
 2665      7420756E 
 2665      7369676E 
 2665      65642069 
 2665      6E7400
 2666              	.LASF47:
 2667 03a1 63685F74 		.ascii	"ch_thread\000"
 2667      68726561 
 2667      6400
 2668              	.LASF131:
 2669 03ab 63757272 		.ascii	"currtp\000"
 2669      747000
 2670              	.LASF27:
 2671 03b2 6D73675F 		.ascii	"msg_t\000"
 2671      7400
 2672              	.LASF42:
 2673 03b8 6570656E 		.ascii	"epending\000"
 2673      64696E67 
 2673      00
 2674              	.LASF159:
 2675 03c1 63684D74 		.ascii	"chMtxUnlockAll\000"
 2675      78556E6C 
 2675      6F636B41 
 2675      6C6C00
 2676              	.LASF156:
 2677 03d0 2E2E2F2E 		.ascii	"../../chibios_trunk/os/rt/src/chmtx.c\000"
 2677      2E2F6368 
 2677      6962696F 
 2677      735F7472 
 2677      756E6B2F 
 2678              	.LASF23:
 2679 03f6 746D6F64 		.ascii	"tmode_t\000"
ARM GAS  /tmp/cc20pczk.s 			page 51


 2679      655F7400 
 2680              	.LASF69:
 2681 03fe 63685F6C 		.ascii	"ch_list\000"
 2681      69737400 
 2682              	.LASF114:
 2683 0406 63685F72 		.ascii	"ch_ready_list\000"
 2683      65616479 
 2683      5F6C6973 
 2683      7400
 2684              	.LASF28:
 2685 0414 6576656E 		.ascii	"eventmask_t\000"
 2685      746D6173 
 2685      6B5F7400 
 2686              	.LASF138:
 2687 0420 63684D74 		.ascii	"chMtxTryLock\000"
 2687      78547279 
 2687      4C6F636B 
 2687      00
 2688              	.LASF9:
 2689 042d 5F5F696E 		.ascii	"__int32_t\000"
 2689      7433325F 
 2689      7400
 2690              	.LASF22:
 2691 0437 73746B61 		.ascii	"stkalign_t\000"
 2691      6C69676E 
 2691      5F7400
 2692              	.LASF85:
 2693 0442 72747374 		.ascii	"rtstamp\000"
 2693      616D7000 
 2694              	.LASF97:
 2695 044a 6C617374 		.ascii	"laststamp\000"
 2695      7374616D 
 2695      7000
 2696              	.LASF44:
 2697 0454 7265616C 		.ascii	"realprio\000"
 2697      7072696F 
 2697      00
 2698              	.LASF57:
 2699 045d 72666375 		.ascii	"rfcu_mask_t\000"
 2699      5F6D6173 
 2699      6B5F7400 
 2700              	.LASF102:
 2701 0469 74687265 		.ascii	"thread_reference_t\000"
 2701      61645F72 
 2701      65666572 
 2701      656E6365 
 2701      5F7400
 2702              	.LASF94:
 2703 047c 63685F76 		.ascii	"ch_virtual_timers_list\000"
 2703      69727475 
 2703      616C5F74 
 2703      696D6572 
 2703      735F6C69 
 2704              	.LASF148:
 2705 0493 5F5F7365 		.ascii	"__set_BASEPRI\000"
 2705      745F4241 
 2705      53455052 
ARM GAS  /tmp/cc20pczk.s 			page 52


 2705      4900
 2706              	.LASF68:
 2707 04a1 63685F6C 		.ascii	"ch_list_t\000"
 2707      6973745F 
 2707      7400
 2708              	.LASF88:
 2709 04ab 73757370 		.ascii	"suspended\000"
 2709      656E6465 
 2709      6400
 2710              	.LASF140:
 2711 04b5 63684D74 		.ascii	"chMtxLock\000"
 2711      784C6F63 
 2711      6B00
 2712              	.LASF117:
 2713 04bf 63685F6F 		.ascii	"ch_os_instance_config\000"
 2713      735F696E 
 2713      7374616E 
 2713      63655F63 
 2713      6F6E6669 
 2714              	.LASF93:
 2715 04d5 706F7274 		.ascii	"port_context\000"
 2715      5F636F6E 
 2715      74657874 
 2715      00
 2716              	.LASF86:
 2717 04e2 74696D65 		.ascii	"time\000"
 2717      00
 2718              	.LASF76:
 2719 04e7 7072696F 		.ascii	"prio\000"
 2719      00
 2720              	.LASF115:
 2721 04ec 63757272 		.ascii	"current\000"
 2721      656E7400 
 2722              	.LASF153:
 2723 04f4 63685F71 		.ascii	"ch_queue_notempty\000"
 2723      75657565 
 2723      5F6E6F74 
 2723      656D7074 
 2723      7900
 2724              	.LASF13:
 2725 0506 5F5F7569 		.ascii	"__uint64_t\000"
 2725      6E743634 
 2725      5F7400
 2726              	.LASF128:
 2727 0511 5F5F6462 		.ascii	"__dbg_check_lock\000"
 2727      675F6368 
 2727      65636B5F 
 2727      6C6F636B 
 2727      00
 2728              	.LASF30:
 2729 0522 636F7265 		.ascii	"core_id_t\000"
 2729      5F69645F 
 2729      7400
 2730              	.LASF25:
 2731 052c 74726566 		.ascii	"trefs_t\000"
 2731      735F7400 
 2732              	.LASF83:
ARM GAS  /tmp/cc20pczk.s 			page 53


 2733 0534 75736572 		.ascii	"user\000"
 2733      00
 2734              	.LASF26:
 2735 0539 74707269 		.ascii	"tprio_t\000"
 2735      6F5F7400 
 2736              	.LASF61:
 2737 0541 63685F73 		.ascii	"ch_system_debug\000"
 2737      79737465 
 2737      6D5F6465 
 2737      62756700 
 2738              	.LASF124:
 2739 0551 5F426F6F 		.ascii	"_Bool\000"
 2739      6C00
 2740              	.LASF18:
 2741 0557 696E7433 		.ascii	"int32_t\000"
 2741      325F7400 
 2742              	.LASF4:
 2743 055f 756E7369 		.ascii	"unsigned char\000"
 2743      676E6564 
 2743      20636861 
 2743      7200
 2744              	.LASF60:
 2745 056d 72666375 		.ascii	"rfcu_t\000"
 2745      5F7400
 2746              	.LASF5:
 2747 0574 73686F72 		.ascii	"short int\000"
 2747      7420696E 
 2747      7400
 2748              	.LASF96:
 2749 057e 6C617374 		.ascii	"lasttime\000"
 2749      74696D65 
 2749      00
 2750              	.LASF82:
 2751 0587 68616C74 		.ascii	"halt\000"
 2751      00
 2752              	.LASF91:
 2753 058c 74726163 		.ascii	"trace_buffer_t\000"
 2753      655F6275 
 2753      66666572 
 2753      5F7400
 2754              	.LASF111:
 2755 059b 65776D61 		.ascii	"ewmask\000"
 2755      736B00
 2756              	.LASF136:
 2757 05a2 5F5F6675 		.ascii	"__func__\000"
 2757      6E635F5F 
 2757      00
 2758              	.LASF145:
 2759 05ab 63685379 		.ascii	"chSysLock\000"
 2759      734C6F63 
 2759      6B00
 2760              	.LASF81:
 2761 05b5 72656173 		.ascii	"reason\000"
 2761      6F6E00
 2762              	.LASF112:
 2763 05bc 63685F73 		.ascii	"ch_semaphore\000"
 2763      656D6170 
ARM GAS  /tmp/cc20pczk.s 			page 54


 2763      686F7265 
 2763      00
 2764              	.LASF129:
 2765 05c9 63685363 		.ascii	"chSchGoSleepS\000"
 2765      68476F53 
 2765      6C656570 
 2765      5300
 2766              	.LASF101:
 2767 05d7 72656769 		.ascii	"registry_t\000"
 2767      73747279 
 2767      5F7400
 2768              	.LASF126:
 2769 05e2 63684462 		.ascii	"chDbgCheckClassS\000"
 2769      67436865 
 2769      636B436C 
 2769      61737353 
 2769      00
 2770              	.LASF19:
 2771 05f3 75696E74 		.ascii	"uint32_t\000"
 2771      33325F74 
 2771      00
 2772              	.LASF110:
 2773 05fc 77746D74 		.ascii	"wtmtxp\000"
 2773      787000
 2774              	.LASF158:
 2775 0603 63685363 		.ascii	"chSchReadyI\000"
 2775      68526561 
 2775      64794900 
 2776              	.LASF33:
 2777 060f 6F776E65 		.ascii	"owner\000"
 2777      7200
 2778              	.LASF2:
 2779 0615 6C6F6E67 		.ascii	"long double\000"
 2779      20646F75 
 2779      626C6500 
 2780              	.LASF35:
 2781 0621 77616261 		.ascii	"wabase\000"
 2781      736500
 2782              	.LASF15:
 2783 0628 63686172 		.ascii	"char\000"
 2783      00
 2784              	.LASF54:
 2785 062d 636F6E66 		.ascii	"config\000"
 2785      696700
 2786              	.LASF7:
 2787 0634 5F5F7569 		.ascii	"__uint16_t\000"
 2787      6E743136 
 2787      5F7400
 2788              	.LASF31:
 2789 063f 74687265 		.ascii	"thread_t\000"
 2789      61645F74 
 2789      00
 2790              	.LASF95:
 2791 0648 646C6973 		.ascii	"dlist\000"
 2791      7400
 2792              	.LASF66:
 2793 064e 73797374 		.ascii	"systime_t\000"
ARM GAS  /tmp/cc20pczk.s 			page 55


 2793      696D655F 
 2793      7400
 2794              	.LASF90:
 2795 0658 62756666 		.ascii	"buffer\000"
 2795      657200
 2796              	.LASF150:
 2797 065f 63684D74 		.ascii	"chMtxQueueNotEmptyS\000"
 2797      78517565 
 2797      75654E6F 
 2797      74456D70 
 2797      74795300 
 2798              	.LASF62:
 2799 0673 70616E69 		.ascii	"panic_msg\000"
 2799      635F6D73 
 2799      6700
 2800              	.LASF104:
 2801 067d 70717565 		.ascii	"pqueue\000"
 2801      756500
 2802              	.LASF48:
 2803 0684 63685F6F 		.ascii	"ch_os_instance\000"
 2803      735F696E 
 2803      7374616E 
 2803      636500
 2804              	.LASF87:
 2805 0693 74726163 		.ascii	"trace_event_t\000"
 2805      655F6576 
 2805      656E745F 
 2805      7400
 2806              	.LASF46:
 2807 06a1 6F735F69 		.ascii	"os_instance_t\000"
 2807      6E737461 
 2807      6E63655F 
 2807      7400
 2808              	.LASF154:
 2809 06af 63685F71 		.ascii	"ch_queue_isempty\000"
 2809      75657565 
 2809      5F697365 
 2809      6D707479 
 2809      00
 2810              	.LASF51:
 2811 06c0 7265676C 		.ascii	"reglist\000"
 2811      69737400 
 2812              	.LASF75:
 2813 06c8 63685F70 		.ascii	"ch_priority_queue\000"
 2813      72696F72 
 2813      6974795F 
 2813      71756575 
 2813      6500
 2814              	.LASF161:
 2815 06da 63685F71 		.ascii	"ch_queue_init\000"
 2815      75657565 
 2815      5F696E69 
 2815      7400
 2816              	.LASF157:
 2817 06e8 2F686F6D 		.ascii	"/home/rob/Projects/ChibiStudio/ChibiStudio_23/works"
 2817      652F726F 
 2817      622F5072 
ARM GAS  /tmp/cc20pczk.s 			page 56


 2817      6F6A6563 
 2817      74732F43 
 2818 071b 70616365 		.ascii	"pace_trunk/STM32_GPIB_firmware/\000"
 2818      5F747275 
 2818      6E6B2F53 
 2818      544D3332 
 2818      5F475049 
 2819              	.LASF45:
 2820 073b 6D706F6F 		.ascii	"mpool\000"
 2820      6C00
 2821              	.LASF122:
 2822 0741 6F735F69 		.ascii	"os_instance_config_t\000"
 2822      6E737461 
 2822      6E63655F 
 2822      636F6E66 
 2822      69675F74 
 2823              	.LASF130:
 2824 0756 63685379 		.ascii	"chSysHalt\000"
 2824      7348616C 
 2824      7400
 2825              	.LASF113:
 2826 0760 63685F6D 		.ascii	"ch_mutex\000"
 2826      75746578 
 2826      00
 2827              	.LASF59:
 2828 0769 6D61736B 		.ascii	"mask\000"
 2828      00
 2829              	.LASF63:
 2830 076e 6973725F 		.ascii	"isr_cnt\000"
 2830      636E7400 
 2831              	.LASF143:
 2832 0776 63685F73 		.ascii	"ch_sch_prio_insert\000"
 2832      63685F70 
 2832      72696F5F 
 2832      696E7365 
 2832      727400
 2833              	.LASF49:
 2834 0789 726C6973 		.ascii	"rlist\000"
 2834      7400
 2835              	.LASF160:
 2836 078f 63685468 		.ascii	"chThdGetSelfX\000"
 2836      64476574 
 2836      53656C66 
 2836      5800
 2837              	.LASF16:
 2838 079d 75696E74 		.ascii	"uint8_t\000"
 2838      385F7400 
 2839              	.LASF38:
 2840 07a5 666C6167 		.ascii	"flags\000"
 2840      7300
 2841              	.LASF80:
 2842 07ab 77746F62 		.ascii	"wtobjp\000"
 2842      6A7000
 2843              	.LASF119:
 2844 07b2 6D61696E 		.ascii	"mainthread_end\000"
 2844      74687265 
 2844      61645F65 
ARM GAS  /tmp/cc20pczk.s 			page 57


 2844      6E6400
 2845              	.LASF56:
 2846 07c1 74726163 		.ascii	"trace_buffer\000"
 2846      655F6275 
 2846      66666572 
 2846      00
 2847              	.LASF144:
 2848 07ce 63685379 		.ascii	"chSysUnlock\000"
 2848      73556E6C 
 2848      6F636B00 
 2849              	.LASF103:
 2850 07da 6C697374 		.ascii	"list\000"
 2850      00
 2851              	.LASF147:
 2852 07df 706F7274 		.ascii	"port_lock\000"
 2852      5F6C6F63 
 2852      6B00
 2853              	.LASF121:
 2854 07e9 69646C65 		.ascii	"idlethread_end\000"
 2854      74687265 
 2854      61645F65 
 2854      6E6400
 2855              	.LASF43:
 2856 07f8 6D74786C 		.ascii	"mtxlist\000"
 2856      69737400 
 2857              		.section	.gnu.debuglto_.debug_line_str,"eMS",%progbits,1
 2858              	.LASF171:
 2859 0000 5F646566 		.ascii	"_default_types.h\000"
 2859      61756C74 
 2859      5F747970 
 2859      65732E68 
 2859      00
 2860              	.LASF168:
 2861 0011 2F686F6D 		.ascii	"/home/rob/Projects/ChibiStudio/ChibiStudio_23/tools"
 2861      652F726F 
 2861      622F5072 
 2861      6F6A6563 
 2861      74732F43 
 2862 0044 2F474E55 		.ascii	"/GNU Tools ARM Embedded/11.3.1 2022q3/arm-none-eabi"
 2862      20546F6F 
 2862      6C732041 
 2862      524D2045 
 2862      6D626564 
 2863 0077 2F696E63 		.ascii	"/include/machine\000"
 2863      6C756465 
 2863      2F6D6163 
 2863      68696E65 
 2863      00
 2864              	.LASF170:
 2865 0088 2E2E2F2E 		.ascii	"../../chibios_trunk/os/rt/src/chmtx.c\000"
 2865      2E2F6368 
 2865      6962696F 
 2865      735F7472 
 2865      756E6B2F 
 2866              	.LASF188:
 2867 00ae 63687468 		.ascii	"chthreads.h\000"
 2867      72656164 
ARM GAS  /tmp/cc20pczk.s 			page 58


 2867      732E6800 
 2868              	.LASF184:
 2869 00ba 63687363 		.ascii	"chschd.h\000"
 2869      68642E68 
 2869      00
 2870              	.LASF181:
 2871 00c3 6368636F 		.ascii	"chcore.h\000"
 2871      72652E68 
 2871      00
 2872              	.LASF182:
 2873 00cc 63687365 		.ascii	"chsem.h\000"
 2873      6D2E6800 
 2874              	.LASF163:
 2875 00d4 2E2E2F2E 		.ascii	"../../chibios_trunk/os/common/ext/ARM/CMSIS/Core/In"
 2875      2E2F6368 
 2875      6962696F 
 2875      735F7472 
 2875      756E6B2F 
 2876 0107 636C7564 		.ascii	"clude\000"
 2876      6500
 2877              	.LASF185:
 2878 010d 63686D74 		.ascii	"chmtx.c\000"
 2878      782E6300 
 2879              	.LASF183:
 2880 0115 63686D74 		.ascii	"chmtx.h\000"
 2880      782E6800 
 2881              	.LASF166:
 2882 011d 2E2E2F2E 		.ascii	"../../chibios_trunk/os/rt/include\000"
 2882      2E2F6368 
 2882      6962696F 
 2882      735F7472 
 2882      756E6B2F 
 2883              	.LASF178:
 2884 013f 63687469 		.ascii	"chtime.h\000"
 2884      6D652E68 
 2884      00
 2885              	.LASF162:
 2886 0148 2F686F6D 		.ascii	"/home/rob/Projects/ChibiStudio/ChibiStudio_23/works"
 2886      652F726F 
 2886      622F5072 
 2886      6F6A6563 
 2886      74732F43 
 2887 017b 70616365 		.ascii	"pace_trunk/STM32_GPIB_firmware/\000"
 2887      5F747275 
 2887      6E6B2F53 
 2887      544D3332 
 2887      5F475049 
 2888              	.LASF164:
 2889 019b 2E2E2F2E 		.ascii	"../../chibios_trunk/os/common/ports/ARM-common\000"
 2889      2E2F6368 
 2889      6962696F 
 2889      735F7472 
 2889      756E6B2F 
 2890              	.LASF173:
 2891 01ca 63687479 		.ascii	"chtypes.h\000"
 2891      7065732E 
 2891      6800
ARM GAS  /tmp/cc20pczk.s 			page 59


 2892              	.LASF172:
 2893 01d4 5F737464 		.ascii	"_stdint.h\000"
 2893      696E742E 
 2893      6800
 2894              	.LASF186:
 2895 01de 63687379 		.ascii	"chsys.h\000"
 2895      732E6800 
 2896              	.LASF179:
 2897 01e6 63686C69 		.ascii	"chlists.h\000"
 2897      7374732E 
 2897      6800
 2898              	.LASF175:
 2899 01f0 63686F62 		.ascii	"chobjects.h\000"
 2899      6A656374 
 2899      732E6800 
 2900              	.LASF169:
 2901 01fc 2F686F6D 		.ascii	"/home/rob/Projects/ChibiStudio/ChibiStudio_23/tools"
 2901      652F726F 
 2901      622F5072 
 2901      6F6A6563 
 2901      74732F43 
 2902 022f 2F474E55 		.ascii	"/GNU Tools ARM Embedded/11.3.1 2022q3/arm-none-eabi"
 2902      20546F6F 
 2902      6C732041 
 2902      524D2045 
 2902      6D626564 
 2903 0262 2F696E63 		.ascii	"/include/sys\000"
 2903      6C756465 
 2903      2F737973 
 2903      00
 2904              	.LASF176:
 2905 026f 63687266 		.ascii	"chrfcu.h\000"
 2905      63752E68 
 2905      00
 2906              	.LASF167:
 2907 0278 2E2E2F2E 		.ascii	"../../chibios_trunk/os/rt/src\000"
 2907      2E2F6368 
 2907      6962696F 
 2907      735F7472 
 2907      756E6B2F 
 2908              	.LASF187:
 2909 0296 636D7369 		.ascii	"cmsis_gcc.h\000"
 2909      735F6763 
 2909      632E6800 
 2910              	.LASF174:
 2911 02a2 63686561 		.ascii	"chearly.h\000"
 2911      726C792E 
 2911      6800
 2912              	.LASF177:
 2913 02ac 63686465 		.ascii	"chdebug.h\000"
 2913      6275672E 
 2913      6800
 2914              	.LASF180:
 2915 02b6 63687472 		.ascii	"chtrace.h\000"
 2915      6163652E 
 2915      6800
 2916              	.LASF165:
ARM GAS  /tmp/cc20pczk.s 			page 60


 2917 02c0 2E2E2F2E 		.ascii	"../../chibios_trunk/os/common/ports/ARMv7-M\000"
 2917      2E2F6368 
 2917      6962696F 
 2917      735F7472 
 2917      756E6B2F 
 2918              		.text
 2919              		.section	.gnu.lto_.profile.a207216e6170d70a,"e",%progbits
 2920 0000 789C6362 		.ascii	"x\234cb\000\001\000\000\022\000\003"
 2920      00010000 
 2920      120003
 2921              		.text
 2922              		.section	.gnu.lto_.icf.a207216e6170d70a,"e",%progbits
 2923 0000 789CF363 		.ascii	"x\234\363cb\200\003a\206\325\257\216L\346\025`b`bdb"
 2923      62800361 
 2923      86D5AF8E 
 2923      4CE61560 
 2923      62606264 
 2924 0015 62620663 		.ascii	"bb\006c\020\033\0153^\274\333\372\201\203\203\211\205"
 2924      101B0D33 
 2924      5EBCDBFA 
 2924      81838389 
 2924      85
 2925 0026 8995890D 		.ascii	"\211\225\211\015\210A\312\330\2318\230\327vt\235\343"
 2925      8841CAD8 
 2925      993898D7 
 2925      76749DE3 
 2926 0036 6699DEB9 		.ascii	"f\231\336\271\3779\027\033\\=\033\023'\353\277\313'"
 2926      FF39171B 
 2926      5C3D1B13 
 2926      27EBBFCB 
 2926      27
 2927 0047 9772B01D 		.ascii	"\227r\260\035=<o33\013P\220\013$\310\376\352\345\252"
 2927      3D3C6F33 
 2927      330B5090 
 2927      0B24C8FE 
 2927      EAE5AA
 2928 005a AD9C1C97 		.ascii	"\255\234\034\227\326w\357\346\266\001\033\003\024\004"
 2928      D677EFE6 
 2928      B6011B03 
 2928      1404
 2929 0068 1BC50DC4 		.ascii	"\033\305\015\304<Xl\006\211\2611\361b\225\343\306\""
 2929      3C586C06 
 2929      89B131F1 
 2929      6295E3C6 
 2929      22
 2930 0079 06F30144 		.ascii	"\006\363\001D\037'\023\037\022\315\017\2419\217\314"
 2930      1F27131F 
 2930      12CD0FA1 
 2930      398FCC
 2931 0088 BB329D93 		.ascii	"\2732\235\223\353\317\217\323_\371\031\270wl\372\334"
 2931      EBCF8FD3 
 2931      5FF919B8 
 2931      776CFADC 
 2932 0098 C6C70377 		.ascii	"\306\307\003w\013\232Z\236\025\377\373\267\260\361\236"
 2932      0B9A5A9E 
 2932      15FFFBB7 
 2932      B0F19E
ARM GAS  /tmp/cc20pczk.s 			page 61


 2933 00a7 5CF8E61B 		.ascii	"\\\370\346\033\027\003\337\263\326\215/9\365\300jAj"
 2933      1703DFB3 
 2933      D68D2F39 
 2933      F5C06A41 
 2933      6A
 2934 00b8 F8A06E43 		.ascii	"\370\240nCR\017\366(;T\016\304f\202\312a\013U4\273@"
 2934      520FF628 
 2934      3B540EC4 
 2934      6682CA61 
 2934      0B5534BB 
 2935 00cd 7CFE75DF 		.ascii	"|\376u\337&\037\347\025\330\277B\226\246\326\010~8\377"
 2935      261FE715 
 2935      D8BF4296 
 2935      A6D6087E 
 2935      38FF
 2936 00df EE25B3D0 		.ascii	"\356%\263\320\312\255;v1)\241X\204l\001\001C\3004;$"
 2936      CAAD3B76 
 2936      3129A158 
 2936      846C0101 
 2936      43C0343B 
 2937 00f4 BC853FAE 		.ascii	"\274\205?\256\371y\230\237\201\001\000.\326A\313"
 2937      F979989F 
 2937      8101002E 
 2937      D641CB
 2938              		.text
 2939              		.section	.gnu.lto_.ipa_sra.a207216e6170d70a,"e",%progbits
 2940 0000 789C758E 		.ascii	"x\234u\216m\017\200 \010\204\357\324\225\353m-\377p"
 2940      6D0F8020 
 2940      0884EFD4 
 2940      95EB6D2D 
 2940      FF70
 2941 0012 3F3D4221 		.ascii	"?=B!\276$C\017\236\203\011\302\317\206d\222\304\033"
 2941      BE24430F 
 2941      9E8309C2 
 2941      CF866492 
 2941      C41B
 2942 0024 2A8BBE5A 		.ascii	"*\213\276ZN\034,\371\330\247b\267\332L\304c\213\205"
 2942      4E1C2CF9 
 2942      D8A762B7 
 2942      DA4CC463 
 2942      8B85
 2943 0036 540B5131 		.ascii	"T\013Q1KA\336E\351\252\376\334\361\2568\033N\340\341"
 2943      4B41DE45 
 2943      E9AAFEDC 
 2943      F1AE381B 
 2943      4EE0E1
 2944 0049 7F915ED8 		.ascii	"\177\221^\330\207\220r\237\335\366k\221\274\0144w<\353"
 2944      8790729F 
 2944      DDF66B91 
 2944      BC0C3477 
 2944      3CEB
 2945 005b 0B020A   		.ascii	"\013\002\012"
 2946              		.text
 2947              		.section	.gnu.lto_.inline.a207216e6170d70a,"e",%progbits
 2948 0000 789CAD92 		.ascii	"x\234\255\222;O\002A\020\307gg/x\034 \004\255\375\010"
 2948      3B4F0241 
 2948      10C76767 
ARM GAS  /tmp/cc20pczk.s 			page 62


 2948      2F781C20 
 2948      04ADFD08 
 2949 0014 9626761A 		.ascii	"\226&v\032K\023k{\037<>\305\012\032\321@@-\364\014\211"
 2949      4B136B7B 
 2949      1F3C3EC5 
 2949      0A1AD140 
 2949      402DF40C 
 2950 0029 26941263 		.ascii	"&\224\022cA\242\215\006I\214\205\304\212\204F\013\015"
 2950      41A28D06 
 2950      498C85C4 
 2950      8A84460B 
 2950      0D
 2951 003a 3E0A69AC 		.ascii	">\012i\254|\2218\267g\216\023\016\271\302\0159\346f"
 2951      7C9138B7 
 2951      678E130E 
 2951      B9C20D39 
 2951      E666
 2952 004c E7F19BF9 		.ascii	"\347\361\233\371\337\264\002\326\361\003\004\317\365"
 2952      DFB402D6 
 2952      F10304CF 
 2952      F5
 2953 0059 8A8E3146 		.ascii	"\212\2161F\007C\300'@\031~\2738\254\361(\200\232\022"
 2953      0743C027 
 2953      40197EBB 
 2953      38ACF128 
 2953      809A12
 2954 006c 42F07904 		.ascii	"B\360y\004\004\226/\325wq\001A\261l\220u\030\004\233"
 2954      04962FD5 
 2954      77710141 
 2954      B16C9075 
 2954      18049B
 2955 007f 85BB358C 		.ascii	"\205\2735\2140\300pB\210}\272\000\317\022%\242L\244"
 2955      30C07042 
 2955      887DBA00 
 2955      CF1225A2 
 2955      4CA4
 2956 0091 833E19C7 		.ascii	"\203>\031\307dG\314\315\300/\223i\206\255\200\366\\"
 2956      6447CCCD 
 2956      C02F9369 
 2956      86AD80F6 
 2956      5C
 2957 00a2 D593B8C8 		.ascii	"\325\223\270\310(\020\275\344\341\\\030\335\347\000"
 2957      2810BDE4 
 2957      E15C18DD 
 2957      E700
 2958 00b0 BCF45F36 		.ascii	"\274\364_61\024!\013\233\255\035\352z X<9\315s[\031"
 2958      3114210B 
 2958      9BAD1DEA 
 2958      7A20583C 
 2958      39CD735B 
 2959 00c5 8D328E0C 		.ascii	"\2152\216\014(\265\364X}GWel\246\303\255\012\227\360"
 2959      28B5F458 
 2959      7D475765 
 2959      6CA6C3AD 
 2959      0A97F0
 2960 00d8 5249B678 		.ascii	"RI\266x\264\335e\366\240\376z\213\021\220cl\271\203"
 2960      B4DD65F6 
ARM GAS  /tmp/cc20pczk.s 			page 63


 2960      A0FE7A8B 
 2960      1190636C 
 2960      B983
 2961 00ea EDED02EE 		.ascii	"\355\355\002\356\377q\321\317\364\221awr?\353\010pX"
 2961      FF71D1CF 
 2961      F4916177 
 2961      723FEB08 
 2961      7058
 2962 00fc AA062A11 		.ascii	"\252\006*\021\3440J\332\240\204\241mz\204]\0333\320"
 2962      E4304ADA 
 2962      A084A16D 
 2962      7A845D1B 
 2962      33D0
 2963 010e 6A61BEFA 		.ascii	"ja\276\372 t\337\250]\223\246\326|\201\365\317\355c"
 2963      2074DFA8 
 2963      5D93A6D6 
 2963      7C81F5CF 
 2963      ED63
 2964 0120 638BDE9B 		.ascii	"c\213\336\233\257\354\207\273-\232\305\002R\277\235"
 2964      AFEC87BB 
 2964      2D9AC502 
 2964      52BF9D
 2965 012f FE1072BC 		.ascii	"\376\020r\2746\304 \214of\322\015\214\267!\246\022W"
 2965      36C4208C 
 2965      6F66D20D 
 2965      8CB721A6 
 2965      1257
 2966 0141 2BAB18A3 		.ascii	"+\253\030\243\232\315\252^0\276\306\016\0103\263k&\326"
 2966      9ACDAA5E 
 2966      30BEC60E 
 2966      0833B36B 
 2966      26D6
 2967 0153 E174A942 		.ascii	"\341t\251B\367,\016\027!\030\333\310\244\313v\314I\302"
 2967      F72C0E17 
 2967      2118DBC8 
 2967      A4CB76CC 
 2967      49C2
 2968 0165 4CFE85F9 		.ascii	"L\376\205\371\277h=i\3030\322:[\316\3628m~t\257\362"
 2968      BF683D69 
 2968      C330D23A 
 2968      5BCEF238 
 2968      6D7E74AF 
 2969 017a F4603039 		.ascii	"\364`09\313\317\354<C0@1\251\376\212\331\237\360\015"
 2969      CBCFEC3C 
 2969      43304031 
 2969      A9FE8AD9 
 2969      9FF00D
 2970 018d EAEFA0A5 		.ascii	"\352\357\240\245"
 2971              		.text
 2972              		.section	.gnu.lto_.jmpfuncs.a207216e6170d70a,"e",%progbits
 2973 0000 789CD554 		.ascii	"x\234\325TI\016\3020\014\234qCh\331\241l\027^\306cz"
 2973      490EC230 
 2973      0C9C7143 
 2973      68D9A16C 
 2973      175EC663 
 2974 0015 E3492C37 		.ascii	"\343I,7\036\206\024\034\012\021\024\212\252\346\200"
 2974      1E86141C 
ARM GAS  /tmp/cc20pczk.s 			page 64


 2974      0A11148A 
 2974      AAE680
 2975 0024 A8E2433D 		.ascii	"\250\342C=\343\231\330\256\272\353 <\003\010\231\024"
 2975      E399D8AE 
 2975      BAEB203C 
 2975      03089914 
 2976 0034 423D0424 		.ascii	"B=\004$\221)x6\204\306\30597\246\330-\251\341\374\233"
 2976      91297836 
 2976      84C6C539 
 2976      37A6D82D 
 2976      A9E1FC9B 
 2977 0048 4140A948 		.ascii	"A@\251H\227\320\240\360\310\220\007^I\212\361T\245\300"
 2977      97D0A0F0 
 2977      C890075E 
 2977      498AF154 
 2977      A5C0
 2978 005a 438564EA 		.ascii	"C\205d\352\227W\375\270'\017l b\203\306\274\265F\003"
 2978      9757FDB8 
 2978      270F6C20 
 2978      6283C6BC 
 2978      B54603
 2979 006d 4A947E1A 		.ascii	"J\224~\032\356\270h\255\021W,vC{K\330\262\343\324\357"
 2979      EEB868AD 
 2979      11572C76 
 2979      437B4BD8 
 2979      B2E3D4EF 
 2980 0081 FD4170CF 		.ascii	"\375Ap\317r5i\251\311\233J\276N\266)/\252O\364\350\261"
 2980      723569A9 
 2980      C99B4ABE 
 2980      4EB6292F 
 2980      AA4FF4E8 
 2981 0096 0C628AAA 		.ascii	"\014b\212\252\001\320\017kX\266w\030~s\030\225\016:"
 2981      01D00F6B 
 2981      58B67718 
 2981      7E731895 
 2981      0E3A
 2982 00a8 F0F76ED5 		.ascii	"\360\367n\325v\025\263\375\037\025\307UO\356#\3778\216"
 2982      7615B3FD 
 2982      1F15C755 
 2982      4FEE23FF 
 2982      388E
 2983 00ba 754C47FF 		.ascii	"uLG\377X\214\031>}\032y\371\027\276\002\243n&\231"
 2983      588C193E 
 2983      7D1A79F9 
 2983      17BE02A3 
 2983      6E2699
 2984              		.text
 2985              		.section	.gnu.lto_.pureconst.a207216e6170d70a,"e",%progbits
 2986 0000 789C05C1 		.ascii	"x\234\005\301\211\011\000 \020\003\260\023Z\021?Dgp"
 2986      89090020 
 2986      1003B013 
 2986      5A113F44 
 2986      6770
 2987 0012 683B4AA7 		.ascii	"h;J\2473\271\021\321CH&\204\374P\204j6a\230\323\\\302"
 2987      33B911D1 
 2987      43482684 
 2987      FC50846A 
ARM GAS  /tmp/cc20pczk.s 			page 65


 2987      366198D3 
 2988 0028 168EF901 		.ascii	"\026\216\371\001\240\351\010\266"
 2988      A0E908B6 
 2989              		.text
 2990              		.section	.gnu.lto_.ipa_modref.a207216e6170d70a,"e",%progbits
 2991 0000 789C9D50 		.ascii	"x\234\235P\321\016\202@\014\353\006\022\321\220\\|1"
 2991      D10E8240 
 2991      0CEB0612 
 2991      D1905C7C 
 2991      31
 2992 0011 22C23E15 		.ascii	"\"\302>\025\377\314O\361S\354\215;\004\0151\221\007"
 2992      FFCC4FF1 
 2992      53EC8D3B 
 2992      040D3191 
 2992      07
 2993 0022 76D775ED 		.ascii	"v\327u\355u\275b\376jh\200\205\000\325\013DE\240-\353"
 2993      75BD62FE 
 2993      6A688085 
 2993      00D50B44 
 2993      45A02DEB 
 2994 0036 551C940C 		.ascii	"U\034\224\014\242\364\373\222\011\005q3\376\315L;b\005"
 2994      A2F4FB92 
 2994      09057133 
 2994      FECD4C3B 
 2994      6205
 2995 0048 CF824704 		.ascii	"\317\202G\004+9O\334\033\361\336q|\261\\\022{W\335\351"
 2995      2B394FDC 
 2995      1BF1DE71 
 2995      7CB15C12 
 2995      7B57DDE9 
 2996 005c 107B945D 		.ascii	"\020{\224]s\264%\224\237f\023%\362\213U\243\243\323"
 2996      73B42594 
 2996      9F661325 
 2996      F28B55A3 
 2996      A3D3
 2997 006e 62A6F6E3 		.ascii	"b\246\366\3433>\344 \003\351>#\030\357cyL\343[v\274"
 2997      333EE420 
 2997      03E93E23 
 2997      18EF6379 
 2997      4CE35B76 
 2998 0083 3692826E 		.ascii	"6\222\202n\312f\032\032\317\271\220\237\266Y\315\362"
 2998      CA661A1A 
 2998      CFB9909F 
 2998      B659CDF2 
 2999 0093 2DAD4854 		.ascii	"-\255HT\266\343Vs\004\267\255Y}?\357$)\032}\2334\360"
 2999      B6E35673 
 2999      04B7AD59 
 2999      7D3FEF24 
 2999      291A7D9B 
 3000 00a9 3BE2E963 		.ascii	";\342\351c\201y:\374m\303\312!\340\005WZ\032r"
 3000      81793AFC 
 3000      6DC3CA21 
 3000      E005575A 
 3000      1A72
 3001              		.text
 3002              		.section	.gnu.lto_.lto.a207216e6170d70a,"e",%progbits
 3003 0000 0B000300 		.ascii	"\013\000\003\000\001\000\000\000"
ARM GAS  /tmp/cc20pczk.s 			page 66


 3003      01000000 
 3004              		.text
 3005              		.section	.gnu.lto_chSysUnlock.192.a207216e6170d70a,"e",%progbits
 3006 0000 789C7D53 		.ascii	"x\234}S}h\023g\030\177\236\367\275\273\\\252\014\207"
 3006      7D681367 
 3006      187F9EF7 
 3006      BDBB5CAA 
 3006      0C87
 3007 0012 C88AFE13 		.ascii	"\310\212\376\023\024\0216\315\325vs\354?5\210\224\021"
 3007      141136CD 
 3007      D57673EC 
 3007      3F358894 
 3007      11
 3008 0023 2C66636C 		.ascii	",fcle\204\366\274\332[\227^\271KV\213+w&\255Bd\224\210"
 3008      6584F6BC 
 3008      DA5B975E 
 3008      B94B568B 
 3008      2B7726AD 
 3009 003b 32C4D94E 		.ascii	"2\304\331N\330`\2601\331\312l\265\266\0158\335W7?\350"
 3009      D860B031 
 3009      D9CA6CB5 
 3009      B60D38DD 
 3009      57373FE8 
 3010 004f 745AB4A3 		.ascii	"tZ\264\243s*\012E\250n\003?\352\363^\2226\3761\217{"
 3010      732A0A45 
 3010      A86E033F 
 3010      EAF35E92 
 3010      36FE318F 
 3011 0064 EFF9FE3D 		.ascii	"\357\371\376=\317/\317\233\363\034\240\032\001\336\001"
 3011      CF2FCF9B 
 3011      F31CA01A 
 3011      01DE01
 3012 0073 005400F7 		.ascii	"\000T\000\367\345\262\014<\317[\037`,\223\333\313p\000"
 3012      E5B20C3C 
 3012      CF5B1F60 
 3012      2C93DBCB 
 3012      7000
 3013 0085 7F3DD8AF 		.ascii	"\177=\330\257H\335\271\347\372o\214\275&q\326\225[\360"
 3013      48DDB9E7 
 3013      FA6F8CBD 
 3013      2671D695 
 3013      5BF0
 3014 0097 9447C203 		.ascii	"\224G\302\003s52\356\312e\203T\343[\010.\343\222\214"
 3014      733532EE 
 3014      CA658354 
 3014      E35B082E 
 3014      E3928C
 3015 00aa 2E1EE11A 		.ascii	".\036\341\032y\376;}\347\334\345\265i\257\273\3626\200"
 3015      79FE3B7D 
 3015      E7DCE5B5 
 3015      69AFBBF2 
 3015      3680
 3016 00bc 0BC56781 		.ascii	"\013\305g\201\257\243\214\244t\036G \205r\007\357\257"
 3016      AFA38CA4 
 3016      741E4720 
 3016      857207EF 
 3016      AF
ARM GAS  /tmp/cc20pczk.s 			page 67


 3017 00cd 8341DC49 		.ascii	"\203A\334I\226\262\030\011CY\202!\031\325]\"\276&OX"
 3017      96B21809 
 3017      43598221 
 3017      19D55D22 
 3017      BE264F58 
 3018 00e1 DF6627CE 		.ascii	"\337f'\316.\375\304\313K\035\303\330y\022\207\020F\220"
 3018      2EFDC4CB 
 3018      4B1DC3D8 
 3018      79128710 
 3018      4690
 3019 00f3 F1B3D857 		.ascii	"\361\263\330W)\343K\"a_\317\321\201\325\2472\336\217"
 3019      29E34B22 
 3019      615FCFD1 
 3019      81D5A732 
 3019      DE8F
 3020 0105 9E48718B 		.ascii	"\236Hq\213)\324\260\330\340\352!e\024\341\004v\212\011"
 3020      29D4B0D8 
 3020      E0EA2165 
 3020      14E10476 
 3020      8A09
 3021 0117 F2489D29 		.ascii	"\362H\235)\210L:zA\316{\017g{\274\374\315%G\372g\256"
 3021      884C3A7A 
 3021      41CE7B0F 
 3021      677BBCFC 
 3021      CD2547FA 
 3022 012d 5FAA5F84 		.ascii	"_\252_\204\300d\006L\341\300\002\022\035\031\230\252"
 3022      C064064C 
 3022      E1C00212 
 3022      1D1998AA 
 3023 013d 000B06E8 		.ascii	"\000\013\006\350\250\344\017\222\257\202\016@/\207Y"
 3023      A8E40F92 
 3023      AF820E40 
 3023      2F8759
 3024 014c 7A387A79 		.ascii	"z8zy\200>\316\012F\206\214\177\2317\3257\201\360\210"
 3024      803ECE0A 
 3024      46868C7F 
 3024      9937D537 
 3024      81F088
 3025 015f 65429045 		.ascii	"eB\220E\326b\002\260\205\276\373\233C+}9La\222\313\013"
 3025      D66202B0 
 3025      85BEFB9B 
 3025      432B7D39 
 3025      4C6192CB 
 3026 0174 9F072C3D 		.ascii	"\237\007,=\022\344\364\273(\206 M%\206N\362+\204\206"
 3026      12E4F4BB 
 3026      2886204D 
 3026      25864EF2 
 3026      2B8486
 3027 0187 EFF19470 		.ascii	"\357\361\224p\255#\032j\3744\276\013%\243\376\014\276"
 3027      AD231A6A 
 3027      FC34BE0B 
 3027      25A3FE0C 
 3027      BE
 3028 0198 0DE0ABA9 		.ascii	"\015\340\253\251\037\360-\"\373\200e\306\367 g\002\250"
 3028      1FF02D22 
 3028      FB8065C6 
 3028      F7206702 
ARM GAS  /tmp/cc20pczk.s 			page 68


 3028      A8
 3029 01a9 1CE2A772 		.ascii	"\034\342\247r\210\237\313!~\021\020YL\013\2141\024\010"
 3029      889FCB21 
 3029      7E111059 
 3029      4C0B8C31 
 3029      1408
 3030 01bb E9C784C0 		.ascii	"\351\307\204\3009\243\331\273C\\\312\242\362f\014\200"
 3030      39A3D9BB 
 3030      435CCAA2 
 3030      F2660C80 
 3031 01cb 738536CC 		.ascii	"s\2056\314^\200\177X\327\355\010\227\3607\364\367\331"
 3031      5E807F58 
 3031      D7ED0897 
 3031      F037F4F7 
 3031      D9
 3032 01dc C7F9ADB1 		.ascii	"\307\371\255\261\2035\2024/p\220\237n}\256\274\365y"
 3032      83358234 
 3032      2F70909F 
 3032      6E7DAEBC 
 3032      F579
 3033 01ee D1DA57AD 		.ascii	"\321\332W\255\013\270\305\037X\224(D\333B\277@\304\242"
 3033      0BB8C51F 
 3033      58942844 
 3033      DB42BF40 
 3033      C4A2
 3034 0200 C9F1B992 		.ascii	"\311\361\271\222\327\177\307\332\371i/\342\346b\375"
 3034      D77FC7DA 
 3034      F9692FE2 
 3034      E662FD
 3035 020f A64B1899 		.ascii	"\246K\030\231\253\247\233\250\244\346\353\353?\274\214"
 3035      ABA79BA8 
 3035      A4E6EBEB 
 3035      3FBC8C
 3036 021e C5AC2BC5 		.ascii	"\305\254+\305\254\314 \221R\271\302\003%\206A\256\026"
 3036      ACCC2091 
 3036      52B9C203 
 3036      258641AE 
 3036      16
 3037 022f 18569418 		.ascii	"\030V\224\030\006\211\323\034\301\212y\202\322\336\257"
 3037      0689D31C 
 3037      C18A7982 
 3037      D2DEAF
 3038 023e 7B644150 		.ascii	"{dAP\3667\365\210u\371+\3350\352\212\301\224a\267\260"
 3038      F637F588 
 3038      75F92BDD 
 3038      30EA8AC1 
 3038      9461B7B0 
 3039 0252 3052DAFD 		.ascii	"0R\332\375\021\244!w\022\257!\345\354\246\021\206\335"
 3039      11A42177 
 3039      12AF21E5 
 3039      ECA61186 
 3039      DD
 3040 0263 3F7110D9 		.ascii	"?q\020\331\012\037J\246\241<I`\005J\253\237\032_&\304"
 3040      0A1F4AA6 
 3040      A13C4960 
 3040      054AAB9F 
 3040      1A5F26C4 
ARM GAS  /tmp/cc20pczk.s 			page 69


 3041 0277 CCE7BDD7 		.ascii	"\314\347\275\327\246\377X,.\246p\336\237\256$\231\376"
 3041      A6FF582C 
 3041      2EA670DE 
 3041      9FAE2499 
 3041      FE
 3042 0288 94018EA0 		.ascii	"\224\001\216\240\322\201\376\215\232\371{\377\261\311"
 3042      D281FE8D 
 3042      9AF97BFF 
 3042      B1C9
 3043 0296 C388A385 		.ascii	"\303\210\243\205\234\241\311 \346\021\036\262\364rq"
 3043      9CA1C920 
 3043      E6111EB2 
 3043      F47271
 3044 02a5 9B3F6632 		.ascii	"\233?f2\256\372\202\355V\007\\\031\203\324\356/\004"
 3044      AEFA82ED 
 3044      56075C19 
 3044      83D4EE2F 
 3044      04
 3045 02b6 12D7714A 		.ascii	"\022\327qJ\314\267\352K\212|\347\012\377\015\037-}\367"
 3045      CCB7EA4B 
 3045      8A7CE70A 
 3045      FF0D1F2D 
 3045      7DF7
 3046 02c8 B3DE7BD3 		.ascii	"\263\336{\323\252\300\007\230%\363\370G\027'T\3723\373"
 3046      AAC00798 
 3046      25F3F847 
 3046      172754FA 
 3046      33FB
 3047 02da AC7B3916 		.ascii	"\254{9\026FM\347\205\031\323\232\255\204\241\331V\243"
 3047      464DE785 
 3047      19D39AAD 
 3047      84A1D956 
 3047      A3
 3048 02eb 56675BEF 		.ascii	"Vg[\357\031z\322\321\"\315f\243\031K\246\266\231V\271"
 3048      197AD2D1 
 3048      22CD66A3 
 3048      194BA6B6 
 3048      9956B9
 3049 02fe 1EAFAED1 		.ascii	"\036\257\256\321\332-\273\305ik\320\215x\322N\265\266"
 3049      DA2DBBC5 
 3049      696BD08D 
 3049      78D24EB5 
 3049      B6
 3050 030f 68B137A2 		.ascii	"h\2617\2425\325\361\315u\265\033\343M\246\235ho\260"
 3050      35D5F1CD 
 3050      75B51BE3 
 3050      4DA69D68 
 3050      6FB0
 3051 0321 0D0D5E0C 		.ascii	"\015\015^\014\2075zuQj9\305L\313\321\354\244f\266\352"
 3051      87357A75 
 3051      516A39C5 
 3051      4CCBD1EC 
 3051      A466B6EA 
 3052 0335 EFA7B619 		.ascii	"\357\247\266\031\024s:\234p3\004\032\033\034\243\316"
 3052      14733A9C 
 3052      7033041A 
 3052      1B1CA3CE 
ARM GAS  /tmp/cc20pczk.s 			page 70


 3053 0345 3637FD4F 		.ascii	"67\375O\211n%\022V\253f\354Hj\033\266F\265H4V\033\323"
 3053      896E2512 
 3053      56AB66EC 
 3053      486A1BB6 
 3053      46B54834 
 3054 035c 221675A9 		.ascii	"\"\026u\251-!%\034\323\211o\327uB{^oN$w\204\365\260"
 3054      2D21251C 
 3054      D3896FD7 
 3054      75427B5E 
 3054      6F4E2477 
 3055 0373 DE54D5F4 		.ascii	"\336T\325\364r\343\332*x\345\331\270m\226M|\011\371"
 3055      72E3DA2A 
 3055      78E5D9B8 
 3055      6D964D7C 
 3055      09F9
 3056 0385 8357D744 		.ascii	"\203W\327D)K'd\302Y\024\215m\015\211\311\332lsuhe\025"
 3056      294B2764 
 3056      C259148D 
 3056      6D0D89C9 
 3056      DA6C7375 
 3057 039c 301B0209 		.ascii	"0\033\002\011#a\331\035\360\004\007\037\230\375"
 3057      2361D91D 
 3057      F004071F 
 3057      98FD
 3058              		.text
 3059              		.section	.gnu.lto_ch_sch_prio_insert.216.a207216e6170d70a,"e",%progbits
 3060 0000 789C6D92 		.ascii	"x\234m\222]H\024Q\024\307\317\271wf\235\315\022#d{\211"
 3060      5D481451 
 3060      14C7CFB9 
 3060      77669DCD 
 3060      1223647B 
 3061 0015 7AEB41DC 		.ascii	"z\353A\334\361#|\212\222|\210\210@\260\367M\307\265"
 3061      F1237C8A 
 3061      927C8888 
 3061      40B0F74D 
 3061      C7B5
 3062 0027 DD74DD75 		.ascii	"\335t\335u?\322\205\026\307\315M\320\007\333|0\302\254"
 3062      3FD28516 
 3062      C7CD4DD0 
 3062      07DB7C30 
 3062      C2AC
 3063 0039 A007CD20 		.ascii	"\240\007\315 \242\027\023[\315\217D\327\350\303\304"
 3063      A217135B 
 3063      CD8F44D7 
 3063      E8C3C4
 3064 0048 42C43002 		.ascii	"B\3040\002s_\254\310\212\002;sw]7j\230\271s\356\275"
 3064      735FACC8 
 3064      8A023B73 
 3064      775D376A 
 3064      98B973EE 
 3065 005d BFF3FF9F 		.ascii	"\277\363\377\2379w\2129@/\000x\350\301,\300k\321\016"
 3065      39778A39 
 3065      402F0078 
 3065      E8C12CC0 
 3065      6BD10E
 3066 0070 06BAAE97 		.ascii	"\006\272\256\227e1\354\216\356\022\021gm\321N\206\243"
 3066      6531EC8E 
ARM GAS  /tmp/cc20pczk.s 			page 71


 3066      EE121167 
 3066      6DD14E86 
 3066      A3
 3067 0081 3830F4E4 		.ascii	"80\364\344\250\024\211\346,N\217sIbW\242\331\177\255"
 3067      A81489E6 
 3067      2C4E8F73 
 3067      496257A2 
 3067      D97FAD
 3068 0094 98B0FB61 		.ascii	"\230\260\373an2Y\306\326h\207\231R\304\014\241\205\321"
 3068      6E3259C6 
 3068      D6688799 
 3068      52C40CA1 
 3068      85D1
 3069 00a6 B68CF482 		.ascii	"\266\214\364\202\235\353\016Wi\373\307Tbc\2510\254G"
 3069      9DEB0E57 
 3069      69FBC754 
 3069      6263A930 
 3069      AC47
 3070 00b8 F6AF03B4 		.ascii	"\366\257\003\264$wd4\355C\211\306<<$\243\022F(\030\323"
 3070      24776434 
 3070      ED4389C6 
 3070      3C3C24A3 
 3070      12462818 
 3071 00cd F5978921 		.ascii	"\365\227\211!]7Ch\030[\036\343\020\0020\214`\314B@O"
 3071      5D374368 
 3071      185B1EE3 
 3071      1002308C 
 3071      60CC4240 
 3072 00e2 0AE8BCDC 		.ascii	"\012\350\274\334\256\347J\241\221L`\306b\350)7\220\306"
 3072      AEE74AA1 
 3072      914C60C6 
 3072      62E82937 
 3072      90C6
 3073 00f4 7C82363E 		.ascii	"|\2026>}l\317\271\332\252\204b\333\024@\004\337X\262"
 3073      7D6CCFB9 
 3073      DAAA8462 
 3073      DB144004 
 3073      DF58B2
 3074 0107 6114853F 		.ascii	"a\024\205?\255 \306\360\301kyL\377\275\325\245\353["
 3074      AD20C6F0 
 3074      C16B794C 
 3074      FFBDD5A5 
 3074      EB5B
 3075 0119 055D1389 		.ascii	"\005]\023\211\036\314A`\214\321\303IW\002Bdc0!\016\243"
 3075      1ECC4160 
 3075      8CD1C349 
 3075      57024264 
 3075      6330210E 
 3076 012e 624466C4 		.ascii	"bDf\304\021J\356\343poi\265\024\3651\200[\234\211\270"
 3076      114AEEE3 
 3076      706F69B5 
 3076      14F53180 
 3076      5B9C89B8 
 3077 0142 95E2EF4C 		.ascii	"\225\342\357L_\235\217#\275\303\267\217\023\316M`\000"
 3077      5F9D8F23 
 3077      BDC3B78F 
 3077      13CE4D60 
ARM GAS  /tmp/cc20pczk.s 			page 72


 3077      00
 3078 0153 9C7AA04B 		.ascii	"\234z\240K\006\301h\247\314\020\342\262\200\027\342"
 3078      06C168A7 
 3078      CC10E2B2 
 3078      8017E2
 3079 0162 460745B8 		.ascii	"F\007E\270\030g\360\213\205c\003\273\271Bm\011\031\037"
 3079      1867F08B 
 3079      856303BB 
 3079      B9426D09 
 3079      191F
 3080 0174 73DF686E 		.ascii	"s\337hn\177N\320\377\024\241\224B%4\216M\000B\277\310"
 3080      7F4ED0FF 
 3080      14A19442 
 3080      25348E4D 
 3080      0042BFC8 
 3081 0188 505144EA 		.ascii	"PQD\352\273\270\0056Y\333z97\321\012]\355\\\346&\326"
 3081      BBB80536 
 3081      59DB7A39 
 3081      37D10A5D 
 3081      ED5CE626 
 3082 019d B77C892B 		.ascii	"\267|\211+\246\330\3629*A\232\035O|\340F\011h\230\374"
 3082      A6D8F239 
 3082      2A419A1D 
 3082      4F7CE046 
 3082      096898FC 
 3083 01b1 DC5C3573 		.ascii	"\334\\5s$\233\300\216\315\001_\303\2441\023F\215S\350"
 3083      249BC08E 
 3083      CD015FC3 
 3083      A4311346 
 3083      8D53E8
 3084 01c4 86D464ED 		.ascii	"\206\324d\355\240\353\031\326\201\250\240\377\260s\032"
 3084      A0EB19D6 
 3084      81A8A0FF 
 3084      B0731A
 3085 01d3 CF938528 		.ascii	"\317\223\205(u\0169\333N?\346\253\317H\237\311H\237"
 3085      750E39DB 
 3085      4E3FE6AB 
 3085      CF489FC9 
 3085      489F
 3086 01e5 44D76C3A 		.ascii	"D\327l:\177\016\235q!@\005\257L<\352Q9i\210?\242\217"
 3086      7F0E9D71 
 3086      214005AF 
 3086      4C3CEA51 
 3086      3969883F 
 3087 01fb 9BDEDEBD 		.ascii	"\233\336\336\2759\303\021\251^y0\263\247\313\324S2\274"
 3087      39C311A9 
 3087      5E7930B3 
 3087      A7CBD453 
 3087      32BC
 3088 020d 3E909772 		.ascii	">\220\227r[c\301\372tO\236\033=\341\222 W\222dl\300"
 3088      5B63C1FA 
 3088      744F9E1B 
 3088      3DE19220 
 3088      5792646C 
 3089 0222 C2798A55 		.ascii	"\302y\212U\202\027\323\350\013\264'k\377\322\261\300"
 3089      8217D3E8 
 3089      0BB4276B 
ARM GAS  /tmp/cc20pczk.s 			page 73


 3089      FFD2B1C0 
 3090 0232 FEA7F5CA 		.ascii	"\376\247\365\312\0008\027Z\237\223Z\275;\256{\202\315"
 3090      0038175A 
 3090      9F935ABD 
 3090      3BAE7B82 
 3090      CD
 3091 0243 69725EB8 		.ascii	"ir^\270\232\005\371\365\037\222e\230.\010M3l\261\360"
 3091      9A05F9F5 
 3091      1F926598 
 3091      2E084D33 
 3091      6CB1F0
 3092 0256 FB6FA793 		.ascii	"\373o\247\223\347#q\205\323\311pEb\364\3418\270\375"
 3092      E7237185 
 3092      D3C97045 
 3092      62F4E138 
 3092      B8FD
 3093 0268 370154AA 		.ascii	"7\001T\252\016\267\313\256z\335\325j\205\327}\301\256"
 3093      0EB7CBAE 
 3093      7ADDD56A 
 3093      85D77DC1 
 3093      AE
 3094 0279 F97D6AB9 		.ascii	"\371}j\271\303Y\355\254\364\007j\234\356\314\330V\\"
 3094      C359EDAC 
 3094      F4076A9C 
 3094      EECCD856 
 3094      5C
 3095 028a A236B9BD 		.ascii	"\2426\271\275u>O\225f\267\371\275\201\206:\265\362\354"
 3095      753E4F95 
 3095      66B7F9BD 
 3095      81863AB5 
 3095      F2EC
 3096 029c 999262DB 		.ascii	"\231\222b\333\311\212S'l\265N\257\253\251\312kW!\337"
 3096      C98A5327 
 3096      6CB54EAF 
 3096      ABA9CA6B 
 3096      5721DF
 3097 02af 6A55E9D6 		.ascii	"jU\351\326\214T\267/E\272}\252\327\257:\033\264\372"
 3097      8C54B72F 
 3097      45BA7DAA 
 3097      D7AF3A1B 
 3097      B4FA
 3098 02c1 408D9DF6 		.ascii	"@\215\235\366|\232\243\306\352\000\326\350\331\2539"
 3098      7C9AA3C6 
 3098      EA00D6E8 
 3098      D9AB39
 3099 02d0 5CFE66AB 		.ascii	"\\\376f\253f\325j\013k\217T\027\025\002\363{\230\346"
 3099      66D56A0B 
 3099      6B8F5417 
 3099      1502F37B 
 3099      98E6
 3100 02e2 F9033513 		.ascii	"\371\0035\023ZV"
 3100      5A56
 3101              		.text
 3102              		.section	.gnu.lto_chMtxObjectInit.336.a207216e6170d70a,"e",%progbits
 3103 0000 789C7552 		.ascii	"x\234uR_HSQ\034\376}\347\334]7\214ADV\017\301\350\241"
 3103      5F485351 
 3103      1CFE7DE7 
ARM GAS  /tmp/cc20pczk.s 			page 74


 3103      DC5D378C 
 3103      4144560F 
 3104 0017 976AD73F 		.ascii	"\227j\327?\021\364\026\371 =\004\202\205D\304\3209u"
 3104      11F416F9 
 3104      203D0482 
 3104      8544C4D0 
 3104      3975
 3105 0029 E99CDE4D 		.ascii	"\351\234\336Ml\210\3544\315`\321\237Y\011\202(\321\213"
 3105      6C88EC34 
 3105      CD60D19F 
 3105      59098228 
 3105      D18B
 3106 003b 41102491 		.ascii	"A\020$\221N\323\211\205\205\326\312\350\241\360A\366"
 3106      4ED38985 
 3106      85D6CAE8 
 3106      A1F041F6 
 3107 004b 10C32082 		.ascii	"\020\303 \202\242$5;\347N-\202.\367\236\363\373\235"
 3107      A224353B 
 3107      E74E2D82 
 3107      2EF79EF3 
 3107      FB9D
 3108 005d F37DDFF9 		.ascii	"\363}\337\371\316\307\275\313\210\246\210\250L~\260"
 3108      CEC7BDCB 
 3108      88A688A8 
 3108      4C7EB0
 3109 006c 117A1271 		.ascii	"\021z\022qFB\210cy\214u&\2560\214\341e\337\260\256u"
 3109      46428863 
 3109      798C7526 
 3109      AE308CE1 
 3109      65DFB0AE 
 3110 0081 259CC31F 		.ascii	"%\234\303\037\347\216j\034\267\266\020\032.&\342\016"
 3110      E78E6A1C 
 3110      B7B6101A 
 3110      2E26E20E 
 3111 0091 89B03A50 		.ascii	"\211\260:P\224q\015Q\334\341\206\\X~\366\351\306\330"
 3111      94710D51 
 3111      DCE1865C 
 3111      587EF6E9 
 3111      C6D8
 3112 00a3 6E3194C2 		.ascii	"n1\224\302\022Q\224\254\307\006}\00749\356\204\313\006"
 3112      125194AC 
 3112      C7067D07 
 3112      3439EE84 
 3112      CB06
 3113 00b5 7B071D4A 		.ascii	"{\007\035J\011\361zrD\010\007u$\021\035\305\010\210"
 3113      09F17A72 
 3113      44080775 
 3113      24111DC5 
 3113      0888
 3114 00c7 1804160B 		.ascii	"\030\004\026\013\210\362-\036l\220E\373\023H\266\275"
 3114      88F22D1E 
 3114      6C9045FB 
 3114      1348B6BD 
 3115 00d7 478D8AB4 		.ascii	"G\215\212\264\374!>1\263\253_\244\264\310\004\332-\336"
 3115      FC213E31 
 3115      B3AB5FA4 
 3115      B4C804DA 
ARM GAS  /tmp/cc20pczk.s 			page 75


 3115      2DDE
 3116 00e9 24181778 		.ascii	"$\030\027x\270\307\206\003\012\260\320\375~\032\022"
 3116      B8C78603 
 3116      0AB0D0FD 
 3116      7E1A12
 3117 00f8 D0E59288 		.ascii	"\320\345\222\210\350\006\302\362\220\257\334}.J\201"
 3117      E806C2F2 
 3117      90AFDC7D 
 3117      2E4A81
 3118 0107 C6D1AE4E 		.ascii	"\306\321\256N\231\202T\227{`\332\203y[J\254\256_\027"
 3118      99825497 
 3118      7B60DA83 
 3118      795B4AAC 
 3118      AE5F17
 3119 011a 22BD7776 		.ascii	"\"\275wv\341\247}\033\210\331\0301\235\313O#\306u )"
 3119      E1A77D1B 
 3119      88D91831 
 3119      9DCB4F23 
 3119      C6752029 
 3120 012e A1035C45 		.ascii	"\241\003\\E 4\210\024\321 g\271\246S6?\230\310<\236"
 3120      20348814 
 3120      D12067B9 
 3120      A653363F 
 3120      98C83C9E 
 3121 0142 819AF7E5 		.ascii	"\201\232\367\345\206\025\3269\177\031\034\\\327;$u\205"
 3121      8615D639 
 3121      7F191C5C 
 3121      D73B2475 
 3121      85
 3122 0153 C57EC996 		.ascii	"\305~\311\226q\320\032\273\344\342<\016\275%H\304\231"
 3122      71D01ABB 
 3122      E4E23C0E 
 3122      BD2548C4 
 3122      99
 3123 0164 2E33640E 		.ascii	".3d\016\372\316\272\226J9\307SX\241\015r\236\235\353"
 3123      FACEBA96 
 3123      4A39C753 
 3123      58A10D72 
 3123      9E9DEB
 3124 0177 2B51E2DC 		.ascii	"+Q\342\334\322[c].\212\2035\370\255D\353T&R\243\256"
 3124      D25B635D 
 3124      2E8A8335 
 3124      F8AD44EB 
 3124      542652A3 
 3125 018c 4DCEF7A1 		.ascii	"M\316\367\241\371\236C\036\037G\267\020\366\272\027"
 3125      F99E431E 
 3125      1F47B710 
 3125      F6BA17
 3126 019b 1807735A 		.ascii	"\030\007sZ*\332\226G\333\246\267L2O\331\351\215\203"
 3126      2ADA9647 
 3126      DBA6B74C 
 3126      324FD9E9 
 3126      8D83
 3127 01ad 6B8A2B01 		.ascii	"k\212+\001C\005U\346\264R<\"\033\273g\026\347Hj\311"
 3127      430555E6 
 3127      B4523C22 
 3127      1BBB6716 
ARM GAS  /tmp/cc20pczk.s 			page 76


 3127      E7486AC9 
 3128 01c1 3A8BC81C 		.ascii	":\213\310\034\324\365b.LJ\274\342\177}t{\365Z/\220\262"
 3128      D4F5622E 
 3128      4C4ABCE2 
 3128      7F7D747B 
 3128      F55A2F90 
 3129 01d6 AE9B49A4 		.ascii	"\256\233I\244\035\230\202R\354\277\347\224\316\"\260"
 3129      1D988252 
 3129      ECBFE794 
 3129      CE22B0
 3130 01e5 1C91C77C 		.ascii	"\034\221\307|\005RzY\026I\343\254\314;G\317\334L\377"
 3130      05527A59 
 3130      1649E3AC 
 3130      CC3B47CF 
 3130      DC4CFF
 3131 01f8 41FF837B 		.ascii	"A\377\203{\2033\233\270\330\227\321\253\311\031\365"
 3131      83339BB8 
 3131      D897D1AB 
 3131      C919F5
 3132 0207 9F6112B9 		.ascii	"\237a\022\271\200\307-\337\337\262\316\015\327Yf\271"
 3132      80C72DDF 
 3132      DFB2CE0D 
 3132      D75966B9 
 3133 0217 B63C57BE 		.ascii	"\266<W\276\305i\"\275RB\327Yl\361]\231\225\342\000G"
 3133      C56922BD 
 3133      5242D759 
 3133      6CF15D99 
 3133      95E20047 
 3134 022b EEFEB194 		.ascii	"\356\376\261\224j+\214\372`\300g\230\301j\243\334\014"
 3134      6A2B8CFA 
 3134      60C06798 
 3134      C16AA3DC 
 3134      0C
 3135 023c 9EF779C3 		.ascii	"\236\367y\303!\243\264\336_\355\257\010\267\326\370"
 3135      21A3B4DE 
 3135      5FEDAF08 
 3135      B7D6F8
 3136 024b 837FD79E 		.ascii	"\203\177\327\236\342\022\243-h6\204\232\253\274>O\330"
 3136      E212A32D 
 3136      6836849A 
 3136      ABBC3E4F 
 3136      D8
 3137 025c 6C6D6A30 		.ascii	"lmj0*N\235,)\366\224\225\2378\356\251\365\233\201\266"
 3137      2A4E9D2C 
 3137      29F69495 
 3137      9F38EEA9 
 3137      F59B81B6 
 3138 0270 2AD367D0 		.ascii	"*\323g\320~\267\333\220\257WQ\203\241\015d0d\230a#d"
 3138      7EB7DB90 
 3138      AF575183 
 3138      A10D6430 
 3138      64986123 
 3139 0285 7AE57A20 		.ascii	"z\345z |\301\355%\026h\336\276Q\273\275\265\205\265"
 3139      7CC1ED25 
 3139      1668DEBE 
 3139      51BBBDB5 
 3139      85B5
ARM GAS  /tmp/cc20pczk.s 			page 77


 3140 0297 87AB8B0A 		.ascii	"\207\253\213\012\211\2654\037\374?\335\337\344ml\255"
 3140      89B5341F 
 3140      FC3FDDDF 
 3140      E46D6CAD 
 3141 02a7 F1C9BD46 		.ascii	"\361\311\275F\177(\034r\327\323o[\272#+"
 3141      7F281C72 
 3141      D7D36F5B 
 3141      BA232B
 3142              		.text
 3143              		.section	.gnu.lto_chMtxObjectDispose.337.a207216e6170d70a,"e",%progbits
 3144 0000 789C7552 		.ascii	"x\234uR[hTW\024\335\353\234\373\230\311@h\020_\3703"
 3144      5B685457 
 3144      14DDEB9C 
 3144      FB98C940 
 3144      68105FF8 
 3145 0015 F4430ADA 		.ascii	"\364C\012\332\271\232\024\301?\321\017Q\020\205X\212"
 3145      B99A14C1 
 3145      3FD10F51 
 3145      1085588A 
 3146 0025 8884CC75 		.ascii	"\210\204\314u\322L\343x\223\231\011QB\234\343d\2140"
 3146      D24CE378 
 3146      93990951 
 3146      429CE364 
 3146      8C30
 3147 0037 2212F181 		.ascii	"\"\022\361\2014D\244\037\372!(\210\020\255\232\011m"
 3147      3444A41F 
 3147      FA212888 
 3147      10AD9A09 
 3147      6D
 3148 0048 88A6F115 		.ascii	"\210\246\361\025\004K\021\264\371h}\374\010\202\012"
 3148      044B11B4 
 3148      F9687DFC 
 3148      08820A
 3149 0057 3EE23E67 		.ascii	">\342>g&\311\010z\271\347\334\275\367Y{\355}\326\276"
 3149      26C9087A 
 3149      B9E7DCBD 
 3149      F7597BED 
 3149      7DD6BE
 3150 006a 1D926884 		.ascii	"\035\222h\204\210\366\361B\210p\264\277(H)\265\306\025"
 3150      88F6F142 
 3150      8870B4BF 
 3150      284829B5 
 3150      C615
 3151 007c A2B7FF90 		.ascii	"\242\267\377\220\300\357\270}\352\222c\025\372k/\375"
 3151      C0EFB87D 
 3151      EA926315 
 3151      FA6B2FFD 
 3152 008c 37B1DA92 		.ascii	"7\261\332\22286\213\260D_\025\342@\005as4b\"\007+\021"
 3152      38368BB0 
 3152      445F15E2 
 3152      40056173 
 3152      34622207 
 3153 00a2 07276773 		.ascii	"\007'gs\\\354\357/\2069\307x\240\234\220\226\355\270"
 3153      5CECEF2F 
 3153      8639C778 
 3153      A09C9096 
 3153      EDB8
ARM GAS  /tmp/cc20pczk.s 			page 78


 3154 00b4 C8E18CF4 		.ascii	"\310\341\214\3648\366v\364\305\305\373\213\324\271\022"
 3154      38F676F4 
 3154      C5C5FB8B 
 3154      D4B912
 3155 00c3 9E13E5C8 		.ascii	"\236\023\345\310<6\234y\260x\237\217\250\215P\017}_"
 3155      3C369C79 
 3155      B0789F8F 
 3155      A88D500F 
 3155      7D5F
 3156 00d5 52EADEF8 		.ascii	"R\352\336\370\220Ra\352\271\212\334\025\014\201H@\341"
 3156      905261EA 
 3156      B98ADC15 
 3156      0C814840 
 3156      E1
 3157 00e6 FC02A288 		.ascii	"\374\002\242\210\311\203\0156\272\257\203\263CG\365"
 3157      C9830D36 
 3157      BAAF83B3 
 3157      4347F5
 3158 00f5 AE93DEFE 		.ascii	"\256\223\336\376S|\364\377\222\001U\262\366\336@\267"
 3158      537CF4FF 
 3158      920155B2 
 3158      F6DE40B7 
 3159 0105 C91B8690 		.ascii	"\311\033\206\220\012\203\213m,\323\200G}\207F\301\200"
 3159      0A838B6D 
 3159      2CD38047 
 3159      7D8746C1 
 3159      80
 3160 0116 429411B9 		.ascii	"B\224\021\271\012\302\364\020\341\356\206\306\352K\240"
 3160      0AC2F410 
 3160      E1EE86C6 
 3160      EA4BA0
 3161 0125 6BE8D655 		.ascii	"k\350\326UF\300\354|\006a]\230\264K\352\375\364\021"
 3161      46C0EC7C 
 3161      06615D98 
 3161      B44BEAFD 
 3161      F411
 3162 0137 A51E7F77 		.ascii	"\245\036\177w\347\375\331\360<\220\260\005\011G\362"
 3162      E7FDD9F0 
 3162      3C90B005 
 3162      0947F2
 3163 0146 B248B836 		.ascii	"\262H\2706\373\016\333.\257\020\211P\230\375\032\266"
 3163      FB0EDB2E 
 3163      AF108950 
 3163      98FD1AB6 
 3164 0156 23BC6A81 		.ascii	"#\274j\201\253\250c\020\321\240\244i~$T\211\350\264"
 3164      ABA86310 
 3164      D1A0A469 
 3164      7E245489 
 3164      E8B4
 3165 0168 1465A797 		.ascii	"\024e\247\227\2357BM\375:\016\375\375\266\274\275\023"
 3165      9D37424D 
 3165      FD3A0EFD 
 3165      FDB6BCBD 
 3165      13
 3166 0179 BD930721 		.ascii	"\275\223\007!!k\235\036\356\342\235\310\177dWH\320\007"
 3166      216B9D1E 
 3166      EEE29DC8 
ARM GAS  /tmp/cc20pczk.s 			page 79


 3166      7F645748 
 3166      D007
 3167 018b 71202A65 		.ascii	"q *e\021N\252\215HrQ\356&B\257E\341\371:)\361'\214\250"
 3167      114EAA8D 
 3167      487251EE 
 3167      2642AF45 
 3167      E1F93A29 
 3168 01a3 A7A57C3A 		.ascii	"\247\245|:q\252A\223K\303\367A\024\242T\204\3709a\024"
 3168      71AA4193 
 3168      4BC3F741 
 3168      14A25484 
 3168      F8396114 
 3169 01b7 F7B566CC 		.ascii	"\367\265f\314\341w\361\367<\254\346\233\030\003\237"
 3169      E177F1F7 
 3169      3CACE69B 
 3169      18039F
 3170 01c6 F72915F2 		.ascii	"\367)\025\362o\341\032\3047\206\305\232\355\0213\275"
 3170      6FE11AC4 
 3170      3786C59A 
 3170      ED1133BD 
 3171 01d6 4D0DD47C 		.ascii	"M\015\324|\326g\376D\021<efa\011C;\342\177h\352U\332"
 3171      D667FE44 
 3171      113C6566 
 3171      6109433B 
 3171      E27F68EA 
 3172 01ec DEFE17B6 		.ascii	"\336\376\027\266\021\223j\273c\002\372\232\371(\206"
 3172      11936ABB 
 3172      6302FA9A 
 3172      F92886
 3173 01fb 19AD735F 		.ascii	"\031\255s_]>>t\344\004P2\327\236\272~7\214\021h\276"
 3173      5D3E3E74 
 3173      E4045032 
 3173      D79EBA7E 
 3173      378C1168 
 3174 0210 1BCFE6CB 		.ascii	"\033\317\346\313:\356q/Lo\364S\374\016hU\201I~\274\213"
 3174      3AEE712F 
 3174      4C6FF453 
 3174      FC0E6855 
 3174      81497EBC 
 3175 0225 461E8CE6 		.ascii	"F\036\214\346yy\345\360\300\270\376\3230l\344\351}\300"
 3175      7979E5F0 
 3175      C0B8FED3 
 3175      306CE4E9 
 3175      7DC0
 3176 0237 F2D8D292 		.ascii	"\362\330\322\222u3Z9\322.k\345\316h\345\260:baE*wN*"
 3176      75335A39 
 3176      D22E6BE5 
 3176      CE68E5B0 
 3176      3A626145 
 3177 024f FB24FFC8 		.ascii	"\373$\377\310\346\222\226.\037\226\241\317nc\356\022"
 3177      E692962E 
 3177      1F96A1CF 
 3177      6E63EE12 
 3178 025f 4C6233CD 		.ascii	"Lb3\315\026b\210\023\314\215\245F\206\313\245\"3\245"
 3178      16628813 
 3178      CC8DA546 
 3178      86CBA522 
ARM GAS  /tmp/cc20pczk.s 			page 80


 3178      33A5
 3179 0271 6AAA4B45 		.ascii	"j\252KE\346J9\243/~\373\227t)\373\013c\251\036\310\303"
 3179      E64A39A3 
 3179      2F7EFB97 
 3179      7429FB0B 
 3179      63A91EC8 
 3180 0286 AA81FC3D 		.ascii	"\252\201\374=7\020\227\233Q\226&p\015\301\264\310?\031"
 3180      3710979B 
 3180      51962670 
 3180      0DC1B4C8 
 3180      3F19
 3181 0298 DE68D807 		.ascii	"\336h\330\007%\312\207\371\222v\033\275\326 \225\360"
 3181      25CA87F9 
 3181      92761BBD 
 3181      D62095F0 
 3182 02a8 D241DCDB 		.ascii	"\322A\334\333\222\016~I\370\331\214\267\2565\031O6f"
 3182      920E7E49 
 3182      F8D98CB7 
 3182      AE35194F 
 3182      3666
 3183 02ba 3B772683 		.ascii	";w&\203j\273\251\276\301\353\012\322m\231\366f?\321"
 3183      6ABBA9BE 
 3183      C1EB0AD2 
 3183      6D99F666 
 3183      3FD1
 3184 02cc 944D77EE 		.ascii	"\224Mw\356n\363\032\267nj\250oZ\277e\303\332\246\226"
 3184      6EF31AB7 
 3184      6E6AA86F 
 3184      5ABF65C3 
 3184      DAA696
 3185 02df 643AD5D5 		.ascii	"d:\325\325\234Nx\2644\026\363\370\365uj\220\251 \203"
 3185      9C4E78B4 
 3185      3416F3F8 
 3185      F5756A90 
 3185      A92083
 3186 02f2 8C97CE7A 		.ascii	"\214\227\316z\231\264\317\361TvO\314'\221j\257\253\330"
 3186      99B4CFF1 
 3186      54764FCC 
 3186      27916AAF 
 3186      ABD8
 3187 0304 31BF6545 		.ascii	"1\277eE\313\017\361\225+Ht\264/\377zzr\267\277\253s"
 3187      CB0FF195 
 3187      2B4874B4 
 3187      2FFF7A7A 
 3187      72B7BFAB 
 3188 0319 6782CF76 		.ascii	"g\202\317v%3\331L\254\225>\001n\217a)"
 3188      2533D94C 
 3188      AC953E01 
 3188      6E8F6129 
 3189              		.text
 3190              		.section	.gnu.lto_chMtxLock.338.a207216e6170d70a,"e",%progbits
 3191 0000 789C7D52 		.ascii	"x\234}R_HSQ\030\377\2763\357\334\214\240\020Cz\032E"
 3191      5F485351 
 3191      18FFBE33 
 3191      EFDC8CA0 
 3191      10437A1A 
 3192 0015 09A53B4B 		.ascii	"\011\245;K\213^+\211P\030\210\3531\030\356z\325\233"
ARM GAS  /tmp/cc20pczk.s 			page 81


 3192      8B5E2B89 
 3192      501888EB 
 3192      3118EE7A 
 3192      D59B
 3193 0027 5DEFBA77 		.ascii	"]\357\272wK\207\310N3z\020*\024\364\301L\015\014\262"
 3193      4B87C84E 
 3193      337A102A 
 3193      14F4C14C 
 3193      0D0CB2
 3194 003a 877A52A6 		.ascii	"\207zR\246V^\263\241\325C!Da\241a\017Q\226D\006ZX\353"
 3194      565EB3A1 
 3194      D5432144 
 3194      61A1610F 
 3194      51964406 
 3195 0051 9CBBF5E7 		.ascii	"\234\273\365\347\305\306e\347\373\276\337\237\363\343"
 3195      C5C665E7 
 3195      FBBEDF9F 
 3195      F3E3
 3196 005f BBB78C00 		.ascii	"\273\267\214\000\234B\200\335\000\200\016\300\256\316"
 3196      9C4280DD 
 3196      00800EC0 
 3196      AECE
 3197 006d 0E028CB1 		.ascii	"\016\002\214\261#\271\004\317wv\270q\002\355\016!N0"
 3197      23B904CF 
 3197      7776B871 
 3197      02ED0E21 
 3197      4E30
 3198 007f 8ED71D94 		.ascii	"\216\327\035\224\267\353\251\345\301\027\205\354\246"
 3198      B7EBA9E5 
 3198      C11785EC 
 3198      A6
 3199 008c 851F00E2 		.ascii	"\205\037\000\342`\377$t\346c\016\377/@\217\204\2566"
 3199      60FF2474 
 3199      E6630EFF 
 3199      2F408F84 
 3199      AE36
 3200 009e 28B1187B 		.ascii	"(\261\030{6\226d\314\015m\343\030\037\303$\277\206 "
 3200      369664CC 
 3200      0D6DE318 
 3200      1FC324BF 
 3200      8620
 3201 00b0 C39E1D00 		.ascii	"\303\236\035\000[l\035J\310\213\326{\010v\021\273o\027"
 3201      5B6C1D4A 
 3201      C88BD67B 
 3201      087611BB 
 3201      6F17
 3202 00c2 FC82E442 		.ascii	"\374\202\344B)\334\305Xf<\211\177\346}\267R\257\235"
 3202      29DCC558 
 3202      663C897F 
 3202      E67DB752 
 3202      AF9D
 3203 00d4 606133EF 		.ascii	"`a3\357]\266L\334\262\336{\371\325\323\235}\314\312"
 3203      5DB64CDC 
 3203      B2DE7BF9 
 3203      D5D39D7D 
 3203      CCCA
 3204 00e6 893EC056 		.ascii	"\211>\300V\373\242i$\022\303\201B\011\367\013\302hW"
ARM GAS  /tmp/cc20pczk.s 			page 82


 3204      FBA26924 
 3204      12C38142 
 3204      09F70BC2 
 3204      6857
 3205 00f8 7AA478BA 		.ascii	"z\244x\272\235\3152A\211g)vja\273>s\325\371\020a\012"
 3205      9DCD3241 
 3205      89672976 
 3205      6A61BB3E 
 3205      73D5F910 
 3206 010e 5B45B014 		.ascii	"[E\260\024rg\001\336\231\223,\266\221\276\302\254w\005"
 3206      726701DE 
 3206      99932CB6 
 3206      91BEC2AC 
 3206      7705
 3207 0120 53B7DFBF 		.ascii	"S\267\337\277MW\362\245\3408\207\372\035bG,\007\231"
 3207      4D57F2A5 
 3207      E03887FA 
 3207      1D62472C 
 3207      0799
 3208 0132 0530E020 		.ascii	"\0050\340 \231\246\2357k\204-}{\214\342\\\035\356^\350"
 3208      99A69D37 
 3208      6B842D7D 
 3208      7B8CE25C 
 3208      1DEE5EE8 
 3209 0146 ED41915E 		.ascii	"\355A\221^LW\347\3358\231\001>\015\375\\~\231\217V\006"
 3209      4C57E7DD 
 3209      3899013E 
 3209      0DFD5C7E 
 3209      998F5606 
 3210 015a 185829E4 		.ascii	"\030X)\344gb\220\000N\2433\212>\2333\3227\272x\015\361"
 3210      67629000 
 3210      4EA3338A 
 3210      3E9B33D2 
 3210      37BA780D 
 3211 016f 618633B1 		.ascii	"a\2063\261\350\306\024\302\006I\354\022\331\246\210"
 3211      E8C614C2 
 3211      0649EC12 
 3211      D9A688
 3212 017e 844573E4 		.ascii	"\204Es\344\242\313\224\320\315\223\316\"\360\343\021"
 3212      A2CB94D0 
 3212      CD93CE22 
 3212      F0E311
 3213 018d CE889514 		.ascii	"\316\210\225\024=\347\300Y1~\202\"P\342\363\307\241"
 3213      3DE7C059 
 3213      317E8222 
 3213      50E2F3C7 
 3213      A1
 3214 019e FE159770 		.ascii	"\376\025\227p\267\363}\031\356\376:\177\003\263a\226"
 3214      B7F37D19 
 3214      EEFE3A7F 
 3214      03B36196 
 3215 01ae D6E6117E 		.ascii	"\326\346\021~\220v\017t \3215>$y6+y\351{%\177\373\034"
 3215      90760F74 
 3215      20D1353E 
 3215      2479362B 
 3215      79E97B25 
 3216 01c5 BB60636A 		.ascii	"\273`cj=\200\203\220\255\266h#\357\257F\006!I\223\304"
ARM GAS  /tmp/cc20pczk.s 			page 83


 3216      3D808390 
 3216      ADB66823 
 3216      EFAF4606 
 3216      214993C4 
 3217 01d9 9B74A5FD 		.ascii	"\233t\245\375)\364;0\263\220\204%\332\000m\3205\205"
 3217      29F43B30 
 3217      B3908425 
 3217      DA006DD0 
 3217      3585
 3218 01eb 1A7A8856 		.ascii	"\032z\210V\031\372iE\216\230\264\274A\015\251\201H\264"
 3218      19FA6945 
 3218      8E98B4BC 
 3218      410DA981 
 3218      48B4
 3219 01fd 56D5FFAD 		.ascii	"V\325\377\255\203\245e\264Y7\032\315p\215\254\004#F"
 3219      83A565B4 
 3219      59371ACD 
 3219      708DAC04 
 3219      2346
 3220 020f B4A99106 		.ascii	"\264\251\221\006N\372\313J\203'\252*\216\005\353TCk"
 3220      4EFACB4A 
 3220      8327AA2A 
 3220      8E05EB54 
 3220      436B
 3221 0221 AE31140A 		.ascii	"\2561\024\012{\275^\312\037YHu3\313\324MjD\250i\310"
 3221      7BBD5ECA 
 3221      1F594875 
 3221      33CBD44D 
 3221      6A44A869 
 3222 0236 7CAE455A 		.ascii	"|\256EZ\2742\020-\274=[{\345:_\335\301\320\001\037\354"
 3222      BC32102D 
 3222      BC3D5B7B 
 3222      E53A5FDD 
 3222      C1D0011F 
 3223 024b DB5CAB36 		.ascii	"\333\\\2536\311g\242\265\012\307\314\230\351m\200\334"
 3223      C967A2B5 
 3223      0AC7CC98 
 3223      E96D80DC 
 3224 025b 508DA954 		.ascii	"P\215\251T\031\352\361M$\262\256iz\023UZ\"\364h\265"
 3224      19EAF14D 
 3224      24B2AE69 
 3224      7A13555A 
 3224      22F468B5 
 3225 026f 9F96FB03 		.ascii	"\237\226\373\003\025\001Z\256\363\204\025\277\2354S"
 3225      15015AAE 
 3225      F38415BF 
 3225      9D3453
 3226 027e 3583F5B2 		.ascii	"5\203\365\262\314\335\016\375\337%\254\033|3\334\347"
 3226      CCDD0EFD 
 3226      DF25AC1B 
 3226      7C33DCE7 
 3227 028e DCE1123F 		.ascii	"\334\341\022?g\311\334\207\253\266\371\003\325\036\221"
 3227      67C9DC87 
 3227      ABB6F903 
 3227      D51E91
 3228 029d 236CA8C5 		.ascii	"#l\250\305\236=> \006\344j\212\246\0331\370\005\266"
 3228      9E3D3E20 
ARM GAS  /tmp/cc20pczk.s 			page 84


 3228      06E46A8A 
 3228      A61B31F8 
 3228      05B6
 3229 02af 5B38F9   		.ascii	"[8\371"
 3230              		.text
 3231              		.section	.gnu.lto_chMtxLockS.339.a207216e6170d70a,"e",%progbits
 3232 0000 789C8D57 		.ascii	"x\234\215W{LTW\032?\33793\303\014\303\014 O\2255\264"
 3232      7B4C5457 
 3232      1A3FDF39 
 3232      33C30CC3 
 3232      0C204F95 
 3233 0016 5693762B 		.ascii	"V\223v+\323-\273\342#\273\2515\353\2461\3156u\373\307"
 3233      D32DBBE2 
 3233      23BBA935 
 3233      EBA631CD 
 3233      3675FBC7 
 3234 002a 66B3218A 		.ascii	"f\263!\212X(\265\260\303Lhc\314\275 \212\216U\001\237"
 3234      5828B5B0 
 3234      C34C6863 
 3234      CCBD208A 
 3234      8E55019F 
 3235 003e 282AF5B1 		.ascii	"(*\365\261\014v\033\037\250\200 \262*\253T\004\245\306"
 3235      0C761B1F 
 3235      A88020B2 
 3235      2AAB5404 
 3235      A5C6
 3236 0050 BA95BE6C 		.ascii	"\272\225\276l\227\002\026\253\265\265X\255\356w\316"
 3236      970216AB 
 3236      B5B558AD 
 3236      EE77CE
 3237 005f B9F7CEE5 		.ascii	"\271\367\316\345a\"\361\314\234s\347\367}\347{\374\276"
 3237      6122F1CC 
 3237      9C73E7F7 
 3237      7DE77BFC 
 3237      BE
 3238 0070 EF7EEE77 		.ascii	"\357~\356w\023r\227\020\222\012\204@4\201\362\262\000"
 3238      13729710 
 3238      920A8440 
 3238      3481F2B2 
 3238      00
 3239 0081 25AAAABE 		.ascii	"%\252\252\276\020F\351\262\262\325\024\216\303\371\212"
 3239      1046E9B2 
 3239      B2D5148E 
 3239      C3F98A
 3240 0090 5A9BA5B8 		.ascii	"Z\233\245\270\314]\333\323>\335\302`\203\201\260\320"
 3240      CC5DDBD3 
 3240      3EDDC260 
 3240      8381B0D0 
 3241 00a0 60E9A127 		.ascii	"`\351\241'\020\261\265\266\347Y\313\216\322k\320\323"
 3241      10B1B5B6 
 3241      E759CB8E 
 3241      D26BD0D3 
 3242 00b0 5E116389 		.ascii	"^\021c\211\202\212\"\220\010\253ek\351.\300m\224m\213"
 3242      828A2290 
 3242      08AB656B 
 3242      E92EC06D 
 3242      946D8B
ARM GAS  /tmp/cc20pczk.s 			page 85


 3243 00c3 BE595116 		.ascii	"\276YQ\026.\276K\264o\033T\224\377\363V\360\2339p\032"
 3243      2EBE4BB4 
 3243      6F1B5494 
 3243      FFF356F0 
 3243      9B39701A 
 3244 00d7 8450186C 		.ascii	"\204P\030l-\337u\360\\\2308\330\305\241[\036\034ty\231"
 3244      2DDF75F0 
 3244      5C9838D8 
 3244      C5A15B1E 
 3244      1C747999 
 3245 00eb 7343F78E 		.ascii	"sC\367\216?\240\332k\360\355\356/\301\022N\267\225\036"
 3245      3FA0DA6B 
 3245      F0EDEE2F 
 3245      C1124EB7 
 3245      951E
 3246 00fd 922656E2 		.ascii	"\222&V\3423a\243\023*\313w=!-\210\240\333\271\215\247"
 3246      3361A313 
 3246      2ACB773D 
 3246      212D88A0 
 3246      DBB98DA7 
 3247 0111 2564A70E 		.ascii	"%d\247\016q\301N\003\342\346{yu$\024\226\005\276k{\022"
 3247      71C14E03 
 3247      E2E67B79 
 3247      75241496 
 3247      05BE6B7B 
 3248 0126 7D126720 		.ascii	"}\022g \012e\226(\253-\314\356\010wF\270\334\221\240"
 3248      0A659628 
 3248      AB2DCCEE 
 3248      087746B8 
 3248      DC91A0
 3249 0139 500709FD 		.ascii	"P\007\011\375\275\307<\010\034l\275^u5Q\015\266@?!\212"
 3249      BDC73C08 
 3249      1C6CBD5E 
 3249      7535510D 
 3249      B6403F21 
 3250 014e FCC50AB6 		.ascii	"\374\305\012\266\030\260\340g\034$[\301\276\224LiQ\325"
 3250      18B0E067 
 3250      1C245BC1 
 3250      BE944C69 
 3250      51D5
 3251 0160 0BC7EA55 		.ascii	"\013\307\352U\325A\226\036\003\245\001\3521\344\024"
 3251      D541961E 
 3251      03A501EA 
 3251      31E414
 3252 016f 54688BE3 		.ascii	"Th\213\343h{9\340\347\257\021t\363\352\336\022wi\241"
 3252      687B39E0 
 3252      E7AF1174 
 3252      F3EADE12 
 3252      7769A1
 3253 0182 7D49938E 		.ascii	"}I\223\216\"D\205KqNr\034\270vT\352$\344\235\023\034"
 3253      2244854B 
 3253      714E721C 
 3253      B87654EA 
 3253      24E49D13 
 3254 0197 EFC4DB83 		.ascii	"\357\304\333\203\011\244\031\336!\370\254\005\344CB"
 3254      09A419DE 
 3254      21F8AC05 
ARM GAS  /tmp/cc20pczk.s 			page 86


 3254      E44342
 3255 01a6 0A4EF28D 		.ascii	"\012N\362\215\275\302\320\271\262: t\2362\353\354\217"
 3255      BDC2D0B9 
 3255      B23A2074 
 3255      9E32EBEC 
 3255      8F
 3256 01b7 E3E0D380 		.ascii	"\343\340\323\200\362x\352\303\223\275\222KpS\007\357"
 3256      F278EAC3 
 3256      93BD924B 
 3256      705307EF 
 3257 01c7 071EAC9A 		.ascii	"\007\036\254\232P\251\266X\374\377\201\002!s\006\250"
 3257      50A9B658 
 3257      FCFF8102 
 3257      217306A8 
 3258 01d7 5585A644 		.ascii	"U\205\246D\251r\260{\305'\255\200\200\342dD(\032Bx\316"
 3258      A972B07B 
 3258      C527AD80 
 3258      80E26444 
 3258      281A4278 
 3259 01ec AD1A1CF8 		.ascii	"\255\032\034\370*\354,\220V(\340\226\265\301I\303\224"
 3259      2AEC2C90 
 3259      5628E096 
 3259      B5C149C3 
 3259      94
 3260 01fd 4F5AFF71 		.ascii	"OZ\377qV\265\214*\363u-;g\310\264?\226L}G-\3530d:\271"
 3260      56B58C2A 
 3260      F3752D3B 
 3260      67C8B43F 
 3260      964C7D47 
 3261 0217 0C8F2BB5 		.ascii	"\014\217+\265\301)\330\337emQ\357?\\\247\252\037Oin"
 3261      C129D8DF 
 3261      656D51EF 
 3261      3F5CA7AA 
 3261      1F4F696E 
 3262 022b AA0E7F11 		.ascii	"\252\016\177\021\010\015\243\204\332\031.\013\202\254"
 3262      080DA384 
 3262      DA192E0B 
 3262      82AC
 3263 0239 04513642 		.ascii	"\004Q6B\035a\204\206\333\011\265:p\205\343\336\211+"
 3263      1D618486 
 3263      DB09B53A 
 3263      7085E3DE 
 3263      892B
 3264 024b 02F72E5C 		.ascii	"\002\367.\\n\\\221\204:\243pE\343~\014\256\030\024\216"
 3264      6E5C9184 
 3264      3AA37045 
 3264      E37E0CAE 
 3264      18148E
 3265 025e 456571A8 		.ascii	"Eeq\250(\036W\002\342\023\361<\026\367\343p\215\307"
 3265      281E5702 
 3265      E213F13C 
 3265      16F7E370 
 3265      8DC7
 3266 0270 7312573E 		.ascii	"s\022W>\021\201\223\000\216\3013\374\224\302?\246\242"
 3266      11819300 
 3266      8EC133FC 
 3266      94C23FA6 
ARM GAS  /tmp/cc20pczk.s 			page 87


 3266      A2
 3267 0281 7C1AAE69 		.ascii	"|\032\256i\270\246\343\232\201k&.Bv0\362\020\377\030"
 3267      B8A6E39A 
 3267      816B262E 
 3267      427630F2 
 3267      10FF18
 3268 0294 A82D84EC 		.ascii	"\250-\204\354dT\036\226\341\341'\252^\253\303\320\340"
 3268      64541E96 
 3268      E1E127AA 
 3268      5EABC3D0 
 3268      E0
 3269 02a5 F7ED81CA 		.ascii	"\367\355\201\312\317.W\002O5\177z\373\262\003Z\200\334"
 3269      CF2E5702 
 3269      4F357F7A 
 3269      FBB2035A 
 3269      80DC
 3270 02b7 A345CD35 		.ascii	"\243E\3155.6\021\011\367:\217Z\000\350\353\231\370\375"
 3270      2E361109 
 3270      F73A8F5A 
 3270      00E8EB99 
 3270      F8FD
 3271 02c9 2F20195D 		.ascii	"/ \031]p\221?\232\212\321\262\317\377\010\322\221'b"
 3271      70913F9A 
 3271      8AD1B2CF 
 3271      FF08D291 
 3271      2762
 3272 02db BFE412FC 		.ascii	"\277\344\022\374\035\367\250\246\350f\303\232\243\253"
 3272      1DF7A8A6 
 3272      E866C39A 
 3272      A3AB
 3273 02e9 3703F21E 		.ascii	"7\003\362\036\232\200M\024\232\033\361\276_\350\262"
 3273      9A804D14 
 3273      9A1BF1BE 
 3273      5FE8B2
 3274 02f8 6482BAFE 		.ascii	"d\202\272\376\366W\214i\254x\334\344\344_O\312\217{"
 3274      F6578C69 
 3274      AC78DCE4 
 3274      E45F4FCA 
 3274      8F7B
 3275 030a 74595709 		.ascii	"tYW\0110`\223lK1\354h\305\003<R\306%\227'3\026\000\333"
 3275      3060936C 
 3275      4B31EC68 
 3275      C5033C52 
 3275      C6259727 
 3276 0322 6BF30861 		.ascii	"k\363\010a\324\206\265D\023\310\035Z\334?\2331\270\""
 3276      D486B544 
 3276      13C81D5A 
 3276      DC3F9B31 
 3276      B822
 3277 0334 18883EB2 		.ascii	"\030\210>\262\336\366\212T\356\"\023\372~\241\305\342"
 3277      DEF68A54 
 3277      EE2213FA 
 3277      7EA1C5E2 
 3278 0344 BE3FBF2C 		.ascii	"\276?\277,*h\256t\30567_\270by\251\033\256\002\376\276"
 3278      2A68AE74 
 3278      C536375F 
 3278      B86279A9 
ARM GAS  /tmp/cc20pczk.s 			page 88


 3278      1BAE02FE 
 3279 0359 02AD9FFB 		.ascii	"\002\255\237\373)4\003M\022Z,F\244\254\272m\327\272"
 3279      2934034D 
 3279      125A2C46 
 3279      A4ACBA6D 
 3279      D7BA
 3280 036b 9C22287D 		.ascii	"\234\"(}\021\314\302e\271\303\177<\254|\014D\372\376"
 3280      11CCC265 
 3280      B9C37F3C 
 3280      AC7C0C44 
 3280      FAFE
 3281 037d 39CC4651 		.ascii	"9\314FQn\317\251q\314b[\"\015\302\024D]\250\250\355"
 3281      6ECFA971 
 3281      CC625B22 
 3281      0DC21444 
 3281      5DA8A8ED 
 3282 0391 A100A8D6 		.ascii	"\241\000\250\326\272\347dK{(\001\333;\336\005\354$\\"
 3282      BAE7644B 
 3282      7B2801DB 
 3282      3BDE05EC 
 3282      245C
 3283 03a3 EDF78101 		.ascii	"\355\367\201\001\246i\355u\315\232\363\245\021\337\023"
 3283      A669ED75 
 3283      CD9AF3A5 
 3283      11DF13
 3284 03b2 CA3538AE 		.ascii	"\31258\256\020\355\030\214mT\276\202\006<\363SoB\235"
 3284      10ED188C 
 3284      6D54BE82 
 3284      063CF353 
 3284      6F429D
 3285 03c5 F2351CC1 		.ascii	"\3625\034\301\023\213\022\012k;\"\244\215q\314\246\333"
 3285      138B120A 
 3285      6B3B22A4 
 3285      8D71CCA6 
 3285      DB
 3286 03d6 28940955 		.ascii	"(\224\011U\265J\017\034\344\335\344g\272\274*\225#\236"
 3286      B54A0F1C 
 3286      E4DDE467 
 3286      BABC2A95 
 3286      239E
 3287 03e8 56F95F80 		.ascii	"V\371_\200\206\272\314\016(T\325+7\030>!\275\300\257"
 3287      86BACC0E 
 3287      2854D52B 
 3287      37183E21 
 3287      BDC0AF
 3288 03fb 7D5AAD52 		.ascii	"}Z\255R\017\234/A\024\031\322\214~\005\022l\357'\327"
 3288      0F9C2F41 
 3288      1419D28C 
 3288      7E05126C 
 3288      EF27D7
 3289 040e 81F46B58 		.ascii	"\201\364kXU=\260u4\254M\307\336\0002\020\322\273\177"
 3289      553DB075 
 3289      34AC4DC7 
 3289      DE003210 
 3289      D2BB7F
 3290 0421 346C988E 		.ascii	"4l\230\216\275\005\344\246\236W[[i\351m\302C\007wi\341"
 3290      BD05E4A6 
ARM GAS  /tmp/cc20pczk.s 			page 89


 3290      9E575B5B 
 3290      69E96DC2 
 3290      43077769 
 3291 0436 1787DDF0 		.ascii	"\027\207\335\360\255\344kC\207K\222u2\013\323#\370\224"
 3291      ADE46B43 
 3291      874B9275 
 3291      320BD323 
 3291      F894
 3292 0448 3982FB95 		.ascii	"9\202\373\225\333\360\201\026\261\340\344\234\037\340"
 3292      DBF08116 
 3292      B1E0E49C 
 3292      1FE0
 3293 0456 7D7E198A 		.ascii	"}~\031\212l\012|\012\314\216W\346\000\321%\247\324("
 3293      6C0A7C0A 
 3293      CC8E57E6 
 3293      00D125A7 
 3293      D428
 3294 0468 79770CD1 		.ascii	"yw\014\321j\345'\330\213\350\200\314\213\177\0204A`"
 3294      6AE527D8 
 3294      8BE880CC 
 3294      8B7F1034 
 3294      4160
 3295 047a 0E4D62B0 		.ascii	"\016Mb\260c\367\260|\375l\312WoZ\265r\017v\353*xo\361"
 3295      63F7B07C 
 3295      FD6CCA57 
 3295      6F5AB572 
 3295      0F76EB2A 
 3296 0491 DF079EFD 		.ascii	"\337\007\236\375\242d8\217ZD\001\336\335x\377\243\355"
 3296      A264388F 
 3296      5A4401DE 
 3296      DD78FFA3 
 3296      ED
 3297 04a2 001DD2A1 		.ascii	"\000\035\322\2412,\300N\255\000)\233\212\366\371\245"
 3297      322CC04E 
 3297      AD00299B 
 3297      8AF6F9A5 
 3298 04b2 7DA45A99 		.ascii	"}\244Z\231\363@\313\245\377!\274\247\020\035\026\317"
 3298      F340CBA5 
 3298      FF21BCA7 
 3298      101D16CF 
 3299 04c2 D246000A 		.ascii	"\322F\000\012\351N\035\360}\340<\325~/W4@\320\345_&"
 3299      E94E1DF0 
 3299      7DE03CD5 
 3299      7E2F5734 
 3299      40D0E55F 
 3300 04d7 112C4D5C 		.ascii	"\021,M\\\273\376\362pl\251\011\273\234\212\353\330T"
 3300      BBFEF270 
 3300      6CA909BB 
 3300      9C8AEBD8 
 3300      54
 3301 04e8 81DD7C59 		.ascii	"\201\335|Y/\362\372\2165\234\302\350\013\021\025\312"
 3301      2FF2FA8E 
 3301      359CC2E8 
 3301      0B1115CA 
 3302 04f8 6B6DBBB2 		.ascii	"km\273\262\215S\322\316\0344UV\270[\2622\236\205kQ\013"
 3302      8D53D2CE 
 3302      1C345556 
ARM GAS  /tmp/cc20pczk.s 			page 90


 3302      B85BB232 
 3302      9E856B51 
 3303 050d C60DCDD0 		.ascii	"\306\015\315\320J\252g\2507>g\025\3253\324\\\023\311"
 3303      4AAA67A8 
 3303      373E6715 
 3303      D533D45C 
 3303      13C9
 3304 051f 52749109 		.ascii	"Rt\221\0115\312\033w\364j[My\265\241\015U\277\307\016"
 3304      35CA1B77 
 3304      F46A5B4D 
 3304      79B5A10D 
 3304      55BFC70E 
 3305 0533 C852C43D 		.ascii	"\310R\304=\027\221\012\225L\335\321\324\323\006\202"
 3305      17910A95 
 3305      4CDDD1D4 
 3305      D30682
 3306 0542 34610669 		.ascii	"4a\006i\010'\315gn\370N\306x}\247A\032g\2104\373\024"
 3306      0827CD67 
 3306      6EF84EC6 
 3306      787DA741 
 3306      1A678834 
 3307 0558 B34D6BA8 		.ascii	"\263Mk\250\2115k\351\020\326D\230\370\222e\346K)5\363"
 3307      89356BE9 
 3307      10D64498 
 3307      F89265E6 
 3307      4B2935F3 
 3308 056c A58C1A7C 		.ascii	"\245\214\032|qi\022\365\377C\276\230/:\241\254\247C"
 3308      716912F5 
 3308      FF43BE98 
 3308      2F3AA1AC 
 3308      A743
 3309 057e 09B3811A 		.ascii	"\011\263\201\032\204\341/0\377F\252\021\346CTc&\314"
 3309      84E12F30 
 3309      FF46AA11 
 3309      E6435463 
 3309      26CC
 3310 0590 B91061DA 		.ascii	"\271\020a\332\015\302L\323\262\267O1\250\260\231'\257"
 3310      0DC24CD3 
 3310      B2B74F31 
 3310      A8B09927 
 3310      AF
 3311 05a1 DDE0CAF4 		.ascii	"\335\340\312\364\221\210\012N\205\366\341\004Xk\"\300"
 3311      91880A4E 
 3311      85F6E104 
 3311      586B22C0 
 3312 05b1 368960D3 		.ascii	"6\211`\323\037A\226wM\330\355\362>6m\030Y\312;%Y>\034"
 3312      1F419677 
 3312      4DD8EDF2 
 3312      3E366D18 
 3312      59CA3B25 
 3313 05c8 499608E6 		.ascii	"I\226\010\346\322\310\262)\222\220\022\366\014K\262"
 3313      D2C8B229 
 3313      929012F6 
 3313      0C4BB2
 3314 05d7 5A780AED 		.ascii	"Zx\012\355CS\270\255S\264L\350\223\256\037\224y\374"
 3314      4353B8AD 
 3314      53B44CE8 
ARM GAS  /tmp/cc20pczk.s 			page 91


 3314      93AE1F94 
 3314      79FC
 3315 05e9 A1375E4F 		.ascii	"\2417^O\210{\226/\324\357\252(\357w\330R$\272N\2427"
 3315      887B962F 
 3315      D4EFAA28 
 3315      EF77D852 
 3315      24BA4EA2 
 3316 05fe 057E64CC 		.ascii	"\005~d\314m\364G\2379\027\273M\271\300t\356\011\245"
 3316      6DF4479F 
 3316      3917BB4D 
 3316      B9C074EE 
 3316      09A5
 3317 0610 C2EEDFAB 		.ascii	"\302\356\337\253\347\341\0140\2679\017gCyh3\3620C\013"
 3317      E7E10C30 
 3317      B7390F67 
 3317      43796833 
 3317      F230430B 
 3318 0624 8CCF0872 		.ascii	"\214\317\010r5\017K\233\221\206\231#\0005<\306m\303"
 3318      350F4B9B 
 3318      91869923 
 3318      00353CC6 
 3318      6DC3
 3319 0636 231B3045 		.ascii	"#\0330E\366}\211`3\037\221\205\225&\354\007\362:6cX"
 3319      F67D8960 
 3319      331F9185 
 3319      9526EC07 
 3319      F23A3663 
 3320 064b 168EAEDB 		.ascii	"\026\216\256\333)BxFd\241\270\3525\236\206\315\312F"
 3320      29427846 
 3320      64A1B8EA 
 3320      359E86CD 
 3320      CA46
 3321 065d 9E063795 		.ascii	"\236\0067\225\005\336\200\221\302,X\365,8\266\354;\365"
 3321      05DE8091 
 3321      C22C58F5 
 3321      2C38B6EC 
 3321      3BF5
 3322 066f 5FFDC545 		.ascii	"_\375\305Ey\305%\011\\\305\332\275\372\033\254\271f"
 3322      79C52509 
 3322      5CC5DABD 
 3322      FA1BACB9 
 3322      66
 3323 0680 028BD46B 		.ascii	"\002\213\324k5vhK<`fx|\243r\220\352\257\260\340\204"
 3323      3576684B 
 3323      3C606678 
 3323      7CA37290 
 3323      EAAFB0E0 
 3324 0695 3AE5103D 		.ascii	":\345\020=b\324{\032\213\322uL\231U?\244L\016\233\225"
 3324      62D47B1A 
 3324      8BD2754C 
 3324      99553FA4 
 3324      4C0E9B95 
 3325 06a9 781A9523 		.ascii	"x\032\225#!%iu\312Q\251\004\337\277\335\247\366Q\026"
 3325      21256975 
 3325      CA51A904 
 3325      DFBFDDA7 
 3325      F65116
ARM GAS  /tmp/cc20pczk.s 			page 92


 3326 06bc 896F44C2 		.ascii	"\211oD\302]H\302q{\355\255=\330\"l7n\277\215\256\204"
 3326      5D48C271 
 3326      7BEDAD3D 
 3326      D8226C37 
 3326      6EBF8DAE 
 3327 06d1 5F14AF63 		.ascii	"_\024\257c\215P/\020\370Ff\357j\247S\363\204\227k\264"
 3327      8D502F10 
 3327      F84666EF 
 3327      6AA753F3 
 3327      84976BB4 
 3328 06e5 CEA709F2 		.ascii	"\316\247\011\362\035o0\242\336T\340\314\337\020*\360"
 3328      1D6F30A2 
 3328      DE54E0CC 
 3328      DF102AF0 
 3329 06f5 31BA44CA 		.ascii	"1\272D\3120\273\033Mv\007\177W\2554\2058\205\032\216"
 3329      30BB1B4D 
 3329      76077F57 
 3329      AD348538 
 3329      851A8E
 3330 0708 D311B510 		.ascii	"\323\021\265\020\315\306h\265\320\035\311\265W\326$"
 3330      CDC668B5 
 3330      D01DC9B5 
 3330      57D624
 3331 0717 85D85D3F 		.ascii	"\205\330]?\244G\265\204zTl\316\277E\217b\223\204\350"
 3331      A447B584 
 3331      7A546CCE 
 3331      BF458F62 
 3331      9384E8
 3332 072a E79DCC18 		.ascii	"\347\235\314\030~\312\224u\370\003\014\000\225\325{"
 3332      7ECA9475 
 3332      F8030C00 
 3332      95D57B
 3333 0739 2772C8C4 		.ascii	"'r\310\304U\324\354`1\243\2154\247E\223\305\221\354"
 3333      55D4EC60 
 3333      31A38D34 
 3333      A74593C5 
 3333      91EC
 3334 074b 12CE60B1 		.ascii	"\022\316`\261,\006\3478m \213c\261r \213\327\007\262"
 3334      2C06E738 
 3334      6D208B63 
 3334      B172208B 
 3334      D707B2
 3335 075e 381CC18C 		.ascii	"8\034\301\214y,>4\2179\333N^\237\370\250y\314<\211\235"
 3335      792C3E34 
 3335      8F39DB4E 
 3335      5E9FF8A8 
 3335      79CC3C89 
 3336 0773 A5A149AC 		.ascii	"\245\241I\254\215\266\352\223X\204\221.0&\261\301\221"
 3336      8DB6EA93 
 3336      5884912E 
 3336      3026B1C1 
 3336      91
 3337 0784 F62718E5 		.ascii	"\366'\030\345,\002$\354\3179GW+!\007\022Y\002\306Fs"
 3337      2C0224EC 
 3337      CF394757 
 3337      2B210712 
 3337      5902C646 
ARM GAS  /tmp/cc20pczk.s 			page 93


 3338 0799 602C4B94 		.ascii	"`,K\224\016\214\323\035\030kv`\\\310\001\327\343:\320"
 3338      0E8CD31D 
 3338      186B7660 
 3338      5CC801D7 
 3338      E33AD0
 3339 07ac 6972E042 		.ascii	"ir\340B\310\001\367\001\374O,\0303_mW8\016\305\334\214"
 3339      C801F701 
 3339      FC4F2C18 
 3339      335F6D57 
 3339      380EC5DC 
 3340 07c1 2D7D7AB9 		.ascii	"-}z\271\3642s\324\273x\324\265\221\371H"
 3340      F43273D4 
 3340      BB78D4B5 
 3340      91F948
 3341 07d0 17957591 		.ascii	"\027\225u\221\300\306\217\346\341%\335Cl\002?\302h\352"
 3341      C0C68FE6 
 3341      E125DD43 
 3341      6C023FC2 
 3341      68EA
 3342 07e2 965EA6AB 		.ascii	"\226^\246\2538+\306\313\016(\365U\366\031\375\322eV"
 3342      382BC6CB 
 3342      0E28F555 
 3342      F619FDD2 
 3342      6556
 3343 07f4 7745A8C3 		.ascii	"wE\250\303(q\303#\371lh\021\206?\244E_4\276\252\315"
 3343      2871C323 
 3343      F96C6811 
 3343      863FA445 
 3343      5F34BEAA 
 3344 0809 B3209F17 		.ascii	"\263 \237\027\265\360\343<OV\356\342L\2177w\201\347"
 3344      B5F0E33C 
 3344      4F56EEE2 
 3344      4C8F3777 
 3344      81E7
 3345 081b 156FEE1B 		.ascii	"\025o\356\033\231\031\276|\317\354\254\354\005\331\363"
 3345      9919BE7C 
 3345      CFECACEC 
 3345      05D9F3
 3346 082a 7CFE85D9 		.ascii	"|\376\205\331\271\346}\372\363\251\236\202\\oN~\336"
 3346      B9E67DFA 
 3346      F3A99E82 
 3346      5C6F4E7E 
 3346      DE
 3347 083b FC8CCC74 		.ascii	"\374\214\314t\237\327\377V\216g\336_^N}>\375O\257\274"
 3347      9FD7FF56 
 3347      8E67DE5F 
 3347      5E4E7D3E 
 3347      FD4FAFBC 
 3348 084f F462FAA2 		.ascii	"\364b\372\242l\357\342\202\371\336L\017\231\234\222"
 3348      6CEFE282 
 3348      F9DE4C0F 
 3348      999C92
 3349 085e E2C17F19 		.ascii	"\342\301\177\031\\47_C\346\346{\274>O\2767\003\237/"
 3349      5C34375F 
 3349      43E6E67B 
 3349      BC3E4FBE 
 3349      37039F2F 
ARM GAS  /tmp/cc20pczk.s 			page 94


 3350 0872 F6BD9D92 		.ascii	"\366\275\235\222A\350\342\274hm\237\222\261\350\271"
 3350      41E8E2BC 
 3350      686D9F92 
 3350      B1E8B9
 3351 0881 45BF5DF0 		.ascii	"E\277]\360\233\347\210-\303\357\365\372\362\250/\017"
 3351      9BE7882D 
 3351      C3EFF5FA 
 3351      F2A82F0F 
 3352 0891 F29E7DB4 		.ascii	"\362\236}\264\236\354\2672\336\364/\314\304\337\336"
 3352      9EECB732 
 3352      DEF42FCC 
 3352      C4DFDE
 3353 08a0 CCCEF7E5 		.ascii	"\314\316\367\345\247d\221\224\307\001\373\262\274\231"
 3353      A7649194 
 3353      C701FBB2 
 3353      BC99
 3354 08ae F31772F8 		.ascii	"\363\027r\370\377\001\005\230z+"
 3354      FF010598 
 3354      7A2B
 3355              		.text
 3356              		.section	.gnu.lto_chMtxTryLock.340.a207216e6170d70a,"e",%progbits
 3357 0000 789C7D52 		.ascii	"x\234}R[H\024a\024>\347\337\213+\322\015\021\254\247"
 3357      5B481461 
 3357      143EE7DF 
 3357      8B2BD20D 
 3357      11ACA7
 3358 0013 2548A174 		.ascii	"%H\241tg\363B\257\225D\370\260 n\317-\3568\352f\343"
 3358      67F342AF 
 3358      9544F8B0 
 3358      206ECF2D 
 3358      EE38EA66 
 3359 0028 D8CC9A2E 		.ascii	"\330\314\232.\261\354\257\206\220P\241\241\224\232\032"
 3359      B1ECAF86 
 3359      9050A1A1 
 3359      949A1A
 3360 0037 18F51094 		.ascii	"\030\365\020\224\3350\323\03255\273PdPX$H\321\203 \222"
 3360      DD30D31A 
 3360      3535BB50 
 3360      64505824 
 3360      48D18320 
 3361 004c 863E5876 		.ascii	"\206>Xv\376\331-|1\030\376s\373\316w\276s\230\010\003"
 3361      FED92D7C 
 3361      3118FE73 
 3361      FBCE77BE 
 3361      73980803 
 3362 0060 388E0019 		.ascii	"8\216\000\031\000\2006\300\326\226f\006\234\363\203"
 3362      008036C0 
 3362      D6966606 
 3362      9CF383
 3363 006f 490CEB5B 		.ascii	"I\014\353[\232\327_\335\267\3430Z\011\204\030\303\030"
 3363      9AD75FDD 
 3363      B7E3305A 
 3363      098418C3 
 3363      18
 3364 0080 5EB34926 		.ascii	"^\263I&\347\253\343\363\374\312\316\216\233&\306 \232"
 3364      E7ABE3F3 
 3364      FCCACE8E 
ARM GAS  /tmp/cc20pczk.s 			page 95


 3364      9B26C620 
 3364      9A
 3365 0091 9F43DDE0 		.ascii	"\237C\335\340@g*\332\351MC\267\003]Q\310&\334\333\241"
 3365      40672ADA 
 3365      E94D43B7 
 3365      035D51C8 
 3365      26DCDBA1 
 3366 00a5 01CE93E1 		.ascii	"\001\316\223\341\314 F\037\341\000\015b\214\343\215"
 3366      CC20461F 
 3366      E1000D62 
 3366      8CE38D
 3367 00b4 348176B5 		.ascii	"4\201v\265\"\275\373\010\2648u\256i\313\035\356\212"
 3367      22BDFB08 
 3367      B43875AE 
 3367      69CB1DEE 
 3367      8A
 3368 00c5 0D61828B 		.ascii	"\015a\202\213\343\275\264\024\030F\210\222,\007\246"
 3368      E3BDB414 
 3368      18468892 
 3368      2C07A6
 3369 00d4 00449E0A 		.ascii	"\000D\236\01249\265\246\345\220\244\325oy\360\004k\343"
 3369      3439B5A6 
 3369      E590A4D5 
 3369      6F79F004 
 3369      6BE3
 3370 00e6 E911FC97 		.ascii	"\351\021\374\227\357\2725\376\331\011\243X#\206XmB\311"
 3370      EFBA35FE 
 3370      D909A358 
 3370      2386586D 
 3370      42C9
 3371 00f8 6AF7854F 		.ascii	"j\367\205Oovuq\323n<\303\210%f\034\231\223cOz\\\305"
 3371      6F767571 
 3371      D36E3CC3 
 3371      8825661C 
 3371      9993634F 
 3372 010f EA60EBFA 		.ascii	"\352`\353\372\203\254\261F\376\234\013H4\001\2616\263"
 3372      83ACB146 
 3372      FE9C0B48 
 3372      3401B136 
 3372      B3
 3373 0120 C64D763A 		.ascii	"\306Mv:'\020\3060\0024o\022\211\231\212\210Cx\373\235"
 3373      2710C630 
 3373      02346F12 
 3373      89998A88 
 3373      4378FB9D 
 3374 0134 C3E46BEB 		.ascii	"\303\344k\353\027\271\371=\255\376\356\350\327~\277"
 3374      17B9F93D 
 3374      ADFEEEE8 
 3374      D77EBF
 3375 0143 8B210EA2 		.ascii	"\213!\016\242\035\250\010\320m\023\027\345v\344&@\217"
 3375      1DA808D0 
 3375      6D1317E5 
 3375      76E42640 
 3375      8F
 3376 0154 8DC58346 		.ascii	"\215\305\203F\012V\030\237\2734\215\226mO\025f\251\277"
 3376      0A56189F 
 3376      BB348D96 
ARM GAS  /tmp/cc20pczk.s 			page 96


 3376      6D4F1566 
 3376      A9BF
 3377 0166 ED4B473B 		.ascii	"\355KG;\212eDri&\031G,w\351g\337\357\371\217\2518\032"
 3377      8A654472 
 3377      69261947 
 3377      2C77E967 
 3377      DFEFF98F 
 3378 017d 2FF42CA4 		.ascii	"/\364,\244\223m\350e\200\343\3504\320ka\206\273\036"
 3378      936DE865 
 3378      80E3E834 
 3378      D06B6186 
 3378      BB1E
 3379 018f CE5E459C 		.ascii	"\316^E\234\210c\036\317&\343$\302\032k\330-\244\216"
 3379      88631ECF 
 3379      26E324C2 
 3379      1A6BD82D 
 3379      A48E
 3380 01a1 310766BE 		.ascii	"1\007f\276gM\256S\016L\246\255^ \220y\211S\342B\231"
 3380      674DAE53 
 3380      0E4CA6AD 
 3380      5E209079 
 3380      8953E242 
 3381 01b6 1FA8A089 		.ascii	"\037\250\240\211\364k\024\272\032\026\227\373\272\027"
 3381      F46B14BA 
 3381      1A1697FB 
 3381      BA17
 3382 01c4 5C82DD92 		.ascii	"\\\202\335\222\371\243\277my\346:&\304\314\255\314 "
 3382      F9A3BF6D 
 3382      79E63A26 
 3382      C4CCADCC 
 3382      20
 3383 01d5 FC628D6E 		.ascii	"\374b\215nhF\246VR\222\245X\250\201\363\227\375\364"
 3383      6846A656 
 3383      5292A558 
 3383      A881F397 
 3383      FDF4
 3384 01e7 BF50ED6C 		.ascii	"\277P\355l\3576\233\235\252\345\012\200\215\261\255"
 3384      EF369B9D 
 3384      AAE50A80 
 3384      8DB1AD
 3385 01f6 82D34DE7 		.ascii	"\202\323M\347\260\331-\202\316\351\015\004%\220\350"
 3385      B0D92D82 
 3385      CEE90D04 
 3385      2590E8
 3386 0205 9FEB4E85 		.ascii	"\237\353N\205u\332*\237P \016\207\361[5\230\"\364K\025"
 3386      75DA2A9F 
 3386      50200E87 
 3386      F15B3598 
 3386      22F44B15 
 3387 0219 9AAA48BA 		.ascii	"\232\252H\272\026\224\212t\355\204\"\207\015\251\240"
 3387      16948A74 
 3387      ED842287 
 3387      0DA9A0
 3388 0228 22140CF9 		.ascii	"\"\024\014\371\3035\245!m\243\037\310\311\225j5\275"
 3388      C335A521 
 3388      6DA31FC8 
 3388      C9956A35 
ARM GAS  /tmp/cc20pczk.s 			page 97


 3388      BD
 3389 0239 D2A82E91 		.ascii	"\322\250.\221\225@X\257\251\252\224\374\307|\2719\201"
 3389      954058AF 
 3389      A9AA94FC 
 3389      C77CB939 
 3389      81
 3390 024a A3458587 		.ascii	"\243E\205\207\003e!]\255-\321\025\0112<\036\211>Y\264"
 3390      0365215D 
 3390      AD2DD115 
 3390      09323C1E 
 3390      893E59B4 
 3391 025e 6A4602A9 		.ascii	"jF\002\251\031\222\036\226\014]\246\274\032\256\363"
 3391      19921E96 
 3391      0C5DA6BC 
 3391      1AAEF3
 3392 026d C8C0D4EA 		.ascii	"\310\300\324\352\035\011\337#\227y\313\362\202\373\275"
 3392      1D09DF23 
 3392      9779CBF2 
 3392      82FBBD
 3393 027c 80C1BD9B 		.ascii	"\200\301\275\233w\207\252\344\2235\245\012\325\214\210"
 3393      7787AAE4 
 3393      9335A50A 
 3393      D58C88
 3394 028b E1A980A4 		.ascii	"\341\251\200\244`\211\241\024\351\241#\233\264\310\232"
 3394      6089A114 
 3394      E9A1239B 
 3394      B4C89A
 3395 029a AA6A5592 		.ascii	"\252jU\222R\027\226\016\025\373\244\002\237\277\320"
 3395      5217960E 
 3395      15FBA402 
 3395      9FBFD0
 3396 02a9 2F1568A4 		.ascii	"/\025h\244\261\360/\223j\204\214@\271,\023[\376\377"
 3396      B1F02F93 
 3396      6A848C40 
 3396      B92C135B 
 3396      FEFF
 3397 02bb 59AA359D 		.ascii	"Y\2525\235nC<\247\017d\373\010%\023\017um\367\371\213"
 3397      6E433CA7 
 3397      0F64FB08 
 3397      25130F75 
 3397      6DF7F98B 
 3398 02cf DD4247B5 		.ascii	"\335BG\265\036\312r\357\361\002\323!IUTM\217\300\037"
 3398      1ECA72EF 
 3398      F102D321 
 3398      4955544D 
 3398      8FC01F
 3399 02e2 CDD44FD0 		.ascii	"\315\324O\320"
 3400              		.text
 3401              		.section	.gnu.lto_chMtxTryLockS.341.a207216e6170d70a,"e",%progbits
 3402 0000 789C7552 		.ascii	"x\234uR]H\024Q\024>\347\336\231\353\252\233\024\246"
 3402      5D481451 
 3402      143EE7DE 
 3402      99EBAA9B 
 3402      14A6
 3403 0012 FD40203D 		.ascii	"\375@ =\364\022\355\224V\320\233$\"\022\222\261E\017"
 3403      F412ED94 
 3403      56D09B24 
ARM GAS  /tmp/cc20pczk.s 			page 98


 3403      221292B1 
 3403      450F
 3404 0024 11A2E36E 		.ascii	"\021\242\343n\256\266\215\315\356b\"\342\370\017\033"
 3404      AEB68DCD 
 3404      EE6222E2 
 3404      F80F1B
 3405 0033 516BFF11 		.ascii	"Qk\377\021Eo\005Q\201\004*jK%%X\204\322FEEA\241Ea\012"
 3405      456F0551 
 3405      81042A6A 
 3405      4B252558 
 3405      84D24645 
 3406 004d 69F8D7B9 		.ascii	"i\370\327\271\263\253\371P\314\314\235s\317\375\316"
 3406      B3ABF950 
 3406      CCCC9D73 
 3406      CFFDCE
 3407 005c 77BFEFDC 		.ascii	"w\277\357\334\233\317\001\236\000@%}\230\004\330\021"
 3407      9BCF019E 
 3407      0040257D 
 3407      9804D811 
 3408 006c 0933B02C 		.ascii	"\0113\260,+7\211\261\346\310I\206}\370\354r\247PZ\""
 3408      2B3789B1 
 3408      E6C84986 
 3408      7DF8EC72 
 3408      A7505A22 
 3409 0080 699D5F86 		.ascii	"i\235_\206v)\034\317-!\024\326\026G\0147NoTZ#iw\346"
 3409      76291CCF 
 3409      2D2114D6 
 3409      16470C37 
 3409      4E6F545A 
 3410 0098 DB37282A 		.ascii	"\3337(*^\210\204\247\336l\267!\002\033\227\340\010\015"
 3410      5E8884A7 
 3410      DE6CB721 
 3410      021B97E0 
 3410      080D
 3411 00aa 8C2BAAC0 		.ascii	"\214+\252\300\006\274\301\265\250eM\017|\273w}\335\225"
 3411      06BCC1B5 
 3411      A8654D0F 
 3411      7CBB777D 
 3411      DD95
 3412 00bc 9B516C80 		.ascii	"\233Ql\200\372\035\331\244\000T\024\351H\024\"\003\263"
 3412      FA1DD9A4 
 3412      005414E9 
 3412      48142203 
 3412      B3
 3413 00cd 5474D4C3 		.ascii	"Tt\324\303\026\302\275\350\353\262\254d\250\353\301"
 3413      16C2BDE8 
 3413      EBB2AC64 
 3413      A8EBC1
 3414 00dc FA6EEC42 		.ascii	"\372n\354B\000\306,\374\270Z\242\035\035H\343f\002\215"
 3414      00C62CFC 
 3414      B85AA21D 
 3414      1D48E366 
 3414      028D
 3415 00ee CFDE6A4F 		.ascii	"\317\336jO;\323\350\250\355]D\001X\370}u*\364!\324\223"
 3415      3BD3E8A8 
 3415      ED5D4401 
 3415      58F87D75 
ARM GAS  /tmp/cc20pczk.s 			page 99


 3415      2AF421D4 
 3416 0103 39155301 		.ascii	"9\025S\001j\036H|*\351\271\271\006\372\261\006(\027"
 3416      6A1E487C 
 3416      2AE9B9B9 
 3416      06FAB106 
 3416      2817
 3417 0115 454A121E 		.ascii	"EJ\022\036\231zwX\215Z\263\013\247-\353\303\336\301"
 3417      997A7758 
 3417      8D5AB30B 
 3417      A72DEBC3 
 3417      DEC1
 3418 0127 D96F29AB 		.ascii	"\331o)\253\020\230|\004\247O\001\306U`I\2022)\024;\021"
 3418      10987C04 
 3418      A74F01C6 
 3418      55604982 
 3418      3229143B 
 3419 013c 7BA8EC1A 		.ascii	"{\250\354\032\227\366,\005\255(\300u\316\342\223f\232"
 3419      97F62C05 
 3419      AD28C075 
 3419      CEE29366 
 3419      9A
 3420 014d 4C31EBD3 		.ascii	"L1\353\323\357\221dj\220\014'?\237\177\037\273\212r"
 3420      EF91646A 
 3420      900C273F 
 3420      9F7F1FBB 
 3420      8A72
 3421 015f 33B93019 		.ascii	"3\2710\031K\306(\302\014k\352\277\265\202\247\220eC"
 3421      4BC628C2 
 3421      0C6BEABF 
 3421      B582A790 
 3421      6543
 3422 0171 4A0B2333 		.ascii	"J\013#3\374\364\277\215P\365\010\037\312\324N\"t\370"
 3422      FCF4BF8D 
 3422      50F5081F 
 3422      CAD44E22 
 3422      74F8
 3423 0183 1EE31152 		.ascii	"\036\343\021Rj\307\265\003\350\241\230h\232\306\273"
 3423      6AC7B503 
 3423      E8A19868 
 3423      9AC6BB
 3424 0192 4F4D9FBD 		.ascii	"OM\237\275\210\264\005\366\"O\261\231\347F\020\346X"
 3424      88B405F6 
 3424      224FB199 
 3424      E74610E6 
 3424      58
 3425 01a3 73161097 		.ascii	"s\026\020\227^J\335Zi\247\347\323\345oc|\230a\315\303"
 3425      5E4ADD5A 
 3425      69A7E7D3 
 3425      E56F637C 
 3425      9861CDC3 
 3426 01b7 EDC8913B 		.ascii	"\355\310\221;E\035y \025\3634e\\V\266fq\036Fq\370\020"
 3426      451D7920 
 3426      15F33465 
 3426      5C56B666 
 3426      711E4671 
 3427 01cd 0067828E 		.ascii	"\000g\202\216\215\245\303/\326\3625\217s\034\264\373"
 3427      8DA5C32F 
ARM GAS  /tmp/cc20pczk.s 			page 100


 3427      D6F2358F 
 3427      731CB4FB 
 3428 01dd 4A36F9E8 		.ascii	"J6\371\350\320\345\034\351\222\333|s\254\305\336\357"
 3428      D0E51CE9 
 3428      92DB7C73 
 3428      ACC5DEEF 
 3429 01ed E001FB0C 		.ascii	"\340\001\373\014\335q+\302\035\262\255(\373\236\341"
 3429      DD712BC2 
 3429      1DB2AD28 
 3429      FB9EE1
 3430 01fc 10D27A1B 		.ascii	"\020\322z\033\251w?\307~dkm\026e\251Y\352\242\266O\035"
 3430      A9773FC7 
 3430      7E646B6D 
 3430      1665A959 
 3430      EAA2B64F 
 3431 0211 997653C6 		.ascii	"\231vS\306\234tW\250V\032.\362>E\210[\177\201{\250R"
 3431      9C7457A8 
 3431      561A2EF2 
 3431      3E45885B 
 3431      7F817BA8 
 3432 0226 CA79B49E 		.ascii	"\312y\264\236+\2426\256\207\250\324\361\211\007\243"
 3432      2BA236AE 
 3432      87A8D4F1 
 3432      8907A3
 3433 0235 B8D4F757 		.ascii	"\270\324\367W1\273\267\227\306\322\022$\243l\031\313"
 3433      31BBB797 
 3433      C6D21224 
 3433      A36C19CB 
 3434 0245 886449B4 		.ascii	"\210dI\264\353u,q\012\231\\]\334\260\260r8\001=\376"
 3434      EB752C71 
 3434      0A995C5D 
 3434      DCB0B072 
 3434      38013DFE 
 3435 0259 120BC06E 		.ascii	"\022\013\300n\320D\3703\376\203\253\356\025\346\023"
 3435      D044F833 
 3435      FE83ABEE 
 3435      15E613
 3436 0268 976A73BD 		.ascii	"\227js\275\215s]\035\313XD:\227Q\275\226T\334i#\337"
 3436      8D735D1D 
 3436      CB58443A 
 3436      9751BD96 
 3436      54DC6923 
 3437 027d C5D0962D 		.ascii	"\305\320\226-\376^\227\005\326\224\013\\P\272\235\013"
 3437      FE5E9705 
 3437      D6940B5C 
 3437      50BA9D0B 
 3438 028d D180A0F4 		.ascii	"\321\200\240\364w\376t\320\321R\214\352\217\373>\272"
 3438      77FE74D0 
 3438      D1528CEA 
 3438      8FFB3EBA 
 3439 029d 6A188737 		.ascii	"j\030\2077E\245i\267Va\370=\232i\224i\305\246Q\351\321"
 3439      45A569B7 
 3439      5661F83D 
 3439      9A699469 
 3439      C5A651E9 
 3440 02b2 83012DAF 		.ascii	"\203\001-\257\302W\346s\007C\345>cy\\\222\235\243\325"
 3440      C257E673 
ARM GAS  /tmp/cc20pczk.s 			page 101


 3440      0743E53E 
 3440      63795C92 
 3440      9DA3D5
 3441 02c5 186655A0 		.ascii	"\030fU\240\272T\367\224\004\315\320\261*\315\275\277"
 3441      BA54F794 
 3441      04CDD0B1 
 3441      2ACDBDBF 
 3442 02d5 2827BBA4 		.ascii	"('\273\244\240\270pw\211\327g\372kJM\217\006\233\\."
 3442      A0B87077 
 3442      89D767FA 
 3442      6B4A4D8F 
 3442      069B5C2E 
 3443 02e9 8D5E5D96 		.ascii	"\215^]\226\032\201\004\322\010hfP\013\230:\345\375\301"
 3443      1A8104D2 
 3443      08686650 
 3443      0B983AE5 
 3443      FDC1
 3444 02fb 132E1D98 		.ascii	"\023.\035\230\277zU\"v\351\336\255\336\355e\333\266"
 3444      BF7A5522 
 3444      76E9DEAD 
 3444      DEED65DB 
 3444      B6
 3445 030c 82D043A6 		.ascii	"\202\320C\246\031\254v\375\237\302wL?\032*\367\320Z"
 3445      19AC76FD 
 3445      9FC2774C 
 3445      3F1A2AF7 
 3445      D05A
 3446 031e B0C2F494 		.ascii	"\260\302\364\224\226\007\\\025\360\007hz`="
 3446      96075C15 
 3446      F007687A 
 3446      603D
 3447              		.text
 3448              		.section	.gnu.lto_chMtxUnlock.342.a207216e6170d70a,"e",%progbits
 3449 0000 789C8D56 		.ascii	"x\234\215V\013P\224\327\025\276\347\336}\262\260\200"
 3449      0B5094D7 
 3449      15BEE7DE 
 3449      7DB2B080 
 3450 0010 3C9B6622 		.ascii	"<\233f\":\223F[u)\276\222\311\364\2212\031\307\3518"
 3450      3A93465B 
 3450      7529BE92 
 3450      C9F49132 
 3450      19C7E938 
 3451 0024 B1D24E26 		.ascii	"\261\322N&\343d\034]W\335\352\272\270\0135\216\303\374"
 3451      E3641C5D 
 3451      57DDEABA 
 3451      B80B358E 
 3451      C3FC
 3452 0036 2B088CAB 		.ascii	"+\010\214\253F \"\202(Q\243\201\230h\324F\301\007b\011"
 3452      46202282 
 3452      2851A381 
 3452      9868D446 
 3452      C1076209 
 3453 004a 6A8C4FB4 		.ascii	"j\214O\264\322\242\325\010\221\207\211\026\337o\354"
 3453      D2A2D508 
 3453      91878916 
 3453      DF6FEC
 3454 0059 B9F7FEFF 		.ascii	"\271\367\376\377\277\313\210\251\216\377r\357\177\277"
ARM GAS  /tmp/cc20pczk.s 			page 102


 3454      BFCB88A9 
 3454      8EFF72EF 
 3454      7FBF
 3455 0067 7BCEF9CE 		.ascii	"{\316\371\316w\316\275\177A4!\275@\310;\370@\034\201"
 3455      77CEBD7F 
 3455      413421BD 
 3455      40C83BF8 
 3455      401C81
 3456 007a 92E22025 		.ascii	"\222\342 %\201@\340\367fJ\363\212\227R8\000\307\313"
 3456      8140E0F7 
 3456      664AF38A 
 3456      97523800 
 3456      C7CB
 3457 008c 779A0C8B 		.ascii	"w\232\014\213\213\355;;\216\275a`\260RG\030h~\030\242"
 3457      8BED3B3B 
 3457      8EBD6160 
 3457      B0524718 
 3457      687E18A2 
 3458 00a0 40451861 		.ascii	"@E\030a\225\2160\321\3020\304\352\2426\020\0203\254"
 3458      958E30D1 
 3458      C230C4EA 
 3458      A2361010 
 3458      33AC
 3459 00b2 2ED93048 		.ascii	".\3310HB,\264\274h\307 \015R\241A\254P\241C\"\350\032"
 3459      422CB4BC 
 3459      68C7200D 
 3459      52A141AC 
 3459      50A14322 
 3460 00c8 09A9D8D9 		.ascii	"\011\251\330\3311\314P\203\220\216c\345q\006\033T\225"
 3460      31CC5083 
 3460      908E63E5 
 3460      71061B54 
 3460      95
 3461 00d9 6CB8B1EC 		.ascii	"l\270\261\354\213qp\011\004.\222\256-\332!A\3534P\024"
 3461      8B717009 
 3461      042E92AE 
 3461      2DDA2141 
 3461      EB345014 
 3462 00ed AC2BD920 		.ascii	"\254+\331 \227\355\210\337\254\232\214\246\225\334\344"
 3462      97ED88DF 
 3462      AC9A8CA6 
 3462      95DCE4
 3463 00fc 2568EE79 		.ascii	"%h\356y\370\272\241\032\321[W\344\233\0151\360\031z"
 3463      F8BAA11A 
 3463      D15B57E4 
 3463      9B0D31F0 
 3463      197A
 3464 010e 454F0214 		.ascii	"EO\002\024+fr\303\000XT\034\354\2746X[\003\242Pf0\232"
 3464      2B6672C3 
 3464      0058541C 
 3464      ECBC3658 
 3464      5B03A250 
 3465 0125 CC166B84 		.ascii	"\314\026k\204-2\312\036\035\023;\000\024\212\331\324"
 3465      2D32CA1E 
 3465      1D133B00 
 3465      148AD9D4 
 3466 0135 FFAD670E 		.ascii	"\377\255g\016\204\336o\372\341T\335\317\002\325\015"
ARM GAS  /tmp/cc20pczk.s 			page 103


 3466      84DE6FFA 
 3466      E154DDCF 
 3466      02D50D
 3467 0144 70951045 		.ascii	"p\225\020E\256\030\301\024\007\230(S\002\244\030\301"
 3467      AE18C114 
 3467      07982853 
 3467      02A418C1 
 3468 0154 92438637 		.ascii	"\222C\2067\004\002\247\366\326\006\002V\222\263\007"
 3468      0402A7F6 
 3468      D6060256 
 3468      92B307
 3469 0163 943AA845 		.ascii	"\224:\250E9(\004\340v\034G[J\000\177\177\205\240\236"
 3469      392804E0 
 3469      761C475B 
 3469      4A007F7F 
 3469      85A09E
 3470 0176 934B0BED 		.ascii	"\223K\013\355E\213,9\3734\024!\001X\026\217\230U:\346"
 3470      458B2C39 
 3470      FB341421 
 3470      0158168F 
 3470      98553AE6 
 3471 018a C4168159 		.ascii	"\304\026\201YX\037\216\011\304\333\310\001\330\017<"
 3471      581F8E09 
 3471      C4DBC801 
 3471      D80F3C
 3472 0199 06A3116C 		.ascii	"\006\243\021l\204,8\310w\340`\376?\370\200\307p\377"
 3472      842C38C8 
 3472      77E060FE 
 3472      3FF880C7 
 3472      70FF
 3473 01ab 6170C9A6 		.ascii	"ap\311\246\227*\003\015\006\014c\276\330\334\010<\216"
 3473      972A030D 
 3473      060C63BE 
 3473      D8DC083C 
 3473      8E
 3474 01bc F22469FB 		.ascii	"\362$i\373\376\205\202\343\337\002\002\026\247\350\201"
 3474      FE8582E3 
 3474      DF020216 
 3474      A7E881
 3475 01cb 3682A064 		.ascii	"6\202\240d\343d{K\331\327@\032`\276\264\334\004\302"
 3475      E3647B4B 
 3475      D9D7401A 
 3475      60BEB4DC 
 3475      04C2
 3476 01dd B4E588EE 		.ascii	"\264\345\210\356`\327\207\017\012_\341\016\262\017\303"
 3476      60D7870F 
 3476      0A5FE10E 
 3476      B20FC3
 3477 01ec 02B1FD08 		.ascii	"\002\261\375\010Pc\000z\223U\007\030A\276M8@\204\242"
 3477      5063007A 
 3477      93550718 
 3477      41BE4D38 
 3477      4084A2
 3478 01ff 22420E0E 		.ascii	"\"B\016\016m`\337\0009\004\013\010\232?\012\032\005"
 3478      6D60DF00 
 3478      39040B08 
 3478      9A3F0A1A 
ARM GAS  /tmp/cc20pczk.s 			page 104


 3478      05
 3479 0210 FF317530 		.ascii	"\3771u0\3578\250\320}[\033\257\215\306P\346\311\205"
 3479      EF38A8D0 
 3479      7D5B1BAF 
 3479      8DC650E6 
 3479      C985
 3480 0222 13A0AF54 		.ascii	"\023\240\257T\336?|\301DN\202\227\207\266\221\352\241"
 3480      DE3F7CC1 
 3480      444E8297 
 3480      87B691EA 
 3480      A1
 3481 0233 7D74FEA4 		.ascii	"}t\376\244\340\3569\015~\341\270\031\2505\000UZh\315"
 3481      E0EE390D 
 3481      7EE1B819 
 3481      A8350055 
 3481      5A68CD
 3482 0246 654FBF1A 		.ascii	"eO\277\032\326\230\0278\022\340\020E\205\204b;\274\306"
 3482      D6981738 
 3482      12E01045 
 3482      8584623B 
 3482      BCC6
 3483 0258 7406C829 		.ascii	"t\006\310)\360\363\330\316\202\026\322\354s\241\220"
 3483      F0F3D8CE 
 3483      8216D2EC 
 3483      73A190
 3484 0267 F23AAF18 		.ascii	"\362:\257\0301\246\331\034\321\002b\301\362)S\205\303"
 3484      31A6D91C 
 3484      D10262C1 
 3484      F2295385 
 3484      C3
 3485 0278 E4D4759B 		.ascii	"\344\324u\233\005w\367\277a\246\260\337\012\\\274\366"
 3485      0577F7BF 
 3485      61A6B0DF 
 3485      0A5CBCF6 
 3486 0288 646E09C7 		.ascii	"dn\011\3073\317\213-5\332\226\332\013\005\301\345f\036"
 3486      33CF8B2D 
 3486      35DA96DA 
 3486      0B05C1E5 
 3486      661E
 3487 029a 91EB42B8 		.ascii	"\221\353B\270\332\333xEl\327P=\275[\202\242\".\206c"
 3487      DADB7845 
 3487      6CD7503D 
 3487      BD5B82A2 
 3487      222E8663 
 3488 02ae 36C673A3 		.ascii	"6\306s\243\227\340?\\0\234o\210\3275\252]2\220'\302"
 3488      97E03F5C 
 3488      309C6F88 
 3488      D735AA5D 
 3488      329027C2 
 3489 02c2 7D588DE2 		.ascii	"}X\215\3422P[\000Z\222\237)\002\267\246\321\345P\036"
 3489      32505B00 
 3489      5A929F29 
 3489      02B7A6D1 
 3489      E5501E
 3490 02d5 6A2F1C62 		.ascii	"j/\034bm@\276\203\231\375\362Rt^\230\204\357\201\264"
 3490      6D40BE83 
 3490      99FDF252 
ARM GAS  /tmp/cc20pczk.s 			page 105


 3490      745E9884 
 3490      EF81B4
 3491 02e8 C379AD72 		.ascii	"\303y\255r\377Ou\325\036;\307:\270a\265\272:eu\275`"
 3491      FF4F75D5 
 3491      1E3BC73A 
 3491      B861B5BA 
 3491      3A6575BD 
 3492 02fd D97403E9 		.ascii	"\331t\003\351\222es\225\227\015.\032`\037P;\\\000h\207"
 3492      92657395 
 3492      970D2E1A 
 3492      601F503B 
 3492      5C006887 
 3493 0311 6DCDC686 		.ascii	"m\315\306\206\300\343\247+\002\015\235\011\353o=l\257"
 3493      C0E3A72B 
 3493      020D9D09 
 3493      EB6F3D6C 
 3493      AF
 3494 0322 9BFC5B20 		.ascii	"\233\374[ 4\232\022\032\303\3601\020\032k\304\271\011"
 3494      349A121A 
 3494      C3F03110 
 3494      1A6BC4B9 
 3494      09
 3495 0333 C7667C2C 		.ascii	"\307f|,8\267\022J#\360\235\015\347\221\370D\341;;\316"
 3495      38B7124A 
 3495      23F09D0D 
 3495      E791F844 
 3495      E13B3BCE 
 3496 0347 A3711C83 		.ascii	"\243q\034\203O,v\360\000B\007\304\341\023O\320M\002"
 3496      4F2C76F0 
 3496      004207C4 
 3496      E1134FD0 
 3496      4D02
 3497 0359 0212093A 		.ascii	"\002\022\011:M\342\263d\376\223\2026\006\001\354\201"
 3497      4DE2B364 
 3497      FE938236 
 3497      0601EC81 
 3498 0369 217C3694 		.ascii	"!|6\224/\246\362\2374Bm#\361\031\205\317h|\306\020\214"
 3498      2FA6F29F 
 3498      34426D23 
 3498      F11985CF 
 3498      687CC610 
 3499 037e 712C0E08 		.ascii	"q,\016\010Y\307H\307\301=\247\010\004\032\010\251bT"
 3499      59C748C7 
 3499      C13DA708 
 3499      041A08A9 
 3499      6254
 3500 0390 4EF27072 		.ascii	"N\362pr\217\006\332\326\266\000\377{k\373\356\213\347"
 3500      8F06DAD6 
 3500      B600FF7B 
 3500      6BFBEE8B 
 3500      E7
 3501 03a1 2A815718 		.ascii	"*\201W\030\177{\353\234\025p\341\021\315\255\257\211"
 3501      7F7BEB9C 
 3501      1570E111 
 3501      CDADAF89 
 3502 03b1 6278E698 		.ascii	"bx\346\230\336\343\231\013\002}\357]\374\3739\220\277"
 3502      DEE3990B 
ARM GAS  /tmp/cc20pczk.s 			page 106


 3502      027DEF5D 
 3502      FCFB3990 
 3502      BF
 3503 03c2 5C831FF9 		.ascii	"\\\203\037\371\2531\230-K\306u\370\023\226\247\030/"
 3503      AB31982D 
 3503      4BC675F8 
 3503      1396A718 
 3503      2F
 3504 03d3 FC2FBC43 		.ascii	"\374/\274C\204\321\334\236\272\345\225ee\200G \324\003"
 3504      84D1DC9E 
 3504      BAE59565 
 3504      65804720 
 3504      D403
 3505 03e5 4B1196AB 		.ascii	"K\021\226\253\244\277\266\035I\374\317`\371\363\210"
 3505      A4BFB61D 
 3505      49FCCF60 
 3505      F9F388
 3506 03f4 E6351702 		.ascii	"\3465\027\002\0036\310\224\203yF\267\2758\245\014\310"
 3506      0336C894 
 3506      837946B7 
 3506      BD38A50C 
 3506      C8
 3507 0405 139A9FC2 		.ascii	"\023\232\237\302X\020L\023\376H\010\243&<G\351\317\311"
 3507      58104C13 
 3507      FE4808A3 
 3507      263C47E9 
 3507      CFC9
 3508 0417 5DBAF86A 		.ascii	"]\272\370j:cpST&\222b\275?\346[8'&\354=\241\213S\010"
 3508      3A637053 
 3508      54269262 
 3508      BD3FE65B 
 3508      382726EC 
 3509 0430 063BEE6D 		.ascii	"\006;\356mqv\246\313\330M\351N\021\273\341\255\273p"
 3509      7176A6CB 
 3509      D84DE94E 
 3509      11BBE1AD 
 3509      BB70
 3510 0442 0770BD00 		.ascii	"\007p\275\000\303M\277\007\015@S\204\025\203\236\032"
 3510      C34DBF07 
 3510      0D405384 
 3510      15839E1A 
 3511 0452 A3165BDB 		.ascii	"\243\026[\333.\021\347\255\313U\027+V\001?\022DzZ\255"
 3511      2E11E7AD 
 3511      CB55172B 
 3511      56013F12 
 3511      447A5AAD 
 3512 0466 7042E66D 		.ascii	"pB\346m\323\266\336\037\376\025\007'\345B\325\365dN"
 3512      D3B6DE1F 
 3512      FE150727 
 3512      E542D5F5 
 3512      644E
 3513 0478 FC634AA0 		.ascii	"\374cJ\240\031L\036\324\206c\256m\336ui-\300\031\211"
 3513      194C1ED4 
 3513      8663AE6D 
 3513      DE75692D 
 3513      C01989
 3514 048b D97BC90A 		.ascii	"\331{\311\012g\201<\246\271\203yU\2653#\274v\233\025"
ARM GAS  /tmp/cc20pczk.s 			page 107


 3514      67813CA6 
 3514      B9837955 
 3514      B53323BC 
 3514      769B15
 3515 049e 58F62B46 		.ascii	"X\366+F\260b\034\017\201\340\237G\360\200G\375\332="
 3515      B0621C0F 
 3515      81E09F47 
 3515      F08047FD 
 3515      DA3D
 3516 04b0 5CD9ABF0 		.ascii	"\\\331\253\360\367O\200\210\244~\262m\335u\013\267/"
 3516      F74F8088 
 3516      A47EB26D 
 3516      DD750BB7 
 3516      2F
 3517 04c1 04BC79B9 		.ascii	"\004\274y\271\352v\353&P\303i\273\327\312s\226'\330"
 3517      EA76EB26 
 3517      50C369BB 
 3517      D7CA7396 
 3517      27D8
 3518 04d3 D729BB15 		.ascii	"\327)\273\025|M_\025\270\332\345{\336E%\372d=\267\336"
 3518      7C4D5F15 
 3518      B8DAE57B 
 3518      DE4525FA 
 3518      643DB7DE 
 3519 04e7 CAF8B5B2 		.ascii	"\312\370\265\262\020Db\270|;\225z%@\211\220\362\375"
 3519      104462B8 
 3519      7C3B957A 
 3519      25408990 
 3519      F2FD
 3520 04f9 45743BBF 		.ascii	"Et;\277\201Ty\214\314`z?$\217\211\031\245<fM\036\023"
 3520      8154798C 
 3520      CC607A3F 
 3520      248F8919 
 3520      A53C664D 
 3521 050f 0AA2AB63 		.ascii	"\012\242\253c\016\251c\374)u\302u)\240!]\012\251\256"
 3521      0EA963FC 
 3521      2975C275 
 3521      29A0215D 
 3521      0AA9AE
 3522 0522 8B49D705 		.ascii	"\213I\327\005t]\366%=\303\304\322/\207%\032\007\016"
 3522      745DF625 
 3522      3DC3C4D2 
 3522      2F87251A 
 3522      070E
 3523 0534 B16A906D 		.ascii	"\261j\220m\312\334<\025\261p)\375Bey\026iE0+\226\252"
 3523      CADC3C15 
 3523      B17029FD 
 3523      42657916 
 3523      6945302B 
 3524 054a CAD1C622 		.ascii	"\312\321\306\"$\307H\215\243-\234cd\210\243\371E9\256"
 3524      24C7488D 
 3524      A32D9C63 
 3524      6488A3F9 
 3524      4539AE
 3525 055d 08E35814 		.ascii	"\010\343X\024\342h\351\207\343\371\026\372\014\311\250"
 3525      E268E987 
 3525      E3F916FA 
ARM GAS  /tmp/cc20pczk.s 			page 108


 3525      0CC9A8
 3526 056c 7E4996E8 		.ascii	"~I\226\350Bq\012v\026\305\006i\024\242\231]R\210\321"
 3526      42710A76 
 3526      16C50669 
 3526      14A2995D 
 3526      5288D1
 3527 057f 28448753 		.ascii	"(D\207S\210\011Q\260\276(\205Ua\024\312B\024\"\372i"
 3527      880951B0 
 3527      BE288555 
 3527      6114CA42 
 3527      1422FA69 
 3528 0593 9FDB4922 		.ascii	"\237\333I\"\356\356\227Y\254\026\370\026e\237r\003d"
 3528      EEEE9759 
 3528      AC16F816 
 3528      659F7203 
 3528      64
 3529 05a4 E039E5B4 		.ascii	"\3409\345\264FU\347f\360\032U!]Q}\310\255\021\344X\254"
 3529      4655E766 
 3529      F01A5521 
 3529      5D517DC8 
 3529      AD11E458 
 3530 05b9 30F848E4 		.ascii	"0\370H\344$7\005\032\361\264\020\335u\247\264$\210\255"
 3530      2437051A 
 3530      F1B410DD 
 3530      75A7B424 
 3530      88AD
 3531 05cb F9B56C80 		.ascii	"\371\265l\200\262\243Vh\012\357\201O\225&\255\007\332"
 3531      B2A35668 
 3531      0AEF814F 
 3531      9526AD07 
 3531      DA
 3532 05dc 2A22B8A7 		.ascii	"*\"\270\247U\301+\214\245\211SL\215E\036c]\0037)\353"
 3532      55C12B8C 
 3532      A589534C 
 3532      8D451E63 
 3532      5D033729 
 3533 05f1 E84605BF 		.ascii	"\350F\005\277B\202<\214\352W\334U\264\011\244\273#\300"
 3533      42823C8C 
 3533      EA57DC55 
 3533      B409A4BB 
 3533      23C0
 3534 0603 D2643357 		.ascii	"\322d3W\336\\\201\356\276Q\373\355\244\025\216\312\203"
 3534      DE5C81EE 
 3534      BE51FBED 
 3534      A4158ECA 
 3534      83
 3535 0614 B23B818D 		.ascii	"\262;\201\215\304^\312\226\275D\326\243\351\365Ha1R"
 3535      C45ECA96 
 3535      BD44D6A3 
 3535      E9F54861 
 3535      3152
 3536 0626 A85236D0 		.ascii	"\250R6\320\265\012~~\210\006\276SZ\021\\\016\030%\034"
 3536      B50A7E7E 
 3536      8806BE53 
 3536      5A115C0E 
 3536      18251C
 3537 0639 515BBA6E 		.ascii	"Q[\272n\371\303\226e\342\234\344\267\027\027\246q\032"
ARM GAS  /tmp/cc20pczk.s 			page 109


 3537      F9C39665 
 3537      E29CE4B7 
 3537      1717A671 
 3537      1A
 3538 064a 4B632355 		.ascii	"Kc#Ual\327\037V\277\256\237\330OZl\370\035*\206+_\222"
 3538      616CD71F 
 3538      56BFAE9F 
 3538      D84F5A6C 
 3538      F81D2A86 
 3539 0661 9EA3D910 		.ascii	"\236\243\331\020-u\003\303S\347\372\204\256\341\351"
 3539      2D7503C3 
 3539      53E7FA84 
 3539      AEE1E9
 3540 0670 E547D2EF 		.ascii	"\345G\322\357\360\276`Cd\216Z\231\334\027\305\206j\373"
 3540      F0BE6043 
 3540      648E5A99 
 3540      DC17C586 
 3540      6AFB
 3541 0682 12FAA47C 		.ascii	"\022\372\244|\263\254'\276o,\336.l\250\330W\216\373"
 3541      B3AC27BE 
 3541      6F2CDE2E 
 3541      6CA8D857 
 3541      8EFB
 3542 0694 783C9145 		.ascii	"x<\221E\371-\207\231\036\320\366\326H\231\243+\300\022"
 3542      F92D8799 
 3542      1ED0F6D6 
 3542      4899A32B 
 3542      C012
 3543 06a6 C325E908 		.ascii	"\303%\351\010I\322\331W\222\316\376$\031\245J2\251\217"
 3543      49D2D957 
 3543      92CEFE24 
 3543      19A54A32 
 3543      A98F
 3544 06b8 22355C91 		.ascii	"\"5\\\221N]\221\317h\247\252H\027\260Q\341\212t\207"
 3544      4E5D91CF 
 3544      68A7AA48 
 3544      17B051E1 
 3544      8A7487
 3545 06cb 14B9AA2B 		.ascii	"\024\271\252+2Z\325bRH\212\317\271\024W\373H\321\011"
 3545      325AD562 
 3545      52488ACF 
 3545      B91457FB 
 3545      48D109
 3546 06de 684D93E2 		.ascii	"hM\223\342\313\326\017\001\023\214lT)|l\024\033\255"
 3546      CBD60F01 
 3546      138C6C54 
 3546      297C6C14 
 3546      1BAD
 3547 06f0 4A11D575 		.ascii	"J\021\325u\367q=\025m\312=<8\326\021\305\342\324\034"
 3547      F7713D15 
 3547      6DCA3D3C 
 3547      38D611C5 
 3547      E2D41C
 3548 0703 560FDFA9 		.ascii	"V\017\337\251\254\3449To\305re+-\343_\317\222\213\243"
 3548      ACE43954 
 3548      6FC57265 
 3548      2B2DE35F 
ARM GAS  /tmp/cc20pczk.s 			page 110


 3548      CF928BA3 
 3549 0717 54D9463F 		.ascii	"T\331F?\3029\237U\217u}I\213\325\236\275[@\011\033\300"
 3549      C2399F55 
 3549      8F757D49 
 3549      8BD59EBD 
 3549      5B40091B 
 3550 072c E258B2F0 		.ascii	"\342X\262\360a/\016K/\345\262\211\263\256\255\256u\031"
 3550      612F0E4B 
 3550      2FE5B289 
 3550      B3AEADAE 
 3550      7519
 3551 073e 0F4C52B3 		.ascii	"\017LR\263\263T\315m\202L\231l\250\035\262\241\270r"
 3551      B354CD6D 
 3551      824C996C 
 3551      A81DB2A1 
 3551      B872
 3552 0750 6F72E552 		.ascii	"or\345R\011)dI,9\322\200.\242\270\371h\304\005\014\341"
 3552      09296449 
 3552      2C39D280 
 3552      2EA2B8F9 
 3552      68C4050C 
 3553 0765 E693C560 		.ascii	"\346\223\305`\237\252^[yE\251\360#\017\210D\350\021"
 3553      9FAA5E5B 
 3553      7945A9F0 
 3553      230F8844 
 3553      E811
 3554 0777 0744214B 		.ascii	"\007D!KdCm\365\247=,\325~\342Lv!KfCl[O\347\260$\273"
 3554      64436DF5 
 3554      A73D2CD5 
 3554      7EE24C76 
 3554      214B6643 
 3555 0792 819B8DE9 		.ascii	"\201\233\215\351\011/\3223\25565\324\325\335\003\265"
 3555      092FD233 
 3555      AD3635D4 
 3555      D5DD03B5 
 3556 07a2 1AB3AB35 		.ascii	"\032\263\2535\246\347\347\357a\371\251N(U\276\322\363"
 3556      A6E7E7EF 
 3556      61F9A94E 
 3556      2855BED2 
 3556      F3
 3557 07b3 D3F5B26B 		.ascii	"\323\365\262k\227\310\017\213\027\366n`\351qNo\300\345"
 3557      97C80F8B 
 3557      17F66E60 
 3557      E9714E6F 
 3557      C0E5
 3558 07c5 5023F634 		.ascii	"P#\3664\343\255\332\246^\311\315"
 3558      E3ADDAA6 
 3558      5EC9CD
 3559 07d0 56F81EB4 		.ascii	"V\370\036\264v\030\203\215\350V\033q\0236b\255,\354"
 3559      7618838D 
 3559      E8561B71 
 3559      133662AD 
 3559      2CEC
 3560 07e2 AE44771D 		.ascii	"\256Dw\035W\277\035\324\226h\0076FVM\263\2727\221\215"
 3560      57BF1DD4 
 3560      96680736 
 3560      46564DB3 
ARM GAS  /tmp/cc20pczk.s 			page 111


 3560      BA37918D 
 3561 07f6 55779568 		.ascii	"Uw\225h\273,\356\275\352&qL\375\223>c\226\272\367K\004"
 3561      BB2CEEBD 
 3561      EA26714C 
 3561      FD933E63 
 3561      96BAF74B 
 3562 080b 1B2BAC3D 		.ascii	"\033+\254=\220\326*k\022Th\221\016\215r\037\240+\004"
 3562      90D62A6B 
 3562      12546891 
 3562      0E8D721F 
 3562      A02B04
 3563 081e 344D7673 		.ascii	"4Mvs\263\366\251\324S!\353\356\262\254\304\024\014N"
 3563      B3F6A9D4 
 3563      5321EBEE 
 3563      B2ACC414 
 3563      0C4E
 3564 0830 1D5CD4A2 		.ascii	"\035\\\324\242\274%\033wuw\274\226\322\310\360\323t"
 3564      BC251B77 
 3564      7577BC96 
 3564      D2C8F0D3 
 3564      74
 3565 0841 E1417193 		.ascii	"\341Aq\223\251\340;j\227\327$\262\204\320\245Q\022j"
 3565      A9E03B6A 
 3565      97D724B2 
 3565      84D0A551 
 3565      126A
 3566 0853 F246FD66 		.ascii	"\362F\375f\274\031l\242\375Z\314i\022\345\304\022\324"
 3566      BC196CA2 
 3566      FD5ACC69 
 3566      12E5C412 
 3566      D4
 3567 0864 8F0B61B1 		.ascii	"\217\013a\261\262;A\007\3671xX\036\324\342Xn\373\350"
 3567      B23B4107 
 3567      F7317858 
 3567      1ED4E258 
 3567      6EFBE8
 3568 0877 3CE357C8 		.ascii	"<\343W\310\307\277\341=\277\\Y*\002\243o\212\265R\261"
 3568      C7BFE13D 
 3568      BF5C592A 
 3568      02A36F8A 
 3568      B552B1
 3569 088a A61D0785 		.ascii	"\246\035\007\205\270\204\247\001VX<K\216\026\305\024"
 3569      B884A701 
 3569      56583C4B 
 3569      8E16C514 
 3570 089a 7BFF5071 		.ascii	"{\377Pq\262^L\025\223\371\207\013z\276\335\365\034\342"
 3570      B25E4C15 
 3570      93F9870B 
 3570      7ABEDDF5 
 3570      1CE2
 3571 08ac DF0AE2F0 		.ascii	"\337\012\342\360\024D\003\015\350\352\363\211\273\373"
 3571      1444030D 
 3571      E8EAF389 
 3571      BBFB
 3572 08ba 7CF8E193 		.ascii	"|\370\341\223/\275=\245\271\337\325M\026]\275\216\201"
 3572      2FBD3DA5 
 3572      B9DFD54D 
ARM GAS  /tmp/cc20pczk.s 			page 112


 3572      165DBD8E 
 3572      81
 3573 08cb DC90DBC0 		.ascii	"\334\220\333\300\247\031\216Y^\217\313\341\363NsL\364"
 3573      A7198E59 
 3573      5E8FCBE1 
 3573      F34E734C 
 3573      F4
 3574 08dc 79FFEA72 		.ascii	"y\377\352rf\371\035\351\263\334\323\334\031Y\331\323"
 3574      66F91DE9 
 3574      B3DCD3DC 
 3574      1959D9D3 
 3575 08ec DDDEF0F1 		.ascii	"\335\336\360\361\224\264\221\216\371^\337l\177\346T"
 3575      94B4918E 
 3575      F95EDF6C 
 3575      7FE654
 3576 08fb A76B4A96 		.ascii	"\247kJ\226/{\356lG\306\237'\214L\2332n\342\370?L\231"
 3576      2F7BEE6C 
 3576      47C69F27 
 3576      8C4C9B32 
 3576      6EE2F83F 
 3577 0911 E1F679E6 		.ascii	"\341\366y\346O\365\271\034\344\027#F8\360\277\223o\365"
 3577      4FF5B91C 
 3577      E4172346 
 3577      38F0BF93 
 3577      6FF5
 3578 0923 FA55A4D7 		.ascii	"\372U\244\327\357\360e9\374>'\276\367d}0\302I\250'3"
 3578      EFF06539 
 3578      FC3E27BE 
 3578      F7647D30 
 3578      C249A827 
 3579 0938 561D8F70 		.ascii	"V\035\217p\316H\2351j\332\257S\011\233\343\31149\263"
 3579      CE489D31 
 3579      6ADAAF53 
 3579      099BE3C9 
 3579      3439B3
 3580 094b 7DBEACCC 		.ascii	"}\276\254\314_>\337\214{\256sN\366t\227jj\026\241\363"
 3580      5F3EDF8C 
 3580      7BAE734E 
 3580      F674976A 
 3580      6A16A1F3 
 3581 095f 3287BD08 		.ascii	"2\207\275\010z\216\333\237\345G\374\013\231\366/\340"
 3581      7A8EDB9F 
 3581      E547FC0B 
 3581      99F62FE0 
 3582 096f 50F3B4A9 		.ascii	"P\363\264\251~\327D\237\373\355\347lqz=\036\357\\\207"
 3582      7ED7449F 
 3582      FBEDE76C 
 3582      717A3D1E 
 3582      EF5C87
 3583 0982 EB832CC7 		.ascii	"\353\203,\307[\223&8\322'd\214\317p\244{1\017\3435K"
 3583      5B932638 
 3583      D227648C 
 3583      CF70A47B 
 3583      310FE335 
 3584 0997 1EBFDB3F 		.ascii	"\036\277\333?e\246\323\211\326F\377\264\225L\257\017"
 3584      65A6D389 
 3584      D646FFB4 
ARM GAS  /tmp/cc20pczk.s 			page 113


 3584      954CAF0F 
 3585 09a7 F38F76FE 		.ascii	"\363\217v\3766v\370\004D9\321\016\356\202L\363\\\327"
 3585      3676F804 
 3585      4439D10E 
 3585      EE824CF3 
 3585      5CD7
 3586 09b9 FC4C9FDB 		.ascii	"\374L\237\333K\2632G\274H\354Y\263|\256\251\323y\374"
 3586      4BB33247 
 3586      BC48EC59 
 3586      B37CAEA9 
 3586      D379FC
 3587 09cc 31133226 		.ascii	"1\0232&\245p\016\270}X\312\253\251\204\372\210\331\343"
 3587      A5700EB8 
 3587      7D58CAAB 
 3587      A984FA88 
 3587      D9E3
 3588 09de F2787D0B 		.ascii	"\362x}\013\310\377\000&\255<\201"
 3588      C8FF0026 
 3588      AD3C81
 3589              		.text
 3590              		.section	.gnu.lto_chMtxUnlockS.343.a207216e6170d70a,"e",%progbits
 3591 0000 789C8D56 		.ascii	"x\234\215V}LTW\026\277\347\336\371d\230\341c\034d\233"
 3591      7D4C5457 
 3591      16BFE7DE 
 3591      F96498E1 
 3591      631C649B 
 3592 0014 46A97F6C 		.ascii	"F\251\177l\242\333: j\3334\233\335\2541\246\1774mj7"
 3592      A2DB3A20 
 3592      6ADB349B 
 3592      DDAC31A6 
 3592      7F346D6A 
 3593 0029 9BCD6643 		.ascii	"\233\315fC\0201\262\212\003\003\2045\206\274'\012\304"
 3593      1031B28A 
 3593      03038435 
 3593      86BC270A 
 3593      C4
 3594 003a B12A1045 		.ascii	"\261*\020EA\004\213\265\013\333*i\211+\262\010t\251"
 3594      41048BB5 
 3594      0BDB2A69 
 3594      892BB208 
 3594      74A9
 3595 004c 1F359A2A 		.ascii	"\0375\232*\025\251U\300\320V\241[[Z\027\277\321=\367"
 3595      15A955C0 
 3595      D056A15B 
 3595      5B5A17BF 
 3595      D13DF7
 3596 005f E3BD7944 		.ascii	"\343\275yD\332H\2703\367\276\367\273\347\234\337\357"
 3596      DA48B833 
 3596      F7BEF7BB 
 3596      E79CDFEF 
 3597 006f DC73EE4C 		.ascii	"\334s\356Lz\011I\007B^\307\001~\002\325U\021Jt]\377"
 3597      7A094907 
 3597      425EC701 
 3597      7E02D555 
 3597      114A745D 
 3598 0084 BD93D24D 		.ascii	"\275\223\322MU[)t\303\271\3326\207ms\225\257\355\372"
 3598      555B2974 
ARM GAS  /tmp/cc20pczk.s 			page 114


 3598      C3B9DA36 
 3598      876D7395 
 3598      AFEDFA
 3599 0097 D9976D0C 		.ascii	"\331\227m\014v\232\010\033-\263 \312\025\302\0165&\302"
 3599      769A081B 
 3599      2DB320CA 
 3599      15C20E35 
 3599      26C2
 3600 00a9 412B2C88 		.ascii	"A+,\210=\225#  N\330S\335\364\234\204\270hm\345G\317"
 3600      3D952320 
 3600      204ED853 
 3600      DDF49C84 
 3600      B8686DE5 
 3601 00bf 19903A03 		.ascii	"\031\220:\003\342\206:\023\022C\367JH]\333\365\347m"
 3601      E2863A13 
 3601      1243F74A 
 3601      485DDBF5 
 3601      E76D
 3602 00d1 2D08B97E 		.ascii	"-\010\271~\266\326o\363@cu\323\217\035\255\313\240\037"
 3602      B6D66FF3 
 3602      406375D3 
 3602      8F1DADCB 
 3602      A01F
 3603 00e3 042E96EE 		.ascii	"\004.\226\356\253\374H\202\032\014\220\027\032\252\233"
 3603      ABFC4882 
 3603      1A0C9017 
 3603      1AAA9B
 3604 00f2 E46B1FE2 		.ascii	"\344k\037\342\337S&\343h=7\331\017}\343\367_\2625#\372"
 3604      DF5326E3 
 3604      683D37D9 
 3604      0F7DE3F7 
 3604      5FB23523 
 3605 0107 F08E32A7 		.ascii	"\360\2162\247-\036\376\211^\321\223\000%\210\225\334"
 3605      2D1EFE89 
 3605      5ED19300 
 3605      258895DC 
 3606 0117 90081BAB 		.ascii	"\220\010\033\253\"\003\217\347\030\357\200h\224\331"
 3606      22038FE7 
 3606      18EF8068 
 3606      94D9
 3607 0125 EC0EA7CB 		.ascii	"\354\016\247\313\035\343\211\365\372\342\342\023\022"
 3607      1DE389F5 
 3607      FAE2E213 
 3607      12
 3608 0132 41A37124 		.ascii	"A\243q$\372\367\016\013\"\364\356\211\377\366\014\377"
 3608      FAF70E0B 
 3608      22F4EE89 
 3608      FFF60CFF 
 3609 0142 4A6FEE81 		.ascii	"Jo\356\201o\011\321\344\033;8\374\200B9\002\220b\007"
 3609      6F09D1E4 
 3609      1B3B38FC 
 3609      80423902 
 3609      906207
 3610 0155 570979A1 		.ascii	"W\011y\241G\327\317w\266\353\272\233\224t\200v\014\332"
 3610      47D7CF77 
 3610      B6EBBA9B 
 3610      94748076 
ARM GAS  /tmp/cc20pczk.s 			page 115


 3610      0CDA
 3611 0167 311D1474 		.ascii	"1\035\024t\330\352\347hW5\340\347o\0204\376h[\205\257"
 3611      D8EAE768 
 3611      5735E0E7 
 3611      6F1034FE 
 3611      685B85AF 
 3612 017b 72A3ABA4 		.ascii	"r\243\253\244\323@\021\242\303\001?bjL\314\344!\201"
 3612      D34011A2 
 3612      C3013F62 
 3612      6A4CCCE4 
 3612      2181
 3613 018d D9D065C5 		.ascii	"\331\320e\305\354\366{H7\034\007\036\003\272\366\020"
 3613      ECF67B48 
 3613      371C071E 
 3613      03BAF610 
 3614 019d B2FE63BE 		.ascii	"\262\376c\276\003'\305\377\341\023\036\303\335\373\221"
 3614      0327C5FF 
 3614      E1131EC3 
 3614      DDFB91
 3615 01ac 2D079FA9 		.ascii	"-\007\237\251\327{l\030F\261\330\334\013<\216\332\231"
 3615      D77B6C18 
 3615      46B1D8DC 
 3615      0B3C8EDA 
 3615      99
 3616 01bd D2F6DDAB 		.ascii	"\322\366\335\253\345\017\317\001\0026\247\230\201\366"
 3616      E50FCF01 
 3616      0236A798 
 3616      81F6
 3617 01cb 82A0E4E1 		.ascii	"\202\240\344\341d\373w\263O\200\364@\261\264|\002\204"
 3617      64FB77B3 
 3617      4F80F440 
 3617      B1B47C02 
 3617      84
 3618 01dc 69D769D3 		.ascii	"i\327i\323\301\277\266\337\253\230\305\035\024\235\202"
 3618      C1BFB6DF 
 3618      AB98C51D 
 3618      149D82
 3619 01eb F562FB69 		.ascii	"\365b\373i\240v\035\036%+\007\030A\231G8@\204\246\020"
 3619      A0761D1E 
 3619      252B0718 
 3619      41994738 
 3619      4084A610 
 3620 01ff 5107279B 		.ascii	"Q\007'\233\330\247@N\302z\202\346\317\200A\241\340,"
 3620      D8A7404E 
 3620      C27A82E6 
 3620      CF8041A1 
 3620      E02C
 3621 0211 2844E7E1 		.ascii	"(D\347\341\336G\327\355\030B\001G\234\003\361\302u\327"
 3621      DE47D7ED 
 3621      18420147 
 3621      9C03F1C2 
 3621      75D7
 3622 0223 10070338 		.ascii	"\020\007\00386\346\024\366\363?\203\220\260\177\036"
 3622      36E614F6 
 3622      F33F8390 
 3622      B07F1E
 3623 0232 B8405F25 		.ascii	"\270@_%sK8\017]\020[\356\033[\332\257\226\267\357p\352"
ARM GAS  /tmp/cc20pczk.s 			page 116


 3623      734B380F 
 3623      5D105BEE 
 3623      1B5BDAAF 
 3623      96B7EF70 
 3624 0247 A7755B6E 		.ascii	"\247u[n\237U\321\223\\\365Rj\250\376AkD\250~\321\212"
 3624      9F55D193 
 3624      5CF5526A 
 3624      A8FE416B 
 3624      44A87ED1 
 3625 025c E9F073A3 		.ascii	"\351\360s\243\375\3609\027\005\327\307\374\246\016\355"
 3625      FDF03917 
 3625      05D7C7FC 
 3625      A60EED
 3626 026b 5B66731D 		.ascii	"[fs\035\362O\251(\006\200:u\030H~B\350|C\207\201\250"
 3626      F24FA928 
 3626      06803A75 
 3626      18487E42 
 3626      E87C4387 
 3627 0281 0EED3F9C 		.ascii	"\016\355?\234b_\000\271\004\241iyi&/\024\341K \227\341"
 3627      625F00B9 
 3627      04A16979 
 3627      69262F14 
 3627      E14B2097 
 3628 0296 8229C02F 		.ascii	"\202)\300/g\260}x\200]\345\206U\006\007e\006\23725\303"
 3628      67B07D78 
 3628      805DE586 
 3628      55060765 
 3628      069F3235 
 3629 02ab 4086646A 		.ascii	"@\206dj\256\361\324\340K\033t\002\215\201>\200\313\320"
 3629      AEF1D4E0 
 3629      4B1B7402 
 3629      8D813E80 
 3629      CBD0
 3630 02bd DA67EFD1 		.ascii	"\332g\357\321\037>\336\241\367\334\010l\354\356\375"
 3630      1F3EDEA1 
 3630      F7DC086C 
 3630      ECEEFD
 3631 02cc 7A22E315 		.ascii	"z\"\343\025 \324C\011\215e8l\204z\355\270v\340\334\211"
 3631      20D44309 
 3631      8D65386C 
 3631      847AEDB8 
 3631      76E0DC89 
 3632 02e0 C3856B37 		.ascii	"\303\205k7\2414\006\237yp\035\213\303\213\317|\270\216"
 3632      A134069F 
 3632      79701D8B 
 3632      C38BCF7C 
 3632      B88E
 3633 02f2 C3793C8E 		.ascii	"\303y<\216\004\254\222DB}~\0343\010\272\011  \211\240"
 3633      04AC9244 
 3633      427D7E1C 
 3633      3308BA09 
 3633      202089A0 
 3634 0306 D3997C95 		.ascii	"\323\231|\225\314?R\320\306\034\200\016\230\313W\363"
 3634      CC3F52D0 
 3634      C61C800E 
 3634      98CB57F3 
 3635 0316 F8CB54FE 		.ascii	"\370\313T\376\221F\250s\001\216t\034\013q,\"\030\343"
ARM GAS  /tmp/cc20pczk.s 			page 117


 3635      9146A873 
 3635      018E741C 
 3635      0B712C22 
 3635      18E3
 3636 0328 629C10D2 		.ascii	"b\234\020\322\300\310\365\217;\316\023\320{\010idT."
 3636      C0C8F58F 
 3636      3BCE13D0 
 3636      7B086964 
 3636      542E
 3637 033a 36E1E20E 		.ascii	"6\341\342\016\325G\036\\\001\376}\353\310\273C\227\352"
 3637      D5471E5C 
 3637      01FE7DEB 
 3637      C8BB4397 
 3637      EA
 3638 034b 819F30FE 		.ascii	"\201\2370\376\364\326%7\234\003\362\200\226v\265x\031"
 3638      F4D62537 
 3638      9C03F280 
 3638      9676B578 
 3638      19
 3639 035c D6B52393 		.ascii	"\326\265#\223+\027\001\232\231\201\337\037\000\371\353"
 3639      2B17019A 
 3639      9981DF1F 
 3639      00F9EB
 3640 036b 5730C21F 		.ascii	"W0\302\037-F\265\\\177\371\032\376\214\307S\3147|\003"
 3640      2D46B55C 
 3640      7FF91AFE 
 3640      8CC753CC 
 3640      377C03
 3641 037e 7FC2399A 		.ascii	"\177\3029\232)\035?\266\355\376\336\335\200m\006\272"
 3641      291D3FB6 
 3641      EDFEDEDD 
 3641      806D06BA 
 3642 038e 80A508CB 		.ascii	"\200\245\010\313\223\322\337H\345,2I7\245\0204\371\307"
 3642      93D2DF48 
 3642      E52C3249 
 3642      37A51034 
 3642      F9C7
 3643 03a0 E5D81F66 		.ascii	"\345\330\037f\212\247\325\263\370\327\034\371\361\200"
 3643      8AA7D5B3 
 3643      F8D71CF9 
 3643      F180
 3644 03ae 6EEAAB00 		.ascii	"n\352\253\000\006l\216\243\004\325\307`\036\341\222"
 3644      066C8EA3 
 3644      04D5C760 
 3644      1EE192
 3645 03bd 32C09D65 		.ascii	"2\300\235e)\214E\300\361\372k\2040\352\300\016F\237"
 3645      298C45C0 
 3645      F1FA6B84 
 3645      30EAC00E 
 3645      469F
 3646 03cf 21B7E9E6 		.ascii	"!\267\351\346o\2270\006c\342\274\"U\366\350\2732\027"
 3646      6F973006 
 3646      63E2BC22 
 3646      55F6E8BB 
 3646      3217
 3647 03e1 67CA84BD 		.ascii	"g\312\204\275I\272Y\370{u\231\350ZK%#\307\3225\202\221"
 3647      49BA59F8 
ARM GAS  /tmp/cc20pczk.s 			page 118


 3647      7B7599E8 
 3647      5A4B2523 
 3647      C7D23582 
 3648 03f6 6DC94DF8 		.ascii	"m\311M\370\016\360}9\222X\372=\364\000\235-\254\330"
 3648      0EF07D39 
 3648      9258FA3D 
 3648      F4009D2D 
 3648      ACD8
 3649 0408 4CC1C088 		.ascii	"L\301\300\210m\244fj\234\245]n\306[\340\006\020\246"
 3649      6DA4666A 
 3649      9CA55D6E 
 3649      C65BE006 
 3649      10A6
 3650 041a B80CDD5A 		.ascii	"\270\014\335Z\2276\016DH\222\375#\034\347\335R\021\262"
 3650      97360E44 
 3650      4892FD23 
 3650      1CE7DD52 
 3650      11B2
 3651 042c 339B233B 		.ascii	"3\233#;J\310\301\354\222\220\323 \344@\012&\037g\224"
 3651      4AC8C1EC 
 3651      9290D320 
 3651      E4400A26 
 3651      1F6794
 3652 043f 8FFD97F8 		.ascii	"\217\375\227\370X\231\334\2660\271\023e\342\230\206"
 3652      5899DCB6 
 3652      30B91365 
 3652      E29886
 3653 044e C99E2799 		.ascii	"\311\236'\231\270\246\345p\317\340\300!n\003\362om\335"
 3653      B8A6E570 
 3653      CFE0C021 
 3653      6E03F26F 
 3653      6DDD
 3654 0460 2D85D8F0 		.ascii	"-\205\330\360\000\216)\226\027\221V\014sc\312\025G\017"
 3654      008E2996 
 3654      1791560C 
 3654      7363CA15 
 3654      470F
 3655 0472 8B911C63 		.ascii	"\213\221\034c\015\216\036+\307\330(G\347\323r|l\341"
 3655      0D8E1E2B 
 3655      C7D82847 
 3655      E7D3727C 
 3655      6CE1
 3656 0484 A85393A3 		.ascii	"\250S\223\243k\032\216G\207\350\023$\275\323\222,\245"
 3656      6B1A8E47 
 3656      87E81324 
 3656      BDD3922C 
 3656      A5
 3657 0495 C72D147C 		.ascii	"\307-\024|\314\313\346\030\024\342\230OR\2107(\304Y"
 3657      CCCBE618 
 3657      14E2984F 
 3657      52883728 
 3657      C459
 3658 04a7 29C44729 		.ascii	")\304G)\270\237\226B9\215R\250\210R\2101)\330M\012\347"
 3658      B89F9642 
 3658      398D52A8 
 3658      88528831 
 3658      29D84D0A 
ARM GAS  /tmp/cc20pczk.s 			page 119


 3659 04bc 6789B8C7 		.ascii	"g\211\270\307\236e\011F\340G\265\016mT\005^\262\205"
 3659      9E650946 
 3659      E047B50E 
 3659      6D54055E 
 3659      B285
 3660 04ce 1E51D9F9 		.ascii	"\036Q\331\371)r\223*\310\250w\012\271\255\202\034K\020"
 3660      2972932A 
 3660      C8A8770A 
 3660      B9AD821C 
 3660      4B10
 3661 04e0 06078426 		.ascii	"\006\007\204&\245)\320\213\365%:\300\304\256\352H\015"
 3661      A529D08B 
 3661      F5253AC0 
 3661      C4AEEA48 
 3661      0D
 3662 04f1 C027B23E 		.ascii	"\300'\262>w\237q\303\011\260\324(.T\221\326\305p?5\221"
 3662      779F71C3 
 3662      09B0D428 
 3662      2E5491D6 
 3662      C5703F35 
 3663 0506 6F184B13 		.ascii	"o\030K\023\275@E\"\233\301\350\3546m;\375P\303\3732"
 3663      BD404522 
 3663      9BC1E8EC 
 3663      366D3BFD 
 3663      50C3FB32 
 3664 051a C283689E 		.ascii	"\302\203h\236\225\277\203\236\000\351\3544\2604\341"
 3664      95BF839E 
 3664      00E9EC34 
 3664      B034E1
 3665 0529 EC66FD4F 		.ascii	"\354f\375O;\320\331\247\322\331\235\317\334pF\266\233"
 3665      3BD0D9A7 
 3665      D2D99DCF 
 3665      DC7046B6 
 3665      9B
 3666 053a B1005B80 		.ascii	"\261\000[\200\225T$+\211\264\242\351*J\026oF\002\207"
 3666      9554242B 
 3666      89B4A2E9 
 3666      2A4A166F 
 3666      460287
 3667 054d B46AFABE 		.ascii	"\264j\372\276\206\027\245\350-\023\273\352\"\333\000"
 3667      8617A5E8 
 3667      2D13BBEA 
 3667      22DB00
 3668 055c 6304DEB7 		.ascii	"c\004\336\267e\267\2714\364\266\3506\374\016\340i\351"
 3668      65B7B934 
 3668      F4B6E836 
 3668      FC0EE069 
 3668      E9
 3669 056d 5DC1D2D8 		.ascii	"]\301\322\330\002\225\026\317\367\367\233_2\373\336"
 3669      029516CF 
 3669      F7F79B5F 
 3669      32FBDE
 3670 057c E5210FFE 		.ascii	"\345!\017\376b\022\323q\245m\034\233k\0107\333*\\\356"
 3670      6212D371 
 3670      A56D1C9B 
 3670      6B0837DB 
 3670      2A5CEE
ARM GAS  /tmp/cc20pczk.s 			page 120


 3671 058f 4EDAC2C5 		.ascii	"N\332\302\305E\037\373\177\207]\227\315\225=r\210\311"
 3671      451FFB7F 
 3671      875D97CD 
 3671      953D7288 
 3671      C9
 3672 05a0 7D5E36CF 		.ascii	"}^6\317\330\027\230\"x\215<M|\337\213\330\243\331<\261"
 3672      D8179822 
 3672      788D3C4D 
 3672      7CDF8BD8 
 3672      A3D93CB1 
 3673 05b4 6F02F7F1 		.ascii	"o\002\367\361xb+\313\006N13\240\311\241X\251\321\025"
 3673      78622BCB 
 3673      064E3133 
 3673      A0C9A158 
 3673      A9D115
 3674 05c7 6049D684 		.ascii	"`I\326\204\\\215&d\320\232\220\301\351\022\222\256\022"
 3674      5C8D2664 
 3674      D09A90C1 
 3674      E91292AE 
 3674      12
 3675 05d8 F2E6947C 		.ascii	"\362\346\224|\324\362|\014\232\371\250\243\203*\037"
 3675      D4F27C0C 
 3675      9AF9A8A3 
 3675      832A1F
 3676 05e7 43C0D2AD 		.ascii	"C\300\322\255\371\030\216\346\343\232\231\217\205*\023"
 3676      F9188EE6 
 3676      E39A998F 
 3676      852A13
 3677 05f6 6F461351 		.ascii	"oF\023Q\317\023qmJ\"\006\001\255\031\211x8\264\035P"
 3677      CF13716D 
 3677      4A220601 
 3677      AD198978 
 3677      38B41D50 
 3678 060a 5EE4A212 		.ascii	"^\344\242\022\021f\351l\241J\204w\364\366\303.*J\224"
 3678      1166E96C 
 3678      A14A8477 
 3678      F4F6C32E 
 3678      2A4A94
 3679 061d 7BB8377C 		.ascii	"{\2707|\303\313\374J\301\346\027\272\265\032\256\240"
 3679      C3CBFC4A 
 3679      C1E617BA 
 3679      B51AAEA0 
 3680 062d BA59FEA1 		.ascii	"\272Y\376\2415\320\203\0321\270\004\017h\215\364\035"
 3680      35D0831A 
 3680      31B8040F 
 3680      688DF41D 
 3681 063d 5CF355F3 		.ascii	"\\\363U\363\213\271\373i\243\252\327\333\345\224\260"
 3681      8BB9FB69 
 3681      A3AAD7DB 
 3681      E594B0
 3682 064c 44E667C9 		.ascii	"D\346g\311\302\207\257\312\".\345I\223R\355\032~\233"
 3682      C287AFCA 
 3682      222EE549 
 3682      9352ED1A 
 3682      7E9B
 3683 065e 0726A9F9 		.ascii	"\007&\251\371X\252\3416 %\223\305\324$\213\211\347\355"
 3683      58AAE136 
ARM GAS  /tmp/cc20pczk.s 			page 121


 3683      202593C5 
 3683      D4248B89 
 3683      E7ED
 3684 0670 159EB754 		.ascii	"\025\236\267TB*\330L\226\214\267:K\364r\363q\210\323"
 3684      422AD84C 
 3684      968CB73A 
 3684      4BF472F3 
 3684      7188D3
 3685 0683 6D56F3C9 		.ascii	"mV\363\311b\322\251r72\321\260K\370\221\315!\011n\210"
 3685      62D2A972 
 3685      3732D1B0 
 3685      4BF891CD 
 3685      21096E88 
 3686 0697 E650C192 		.ascii	"\346P\301\222\330<O\303\235\\\226\352;|\257\250\202"
 3686      D83C4FC3 
 3686      9D5C96EA 
 3686      3B7CAFA8 
 3686      82
 3687 06a8 25B3B99E 		.ascii	"%\263\271\236\355wJ\330L\237\215\233\215\037\267\036"
 3687      ED774AD8 
 3687      4C9F8D9B 
 3687      8D1FB71E 
 3688 06b8 D1C6618F 		.ascii	"\321\306a\217\012u\317\330l\343\204\371\324\0113\365"
 3688      0A75CFD8 
 3688      6CE384F9 
 3688      D40933F5 
 3689 06c8 79D7A24F 		.ascii	"y\327\242Os\340\200v\320\324g\364\331\334\367\204>l"
 3689      73E08076 
 3689      D0D467F4 
 3689      D9DCF784 
 3689      3E6C
 3690 06da 86B0777C 		.ascii	"\206\260w|\230\011N/\303@\264\014\307\373\366\001|\241"
 3690      98094E2F 
 3690      C340B40C 
 3690      C7FBF601 
 3690      7CA1
 3691 06ec 6EFD3E37 		.ascii	"n\375>7|\011F1,\3022\314We\330\206e\330L\245\325\244"
 3691      7C094631 
 3691      2CC232CC 
 3691      5765D886 
 3691      65D84CA5 
 3692 0702 FC169EFD 		.ascii	"\374\026\236\375\313\240\012\3422\260E\362\324\364\251"
 3692      CBA00AE2 
 3692      32B045F2 
 3692      D4F4A9
 3693 0711 BD496CB1 		.ascii	"\275Il\261\332\265\323\330\345\312\177_m\022-\252\237"
 3693      DAB5D3D8 
 3693      E5CA7F5F 
 3693      6D122DAA 
 3693      9F
 3694 0722 3E6196E6 		.ascii	">a\226\346\037\222\010\266XX\273'\255\325\267\004\024"
 3694      1F9208B6 
 3694      5858BB27 
 3694      ADD5B704 
 3694      14
 3695 0733 B4DA847A 		.ascii	"\264\332\204z\363[\351>\001M\223\245\323g\374\334\350"
 3695      F35BE93E 
ARM GAS  /tmp/cc20pczk.s 			page 122


 3695      014D93A5 
 3695      D367FCDC 
 3695      E8
 3696 0744 6C94E76E 		.ascii	"l\224\347n@\236\304\024\014NM.\032Qv\0173)\351\014C"
 3696      409EC414 
 3696      0C4E4D2E 
 3696      1A51760F 
 3696      3329E90C 
 3697 0759 D2586B27 		.ascii	"\322Xk'\335\360!\345\267\230\002_\220\340\256\226$\026"
 3697      DDF021E5 
 3697      B798025F 
 3697      90E0AE96 
 3697      2416
 3698 076b 885E183B 		.ascii	"\210^\030;\243%\336f\\\030H\352\004\235\326b\311\021"
 3698      A325DE66 
 3698      5C1848EA 
 3698      049DD662 
 3698      C911
 3699 077d 719C5840 		.ascii	"q\234X@X\374\\Z\254\037\013\230\340)\006\217\312&-\273"
 3699      58FC5C5A 
 3699      AC1F0B98 
 3699      E029068F 
 3699      CA262DBB 
 3700 0791 7E3F82F1 		.ascii	"~?\202\361\372\330\377[^\361{\265Z\021\030]\310\017"
 3700      FAD8FF5B 
 3700      5EF17BB5 
 3700      5A11185D 
 3700      C80F
 3701 07a3 D20C961C 		.ascii	"\322\014\226\034'\316L\302\335\223U\311\346\231\271"
 3701      27CE4CC2 
 3701      DD9355C9 
 3701      E699B9
 3702 07b2 8267A65B 		.ascii	"\202g\246[\010\367\277\321\237!\330!\010\302\017 \012"
 3702      08F7BFD1 
 3702      9F21D821 
 3702      08C20F20 
 3702      0A
 3703 07c3 2571D4FC 		.ascii	"%q\324\3749\370\230\226^\233\310\020E"
 3703      39F89896 
 3703      5E9BC810 
 3703      45
 3704 07d0 DAC0403E 		.ascii	"\332\300@>/\355\341\313\345\301\325\241\334\354`8\264"
 3704      2FEDE1CB 
 3704      E5C1D5A1 
 3704      DCEC6038 
 3704      B4
 3705 07e1 22F84638 		.ascii	"\"\370F8\364\267\354\254\302\202\340\222\3259+r\226"
 3705      F4B7ECAC 
 3705      C282E092 
 3705      D5392B72 
 3705      96
 3706 07f2 1716ADCC 		.ascii	"\027\026\255\314\011Y\347\031\013\322\203\305\241\360"
 3706      0959E719 
 3706      0BD283C5 
 3706      A1F0
 3707 0800 9A82BCCC 		.ascii	"\232\202\274\314\254\354\214\302p\321\2725\301\345o"
 3707      ACEC8CC2 
ARM GAS  /tmp/cc20pczk.s 			page 123


 3707      70D1BA35 
 3707      C1E56F
 3708 080f BD96BE20 		.ascii	"\275\226\276 c\331\033\257\376!cUN8\26783\234\035$\277"
 3708      63D91BAF 
 3708      FE216355 
 3708      4E38B738 
 3708      339C1D24 
 3709 0824 9E3F3F88 		.ascii	"\236??\210\377Y|k\250@!C\005\301pa\260 \234\205\317"
 3709      FF597C6B 
 3709      A8402143 
 3709      05C17061 
 3709      B0209C85 
 3710 0839 730BFF3E 		.ascii	"s\013\377>?\213\320\334\274\0045\237\237\265*u\325\302"
 3710      3F8BD0DC 
 3710      BC04359F 
 3710      9FB52A75 
 3710      D5C2
 3711 084b 1569A984 		.ascii	"\025i\251\204\255\315\315sd\025\205\303\205y\363~\336"
 3711      ADCDCD73 
 3711      641585C3 
 3711      8579F37E 
 3711      DE
 3712 085c 4CCEBAAC 		.ascii	"L\316\272\254\265E+\263\225\251\325\204\346\347=\377"
 3712      B5452BB3 
 3712      95A9D584 
 3712      E6E73DFF 
 3713 086c 34E8B539 		.ascii	"4\350\2659\005\205\005\210\207<\347\272\354\342\274"
 3713      05850588 
 3713      873CE7BA 
 3713      ECE2BC
 3714 087b 704E8816 		.ascii	"pN\210\026\346\315\177\232\235\205\253\303\331\231+"
 3714      E6CD7F9A 
 3714      9D85ABC3 
 3714      D9992B
 3715 088a F9DEFF03 		.ascii	"\371\336\377\003\002\224p\337"
 3715      029470DF 
 3716              		.text
 3717              		.section	.gnu.lto_chMtxUnlockAllS.344.a207216e6170d70a,"e",%progbits
 3718 0000 789C8D55 		.ascii	"x\234\215UkLTG\024\2363s\367I$\025Y \246*\366\2075\255"
 3718      6B4C5447 
 3718      149E3373 
 3718      F7492415 
 3718      5920A62A 
 3719 0018 65AD36C6 		.ascii	"e\2556\306\037m\3720\2151\215Q\213M\3234\015\201u-\253"
 3719      1F6DFA30 
 3719      8D318D51 
 3719      8B4DD334 
 3719      0D81752D 
 3720 002d E2B2AF50 		.ascii	"\342\262\257Pc\310\336\342\202u\253U R\240\210h\322"
 3720      63C8DEE2 
 3720      8275AB55 
 3720      2052A088 
 3720      68D2
 3721 003f 0693B696 		.ascii	"\006\223\266\226ZS\020EDQ|\244\352\212P\255\257^DA\243"
 3721      5A531045 
 3721      44517CA4 
 3721      EA8A50AD 
ARM GAS  /tmp/cc20pczk.s 			page 124


 3721      AF5E4441 
 3722 0054 59C52A6A 		.ascii	"Y\305*j\251=3sw\241\221&\022v\357\234\231\357|\347;"
 3722      A93D3373 
 3722      77A19126 
 3722      1276EF9C 
 3722      99EF7CE7 
 3723 0069 67CEB94B 		.ascii	"g\316\271K\315\204\274\010\204\374D\010\201\004\002"
 3723      CD84BC08 
 3723      84FC4408 
 3723      810402
 3724 0078 65A5614A 		.ascii	"e\245aJTU}\313Di\325\246\237'C3T\357\2726M\251\334\244"
 3724      54557DCB 
 3724      4469D5A6 
 3724      9F274333 
 3724      54EFBA36 
 3725 0090 C1B51355 		.ascii	"\301\265\023U\343\024\013\224\233%\200\321P\351\227"
 3725      E3140B94 
 3725      9B2580D1 
 3725      50E997
 3726 009f 140EC2F1 		.ascii	"\024\016\302\361m5/(\305\245\211\273/\365LP\024\250"
 3726      6D352F28 
 3726      C5A589BB 
 3726      2FF54C50 
 3726      14A8
 3727 00b1 28B58A73 		.ascii	"(\265\212s\003\256bdFZ-\311\"\321G\263\225\265\245\211"
 3727      03AE6264 
 3727      465A2DC9 
 3727      22D147B3 
 3727      95B5A589 
 3728 00c5 3F6E2C36 		.ascii	"?n,6)V(oxN\002LPY\266\035\304\322\014\237\227\206-\210"
 3728      2956286F 
 3728      784E024C 
 3728      5059B61D 
 3728      C4D20C9F 
 3729 00dd 15169020 		.ascii	"\025\026\220 \2650\305`\264\342A\22022\374\267\215\331"
 3729      B530C560 
 3729      B4E24190 
 3729      3232FCB7 
 3729      8DD9
 3730 00ef 1132D87E 		.ascii	"\0212\330~sS\271\261D-N\273AH0vf\000\3438P\360\333\006"
 3730      7353B9B1 
 3730      442D4EBB 
 3730      41483076 
 3730      6600E338 
 3731 0107 E9063017 		.ascii	"\351\0060\027\342\306\313\255\252\032\255n\270w\005"
 3731      E2C6CBAD 
 3731      AA1AAD6E 
 3731      B87705
 3732 0116 D432150A 		.ascii	"\3242\025\012\367@\260\011\032\201\203C\320\235\224"
 3732      F740B009 
 3732      1A818343 
 3732      D09D94
 3733 0125 409A81BB 		.ascii	"@\232\201\2733\003\226\201\254\336\007\350\221\200\364"
 3733      33039681 
 3733      ACDE07E8 
 3733      9180F4
 3734 0134 F5A9642F 		.ascii	"\365\251d/\254&\270\327\002r\223\220U\255\372\242\340"
ARM GAS  /tmp/cc20pczk.s 			page 125


 3734      AC26B8D7 
 3734      02729390 
 3734      55ADFAA2 
 3734      E0
 3735 0145 005F982B 		.ascii	"\000_\230+ F_\333P\367\247\240\017\264\215\244\277\232"
 3735      20465FDB 
 3735      50F7A7A0 
 3735      0FB48DA4 
 3735      BF9A
 3736 0157 C4E10701 		.ascii	"\304\341\007\001\251\320\352A\353\025D\017\336\015\257"
 3736      A9D0EA41 
 3736      EB15440F 
 3736      DE0DAF
 3737 0166 FB767C8D 		.ascii	"\373v|\215\332\252 \272@\240\333\201\032BP\225*\351"
 3737      DAAA20BA 
 3737      40A0DB81 
 3737      1A425095 
 3737      2AE9
 3738 0178 062F9454 		.ascii	"\006/\224T5\244! \224\036\347k\007\221\035\227\326\330"
 3738      35A42120 
 3738      941EE76B 
 3738      07911D97 
 3738      D6D8
 3739 018a 5939EB30 		.ascii	"Y9\3530\220CP \325\034\001)\347\020\377\026\001j\277"
 3739      90435020 
 3739      D51C0129 
 3739      E710FF16 
 3739      016ABF
 3740 019d 7AB87622 		.ascii	"z\270v\"\017\340;\012\253\204\3731\240\306\020\374\223"
 3740      0FE03B0A 
 3740      AB84FB31 
 3740      A0C610FC 
 3740      93
 3741 01ae A6074005 		.ascii	"\246\007@\005\305\011\"\000\"\202:\"\036`\360\360vv"
 3741      C5092200 
 3741      22823A22 
 3741      1E60F0F0 
 3741      7676
 3742 01c0 1C4807AC 		.ascii	"\034H\007\254\342\371\237\000\221\266\371^,[\244o\352"
 3742      E2F99F00 
 3742      91B6F95E 
 3742      2C5BA46F 
 3742      EA
 3743 01d1 37096FCF 		.ascii	"7\011o\317o\340\026\336'\201\347\333\223\306\005\341"
 3743      6FE016DE 
 3743      2781E7DB 
 3743      93C605E1 
 3744 01e1 DA7D4AB8 		.ascii	"\332}J\270\334\217\273\\(\331\3210\255m\215\332\241"
 3744      DC8FBB5C 
 3744      28D9D130 
 3744      AD6D8DDA 
 3744      A1
 3745 01f2 2A85A747 		.ascii	"*\205\247G\226\350\216(Q\204\247\203V4)\236A\343\272"
 3745      96E88E28 
 3745      5184A783 
 3745      5634299E 
 3745      41E3BA
ARM GAS  /tmp/cc20pczk.s 			page 126


 3746 0205 493C03CF 		.ascii	"I<\003\317Q=B'P\023^X\332S%\362\3042\350\034\221AW\345"
 3746      513D4227 
 3746      50135E58 
 3746      DA5325F2 
 3746      C432E81C 
 3747 021d EB67819C 		.ascii	"\353g\201\234\001\367\250\232\203q\315\230`7\220.@\275"
 3747      01F7A89A 
 3747      8371CD98 
 3747      6037902E 
 3747      40BD
 3748 022f 6801B4C1 		.ascii	"h\001\264\301\316\210\241U\375\373\311F\265\365\272"
 3748      CE88A155 
 3748      FDFBC946 
 3748      B5F5BA
 3749 023e 6DDB77EB 		.ascii	"m\333w\353\367\356\335\265\036\306\003\241\026J\250"
 3749      F7EEDDB5 
 3749      1EC603A1 
 3749      164AA8
 3750 024d 81E153C1 		.ascii	"\201\341S\301\217\201P\253\225P>9m\220L\250\311\206"
 3750      8F8150AB 
 3750      95503E39 
 3750      6D904CA8 
 3750      C986
 3751 025f 9F14FC10 		.ascii	"\237\024\374\020R\313H\377\201=\247\010\250\255\204"
 3751      52CB48FF 
 3751      813DA708 
 3751      A8AD84
 3752 026e 6C65541A 		.ascii	"leT\032k\320x@Um\267\226\306\237\003\275[/u\325\000"
 3752      6BD07840 
 3752      556DB796 
 3752      C69F03BD 
 3752      5B2F75D5 
 3753 0283 EF2CBE3B 		.ascii	"\357,\276;\320e\201\026 \217iQ\313\2161\314\212\355"
 3753      D0658116 
 3753      208F6951 
 3753      CB8E31CC 
 3753      8AED
 3754 0295 EBE2950B 		.ascii	"\353\342\225\013\003u}\212\317\357\2018\317\3039\276"
 3754      03757D8A 
 3754      CFEF8138 
 3754      CFC339BE 
 3755 02a5 350B9333 		.ascii	"5\013\2233;\376\200llK\261.\274\000Y\270F\232\242h\323"
 3755      3BFE806C 
 3755      6C4BB12E 
 3755      BC0059B8 
 3755      469AA268 
 3756 02ba 865FB468 		.ascii	"\206_\264h\022N\020\354\001f\025\314M\030\217\323\366"
 3756      124E10EC 
 3756      016615CC 
 3756      4D188FD3 
 3756      F6
 3757 02cb 273240DA 		.ascii	"'2@\332B\020t\334\361\223e\227\200\010\212\274\313\360"
 3757      421074DC 
 3757      F1936597 
 3757      80088ABC 
 3757      CBF0
 3758 02dd 3156E23E 		.ascii	"1V\342>\015\33588\236\2011\017\344,\3252K\364Q\375l"
ARM GAS  /tmp/cc20pczk.s 			page 127


 3758      0DDD3838 
 3758      9E81310F 
 3758      E42CD532 
 3758      4BF451FD 
 3759 02f2 004C8321 		.ascii	"\000L\203!PU\342i4kS\305s\237\326\010\370&\220\312\223"
 3759      5055E269 
 3759      346B53C5 
 3759      739FD608 
 3759      F82690CA 
 3760 0307 59824EDE 		.ascii	"Y\202N\3367a\004\273&\330Q_\335\",\026K\020\216\373"
 3760      376104BB 
 3760      26D8515F 
 3760      DD222C16 
 3760      4B108EFB 
 3761 031b B5D952D7 		.ascii	"\265\331R\327\004FQW`X\327G\271Wu\317@/|\210\236\010"
 3761      04465157 
 3761      6058D747 
 3761      B95775CF 
 3761      402F7C88 
 3762 0331 BB1B1EA2 		.ascii	"\273\033\036\2421\352\304\021\324\32795\243\202\361"
 3762      31EAC411 
 3762      D4D73935 
 3762      A382F1
 3763 0340 34326290 		.ascii	"42b\220th\327c\014\364n.\013W\000\034\2265\376\372\230"
 3763      7468D763 
 3763      0CF46E2E 
 3763      0B57001C 
 3763      9635FEFA 
 3764 0355 058E0019 		.ascii	"\005\216\000\031\242k\322\011\026\366\203L4h\2528\252"
 3764      A26BD209 
 3764      16F6834C 
 3764      3468AA38 
 3764      AA
 3765 0366 B6F22015 		.ascii	"\266\362 \025\341^\306\222E\265\205\006Y\354\276I\013"
 3765      E15EC692 
 3765      45B58506 
 3765      59ECBE49 
 3765      0B
 3766 0377 6EC07C9C 		.ascii	"n\300|\234\2610\217^?\321s\223\263\210@\307\200%\213"
 3766      B1308F5E 
 3766      3FD17393 
 3766      B38840C7 
 3766      80258B
 3767 038a 40FB6AEE 		.ascii	"@\373j\356n\304@\307e\240\007'-pB\226\244\337\306l\230"
 3767      6EC440C7 
 3767      65A00727 
 3767      2D704296 
 3767      A4DFC66C 
 3768 039f 9D4F6647 		.ascii	"\235OfG\336\313\275\205\312C\250|\336m\230\213\203%"
 3768      DECBBD85 
 3768      CA43A87C 
 3768      DE6D988B 
 3768      8325
 3769 03b1 6EAD7773 		.ascii	"n\255wsux\003 +\360\021\224\367xJ\373},\326\025\370"
 3769      75780320 
 3769      2BF01194 
 3769      F7784AFB 
ARM GAS  /tmp/cc20pczk.s 			page 128


 3769      7D2CD615 
 3770 03c6 D48B7B59 		.ascii	"\324\213{Y\306\222\231M\334\312V\246\234[\257\225\322"
 3770      C692994D 
 3770      DCCA56A6 
 3770      9C5BAF95 
 3770      D2
 3771 03d7 F85D9CD1 		.ascii	"\370]\234\321:\306BD\306>\237#\012\375\006t\016k\213"
 3771      3AC64244 
 3771      C63E9F23 
 3771      0AFD0674 
 3771      0E6B8B
 3772 03ea 46B6009C 		.ascii	"F\266\000\234\325\033-b\201n\021\266\356M\350\002\244"
 3772      D51B2D62 
 3772      816E11B6 
 3772      EE4DE802 
 3772      A4
 3773 03fb 148A23BA 		.ascii	"\024\212#\272\334\024\226\202r=\272\334\005\213\243"
 3773      DC149682 
 3773      723DBADC 
 3773      058BA3
 3774 040a 7AA13D77 		.ascii	"z\241=wPn\027\310\2538K\345i\256~\332G=\003\342\230"
 3774      506E17C8 
 3774      AB384BE5 
 3774      69AE7EDA 
 3774      473D03E2 
 3775 041f A508B687 		.ascii	"\245\010\266\207\222\255f\207M\342\336\217\341\306x"
 3775      92AD6687 
 3775      4DE2DE8F 
 3775      E1C678
 3776 042e FE827739 		.ascii	"\376\202w9N(\323\206\"\261\256=\257Ey\006\320)\363O"
 3776      4E28D386 
 3776      22B1AE3D 
 3776      AF457906 
 3776      D029F34F 
 3777 0442 4765FAE2 		.ascii	"Ge\372\342tL\342E\255C\260V\366\247\304\032a\314p\247"
 3777      744CE245 
 3777      AD43B056 
 3777      F6A7C41A 
 3777      61CC70A7 
 3778 0456 143E8039 		.ascii	"\024>\2009\330\010\022zY\207\266\364?\317X\274\333\027"
 3778      D808127A 
 3778      5987B6F4 
 3778      3FCF58BC 
 3778      DB17
 3779 0468 C79BE6A1 		.ascii	"\307\233\346\241\350G\221\312-:\012Y\3401o;\306\004"
 3779      E84791CA 
 3779      2D3A0A59 
 3779      E0316F3B 
 3779      C604
 3780 047a D99D51E2 		.ascii	"\331\235Q\342\216\340\032\022\015([z\200C\207h\250n"
 3780      8EE01A12 
 3780      0D285B7A 
 3780      80438768 
 3780      A86E
 3781 048c 11EFAFB7 		.ascii	"\021\357\257\267\367\363\037\025\033\235,\256\314P?"
 3781      F7F31F15 
 3781      1B9D2CAE 
ARM GAS  /tmp/cc20pczk.s 			page 129


 3781      CC503F
 3782 049b B0E536C4 		.ascii	"\260\3456\304\257\354\011\277296\367\372l\243%\244R"
 3782      AFEC09BF 
 3782      323936F7 
 3782      FA6CA325 
 3782      A452
 3783 04ad 4C082E82 		.ascii	"L\010.\202\3606\376w\370\312{\242\343p\310\345\320\245"
 3783      F036FE77 
 3783      F8CA7BA2 
 3783      E370C8E5 
 3783      D0A5
 3784 04bf E06FE4D3 		.ascii	"\340o\344\323\023]D\343\023\375\010\230\002W@\237hk"
 3784      135D44E3 
 3784      13FD0898 
 3784      0257409F 
 3784      686B
 3785 04d1 5971F711 		.ascii	"Yq\367\021&F\332$\206;F\272\271g\252,\332\024fx\232"
 3785      2646DA24 
 3785      863B46BA 
 3785      B967AA2C 
 3785      DA146678 
 3786 04e6 B03918A2 		.ascii	"\2609\030\242M\301x\331\330p-8D\177-\375\032,\241\273"
 3786      4DC178D9 
 3786      D8702D38 
 3786      447F2DFD 
 3786      1A2CA1BB 
 3787 04fa 834437EB 		.ascii	"\203D7\353\223w\005\327\322\006\264\305\345\2476\007"
 3787      937705D7 
 3787      D206B4C5 
 3787      E5A73607 
 3788 050a BFA03BC5 		.ascii	"\277\240;\305\017\255\034G\214\027\237\305\037p\037"
 3788      0FAD1C47 
 3788      8C179FC5 
 3788      1F701F
 3789 0519 6791E76A 		.ascii	"g\221\347j\036~_>\241EW\276\3511\353\312A\036\024\265"
 3789      1E7E5F3E 
 3789      A14557BE 
 3789      E931EBCA 
 3789      411E14B5 
 3790 052d 7233D39E 		.ascii	"r3\323\236\353\316s\332\275\356\034\373B\257{\231\323"
 3790      EBCE73DA 
 3790      BDEE1CFB 
 3790      42AF7B99 
 3790      D3
 3791 053e E1F7D9E7 		.ascii	"\341\367\331\347\344\272r\\\231\376\300\022\227{\344"
 3791      E4BA725C 
 3791      99FEC012 
 3791      977BE4
 3792 054d 3A6BC64C 		.ascii	":k\306L{\201\333\273\334\227\237\355pf\371\275\201\225"
 3792      7B81DBBB 
 3792      DC979FED 
 3792      7066F9BD 
 3792      8195
 3793 055f CBED998B 		.ascii	"\313\355\231\213\347\317\234\2215w\341\274w\262\226"
 3793      E7CF9C91 
 3793      3577E1BC 
 3793      77B296
ARM GAS  /tmp/cc20pczk.s 			page 130


 3794 056e BABC7905 		.ascii	"\272\274y\005\331^\247\235L\311\310\260\343\277\203"
 3794      D95EA79D 
 3794      4CC9C8B0 
 3794      E3BF83
 3795 057d BBBA7D3A 		.ascii	"\273\272}:\322\355\263{\375v\237\327\201\373y\376\317"
 3795      D2EDB37B 
 3795      FD769FD7 
 3795      81FB79FE 
 3795      CF
 3796 058e 321CC4E8 		.ascii	"2\034\304\350\010x\275\376\374\261\272\235\341X:}\351"
 3796      0878BDFE 
 3796      FCB1BA9D 
 3796      E1583A7D 
 3796      E9
 3797 059f 6B39AF4E 		.ascii	"k9\257N'4/\377\245\377\247p\255t\254\010,q\3524\271"
 3797      27342FFF 
 3797      A5FFA770 
 3797      AD74AC08 
 3797      2C71EA34 
 3798 05b4 847AF2A7 		.ascii	"\204z\362\247=\013z\205\313\347\367!\036\362\251??\343"
 3798      3D0B7A85 
 3798      CBE7F721 
 3798      1EF2A93F 
 3798      3FE3
 3799 05c6 593CFCB9 		.ascii	"Y<\374\271^g\366\022\356\363/9JT\274"
 3799      5E67F612 
 3799      EEF32F39 
 3799      4A54BC
 3800              		.text
 3801              		.section	.gnu.lto_chMtxUnlockAll.345.a207216e6170d70a,"e",%progbits
 3802 0000 789C7D51 		.ascii	"x\234}QML\023A\030\375\276i\273\264\361\"!$\304S\243"
 3802      4D4C1341 
 3802      18FDBE69 
 3802      BBB4F122 
 3802      2124C453 
 3803 0015 5112854E 		.ascii	"Q\022\205N\005\215W\225\030\303\241\011\241^<5tYd\305"
 3803      058D5795 
 3803      18C3A109 
 3803      A15E3C35 
 3803      745964C5 
 3804 0029 6570B7B5 		.ascii	"ep\267\2654\204t-\221\003b\010\034\324(\277\011&\336"
 3804      3484742D 
 3804      91036208 
 3804      1CD428BF 
 3804      0926DE
 3805 003c F4A22245 		.ascii	"\364\242\"E\\h\020=a8i%\202p0\221\204\030\221\237C\021"
 3805      5C68103D 
 3805      61386925 
 3805      82703091 
 3805      8418919F 
 3806 0052 67B655BC 		.ascii	"g\266U\274\340f\263\363}\357\275y\363\366\233B\002p"
 3806      E066B3F3 
 3806      7DEFBD79 
 3806      F3F69B42 
 3806      0270
 3807 0064 19018E00 		.ascii	"\031\001\216\000\000:\000\373z\273\010\230\246y\266"
 3807      003A00FB 
ARM GAS  /tmp/cc20pczk.s 			page 131


 3807      7ABB0898 
 3807      A679B6
 3808 0073 80E0CDDE 		.ascii	"\200\340\315\336.\017\276@\273CH\020L\340\210\203\362"
 3808      2E0FBE40 
 3808      BB434810 
 3808      4CE08883 
 3808      F2
 3809 0084 767B6675 		.ascii	"v{fux@\3524o\225|\003H@\3769`\327\350B^\264\277D\260"
 3809      7840EA34 
 3809      6F957C03 
 3809      4840FE39 
 3809      60D7E842 
 3810 009d 8BB671BB 		.ascii	"\213\266q\273\340\233\3066\357K0\206m9<\205\177\211"
 3810      E09BC636 
 3810      EF4B3086 
 3810      6D393C85 
 3810      7F89
 3811 00af FE9DF482 		.ascii	"\376\235\364\202\004\023\030\347\275T\204N\376-F\257"
 3811      041318E7 
 3811      BD54844E 
 3811      FE2D46AF 
 3812 00bf 0BDD8F85 		.ascii	"\013\335\217\205\242\334\342\347\275\277\375i\356P\277"
 3812      A2DCE2E7 
 3812      BDBFFD69 
 3812      EE50BF
 3813 00ce 69396316 		.ascii	"i9c\026\266\277\306I\204)$\316M\034*q\341\011!x\332"
 3813      B6BFC649 
 3813      842924CE 
 3813      4D1C2A71 
 3813      E1092178 
 3814 00e3 B7FBAC2C 		.ascii	"\267\373\254,\335a\2765\205$\221\227\360P\271#\266g"
 3814      DD61BE35 
 3814      85249197 
 3814      F050B923 
 3814      B667
 3815 00f5 1F4AD308 		.ascii	"\037J\323\010\257\260]\244L#O'\310'\363.\313\314\356"
 3815      AFB05DA4 
 3815      4C234F27 
 3815      C827F32E 
 3815      CBCCEE
 3816 0108 F698D6D7 		.ascii	"\366\230\326\327\342\251\361\356T6\325\215\022\300\240"
 3816      E2A9F1EE 
 3816      5436D58D 
 3816      12C0A0
 3817 0117 434CC074 		.ascii	"CL\300t\242i\001\0149H\256\351\340\315\0261\227?\256"
 3817      A269010C 
 3817      3948AEE9 
 3817      E0CD1631 
 3817      973FAE
 3818 012a 9488757D 		.ascii	"\224\210u}\243\347\363\203\273(~C\240\353\031\017\246"
 3818      A3E7F383 
 3818      BB287E43 
 3818      A0EB190F 
 3818      A6
 3819 013b EC72FDCB 		.ascii	"\354r\375\313\350\257\325\017E8\221#\206\326\204<9L"
 3819      E8AFD50F 
 3819      45389123 
ARM GAS  /tmp/cc20pczk.s 			page 132


 3819      86D6843C 
 3819      394C
 3820 014d 00A7508A 		.ascii	"\000\247P\212\241\337\326\214\334{\2768\2008\235\323"
 3820      A1DFD68C 
 3820      DC7BBE38 
 3820      80389DD3 
 3821 015d A4163D98 		.ascii	"\244\026=\230F\310\222\344a\021l\222\270\260t\216t\272"
 3821      46C892E4 
 3821      61116C92 
 3821      B8B0748E 
 3821      74BA
 3822 016f A32EF4F0 		.ascii	"\243.\364\360\230o\020\3702\2133b\036\245\363\2340\004"
 3822      986F10F8 
 3822      328B3362 
 3822      1EA5F39C 
 3822      3004
 3823 0181 FC0E45A0 		.ascii	"\374\016E\240\344\367\245\321\3015\267p\267\363\375"
 3823      E4F7A5D1 
 3823      C135B770 
 3823      B7F3FD
 3824 0190 D8E8F999 		.ascii	"\330\350\371\231y\204\3710\313[\031\204\035\322\341"
 3824      7984F930 
 3824      CB5B1984 
 3824      1DD2E1
 3825 019f 852E24D7 		.ascii	"\205.$\327\031\007\211\307V\215\335\311\254\270\371"
 3825      190789C7 
 3825      568DDDC9 
 3825      ACB8F9
 3826 01ae E5EE914D 		.ascii	"\345\356\221M\220\347\226\027\344=T\265\321]\222\\Z"
 3826      90E79617 
 3826      E43D54B5 
 3826      D15D925C 
 3826      5A
 3827 01bf 5C71DBD7 		.ascii	"\\q\333\327<\350\300\334@\222\226h\203\264\221i\012"
 3827      3CE8C0DC 
 3827      40929668 
 3827      83B49169 
 3827      0A
 3828 01d0 D55998D6 		.ascii	"\325Y\230\326\350\354\252\"G\014Z\325\250\206\325`$"
 3828      E8ECAA22 
 3828      470C5AD5 
 3828      A886D560 
 3828      24
 3829 01e1 5AAFB27F 		.ascii	"Z\257\262\177\353PE%\2151\275\311h\251\223\225PD\217"
 3829      EB504525 
 3829      8D31BDC9 
 3829      68A99395 
 3829      50448F
 3830 01f4 3637D1E0 		.ascii	"67\321\340\245@eE\350bM\365\371P\203\252k\261:]\241"
 3830      A5406545 
 3830      E8624DF5 
 3830      F95083AA 
 3830      6BB13A5D 
 3831 0209 70CCE7A3 		.ascii	"p\314\347\243\374\225\305Vf\344\225\314\240z\204\032"
 3831      FC95C556 
 3831      66E495CC 
 3831      A07A841A 
ARM GAS  /tmp/cc20pczk.s 			page 133


 3832 0219 BACC712D 		.ascii	"\272\314q-\322\352\223\341\370\3762\265Y\276\026\255"
 3832      D2EA93E1 
 3832      F8FE32B5 
 3832      59BE16AD 
 3833 0229 573867C4 		.ascii	"W8g\304\015_#\024\204\353\014\245FW/\354\263Ef\232\306"
 3833      0D5F2314 
 3833      84EB0CA5 
 3833      46572FEC 
 3833      B345669A 
 3834 023e 9AA9D21A 		.ascii	"\232\251\322\032\241\347j\003\264*\020\254\016\322*"
 3834      A1E76A03 
 3834      B42A10AC 
 3834      0ED22A
 3835 024d C6C354FF 		.ascii	"\306\303T\377q\322\014\325\010]\221e\356V\230O\340\223"
 3835      71D20CD5 
 3835      085D9165 
 3835      EE56984F 
 3835      E093
 3836 025f 1BFC0DA7 		.ascii	"\033\374\015\247\302'\375p\372\377\276-L\347c\341\316"
 3836      C227FD70 
 3836      FAFFBE2D 
 3836      4CE763E1 
 3836      CE
 3837 0270 37CE9407 		.ascii	"7\316\224\007\270J\346\316\334\347` X\353\025\311Zt"
 3837      B84AE6CE 
 3837      DCE76020 
 3837      58EB15C9 
 3837      5A74
 3838 0282 B5CC7BD4 		.ascii	"\265\314{\324\017D\207\002M\321\230\036\207\337\237"
 3838      0F448702 
 3838      4DD1981E 
 3838      87DF9F
 3839 0291 382FEA   		.ascii	"8/\352"
 3840              		.text
 3841              		.section	.gnu.lto_.symbol_nodes.a207216e6170d70a,"e",%progbits
 3842 0000 789C7552 		.ascii	"x\234uR;o\023A\020\336\231\361\343t\247\234\215\317"
 3842      3B6F1341 
 3842      10DE99F1 
 3842      E374A79C 
 3842      8DCF
 3843 0012 766C47C2 		.ascii	"vlG\302@x\277!\200\250\021\277\004:\232H\024P\244X\333"
 3843      4078BF21 
 3843      80A811BF 
 3843      043A9A48 
 3843      1450A458 
 3844 0027 BA542061 		.ascii	"\272T a*\224\326X\002\005\211&\025\251 :\204\"E(\341"
 3844      2A94D658 
 3844      02058926 
 3844      15A9203A 
 3844      84224528 
 3845 003c 9584F08A 		.ascii	"\225\204\360\2129\214\243P \321Q\0206\236\273\265 w"
 3845      398CA350 
 3845      20D15110 
 3845      369EBBB5 
 3845      2077
 3846 004e DBDCA7EF 		.ascii	"\333\334\247\357\373\346\233\331\235K'\205\020\270\002"
 3846      FBE69BD9 
ARM GAS  /tmp/cc20pczk.s 			page 134


 3846      9D4B2785 
 3846      10B802
 3847 005d 72EFF45A 		.ascii	"r\357\364Z\347\0024_\012!\205xR\253\327k\264\255<\005"
 3847      E702345F 
 3847      0A218578 
 3847      52ABD76B 
 3847      B4AD3C05 
 3848 0071 B96F4B1D 		.ascii	"\271oK\035\332!%\277\340\350\236\355\357:\356\252]\022"
 3848      DA2125BF 
 3848      E0E89EED 
 3848      EF3AEEAA 
 3848      5D12
 3849 0083 827011E5 		.ascii	"\202p\021\345\376\232:\211\320;[\253\303\266\343\003"
 3849      FE9A3A89 
 3849      D03B5BAB 
 3849      C3B6E303 
 3850 0093 3AEC5842 		.ascii	":\354XBy\340\237\264\320\361\021\363\354x\215\362`\244"
 3850      79E09FB4 
 3850      D0F111F3 
 3850      EC788DF2 
 3850      60A4
 3851 00a5 E32B16D8 		.ascii	"\343+\026\330\361\012\345\241\250.\370\026\345\341\310"
 3851      F10AE5A1 
 3851      A82EF816 
 3851      E5E1C8
 3852 00b4 F65D2C72 		.ascii	"\366],r\351\033\224G\"K\337\241<\332}6\273(\376/\375"
 3852      E91B9447 
 3852      224BDFA1 
 3852      3CDA7D36 
 3852      BB28FE2F 
 3853 00c9 8EC35CBA 		.ascii	"\216\303\\\272\214\362X\244c\003K\354XAy|#\302\201\253"
 3853      8CF258A4 
 3853      63034BEC 
 3853      5841797C 
 3853      23C281AB 
 3854 00dd 284F4475 		.ascii	"(ODu\2055\224'\267\202S\355\213B(__{\217\362T\234\366"
 3854      85359427 
 3854      B78253ED 
 3854      8B42285F 
 3854      5F7B8FF2 
 3855 00f4 19E5E938 		.ascii	"\031\345\3518\355\033\3123q\232\217\362l\234\326A9\026"
 3855      ED1BCA33 
 3855      719A8FF2 
 3855      6C9CD641 
 3855      3916
 3856 0106 A77D4279 		.ascii	"\247}By.N\353\241<\037\243\021\024y\223\227\011\012"
 3856      2E4EEBA1 
 3856      3C1FA311 
 3856      14799397 
 3856      090A
 3857 0118 8CBC9482 		.ascii	"\214\274\224\202\275\205\2511h\233\004\371[\217\357"
 3857      BD85A931 
 3857      689B04F9 
 3857      5B8FEF
 3858 0127 24C1B528 		.ascii	"$\301\265(Q\340\367\361\200\022y\226S\224\012k\200R"
 3858      51E0F7F1 
 3858      80127996 
ARM GAS  /tmp/cc20pczk.s 			page 135


 3858      53940A6B 
 3858      8052
 3859 0139 3B494BC1 		.ascii	";IK\301{3\335\005\002\337V\372\363\315\373\353\002\274"
 3859      7B33DD05 
 3859      02DF56FA 
 3859      F3CDFBEB 
 3859      02BC
 3860 014b 0C196536 		.ascii	"\014\031e6\370@F\340m\247\311\340\000\327$C\3147\233"
 3860      F84046E0 
 3860      6DA7C9E0 
 3860      00D72443 
 3860      CC379B
 3861 015e BF04B48A 		.ascii	"\277\004\264\212\0326\256\220Qb\350]S\354\322\324L\027"
 3861      1A36AE90 
 3861      5162E85D 
 3861      53ECD2D4 
 3861      4C17
 3862 0170 616E9C8C 		.ascii	"an\234\214a\206\336u\225\305\260}Ce\315\317m\216\202"
 3862      6186DE75 
 3862      95C5B07D 
 3862      4365CDCF 
 3862      6D8E82
 3863 0183 7B5393EE 		.ascii	"{S\223\356DH\372\023dV\370.\252\253i0\354(\010\014["
 3863      4448FA13 
 3863      6456F82E 
 3863      AAAB6930 
 3863      EC28080C 
 3864 0198 26596586 		.ascii	"&Ye\206jB\253\240\275\226\236p(\010\360\3224d1l(6\010"
 3864      6A42ABA0 
 3864      BD969E70 
 3864      2808F0D2 
 3864      3464316C 
 3865 01af E8986417 		.ascii	"\350\230d\027\370Gt\323d\347\377\374\2304\300W\250\302"
 3865      F84774D3 
 3865      64E7FFFC 
 3865      9834C057 
 3865      A8C2
 3866 01c1 643B33D0 		.ascii	"d;3\320\035\255;\003\262\242\311\212&\375\335!\351U"
 3866      1DAD3B03 
 3866      B2A2C98A 
 3866      26FDDD21 
 3866      E955
 3867 01d3 C92E07E4 		.ascii	"\311.\007\344U\005\233\223\313/\324\013\216\223]\372"
 3867      55059B93 
 3867      CB2FD40B 
 3867      8E935DFA 
 3868 01e3 F9FBE145 		.ascii	"\371\373\341E\360\036\000\331#}\350N+\010\275\276\267"
 3868      F01E00D9 
 3868      237DE84E 
 3868      2B08BDBE 
 3868      B7
 3869 01f4 F108281B 		.ascii	"\361\010(\033\324\271)\312\006\271\352\012Y\316U\353"
 3869      D4B929CA 
 3869      06B9EA0A 
 3869      59CE55EB 
 3870 0204 0EC9B61D 		.ascii	"\016\311\266\035\222nf@:\232,jR\315\232\325\263\352"
 3870      926E6640 
ARM GAS  /tmp/cc20pczk.s 			page 136


 3870      3A9A2C6A 
 3870      52CD9AD5 
 3870      B3EA
 3871 0216 F8AA823C 		.ascii	"\370\252\202<\226\332V\226\307\362[@\271\340]\325\377"
 3871      96DA5696 
 3871      C7F25B40 
 3871      B9E05DD5 
 3871      FF
 3872 0227 942BADDE 		.ascii	"\224+\255\336\356\334U\333\032\241\034\017\353W\311"
 3872      EEDC55DB 
 3872      1AA11C0F 
 3872      EB57C9
 3873 0236 192CC6C9 		.ascii	"\031,\306\311\351\3058z1\342/\005\357\302\326"
 3873      E9C5387A 
 3873      31E22F05 
 3873      EFC2D6
 3874              		.text
 3875              		.section	.gnu.lto_.refs.a207216e6170d70a,"e",%progbits
 3876 0000 789C1DCA 		.ascii	"x\234\035\3121\016\2030\020D\321\357\301\216\261\202"
 3876      310E8330 
 3876      1044D1EF 
 3876      C18EB182 
 3877 0010 828D2811 		.ascii	"\202\215(\021-\351\351\271\024\327N\2376\023\027o\264"
 3877      2DE9E9B9 
 3877      14D74E9F 
 3877      3613176F 
 3877      B4
 3878 0021 FADA1B88 		.ascii	"\372\332\033\210\001e\244\0214\241a%D\245\202\036\312"
 3878      0165A411 
 3878      34A16125 
 3878      44A5821E 
 3878      CA
 3879 0032 DEBC1347 		.ascii	"\336\274\023G\024Q\251\366\361W\371z\236\275M\225\364"
 3879      1451A9F6 
 3879      F157F97A 
 3879      9EBD4D95 
 3879      F4
 3880 0043 EAD73CDB 		.ascii	"\352\327<\333a\247]\244\332kk\266\331\333N\302\362\257"
 3880      61A75DA4 
 3880      DA6B6BB6 
 3880      D9DB4EC2 
 3880      F2AF
 3881 0055 FC003E48 		.ascii	"\374\000>H\005n"
 3881      056E
 3882              		.text
 3883              		.section	.gnu.lto_.decls.a207216e6170d70a,"e",%progbits
 3884 0000 789CA55A 		.ascii	"x\234\245Z\011TTYz~\357\276[\305cGl[\272g&\351If\242"
 3884      09545459 
 3884      7A7EEFBE 
 3884      5BC56347 
 3884      6C5BBA67 
 3885 0019 EDA4B5ED 		.ascii	"\355\244\265\355\236v&993\323\323\231\364\364Iw\322"
 3885      9E762639 
 3885      3933D3D3 
 3885      99F4F449 
 3885      77D2
 3886 002b D3CC2493 		.ascii	"\323\314$\223\223\245\202P*i\266\251*\264\315\234\234"
ARM GAS  /tmp/cc20pczk.s 			page 137


 3886      93A58250 
 3886      2A69B6A9 
 3886      2AB4CD9C 
 3886      9C
 3887 003c 79ECA520 		.ascii	"y\354\245 \026 \212\210\312\252\010\212%n@\271\024\213"
 3887      16208A88 
 3887      CAAA088A 
 3887      256E40B9 
 3887      148B
 3888 004e 82A2A028 		.ascii	"\202\242\240(*\213\033\012\262\250\200\242l*\371\357"
 3888      2A8B1B0A 
 3888      B2A880A2 
 3888      6C2AF9EF 
 3889 005e 522B768F 		.ascii	"R+v\2179\361\370\363\226\377\277\337\277\336\377\336"
 3889      39F1F8F3 
 3889      96FFBFDF 
 3889      BFDEFFDE 
 3890 006e FBC0B848 		.ascii	"\373\300\270H\020\352<\005\341\267\036\2020\003\377"
 3890      10EA3C05 
 3890      E1B71E82 
 3890      3003FF
 3891 007d 7C0541B8 		.ascii	"|\005A\270\004\264\014\250\011\250\021h\000\350\337"
 3891      04B40CA8 
 3891      09A81168 
 3891      00E8DF
 3892 008c 4541D000 		.ascii	"EA\320\000\315A\202\020\0104\027\350?\340\371\333p\375"
 3892      CD418210 
 3892      083417E8 
 3892      3FE0F9DB 
 3892      70FD
 3893 009e 13A03F05 		.ascii	"\023\240?\005z\013\350\273@\177\006\364\347@\3550\356"
 3893      7A0BE8BB 
 3893      407F06F4 
 3893      E740ED30 
 3893      EE
 3894 00af 5DB82E03 		.ascii	"]\270.\003\372\020\350S\240\177\002Z\001\364%P\014\320"
 3894      FA10E853 
 3894      A07F025A 
 3894      01F42550 
 3894      0CD0
 3895 00c1 6990F937 		.ascii	"i\220\3717\300\351\205\353\267\340\371;@\277\003\322"
 3895      C0E985EB 
 3895      B7E0F93B 
 3895      40BF03D2 
 3896 00d1 01CD075A 		.ascii	"\001\315\007Z\003\264\030h-\320\317\200\376\036\350"
 3896      03B41868 
 3896      2DD0CF80 
 3896      FE1EE8
 3897 00e0 3740BF07 		.ascii	"7@\277\007\322\002\375\017\320\177\001E\003\375\001"
 3897      D202FD0F 
 3897      D07F0145 
 3897      03FD01
 3898 00ef 280E2809 		.ascii	"(\016(\011\310\004\224\011\264\031(\027(\017h\007P>"
 3898      C8049409 
 3898      B4192817 
 3898      280F6807 
 3898      503E
ARM GAS  /tmp/cc20pczk.s 			page 138


 3899 0101 D0BF6341 		.ascii	"\320\277cA\370\013\201\341\356\002\332C\360Ef+\361i"
 3899      F80B81E1 
 3899      EE02DA43 
 3899      F045662B 
 3899      F169
 3900 0113 395CD5DC 		.ascii	"9\\\325\334\347\005p-\343X\357\000\225s[\210}\030\310"
 3900      E705702D 
 3900      E358EF00 
 3900      95735B88 
 3900      7D18C8
 3901 0126 07A81364 		.ascii	"\007\250\023dD\270^\205\353^\256{#\020B\016\337>\207"
 3901      44B85E85 
 3901      EB5EAE7B 
 3901      2310420E 
 3901      DF3E87
 3902 0139 6BBFC062 		.ascii	"k\277\300br\005h\037\267\263\002h\001P\"\220\031\350"
 3902      7205681F 
 3902      B7B30268 
 3902      01502290 
 3902      19E8
 3903 014b 30D030D8 		.ascii	"0\3200\330\347'0\337I\374\211\015$N\247\270M\316\230"
 3903      E72730DF 
 3903      49FC890D 
 3903      244EA7B8 
 3903      4DCE98
 3904 015e 44B7336E 		.ascii	"D\2673n\003P\034\214\177]`\361\"\371\251\3468$\0076"
 3904      03501C8C 
 3904      7F5D60F1 
 3904      22F9A9E6 
 3904      38240736 
 3905 0172 DF6C76D6 		.ascii	"\337lv\326 \207-\026\240\277\346\266|\213\347&\0101"
 3905      20872D16 
 3905      A0BFE6B6 
 3905      7C8BE726 
 3905      0831
 3906 0184 BD0D5CF7 		.ascii	"\275\015\\\367\033\360\274\005\360\337\020X.\010~-\257"
 3906      1BF0BC05 
 3906      F0DF1058 
 3906      2E087E2D 
 3906      AF
 3907 0195 814F9DF0 		.ascii	"\201O\235\360\033\271\374\313\364\324\001}\374\022="
 3907      1BB9FCCB 
 3907      F4D4017D 
 3907      FC123D
 3908 01a4 B6DC137D 		.ascii	"\266\334\023}$~D\3278\350\362\027X\276\277\315\363\325"
 3908      247E44D7 
 3908      38E8F217 
 3908      58BEBFCD 
 3908      F3D5
 3909 01b6 40FCE139 		.ascii	"@\374\3419\263\305\254\214\347\227\344\250\211\327\310"
 3909      B3C5AC8C 
 3909      E797E4A8 
 3909      89D7C8
 3910 01c5 4F79ED94 		.ascii	"Oy\355\224\003\306\337\010\354\035\301 v5\303\265\225"
 3910      03C6DF08 
 3910      EC1DC120 
 3910      7635C3B5 
ARM GAS  /tmp/cc20pczk.s 			page 139


 3910      95
 3911 01d6 C7E59F9C 		.ascii	"\307\345\237\234\354\376\266\300j\230\304\374e\271F"
 3911      ECFEB6C0 
 3911      6A98C4FC 
 3911      65B946
 3912 01e5 5C571ED7 		.ascii	"\\W\036\327\3652\377.\000\375\312\311\2777\3207\347"
 3912      F532FF2E 
 3912      00FDCAC9 
 3912      BF37D037 
 3912      E7
 3913 01f6 ECFBF0EE 		.ascii	"\354\373\360\356S\240y@\377\002\364\272\310j\337\026"
 3913      53A07940 
 3913      FF02F4BA 
 3913      C86ADF16 
 3914 0206 973E1E7F 		.ascii	"\227>\036\177\022\227\213|N\254\006j\343\265\275\025"
 3914      12978B7C 
 3914      4EAC066A 
 3914      E3B5BD15 
 3915 0216 E812AFF5 		.ascii	"\350\022\257\365l\240`\030\377&\\\247\301\357\000\201"
 3915      6CA06018 
 3915      FF265CA7 
 3915      C1EF0081 
 3916 0226 F9F63FFF 		.ascii	"\371\366?\377\207\370]Fln\205\361\3705\003\316\237p"
 3916      87F85D46 
 3916      6C6E85F1 
 3916      F83503CE 
 3916      9F70
 3917 0238 1CAD5B0C 		.ascii	"\034\255[\014W\360\270}\367k\346\306\253\304\253\035"
 3917      57F0B87D 
 3917      F76BE6C6 
 3917      ABC4AB1D 
 3918 0248 E85F5F12 		.ascii	"\350__\022/\233\037\355\240\377'\002\233\3476\335W\341"
 3918      2F9B1FED 
 3918      A0FF2702 
 3918      9BE736DD 
 3918      57E1
 3919 025a DAC1EBCE 		.ascii	"\332\301\353\316\335\247f\236\327.\304b\374\245S~\377"
 3919      DDA7669E 
 3919      D72EC462 
 3919      FCA5537E 
 3919      FF
 3920 026b 586E5F66 		.ascii	"Xn_f\337\313\346\250s\274l\266\316\347\266\023\037\336"
 3920      DFCBE6A8 
 3920      73BC6CB6 
 3920      CEE7B613 
 3920      1FDE
 3921 027d E43EBFAC 		.ascii	"\344>\277\254\266\177\373\222Z\260\315]\347\234\346"
 3921      B67FFB92 
 3921      5AB0CD5D 
 3921      E79CE6
 3922 028c F3F8DF04 		.ascii	"\363\370\337\004\377?\020X\217{\231\377\356\376\306"
 3922      FF3F1058 
 3922      8F7B99FF 
 3922      EEFEC6
 3923 029b FC1FFCFD 		.ascii	"\374\037\374\375c\271!\275\373\003\356\373\327\371\371"
 3923      63B921BD 
 3923      FB03EEFB 
ARM GAS  /tmp/cc20pczk.s 			page 140


 3923      D7F9F9
 3924 02aa FFF17106 		.ascii	"\377\361q\006|\203%\210\366n[M\331|\263\255-6\337\376"
 3924      7C832588 
 3924      F66E5B4D 
 3924      D97CB3AD 
 3924      2D36DFFE 
 3925 02be 982F36FB 		.ascii	"\230/6\373lv9\373\3662\033\211-\304\017g{\332\277\301"
 3925      6C7639FB 
 3925      F6321B89 
 3925      2DC40F67 
 3925      7BDABFC1 
 3926 02d2 76920F49 		.ascii	"v\222\017I\005\372\004\266\316\274\312\\\372\003\317"
 3926      05FA04B6 
 3926      CEBCCA5C 
 3926      FA03CF
 3927 02e1 A17AAE88 		.ascii	"\241z\256\210\325\363\304\267d$\310\036\302\007\012"
 3927      D5F3C4B7 
 3927      6424C81E 
 3927      C2070A
 3928 02f0 FD57385F 		.ascii	"\375W8_\250\201qd\271\365\221\177\011\276\364\214\355"
 3928      A8817164 
 3928      B9F5917F 
 3928      09BEF48C 
 3928      ED
 3929 0301 DB8D8218 		.ascii	"\333\215\202\030\323J9\307\304\343\242\205\334\311\277"
 3929      D34A39C7 
 3929      C4E3A285 
 3929      DCC9BF
 3930 0310 027ED6D9 		.ascii	"\002~\326\331uC^.\374\0236>F[\223\012\206\375\347X\025"
 3930      75435E2E 
 3930      FC13363E 
 3930      465B930A 
 3930      86FDE758 
 3931 0325 6544C9AF 		.ascii	"eD\311\257\303'\305*\361(0\210\030(\227A\271U\220\377"
 3931      C327C52A 
 3931      F1283088 
 3931      18289741 
 3931      B95590FF 
 3932 0339 4DC06AE3 		.ascii	"M\300j\343\266\243U\036A\213\026\001F\"\300`\241N\254"
 3932      B6A3551E 
 3932      418B1601 
 3932      4622C060 
 3932      A14EAC
 3933 034c 15415103 		.ascii	"\025AQ\003\000\235\026O\0210\000\231\310j|\332\363\347"
 3933      009D164F 
 3933      11300099 
 3933      C86A7CDA 
 3933      F3E7
 3934 035e 0529298A 		.ascii	"\005))\212)N\262\212\365\300f\200K\005\241J$\022\346"
 3934      294EB28A 
 3934      F5C06680 
 3934      4B05A14A 
 3934      2412E6
 3935 0371 F4841425 		.ascii	"\364\204\024% \321\307*V;3\337\007S.\214MO\251\202\\"
 3935      20D1C72A 
 3935      563B33DF 
 3935      07532E8C 
ARM GAS  /tmp/cc20pczk.s 			page 141


 3935      4D4FA982 
 3936 0386 159C7056 		.ascii	"\025\234pV\200Q\327\225\276K\036vk\033\371\370&\221"
 3936      8051D795 
 3936      BE4B1E76 
 3936      6B1BF9F8 
 3936      2691
 3937 0398 F076AEAF 		.ascii	"\360v\256\257JU\331yM\234w\206y\342\003\236\334\022"
 3937      4A55D979 
 3937      4D9C7786 
 3937      79E2039E 
 3937      DC12
 3938 03aa E41E5190 		.ascii	"\344\036Q\220\007D\020\336v\374\276\342\341\022\223"
 3938      074410DE 
 3938      76FCBEE2 
 3938      E11293
 3939 03b9 F3620B8F 		.ascii	"\363b\013\217\3314\021\350+;}_t\021h\265\011`t\270\366"
 3939      D93411E8 
 3939      2B3B7D5F 
 3939      741168B5 
 3939      096074B8 
 3940 03ce C45147D0 		.ascii	"\304QG\320.pU\027\201dX\202\324\013E\262)\362\207\253"
 3940      2E705517 
 3940      81645882 
 3940      D40B45B2 
 3940      29F287AB 
 3941 03e2 206F4220 		.ascii	" oB ?Y\263\345\274\332\237\312[\023=\005*\336..\264"
 3941      3F59B3E5 
 3941      BCDA9FCA 
 3941      5B133D05 
 3941      2ADE2E2E 
 3942 03f7 8897C54B 		.ascii	"\210\227\305K\"\226\037>9s\331k\321\242\240ED\242\252"
 3942      22961F3E 
 3942      3973D96B 
 3942      D1A2A045 
 3942      44A2AA
 3943 040a 28DD0F82 		.ascii	"(\335\017\202wEl\023;80\304\001\002D\230\025\365\224"
 3943      77456C13 
 3943      3B3830C4 
 3943      01024498 
 3943      15F594
 3944 041d 791182D7 		.ascii	"y\021\202\327\341\034<{\320\232\305\263\"\270\322\001"
 3944      E11C3C7B 
 3944      D09AC5B3 
 3944      22B8D201 
 3945 042d 965E133B 		.ascii	"\226^\023;\305\253</\346\375,\352\027!%\035.)\301hs"
 3945      C5AB3C2F 
 3945      E6FD2CEA 
 3945      1721251D 
 3945      2E29C168 
 3946 0442 61DC2114 		.ascii	"a\334!\024\344\212\320\352\212 \303\204\220\013\201"
 3946      E48AD0EA 
 3946      8A20C384 
 3946      900B81
 3947 0451 76136F1A 		.ascii	"v\023o\032\212'\006%\227\320\334\020o\362\330\355'\002"
 3947      8A270625 
 3947      97D0DC10 
 3947      6FF2D8ED 
ARM GAS  /tmp/cc20pczk.s 			page 142


 3947      2702
 3948 0463 7BCC6359 		.ascii	"{\314cY\256\301\275e\023\300h\367\272\255\023\242=v"
 3948      AEC1BD65 
 3948      13C068F7 
 3948      BAAD13A2 
 3948      3D76
 3949 0475 B7B9313D 		.ascii	"\267\2711=$\2058\247\244i\237\377\242 b\360d\225\242"
 3949      248538A7 
 3949      A4699FFF 
 3949      A22062F0 
 3949      6495A2
 3950 0488 78FAF480 		.ascii	"x\372\364\200\243w\335\034\035\241f\322w7\200i\021\357"
 3950      A377DD1C 
 3950      1DA166D2 
 3950      77378069 
 3950      11EF
 3951 049a 30E0BE2B 		.ascii	"0\340\276+\203\376A\256\374[N|\271\355nE\262\364\306"
 3951      83FE41AE 
 3951      FC5B4E7C 
 3951      B9ED6E45 
 3951      B2F4C6
 3952 04ad 22A712A6 		.ascii	"\"\247\022\246\256\012} \322/\336\023\007\210\030\360"
 3952      AE0A7D20 
 3952      D22FDE13 
 3952      078818F0 
 3953 04bd 261E655D 		.ascii	"&\036e]+\011\214\203L\3714\212\335b\237H\013\321\256"
 3953      2B098C83 
 3953      4CF9348A 
 3953      DD629F48 
 3953      0BD1AE
 3954 04d0 DE7C2E89 		.ascii	"\336|.\211\206\262W\274\016<W\323\314\335%\012\341u"
 3954      86B257BC 
 3954      0E3C57D3 
 3954      CCDD250A 
 3954      E175
 3955 04e2 89E780C7 		.ascii	"\211\347\200\307\340yqO\365_[e\367\3326n\220\025g\023"
 3955      E079714F 
 3955      F55F5B65 
 3955      F7DA366E 
 3955      90156713 
 3956 04f6 F901F3AC 		.ascii	"\371\001\363\254\037\"<\0124I\202x\367\361\3361\177"
 3956      1F223C0A 
 3956      34498278 
 3956      F7F1DE31 
 3956      7F
 3957 0507 97200E8B 		.ascii	"\227 \016\213#\266 ^\236\312\030V\333\341F8\334(\203"
 3957      23B6205E 
 3957      9ECA1856 
 3957      DBE14638 
 3957      DC2883
 3958 051a FBB11C2F 		.ascii	"\373\261\034/\011r\252\004ru/&\266z\272\025\336\230"
 3958      0972AA04 
 3958      72752F26 
 3958      B67ABA15 
 3958      DE98
 3959 052c ADF040F4 		.ascii	"\255\360@\364]y\013\210\346Kd\330B\271\024\356\313\200"
 3959      5D790B88 
ARM GAS  /tmp/cc20pczk.s 			page 143


 3959      E64B64D8 
 3959      42B914EE 
 3959      CB80
 3960 053e 0E005501 		.ascii	"\016\000U\001\235$\020\015\275\227L*\027;^\21036;\366"
 3960      9D24100D 
 3960      BD974C2A 
 3960      173B5E88 
 3960      33363BF6 
 3961 0552 6F2C1EF3 		.ascii	"o,\036\363\265\3331\303\355P\240u\311\347\000\324\203"
 3961      B5DB31C3 
 3961      ED50A075 
 3961      C9E700D4 
 3961      83
 3962 0563 4E040FB8 		.ascii	"N\004\017\270\222\321_\311\227\011\340\203\301\251\013"
 3962      92D15FC9 
 3962      9709E083 
 3962      C1A90B
 3963 0572 6A7FC5C5 		.ascii	"j\177\305\305\246D\344a\021\023P<\222;A\357-\"\226\230"
 3963      A644E461 
 3963      1113503C 
 3963      923B41EF 
 3963      2D229698 
 3964 0586 B2F58C6B 		.ascii	"\262\365\214kWKAF\304\252l\220\012<\331\371\324\325"
 3964      574B4146 
 3964      C4AA6C90 
 3964      0A3CD9F9 
 3964      D4D5
 3965 0598 B0753601 		.ascii	"\260u6\001\214\032\007v\015x\333\015[\217\230a\251\304"
 3965      8C1A0776 
 3965      0D78DB0D 
 3965      5B8F9861 
 3965      A9C4
 3966 05aa B0C764B0 		.ascii	"\260\307d\260\251q\353\220\312\235\237\206R\351\342"
 3966      A971EB90 
 3966      CA9D9F86 
 3966      52E9E2
 3967 05b9 F0B43C6D 		.ascii	"\360\264<m\276\235\267\201\217M'c\223\261 o\000\332"
 3967      BE9DB781 
 3967      8F4D2763 
 3967      93B1206F 
 3967      00DA
 3968 05cb 8C051C68 		.ascii	"\214\005\034h4*\201PN\213HM\221\2422\357YG+#\011\305"
 3968      342A8150 
 3968      4E8B484D 
 3968      91A232EF 
 3968      59472B23 
 3969 05e1 A1CDC8A9 		.ascii	"\241\315\310\2512\010\324\2063\231d\346\016\300\036"
 3969      3208D486 
 3969      339964E6 
 3969      0EC01E
 3970 05f0 D58547E2 		.ascii	"\325\205G\342\360b7\345%!\323,\236y8\205cf\314\036\347"
 3970      F06237E5 
 3970      2521D32C 
 3970      9E793885 
 3970      6366CC1E 
 3971 0605 2874D8C5 		.ascii	"(t\330\305Y\304l\264\011e\241\\\224\211r\320\026D\326"
 3971      59C46CB4 
ARM GAS  /tmp/cc20pczk.s 			page 144


 3971      0965A15C 
 3971      948972D0 
 3971      1644D6
 3972 0618 25AAB999 		.ascii	"%\252\271\231i\036\025\237\211\356V\231k\230\305\012"
 3972      691E159F 
 3972      89EE5699 
 3972      6B98C50A 
 3973 0628 7A3E8B37 		.ascii	"z>\2137\322\265\207\216{\"N\317\346\3451\314t\224\354"
 3973      D2B5878E 
 3973      7B224ECF 
 3973      E6E531CC 
 3973      7494EC
 3974 063b 6A1574D9 		.ascii	"j\025t\331\000y;\026\324\337\201\032\201\037\3205 R"
 3974      00793B16 
 3974      D4DF811A 
 3974      811FD035 
 3974      2052
 3975 064d A8BA7BAA 		.ascii	"\250\272{\252Z\"e\330\257\324\305I\302\007\357\011;"
 3975      5A2265D8 
 3975      AFD4C549 
 3975      C207EF09 
 3975      3B
 3976 065e D1772CE2 		.ascii	"\321w,\342\016\264\035\311e\020N3\021\332\370x\373\260"
 3976      0EB41DC9 
 3976      65104E33 
 3976      11DAF878 
 3976      FBB0
 3977 0670 BF8B50A1 		.ascii	"\277\213P\241]\250\012\204N\020\241\254\333\245w\\\221"
 3977      5DA80A84 
 3977      4E10A1AC 
 3977      DBA5775C 
 3977      91
 3978 0681 4A6C4250 		.ascii	"JlBP\302o\311\215\240\373m\361\017@\202|\236\014\270"
 3978      C26FC98D 
 3978      A0FB6DF1 
 3978      0F40827C 
 3978      9E0CB8
 3979 0694 74BC7D3B 		.ascii	"t\274};\"\003\306\024k\216I\315V\225r\364\266E,C{\020"
 3979      2203C614 
 3979      6B8E49CD 
 3979      569572F4 
 3979      B6452C43 
 3980 06aa 460FEFA7 		.ascii	"F\017\357\247mq\264\362\275\334\031\262\221\221\257"
 3980      6D71B4F2 
 3980      BDDC19B2 
 3980      9191AF
 3981 06b9 61322D82 		.ascii	"a2-\202d\330I\311w\001K]\332_\334\213\277+\212\376@"
 3981      64D849C9 
 3981      77014B5D 
 3981      DA5FDC8B 
 3981      BF2B8AFE 
 3982 06ce F18AF2EC 		.ascii	"\361\212\362\354O\017\"gK\016\240\203H8\204*\021\\a"
 3982      4F0F2267 
 3982      4B0EA083 
 3982      4838842A 
 3982      115C61
 3983 06e1 DE24751E 		.ascii	"\336$u\036\244S\257\337\352\316\207\200\224\344%z\331"
ARM GAS  /tmp/cc20pczk.s 			page 145


 3983      A453AFDF 
 3983      EACE8780 
 3983      94E4257A 
 3983      D9
 3984 06f2 B51EE65A 		.ascii	"\265\036\346Z\217\020\255\003\240m\230X\276\367HZ1v"
 3984      8F10AD03 
 3984      A06D9858 
 3984      BEF7485A 
 3984      3176
 3985 0704 A9EF2A54 		.ascii	"\251\357*T\315'\300\013\"\220_oiq\355\30356\001\214"
 3985      CD27C00B 
 3985      22905F6F 
 3985      6971EDC3 
 3985      3536018C 
 3986 0718 4EF63DBA 		.ascii	"N\366=\272\356h\263\026\256\341\030\333T\004\310i*A"
 3986      EE68B316 
 3986      AEE118DB 
 3986      5404C869 
 3986      2A41
 3987 072a CE02DA02 		.ascii	"\316\002\332\002\224\253\002\371u\303Co\272`\325\242"
 3987      94AB02F9 
 3987      75C3436F 
 3987      BA60D5A2 
 3988 073a 3A1B56E6 		.ascii	":\033V\346\256A\013\262c\325q\254zb\355.\030\213O\264"
 3988      AE410BB2 
 3988      63D571AC 
 3988      7A62ED2E 
 3988      188B4FB4 
 3989 074e 17CEA35D 		.ascii	"\027\316\243]{\342\312\2202\371v}\202\322\004k?\262"
 3989      7BE2CA90 
 3989      32F9767D 
 3989      82D2046B 
 3989      3FB2
 3990 0760 A2D35F5F 		.ascii	"\242\323__\261\015\300\264\210\247H\221\312\003*b\324"
 3990      B10DC0B4 
 3990      88A74891 
 3990      CA032A62 
 3990      D4
 3991 0771 39523DB7 		.ascii	"9R=\267\260\374\000 \277\3278\2629\331w\021\373\027"
 3991      B0FC0020 
 3991      BFD738B2 
 3991      39D97711 
 3991      FB17
 3992 0783 B4C8FE8F 		.ascii	"\264\310\376\217\265\347\301=\201y\244=\367\212\023"
 3992      B5E7C13D 
 3992      8179A43D 
 3992      F78A13
 3993 0792 621B57F1 		.ascii	"b\033W\361T\264\315\230\001\326\237O\243\223\310\306"
 3993      54B4CD98 
 3993      01D69F4F 
 3993      A393C8C6 
 3994 07a2 24FD9B6F 		.ascii	"$\375\233o?\312\033\223\225\2008\237]\250\030\270\220"
 3994      3FCA1B93 
 3994      9580389F 
 3994      5DA818B8 
 3994      90
 3995 07b3 1461D2BE 		.ascii	"\024a\322\276\270nm\244E\275\017U\330\007\302z\307-"
ARM GAS  /tmp/cc20pczk.s 			page 146


 3995      B86E6DA4 
 3995      45BD0F55 
 3995      D807C27A 
 3995      C72D
 3996 07c5 7F58F205 		.ascii	"\177X\362\005\360\032\305\023\300c\013"
 3996      F01AC513 
 3996      C0630B
 3997 07d0 C271649B 		.ascii	"\302qd\233E/\330,z\">\266\233\363\210i$#\257\227\250"
 3997      452FD82C 
 3997      7A223EB6 
 3997      9BF38869 
 3997      2423AF97 
 3998 07e5 201C7D62 		.ascii	" \034}b#\214tZ\022\354\253\320\031\004G\317\024`Z\304"
 3998      238C745A 
 3998      12ECABD0 
 3998      190447CF 
 3998      14605AC4 
 3999 07f9 8BE81C6A 		.ascii	"\213\350\034jEW\3215\324\202\272\321y\324\205\256\240"
 3999      4557D135 
 3999      D482BAD1 
 3999      79D485AE 
 3999      A0
 4000 080a 4ED48C2E 		.ascii	"N\324\214.\241\013\3502\352@\344\314C1'\3660k\306E\233"
 4000      A10BE832 
 4000      EA40E4CC 
 4000      433127F6 
 4000      306BC645 
 4001 081f 354FED2E 		.ascii	"5O\355.\216lh\346\023\376\241\335\234\3736'\315\245"
 4001      8E6C68E6 
 4001      13FEA1DD 
 4001      9CFB3627 
 4001      CDA5
 4002 0831 A9D4D601 		.ascii	"\251\324\326\001\341\254\335\311!{\004\216\355\316\364"
 4002      E1ACDDC9 
 4002      217B048E 
 4002      EDCEF4
 4003 0840 352B523E 		.ascii	"5+R>\312s\012\3166Dy\323\247(\3521t\324>p\277=\002F"
 4003      CA730ACE 
 4003      364479D3 
 4003      A728EA31 
 4003      74D43E70 
 4004 0858 D6A58E20 		.ascii	"\326\245\216 \263\013\223\033\264\265<\223mi\036\270"
 4004      B30B931B 
 4004      B4B53C93 
 4004      6D691EB8 
 4005 0868 18C4E263 		.ascii	"\030\304\342c\276\316\242\267\031M\331\271\223\216|"
 4005      BECEA2B7 
 4005      194DD9B9 
 4005      938E7C
 4006 0877 ED67F92A 		.ascii	"\355g\371*B\005N&}@aw\330\362U\352\222/\272\251\031"
 4006      42054E26 
 4006      7D406177 
 4006      D8F255EA 
 4006      922FBAA9 
 4007 088c 2B7EDAE2 		.ascii	"+~\332\342\264\227\2441^\367\3521\206\235\346pF\233"
 4007      B497A431 
 4007      5EF7EA31 
ARM GAS  /tmp/cc20pczk.s 			page 147


 4007      869DE670 
 4007      469B
 4008 089e 63FE5CE7 		.ascii	"c\376\\\347\3707\310\224\200\255f\307\370\005\307\362"
 4008      F837C894 
 4008      80AD66C7 
 4008      F805C7F2 
 4009 08ae DBC597BD 		.ascii	"\333\305\227\275\233t\361h\213\253\035p4\224\233|\340"
 4009      9B74F168 
 4009      8BAB1D70 
 4009      34949B7C 
 4009      E0
 4010 08bf 2D36F14C 		.ascii	"-6\361Ld\3215\006\220m\265\"\312\217i\335+\344Q\201"
 4010      64D13506 
 4010      906DB522 
 4010      CA8F69DD 
 4010      2BE45181 
 4011 08d3 47454DF4 		.ascii	"GEM\364&\035Hw\335w\012\375|\322'\022\376Pu\346\210"
 4011      261D4877 
 4011      DD770AFD 
 4011      7CD22712 
 4011      FE5075E6 
 4012 08e8 8F0B7F00 		.ascii	"\217\013\177\000\365\333&\352\013\345p\223l\327=h\313"
 4012      F5DB26EA 
 4012      0BE57093 
 4012      6CD73D68 
 4012      CB
 4013 08f9 2FD38DE4 		.ascii	"/\323\215\344L\265\240^\000K\262\004?a\352\023\270\007"
 4013      4CB5A05E 
 4013      004BB204 
 4013      3F61EA13 
 4013      B807
 4014 090b D993DB68 		.ascii	"\331\223\333h?\275\257X\343U\220\353\373H\030A\013,"
 4014      3FBDAF58 
 4014      E35590EB 
 4014      FB481841 
 4014      0B2C
 4015 091d E2307A88 		.ascii	"\3420z\210\344|5l\010\324d\360\014\310\236\315Pj=\354"
 4015      E47C356C 
 4015      08D464F0 
 4015      0CC89ECD 
 4015      506A3DEC 
 4016 0931 0BF75C06 		.ascii	"\013\367\\\006\376\004\011K\307\220|\000$\217\020\300"
 4016      FE04094B 
 4016      C7907C00 
 4016      248F10C0 
 4017 0941 4DB5D377 		.ascii	"M\265\323w\334w\034\343\210\3578d+\021\251\030\352\271"
 4017      DC771CE3 
 4017      88EF3864 
 4017      2B11A918 
 4017      EAB9
 4018 0953 E5E52632 		.ascii	"\345\345&2\211\034\233\022\011\342\021$\237\001Q\365"
 4018      891C9B12 
 4018      09E21124 
 4018      9F0151F5 
 4019 0963 C0E1E902 		.ascii	"\300\341\351\002\344\324qa7\361\323\031\304\206&\360"
 4019      E4D47161 
 4019      37F1D319 
ARM GAS  /tmp/cc20pczk.s 			page 148


 4019      C48626F0 
 4020 0973 A1C20C12 		.ascii	"\241\302\014\022\024\351\005B3\010\006\222\301*\254"
 4020      14E90542 
 4020      33080692 
 4020      C12AAC
 4021 0982 3E3E5658 		.ascii	">>VX\355\3534PL\224h\253.\015\"\235XH\224\204$)AB\211"
 4021      EDEB3450 
 4021      4C9468AB 
 4021      2E0D229D 
 4021      58489484 
 4022 099b 927C91E8 		.ascii	"\222|\221\350\261\024'u\3719\304\377\306\310\244s\230"
 4022      B1142775 
 4022      F939C4FF 
 4022      C6C8A473 
 4022      98
 4023 09ac B45112D6 		.ascii	"\264Q\022\326I)\0222\022pH\324\025p\266\013\350&\031"
 4023      49291232 
 4023      127048D4 
 4023      1570B60B 
 4023      E82619
 4024 09bf 7AFCEEE1 		.ascii	"z\374\356\341\014\274\210\265\277\315\343#\327\177\314"
 4024      0CBC88B5 
 4024      BFCDE323 
 4024      D77FCC
 4025 09ce DADF8090 		.ascii	"\332\337\200\220&\231$\367\303\317P\022\237}\033\234"
 4025      269924F7 
 4025      C3CF5012 
 4025      9F7D1B9C 
 4026 09de 994ECD80 		.ascii	"\231N\315\200Mf\223d\0217J\351\022\311\272\311C\220"
 4026      4D669364 
 4026      11374AE9 
 4026      12C9BAC9 
 4026      4390
 4027 09f0 B33DA0CB 		.ascii	"\263=\240\313f\305eV\241\240En\013\177\026\210n\222"
 4027      66C56556 
 4027      A1A0456E 
 4027      0B7F1688 
 4027      6E92
 4028 0a02 F82EBF33 		.ascii	"\370.\2773\211O\303L)\313\031^\316#\000\227\316\266"
 4028      894FC34C 
 4028      29CB195E 
 4028      CE230097 
 4028      CEB6
 4029 0a14 B44A6C77 		.ascii	"\264Jlw}&\311>_\267H_\333\243\205-\000\276\231Z\221"
 4029      7D26C93E 
 4029      5FB7485F 
 4029      DBA3852D 
 4029      00BE995A 
 4030 0a29 0F561403 		.ascii	"\017V\024\003\225\002\220z\3275\363u?v\\1\357eH\251"
 4030      9502907A 
 4030      D735F375 
 4030      3F765C31 
 4030      EF6548A9 
 4031 0a3d 2857CAFB 		.ascii	"(W\312\373\006\217\362\000i\233\264]\342\375\253\252"
 4031      068FF200 
 4031      699BB45D 
 4031      E2FDABAA 
ARM GAS  /tmp/cc20pczk.s 			page 149


 4032 0a4d 6423DBF1 		.ascii	"d#\333\361lu\036\005A\222\313AI\005Q\222\227\232\363"
 4032      6C751E05 
 4032      4192CB41 
 4032      49055192 
 4032      979AF3
 4033 0a60 8FFC48B4 		.ascii	"\217\374H\264\361\024\225NE;\245\202o\320Q\000:\362"
 4033      F114954E 
 4033      453BA582 
 4033      6FD05100 
 4033      3AF2
 4034 0a72 A5425B30 		.ascii	"\245B[0\266\331b\275\021\025\270\350\300>\3037\257n"
 4034      B6D962BD 
 4034      1115B8E8 
 4034      C03EC337 
 4034      AF6E
 4035 0a84 C26CE346 		.ascii	"\302l\343F\254\351\352\375\035d,K\312\220J\334\340\315"
 4035      ACE9EAFD 
 4035      1D642C4B 
 4035      CA904ADC 
 4035      E0CD
 4036 0a96 136C436F 		.ascii	"\023lCo\222R\201\347z\020pV]\002\252K\245\335\322.\251"
 4036      925281E7 
 4036      7A107056 
 4036      5D02AA4B 
 4036      A5DDD22E 
 4037 0aab 482AE64E 		.ascii	"H*\346N\232\3172\003\266H\331\263q\253\031n\236\224"
 4037      9ACF3203 
 4037      B648D9B3 
 4037      71AB196E 
 4037      9E94
 4038 0abd 330BD79C 		.ascii	"3\013\327\234\307x\005\322\016W\036\366\313\271^U-\363"
 4038      C77805D2 
 4038      0E571EF6 
 4038      CBB95E55 
 4038      2DF3
 4039 0acf F59004E6 		.ascii	"\365\220\004\346~Q\372\006E\254\013J\224\212Q\231\024"
 4039      7E51FA06 
 4039      45AC0B4A 
 4039      948A5199 
 4039      14
 4040 0ae0 2F41AD2E 		.ascii	"/A\255.\235B\345\022\3547\354\006\256\227\310BU\006"
 4040      9D42E512 
 4040      EC37EC06 
 4040      AE97C842 
 4040      5506
 4041 0af2 06EE93F6 		.ascii	"\006\356\223\366H{\245\375R\205-\013S%1\005>]\204\351"
 4041      487BA5FD 
 4041      52852D0B 
 4041      53253105 
 4041      3E5D84E9 
 4042 0b06 B6BD9B2A 		.ascii	"\266\275\233*JO'\2703\3509\340>C\323\210\003\323\306"
 4042      4A4F27B8 
 4042      33E839E0 
 4042      3E43D388 
 4042      03D3C6
 4043 0b19 6BEEAF4F 		.ascii	"k\356\257O\266\376\334\307(%Ke\240\312\246\224U\317"
 4043      B6FEDCC7 
ARM GAS  /tmp/cc20pczk.s 			page 150


 4043      28254B65 
 4043      A0CAA694 
 4043      55CF
 4044 0b2b 245DED4A 		.ascii	"$]\355J\244)\261\214\333\3568\275\276`G\333\011\364"
 4044      A429B18C 
 4044      DBEE38BD 
 4044      BE6047DB 
 4044      09F4
 4045 0b3d 1495B966 		.ascii	"\024\225\271f\004\2758;\265\325'\310\325\350\0014\313"
 4045      04BD383B 
 4045      B5D527C8 
 4045      D5E80134 
 4045      CB
 4046 0b4e 6A8C266E 		.ascii	"j\214&nU[=\3473\301|d\226\372P/\030\007'\226'\244\373"
 4046      555B3DE7 
 4046      33C17C64 
 4046      96FA502F 
 4046      18072796 
 4047 0b65 7A3D4EBC 		.ascii	"z=N\274\336\254\012Z\344|\312\273\203z\200U\011P\207"
 4047      DEAC0A5A 
 4047      E47CCABB 
 4047      837A8055 
 4047      095087
 4048 0b78 A423D241 		.ascii	"\244#\322A\3510/\220\221\274Fj\316\020\272\207*\335"
 4048      E9302F90 
 4048      91BC466A 
 4048      CE10BA87 
 4048      2ADD
 4049 0b8a 67EA48DA 		.ascii	"g\352H\332\356\026\337\013\2124\212\036\001\223\266"
 4049      EE16DF0B 
 4049      8A348A1E 
 4049      0193B6
 4050 0b99 4547824A 		.ascii	"EG\202Jw\323\004\035\220\036\003\217\031`w\322\234s"
 4050      77D3041D 
 4050      901E038F 
 4050      196077D2 
 4050      9C73
 4051 0bab 0F16AC78 		.ascii	"\017\026\254x\237Q\364\300y ,\242r%\2245\352?w\355\216"
 4051      9F51F4C0 
 4051      79202CA2 
 4051      72259435 
 4051      EA3F77ED 
 4052 0bc0 7790AB71 		.ascii	"w\220\253qG%7\353\310\"!\312\2650\025N\001\235'\343"
 4052      472537EB 
 4052      C82221CA 
 4052      B530154E 
 4052      019D27E3 
 4053 0bd4 F6F776C5 		.ascii	"\366\367v\305\272\035\232\216I\266C\323%\"\221y1\275"
 4053      BA1D9A8E 
 4053      49B643D3 
 4053      25229179 
 4053      31BD
 4054 0be6 C87BCEAD 		.ascii	"\310{\316\255\227\355)\257\003\312\003\220\221\367]"
 4054      97ED29AF 
 4054      03CA0390 
 4054      91F75D
 4055 0bf5 AF3CE719 		.ascii	"\257<\347\0314\353\014l\225\352\300\200SR\275\324\300"
ARM GAS  /tmp/cc20pczk.s 			page 151


 4055      34EB0C6C 
 4055      95EAC080 
 4055      5352BDD4 
 4055      C0
 4056 0c06 6BA3AA7B 		.ascii	"k\243\252{\306\374>\335d\035\227,\300u\016\017\011\301"
 4056      C6FC3EDD 
 4056      641D972C 
 4056      C0750E0F 
 4056      09C1
 4057 0c18 4EF63DE1 		.ascii	"N\366=\341\270Tkg\262\020\334\006\375\351\011Y$\260"
 4057      B8546B67 
 4057      B210DC06 
 4057      FDE90959 
 4057      24B0
 4058 0c2a 27A513CE 		.ascii	"'\245\023\316#\241\015\025\311`\347\231\343\331\003"
 4058      23A10D15 
 4058      C960E799 
 4058      E3D903
 4059 0c39 5E6EDF1B 		.ascii	"^n\337\033N\273\032 W\312\202|\034\250\201\014\270\266"
 4059      4EBB1A20 
 4059      57CA827C 
 4059      1CA8810C 
 4059      B8B6
 4060 0c4b F9529EEB 		.ascii	"\371R\236\353\222xVj\226\330\232\330I\004\032\016U\274"
 4060      9278566A 
 4060      96D89AD8 
 4060      49041A0E 
 4060      55BC
 4061 0c5d 41F956CE 		.ascii	"A\371V\316?g\343ctq\323u\305\261\034\237\347\346\264"
 4061      3F67E363 
 4061      7471D375 
 4061      C5B11C9F 
 4061      E7E6B4
 4062 0c70 80167918 		.ascii	"\200\026y\030\024\214\001=\003\212\363\004\331\334\013"
 4062      148C013D 
 4062      038AF304 
 4062      D9DC0B
 4063 0c7f 1BA6DDD7 		.ascii	"\033\246\335\327\2566\311\366\231\006\267\225?\036\365"
 4063      AE36C9F6 
 4063      9906B795 
 4063      3F1EF5
 4064 0c8e 726FC017 		.ascii	"ro\300\027\244\313\240\252\235\327\324DMY\334\301\357"
 4064      A4CBA0AA 
 4064      9DD7D444 
 4064      4D59DCC1 
 4064      EF
 4065 0c9f 35D015E0 		.ascii	"5\320\025\340\222t\021x\316\356W\023%\225\207g\272\334"
 4065      92741178 
 4065      CEEE5713 
 4065      25958767 
 4065      BADC
 4066 0cb1 BF535C71 		.ascii	"\277S\\q\200\310VOA\335%\360/Hp#\310Md\330\360\341u"
 4066      80C8564F 
 4066      41DD25F0 
 4066      2F487023 
 4066      C84D64D8 
 4067 0cc8 3D929B6D 		.ascii	"=\222\233m]R\227`\021;\245\016In\363\204X\200\034\236"
ARM GAS  /tmp/cc20pczk.s 			page 152


 4067      5D529760 
 4067      113BA50E 
 4067      496EF384 
 4067      58801C9E 
 4068 0cdc AC1BDFC2 		.ascii	"\254\033\337\302\214t\352O7\244\233\200\177\313\226"
 4068      8C74EA4F 
 4068      37A49B80 
 4068      7FCB96
 4069 0ceb DB475969 		.ascii	"\333GYi\337'\026\222\317\0337\235;\214\334GTY\253\023"
 4069      DF271692 
 4069      CF1B379D 
 4069      3B8CDC47 
 4069      5459AB13 
 4070 0cff D8B73127 		.ascii	"\330\2671'\204\333\016\004\262y\021\345QP8\001\024\347"
 4070      84DB0E04 
 4070      B27911E5 
 4070      51503801 
 4070      14E7
 4071 0d11 25C8295E 		.ascii	"%\310)^0\352t\333\231G\256Y\272'\365\363,e\023\201\203"
 4071      30EA74DB 
 4071      9947AE59 
 4071      BA27F5F3 
 4071      2C651381 
 4072 0d26 83471BD5 		.ascii	"\203G\033\325\256;\027\233\000F\331{\3232}\034;\027"
 4072      AE3B179B 
 4072      0046D97B 
 4072      D3327D1C 
 4072      3B17
 4073 0d38 1EB62192 		.ascii	"\036\266!\222\246\022\320PN\0002\236'\267\371\272\205"
 4073      A612D050 
 4073      4E00329E 
 4073      27B7F9BA 
 4073      85
 4074 0d49 E0813D3D 		.ascii	"\340\201==\362\256\226\007Ex\021_\211;S[\213\374h\375"
 4074      F2AE9607 
 4074      4578115F 
 4074      893B535B 
 4074      8BFC68FD 
 4075 0d5d 3E94EE4B 		.ascii	">\224\356K\217\\J\224 \264\260\017iCR\275\370h\326*"
 4075      8F5C4A94 
 4075      20B4B00F 
 4075      694352BD 
 4075      F868D62A 
 4076 0d71 7D9E15F7 		.ascii	"}\236\025\367\220T\355\314t\377\312v\017`-\342\2504"
 4076      9054EDCC 
 4076      74FFCA76 
 4076      0F602DE2 
 4076      A834
 4077 0d83 220DB3D6 		.ascii	"\"\015\263\326t\363\376]\263\237[a\017\270\012\311\325"
 4077      74F3FE5D 
 4077      B39F5B61 
 4077      0FB80AC9 
 4077      D5
 4078 0d94 E0CC05A0 		.ascii	"\340\314\005\240N\342\320\316\272\211>\265\377-\327"
 4078      4EE2D0CE 
 4078      BA893EB5 
 4078      FF2DD7
ARM GAS  /tmp/cc20pczk.s 			page 153


 4079 0da3 B3E953C9 		.ascii	"\263\351S\311v6\225M\331\361\207$r\376Q\330W\251\"\366"
 4079      7636954D 
 4079      D9F18724 
 4079      72FE51D8 
 4079      57A922F6 
 4080 0db7 55EAB1D4 		.ascii	"U\352\261\324'MING\011\272\263`6O\240^\340\271\234z"
 4080      274D494E 
 4080      4709BAB3 
 4080      60364FA0 
 4080      5EE0B99C 
 4081 0dcc B84141C2 		.ascii	"\270AA\302\035\011\366\344c\300\266\210\023\322\244"
 4081      1D09F6E4 
 4081      63C0B688 
 4081      13D2A4
 4082 0ddb 344D0CBA 		.ascii	"4M\014\272M>\265\025\301\320\034\2538.=\001\246\363"
 4082      4D3EB515 
 4082      C1D01CAB 
 4082      382E3D01 
 4082      A6F3
 4083 0ded E146BE43 		.ascii	"\341F\276C\314\354;x\350\367A\256(\317\\Q\344Ipi\006"
 4083      CCEC3B78 
 4083      E8F741AE 
 4083      28CF5C51 
 4083      E4497069 
 4084 0e02 688337AC 		.ascii	"h\2037\254\334\251\331#\247=\235?\025\323n>#\305a\213"
 4084      DCA9D923 
 4084      A73D9D3F 
 4084      15D36E3E 
 4084      23C5618B 
 4085 0e16 188F1330 		.ascii	"\030\217\0230_\036[\312\355\337\312\342\260\2537#\235"
 4085      5F1E5BCA 
 4085      EDDFCAE2 
 4085      B0AB3723 
 4085      9D
 4086 0e27 EC08938A 		.ascii	"\354\010\223\212\024\034\207]\274\221\263A\005j~v\344"
 4086      141C875D 
 4086      BC91B341 
 4086      056A7E76 
 4086      E4
 4087 0e38 98E8B65C 		.ascii	"\230\350\266\\$b'\005\320A\363\347\220\335\332z\021"
 4087      24622705 
 4087      D041F3E7 
 4087      90DDDA7A 
 4087      11
 4088 0e49 BFD67D2D 		.ascii	"\277\326}-\343\241\207\343 I\346\336\364>r\200\252\222"
 4088      E3A187E3 
 4088      2049E6DE 
 4088      F43E7280 
 4088      AA92
 4089 0e5b EEA254CC 		.ascii	"\356\242T\314\026\210\333\310\336\334\006\367Q\313\256"
 4089      1688DBC8 
 4089      DEDC06F7 
 4089      51CBAE
 4090 0e6a A3262915 		.ascii	"\243&)\025\323\243\203\323y\316\274\237p!\\\317\245"
 4090      D3A383D3 
 4090      79CEBC9F 
 4090      70215CCF 
ARM GAS  /tmp/cc20pczk.s 			page 154


 4090      A5
 4091 0e7b BBC0A6E1 		.ascii	"\273\300\246\341\340\341\262\307(\005'\303\314\006h"
 4091      E0E1B2C7 
 4091      280527C3 
 4091      CC0668
 4092 0e8a 8BB801AF 		.ascii	"\213\270\001\257\307\033\261\011\247\3434\274\016g`"
 4092      C71BB109 
 4092      A7E334BC 
 4092      0E6760
 4093 0e99 23E6ABCF 		.ascii	"#\346\253\317\215\363\324\305\026\351\014\2408\016\215"
 4093      8DF3D4C5 
 4093      16E90CA0 
 4093      380E8D
 4094 0ea8 6C152DA7 		.ascii	"l\025-\247\346%\341\027\300c\013\270}\361\351\330@\023"
 4094      E625E117 
 4094      C0630BB8 
 4094      7DF1E9D8 
 4094      4013
 4095 0eba 7D556AB5 		.ascii	"}Uj\265\217{\3520\356\0043\275G\272\016\\\226J\373\001"
 4095      8F7BEA30 
 4095      EE0433BD 
 4095      47BA0E5C 
 4095      964AFB01 
 4096 0ece D7DCCC86 		.ascii	"\327\334\314\206vK\327\\\2062\334\207ld\243T\003L\226"
 4096      764BD75C 
 4096      8632DC87 
 4096      6C64A354 
 4096      034C96
 4097 0ee1 8E6A897D 		.ascii	"\216j\211}\273lIo\375;\373\334\264\215\314\304\244\346"
 4097      BB6C496F 
 4097      FD3BFBDC 
 4097      B48DCCC4 
 4097      A4E6
 4098 0ef3 3372D24C 		.ascii	"3r\322L\236v\336\015\276\350dQ\336\346\361\214\305v"
 4098      9E76DE0D 
 4098      BEE86451 
 4098      DEE6F18C 
 4098      C576
 4099 0f05 D642C6D9 		.ascii	"\326B\306\331\004\034\271\220\244\260\366Po\205\237"
 4099      041CB990 
 4099      A4B0F650 
 4099      6F859F
 4100 0f14 4B3BC8C6 		.ascii	"K;\310\306\366\357\233/\322\332\013\034\337\3717s\225"
 4100      F6EF9B2F 
 4100      D2DA0B1C 
 4100      DFF93773 
 4100      95
 4101 0f25 E457C858 		.ascii	"\344W\310X\256=3\223\340\353\262\206\321\010\015\213"
 4101      AE3D3393 
 4101      E0EBB286 
 4101      D1080D8B 
 4102 0f35 3910EEAD 		.ascii	"9\020\356\2558\027o\343\0256q\310R\260\337\317\376!"
 4102      38176FE3 
 4102      153671C8 
 4102      52B0DFCF 
 4102      FE21
 4103 0f47 37073B75 		.ascii	"7\007;u:\002\375l,\006\232`*\034hs\260[\1770\277\240"
ARM GAS  /tmp/cc20pczk.s 			page 155


 4103      3A02FD6C 
 4103      2C069A60 
 4103      2A1C6873 
 4103      B05B7F30 
 4104 0f5d 9F9FB7E0 		.ascii	"\237\237\267\340j1\307\265\3760\352,8\326\347\347V{"
 4104      6A31C7B5 
 4104      FE30EA2C 
 4104      38D6E7E7 
 4104      567B
 4105 0f6f D9D84539 		.ascii	"\331\330E9F'\263\357\277i\267?\217Cl\247a9r\266x\003"
 4105      4627B3EF 
 4105      BF69B73F 
 4105      8F436CA7 
 4105      613972B6 
 4106 0f85 FD6C9368 		.ascii	"\375l\223h\375\272_sTNU'8\242\272\203\017\337I\207\237"
 4106      FDBA5F73 
 4106      544E5527 
 4106      38A2BA83 
 4106      0FDF4987 
 4107 0f9a 1B8C6F71 		.ascii	"\033\214oq\360\276"
 4107      F0BE
 4108 0fa0 C358F994 		.ascii	"\303X\371\224uy\262(\017;\242\306\223Q@y/Nd\037w|q\262"
 4108      7579B228 
 4108      0F3BA2C6 
 4108      93514079 
 4108      2F4E641F 
 4109 0fb8 39554879 		.ascii	"9UHyW\257\233o8\276\357\024r^\021\345\015\235\330P\340"
 4109      57AF9B6F 
 4109      38BEEF14 
 4109      725E11E5 
 4109      0D9DD850 
 4110 0fcd 38EA6EE7 		.ascii	"8\352n\347\274bL\247\2307FGS6\217z\272\037\012waai\011"
 4110      BC624CA7 
 4110      98374647 
 4110      53368F7A 
 4110      BA1F0A77 
 4111 0fe5 C6E8CE54 		.ascii	"\306\350\316Ta\247\007\337\254\375\347A\376\365c7&|"
 4111      61A707DF 
 4111      ACFDE741 
 4111      FEF56337 
 4111      267C
 4112 0ff7 803E71F4 		.ascii	"\200>q\364b\007\262q\017"
 4112      6207B271 
 4112      0F
 4113 1000 BB736BBA 		.ascii	"\273sk\2723G=\026\264{\243R,\367\220\202\351h\331]\215"
 4113      33473D16 
 4113      B47BA352 
 4113      2CF79082 
 4113      E968D95D 
 4114 1015 46C99764 		.ascii	"F\311\227d\243b\215k\220M\205\375\212YQb\224\323\375"
 4114      A3628D6B 
 4114      904D85FD 
 4114      8A595162 
 4114      94D3FD
 4115 1028 39B9C9FD 		.ascii	"9\271\311\375\3069\031\361\244\216\215\312\2339\360"
 4115      C63919F1 
 4115      A48E8DCA 
ARM GAS  /tmp/cc20pczk.s 			page 156


 4115      9B39F0
 4116 1037 3A37F796 		.ascii	":7\367\226\011\345K\004[Q\022|\224Cp\211_\245$$\223"
 4116      09E54B04 
 4116      5B51127C 
 4116      94437089 
 4116      5FA52424 
 4117 104c E7B4A0FC 		.ascii	"\347\264\240\374\004Vy\027D\305\232\254\230\255\352"
 4117      04567917 
 4117      44C59AAC 
 4117      98ADEA
 4118 105b C27A2539 		.ascii	"\302z%9G\37147\267\277\211~\254\316\274\225\227\342"
 4118      47F93437 
 4118      B7BF897E 
 4118      ACCEBC95 
 4118      97E2
 4119 106d 9F9FD06D 		.ascii	"\237\237\320m\314\257W\336\310\007\224\034\310W\206"
 4119      CCAF57DE 
 4119      C807941C 
 4119      C85786
 4120 107c 180743E2 		.ascii	"\030\007C\342\254J\206U4\345\347mHOl\350\177.f\346["
 4120      AC4A8655 
 4120      34E5E76D 
 4120      484F6CE8 
 4120      7F2E66E6 
 4121 1091 95B87CAB 		.ascii	"\225\270|\253Q\214+\264\032\343@v~F|\203\242\324%\312"
 4121      518C2BB4 
 4121      1AE34076 
 4121      7E467C83 
 4121      A2D425CA 
 4122 10a5 714A8331 		.ascii	"qJ\2031#\277\3018\307T\330\240d\0246\030\003\362\211"
 4122      23BFC138 
 4122      C754D8A0 
 4122      64143618 
 4122      03F289
 4123 10b8 0836C55B 		.ascii	"\0106\305[\025S~\242l\212\357&\325o\014 \303\201/\233"
 4123      15537EA2 
 4123      6C8AEF26 
 4123      D56F0C20 
 4123      C3812F9B 
 4124 10cc 6000D9C6 		.ascii	"`\000\331\306\3141\201\341q\205\212iN\\ab\\\034\214"
 4124      CC3181E1 
 4124      71858A69 
 4124      4E5C6162 
 4124      5C1C8C
 4125 10df 9C036C65 		.ascii	"\234\003leK\241b\014\310(L\004Y\254\200\242\377\244"
 4125      4BA1620C 
 4125      C8284C04 
 4125      59AC80A2 
 4125      FFA4
 4126 10f1 DF070002 		.ascii	"\337\007\000\002N\300\312\317 f\246\306.\365#b\177\361"
 4126      4EC0CACF 
 4126      2066A6C6 
 4126      2EF52362 
 4126      7FF1
 4127 1103 4CE58CB7 		.ascii	"L\345\214\2678\317\3643A|7@N\366!\277\225\231\350\256"
 4127      38CFF433 
 4127      417C3740 
ARM GAS  /tmp/cc20pczk.s 			page 157


 4127      4EF621BF 
 4127      9599E8AE 
 4128 1117 97BEAD90 		.ascii	"\227\276\255\220\243\276\362\332 ;\352\013\025X\030"
 4128      A3BEF2DA 
 4128      203BEA0B 
 4128      155818
 4129 1126 058885A6 		.ascii	"\005\210\205\246\034e\342r\317\305\216\245u\011J)\310"
 4129      1C65E272 
 4129      CFC58EA5 
 4129      75094A29 
 4129      C8
 4130 1137 FCB202EF 		.ascii	"\374\262\002\357\303t2\012\373\260\260\027\227\343e"
 4130      C374320A 
 4130      FBB0B017 
 4130      97E365
 4131 1146 B7E6CBC7 		.ascii	"\267\346\313\307}\204\037l2A\357z\220\250\210M\012."
 4131      7D841F6C 
 4131      3241EF7A 
 4131      90A8884D 
 4131      0A2E
 4132 1158 C566BC9F 		.ascii	"\305f\274\2377\2132,\226\342e\017\346CI$]\274\355\343"
 4132      378B322C 
 4132      96E2650F 
 4132      E6434924 
 4132      5DBCEDE3 
 4133 116c 5E129550 		.ascii	"^\022\225P\022g\311\351\336\027\272r?\230SU\364\330"
 4133      1267C9E9 
 4133      DE17BA72 
 4133      3F985355 
 4133      F4D8
 4134 117e A472D4C6 		.ascii	"\244r\324\306!|\020\322~\030\023A\262\346\244\354|*"
 4134      217C10D2 
 4134      7E181341 
 4134      B2E6A4EC 
 4134      7C2A
 4135 1190 3A6AC38D 		.ascii	":j\303\215{\351\320\261\017\3545y\204\327\344QV\223"
 4135      7BE9D0B1 
 4135      0FEC3579 
 4135      84D7E451 
 4135      5693
 4136 11a2 FEB08FBB 		.ascii	"\376\260\217\273|)\302]\1775\350\257\202\222<QV\362"
 4136      7C29C25D 
 4136      7F35E8AF 
 4136      82923C51 
 4136      56F2
 4137 11b4 CCDBA196 		.ascii	"\314\333\241\2265\327\032L\370\000\234<}\255\336\303"
 4137      35D71A4C 
 4137      F8009C3C 
 4137      7DADDEC3 
 4138 11c4 A1D68DDB 		.ascii	"\241\326\215\333\233~\263DZp\332\007Y\260|\325G\220"
 4138      9B7EB344 
 4138      5A70DA07 
 4138      59B07CD5 
 4138      4790
 4139 11d6 7B4858D7 		.ascii	"{HX\327\307\247\036\367\366\024Hw\032%Mo\250\341$v\217"
 4139      C7A71EF7 
 4139      F6144877 
ARM GAS  /tmp/cc20pczk.s 			page 158


 4139      1A254D6F 
 4139      A8E12476 
 4140 11eb 324CF393 		.ascii	"2L\363\223\254%>-\272\247Z\230C\202}/\303\022\004\033"
 4140      AC253E2D 
 4140      BAA75A98 
 4140      43827D2F 
 4140      C312041B 
 4141 11ff 1452B3D8 		.ascii	"\024R\263\330\212O\360`\237\340\301\276\362:\015t\327"
 4141      8A4FF060 
 4141      9FE0C1BE 
 4141      F23A0D74 
 4141      D7
 4142 1210 1D16680B 		.ascii	"\035\026h\013\004\272\226\257\004\307\261h\301\313\206"
 4142      04BA96AF 
 4142      04C7B168 
 4142      C1CB86
 4143 121f 5E075F03 		.ascii	"^\007_\0031\352\331k\351\224\335\235m\000g\3531\010"
 4143      31EAD96B 
 4143      E994DD9D 
 4143      6D0067EB 
 4143      3108
 4144 1231 CC8560E7 		.ascii	"\314\205`\347\2100\213\317\237m\365qx}\032\237\002s"
 4144      88308BCF 
 4144      9F6DF571 
 4144      787D1A9F 
 4144      0273
 4145 1243 1A311124 		.ascii	"\0321\021$\375=\371\364O\034N\2731on/M\362^\260\325"
 4145      FD3DF9F4 
 4145      4F1C4EBB 
 4145      316F6E2F 
 4145      4DF25EB0 
 4146 1258 1735C1F1 		.ascii	"\0275\301\361\301W\220\253|\341\345\361s}#\324\217\221"
 4146      C15790AB 
 4146      7CE1E5F1 
 4146      737D23D4 
 4146      8F91
 4147 126a D453BF23 		.ascii	"\324S\277#\365\3623+n\346.4s\027\012\231\013\033z\231"
 4147      F5F2332B 
 4147      6EE62E34 
 4147      73170A99 
 4147      0B1B7A99 
 4148 127e 0B4DE0C2 		.ascii	"\013M\340\3029\314\300\317b\261\011/;J\\\360\302(\277"
 4148      39CCC0CF 
 4148      62B1092F 
 4148      3B4A5CF0 
 4148      C228BF
 4149 1291 ABFE2E76 		.ascii	"\253\376.vw\241\025\\h!\277\374\276F\016}\005mf\247"
 4149      77A1155C 
 4149      6821BFFC 
 4149      BE460E7D 
 4149      056D66A7 
 4150 12a5 5AB9804B 		.ascii	"Z\271\200K\000\344\"&Bd\333\276~O\215\277\303~7n\342"
 4150      00E42226 
 4150      4264DBBE 
 4150      7E4F8DBF 
 4150      C37E376E 
 4151 12ba B38D4FC4 		.ascii	"\263\215O\304\005\315\276\250\015\222\006\366\367\020"
ARM GAS  /tmp/cc20pczk.s 			page 159


 4151      05CDBEA8 
 4151      0D9206F6 
 4151      F710
 4152 12c8 FB0F978E 		.ascii	"\373\017\227\216\\\361\241\366w\332\355o\347\366\267"
 4152      5CF1A1F6 
 4152      77DAED6F 
 4152      E7F6B7
 4153 12d7 73FB4FCE 		.ascii	"s\373O\316c\265\316\355o\003\373\257`\006~\031\213m"
 4153      63B5CEED 
 4153      6F03FBAF 
 4153      60067E19 
 4153      8B6D
 4154 12e9 3021E661 		.ascii	"0!\346aT}\267`B\355n\3735\260\375 \011\277\037\330?"
 4154      547DB760 
 4154      42ED6EFB 
 4154      35B0FD20 
 4154      09BF1FD8 
 4155 12fe 427EB591 		.ascii	"B~\265\221v/\331\327a\177'\356\000\220.L\004\201k\254"
 4155      762FD9D7 
 4155      617F27EE 
 4155      00902E4C 
 4155      04816BAC 
 4156 1312 CB19F173 		.ascii	"\313\031\361s\330\357\306\2751VrQ\275\340\201/\352\306"
 4156      D8EFC6BD 
 4156      31567251 
 4156      BDE0812F 
 4156      EAC6
 4157 1324 F233B03F 		.ascii	"\3623\260?\305\317\275\350\344lx\245>{\262l\227\370"
 4157      C5CFBDE8 
 4157      E46C78A5 
 4157      3E7BB26C 
 4157      97F8
 4158 1336 5D51F463 		.ascii	"]Q\364c\237\260\360\035l%\237\260\022}\310'\254\333"
 4158      9FB0F01D 
 4158      6C259FB0 
 4158      127DC827 
 4158      ACDB
 4159 1348 F028DCC5 		.ascii	"\360(\334\305=\320\222a\016\\\337\226\374\302\336\011"
 4159      3DD09261 
 4159      0E5CDF96 
 4159      FCC2DE09 
 4160 1358 EE6056A3 		.ascii	"\356`V\243\275X\270E\025\316X\252\347\320\320L\237a"
 4160      BD58B845 
 4160      15CE58AA 
 4160      E7D0D04C 
 4160      9F61
 4161 136a A1E9C537 		.ascii	"\241\351\3057yhn\362\320\264\275FC33\300B\323\015\241"
 4161      79686EF2 
 4161      D0B4BD46 
 4161      433333C0 
 4161      42D30DA1 
 4162 137e E9C3CCEE 		.ascii	"\351\303\314\356\033X\354\306\313&_\203\030_]\237\343"
 4162      1B58ECC6 
 4162      CB265F83 
 4162      185F5D9F 
 4162      E3
 4163 138f B3609B1F 		.ascii	"\263`\233\037i\340\245~\202|\220\030~\376\350\314NV"
ARM GAS  /tmp/cc20pczk.s 			page 160


 4163      69E0A57E 
 4163      827C9018 
 4163      7EFEE8CC 
 4163      4E56
 4164 13a1 38E79B6D 		.ascii	"8\347\233m\201\037\344\350\203\034}`.E\357\030r4\231"
 4164      811FE4E8 
 4164      831C7D60 
 4164      2E45EF18 
 4164      723499
 4165 13b4 21DE6406 		.ascii	"!\336d\006\260x\017/\333\012\350\317[\2076\372-8\351"
 4165      B0780F2F 
 4165      DB0AE8CF 
 4165      5B8736FA 
 4165      2D38E9
 4166 13c7 878E60F9 		.ascii	"\207\216`\371<\240_#\350\247n\324\337US\364g\347m\350"
 4166      3CA05F23 
 4166      E8A76ED4 
 4166      DF5553F4 
 4166      67E76DE8 
 4167 13db C31C7D98 		.ascii	"\303\034}\230\243+\014}\3350C?\002\350#\230\365\227"
 4167      A32B0C7D 
 4167      DD30433F 
 4167      02E82398 
 4167      F597
 4168 13ed 8758BC8F 		.ascii	"\207X\274\217\227\231\347b\224\262\355\344~\366!\325"
 4168      9799E762 
 4168      94B2EDE4 
 4168      7EF621D5 
 4169 13fd 3AEBEF0C 		.ascii	":\353\357\014\212\212\006\357a\307~\230\356\365j\276"
 4169      8A8A06EF 
 4169      61C77E98 
 4169      EEF56ABE 
 4170 140d 7EAF27F7 		.ascii	"~\257'\367\022\313\016\246WwJ$aV\221t\211qs{\261\314"
 4170      12CB0EA6 
 4170      57774A24 
 4170      61569174 
 4170      8971737B 
 4171 1423 1E9F4042 		.ascii	"\036\237@BRR\266\354\367to\032\343Xx\212yk\036\031\037"
 4171      5252B6EC 
 4171      F7746F1A 
 4171      E358788A 
 4171      796B1E19 
 4172 1438 ED7AD7D6 		.ascii	"\355z\327\326\232\307\361\030\367i\214\373T9_.\366'"
 4172      9AC7F118 
 4172      F7698CFB 
 4172      54395F2E 
 4172      F627
 4173 144a A95B37DD 		.ascii	"\251[7\335!\376 G!\275<\343\300_e*\371F\3511\236\004"
 4173      21FE2047 
 4173      21BD3CE3 
 4173      C05F652A 
 4173      F946E931 
 4174 1460 696AA530 		.ascii	"ij\2450\211\205eg\347\310\245D\366~w\235\321\207\267"
 4174      89856567 
 4174      E7C8A544 
 4174      F67E779D 
 4174      D187B7
ARM GAS  /tmp/cc20pczk.s 			page 161


 4175 1473 A282AB4E 		.ascii	"\242\202\253N\255h\232\203Os\360\264\327\345J2`\337"
 4175      AD689A83 
 4175      4F73F0B4 
 4175      D7E54A32 
 4175      60DF
 4176 1485 F3D69D34 		.ascii	"\363\326\2354\270\346&\362\305\236J\367\342\347\\\372"
 4176      B8E626F2 
 4176      C59E4AF7 
 4176      E2E75CFA 
 4177 1495 3997CE99 		.ascii	"9\227\316\231'\237$\322[\216\236{\354I\245\267\036\210"
 4177      279F24D2 
 4177      5B8E9E7B 
 4177      EC49A5B7 
 4177      1E88
 4178 14a7 A1A9A8C0 		.ascii	"\241\251\250\3003\\v\206\313\236\013\224[\211lnrA\227"
 4178      335C7686 
 4178      CB9E0B94 
 4178      5B896C6E 
 4178      724197
 4179 14ba 07951DB4 		.ascii	"\007\225\035\264\313\306\251\230l\234\212\311\326\007"
 4179      CBC6A998 
 4179      6C9C8AC9 
 4179      D607
 4180 14c8 CA3788EC 		.ascii	"\3127\210\354X\225\245\310\223D\356\010\"\201\254\276"
 4180      5895A5C8 
 4180      9344EE08 
 4180      2281ACBE 
 4181 14d8 D363F277 		.ascii	"\323c\362w\217\\\222JHT\321\255\326\310\363vi!\211\207"
 4181      8F5C924A 
 4181      4854D1AD 
 4181      D6C8F376 
 4181      69218987 
 4182 14ec 796674F2 		.ascii	"yft\362\255\332\204\374\205I\252\004\216\234\000\"\302"
 4182      ADDA84FC 
 4182      8549AA04 
 4182      8E9C0022 
 4182      C2
 4183 14fd B2CA4039 		.ascii	"\262\312@9;@\220w\005\200\370\243\033\335\245>\200m"
 4183      3B409077 
 4183      0580F8A3 
 4183      1BDDA53E 
 4183      806D
 4184 150f 048EBC97 		.ascii	"\004\216\274\227\27494\224\265M\005o\326\253\204u*\371"
 4184      BC393494 
 4184      B54D056F 
 4184      D6AB8475 
 4184      2AF9
 4185 1521 007955D7 		.ascii	"\000yU\327\325{\317\003^\245\251\204T\025F9\312\340"
 4185      D57BCF03 
 4185      5EA5A984 
 4185      54154639 
 4185      CAE0
 4186 1533 633A133D 		.ascii	"c:\023=\210977\232Oc\372\224\016\274\333\303\233G=l"
 4186      88393737 
 4186      9A4F63FA 
 4186      940EBCDB 
 4186      C39B473D 
ARM GAS  /tmp/cc20pczk.s 			page 162


 4187 1548 C67930DB 		.ascii	"\306y0\333L*a#\263\255\345r\261ja\236Q1\246X?\207\335"
 4187      4C2A6123 
 4187      B3ADE572 
 4187      B16A619E 
 4187      5131A658 
 4188 155f 88059954 		.ascii	"\210\005\231T)\324\264\015*!\205\330\006\247E\242p\177"
 4188      29D4B40D 
 4188      2A2185D8 
 4188      06A745A2 
 4188      707F
 4189 1571 53E10AE2 		.ascii	"S\341\012\342CU\367\214\362\257yJ\035\252\300\231\334"
 4189      4355F78C 
 4189      F2AF794A 
 4189      1DAAC099 
 4189      DC
 4190 1582 854CEA42 		.ascii	"\205L\352Bq\240|\216\010Z\207N\265Q\345\273hh\356v\345"
 4190      71A07C8E 
 4190      085A874E 
 4190      B551E5BB 
 4190      6868EE76 
 4191 1597 9965F7D0 		.ascii	"\231e\367\320lV\011\331T}S\316\340\247\024ud<\356\237"
 4191      6C5609D9 
 4191      547D53CE 
 4191      E0A71475 
 4191      643CEE9F 
 4192 15ab 09EA66D5 		.ascii	"\011\352f\325&\216\272\211\242>\235#w\022\324\243\355"
 4192      268EBA89 
 4192      A23E9D23 
 4192      7712D4A3 
 4192      ED
 4193 15bc 43356A82 		.ascii	"C5j\202\232JQ\237_}:\356kCME\0145W%l\245\250Sy=5\036"
 4193      9A4A519F 
 4193      5F7D3AEE 
 4193      6B434D45 
 4193      0C355725 
 4194 15d8 0476647F 		.ascii	"\004vd\177IJ\272\"~\236\253\312\341\2509\0245%P\356"
 4194      494ABA22 
 4194      7E9EABCA 
 4194      E1A83914 
 4194      352550EE 
 4195 15ec 23A83B4A 		.ascii	"#\250;Jn_A43\3353\267\272hf*p\036\027\315\243\242\333"
 4195      6E5F4134 
 4195      33DD33B7 
 4195      BA68662A 
 4195      701E17CD 
 4196 1603 03E5719A 		.ascii	"\003\345q\232\225s-\373D\"jnMJ\261\006\200\373;\270"
 4196      95732DFB 
 4196      44226A6E 
 4196      4D4AB106 
 4196      80FB3BB8 
 4197 1617 DC0E2A57 		.ascii	"\334\016*W\036(\033\347\220F\237{\303(r\227\016\374"
 4197      1E281BE7 
 4197      90469F7B 
 4197      C3287297 
 4197      0EFC
 4198 1629 330B543E 		.ascii	"3\013T>\227\314\247\222\303s\344\255s\004y7\221N\255"
 4198      97CCA792 
ARM GAS  /tmp/cc20pczk.s 			page 163


 4198      C373E4AD 
 4198      73047937 
 4198      914EAD
 4199 163c ABCF236E 		.ascii	"\253\317#n\025Q\273\267\024\036\370\220\3708E}\3341"
 4199      1551BBB7 
 4199      141EF890 
 4199      F838457D 
 4199      DC31
 4200 164e 9156346B 		.ascii	"\221V4k:\356R\011%*>\035;\313+\247\337\251\247\323\321"
 4200      3AEE5209 
 4200      252A3E1D 
 4200      3BCB2BA7 
 4200      DFA9A7D3 
 4201 1663 D48476A9 		.ascii	"\324\204v\251\012\251\232b\325n\270c\345\232\031$O\273"
 4201      0AA99A62 
 4201      D56EB863 
 4201      E59A1924 
 4201      4FBB
 4202 1675 AB2143AB 		.ascii	"\253!C\253\256\014\215<Q\263\311V\373Z\005.\245#\367"
 4202      AE0C8D3C 
 4202      51B3C956 
 4202      FB5A052E 
 4202      A523F7
 4203 1688 A8CA54A5 		.ascii	"\250\312T\245|\244\022\004\373\270\203W\3568\216?\025"
 4203      7CA41204 
 4203      FBB88357 
 4203      EE388E3F 
 4203      15
 4204 1699 7C83534E 		.ascii	"|\203SNM\335\327;0\346\370\035\317c\316\333Ky\365\375"
 4204      4DDDD73B 
 4204      30E6F81D 
 4204      CF63CEDB 
 4204      4B79F5FD 
 4205 16ad 49C98E3F 		.ascii	"I\311\216?\3070\251\370/\263)/\177\362\316\214\343/"
 4205      C730A9F8 
 4205      2FB3292F 
 4205      7FF2CE8C 
 4205      E32F
 4206 16bf 229238AF 		.ascii	"\"\2228\257\202\362J\263\322\372\035__J9\346~\312\353"
 4206      82F24AB3 
 4206      D2FA1D5F 
 4206      5F4A39E6 
 4206      7ECAEB
 4207 16d2 7D783BD7 		.ascii	"}x;\327\327}\2053\253\204\245\357\301\226\262ls\274"
 4207      D77D8533 
 4207      AB84A5EF 
 4207      C196B26C 
 4207      73BC
 4208 16e4 E858D758 		.ascii	"\350X\327X\240\016\250\010\233l\305\324\030\305\015"
 4208      A00EA808 
 4208      9B6CC5D4 
 4208      18C50D
 4209 16f3 5D2999F5 		.ascii	"])\231\365;\243\2030\272R\005\002\036\260>\376\030\243"
 4209      3BA38330 
 4209      BA520502 
 4209      1EB03EFE 
 4209      18A3
ARM GAS  /tmp/cc20pczk.s 			page 164


 4210 1705 F2CA528B 		.ascii	"\362\312R\213\323\236\354\260\352\020\214?\242\"r\260"
 4210      D39EECB0 
 4210      EA108C3F 
 4210      A22272B0 
 4211 1715 DE05CE6E 		.ascii	"\336\005\316n\237C\326\231A?\367\004U\253\204*{\202"
 4211      9F43D699 
 4211      413FF704 
 4211      55AB842A 
 4211      7B82
 4212 1727 524FA478 		.ascii	"RO\244x\363(\343j\325QV\0065p\303\202\\\366\006\364"
 4212      F328E36A 
 4212      D5515606 
 4212      3570C382 
 4212      5CF606F4 
 4213 173b E0DEC1C3 		.ascii	"\340\336\301\303,\313\326\331\263\363a\311\375r\307"
 4213      2CCBD6D9 
 4213      B3F361C9 
 4213      FD72C7
 4214 174a 67430B8F 		.ascii	"gC\013\217\3101bP61\250\373\356\243\307^.\337\034\235"
 4214      C8316250 
 4214      3631A8FB 
 4214      EEA3C75E 
 4214      2EDF1C9D 
 4215 175e FEA6AE37 		.ascii	"\376\246\2567\363|\262#E'x\250OR\340m\361\365\035\244"
 4215      F37CB223 
 4215      452778A8 
 4215      4F52E06D 
 4215      F1F51DA4 
 4216 1772 A3C023F1 		.ascii	"\243\300#\361d_f\3266o\367\245\270V%X\271'\346\356\024"
 4216      645F66D6 
 4216      366FF7A5 
 4216      B8562558 
 4216      B927E6EE 
 4217 1787 D66B6BBF 		.ascii	"\326kk\277W\253:\316\334\250\203\033\346\306FpC\251"
 4217      57AB3ACE 
 4217      DCA8831B 
 4217      E6C64670 
 4217      43A9
 4218 1799 313E7658 		.ascii	"1>vX\332\304-\255'\226\356\012d5w\271g\264]\264E\243"
 4218      DAC42DAD 
 4218      2796EE0A 
 4218      643577B9 
 4218      67B45DB4 
 4219 17af 02373098 		.ascii	"\00270\230S\252\006\0163>_6\007\276\244X'\240Xo\252"
 4219      53AA060E 
 4219      333E5F36 
 4219      07BEA458 
 4219      27A0586F 
 4220 17c4 2D70144E 		.ascii	"-p\024N\202\303\323\333pX8M"
 4220      82C3D3DB 
 4220      7058384D 
 4221 17d0 8736AA9A 		.ascii	"\2076\252\232T\247\371\330uP\256\027\007\246\012\034"
 4221      54A7F9D8 
 4221      7550AE17 
 4221      07A60A1C 
 4222 17e0 E74E2B37 		.ascii	"\347N+7\341\0141\241\206\340\232\333\247Z\375\335{F"
 4222      E10C31A1 
ARM GAS  /tmp/cc20pczk.s 			page 165


 4222      86E09ADB 
 4222      A75AFDDD 
 4222      7B46
 4223 17f2 B3CA71F2 		.ascii	"\263\312q\3620\037yt\370\373\266\371\204\233Ug\231\205"
 4223      301F7974 
 4223      F8FBB6F9 
 4223      849B5567 
 4223      9985
 4224 1804 E7E08669 		.ascii	"\347\340\206i)\231/\217\277\244\016N\236\332?l\337\310"
 4224      29992F8F 
 4224      BFA40E4E 
 4224      9EDA3F6C 
 4224      DFC8
 4225 1816 584506DC 		.ascii	"XE\006\334\252\022Z\034u\360b\300\317\346y\253\352<"
 4225      AA125A1C 
 4225      75F062C0 
 4225      CFE679AB 
 4225      EA3C
 4226 1828 C3BD0037 		.ascii	"\303\275\0007\014w\037X\277i\352\374!\307\237\002\265"
 4226      0C771F58 
 4226      BF69EAFC 
 4226      21C79F02 
 4226      B5
 4227 1839 71EB2FB2 		.ascii	"q\353/\262.YV\331\346g\347\215s^\033\345\2655wg;N\324"
 4227      2E5956D9 
 4227      E667E78D 
 4227      735E1BE5 
 4227      B5357767 
 4228 1850 B93CCB97 		.ascii	"\271<\313\227(/\273a\333\250\323\367\013\316\273Ly)"
 4228      282FBB61 
 4228      DBA8D3F7 
 4228      0BCEBB4C 
 4228      7929
 4229 1862 5D03F58E 		.ascii	"]\003\365\216\337,\367r\314v\312{Q\263\245\315\201\331"
 4229      DF2CF772 
 4229      CC76CA7B 
 4229      51B3A5CD 
 4229      81D9
 4230 1874 CD795748 		.ascii	"\315yWH$\215s\251K#\223)\251~\027\024%\337\344Y\253"
 4230      248D73A9 
 4230      4B239329 
 4230      A97E1714 
 4230      25DFE459 
 4231 1889 BACAFCB9 		.ascii	"\272\312\374\271\0067\314\237\341 9\227\311U\035\262"
 4231      0637CC9F 
 4231      E1203997 
 4231      C9551DB2 
 4232 1899 64FCCAE6 		.ascii	"d\374\312\346y/\356`\222\235\252\016.\271~\276\\1\327"
 4232      792FEE60 
 4232      929DAA0E 
 4232      2EB97EBE 
 4232      5C31D7
 4233 18ac 16A42AE7 		.ascii	"\026\244*\347 u1\321n\270a\242MA\002\216\322~e\370\376"
 4233      207531D1 
 4233      6EB861A2 
 4233      4D41028E 
 4233      D27E65F8 
ARM GAS  /tmp/cc20pczk.s 			page 166


 4234 18c1 E2C54BE0 		.ascii	"\342\305K\340\177\350\252\360\345\341\321z\215A\027"
 4234      7FE8AAF0 
 4234      E5E1D17A 
 4234      8D4117
 4235 18d0 1BF5E592 		.ascii	"\033\365\345\222h\375\022\235a\211^\027\012\357#\015"
 4235      68FD129D 
 4235      61895E17 
 4235      0AEF230D 
 4236 18e0 5F2D0E95 		.ascii	"_-\016\225?\376\207\337\274\365\321\322\037\011s\370"
 4236      3FFE87DF 
 4236      BCF5D1D2 
 4236      1F0973F8 
 4237 18f0 8BC5A12B 		.ascii	"\213\305\241+\336]\361\303\345K\337\025\344\320U\232"
 4237      DE5DF1C3 
 4237      E54BDF15 
 4237      E4D0559A 
 4238 1900 DFC56A63 		.ascii	"\337\305jc\265^\266\033\215\001\307\350\264\253\203"
 4238      B55EB61B 
 4238      8D01C7E8 
 4238      B4AB83
 4239 190f 97AC8A8E 		.ascii	"\227\254\212\216\324.\321E/_\362\271.\372\277\264\241"
 4239      D42ED145 
 4239      2F5FF2B9 
 4239      2EFABFB4 
 4239      A1
 4240 1920 06FD928F 		.ascii	"\006\375\222\217\210\232`ClXx\264\363\275\346\275\367"
 4240      889A6043 
 4240      6C5878B4 
 4240      F3BDE6BD 
 4240      F7
 4241 1931 97AC89D6 		.ascii	"\227\254\211\326}\251\217\011\011\325r\033\202\177\375"
 4241      7DA98F09 
 4241      09D5721B 
 4241      827FFD
 4242 1940 D9FBEF69 		.ascii	"\331\373\357i>\376\374\223\237kV\204\353\"\327\204\350"
 4242      3EFEFC93 
 4242      9F6B5684 
 4242      EB22D784 
 4242      E8
 4243 1951 B44B84BF 		.ascii	"\264K\204\277\374zk\303\243B#b\303\264\300\213\010\327"
 4243      FC7A6BC3 
 4243      A3422362 
 4243      C3B4C08B 
 4243      08D7
 4244 1963 1BF48B57 		.ascii	"\033\364\213W\011\352\030j\016\230\254\211\321\205G"
 4244      09EA186A 
 4244      0E98AC89 
 4244      D18547
 4245 1972 EBC20D6B 		.ascii	"\353\302\015k\231\201sg\275\241&\207G{\030\310O\215"
 4245      99817367 
 4245      BDA12687 
 4245      477B18C8 
 4245      4F8D
 4246 1984 41455F62 		.ascii	"AE_b\002\344\001\262\344\352\311\257\032\303\342W\261"
 4246      02E401B2 
 4246      E4EAC9AF 
 4246      1AC3E257 
ARM GAS  /tmp/cc20pczk.s 			page 167


 4246      B1
 4247 1995 217A3975 		.ascii	"!z9u\030\254\220u\332\220\010\012\016\201#\010$`\221"
 4247      18AC9075 
 4247      DA90080A 
 4247      0E812308 
 4247      246091
 4248 19a8 B106ED57 		.ascii	"\261\006\355W\2626F\033\025\026\036\265\322[\273Z\033"
 4248      B236461B 
 4248      15161EB5 
 4248      D25BBB5A 
 4248      1B
 4249 19b9 65880CD1 		.ascii	"e\210\014\321\177\2511\310\221\372\225T\273\307\232"
 4249      7FA931C8 
 4249      91FA9554 
 4249      BBC79A
 4250 19c8 90700330 		.ascii	"\220p\0030\305X\265v\015\341\251\327\030\000!\006.z"
 4250      C558B576 
 4250      0DE1A9D7 
 4250      18002106 
 4250      2E7A
 4251 19da 6D648C0F 		.ascii	"md\214\017\240\3005$fU\264N\353\241'\343\365+U@`\375"
 4251      A0C03524 
 4251      6655B44E 
 4251      EBA127E3 
 4251      F52B5540 
 4252 19f0 1A834117 		.ascii	"\032\203A\027C\0146\254\002\345a2\273h\014\201\374F"
 4252      430C36AC 
 4252      02E56132 
 4252      BB680C81 
 4252      FC46
 4253 1a02 A75DA1D5 		.ascii	"\247]\241\325i\243H\250\001\015L\215\221\265_\205\033"
 4253      69A348A8 
 4253      010D4C8D 
 4253      91B55F85 
 4253      1B
 4254 1a13 42A3C3B4 		.ascii	"B\243\303\264j]\330Z\000\301 \242\3670\220\237\200\267"
 4254      6A5DD85A 
 4254      00C120A2 
 4254      F730909F 
 4254      80B7
 4255 1a25 22226425 		.ascii	"\"\"d%<E\002\037\236\364\206\020\203V6\320\013Q\026"
 4255      3C45021F 
 4255      9EF48610 
 4255      835636D0 
 4255      0B5116
 4256 1a38 024E78E9 		.ascii	"\002Nx\351\015_\206D\204\257\214\"\210!\313C\364Z\034"
 4256      0D5F8644 
 4256      84AF8C22 
 4256      8821CB43 
 4256      F45A1C
 4257 1a4b 1512A9C5 		.ascii	"\025\022\251\305\241\253Bt\252\3505QZ\235\037\230\003"
 4257      A1AB4274 
 4257      AAE83551 
 4257      5A9D1F98 
 4257      03
 4258 1a5c D10A8F82 		.ascii	"\321\012\217\202q\240\331\327\351\036\306\350\250\313"
 4258      71A0D9D7 
ARM GAS  /tmp/cc20pczk.s 			page 168


 4258      E91EC6E8 
 4258      A8CB
 4259 1a6a 52A8E12B 		.ascii	"R\250\341+\244\217\361\216\211\326\031\200k\200G\037"
 4259      A48FF18E 
 4259      89D61980 
 4259      6B80471F 
 4260 1a7a 7A1F1A1D 		.ascii	"z\037\032\035\005\3612|\3605\221\017\215\216\214\214"
 4260      05F1327C 
 4260      F035910F 
 4260      8D8E8C8C 
 4261 1a8a 8E5A4244 		.ascii	"\216ZBD\365K>\374\342\263\325?z\3473\220\012\205\310"
 4261      F54B3EFC 
 4261      E2B3D53F 
 4261      7AE73390 
 4261      0A85C8
 4262 1a9d 4002A455 		.ascii	"@\002\244Ua:UdLtt\204\217AG\352ky\354\012\360_\2121"
 4262      613A5564 
 4262      4C747484 
 4262      8F4147EA 
 4262      6B79EC0A 
 4263 1ab5 E87CD90B 		.ascii	"\350|\331\013\032~(\001}\370\177k\345XP\274t\231\306"
 4263      1A7E2801 
 4263      7DF87F6B 
 4263      E55850BC 
 4263      7499C6
 4264 1ac8 E0A98FD5 		.ascii	"\340\251\217\325\223\374h\303\324l\0006\204Gj=\365k"
 4264      93FC68C3 
 4264      D46C0036 
 4264      84476A3D 
 4264      F56B
 4265 1ada F5E40A89 		.ascii	"\365\344\012\211\"\202P\241\006\017\035\211Ed\0146\254"
 4265      228250A1 
 4265      060F1D89 
 4265      45640C36 
 4265      AC
 4266 1aeb 8DD1E258 		.ascii	"\215\321\342X=@\307\306\274\007\264\364\225\252\225"
 4266      3D40C7C6 
 4266      BC07B4F4 
 4266      95AA95
 4267 1afa 9A0066E2 		.ascii	"\232\000f\342U!\021\020\010m\210>:J\012\327\353$\310"
 4267      55211110 
 4267      086D883E 
 4267      3A4A0AD7 
 4267      EB24C8
 4268 1b0d 8404A940 		.ascii	"\204\004\251@\206\030\244_#E\031b\374\234\315\327\030"
 4268      8618A45F 
 4268      23451962 
 4268      FC9CCDD7 
 4268      18
 4269 1b1e A4B0E52B 		.ascii	"\244\260\345+=@P\023\032eP\205\022\007<cB\242\302C5"
 4269      3D405013 
 4269      1A655085 
 4269      12073C63 
 4269      42A2C243 
 4270 1b33 30C89F54 		.ascii	"0\310\237T\007X\252\215\324\204i\227\307\256\224#\242"
 4270      0758AA8D 
 4270      D4846997 
ARM GAS  /tmp/cc20pczk.s 			page 169


 4270      C7AE9423 
 4270      A2
 4271 1b44 43BF2482 		.ascii	"C\277$\202\257d\022\035\002&\3719Ch\014^\221!\3402-"
 4271      AF64121D 
 4271      0226F939 
 4271      43680C5E 
 4271      9121E032 
 4272 1b59 21356464 		.ascii	"!5ddE\370\312y\256I\325\260\267\257\315~\005\301\325"
 4272      45F8CA79 
 4272      AE49D5B0 
 4272      B7AFCD7E 
 4272      05C1D5
 4273 1b6c AD088D25 		.ascii	"\255\010\215%\223\211\\1\251gor\247aU\377\203W1\213"
 4273      93895C31 
 4273      A9676F72 
 4273      A76155FF 
 4273      8357318B 
 4274 1b80 C893694D 		.ascii	"\310\223iM\307\301\304\204\364j\302\303<\371\225$B\273"
 4274      C7C1C484 
 4274      F46AC2C3 
 4274      3CF99524 
 4274      42BB
 4275 1b92 924C306F 		.ascii	"\222L0o\242E\273\022\356tk\275l7Pd\253\015t\372E\204"
 4275      A245BB12 
 4275      EE746BBD 
 4275      6C375064 
 4275      AB0D74FA 
 4276 1ba8 E80D2485 		.ascii	"\350\015$\205\2520\362\350\013\302a\332\010C\010\235"
 4276      AA30F2E8 
 4276      0BC261DA 
 4276      0843089D 
 4277 1bb8 DDFE2E4F 		.ascii	"\335\376.OP\335\364\301\027\342\000\236ku\253C\"4\206"
 4277      50DDF4C1 
 4277      17E2009E 
 4277      6B75AB43 
 4277      223486
 4278 1bcb D7416675 		.ascii	"\327Afu\270\316\020K\036\000G\247g\015\202\340\322B"
 4278      B8CE104B 
 4278      1E0047A7 
 4278      670D82E0 
 4278      D242
 4279 1bdd A095B1EC 		.ascii	"\240\225\261\354\207\032\303\274\227\210\001\246\316"
 4279      871AC3BC 
 4279      978801A6 
 4279      CE
 4280 1bea A6974472 		.ascii	"\246\227Dr\255\206u\231X\035\314H\203\217\343\025\370"
 4280      AD867599 
 4280      581DCC48 
 4280      838FE315 
 4280      F8
 4281 1bfb 43BB84C6 		.ascii	"C\273\204\306\260\350U\202C\272\362*\001\272B\360Z\375"
 4281      B0E85582 
 4281      43BAF22A 
 4281      01BA42F0 
 4281      5AFD
 4282 1c0d 6FA248BA 		.ascii	"o\242H\272\005/\215fElT\250F\263\370\207\322\322e\202"
 4282      052F8D66 
ARM GAS  /tmp/cc20pczk.s 			page 170


 4282      456C54A8 
 4282      46B3F887 
 4282      D2D26582 
 4283 1c21 67882E72 		.ascii	"g\210.r\365\217\264\357D\012^\0202@~'\362\207\202\267"
 4283      F58FB4EF 
 4283      440A5E10 
 4283      32407E27 
 4283      F28782B7 
 4284 1c35 D38057D2 		.ascii	"\323\200W\322\003\241 M\315\006\035\020\272\3523\303"
 4284      03A1204D 
 4284      CD061D10 
 4284      BAEA33C3 
 4285 1c45 57FF48BB 		.ascii	"W\377H\273\335'Q\341\006'\245\313\374\335x\177\361J"
 4285      DD2751E1 
 4285      0627A5CB 
 4285      FCDD787F 
 4285      F14A
 4286 1c57 4B8D30D7 		.ascii	"K\2150\327i\330\337\206\353c\242\365Z'\324\017\002g"
 4286      69D8DF86 
 4286      EB63A2F5 
 4286      5A27D40F 
 4286      0267
 4287 1c69 B3BDE9AB 		.ascii	"\263\275\351\253O\301\205`'\311\367\275\034\257\375"
 4287      4FC18560 
 4287      27C9F7BD 
 4287      1CAFFD
 4288 1c78 E8EDAF75 		.ascii	"\350\355\257uk\335\205\336\363u\341\2504?'}\202\276"
 4288      6BDD85DE 
 4288      F375E1A8 
 4288      343F277D 
 4288      82BE
 4289 1c8a 9B15C5A5 		.ascii	"\233\025\305\245\336N\357}\235\356\235\001\337u\036"
 4289      DE4EEF7D 
 4289      9DEE9D01 
 4289      DF751E
 4290 1c99 1C1C48E6 		.ascii	"\034\034H\346!_m\310\234\320\352^\255\324aL\030i]\241"
 4290      215F6DC8 
 4290      9CD0EA5E 
 4290      ADD4614C 
 4290      18695DA1 
 4291 1cad ABDEF5B4 		.ascii	"\253\336\365\264{\341\343l\252\277\223\232\017#\"\270"
 4291      7BE1E36C 
 4291      AABF939A 
 4291      0F2322B8 
 4292 1cbd 87F6674F 		.ascii	"\207\366gO\232\327_BKy\245\031\257\015\321E\254\005"
 4292      9AD75F42 
 4292      4B79A519 
 4292      AF0DD145 
 4292      AC05
 4293 1ccf 85011A68 		.ascii	"\205\001\032h/\341\021\260\356h\264_\305@\204U0\177"
 4293      2FE111B0 
 4293      EE68B45F 
 4293      C5408455 
 4293      307F
 4294 1ce1 F5061CA1 		.ascii	"\365\006\034\241\015Y\341\021\025\015\223?zM\240F\003"
 4294      0D59E111 
 4294      150D933F 
ARM GAS  /tmp/cc20pczk.s 			page 171


 4294      7A4DA046 
 4294      03
 4295 1cf2 9D470383 		.ascii	"\235G\003\203\240\245\304\332\202\021\034\272\352\343"
 4295      A0A5C4DA 
 4295      82111CBA 
 4295      EAE3
 4296 1d00 E8E008AD 		.ascii	"\350\340\010\2556&\330\233>}A*\371\023\250\217\277]"
 4296      3626D89B 
 4296      3E7D412A 
 4296      F913A88F 
 4296      BF5D
 4297 1d12 BEF22322 		.ascii	"\276\362#\"\373\021L\020}p\200\363h26\200K\203\313\332"
 4297      FB114C10 
 4297      7D7080F3 
 4297      68323680 
 4297      4B83CBDA 
 4298 1d26 B0D8086D 		.ascii	"\260\330\010m\260\257\006\0266\203\346\347\037\006\377"
 4298      B0AF0616 
 4298      3683E6E7 
 4298      1F06FF
 4299 1d35 E2F32F3E 		.ascii	"\342\363/>\361\015\211X\023\262\2264\224\210\360(\355"
 4299      F10D8958 
 4299      13B29634 
 4299      9488F028 
 4299      ED
 4300 1d46 2FBE7905 		.ascii	"/\276y\005\2005\202\364\377%\037}\026\374I\360\222\217"
 4300      803582F4 
 4300      FF251F7D 
 4300      16FC49F0 
 4300      928F
 4301 1d58 A0312CF9 		.ascii	"\2401,\371\304\346c\244>\\\257Y\031\032\012^\262\005"
 4301      C4E663A4 
 4301      3E5CAF59 
 4301      191A0A5E 
 4301      B205
 4302 1d6a C66E3ADF 		.ascii	"\306n:\337\002\204C\211\0068\236\310\"kX\313\342H\002"
 4302      02844389 
 4302      06389EC8 
 4302      226B58CB 
 4302      E24802
 4303 1d7d EE4907F1 		.ascii	"\356I\007\361!\277^\025\366\261\326\020\254\215X\361"
 4303      21BF5E15 
 4303      F6B1D610 
 4303      AC8D58F1 
 4304 1d8d DB57DA0E 		.ascii	"\333W\332\016\260\256If\216CC\230\326\276=a/ \276T'"
 4304      B0AE4966 
 4304      8E434398 
 4304      D6BE3D61 
 4304      2F20BE54 
 4305 1da2 9B00BF22 		.ascii	"\233\000\277\"\357\376!\332\360\013\362*\3705\273\324"
 4305      EFFE21DA 
 4305      F00BF22A 
 4305      F835BBD4 
 4306 1db2 8AF015D1 		.ascii	"\212\360\025\321\3209\"\243Wk\377\027%{M\376"
 4306      D03922A3 
 4306      576BFF17 
 4306      257B4DFE 
ARM GAS  /tmp/cc20pczk.s 			page 172


 4307              		.text
 4308              		.section	.gnu.lto_.symtab.a207216e6170d70a,"e",%progbits
 4309 0000 63684D74 		.ascii	"chMtxObjectInit\000"
 4309      784F626A 
 4309      65637449 
 4309      6E697400 
 4310 0010 00       		.ascii	"\000"
 4311 0011 00       		.ascii	"\000"
 4312 0012 00       		.ascii	"\000"
 4313 0013 00000000 		.ascii	"\000\000\000\000\000\000\000\000"
 4313      00000000 
 4314 001b 40020000 		.ascii	"@\002\000\000"
 4315 001f 63684D74 		.ascii	"chMtxObjectDispose\000"
 4315      784F626A 
 4315      65637444 
 4315      6973706F 
 4315      736500
 4316 0032 00       		.ascii	"\000"
 4317 0033 00       		.ascii	"\000"
 4318 0034 00       		.ascii	"\000"
 4319 0035 00000000 		.ascii	"\000\000\000\000\000\000\000\000"
 4319      00000000 
 4320 003d 4B020000 		.ascii	"K\002\000\000"
 4321 0041 63684D74 		.ascii	"chMtxLockS\000"
 4321      784C6F63 
 4321      6B5300
 4322 004c 00       		.ascii	"\000"
 4323 004d 00       		.ascii	"\000"
 4324 004e 00       		.ascii	"\000"
 4325 004f 00000000 		.ascii	"\000\000\000\000\000\000\000\000"
 4325      00000000 
 4326 0057 55020000 		.ascii	"U\002\000\000"
 4327 005b 63684D74 		.ascii	"chMtxLock\000"
 4327      784C6F63 
 4327      6B00
 4328 0065 00       		.ascii	"\000"
 4329 0066 00       		.ascii	"\000"
 4330 0067 00       		.ascii	"\000"
 4331 0068 00000000 		.ascii	"\000\000\000\000\000\000\000\000"
 4331      00000000 
 4332 0070 7B020000 		.ascii	"{\002\000\000"
 4333 0074 63684D74 		.ascii	"chMtxTryLockS\000"
 4333      78547279 
 4333      4C6F636B 
 4333      5300
 4334 0082 00       		.ascii	"\000"
 4335 0083 00       		.ascii	"\000"
 4336 0084 00       		.ascii	"\000"
 4337 0085 00000000 		.ascii	"\000\000\000\000\000\000\000\000"
 4337      00000000 
 4338 008d 65020000 		.ascii	"e\002\000\000"
 4339 0091 63684D74 		.ascii	"chMtxTryLock\000"
 4339      78547279 
 4339      4C6F636B 
 4339      00
 4340 009e 00       		.ascii	"\000"
 4341 009f 00       		.ascii	"\000"
ARM GAS  /tmp/cc20pczk.s 			page 173


 4342 00a0 00       		.ascii	"\000"
 4343 00a1 00000000 		.ascii	"\000\000\000\000\000\000\000\000"
 4343      00000000 
 4344 00a9 7D020000 		.ascii	"}\002\000\000"
 4345 00ad 63684D74 		.ascii	"chMtxUnlock\000"
 4345      78556E6C 
 4345      6F636B00 
 4346 00b9 00       		.ascii	"\000"
 4347 00ba 00       		.ascii	"\000"
 4348 00bb 00       		.ascii	"\000"
 4349 00bc 00000000 		.ascii	"\000\000\000\000\000\000\000\000"
 4349      00000000 
 4350 00c4 6A020000 		.ascii	"j\002\000\000"
 4351 00c8 63684D74 		.ascii	"chMtxUnlockS\000"
 4351      78556E6C 
 4351      6F636B53 
 4351      00
 4352 00d5 00       		.ascii	"\000"
 4353 00d6 00       		.ascii	"\000"
 4354 00d7 00       		.ascii	"\000"
 4355 00d8 00000000 		.ascii	"\000\000\000\000\000\000\000\000"
 4355      00000000 
 4356 00e0 6F020000 		.ascii	"o\002\000\000"
 4357 00e4 63684D74 		.ascii	"chMtxUnlockAllS\000"
 4357      78556E6C 
 4357      6F636B41 
 4357      6C6C5300 
 4358 00f4 00       		.ascii	"\000"
 4359 00f5 00       		.ascii	"\000"
 4360 00f6 00       		.ascii	"\000"
 4361 00f7 00000000 		.ascii	"\000\000\000\000\000\000\000\000"
 4361      00000000 
 4362 00ff 7F020000 		.ascii	"\177\002\000\000"
 4363 0103 63684D74 		.ascii	"chMtxUnlockAll\000"
 4363      78556E6C 
 4363      6F636B41 
 4363      6C6C00
 4364 0112 00       		.ascii	"\000"
 4365 0113 00       		.ascii	"\000"
 4366 0114 00       		.ascii	"\000"
 4367 0115 00000000 		.ascii	"\000\000\000\000\000\000\000\000"
 4367      00000000 
 4368 011d 81020000 		.ascii	"\201\002\000\000"
 4369 0121 63683000 		.ascii	"ch0\000"
 4370 0125 00       		.ascii	"\000"
 4371 0126 02       		.ascii	"\002"
 4372 0127 00       		.ascii	"\000"
 4373 0128 00000000 		.ascii	"\000\000\000\000\000\000\000\000"
 4373      00000000 
 4374 0130 79020000 		.ascii	"y\002\000\000"
 4375 0134 63685379 		.ascii	"chSysHalt\000"
 4375      7348616C 
 4375      7400
 4376 013e 00       		.ascii	"\000"
 4377 013f 02       		.ascii	"\002"
 4378 0140 00       		.ascii	"\000"
 4379 0141 00000000 		.ascii	"\000\000\000\000\000\000\000\000"
ARM GAS  /tmp/cc20pczk.s 			page 174


 4379      00000000 
 4380 0149 85020000 		.ascii	"\205\002\000\000"
 4381 014d 5F5F6462 		.ascii	"__dbg_check_unlock\000"
 4381      675F6368 
 4381      65636B5F 
 4381      756E6C6F 
 4381      636B00
 4382 0160 00       		.ascii	"\000"
 4383 0161 02       		.ascii	"\002"
 4384 0162 00       		.ascii	"\000"
 4385 0163 00000000 		.ascii	"\000\000\000\000\000\000\000\000"
 4385      00000000 
 4386 016b 92020000 		.ascii	"\222\002\000\000"
 4387 016f 63685363 		.ascii	"chSchGoSleepS\000"
 4387      68476F53 
 4387      6C656570 
 4387      5300
 4388 017d 00       		.ascii	"\000"
 4389 017e 02       		.ascii	"\002"
 4390 017f 00       		.ascii	"\000"
 4391 0180 00000000 		.ascii	"\000\000\000\000\000\000\000\000"
 4391      00000000 
 4392 0188 96020000 		.ascii	"\226\002\000\000"
 4393 018c 63685363 		.ascii	"chSchReadyI\000"
 4393      68526561 
 4393      64794900 
 4394 0198 00       		.ascii	"\000"
 4395 0199 02       		.ascii	"\002"
 4396 019a 00       		.ascii	"\000"
 4397 019b 00000000 		.ascii	"\000\000\000\000\000\000\000\000"
 4397      00000000 
 4398 01a3 9A020000 		.ascii	"\232\002\000\000"
 4399 01a7 63684462 		.ascii	"chDbgCheckClassS\000"
 4399      67436865 
 4399      636B436C 
 4399      61737353 
 4399      00
 4400 01b8 00       		.ascii	"\000"
 4401 01b9 02       		.ascii	"\002"
 4402 01ba 00       		.ascii	"\000"
 4403 01bb 00000000 		.ascii	"\000\000\000\000\000\000\000\000"
 4403      00000000 
 4404 01c3 9C020000 		.ascii	"\234\002\000\000"
 4405 01c7 5F5F6462 		.ascii	"__dbg_check_lock\000"
 4405      675F6368 
 4405      65636B5F 
 4405      6C6F636B 
 4405      00
 4406 01d8 00       		.ascii	"\000"
 4407 01d9 02       		.ascii	"\002"
 4408 01da 00       		.ascii	"\000"
 4409 01db 00000000 		.ascii	"\000\000\000\000\000\000\000\000"
 4409      00000000 
 4410 01e3 9E020000 		.ascii	"\236\002\000\000"
 4411 01e7 63685363 		.ascii	"chSchRescheduleS\000"
 4411      68526573 
 4411      63686564 
ARM GAS  /tmp/cc20pczk.s 			page 175


 4411      756C6553 
 4411      00
 4412 01f8 00       		.ascii	"\000"
 4413 01f9 02       		.ascii	"\002"
 4414 01fa 00       		.ascii	"\000"
 4415 01fb 00000000 		.ascii	"\000\000\000\000\000\000\000\000"
 4415      00000000 
 4416 0203 A0020000 		.ascii	"\240\002\000\000"
 4417              		.text
 4418              		.section	.gnu.lto_.ext_symtab.a207216e6170d70a,"e",%progbits
 4419 0000 01       		.ascii	"\001"
 4420 0001 01       		.ascii	"\001"
 4421 0002 00       		.ascii	"\000"
 4422 0003 01       		.ascii	"\001"
 4423 0004 00       		.ascii	"\000"
 4424 0005 01       		.ascii	"\001"
 4425 0006 00       		.ascii	"\000"
 4426 0007 01       		.ascii	"\001"
 4427 0008 00       		.ascii	"\000"
 4428 0009 01       		.ascii	"\001"
 4429 000a 00       		.ascii	"\000"
 4430 000b 01       		.ascii	"\001"
 4431 000c 00       		.ascii	"\000"
 4432 000d 01       		.ascii	"\001"
 4433 000e 00       		.ascii	"\000"
 4434 000f 01       		.ascii	"\001"
 4435 0010 00       		.ascii	"\000"
 4436 0011 01       		.ascii	"\001"
 4437 0012 00       		.ascii	"\000"
 4438 0013 01       		.ascii	"\001"
 4439 0014 00       		.ascii	"\000"
 4440 0015 02       		.ascii	"\002"
 4441 0016 01       		.ascii	"\001"
 4442 0017 01       		.ascii	"\001"
 4443 0018 00       		.ascii	"\000"
 4444 0019 01       		.ascii	"\001"
 4445 001a 00       		.ascii	"\000"
 4446 001b 01       		.ascii	"\001"
 4447 001c 00       		.ascii	"\000"
 4448 001d 01       		.ascii	"\001"
 4449 001e 00       		.ascii	"\000"
 4450 001f 01       		.ascii	"\001"
 4451 0020 00       		.ascii	"\000"
 4452 0021 01       		.ascii	"\001"
 4453 0022 00       		.ascii	"\000"
 4454 0023 01       		.ascii	"\001"
 4455 0024 00       		.ascii	"\000"
 4456              		.text
 4457              		.section	.gnu.lto_.opts,"e",%progbits
 4458 0000 272D666E 		.ascii	"'-fno-openmp' '-fno-openacc' '-fno-pie' '-fcf-prote"
 4458      6F2D6F70 
 4458      656E6D70 
 4458      2720272D 
 4458      666E6F2D 
 4459 0033 6374696F 		.ascii	"ction=none' '-g' '-mcpu=cortex-m4' '-mthumb' '-mflo"
 4459      6E3D6E6F 
 4459      6E652720 
ARM GAS  /tmp/cc20pczk.s 			page 176


 4459      272D6727 
 4459      20272D6D 
 4460 0066 61742D61 		.ascii	"at-abi=soft' '-mlibarch=armv7e-m' '-march=armv7e-m'"
 4460      62693D73 
 4460      6F667427 
 4460      20272D6D 
 4460      6C696261 
 4461 0099 20272D4F 		.ascii	" '-O2' '-fomit-frame-pointer' '-falign-functions=16"
 4461      32272027 
 4461      2D666F6D 
 4461      69742D66 
 4461      72616D65 
 4462 00cc 2720272D 		.ascii	"' '-ffunction-sections' '-fdata-sections' '-fno-com"
 4462      6666756E 
 4462      6374696F 
 4462      6E2D7365 
 4462      6374696F 
 4463 00ff 6D6F6E27 		.ascii	"mon' '-flto' '-Xassembler' '-alms=./build/lst/chmtx"
 4463      20272D66 
 4463      6C746F27 
 4463      20272D58 
 4463      61737365 
 4464 0132 2E6C7374 		.ascii	".lst'\000"
 4464      2700
 4465              		.text
 4466              		.comm	__gnu_lto_slim,1,1
 4467              		.ident	"GCC: (Arm GNU Toolchain 11.3.Rel1) 11.3.1 20220712"
ARM GAS  /tmp/cc20pczk.s 			page 177


DEFINED SYMBOLS
                            *ABS*:0000000000000000 chmtx.c
     /tmp/cc20pczk.s:36     .gnu.debuglto_.debug_info:0000000000000000 chmtx.c.cf0f4b10
                            *COM*:0000000000000001 __gnu_lto_slim

NO UNDEFINED SYMBOLS
