ARM GAS  /tmp/ccmlpSvV.s 			page 1


   1              		.cpu cortex-m4
   2              		.arch armv7e-m
   3              		.fpu softvfp
   4              		.eabi_attribute 20, 1
   5              		.eabi_attribute 21, 1
   6              		.eabi_attribute 23, 3
   7              		.eabi_attribute 24, 1
   8              		.eabi_attribute 25, 1
   9              		.eabi_attribute 26, 1
  10              		.eabi_attribute 30, 2
  11              		.eabi_attribute 34, 1
  12              		.eabi_attribute 18, 4
  13              		.file	"chprintf.c"
  14              		.file 1 "/home/rob/Projects/ChibiStudio/ChibiStudio_23/tools/GNU Tools ARM Embedded/11.3.1 2022q3/
  15              		.file 2 "/home/rob/Projects/ChibiStudio/ChibiStudio_23/tools/GNU Tools ARM Embedded/11.3.1 2022q3/
  16              		.file 3 "/home/rob/Projects/ChibiStudio/ChibiStudio_23/tools/GNU Tools ARM Embedded/11.3.1 2022q3/
  17              		.file 4 "../../chibios_trunk/os/rt/include/chearly.h"
  18              		.file 5 "/home/rob/Projects/ChibiStudio/ChibiStudio_23/tools/GNU Tools ARM Embedded/11.3.1 2022q3/
  19              		.file 6 "../../chibios_trunk/os/hal/include/hal_streams.h"
  20              		.file 7 "../../chibios_trunk/os/hal/lib/streams/memstreams.h"
  21              		.file 8 "../../chibios_trunk/os/hal/lib/streams/chprintf.c"
  22              		.file 9 "<built-in>"
  23              		.section	.gnu.debuglto_.debug_info,"e",%progbits
  24              	.Ldebug_info0:
  25              		.hidden	chprintf.c.b638c448
  26              		.weak	chprintf.c.b638c448
  27              	chprintf.c.b638c448:
  28 0000 1F050000 		.4byte	0x51f
  29 0004 0500     		.2byte	0x5
  30 0006 01       		.byte	0x1
  31 0007 04       		.byte	0x4
  32 0008 00000000 		.4byte	.Ldebug_abbrev0
  33 000c 15       		.uleb128 0x15
  34 000d 1F000000 		.4byte	.LASF48
  35 0011 1D       		.byte	0x1d
  36 0012 8B010000 		.4byte	.LASF49
  37 0016 9F020000 		.4byte	.LASF50
  38 001a 00000000 		.4byte	.Ldebug_line0
  39 001e 16       		.uleb128 0x16
  40 001f 04       		.byte	0x4
  41 0020 05       		.byte	0x5
  42 0021 696E7400 		.ascii	"int\000"
  43 0025 04       		.uleb128 0x4
  44 0026 F4000000 		.4byte	.LASF4
  45 002a 01       		.byte	0x1
  46 002b D1       		.byte	0xd1
  47 002c 17       		.byte	0x17
  48 002d 31000000 		.4byte	0x31
  49 0031 02       		.uleb128 0x2
  50 0032 04       		.byte	0x4
  51 0033 07       		.byte	0x7
  52 0034 30020000 		.4byte	.LASF0
  53 0038 02       		.uleb128 0x2
  54 0039 08       		.byte	0x8
  55 003a 05       		.byte	0x5
  56 003b 4F010000 		.4byte	.LASF1
  57 003f 02       		.uleb128 0x2
ARM GAS  /tmp/ccmlpSvV.s 			page 2


  58 0040 08       		.byte	0x8
  59 0041 04       		.byte	0x4
  60 0042 F3010000 		.4byte	.LASF2
  61 0046 02       		.uleb128 0x2
  62 0047 01       		.byte	0x1
  63 0048 06       		.byte	0x6
  64 0049 0D020000 		.4byte	.LASF3
  65 004d 04       		.uleb128 0x4
  66 004e BD010000 		.4byte	.LASF5
  67 0052 02       		.byte	0x2
  68 0053 2B       		.byte	0x2b
  69 0054 18       		.byte	0x18
  70 0055 59000000 		.4byte	0x59
  71 0059 02       		.uleb128 0x2
  72 005a 01       		.byte	0x1
  73 005b 08       		.byte	0x8
  74 005c FF010000 		.4byte	.LASF6
  75 0060 02       		.uleb128 0x2
  76 0061 02       		.byte	0x2
  77 0062 05       		.byte	0x5
  78 0063 EA000000 		.4byte	.LASF7
  79 0067 02       		.uleb128 0x2
  80 0068 02       		.byte	0x2
  81 0069 07       		.byte	0x7
  82 006a 5D020000 		.4byte	.LASF8
  83 006e 04       		.uleb128 0x4
  84 006f 09030000 		.4byte	.LASF9
  85 0073 02       		.byte	0x2
  86 0074 4D       		.byte	0x4d
  87 0075 18       		.byte	0x18
  88 0076 7A000000 		.4byte	0x7a
  89 007a 02       		.uleb128 0x2
  90 007b 04       		.byte	0x4
  91 007c 05       		.byte	0x5
  92 007d 78010000 		.4byte	.LASF10
  93 0081 02       		.uleb128 0x2
  94 0082 04       		.byte	0x4
  95 0083 07       		.byte	0x7
  96 0084 F2020000 		.4byte	.LASF11
  97 0088 02       		.uleb128 0x2
  98 0089 08       		.byte	0x8
  99 008a 07       		.byte	0x7
 100 008b 19020000 		.4byte	.LASF12
 101 008f 04       		.uleb128 0x4
 102 0090 3C010000 		.4byte	.LASF13
 103 0094 03       		.byte	0x3
 104 0095 18       		.byte	0x18
 105 0096 13       		.byte	0x13
 106 0097 4D000000 		.4byte	0x4d
 107 009b 0B       		.uleb128 0xb
 108 009c 8F000000 		.4byte	0x8f
 109 00a0 04       		.uleb128 0x4
 110 00a1 81020000 		.4byte	.LASF14
 111 00a5 03       		.byte	0x3
 112 00a6 2C       		.byte	0x2c
 113 00a7 13       		.byte	0x13
 114 00a8 6E000000 		.4byte	0x6e
ARM GAS  /tmp/ccmlpSvV.s 			page 3


 115 00ac 04       		.uleb128 0x4
 116 00ad 45030000 		.4byte	.LASF15
 117 00b1 04       		.byte	0x4
 118 00b2 58       		.byte	0x58
 119 00b3 19       		.byte	0x19
 120 00b4 A0000000 		.4byte	0xa0
 121 00b8 03       		.uleb128 0x3
 122 00b9 C4000000 		.4byte	0xc4
 123 00bd 02       		.uleb128 0x2
 124 00be 01       		.byte	0x1
 125 00bf 08       		.byte	0x8
 126 00c0 7C020000 		.4byte	.LASF16
 127 00c4 0B       		.uleb128 0xb
 128 00c5 BD000000 		.4byte	0xbd
 129 00c9 17       		.uleb128 0x17
 130 00ca 04       		.byte	0x4
 131 00cb 03       		.uleb128 0x3
 132 00cc 8F000000 		.4byte	0x8f
 133 00d0 02       		.uleb128 0x2
 134 00d1 01       		.byte	0x1
 135 00d2 02       		.byte	0x2
 136 00d3 89020000 		.4byte	.LASF17
 137 00d7 04       		.uleb128 0x4
 138 00d8 2E030000 		.4byte	.LASF18
 139 00dc 05       		.byte	0x5
 140 00dd 28       		.byte	0x28
 141 00de 1B       		.byte	0x1b
 142 00df E3000000 		.4byte	0xe3
 143 00e3 18       		.uleb128 0x18
 144 00e4 81010000 		.4byte	.LASF51
 145 00e8 04       		.byte	0x4
 146 00e9 09       		.byte	0x9
 147 00ea 00       		.byte	0
 148 00eb FA000000 		.4byte	0xfa
 149 00ef 19       		.uleb128 0x19
 150 00f0 77020000 		.4byte	.LASF52
 151 00f4 C9000000 		.4byte	0xc9
 152 00f8 00       		.byte	0
 153 00f9 00       		.byte	0
 154 00fa 04       		.uleb128 0x4
 155 00fb 20010000 		.4byte	.LASF19
 156 00ff 05       		.byte	0x5
 157 0100 63       		.byte	0x63
 158 0101 18       		.byte	0x18
 159 0102 D7000000 		.4byte	0xd7
 160 0106 11       		.uleb128 0x11
 161 0107 5F030000 		.4byte	.LASF24
 162 010b 14       		.byte	0x14
 163 010c 06       		.byte	0x6
 164 010d 48       		.byte	0x48
 165 010e 51010000 		.4byte	0x151
 166 0112 05       		.uleb128 0x5
 167 0113 5D010000 		.4byte	.LASF20
 168 0117 06       		.byte	0x6
 169 0118 49       		.byte	0x49
 170 0119 25000000 		.4byte	0x25
 171 011d 00       		.byte	0
ARM GAS  /tmp/ccmlpSvV.s 			page 4


 172 011e 05       		.uleb128 0x5
 173 011f 0C000000 		.4byte	.LASF21
 174 0123 06       		.byte	0x6
 175 0124 49       		.byte	0x49
 176 0125 74010000 		.4byte	0x174
 177 0129 04       		.byte	0x4
 178 012a 05       		.uleb128 0x5
 179 012b 4A010000 		.4byte	.LASF22
 180 012f 06       		.byte	0x6
 181 0130 49       		.byte	0x49
 182 0131 92010000 		.4byte	0x192
 183 0135 08       		.byte	0x8
 184 0136 07       		.uleb128 0x7
 185 0137 70757400 		.ascii	"put\000"
 186 013b 06       		.byte	0x6
 187 013c 49       		.byte	0x49
 188 013d 03       		.byte	0x3
 189 013e AB010000 		.4byte	0x1ab
 190 0142 0C       		.byte	0xc
 191 0143 07       		.uleb128 0x7
 192 0144 67657400 		.ascii	"get\000"
 193 0148 06       		.byte	0x6
 194 0149 49       		.byte	0x49
 195 014a 03       		.byte	0x3
 196 014b BF010000 		.4byte	0x1bf
 197 014f 10       		.byte	0x10
 198 0150 00       		.byte	0
 199 0151 0B       		.uleb128 0xb
 200 0152 06010000 		.4byte	0x106
 201 0156 0C       		.uleb128 0xc
 202 0157 25000000 		.4byte	0x25
 203 015b 6F010000 		.4byte	0x16f
 204 015f 01       		.uleb128 0x1
 205 0160 C9000000 		.4byte	0xc9
 206 0164 01       		.uleb128 0x1
 207 0165 6F010000 		.4byte	0x16f
 208 0169 01       		.uleb128 0x1
 209 016a 25000000 		.4byte	0x25
 210 016e 00       		.byte	0
 211 016f 03       		.uleb128 0x3
 212 0170 9B000000 		.4byte	0x9b
 213 0174 03       		.uleb128 0x3
 214 0175 56010000 		.4byte	0x156
 215 0179 0C       		.uleb128 0xc
 216 017a 25000000 		.4byte	0x25
 217 017e 92010000 		.4byte	0x192
 218 0182 01       		.uleb128 0x1
 219 0183 C9000000 		.4byte	0xc9
 220 0187 01       		.uleb128 0x1
 221 0188 CB000000 		.4byte	0xcb
 222 018c 01       		.uleb128 0x1
 223 018d 25000000 		.4byte	0x25
 224 0191 00       		.byte	0
 225 0192 03       		.uleb128 0x3
 226 0193 79010000 		.4byte	0x179
 227 0197 0C       		.uleb128 0xc
 228 0198 AC000000 		.4byte	0xac
ARM GAS  /tmp/ccmlpSvV.s 			page 5


 229 019c AB010000 		.4byte	0x1ab
 230 01a0 01       		.uleb128 0x1
 231 01a1 C9000000 		.4byte	0xc9
 232 01a5 01       		.uleb128 0x1
 233 01a6 8F000000 		.4byte	0x8f
 234 01aa 00       		.byte	0
 235 01ab 03       		.uleb128 0x3
 236 01ac 97010000 		.4byte	0x197
 237 01b0 0C       		.uleb128 0xc
 238 01b1 AC000000 		.4byte	0xac
 239 01b5 BF010000 		.4byte	0x1bf
 240 01b9 01       		.uleb128 0x1
 241 01ba C9000000 		.4byte	0xc9
 242 01be 00       		.byte	0
 243 01bf 03       		.uleb128 0x3
 244 01c0 B0010000 		.4byte	0x1b0
 245 01c4 12       		.uleb128 0x12
 246 01c5 04       		.byte	0x4
 247 01c6 06       		.byte	0x6
 248 01c7 53       		.byte	0x53
 249 01c8 DA010000 		.4byte	0x1da
 250 01cc 07       		.uleb128 0x7
 251 01cd 766D7400 		.ascii	"vmt\000"
 252 01d1 06       		.byte	0x6
 253 01d2 55       		.byte	0x55
 254 01d3 29       		.byte	0x29
 255 01d4 DA010000 		.4byte	0x1da
 256 01d8 00       		.byte	0
 257 01d9 00       		.byte	0
 258 01da 03       		.uleb128 0x3
 259 01db 51010000 		.4byte	0x151
 260 01df 04       		.uleb128 0x4
 261 01e0 FB000000 		.4byte	.LASF23
 262 01e4 06       		.byte	0x6
 263 01e5 57       		.byte	0x57
 264 01e6 03       		.byte	0x3
 265 01e7 C4010000 		.4byte	0x1c4
 266 01eb 11       		.uleb128 0x11
 267 01ec 2F010000 		.4byte	.LASF25
 268 01f0 18       		.byte	0x18
 269 01f1 07       		.byte	0x7
 270 01f2 3D       		.byte	0x3d
 271 01f3 42020000 		.4byte	0x242
 272 01f7 05       		.uleb128 0x5
 273 01f8 5D010000 		.4byte	.LASF20
 274 01fc 07       		.byte	0x7
 275 01fd 3E       		.byte	0x3e
 276 01fe 25000000 		.4byte	0x25
 277 0202 00       		.byte	0
 278 0203 05       		.uleb128 0x5
 279 0204 0C000000 		.4byte	.LASF21
 280 0208 07       		.byte	0x7
 281 0209 3E       		.byte	0x3e
 282 020a 74010000 		.4byte	0x174
 283 020e 04       		.byte	0x4
 284 020f 05       		.uleb128 0x5
 285 0210 4A010000 		.4byte	.LASF22
ARM GAS  /tmp/ccmlpSvV.s 			page 6


 286 0214 07       		.byte	0x7
 287 0215 3E       		.byte	0x3e
 288 0216 92010000 		.4byte	0x192
 289 021a 08       		.byte	0x8
 290 021b 07       		.uleb128 0x7
 291 021c 70757400 		.ascii	"put\000"
 292 0220 07       		.byte	0x7
 293 0221 3E       		.byte	0x3e
 294 0222 03       		.byte	0x3
 295 0223 AB010000 		.4byte	0x1ab
 296 0227 0C       		.byte	0xc
 297 0228 07       		.uleb128 0x7
 298 0229 67657400 		.ascii	"get\000"
 299 022d 07       		.byte	0x7
 300 022e 3E       		.byte	0x3e
 301 022f 03       		.byte	0x3
 302 0230 BF010000 		.4byte	0x1bf
 303 0234 10       		.byte	0x10
 304 0235 05       		.uleb128 0x5
 305 0236 51020000 		.4byte	.LASF26
 306 023a 07       		.byte	0x7
 307 023b 3E       		.byte	0x3e
 308 023c AB010000 		.4byte	0x1ab
 309 0240 14       		.byte	0x14
 310 0241 00       		.byte	0
 311 0242 0B       		.uleb128 0xb
 312 0243 EB010000 		.4byte	0x1eb
 313 0247 12       		.uleb128 0x12
 314 0248 14       		.byte	0x14
 315 0249 07       		.byte	0x7
 316 024a 46       		.byte	0x46
 317 024b 8E020000 		.4byte	0x28e
 318 024f 07       		.uleb128 0x7
 319 0250 766D7400 		.ascii	"vmt\000"
 320 0254 07       		.byte	0x7
 321 0255 48       		.byte	0x48
 322 0256 1E       		.byte	0x1e
 323 0257 8E020000 		.4byte	0x28e
 324 025b 00       		.byte	0
 325 025c 05       		.uleb128 0x5
 326 025d 98020000 		.4byte	.LASF27
 327 0261 07       		.byte	0x7
 328 0262 49       		.byte	0x49
 329 0263 CB000000 		.4byte	0xcb
 330 0267 04       		.byte	0x4
 331 0268 05       		.uleb128 0x5
 332 0269 04030000 		.4byte	.LASF28
 333 026d 07       		.byte	0x7
 334 026e 49       		.byte	0x49
 335 026f 25000000 		.4byte	0x25
 336 0273 08       		.byte	0x8
 337 0274 07       		.uleb128 0x7
 338 0275 656F7300 		.ascii	"eos\000"
 339 0279 07       		.byte	0x7
 340 027a 49       		.byte	0x49
 341 027b 03       		.byte	0x3
 342 027c 25000000 		.4byte	0x25
ARM GAS  /tmp/ccmlpSvV.s 			page 7


 343 0280 0C       		.byte	0xc
 344 0281 05       		.uleb128 0x5
 345 0282 70020000 		.4byte	.LASF29
 346 0286 07       		.byte	0x7
 347 0287 49       		.byte	0x49
 348 0288 25000000 		.4byte	0x25
 349 028c 10       		.byte	0x10
 350 028d 00       		.byte	0
 351 028e 03       		.uleb128 0x3
 352 028f 42020000 		.4byte	0x242
 353 0293 04       		.uleb128 0x4
 354 0294 12000000 		.4byte	.LASF30
 355 0298 07       		.byte	0x7
 356 0299 4A       		.byte	0x4a
 357 029a 03       		.byte	0x3
 358 029b 47020000 		.4byte	0x247
 359 029f 1A       		.uleb128 0x1a
 360 02a0 44020000 		.4byte	.LASF31
 361 02a4 07       		.byte	0x7
 362 02a5 57       		.byte	0x57
 363 02a6 08       		.byte	0x8
 364 02a7 C0020000 		.4byte	0x2c0
 365 02ab 01       		.uleb128 0x1
 366 02ac C0020000 		.4byte	0x2c0
 367 02b0 01       		.uleb128 0x1
 368 02b1 CB000000 		.4byte	0xcb
 369 02b5 01       		.uleb128 0x1
 370 02b6 25000000 		.4byte	0x25
 371 02ba 01       		.uleb128 0x1
 372 02bb 25000000 		.4byte	0x25
 373 02bf 00       		.byte	0
 374 02c0 03       		.uleb128 0x3
 375 02c1 93020000 		.4byte	0x293
 376 02c5 0F       		.uleb128 0xf
 377 02c6 1A030000 		.4byte	.LASF32
 378 02ca BD01     		.2byte	0x1bd
 379 02cc 1E000000 		.4byte	0x1e
 380 02d0 33030000 		.4byte	0x333
 381 02d4 08       		.uleb128 0x8
 382 02d5 73747200 		.ascii	"str\000"
 383 02d9 BD01     		.2byte	0x1bd
 384 02db 17       		.byte	0x17
 385 02dc 33030000 		.4byte	0x333
 386 02e0 13       		.uleb128 0x13
 387 02e1 04030000 		.4byte	.LASF28
 388 02e5 BD01     		.2byte	0x1bd
 389 02e7 23       		.byte	0x23
 390 02e8 25000000 		.4byte	0x25
 391 02ec 08       		.uleb128 0x8
 392 02ed 666D7400 		.ascii	"fmt\000"
 393 02f1 BD01     		.2byte	0x1bd
 394 02f3 35       		.byte	0x35
 395 02f4 B8000000 		.4byte	0xb8
 396 02f8 08       		.uleb128 0x8
 397 02f9 617000   		.ascii	"ap\000"
 398 02fc BD01     		.2byte	0x1bd
 399 02fe 42       		.byte	0x42
ARM GAS  /tmp/ccmlpSvV.s 			page 8


 400 02ff FA000000 		.4byte	0xfa
 401 0303 0D       		.uleb128 0xd
 402 0304 6D7300   		.ascii	"ms\000"
 403 0307 BE01     		.2byte	0x1be
 404 0309 10       		.byte	0x10
 405 030a 93020000 		.4byte	0x293
 406 030e 0D       		.uleb128 0xd
 407 030f 63687000 		.ascii	"chp\000"
 408 0313 BF01     		.2byte	0x1bf
 409 0315 19       		.byte	0x19
 410 0316 38030000 		.4byte	0x338
 411 031a 0E       		.uleb128 0xe
 412 031b 00000000 		.4byte	.LASF33
 413 031f C001     		.2byte	0x1c0
 414 0321 0A       		.byte	0xa
 415 0322 25000000 		.4byte	0x25
 416 0326 0E       		.uleb128 0xe
 417 0327 28010000 		.4byte	.LASF34
 418 032b C101     		.2byte	0x1c1
 419 032d 07       		.byte	0x7
 420 032e 1E000000 		.4byte	0x1e
 421 0332 00       		.byte	0
 422 0333 03       		.uleb128 0x3
 423 0334 BD000000 		.4byte	0xbd
 424 0338 03       		.uleb128 0x3
 425 0339 DF010000 		.4byte	0x1df
 426 033d 0F       		.uleb128 0xf
 427 033e 77030000 		.4byte	.LASF35
 428 0342 9401     		.2byte	0x194
 429 0344 1E000000 		.4byte	0x1e
 430 0348 89030000 		.4byte	0x389
 431 034c 08       		.uleb128 0x8
 432 034d 73747200 		.ascii	"str\000"
 433 0351 9401     		.2byte	0x194
 434 0353 16       		.byte	0x16
 435 0354 33030000 		.4byte	0x333
 436 0358 13       		.uleb128 0x13
 437 0359 04030000 		.4byte	.LASF28
 438 035d 9401     		.2byte	0x194
 439 035f 22       		.byte	0x22
 440 0360 25000000 		.4byte	0x25
 441 0364 08       		.uleb128 0x8
 442 0365 666D7400 		.ascii	"fmt\000"
 443 0369 9401     		.2byte	0x194
 444 036b 34       		.byte	0x34
 445 036c B8000000 		.4byte	0xb8
 446 0370 14       		.uleb128 0x14
 447 0371 0D       		.uleb128 0xd
 448 0372 617000   		.ascii	"ap\000"
 449 0375 9501     		.2byte	0x195
 450 0377 0B       		.byte	0xb
 451 0378 FA000000 		.4byte	0xfa
 452 037c 0E       		.uleb128 0xe
 453 037d 28010000 		.4byte	.LASF34
 454 0381 9601     		.2byte	0x196
 455 0383 07       		.byte	0x7
 456 0384 1E000000 		.4byte	0x1e
ARM GAS  /tmp/ccmlpSvV.s 			page 9


 457 0388 00       		.byte	0
 458 0389 0F       		.uleb128 0xf
 459 038a 8F020000 		.4byte	.LASF36
 460 038e 6E01     		.2byte	0x16e
 461 0390 1E000000 		.4byte	0x1e
 462 0394 C9030000 		.4byte	0x3c9
 463 0398 08       		.uleb128 0x8
 464 0399 63687000 		.ascii	"chp\000"
 465 039d 6E01     		.2byte	0x16e
 466 039f 24       		.byte	0x24
 467 03a0 38030000 		.4byte	0x338
 468 03a4 08       		.uleb128 0x8
 469 03a5 666D7400 		.ascii	"fmt\000"
 470 03a9 6E01     		.2byte	0x16e
 471 03ab 35       		.byte	0x35
 472 03ac B8000000 		.4byte	0xb8
 473 03b0 14       		.uleb128 0x14
 474 03b1 0D       		.uleb128 0xd
 475 03b2 617000   		.ascii	"ap\000"
 476 03b5 6F01     		.2byte	0x16f
 477 03b7 0B       		.byte	0xb
 478 03b8 FA000000 		.4byte	0xfa
 479 03bc 0E       		.uleb128 0xe
 480 03bd 10010000 		.4byte	.LASF37
 481 03c1 7001     		.2byte	0x170
 482 03c3 07       		.byte	0x7
 483 03c4 1E000000 		.4byte	0x1e
 484 03c8 00       		.byte	0
 485 03c9 1B       		.uleb128 0x1b
 486 03ca 55030000 		.4byte	.LASF38
 487 03ce 08       		.byte	0x8
 488 03cf 7D       		.byte	0x7d
 489 03d0 05       		.byte	0x5
 490 03d1 1E000000 		.4byte	0x1e
 491 03d5 86040000 		.4byte	0x486
 492 03d9 09       		.uleb128 0x9
 493 03da 63687000 		.ascii	"chp\000"
 494 03de 7D       		.byte	0x7d
 495 03df 25       		.byte	0x25
 496 03e0 38030000 		.4byte	0x338
 497 03e4 09       		.uleb128 0x9
 498 03e5 666D7400 		.ascii	"fmt\000"
 499 03e9 7D       		.byte	0x7d
 500 03ea 36       		.byte	0x36
 501 03eb B8000000 		.4byte	0xb8
 502 03ef 09       		.uleb128 0x9
 503 03f0 617000   		.ascii	"ap\000"
 504 03f3 7D       		.byte	0x7d
 505 03f4 43       		.byte	0x43
 506 03f5 FA000000 		.4byte	0xfa
 507 03f9 06       		.uleb128 0x6
 508 03fa 7000     		.ascii	"p\000"
 509 03fc 7E       		.byte	0x7e
 510 03fd 09       		.byte	0x9
 511 03fe 33030000 		.4byte	0x333
 512 0402 06       		.uleb128 0x6
 513 0403 7300     		.ascii	"s\000"
ARM GAS  /tmp/ccmlpSvV.s 			page 10


 514 0405 7E       		.byte	0x7e
 515 0406 0D       		.byte	0xd
 516 0407 33030000 		.4byte	0x333
 517 040b 06       		.uleb128 0x6
 518 040c 6300     		.ascii	"c\000"
 519 040e 7E       		.byte	0x7e
 520 040f 10       		.byte	0x10
 521 0410 BD000000 		.4byte	0xbd
 522 0414 0A       		.uleb128 0xa
 523 0415 13030000 		.4byte	.LASF39
 524 0419 7E       		.byte	0x7e
 525 041a 13       		.byte	0x13
 526 041b BD000000 		.4byte	0xbd
 527 041f 06       		.uleb128 0x6
 528 0420 6900     		.ascii	"i\000"
 529 0422 7F       		.byte	0x7f
 530 0423 07       		.byte	0x7
 531 0424 1E000000 		.4byte	0x1e
 532 0428 0A       		.uleb128 0xa
 533 0429 4B030000 		.4byte	.LASF40
 534 042d 7F       		.byte	0x7f
 535 042e 0A       		.byte	0xa
 536 042f 1E000000 		.4byte	0x1e
 537 0433 0A       		.uleb128 0xa
 538 0434 44010000 		.4byte	.LASF41
 539 0438 7F       		.byte	0x7f
 540 0439 15       		.byte	0x15
 541 043a 1E000000 		.4byte	0x1e
 542 043e 06       		.uleb128 0x6
 543 043f 6E00     		.ascii	"n\000"
 544 0441 80       		.byte	0x80
 545 0442 07       		.byte	0x7
 546 0443 1E000000 		.4byte	0x1e
 547 0447 0A       		.uleb128 0xa
 548 0448 26030000 		.4byte	.LASF42
 549 044c 81       		.byte	0x81
 550 044d 08       		.byte	0x8
 551 044e D0000000 		.4byte	0xd0
 552 0452 0A       		.uleb128 0xa
 553 0453 6D010000 		.4byte	.LASF43
 554 0457 81       		.byte	0x81
 555 0458 11       		.byte	0x11
 556 0459 D0000000 		.4byte	0xd0
 557 045d 0A       		.uleb128 0xa
 558 045e C7010000 		.4byte	.LASF44
 559 0462 81       		.byte	0x81
 560 0463 1D       		.byte	0x1d
 561 0464 D0000000 		.4byte	0xd0
 562 0468 06       		.uleb128 0x6
 563 0469 6C00     		.ascii	"l\000"
 564 046b 82       		.byte	0x82
 565 046c 08       		.byte	0x8
 566 046d 7A000000 		.4byte	0x7a
 567 0471 0A       		.uleb128 0xa
 568 0472 3D020000 		.4byte	.LASF45
 569 0476 87       		.byte	0x87
 570 0477 08       		.byte	0x8
ARM GAS  /tmp/ccmlpSvV.s 			page 11


 571 0478 86040000 		.4byte	0x486
 572 047c 1C       		.uleb128 0x1c
 573 047d DA000000 		.4byte	.LASF53
 574 0481 08       		.byte	0x8
 575 0482 2901     		.2byte	0x129
 576 0484 01       		.byte	0x1
 577 0485 00       		.byte	0
 578 0486 1D       		.uleb128 0x1d
 579 0487 BD000000 		.4byte	0xbd
 580 048b 96040000 		.4byte	0x496
 581 048f 1E       		.uleb128 0x1e
 582 0490 31000000 		.4byte	0x31
 583 0494 0B       		.byte	0xb
 584 0495 00       		.byte	0
 585 0496 1F       		.uleb128 0x1f
 586 0497 EB010000 		.4byte	.LASF54
 587 049b 08       		.byte	0x8
 588 049c 48       		.byte	0x48
 589 049d 0E       		.byte	0xe
 590 049e 33030000 		.4byte	0x333
 591 04a2 C6040000 		.4byte	0x4c6
 592 04a6 09       		.uleb128 0x9
 593 04a7 7000     		.ascii	"p\000"
 594 04a9 48       		.byte	0x48
 595 04aa 1C       		.byte	0x1c
 596 04ab 33030000 		.4byte	0x333
 597 04af 09       		.uleb128 0x9
 598 04b0 6E756D00 		.ascii	"num\000"
 599 04b4 48       		.byte	0x48
 600 04b5 24       		.byte	0x24
 601 04b6 7A000000 		.4byte	0x7a
 602 04ba 10       		.uleb128 0x10
 603 04bb 57020000 		.4byte	.LASF46
 604 04bf 48       		.byte	0x48
 605 04c0 32       		.byte	0x32
 606 04c1 31000000 		.4byte	0x31
 607 04c5 00       		.byte	0
 608 04c6 20       		.uleb128 0x20
 609 04c7 CF010000 		.4byte	.LASF55
 610 04cb 08       		.byte	0x8
 611 04cc 26       		.byte	0x26
 612 04cd 0E       		.byte	0xe
 613 04ce 33030000 		.4byte	0x333
 614 04d2 09       		.uleb128 0x9
 615 04d3 7000     		.ascii	"p\000"
 616 04d5 26       		.byte	0x26
 617 04d6 30       		.byte	0x30
 618 04d7 33030000 		.4byte	0x333
 619 04db 09       		.uleb128 0x9
 620 04dc 6E756D00 		.ascii	"num\000"
 621 04e0 27       		.byte	0x27
 622 04e1 2F       		.byte	0x2f
 623 04e2 7A000000 		.4byte	0x7a
 624 04e6 10       		.uleb128 0x10
 625 04e7 57020000 		.4byte	.LASF46
 626 04eb 28       		.byte	0x28
 627 04ec 33       		.byte	0x33
ARM GAS  /tmp/ccmlpSvV.s 			page 12


 628 04ed 31000000 		.4byte	0x31
 629 04f1 10       		.uleb128 0x10
 630 04f2 3D030000 		.4byte	.LASF47
 631 04f6 29       		.byte	0x29
 632 04f7 2F       		.byte	0x2f
 633 04f8 7A000000 		.4byte	0x7a
 634 04fc 06       		.uleb128 0x6
 635 04fd 6900     		.ascii	"i\000"
 636 04ff 2A       		.byte	0x2a
 637 0500 07       		.byte	0x7
 638 0501 1E000000 		.4byte	0x1e
 639 0505 06       		.uleb128 0x6
 640 0506 7100     		.ascii	"q\000"
 641 0508 2B       		.byte	0x2b
 642 0509 09       		.byte	0x9
 643 050a 33030000 		.4byte	0x333
 644 050e 06       		.uleb128 0x6
 645 050f 6C00     		.ascii	"l\000"
 646 0511 2C       		.byte	0x2c
 647 0512 08       		.byte	0x8
 648 0513 7A000000 		.4byte	0x7a
 649 0517 06       		.uleb128 0x6
 650 0518 6C6C00   		.ascii	"ll\000"
 651 051b 2C       		.byte	0x2c
 652 051c 0B       		.byte	0xb
 653 051d 7A000000 		.4byte	0x7a
 654 0521 00       		.byte	0
 655 0522 00       		.byte	0
 656              		.section	.gnu.debuglto_.debug_abbrev,"e",%progbits
 657              	.Ldebug_abbrev0:
 658 0000 01       		.uleb128 0x1
 659 0001 05       		.uleb128 0x5
 660 0002 00       		.byte	0
 661 0003 49       		.uleb128 0x49
 662 0004 13       		.uleb128 0x13
 663 0005 00       		.byte	0
 664 0006 00       		.byte	0
 665 0007 02       		.uleb128 0x2
 666 0008 24       		.uleb128 0x24
 667 0009 00       		.byte	0
 668 000a 0B       		.uleb128 0xb
 669 000b 0B       		.uleb128 0xb
 670 000c 3E       		.uleb128 0x3e
 671 000d 0B       		.uleb128 0xb
 672 000e 03       		.uleb128 0x3
 673 000f 0E       		.uleb128 0xe
 674 0010 00       		.byte	0
 675 0011 00       		.byte	0
 676 0012 03       		.uleb128 0x3
 677 0013 0F       		.uleb128 0xf
 678 0014 00       		.byte	0
 679 0015 0B       		.uleb128 0xb
 680 0016 21       		.uleb128 0x21
 681 0017 04       		.sleb128 4
 682 0018 49       		.uleb128 0x49
 683 0019 13       		.uleb128 0x13
 684 001a 00       		.byte	0
ARM GAS  /tmp/ccmlpSvV.s 			page 13


 685 001b 00       		.byte	0
 686 001c 04       		.uleb128 0x4
 687 001d 16       		.uleb128 0x16
 688 001e 00       		.byte	0
 689 001f 03       		.uleb128 0x3
 690 0020 0E       		.uleb128 0xe
 691 0021 3A       		.uleb128 0x3a
 692 0022 0B       		.uleb128 0xb
 693 0023 3B       		.uleb128 0x3b
 694 0024 0B       		.uleb128 0xb
 695 0025 39       		.uleb128 0x39
 696 0026 0B       		.uleb128 0xb
 697 0027 49       		.uleb128 0x49
 698 0028 13       		.uleb128 0x13
 699 0029 00       		.byte	0
 700 002a 00       		.byte	0
 701 002b 05       		.uleb128 0x5
 702 002c 0D       		.uleb128 0xd
 703 002d 00       		.byte	0
 704 002e 03       		.uleb128 0x3
 705 002f 0E       		.uleb128 0xe
 706 0030 3A       		.uleb128 0x3a
 707 0031 0B       		.uleb128 0xb
 708 0032 3B       		.uleb128 0x3b
 709 0033 0B       		.uleb128 0xb
 710 0034 39       		.uleb128 0x39
 711 0035 21       		.uleb128 0x21
 712 0036 03       		.sleb128 3
 713 0037 49       		.uleb128 0x49
 714 0038 13       		.uleb128 0x13
 715 0039 38       		.uleb128 0x38
 716 003a 0B       		.uleb128 0xb
 717 003b 00       		.byte	0
 718 003c 00       		.byte	0
 719 003d 06       		.uleb128 0x6
 720 003e 34       		.uleb128 0x34
 721 003f 00       		.byte	0
 722 0040 03       		.uleb128 0x3
 723 0041 08       		.uleb128 0x8
 724 0042 3A       		.uleb128 0x3a
 725 0043 21       		.uleb128 0x21
 726 0044 08       		.sleb128 8
 727 0045 3B       		.uleb128 0x3b
 728 0046 0B       		.uleb128 0xb
 729 0047 39       		.uleb128 0x39
 730 0048 0B       		.uleb128 0xb
 731 0049 49       		.uleb128 0x49
 732 004a 13       		.uleb128 0x13
 733 004b 00       		.byte	0
 734 004c 00       		.byte	0
 735 004d 07       		.uleb128 0x7
 736 004e 0D       		.uleb128 0xd
 737 004f 00       		.byte	0
 738 0050 03       		.uleb128 0x3
 739 0051 08       		.uleb128 0x8
 740 0052 3A       		.uleb128 0x3a
 741 0053 0B       		.uleb128 0xb
ARM GAS  /tmp/ccmlpSvV.s 			page 14


 742 0054 3B       		.uleb128 0x3b
 743 0055 0B       		.uleb128 0xb
 744 0056 39       		.uleb128 0x39
 745 0057 0B       		.uleb128 0xb
 746 0058 49       		.uleb128 0x49
 747 0059 13       		.uleb128 0x13
 748 005a 38       		.uleb128 0x38
 749 005b 0B       		.uleb128 0xb
 750 005c 00       		.byte	0
 751 005d 00       		.byte	0
 752 005e 08       		.uleb128 0x8
 753 005f 05       		.uleb128 0x5
 754 0060 00       		.byte	0
 755 0061 03       		.uleb128 0x3
 756 0062 08       		.uleb128 0x8
 757 0063 3A       		.uleb128 0x3a
 758 0064 21       		.uleb128 0x21
 759 0065 08       		.sleb128 8
 760 0066 3B       		.uleb128 0x3b
 761 0067 05       		.uleb128 0x5
 762 0068 39       		.uleb128 0x39
 763 0069 0B       		.uleb128 0xb
 764 006a 49       		.uleb128 0x49
 765 006b 13       		.uleb128 0x13
 766 006c 00       		.byte	0
 767 006d 00       		.byte	0
 768 006e 09       		.uleb128 0x9
 769 006f 05       		.uleb128 0x5
 770 0070 00       		.byte	0
 771 0071 03       		.uleb128 0x3
 772 0072 08       		.uleb128 0x8
 773 0073 3A       		.uleb128 0x3a
 774 0074 21       		.uleb128 0x21
 775 0075 08       		.sleb128 8
 776 0076 3B       		.uleb128 0x3b
 777 0077 0B       		.uleb128 0xb
 778 0078 39       		.uleb128 0x39
 779 0079 0B       		.uleb128 0xb
 780 007a 49       		.uleb128 0x49
 781 007b 13       		.uleb128 0x13
 782 007c 00       		.byte	0
 783 007d 00       		.byte	0
 784 007e 0A       		.uleb128 0xa
 785 007f 34       		.uleb128 0x34
 786 0080 00       		.byte	0
 787 0081 03       		.uleb128 0x3
 788 0082 0E       		.uleb128 0xe
 789 0083 3A       		.uleb128 0x3a
 790 0084 21       		.uleb128 0x21
 791 0085 08       		.sleb128 8
 792 0086 3B       		.uleb128 0x3b
 793 0087 0B       		.uleb128 0xb
 794 0088 39       		.uleb128 0x39
 795 0089 0B       		.uleb128 0xb
 796 008a 49       		.uleb128 0x49
 797 008b 13       		.uleb128 0x13
 798 008c 00       		.byte	0
ARM GAS  /tmp/ccmlpSvV.s 			page 15


 799 008d 00       		.byte	0
 800 008e 0B       		.uleb128 0xb
 801 008f 26       		.uleb128 0x26
 802 0090 00       		.byte	0
 803 0091 49       		.uleb128 0x49
 804 0092 13       		.uleb128 0x13
 805 0093 00       		.byte	0
 806 0094 00       		.byte	0
 807 0095 0C       		.uleb128 0xc
 808 0096 15       		.uleb128 0x15
 809 0097 01       		.byte	0x1
 810 0098 27       		.uleb128 0x27
 811 0099 19       		.uleb128 0x19
 812 009a 49       		.uleb128 0x49
 813 009b 13       		.uleb128 0x13
 814 009c 01       		.uleb128 0x1
 815 009d 13       		.uleb128 0x13
 816 009e 00       		.byte	0
 817 009f 00       		.byte	0
 818 00a0 0D       		.uleb128 0xd
 819 00a1 34       		.uleb128 0x34
 820 00a2 00       		.byte	0
 821 00a3 03       		.uleb128 0x3
 822 00a4 08       		.uleb128 0x8
 823 00a5 3A       		.uleb128 0x3a
 824 00a6 21       		.uleb128 0x21
 825 00a7 08       		.sleb128 8
 826 00a8 3B       		.uleb128 0x3b
 827 00a9 05       		.uleb128 0x5
 828 00aa 39       		.uleb128 0x39
 829 00ab 0B       		.uleb128 0xb
 830 00ac 49       		.uleb128 0x49
 831 00ad 13       		.uleb128 0x13
 832 00ae 00       		.byte	0
 833 00af 00       		.byte	0
 834 00b0 0E       		.uleb128 0xe
 835 00b1 34       		.uleb128 0x34
 836 00b2 00       		.byte	0
 837 00b3 03       		.uleb128 0x3
 838 00b4 0E       		.uleb128 0xe
 839 00b5 3A       		.uleb128 0x3a
 840 00b6 21       		.uleb128 0x21
 841 00b7 08       		.sleb128 8
 842 00b8 3B       		.uleb128 0x3b
 843 00b9 05       		.uleb128 0x5
 844 00ba 39       		.uleb128 0x39
 845 00bb 0B       		.uleb128 0xb
 846 00bc 49       		.uleb128 0x49
 847 00bd 13       		.uleb128 0x13
 848 00be 00       		.byte	0
 849 00bf 00       		.byte	0
 850 00c0 0F       		.uleb128 0xf
 851 00c1 2E       		.uleb128 0x2e
 852 00c2 01       		.byte	0x1
 853 00c3 3F       		.uleb128 0x3f
 854 00c4 19       		.uleb128 0x19
 855 00c5 03       		.uleb128 0x3
ARM GAS  /tmp/ccmlpSvV.s 			page 16


 856 00c6 0E       		.uleb128 0xe
 857 00c7 3A       		.uleb128 0x3a
 858 00c8 21       		.uleb128 0x21
 859 00c9 08       		.sleb128 8
 860 00ca 3B       		.uleb128 0x3b
 861 00cb 05       		.uleb128 0x5
 862 00cc 39       		.uleb128 0x39
 863 00cd 21       		.uleb128 0x21
 864 00ce 05       		.sleb128 5
 865 00cf 27       		.uleb128 0x27
 866 00d0 19       		.uleb128 0x19
 867 00d1 49       		.uleb128 0x49
 868 00d2 13       		.uleb128 0x13
 869 00d3 01       		.uleb128 0x1
 870 00d4 13       		.uleb128 0x13
 871 00d5 00       		.byte	0
 872 00d6 00       		.byte	0
 873 00d7 10       		.uleb128 0x10
 874 00d8 05       		.uleb128 0x5
 875 00d9 00       		.byte	0
 876 00da 03       		.uleb128 0x3
 877 00db 0E       		.uleb128 0xe
 878 00dc 3A       		.uleb128 0x3a
 879 00dd 21       		.uleb128 0x21
 880 00de 08       		.sleb128 8
 881 00df 3B       		.uleb128 0x3b
 882 00e0 0B       		.uleb128 0xb
 883 00e1 39       		.uleb128 0x39
 884 00e2 0B       		.uleb128 0xb
 885 00e3 49       		.uleb128 0x49
 886 00e4 13       		.uleb128 0x13
 887 00e5 00       		.byte	0
 888 00e6 00       		.byte	0
 889 00e7 11       		.uleb128 0x11
 890 00e8 13       		.uleb128 0x13
 891 00e9 01       		.byte	0x1
 892 00ea 03       		.uleb128 0x3
 893 00eb 0E       		.uleb128 0xe
 894 00ec 0B       		.uleb128 0xb
 895 00ed 0B       		.uleb128 0xb
 896 00ee 3A       		.uleb128 0x3a
 897 00ef 0B       		.uleb128 0xb
 898 00f0 3B       		.uleb128 0x3b
 899 00f1 0B       		.uleb128 0xb
 900 00f2 39       		.uleb128 0x39
 901 00f3 21       		.uleb128 0x21
 902 00f4 08       		.sleb128 8
 903 00f5 01       		.uleb128 0x1
 904 00f6 13       		.uleb128 0x13
 905 00f7 00       		.byte	0
 906 00f8 00       		.byte	0
 907 00f9 12       		.uleb128 0x12
 908 00fa 13       		.uleb128 0x13
 909 00fb 01       		.byte	0x1
 910 00fc 0B       		.uleb128 0xb
 911 00fd 0B       		.uleb128 0xb
 912 00fe 3A       		.uleb128 0x3a
ARM GAS  /tmp/ccmlpSvV.s 			page 17


 913 00ff 0B       		.uleb128 0xb
 914 0100 3B       		.uleb128 0x3b
 915 0101 0B       		.uleb128 0xb
 916 0102 39       		.uleb128 0x39
 917 0103 21       		.uleb128 0x21
 918 0104 09       		.sleb128 9
 919 0105 01       		.uleb128 0x1
 920 0106 13       		.uleb128 0x13
 921 0107 00       		.byte	0
 922 0108 00       		.byte	0
 923 0109 13       		.uleb128 0x13
 924 010a 05       		.uleb128 0x5
 925 010b 00       		.byte	0
 926 010c 03       		.uleb128 0x3
 927 010d 0E       		.uleb128 0xe
 928 010e 3A       		.uleb128 0x3a
 929 010f 21       		.uleb128 0x21
 930 0110 08       		.sleb128 8
 931 0111 3B       		.uleb128 0x3b
 932 0112 05       		.uleb128 0x5
 933 0113 39       		.uleb128 0x39
 934 0114 0B       		.uleb128 0xb
 935 0115 49       		.uleb128 0x49
 936 0116 13       		.uleb128 0x13
 937 0117 00       		.byte	0
 938 0118 00       		.byte	0
 939 0119 14       		.uleb128 0x14
 940 011a 18       		.uleb128 0x18
 941 011b 00       		.byte	0
 942 011c 00       		.byte	0
 943 011d 00       		.byte	0
 944 011e 15       		.uleb128 0x15
 945 011f 11       		.uleb128 0x11
 946 0120 01       		.byte	0x1
 947 0121 25       		.uleb128 0x25
 948 0122 0E       		.uleb128 0xe
 949 0123 13       		.uleb128 0x13
 950 0124 0B       		.uleb128 0xb
 951 0125 03       		.uleb128 0x3
 952 0126 0E       		.uleb128 0xe
 953 0127 1B       		.uleb128 0x1b
 954 0128 0E       		.uleb128 0xe
 955 0129 10       		.uleb128 0x10
 956 012a 17       		.uleb128 0x17
 957 012b 00       		.byte	0
 958 012c 00       		.byte	0
 959 012d 16       		.uleb128 0x16
 960 012e 24       		.uleb128 0x24
 961 012f 00       		.byte	0
 962 0130 0B       		.uleb128 0xb
 963 0131 0B       		.uleb128 0xb
 964 0132 3E       		.uleb128 0x3e
 965 0133 0B       		.uleb128 0xb
 966 0134 03       		.uleb128 0x3
 967 0135 08       		.uleb128 0x8
 968 0136 00       		.byte	0
 969 0137 00       		.byte	0
ARM GAS  /tmp/ccmlpSvV.s 			page 18


 970 0138 17       		.uleb128 0x17
 971 0139 0F       		.uleb128 0xf
 972 013a 00       		.byte	0
 973 013b 0B       		.uleb128 0xb
 974 013c 0B       		.uleb128 0xb
 975 013d 00       		.byte	0
 976 013e 00       		.byte	0
 977 013f 18       		.uleb128 0x18
 978 0140 13       		.uleb128 0x13
 979 0141 01       		.byte	0x1
 980 0142 03       		.uleb128 0x3
 981 0143 0E       		.uleb128 0xe
 982 0144 0B       		.uleb128 0xb
 983 0145 0B       		.uleb128 0xb
 984 0146 3A       		.uleb128 0x3a
 985 0147 0B       		.uleb128 0xb
 986 0148 3B       		.uleb128 0x3b
 987 0149 0B       		.uleb128 0xb
 988 014a 01       		.uleb128 0x1
 989 014b 13       		.uleb128 0x13
 990 014c 00       		.byte	0
 991 014d 00       		.byte	0
 992 014e 19       		.uleb128 0x19
 993 014f 0D       		.uleb128 0xd
 994 0150 00       		.byte	0
 995 0151 03       		.uleb128 0x3
 996 0152 0E       		.uleb128 0xe
 997 0153 49       		.uleb128 0x49
 998 0154 13       		.uleb128 0x13
 999 0155 38       		.uleb128 0x38
 1000 0156 0B       		.uleb128 0xb
 1001 0157 34       		.uleb128 0x34
 1002 0158 19       		.uleb128 0x19
 1003 0159 00       		.byte	0
 1004 015a 00       		.byte	0
 1005 015b 1A       		.uleb128 0x1a
 1006 015c 2E       		.uleb128 0x2e
 1007 015d 01       		.byte	0x1
 1008 015e 3F       		.uleb128 0x3f
 1009 015f 19       		.uleb128 0x19
 1010 0160 03       		.uleb128 0x3
 1011 0161 0E       		.uleb128 0xe
 1012 0162 3A       		.uleb128 0x3a
 1013 0163 0B       		.uleb128 0xb
 1014 0164 3B       		.uleb128 0x3b
 1015 0165 0B       		.uleb128 0xb
 1016 0166 39       		.uleb128 0x39
 1017 0167 0B       		.uleb128 0xb
 1018 0168 27       		.uleb128 0x27
 1019 0169 19       		.uleb128 0x19
 1020 016a 3C       		.uleb128 0x3c
 1021 016b 19       		.uleb128 0x19
 1022 016c 01       		.uleb128 0x1
 1023 016d 13       		.uleb128 0x13
 1024 016e 00       		.byte	0
 1025 016f 00       		.byte	0
 1026 0170 1B       		.uleb128 0x1b
ARM GAS  /tmp/ccmlpSvV.s 			page 19


 1027 0171 2E       		.uleb128 0x2e
 1028 0172 01       		.byte	0x1
 1029 0173 3F       		.uleb128 0x3f
 1030 0174 19       		.uleb128 0x19
 1031 0175 03       		.uleb128 0x3
 1032 0176 0E       		.uleb128 0xe
 1033 0177 3A       		.uleb128 0x3a
 1034 0178 0B       		.uleb128 0xb
 1035 0179 3B       		.uleb128 0x3b
 1036 017a 0B       		.uleb128 0xb
 1037 017b 39       		.uleb128 0x39
 1038 017c 0B       		.uleb128 0xb
 1039 017d 27       		.uleb128 0x27
 1040 017e 19       		.uleb128 0x19
 1041 017f 49       		.uleb128 0x49
 1042 0180 13       		.uleb128 0x13
 1043 0181 01       		.uleb128 0x1
 1044 0182 13       		.uleb128 0x13
 1045 0183 00       		.byte	0
 1046 0184 00       		.byte	0
 1047 0185 1C       		.uleb128 0x1c
 1048 0186 0A       		.uleb128 0xa
 1049 0187 00       		.byte	0
 1050 0188 03       		.uleb128 0x3
 1051 0189 0E       		.uleb128 0xe
 1052 018a 3A       		.uleb128 0x3a
 1053 018b 0B       		.uleb128 0xb
 1054 018c 3B       		.uleb128 0x3b
 1055 018d 05       		.uleb128 0x5
 1056 018e 39       		.uleb128 0x39
 1057 018f 0B       		.uleb128 0xb
 1058 0190 00       		.byte	0
 1059 0191 00       		.byte	0
 1060 0192 1D       		.uleb128 0x1d
 1061 0193 01       		.uleb128 0x1
 1062 0194 01       		.byte	0x1
 1063 0195 49       		.uleb128 0x49
 1064 0196 13       		.uleb128 0x13
 1065 0197 01       		.uleb128 0x1
 1066 0198 13       		.uleb128 0x13
 1067 0199 00       		.byte	0
 1068 019a 00       		.byte	0
 1069 019b 1E       		.uleb128 0x1e
 1070 019c 21       		.uleb128 0x21
 1071 019d 00       		.byte	0
 1072 019e 49       		.uleb128 0x49
 1073 019f 13       		.uleb128 0x13
 1074 01a0 2F       		.uleb128 0x2f
 1075 01a1 0B       		.uleb128 0xb
 1076 01a2 00       		.byte	0
 1077 01a3 00       		.byte	0
 1078 01a4 1F       		.uleb128 0x1f
 1079 01a5 2E       		.uleb128 0x2e
 1080 01a6 01       		.byte	0x1
 1081 01a7 03       		.uleb128 0x3
 1082 01a8 0E       		.uleb128 0xe
 1083 01a9 3A       		.uleb128 0x3a
ARM GAS  /tmp/ccmlpSvV.s 			page 20


 1084 01aa 0B       		.uleb128 0xb
 1085 01ab 3B       		.uleb128 0x3b
 1086 01ac 0B       		.uleb128 0xb
 1087 01ad 39       		.uleb128 0x39
 1088 01ae 0B       		.uleb128 0xb
 1089 01af 27       		.uleb128 0x27
 1090 01b0 19       		.uleb128 0x19
 1091 01b1 49       		.uleb128 0x49
 1092 01b2 13       		.uleb128 0x13
 1093 01b3 01       		.uleb128 0x1
 1094 01b4 13       		.uleb128 0x13
 1095 01b5 00       		.byte	0
 1096 01b6 00       		.byte	0
 1097 01b7 20       		.uleb128 0x20
 1098 01b8 2E       		.uleb128 0x2e
 1099 01b9 01       		.byte	0x1
 1100 01ba 03       		.uleb128 0x3
 1101 01bb 0E       		.uleb128 0xe
 1102 01bc 3A       		.uleb128 0x3a
 1103 01bd 0B       		.uleb128 0xb
 1104 01be 3B       		.uleb128 0x3b
 1105 01bf 0B       		.uleb128 0xb
 1106 01c0 39       		.uleb128 0x39
 1107 01c1 0B       		.uleb128 0xb
 1108 01c2 27       		.uleb128 0x27
 1109 01c3 19       		.uleb128 0x19
 1110 01c4 49       		.uleb128 0x49
 1111 01c5 13       		.uleb128 0x13
 1112 01c6 00       		.byte	0
 1113 01c7 00       		.byte	0
 1114 01c8 00       		.byte	0
 1115              		.section	.gnu.debuglto_.debug_line,"e",%progbits
 1116              	.Ldebug_line0:
 1117 0000 72000000 		.4byte	.LELT0-.LSLT0
 1118              	.LSLT0:
 1119 0004 0500     		.2byte	0x5
 1120 0006 04       		.byte	0x4
 1121 0007 00       		.byte	0
 1122 0008 6A000000 		.4byte	.LELTP0-.LASLTP0
 1123              	.LASLTP0:
 1124 000c 01       		.byte	0x1
 1125 000d 01       		.byte	0x1
 1126 000e 01       		.byte	0x1
 1127 000f F6       		.byte	0xf6
 1128 0010 F2       		.byte	0xf2
 1129 0011 0D       		.byte	0xd
 1130 0012 00       		.byte	0
 1131 0013 01       		.byte	0x1
 1132 0014 01       		.byte	0x1
 1133 0015 01       		.byte	0x1
 1134 0016 01       		.byte	0x1
 1135 0017 00       		.byte	0
 1136 0018 00       		.byte	0
 1137 0019 00       		.byte	0
 1138 001a 01       		.byte	0x1
 1139 001b 00       		.byte	0
 1140 001c 00       		.byte	0
ARM GAS  /tmp/ccmlpSvV.s 			page 21


 1141 001d 01       		.byte	0x1
 1142 001e 01       		.byte	0x1
 1143 001f 01       		.uleb128 0x1
 1144 0020 1F       		.uleb128 0x1f
 1145 0021 07       		.uleb128 0x7
 1146 0022 61020000 		.4byte	.LASF56
 1147 0026 A8010000 		.4byte	.LASF57
 1148 002a 68000000 		.4byte	.LASF58
 1149 002e 0A000000 		.4byte	.LASF59
 1150 0032 EA010000 		.4byte	.LASF60
 1151 0036 35010000 		.4byte	.LASF61
 1152 003a 8F000000 		.4byte	.LASF62
 1153 003e 02       		.byte	0x2
 1154 003f 01       		.uleb128 0x1
 1155 0040 1F       		.uleb128 0x1f
 1156 0041 02       		.uleb128 0x2
 1157 0042 0B       		.uleb128 0xb
 1158 0043 0A       		.uleb128 0xa
 1159 0044 2C000000 		.4byte	.LASF63
 1160 0048 00       		.byte	0
 1161 0049 CB010000 		.4byte	.LASF64
 1162 004d 06       		.byte	0x6
 1163 004e 16010000 		.4byte	.LASF65
 1164 0052 04       		.byte	0x4
 1165 0053 00000000 		.4byte	.LASF66
 1166 0057 05       		.byte	0x5
 1167 0058 5E000000 		.4byte	.LASF67
 1168 005c 03       		.byte	0x3
 1169 005d 0D010000 		.4byte	.LASF68
 1170 0061 06       		.byte	0x6
 1171 0062 27010000 		.4byte	.LASF69
 1172 0066 01       		.byte	0x1
 1173 0067 B4020000 		.4byte	.LASF70
 1174 006b 02       		.byte	0x2
 1175 006c DF010000 		.4byte	.LASF71
 1176 0070 02       		.byte	0x2
 1177 0071 D4010000 		.4byte	.LASF72
 1178 0075 00       		.byte	0
 1179              	.LELTP0:
 1180              	.LELT0:
 1181              		.section	.gnu.debuglto_.debug_str,"eMS",%progbits,1
 1182              	.LASF33:
 1183 0000 73697A65 		.ascii	"size_wo_nul\000"
 1183      5F776F5F 
 1183      6E756C00 
 1184              	.LASF21:
 1185 000c 77726974 		.ascii	"write\000"
 1185      6500
 1186              	.LASF30:
 1187 0012 4D656D6F 		.ascii	"MemoryStream\000"
 1187      72795374 
 1187      7265616D 
 1187      00
 1188              	.LASF48:
 1189 001f 474E5520 		.ascii	"GNU C17 11.3.1 20220712 -mcpu=cortex-m4 -mthumb -mf"
 1189      43313720 
 1189      31312E33 
ARM GAS  /tmp/ccmlpSvV.s 			page 22


 1189      2E312032 
 1189      30323230 
 1190 0052 6C6F6174 		.ascii	"loat-abi=soft -march=armv7e-m -ggdb -O2 -fomit-fram"
 1190      2D616269 
 1190      3D736F66 
 1190      74202D6D 
 1190      61726368 
 1191 0085 652D706F 		.ascii	"e-pointer -falign-functions=16 -ffunction-sections "
 1191      696E7465 
 1191      72202D66 
 1191      616C6967 
 1191      6E2D6675 
 1192 00b8 2D666461 		.ascii	"-fdata-sections -fno-common -flto\000"
 1192      74612D73 
 1192      65637469 
 1192      6F6E7320 
 1192      2D666E6F 
 1193              	.LASF53:
 1194 00da 756E7369 		.ascii	"unsigned_common\000"
 1194      676E6564 
 1194      5F636F6D 
 1194      6D6F6E00 
 1195              	.LASF7:
 1196 00ea 73686F72 		.ascii	"short int\000"
 1196      7420696E 
 1196      7400
 1197              	.LASF4:
 1198 00f4 73697A65 		.ascii	"size_t\000"
 1198      5F7400
 1199              	.LASF23:
 1200 00fb 42617365 		.ascii	"BaseSequentialStream\000"
 1200      53657175 
 1200      656E7469 
 1200      616C5374 
 1200      7265616D 
 1201              	.LASF37:
 1202 0110 666F726D 		.ascii	"formatted_bytes\000"
 1202      61747465 
 1202      645F6279 
 1202      74657300 
 1203              	.LASF19:
 1204 0120 76615F6C 		.ascii	"va_list\000"
 1204      69737400 
 1205              	.LASF34:
 1206 0128 72657476 		.ascii	"retval\000"
 1206      616C00
 1207              	.LASF25:
 1208 012f 4D656D53 		.ascii	"MemStreamVMT\000"
 1208      74726561 
 1208      6D564D54 
 1208      00
 1209              	.LASF13:
 1210 013c 75696E74 		.ascii	"uint8_t\000"
 1210      385F7400 
 1211              	.LASF41:
 1212 0144 77696474 		.ascii	"width\000"
 1212      6800
ARM GAS  /tmp/ccmlpSvV.s 			page 23


 1213              	.LASF22:
 1214 014a 72656164 		.ascii	"read\000"
 1214      00
 1215              	.LASF1:
 1216 014f 6C6F6E67 		.ascii	"long long int\000"
 1216      206C6F6E 
 1216      6720696E 
 1216      7400
 1217              	.LASF20:
 1218 015d 696E7374 		.ascii	"instance_offset\000"
 1218      616E6365 
 1218      5F6F6666 
 1218      73657400 
 1219              	.LASF43:
 1220 016d 6C656674 		.ascii	"left_align\000"
 1220      5F616C69 
 1220      676E00
 1221              	.LASF10:
 1222 0178 6C6F6E67 		.ascii	"long int\000"
 1222      20696E74 
 1222      00
 1223              	.LASF51:
 1224 0181 5F5F7661 		.ascii	"__va_list\000"
 1224      5F6C6973 
 1224      7400
 1225              	.LASF49:
 1226 018b 2E2E2F2E 		.ascii	"../../chibios_trunk/os/hal/lib/streams/chprintf.c\000"
 1226      2E2F6368 
 1226      6962696F 
 1226      735F7472 
 1226      756E6B2F 
 1227              	.LASF5:
 1228 01bd 5F5F7569 		.ascii	"__uint8_t\000"
 1228      6E74385F 
 1228      7400
 1229              	.LASF44:
 1230 01c7 646F5F73 		.ascii	"do_sign\000"
 1230      69676E00 
 1231              	.LASF55:
 1232 01cf 6C6F6E67 		.ascii	"long_to_string_with_divisor\000"
 1232      5F746F5F 
 1232      73747269 
 1232      6E675F77 
 1232      6974685F 
 1233              	.LASF54:
 1234 01eb 63685F6C 		.ascii	"ch_ltoa\000"
 1234      746F6100 
 1235              	.LASF2:
 1236 01f3 6C6F6E67 		.ascii	"long double\000"
 1236      20646F75 
 1236      626C6500 
 1237              	.LASF6:
 1238 01ff 756E7369 		.ascii	"unsigned char\000"
 1238      676E6564 
 1238      20636861 
 1238      7200
 1239              	.LASF3:
ARM GAS  /tmp/ccmlpSvV.s 			page 24


 1240 020d 7369676E 		.ascii	"signed char\000"
 1240      65642063 
 1240      68617200 
 1241              	.LASF12:
 1242 0219 6C6F6E67 		.ascii	"long long unsigned int\000"
 1242      206C6F6E 
 1242      6720756E 
 1242      7369676E 
 1242      65642069 
 1243              	.LASF0:
 1244 0230 756E7369 		.ascii	"unsigned int\000"
 1244      676E6564 
 1244      20696E74 
 1244      00
 1245              	.LASF45:
 1246 023d 746D7062 		.ascii	"tmpbuf\000"
 1246      756600
 1247              	.LASF31:
 1248 0244 6D734F62 		.ascii	"msObjectInit\000"
 1248      6A656374 
 1248      496E6974 
 1248      00
 1249              	.LASF26:
 1250 0251 756E6765 		.ascii	"unget\000"
 1250      7400
 1251              	.LASF46:
 1252 0257 72616469 		.ascii	"radix\000"
 1252      7800
 1253              	.LASF8:
 1254 025d 73686F72 		.ascii	"short unsigned int\000"
 1254      7420756E 
 1254      7369676E 
 1254      65642069 
 1254      6E7400
 1255              	.LASF29:
 1256 0270 6F666673 		.ascii	"offset\000"
 1256      657400
 1257              	.LASF52:
 1258 0277 5F5F6170 		.ascii	"__ap\000"
 1258      00
 1259              	.LASF16:
 1260 027c 63686172 		.ascii	"char\000"
 1260      00
 1261              	.LASF14:
 1262 0281 696E7433 		.ascii	"int32_t\000"
 1262      325F7400 
 1263              	.LASF17:
 1264 0289 5F426F6F 		.ascii	"_Bool\000"
 1264      6C00
 1265              	.LASF36:
 1266 028f 63687072 		.ascii	"chprintf\000"
 1266      696E7466 
 1266      00
 1267              	.LASF27:
 1268 0298 62756666 		.ascii	"buffer\000"
 1268      657200
 1269              	.LASF50:
ARM GAS  /tmp/ccmlpSvV.s 			page 25


 1270 029f 2F686F6D 		.ascii	"/home/rob/Projects/ChibiStudio/ChibiStudio_23/works"
 1270      652F726F 
 1270      622F5072 
 1270      6F6A6563 
 1270      74732F43 
 1271 02d2 70616365 		.ascii	"pace_trunk/STM32_GPIB_firmware/\000"
 1271      5F747275 
 1271      6E6B2F53 
 1271      544D3332 
 1271      5F475049 
 1272              	.LASF11:
 1273 02f2 6C6F6E67 		.ascii	"long unsigned int\000"
 1273      20756E73 
 1273      69676E65 
 1273      6420696E 
 1273      7400
 1274              	.LASF28:
 1275 0304 73697A65 		.ascii	"size\000"
 1275      00
 1276              	.LASF9:
 1277 0309 5F5F696E 		.ascii	"__int32_t\000"
 1277      7433325F 
 1277      7400
 1278              	.LASF39:
 1279 0313 66696C6C 		.ascii	"filler\000"
 1279      657200
 1280              	.LASF32:
 1281 031a 63687673 		.ascii	"chvsnprintf\000"
 1281      6E707269 
 1281      6E746600 
 1282              	.LASF42:
 1283 0326 69735F6C 		.ascii	"is_long\000"
 1283      6F6E6700 
 1284              	.LASF18:
 1285 032e 5F5F676E 		.ascii	"__gnuc_va_list\000"
 1285      75635F76 
 1285      615F6C69 
 1285      737400
 1286              	.LASF47:
 1287 033d 64697669 		.ascii	"divisor\000"
 1287      736F7200 
 1288              	.LASF15:
 1289 0345 6D73675F 		.ascii	"msg_t\000"
 1289      7400
 1290              	.LASF40:
 1291 034b 70726563 		.ascii	"precision\000"
 1291      6973696F 
 1291      6E00
 1292              	.LASF38:
 1293 0355 63687670 		.ascii	"chvprintf\000"
 1293      72696E74 
 1293      6600
 1294              	.LASF24:
 1295 035f 42617365 		.ascii	"BaseSequentialStreamVMT\000"
 1295      53657175 
 1295      656E7469 
 1295      616C5374 
ARM GAS  /tmp/ccmlpSvV.s 			page 26


 1295      7265616D 
 1296              	.LASF35:
 1297 0377 6368736E 		.ascii	"chsnprintf\000"
 1297      7072696E 
 1297      746600
 1298              		.section	.gnu.debuglto_.debug_line_str,"eMS",%progbits,1
 1299              	.LASF66:
 1300 0000 5F737464 		.ascii	"_stdint.h\000"
 1300      696E742E 
 1300      6800
 1301              	.LASF59:
 1302 000a 2E2E2F2E 		.ascii	"../../chibios_trunk/os/rt/include\000"
 1302      2E2F6368 
 1302      6962696F 
 1302      735F7472 
 1302      756E6B2F 
 1303              	.LASF63:
 1304 002c 2E2E2F2E 		.ascii	"../../chibios_trunk/os/hal/lib/streams/chprintf.c\000"
 1304      2E2F6368 
 1304      6962696F 
 1304      735F7472 
 1304      756E6B2F 
 1305              	.LASF67:
 1306 005e 63686561 		.ascii	"chearly.h\000"
 1306      726C792E 
 1306      6800
 1307              	.LASF58:
 1308 0068 2E2E2F2E 		.ascii	"../../chibios_trunk/os/hal/lib/streams\000"
 1308      2E2F6368 
 1308      6962696F 
 1308      735F7472 
 1308      756E6B2F 
 1309              	.LASF62:
 1310 008f 2F686F6D 		.ascii	"/home/rob/Projects/ChibiStudio/ChibiStudio_23/tools"
 1310      652F726F 
 1310      622F5072 
 1310      6F6A6563 
 1310      74732F43 
 1311 00c2 2F474E55 		.ascii	"/GNU Tools ARM Embedded/11.3.1 2022q3/lib/gcc/arm-n"
 1311      20546F6F 
 1311      6C732041 
 1311      524D2045 
 1311      6D626564 
 1312 00f5 6F6E652D 		.ascii	"one-eabi/11.3.1/include\000"
 1312      65616269 
 1312      2F31312E 
 1312      332E312F 
 1312      696E636C 
 1313              	.LASF68:
 1314 010d 73746461 		.ascii	"stdarg.h\000"
 1314      72672E68 
 1314      00
 1315              	.LASF65:
 1316 0116 5F646566 		.ascii	"_default_types.h\000"
 1316      61756C74 
 1316      5F747970 
 1316      65732E68 
ARM GAS  /tmp/ccmlpSvV.s 			page 27


 1316      00
 1317              	.LASF69:
 1318 0127 68616C5F 		.ascii	"hal_streams.h\000"
 1318      73747265 
 1318      616D732E 
 1318      6800
 1319              	.LASF61:
 1320 0135 2F686F6D 		.ascii	"/home/rob/Projects/ChibiStudio/ChibiStudio_23/tools"
 1320      652F726F 
 1320      622F5072 
 1320      6F6A6563 
 1320      74732F43 
 1321 0168 2F474E55 		.ascii	"/GNU Tools ARM Embedded/11.3.1 2022q3/arm-none-eabi"
 1321      20546F6F 
 1321      6C732041 
 1321      524D2045 
 1321      6D626564 
 1322 019b 2F696E63 		.ascii	"/include/sys\000"
 1322      6C756465 
 1322      2F737973 
 1322      00
 1323              	.LASF57:
 1324 01a8 2E2E2F2E 		.ascii	"../../chibios_trunk/os/hal/include\000"
 1324      2E2F6368 
 1324      6962696F 
 1324      735F7472 
 1324      756E6B2F 
 1325              	.LASF64:
 1326 01cb 73746464 		.ascii	"stddef.h\000"
 1326      65662E68 
 1326      00
 1327              	.LASF72:
 1328 01d4 3C627569 		.ascii	"<built-in>\000"
 1328      6C742D69 
 1328      6E3E00
 1329              	.LASF71:
 1330 01df 63687072 		.ascii	"chprintf.c\000"
 1330      696E7466 
 1330      2E6300
 1331              	.LASF60:
 1332 01ea 2F686F6D 		.ascii	"/home/rob/Projects/ChibiStudio/ChibiStudio_23/tools"
 1332      652F726F 
 1332      622F5072 
 1332      6F6A6563 
 1332      74732F43 
 1333 021d 2F474E55 		.ascii	"/GNU Tools ARM Embedded/11.3.1 2022q3/arm-none-eabi"
 1333      20546F6F 
 1333      6C732041 
 1333      524D2045 
 1333      6D626564 
 1334 0250 2F696E63 		.ascii	"/include/machine\000"
 1334      6C756465 
 1334      2F6D6163 
 1334      68696E65 
 1334      00
 1335              	.LASF56:
 1336 0261 2F686F6D 		.ascii	"/home/rob/Projects/ChibiStudio/ChibiStudio_23/works"
ARM GAS  /tmp/ccmlpSvV.s 			page 28


 1336      652F726F 
 1336      622F5072 
 1336      6F6A6563 
 1336      74732F43 
 1337 0294 70616365 		.ascii	"pace_trunk/STM32_GPIB_firmware/\000"
 1337      5F747275 
 1337      6E6B2F53 
 1337      544D3332 
 1337      5F475049 
 1338              	.LASF70:
 1339 02b4 6D656D73 		.ascii	"memstreams.h\000"
 1339      74726561 
 1339      6D732E68 
 1339      00
 1340              		.text
 1341              		.section	.gnu.lto_.profile.40d3c4266427eef5,"e",%progbits
 1342 0000 789CE360 		.ascii	"x\234\343`\000\002FF\020\311\000\000\000y\000\013"
 1342      00024646 
 1342      10C90000 
 1342      0079000B 
 1343              		.text
 1344              		.section	.gnu.lto_.icf.40d3c4266427eef5,"e",%progbits
 1345 0000 789C3BCA 		.ascii	"x\234;\312\200\000\254\014\213\247/?\315\311\306\304"
 1345      8000AC0C 
 1345      8BA72F3F 
 1345      CDC9C6C4 
 1346 0010 80808CAB 		.ascii	"\200\200\214\253\236\315\350c\263bb\004B&&f&\026&V0"
 1346      9ECDE863 
 1346      B3626204 
 1346      42262666 
 1346      26162656 
 1347 0025 9B18C880 		.ascii	"\233\030\310\200\003\302\314A\247\221\345\330\200\360"
 1347      03C2CC41 
 1347      A791E5D8 
 1347      80F0
 1348 0033 E78B33D3 		.ascii	"\347\2133\323\330Y\230\330!\220\371B\363\215~f\0160"
 1348      D85998D8 
 1348      2190F942 
 1348      F38D7E66 
 1348      0E30
 1349 0045 87838913 		.ascii	"\207\203\211\023\254\232\223\211\223\345\367\363\303"
 1349      AC9A9389 
 1349      93E5F7F3 
 1349      C3
 1350 0052 0DFC7055 		.ascii	"\015\374pU\014\000h\262\021B"
 1350      0C0068B2 
 1350      1142
 1351              		.text
 1352              		.section	.gnu.lto_.ipa_sra.40d3c4266427eef5,"e",%progbits
 1353 0000 789C9BCC 		.ascii	"x\234\233\314\200\000\314\014,\014h\200\231\221\031"
 1353      8000CC0C 
 1353      2C0C6880 
 1353      999119
 1354 000f 48B22054 		.ascii	"H\262 T\000\001\023c\003T\200\221\024&3\302p\016\006"
 1354      00011363 
 1354      03548091 
 1354      142633C2 
ARM GAS  /tmp/ccmlpSvV.s 			page 29


 1354      700E06
 1355 0022 76B06960 		.ascii	"v\260i`\343\030\233\240\022L\030\266s2\000\000Y\226"
 1355      E3189BA0 
 1355      124C18B6 
 1355      73320000 
 1355      5996
 1356 0034 0403     		.ascii	"\004\003"
 1357              		.text
 1358              		.section	.gnu.lto_.inline.40d3c4266427eef5,"e",%progbits
 1359 0000 789C8D50 		.ascii	"x\234\215P\273JCA\020=sv\262I\356\275\030\025-\364\003"
 1359      BB4A4341 
 1359      103D7376 
 1359      B249EEBD 
 1359      18152DF4 
 1360 0015 2CFC987C 		.ascii	",\374\230|\204\017\242D\233|@0\376\200ilbk!\0266\376"
 1360      840FA244 
 1360      9B7C4030 
 1360      FE80696C 
 1360      626B2116 
 1361 002b 8085B715 		.ascii	"\200\205\267\025\301\302\312\306J+-\004+\301\231]\022"
 1361      C1C2CAC6 
 1361      4A2B2D04 
 1361      2BC1995D 
 1361      12
 1362 003c 1414320C 		.ascii	"\024\0242\014\313\231\235\307\2319\265`f\015`\355\371"
 1362      CB999DC7 
 1362      9939B560 
 1362      660D60ED 
 1362      F9
 1363 004d A59E84BE 		.ascii	"\245\236\204\276\2040`\021\233\236\014\302\302\263B"
 1363      84306011 
 1363      9B9E0CC2 
 1363      C2B342
 1364 005c 7F75C32A 		.ascii	"\177u\303*NC\037\210Gf\334!\010\315\020-0\241m,\246"
 1364      4E431F88 
 1364      4766DC21 
 1364      08CD102D 
 1364      30A16D2C 
 1365 0071 8EEA564E 		.ascii	"\216\352VN\036\337\357x(\3405_//\316x\000\224\037oO"
 1365      1EDFEF78 
 1365      28E0355F 
 1365      2F2FCE78 
 1365      00941F6F 
 1366 0086 9FEC79A3 		.ascii	"\237\354y\243Y\354\030\211B\306]\230Cr<\356\372\207"
 1366      59EC1889 
 1366      42C65D98 
 1366      43723CEE 
 1366      FA87
 1367 0098 CF682C59 		.ascii	"\317h,Y\031\257\024\017m\314\260\3452\376Z\306\361\246"
 1367      19AF140F 
 1367      6DCCB0E5 
 1367      32FE5AC6 
 1367      F1A6
 1368 00aa 61EB619E 		.ascii	"a\353a\236\220q\275\356\230Z\332:7\241\007\347\032\031"
 1368      9071BDEE 
 1368      985ADA3A 
 1368      37A107E7 
ARM GAS  /tmp/ccmlpSvV.s 			page 30


 1368      1A19
 1369 00bc 1EFEDA7B 		.ascii	"\036\376\332{jb4\013~j\036a\036*x\217%\302\312\252\325"
 1369      6A62340B 
 1369      7E6A1E61 
 1369      1E2A788F 
 1369      25C2CAAA 
 1370 00d1 9F734F28 		.ascii	"\237sO(\003\226q\3375\021a\351b\024i\326\356\177b8#"
 1370      039671DF 
 1370      351161E9 
 1370      621469D6 
 1370      EE7F6238 
 1371 00e6 B7142D4D 		.ascii	"\267\024-M\362&\212\351\245)\372q\267je\325\367\363"
 1371      F2268AE9 
 1371      A529FA71 
 1371      B76A65D5 
 1371      F7F3
 1372 00f8 EC1A3B48 		.ascii	"\354\032;H\022\341\217u\361\015j\024PQ"
 1372      12E18F75 
 1372      F10D6A14 
 1372      5051
 1373              		.text
 1374              		.section	.gnu.lto_.jmpfuncs.40d3c4266427eef5,"e",%progbits
 1375 0000 789CAD52 		.ascii	"x\234\255RA\016\202@\014\354\224\025\010j\320\253'\356"
 1375      410E8240 
 1375      0CEC9415 
 1375      086AD0AB 
 1375      27EE
 1376 0012 5EF892F1 		.ascii	"^\370\222\361\344+\372+M\214\032\377\341W\214X\032\302"
 1376      E42BFA2B 
 1376      4D8C1AFF 
 1376      E1578C58 
 1376      1AC2
 1377 0024 AE81550E 		.ascii	"\256\201U\0166t\263\335\266\3232\355:\241^f\344\240"
 1377      3674B3DD 
 1377      B6D332ED 
 1377      3AA15E66 
 1377      E4A0
 1378 0036 520A9370 		.ascii	"R\012\223p!\274\320\023\211\276d\302\2110\204\2279\021"
 1378      21BCD013 
 1378      89BE64C2 
 1378      89308497 
 1378      3911
 1379 0048 EE0EA4DA 		.ascii	"\356\016\244\332\250\224\340t\017\250\232\345\235B\376"
 1379      A894E074 
 1379      0FA89AE5 
 1379      9D42FE
 1380 0057 BED1A007 		.ascii	"\276\321\240\007!o\217\025\247\031\274\213h\010\210"
 1380      216F8F15 
 1380      A719BC8B 
 1380      680888
 1381 0066 23704208 		.ascii	"#pB\010e\351\205=\024\226\3048#\300p.,\327u\322\333"
 1381      65E9853D 
 1381      1496C438 
 1381      23C0702E 
 1381      2CD775D2 
 1382 007b B596DFA1 		.ascii	"\265\226\337\241R\255\245\372\036\332\200~\205(\032"
 1382      52ADA5FA 
ARM GAS  /tmp/ccmlpSvV.s 			page 31


 1382      1EDA807E 
 1382      85281A
 1383 008a 2EC0157F 		.ascii	".\300\025\177\300\262\020f(\307\254\037\330\273\236"
 1383      C0B21066 
 1383      28C7AC1F 
 1383      D8BB9E
 1384 0099 2117E908 		.ascii	"!\027\351\010\212\023\014\201\225\212\010\004c\033\020"
 1384      8A130C81 
 1384      958A0804 
 1384      631B10
 1385 00a8 9604739E 		.ascii	"\226\004s\236\303\006\233F\022\235\360\260\264\355L"
 1385      C3069B46 
 1385      129DF0B0 
 1385      B4ED4C
 1386 00b7 1ECD20C4 		.ascii	"\036\315 \304\177\271[\232\003H\365\325Z\214\333\307"
 1386      7FB95B9A 
 1386      0348F5D5 
 1386      5A8CDBC7 
 1387 00c7 306DE194 		.ascii	"0m\341\224\013Xk1N\362i\234\214\264?\235&z\0035\006"
 1387      0B586B31 
 1387      4EF2699C 
 1387      8CB43F9D 
 1387      267A0335 
 1388 00dc BAB1     		.ascii	"\272\261"
 1389              		.text
 1390              		.section	.gnu.lto_.pureconst.40d3c4266427eef5,"e",%progbits
 1391 0000 789C1360 		.ascii	"x\234\023````e\230\305\302\270\213\205i\006\013\363"
 1391      60606065 
 1391      98C5C2B8 
 1391      8B856906 
 1391      0BF3
 1392 0012 2C169619 		.ascii	",\026\226\031,\000\033\310\003R"
 1392      2C001BC8 
 1392      0352
 1393              		.text
 1394              		.section	.gnu.lto_.ipa_modref.40d3c4266427eef5,"e",%progbits
 1395 0000 789C4B64 		.ascii	"x\234Kd```c\200\000\026Ff\021\006\006\005\001\001F\010"
 1395      60606063 
 1395      80001646 
 1395      66110606 
 1395      05010146 
 1396 0015 D1D270A1 		.ascii	"\321\322p\241\241\241\253a\001#\220P`b\022\027\007\212"
 1396      A1A1AB61 
 1396      01239050 
 1396      60621217 
 1396      078A
 1397 0027 82E51918 		.ascii	"\202\345\031\030\332\0264\034\230\250\300\314\"*/\316"
 1397      DA16341C 
 1397      98A8C0CC 
 1397      222A2FCE 
 1398 0037 0013056A 		.ascii	"\000\023\005j\350\234\320\330\330\326\310\310\302,\216"
 1398      E89CD0D8 
 1398      D8D6C8C8 
 1398      C22C8E
 1399 0046 A2780350 		.ascii	"\242x\003P\361\202\211\002\014\254z\311\376\012\014"
 1399      F1828902 
 1399      0CAC7AC9 
ARM GAS  /tmp/ccmlpSvV.s 			page 32


 1399      FE0A0C
 1400 0055 00336115 		.ascii	"\0003a\025\213"
 1400      8B
 1401              		.text
 1402              		.section	.gnu.lto_.lto.40d3c4266427eef5,"e",%progbits
 1403 0000 0B000300 		.ascii	"\013\000\003\000\001\000\000\000"
 1403      01000000 
 1404              		.text
 1405              		.section	.gnu.lto_long_to_string_with_divisor.385.40d3c4266427eef5,"e",%progbits
 1406 0000 789C5D54 		.ascii	"x\234]TkLTG\024\2363\347\356\275{\367\001k\312B\344"
 1406      6B4C5447 
 1406      149E33E7 
 1406      EEBD7BF7 
 1406      016BCA42 
 1407 0015 111608FD 		.ascii	"\021\026\010\375cd+\332\226\376 !\265im\023\023\023"
 1407      63642BDA 
 1407      96FE2021 
 1407      B5696D13 
 1407      1313
 1408 0027 DA7F4D08 		.ascii	"\332\177M\010 \206U`a\027\252\177\014\227\327n\012)"
 1408      20865560 
 1408      6117AA7F 
 1408      0C97D76E 
 1408      0A29
 1409 0039 B8560255 		.ascii	"\270V\002U+\266i\032S[\014D\221\022K7\242\010M,\226"
 1409      2BB6691A 
 1409      535B0C44 
 1409      91124B37 
 1409      A2084D2C 
 1410 004e 84BEB0B6 		.ascii	"\204\276\260\2661i\2536\021l\243m\255u{f.\\\226\022"
 1410      3169AB36 
 1410      116CA36D 
 1410      AD757B66 
 1410      2E5C9612 
 1411 0062 EECC9939 		.ascii	"\356\314\2319\337w\316\231o\316N\216\312\330\004c\354"
 1411      DF77CE99 
 1411      6FCE4E8E 
 1411      CAD80463 
 1411      EC
 1412 0073 017DE066 		.ascii	"\001}\340fp8\326\315\231a\030e\032\347\235\261\036\016"
 1412      7038D6CD 
 1412      99611865 
 1412      1AE79DB1 
 1412      1E0E
 1413 0085 B3402B9F 		.ascii	"\263@+\237\322\021K\2213\302\021\013\241@\177\314!-"
 1413      D2114B91 
 1413      33C2110B 
 1413      A1407FCC 
 1413      212D
 1414 0097 1B8F2461 		.ascii	"\033\217$a\243+X\025\006,\254\306\217\037\032\315#\304"
 1414      A32B5815 
 1414      062CACC6 
 1414      8F1F1ACD 
 1414      23C4
 1415 00a9 FCF2C312 		.ascii	"\374\362\303\022e\360\320M\030\356\353\322\024\027\364"
 1415      65F0D04D 
 1415      18EEEBD2 
ARM GAS  /tmp/ccmlpSvV.s 			page 33


 1415      1417F4
 1416 00b8 8F784C84 		.ascii	"\217xL\204\035\3369\374>HS\347\307\222\300GW\301NBD"
 1416      1DDE39FC 
 1416      3E4853E7 
 1416      C792C047 
 1416      57C14E42 
 1417 00cd 56E239A0 		.ascii	"V\3429\240-\326\2754xV1\223\226i\300Z9*6Us\331u\247"
 1417      2DD6BD34 
 1417      78563193 
 1417      9669C05A 
 1417      392A3655 
 1418 00e5 035AD1C6 		.ascii	"\003Z\321\306\326\376t\006q\005\036'\022\011\3152V}"
 1418      D6FE7406 
 1418      71051E27 
 1418      1209CD32 
 1418      567D
 1419 00f7 EFA10DD4 		.ascii	"\357\241\015\324'@\241\321\013>\177\3340\376\272\374"
 1419      2740A1D1 
 1419      0B3E7FDC 
 1419      30FEBAFC 
 1420 0107 DB4FB3DA 		.ascii	"\333O\263\332\361Sq\245\225\035\034\207\363 `6\260\277"
 1420      F15371A5 
 1420      951D1C87 
 1420      F3206036 
 1420      B0BF
 1421 0119 096C33B9 		.ascii	"\011l3\271\257\335\0327\014\235\265N\300\212\223\263"
 1421      AFDD1A37 
 1421      0C9DB54E 
 1421      C08A93B3 
 1422 0129 1E98D709 		.ascii	"\036\230\327\011p\222\000T\314\362\334d\323\016\355"
 1422      70920054 
 1422      CCF2DC64 
 1422      D30EED
 1423 0138 82E5E63D 		.ascii	"\202\345\346=\260(\334\037\230\374\345o\277n\332\261"
 1423      B028DC1F 
 1423      98FCE56F 
 1423      BF6EDAB1 
 1424 0148 C8262D3F 		.ascii	"\310&-?\366\300/\302\377\321\012\375;A\217'\323\357"
 1424      F6C02FC2 
 1424      FFD10AFD 
 1424      3B418F27 
 1424      D3EF
 1425 015a E9B28051 		.ascii	"\351\262\200Q\240q\223\200\\\037k\2341\024\355\"X\365"
 1425      A0719380 
 1425      5C1F6B9C 
 1425      3114ED22 
 1425      58F5
 1426 016c F5C08083 		.ascii	"\365\300\200\203 \347V!\327\006E\225>\355R2\244W@\316"
 1426      20E75621 
 1426      D7064595 
 1426      3EED5232 
 1426      A45740CE 
 1427 0180 4B882864 		.ascii	"K\210(dqTDi\235N\206t\011\310\247V\242\357{\243\206"
 1427      71544469 
 1427      9D4E8674 
 1427      09C8A756 
 1427      A2EF7BA3 
ARM GAS  /tmp/ccmlpSvV.s 			page 34


 1428 0195 A7D3779D 		.ascii	"\247\323w\235\315$\203\036\351N6\013W\3402L\001;(Z\207"
 1428      CD24831E 
 1428      E94E360B 
 1428      57E0324C 
 1428      013B285A 
 1429 01aa 31056600 		.ascii	"1\005f\000\246\001.\001\\\2043\363\266\270\361(\321"
 1429      A6012E01 
 1429      5C8433F3 
 1429      B6B8F128 
 1429      D1
 1430 01bb 6718735D 		.ascii	"g\030s]\360\353\273/>\011\214+\234>d\334\2460\302\331"
 1430      F0EBBB2F 
 1430      3E098C2B 
 1430      9C3E64DC 
 1430      A630C2D9 
 1431 01cf 68A1D2A7 		.ascii	"h\241\322\247\321gg0\001:y\034\302p2\212\344\022\203"
 1431      D1676730 
 1431      013A791C 
 1431      C270328A 
 1431      E41283
 1432 01e2 5B0053C4 		.ascii	"[\000S\304\220\312(\256\207Q\344\015bH\003\270\000^"
 1432      90CA28AE 
 1432      8751E40D 
 1432      624803B8 
 1432      005E
 1433 01f4 8038A403 		.ascii	"\2008\244\00312\004d#\300$d\012Z\226\030\262\305\220"
 1433      31320464 
 1433      23C02464 
 1433      0A5A9618 
 1433      B2C590
 1434 0207 231CB982 		.ascii	"#\034\271\202\353\023\264<\261\227/\366\012D\242B\261"
 1434      EB13B43C 
 1434      B1972FF6 
 1434      0A44A242 
 1434      B1
 1435 0218 64EC04B2 		.ascii	"d\354\004\262\345\207\247J\300\21036\204\\\332md\377"
 1435      E587A74A 
 1435      C0883336 
 1435      845CDA6D 
 1435      64FF
 1436 022a C98D9BE7 		.ascii	"\311\215\233\347\334r\032\0039\215\233\323\0051\265"
 1436      DC721A03 
 1436      398D9BD3 
 1436      0531B5
 1437 0239 9F745258 		.ascii	"\237tRXL\223;\237\273\331\003\336y{*\023\275\252\006"
 1437      4C933B9F 
 1437      BBD903DE 
 1437      797B2A13 
 1437      BDAA06
 1438 024c 665F0D21 		.ascii	"f_\015!\216\177v$\333\012\265\340\225\254-T\007z\245"
 1438      8E7F7624 
 1438      DB0AB5E0 
 1438      95AC2D54 
 1438      077AA5
 1439 025f 5F494AD5 		.ascii	"_IJ\325^&\012D\217\204.\356\244\256f\377\360\216\263"
 1439      5E260A44 
 1439      8F842EEE 
ARM GAS  /tmp/ccmlpSvV.s 			page 35


 1439      A4AE66FF 
 1439      F08EB3
 1440 0272 91CD9881 		.ascii	"\221\315\230\201\351\324\236N\201\361Q\345\230\301X"
 1440      E9D49E4E 
 1440      81F151E5 
 1440      98C158
 1441 0281 143D98C6 		.ascii	"\024=\230\306{\337R\321\213\037\272)\222\215\256\312"
 1441      7BDF52D1 
 1441      8B1FBA29 
 1441      928DAECA 
 1442 0291 50D687DA 		.ascii	"P\326\207\332@&\027%\246J\203\230\346Y~\220\301\205"
 1442      40261725 
 1442      A64A8398 
 1442      E6597E90 
 1442      C185
 1443 02a3 F5A39772 		.ascii	"\365\243\227r\264?\216^\345(P\224o>\002(\026\033MG)"
 1443      B43F8E5E 
 1443      E5285094 
 1443      6F3E0228 
 1443      161B4D47 
 1444 02b8 66223713 		.ascii	"f\"7\023\317\000fJ\322=A\3528\021)\305,\314T\2573x\312"
 1444      CF00664A 
 1444      D23D41EA 
 1444      381129C5 
 1444      2CCC54AF 
 1445 02cf 026449C0 		.ascii	"\002dI\300\037^\241\305\215\251*\314\022\356\347\204"
 1445      1F5EA1C5 
 1445      8DA92ACC 
 1445      12EEE784 
 1446 02df 16517463 		.ascii	"\026Qtc\206r\343\023\300\034\327\227sj\024S1M\271{\032"
 1446      8672E313 
 1446      C01CD797 
 1446      736A1453 
 1446      314DB97B 
 1447 02f4 30D77563 		.ascii	"0\327uc\011\242\270\001=\212\302\320\347\272\333\367"
 1447      09A2B801 
 1447      3D8AC2D0 
 1447      E7BADBF7 
 1448 0304 8AA86E08 		.ascii	"\212\250n\010\3256:\021\267\304\273\237cf\275\012\230"
 1448      D5363A11 
 1448      B7C4BB9F 
 1448      6366BD0A 
 1448      98
 1449 0315 6DA67DD6 		.ascii	"m\246}\326J\233-\305\324\376/\001y\234\222\373\367k"
 1449      4A9B2DC5 
 1449      D4FE2F01 
 1449      799C92FB 
 1449      F76B
 1450 0327 969A0B54 		.ascii	"\226\232\013T\000\272INz\000\022\251\226\2449\346q\001"
 1450      00BA494E 
 1450      7A0012A9 
 1450      96A439E6 
 1450      7101
 1451 0339 912864FE 		.ascii	"\221(d\376\336\015\364\032\264\002\373X\274-\267x\313"
 1451      DE0DF41A 
 1451      B402FB58 
 1451      BC2DB778 
ARM GAS  /tmp/ccmlpSvV.s 			page 36


 1451      CB
 1452 034a 0B5F0143 		.ascii	"\013_\001C\224\321\036\312P\023t~\333\232Pt\020zod8"
 1452      94D11ECA 
 1452      5013747E 
 1452      DB9A5074 
 1452      107A6F64 
 1453 035f 123C5702 		.ascii	"\022<W\002\377\275\015\246\3632G\225nC\262\0005ZX,\037"
 1453      FFBD0DA6 
 1453      F3324795 
 1453      6E43B200 
 1453      355A582C 
 1454 0374 6A268BEE 		.ascii	"j&\213\356\313'd\2733u\207,\370\002L\325\234\230e\353"
 1454      CB2764BB 
 1454      3375872C 
 1454      F8024CD5 
 1454      9C9865EB 
 1455 0388 5DA223AA 		.ascii	"]\242#\252\303gTjTW\254\353\233+\010B \373\272>\215"
 1455      C367546A 
 1455      5457ACEB 
 1455      9B2B0842 
 1455      20FBBA3E 
 1456 039d 4DCBB2C6 		.ascii	"M\313\262\306\250_\362\250c\024K\234<\021F\301\034\215"
 1456      A85FF2A8 
 1456      63144B9C 
 1456      3C1146C1 
 1456      1C8D
 1457 03af 6427966E 		.ascii	"d'\226n\251\004\246Jt\372\024\331\037\204uIc\002\320"
 1457      A904A64A 
 1457      74FA14D9 
 1457      1F847549 
 1457      6302D0
 1458 03c2 2163BE3D 		.ascii	"!c\276=\255\257vJ\37747\005\274\017\230\217)\260\305"
 1458      ADAF764A 
 1458      FF343705 
 1458      BC0F988F 
 1458      29B0C5
 1459 03d5 922EDFDC 		.ascii	"\222.\337\334/\305\002t\254nS\204\002q\302\243=?\003"
 1459      2FC50274 
 1459      AC6E5384 
 1459      0271C2A3 
 1459      3D3F03
 1460 03e8 EA52437B 		.ascii	"\352RC{K\025Ihj\273\000\253\262\356\025\262\3522\303"
 1460      4B154968 
 1460      6ABB00AB 
 1460      B2EE15B2 
 1460      EA32C3
 1461 03fb 40C46DDE 		.ascii	"@\304m\3360`!\272\240\310:@\241\224e;\026\302&S\023"
 1461      306021BA 
 1461      A0C83A40 
 1461      A194653B 
 1461      16C22653 
 1462 0410 07A6DBA9 		.ascii	"\007\246\333\251W\012\234\303#\257S}Qta\236\275w$\015"
 1462      570A9CC3 
 1462      23AF537D 
 1462      5174619E 
 1462      BD77240D 
 1463 0424 0B9D9323 		.ascii	"\013\235\223#\265QLA\305>\235\212\371\344?@\2229\327"
ARM GAS  /tmp/ccmlpSvV.s 			page 37


 1463      B5514C41 
 1463      C53E9D8A 
 1463      F9E43F40 
 1463      9239D7
 1464 0437 2473AC93 		.ascii	"$s\254\223\354\030I\226\240\037\344\323h\227q\355X\240"
 1464      EC184996 
 1464      A01FE4D3 
 1464      689771ED 
 1464      58A0
 1465 0449 0F8F6413 		.ascii	"\017\217d\023\005\254\347\200\261r\177m\260\276\306"
 1465      05ACE780 
 1465      B1727F6D 
 1465      B0BEC6
 1466 0458 1F0A56F9 		.ascii	"\037\012V\371w\205\202{k\252\233\303\376\355\265\201"
 1466      7785827B 
 1466      6BAA9BC3 
 1466      FEEDB581 
 1467 0468 AA407973 		.ascii	"\252@ys\313\356@0\331\256(\336\352\337\037\014\355\013"
 1467      CBEE4030 
 1467      D9AE28DE 
 1467      EADF1F0C 
 1467      ED0B
 1468 047a 375656D7 		.ascii	"7VV\327T4\207Z\032\366\371\313_\335\271\265\270\342"
 1468      5434875A 
 1468      1AF6F9CB 
 1468      5FDDB9B5 
 1468      B8E2
 1469 048c A55D2F3F 		.ascii	"\245]/?_\261'\020\252\337_\031\252\361\263\342\242\""
 1469      5FB12710 
 1469      AADF5F19 
 1469      AAF1B3E2 
 1469      A222
 1470 049e 3FFD570B 		.ascii	"?\375W\013j0\274\202\014\206\375\265\225u\376\272@\225"
 1470      6A30BC82 
 1470      0C86FDB5 
 1470      9575FEBA 
 1470      4095
 1471 04b0 3FDC1CAA 		.ascii	"?\334\034\252\251\254\017\023\2401\024hh\336ST\315\240"
 1471      A9AC0F13 
 1471      A0311468 
 1471      68DE5354 
 1471      CDA0
 1472 04c2 316D6D55 		.ascii	"1mmUT\365\314\326\222\352m\333J\0306\264\324\333B\225"
 1472      54F5CCD6 
 1472      92EA6DDB 
 1472      4A1836B4 
 1472      D4DB4295 
 1473 04d6 BB0307B4 		.ascii	"\273\003\007\264\335\2017\002\341`\210\327\325A\035"
 1473      DD813702 
 1473      E16088D7 
 1473      D5411D
 1474 04e5 3441E03F 		.ascii	"4A\340?x\262PC"
 1474      78B25043 
 1475              		.text
 1476              		.section	.gnu.lto_chvprintf.387.40d3c4266427eef5,"e",%progbits
 1477 0000 789C7D5A 		.ascii	"x\234}Z\007\\\225G\266\2373s\351\315\202\306\026\305"
 1477      075C9547 
ARM GAS  /tmp/ccmlpSvV.s 			page 38


 1477      B69F3373 
 1477      E9CD82C6 
 1477      16C5
 1478 0012 828A2828 		.ascii	"\202\212((\366n\3545o\363\363\275\267\277\267/\211\301"
 1478      F66EEC35 
 1478      6FF3F3BD 
 1478      B7BFB72F 
 1478      89C1
 1479 0024 9248A4B8 		.ascii	"\222H\244\270\2001\321\354\343*\021\254\010V\212\202"
 1479      8031D1EC 
 1479      E32A11AC 
 1479      08568A82 
 1480 0034 6262D075 		.ascii	"bb\320u-\221l\324U4\032\261\240\240`\227bblDQ\2371\226"
 1480      2D916CD4 
 1480      55341AB1 
 1480      A0A06097 
 1480      62626C44 
 1481 004c 28BE7366 		.ascii	"(\276sf\276\371\356w]\336\362\363\316\2359s\352\177"
 1481      BEF9EE77 
 1481      5DDEF2F3 
 1481      CE9D3973 
 1481      EA7F
 1482 005e CE9999EF 		.ascii	"\316\231\231\357\273\316\013d\314\017\030\363qe\014"
 1482      BBCE0B64 
 1482      CC0F18F3 
 1482      71650C
 1483 006d DE66B022 		.ascii	"\336f\260\"m1gv\273}\210\033\207Ui\236\262'`U7\331\261"
 1483      6D316776 
 1483      BB7D881B 
 1483      8755699E 
 1483      B2276055 
 1484 0084 F105694B 		.ascii	"\361\005iK8T\300\205u\371`KJ\363\335z\275h\220\315\005"
 1484      3854C085 
 1484      75F9604B 
 1484      4AF3DD7A 
 1484      BD6890CD 
 1485 0099 D237E5AE 		.ascii	"\3227\345\256\252,\373T\362\270\362\3444\257g9_\266"
 1485      AA2CFB54 
 1485      F2B8F2E4 
 1485      34AF6739 
 1485      5FB6
 1486 00ab B2A5A7FE 		.ascii	"\262\245\247\376\004\311\327\256\006\330\334`e\332\342"
 1486      04C9D7AE 
 1486      06D8DC60 
 1486      65DAE2
 1487 00ba AAADBE72 		.ascii	"\252\255\276r\336\235g\244~\003w7\375\330\310\226\211"
 1487      DE9D67A4 
 1487      7E037737 
 1487      FDD8C896 
 1487      89
 1488 00cb 0CABCAB3 		.ascii	"\014\253\312\263;\331< sEnke\326\223g\245~\323\032m"
 1488      3BD93C20 
 1488      73456E6B 
 1488      65D69367 
 1488      A57ED31A 
 1489 00e0 4896759A 		.ascii	"H\226u\232\305\013\326\231,\336|\275\205%[\263\370@"
 1489      C50BD699 
ARM GAS  /tmp/ccmlpSvV.s 			page 39


 1489      2CDE7CBD 
 1489      85255BB3 
 1489      F840
 1490 00f2 B6C9E2CB 		.ascii	"\266\311\342\313s\024\313\222\343\033\002mY\211\271"
 1490      7314CB92 
 1490      E31B026D 
 1490      5989B9
 1491 0101 2D1E7F57 		.ascii	"-\036\177W\325\314V\304 o>(\026?\330\206\354\310\"G"
 1491      D5CC56C4 
 1491      206F3E28 
 1491      163FD886 
 1491      ECC82247 
 1492 0115 F5F81674 		.ascii	"\365\370\026t\353\342\261\303\302\266\025\025n\331s"
 1492      EBE2B1C3 
 1492      C2B61515 
 1492      6ED973
 1493 0124 6080ADBE 		.ascii	"`\200\255\276\014,\273*O\2614\340\177E\0269\263\015"
 1493      0C2CBB2A 
 1493      4FB134E0 
 1493      7F451639 
 1493      B30D
 1494 0136 59246F43 		.ascii	"Y$oC\310[\261\371\341\375\033\256\222\303\237\377M\307"
 1494      C85BB1F9 
 1494      E1FD1BAE 
 1494      92C39FFF 
 1494      4DC7
 1495 0148 B65F7BD5 		.ascii	"\266_{\325\210oG\232\004l\007\322$b\215\245\342\355"
 1495      886F479A 
 1495      046C07D2 
 1495      24628DA5 
 1495      E2ED
 1496 015a 8F3628C5 		.ascii	"\2176(\305o\360=\310\"=\315\324\2366\201\375+r\325t"
 1496      6FF03DC8 
 1496      223DCDD4 
 1496      9E3681FD 
 1496      2B72D574 
 1497 016e 53BE4FBB 		.ascii	"S\276O\273\266\036\247\245\003\247\031\374C\007\322"
 1497      B61EA7A5 
 1497      03A719FC 
 1497      4307D2
 1498 017d 4C6AAB79 		.ascii	"Lj\253y\274\323C\007s\3222\333\234\357UHH\271\375\332"
 1498      BCD34307 
 1498      73D232DB 
 1498      9CEF5548 
 1498      48B9FDDA 
 1499 0191 F116BC00 		.ascii	"\361\026\274\000\225\242\207\236\266\003HC\237{\332"
 1499      95A2879E 
 1499      B6034843 
 1499      9F7BDA
 1500 01a0 DE9434E9 		.ascii	"\336\2244\351\376q\355~K~P\273\177B\273\337J\341\362"
 1500      FE71ED7E 
 1500      4B7E50BB 
 1500      7F42BBDF 
 1500      4AE1F2
 1501 01b3 CC703F00 		.ascii	"\314p?\000N\230\270\267v{\226\232\013'\276\\\341\341"
 1501      4E98B8B7 
 1501      767B969A 
ARM GAS  /tmp/ccmlpSvV.s 			page 40


 1501      0B27BE5C 
 1501      E1E1
 1502 01c5 7A5577EE 		.ascii	"zUw\356\351\316/\272sWwN\352N\221\356\264\201\347+r"
 1502      E9CE2FBA 
 1502      7357774E 
 1502      EA4E91EE 
 1502      B481E72B 
 1503 01da 1F56DC72 		.ascii	"\037V\334r\321\261\264\345\247\320\201\233\2472\032"
 1503      D1B1B4E5 
 1503      A7D0819B 
 1503      A7321A
 1504 01e9 DA4EA303 		.ascii	"\332N\243\003\231\273ov\266\265\203\323\246\305@^\254"
 1504      99BB6F76 
 1504      B6B583D3 
 1504      A6C5405E 
 1504      AC
 1505 01fa E2C35180 		.ascii	"\342\303Q\200\255\004Yd\247=\224\230,\035\3402\227\235"
 1505      AD045964 
 1505      A73D9498 
 1505      2C1DE032 
 1505      979D
 1506 020c 8E7079C5 		.ascii	"\216py\305f\2456\210_\261\300\362\\\303\322\211_\322"
 1506      66A53688 
 1506      5FB1C0F2 
 1506      5CC3D289 
 1506      5FD2
 1507 021e 6B6CD282 		.ascii	"kl\322\202y9\322\244\326\012\255\2763T\352\345\351B"
 1507      7939D2A4 
 1507      D60AADBE 
 1507      3354EAE5 
 1507      E942
 1508 0230 5DC35208 		.ascii	"]\303R\010\257RZ\021\273f\266\333\012\330@[(Tk\356\256"
 1508      AF525A11 
 1508      BB66B6DB 
 1508      0AD8405B 
 1508      28546BEE 
 1509 0245 FC8E5656 		.ascii	"\374\216VV\255\225u\243iCC\030\305\277k]\220\016\277"
 1509      AD9575A3 
 1509      69434318 
 1509      C5BF6B5D 
 1509      900EBF
 1510 0258 3BDCC3F1 		.ascii	";\334\303\361\011\0179\350!\007\247\325\240'\257\321"
 1510      090F39E8 
 1510      2107A7D5 
 1510      A027AFD1 
 1511 0268 9AEE6B4D 		.ascii	"\232\356kM\275\340\2516\324\233\272\206\322>R\351\035"
 1511      BDE0A936 
 1511      D49BBA86 
 1511      D23E52E9 
 1511      1D
 1512 0279 53695F39 		.ascii	"Si_9\276\253\364\364\343\277k\361\027Za\177xa\012\017"
 1512      BEABF4F4 
 1512      E3BF6BF1 
 1512      175A617F 
 1512      78610A0F 
 1513 028d E02F554C 		.ascii	"\340/UL76.\361\261-\305\014\314\252\3745\3146\220\277"
 1513      37362EF1 
ARM GAS  /tmp/ccmlpSvV.s 			page 41


 1513      B12DC50C 
 1513      CCAAFC35 
 1513      CC3690BF 
 1514 02a1 D2C952AB 		.ascii	"\322\311R\253\223e\220\203\266\010\371$m0_\230\230\333"
 1514      93659083 
 1514      B608F924 
 1514      6D305F98 
 1514      98DB
 1515 02b3 D8997688 		.ascii	"\330\231v\210\301\"\314 \2332\360=\203\305\233r\375"
 1515      C122CC20 
 1515      9B32F03D 
 1515      83C59B72 
 1515      FD
 1516 02c4 65FF30E3 		.ascii	"e\3770\343\353\022s\327\330\320\\\351\203\347}\244\271"
 1516      EB1273D7 
 1516      D8D05CE9 
 1516      83E77DA4 
 1516      B9
 1517 02d5 EDCB17B8 		.ascii	"\355\313\027\270\331N\021S=%p\204\301\262M?)\201\037"
 1517      D94E1153 
 1517      3D257084 
 1517      C1B24D3F 
 1517      29811F
 1518 02e8 A86F081F 		.ascii	"\250o\010\037e|\211U8C\013\237`\260\\\013\027R\337\020"
 1518      657C8955 
 1518      38430B9F 
 1518      60B05C0B 
 1518      1752DF10 
 1519 02fc 3EC6788A 		.ascii	">\306x\212U 1\315W\362\037g0\317\334\007\201%pasqus"
 1519      552031CD 
 1519      57F21F67 
 1519      30CFDC07 
 1519      81257061 
 1520 0314 F7F0F4F2 		.ascii	"\367\360\364\362\366\361-b~\365\3527h\350\337\250\361"
 1520      F6F12D62 
 1520      7EF5EA37 
 1520      68E8DFA8 
 1520      F1
 1521 0325 1B4D9A9E 		.ascii	"\033M\232\236f\315N\262\346-\336l\331*\240u\233\266"
 1521      66CD4EB2 
 1521      E62DDE6C 
 1521      D92AA075 
 1521      9BB6
 1522 0337 ED02DB77 		.ascii	"\355\002\333w\350\030\324)\270s\227\220\320\256\335"
 1522      E818D429 
 1522      B8739790 
 1522      D0AEDD
 1523 0346 C2BAF7E8 		.ascii	"\302\272\367\350\331\253w\237\276\375\372\017\0308h"
 1523      D9AB779F 
 1523      BEFDFA0F 
 1523      183868
 1524 0355 F021F63D 		.ascii	"\360!\366=;\314N\261#\354\007v\224\235`\205\354\030"
 1524      3BCC4EB1 
 1524      23EC0776 
 1524      949D6085 
 1524      EC18
 1525 0367 433B09EE 		.ascii	"C;\011\3566\346\370\253g\3517\267\364\203\030\034\262"
ARM GAS  /tmp/ccmlpSvV.s 			page 42


 1525      36E6F8AB 
 1525      67E937B7 
 1525      F483181C 
 1525      B2
 1526 0378 C12BFC73 		.ascii	"\301+\374s3;z\3560\373\027\223G\377\325\3441\307\244"
 1526      333B7AEE 
 1526      30FB1793 
 1526      47FFD5E4 
 1526      31C7A4
 1527 038b 9FD9D193 		.ascii	"\237\331\321\223\033\205\013\2706\004\334\335]\033A"
 1527      1B850BB8 
 1527      3604DCDD 
 1527      5D1B41
 1528 039a 402842F1 		.ascii	"@(B\361\364\350/g\016\372\257\313;d+g,a\017|\007\304"
 1528      F4E82F67 
 1528      0EFAAFCB 
 1528      3B642B67 
 1528      2C610F7C 
 1529 03b0 E702EE8B 		.ascii	"\347\002\356\213\200u9d\267\2379\275\307n\367`\177\331"
 1529      80753964 
 1529      B79F39BD 
 1529      C76EF760 
 1529      7FD9
 1530 03c2 07C62487 		.ascii	"\007\306$\207ep\331\015\031r\015\206\032\3110w\277\311"
 1530      6570D90D 
 1530      19720D86 
 1530      1AC93077 
 1530      BFC9
 1531 03d4 C097C1CF 		.ascii	"\300\227\301\317\304\260\031\031R\221aIb\262\275\236"
 1531      C4B01919 
 1531      52916149 
 1531      62B2BD9E 
 1532 03e4 EDB30293 		.ascii	"\355\263\002\223A,\203\373n\322\310\026\3006\310\276"
 1532      412C83FB 
 1532      6ED2C816 
 1532      C036C8BE 
 1533 03f4 C1FEE072 		.ascii	"\301\376\340r\020T\263C\220@\326\341[\264\361\302]\272"
 1533      1054B343 
 1533      9040D6E1 
 1533      5BB4F1C2 
 1533      5DBA
 1534 0406 EA2D5DBD 		.ascii	"\352-]\275F\314{\2119\0305>X\276`\344N\273\373\354\037"
 1534      46CC7B89 
 1534      3918353E 
 1534      58BE60E4 
 1534      4EBBFBEC 
 1535 041b 20E1081C 		.ascii	" \341\010\034\226\016/\203\207\310\357~H\262`X;\027"
 1535      960E2F83 
 1535      87C8EF7E 
 1535      48B26058 
 1535      3B17
 1536 042d 2F40A35F 		.ascii	"/@\243_\004\270\025\202\031\3242\270M<\207%\017z\376"
 1536      04B81582 
 1536      19D432B8 
 1536      4D3C8725 
 1536      0F7AFE
 1537 0440 60D157CB 		.ascii	"`\321W\313}P\317\254\343\220\3203LqT\020\307I\315qf"
ARM GAS  /tmp/ccmlpSvV.s 			page 43


 1537      7D50CFAC 
 1537      E390D033 
 1537      4C715410 
 1537      C749CD71 
 1538 0455 4BBEDD2E 		.ascii	"K\276\335.\002f\235t0\224\022\303y\223!]1\234r0\034"
 1538      02669D74 
 1538      309412C3 
 1538      7993215D 
 1538      319C7230 
 1539 046a 23860AED 		.ascii	"#\206\012\355\307\203\2057\376|\334\216\330\026[\375"
 1539      C7838537 
 1539      FE7CDC8E 
 1539      D8165BFD 
 1540 047a 28209E2A 		.ascii	"( \236*\223\347\325\246%\276\251\363\334\313\331\031"
 1540      93E7D5A6 
 1540      25BEA9F3 
 1540      DCCBD919 
 1541 048a 2BD36E62 		.ascii	"+\323nb\272\241\231\316d\022\314\001\345\254\324\312"
 1541      BAA199CE 
 1541      6412CC01 
 1541      E5ACD4CA 
 1542 049a 93473CF7 		.ascii	"\223G<\367M\236c\211\366\321\274\234\235\263\262\344"
 1542      4D9E6389 
 1542      F6D1BC9C 
 1542      9DB3B2E4 
 1543 04aa 10CB4333 		.ascii	"\020\313C3\346\332\353\213)\346\270\013\016\217W\021"
 1543      E6DAEB8B 
 1543      29E6B80B 
 1543      0E8F5711 
 1544 04ba C75333A4 		.ascii	"\307S3\244<\031R\334%\007\303\022bxn2\254\227\236\374"
 1544      3C1952DC 
 1544      2507C312 
 1544      62786E32 
 1544      AC979EFC 
 1545 04ce F98AD5CA 		.ascii	"\371\212\325\312|bya\262d(\226r+\31337/V\001W\3412\\"
 1545      7C627961 
 1545      B2642896 
 1545      722BCB33 
 1545      372F5601 
 1546 04e6 84F35006 		.ascii	"\204\363P\006g\241\004NC\021\234\200cp\024\276\307\212"
 1546      67A1044E 
 1546      43119C80 
 1546      637014BE 
 1546      C78A
 1547 04f8 C4D47001 		.ascii	"\304\324p\001/\306b$4\224\\\017\322\023\227\373\246"
 1547      2FC66224 
 1547      34945C0F 
 1547      D21397FB 
 1547      A6
 1548 0509 022A8A91 		.ascii	"\002*\212\221\212\256\001w[\006\233=\214`^n\"pM3\327"
 1548      8AAE0177 
 1548      5B069B3D 
 1548      8C605E6E 
 1548      22704D33 
 1549 051e 40A56EAD 		.ascii	"@\245n\255\024\267K\361\225(\356\366\223!~\035\270\307"
 1549      14B74BF1 
 1549      9528EEF6 
ARM GAS  /tmp/ccmlpSvV.s 			page 44


 1549      93217E1D 
 1549      B8C7
 1550 0530 32D8E161 		.ascii	"2\330\341a\340\256\304q6\301\230U\342\363\271i\375H"
 1550      E0AEC471 
 1550      36C19855 
 1550      E2F3B969 
 1550      FD48
 1551 0542 268A5F65 		.ascii	"&\212_e7\014\371\233\300=\227\301>g\3634\235`LK\005"
 1551      370CF99B 
 1551      C03D97C1 
 1551      3E67F334 
 1551      9D604C4B 
 1552 0557 5EA87BCF 		.ascii	"^\250{\317\257\371\342\026\374\014?\002\253\204\030"
 1552      AFF9E216 
 1552      FC0C3F02 
 1552      AB8418
 1553 0566 8641DD86 		.ascii	"\206A\335\206*s\021\352\366\233|J]g?\364E\000{\335'"
 1553      2A7311EA 
 1553      F69B7C4A 
 1553      5D673FF4 
 1553      45007BDD 
 1554 057b 9232A6EA 		.ascii	"\2222\246\3524\367\364t\276\270\013\277@\265i\356\036"
 1554      34F7F474 
 1554      BEB80BBF 
 1554      40B569EE 
 1554      1E
 1555 058c 99A32B20 		.ascii	"\231\243+ \224\003\\\001\270\004p\001\340\034@)\300"
 1555      94035C01 
 1555      B8047001 
 1555      E01C4029 
 1555      C0
 1556 059d 19806280 		.ascii	"\031\200b\200S\000'\001\216\003\024\002\374\000;Jm\207"
 1556      53002701 
 1556      8E031402 
 1556      FC003B4A 
 1556      6D87
 1557 05af EC2F5E2D 		.ascii	"\354/^-\267\333\357\267Z~d\307\337`\033\240|1p\306\275"
 1557      B7DBEFB7 
 1557      5A7E64C7 
 1557      DF601BA0 
 1557      7C3170C6 
 1558 05c4 04E3DE36 		.ascii	"\004\343\3366\306]]\360\343\212\0377\374\270\323\244"
 1558      C65D5DF0 
 1558      E38A1F37 
 1558      FCB8D3A4 
 1559 05d4 07763C19 		.ascii	"\007v<\031\367\361\302\2177~|\360\343K\023~8Q\017?\365"
 1559      F7F1C28F 
 1559      377E7CF0 
 1559      E34B137E 
 1559      38510F3F 
 1560 05e9 91D0003F 		.ascii	"\221\320\000?\015\261\357\217\237F\214\3736f\334\363"
 1560      0DB1EF8F 
 1560      9F468CFB 
 1560      3666DCF3 
 1561 05f9 0DFC34C1 		.ascii	"\015\3744\301qS\006\373\241\031\232h\216&Z\220\344\233"
 1561      715306FB 
 1561      A1199A68 
ARM GAS  /tmp/ccmlpSvV.s 			page 45


 1561      8E265A90 
 1561      E49B
 1562 060b 38688983 		.ascii	"8h\211\203V\370\035\200\337\255\211\330\006Y\333\"\241"
 1562      56F81D80 
 1562      DFAD89D8 
 1562      0659DB22 
 1562      A1
 1563 061c 1D120249 		.ascii	"\035\022\002I\244=5\035\250\351HM\0205\235\250\011\246"
 1563      A43D351D 
 1563      A8E9484D 
 1563      10359DA8 
 1563      09A6
 1564 062e A633355D 		.ascii	"\24635]\250\011a\030~(5]\251\351\306\020\2120j\272S"
 1564      A8096118 
 1564      7E28355D 
 1564      A9E9C610 
 1564      8A306ABA 
 1565 0643 D383212C 		.ascii	"\323\203!,=\251\351EMoj\372P\323\227!X\375\250\351\317"
 1565      3DA9E945 
 1565      4D6F6AFA 
 1565      50D39721 
 1565      58FDA8E9 
 1566 0658 10B3010C 		.ascii	"\020\263\001\014Q\033H\315 \3222\230zC\030\302\370\026"
 1566      511B48CD 
 1566      20D23298 
 1566      7A4318C2 
 1566      F816
 1567 066a 3543A919 		.ascii	"5C\251\031F\315pjF\220\303#\251\031E\315hj\3060D{,C"
 1567      46CD706A 
 1567      4690C323 
 1567      A91945CD 
 1567      686AC630 
 1568 0682 BCC73144 		.ascii	"\274\3071D|<C\314'P\36365\177\002\364\364]r\367=2\376"
 1568      7C3C43CC 
 1568      2750F336 
 1568      357F02F4 
 1568      F45D72F7 
 1569 0699 3EF52651 		.ascii	">\365&Q\363\0015\341\324L\246\211\251\244~\032\351\373"
 1569      F30135E1 
 1569      D44CA689 
 1569      A9A47E1A 
 1569      E9FB
 1570 06ab 887AD369 		.ascii	"\210z\323i\"\202&>\246\336\014\352E\322l\024\371\027"
 1570      2282263E 
 1570      A6DE0CEA 
 1570      45D26C14 
 1570      F917
 1571 06bd 4DB418A2 		.ascii	"M\264\030\242\315\244a,5qD\213'\332,r\350\023\032\316"
 1571      CDA4612C 
 1571      3571448B 
 1571      27DA2C72 
 1571      E8131ACE 
 1572 06d1 A6E16784 		.ascii	"\246\341g\204\306\034b\231K\001&\220W\363\200\332D\331"
 1572      C61C6299 
 1572      4B012690 
 1572      57F380DA 
 1572      44D9
ARM GAS  /tmp/ccmlpSvV.s 			page 46


 1573 06e3 2E90ED42 		.ascii	".\220\355B\331.\006\202d\011\220\013Ke\273\014\000\366"
 1573      D92E0682 
 1573      6409900B 
 1573      4B65BB0C 
 1573      00F6
 1574 06f5 410A9092 		.ascii	"A\012\220\222T\2314i\222g\245\354\257\222<\253%e\255"
 1574      54993469 
 1574      9267A5EC 
 1574      AF923CAB 
 1574      2565AD
 1575 0708 A4A44B4A 		.ascii	"\244\244KJ\206\344\317\222\224\365\262\315\001\306\335"
 1575      86E4CF92 
 1575      94F5B2CD 
 1575      01C6DD
 1576 0717 3650B351 		.ascii	"6P\263Q\316\345J\231Mr\356+I\331,)_K\371<Ig,[\260\237"
 1576      CEE54A99 
 1576      4D72EE2B 
 1576      49D92C29 
 1576      5F4BF93C 
 1577 0731 4FEC690A 		.ascii	"O\354i\012\366C\214\345\010.\373\211\330\177\302\355"
 1577      F6438CE5 
 1577      082EFB89 
 1577      D87FC2ED 
 1578 0741 3FBD3C46 		.ascii	"?\275<F\267g\331\255u\223_\251\236\3705\177\203\037"
 1578      B767D9AD 
 1578      75935FA9 
 1578      9EF8357F 
 1578      831F
 1579 0753 15403023 		.ascii	"\025@0#\011\221\226\232\231\0100\017EX\262h*\272\214"
 1579      0991969A 
 1579      9908300F 
 1579      4558B268 
 1579      2ABA8C
 1580 0766 B231F1AE 		.ascii	"\2621\361\256[A\331\257\356(\233,\"\305h\242\254\007"
 1580      5B41D9AF 
 1580      EE289B2C 
 1580      22C568A2 
 1580      AC07
 1581 0778 B7EDE7AF 		.ascii	"\267\355\347\257\021\011el\277].]\207Q\223\256!\344"
 1581      1109656C 
 1581      BF5D2E5D 
 1581      875193AE 
 1581      21E4
 1582 078a 8618815D 		.ascii	"\206\030\201]\216p\212@if\345I\323\360*O\371\225\255"
 1582      8E708A40 
 1582      6966E549 
 1582      D3F02A4F 
 1582      F995AD
 1583 079d BEF2D5D7 		.ascii	"\276\362\325\327w'9\373\235'\346'\335\003\361\256\010"
 1583      772739FB 
 1583      9D27E627 
 1583      DD03F1AE 
 1583      08
 1584 07ae C4C4444D 		.ascii	"\304\304DM\001$\377.\322\347g.\031(\336\303\203o.\260"
 1584      0124FF2E 
 1584      D2E7672E 
 1584      1928DEC3 
ARM GAS  /tmp/ccmlpSvV.s 			page 47


 1584      836F2EB0 
 1585 07c2 6D7477BB 		.ascii	"mtw\273\355\035\236\237\200\333\274\341\373%"
 1585      ED1D9E9F 
 1585      80DBBCE1 
 1585      FB25
 1586 07d0 10EF4935 		.ascii	"\020\357I5{Q\315o\374\213;G&\213\367\\\343\344>\213"
 1586      7B51CD6F 
 1586      FC8B3B47 
 1586      268BF75C 
 1586      E3E43E8B 
 1587 07e4 31046214 		.ascii	"1\004b\024\350\361\2378\366G\240\377\014\202y\312\331"
 1587      E8F19F38 
 1587      F647A0FF 
 1587      0C8279CA 
 1587      D9
 1588 07f5 7795EB2E 		.ascii	"w\225\353.?\247\354\025&@\373<I\240\205\030a\263\021"
 1588      3FA7EC15 
 1588      2640FB3C 
 1588      49A08518 
 1588      61B311
 1589 0808 16AE2B8A 		.ascii	"\026\256+\21222\300\234={\322\223\204\320B\265a!P\232"
 1589      3232C09C 
 1589      3D7BD293 
 1589      84D042B5 
 1589      6121509A 
 1590 081c C8116E1B 		.ascii	"\310\021n\033W?\304\347\021d\004b,;)\310\355\002\017"
 1590      573FC4E7 
 1590      11640462 
 1590      2C3B29C8 
 1590      ED020F
 1591 082f 811BB8EB 		.ascii	"\201\033\270\353_h\237\223~\273O\372\371/\217\200\365"
 1591      5F689F93 
 1591      7EBB4FFA 
 1591      F92F8F80 
 1591      F5
 1592 0840 A26EC4AF 		.ascii	"\242n\304\257\230\336\314`\243kH\204\203\355\277\347"
 1592      98DECC60 
 1592      A36B4884 
 1592      83EDBFE7 
 1593 0850 FC865C5F 		.ascii	"\374\206\\_`\357\277\236\300\037\221\353%_\020\300\204"
 1593      60EFBF9E 
 1593      C01F91EB 
 1593      255F10C0 
 1593      84
 1594 0861 60785310 		.ascii	"`xS\020\357\361F\322\233s\236\004Yv\322Q\300\305\020"
 1594      EFF146D2 
 1594      9B739E04 
 1594      5976D251 
 1594      C0C510
 1595 0874 23B0CA25 		.ascii	"#\260\312%f\3054\224\014\027\321\213u\302\236\275n\353"
 1595      66C53494 
 1595      0C17D18B 
 1595      75C29EBD 
 1595      6EEB
 1596 0886 F720BD74 		.ascii	"\367 \275t\177\370m^13\303\251@\264\024\200\345\230"
 1596      7FF86D5E 
 1596      3133C3A9 
ARM GAS  /tmp/ccmlpSvV.s 			page 48


 1596      40B41480 
 1596      E598
 1597 0898 C512D689 		.ascii	"\305\022\326\211GA\315U\231sW\376i\356\2611\367\016"
 1597      4741CD55 
 1597      997357FE 
 1597      69EEB131 
 1597      F70E
 1598 08aa D6AFEB2C 		.ascii	"\326\257\353,\203\370D\256 \256\324i\0206\025Ex\341"
 1598      83F844AE 
 1598      20AED469 
 1598      10361545 
 1598      78E1
 1599 08bc FFD01A19 		.ascii	"\377\320\032\031\013bs\015\307=H\301\345qk\363\231f"
 1599      0B62730D 
 1599      C73D48C1 
 1599      E5716BF3 
 1599      9966
 1600 08ce A61FCF24 		.ascii	"\246\037\317$Z\270\370\347A\274/\002\361\222\303\315"
 1600      5AB8F8E7 
 1600      41BC2F02 
 1600      F192C3CD 
 1601 08de E57F5F72 		.ascii	"\345\177_r\374\216\034d\361?\224E\025\215\2475\032J"
 1601      FC8E1C64 
 1601      F13F9445 
 1601      158DA735 
 1601      1A4A
 1602 08f0 BB9320C6 		.ascii	"\273\223 \306\352\264k\257\322\256\310S\245\335\374"
 1602      EAB46BAF 
 1602      D2AEC853 
 1602      A5DDFC
 1603 08ff 0DFD6967 		.ascii	"\015\375ig\177\256\200Y]\344\360\325\305\360\365\233"
 1603      7FAE8059 
 1603      5DE4F0D5 
 1603      C5F0F59B 
 1604 090f 048BAF2E 		.ascii	"\004\213\257.\350k\260J\236\366\342]\367\202\262x\361"
 1604      E86BB04A 
 1604      9EF6E25D 
 1604      F782B278 
 1604      F1
 1605 0920 BE47F1C5 		.ascii	"\276G\361\305\351\311b,\352p\337~q\003@-xT^\314\243"
 1605      E9C9622C 
 1605      EA70DF7E 
 1605      7103402D 
 1605      78545ECC 
 1606 0935 14F2728A 		.ascii	"\024\362r\212fm\221#\232I\242\275%\225'\311\371\214"
 1606      666D9123 
 1606      9A49A2BD 
 1606      259527C9 
 1606      F98C
 1607 0947 2215CB60 		.ascii	"\"\025\313`r\250V\205\342\375z(\307A\214\323\241t\220"
 1607      72A85685 
 1607      E2FD7A28 
 1607      C7418CD3 
 1607      A17490
 1608 095a 62BB1CA1 		.ascii	"b\273\034\241\364\305}\030s/@\322w[bq5b\331i\215\305"
 1608      F4C57D18 
 1608      732F40D2 
ARM GAS  /tmp/ccmlpSvV.s 			page 49


 1608      775B6271 
 1608      3562D969 
 1609 0970 1563E9AA 		.ascii	"\025c\351\252b\351 \332{b!L\362*\270|[\025\3638\014"
 1609      62E920DA 
 1609      7B62214C 
 1609      F22AB87C 
 1609      5B15F338 
 1610 0985 C733FB72 		.ascii	"\3073\373r<:\342U|\371st\305\307)\230o-\301| :X\202"
 1610      3C3AE255 
 1610      7CF97374 
 1610      C5C72998 
 1610      6F2DC17C 
 1611 099d F940D5AD 		.ascii	"\371@\325\255\021\314@\345RW\031\215\357\353\321\\\000"
 1611      11CC40E5 
 1611      5257198D 
 1611      EFEBD15C 
 1611      00
 1612 09ae D15747D3 		.ascii	"\321WG\323Q\312\035T\321H\307Q\265\233\341\370v\253"
 1612      51CA1D54 
 1612      D148C751 
 1612      B59BE1F8 
 1612      76AB
 1613 09c0 E36EE878 		.ascii	"\343n\350x'\345xG\321\001\017\\\361\201\317\366\253"
 1613      27E57847 
 1613      D1010F5C 
 1613      F181CFF6 
 1613      AB
 1614 09d1 86E37D61 		.ascii	"\206\343}a\036\367N\271:\023\276\340>\005W?\305]o\\"
 1614      1EF74EB9 
 1614      3A13BEE0 
 1614      3E05573F 
 1614      C55D6F5C 
 1615 09e5 5E664500 		.ascii	"^fE\000\320z\370\235\310*\352\342(Zt\361%OZx\344\023"
 1615      D07AF89D 
 1615      C82AEAE2 
 1615      285A74F1 
 1615      254F5A78 
 1616 09fb F111632A 		.ascii	"\361\021c*\227\375\3369\010\225\340z\016/\004\256\357"
 1616      97FDDE39 
 1616      0895E07A 
 1616      0E2F04AE 
 1616      EF
 1617 0a0c 005BA753 		.ascii	"\000[\247S\344\014 \217,`\025\027E\372\016y6w{BX\245"
 1617      E40C208F 
 1617      2C601517 
 1617      45FA0E79 
 1617      36777B42 
 1618 0a22 4A9E735E 		.ascii	"J\236s^\344\366\232\305/AL\307\252\275\303\200S\331"
 1618      E4F69AC5 
 1618      2F414CC7 
 1618      AABDC380 
 1618      53D9
 1619 0a34 32747E29 		.ascii	"2t~)G\375l\3562\316L\230\246\233\213\023!\367/U\340"
 1619      47FD6CEE 
 1619      32CE4C98 
 1619      A69B8B13 
 1619      21F72F55 
ARM GAS  /tmp/ccmlpSvV.s 			page 50


 1620 0a49 B77D907B 		.ascii	"\267}\220{\271b\333\320\235\366\257\010\211\\\275-\247"
 1620      B962DBD0 
 1620      9DF6AF08 
 1620      895CBD2D 
 1620      A7
 1621 0a5a 9FEEE216 		.ascii	"\237\356\342\026\344\320\241!\032\271 U\264E^z'\255"
 1621      E4D0A121 
 1621      1AB92055 
 1621      B4455E7A 
 1621      27AD
 1622 0a6c 2AF2568B 		.ascii	"*\362V\213s\232\213p\021dY\234pe\265\002\304de\3177"
 1622      739A8B70 
 1622      1164599C 
 1622      7065B502 
 1622      C46465CF 
 1623 0a81 7C9BB95F 		.ascii	"|\233\271_\366&{\223\245\206\207\250A\242\035+&\303"
 1623      F6267B93 
 1623      A58687A8 
 1623      41A21D2B 
 1623      26C3
 1624 0a93 03506007 		.ascii	"\003P`\007\211\216\343\020\354\360\206\265\025_zH\260"
 1624      898EE310 
 1624      ECF086B5 
 1624      155F7A48 
 1624      B0
 1625 0aa4 8740F0B8 		.ascii	"\207@\360\270\312\212x1\265ae\325\227\204p\375\262\352"
 1625      CA8A7831 
 1625      B56165D5 
 1625      978470FD 
 1625      B2EA
 1626 0ab6 3BF54C84 		.ascii	";\365L\204\037\025\371\220\034\356A\365\344\256\331"
 1626      1F15F990 
 1626      1CEE41F5 
 1626      E4AED9
 1627 0ac5 E0C24F29 		.ascii	"\340\302O)\033\2719\375\244h)\250\305\306\315\3521\027"
 1627      1BB939FD 
 1627      A46829A8 
 1627      C5C6CDEA 
 1627      3117
 1628 0ad7 1E6232A6 		.ascii	"\036b2\246\312\031\271\217V\240e\017\034y\030\033C\303"
 1628      CA19B98F 
 1628      56A0650F 
 1628      1C79181B 
 1628      43C3
 1629 0ae9 79BBB3D2 		.ascii	"y\273\263\322\034\242\317P\263Z\031t\331Cm\005HBM\337"
 1629      1CA2CF50 
 1629      B35A1974 
 1629      D9436D05 
 1629      48424DDF 
 1630 0afd 249D16C2 		.ascii	"$\235\026\302S\014q-g@\373\340\374\332\344\307Bx!\223"
 1630      530C712D 
 1630      6740FBE0 
 1630      FCDAE4C7 
 1630      42782193 
 1631 0b11 3483884C 		.ascii	"4\203\210L\305i/\205\010\2428\325\000\317W\232\361\317"
 1631      C5692F85 
 1631      08A238D5 
ARM GAS  /tmp/ccmlpSvV.s 			page 51


 1631      00CF579A 
 1631      F1CF
 1632 0b23 292A18E8 		.ascii	")*\030\350\014\363[\022f4\323C\343\335I\212\254/6\353"
 1632      0CF35B12 
 1632      6634D343 
 1632      E3DD498A 
 1632      AC2F36EB 
 1633 0b37 6E30DD15 		.ascii	"n0\335\025\203%5\247\330<hz\240\373!\012\271Nb\272\337"
 1633      832535A7 
 1633      D83C687A 
 1633      A0FB210A 
 1633      B94E62BA 
 1634 0b4c F68ACF45 		.ascii	"\366\212\317Ex\003\204\016q\353!\"p<UL\306qd\262xK|"
 1634      7803840E 
 1634      71EB2122 
 1634      703C554C 
 1634      C67164B2 
 1635 0b63 E4978230 		.ascii	"\344\227\2020\016i ajT\373\352\221\277\031\352\256b"
 1635      0E692061 
 1635      6A54FBEA 
 1635      91BF19EA 
 1635      AE62
 1636 0b75 2F03A4FC 		.ascii	"/\003\244\374$L\255\217E'\313z~lf\321\014\235?[\315"
 1636      244CAD8F 
 1636      4527CB7A 
 1636      7E6C66D1 
 1636      0C9D3F5B 
 1637 0b8a F594F933 		.ascii	"\365\224\3713Cm\006\305B\271\365\261\230a\254'\032j"
 1637      436D06C5 
 1637      42B9F5B1 
 1637      9861AC27 
 1637      1A6A
 1638 0b9c 5C72BF9F 		.ascii	"\\r\277\237\243\242\213\275\311Uw1\242\221\364\342\215"
 1638      A3A28BBD 
 1638      C9557731 
 1638      A291F4E2 
 1638      8D
 1639 0bad 1DA97B1D 		.ascii	"\035\251{\035^\354U^h\035\030Z'CI\223\344\357\036y\231"
 1639      5EEC555E 
 1639      681D185A 
 1639      27434993 
 1639      E4EF1E79 
 1640 0bc2 7CFF402D 		.ascii	"|\377@-\262\250\266\203\210\325U\325XV\025,\344\260"
 1640      B2A8B683 
 1640      88D555D5 
 1640      5856152C 
 1640      E4B0
 1641 0bd4 881B25F5 		.ascii	"\210\033%\365G\204\014\031H\344@\261\267*\034\\\233"
 1641      47840C19 
 1641      48E440B1 
 1641      B72A1C5C 
 1641      9B
 1642 0be5 3855315B 		.ascii	"8U1[u\305dX*&\316\314\335x\235\273[\315Z\221\271\033"
 1642      75C56458 
 1642      2A26CECC 
 1642      DD789DBB 
 1642      5BCD5A91 
ARM GAS  /tmp/ccmlpSvV.s 			page 52


 1643 0bfb 2F1D6A7A 		.ascii	"/\035jz\250\360@\221\3430;\347\353\310\024?u\374\025"
 1643      A8F04091 
 1643      E3303BE7 
 1643      EBC8143F 
 1643      75FC15
 1644 0c0e EB4CB109 		.ascii	"\353L\261\011o1\000Vr#Ol\302\007Yd\236\334\343\"\012"
 1644      6F310056 
 1644      72234F6C 
 1644      C2075964 
 1644      9EDCE322 
 1645 0c23 277D9475 		.ascii	"'}\224u\3645J\212^V\242\371I\025\\D\213`\313JD+\357"
 1645      F4354A8A 
 1645      5E56A2F9 
 1645      49155C44 
 1645      8B60CB4A 
 1646 0c3a F09A12A3 		.ascii	"\360\232\022\243\274\363\013\3173WB\032\217\221\032"
 1646      BCF30BCF 
 1646      3357421A 
 1646      8F911A
 1647 0c49 AEA20689 		.ascii	"\256\242\006\211\342\034\021\243W\"[LX\273z\3531&7\251"
 1647      E21C11A3 
 1647      57225B4C 
 1647      58BB7AEB 
 1647      312637A9 
 1648 0c5d 665B76AD 		.ascii	"f[v\255\2649\216\342b_Z\225ibDS\0331\216\315\273|\324"
 1648      B4398EE2 
 1648      625F5A95 
 1648      69624453 
 1648      1B318ECD 
 1649 0c74 5DF2353F 		.ascii	"]\3625?Xs\277D\207\311\311\305\001:S{\352LU9YV\274\316"
 1649      5873BF44 
 1649      87C9C9C5 
 1649      013A537B 
 1649      EA4C5539 
 1650 0c8c 51670882 		.ascii	"Qg\010\202\350\011i2K+\206\011?X\301U\216\006\213\217"
 1650      E8096932 
 1650      4B2B8609 
 1650      3F58C155 
 1650      8E068B8F 
 1651 0ca0 C7A63CFA 		.ascii	"\307\246<\372\\DO(~\274\015s\264\247\230\201\343\251"
 1651      5C444F28 
 1651      7EBC0D73 
 1651      B4A79881 
 1651      E3A9
 1652 0cb2 2206C7F1 		.ascii	"\"\006\307\361\311\010S\360\330\232\207\237\213\250"
 1652      C90853F0 
 1652      D89A879F 
 1652      8BA8
 1653 0cc0 09058FF3 		.ascii	"\011\005\217\363\311~\213\257\267>\350c)\025t`\240v"
 1653      C97E8BAF 
 1653      B73EE863 
 1653      29157460 
 1653      A076
 1654 0cd2 A09776A0 		.ascii	"\240\227v\240\263*\315bO3y&\213^\230<w\215\033Xg\321"
 1654      B32ACD62 
 1654      4F337926 
 1654      8B5E983C 
ARM GAS  /tmp/ccmlpSvV.s 			page 53


 1654      778D1B58 
 1655 0ce8 C91FB794 		.ascii	"\311\037\267\224\270&5\217\344\226\"\202\233\333\220"
 1655      B826358F 
 1655      E4962282 
 1655      9BDB90
 1656 0cf7 DC4BF4F0 		.ascii	"\334K\364\360g\"\276\311\276\266D\353)i\003!\330\277"
 1656      6722BEC9 
 1656      BEB644EB 
 1656      29690321 
 1656      D8BF
 1657 0d09 E6E10BDA 		.ascii	"\346\341\013\332\345El\223\312G\3330\340\3462S\337\\"
 1657      E5456C93 
 1657      CA47DB30 
 1657      E0E63253 
 1657      DF5C
 1658 0d1b 71E07AA8 		.ascii	"q\340z\250\274bI\013O\326o\245\227\364\322\316)fdi\313"
 1658      BC62490B 
 1658      4FD66FA5 
 1658      97F4D2CE 
 1658      29666469 
 1659 0d30 1F53B659 		.ascii	"\037S\266Y\256\273\305\372\250=%\217Z\242\275*\026f"
 1659      AEBBC5FA 
 1659      A83D258F 
 1659      5AA2BD2A 
 1659      1666
 1660 0d42 917D223A 		.ascii	"\221}\":[\226\366\023\263\310f\353\"\333\354\\d\263"
 1660      5B96F613 
 1660      B3C866EB 
 1660      22DBEC5C 
 1660      64B3
 1661 0d54 A586B412 		.ascii	"\245\206\264\022\263\310f;\212\254\325w;\2169\262qe"
 1661      B3C8663B 
 1661      8AACD577 
 1661      3B8E39B2 
 1661      7165
 1662 0d66 89AC325F 		.ascii	"\211\2542_1\242\245\364=\2400\353\207V\346lV\211\227"
 1662      31A2A5F4 
 1662      3DA030EB 
 1662      8756E66C 
 1662      568997
 1663 0d79 B9503784 		.ascii	"\271P7\204\250'c8(\011\373\222\321\257Y\242\036\022"
 1663      A8276338 
 1663      2809FB92 
 1663      D1AF59A2 
 1663      1E12
 1664 0d8b 9A2ACF4E 		.ascii	"\232*\317N\341XZh\375\360y\236u%pb\214^\211\336z%\272"
 1664      E1585A68 
 1664      FDF0799E 
 1664      75257062 
 1664      8C5E89DE 
 1665 0da2 A87DA044 		.ascii	"\250}\240D\256\304s\236g\267\211\336\352\215\322\316"
 1665      AEC4739E 
 1665      67B789DE 
 1665      EA8DD2CE 
 1666 0db2 EA45F6C5 		.ascii	"\352E\366\305\234U3\226\240\320\312\206yx\262\341\230"
 1666      9C553396 
 1666      A0D0CA86 
ARM GAS  /tmp/ccmlpSvV.s 			page 54


 1666      7978B2E1 
 1666      98
 1667 0dc3 E57266BC 		.ascii	"\345rf\274v\332\371,\331\231\311\205\216\365\037L\336"
 1667      76DAF92C 
 1667      D999C985 
 1667      8EF51F4C 
 1667      DE
 1668 0dd4 AF38FB92 		.ascii	"\2578\373\222\033\324\023\212z\351\245\250f_[\350%\212"
 1668      1BD4138A 
 1668      7AE9A5A8 
 1668      665F5BE8 
 1668      258A
 1669 0de6 9E7ECB56 		.ascii	"\236~\313V\315\266pFwOC\371\376Eu(?c\260W!\3736\316"
 1669      CDB67046 
 1669      774F43F9 
 1669      FE457528 
 1669      3F63B057 
 1670 0dfe FEEAF0E5 		.ascii	"\376\352\360\345d]\354\347M_vp\266]\333\274d(\251D%"
 1670      645DECE7 
 1670      4D5F7670 
 1670      B65DDBBC 
 1670      6428A944 
 1671 0e13 BB1C4AEC 		.ascii	"\273\034J\354\366\235W\352\012\350\272\251$\237\263"
 1671      F69D57EA 
 1671      0AE8BAA9 
 1671      249FB3
 1672 0e22 DD5AC9CF 		.ascii	"\335Z\311\317\206\022\012\350\357\226\200\356\030\364"
 1672      86120AE8 
 1672      EF9680EE 
 1672      18F4
 1673 0e30 5AA4EFB1 		.ascii	"Z\244\357\261\320\357\033\000P\240\373t\240H\177`\320"
 1673      D0EF1B00 
 1673      50A0FB74 
 1673      A0487F60 
 1673      D0
 1674 0e41 29A2FD4E 		.ascii	")\242\375N\021U\326\345\314#\323\231\203\234\025h\345"
 1674      1155D6E5 
 1674      CC23D399 
 1674      839C1568 
 1674      E5
 1675 0e52 8F0D2537 		.ascii	"\217\015%7P\311\367\226H\237\032t\212\364\210RN\231"
 1675      50C9F796 
 1675      489F1A74 
 1675      8AF48852 
 1675      4E99
 1676 0e64 D6457CD2 		.ascii	"\326E|\322\262\366\311\347\242s\000\025Qo1\273e\246"
 1676      B2F6C9E7 
 1676      A2730015 
 1676      516F31BB 
 1676      65A6
 1677 0e76 2CAA5E72 		.ascii	",\252^r<\006\263\277e\315\023UU\263\002.|\206\351\324"
 1677      3C06B3BF 
 1677      65CD1355 
 1677      55B3022E 
 1677      7C86E9D4 
 1678 0e8a A6F6EE02 		.ascii	"\246\366\356\002w\231N\317\370\274k\337\226p\370\206"
 1678      77994ECF 
ARM GAS  /tmp/ccmlpSvV.s 			page 55


 1678      F8BC6BDF 
 1678      9670F886 
 1679 0e9a AB3B5D89 		.ascii	"\253;]\211\343N\207\267,u.\224\030\227\2509\242\201"
 1679      E34E87B7 
 1679      2C752E94 
 1679      1897A839 
 1679      A281
 1680 0eac B1DDBBFF 		.ascii	"\261\335\273\377\363n\337\035\037$\324\225\010\277$"
 1680      F36EDF1D 
 1680      1F24D495 
 1680      08BF24
 1681 0ebb 53FA454E 		.ascii	"S\372EN\217\015r\273\237}\214\027r%\233^#&\036\347\225"
 1681      8F0D72BB 
 1681      9F7D8C17 
 1681      72259B5E 
 1681      23261EE7 
 1682 0ed0 A036E41B 		.ascii	"\2406\344\033 \032\242Z\354\377\357b\222\3773\011H\276"
 1682      201AA25A 
 1682      ECFFEF62 
 1682      92FF3309 
 1682      48BE
 1683 0ee2 3D175708 		.ascii	"=\027W\010\222\227\365\270\247&.\256\210\343c\206h\250"
 1683      9297F5B8 
 1683      A7262EAE 
 1683      88E36386 
 1683      68A8
 1684 0ef4 9ED5FC64 		.ascii	"\236\325\374dY\264u\212\343\000\306q@\371|\260\2168"
 1684      59B4758A 
 1684      E300C671 
 1684      40F97CB0 
 1684      8E38
 1685 0f06 CE3AE2F8 		.ascii	"\316:\342\370\314\210#\317_]\006\377\015\237\237\315"
 1685      CC8823CF 
 1685      5F5D06FF 
 1685      0D9F9FCD 
 1686 0f16 4806E263 		.ascii	"H\006\342c\017r\030e\376\031\234\340F\231\267\333\374"
 1686      0F721865 
 1686      FE199CE0 
 1686      4699B7DB 
 1686      FC
 1687 0f27 3CDF713F 		.ascii	"<\337q?)\3032W\307\322\025t\274\303B\236\344>a1$\321"
 1687      29C33257 
 1687      C7D21574 
 1687      BCC3429E 
 1687      E43E6131 
 1688 0f3d A135AE84 		.ascii	"\2415\256\204+\211@\323?U\266\250\270\233:\237J\254"
 1688      2B8940D3 
 1688      3F55B6A8 
 1688      B89B3A9F 
 1688      4AAC
 1689 0f4f 67ED40FD 		.ascii	"g\355@\375\300\321M|\3266\345\345\247R\315\323_\313"
 1689      C0D14D7C 
 1689      D636E5E5 
 1689      A752CDD3 
 1689      5FCB
 1690 0f61 04296AB7 		.ascii	"\004)j\267O\240\246\366\007\177\233\35782.\033\266\351"
 1690      4FA0A6F6 
ARM GAS  /tmp/ccmlpSvV.s 			page 56


 1690      077F9BEF 
 1690      38322E1B 
 1690      B6E9
 1691 0f73 88A55BD0 		.ascii	"\210\245[\320\253W\352Y\242\203\266\007\250l\220\350"
 1691      AB57EA59 
 1691      A283B607 
 1691      A86C90E8 
 1692 0f83 D6BEE6E5 		.ascii	"\326\276\346\345\247\242[ O\0263\341,o_\374\022w\324"
 1692      A7A25B20 
 1692      4F1633E1 
 1692      2C6F5FFC 
 1692      1277D4
 1693 0f96 81817257 		.ascii	"\201\201rW\352X\265f\365\021"
 1693      EA58B566 
 1693      F511
 1694 0fa0 B969D9E4 		.ascii	"\271i\331\344!\264|\007\230w\020\020sE\210\336\035\313"
 1694      21B47C07 
 1694      98771010 
 1694      734588DE 
 1694      1DCB
 1695 0fb2 71249507 		.ascii	"q$\225\007\225'f\341\241\013`\036\006\203\345\316\203"
 1695      952766E1 
 1695      A10B601E 
 1695      0683E5CE 
 1695      83
 1696 0fc3 0C21E455 		.ascii	"\014!\344Un\205\315\274\327\343\331\351\257\356\365"
 1696      6E85CDBC 
 1696      D7E3D9E9 
 1696      AFEEF5
 1697 0fd2 71B909B8 		.ascii	"q\271\011\270l\352\271y\037\010\177\363\252\031\"\006"
 1697      6CEAB979 
 1697      1F087FF3 
 1697      AA192206 
 1698 0fe2 75C07361 		.ascii	"u\300san\307\352`y\321\034,f\322xN\307\352@\365t\336"
 1698      6EC7EA60 
 1698      79D11C2C 
 1698      66D2784E 
 1698      C7EA40F5 
 1699 0ff8 69CFD145 		.ascii	"i\317\321Ej[\025\306"
 1699      6A5B15C6 
 1700 1000 B136470C 		.ascii	"\2616G\014\206\020\363\270\236CJ\253\206\2119\012=\224"
 1700      8610F3B8 
 1700      9E434AAB 
 1700      8689390A 
 1700      3D94
 1701 1012 08764A87 		.ascii	"\010vJ\207G\230\016\233\324\322\377\256\266\355j\304"
 1701      47980E9B 
 1701      D4D2FFAE 
 1701      B6ED6AC4 
 1702 1022 7A0C3D08 		.ascii	"z\014=\010*\366\316N\230\276,1\2565\321b\001\350k\215"
 1702      2AF6CE4E 
 1702      98BE2C31 
 1702      AE35D162 
 1702      01E86B8D 
 1703 1036 AFCA8F31 		.ascii	"\257\312\2171\326\374\350\015\205 YPE\027'\025+KM\025"
 1703      D6FCE80D 
 1703      85205950 
ARM GAS  /tmp/ccmlpSvV.s 			page 57


 1703      45172715 
 1703      2B4B4D15 
 1704 104a 89AFA970 		.ascii	"\211\257\251p\252\025\251!Qi\010y-Epf\274z\226,\325"
 1704      AA15A921 
 1704      51690879 
 1704      2D457066 
 1704      BC7A962C 
 1705 105f 29528E6E 		.ascii	")R\216n\217wu\323\2574\306\243\361\3165\257\"QC\227"
 1705      8F7775D3 
 1705      AF34C6A3 
 1705      F1CE35AF 
 1705      22514397 
 1706 1073 35698454 		.ascii	"5i\204T\350\351\354\315\216\367\030\031\245:1\313\341"
 1706      E8E9ECCD 
 1706      8EF71819 
 1706      A53A31CB 
 1706      E1
 1707 1084 B55A52B5 		.ascii	"\265ZR\265x\311\254\305=\205\371b\342e\243\030\177\315"
 1707      78C9ACC5 
 1707      3D85F962 
 1707      E265A318 
 1707      7FCD
 1708 1096 F3ABABF4 		.ascii	"\363\253\253\364\322\013mqW\251\364p\003R'L\246\252"
 1708      D20B6D71 
 1708      57A9F470 
 1708      0352274C 
 1708      A6AA
 1709 10a8 D724DC4F 		.ascii	"\327$\334O\026*oqA\012i #\352\272\253\270\312\201\311"
 1709      162A6F71 
 1709      410A6920 
 1709      23EABAAB 
 1709      B8CA81C9 
 1710 10bc AE526F05 		.ascii	"\256Ro\005}\254|\3404\240\357\226~k\207\243\224v\227"
 1710      7DAC7CE0 
 1710      34A0EF96 
 1710      7E6B87A3 
 1710      947697
 1711 10cf EAABFEFF 		.ascii	"\352\253\376\377\343q\245\351\361\323S\347\304\304*"
 1711      E371A5E9 
 1711      F1D353E7 
 1711      C4C42A
 1712 10de D363FFBA 		.ascii	"\323c\377\272<~z*_\304\375h\270\254^l\205\3753\312\023"
 1712      3C7E7A2A 
 1712      5FC4FD68 
 1712      B8AC5E6C 
 1712      85FD33CA 
 1713 10f3 74F286AA 		.ascii	"t\362\206\252\235\257\324x\266\302X\356(\"\366\252\025"
 1713      9DAFD478 
 1713      B6C258EE 
 1713      2822F6AA 
 1713      15
 1714 1104 1FF67E01 		.ascii	"\037\366~\001\327\253\364\270\201\274\327w%-\007\270"
 1714      D7ABF4B8 
 1714      81BCD777 
 1714      252D07B8 
 1715 1114 ABEE14DF 		.ascii	"\253\356\024\337\026z\300=\300eO\336\320S\344\2407|"
 1715      167AC03D 
ARM GAS  /tmp/ccmlpSvV.s 			page 58


 1715      C0654FDE 
 1715      D053E4A0 
 1715      377C
 1716 1126 D4081C8B 		.ascii	"\324\010\034\213P1\001\256s\270\300yKRp\355\273\322"
 1716      503101AE 
 1716      73B8C079 
 1716      4B5270ED 
 1716      BBD2
 1717 1138 655460A8 		.ascii	"eT`\250\233i\325Lkff\245\345(\245{K\005\255th\235`\334"
 1717      9B69D54C 
 1717      6B6666A5 
 1717      E528A57B 
 1717      4B05AD74 
 1718 1150 745EBE5B 		.ascii	"t^\276[\010F(w\342\353:\307\305\372\342F\211U;c\370"
 1718      08462877 
 1718      E2EB3AC7 
 1718      C5FAE246 
 1718      89553B63 
 1719 1165 0B8A75C3 		.ascii	"\013\212u\303\215a\002.[heZ\224\030\337\025\253o|7B"
 1719      8D61022E 
 1719      5B68655A 
 1719      9418DF15 
 1719      AB6F7C37 
 1720 117a ABBB531D 		.ascii	"\253\273S\035=+\245\013\005lU\245\224V&\314K\021\302"
 1720      3D2BA50B 
 1720      056C55A5 
 1720      945626CC 
 1720      4B11C2
 1721 118d 5B4F257E 		.ascii	"[O%~\231|\333t\302&\301\356\341$\276\272\214\303\337"
 1721      997CDB74 
 1721      C226C1EE 
 1721      E124BEBA 
 1721      8CC3DF
 1722 11a0 946C86B3 		.ascii	"\224l\206\263\254z\375\227\345$\333\363YaZ\023Sv\367"
 1722      AC7AFD97 
 1722      E524DBF3 
 1722      59615A13 
 1722      5376F7
 1723 11b3 4438A45F 		.ascii	"D8\244_,\342M\247\217B\274L\027\206\265\236\223E\037"
 1723      2CE24DA7 
 1723      8F42BC4C 
 1723      1786B59E 
 1723      93451F
 1724 11c6 B8CBBBA7 		.ascii	"\270\313\273\247dL\203{\274Ga\006\031po\235\224E\365"
 1724      644C837B 
 1724      BC476106 
 1724      19706F9D 
 1724      9445F5
 1725 11d9 D1EBC0F5 		.ascii	"\321\353\300\365\205\336f\266\375\275\241~'\320\310"
 1725      85DE66B6 
 1725      FDBDA17E 
 1725      27D0C8
 1726 11e8 E938737D 		.ascii	"\3518s}KW\271<\2310\273\347\201hdf\367<\225\335\275"
 1726      4B57B93C 
 1726      9930BBE7 
 1726      81686466 
 1726      F73C95DD 
ARM GAS  /tmp/ccmlpSvV.s 			page 59


 1727 11fd 9D741D28 		.ascii	"\235t\035(\363\326\312\032;+;\230\360\272\266\004d\321"
 1727      F3D6CA1A 
 1727      3B2B3B98 
 1727      F0BAB604 
 1727      64D1
 1728 120f CA12A4AE 		.ascii	"\312\022\244\256>f\260fV\276\255\216\2522\343\222\250"
 1728      3E66B066 
 1728      56BEAD8E 
 1728      AA32E392 
 1728      A8
 1729 1220 24DF9091 		.ascii	"$\337\220\221\243\3445\347|\220\211u\266\314\007\256"
 1729      A3E435E7 
 1729      7C908975 
 1729      B6CC07AE 
 1730 1230 2B41E4B8 		.ascii	"+A\344\270\211\334\216\034\275\345\310\321\333:G7\250"
 1730      89DC8E1C 
 1730      BDE5C8D1 
 1730      DB3A4737 
 1730      A8
 1731 1241 1CC5B193 		.ascii	"\034\305\261\223.\361\266x\303\221\255g\313T\266^\323"
 1731      2EF1B678 
 1731      C391AD67 
 1731      CB54B65E 
 1731      D3
 1732 1252 B9795D77 		.ascii	"\271y]wnZ\262u\203R_V&\263\365m\204\250WAV\224H\350"
 1732      6E5AB275 
 1732      83525F56 
 1732      26B3F56D 
 1732      84A85741 
 1733 126a 7D53C2DE 		.ascii	"}S\302\336\327)\017\316c\036lTyp\321\314\203\362:/\013"
 1733      D7290FCE 
 1733      631E6C54 
 1733      7970D1CC 
 1733      83F23A2F 
 1734 127f 4FCC54BD 		.ascii	"O\314T\275\364\3306\361\251Q\355\351[|\353\254\366\307"
 1734      F4D836F1 
 1734      A951EDE9 
 1734      5B7CEBAC 
 1734      F6C7
 1735 1291 F171CFE5 		.ascii	"\361q\317\345\325\240\267T~\251\241\304\266\337\003"
 1735      D5A0B754 
 1735      7EA9A1C4 
 1735      B6DF03
 1736 12a0 E71BF305 		.ascii	"\347\033\363\005\020\375d\305\343\031\034\246K\277\253"
 1736      10FD64C5 
 1736      E3191CA6 
 1736      4BBFAB
 1737 12af 7A002B33 		.ascii	"z\000+3^H%\376=i\240X\214d\311\2011\236\003\034J\236"
 1737      5E4825FE 
 1737      3D69A058 
 1737      8C64C981 
 1737      319E031C 
 1738 12c5 AA32F992 		.ascii	"\2522\371\222zg\322Q.\226\000>\316/\006\363\375\302"
 1738      7A67D251 
 1738      2E96003E 
 1738      CE2F06F3 
 1738      FDC2
ARM GAS  /tmp/ccmlpSvV.s 			page 60


 1739 12d7 1229FB5B 		.ascii	"\022)\373[\022\272P\037\202iH\352q\242\276\024}\\f}"
 1739      12BA501F 
 1739      826948EA 
 1739      71A2BE14 
 1739      7D5C667D 
 1740 12eb 733CD6CC 		.ascii	"s<\326\314\327\256uV\367\013\247\213\322K\214\275\015"
 1740      D7AE7556 
 1740      F70BA78B 
 1740      D24B8CBD 
 1740      0D
 1741 12fc 17219DB0 		.ascii	"\027!\235\2606s \254`\345=y\215\333\000}\222\326\327"
 1741      367320AC 
 1741      60E53D79 
 1741      8DDB007D 
 1741      92D6D7
 1742 130f BD55BE72 		.ascii	"\275U\276r\302\316.*\241/\312\007\321M0L\221\025\322"
 1742      C2CE2E2A 
 1742      A12FCA07 
 1742      D14D304C 
 1742      9115D2
 1743 1322 6D9ECB27 		.ascii	"m\236\313'\250n\250\331\262U\204I\252\205\320g\216e"
 1743      A86EA8D9 
 1743      B2558449 
 1743      AA85D067 
 1743      8E65
 1744 1334 D0778EE8 		.ascii	"\320w\216\350&5\365\303;U\233\202\337\237\2223\330\355"
 1744      2635F5C3 
 1744      3B559B82 
 1744      DF9F9233 
 1744      D8ED
 1745 1346 F4DB5CD1 		.ascii	"\364\333\\\3217\014]\354\333\007?}\031\222\202\032\250"
 1745      370C5DEC 
 1745      DB073F7D 
 1745      1992821A 
 1745      A8
 1746 1357 43BCFF9E 		.ascii	"C\274\377\236\003\253Z8^\007\225\011ut\3403\364R\205"
 1746      03AB5A38 
 1746      5E079509 
 1746      7574E033 
 1746      F45285
 1747 136a 8F8270A9 		.ascii	"\217\202p\251*\256\001\257-\032\316\014U\007\270\211"
 1747      2AAE01AF 
 1747      2D1ACE0C 
 1747      5507B889 
 1748 137a 61396238 		.ascii	"a9b8T\337\227\206\212\372\375\320\354R\350_\220\363"
 1748      54DF9786 
 1748      8AFAFDD0 
 1748      EC52E85F 
 1748      90F3
 1749 138c D8F83D62 		.ascii	"\330\370=b`\345\372\303\216\227\025/\225\305\314%x\321"
 1749      60E5FAC3 
 1749      8E97152F 
 1749      95C5CC25 
 1749      78D1
 1750 139e 6C62DC48 		.ascii	"lb\334H2\365\215\204\356^M\240\\\337\357\006\255xu\312"
 1750      32F58D84 
 1750      EE5E4DA0 
ARM GAS  /tmp/ccmlpSvV.s 			page 61


 1750      5CDFEF06 
 1750      AD7875CA 
 1751 13b2 8D24B99C 		.ascii	"\215$\271\234\303\333J\023\370IO\016\336\230|\310U^"
 1751      C3DB4A13 
 1751      F8494F0E 
 1751      DE987CC8 
 1751      555E
 1752 13c4 46E4E437 		.ascii	"F\344\3447\034A\370BO\016Iy\224\3518\316^\225y\033\257"
 1752      1C41F842 
 1752      4F0E4979 
 1752      94E938CE 
 1752      5E95791B 
 1753 13d9 F69BD5F5 		.ascii	"\366\233\325\365\356?Y8\336\37577\337\372\2175\337\372"
 1753      EE3F5938 
 1753      DEFD3737 
 1753      DFFA8F35 
 1753      DFFA
 1754 13eb 2F127F94 		.ascii	"/\022\177\224\363\362\"\226\202\331\252obWhh\374\034"
 1754      F3F22296 
 1754      82D9AA6F 
 1754      62576868 
 1754      FC1C
 1755 13fd D05CFE1C 		.ascii	"\320\\\376\034\320\304\3709 \265\261z\240<\017\"\325"
 1755      D0C4F839 
 1755      20B5B17A 
 1755      A03C0F22 
 1755      D5
 1756 140e F9E78054 		.ascii	"\371\347\200T\225\276+/x\233\034i\224\324\372\036u\216"
 1756      95BE2B2F 
 1756      789B1C69 
 1756      94D4FA1E 
 1756      758E
 1757 1420 C63286B7 		.ascii	"\3062\206\2674ntw\334\210f\007!\262a\203\031\332\034"
 1757      346E7477 
 1757      DC886607 
 1757      21B26183 
 1757      19DA1C
 1758 1433 529B7343 		.ascii	"R\233sC\275z\315%\331A5\353\337\304\257\301\034E\207"
 1758      BD7ACD25 
 1758      D94135EB 
 1758      DFC4AFC1 
 1758      1C4587
 1759 1446 64EFC280 		.ascii	"d\357\302\2006\241Qb\037\201\354\2510$i\227\213Z\213"
 1759      36A15162 
 1759      1F81ECA9 
 1759      30246997 
 1759      8B5A8B
 1760 1459 A1792957 		.ascii	"\241y)Wn3\372=\011\314_\207F\352\352\030&;\350@.\350"
 1760      6E33FA3D 
 1760      09CC5F87 
 1760      46EAEA18 
 1760      263BE840 
 1761 146f C2DCA8BC 		.ascii	"\302\334\250\274]{\301|\317\231qAc\371f]X.\261`\331"
 1761      5D7BC17C 
 1761      CF997141 
 1761      63F9665D 
 1761      582EB160 
ARM GAS  /tmp/ccmlpSvV.s 			page 62


 1762 1484 D2C472B8 		.ascii	"\322\304r\270\211\3452\341\370\005\245\245\204\254\237"
 1762      89E532E1 
 1762      F805A5A5 
 1762      84AC9F
 1763 1493 0159A603 		.ascii	"\001Y\246\003\262\225\350\224\005\262\225\312\362\372"
 1763      B295E894 
 1763      05B295CA 
 1763      F2FA
 1764 14a1 352DF4EB 		.ascii	"5-\364\353\224U\350\254f8CCY\314\303\260\243\023q\230"
 1764      9455E8AC 
 1764      66384343 
 1764      59CCC3B0 
 1764      A3137198 
 1765 14b5 18FA16C6 		.ascii	"\030\372\026\306\277\012\3067\2208\215DH\210\260\022"
 1765      BF0AC637 
 1765      90388D44 
 1765      4888B012 
 1766 14c5 C657EEBA 		.ascii	"\306W\356\272#33[\214?\371`m\205z\0034,u\301\305c\216"
 1766      2333335B 
 1766      8C3FF960 
 1766      6D857A03 
 1766      342C75C1 
 1767 14dc 2BDBEE0B 		.ascii	"+\333\356\013\3727\243VuE\271\334\022e\200\031\345\020"
 1767      FA37A356 
 1767      7545B9DC 
 1767      12658019 
 1767      E510
 1768 14ee 33CA346B 		.ascii	"3\3124k\306d\200\350n\311\230\014\343F\016\242\215\221"
 1768      C66480E8 
 1768      6EC9980C 
 1768      E3460EA2 
 1768      8D91
 1769 1500 FEE932FD 		.ascii	"\376\3512\375\025&\001\022\2236\006&\371\215\315_\225"
 1769      15260112 
 1769      93360626 
 1769      F98DCD5F 
 1769      95
 1770 1511 B2408CB2 		.ascii	"\262@\214\262`\222\245rd\270Y\237\030\363W\264^C)I\006"
 1770      6092A572 
 1770      64B8599F 
 1770      18F357B4 
 1770      5E432949 
 1771 1526 E06833AD 		.ascii	"\340h3\255\343P\206y1\240f\375{\022\204\257\021\236"
 1771      E3508679 
 1771      31A066FD 
 1771      7B1284AF 
 1771      119E
 1772 1538 A135BB7E 		.ascii	"\2415\273~\304\"\036@\273F\036a;\324\300C\214\030 \237"
 1772      C4221E40 
 1772      BB461E61 
 1772      3BD4C043 
 1772      8C18209F 
 1773 154c 4346A04F 		.ascii	"CF\240Ov\233\374\311\221\222\000m\215\322\011\3625\350"
 1773      769BFCC9 
 1773      9192006D 
 1773      8DD209F2 
 1773      35E8
ARM GAS  /tmp/ccmlpSvV.s 			page 63


 1774 155e 0CE9AF13 		.ascii	"\014\351\257\023\244\273\272S\256Ye}\333\265\032\031"
 1774      A4BBBA53 
 1774      AE59657D 
 1774      DBB51A19 
 1775 156e 2CF9BC1A 		.ascii	",\371\274\032\214\007\203\325\346\362tGg\207\243\247"
 1775      8C0783D5 
 1775      E6F27447 
 1775      6787A3A7 
 1776 157e 19302C7B 		.ascii	"\0310,{\267r\256?zL\244\3250,e\367F\365\256{\024\272"
 1776      B772AE3F 
 1776      7A4CA4D5 
 1776      302C65F7 
 1776      46F5AE7B 
 1777 1594 48B42C18 		.ascii	"H\264,\030\266}\367\217\306\252\215\2211\323\242\215"
 1777      B67DF78F 
 1777      C6AA8D91 
 1777      31D3A28D 
 1778 15a4 745EB403 		.ascii	"t^\264\003\346\242\265\255k\321VY\026\255\235\271h{"
 1778      E6A2B5AD 
 1778      6BD15659 
 1778      16AD9DB9 
 1778      687B
 1779 15b6 12CC555B 		.ascii	"\022\314U[c\311\315vN\271Y\340X\207\265 F[\326a\255"
 1779      63C9CD76 
 1779      4EB959E0 
 1779      5887B520 
 1779      465BD661 
 1780 15cb CACDB3D2 		.ascii	"\312\315\263\3224\275A\002\221\016b\270\216\376\014"
 1780      34BD4102 
 1780      910E62B8 
 1780      8EFE0C
 1781 15da 0DE54A8D 		.ascii	"\015\345J\215R\260:\266R\024\036\255\201\035\256\236"
 1781      52B03AB6 
 1781      52141EAD 
 1781      811DAE9E 
 1782 15ea A1FF531F 		.ascii	"\241\377S\037K\303P\203\201\324pD}\014B\220\016#\223"
 1782      4BC35083 
 1782      81D47044 
 1782      7D0C4290 
 1782      0E2393
 1783 15fd BE7591A8 		.ascii	"\276u\221\250\214\026\243\210\262\026F\326\032\240\344"
 1783      8C16A388 
 1783      B21646D6 
 1783      1AA0E4
 1784 160c 88D137F4 		.ascii	"\210\3217\364O\313\277\363\303\017\350\377L\014n3\233"
 1784      4FCBBFF3 
 1784      C30FE8FF 
 1784      4C0C6E33 
 1784      9B
 1785 161d BD224BA2 		.ascii	"\275\"K\242\265T\324Z\264pa\002\3523\341\336\230\211"
 1785      B554D45A 
 1785      B4706102 
 1785      EA33E1DE 
 1785      9889
 1786 162f 69CD98F0 		.ascii	"i\315\230\360mEo7AJ\316\247\024b\023C\247\307DM\013"
 1786      6D456F37 
 1786      414ACEA7 
ARM GAS  /tmp/ccmlpSvV.s 			page 64


 1786      14621343 
 1786      A7C7444D 
 1787 1644 8D8D991C 		.ascii	"\215\215\231\034\372\207\330\230\217\247M\211\217\013"
 1787      FA87D898 
 1787      8FA74D89 
 1787      8F0B
 1788 1652 1D363D62 		.ascii	"\0356=br\304\304\370YS#b\254\375Ia\335Cg\307\304\316"
 1788      72C4C4F8 
 1788      59532362 
 1788      ACFD4961 
 1788      DD4367C7 
 1789 1668 889B193E 		.ascii	"\210\233\031>e\332\244\370\330Y\3213B'\376\373\204\356"
 1789      65DAA4F8 
 1789      D859D133 
 1789      4227FEFB 
 1789      84EE
 1790 167a 619346FD 		.ascii	"a\223F\375a\314\320I\037F\304F\315\016\217\235\026\312"
 1790      61CCD049 
 1790      1F46C446 
 1790      CD0E8F9D 
 1790      16CA
 1791 168c C2424242 		.ascii	"\302BBB\361\337\024\022\215\21138c\342B\247\207G\206"
 1791      F1DF1412 
 1791      8D893338 
 1791      63E242A7 
 1791      874786
 1792 169f 46464C0E 		.ascii	"FFL\016\215\213\217\235\026\036\025\207\0143c#\242\343"
 1792      8D8B8F9D 
 1792      161E1587 
 1792      0C336323 
 1792      A2E3
 1793 16b1 3F0C99C2 		.ascii	"?\014\231\302\004\366\375\035\343\220\311\275\272\367"
 1793      04F6FD1D 
 1793      E390C9BD 
 1793      BAF7
 1794 16bf 99D2A307 		.ascii	"\231\322\243\007\236e\037F\305\363\360\231~\263\242"
 1794      9E651F46 
 1794      C5F3F099 
 1794      7EB3A2
 1795 16ce E3223E8A 		.ascii	"\343\">\212\2366u\322\224\230\250\250\230h\327\370\250"
 1795      9E3675D2 
 1795      9498A8A8 
 1795      9868D7F8 
 1795      A8
 1796 16df 9993677D 		.ascii	"\231\223g}\010\221nSc&\321\214g\344\264\017\343'\205"
 1796      08916E53 
 1796      6326D18C 
 1796      67E4B40F 
 1796      E32785
 1797 16f2 4762D72D 		.ascii	"Gb\327-\"nRdL\364G\020\3552;bj\374t\217\231\261\323"
 1797      226E5264 
 1797      4CF44710 
 1797      ED323B62 
 1797      6AFC748F 
 1798 1709 A644C445 		.ascii	"\246D\304E\304DC\204\353\207\021\221\221\323ba\012\304"
 1798      C4444384 
 1798      EB871191 
ARM GAS  /tmp/ccmlpSvV.s 			page 65


 1798      91D36261 
 1798      0AC4
 1799 171b C14C113D 		.ascii	"\301L\021=+\312%6|j\304\247n\035\243gEF\006\261\377"
 1799      2BCA2536 
 1799      7C6AC4A7 
 1799      6E1DA367 
 1799      454606B1 
 1800 1730 0311A285 		.ascii	"\003\021\242\205\020"
 1800      10
 1801              		.text
 1802              		.section	.gnu.lto_chprintf.388.40d3c4266427eef5,"e",%progbits
 1803 0000 789C5590 		.ascii	"x\234U\220Oh\023A\024\306\337\233\331\374iE=h\3115x"
 1803      4F681341 
 1803      14C6DF9B 
 1803      D9FC6945 
 1803      3D68C935 
 1804 0015 F052CC40 		.ascii	"\360R\314@R\2457\213\036\304\203P\2107\221\260\273\335"
 1804      52A5378B 
 1804      1EC48350 
 1804      883791B0 
 1804      BBDD
 1805 0027 98B5DD6E 		.ascii	"\230\265\335n\334\335\020\202\224L\202\026\014\004["
 1805      DCDD1082 
 1805      944C8216 
 1805      0C045B
 1806 0036 4F1E44AB 		.ascii	"O\036D\253\210xR\004\321PC\273)\010\036<\024\021E(*"
 1806      88785204 
 1806      D15043BB 
 1806      29081E3C 
 1806      14114528 
 1807 004b 9E8420F4 		.ascii	"\236\204 \364\226B[\342\3335\264\025v\346\315\333\367"
 1807      96425BE2 
 1807      DB35B415 
 1807      76E6CDDB 
 1807      F7
 1808 005c 7BDFF766 		.ascii	"{\337\367f^ @\013\000N\322B\016xo\261\301@J9\021cX["
 1808      5E20400B 
 1808      004ED242 
 1808      0E786FB1 
 1808      C1404A39 
 1809 0074 6CF4BEBF 		.ascii	"l\364\276\277V\260\203\341\017\204*\303*>\346\021\214"
 1809      56B083E1 
 1809      0F842AC3 
 1809      2A3EE611 
 1809      8C
 1810 0085 1E4385F6 		.ascii	"\036C\205\366\021L\012*m\275\357\376|7\362\340\271\257"
 1810      114C0A2A 
 1810      6DBDEFFE 
 1810      7C37F2E0 
 1810      B9AF
 1811 0097 6C00545B 		.ascii	"l\000T[\370\2264\001\"\030\277\203p\312\227r\375cK\312"
 1811      F8963401 
 1811      2218BF83 
 1811      70CA9772 
 1811      FD634BCA 
 1812 00ab 21985BC6 		.ascii	"!\230[\306A\221a\023\357\307\010x2\000\376\204\300\315"
 1812      41916113 
ARM GAS  /tmp/ccmlpSvV.s 			page 66


 1812      EFC70878 
 1812      3200FE84 
 1812      C0CD
 1813 00bd F61EC09A 		.ascii	"\366\036\300\232\3704\026j<C\332G\311e\363w\367\306"
 1813      F834166A 
 1813      3C43DA47 
 1813      C965F377 
 1813      F7C6
 1814 00cf 0749162B 		.ascii	"\007I\026+\270\347\321\304v \363&d\026\210\371\321\235"
 1814      B8E7D1C4 
 1814      7620F326 
 1814      641688F9 
 1814      D19D
 1815 00e1 3FB2508B 		.ascii	"?\262P\213W\374\203\314\253\330!\350\340*\315\037\\"
 1815      57FC83CC 
 1815      ABD821E8 
 1815      E02ACD1F 
 1815      5C
 1816 00f2 32B0F711 		.ascii	"2\260\367\021W\360\345\247\210_\337\351\337\225\262"
 1816      57F0E5A7 
 1816      885FDFE9 
 1816      DF95B2
 1817 0101 77B5BFB3 		.ascii	"w\265\277\263=<\304\021\227QAlc\024\250\016\360\220"
 1817      3D3CC411 
 1817      9751416C 
 1817      6314A80E 
 1817      F090
 1818 0113 074F2115 		.ascii	"\007O!\025\224>\300#\316\376%5JzL\376Z\375\212a\\O\204"
 1818      943EC023 
 1818      CEFE2535 
 1818      4A7A4CFE 
 1818      5AFD8A61 
 1819 012a E1730276 		.ascii	"\341s\002v\331\355$4\220\225K@\201\340\270\333\3015"
 1819      D9ED2434 
 1819      90954B40 
 1819      81E0B8DB 
 1819      C135
 1820 013c C451160B 		.ascii	"\304Q\026\013\221/\0012\277t\205G\011\262-\000\316\271"
 1820      912F0132 
 1820      BF748547 
 1820      09B22D00 
 1820      CEB9
 1821 014e 42C3B061 		.ascii	"B\303\260a*\327\223\344\311\243!\370\215\244w\331\255"
 1821      2AD793E4 
 1821      C9A321F8 
 1821      8DA477D9 
 1821      AD
 1822 015f 50CCBCF6 		.ascii	"P\314\274\366\237\030;\034\022\033\011\330fk\233H\335"
 1822      9F183B1C 
 1822      121B09D8 
 1822      666B9B48 
 1822      DD
 1823 0170 674F54A0 		.ascii	"gOT\240\317\352K\247\251\031\202\241q\177h\200\254("
 1823      CFEA4BA7 
 1823      A91982A1 
 1823      717F6880 
 1823      AC28
ARM GAS  /tmp/ccmlpSvV.s 			page 67


 1824 0182 D896211C 		.ascii	"\330\226!\034[\023\223\216}\335\320=W\234/\230\232\231"
 1824      5B13938E 
 1824      7DDDD03D 
 1824      579C2F98 
 1824      9A99
 1825 0194 F54A53A6 		.ascii	"\365JS\246}\360\234KgD\331v\246\335\242\252\0339\317"
 1825      7DF09C4B 
 1825      6744D976 
 1825      A6DDA2AA 
 1825      1B39CF
 1826 01a7 29CD4E8B 		.ascii	")\315N\213\354\345K\231t\356\302\344\305s\271\274\351"
 1826      ECE54B99 
 1826      74EEC2E4 
 1826      C573B9BC 
 1826      E9
 1827 01b8 5865D531 		.ascii	"Xe\3251\004\244S)A\237\036\264\332\356\200\264]QPg\304"
 1827      04A45329 
 1827      419F1EB4 
 1827      DAEE80B4 
 1827      5D515067 
 1828 01cd 8CA909D7 		.ascii	"\214\251\011\327s\014\325r\011(:\346\254\227O\351\300"
 1828      730CD572 
 1828      09283AE6 
 1828      AC974FE9 
 1828      C0
 1829 01de E97C7C3F 		.ascii	"\351||?Oig2\343\372\330\3308\360\274\345\035\315\333"
 1829      4F696732 
 1829      E3FAD8D8 
 1829      38F0BCE5 
 1829      1DCDDB
 1830 01f1 8EA57A9E 		.ascii	"\216\245z\2361\225\323*\236\3412\265\370\027\003^\322"
 1830      3195D32A 
 1830      9EE132B5 
 1830      F817035E 
 1830      D2
 1831 0202 6D       		.ascii	"m"
 1832              		.text
 1833              		.section	.gnu.lto_chsnprintf.389.40d3c4266427eef5,"e",%progbits
 1834 0000 789C5590 		.ascii	"x\234U\220Mh\023A\024\307\337\233\331|h\240\027\355"
 1834      4D681341 
 1834      14C7DF9B 
 1834      D97C68A0 
 1834      17ED
 1835 0012 25A7E0C1 		.ascii	"%\247\340\301K1\003I\225zR\364 \036\204B\274\207M\334"
 1835      4B310349 
 1835      957A52F4 
 1835      201E8442 
 1835      BC874DDC 
 1836 0026 986D926E 		.ascii	"\230m\222n\272\273iP\221L\202\037\030\010\266\236E\253"
 1836      BABB6950 
 1836      914C821F 
 1836      1808B69E 
 1836      45AB
 1837 0038 1705B105 		.ascii	"\027\005\261\005)XJ)k\242 \342A\004E\264'\021<\324B"
 1837      29584A29 
 1837      6BA220E2 
 1837      410445B4 
ARM GAS  /tmp/ccmlpSvV.s 			page 68


 1837      27113CD4 
 1838 004d 152182A9 		.ascii	"\025!\202\251\365\355\030\322\0123\363\346\315\374\336"
 1838      F5ED18D2 
 1838      0A33F3E6 
 1838      CDFCDE
 1839 005c 7FFEF3DE 		.ascii	"\177\376\363\336#\300\"\000\034\244\211\034\360\326"
 1839      23C02200 
 1839      1CA4891C 
 1839      F0D6
 1840 006a 6C938194 		.ascii	"l\223\201\224\362x\210a}\266\331]_\324\260\203\352\000"
 1840      F2788861 
 1840      7DB6D95D 
 1840      5FD4B083 
 1840      EA00
 1841 007c A1C6B086 		.ascii	"\241\306\260\206\367x\000\203\373P\243u\030c\202\256"
 1841      F7780083 
 1841      FB50A375 
 1841      186382AE 
 1842 008c 7EBD58F7 		.ascii	"~\275X\367\336\015\337~\350ik\000\265%|J\232\000\001"
 1842      DE0DDF7E 
 1842      E8696B00 
 1842      B5257C4A 
 1842      9A0001
 1843 009f 0CDF4038 		.ascii	"\014\337@8\344I\371f~I\312=py\031\373\227\014[\370:"
 1843      E449F966 
 1843      7E49CA3D 
 1843      707919FB 
 1843      970C5BF8 
 1844 00b4 48C0FD3E 		.ascii	"H\300\375>\360J\001\227V\006\000k\341\007\037x\320\007"
 1844      F04A0197 
 1844      5606006B 
 1844      E1071F78 
 1844      D007
 1845 00c6 BE29E0C2 		.ascii	"\276)\340\302\352\000\340-\374\022T\217<BZG\310\306"
 1845      EA00E02D 
 1845      FC12548F 
 1845      3C425A47 
 1845      C8C6
 1846 00d8 E6FCC6D4 		.ascii	"\346\374\306\324KI\036<\034\230ha\317\227y\242\230\031"
 1846      4B491E3C 
 1846      1C986861 
 1846      CF9779A2 
 1846      9819
 1847 00ea 621E6F5C 		.ascii	"b\036o\\\033\232\251\207\253\355\335\314\367`\004:\370"
 1847      1B9AA987 
 1847      ABEDDDCC 
 1847      F760043A 
 1847      F8
 1848 00fb 8C3EE877 		.ascii	"\214>\350w\301\367\327F\364p\341m\300k\364\266oJ\371"
 1848      C1F7D746 
 1848      F470E16D 
 1848      C06BF4B6 
 1848      6F4AF9
 1849 010e 75E24F6F 		.ascii	"u\342Oo!\262\227#.\243\206\270\202\001\304U\014\001"
 1849      21B29723 
 1849      2EA386B8 
 1849      8201C455 
ARM GAS  /tmp/ccmlpSvV.s 			page 69


 1849      0C01
 1850 0120 410077B8 		.ascii	"A\000w\270\3370\251\241\364\000\356r\366/\251S\322e"
 1850      DF30A9A1 
 1850      F400EE72 
 1850      F62FA953 
 1850      D265
 1851 0132 F2F3A78F 		.ascii	"\362\363\247\217\250\342ZT\205\037Q\330bWc\320DVq\200"
 1851      A8E25A54 
 1851      851F51D8 
 1851      625763D0 
 1851      44567180 
 1852 0146 02C1E1A9 		.ascii	"\002\301\341\251\016>G\034aa\205\374\364\221\353sGy"
 1852      0E3E471C 
 1852      616185FC 
 1852      F491EB73 
 1852      4779
 1853 0158 88A05201 		.ascii	"\210\240R\001\200s\256Q\323\333\310\"\0044b\364*\017"
 1853      8073AE51 
 1853      D3DBC822 
 1853      043462F4 
 1853      2A0F
 1854 016a 29B44BE2 		.ascii	")\264K\342[\354\212\222;o\374'\307\206\024\321\213\302"
 1854      5BEC8A92 
 1854      3B6FFC27 
 1854      C78614D1 
 1854      8BC2
 1855 017c 6FD6DE44 		.ascii	"o\326\336D\252>v\240\012\333\2541w\230\212\301\267\215"
 1855      AA3E76A0 
 1855      0ADBAC31 
 1855      77988AC1 
 1855      B78D
 1856 018e 3BB60152 		.ascii	";\266\001R\"o\225\014a[\0311n[\023F\326u\304\311\274"
 1856      226F950C 
 1856      615B1931 
 1856      6E5B1346 
 1856      D675C4C9 
 1857 01a3 9931536E 		.ascii	"\2311Sn\345\234i\355\336\247\023IQ\265\354\202S\326"
 1857      E59C69ED 
 1857      DEA71349 
 1857      51B5EC82 
 1857      53D6
 1858 01b5 B346DAB5 		.ascii	"\263F\332\265+\223\005\221:{&\231H\237\032?}\"\2353"
 1858      2B930591 
 1858      3A7B2699 
 1858      489F1A3F 
 1858      7D229D33 
 1859 01c9 ED5255B7 		.ascii	"\355RU\267\015\001\211x\\\320\310\372\245\226\323'-"
 1859      0D018978 
 1859      5CD0C8FA 
 1859      A596D327 
 1859      2D
 1860 01da 47E4F5A2 		.ascii	"G\344\365\242(\232\031\341\270\266\241\227\034\002\312"
 1860      289A19E1 
 1860      B8B6A197 
 1860      1C02CA
 1861 01e9 B639E9E6 		.ascii	"\2669\351\346\342Y\340t\266\177'\217g\216$\307\262\243"
 1861      E259E074 
ARM GAS  /tmp/ccmlpSvV.s 			page 70


 1861      B67F278F 
 1861      678E24C7 
 1861      B2A3
 1862 01fb A363A039 		.ascii	"\243c\2409\346E\203\347Jn\3206\334i\275\310\364\362"
 1862      E64583E7 
 1862      4A6ED036 
 1862      DC69BDC8 
 1862      F4F2
 1863 020d 5FC5AEDC 		.ascii	"_\305\256\334\323"
 1863      D3
 1864              		.text
 1865              		.section	.gnu.lto_chvsnprintf.390.40d3c4266427eef5,"e",%progbits
 1866 0000 789C5592 		.ascii	"x\234U\222]h\023Y\024\307\317\377\336\231ilB+\250/."
 1866      5D681359 
 1866      14C7CFFF 
 1866      DE99696C 
 1866      422BA82F 
 1867 0015 48D9D7DD 		.ascii	"H\331\327\335\355@\253\242O[\364aQ\020\204\372\036\322"
 1867      ED40ABA2 
 1867      4F5BF461 
 1867      511084FA 
 1867      1ED2
 1868 0027 986E639B 		.ascii	"\230nc\233N\235I-Z\244\323VS\355\222\332\210(.K\267"
 1868      4E9D492D 
 1868      5AA4D356 
 1868      53ED92DA 
 1868      88282E4B 
 1869 003c 2BE80A7E 		.ascii	"+\350\012~\275(Jikl\255_\361\243\370\361\244V\361a\361"
 1869      BD284A69 
 1869      6B6CAD5F 
 1869      F1A3F8F1 
 1869      A456F161 
 1870 0051 132B8896 		.ascii	"\023+\210\226U[\317\275\011\261\206$g\356\275\277\377"
 1870      555BCFBD 
 1870      09B18624 
 1870      67EEBDBF 
 1870      FF
 1871 0062 B9FF73CE 		.ascii	"\271\377s\316x\222\350*\0215\360\017%\204\375\231^A"
 1871      7892E82A 
 1871      1135F00F 
 1871      2584FD99 
 1871      5E41
 1872 0074 BEEFD794 		.ascii	"\276\357\327\224\010\321\235\371C \007^U\030\2732e:"
 1872      08D19DF9 
 1872      4320075E 
 1872      5518BB32 
 1872      653A
 1873 0086 4A1CC894 		.ascii	"J\034\310\224\352sC\354\316\004\365^\252pf\342`Qm\241"
 1873      EA7343EC 
 1873      CE04F55E 
 1873      AA7066E2 
 1873      60516DA1 
 1874 009a 33D3FBF1 		.ascii	"3\323\373\361\377\263F>AM\011\250CH\303\264\320\201"
 1874      FFB3463E 
 1874      414D09A8 
 1874      4348C3B4 
 1874      D081
ARM GAS  /tmp/ccmlpSvV.s 			page 71


 1875 00ac 7FA4096B 		.ascii	"\177\244\011k\021\230\267\226\240\302\346\343\231\211"
 1875      1198B796 
 1875      A0C2E6E3 
 1875      9989
 1876 00ba 57934F96 		.ascii	"W\223O\226\374u<k<\"\352\270\200\363`;d\"\260\027\364"
 1876      FC753C6B 
 1876      3C22EAB8 
 1876      80F3603B 
 1876      6422B017 
 1877 00cf 4BD6F727 		.ascii	"K\326\367'\317\\\360\375\005\264s\010\205C\2014\356"
 1877      CF5CF0FD 
 1877      05B47308 
 1877      85438134 
 1877      EE
 1878 00e0 9B0C1C29 		.ascii	"\233\014\034)\0009\015\264\017\027\001\221\306S\005"
 1878      00390DB4 
 1878      0F170191 
 1878      C65305
 1879 00ef FC5B00DE 		.ascii	"\374[\000\336h`\373h\021\220i\274V\300\011\006\330\302"
 1879      6860FB68 
 1879      119069BC 
 1879      56C00906 
 1879      D8C2
 1880 0101 646F778F 		.ascii	"dow\217\277\320h\313\026\001#\215\031S\2738\015\376"
 1880      BFD068CB 
 1880      1601238D 
 1880      1953BB38 
 1880      0DFE
 1881 0113 FF89A1E9 		.ascii	"\377\211\241\351\275o\267^\363\331\344\030\212.\323"
 1881      BD6FB75E 
 1881      F3D9E418 
 1881      8A2ED3
 1882 0122 38663173 		.ascii	"8f1sN3|\323\364\236;\251\262\376\316@\373\345\371\314"
 1882      4E337CD3 
 1882      F49E3BA9 
 1882      B2FECE40 
 1882      FBE5F9CC 
 1883 0136 9F8AB954 		.ascii	"\237\212\271Td\346N\365)\246\365\312|\246\317\322}Y"
 1883      64E64EF5 
 1883      29A6F5CA 
 1883      7CA6CFD2 
 1883      7D59
 1884 0148 ACFB3208 		.ascii	"\254\3732\010\026LhA?\013f\323\353\231\367n\240\343"
 1884      164C6841 
 1884      3F0B66D3 
 1884      EB99F76E 
 1884      A0E3
 1885 015a 3AAE15F8 		.ascii	":\256\025\370n+H9\\\305\004\306\271\273j\200D\0227\200"
 1885      6E2B4839 
 1885      5CC504C6 
 1885      B9BB6A80 
 1885      44123780 
 1886 016e CBC018CE 		.ascii	"\313\300\030\316\3345\263\376\347\271}\276\377\326\351"
 1886      DC35B3FE 
 1886      E7B97DBE 
 1886      FFD6E9
 1887 017d 1BBF3882 		.ascii	"\033\2778\202r\220(\021\334:IL\230\3000,\365\024\000"
ARM GAS  /tmp/ccmlpSvV.s 			page 72


 1887      72902811 
 1887      DC3A494C 
 1887      98C0302C 
 1887      F51400
 1888 0190 86500A8C 		.ascii	"\206P\012\214\"D\254#\032\220j\206\276\001?K\364\267"
 1888      2244AC23 
 1888      1A906A86 
 1888      BE013F4B 
 1888      F4B7
 1889 01a2 14F94527 		.ascii	"\024\371E'/>\012\377\331\227\207\320q\366\007\035\372"
 1889      2F3E0AFF 
 1889      D99787D0 
 1889      71F6071D 
 1889      FA
 1890 01b3 97E9B03F 		.ascii	"\227\351\260?\037\016.\243\017b\327\313\361\245\322"
 1890      1F0E2EA3 
 1890      0F62D7CB 
 1890      F1A5D2
 1891 01c2 B4DAB54D 		.ascii	"\264\332\265M\225Avr\006Q\314pxJ\320'\321=\220\272%"
 1891      95417672 
 1891      0651CC70 
 1891      784AD027 
 1891      D13D90BA 
 1892 01d7 A4A5C139 		.ascii	"\244\245\3019\376\224\363YW\005\373\221\226\026\031"
 1892      FE94F359 
 1892      5705FB91 
 1892      961619
 1893 01e6 F3AFEDAA 		.ascii	"\363\257\355\252QN\245\324\372sS\013\370\255\242/\242"
 1893      514EA5D4 
 1893      FA73530B 
 1893      F8ADA22F 
 1893      A2
 1894 01f7 A7827A21 		.ascii	"\247\202z!\234\004q`8\320\230\303M\310\200\224\034D"
 1894      9C047160 
 1894      38D098C3 
 1894      4DC88094 
 1894      1C44
 1895 0209 50B343CA 		.ascii	"P\263C\312W\327`9\256@3\317\177f(ocdJ\345H\015\256\226"
 1895      57D76039 
 1895      AE4033CF 
 1895      7F66286F 
 1895      63644AE5 
 1896 0221 21CEF27B 		.ascii	"!\316\362{\254\220e\346\366\241\240bd)\262\020eJ\376"
 1896      AC9065E6 
 1896      F6A1A062 
 1896      6429B210 
 1896      654AFE
 1897 0234 7464A08C 		.ascii	"td\240\214;#CZw\217u\237D\327\350\213\220\304Jum{\016"
 1897      3B23435A 
 1897      778F759F 
 1897      44D7E88B 
 1897      90C44A75 
 1898 024b 11B6CC85 		.ascii	"\021\266\314\205?\342\302!MUu\217\224\\\334\355wG\241"
 1898      3FE2C221 
 1898      4D55758F 
 1898      945CDCED 
 1898      7747A1
ARM GAS  /tmp/ccmlpSvV.s 			page 73


 1899 025e CCFCF70E 		.ascii	"\314\374\367\016\\\222\371}\037\036\344\373p65\001)"
 1899      5C92F97D 
 1899      1F1EE4FB 
 1899      70363501 
 1899      29
 1900 026f D8B64EFB 		.ascii	"\330\266N\373\376\271\232\377N\320Ie\346x(\274\343\001"
 1900      FEB99AFF 
 1900      4ED04965 
 1900      E67828BC 
 1900      E301
 1901 0281 C80A23DF 		.ascii	"\310\012#\337I\353\373Y<\326V\306\246\301S\377\365G"
 1901      49EBFB59 
 1901      3CD656C6 
 1901      A6C153FF 
 1901      F547
 1902 0293 8FE6B8D4 		.ascii	"\217\346\270\324\025l\223\324\020\361m\210D\265v\203"
 1902      156C93D4 
 1902      10F16D88 
 1902      44B57683 
 1903 02a3 9388D9AE 		.ascii	"\223\210\331\256Sgot\235-\261h\322\263\3276\304\353"
 1903      53676F74 
 1903      9D2DB168 
 1903      D2B3D736 
 1903      C4EB
 1904 02b5 E2B5C9D6 		.ascii	"\342\265\311\326\315qg\376s\270\252\332ns\334F\257%"
 1904      CD7167FE 
 1904      73B8AADA 
 1904      6E73DC46 
 1904      AF25
 1905 02c7 128D8593 		.ascii	"\022\215\205\223nks\243]\273iCuU\370\267\215\353\326"
 1905      6E6B73A3 
 1905      5DBB6943 
 1905      7555F8B7 
 1905      8DEBD6
 1906 02da 84EBE36E 		.ascii	"\204\353\343n\242-\342\306l\252\252\254\264\371\033"
 1906      A22DE2C6 
 1906      6CAAAAAC 
 1906      B4F91B
 1907 02e9 5552C72B 		.ascii	"UR\307+\220\216g7D\232\354\246x\235\355%\335X$\3411"
 1907      908E6737 
 1907      449AECA6 
 1907      789DED25 
 1907      DD5824E1 
 1908 02fe D0E2C69B 		.ascii	"\320\342\306\233\223\365\225Q\222\274\267\370\333\272"
 1908      93F59551 
 1908      92BCB7F8 
 1908      DBBA
 1909 030c B26E65F5 		.ascii	"\262ne\365\252\350\362\345\253\310\360\342;b\262>\221"
 1909      AAE8F2E5 
 1909      ABC8F0E2 
 1909      3B62B23E 
 1909      91
 1910 031d 149116CB 		.ascii	"\024\221\026\313\215%\267E\232\202j+\334\346\204\233"
 1910      8D25B745 
 1910      9A826A2B 
 1910      DCE6849B 
 1911 032d 5B9B246B 		.ascii	"[\233$kD\302\373\012\356\011w\351"
ARM GAS  /tmp/ccmlpSvV.s 			page 74


 1911      44C2FB0A 
 1911      EE0977E9 
 1912              		.text
 1913              		.section	.gnu.lto_.symbol_nodes.40d3c4266427eef5,"e",%progbits
 1914 0000 789C2B63 		.ascii	"x\234+cd```jd\256\027\370\360k\205\005\343\204s\014"
 1914      64606060 
 1914      6A64AE17 
 1914      F8F06B85 
 1914      05E38473 
 1915 0015 0CF50C0C 		.ascii	"\014\365\014\014;\033\032\033\033\230A2\315\314\365"
 1915      3B1B1A1B 
 1915      1B984132 
 1915      CDCCF5
 1916 0024 824F4EEE 		.ascii	"\202ON\356\220\204\311\354jh\004\353ha\256\027j\000"
 1916      9084C9EC 
 1916      6A6804EB 
 1916      6861AE17 
 1916      6A00
 1917 0036 021698C4 		.ascii	"\002\026\230\304,\250D\033s\2750\212\004LG+s\275\010"
 1917      2CA8441B 
 1917      73BD308A 
 1917      044C472B 
 1917      73BD08
 1918 0049 361D8C1D 		.ascii	"6\035\214\035\314\365\242\377\241@\036,\311\300\000"
 1918      CCF5A2FF 
 1918      A1401E2C 
 1918      C9C000
 1919 0058 5407966B 		.ascii	"T\007\226kg\256\027\303%\327\311\\/\216C\216\231\221"
 1919      67AE17C3 
 1919      25D7C95C 
 1919      2F8E438E 
 1919      9991
 1920 006a E1DF9B56 		.ascii	"\341\337\233V\016\306C\253\231\200\314\237\307&J06\355"
 1920      0EC643AB 
 1920      9980CC9F 
 1920      C7264A30 
 1920      36ED
 1921 007c 6762615C 		.ascii	"gba\\8\365\343)\006\306\255\374,\214}\237g11N\375\006"
 1921      38F5E329 
 1921      06C6ADFC 
 1921      2C8C7D9F 
 1921      6731314E 
 1922 0092 145BD177 		.ascii	"\024[\321w\353\005\003\343\324\377@\346\204\326\353"
 1922      EB0503E3 
 1922      D4FF40E6 
 1922      84D6EB
 1923 00a1 C79919AF 		.ascii	"\307\231\031\257.c\2061\247nbffb\203\270\272\205\221"
 1923      2E638631 
 1923      A76E6266 
 1923      666283B8 
 1923      BA8591
 1924 00b4 998911C2 		.ascii	"\231\211\021\302<\004d\262B\230K\330\230\231\331\241"
 1924      3C0464B2 
 1924      42984BD8 
 1924      9899D9A1 
 1925 00c4 4C766666 		.ascii	"Lvff\250\202E\\\314,\010m,\314pm,pm\014\000\300\360"
 1925      A882455C 
ARM GAS  /tmp/ccmlpSvV.s 			page 75


 1925      CC2C086D 
 1925      2CCC706D 
 1925      2C706D0C 
 1926 00db 79E8     		.ascii	"y\350"
 1927              		.text
 1928              		.section	.gnu.lto_.refs.40d3c4266427eef5,"e",%progbits
 1929 0000 789C6364 		.ascii	"x\234cd\000\002\000\000\012\000\002"
 1929      00020000 
 1929      0A0002
 1930              		.text
 1931              		.section	.gnu.lto_.decls.40d3c4266427eef5,"e",%progbits
 1932 0000 789C9557 		.ascii	"x\234\225W{PT\327\031?\347p\331\275\010\362HLC\223f"
 1932      7B5054D7 
 1932      193FE770 
 1932      D9BD08F2 
 1932      484C4393 
 1933 0015 92B49DD6 		.ascii	"\222\264\235\326I\033\251\217$v\332\231:I'\0313M\343"
 1933      491BA98F 
 1933      2476DA99 
 1933      3A492719 
 1933      334DE3
 1934 0028 8C69679A 		.ascii	"\214ig\232Lg\013\270\204m`\327\354.\232\266\177\364"
 1934      4C670BB8 
 1934      846D60D7 
 1934      EC2E9AB6 
 1934      7FF4
 1935 003a 2ECFC5E7 		.ascii	".\317\305\347\256IpA\022\310\002B\242\010\370@py\254"
 1935      AE497041 
 1935      12C80242 
 1935      A208F840 
 1935      7079AC
 1936 004d B03CC417 		.ascii	"\260<\304\027\242\202<\305(\021\001\225\247\030\004"
 1936      A2823CC5 
 1936      28110195 
 1936      A71804
 1937 005c EC77CE3D 		.ascii	"\354w\316=\354\262k\232iw\370\270\367\334\337\367}\277"
 1937      ECB26B9A 
 1937      6977F8B8 
 1937      F7DCDFF7 
 1937      7DBF
 1938 006e EFFBCE77 		.ascii	"\357\373\316w\316=\367\363\020\204\366\021\204\0061"
 1938      CE3DF7F3 
 1938      1084F611 
 1938      840631
 1939 007d 420FE1A7 		.ascii	"B\017\341\247@\010]\004\011\007\251\002\251\001\231"
 1939      40085D04 
 1939      0907A902 
 1939      A90199
 1940 008c 02990779 		.ascii	"\002\231\007y\0102\011\342\017\272\012\020%\310\017"
 1940      083209E2 
 1940      0FBA0A10 
 1940      25C80F
 1941 009b E83D3C6B 		.ascii	"\350=<k\007y\227\332\301\370i\220&\270\377)\\_\004Y"
 1941      077997DA 
 1941      C1F86990 
 1941      26B8FF29 
 1941      5C5F0459 
ARM GAS  /tmp/ccmlpSvV.s 			page 76


 1942 00af 05F26B90 		.ascii	"\005\362k\220\337\201\274\011\262\001\344]\220\365D"
 1942      DF81BC09 
 1942      B201E45D 
 1942      90F544
 1943 00be B6ADE2BA 		.ascii	"\266\255\342\272\012\356\343\347 '@\336\003\374y$\373"
 1943      0AEEE3E7 
 1943      202740DE 
 1943      03FC7924 
 1943      FB
 1944 00cf 98E7B150 		.ascii	"\230\347\261P\377\002\310_\261\254Cm7-\262\245\361]"
 1944      FF02C85F 
 1944      B1AC436D 
 1944      372DB2A5 
 1944      F15D
 1945 00e1 A0B6DC4F 		.ascii	"\240\266\334O5\310\034\310\014\310\004\210\032tG\341"
 1945      35C81CC8 
 1945      0CC80488 
 1945      1A7447E1 
 1946 00f1 DACAF388 		.ascii	"\332\312\363\210\001y\037$\016$\036D\013\242\303r<?"
 1946      01791F24 
 1946      0E241E44 
 1946      0BA2C372 
 1946      3C3F
 1947 0103 01D9CCF3 		.ascii	"\001\331\314\363TC,\301H\316eq,\037\362|\250\237\267"
 1947      54432CC1 
 1947      48CE6571 
 1947      2C1FF27C 
 1947      A89FB7
 1948 0116 41F43CE7 		.ascii	"A\364<\347_\202\030x\276\353A\376\015\366PjV\203*^\257"
 1948      5F821878 
 1948      BEEB41FE 
 1948      0DF6506A 
 1948      56832A5E 
 1949 012b FFE6C3C8 		.ascii	"\377\346\303\310\353\265\326\307\207\001|\204!\031\363"
 1949      EBB5D6C7 
 1949      87017C84 
 1949      2119F3
 1950 013a F541637A 		.ascii	"\365Acz\012\3135H\340\365\245\363\360\027\237\230\036"
 1950      0ACB3548 
 1950      E0F5A5F3 
 1950      F0179F98 
 1950      1E
 1951 014b E375533C 		.ascii	"\343uS<\216\005\305\023\3709\221 AQ4\230? <\217q\010"
 1951      8E05C513 
 1951      F8399120 
 1951      41513498 
 1951      3F203C8F 
 1952 0161 48A224CD 		.ascii	"H\242$\315>\353\300NI\032\224\352L~\350\245U\250\022"
 1952      3EEBC04E 
 1952      491A94EA 
 1952      4C7EE8A5 
 1952      55A812
 1953 0174 3B30AAC2 		.ascii	";0\252\302'0q`\201\214\334\357n\361\017\003|T\312\255"
 1953      27307160 
 1953      818CDCEF 
 1953      6EF10F03 
 1953      7C54CAAD 
ARM GAS  /tmp/ccmlpSvV.s 			page 77


 1954 0188 131CB802 		.ascii	"\023\034\270\002\037\007\237\325t^\210+\245\353H@\010"
 1954      1F079FD5 
 1954      745E882B 
 1954      A5EB4840 
 1954      08
 1955 0199 B575FADA 		.ascii	"\265u\372\332\012\244\262 ;y\211\333\260\206\033\326"
 1955      0AA4B220 
 1955      3B7989DB 
 1955      B0861BD6 
 1956 01a9 62164C28 		.ascii	"b\026L(\210(*\221\342\031\374\020\303?$\006\242\227"
 1956      88282A91 
 1956      E219FC10 
 1956      C33F2406 
 1956      A297
 1957 01bb 24F6B33F 		.ascii	"$\366\263?\213\032@\011~\257\007\211\357\001K\303l\327"
 1957      8B1A4009 
 1957      7EAF0789 
 1957      EF014BC3 
 1957      6CD7
 1958 01cd C1A090C5 		.ascii	"\301\240\220\305\0216\341g\032\261\013\327\003Ku\177"
 1958      1136E167 
 1958      1AB10BD7 
 1958      034B757F 
 1959 01dd D1941800 		.ascii	"\321\224\030\000\312\315x\014t/\0254\025-\241\303[\350"
 1959      CACD780C 
 1959      742F1534 
 1959      152DA1C3 
 1959      5BE8
 1960 01ef 14060E02 		.ascii	"\024\006\016\002I\207*\224\230\366\272\022\256\224\340"
 1960      49872A94 
 1960      98F6BA12 
 1960      AE94E0
 1961 01fe 23311A34 		.ascii	"#1\0324o\017\315\264*B$\032\23639\000\261\350\316ce"
 1961      6F0FCDB4 
 1961      2A42241A 
 1961      9E333900 
 1961      B1E8CE63 
 1962 0213 233E87CF 		.ascii	"#>\207\317\202\337\013\263%w\202~\004\360\210$-k\305"
 1962      82DF0BB3 
 1962      2577827E 
 1962      04F08824 
 1962      2D6BC5
 1963 0226 67F06988 		.ascii	"g\360i\210\351\002F-,\361\322r\207i\251;\267\013<\267"
 1963      E902462D 
 1963      2CF1D272 
 1963      8769A93B 
 1963      B70B3CB7 
 1964 023a 36105183 		.ascii	"6\020Q\203\024\335\210\361\205\320\033$jA\277\312<t"
 1964      14DD88F1 
 1964      85D01B24 
 1964      6A41BFCA 
 1964      3C74
 1965 024c 3E38C4E9 		.ascii	">8\304\351E\326\216\273Q#\276\214/\001\333\203\314\343"
 1965      45D68EBB 
 1965      5123BE8C 
 1965      2F01DB83 
 1965      CCE3
ARM GAS  /tmp/ccmlpSvV.s 			page 78


 1966 025e DB1534EC 		.ascii	"\333\0254\354\016\226ESy\261]t\273o\346\356;\031\365"
 1966      0E964553 
 1966      79B15D74 
 1966      BB6FE6EE 
 1966      3B19F5
 1967 0271 C5F4CA66 		.ascii	"\305\364\312f\177\252\332\211\257\200\245c\327\231T"
 1967      7FAADA89 
 1967      AF80A563 
 1967      D79954
 1968 0280 2C27DC05 		.ascii	",'\334\005\303\326\241/:\204\205\260;x\330=\030u3\333"
 1968      C3D6A12F 
 1968      3A8485B0 
 1968      3B78D83D 
 1968      187533DB 
 1969 0294 B4FC4B95 		.ascii	"\264\374K\225\036\277=\334o/\015;\001=\022\305\256\203"
 1969      1EBF3DDC 
 1969      6F2F0D3B 
 1969      013D12C5 
 1969      AE83
 1970 02a6 A3F782BD 		.ascii	"\243\367\202\275fwQ\335g\366U\227\021\267\253~\356\352"
 1970      667751DD 
 1970      67F65597 
 1970      11B7AB7E 
 1970      EEEA
 1971 02b8 1AA349EF 		.ascii	"\032\243I\357MK\361\243~\256\341\253\240Z~\316\324@"
 1971      4D4BF1A3 
 1971      7EAEE1AB 
 1971      A05A7ECE 
 1971      D440
 1972 02ca E410BF86 		.ascii	"\344\020\277\206\341\227\351\017\007\202}C\274\201\321"
 1972      E197E90F 
 1972      07827D43 
 1972      BC81D1
 1973 02d9 75665B72 		.ascii	"uf[rkgk\260\333\357\015\356w\200\206\370/$n\307\264"
 1973      6B676BB0 
 1973      DBEF0DEE 
 1973      778086F8 
 1973      2F246EC7 
 1974 02ee 7996C1A4 		.ascii	"y\226\301\244\346b1\017\203~\2174\331\251\220\235\323"
 1974      E662310F 
 1974      837E8F34 
 1974      D9A9909D 
 1974      D3
 1975 02ff 98F34F6D 		.ascii	"\230\363Om;-\372N\333\010F\303\314yMI\231-\310\355|"
 1975      3B2DFA4E 
 1975      DB0846C3 
 1975      CC794D49 
 1975      992DC8ED 
 1976 0314 843BBF4D 		.ascii	"\204;\277M\261\240\344\302\223\023B\370\013\364\007"
 1976      B1A0E4C2 
 1976      931342F8 
 1976      0BF407
 1977 0323 E6C992E4 		.ascii	"\346\311\222\344\024\320-\014\373\344M|\0077\342\273"
 1977      14D02D0C 
 1977      FBE44D7C 
 1977      0737E2BB 
 1978 0333 781C8FE2 		.ascii	"x\034\217\3421<A[\023<\334\3179=\227\367\263\262\012"
ARM GAS  /tmp/ccmlpSvV.s 			page 79


 1978      313C415B 
 1978      133CDCCF 
 1978      393D97F7 
 1978      B3B20A
 1979 0346 494A0FEF 		.ascii	"IJ\017\357\300\337\200\216\354l%B\253)n\311\006\007"
 1979      C0DF808E 
 1979      EC6C2542 
 1979      AB296EC9 
 1979      0607
 1980 0358 8A5E7CD1 		.ascii	"\212^|\321\215\234\304^P\033\256\363\202*\260\007\033"
 1980      8D9CC45E 
 1980      501BAEF3 
 1980      822AB007 
 1980      1B
 1981 0369 C07D8B1D 		.ascii	"\300}\213\035.\206n\343!7\344d\036\0052t\357\330U!\234"
 1981      2E866EE3 
 1981      2137E464 
 1981      1E053274 
 1981      EFD85521 
 1982 037e 46EDFCBE 		.ascii	"F\355\374\276\250aI^\273v\000\273\363\237\344n\246X"
 1982      A861495E 
 1982      BB7600BB 
 1982      F39FE46E 
 1982      A658
 1983 0390 6DF65F29 		.ascii	"m\366_)\233\024\334\330\024\307\356\321\302\027\303"
 1983      9B14DCD8 
 1983      14C7EED1 
 1983      C217C3
 1984 039f A6417A0F 		.ascii	"\246Az\017\215\326\223py\211:\331\372\274\211\357\003"
 1984      8DD69370 
 1984      79893AD9 
 1984      FABC89EF 
 1984      03
 1985 03b0 05737C20 		.ascii	"\005s| \3331&2\320\371(8\2242\362\215gJ\277\345\236"
 1985      DB312632 
 1985      D0F92838 
 1985      9432F28D 
 1985      674ABFE5 
 1986 03c5 6728AB30 		.ascii	"g(\2530;\263\243\224\274\020N\301\342\274\214`\213\311"
 1986      3BB3A394 
 1986      BC104EC1 
 1986      E2BC8C60 
 1986      8BC9
 1987 03d7 6F064FE3 		.ascii	"o\006O\343\331\305\305dK\224\346%?\233\005\267\017\250"
 1987      D9C5C564 
 1987      4B94E625 
 1987      3F9B05B7 
 1987      0FA8
 1988 03e9 63B18C86 		.ascii	"c\261\214\206\325Upy\367\322po\2359\354V\022Ha\306\245"
 1988      D5557079 
 1988      F7D2706F 
 1988      9D39EC56 
 1988      124861C6 
 1989 03fe 694FA3CE 		.ascii	"iO\243\316s\317\017Y\3163\366\366DO\316m\034\223\010"
 1989      73CF0F59 
 1989      CE33F6F6 
 1989      444FCE6D 
ARM GAS  /tmp/ccmlpSvV.s 			page 80


 1989      1C9308
 1990 0411 DBA20205 		.ascii	"\333\242\002\005r<-c,\300\275G<.\303\211\004\2554\021"
 1990      723C2D63 
 1990      2CC0BD47 
 1990      3C2EC389 
 1990      04AD3411 
 1991 0425 50088236 		.ascii	"P\010\2026\354\007/\327g\354]\312'\345\246\371\233\003"
 1991      EC072FD7 
 1991      67EC5DCA 
 1991      27E5A6F9 
 1991      9B03
 1992 0437 27932470 		.ascii	"'\223$p\220B\250\"\240\263\326\214\016?7G\012\221\235"
 1992      9042A822 
 1992      A0B3D68C 
 1992      0E3F3747 
 1992      0A919D
 1993 044a A4326C5B 		.ascii	"\2442l[Ug\232\322\215\365\362\014\323\030vu(\243\322"
 1993      55679AD2 
 1993      8DF5F20C 
 1993      D3187675 
 1993      28A3D2
 1994 045d 837573CC 		.ascii	"\203us\314\014\230\330H\220x\026\344\002H;H/-\304\221"
 1994      0C98D848 
 1994      907816E4 
 1994      02483B48 
 1994      2F2DC491 
 1995 0471 DDC59382 		.ascii	"\335\305\223\202\327\374\354$\273\010\237\202\223\343"
 1995      D7FCEC24 
 1995      BB089F82 
 1995      93E3
 1996 047f 532705AF 		.ascii	"S'\005\257\371Y\014\016\347\367{*\264\233Gh\241Q\004"
 1996      F9590C0E 
 1996      E7F77B2A 
 1996      B49B4768 
 1996      A15104
 1997 0492 15EF1837 		.ascii	"\025\357\0307\007}\327\252@V0\317 \237\220O\311\307"
 1997      077DD7AA 
 1997      405630CF 
 1997      209F904F 
 1997      C9C7
 1998 04a4 640FE18B 		.ascii	"d\017\341\213\342\350\336\314hh\323\344\240\016\234"
 1998      E2E8DECC 
 1998      6868D3E4 
 1998      A00E9C
 1999 04b3 4EAC6471 		.ascii	"N\254dq\233\272;\270\003osC\276\215\337\211w\2701\237"
 1999      9BBA3BB8 
 1999      036F7343 
 1999      BE8DDF89 
 1999      77B8319F 
 2000 04c7 C6EFC0DB 		.ascii	"\306\357\300\333\275\314\230\307Q[\375n\3324\0262\215"
 2000      BDCC98C7 
 2000      515BFD6E 
 2000      DA341632 
 2000      8D
 2001 04d8 17D9D145 		.ascii	"\027\331\321Eqh\370\332-\317^\267\000\356\245\365\313"
 2001      7168F8DA 
 2001      2DCF5EB7 
ARM GAS  /tmp/ccmlpSvV.s 			page 81


 2001      00EEA5F5 
 2001      CB
 2002 04e9 F103FC6E 		.ascii	"\361\003\374n\371\241\206\020\237\306\261\221^\330\222"
 2002      F9A18610 
 2002      9FC6B191 
 2002      5ED892
 2003 04f8 FB687DC4 		.ascii	"\373h}\304B\252\264\257\374\302o\302\275\023\317\"\217"
 2003      42AAB4AF 
 2003      FCC26FC2 
 2003      BD13CF22 
 2003      8F
 2004 0509 640E1BCB 		.ascii	"d\016\033\313l}\255\247\305\367q\262l6\221\235\347\012"
 2004      6C7DADA7 
 2004      C5F771B2 
 2004      6C36919D 
 2004      E70A
 2005 051b 2BC9187D 		.ascii	"+\311\030}\363\230%\247\311%Z\354\203R\251$m\226\032"
 2005      F39825A7 
 2005      C9255AEC 
 2005      8352A924 
 2005      6D961A
 2006 052e 076D59A9 		.ascii	"\007mY\251\203\3460+\274\203\245R\263\364\224\015\036"
 2006      83E6302B 
 2006      BC83A552 
 2006      B3F4940D 
 2006      1E
 2007 053f 6765F55B 		.ascii	"ge\365[H\256\037e\224\244\244 \351(\\\022c\245\244T"
 2007      48AE1F65 
 2007      94A4A420 
 2007      E9285C12 
 2007      63A5A454 
 2008 0553 3ADE119E 		.ascii	":\336\021\236\233$\317p+\226\234\251R\251Sa\257\227"
 2008      9B24CF70 
 2008      2B969CA9 
 2008      52A95361 
 2008      AF97
 2009 0565 526DD21F 		.ascii	"Rm\322\037\262\262\006\233\331\313mO\177vZHnR\2179\267"
 2009      B2B2069B 
 2009      D9CB6D4F 
 2009      7F765A48 
 2009      6E528F39 
 2010 057a 5EFA612E 		.ascii	"^\372a.x\261\301\256`\305&019%\253\023[r\263w\356Jv"
 2010      78B1C1AE 
 2010      60C52630 
 2010      313925AB 
 2010      135B72B3 
 2011 0592 F56B4D89 		.ascii	"\365kM\211\311f)\321e\016\265\300?\311.U\204YA\337\222"
 2011      C96629D1 
 2011      650EB5C0 
 2011      3FC92E55 
 2011      845941DF 
 2012 05a7 EF9442A5 		.ascii	"\357\224B\245\\\227\331dw\231\261\325\236l\266\332]"
 2012      5C97D964 
 2012      7799B1D5 
 2012      9E6CB6DA 
 2012      5D
 2013 05b8 12DE033A 		.ascii	"\022\336\003:\317Y!*\223}\235\265?\005\210\\R\030\265"
ARM GAS  /tmp/ccmlpSvV.s 			page 82


 2013      CF59212A 
 2013      937D9DB5 
 2013      3F05885C 
 2013      5218B5
 2014 05cb B6DA7F6F 		.ascii	"\266\332\177o\312u\321\022\231\261)W2[\022\245\3640"
 2014      CA75D112 
 2014      99B12957 
 2014      325B12A5 
 2014      F430
 2015 05dd 8BDD6CB6 		.ascii	"\213\335l\266\200}\030\330WX\023\235\022\3348\315\326"
 2015      807D18D8 
 2015      5758139D 
 2015      12DC38CD 
 2015      D6
 2016 05ee 1F038BA4 		.ascii	"\037\003\213\244`\257v0 \360o\235@NX\232\272\025\343"
 2016      60AF7630 
 2016      20F06F9D 
 2016      404E589A 
 2016      BA15E3
 2017 0601 34F6FEE3 		.ascii	"4\366\376\343\333B\360\023\226u\010\377*T<K\313o\223"
 2017      DB42F013 
 2017      967508FF 
 2017      2A543C4B 
 2017      CB6F93
 2018 0614 862602E9 		.ascii	"\206&\002\351\346\256\244{{FKz1\033u\243\\\002\015?"
 2018      E6AEA47B 
 2018      7B464B7A 
 2018      311B75A3 
 2018      5C020D3F 
 2019 0628 76626F00 		.ascii	"vbo\000\003\277\200Q\352\203\264<\366\036\250\306v\030"
 2019      03BF8051 
 2019      EA83B43C 
 2019      F61EA8C6 
 2019      7618
 2020 063a D61CCADF 		.ascii	"\326\034\312\337\026\270\360\036\250\346\357\201|\202"
 2020      16B8F01E 
 2020      A8E6EF81 
 2020      7C82
 2021 0648 F2604A96 		.ascii	"\362`J\226[l\322\375\3039\347~\013}EK/\344\223\034y"
 2021      5B6CD2FD 
 2021      C339E77E 
 2021      0B7D454B 
 2021      2FE4931C 
 2022 065d 2DA01C82 		.ascii	"-\240\034\202>'\237\221\327\033\003\304l\201\356.\037"
 2022      3E279F91 
 2022      D71B03C4 
 2022      6C81EE2E 
 2022      1F
 2023 066e 7F76949D 		.ascii	"\177v\224\235.2\011{\273|{}-\035\325\342B\340\350N)"
 2023      2E32097B 
 2023      BB7C7B7D 
 2023      2D1DD5E2 
 2023      42E0E84E 
 2024 0683 DB85BD56 		.ascii	"\333\205\275V\034\372raM\335j/\356\364^\215s\330\015"
 2024      1CFA7261 
 2024      4DDD6A2F 
 2024      EEF45E8D 
ARM GAS  /tmp/ccmlpSvV.s 			page 83


 2024      73D80D
 2025 0696 4EDF3B38 		.ascii	"N\337;8\3519\031}\305\273\345\000\353\026\351X\362/"
 2025      E939197D 
 2025      C5BBE500 
 2025      EB16E958 
 2025      F22F
 2026 06a8 28C50152 		.ascii	"(\305\001R\004\024=s\323\203d!\215\036$\247\001\333"
 2026      04143D73 
 2026      D3836421 
 2026      8D1E24A7 
 2026      01DB
 2027 06ba F141A65B 		.ascii	"\361A\246[\3210\222\031\260\334f\223F\347\362>,\002"
 2027      D1309219 
 2027      B0DC6693 
 2027      46E7F23E 
 2027      2C02
 2028 06cc AD75C564 		.ascii	"\255u\305d?\317d?\317\344\224R\334O3\371r\302fV\310"
 2028      3FCF643F 
 2028      CFE49452 
 2028      DC4F33F9 
 2028      72C26656 
 2029 06e1 B1C3E8A6 		.ascii	"\261\303\350\246\371p\001\221iJ\201\246\353\323\022"
 2029      F9700191 
 2029      694A81A6 
 2029      EBD312
 2030 06f0 97E84B73 		.ascii	"\227\350Ks\230\2402F\323\275\247h\200P\232\322\276\355"
 2030      98A03246 
 2030      D3BDA768 
 2030      80509AD2 
 2030      BEED
 2031 0702 69526822 		.ascii	"iRh\"\354!\302aR\302\211J8Q\272R,\371\336\222\035\003"
 2031      EC21C261 
 2031      52C2894A 
 2031      3851BA52 
 2031      2CF9DE92 
 2032 0718 A2ABF907 		.ascii	"\242\253\371\007?V\312'\214r\030\356\253(\277\350/O"
 2032      3F56CA27 
 2032      8C7218EE 
 2032      AB28BFE8 
 2032      2F4F
 2033 072a DA7118DE 		.ascii	"\332q\030\336O.\314\017\364\015\243\222\240\012\026"
 2033      4F2ECC0F 
 2033      F40DA392 
 2033      A00A16
 2034 0739 464DB3B3 		.ascii	"FM\263\263{)\013cn'\013\003f\256\222\034\345a\034\345"
 2034      7B290B63 
 2034      6E270B03 
 2034      66AE921C 
 2034      E5611CE5 
 2035 074d 6134F88B 		.ascii	"a4\370\213\216G\363M\263\355M\220i\253\200g\332q\276"
 2035      8E47F34D 
 2035      B3ED4D90 
 2035      69AB8067 
 2035      DA71BE
 2036 0760 2A50A6AD 		.ascii	"*P\246\255\206\341\354\330\374.\301\227\266\226\240"
 2036      86E1ECD8 
 2036      FC2EC197 
ARM GAS  /tmp/ccmlpSvV.s 			page 84


 2036      B696A0
 2037 076f 1A467BF3 		.ascii	"\032F{\363\224cXd\264\007w.d_K\034\234\326\301i\253"
 2037      94635864 
 2037      B407772E 
 2037      645F4B1C 
 2037      9CD6C169 
 2038 0784 1562A380 		.ascii	"\025b\243\200\304\016J]\272\357\233\026\232d\035\335"
 2038      C40E4A5D 
 2038      BAEF9B16 
 2038      9A641DDD 
 2039 0794 6B7AE813 		.ascii	"kz\350\023{\301\347m\264U]\004\325\023\361\006}T5;u"
 2039      7BC1E76D 
 2039      B4555D04 
 2039      D513F106 
 2039      7D54353B 
 2040 07a9 76A95783 		.ascii	"v\251W\2034\222\246\205\006\231?f\313P>\266\320 M\274"
 2040      3492A685 
 2040      06993F66 
 2040      CB503EB6 
 2040      D0204DBC 
 2041 07bd 419A593C 		.ascii	"A\232Y<\227\037\316\227\262\2325\263\372\336\2559{\314"
 2041      971FCE97 
 2041      B29A35B3 
 2041      FADEAD39 
 2041      7BCC
 2042 07cf 7D       		.ascii	"}"
 2043 07d0 4E1DE2C1 		.ascii	"N\035\342\301\267\020t\212)7\333\333F\203\227\333\314"
 2043      B710748A 
 2043      2937DBDB 
 2043      468397DB 
 2043      CC
 2044 07e1 9239CDB9 		.ascii	"\2229\315\271!Ir\366\221\026r\222\2614\020t\222\260"
 2044      214972F6 
 2044      91167292 
 2044      B1341074 
 2044      92B0
 2045 07f3 8DEE8E6F 		.ascii	"\215\356\216o\314^\361\236\205\002\025\037p\345(eJ\372"
 2045      CC5EF19E 
 2045      8502151F 
 2045      70E52865 
 2045      4AFA
 2046 0805 D2CC4E4F 		.ascii	"\322\314NO\013\366el%\350<35\225\357I\302\036F\351*"
 2046      0BF6656C 
 2046      25E83C33 
 2046      3595EF49 
 2046      C21E46E9 
 2047 081a 69256718 		.ascii	"i%g\030\3439\202\316\310\214&\377G\017\233\335'\254"
 2047      E33982CE 
 2047      C88C26FF 
 2047      470F9BDD 
 2047      27AC
 2048 082c C94BE4E1 		.ascii	"\311K\344\341E\240,\234\352<J\344S\356\245\357^j\355"
 2048      45A02C9C 
 2048      EA3C4AE4 
 2048      53EEA5EF 
 2048      5E6AED
 2049 083f 0BC5DA56 		.ascii	"\013\305\332Vw \317\337\013\313\"np\373\314\\\212gc"
ARM GAS  /tmp/ccmlpSvV.s 			page 85


 2049      7720CFDF 
 2049      0BCB226E 
 2049      70FBCC5C 
 2049      8A6763
 2050 0852 EEE095BC 		.ascii	"\356\340\225\274\302B\3551\337\253\025(\307\025r\031"
 2050      C242ED31 
 2050      DFAB1528 
 2050      C7157219 
 2051 0862 3806EE5C 		.ascii	"8\006\356\\\277\356\357\233W\027A\235L\271\344\310\225"
 2051      BFEEEF9B 
 2051      5717419D 
 2051      4CB9E4C8 
 2051      95
 2052 0873 5381CB6D 		.ascii	"S\201\313m\354\035W\222\244\310\226\352H\027i\343]\320"
 2052      EC1D5792 
 2052      A4C896EA 
 2052      481769E3 
 2052      5DD0
 2053 0885 46F37A3D 		.ascii	"F\363z=\307_\334\005\231)Zj\277\332\217\341\323*X\376"
 2053      C75FDC05 
 2053      99295A6A 
 2053      BFDA8FE1 
 2053      D32A58FE 
 2054 0899 BC12FA08 		.ascii	"\274\022\372\010\373vI\016\242G\350\036\322G\320U\322"
 2054      FB76490E 
 2054      A247E81E 
 2054      D247D055 
 2054      D2
 2055 08aa 4BE02A7E 		.ascii	"K\340*~B\0131^\2243\031 ok\264\020c\017R\035,s\3455"
 2055      420B315E 
 2055      94331920 
 2055      6F6BB410 
 2055      630F521D 
 2056 08c2 086A38FB 		.ascii	"\010j8\373JC\210\334\252_\323]n\240q\267\302w[\273A"
 2056      4A4388DC 
 2056      AA5FD35D 
 2056      6EA071B7 
 2056      C2775BBB 
 2057 08d7 D075CFB6 		.ascii	"\320u\317\266f\253W\312\373\232I\270A\372\345\000\007"
 2057      66AB57CA 
 2057      FB9A49B8 
 2057      41FAE500 
 2057      07
 2058 08e8 E046EED3 		.ascii	"\340F\356\323\214\000\201\334qL\347\312\247`\247\317"
 2058      8C0081DC 
 2058      714CE7CA 
 2058      A760A7CF 
 2059 08f8 C70BF065 		.ascii	"\307\013\360eV\326y\352\225\311\353u\223\225`\307\351"
 2059      56D679EA 
 2059      95C9EB75 
 2059      939560C7 
 2059      E9
 2060 0909 C609CF39 		.ascii	"\306\011\3179\241\232\333\015\312\247%\005L\375p{\201"
 2060      A19ADB0D 
 2060      CAA72505 
 2060      4CFD707B 
 2060      81
ARM GAS  /tmp/ccmlpSvV.s 			page 86


 2061 091a D2F7B434 		.ascii	"\322\367\2644\004\247\245[\364\264\244\204\323\322Z"
 2061      04A7A55B 
 2061      F4B4A484 
 2061      D3D25A
 2062 0929 38291E2E 		.ascii	"8)\036.r\004z\016K#d\030\354o\023\252\007\024#}\363"
 2062      72047A0E 
 2062      4B236418 
 2062      EC6F13AA 
 2062      0714237D 
 2063 093e 991EFADB 		.ascii	"\231\036\372\333\234\376\016\303R\206w\014{\016RJ\031"
 2063      9CFE0EC3 
 2063      5286770C 
 2063      7B0E524A 
 2063      19
 2064 094f BACBA04B 		.ascii	"\272\313\240K\256R\263\302\015\345s\263Q\206eL[W\270"
 2064      AE52B3C2 
 2064      0DE573B3 
 2064      5186654C 
 2064      5B57B8
 2065 0962 A1E53232 		.ascii	"\241\34522&\267\352\031)\337\3635\320\312\255\306\031"
 2065      26B7EA19 
 2065      29DFF335 
 2065      D0CAADC6 
 2065      19
 2066 0973 36385E90 		.ascii	"68^\220\036\350\306\21296\301\260CG\272\317y\266\357"
 2066      1EE8C68A 
 2066      3936C1B0 
 2066      4347BACF 
 2066      79B6EF
 2067 0986 168E4D32 		.ascii	"\026\216M2\354\253\346\214\033\236H*96\305\260\264\324"
 2067      ECABE68C 
 2067      1B9E482A 
 2067      3936C5B0 
 2067      B4D4
 2068 0998 DE7E0FD6 		.ascii	"\336~\017\326\305\261{\354\004\021\035\033\251\367\333"
 2068      C5B17BEC 
 2068      04111D1B 
 2068      A9F7DB
 2069 09a7 9C605CB9 		.ascii	"\234`\\\271bE\004\374E\307j\2424:\203\312\250O\320~"
 2069      624504FC 
 2069      45C76AA2 
 2069      343A83CA 
 2069      A84FD07E 
 2070 09bb 10A13344 		.ascii	"\020\2413D\304F\306E\304i\242\"\014F\275:2\336\000\012"
 2070      C446C645 
 2070      C469A222 
 2070      0C46BD3A 
 2070      32DE000A 
 2071 09cf 9BF51AAD 		.ascii	"\233\365\032\2551fE\264\370\306\037\377\364\334k+_A"
 2071      316645B4 
 2071      F8C61FFF 
 2071      F4DC6B2B 
 2071      5F41
 2072 09e1 CB3CCF56 		.ascii	"\313<\317VD\275\274zm\364\2325k\2212\001\236\254U\031"
 2072      44BDBC7A 
 2072      6DF49A35 
 2072      6B913201 
ARM GAS  /tmp/ccmlpSvV.s 			page 87


 2072      9EAC5519 
 2073 09f5 FDE30DEF 		.ascii	"\375\343\015\357\253\214\002\030oR\0304\377T\303\223"
 2073      AB8C0218 
 2073      6F521834 
 2073      FF54C393 
 2074 0a05 AD7A8D51 		.ascii	"\255z\215Q\035\242\321\032\214\221\332h\265J\027\023"
 2074      1DA2D11A 
 2074      8C91DA68 
 2074      B54A1713 
 2075 0a15 63501B9F 		.ascii	"cP\033\237|5\322\240\336\250\3760A\2555j\"\34362\272"
 2075      7C35D2A0 
 2075      DEA8FE30 
 2075      41AD356A 
 2075      22E33632 
 2076 0a2a 3FBFF58E 		.ascii	"?\277\365\216\337\373j\343\306\210X]\274:B\257\213\212"
 2076      DFFB6AE3 
 2076      C688585D 
 2076      BC3A42AF 
 2076      8B8A
 2077 0a3c D8A0D7FD 		.ascii	"\330\240\327\375]\035m4D\274F\003\335hL\330\244\321"
 2077      5D1D6D34 
 2077      44BC4603 
 2077      DD684CD8 
 2077      A4D1
 2078 0a4e 2DBE57AD 		.ascii	"-\276W\255Z\035\261U\247\377\300\2609\022\\\313Yl|\347"
 2078      5A1DB155 
 2078      A7FFC0B0 
 2078      39125CCB 
 2078      596C7CE7 
 2079 0a62 ADD5AB54 		.ascii	"\255\325\253TolX\377\252*F\243\217\337\032\251WG\240"
 2079      6F6C58FF 
 2079      AA2A46A3 
 2079      8FDF1AA9 
 2079      5747A0
 2080 0a75 EFCB57A3 		.ascii	"\357\313W\243\215\216K\330\244\246\367*\236\367\212"
 2080      8D8E4BD8 
 2080      A4A6F72A 
 2080      9EF78A
 2081 0a84 58E4B725 		.ascii	"X\344\267%\336\270\354\273\242T\310\031\370\251u\006"
 2081      DEB8ECBB 
 2081      A254C819 
 2081      F8A97506 
 2082 0a94 81A6A888 		.ascii	"\201\246\250\210J\210\211Q\353\203\336R\307\273\323"
 2082      4A888951 
 2082      EB83DE52 
 2082      C7BBD3
 2083 0aa3 58F33F96 		.ascii	"X\363?\2267^\035\357aTn\211T\305i\014F\352I\247\377"
 2083      375E1DEF 
 2083      61546E89 
 2083      54C5690C 
 2083      46EA49A7 
 2084 0ab8 87ECCC6F 		.ascii	"\207\354\314o\345\313( R\037\277\345\025\365\213\361"
 2084      E5CB2820 
 2084      521FBFE5 
 2084      15F58BF1 
 2085 0ac8 6849B44E 		.ascii	"hI\264NoT\177\364b\374\032\364t\234N\013\245\326\321"
 2085      6F547FF4 
ARM GAS  /tmp/ccmlpSvV.s 			page 88


 2085      62FC1AF4 
 2085      749C4E0B 
 2085      A5D6D1
 2086 0adb 903570B7 		.ascii	"\2205p\267Uc\214Um\322l\321\030t\372U\377\367\354\242"
 2086      55638C55 
 2086      6DD26CD1 
 2086      1874FA55 
 2086      FFF7ECA2 
 2087 0aef 80E8D82D 		.ascii	"\200\350\330-\362@\\x\032\010\217\014Z\371~It\354\302"
 2087      F2405C78 
 2087      1A088F0C 
 2087      5AF97E49 
 2087      74ECC2
 2088 0b02 6DA84A15 		.ascii	"m\250J\025\225\240\2113j\264*\010X\255\335$\304\251"
 2088      95A08933 
 2088      6AB42A08 
 2088      58ADDD24 
 2088      C4A9
 2089 0b14 2363945A 		.ascii	"#c\224Z\2351V\257\333\032\240R\3614\036\363\322\203"
 2089      9D3156AF 
 2089      DB1AA052 
 2089      F1341EF3 
 2089      D283
 2090 0b26 D9D71B83 		.ascii	"\331\327\033\203\342\015oG\321\011]\257\325\030\375"
 2090      E20D6F47 
 2090      D1095DAF 
 2090      D518FD
 2091 0b35 55AFEA74 		.ascii	"U\257\352tq\312\350XU\234Q\027\371\037\340\352\260\244"
 2091      71CAE858 
 2091      559C5117 
 2091      F91FE0EA 
 2091      B0A4
 2092              		.text
 2093              		.section	.gnu.lto_.symtab.40d3c4266427eef5,"e",%progbits
 2094 0000 63687670 		.ascii	"chvprintf\000"
 2094      72696E74 
 2094      6600
 2095 000a 00       		.ascii	"\000"
 2096 000b 00       		.ascii	"\000"
 2097 000c 00       		.ascii	"\000"
 2098 000d 00000000 		.ascii	"\000\000\000\000\000\000\000\000"
 2098      00000000 
 2099 0015 2D010000 		.ascii	"-\001\000\000"
 2100 0019 63687072 		.ascii	"chprintf\000"
 2100      696E7466 
 2100      00
 2101 0022 00       		.ascii	"\000"
 2102 0023 00       		.ascii	"\000"
 2103 0024 00       		.ascii	"\000"
 2104 0025 00000000 		.ascii	"\000\000\000\000\000\000\000\000"
 2104      00000000 
 2105 002d 32010000 		.ascii	"2\001\000\000"
 2106 0031 63687673 		.ascii	"chvsnprintf\000"
 2106      6E707269 
 2106      6E746600 
 2107 003d 00       		.ascii	"\000"
 2108 003e 00       		.ascii	"\000"
ARM GAS  /tmp/ccmlpSvV.s 			page 89


 2109 003f 00       		.ascii	"\000"
 2110 0040 00000000 		.ascii	"\000\000\000\000\000\000\000\000"
 2110      00000000 
 2111 0048 39010000 		.ascii	"9\001\000\000"
 2112 004c 6368736E 		.ascii	"chsnprintf\000"
 2112      7072696E 
 2112      746600
 2113 0057 00       		.ascii	"\000"
 2114 0058 00       		.ascii	"\000"
 2115 0059 00       		.ascii	"\000"
 2116 005a 00000000 		.ascii	"\000\000\000\000\000\000\000\000"
 2116      00000000 
 2117 0062 3F010000 		.ascii	"?\001\000\000"
 2118 0066 6D734F62 		.ascii	"msObjectInit\000"
 2118      6A656374 
 2118      496E6974 
 2118      00
 2119 0073 00       		.ascii	"\000"
 2120 0074 02       		.ascii	"\002"
 2121 0075 00       		.ascii	"\000"
 2122 0076 00000000 		.ascii	"\000\000\000\000\000\000\000\000"
 2122      00000000 
 2123 007e 5A010000 		.ascii	"Z\001\000\000"
 2124              		.text
 2125              		.section	.gnu.lto_.ext_symtab.40d3c4266427eef5,"e",%progbits
 2126 0000 01       		.ascii	"\001"
 2127 0001 01       		.ascii	"\001"
 2128 0002 00       		.ascii	"\000"
 2129 0003 01       		.ascii	"\001"
 2130 0004 00       		.ascii	"\000"
 2131 0005 01       		.ascii	"\001"
 2132 0006 00       		.ascii	"\000"
 2133 0007 01       		.ascii	"\001"
 2134 0008 00       		.ascii	"\000"
 2135 0009 01       		.ascii	"\001"
 2136 000a 00       		.ascii	"\000"
 2137              		.text
 2138              		.section	.gnu.lto_.opts,"e",%progbits
 2139 0000 272D666E 		.ascii	"'-fno-openmp' '-fno-openacc' '-fno-pie' '-fcf-prote"
 2139      6F2D6F70 
 2139      656E6D70 
 2139      2720272D 
 2139      666E6F2D 
 2140 0033 6374696F 		.ascii	"ction=none' '-g' '-mcpu=cortex-m4' '-mthumb' '-mflo"
 2140      6E3D6E6F 
 2140      6E652720 
 2140      272D6727 
 2140      20272D6D 
 2141 0066 61742D61 		.ascii	"at-abi=soft' '-mlibarch=armv7e-m' '-march=armv7e-m'"
 2141      62693D73 
 2141      6F667427 
 2141      20272D6D 
 2141      6C696261 
 2142 0099 20272D4F 		.ascii	" '-O2' '-fomit-frame-pointer' '-falign-functions=16"
 2142      32272027 
 2142      2D666F6D 
 2142      69742D66 
ARM GAS  /tmp/ccmlpSvV.s 			page 90


 2142      72616D65 
 2143 00cc 2720272D 		.ascii	"' '-ffunction-sections' '-fdata-sections' '-fno-com"
 2143      6666756E 
 2143      6374696F 
 2143      6E2D7365 
 2143      6374696F 
 2144 00ff 6D6F6E27 		.ascii	"mon' '-flto' '-Xassembler' '-alms=./build/lst/chpri"
 2144      20272D66 
 2144      6C746F27 
 2144      20272D58 
 2144      61737365 
 2145 0132 6E74662E 		.ascii	"ntf.lst'\000"
 2145      6C737427 
 2145      00
 2146              		.text
 2147              		.comm	__gnu_lto_slim,1,1
 2148              		.ident	"GCC: (Arm GNU Toolchain 11.3.Rel1) 11.3.1 20220712"
ARM GAS  /tmp/ccmlpSvV.s 			page 91


DEFINED SYMBOLS
                            *ABS*:0000000000000000 chprintf.c
     /tmp/ccmlpSvV.s:27     .gnu.debuglto_.debug_info:0000000000000000 chprintf.c.b638c448
                            *COM*:0000000000000001 __gnu_lto_slim

NO UNDEFINED SYMBOLS
