ARM GAS  /tmp/ccD8856j.s 			page 1


   1              		.cpu cortex-m4
   2              		.arch armv7e-m
   3              		.fpu softvfp
   4              		.eabi_attribute 20, 1
   5              		.eabi_attribute 21, 1
   6              		.eabi_attribute 23, 3
   7              		.eabi_attribute 24, 1
   8              		.eabi_attribute 25, 1
   9              		.eabi_attribute 26, 1
  10              		.eabi_attribute 30, 2
  11              		.eabi_attribute 34, 1
  12              		.eabi_attribute 18, 4
  13              		.file	"chrfcu.c"
  14              		.file 1 "/home/rob/Projects/ChibiStudio/ChibiStudio_23/tools/GNU Tools ARM Embedded/11.3.1 2022q3/
  15              		.file 2 "/home/rob/Projects/ChibiStudio/ChibiStudio_23/tools/GNU Tools ARM Embedded/11.3.1 2022q3/
  16              		.file 3 "../../chibios_trunk/os/common/ports/ARM-common/chtypes.h"
  17              		.file 4 "../../chibios_trunk/os/rt/include/chearly.h"
  18              		.file 5 "../../chibios_trunk/os/rt/include/chobjects.h"
  19              		.file 6 "../../chibios_trunk/os/rt/include/chrfcu.h"
  20              		.file 7 "../../chibios_trunk/os/rt/include/chdebug.h"
  21              		.file 8 "../../chibios_trunk/os/rt/include/chtime.h"
  22              		.file 9 "../../chibios_trunk/os/rt/include/chlists.h"
  23              		.file 10 "../../chibios_trunk/os/rt/include/chtrace.h"
  24              		.file 11 "../../chibios_trunk/os/common/ports/ARMv7-M/chcore.h"
  25              		.file 12 "../../chibios_trunk/os/rt/include/chsem.h"
  26              		.file 13 "../../chibios_trunk/os/rt/include/chmtx.h"
  27              		.file 14 "../../chibios_trunk/os/rt/src/chrfcu.c"
  28              		.file 15 "../../chibios_trunk/os/rt/include/chsys.h"
  29              		.section	.gnu.debuglto_.debug_info,"e",%progbits
  30              	.Ldebug_info0:
  31              		.hidden	chrfcu.c.7e22d89b
  32              		.weak	chrfcu.c.7e22d89b
  33              	chrfcu.c.7e22d89b:
  34 0000 2B090000 		.4byte	0x92b
  35 0004 0500     		.2byte	0x5
  36 0006 01       		.byte	0x1
  37 0007 04       		.byte	0x4
  38 0008 00000000 		.4byte	.Ldebug_abbrev0
  39 000c 15       		.uleb128 0x15
  40 000d 1A020000 		.4byte	.LASF125
  41 0011 1D       		.byte	0x1d
  42 0012 12000000 		.4byte	.LASF126
  43 0016 73050000 		.4byte	.LASF127
  44 001a 00000000 		.4byte	.Ldebug_line0
  45 001e 16       		.uleb128 0x16
  46 001f 04       		.byte	0x4
  47 0020 05       		.byte	0x5
  48 0021 696E7400 		.ascii	"int\000"
  49 0025 05       		.uleb128 0x5
  50 0026 04       		.byte	0x4
  51 0027 07       		.byte	0x7
  52 0028 BF010000 		.4byte	.LASF0
  53 002c 05       		.uleb128 0x5
  54 002d 08       		.byte	0x8
  55 002e 05       		.byte	0x5
  56 002f EB000000 		.4byte	.LASF1
  57 0033 05       		.uleb128 0x5
ARM GAS  /tmp/ccD8856j.s 			page 2


  58 0034 08       		.byte	0x8
  59 0035 04       		.byte	0x4
  60 0036 C4040000 		.4byte	.LASF2
  61 003a 05       		.uleb128 0x5
  62 003b 01       		.byte	0x1
  63 003c 06       		.byte	0x6
  64 003d F9000000 		.4byte	.LASF3
  65 0041 01       		.uleb128 0x1
  66 0042 5A000000 		.4byte	.LASF6
  67 0046 01       		.byte	0x1
  68 0047 2B       		.byte	0x2b
  69 0048 18       		.byte	0x18
  70 0049 4D000000 		.4byte	0x4d
  71 004d 05       		.uleb128 0x5
  72 004e 01       		.byte	0x1
  73 004f 08       		.byte	0x8
  74 0050 3C040000 		.4byte	.LASF4
  75 0054 05       		.uleb128 0x5
  76 0055 02       		.byte	0x2
  77 0056 05       		.byte	0x5
  78 0057 51040000 		.4byte	.LASF5
  79 005b 01       		.uleb128 0x1
  80 005c E3040000 		.4byte	.LASF7
  81 0060 01       		.byte	0x1
  82 0061 39       		.byte	0x39
  83 0062 19       		.byte	0x19
  84 0063 67000000 		.4byte	0x67
  85 0067 05       		.uleb128 0x5
  86 0068 02       		.byte	0x2
  87 0069 07       		.byte	0x7
  88 006a DA020000 		.4byte	.LASF8
  89 006e 01       		.uleb128 0x1
  90 006f 45030000 		.4byte	.LASF9
  91 0073 01       		.byte	0x1
  92 0074 4D       		.byte	0x4d
  93 0075 18       		.byte	0x18
  94 0076 7A000000 		.4byte	0x7a
  95 007a 05       		.uleb128 0x5
  96 007b 04       		.byte	0x4
  97 007c 05       		.byte	0x5
  98 007d 20010000 		.4byte	.LASF10
  99 0081 01       		.uleb128 0x1
 100 0082 68010000 		.4byte	.LASF11
 101 0086 01       		.byte	0x1
 102 0087 4F       		.byte	0x4f
 103 0088 19       		.byte	0x19
 104 0089 8D000000 		.4byte	0x8d
 105 008d 05       		.uleb128 0x5
 106 008e 04       		.byte	0x4
 107 008f 07       		.byte	0x7
 108 0090 E3010000 		.4byte	.LASF12
 109 0094 01       		.uleb128 0x1
 110 0095 F4030000 		.4byte	.LASF13
 111 0099 01       		.byte	0x1
 112 009a 69       		.byte	0x69
 113 009b 19       		.byte	0x19
 114 009c A0000000 		.4byte	0xa0
ARM GAS  /tmp/ccD8856j.s 			page 3


 115 00a0 05       		.uleb128 0x5
 116 00a1 08       		.byte	0x8
 117 00a2 07       		.byte	0x7
 118 00a3 9D000000 		.4byte	.LASF14
 119 00a7 01       		.uleb128 0x1
 120 00a8 FD050000 		.4byte	.LASF15
 121 00ac 02       		.byte	0x2
 122 00ad 18       		.byte	0x18
 123 00ae 13       		.byte	0x13
 124 00af 41000000 		.4byte	0x41
 125 00b3 01       		.uleb128 0x1
 126 00b4 43010000 		.4byte	.LASF16
 127 00b8 02       		.byte	0x2
 128 00b9 24       		.byte	0x24
 129 00ba 14       		.byte	0x14
 130 00bb 5B000000 		.4byte	0x5b
 131 00bf 01       		.uleb128 0x1
 132 00c0 34040000 		.4byte	.LASF17
 133 00c4 02       		.byte	0x2
 134 00c5 2C       		.byte	0x2c
 135 00c6 13       		.byte	0x13
 136 00c7 6E000000 		.4byte	0x6e
 137 00cb 01       		.uleb128 0x1
 138 00cc 9E040000 		.4byte	.LASF18
 139 00d0 02       		.byte	0x2
 140 00d1 30       		.byte	0x30
 141 00d2 14       		.byte	0x14
 142 00d3 81000000 		.4byte	0x81
 143 00d7 01       		.uleb128 0x1
 144 00d8 51000000 		.4byte	.LASF19
 145 00dc 02       		.byte	0x2
 146 00dd 3C       		.byte	0x3c
 147 00de 14       		.byte	0x14
 148 00df 94000000 		.4byte	0x94
 149 00e3 10       		.uleb128 0x10
 150 00e4 D7000000 		.4byte	0xd7
 151 00e8 01       		.uleb128 0x1
 152 00e9 AE040000 		.4byte	.LASF20
 153 00ed 03       		.byte	0x3
 154 00ee 48       		.byte	0x48
 155 00ef 1D       		.byte	0x1d
 156 00f0 D7000000 		.4byte	0xd7
 157 00f4 01       		.uleb128 0x1
 158 00f5 4F030000 		.4byte	.LASF21
 159 00f9 04       		.byte	0x4
 160 00fa 50       		.byte	0x50
 161 00fb 19       		.byte	0x19
 162 00fc E8000000 		.4byte	0xe8
 163 0100 01       		.uleb128 0x1
 164 0101 06030000 		.4byte	.LASF22
 165 0105 04       		.byte	0x4
 166 0106 53       		.byte	0x53
 167 0107 19       		.byte	0x19
 168 0108 A7000000 		.4byte	0xa7
 169 010c 01       		.uleb128 0x1
 170 010d 29010000 		.4byte	.LASF23
 171 0111 04       		.byte	0x4
ARM GAS  /tmp/ccD8856j.s 			page 4


 172 0112 54       		.byte	0x54
 173 0113 19       		.byte	0x19
 174 0114 A7000000 		.4byte	0xa7
 175 0118 01       		.uleb128 0x1
 176 0119 09040000 		.4byte	.LASF24
 177 011d 04       		.byte	0x4
 178 011e 55       		.byte	0x55
 179 011f 19       		.byte	0x19
 180 0120 A7000000 		.4byte	0xa7
 181 0124 01       		.uleb128 0x1
 182 0125 16040000 		.4byte	.LASF25
 183 0129 04       		.byte	0x4
 184 012a 57       		.byte	0x57
 185 012b 19       		.byte	0x19
 186 012c CB000000 		.4byte	0xcb
 187 0130 01       		.uleb128 0x1
 188 0131 F7020000 		.4byte	.LASF26
 189 0135 04       		.byte	0x4
 190 0136 58       		.byte	0x58
 191 0137 19       		.byte	0x19
 192 0138 BF000000 		.4byte	0xbf
 193 013c 01       		.uleb128 0x1
 194 013d 24030000 		.4byte	.LASF27
 195 0141 04       		.byte	0x4
 196 0142 5A       		.byte	0x5a
 197 0143 19       		.byte	0x19
 198 0144 CB000000 		.4byte	0xcb
 199 0148 01       		.uleb128 0x1
 200 0149 B0010000 		.4byte	.LASF28
 201 014d 04       		.byte	0x4
 202 014e 5C       		.byte	0x5c
 203 014f 19       		.byte	0x19
 204 0150 BF000000 		.4byte	0xbf
 205 0154 01       		.uleb128 0x1
 206 0155 FF030000 		.4byte	.LASF29
 207 0159 04       		.byte	0x4
 208 015a 80       		.byte	0x80
 209 015b 12       		.byte	0x12
 210 015c 25000000 		.4byte	0x25
 211 0160 01       		.uleb128 0x1
 212 0161 EE040000 		.4byte	.LASF30
 213 0165 04       		.byte	0x4
 214 0166 85       		.byte	0x85
 215 0167 1A       		.byte	0x1a
 216 0168 6C010000 		.4byte	0x16c
 217 016c 07       		.uleb128 0x7
 218 016d ED020000 		.4byte	.LASF46
 219 0171 4C       		.byte	0x4c
 220 0172 05       		.byte	0x5
 221 0173 9C       		.byte	0x9c
 222 0174 08       		.byte	0x8
 223 0175 56020000 		.4byte	0x256
 224 0179 08       		.uleb128 0x8
 225 017a 68647200 		.ascii	"hdr\000"
 226 017e 05       		.byte	0x5
 227 017f AD       		.byte	0xad
 228 0180 05       		.byte	0x5
ARM GAS  /tmp/ccD8856j.s 			page 5


 229 0181 20070000 		.4byte	0x720
 230 0185 00       		.byte	0
 231 0186 08       		.uleb128 0x8
 232 0187 63747800 		.ascii	"ctx\000"
 233 018b 05       		.byte	0x5
 234 018c B1       		.byte	0xb1
 235 018d 21       		.byte	0x21
 236 018e 8B060000 		.4byte	0x68b
 237 0192 0C       		.byte	0xc
 238 0193 02       		.uleb128 0x2
 239 0194 F5010000 		.4byte	.LASF31
 240 0198 05       		.byte	0x5
 241 0199 B6       		.byte	0xb6
 242 019a 21       		.byte	0x21
 243 019b B6030000 		.4byte	0x3b6
 244 019f 10       		.byte	0x10
 245 01a0 02       		.uleb128 0x2
 246 01a1 BE040000 		.4byte	.LASF32
 247 01a5 05       		.byte	0x5
 248 01a6 BB       		.byte	0xbb
 249 01a7 22       		.byte	0x22
 250 01a8 22080000 		.4byte	0x822
 251 01ac 18       		.byte	0x18
 252 01ad 02       		.uleb128 0x2
 253 01ae 07020000 		.4byte	.LASF33
 254 01b2 05       		.byte	0x5
 255 01b3 C0       		.byte	0xc0
 256 01b4 22       		.byte	0x22
 257 01b5 50030000 		.4byte	0x350
 258 01b9 1C       		.byte	0x1c
 259 01ba 02       		.uleb128 0x2
 260 01bb D0040000 		.4byte	.LASF34
 261 01bf 05       		.byte	0x5
 262 01c0 C9       		.byte	0xc9
 263 01c1 22       		.byte	0x22
 264 01c2 27080000 		.4byte	0x827
 265 01c6 20       		.byte	0x20
 266 01c7 02       		.uleb128 0x2
 267 01c8 73010000 		.4byte	.LASF35
 268 01cc 05       		.byte	0x5
 269 01cd CE       		.byte	0xce
 270 01ce 22       		.byte	0x22
 271 01cf 27080000 		.4byte	0x827
 272 01d3 24       		.byte	0x24
 273 01d4 02       		.uleb128 0x2
 274 01d5 1A010000 		.4byte	.LASF36
 275 01d9 05       		.byte	0x5
 276 01da D3       		.byte	0xd3
 277 01db 21       		.byte	0x21
 278 01dc 0C010000 		.4byte	0x10c
 279 01e0 28       		.byte	0x28
 280 01e1 02       		.uleb128 0x2
 281 01e2 05060000 		.4byte	.LASF37
 282 01e6 05       		.byte	0x5
 283 01e7 D7       		.byte	0xd7
 284 01e8 21       		.byte	0x21
 285 01e9 00010000 		.4byte	0x100
ARM GAS  /tmp/ccD8856j.s 			page 6


 286 01ed 29       		.byte	0x29
 287 01ee 02       		.uleb128 0x2
 288 01ef E6000000 		.4byte	.LASF38
 289 01f3 05       		.byte	0x5
 290 01f4 DC       		.byte	0xdc
 291 01f5 21       		.byte	0x21
 292 01f6 18010000 		.4byte	0x118
 293 01fa 2A       		.byte	0x2a
 294 01fb 06       		.uleb128 0x6
 295 01fc 7500     		.ascii	"u\000"
 296 01fe 05       		.byte	0x5
 297 01ff 2D01     		.2byte	0x12d
 298 0201 21       		.byte	0x21
 299 0202 4D070000 		.4byte	0x74d
 300 0206 2C       		.byte	0x2c
 301 0207 03       		.uleb128 0x3
 302 0208 79010000 		.4byte	.LASF39
 303 020c 3201     		.2byte	0x132
 304 020e 21       		.byte	0x21
 305 020f 8A030000 		.4byte	0x38a
 306 0213 30       		.byte	0x30
 307 0214 03       		.uleb128 0x3
 308 0215 B6010000 		.4byte	.LASF40
 309 0219 3801     		.2byte	0x138
 310 021b 21       		.byte	0x21
 311 021c B6030000 		.4byte	0x3b6
 312 0220 34       		.byte	0x34
 313 0221 03       		.uleb128 0x3
 314 0222 FD020000 		.4byte	.LASF41
 315 0226 3E01     		.2byte	0x13e
 316 0228 21       		.byte	0x21
 317 0229 3C010000 		.4byte	0x13c
 318 022d 3C       		.byte	0x3c
 319 022e 03       		.uleb128 0x3
 320 022f 33060000 		.4byte	.LASF42
 321 0233 4501     		.2byte	0x145
 322 0235 22       		.byte	0x22
 323 0236 1D080000 		.4byte	0x81d
 324 023a 40       		.byte	0x40
 325 023b 03       		.uleb128 0x3
 326 023c 6C030000 		.4byte	.LASF43
 327 0240 4901     		.2byte	0x149
 328 0242 21       		.byte	0x21
 329 0243 24010000 		.4byte	0x124
 330 0247 44       		.byte	0x44
 331 0248 03       		.uleb128 0x3
 332 0249 C6050000 		.4byte	.LASF44
 333 024d 5001     		.2byte	0x150
 334 024f 22       		.byte	0x22
 335 0250 A3040000 		.4byte	0x4a3
 336 0254 48       		.byte	0x48
 337 0255 00       		.byte	0
 338 0256 01       		.uleb128 0x1
 339 0257 3C050000 		.4byte	.LASF45
 340 025b 04       		.byte	0x4
 341 025c 8A       		.byte	0x8a
 342 025d 1F       		.byte	0x1f
ARM GAS  /tmp/ccD8856j.s 			page 7


 343 025e 62020000 		.4byte	0x262
 344 0262 17       		.uleb128 0x17
 345 0263 1F050000 		.4byte	.LASF47
 346 0267 A008     		.2byte	0x8a0
 347 0269 05       		.byte	0x5
 348 026a 8F01     		.2byte	0x18f
 349 026c 08       		.byte	0x8
 350 026d E8020000 		.4byte	0x2e8
 351 0271 03       		.uleb128 0x3
 352 0272 F7050000 		.4byte	.LASF48
 353 0276 9301     		.2byte	0x193
 354 0278 21       		.byte	0x21
 355 0279 55080000 		.4byte	0x855
 356 027d 00       		.byte	0
 357 027e 03       		.uleb128 0x3
 358 027f 13010000 		.4byte	.LASF49
 359 0283 9701     		.2byte	0x197
 360 0285 21       		.byte	0x21
 361 0286 E1060000 		.4byte	0x6e1
 362 028a 10       		.byte	0x10
 363 028b 03       		.uleb128 0x3
 364 028c 4A050000 		.4byte	.LASF50
 365 0290 9E01     		.2byte	0x19e
 366 0292 21       		.byte	0x21
 367 0293 08070000 		.4byte	0x708
 368 0297 28       		.byte	0x28
 369 0298 03       		.uleb128 0x3
 370 0299 12020000 		.4byte	.LASF51
 371 029d A301     		.2byte	0x1a3
 372 029f 21       		.byte	0x21
 373 02a0 54010000 		.4byte	0x154
 374 02a4 30       		.byte	0x30
 375 02a5 03       		.uleb128 0x3
 376 02a6 0D000000 		.4byte	.LASF52
 377 02aa A901     		.2byte	0x1a9
 378 02ac 21       		.byte	0x21
 379 02ad 0F030000 		.4byte	0x30f
 380 02b1 34       		.byte	0x34
 381 02b2 03       		.uleb128 0x3
 382 02b3 DC040000 		.4byte	.LASF53
 383 02b7 AE01     		.2byte	0x1ae
 384 02b9 22       		.byte	0x22
 385 02ba C0080000 		.4byte	0x8c0
 386 02be 38       		.byte	0x38
 387 02bf 03       		.uleb128 0x3
 388 02c0 BD000000 		.4byte	.LASF54
 389 02c4 B201     		.2byte	0x1b2
 390 02c6 21       		.byte	0x21
 391 02c7 60010000 		.4byte	0x160
 392 02cb 3C       		.byte	0x3c
 393 02cc 06       		.uleb128 0x6
 394 02cd 64626700 		.ascii	"dbg\000"
 395 02d1 05       		.byte	0x5
 396 02d2 B601     		.2byte	0x1b6
 397 02d4 21       		.byte	0x21
 398 02d5 66030000 		.4byte	0x366
 399 02d9 88       		.byte	0x88
ARM GAS  /tmp/ccD8856j.s 			page 8


 400 02da 03       		.uleb128 0x3
 401 02db 12060000 		.4byte	.LASF55
 402 02df BB01     		.2byte	0x1bb
 403 02e1 21       		.byte	0x21
 404 02e2 F9050000 		.4byte	0x5f9
 405 02e6 94       		.byte	0x94
 406 02e7 00       		.byte	0
 407 02e8 01       		.uleb128 0x1
 408 02e9 75030000 		.4byte	.LASF56
 409 02ed 06       		.byte	0x6
 410 02ee 3F       		.byte	0x3f
 411 02ef 12       		.byte	0x12
 412 02f0 CB000000 		.4byte	0xcb
 413 02f4 07       		.uleb128 0x7
 414 02f5 32010000 		.4byte	.LASF57
 415 02f9 04       		.byte	0x4
 416 02fa 06       		.byte	0x6
 417 02fb 44       		.byte	0x44
 418 02fc 10       		.byte	0x10
 419 02fd 0F030000 		.4byte	0x30f
 420 0301 02       		.uleb128 0x2
 421 0302 EA050000 		.4byte	.LASF58
 422 0306 06       		.byte	0x6
 423 0307 48       		.byte	0x48
 424 0308 21       		.byte	0x21
 425 0309 E8020000 		.4byte	0x2e8
 426 030d 00       		.byte	0
 427 030e 00       		.byte	0
 428 030f 01       		.uleb128 0x1
 429 0310 4A040000 		.4byte	.LASF59
 430 0314 06       		.byte	0x6
 431 0315 49       		.byte	0x49
 432 0316 03       		.byte	0x3
 433 0317 F4020000 		.4byte	0x2f4
 434 031b 07       		.uleb128 0x7
 435 031c 1E040000 		.4byte	.LASF60
 436 0320 0C       		.byte	0xc
 437 0321 07       		.byte	0x7
 438 0322 3E       		.byte	0x3e
 439 0323 10       		.byte	0x10
 440 0324 50030000 		.4byte	0x350
 441 0328 02       		.uleb128 0x2
 442 0329 0E050000 		.4byte	.LASF61
 443 032d 07       		.byte	0x7
 444 032e 46       		.byte	0x46
 445 032f 24       		.byte	0x24
 446 0330 55030000 		.4byte	0x355
 447 0334 00       		.byte	0
 448 0335 02       		.uleb128 0x2
 449 0336 EF050000 		.4byte	.LASF62
 450 033a 07       		.byte	0x7
 451 033b 4B       		.byte	0x4b
 452 033c 19       		.byte	0x19
 453 033d 48010000 		.4byte	0x148
 454 0341 04       		.byte	0x4
 455 0342 02       		.uleb128 0x2
 456 0343 99010000 		.4byte	.LASF63
ARM GAS  /tmp/ccD8856j.s 			page 9


 457 0347 07       		.byte	0x7
 458 0348 4F       		.byte	0x4f
 459 0349 19       		.byte	0x19
 460 034a 48010000 		.4byte	0x148
 461 034e 08       		.byte	0x8
 462 034f 00       		.byte	0
 463 0350 04       		.uleb128 0x4
 464 0351 61030000 		.4byte	0x361
 465 0355 10       		.uleb128 0x10
 466 0356 50030000 		.4byte	0x350
 467 035a 05       		.uleb128 0x5
 468 035b 01       		.byte	0x1
 469 035c 08       		.byte	0x8
 470 035d D7040000 		.4byte	.LASF64
 471 0361 11       		.uleb128 0x11
 472 0362 5A030000 		.4byte	0x35a
 473 0366 01       		.uleb128 0x1
 474 0367 75000000 		.4byte	.LASF65
 475 036b 07       		.byte	0x7
 476 036c 51       		.byte	0x51
 477 036d 03       		.byte	0x3
 478 036e 1B030000 		.4byte	0x31b
 479 0372 01       		.uleb128 0x1
 480 0373 FD040000 		.4byte	.LASF66
 481 0377 08       		.byte	0x8
 482 0378 6D       		.byte	0x6d
 483 0379 12       		.byte	0x12
 484 037a CB000000 		.4byte	0xcb
 485 037e 01       		.uleb128 0x1
 486 037f A2010000 		.4byte	.LASF67
 487 0383 08       		.byte	0x8
 488 0384 79       		.byte	0x79
 489 0385 12       		.byte	0x12
 490 0386 CB000000 		.4byte	0xcb
 491 038a 01       		.uleb128 0x1
 492 038b AB030000 		.4byte	.LASF68
 493 038f 09       		.byte	0x9
 494 0390 32       		.byte	0x32
 495 0391 18       		.byte	0x18
 496 0392 96030000 		.4byte	0x396
 497 0396 07       		.uleb128 0x7
 498 0397 0E030000 		.4byte	.LASF69
 499 039b 04       		.byte	0x4
 500 039c 09       		.byte	0x9
 501 039d 38       		.byte	0x38
 502 039e 08       		.byte	0x8
 503 039f B1030000 		.4byte	0x3b1
 504 03a3 02       		.uleb128 0x2
 505 03a4 3F000000 		.4byte	.LASF70
 506 03a8 09       		.byte	0x9
 507 03a9 39       		.byte	0x39
 508 03aa 1A       		.byte	0x1a
 509 03ab B1030000 		.4byte	0x3b1
 510 03af 00       		.byte	0
 511 03b0 00       		.byte	0
 512 03b1 04       		.uleb128 0x4
 513 03b2 8A030000 		.4byte	0x38a
ARM GAS  /tmp/ccD8856j.s 			page 10


 514 03b6 01       		.uleb128 0x1
 515 03b7 FC010000 		.4byte	.LASF71
 516 03bb 09       		.byte	0x9
 517 03bc 3F       		.byte	0x3f
 518 03bd 19       		.byte	0x19
 519 03be C2030000 		.4byte	0x3c2
 520 03c2 07       		.uleb128 0x7
 521 03c3 3A010000 		.4byte	.LASF72
 522 03c7 08       		.byte	0x8
 523 03c8 09       		.byte	0x9
 524 03c9 45       		.byte	0x45
 525 03ca 08       		.byte	0x8
 526 03cb EA030000 		.4byte	0x3ea
 527 03cf 02       		.uleb128 0x2
 528 03d0 3F000000 		.4byte	.LASF70
 529 03d4 09       		.byte	0x9
 530 03d5 46       		.byte	0x46
 531 03d6 1A       		.byte	0x1a
 532 03d7 EA030000 		.4byte	0x3ea
 533 03db 00       		.byte	0
 534 03dc 02       		.uleb128 0x2
 535 03dd 64000000 		.4byte	.LASF73
 536 03e1 09       		.byte	0x9
 537 03e2 47       		.byte	0x47
 538 03e3 1A       		.byte	0x1a
 539 03e4 EA030000 		.4byte	0x3ea
 540 03e8 04       		.byte	0x4
 541 03e9 00       		.byte	0
 542 03ea 04       		.uleb128 0x4
 543 03eb B6030000 		.4byte	0x3b6
 544 03ef 01       		.uleb128 0x1
 545 03f0 89000000 		.4byte	.LASF74
 546 03f4 09       		.byte	0x9
 547 03f5 4E       		.byte	0x4e
 548 03f6 22       		.byte	0x22
 549 03f7 FB030000 		.4byte	0x3fb
 550 03fb 07       		.uleb128 0x7
 551 03fc 52050000 		.4byte	.LASF75
 552 0400 0C       		.byte	0xc
 553 0401 09       		.byte	0x9
 554 0402 55       		.byte	0x55
 555 0403 08       		.byte	0x8
 556 0404 30040000 		.4byte	0x430
 557 0408 02       		.uleb128 0x2
 558 0409 3F000000 		.4byte	.LASF70
 559 040d 09       		.byte	0x9
 560 040e 56       		.byte	0x56
 561 040f 1A       		.byte	0x1a
 562 0410 30040000 		.4byte	0x430
 563 0414 00       		.byte	0
 564 0415 02       		.uleb128 0x2
 565 0416 64000000 		.4byte	.LASF73
 566 041a 09       		.byte	0x9
 567 041b 57       		.byte	0x57
 568 041c 1A       		.byte	0x1a
 569 041d 30040000 		.4byte	0x430
 570 0421 04       		.byte	0x4
ARM GAS  /tmp/ccD8856j.s 			page 11


 571 0422 02       		.uleb128 0x2
 572 0423 E7030000 		.4byte	.LASF76
 573 0427 09       		.byte	0x9
 574 0428 58       		.byte	0x58
 575 0429 19       		.byte	0x19
 576 042a 24010000 		.4byte	0x124
 577 042e 08       		.byte	0x8
 578 042f 00       		.byte	0
 579 0430 04       		.uleb128 0x4
 580 0431 EF030000 		.4byte	0x3ef
 581 0435 01       		.uleb128 0x1
 582 0436 4C010000 		.4byte	.LASF77
 583 043a 09       		.byte	0x9
 584 043b 5F       		.byte	0x5f
 585 043c 1E       		.byte	0x1e
 586 043d 41040000 		.4byte	0x441
 587 0441 07       		.uleb128 0x7
 588 0442 05010000 		.4byte	.LASF78
 589 0446 0C       		.byte	0xc
 590 0447 09       		.byte	0x9
 591 0448 64       		.byte	0x64
 592 0449 08       		.byte	0x8
 593 044a 76040000 		.4byte	0x476
 594 044e 02       		.uleb128 0x2
 595 044f 3F000000 		.4byte	.LASF70
 596 0453 09       		.byte	0x9
 597 0454 65       		.byte	0x65
 598 0455 1A       		.byte	0x1a
 599 0456 76040000 		.4byte	0x476
 600 045a 00       		.byte	0
 601 045b 02       		.uleb128 0x2
 602 045c 64000000 		.4byte	.LASF73
 603 0460 09       		.byte	0x9
 604 0461 66       		.byte	0x66
 605 0462 1A       		.byte	0x1a
 606 0463 76040000 		.4byte	0x476
 607 0467 04       		.byte	0x4
 608 0468 02       		.uleb128 0x2
 609 0469 44000000 		.4byte	.LASF79
 610 046d 09       		.byte	0x9
 611 046e 67       		.byte	0x67
 612 046f 19       		.byte	0x19
 613 0470 7E030000 		.4byte	0x37e
 614 0474 08       		.byte	0x8
 615 0475 00       		.byte	0
 616 0476 04       		.uleb128 0x4
 617 0477 35040000 		.4byte	0x435
 618 047b 0A       		.uleb128 0xa
 619 047c 08       		.byte	0x8
 620 047d 83       		.byte	0x83
 621 047e 05       		.byte	0x5
 622 047f 9E040000 		.4byte	0x49e
 623 0483 08       		.uleb128 0x8
 624 0484 6E747000 		.ascii	"ntp\000"
 625 0488 0A       		.byte	0xa
 626 0489 87       		.byte	0x87
 627 048a 1E       		.byte	0x1e
ARM GAS  /tmp/ccD8856j.s 			page 12


 628 048b 9E040000 		.4byte	0x49e
 629 048f 00       		.byte	0
 630 0490 02       		.uleb128 0x2
 631 0491 0B060000 		.4byte	.LASF80
 632 0495 0A       		.byte	0xa
 633 0496 8B       		.byte	0x8b
 634 0497 1E       		.byte	0x1e
 635 0498 A3040000 		.4byte	0x4a3
 636 049c 04       		.byte	0x4
 637 049d 00       		.byte	0
 638 049e 04       		.uleb128 0x4
 639 049f 60010000 		.4byte	0x160
 640 04a3 18       		.uleb128 0x18
 641 04a4 04       		.byte	0x4
 642 04a5 0A       		.uleb128 0xa
 643 04a6 08       		.byte	0x8
 644 04a7 90       		.byte	0x90
 645 04a8 05       		.byte	0x5
 646 04a9 C7040000 		.4byte	0x4c7
 647 04ad 08       		.uleb128 0x8
 648 04ae 747000   		.ascii	"tp\000"
 649 04b1 0A       		.byte	0xa
 650 04b2 94       		.byte	0x94
 651 04b3 1E       		.byte	0x1e
 652 04b4 9E040000 		.4byte	0x49e
 653 04b8 00       		.byte	0
 654 04b9 08       		.uleb128 0x8
 655 04ba 6D736700 		.ascii	"msg\000"
 656 04be 0A       		.byte	0xa
 657 04bf 98       		.byte	0x98
 658 04c0 1D       		.byte	0x1d
 659 04c1 30010000 		.4byte	0x130
 660 04c5 04       		.byte	0x4
 661 04c6 00       		.byte	0
 662 04c7 0A       		.uleb128 0xa
 663 04c8 04       		.byte	0x4
 664 04c9 9D       		.byte	0x9d
 665 04ca 05       		.byte	0x5
 666 04cb DD040000 		.4byte	0x4dd
 667 04cf 02       		.uleb128 0x2
 668 04d0 07020000 		.4byte	.LASF33
 669 04d4 0A       		.byte	0xa
 670 04d5 A1       		.byte	0xa1
 671 04d6 1E       		.byte	0x1e
 672 04d7 50030000 		.4byte	0x350
 673 04db 00       		.byte	0
 674 04dc 00       		.byte	0
 675 04dd 0A       		.uleb128 0xa
 676 04de 04       		.byte	0x4
 677 04df A6       		.byte	0xa6
 678 04e0 05       		.byte	0x5
 679 04e1 F3040000 		.4byte	0x4f3
 680 04e5 02       		.uleb128 0x2
 681 04e6 7F040000 		.4byte	.LASF81
 682 04ea 0A       		.byte	0xa
 683 04eb AA       		.byte	0xaa
 684 04ec 1E       		.byte	0x1e
ARM GAS  /tmp/ccD8856j.s 			page 13


 685 04ed 50030000 		.4byte	0x350
 686 04f1 00       		.byte	0
 687 04f2 00       		.byte	0
 688 04f3 0A       		.uleb128 0xa
 689 04f4 08       		.byte	0x8
 690 04f5 AF       		.byte	0xaf
 691 04f6 05       		.byte	0x5
 692 04f7 16050000 		.4byte	0x516
 693 04fb 08       		.uleb128 0x8
 694 04fc 75703100 		.ascii	"up1\000"
 695 0500 0A       		.byte	0xa
 696 0501 B3       		.byte	0xb3
 697 0502 1E       		.byte	0x1e
 698 0503 A3040000 		.4byte	0x4a3
 699 0507 00       		.byte	0
 700 0508 08       		.uleb128 0x8
 701 0509 75703200 		.ascii	"up2\000"
 702 050d 0A       		.byte	0xa
 703 050e B7       		.byte	0xb7
 704 050f 1E       		.byte	0x1e
 705 0510 A3040000 		.4byte	0x4a3
 706 0514 04       		.byte	0x4
 707 0515 00       		.byte	0
 708 0516 0D       		.uleb128 0xd
 709 0517 08       		.byte	0x8
 710 0518 0A       		.byte	0xa
 711 0519 7F       		.byte	0x7f
 712 051a 54050000 		.4byte	0x554
 713 051e 0E       		.uleb128 0xe
 714 051f 737700   		.ascii	"sw\000"
 715 0522 8C       		.byte	0x8c
 716 0523 7B040000 		.4byte	0x47b
 717 0527 0E       		.uleb128 0xe
 718 0528 72647900 		.ascii	"rdy\000"
 719 052c 99       		.byte	0x99
 720 052d A5040000 		.4byte	0x4a5
 721 0531 0E       		.uleb128 0xe
 722 0532 69737200 		.ascii	"isr\000"
 723 0536 A2       		.byte	0xa2
 724 0537 C7040000 		.4byte	0x4c7
 725 053b 09       		.uleb128 0x9
 726 053c 64040000 		.4byte	.LASF82
 727 0540 0A       		.byte	0xa
 728 0541 AB       		.byte	0xab
 729 0542 07       		.byte	0x7
 730 0543 DD040000 		.4byte	0x4dd
 731 0547 09       		.uleb128 0x9
 732 0548 11040000 		.4byte	.LASF83
 733 054c 0A       		.byte	0xa
 734 054d B8       		.byte	0xb8
 735 054e 07       		.byte	0x7
 736 054f F3040000 		.4byte	0x4f3
 737 0553 00       		.byte	0
 738 0554 0A       		.uleb128 0xa
 739 0555 10       		.byte	0x10
 740 0556 6C       		.byte	0x6c
 741 0557 09       		.byte	0x9
ARM GAS  /tmp/ccD8856j.s 			page 14


 742 0558 99050000 		.4byte	0x599
 743 055c 0F       		.uleb128 0xf
 744 055d 84000000 		.4byte	.LASF84
 745 0561 70       		.byte	0x70
 746 0562 CB000000 		.4byte	0xcb
 747 0566 03       		.byte	0x3
 748 0567 00       		.byte	0
 749 0568 0F       		.uleb128 0xf
 750 0569 1A010000 		.4byte	.LASF36
 751 056d 74       		.byte	0x74
 752 056e CB000000 		.4byte	0xcb
 753 0572 05       		.byte	0x5
 754 0573 03       		.byte	0x3
 755 0574 0F       		.uleb128 0xf
 756 0575 5A030000 		.4byte	.LASF85
 757 0579 7A       		.byte	0x7a
 758 057a CB000000 		.4byte	0xcb
 759 057e 18       		.byte	0x18
 760 057f 08       		.byte	0x8
 761 0580 02       		.uleb128 0x2
 762 0581 E2030000 		.4byte	.LASF86
 763 0585 0A       		.byte	0xa
 764 0586 7E       		.byte	0x7e
 765 0587 19       		.byte	0x19
 766 0588 72030000 		.4byte	0x372
 767 058c 04       		.byte	0x4
 768 058d 08       		.uleb128 0x8
 769 058e 7500     		.ascii	"u\000"
 770 0590 0A       		.byte	0xa
 771 0591 B9       		.byte	0xb9
 772 0592 05       		.byte	0x5
 773 0593 16050000 		.4byte	0x516
 774 0597 08       		.byte	0x8
 775 0598 00       		.byte	0
 776 0599 01       		.uleb128 0x1
 777 059a 2E050000 		.4byte	.LASF87
 778 059e 0A       		.byte	0xa
 779 059f BA       		.byte	0xba
 780 05a0 03       		.byte	0x3
 781 05a1 54050000 		.4byte	0x554
 782 05a5 19       		.uleb128 0x19
 783 05a6 0808     		.2byte	0x808
 784 05a8 0A       		.byte	0xa
 785 05a9 C0       		.byte	0xc0
 786 05aa 09       		.byte	0x9
 787 05ab E4050000 		.4byte	0x5e4
 788 05af 02       		.uleb128 0x2
 789 05b0 B5030000 		.4byte	.LASF88
 790 05b4 0A       		.byte	0xa
 791 05b5 C4       		.byte	0xc4
 792 05b6 19       		.byte	0x19
 793 05b7 B3000000 		.4byte	0xb3
 794 05bb 00       		.byte	0
 795 05bc 02       		.uleb128 0x2
 796 05bd D5020000 		.4byte	.LASF89
 797 05c1 0A       		.byte	0xa
 798 05c2 C8       		.byte	0xc8
ARM GAS  /tmp/ccD8856j.s 			page 15


 799 05c3 19       		.byte	0x19
 800 05c4 B3000000 		.4byte	0xb3
 801 05c8 02       		.byte	0x2
 802 05c9 08       		.uleb128 0x8
 803 05ca 70747200 		.ascii	"ptr\000"
 804 05ce 0A       		.byte	0xa
 805 05cf CC       		.byte	0xcc
 806 05d0 1A       		.byte	0x1a
 807 05d1 E4050000 		.4byte	0x5e4
 808 05d5 04       		.byte	0x4
 809 05d6 02       		.uleb128 0x2
 810 05d7 07050000 		.4byte	.LASF90
 811 05db 0A       		.byte	0xa
 812 05dc D0       		.byte	0xd0
 813 05dd 19       		.byte	0x19
 814 05de E9050000 		.4byte	0x5e9
 815 05e2 08       		.byte	0x8
 816 05e3 00       		.byte	0
 817 05e4 04       		.uleb128 0x4
 818 05e5 99050000 		.4byte	0x599
 819 05e9 1A       		.uleb128 0x1a
 820 05ea 99050000 		.4byte	0x599
 821 05ee F9050000 		.4byte	0x5f9
 822 05f2 1B       		.uleb128 0x1b
 823 05f3 25000000 		.4byte	0x25
 824 05f7 7F       		.byte	0x7f
 825 05f8 00       		.byte	0
 826 05f9 01       		.uleb128 0x1
 827 05fa 69040000 		.4byte	.LASF91
 828 05fe 0A       		.byte	0xa
 829 05ff D1       		.byte	0xd1
 830 0600 03       		.byte	0x3
 831 0601 A5050000 		.4byte	0x5a5
 832 0605 0C       		.uleb128 0xc
 833 0606 69000000 		.4byte	.LASF92
 834 060a 24       		.byte	0x24
 835 060b 0B       		.byte	0xb
 836 060c BB01     		.2byte	0x1bb
 837 060e 08       		.byte	0x8
 838 060f 8B060000 		.4byte	0x68b
 839 0613 06       		.uleb128 0x6
 840 0614 723400   		.ascii	"r4\000"
 841 0617 0B       		.byte	0xb
 842 0618 CE01     		.2byte	0x1ce
 843 061a 11       		.byte	0x11
 844 061b CB000000 		.4byte	0xcb
 845 061f 00       		.byte	0
 846 0620 06       		.uleb128 0x6
 847 0621 723500   		.ascii	"r5\000"
 848 0624 0B       		.byte	0xb
 849 0625 CF01     		.2byte	0x1cf
 850 0627 11       		.byte	0x11
 851 0628 CB000000 		.4byte	0xcb
 852 062c 04       		.byte	0x4
 853 062d 06       		.uleb128 0x6
 854 062e 723600   		.ascii	"r6\000"
 855 0631 0B       		.byte	0xb
ARM GAS  /tmp/ccD8856j.s 			page 16


 856 0632 D001     		.2byte	0x1d0
 857 0634 11       		.byte	0x11
 858 0635 CB000000 		.4byte	0xcb
 859 0639 08       		.byte	0x8
 860 063a 06       		.uleb128 0x6
 861 063b 723700   		.ascii	"r7\000"
 862 063e 0B       		.byte	0xb
 863 063f D101     		.2byte	0x1d1
 864 0641 11       		.byte	0x11
 865 0642 CB000000 		.4byte	0xcb
 866 0646 0C       		.byte	0xc
 867 0647 06       		.uleb128 0x6
 868 0648 723800   		.ascii	"r8\000"
 869 064b 0B       		.byte	0xb
 870 064c D201     		.2byte	0x1d2
 871 064e 11       		.byte	0x11
 872 064f CB000000 		.4byte	0xcb
 873 0653 10       		.byte	0x10
 874 0654 06       		.uleb128 0x6
 875 0655 723900   		.ascii	"r9\000"
 876 0658 0B       		.byte	0xb
 877 0659 D301     		.2byte	0x1d3
 878 065b 11       		.byte	0x11
 879 065c CB000000 		.4byte	0xcb
 880 0660 14       		.byte	0x14
 881 0661 06       		.uleb128 0x6
 882 0662 72313000 		.ascii	"r10\000"
 883 0666 0B       		.byte	0xb
 884 0667 D401     		.2byte	0x1d4
 885 0669 11       		.byte	0x11
 886 066a CB000000 		.4byte	0xcb
 887 066e 18       		.byte	0x18
 888 066f 06       		.uleb128 0x6
 889 0670 72313100 		.ascii	"r11\000"
 890 0674 0B       		.byte	0xb
 891 0675 D501     		.2byte	0x1d5
 892 0677 11       		.byte	0x11
 893 0678 CB000000 		.4byte	0xcb
 894 067c 1C       		.byte	0x1c
 895 067d 06       		.uleb128 0x6
 896 067e 6C7200   		.ascii	"lr\000"
 897 0681 0B       		.byte	0xb
 898 0682 D601     		.2byte	0x1d6
 899 0684 11       		.byte	0x11
 900 0685 CB000000 		.4byte	0xcb
 901 0689 20       		.byte	0x20
 902 068a 00       		.byte	0
 903 068b 0C       		.uleb128 0xc
 904 068c D5030000 		.4byte	.LASF93
 905 0690 04       		.byte	0x4
 906 0691 0B       		.byte	0xb
 907 0692 DF01     		.2byte	0x1df
 908 0694 08       		.byte	0x8
 909 0695 A7060000 		.4byte	0x6a7
 910 0699 06       		.uleb128 0x6
 911 069a 737000   		.ascii	"sp\000"
 912 069d 0B       		.byte	0xb
ARM GAS  /tmp/ccD8856j.s 			page 17


 913 069e E001     		.2byte	0x1e0
 914 06a0 1A       		.byte	0x1a
 915 06a1 A7060000 		.4byte	0x6a7
 916 06a5 00       		.byte	0
 917 06a6 00       		.byte	0
 918 06a7 04       		.uleb128 0x4
 919 06a8 05060000 		.4byte	0x605
 920 06ac 07       		.uleb128 0x7
 921 06ad 94030000 		.4byte	.LASF94
 922 06b1 18       		.byte	0x18
 923 06b2 05       		.byte	0x5
 924 06b3 64       		.byte	0x64
 925 06b4 10       		.byte	0x10
 926 06b5 E1060000 		.4byte	0x6e1
 927 06b9 02       		.uleb128 0x2
 928 06ba F7040000 		.4byte	.LASF95
 929 06be 05       		.byte	0x5
 930 06bf 68       		.byte	0x68
 931 06c0 21       		.byte	0x21
 932 06c1 35040000 		.4byte	0x435
 933 06c5 00       		.byte	0
 934 06c6 02       		.uleb128 0x2
 935 06c7 5B040000 		.4byte	.LASF96
 936 06cb 05       		.byte	0x5
 937 06cc 73       		.byte	0x73
 938 06cd 21       		.byte	0x21
 939 06ce 72030000 		.4byte	0x372
 940 06d2 0C       		.byte	0xc
 941 06d3 02       		.uleb128 0x2
 942 06d4 62030000 		.4byte	.LASF97
 943 06d8 05       		.byte	0x5
 944 06d9 79       		.byte	0x79
 945 06da 21       		.byte	0x21
 946 06db E3000000 		.4byte	0xe3
 947 06df 10       		.byte	0x10
 948 06e0 00       		.byte	0
 949 06e1 01       		.uleb128 0x1
 950 06e2 D0000000 		.4byte	.LASF98
 951 06e6 05       		.byte	0x5
 952 06e7 7B       		.byte	0x7b
 953 06e8 03       		.byte	0x3
 954 06e9 AC060000 		.4byte	0x6ac
 955 06ed 07       		.uleb128 0x7
 956 06ee 5C010000 		.4byte	.LASF99
 957 06f2 08       		.byte	0x8
 958 06f3 05       		.byte	0x5
 959 06f4 80       		.byte	0x80
 960 06f5 10       		.byte	0x10
 961 06f6 08070000 		.4byte	0x708
 962 06fa 02       		.uleb128 0x2
 963 06fb 0C020000 		.4byte	.LASF100
 964 06ff 05       		.byte	0x5
 965 0700 84       		.byte	0x84
 966 0701 21       		.byte	0x21
 967 0702 B6030000 		.4byte	0x3b6
 968 0706 00       		.byte	0
 969 0707 00       		.byte	0
ARM GAS  /tmp/ccD8856j.s 			page 18


 970 0708 01       		.uleb128 0x1
 971 0709 93040000 		.4byte	.LASF101
 972 070d 05       		.byte	0x5
 973 070e 85       		.byte	0x85
 974 070f 03       		.byte	0x3
 975 0710 ED060000 		.4byte	0x6ed
 976 0714 01       		.uleb128 0x1
 977 0715 81030000 		.4byte	.LASF102
 978 0719 05       		.byte	0x5
 979 071a 8A       		.byte	0x8a
 980 071b 14       		.byte	0x14
 981 071c 9E040000 		.4byte	0x49e
 982 0720 0D       		.uleb128 0xd
 983 0721 0C       		.byte	0xc
 984 0722 05       		.byte	0x5
 985 0723 A0       		.byte	0xa0
 986 0724 4D070000 		.4byte	0x74d
 987 0728 09       		.uleb128 0x9
 988 0729 1F060000 		.4byte	.LASF103
 989 072d 05       		.byte	0x5
 990 072e A4       		.byte	0xa4
 991 072f 21       		.byte	0x21
 992 0730 8A030000 		.4byte	0x38a
 993 0734 09       		.uleb128 0x9
 994 0735 0C020000 		.4byte	.LASF100
 995 0739 05       		.byte	0x5
 996 073a A8       		.byte	0xa8
 997 073b 21       		.byte	0x21
 998 073c B6030000 		.4byte	0x3b6
 999 0740 09       		.uleb128 0x9
 1000 0741 18050000 		.4byte	.LASF104
 1001 0745 05       		.byte	0x5
 1002 0746 AC       		.byte	0xac
 1003 0747 21       		.byte	0x21
 1004 0748 EF030000 		.4byte	0x3ef
 1005 074c 00       		.byte	0
 1006 074d 0D       		.uleb128 0xd
 1007 074e 04       		.byte	0x4
 1008 074f 05       		.byte	0x5
 1009 0750 F0       		.byte	0xf0
 1010 0751 B6070000 		.4byte	0x7b6
 1011 0755 09       		.uleb128 0x9
 1012 0756 4A000000 		.4byte	.LASF105
 1013 075a 05       		.byte	0x5
 1014 075b F7       		.byte	0xf7
 1015 075c 21       		.byte	0x21
 1016 075d 30010000 		.4byte	0x130
 1017 0761 09       		.uleb128 0x9
 1018 0762 B4000000 		.4byte	.LASF106
 1019 0766 05       		.byte	0x5
 1020 0767 FE       		.byte	0xfe
 1021 0768 21       		.byte	0x21
 1022 0769 30010000 		.4byte	0x130
 1023 076d 0B       		.uleb128 0xb
 1024 076e 0B060000 		.4byte	.LASF80
 1025 0772 0501     		.2byte	0x105
 1026 0774 22       		.byte	0x22
ARM GAS  /tmp/ccD8856j.s 			page 19


 1027 0775 A3040000 		.4byte	0x4a3
 1028 0779 0B       		.uleb128 0xb
 1029 077a 39000000 		.4byte	.LASF107
 1030 077e 0C01     		.2byte	0x10c
 1031 0780 22       		.byte	0x22
 1032 0781 B6070000 		.4byte	0x7b6
 1033 0785 0B       		.uleb128 0xb
 1034 0786 C8000000 		.4byte	.LASF108
 1035 078a 1101     		.2byte	0x111
 1036 078c 21       		.byte	0x21
 1037 078d 30010000 		.4byte	0x130
 1038 0791 0B       		.uleb128 0xb
 1039 0792 DC010000 		.4byte	.LASF109
 1040 0796 1A01     		.2byte	0x11a
 1041 0798 22       		.byte	0x22
 1042 0799 E3070000 		.4byte	0x7e3
 1043 079d 0B       		.uleb128 0xb
 1044 079e A7040000 		.4byte	.LASF110
 1045 07a2 2301     		.2byte	0x123
 1046 07a4 22       		.byte	0x22
 1047 07a5 1D080000 		.4byte	0x81d
 1048 07a9 0B       		.uleb128 0xb
 1049 07aa 78040000 		.4byte	.LASF111
 1050 07ae 2B01     		.2byte	0x12b
 1051 07b0 21       		.byte	0x21
 1052 07b1 3C010000 		.4byte	0x13c
 1053 07b5 00       		.byte	0
 1054 07b6 04       		.uleb128 0x4
 1055 07b7 14070000 		.4byte	0x714
 1056 07bb 07       		.uleb128 0x7
 1057 07bc 86040000 		.4byte	.LASF112
 1058 07c0 0C       		.byte	0xc
 1059 07c1 0C       		.byte	0xc
 1060 07c2 34       		.byte	0x34
 1061 07c3 10       		.byte	0x10
 1062 07c4 E3070000 		.4byte	0x7e3
 1063 07c8 02       		.uleb128 0x2
 1064 07c9 0C020000 		.4byte	.LASF100
 1065 07cd 0C       		.byte	0xc
 1066 07ce 35       		.byte	0x35
 1067 07cf 19       		.byte	0x19
 1068 07d0 B6030000 		.4byte	0x3b6
 1069 07d4 00       		.byte	0
 1070 07d5 08       		.uleb128 0x8
 1071 07d6 636E7400 		.ascii	"cnt\000"
 1072 07da 0C       		.byte	0xc
 1073 07db 37       		.byte	0x37
 1074 07dc 19       		.byte	0x19
 1075 07dd 48010000 		.4byte	0x148
 1076 07e1 08       		.byte	0x8
 1077 07e2 00       		.byte	0
 1078 07e3 04       		.uleb128 0x4
 1079 07e4 BB070000 		.4byte	0x7bb
 1080 07e8 07       		.uleb128 0x7
 1081 07e9 E1050000 		.4byte	.LASF113
 1082 07ed 10       		.byte	0x10
 1083 07ee 0D       		.byte	0xd
ARM GAS  /tmp/ccD8856j.s 			page 20


 1084 07ef 39       		.byte	0x39
 1085 07f0 08       		.byte	0x8
 1086 07f1 1D080000 		.4byte	0x81d
 1087 07f5 02       		.uleb128 0x2
 1088 07f6 0C020000 		.4byte	.LASF100
 1089 07fa 0D       		.byte	0xd
 1090 07fb 3A       		.byte	0x3a
 1091 07fc 19       		.byte	0x19
 1092 07fd B6030000 		.4byte	0x3b6
 1093 0801 00       		.byte	0
 1094 0802 02       		.uleb128 0x2
 1095 0803 BE040000 		.4byte	.LASF32
 1096 0807 0D       		.byte	0xd
 1097 0808 3C       		.byte	0x3c
 1098 0809 1A       		.byte	0x1a
 1099 080a 9E040000 		.4byte	0x49e
 1100 080e 08       		.byte	0x8
 1101 080f 02       		.uleb128 0x2
 1102 0810 3F000000 		.4byte	.LASF70
 1103 0814 0D       		.byte	0xd
 1104 0815 3E       		.byte	0x3e
 1105 0816 1A       		.byte	0x1a
 1106 0817 DE080000 		.4byte	0x8de
 1107 081b 0C       		.byte	0xc
 1108 081c 00       		.byte	0
 1109 081d 04       		.uleb128 0x4
 1110 081e E8070000 		.4byte	0x7e8
 1111 0822 04       		.uleb128 0x4
 1112 0823 56020000 		.4byte	0x256
 1113 0827 04       		.uleb128 0x4
 1114 0828 F4000000 		.4byte	0xf4
 1115 082c 0C       		.uleb128 0xc
 1116 082d 16030000 		.4byte	.LASF114
 1117 0831 10       		.byte	0x10
 1118 0832 05       		.byte	0x5
 1119 0833 6101     		.2byte	0x161
 1120 0835 10       		.byte	0x10
 1121 0836 55080000 		.4byte	0x855
 1122 083a 03       		.uleb128 0x3
 1123 083b 18050000 		.4byte	.LASF104
 1124 083f 6601     		.2byte	0x166
 1125 0841 21       		.byte	0x21
 1126 0842 EF030000 		.4byte	0x3ef
 1127 0846 00       		.byte	0
 1128 0847 03       		.uleb128 0x3
 1129 0848 EC030000 		.4byte	.LASF115
 1130 084c 6A01     		.2byte	0x16a
 1131 084e 22       		.byte	0x22
 1132 084f 9E040000 		.4byte	0x49e
 1133 0853 0C       		.byte	0xc
 1134 0854 00       		.byte	0
 1135 0855 12       		.uleb128 0x12
 1136 0856 00000000 		.4byte	.LASF116
 1137 085a 6B01     		.2byte	0x16b
 1138 085c 2C080000 		.4byte	0x82c
 1139 0860 0C       		.uleb128 0xc
 1140 0861 BF030000 		.4byte	.LASF117
ARM GAS  /tmp/ccD8856j.s 			page 21


 1141 0865 14       		.byte	0x14
 1142 0866 05       		.byte	0x5
 1143 0867 7001     		.2byte	0x170
 1144 0869 10       		.byte	0x10
 1145 086a B0080000 		.4byte	0x8b0
 1146 086e 03       		.uleb128 0x3
 1147 086f 07020000 		.4byte	.LASF33
 1148 0873 7401     		.2byte	0x174
 1149 0875 22       		.byte	0x22
 1150 0876 50030000 		.4byte	0x350
 1151 087a 00       		.byte	0
 1152 087b 03       		.uleb128 0x3
 1153 087c 81010000 		.4byte	.LASF118
 1154 0880 7A01     		.2byte	0x17a
 1155 0882 22       		.byte	0x22
 1156 0883 27080000 		.4byte	0x827
 1157 0887 04       		.byte	0x4
 1158 0888 03       		.uleb128 0x3
 1159 0889 64050000 		.4byte	.LASF119
 1160 088d 7E01     		.2byte	0x17e
 1161 088f 22       		.byte	0x22
 1162 0890 27080000 		.4byte	0x827
 1163 0894 08       		.byte	0x8
 1164 0895 03       		.uleb128 0x3
 1165 0896 CC010000 		.4byte	.LASF120
 1166 089a 8401     		.2byte	0x184
 1167 089c 22       		.byte	0x22
 1168 089d 27080000 		.4byte	0x827
 1169 08a1 0C       		.byte	0xc
 1170 08a2 03       		.uleb128 0x3
 1171 08a3 24060000 		.4byte	.LASF121
 1172 08a7 8801     		.2byte	0x188
 1173 08a9 22       		.byte	0x22
 1174 08aa 27080000 		.4byte	0x827
 1175 08ae 10       		.byte	0x10
 1176 08af 00       		.byte	0
 1177 08b0 12       		.uleb128 0x12
 1178 08b1 CC050000 		.4byte	.LASF122
 1179 08b5 8A01     		.2byte	0x18a
 1180 08b7 60080000 		.4byte	0x860
 1181 08bb 11       		.uleb128 0x11
 1182 08bc B0080000 		.4byte	0x8b0
 1183 08c0 04       		.uleb128 0x4
 1184 08c1 BB080000 		.4byte	0x8bb
 1185 08c5 1C       		.uleb128 0x1c
 1186 08c6 63683000 		.ascii	"ch0\000"
 1187 08ca 0F       		.byte	0xf
 1188 08cb 4101     		.2byte	0x141
 1189 08cd 16       		.byte	0x16
 1190 08ce 56020000 		.4byte	0x256
 1191 08d2 01       		.uleb128 0x1
 1192 08d3 91010000 		.4byte	.LASF123
 1193 08d7 0D       		.byte	0xd
 1194 08d8 34       		.byte	0x34
 1195 08d9 19       		.byte	0x19
 1196 08da E8070000 		.4byte	0x7e8
 1197 08de 04       		.uleb128 0x4
ARM GAS  /tmp/ccD8856j.s 			page 22


 1198 08df D2080000 		.4byte	0x8d2
 1199 08e3 05       		.uleb128 0x5
 1200 08e4 01       		.byte	0x1
 1201 08e5 02       		.byte	0x2
 1202 08e6 2E040000 		.4byte	.LASF124
 1203 08ea 1D       		.uleb128 0x1d
 1204 08eb 3B060000 		.4byte	.LASF128
 1205 08ef 0E       		.byte	0xe
 1206 08f0 4F       		.byte	0x4f
 1207 08f1 0D       		.byte	0xd
 1208 08f2 E8020000 		.4byte	0x2e8
 1209 08f6 1A090000 		.4byte	0x91a
 1210 08fa 13       		.uleb128 0x13
 1211 08fb EA050000 		.4byte	.LASF58
 1212 08ff 4F       		.byte	0x4f
 1213 0900 32       		.byte	0x32
 1214 0901 E8020000 		.4byte	0x2e8
 1215 0905 14       		.uleb128 0x14
 1216 0906 6D00     		.ascii	"m\000"
 1217 0908 50       		.byte	0x50
 1218 0909 0F       		.byte	0xf
 1219 090a E8020000 		.4byte	0x2e8
 1220 090e 14       		.uleb128 0x14
 1221 090f 6F697000 		.ascii	"oip\000"
 1222 0913 53       		.byte	0x53
 1223 0914 12       		.byte	0x12
 1224 0915 22080000 		.4byte	0x822
 1225 0919 00       		.byte	0
 1226 091a 1E       		.uleb128 0x1e
 1227 091b 30030000 		.4byte	.LASF129
 1228 091f 0E       		.byte	0xe
 1229 0920 3C       		.byte	0x3c
 1230 0921 06       		.byte	0x6
 1231 0922 13       		.uleb128 0x13
 1232 0923 EA050000 		.4byte	.LASF58
 1233 0927 3C       		.byte	0x3c
 1234 0928 27       		.byte	0x27
 1235 0929 E8020000 		.4byte	0x2e8
 1236 092d 00       		.byte	0
 1237 092e 00       		.byte	0
 1238              		.section	.gnu.debuglto_.debug_abbrev,"e",%progbits
 1239              	.Ldebug_abbrev0:
 1240 0000 01       		.uleb128 0x1
 1241 0001 16       		.uleb128 0x16
 1242 0002 00       		.byte	0
 1243 0003 03       		.uleb128 0x3
 1244 0004 0E       		.uleb128 0xe
 1245 0005 3A       		.uleb128 0x3a
 1246 0006 0B       		.uleb128 0xb
 1247 0007 3B       		.uleb128 0x3b
 1248 0008 0B       		.uleb128 0xb
 1249 0009 39       		.uleb128 0x39
 1250 000a 0B       		.uleb128 0xb
 1251 000b 49       		.uleb128 0x49
 1252 000c 13       		.uleb128 0x13
 1253 000d 00       		.byte	0
 1254 000e 00       		.byte	0
ARM GAS  /tmp/ccD8856j.s 			page 23


 1255 000f 02       		.uleb128 0x2
 1256 0010 0D       		.uleb128 0xd
 1257 0011 00       		.byte	0
 1258 0012 03       		.uleb128 0x3
 1259 0013 0E       		.uleb128 0xe
 1260 0014 3A       		.uleb128 0x3a
 1261 0015 0B       		.uleb128 0xb
 1262 0016 3B       		.uleb128 0x3b
 1263 0017 0B       		.uleb128 0xb
 1264 0018 39       		.uleb128 0x39
 1265 0019 0B       		.uleb128 0xb
 1266 001a 49       		.uleb128 0x49
 1267 001b 13       		.uleb128 0x13
 1268 001c 38       		.uleb128 0x38
 1269 001d 0B       		.uleb128 0xb
 1270 001e 00       		.byte	0
 1271 001f 00       		.byte	0
 1272 0020 03       		.uleb128 0x3
 1273 0021 0D       		.uleb128 0xd
 1274 0022 00       		.byte	0
 1275 0023 03       		.uleb128 0x3
 1276 0024 0E       		.uleb128 0xe
 1277 0025 3A       		.uleb128 0x3a
 1278 0026 21       		.uleb128 0x21
 1279 0027 05       		.sleb128 5
 1280 0028 3B       		.uleb128 0x3b
 1281 0029 05       		.uleb128 0x5
 1282 002a 39       		.uleb128 0x39
 1283 002b 0B       		.uleb128 0xb
 1284 002c 49       		.uleb128 0x49
 1285 002d 13       		.uleb128 0x13
 1286 002e 38       		.uleb128 0x38
 1287 002f 0B       		.uleb128 0xb
 1288 0030 00       		.byte	0
 1289 0031 00       		.byte	0
 1290 0032 04       		.uleb128 0x4
 1291 0033 0F       		.uleb128 0xf
 1292 0034 00       		.byte	0
 1293 0035 0B       		.uleb128 0xb
 1294 0036 21       		.uleb128 0x21
 1295 0037 04       		.sleb128 4
 1296 0038 49       		.uleb128 0x49
 1297 0039 13       		.uleb128 0x13
 1298 003a 00       		.byte	0
 1299 003b 00       		.byte	0
 1300 003c 05       		.uleb128 0x5
 1301 003d 24       		.uleb128 0x24
 1302 003e 00       		.byte	0
 1303 003f 0B       		.uleb128 0xb
 1304 0040 0B       		.uleb128 0xb
 1305 0041 3E       		.uleb128 0x3e
 1306 0042 0B       		.uleb128 0xb
 1307 0043 03       		.uleb128 0x3
 1308 0044 0E       		.uleb128 0xe
 1309 0045 00       		.byte	0
 1310 0046 00       		.byte	0
 1311 0047 06       		.uleb128 0x6
ARM GAS  /tmp/ccD8856j.s 			page 24


 1312 0048 0D       		.uleb128 0xd
 1313 0049 00       		.byte	0
 1314 004a 03       		.uleb128 0x3
 1315 004b 08       		.uleb128 0x8
 1316 004c 3A       		.uleb128 0x3a
 1317 004d 0B       		.uleb128 0xb
 1318 004e 3B       		.uleb128 0x3b
 1319 004f 05       		.uleb128 0x5
 1320 0050 39       		.uleb128 0x39
 1321 0051 0B       		.uleb128 0xb
 1322 0052 49       		.uleb128 0x49
 1323 0053 13       		.uleb128 0x13
 1324 0054 38       		.uleb128 0x38
 1325 0055 0B       		.uleb128 0xb
 1326 0056 00       		.byte	0
 1327 0057 00       		.byte	0
 1328 0058 07       		.uleb128 0x7
 1329 0059 13       		.uleb128 0x13
 1330 005a 01       		.byte	0x1
 1331 005b 03       		.uleb128 0x3
 1332 005c 0E       		.uleb128 0xe
 1333 005d 0B       		.uleb128 0xb
 1334 005e 0B       		.uleb128 0xb
 1335 005f 3A       		.uleb128 0x3a
 1336 0060 0B       		.uleb128 0xb
 1337 0061 3B       		.uleb128 0x3b
 1338 0062 0B       		.uleb128 0xb
 1339 0063 39       		.uleb128 0x39
 1340 0064 0B       		.uleb128 0xb
 1341 0065 01       		.uleb128 0x1
 1342 0066 13       		.uleb128 0x13
 1343 0067 00       		.byte	0
 1344 0068 00       		.byte	0
 1345 0069 08       		.uleb128 0x8
 1346 006a 0D       		.uleb128 0xd
 1347 006b 00       		.byte	0
 1348 006c 03       		.uleb128 0x3
 1349 006d 08       		.uleb128 0x8
 1350 006e 3A       		.uleb128 0x3a
 1351 006f 0B       		.uleb128 0xb
 1352 0070 3B       		.uleb128 0x3b
 1353 0071 0B       		.uleb128 0xb
 1354 0072 39       		.uleb128 0x39
 1355 0073 0B       		.uleb128 0xb
 1356 0074 49       		.uleb128 0x49
 1357 0075 13       		.uleb128 0x13
 1358 0076 38       		.uleb128 0x38
 1359 0077 0B       		.uleb128 0xb
 1360 0078 00       		.byte	0
 1361 0079 00       		.byte	0
 1362 007a 09       		.uleb128 0x9
 1363 007b 0D       		.uleb128 0xd
 1364 007c 00       		.byte	0
 1365 007d 03       		.uleb128 0x3
 1366 007e 0E       		.uleb128 0xe
 1367 007f 3A       		.uleb128 0x3a
 1368 0080 0B       		.uleb128 0xb
ARM GAS  /tmp/ccD8856j.s 			page 25


 1369 0081 3B       		.uleb128 0x3b
 1370 0082 0B       		.uleb128 0xb
 1371 0083 39       		.uleb128 0x39
 1372 0084 0B       		.uleb128 0xb
 1373 0085 49       		.uleb128 0x49
 1374 0086 13       		.uleb128 0x13
 1375 0087 00       		.byte	0
 1376 0088 00       		.byte	0
 1377 0089 0A       		.uleb128 0xa
 1378 008a 13       		.uleb128 0x13
 1379 008b 01       		.byte	0x1
 1380 008c 0B       		.uleb128 0xb
 1381 008d 0B       		.uleb128 0xb
 1382 008e 3A       		.uleb128 0x3a
 1383 008f 21       		.uleb128 0x21
 1384 0090 0A       		.sleb128 10
 1385 0091 3B       		.uleb128 0x3b
 1386 0092 0B       		.uleb128 0xb
 1387 0093 39       		.uleb128 0x39
 1388 0094 0B       		.uleb128 0xb
 1389 0095 01       		.uleb128 0x1
 1390 0096 13       		.uleb128 0x13
 1391 0097 00       		.byte	0
 1392 0098 00       		.byte	0
 1393 0099 0B       		.uleb128 0xb
 1394 009a 0D       		.uleb128 0xd
 1395 009b 00       		.byte	0
 1396 009c 03       		.uleb128 0x3
 1397 009d 0E       		.uleb128 0xe
 1398 009e 3A       		.uleb128 0x3a
 1399 009f 21       		.uleb128 0x21
 1400 00a0 05       		.sleb128 5
 1401 00a1 3B       		.uleb128 0x3b
 1402 00a2 05       		.uleb128 0x5
 1403 00a3 39       		.uleb128 0x39
 1404 00a4 0B       		.uleb128 0xb
 1405 00a5 49       		.uleb128 0x49
 1406 00a6 13       		.uleb128 0x13
 1407 00a7 00       		.byte	0
 1408 00a8 00       		.byte	0
 1409 00a9 0C       		.uleb128 0xc
 1410 00aa 13       		.uleb128 0x13
 1411 00ab 01       		.byte	0x1
 1412 00ac 03       		.uleb128 0x3
 1413 00ad 0E       		.uleb128 0xe
 1414 00ae 0B       		.uleb128 0xb
 1415 00af 0B       		.uleb128 0xb
 1416 00b0 3A       		.uleb128 0x3a
 1417 00b1 0B       		.uleb128 0xb
 1418 00b2 3B       		.uleb128 0x3b
 1419 00b3 05       		.uleb128 0x5
 1420 00b4 39       		.uleb128 0x39
 1421 00b5 0B       		.uleb128 0xb
 1422 00b6 01       		.uleb128 0x1
 1423 00b7 13       		.uleb128 0x13
 1424 00b8 00       		.byte	0
 1425 00b9 00       		.byte	0
ARM GAS  /tmp/ccD8856j.s 			page 26


 1426 00ba 0D       		.uleb128 0xd
 1427 00bb 17       		.uleb128 0x17
 1428 00bc 01       		.byte	0x1
 1429 00bd 0B       		.uleb128 0xb
 1430 00be 0B       		.uleb128 0xb
 1431 00bf 3A       		.uleb128 0x3a
 1432 00c0 0B       		.uleb128 0xb
 1433 00c1 3B       		.uleb128 0x3b
 1434 00c2 0B       		.uleb128 0xb
 1435 00c3 39       		.uleb128 0x39
 1436 00c4 21       		.uleb128 0x21
 1437 00c5 03       		.sleb128 3
 1438 00c6 01       		.uleb128 0x1
 1439 00c7 13       		.uleb128 0x13
 1440 00c8 00       		.byte	0
 1441 00c9 00       		.byte	0
 1442 00ca 0E       		.uleb128 0xe
 1443 00cb 0D       		.uleb128 0xd
 1444 00cc 00       		.byte	0
 1445 00cd 03       		.uleb128 0x3
 1446 00ce 08       		.uleb128 0x8
 1447 00cf 3A       		.uleb128 0x3a
 1448 00d0 21       		.uleb128 0x21
 1449 00d1 0A       		.sleb128 10
 1450 00d2 3B       		.uleb128 0x3b
 1451 00d3 0B       		.uleb128 0xb
 1452 00d4 39       		.uleb128 0x39
 1453 00d5 21       		.uleb128 0x21
 1454 00d6 07       		.sleb128 7
 1455 00d7 49       		.uleb128 0x49
 1456 00d8 13       		.uleb128 0x13
 1457 00d9 00       		.byte	0
 1458 00da 00       		.byte	0
 1459 00db 0F       		.uleb128 0xf
 1460 00dc 0D       		.uleb128 0xd
 1461 00dd 00       		.byte	0
 1462 00de 03       		.uleb128 0x3
 1463 00df 0E       		.uleb128 0xe
 1464 00e0 3A       		.uleb128 0x3a
 1465 00e1 21       		.uleb128 0x21
 1466 00e2 0A       		.sleb128 10
 1467 00e3 3B       		.uleb128 0x3b
 1468 00e4 0B       		.uleb128 0xb
 1469 00e5 39       		.uleb128 0x39
 1470 00e6 21       		.uleb128 0x21
 1471 00e7 19       		.sleb128 25
 1472 00e8 49       		.uleb128 0x49
 1473 00e9 13       		.uleb128 0x13
 1474 00ea 0D       		.uleb128 0xd
 1475 00eb 0B       		.uleb128 0xb
 1476 00ec 6B       		.uleb128 0x6b
 1477 00ed 0B       		.uleb128 0xb
 1478 00ee 00       		.byte	0
 1479 00ef 00       		.byte	0
 1480 00f0 10       		.uleb128 0x10
 1481 00f1 35       		.uleb128 0x35
 1482 00f2 00       		.byte	0
ARM GAS  /tmp/ccD8856j.s 			page 27


 1483 00f3 49       		.uleb128 0x49
 1484 00f4 13       		.uleb128 0x13
 1485 00f5 00       		.byte	0
 1486 00f6 00       		.byte	0
 1487 00f7 11       		.uleb128 0x11
 1488 00f8 26       		.uleb128 0x26
 1489 00f9 00       		.byte	0
 1490 00fa 49       		.uleb128 0x49
 1491 00fb 13       		.uleb128 0x13
 1492 00fc 00       		.byte	0
 1493 00fd 00       		.byte	0
 1494 00fe 12       		.uleb128 0x12
 1495 00ff 16       		.uleb128 0x16
 1496 0100 00       		.byte	0
 1497 0101 03       		.uleb128 0x3
 1498 0102 0E       		.uleb128 0xe
 1499 0103 3A       		.uleb128 0x3a
 1500 0104 21       		.uleb128 0x21
 1501 0105 05       		.sleb128 5
 1502 0106 3B       		.uleb128 0x3b
 1503 0107 05       		.uleb128 0x5
 1504 0108 39       		.uleb128 0x39
 1505 0109 21       		.uleb128 0x21
 1506 010a 03       		.sleb128 3
 1507 010b 49       		.uleb128 0x49
 1508 010c 13       		.uleb128 0x13
 1509 010d 00       		.byte	0
 1510 010e 00       		.byte	0
 1511 010f 13       		.uleb128 0x13
 1512 0110 05       		.uleb128 0x5
 1513 0111 00       		.byte	0
 1514 0112 03       		.uleb128 0x3
 1515 0113 0E       		.uleb128 0xe
 1516 0114 3A       		.uleb128 0x3a
 1517 0115 21       		.uleb128 0x21
 1518 0116 0E       		.sleb128 14
 1519 0117 3B       		.uleb128 0x3b
 1520 0118 0B       		.uleb128 0xb
 1521 0119 39       		.uleb128 0x39
 1522 011a 0B       		.uleb128 0xb
 1523 011b 49       		.uleb128 0x49
 1524 011c 13       		.uleb128 0x13
 1525 011d 00       		.byte	0
 1526 011e 00       		.byte	0
 1527 011f 14       		.uleb128 0x14
 1528 0120 34       		.uleb128 0x34
 1529 0121 00       		.byte	0
 1530 0122 03       		.uleb128 0x3
 1531 0123 08       		.uleb128 0x8
 1532 0124 3A       		.uleb128 0x3a
 1533 0125 21       		.uleb128 0x21
 1534 0126 0E       		.sleb128 14
 1535 0127 3B       		.uleb128 0x3b
 1536 0128 0B       		.uleb128 0xb
 1537 0129 39       		.uleb128 0x39
 1538 012a 0B       		.uleb128 0xb
 1539 012b 49       		.uleb128 0x49
ARM GAS  /tmp/ccD8856j.s 			page 28


 1540 012c 13       		.uleb128 0x13
 1541 012d 00       		.byte	0
 1542 012e 00       		.byte	0
 1543 012f 15       		.uleb128 0x15
 1544 0130 11       		.uleb128 0x11
 1545 0131 01       		.byte	0x1
 1546 0132 25       		.uleb128 0x25
 1547 0133 0E       		.uleb128 0xe
 1548 0134 13       		.uleb128 0x13
 1549 0135 0B       		.uleb128 0xb
 1550 0136 03       		.uleb128 0x3
 1551 0137 0E       		.uleb128 0xe
 1552 0138 1B       		.uleb128 0x1b
 1553 0139 0E       		.uleb128 0xe
 1554 013a 10       		.uleb128 0x10
 1555 013b 17       		.uleb128 0x17
 1556 013c 00       		.byte	0
 1557 013d 00       		.byte	0
 1558 013e 16       		.uleb128 0x16
 1559 013f 24       		.uleb128 0x24
 1560 0140 00       		.byte	0
 1561 0141 0B       		.uleb128 0xb
 1562 0142 0B       		.uleb128 0xb
 1563 0143 3E       		.uleb128 0x3e
 1564 0144 0B       		.uleb128 0xb
 1565 0145 03       		.uleb128 0x3
 1566 0146 08       		.uleb128 0x8
 1567 0147 00       		.byte	0
 1568 0148 00       		.byte	0
 1569 0149 17       		.uleb128 0x17
 1570 014a 13       		.uleb128 0x13
 1571 014b 01       		.byte	0x1
 1572 014c 03       		.uleb128 0x3
 1573 014d 0E       		.uleb128 0xe
 1574 014e 0B       		.uleb128 0xb
 1575 014f 05       		.uleb128 0x5
 1576 0150 3A       		.uleb128 0x3a
 1577 0151 0B       		.uleb128 0xb
 1578 0152 3B       		.uleb128 0x3b
 1579 0153 05       		.uleb128 0x5
 1580 0154 39       		.uleb128 0x39
 1581 0155 0B       		.uleb128 0xb
 1582 0156 01       		.uleb128 0x1
 1583 0157 13       		.uleb128 0x13
 1584 0158 00       		.byte	0
 1585 0159 00       		.byte	0
 1586 015a 18       		.uleb128 0x18
 1587 015b 0F       		.uleb128 0xf
 1588 015c 00       		.byte	0
 1589 015d 0B       		.uleb128 0xb
 1590 015e 0B       		.uleb128 0xb
 1591 015f 00       		.byte	0
 1592 0160 00       		.byte	0
 1593 0161 19       		.uleb128 0x19
 1594 0162 13       		.uleb128 0x13
 1595 0163 01       		.byte	0x1
 1596 0164 0B       		.uleb128 0xb
ARM GAS  /tmp/ccD8856j.s 			page 29


 1597 0165 05       		.uleb128 0x5
 1598 0166 3A       		.uleb128 0x3a
 1599 0167 0B       		.uleb128 0xb
 1600 0168 3B       		.uleb128 0x3b
 1601 0169 0B       		.uleb128 0xb
 1602 016a 39       		.uleb128 0x39
 1603 016b 0B       		.uleb128 0xb
 1604 016c 01       		.uleb128 0x1
 1605 016d 13       		.uleb128 0x13
 1606 016e 00       		.byte	0
 1607 016f 00       		.byte	0
 1608 0170 1A       		.uleb128 0x1a
 1609 0171 01       		.uleb128 0x1
 1610 0172 01       		.byte	0x1
 1611 0173 49       		.uleb128 0x49
 1612 0174 13       		.uleb128 0x13
 1613 0175 01       		.uleb128 0x1
 1614 0176 13       		.uleb128 0x13
 1615 0177 00       		.byte	0
 1616 0178 00       		.byte	0
 1617 0179 1B       		.uleb128 0x1b
 1618 017a 21       		.uleb128 0x21
 1619 017b 00       		.byte	0
 1620 017c 49       		.uleb128 0x49
 1621 017d 13       		.uleb128 0x13
 1622 017e 2F       		.uleb128 0x2f
 1623 017f 0B       		.uleb128 0xb
 1624 0180 00       		.byte	0
 1625 0181 00       		.byte	0
 1626 0182 1C       		.uleb128 0x1c
 1627 0183 34       		.uleb128 0x34
 1628 0184 00       		.byte	0
 1629 0185 03       		.uleb128 0x3
 1630 0186 08       		.uleb128 0x8
 1631 0187 3A       		.uleb128 0x3a
 1632 0188 0B       		.uleb128 0xb
 1633 0189 3B       		.uleb128 0x3b
 1634 018a 05       		.uleb128 0x5
 1635 018b 39       		.uleb128 0x39
 1636 018c 0B       		.uleb128 0xb
 1637 018d 49       		.uleb128 0x49
 1638 018e 13       		.uleb128 0x13
 1639 018f 3F       		.uleb128 0x3f
 1640 0190 19       		.uleb128 0x19
 1641 0191 3C       		.uleb128 0x3c
 1642 0192 19       		.uleb128 0x19
 1643 0193 00       		.byte	0
 1644 0194 00       		.byte	0
 1645 0195 1D       		.uleb128 0x1d
 1646 0196 2E       		.uleb128 0x2e
 1647 0197 01       		.byte	0x1
 1648 0198 3F       		.uleb128 0x3f
 1649 0199 19       		.uleb128 0x19
 1650 019a 03       		.uleb128 0x3
 1651 019b 0E       		.uleb128 0xe
 1652 019c 3A       		.uleb128 0x3a
 1653 019d 0B       		.uleb128 0xb
ARM GAS  /tmp/ccD8856j.s 			page 30


 1654 019e 3B       		.uleb128 0x3b
 1655 019f 0B       		.uleb128 0xb
 1656 01a0 39       		.uleb128 0x39
 1657 01a1 0B       		.uleb128 0xb
 1658 01a2 27       		.uleb128 0x27
 1659 01a3 19       		.uleb128 0x19
 1660 01a4 49       		.uleb128 0x49
 1661 01a5 13       		.uleb128 0x13
 1662 01a6 01       		.uleb128 0x1
 1663 01a7 13       		.uleb128 0x13
 1664 01a8 00       		.byte	0
 1665 01a9 00       		.byte	0
 1666 01aa 1E       		.uleb128 0x1e
 1667 01ab 2E       		.uleb128 0x2e
 1668 01ac 01       		.byte	0x1
 1669 01ad 3F       		.uleb128 0x3f
 1670 01ae 19       		.uleb128 0x19
 1671 01af 03       		.uleb128 0x3
 1672 01b0 0E       		.uleb128 0xe
 1673 01b1 3A       		.uleb128 0x3a
 1674 01b2 0B       		.uleb128 0xb
 1675 01b3 3B       		.uleb128 0x3b
 1676 01b4 0B       		.uleb128 0xb
 1677 01b5 39       		.uleb128 0x39
 1678 01b6 0B       		.uleb128 0xb
 1679 01b7 27       		.uleb128 0x27
 1680 01b8 19       		.uleb128 0x19
 1681 01b9 00       		.byte	0
 1682 01ba 00       		.byte	0
 1683 01bb 00       		.byte	0
 1684              		.section	.gnu.debuglto_.debug_line,"e",%progbits
 1685              	.Ldebug_line0:
 1686 0000 90000000 		.4byte	.LELT0-.LSLT0
 1687              	.LSLT0:
 1688 0004 0500     		.2byte	0x5
 1689 0006 04       		.byte	0x4
 1690 0007 00       		.byte	0
 1691 0008 88000000 		.4byte	.LELTP0-.LASLTP0
 1692              	.LASLTP0:
 1693 000c 01       		.byte	0x1
 1694 000d 01       		.byte	0x1
 1695 000e 01       		.byte	0x1
 1696 000f F6       		.byte	0xf6
 1697 0010 F2       		.byte	0xf2
 1698 0011 0D       		.byte	0xd
 1699 0012 00       		.byte	0
 1700 0013 01       		.byte	0x1
 1701 0014 01       		.byte	0x1
 1702 0015 01       		.byte	0x1
 1703 0016 01       		.byte	0x1
 1704 0017 00       		.byte	0
 1705 0018 00       		.byte	0
 1706 0019 00       		.byte	0
 1707 001a 01       		.byte	0x1
 1708 001b 00       		.byte	0
 1709 001c 00       		.byte	0
 1710 001d 01       		.byte	0x1
ARM GAS  /tmp/ccD8856j.s 			page 31


 1711 001e 01       		.byte	0x1
 1712 001f 01       		.uleb128 0x1
 1713 0020 1F       		.uleb128 0x1f
 1714 0021 07       		.uleb128 0x7
 1715 0022 37020000 		.4byte	.LASF130
 1716 0026 B7000000 		.4byte	.LASF131
 1717 002a 3C000000 		.4byte	.LASF132
 1718 002e 12000000 		.4byte	.LASF133
 1719 0032 99000000 		.4byte	.LASF134
 1720 0036 C0010000 		.4byte	.LASF135
 1721 003a 27010000 		.4byte	.LASF136
 1722 003e 02       		.byte	0x2
 1723 003f 01       		.uleb128 0x1
 1724 0040 1F       		.uleb128 0x1f
 1725 0041 02       		.uleb128 0x2
 1726 0042 0B       		.uleb128 0xb
 1727 0043 10       		.uleb128 0x10
 1728 0044 E6000000 		.4byte	.LASF137
 1729 0048 00       		.byte	0
 1730 0049 0D010000 		.4byte	.LASF138
 1731 004d 05       		.byte	0x5
 1732 004e 00000000 		.4byte	.LASF139
 1733 0052 06       		.byte	0x6
 1734 0053 8A020000 		.4byte	.LASF140
 1735 0057 01       		.byte	0x1
 1736 0058 85000000 		.4byte	.LASF141
 1737 005c 03       		.byte	0x3
 1738 005d 9A010000 		.4byte	.LASF142
 1739 0061 03       		.byte	0x3
 1740 0062 A6010000 		.4byte	.LASF143
 1741 0066 03       		.byte	0x3
 1742 0067 7B000000 		.4byte	.LASF144
 1743 006b 03       		.byte	0x3
 1744 006c 72000000 		.4byte	.LASF145
 1745 0070 03       		.byte	0x3
 1746 0071 68000000 		.4byte	.LASF146
 1747 0075 03       		.byte	0x3
 1748 0076 8F000000 		.4byte	.LASF147
 1749 007a 03       		.byte	0x3
 1750 007b 1E010000 		.4byte	.LASF148
 1751 007f 02       		.byte	0x2
 1752 0080 0A000000 		.4byte	.LASF149
 1753 0084 03       		.byte	0x3
 1754 0085 AF010000 		.4byte	.LASF150
 1755 0089 03       		.byte	0x3
 1756 008a B7010000 		.4byte	.LASF151
 1757 008e 04       		.byte	0x4
 1758 008f 34000000 		.4byte	.LASF152
 1759 0093 03       		.byte	0x3
 1760              	.LELTP0:
 1761              	.LELT0:
 1762              		.section	.gnu.debuglto_.debug_str,"eMS",%progbits,1
 1763              	.LASF116:
 1764 0000 72656164 		.ascii	"ready_list_t\000"
 1764      795F6C69 
 1764      73745F74 
 1764      00
ARM GAS  /tmp/ccD8856j.s 			page 32


 1765              	.LASF52:
 1766 000d 72666375 		.ascii	"rfcu\000"
 1766      00
 1767              	.LASF126:
 1768 0012 2E2E2F2E 		.ascii	"../../chibios_trunk/os/rt/src/chrfcu.c\000"
 1768      2E2F6368 
 1768      6962696F 
 1768      735F7472 
 1768      756E6B2F 
 1769              	.LASF107:
 1770 0039 77747472 		.ascii	"wttrp\000"
 1770      7000
 1771              	.LASF70:
 1772 003f 6E657874 		.ascii	"next\000"
 1772      00
 1773              	.LASF79:
 1774 0044 64656C74 		.ascii	"delta\000"
 1774      6100
 1775              	.LASF105:
 1776 004a 7264796D 		.ascii	"rdymsg\000"
 1776      736700
 1777              	.LASF19:
 1778 0051 75696E74 		.ascii	"uint64_t\000"
 1778      36345F74 
 1778      00
 1779              	.LASF6:
 1780 005a 5F5F7569 		.ascii	"__uint8_t\000"
 1780      6E74385F 
 1780      7400
 1781              	.LASF73:
 1782 0064 70726576 		.ascii	"prev\000"
 1782      00
 1783              	.LASF92:
 1784 0069 706F7274 		.ascii	"port_intctx\000"
 1784      5F696E74 
 1784      63747800 
 1785              	.LASF65:
 1786 0075 73797374 		.ascii	"system_debug_t\000"
 1786      656D5F64 
 1786      65627567 
 1786      5F7400
 1787              	.LASF84:
 1788 0084 74797065 		.ascii	"type\000"
 1788      00
 1789              	.LASF74:
 1790 0089 63685F70 		.ascii	"ch_priority_queue_t\000"
 1790      72696F72 
 1790      6974795F 
 1790      71756575 
 1790      655F7400 
 1791              	.LASF14:
 1792 009d 6C6F6E67 		.ascii	"long long unsigned int\000"
 1792      206C6F6E 
 1792      6720756E 
 1792      7369676E 
 1792      65642069 
 1793              	.LASF106:
ARM GAS  /tmp/ccD8856j.s 			page 33


 1794 00b4 65786974 		.ascii	"exitcode\000"
 1794      636F6465 
 1794      00
 1795              	.LASF54:
 1796 00bd 6D61696E 		.ascii	"mainthread\000"
 1796      74687265 
 1796      616400
 1797              	.LASF108:
 1798 00c8 73656E74 		.ascii	"sentmsg\000"
 1798      6D736700 
 1799              	.LASF98:
 1800 00d0 76697274 		.ascii	"virtual_timers_list_t\000"
 1800      75616C5F 
 1800      74696D65 
 1800      72735F6C 
 1800      6973745F 
 1801              	.LASF38:
 1802 00e6 72656673 		.ascii	"refs\000"
 1802      00
 1803              	.LASF1:
 1804 00eb 6C6F6E67 		.ascii	"long long int\000"
 1804      206C6F6E 
 1804      6720696E 
 1804      7400
 1805              	.LASF3:
 1806 00f9 7369676E 		.ascii	"signed char\000"
 1806      65642063 
 1806      68617200 
 1807              	.LASF78:
 1808 0105 63685F64 		.ascii	"ch_delta_list\000"
 1808      656C7461 
 1808      5F6C6973 
 1808      7400
 1809              	.LASF49:
 1810 0113 76746C69 		.ascii	"vtlist\000"
 1810      737400
 1811              	.LASF36:
 1812 011a 73746174 		.ascii	"state\000"
 1812      6500
 1813              	.LASF10:
 1814 0120 6C6F6E67 		.ascii	"long int\000"
 1814      20696E74 
 1814      00
 1815              	.LASF23:
 1816 0129 74737461 		.ascii	"tstate_t\000"
 1816      74655F74 
 1816      00
 1817              	.LASF57:
 1818 0132 63685F72 		.ascii	"ch_rfcu\000"
 1818      66637500 
 1819              	.LASF72:
 1820 013a 63685F71 		.ascii	"ch_queue\000"
 1820      75657565 
 1820      00
 1821              	.LASF16:
 1822 0143 75696E74 		.ascii	"uint16_t\000"
 1822      31365F74 
ARM GAS  /tmp/ccD8856j.s 			page 34


 1822      00
 1823              	.LASF77:
 1824 014c 63685F64 		.ascii	"ch_delta_list_t\000"
 1824      656C7461 
 1824      5F6C6973 
 1824      745F7400 
 1825              	.LASF99:
 1826 015c 63685F72 		.ascii	"ch_registry\000"
 1826      65676973 
 1826      74727900 
 1827              	.LASF11:
 1828 0168 5F5F7569 		.ascii	"__uint32_t\000"
 1828      6E743332 
 1828      5F7400
 1829              	.LASF35:
 1830 0173 7761656E 		.ascii	"waend\000"
 1830      6400
 1831              	.LASF39:
 1832 0179 77616974 		.ascii	"waiting\000"
 1832      696E6700 
 1833              	.LASF118:
 1834 0181 6D61696E 		.ascii	"mainthread_base\000"
 1834      74687265 
 1834      61645F62 
 1834      61736500 
 1835              	.LASF123:
 1836 0191 6D757465 		.ascii	"mutex_t\000"
 1836      785F7400 
 1837              	.LASF63:
 1838 0199 6C6F636B 		.ascii	"lock_cnt\000"
 1838      5F636E74 
 1838      00
 1839              	.LASF67:
 1840 01a2 73797369 		.ascii	"sysinterval_t\000"
 1840      6E746572 
 1840      76616C5F 
 1840      7400
 1841              	.LASF28:
 1842 01b0 636E745F 		.ascii	"cnt_t\000"
 1842      7400
 1843              	.LASF40:
 1844 01b6 6D736771 		.ascii	"msgqueue\000"
 1844      75657565 
 1844      00
 1845              	.LASF0:
 1846 01bf 756E7369 		.ascii	"unsigned int\000"
 1846      676E6564 
 1846      20696E74 
 1846      00
 1847              	.LASF120:
 1848 01cc 69646C65 		.ascii	"idlethread_base\000"
 1848      74687265 
 1848      61645F62 
 1848      61736500 
 1849              	.LASF109:
 1850 01dc 77747365 		.ascii	"wtsemp\000"
 1850      6D7000
ARM GAS  /tmp/ccD8856j.s 			page 35


 1851              	.LASF12:
 1852 01e3 6C6F6E67 		.ascii	"long unsigned int\000"
 1852      20756E73 
 1852      69676E65 
 1852      6420696E 
 1852      7400
 1853              	.LASF31:
 1854 01f5 72717565 		.ascii	"rqueue\000"
 1854      756500
 1855              	.LASF71:
 1856 01fc 63685F71 		.ascii	"ch_queue_t\000"
 1856      75657565 
 1856      5F7400
 1857              	.LASF33:
 1858 0207 6E616D65 		.ascii	"name\000"
 1858      00
 1859              	.LASF100:
 1860 020c 71756575 		.ascii	"queue\000"
 1860      6500
 1861              	.LASF51:
 1862 0212 636F7265 		.ascii	"core_id\000"
 1862      5F696400 
 1863              	.LASF125:
 1864 021a 474E5520 		.ascii	"GNU C17 11.3.1 20220712 -mcpu=cortex-m4 -mthumb -mf"
 1864      43313720 
 1864      31312E33 
 1864      2E312032 
 1864      30323230 
 1865 024d 6C6F6174 		.ascii	"loat-abi=soft -march=armv7e-m -ggdb -O2 -fomit-fram"
 1865      2D616269 
 1865      3D736F66 
 1865      74202D6D 
 1865      61726368 
 1866 0280 652D706F 		.ascii	"e-pointer -falign-functions=16 -ffunction-sections "
 1866      696E7465 
 1866      72202D66 
 1866      616C6967 
 1866      6E2D6675 
 1867 02b3 2D666461 		.ascii	"-fdata-sections -fno-common -flto\000"
 1867      74612D73 
 1867      65637469 
 1867      6F6E7320 
 1867      2D666E6F 
 1868              	.LASF89:
 1869 02d5 73697A65 		.ascii	"size\000"
 1869      00
 1870              	.LASF8:
 1871 02da 73686F72 		.ascii	"short unsigned int\000"
 1871      7420756E 
 1871      7369676E 
 1871      65642069 
 1871      6E7400
 1872              	.LASF46:
 1873 02ed 63685F74 		.ascii	"ch_thread\000"
 1873      68726561 
 1873      6400
 1874              	.LASF26:
ARM GAS  /tmp/ccD8856j.s 			page 36


 1875 02f7 6D73675F 		.ascii	"msg_t\000"
 1875      7400
 1876              	.LASF41:
 1877 02fd 6570656E 		.ascii	"epending\000"
 1877      64696E67 
 1877      00
 1878              	.LASF22:
 1879 0306 746D6F64 		.ascii	"tmode_t\000"
 1879      655F7400 
 1880              	.LASF69:
 1881 030e 63685F6C 		.ascii	"ch_list\000"
 1881      69737400 
 1882              	.LASF114:
 1883 0316 63685F72 		.ascii	"ch_ready_list\000"
 1883      65616479 
 1883      5F6C6973 
 1883      7400
 1884              	.LASF27:
 1885 0324 6576656E 		.ascii	"eventmask_t\000"
 1885      746D6173 
 1885      6B5F7400 
 1886              	.LASF129:
 1887 0330 63685246 		.ascii	"chRFCUCollectFaultsI\000"
 1887      4355436F 
 1887      6C6C6563 
 1887      74466175 
 1887      6C747349 
 1888              	.LASF9:
 1889 0345 5F5F696E 		.ascii	"__int32_t\000"
 1889      7433325F 
 1889      7400
 1890              	.LASF21:
 1891 034f 73746B61 		.ascii	"stkalign_t\000"
 1891      6C69676E 
 1891      5F7400
 1892              	.LASF85:
 1893 035a 72747374 		.ascii	"rtstamp\000"
 1893      616D7000 
 1894              	.LASF97:
 1895 0362 6C617374 		.ascii	"laststamp\000"
 1895      7374616D 
 1895      7000
 1896              	.LASF43:
 1897 036c 7265616C 		.ascii	"realprio\000"
 1897      7072696F 
 1897      00
 1898              	.LASF56:
 1899 0375 72666375 		.ascii	"rfcu_mask_t\000"
 1899      5F6D6173 
 1899      6B5F7400 
 1900              	.LASF102:
 1901 0381 74687265 		.ascii	"thread_reference_t\000"
 1901      61645F72 
 1901      65666572 
 1901      656E6365 
 1901      5F7400
 1902              	.LASF94:
ARM GAS  /tmp/ccD8856j.s 			page 37


 1903 0394 63685F76 		.ascii	"ch_virtual_timers_list\000"
 1903      69727475 
 1903      616C5F74 
 1903      696D6572 
 1903      735F6C69 
 1904              	.LASF68:
 1905 03ab 63685F6C 		.ascii	"ch_list_t\000"
 1905      6973745F 
 1905      7400
 1906              	.LASF88:
 1907 03b5 73757370 		.ascii	"suspended\000"
 1907      656E6465 
 1907      6400
 1908              	.LASF117:
 1909 03bf 63685F6F 		.ascii	"ch_os_instance_config\000"
 1909      735F696E 
 1909      7374616E 
 1909      63655F63 
 1909      6F6E6669 
 1910              	.LASF93:
 1911 03d5 706F7274 		.ascii	"port_context\000"
 1911      5F636F6E 
 1911      74657874 
 1911      00
 1912              	.LASF86:
 1913 03e2 74696D65 		.ascii	"time\000"
 1913      00
 1914              	.LASF76:
 1915 03e7 7072696F 		.ascii	"prio\000"
 1915      00
 1916              	.LASF115:
 1917 03ec 63757272 		.ascii	"current\000"
 1917      656E7400 
 1918              	.LASF13:
 1919 03f4 5F5F7569 		.ascii	"__uint64_t\000"
 1919      6E743634 
 1919      5F7400
 1920              	.LASF29:
 1921 03ff 636F7265 		.ascii	"core_id_t\000"
 1921      5F69645F 
 1921      7400
 1922              	.LASF24:
 1923 0409 74726566 		.ascii	"trefs_t\000"
 1923      735F7400 
 1924              	.LASF83:
 1925 0411 75736572 		.ascii	"user\000"
 1925      00
 1926              	.LASF25:
 1927 0416 74707269 		.ascii	"tprio_t\000"
 1927      6F5F7400 
 1928              	.LASF60:
 1929 041e 63685F73 		.ascii	"ch_system_debug\000"
 1929      79737465 
 1929      6D5F6465 
 1929      62756700 
 1930              	.LASF124:
 1931 042e 5F426F6F 		.ascii	"_Bool\000"
ARM GAS  /tmp/ccD8856j.s 			page 38


 1931      6C00
 1932              	.LASF17:
 1933 0434 696E7433 		.ascii	"int32_t\000"
 1933      325F7400 
 1934              	.LASF4:
 1935 043c 756E7369 		.ascii	"unsigned char\000"
 1935      676E6564 
 1935      20636861 
 1935      7200
 1936              	.LASF59:
 1937 044a 72666375 		.ascii	"rfcu_t\000"
 1937      5F7400
 1938              	.LASF5:
 1939 0451 73686F72 		.ascii	"short int\000"
 1939      7420696E 
 1939      7400
 1940              	.LASF96:
 1941 045b 6C617374 		.ascii	"lasttime\000"
 1941      74696D65 
 1941      00
 1942              	.LASF82:
 1943 0464 68616C74 		.ascii	"halt\000"
 1943      00
 1944              	.LASF91:
 1945 0469 74726163 		.ascii	"trace_buffer_t\000"
 1945      655F6275 
 1945      66666572 
 1945      5F7400
 1946              	.LASF111:
 1947 0478 65776D61 		.ascii	"ewmask\000"
 1947      736B00
 1948              	.LASF81:
 1949 047f 72656173 		.ascii	"reason\000"
 1949      6F6E00
 1950              	.LASF112:
 1951 0486 63685F73 		.ascii	"ch_semaphore\000"
 1951      656D6170 
 1951      686F7265 
 1951      00
 1952              	.LASF101:
 1953 0493 72656769 		.ascii	"registry_t\000"
 1953      73747279 
 1953      5F7400
 1954              	.LASF18:
 1955 049e 75696E74 		.ascii	"uint32_t\000"
 1955      33325F74 
 1955      00
 1956              	.LASF110:
 1957 04a7 77746D74 		.ascii	"wtmtxp\000"
 1957      787000
 1958              	.LASF20:
 1959 04ae 706F7274 		.ascii	"port_stkalign_t\000"
 1959      5F73746B 
 1959      616C6967 
 1959      6E5F7400 
 1960              	.LASF32:
 1961 04be 6F776E65 		.ascii	"owner\000"
ARM GAS  /tmp/ccD8856j.s 			page 39


 1961      7200
 1962              	.LASF2:
 1963 04c4 6C6F6E67 		.ascii	"long double\000"
 1963      20646F75 
 1963      626C6500 
 1964              	.LASF34:
 1965 04d0 77616261 		.ascii	"wabase\000"
 1965      736500
 1966              	.LASF64:
 1967 04d7 63686172 		.ascii	"char\000"
 1967      00
 1968              	.LASF53:
 1969 04dc 636F6E66 		.ascii	"config\000"
 1969      696700
 1970              	.LASF7:
 1971 04e3 5F5F7569 		.ascii	"__uint16_t\000"
 1971      6E743136 
 1971      5F7400
 1972              	.LASF30:
 1973 04ee 74687265 		.ascii	"thread_t\000"
 1973      61645F74 
 1973      00
 1974              	.LASF95:
 1975 04f7 646C6973 		.ascii	"dlist\000"
 1975      7400
 1976              	.LASF66:
 1977 04fd 73797374 		.ascii	"systime_t\000"
 1977      696D655F 
 1977      7400
 1978              	.LASF90:
 1979 0507 62756666 		.ascii	"buffer\000"
 1979      657200
 1980              	.LASF61:
 1981 050e 70616E69 		.ascii	"panic_msg\000"
 1981      635F6D73 
 1981      6700
 1982              	.LASF104:
 1983 0518 70717565 		.ascii	"pqueue\000"
 1983      756500
 1984              	.LASF47:
 1985 051f 63685F6F 		.ascii	"ch_os_instance\000"
 1985      735F696E 
 1985      7374616E 
 1985      636500
 1986              	.LASF87:
 1987 052e 74726163 		.ascii	"trace_event_t\000"
 1987      655F6576 
 1987      656E745F 
 1987      7400
 1988              	.LASF45:
 1989 053c 6F735F69 		.ascii	"os_instance_t\000"
 1989      6E737461 
 1989      6E63655F 
 1989      7400
 1990              	.LASF50:
 1991 054a 7265676C 		.ascii	"reglist\000"
 1991      69737400 
ARM GAS  /tmp/ccD8856j.s 			page 40


 1992              	.LASF75:
 1993 0552 63685F70 		.ascii	"ch_priority_queue\000"
 1993      72696F72 
 1993      6974795F 
 1993      71756575 
 1993      6500
 1994              	.LASF119:
 1995 0564 6D61696E 		.ascii	"mainthread_end\000"
 1995      74687265 
 1995      61645F65 
 1995      6E6400
 1996              	.LASF127:
 1997 0573 2F686F6D 		.ascii	"/home/rob/Projects/ChibiStudio/ChibiStudio_23/works"
 1997      652F726F 
 1997      622F5072 
 1997      6F6A6563 
 1997      74732F43 
 1998 05a6 70616365 		.ascii	"pace_trunk/STM32_GPIB_firmware/\000"
 1998      5F747275 
 1998      6E6B2F53 
 1998      544D3332 
 1998      5F475049 
 1999              	.LASF44:
 2000 05c6 6D706F6F 		.ascii	"mpool\000"
 2000      6C00
 2001              	.LASF122:
 2002 05cc 6F735F69 		.ascii	"os_instance_config_t\000"
 2002      6E737461 
 2002      6E63655F 
 2002      636F6E66 
 2002      69675F74 
 2003              	.LASF113:
 2004 05e1 63685F6D 		.ascii	"ch_mutex\000"
 2004      75746578 
 2004      00
 2005              	.LASF58:
 2006 05ea 6D61736B 		.ascii	"mask\000"
 2006      00
 2007              	.LASF62:
 2008 05ef 6973725F 		.ascii	"isr_cnt\000"
 2008      636E7400 
 2009              	.LASF48:
 2010 05f7 726C6973 		.ascii	"rlist\000"
 2010      7400
 2011              	.LASF15:
 2012 05fd 75696E74 		.ascii	"uint8_t\000"
 2012      385F7400 
 2013              	.LASF37:
 2014 0605 666C6167 		.ascii	"flags\000"
 2014      7300
 2015              	.LASF80:
 2016 060b 77746F62 		.ascii	"wtobjp\000"
 2016      6A7000
 2017              	.LASF55:
 2018 0612 74726163 		.ascii	"trace_buffer\000"
 2018      655F6275 
 2018      66666572 
ARM GAS  /tmp/ccD8856j.s 			page 41


 2018      00
 2019              	.LASF103:
 2020 061f 6C697374 		.ascii	"list\000"
 2020      00
 2021              	.LASF121:
 2022 0624 69646C65 		.ascii	"idlethread_end\000"
 2022      74687265 
 2022      61645F65 
 2022      6E6400
 2023              	.LASF42:
 2024 0633 6D74786C 		.ascii	"mtxlist\000"
 2024      69737400 
 2025              	.LASF128:
 2026 063b 63685246 		.ascii	"chRFCUGetAndClearFaultsI\000"
 2026      43554765 
 2026      74416E64 
 2026      436C6561 
 2026      72466175 
 2027              		.section	.gnu.debuglto_.debug_line_str,"eMS",%progbits,1
 2028              	.LASF139:
 2029 0000 5F737464 		.ascii	"_stdint.h\000"
 2029      696E742E 
 2029      6800
 2030              	.LASF149:
 2031 000a 63687365 		.ascii	"chsem.h\000"
 2031      6D2E6800 
 2032              	.LASF133:
 2033 0012 2E2E2F2E 		.ascii	"../../chibios_trunk/os/rt/include\000"
 2033      2E2F6368 
 2033      6962696F 
 2033      735F7472 
 2033      756E6B2F 
 2034              	.LASF152:
 2035 0034 63687379 		.ascii	"chsys.h\000"
 2035      732E6800 
 2036              	.LASF132:
 2037 003c 2E2E2F2E 		.ascii	"../../chibios_trunk/os/common/ports/ARMv7-M\000"
 2037      2E2F6368 
 2037      6962696F 
 2037      735F7472 
 2037      756E6B2F 
 2038              	.LASF146:
 2039 0068 63686C69 		.ascii	"chlists.h\000"
 2039      7374732E 
 2039      6800
 2040              	.LASF145:
 2041 0072 63687469 		.ascii	"chtime.h\000"
 2041      6D652E68 
 2041      00
 2042              	.LASF144:
 2043 007b 63686465 		.ascii	"chdebug.h\000"
 2043      6275672E 
 2043      6800
 2044              	.LASF141:
 2045 0085 63686561 		.ascii	"chearly.h\000"
 2045      726C792E 
 2045      6800
ARM GAS  /tmp/ccD8856j.s 			page 42


 2046              	.LASF147:
 2047 008f 63687472 		.ascii	"chtrace.h\000"
 2047      6163652E 
 2047      6800
 2048              	.LASF134:
 2049 0099 2E2E2F2E 		.ascii	"../../chibios_trunk/os/rt/src\000"
 2049      2E2F6368 
 2049      6962696F 
 2049      735F7472 
 2049      756E6B2F 
 2050              	.LASF131:
 2051 00b7 2E2E2F2E 		.ascii	"../../chibios_trunk/os/common/ports/ARM-common\000"
 2051      2E2F6368 
 2051      6962696F 
 2051      735F7472 
 2051      756E6B2F 
 2052              	.LASF137:
 2053 00e6 2E2E2F2E 		.ascii	"../../chibios_trunk/os/rt/src/chrfcu.c\000"
 2053      2E2F6368 
 2053      6962696F 
 2053      735F7472 
 2053      756E6B2F 
 2054              	.LASF138:
 2055 010d 5F646566 		.ascii	"_default_types.h\000"
 2055      61756C74 
 2055      5F747970 
 2055      65732E68 
 2055      00
 2056              	.LASF148:
 2057 011e 6368636F 		.ascii	"chcore.h\000"
 2057      72652E68 
 2057      00
 2058              	.LASF136:
 2059 0127 2F686F6D 		.ascii	"/home/rob/Projects/ChibiStudio/ChibiStudio_23/tools"
 2059      652F726F 
 2059      622F5072 
 2059      6F6A6563 
 2059      74732F43 
 2060 015a 2F474E55 		.ascii	"/GNU Tools ARM Embedded/11.3.1 2022q3/arm-none-eabi"
 2060      20546F6F 
 2060      6C732041 
 2060      524D2045 
 2060      6D626564 
 2061 018d 2F696E63 		.ascii	"/include/sys\000"
 2061      6C756465 
 2061      2F737973 
 2061      00
 2062              	.LASF142:
 2063 019a 63686F62 		.ascii	"chobjects.h\000"
 2063      6A656374 
 2063      732E6800 
 2064              	.LASF143:
 2065 01a6 63687266 		.ascii	"chrfcu.h\000"
 2065      63752E68 
 2065      00
 2066              	.LASF150:
 2067 01af 63686D74 		.ascii	"chmtx.h\000"
ARM GAS  /tmp/ccD8856j.s 			page 43


 2067      782E6800 
 2068              	.LASF151:
 2069 01b7 63687266 		.ascii	"chrfcu.c\000"
 2069      63752E63 
 2069      00
 2070              	.LASF135:
 2071 01c0 2F686F6D 		.ascii	"/home/rob/Projects/ChibiStudio/ChibiStudio_23/tools"
 2071      652F726F 
 2071      622F5072 
 2071      6F6A6563 
 2071      74732F43 
 2072 01f3 2F474E55 		.ascii	"/GNU Tools ARM Embedded/11.3.1 2022q3/arm-none-eabi"
 2072      20546F6F 
 2072      6C732041 
 2072      524D2045 
 2072      6D626564 
 2073 0226 2F696E63 		.ascii	"/include/machine\000"
 2073      6C756465 
 2073      2F6D6163 
 2073      68696E65 
 2073      00
 2074              	.LASF130:
 2075 0237 2F686F6D 		.ascii	"/home/rob/Projects/ChibiStudio/ChibiStudio_23/works"
 2075      652F726F 
 2075      622F5072 
 2075      6F6A6563 
 2075      74732F43 
 2076 026a 70616365 		.ascii	"pace_trunk/STM32_GPIB_firmware/\000"
 2076      5F747275 
 2076      6E6B2F53 
 2076      544D3332 
 2076      5F475049 
 2077              	.LASF140:
 2078 028a 63687479 		.ascii	"chtypes.h\000"
 2078      7065732E 
 2078      6800
 2079              		.text
 2080              		.section	.gnu.lto_.profile.eeeb99fc5fd42992,"e",%progbits
 2081 0000 789C6362 		.ascii	"x\234cb\000\001\000\000\022\000\003"
 2081      00010000 
 2081      120003
 2082              		.text
 2083              		.section	.gnu.lto_.icf.eeeb99fc5fd42992,"e",%progbits
 2084 0000 789C5360 		.ascii	"x\234S`@\000&\206\306\317S\347\261\2630101\202\361\254"
 2084      40002686 
 2084      C6CF53E7 
 2084      B1B33031 
 2084      303182F1 
 2085 0015 9DDF2EF3 		.ascii	"\235\337.\363\302\271\014\000~\004\006\030"
 2085      C2B90C00 
 2085      7E040618 
 2086              		.text
 2087              		.section	.gnu.lto_.ipa_sra.eeeb99fc5fd42992,"e",%progbits
 2088 0000 789C1360 		.ascii	"x\234\023`@\000&\006F\020\305\310\004\246\230\031\000"
 2088      40002606 
 2088      4610C5C8 
 2088      04A69819 
ARM GAS  /tmp/ccD8856j.s 			page 44


 2088      00
 2089 0011 0230001B 		.ascii	"\0020\000\033"
 2090              		.text
 2091              		.section	.gnu.lto_.inline.eeeb99fc5fd42992,"e",%progbits
 2092 0000 789CF360 		.ascii	"x\234\363`@\000&\006\006\266\206\206\206\003L\251\214"
 2092      40002606 
 2092      06B68686 
 2092      86034CA9 
 2092      8C
 2093 0011 0C4C2056 		.ascii	"\014L V\003s\012D\250\201)\205\011$\015R\303\001R\302"
 2093      03730A44 
 2093      A8812985 
 2093      09240D52 
 2093      C30152C2 
 2094 0025 0C52C205 		.ascii	"\014R\302\005Q\214\256\204\001\000lm\017\256"
 2094      518CAE84 
 2094      01006C6D 
 2094      0FAE
 2095              		.text
 2096              		.section	.gnu.lto_.jmpfuncs.eeeb99fc5fd42992,"e",%progbits
 2097 0000 789C1360 		.ascii	"x\234\023`@\000&\006FF\306z&&&\010\305\000\000\011\346"
 2097      40002606 
 2097      4646C67A 
 2097      26262608 
 2097      C5000009 
 2098 0015 0121     		.ascii	"\001!"
 2099              		.text
 2100              		.section	.gnu.lto_.pureconst.eeeb99fc5fd42992,"e",%progbits
 2101 0000 789C6367 		.ascii	"x\234cg```b\230\301\3024\203\005\000\004\250\001D"
 2101      60606062 
 2101      98C1C234 
 2101      83050004 
 2101      A80144
 2102              		.text
 2103              		.section	.gnu.lto_.ipa_modref.eeeb99fc5fd42992,"e",%progbits
 2104 0000 789CB361 		.ascii	"x\234\263a@\000&\006\006\005\001\001\006F&f fbD\345"
 2104      40002606 
 2104      06050101 
 2104      06462666 
 2104      20666244 
 2105 0015 0065F148 		.ascii	"\000e\361H2\000\000:x\001q"
 2105      3200003A 
 2105      780171
 2106              		.text
 2107              		.section	.gnu.lto_.lto.eeeb99fc5fd42992,"e",%progbits
 2108 0000 0B000300 		.ascii	"\013\000\003\000\001\000\000\000"
 2108      01000000 
 2109              		.text
 2110              		.section	.gnu.lto_chRFCUCollectFaultsI.336.eeeb99fc5fd42992,"e",%progbits
 2111 0000 789C5550 		.ascii	"x\234UP\315+\204A\034\376=3\357.\222\013\311U9(e\247"
 2111      CD2B8441 
 2111      1CFE3D33 
 2111      EF2E920B 
 2111      C9553928 
 2112 0016 766B7113 		.ascii	"vkq\023E\016J\255\373\266\373zem\353e\336\3356\207\265"
 2112      450E4AAD 
 2112      FBB6FB7A 
ARM GAS  /tmp/ccD8856j.s 			page 45


 2112      656DEB65 
 2112      DEDD3687 
 2113 002b 8383DA92 		.ascii	"\203\203\332\222\210$E\234\034\224\253\217\360\346\353"
 2113      8824459C 
 2113      1C94AB8F 
 2113      F0E6EB
 2114 003a 4AFE0229 		.ascii	"J\376\002)\007\344\342BQk\336\365=\315o~\363<3\317<"
 2114      07E4E242 
 2114      516BDEF5 
 2114      3DCD6F7E 
 2114      F33C33CF 
 2115 004f 4FD304A2 		.ascii	"O\323\004\242%\"j\320\005NX\230/0RJ\265\2271L\316\027"
 2115      25226AD0 
 2115      054E5898 
 2115      2F30524A 
 2115      B597314C 
 2116 0065 2A708012 		.ascii	"*p\200\022\002\345\031\362\330\340B\303\327\363G\367"
 2116      02E519F2 
 2116      D8E042C3 
 2116      D7F347F7 
 2117 0075 126ACBC5 		.ascii	"\022j\313\305\003Q\236J\303\007\177\015\014\275\326"
 2117      03519E4A 
 2117      C3077F0D 
 2117      0CBDD6
 2118 0084 A2DE87F2 		.ascii	"\242\336\207\362\011jv\225\272\272\334U\252\202r\373"
 2118      096A7695 
 2118      BABADC55 
 2118      AA8272FB 
 2119 0094 C8EF6157 		.ascii	"\310\357aW[1Lc\263\232\250\362S\247\031\332\271\366"
 2119      5B314C63 
 2119      B39AA8F2 
 2119      53A719DA 
 2119      B9F6
 2120 00a6 B9EABD38 		.ascii	"\271\352\2758\247\324\323\035f\033\374 \306\230.\003"
 2120      A7D4D31D 
 2120      661BFC20 
 2120      C6982E03 
 2121 00b6 D8D7E76B 		.ascii	"\330\327\347k\334\213\243\014(\227h\235\263O0\251\301"
 2121      DC8BA30C 
 2121      2897689D 
 2121      B34F30A9 
 2121      C1
 2122 00c7 0B53B7C5 		.ascii	"\013S\267\305*zcSG\367u\034\332z\034:F\001l<\253\373"
 2122      2A7A6353 
 2122      47F7751C 
 2122      DA7A1C3A 
 2122      46016C3C 
 2123 00dd 36287384 		.ascii	"6(s\204C\217\012\223s\2141\2420\345\\\330\332\363\215"
 2123      438F0A93 
 2123      738C31A2 
 2123      30E55CD8 
 2123      DAF38D
 2124 00f0 4D2FCE80 		.ascii	"M/\316\2003\016nx\017<\027\360_x\362#<\375\022\236y"
 2124      330E6E78 
 2124      0F3C17F0 
 2124      5F78F223 
 2124      3CFD129E 
ARM GAS  /tmp/ccD8856j.s 			page 46


 2125 0105 42CE4AAE 		.ascii	"B\316J\256+\027\360\372\3462\250\310\246nV\273J?\260"
 2125      2B17F0FA 
 2125      E632A8C8 
 2125      A66E56BB 
 2125      4A3FB0
 2126 0118 C6F19B94 		.ascii	"\306\361\233\224(\"\206\354\224%\244\035\027}\322\036"
 2126      282286EC 
 2126      9425A41D 
 2126      177DD21E 
 2127 0128 B6CCB423 		.ascii	"\266\314\264#:\207\022\361D$\235\031H\330\177\367\321"
 2127      3A8712F1 
 2127      44249D19 
 2127      48D87FF7 
 2127      D1
 2128 0139 6048646D 		.ascii	"`Hdm\231tFc\246\025M\313\314HRD\372{C\301hw_OGt0!S\331"
 2128      99744663 
 2128      A6154DCB 
 2128      CC485244 
 2128      FA7B43C1 
 2129 0157 98B40435 		.ascii	"\230\264\0045\006\002BO\323\223\332\316\327M\333\021"
 2129      0602424F 
 2129      D393DACE 
 2129      D74DDB11 
 2130 0167 322D1C69 		.ascii	"2-\034ij^\016\232\231\200IF*\346$\253\277a\240\305\012"
 2130      6A5E0E9A 
 2130      99804946 
 2130      2AE624AB 
 2130      BF61A0C5 
 2131 017c 06075ADB 		.ascii	"\006\007Z\333\342\364\001\363e\215\214"
 2131      E2F401F3 
 2131      658D8C
 2132              		.text
 2133              		.section	.gnu.lto_chRFCUGetAndClearFaultsI.337.eeeb99fc5fd42992,"e",%progbits
 2134 0000 789C5D50 		.ascii	"x\234]PMh\023Q\020\236\357\275l\214\210\202\261\036"
 2134      4D681351 
 2134      109EEFBD 
 2134      6C8C8882 
 2134      B11E
 2135 0012 040F3DE9 		.ascii	"\004\017=\351A\232\205\324\337\233\350A=\010\205\350"
 2135      419A85D4 
 2135      DF9BE841 
 2135      3D0885E8 
 2136 0022 3924DB94 		.ascii	"9$\333\224\306\020\267\356&\344\020\352\276$\224\300"
 2136      C610B7EE 
 2136      26E410EA 
 2136      BE2494C0 
 2137 0032 1ED47A10 		.ascii	"\036\324z\020i\301\237[D\301\203\202\245\3244\265\264"
 2137      69C19F5B 
 2137      44C18382 
 2137      A5D434B5 
 2137      B4
 2138 0043 A25E54D0 		.ascii	"\242^T\320\213z\321\213(\322\342\305b\2048o\023k\025"
 2138      8B7AD18B 
 2138      28D2E2C5 
 2138      6284386F 
 2138      136B15
 2139 0056 DEBC7933 		.ascii	"\336\274y3\363\3157\357\233\317 \232&\242=l\220\204"
ARM GAS  /tmp/ccD8856j.s 			page 47


 2139      F3CD37EF 
 2139      9BCF209A 
 2139      26A23D6C 
 2139      9084
 2140 0068 AB93BE20 		.ascii	"\253\223\276 \245\324\321M\002\225I\177e\372a\010\363"
 2140      A5D4D14D 
 2140      0295497F 
 2140      65FA6108 
 2140      F3
 2141 0079 0812204F 		.ascii	"\010\022 O\300\303mi \274\003!\276w\242\337l)\265\266"
 2141      C0C36D69 
 2141      20BC0321 
 2141      BE77A2DF 
 2141      6C29B5B6 
 2142 008d F475F5C1 		.ascii	"\364u\365\301\376\205\332\304I\217\306g\360\210)\211"
 2142      FE85DAC4 
 2142      498FC667 
 2142      F0882989 
 2143 009d 0C442ED2 		.ascii	"\014D.\322\000W_~\231Qj3y\263\350\325\004\325\360s{"
 2143      00575F7E 
 2143      99516A33 
 2143      79B3E8D5 
 2143      04D5F073 
 2144 00b2 80B806BE 		.ascii	"\200\270\006\276\3671h\365\356\242\277\355J%R\236\303"
 2144      F73168F5 
 2144      EEA2BFED 
 2144      4A25529E 
 2144      C3
 2145 00c3 3A430D97 		.ascii	":C\015\227\242\214\231Z\3074>\3255\306kn\304LD\267\320"
 2145      A28C995A 
 2145      C7343ED5 
 2145      35C66B6E 
 2145      C44C44B7 
 2146 00d8 3C1E83C6 		.ascii	"<\036\203\306\265\002>h\342\376k\243\245~u.+\325\331"
 2146      B5023E68 
 2146      E2FE6BA3 
 2146      A57E752E 
 2146      2BD5D9
 2147 00eb B5F67E25 		.ascii	"\265\366~%\022\001\011)\330$\233\001\314\"L\014#\272"
 2147      12010929 
 2147      D8249B01 
 2147      CC224C0C 
 2147      23BA
 2148 00fd 21B55615 		.ascii	"!\265V\025\202j\021\335\224\242\033T8\370!\324\307W"
 2148      826A11DD 
 2148      94A21B54 
 2148      38F821D4 
 2148      C757
 2149 010f CB08FCDB 		.ascii	"\313\010\374\3330\273\352\255\263\230\003\213.\353\377"
 2149      30BBEAAD 
 2149      B398038B 
 2149      2EEBFF
 2150 011e F810E512 		.ascii	"\370\020\345\022\373{\240\342\023,\200|T\225j\354./"
 2150      FB7BA0E2 
 2150      132C807C 
 2150      54956AEC 
 2150      2E2F
ARM GAS  /tmp/ccD8856j.s 			page 48


 2151 0130 A2DBFB8E 		.ascii	"\242\333\373\216{\333\242\332\274\323'\361/|I\303\015"
 2151      7BDBA2DA 
 2151      BCD327F1 
 2151      2F7C49C3 
 2151      0D
 2152 0141 1CE4518D 		.ascii	"\034\344Q\215\255\3562.\020\005\357>\357)l\326\320\026"
 2152      ADEE322E 
 2152      1005EF3E 
 2152      EF296CD6 
 2152      D016
 2153 0153 B5EBF501 		.ascii	"\265\353\365\001\031\226\220\206\236\333\317?\225\341"
 2153      19969086 
 2153      9EDBCF3F 
 2153      95E1
 2154 0161 80F44397 		.ascii	"\200\364C\227t\252\376\215\345p.\200\276aY\214\025\272"
 2154      74AAFE8D 
 2154      E5702E80 
 2154      BE61598C 
 2154      15BA
 2155 0173 F2DDFF6F 		.ascii	"\362\335\377o\330\263\3360r\237\007\203\310{\241\207"
 2155      D8B3DE30 
 2155      729F0783 
 2155      C87BA187 
 2156 0183 F022345F 		.ascii	"\360\"4_\233\371:\254\354\000s\221\336\006\376n\203"
 2156      9BF93AAC 
 2156      EC007391 
 2156      DE06FE6E 
 2156      83
 2157 0194 28618EDA 		.ascii	"(a\216\332\371\214\351\330is\310\261\317e\254\202k\036"
 2157      F98CE9D8 
 2157      6973C8B1 
 2157      CF65AC82 
 2157      6B1E
 2158 01a6 1FCDA6B3 		.ascii	"\037\315\246\263\211Bq8ko|'\343\203f\311vr\356X\312"
 2158      89427138 
 2158      6B6F7C27 
 2158      E38366C9 
 2158      7672EE58 
 2159 01bb CA240B4E 		.ascii	"\312$\013N\361|\316L\2349=\030O\236\030:u,9\222u\362"
 2159      F17CCE4C 
 2159      9C393D18 
 2159      4F9E183A 
 2159      752C3992 
 2160 01d1 A5949331 		.ascii	"\245\224\2231io,f\362\261t\253\355\366\220\266k:\005"
 2160      696F2C66 
 2160      F2B174AB 
 2160      EDF690B6 
 2160      6B3A05
 2161 01e4 D3752CCE 		.ascii	"\323u,\316;#V1fQ(\237rs\321?a\354P&\036\037>|$M\322"
 2161      3B235631 
 2161      6651289F 
 2161      7273D13F 
 2161      61EC5026 
 2162 01ff CE8E21FF 		.ascii	"\316\216!\377\033\026\301\320\365"
 2162      1B16C1D0 
 2162      F5
 2163              		.text
ARM GAS  /tmp/ccD8856j.s 			page 49


 2164              		.section	.gnu.lto_.symbol_nodes.eeeb99fc5fd42992,"e",%progbits
 2165 0000 789CB361 		.ascii	"x\234\263a\000\002\246\013L\365,\015@\300\3028\341\034"
 2165      0002A60B 
 2165      4CF52C0D 
 2165      40C0C238 
 2165      E11C
 2166 0012 03433D03 		.ascii	"\003C=\003\303\256\206FF\240\004\353%&V\005\220\202"
 2166      C3AE8646 
 2166      46A004EB 
 2166      25265605 
 2166      9082
 2167 0024 8B4CF56C 		.ascii	"\213L\365l\330\0240\000\000\360\032\017("
 2167      D8143000 
 2167      00F01A0F 
 2167      28
 2168              		.text
 2169              		.section	.gnu.lto_.refs.eeeb99fc5fd42992,"e",%progbits
 2170 0000 789C1365 		.ascii	"x\234\023e```b``db`dda`\002R\254@\0267\003\003\000\003"
 2170      60606062 
 2170      60606462 
 2170      60646461 
 2170      600252AC 
 2171 001b 540038   		.ascii	"T\0008"
 2172              		.text
 2173              		.section	.gnu.lto_.decls.eeeb99fc5fd42992,"e",%progbits
 2174 0000 789C8D59 		.ascii	"x\234\215YyPT\327\232\277g\241\373\262\211h\234`j\336"
 2174      795054D7 
 2174      9ABF67A1 
 2174      FBB28968 
 2174      9C606ADE 
 2175 0014 4CA62A33 		.ascii	"L\246*31\274\211D\263\275W3U\223<\253\222zU\223\231"
 2175      31BC8944 
 2175      B3BD5733 
 2175      55933CAB 
 2175      927A5593 
 2176 0029 37C9BCF9 		.ascii	"7\311\274\371\267\247m\256\322/@\367\353\276\270\314"
 2176      B7A76DAE 
 2176      D22F40F7 
 2176      EBBEB8CC 
 2177 0039 4CD5DC06 		.ascii	"L\325\334\006\204F\005\033\024\005EE\020\321\270u\242"
 2177      8446051B 
 2177      14054545 
 2177      10D1B875 
 2177      A2
 2178 004a 44706D69 		.ascii	"Dpmi\024p\301\335\250@D\005dQ@A\203`p\276s\317\355\246"
 2178      1470C1DD 
 2178      A8404405 
 2178      64514041 
 2178      836070BE 
 2179 0062 6F13A7EC 		.ascii	"o\023\247\354\342\334\355\333~\337r\276s\356%\357\015"
 2179      E2DCEDDB 
 2179      7EDF72BE 
 2179      73EE25EF 
 2179      0D
 2180 0073 41F8D420 		.ascii	"A\370\324 \010\212 \010/\340G\340|\005\206\021F-\214"
 2180      088A2008 
 2180      2FE047E0 
ARM GAS  /tmp/ccD8856j.s 			page 50


 2180      7C058611 
 2180      462D8C
 2181 0086 182C08E7 		.ascii	"\030,\010\347\221 \304\302y&\214Y0f\303x\233\012B\244"
 2181      9120C4C2 
 2181      79268C59 
 2181      3066C378 
 2181      9B0A42A4 
 2182 009a C09F31FA 		.ascii	"\300\2371\372\333p\375\206Fg\274\227\340\231\010\347"
 2182      DB70FD86 
 2182      4667BC97 
 2182      E09908E7 
 2183 00aa 0B707E5F 		.ascii	"\013p~_\343e|L\226\3611\376_\3425\314D\3240\013\275"
 2183      E3657C4C 
 2183      96F131FE 
 2183      5FE235CC 
 2183      44D4300B 
 2184 00bf 49F1FA9F 		.ascii	"I\361\372\237\012\347\306\373\024eH)\257\247sj\321!"
 2184      0AE7C6FB 
 2184      14654829 
 2184      AFA7736A 
 2184      D121
 2185 00d1 A0D6710E 		.ascii	"\240\326q\016\017\202\203{:\360\371\024\004\222p'\302"
 2185      0F82837B 
 2185      3AF0F914 
 2185      04927027 
 2185      C2
 2186 00e2 50D81305 		.ascii	"P\330\023\005\236\304\011\342L\341CE\375\325\377\225"
 2186      9EC409E2 
 2186      4CE14345 
 2186      FDD5FF95 
 2187 00f2 500F52F0 		.ascii	"P\017R\360[\020Cq\353\212o\013P\002\247\370\370\343"
 2187      5B104371 
 2187      EB8A6F0B 
 2187      5002A7F8 
 2187      F8E3
 2188 0104 06E46717 		.ascii	"\006\344g\027\342\177\010\024\367\327\025\015\305\350"
 2188      E27F0814 
 2188      F7D7150D 
 2188      C5E8
 2189 0112 C8A79046 		.ascii	"\310\247\220F\247xB\251i\022\203\210N#\016\251\221A"
 2189      A77842A9 
 2189      69128388 
 2189      4E230EA9 
 2189      9141
 2190 0124 9A85A683 		.ascii	"\232\205\246\203},&\013\206\267\021\004\021\216\202"
 2190      7D2C260B 
 2190      86B71104 
 2190      118E82
 2191 0133 68059987 		.ascii	"h\005\231\207\305\3176\2218\220y\240\3702#\204&\324"
 2191      C5CF3691 
 2191      389079A0 
 2191      F8322384 
 2191      26D4
 2192 0145 8C200C6F 		.ascii	"\214 \014o\373\3219t\026\211\016A\374\037\006\376\005"
 2192      FBD13974 
 2192      16890E41 
 2192      FC1F06FE 
ARM GAS  /tmp/ccD8856j.s 			page 51


 2192      05
 2193 0156 709E2954 		.ascii	"p\236)TN\032\343\024\246\335\227\0359\223+\277\214\204"
 2193      4E1AE314 
 2193      A6DD971D 
 2193      39932BBF 
 2193      8C84
 2194 0168 799710F3 		.ascii	"y\227\020\363S\020\263\220`\230\203X\216\342\340,\210"
 2194      5310B390 
 2194      60988358 
 2194      8EE2E02C 
 2194      88
 2195 0179 6E0452EB 		.ascii	"n\004R\353N\216\337\213\214\363iR\202*\365\003\232\343"
 2195      4E8EDF8B 
 2195      8CF36952 
 2195      822AF503 
 2195      9AE3
 2196 018b 47D7D135 		.ascii	"G\327\3215$\0261\226}\375w;\242\302Xn\006X\3008\001"
 2196      24163196 
 2196      7DFD773B 
 2196      A2C2586E 
 2196      0658C038 
 2197 01a0 F509E226 		.ascii	"\365\011\342&`5\364\326\214o\303\177\203P\034\214LE"
 2197      6035F4D6 
 2197      8C6FC37F 
 2197      83501C8C 
 2197      4C45
 2198 01b2 790EB6FE 		.ascii	"y\016\266\376\3516\342\242Y\232\250p\033\011\035\350"
 2198      E936E2A2 
 2198      599AA870 
 2198      1B091DE8 
 2199 01c2 47846F33 		.ascii	"G\204o3\\L8B\254d\302\307F*\352bC\204Q\027\223\354Q"
 2199      5C4C3842 
 2199      AC64C2C7 
 2199      462AEA62 
 2199      43845117 
 2200 01d9 7626081F 		.ascii	"v&\010\037\316\027\204.$t\243N\204\273\220\270\213\261"
 2200      CE17842E 
 2200      2474A34E 
 2200      84BB90B8 
 2200      8BB1
 2201 01eb 1FD9BEA2 		.ascii	"\037\331\276\242u\332$\373?\366r\356\022\316\335\213"
 2201      75DA24FB 
 2201      3FF672EE 
 2201      12CEDD8B 
 2202 01fb 843ED483 		.ascii	"\204>\324\203p/C\250\246\025\211\373\300i/\214\032\030"
 2202      702F43A8 
 2202      A61589FB 
 2202      C0692F8C 
 2202      1A18
 2203 020d 75AAC5CE 		.ascii	"u\252\305\316\232B\232\230\230\000\202\243\343g\257"
 2203      9A429A98 
 2203      980082A3 
 2203      E367AF
 2204 021c 76FEC3DD 		.ascii	"v\376\303\335\334\\\305\343\"\275\302 \032\326\3223"
 2204      DC5CC5E3 
 2204      22BDC220 
 2204      1AD6D233 
ARM GAS  /tmp/ccD8856j.s 			page 52


 2205 022c 0FCA1809 		.ascii	"\017\312\030\011\300\341\355_\221\253L\317\216\351\025"
 2205      C0E1ED5F 
 2205      91AB4CCF 
 2205      8EE915
 2206 023b 864289EF 		.ascii	"\206B\211\357\013\020\362l\3106\025\256\240\343\360"
 2206      0B10F26C 
 2206      C83615AE 
 2206      A0E3F0
 2207 024a 6C18D2FD 		.ascii	"l\030\322\375\030=RK\3428\026D?\2143\030\254\355\354"
 2207      183D524B 
 2207      E2381644 
 2207      3F8C3318 
 2207      ACEDEC
 2208 025d D9DE4543 		.ascii	"\331\336EC\374\373\353Q\216\270\336E\030\344\247h\024"
 2208      FCFBEB51 
 2208      8EB8DE45 
 2208      18E4A768 
 2208      14
 2209 026e 09CFD04F 		.ascii	"\011\317\320O\010\217\"\212\033V\334:\240\346\245\307"
 2209      088F228A 
 2209      1B56DC3A 
 2209      A0E6A5C7 
 2210 027e 174EA7B8 		.ascii	"\027N\247\270\256\252,;*XHc\032\230q\030\224\256u\025"
 2210      AEAA2C3B 
 2210      2A584863 
 2210      1A987118 
 2210      94AE7515 
 2211 0292 D5E28444 		.ascii	"\325\342\204D\265\016\030(N{\016\240~f\220\230#\267"
 2211      B50E1828 
 2211      4E7B0EA0 
 2211      7E669098 
 2211      23B7
 2212 02a4 B823E3E8 		.ascii	"\270#\343\350\011z\036\352\210x\001\240^\001\250\364"
 2212      097A1EEA 
 2212      887801A0 
 2212      5E01A8F4 
 2213 02b4 CA99960B 		.ascii	"\312\231\226\013D\215\213\2679\300\374\002\271\260\336"
 2213      448D8BB7 
 2213      39C0FC02 
 2213      B9B0DE
 2214 02c3 EB50032E 		.ascii	"\353P\003.\354G\012f>\337\000%m0\245\214j\251\031\341"
 2214      EC470A66 
 2214      3EDF0025 
 2214      6D30A58C 
 2214      6AA919E1 
 2215 02d7 CC26C332 		.ascii	"\314&\3032\261\003\263r\356\033\273h\010\026)\227\315"
 2215      B103B372 
 2215      EE1BBB68 
 2215      08162997 
 2215      CD
 2216 02e8 C1463F5A 		.ascii	"\301F?Z\201\263\261\330\015\242\275\214-;\267\264\031"
 2216      81B3B1D8 
 2216      0DA2BD8C 
 2216      2D3BB7B4 
 2216      19
 2217 02f9 EBA6511E 		.ascii	"\353\246Q\036^\211\3714\033V\031\236l}\032\241cX\025"
 2217      5E89F934 
ARM GAS  /tmp/ccD8856j.s 			page 53


 2217      1B56199E 
 2217      6C7D1AA1 
 2217      635815
 2218 030c 60A0B8B1 		.ascii	"`\240\270\261wGot0<\2535\324\371\200\216\032v\334\360"
 2218      77476F74 
 2218      303CAB35 
 2218      D4F9808E 
 2218      1A76DCF0 
 2219 0320 B64F4B4C 		.ascii	"\266OKLHd\256\355\341\256\345c7^\203_\236\3205\240\267"
 2219      4864AEED 
 2219      E1AEE563 
 2219      375E835F 
 2219      9ED035A0 
 2220 0335 007B9873 		.ascii	"\000{\230s\014xm\325\232iP#\2718+T\012jD|\016\360_\300"
 2220      0C786DD5 
 2220      9A695023 
 2220      B9382B54 
 2220      0A6A447C 
 2221 034d C82160A8 		.ascii	"\310!`\250lU\311\277r;CkN\251\022\371x-.\376\177\354"
 2221      6C55C9BF 
 2221      723B436B 
 2221      4EA912F9 
 2221      782D2EFE 
 2222 0363 14839D75 		.ascii	"\024\203\235ux=\326\262\264)PnE\241R`\207\306\014\336"
 2222      783DD6B2 
 2222      B429506E 
 2222      45A15260 
 2222      87C60CDE 
 2223 0377 FE611DD4 		.ascii	"\376a\035\324\355\354\304D5\317\255]\177n\362A*GPi\230"
 2223      EDECC444 
 2223      35CFAD5D 
 2223      7F6EF241 
 2223      2A475069 
 2224 038c 7AEF6895 		.ascii	"z\357h\225\302\224\014\243\001\240q3\277d\272\024L\227"
 2224      C2940CA3 
 2224      01A07133 
 2224      BF64BA14 
 2224      4C97
 2225 039e E14D7823 		.ascii	"\341Mx#\336\200K4G\275g8\000\027\236\230\252\267\216"
 2225      DE804B34 
 2225      47BD6738 
 2225      00179E98 
 2225      AAB78E
 2226 03b1 EB5D8333 		.ascii	"\353]\2033q\270^o\031\247\025\343B=\215N+i\257\255\023"
 2226      71B85E6F 
 2226      19A715E3 
 2226      423D8D4E 
 2226      2B69AFAD 
 2227 03c6 2128ECC7 		.ascii	"!(\354\307\002\363\240\262 _A\365\011]\350\036\332\202"
 2227      02F3A0B2 
 2227      205F41F5 
 2227      095DE81E 
 2227      DA82
 2228 03d8 EF2298B7 		.ascii	"\357\"\230\267\363n\241\255\370\016\232\004\370\000"
 2228      F36EA1AD 
 2228      F80E9A04 
 2228      F800
ARM GAS  /tmp/ccD8856j.s 			page 54


 2229 03e6 F583822D 		.ascii	"\365\203\202-\000p\033\336\214\313q%\256\010db\254\312"
 2229      00701BDE 
 2229      8CCB7125 
 2229      AE086462 
 2229      ACCA
 2230 03f8 BE2DA695 		.ascii	"\276-\246\225\021C\3201\275c\225\005\005L\357m\324\016"
 2230      1143D031 
 2230      BD639505 
 2230      054CEF6D 
 2230      D40E
 2231 040a 7ADB502B 		.ascii	"z\333P+\322\024\177\250F\266\307\237\343\373]L/\272"
 2231      D2147FA8 
 2231      46B6C79F 
 2231      E3FB5D4C 
 2231      2FBA
 2232 041c 0FC43B41 		.ascii	"\017\304;A\243\274\244\237UE@,K\361C\240q\354lp\265"
 2232      A3BCA49F 
 2232      5545402C 
 2232      4BF143A0 
 2232      71EC6C70 
 2233 0431 1395052C 		.ascii	"\023\225\005,\2177\320U\264E\237\021<qf\254T\355\373"
 2233      8F37D055 
 2233      B4459F11 
 2233      3C7166AC 
 2233      54EDFB
 2234 0444 21A04FA1 		.ascii	"!\240O\241)\250)\036\355\250\363E\276\316\031\313\361"
 2234      29A8291E 
 2234      EDA8F345 
 2234      BECE19CB 
 2234      F1
 2235 0455 76EC4327 		.ascii	"v\354C'@M\025f\235Z\240Q\303\331\355g#\324\000\005u"
 2235      404D1566 
 2235      9D5AA051 
 2235      C3D9ED67 
 2235      23D40005 
 2236 046a 1D454780 		.ascii	"\035EG\200\264\003T\355\304\337\340j\274K+\220\241\262"
 2236      B40354ED 
 2236      C4DFE06A 
 2236      BC4B2B90 
 2236      A1B2
 2237 047c 46154E23 		.ascii	"F\025N#:\211v\340\260f5\264\272\272%\366\242BZ\320\005"
 2237      3A8976E0 
 2237      B06635B4 
 2237      BABA25F6 
 2237      A2425AD0 
 2238 0491 20AAABC6 		.ascii	" \252\253\306d\202vV\253\011\252\302\027\201\306\001"
 2238      64827656 
 2238      AB09AAC2 
 2238      1781C601 
 2239 04a1 049DF496 		.ascii	"\004\235\364\226\334\317Q\246g\306\264\2403\241\202"
 2239      DCCF51A6 
 2239      67C6B4A0 
 2239      33A182
 2240 04b0 4D50DE2B 		.ascii	"MP\336+\241\254q\317\271\033\367\242\023\364\340v\343"
 2240      A1AC71CF 
 2240      B91BF7A2 
 2240      13F4E076 
ARM GAS  /tmp/ccD8856j.s 			page 55


 2240      E3
 2241 04c1 30746C71 		.ascii	"0tlqe}7\006\372n\207 \226\022A\334\014\243\212)\330"
 2241      657D3706 
 2241      FA6E8720 
 2241      961241DC 
 2241      0CA38A29 
 2242 04d6 DFD59A11 		.ascii	"\337\325\232\021\326\000\276\0136\200\335\214\243\350"
 2242      D600BE0B 
 2242      3680DD8C 
 2242      A3E8
 2243 04e4 52416574 		.ascii	"RAet|\307/t7\261\006\264\234\002\036qo\373w\347\"\023"
 2243      7CC72F74 
 2243      37B106B4 
 2243      9C021E71 
 2243      6FFB77E7 
 2244 04fa 42C3B41F 		.ascii	"B\303\264\037\357\303\302\367\270\026\220\034\301u\370"
 2244      EFC3C2F7 
 2244      B816901C 
 2244      C175F8
 2245 0509 B05624B5 		.ascii	"\260V$\265G\267l\3122*\220\323\003\370[\240\206\306"
 2245      47B76CCA 
 2245      322A90D3 
 2245      03F85BA0 
 2245      86C6
 2246 051b 89C5626B 		.ascii	"\211\305bk\226Z\344\007\360\241 \221\307\342\016\330"
 2246      965AE407 
 2246      F0A12091 
 2246      C7E20ED8 
 2247 052b 2FC85ACB 		.ascii	"/\310Z\313\"\\\203\017\206JB\243\034g8\233\217\025\367"
 2247      225C830F 
 2247      864A42A3 
 2247      1C67389B 
 2247      8F15F7
 2248 053e 4625E801 		.ascii	"F%\350\001\034\325\003\200\030\374\006\3069\266\300"
 2248      1CD50380 
 2248      18FC06C6 
 2248      39B6C0
 2249 054d 77507125 		.ascii	"wPq%eO\232\330\001\326\343b*\210[((zvx\303yC\330\002"
 2249      654F9AD8 
 2249      01D6E362 
 2249      2A885B28 
 2249      287A7678 
 2250 0566 7B0A07D6 		.ascii	"{\012\007\326\340\035\300\266\217\261u\016\357\031\211"
 2250      E01DC0B6 
 2250      8FB1750E 
 2250      EF1989
 2251 0575 D3F5BC26 		.ascii	"\323\365\274&\334\034\350yW\307\012\007\015\301\236"
 2251      DC1CE879 
 2251      57C70A07 
 2251      0DC19E
 2252 0584 D7ACA185 		.ascii	"\327\254\241\205uG\020\017\201\002\037SP?1Z\032\276"
 2252      7547100F 
 2252      81021F53 
 2252      503F315A 
 2252      1ABE
 2253 0596 D69FC393 		.ascii	"\326\237\303\223\013\371{\3429`\275\006\343\026c\277"
 2253      0BF97BE2 
ARM GAS  /tmp/ccD8856j.s 			page 56


 2253      3960BD06 
 2253      E31663BF 
 2254 05a6 3BB2B75A 		.ascii	";\262\267Z\337\204/\341\313Z\023\276\307\030\326\236"
 2254      DF842FE1 
 2254      CB5A13BE 
 2254      C718D69E 
 2255 05b6 C9EB8FD2 		.ascii	"\311\353\217\3221\\\0110P\\\272b\333`\\\020\320U\015"
 2255      315C0930 
 2255      505CBA62 
 2255      DB605C10 
 2255      D0550D
 2256 05c9 D0350668 		.ascii	"\3205\006h\000\204\015\356M\207j\215\011!\011Tg\333"
 2256      00840DEE 
 2256      4D876A8D 
 2256      09210954 
 2256      67DB
 2257 05db 25FC0328 		.ascii	"%\374\003(\270\211ohE>z\375\376\320\267s\374Y,\201\327"
 2257      B8896F68 
 2257      453E7AFD 
 2257      FED0B773 
 2257      FC592C81 
 2258 05f0 F075A086 		.ascii	"\360u\240\206\257\312\005<\201\327\360\305P\"t\033|"
 2258      AFCA053C 
 2258      81D7F0C5 
 2258      5022741B 
 2258      7C
 2259 0601 71647C2C 		.ascii	"qd|,\"A\257\377J\250~\261<B\020wF\000k\303\366\321>"
 2259      2241AFFF 
 2259      4AA87EB1 
 2259      3C421077 
 2259      46006BC3 
 2260 0618 A2F3A40D 		.ascii	"\242\363\244\015\267k\256z\031\303.\357\310Z\243\216"
 2260      B76BAE7A 
 2260      19C32EEF 
 2260      C85AA38E 
 2261 0628 E1C70003 		.ascii	"\341\307\000\003\305\325y\245\243(\350\352m\015E\007"
 2261      C5D579A5 
 2261      A328E8EA 
 2261      6D0D4507 
 2262 0638 5B6F6849 		.ascii	"[ohIU\323\3368\276\222>\253U\224\310\230\016\000z\367"
 2262      55D3DE38 
 2262      BE923EAB 
 2262      5594C898 
 2262      0E007AF7 
 2263 064c E50B691B 		.ascii	"\345\013i\033\020\375\350\016o\026\335\327\373\324\204"
 2263      10FDE80E 
 2263      6F16DDD7 
 2263      FBD484
 2264 065b 87D07F9C 		.ascii	"\207\320\177\234\244C\306\346\210\207\301\205\2230\232"
 2264      A443C6E6 
 2264      8887C185 
 2264      93309A
 2265 066a 605C505D 		.ascii	"`\\P]\351\272\342\321\257\214=\2707\200t\377\232\355"
 2265      E9BAE2D1 
 2265      AF8C3DB8 
 2265      378074FF 
 2265      9AED
ARM GAS  /tmp/ccD8856j.s 			page 57


 2266 067c 23B141A4 		.ascii	"#\261A\244\275\032\214>\226\2246P\320\011\243\217)\361"
 2266      BD1A8C3E 
 2266      96943650 
 2266      D009A38F 
 2266      29F1
 2267 068e 3496F647 		.ascii	"4\226\366G\204\257\240\017\261\272\204\342\247\273W"
 2267      84AFA00F 
 2267      B1BA84E2 
 2267      A7BB57
 2268 069d BF1EA40D 		.ascii	"\277\036\244\015h:\006\231\216\237A>\307 \320\031n\267"
 2268      683A0699 
 2268      8E9F413E 
 2268      C720D019 
 2268      6EB7
 2269 06af 328335B1 		.ascii	"2\2035\261\331Z'\033=\374\330S\374\267\015j\032sq?~"
 2269      D95A271B 
 2269      3DFCD853 
 2269      FCB70D6A 
 2269      1A73713F 
 2270 06c4 1ADEB1F3 		.ascii	"\032\336\261\363\233\213\246\251\033\257\"=\2159?Q]"
 2270      9B8BA6A9 
 2270      1BAF223D 
 2270      8D393F51 
 2270      5D
 2271 06d5 C417DCA1 		.ascii	"\304\027\334\241)4\357`\256\232\375\\\374h\252\\\310"
 2271      2934EF60 
 2271      AE9AFD5C 
 2271      FC68AA5C 
 2271      C8
 2272 06e6 EEE42904 		.ascii	"\356\344)\004\340\011\036\301\303x\014?\306\243\370"
 2272      E0091EC1 
 2272      C3780C3F 
 2272      C6A3F8
 2273 06f5 27FC2CD0 		.ascii	"'\374,\320E\317r\313gp\367\024T\336\303y\252\366>|\177"
 2273      45CF72CB 
 2273      6770F714 
 2273      54DEC379 
 2273      AAF63E7C 
 2274 070a 2AE2D65D 		.ascii	"*\342\326]\252\334y\3345\225V\306u\016\342\007z\232"
 2274      AADC79DC 
 2274      359556C6 
 2274      750EE207 
 2274      7A9A
 2275 071c 78D42018 		.ascii	"x\324 \030~\005;)8@\332 R\270\256m\254N\335\337\007"
 2275      7E053B29 
 2275      3840DA20 
 2275      52B8AE6D 
 2275      AC4EDDDF 
 2276 0731 F78113F8 		.ascii	"\367\201\023\370W\260W\303\317\261\330l\200\2342\246"
 2276      57B057C3 
 2276      CFB1D86C 
 2276      809C32A6 
 2277 0741 35C39B07 		.ascii	"5\303\233\007\343tL.\022`\372\2011\254\275\263\363\236"
 2277      E3744C2E 
 2277      1260FA81 
 2277      31ACBDB3 
 2277      F39E
ARM GAS  /tmp/ccD8856j.s 			page 58


 2278 0753 5E4B5680 		.ascii	"^KV\200\001\252\344M\261\003\354\276\203\376\027\206"
 2278      01AAE44D 
 2278      B103ECBE 
 2278      83FE1786 
 2279 0763 20763381 		.ascii	" v3\201+\307\256m\306L`D\361\225x\014|r\344\221w\374"
 2279      2BC7AE6D 
 2279      C64C6044 
 2279      F195780C 
 2279      7C72E491 
 2280 0779 C84D7209 		.ascii	"\310Mr\011\305\003\017Vo\230\234\275+\011wb\025\274"
 2280      C5030F56 
 2280      6F989CBD 
 2280      2B097762 
 2280      15BC
 2281 078b DC898F0C 		.ascii	"\334\211\217\014\254\362\022\304Q@7\301t\355\371~\365"
 2281      ACF212C4 
 2281      514037C1 
 2281      74EDF97E 
 2281      F5
 2282 079c 76AAABB8 		.ascii	"v\252\253\2705\304C\370\344\3117\002C\271\377H\213~"
 2282      35C443F8 
 2282      E4C93702 
 2282      43B9FF48 
 2282      8B7E
 2283 07ae 76150618 		.ascii	"v\025\006\030(>\321\375\270}r\362\024i\226\3262K\233"
 2283      283ED1FD 
 2283      B87D72F2 
 2283      146996D6 
 2283      324B9B
 2284 07c1 8C825801 		.ascii	"\214\202X\001c\007\214]LQ\336`\377\033:"
 2284      63078C5D 
 2284      4C51DE60 
 2284      FF1B3A
 2285 07d0 3D1B4849 		.ascii	"=\033HI@O\321\216\276#8\250\247D\323S\312\364\324\200"
 2285      404FD18E 
 2285      BE2338A8 
 2285      A744D353 
 2285      CAF4D480 
 2286 07e4 2C3D7EAD 		.ascii	",=~\255b\026\337\351\257\233P\236\275\303[J)YO\312\310"
 2286      6216DFE9 
 2286      AF9B509E 
 2286      BDC35B4A 
 2286      29594FCA 
 2287 07f9 4BEB6623 		.ascii	"K\353f#\020\375h\023{\245\025G\001\304s\030Y\"\030\333"
 2287      10FD6813 
 2287      7BA51547 
 2287      01C47318 
 2287      592218DB 
 2288 080d 74EC81A2 		.ascii	"t\354\201\242o\007[I\271\346r1c\350\376\346\364\003"
 2288      6F075B49 
 2288      B9E67231 
 2288      63E8FEE6 
 2288      F403
 2289 081f FD6BE2B6 		.ascii	"\375k\342\266\000\003\3055'\217\037\232\014n\205f\277"
 2289      0003C535 
 2289      278F1F9A 
 2289      0C6E8566 
ARM GAS  /tmp/ccD8856j.s 			page 59


 2289      BF
 2290 0830 9241DD05 		.ascii	"\222A\335\005\302\342\300\223\346\253Q\211|\363\010"
 2290      C2E2C093 
 2290      E6AB5189 
 2290      7CF308
 2291 083f 0D5039F4 		.ascii	"\015P9\364\026G{\032o'\325$t\221b:\366\371\325m@%\271"
 2291      16477B1A 
 2291      6F27D524 
 2291      7491623A 
 2291      F6F9D56D 
 2292 0856 88ABC35C 		.ascii	"\210\253\303\\\011Y\230\266\202\244\037\355 ;I\025\321"
 2292      095998B6 
 2292      82A41FED 
 2292      203B4915 
 2292      D1
 2293 0867 3698FB79 		.ascii	"6\230\373y\347\254$\327C\005\325\355\314\372\012\327"
 2293      E7AC24D7 
 2293      4305D5ED 
 2293      CCFA0AD7 
 2294 0877 411CB6B4 		.ascii	"A\034\266\264m\323k\020\367\211\202x\220\301\275\334"
 2294      6DD36B10 
 2294      F7898278 
 2294      90C1BDDC 
 2295 0887 B92F87CC 		.ascii	"\271/\207\314\236\262\026\013{\200}\037\331K\366\023"
 2295      9EB2160B 
 2295      7B807D1F 
 2295      D94BF613 
 2296 0897 BE144313 		.ascii	"\276\024C\023PZ\337Z\2470Wn\341o\310\036\022\266q<\307"
 2296      505ADF5A 
 2296      A730576E 
 2296      E16FC81E 
 2296      12B6713C 
 2297 08ac 379CF7F0 		.ascii	"7\234\367\360n\240\205M\3646\276\251\334E\266\000\215"
 2297      6EA0854D 
 2297      F436BEA9 
 2297      DC45B600 
 2297      8D
 2298 08bd EBE753AA 		.ascii	"\353\347S\252\016 \274\3258\264>'6\221\377\022\022\203"
 2298      0E20BCD5 
 2298      38B43E27 
 2298      3691FF12 
 2298      1283
 2299 08cf 3F26D897 		.ascii	"?&\330\227\247)m\305\265\232\322\026\034\320\332\313"
 2299      A7296DC5 
 2299      B59AD216 
 2299      1CD0DACB 
 2300 08df 2D969162 		.ascii	"-\226\221bR\033\022Xmi\331\335\010[!WL6\271\207j\011"
 2300      521B1258 
 2300      6D69D9DD 
 2300      085B2157 
 2300      4C36B987 
 2301 08f5 7BA9ECC4 		.ascii	"{\251\354\304\201\240\2276\2523|\025Y\035\024\\A\002"
 2301      81A09736 
 2301      AA337C15 
 2301      591D145C 
 2301      4102
 2302 0907 053450F5 		.ascii	"\0054P\365%\320n\341u@\343.\366\007\267W\023\034\316"
ARM GAS  /tmp/ccD8856j.s 			page 60


 2302      25D06EE1 
 2302      7540E32E 
 2302      F607B757 
 2302      131CCE
 2303 091a 797C3608 		.ascii	"y|6\010\007^\022\265\335\310P\273\272\373\334C6\203"
 2303      075E12B5 
 2303      DDC850BB 
 2303      BAFBDC43 
 2303      3683
 2304 092c 648893C1 		.ascii	"d\210\223\301\300\372\360\011\014\257B\265\020\331C"
 2304      C0FAF009 
 2304      0CAF42B5 
 2304      10D943
 2305 093b E43B5243 		.ascii	"\344;RC\216\221\343\344 \251'\007\310Ir\224\370\310"
 2305      8E91E3E4 
 2305      20A92707 
 2305      C8497294 
 2305      F8C8
 2306 094d B7A48E7C 		.ascii	"\267\244\216|O\016\223\023\344\210\026\365\241\321]"
 2306      4F0E9313 
 2306      E48816F5 
 2306      A1D15D
 2307 095c 1CCD051C 		.ascii	"\034\315\005\034@\323\202\203\333\304\374\263Z\367k"
 2307      40D38283 
 2307      DBC4FCB3 
 2307      5AF76B
 2308 096b 0CC2F107 		.ascii	"\014\302\361\007\234\364\356\\\245\275\201x\203N\326"
 2308      9CF4EE5C 
 2308      A5BD8178 
 2308      834ED6
 2309 097a 072370B4 		.ascii	"\007#p\264\272(\326\253\220\027x\034O\006\247\211k\035"
 2309      BA28D6AB 
 2309      9017781C 
 2309      4F06A789 
 2309      6B1D
 2310 098c 3FA56A5D 		.ascii	"?\245j]K\012\202\202\371$\240\325\235\033|\241\014%"
 2310      4B0A8282 
 2310      F924A0D5 
 2310      9D1B7CA1 
 2310      0C25
 2311 099e 6A804A77 		.ascii	"j\200Jw\253\242\247q\203\016\220\266[k\347\321{\012"
 2311      ABA2A771 
 2311      830E90B6 
 2311      5B6BE7D1 
 2311      7B0A
 2312 09b0 DBF300B5 		.ascii	"\333\363\000\2653\350\214w?\317W&Q\310$$u\313?\264%"
 2312      33E88C77 
 2312      3FCF5726 
 2312      51C82424 
 2312      75CB3FB4 
 2313 09c5 90AF1C5D 		.ascii	"\220\257\034]\276\324b\037\331\376\264%d\237\240\306"
 2313      BED4621F 
 2313      D9FEB425 
 2313      649FA0C6 
 2314 09d5 78D5ABC7 		.ascii	"x\325\253\307X<\001\023\3414\233\3647\326_)\323O\372"
 2314      583C0113 
 2314      E1349BF4 
ARM GAS  /tmp/ccD8856j.s 			page 61


 2314      37D65F29 
 2314      D34FFA
 2315 09e8 53E4B4D6 		.ascii	"S\344\264\326\025\332\030C\303\301}\263U\272O\2437\006"
 2315      15DA1843 
 2315      C3C17DB3 
 2315      55BA4FA3 
 2315      3706
 2316 09fa E8145F5A 		.ascii	"\350\024_Z\327\256L6\205&\015d\263\332q\301\300S\030"
 2316      D7AE4C36 
 2316      85260D64 
 2316      B3DA71C1 
 2316      C05318
 2317 0a0d 1330B222 		.ascii	"\0230\262\"\201w\343\305\374\361\360\215\334y\242m\344"
 2317      8177E3C5 
 2317      FCF1F08D 
 2317      DC79A26D 
 2317      E4
 2318 0a1e 28BDBC7B 		.ascii	"(\275\274{\370QT\370'\200\263\344\002\230\272\250M\376"
 2318      F85154F8 
 2318      2780B3E4 
 2318      0298BAA8 
 2318      4DFE
 2319 0a30 D1E3DFB8 		.ascii	"\321\343\337\270\016\274\305\027\344\026r\016h\241\313"
 2319      0EBCC517 
 2319      E416720E 
 2319      68A1CB
 2320 0a3f D41166E4 		.ascii	"\324\021f\344\273\232\027\255\341\273\217K\223J\304"
 2320      BB9A17AD 
 2320      E1BB8F4B 
 2320      934AC4
 2321 0a4e FA48C1D0 		.ascii	"\372H\301\320*h\337\223\340B\020\3170\261\301\232\274"
 2321      2A68DF93 
 2321      E04210CF 
 2321      30B1C19A 
 2321      BC
 2322 0a5f BB240CDB 		.ascii	"\273$\014\333u\322*\370\3215r\225\210W#!\026\300G\237"
 2322      75D22AF8 
 2322      D1357295 
 2322      88572321 
 2322      16C0479F 
 2323 0a73 D5FFB481 		.ascii	"\325\377\264\201\203\014\331\236\335$\267@\177\253V"
 2323      830CD99E 
 2323      DD24B740 
 2323      7FAB56
 2324 0a82 BAB5871F 		.ascii	"\272\265\207\037\373\376\315\005jbX\273\270\025\332"
 2324      FBFECD05 
 2324      6A6258BB 
 2324      B815DA
 2325 0a91 2EC41E66 		.ascii	".\304\036f\313W\227\305\333p\210\212\266I\025\354\263"
 2325      CB5797C5 
 2325      DB70888A 
 2325      B64915EC 
 2325      B3
 2326 0aa2 171287C1 		.ascii	"\027\022\207\301\342\030\214\254(A\314\213\002\251\323"
 2326      E2188CAC 
 2326      2841CC8B 
 2326      02A9D3
ARM GAS  /tmp/ccD8856j.s 			page 62


 2327 0ab1 979B1FEB 		.ascii	"\227\233\037\353\323t\227\334\323\322\264\2011\034\350"
 2327      D37497DC 
 2327      D3D2B481 
 2327      311CE8
 2328 0ac0 3BD468D0 		.ascii	";\324h\3201t\006\030(.\336\263\272(&\230\247.-n\335"
 2328      31740618 
 2328      282EDEB3 
 2328      BA282698 
 2328      A72E2D6E 
 2329 0ad5 2C4FD560 		.ascii	",O\325`a/SP\370s\316\345\330\260\030\364\004\363#\356"
 2329      612F5350 
 2329      F873CEE5 
 2329      D8B018F4 
 2329      04F323EE 
 2330 0ae9 68795849 		.ascii	"hyXI\023\265\357N\260\301\255\323\372{/\271O\036N\351"
 2330      13B5EF4E 
 2330      B0C1ADD3 
 2330      FA7B2FB9 
 2330      4F1E4EE9 
 2331 0afd EF2DBCBF 		.ascii	"\357-\274\277wC\233~\250k\323\254\344\317\363\036\336"
 2331      77439B7E 
 2331      A86BD3AC 
 2331      E4CFF31E 
 2331      DE
 2332 0b0e 0DCDFFE1 		.ascii	"\015\315\377\341\313\233\377]P\353G\017H?\351#\252\023"
 2332      CB9BFF5D 
 2332      50EB470F 
 2332      483FE923 
 2332      AA13
 2333 0b20 B71F747A 		.ascii	"\267\037tz\247\205\365\367N=\223x\004\274\271\014\243"
 2333      A785F5F7 
 2333      4E3D9378 
 2333      04BCB90C 
 2333      A3
 2334 0b31 8D79B4B5 		.ascii	"\215y\264\265~\264\333\020\327\241\337/<\012\356\027"
 2334      7EB4DB10 
 2334      D7A1DF2F 
 2334      3C0AEE17 
 2335 0b41 444F71E6 		.ascii	"DOq\346A\302z\257\326\347\217h}~\200\334!OB[\031\003"
 2335      41C27AAF 
 2335      D6E78F68 
 2335      7D7E80DC 
 2335      214F425B 
 2336 0b57 DDCF41DF 		.ascii	"\335\317A\337@\035@\323u]\015Q\202\360#\201\2360\010"
 2336      401D40D3 
 2336      755D0D51 
 2336      82F02381 
 2336      9E3008
 2337 0b6a 643F1A26 		.ascii	"d?\032&#\344)Ct\207\355\241+A\264\304\207\036\223! "
 2337      23E42943 
 2337      7487EDA1 
 2337      2B41B4C4 
 2337      871E9321 
 2338 0b7f 863657B1 		.ascii	"\2066W\261\213\341\354>p\360\277\023\364Z~\322k\021"
 2338      8BE1EC3E 
 2338      70F0BF13 
 2338      F45A7ED2 
ARM GAS  /tmp/ccD8856j.s 			page 63


 2338      6B11
 2339 0b91 C7C12757 		.ascii	"\307\301'W\264 \256\211\206\267\220U\305C\247#C\337"
 2339      B420AE89 
 2339      86B79055 
 2339      C543A723 
 2339      43DF
 2340 0ba3 42D437F7 		.ascii	"B\3247\3671\362\034D~&\023Z!z[v\007W\237\347a\336\014"
 2340      31F21C44 
 2340      7E26135A 
 2340      217A5B76 
 2340      07579FE7 
 2341 0bba DDE22D34 		.ascii	"\335\342-4\037\217\003M\347\215\270\001L\340\263\317"
 2341      1F8F034D 
 2341      E78DB801 
 2341      4CE0B3CF 
 2342 0bca BF3F8AC2 		.ascii	"\277?\212\302>\015\274\0105\000\273\251\362x\366\205"
 2342      3E0DBC08 
 2342      3500BBA9 
 2342      F278F685 
 2343 0bda 7225A2AF 		.ascii	"r%\242\257\265\335(\0340N\256bl\372\215\357e\015|\017"
 2343      B5DD281C 
 2343      304EAE62 
 2343      6CFA8DEF 
 2343      650D7C0F 
 2344 0bee 3E867228 		.ascii	">\206r(\377\030p8\030-o\337^\025\231\237\234\3049Tm"
 2344      FF187038 
 2344      182D6FDF 
 2344      5E15999F 
 2344      9CC43954 
 2345 0c03 5D21EB89 		.ascii	"]!\353\211w?\243B\270F\311m\222C\325ph\341\012\306("
 2345      773FA342 
 2345      B846C96D 
 2345      9243D570 
 2345      68E10AC6 
 2346 0c18 93BA286C 		.ascii	"\223\272(l\330r(\244\222\256\240+\351*\232Gsi6]M\263"
 2346      D87228A4 
 2346      92AEA02B 
 2346      E92A9A47 
 2346      7369365D 
 2347 0c2e A8B647FE 		.ascii	"\250\266G\376\361\274\352b3i\000\276\311E\213\257v\273"
 2347      F1BCEA62 
 2347      336900BE 
 2347      C9458BAF 
 2347      76BB
 2348 0c40 55780A7D 		.ascii	"Ux\012}\0064\376\261&\270h\337\314W\023}\231\234\011"
 2348      0634FEB1 
 2348      26B868DF 
 2348      CC57137D 
 2348      999C09
 2349 0c53 CAB54C82 		.ascii	"\312\265L\202;\316\241\267\223\033@\345\251\014.\260"
 2349      3BCEA1B7 
 2349      931B40E5 
 2349      A90C2EB0 
 2350 0c63 DEB35CF4 		.ascii	"\336\263\\\364\007rE'\312\365\016p\311c\330\013N\363"
 2350      07724527 
 2350      CAF50E70 
 2350      C963D80B 
ARM GAS  /tmp/ccD8856j.s 			page 64


 2350      4EF3
 2351 0c75 74ECC5FC 		.ascii	"t\354\305\374\245\257\245\340\302g\301\331\031\220\314"
 2351      A5AFA5E0 
 2351      C267C1D9 
 2351      1990CC
 2352 0c84 A7ACE82B 		.ascii	"\247\254\350++\373\356\323\004\275\343\205/w\234\342"
 2352      2BFBEED3 
 2352      04BDE385 
 2352      2F779CE2 
 2353 0c94 9B2DD575 		.ascii	"\233-\325u\370\021\373|\351V|\256\006\321S\321\243x"
 2353      F811FB7C 
 2353      E9567CAE 
 2353      06D153D1 
 2353      A378
 2354 0ca6 15C5AE9C 		.ascii	"\025\305\256\234\356)\331\230\323\343\216/\314dh\334"
 2354      EE29D998 
 2354      D3E38E2F 
 2354      CC6468DC 
 2355 0cb6 CA1B25F0 		.ascii	"\312\033%\360x\343\306\016\017.'L\273\242d\305(\007"
 2355      78E3C60E 
 2355      0F2E274C 
 2355      BBA264C5 
 2355      2807
 2356 0cc8 E19499A2 		.ascii	"\341\224\231\242d\345\260\373\325\011\345Y\274\241\\"
 2356      64E5B0FB 
 2356      D509E559 
 2356      BCA15C
 2357 0cd7 448A2F47 		.ascii	"D\212/G\361\372\014\025~%\247D\371\347\215\033{\232"
 2357      F1FA0C15 
 2357      7E25A744 
 2357      F9E78D1B 
 2357      7B9A
 2358 0ce9 D42FA445 		.ascii	"\324/\244E\035e\271q\345Ym\356r\2772\273\034\264\224"
 2358      1D65B971 
 2358      E5596DEE 
 2358      72BF32BB 
 2358      1CB494
 2359 0cfc 28D9BE42 		.ascii	"(\331\276B\344\002\021\227O)\364!OyY~AvC\307\003TT\356"
 2359      E4021197 
 2359      4F29F421 
 2359      4F79597E 
 2359      417643C7 
 2360 0d14 535CE53E 		.ascii	"S\\\345>7rU\370\334.\340}\2750\263AQ\352\263E\227\322"
 2360      377255F8 
 2360      DC2EE07D 
 2360      BD30B341 
 2360      51EAB345 
 2361 0d2a E02E2C6F 		.ascii	"\340.,op\307{*\032\224\302\212\006\367\364r\306B=\231"
 2361      70C77B2A 
 2361      1A94C28A 
 2361      06F7F472 
 2361      C6423D99 
 2362 0d3e 3EC5539E 		.ascii	">\305S\236-z2\333XSsOg\342@\027= \300\326\243x\017\000"
 2362      2D7A32DB 
 2362      5853734F 
 2362      67E24017 
 2362      3D20C0D6 
ARM GAS  /tmp/ccD8856j.s 			page 65


 2363 0d56 7755289E 		.ascii	"wU(\236xWE\266\313\005\222\361@V6T(\356\351\205\025"
 2363      785745B6 
 2363      CB0592F1 
 2363      40563654 
 2363      28EEE985 
 2364 0d6b D9C04B15 		.ascii	"\331\300K\0250\364\237\352\177<@\005\206\303'\024\037"
 2364      30F49FEA 
 2364      7F3C4005 
 2364      86C32714 
 2364      1F
 2365 0d7c F634B61A 		.ascii	"\3664\266\032\0363\374\035O+\332\243\321,\317'\002z"
 2365      1E33FC1D 
 2365      4F2BDAA3 
 2365      D12CCF27 
 2365      027A
 2366 0d8e 6FBA788C 		.ascii	"o\272x\214U~\375\223#Ob\331\377mZ\310#\366\215\354\270"
 2366      557EFD93 
 2366      234F62D9 
 2366      FF6D5AC8 
 2366      23F68DEC 
 2367 0da3 6FC0F897 		.ascii	"o\300\370\227\012\373W\206\362Z\037\377W\206\260\226"
 2367      0AFB5786 
 2367      F25A1FFF 
 2367      5786B096 
 2368 0db3 0A456A76 		.ascii	"\012Ejv\206\266\325\216D\317))QF\257\036?y\001\225)"
 2368      86B6D58E 
 2368      44CF2929 
 2368      5146AF1E 
 2368      3F790195 
 2369 0dc8 3E165CBA 		.ascii	">\026\\\272\226\026R?\177g\240\202\207\256\241\0136"
 2369      9616523F 
 2369      7F67A082 
 2369      87AEA10B 
 2369      36
 2370 0dd9 CE10C798 		.ascii	"\316\020\307\230\366\027y\3437\321\257K\240\337<?Q\370"
 2370      F61779E3 
 2370      37D1AF4B 
 2370      A0DF3C3F 
 2370      51F8
 2371 0deb ED6F8B94 		.ascii	"\355o\213\224r7)\240\305\300\255fV(\246\302\202S\361"
 2371      723729A0 
 2371      C5C0AD66 
 2371      5628A6C2 
 2371      8253F1
 2372 0dfe E2AE98A9 		.ascii	"\342\256\230\251H\356\036[U-\006\220\264\020\216\244"
 2372      48EE1E5B 
 2372      552D0690 
 2372      B4108EA4 
 2373 0e0e 940A252A 		.ascii	"\224\012%*\222\211\201\307n\203\206\344\321\201\017"
 2373      928981C7 
 2373      6E8386E4 
 2373      D1810F
 2374 0e1d 4E66293B 		.ascii	"Nf);\201\365\223R\272AC\262AC\322\027O\361\336\256\336"
 2374      81F59352 
 2374      BA4143B2 
 2374      4143D217 
 2374      4FF1DEAE 
ARM GAS  /tmp/ccD8856j.s 			page 66


 2375 0e32 91C9FFE9 		.ascii	"\221\311\377\351\024h\005\267\211\025P\214\3540[$\323"
 2375      146805B7 
 2375      8915508C 
 2375      EC305B24 
 2375      D3
 2376 0e43 C28C458B 		.ascii	"\302\214E\213$\007\261\313\216\277\233;7\011\376,)\326"
 2376      2407B1CB 
 2376      8EBF9B3B 
 2376      3709FE2C 
 2376      29D6
 2377 0e55 85569BD3 		.ascii	"\205V\233\323$;2\322\277N\2629\223\034r\222\323a\201"
 2377      243B32D2 
 2377      BF4EB239 
 2377      931C7292 
 2377      D36181
 2378 0e68 E78E4596 		.ascii	"\347\216E\226\214\271\026\361\363\177\371\343\233\013"
 2378      8CB916F1 
 2378      F37FF9E3 
 2378      9B0B
 2379 0e76 E67D2CCC 		.ascii	"\346},\314\010<\231\373\2614\177~\362o~\273P\210\345"
 2379      083C99FB 
 2379      B1347F7E 
 2379      F26F7EBB 
 2379      5088E5
 2380 0e89 3AA52552 		.ascii	":\245%R\272l\222\251\323\372_\222\230aM\227\347}d\222"
 2380      BA6C92A9 
 2380      D3FA5F92 
 2380      98614D97 
 2380      E77D6492 
 2381 0e9d 239D194E 		.ascii	"#\235\031N\273\224\236,%\033\270M*[\323\244H\347r';"
 2381      BB949E2C 
 2381      251BB84D 
 2381      2A5BD3A4 
 2381      48E77227 
 2382 0eb2 9B6495F1 		.ascii	"\233d\225\361\375\371&\331\350\220\235\2629\315\036"
 2382      FDF926D9 
 2382      E8909DB2 
 2382      39CD1E
 2383 0ec1 014759A2 		.ascii	"\001GY\242\362r\273\2042h\206\023Pf\330\347\303\230"
 2383      F272BB84 
 2383      32688613 
 2383      5066D8E7 
 2383      C398
 2384 0ed3 F755528A 		.ascii	"\367UR\212-MJr\330\026&\375\301a\373\223d\221\235I\013"
 2384      2D4D4A72 
 2384      D81626FD 
 2384      C161FB93 
 2384      64919D49 
 2385 0ee8 18ECAFE4 		.ascii	"\030\354\257\344\214d\253-\364\3324\377\375\244\245"
 2385      8C64AB2D 
 2385      F4DA34FF 
 2385      FDA4A5
 2386 0ef7 36C7D74E 		.ascii	"6\307\327N;\003\306}\372\352\337\277\000;\237\377\341"
 2386      3B03C67D 
 2386      FAEADFBF 
 2386      003B9FFF 
 2386      E1
ARM GAS  /tmp/ccD8856j.s 			page 67


 2387 0f08 F7BF332D 		.ascii	"\367\2773-\262:\322\226\232\035R\222\360\367/\367\336"
 2387      B23AD296 
 2387      9A1D5292 
 2387      F0F72FF7 
 2387      DE
 2388 0f19 9A6E49CD 		.ascii	"\232nI\315H\226\200\246\27277E\240)\346T\331\340\220"
 2388      489680A6 
 2388      BA373745 
 2388      A029E654 
 2388      D9E090
 2389 0f2c CC4E5B3A 		.ascii	"\314N[:\265\244\230\035\304\352t\320ts\232D\034\311"
 2389      B5A4981D 
 2389      C4EA74D0 
 2389      74739A44 
 2389      1CC9
 2390 0f3e CB499A73 		.ascii	"\313I\232sq\004\014\223\214e{\244%\305$\247\000k\262"
 2390      71040C93 
 2390      8C657BA4 
 2390      25C524A7 
 2390      006BB2
 2391 0f51 C84FF0D4 		.ascii	"\310O\360\324\271\324\260T\266-\374\223\235\244\313"
 2391      B9D4B054 
 2391      B62DFC93 
 2391      9DA4CB
 2392 0f60 F669A179 		.ascii	"\366i\241y0\311$y\341b#h3Y\322\345\010\013\013c\244"
 2392      30C92479 
 2392      E1622368 
 2392      3359D2E5 
 2392      080B0B63 
 2393 0f75 DD9C6EB5 		.ascii	"\335\234n\265\230@a\034\350b\361\222\322L\311\322\302"
 2393      9840611C 
 2393      E862F192 
 2393      D24CC9D2 
 2393      C2
 2394 0f86 8CC562AA 		.ascii	"\214\305b\252\315\3625c|%\360\252\010\200\237\026\252"
 2394      CDF23563 
 2394      7C25F0AA 
 2394      08809F16 
 2394      AA
 2395 0f97 C22447A5 		.ascii	"\302$G\245\231!\360\034!"
 2395      9921F01C 
 2395      21
 2396 0fa0 1C52ED0E 		.ascii	"\034R\355\016\253\315(\263#\244\"M^\226ju\312\"\030"
 2396      ABCD28B3 
 2396      23A4224D 
 2396      5E966A75 
 2396      CA2218
 2397 0fb3 4ECB90A5 		.ascii	"N\313\220\245e\242\304RhM_\034\255\3468\315\354\374"
 2397      65A2C452 
 2397      684D5F1C 
 2397      ADE638CD 
 2397      ECFC
 2398 0fc5 1A3207D0 		.ascii	"\0322\007\320\376\234!eH4]Z\246\362\252wQ\201\013\250"
 2398      FE9C2165 
 2398      48345D5A 
 2398      A6F2AA77 
 2398      51810BA8 
ARM GAS  /tmp/ccD8856j.s 			page 68


 2399 0fd9 04BB435A 		.ascii	"\004\273CZ\362J \2315'\2004.5[e\260c\004%\354Y\244v"
 2399      F24A2099 
 2399      35278034 
 2399      2E355B65 
 2399      B0630425 
 2400 0ff1 36C90669 		.ascii	"6\311\006i)3\013\021\004pv89\2454"
 2400      29330B11 
 2400      04707638 
 2400      39A534
 2401 1000 7B0C8B8C 		.ascii	"{\014\213\214\224f\266\247\330\034\222\321\311\240A"
 2401      9466B6A7 
 2401      D81C92D1 
 2401      C9A041
 2402 100f 0E96CAB2 		.ascii	"\016\226\312\262\303>C\013\273C\202\370J\351\254\012"
 2402      C33E430B 
 2402      BB4382F8 
 2402      4AE9AC0A 
 2403 101f 44699955 		.ascii	"Di\231U\266\330\222%\003d\013\030\347\276\0122\310\027"
 2403      B6D89225 
 2403      03640B18 
 2403      E7BE0A32 
 2403      C817
 2404 1031 2B34967D 		.ascii	"+4\226}P\3454\312\354h\222#\026\245\232\027\303]\032"
 2404      50E534CA 
 2404      EC689223 
 2404      16A59A17 
 2404      C35D1A
 2405 1044 A803CDB2 		.ascii	"\250\003\315\262Z\264\360x\251\031\002\025\345\224\277"
 2405      5AB4F078 
 2405      A9190215 
 2405      E594BF
 2406 1053 36A75A17 		.ascii	"6\247Z\027\247\003\354\245\346\205f\247\024a[\232.9"
 2406      A703ECA5 
 2406      E68566A7 
 2406      14615B9A 
 2406      2E39
 2407 1065 A6015C30 		.ascii	"\246\001\\0dM\007n@\024\033r\015\234\0165j\304\"/\303"
 2407      644D076E 
 2407      40141B72 
 2407      0D9C0E35 
 2407      6AC4222F 
 2408 107a 4E7BB4DD 		.ascii	"N{\264\335\346\220\201*\303m\214zm\261\245C&\344\017"
 2408      E690812A 
 2408      C36D8C7A 
 2408      6DB1A543 
 2408      26E40F
 2409 108d 5F02DA62 		.ascii	"_\002\332bKK\263\245'1Vg\322\247_~\261\344\343w\277"
 2409      4B4BB3A5 
 2409      27315667 
 2409      D2A75F7E 
 2409      B1E4E377 
 2410 10a2 002E0B04 		.ascii	"\000.\013\004\006\260\223\224d\207\301\256\032\210\007"
 2410      06B09394 
 2410      6487C1AE 
 2410      1A8807
 2411 10b1 102CCD0E 		.ascii	"\020,\315\016\253\274\234'j\346\224'j\352\254\266\010"
 2411      ABBC9C27 
ARM GAS  /tmp/ccD8856j.s 			page 69


 2411      6AE69427 
 2411      6AEAACB6 
 2411      08
 2412 10c2 9E5E9680 		.ascii	"\236^\226\200\2104\273\315\226j\000\020\213\254\213"
 2412      8834BBCD 
 2412      966A0010 
 2412      8BAC8B
 2413 10d1 67E9FD30 		.ascii	"g\351\3750\361\247\257M}\004zX\257`\331dg\3122\030\315"
 2413      F1A7AF4D 
 2413      7D047A58 
 2413      AF60D964 
 2413      67CA3218 
 2414 10e6 AE4CBC84 		.ascii	"\256L\274\204~\375*\031P\273M\212`P\345d#\363\310dM"
 2414      7EFD2A19 
 2414      50BB4D8A 
 2414      6050E564 
 2414      23F3C864 
 2415 10fb 8ED4CEAC 		.ascii	"\216\324\316\254qH\213\031\304hfEZ\014W\216\345Q\201"
 2415      71488B19 
 2415      C4686645 
 2415      5A0C578E 
 2415      E55181
 2416 110e 0B88EB12 		.ascii	"\013\210\353\022Y\255\345T\263Sf-'\"\231\335\306\002"
 2416      59ADE554 
 2416      B353662D 
 2416      272299DD 
 2416      C602
 2417 1120 73B2942A 		.ascii	"s\262\224*\233\325\362\212\323\335A\032\325\233X\230"
 2417      9BD5F28A 
 2417      D3DD411A 
 2417      D59B5898 
 2418 1130 319001C9 		.ascii	"1\220\001\311\261\304\234j\222\377\002x\226X\035r\006"
 2418      B1C49C6A 
 2418      92FF0278 
 2418      96581D72 
 2418      06
 2419 1141 BB013D0E 		.ascii	"\273\001=\016'\257P\246Wm\\j'\373\350\003\223<\353\027"
 2419      27AF50A6 
 2419      576D5C6A 
 2419      27FBE803 
 2419      933CEB17 
 2420 1155 D840A723 		.ascii	"\330@\247#`\227\325\345r\365\251\321\222\341\200\342"
 2420      6097D5E5 
 2420      72F5A9D1 
 2420      92E180E2 
 2421 1165 9463261F 		.ascii	"\224c&\037A+\230\367\221\020iv\244-\371Xz7M\210\002"
 2421      412B98F7 
 2421      91106976 
 2421      A42DF958 
 2421      7A374D88 
 2422 117a 3F21EFEF 		.ascii	"?!\357\357\246} \274fI\371\362\263\005\177\\`KM\205"
 2422      A67D20BC 
 2422      6649F9F2 
 2422      B3057F5C 
 2422      604B4D85 
 2423 118e 92FCCC9C 		.ascii	"\222\374\314\234\221*;\177\377\366\253\265o\201XR\336"
 2423      912A3B7F 
ARM GAS  /tmp/ccD8856j.s 			page 70


 2423      FFF6ABB5 
 2423      6F815852 
 2423      DE
 2424 119f 4B7C9570 		.ascii	"K|\225p\203\323\020\355\004n\353sI\3764=yA\252dvh\366"
 2424      83D310ED 
 2424      046EEB73 
 2424      49FE343D 
 2424      7941AA64 
 2425 11b6 FE0F2557 		.ascii	"\376\017%W\210="
 2425      883D
 2426              		.text
 2427              		.section	.gnu.lto_.symtab.eeeb99fc5fd42992,"e",%progbits
 2428 0000 63685246 		.ascii	"chRFCUCollectFaultsI\000"
 2428      4355436F 
 2428      6C6C6563 
 2428      74466175 
 2428      6C747349 
 2429 0015 00       		.ascii	"\000"
 2430 0016 00       		.ascii	"\000"
 2431 0017 00       		.ascii	"\000"
 2432 0018 00000000 		.ascii	"\000\000\000\000\000\000\000\000"
 2432      00000000 
 2433 0020 13020000 		.ascii	"\023\002\000\000"
 2434 0024 63685246 		.ascii	"chRFCUGetAndClearFaultsI\000"
 2434      43554765 
 2434      74416E64 
 2434      436C6561 
 2434      72466175 
 2435 003d 00       		.ascii	"\000"
 2436 003e 00       		.ascii	"\000"
 2437 003f 00       		.ascii	"\000"
 2438 0040 00000000 		.ascii	"\000\000\000\000\000\000\000\000"
 2438      00000000 
 2439 0048 19020000 		.ascii	"\031\002\000\000"
 2440 004c 63683000 		.ascii	"ch0\000"
 2441 0050 00       		.ascii	"\000"
 2442 0051 02       		.ascii	"\002"
 2443 0052 00       		.ascii	"\000"
 2444 0053 00000000 		.ascii	"\000\000\000\000\000\000\000\000"
 2444      00000000 
 2445 005b 15020000 		.ascii	"\025\002\000\000"
 2446              		.text
 2447              		.section	.gnu.lto_.ext_symtab.eeeb99fc5fd42992,"e",%progbits
 2448 0000 01       		.ascii	"\001"
 2449 0001 01       		.ascii	"\001"
 2450 0002 00       		.ascii	"\000"
 2451 0003 01       		.ascii	"\001"
 2452 0004 00       		.ascii	"\000"
 2453 0005 02       		.ascii	"\002"
 2454 0006 01       		.ascii	"\001"
 2455              		.text
 2456              		.section	.gnu.lto_.opts,"e",%progbits
 2457 0000 272D666E 		.ascii	"'-fno-openmp' '-fno-openacc' '-fno-pie' '-fcf-prote"
 2457      6F2D6F70 
 2457      656E6D70 
 2457      2720272D 
 2457      666E6F2D 
ARM GAS  /tmp/ccD8856j.s 			page 71


 2458 0033 6374696F 		.ascii	"ction=none' '-g' '-mcpu=cortex-m4' '-mthumb' '-mflo"
 2458      6E3D6E6F 
 2458      6E652720 
 2458      272D6727 
 2458      20272D6D 
 2459 0066 61742D61 		.ascii	"at-abi=soft' '-mlibarch=armv7e-m' '-march=armv7e-m'"
 2459      62693D73 
 2459      6F667427 
 2459      20272D6D 
 2459      6C696261 
 2460 0099 20272D4F 		.ascii	" '-O2' '-fomit-frame-pointer' '-falign-functions=16"
 2460      32272027 
 2460      2D666F6D 
 2460      69742D66 
 2460      72616D65 
 2461 00cc 2720272D 		.ascii	"' '-ffunction-sections' '-fdata-sections' '-fno-com"
 2461      6666756E 
 2461      6374696F 
 2461      6E2D7365 
 2461      6374696F 
 2462 00ff 6D6F6E27 		.ascii	"mon' '-flto' '-Xassembler' '-alms=./build/lst/chrfc"
 2462      20272D66 
 2462      6C746F27 
 2462      20272D58 
 2462      61737365 
 2463 0132 752E6C73 		.ascii	"u.lst'\000"
 2463      742700
 2464              		.text
 2465              		.comm	__gnu_lto_slim,1,1
 2466              		.ident	"GCC: (Arm GNU Toolchain 11.3.Rel1) 11.3.1 20220712"
ARM GAS  /tmp/ccD8856j.s 			page 72


DEFINED SYMBOLS
                            *ABS*:0000000000000000 chrfcu.c
     /tmp/ccD8856j.s:33     .gnu.debuglto_.debug_info:0000000000000000 chrfcu.c.7e22d89b
                            *COM*:0000000000000001 __gnu_lto_slim

NO UNDEFINED SYMBOLS
