ARM GAS  /tmp/ccCPrn0v.s 			page 1


   1              		.cpu cortex-m4
   2              		.arch armv7e-m
   3              		.fpu softvfp
   4              		.eabi_attribute 20, 1
   5              		.eabi_attribute 21, 1
   6              		.eabi_attribute 23, 3
   7              		.eabi_attribute 24, 1
   8              		.eabi_attribute 25, 1
   9              		.eabi_attribute 26, 1
  10              		.eabi_attribute 30, 2
  11              		.eabi_attribute 34, 1
  12              		.eabi_attribute 18, 4
  13              		.file	"hal_buffers.c"
  14              		.file 1 "/home/rob/Projects/ChibiStudio/ChibiStudio_23/tools/GNU Tools ARM Embedded/11.3.1 2022q3/
  15              		.file 2 "/home/rob/Projects/ChibiStudio/ChibiStudio_23/tools/GNU Tools ARM Embedded/11.3.1 2022q3/
  16              		.file 3 "/home/rob/Projects/ChibiStudio/ChibiStudio_23/tools/GNU Tools ARM Embedded/11.3.1 2022q3/
  17              		.file 4 "../../chibios_trunk/os/common/ports/ARM-common/chtypes.h"
  18              		.file 5 "../../chibios_trunk/os/rt/include/chearly.h"
  19              		.file 6 "../../chibios_trunk/os/rt/include/chobjects.h"
  20              		.file 7 "../../chibios_trunk/os/rt/include/chrfcu.h"
  21              		.file 8 "../../chibios_trunk/os/rt/include/chdebug.h"
  22              		.file 9 "../../chibios_trunk/os/rt/include/chtime.h"
  23              		.file 10 "../../chibios_trunk/os/rt/include/chlists.h"
  24              		.file 11 "../../chibios_trunk/os/rt/include/chtrace.h"
  25              		.file 12 "../../chibios_trunk/os/common/ports/ARMv7-M/chcore.h"
  26              		.file 13 "../../chibios_trunk/os/rt/include/chsem.h"
  27              		.file 14 "../../chibios_trunk/os/rt/include/chmtx.h"
  28              		.file 15 "../../chibios_trunk/os/hal/include/hal_buffers.h"
  29              		.file 16 "/home/rob/Projects/ChibiStudio/ChibiStudio_23/tools/GNU Tools ARM Embedded/11.3.1 2022q3
  30              		.file 17 "../../chibios_trunk/os/rt/include/chthreads.h"
  31              		.file 18 "../../chibios_trunk/os/hal/src/hal_buffers.c"
  32              		.file 19 "../../chibios_trunk/os/hal/osal/rt-nil/osal.h"
  33              		.file 20 "../../chibios_trunk/os/rt/include/chsys.h"
  34              		.file 21 "../../chibios_trunk/os/common/ext/ARM/CMSIS/Core/Include/cmsis_gcc.h"
  35              		.section	.gnu.debuglto_.debug_info,"e",%progbits
  36              	.Ldebug_info0:
  37              		.hidden	hal_buffers.c.9ef8d435
  38              		.weak	hal_buffers.c.9ef8d435
  39              	hal_buffers.c.9ef8d435:
  40 0000 2C110000 		.4byte	0x112c
  41 0004 0500     		.2byte	0x5
  42 0006 01       		.byte	0x1
  43 0007 04       		.byte	0x4
  44 0008 00000000 		.4byte	.Ldebug_abbrev0
  45 000c 27       		.uleb128 0x27
  46 000d 8D030000 		.4byte	.LASF190
  47 0011 1D       		.byte	0x1d
  48 0012 37050000 		.4byte	.LASF191
  49 0016 64080000 		.4byte	.LASF192
  50 001a 00000000 		.4byte	.Ldebug_line0
  51 001e 28       		.uleb128 0x28
  52 001f 04       		.byte	0x4
  53 0020 05       		.byte	0x5
  54 0021 696E7400 		.ascii	"int\000"
  55 0025 02       		.uleb128 0x2
  56 0026 12000000 		.4byte	.LASF4
  57 002a 01       		.byte	0x1
ARM GAS  /tmp/ccCPrn0v.s 			page 2


  58 002b D1       		.byte	0xd1
  59 002c 17       		.byte	0x17
  60 002d 36000000 		.4byte	0x36
  61 0031 1E       		.uleb128 0x1e
  62 0032 25000000 		.4byte	0x25
  63 0036 0A       		.uleb128 0xa
  64 0037 04       		.byte	0x4
  65 0038 07       		.byte	0x7
  66 0039 2B030000 		.4byte	.LASF0
  67 003d 0A       		.uleb128 0xa
  68 003e 08       		.byte	0x8
  69 003f 05       		.byte	0x5
  70 0040 41010000 		.4byte	.LASF1
  71 0044 0A       		.uleb128 0xa
  72 0045 08       		.byte	0x8
  73 0046 04       		.byte	0x4
  74 0047 8E050000 		.4byte	.LASF2
  75 004b 0A       		.uleb128 0xa
  76 004c 01       		.byte	0x1
  77 004d 06       		.byte	0x6
  78 004e 4F010000 		.4byte	.LASF3
  79 0052 02       		.uleb128 0x2
  80 0053 55000000 		.4byte	.LASF5
  81 0057 02       		.byte	0x2
  82 0058 2B       		.byte	0x2b
  83 0059 18       		.byte	0x18
  84 005a 5E000000 		.4byte	0x5e
  85 005e 0A       		.uleb128 0xa
  86 005f 01       		.byte	0x1
  87 0060 08       		.byte	0x8
  88 0061 7C060000 		.4byte	.LASF6
  89 0065 0A       		.uleb128 0xa
  90 0066 02       		.byte	0x2
  91 0067 05       		.byte	0x5
  92 0068 B9060000 		.4byte	.LASF7
  93 006c 02       		.uleb128 0x2
  94 006d AC070000 		.4byte	.LASF8
  95 0071 02       		.byte	0x2
  96 0072 39       		.byte	0x39
  97 0073 19       		.byte	0x19
  98 0074 78000000 		.4byte	0x78
  99 0078 0A       		.uleb128 0xa
 100 0079 02       		.byte	0x2
 101 007a 07       		.byte	0x7
 102 007b 4D040000 		.4byte	.LASF9
 103 007f 02       		.uleb128 0x2
 104 0080 E6040000 		.4byte	.LASF10
 105 0084 02       		.byte	0x2
 106 0085 4D       		.byte	0x4d
 107 0086 18       		.byte	0x18
 108 0087 8B000000 		.4byte	0x8b
 109 008b 0A       		.uleb128 0xa
 110 008c 04       		.byte	0x4
 111 008d 05       		.byte	0x5
 112 008e DC010000 		.4byte	.LASF11
 113 0092 02       		.uleb128 0x2
 114 0093 8A020000 		.4byte	.LASF12
ARM GAS  /tmp/ccCPrn0v.s 			page 3


 115 0097 02       		.byte	0x2
 116 0098 4F       		.byte	0x4f
 117 0099 19       		.byte	0x19
 118 009a 9E000000 		.4byte	0x9e
 119 009e 0A       		.uleb128 0xa
 120 009f 04       		.byte	0x4
 121 00a0 07       		.byte	0x7
 122 00a1 80070000 		.4byte	.LASF13
 123 00a5 02       		.uleb128 0x2
 124 00a6 F8050000 		.4byte	.LASF14
 125 00aa 02       		.byte	0x2
 126 00ab 69       		.byte	0x69
 127 00ac 19       		.byte	0x19
 128 00ad B1000000 		.4byte	0xb1
 129 00b1 0A       		.uleb128 0xa
 130 00b2 08       		.byte	0x8
 131 00b3 07       		.byte	0x7
 132 00b4 C0000000 		.4byte	.LASF15
 133 00b8 29       		.uleb128 0x29
 134 00b9 04       		.byte	0x4
 135 00ba 0A       		.uleb128 0xa
 136 00bb 01       		.byte	0x1
 137 00bc 08       		.byte	0x8
 138 00bd A0070000 		.4byte	.LASF16
 139 00c1 0D       		.uleb128 0xd
 140 00c2 BA000000 		.4byte	0xba
 141 00c6 04       		.uleb128 0x4
 142 00c7 C1000000 		.4byte	0xc1
 143 00cb 1E       		.uleb128 0x1e
 144 00cc C6000000 		.4byte	0xc6
 145 00d0 02       		.uleb128 0x2
 146 00d1 25090000 		.4byte	.LASF17
 147 00d5 03       		.byte	0x3
 148 00d6 18       		.byte	0x18
 149 00d7 13       		.byte	0x13
 150 00d8 52000000 		.4byte	0x52
 151 00dc 0D       		.uleb128 0xd
 152 00dd D0000000 		.4byte	0xd0
 153 00e1 02       		.uleb128 0x2
 154 00e2 28020000 		.4byte	.LASF18
 155 00e6 03       		.byte	0x3
 156 00e7 24       		.byte	0x24
 157 00e8 14       		.byte	0x14
 158 00e9 6C000000 		.4byte	0x6c
 159 00ed 02       		.uleb128 0x2
 160 00ee 74060000 		.4byte	.LASF19
 161 00f2 03       		.byte	0x3
 162 00f3 2C       		.byte	0x2c
 163 00f4 13       		.byte	0x13
 164 00f5 7F000000 		.4byte	0x7f
 165 00f9 02       		.uleb128 0x2
 166 00fa 5A070000 		.4byte	.LASF20
 167 00fe 03       		.byte	0x3
 168 00ff 30       		.byte	0x30
 169 0100 14       		.byte	0x14
 170 0101 92000000 		.4byte	0x92
 171 0105 02       		.uleb128 0x2
ARM GAS  /tmp/ccCPrn0v.s 			page 4


 172 0106 2B000000 		.4byte	.LASF21
 173 010a 03       		.byte	0x3
 174 010b 3C       		.byte	0x3c
 175 010c 14       		.byte	0x14
 176 010d A5000000 		.4byte	0xa5
 177 0111 1E       		.uleb128 0x1e
 178 0112 05010000 		.4byte	0x105
 179 0116 02       		.uleb128 0x2
 180 0117 6A070000 		.4byte	.LASF22
 181 011b 04       		.byte	0x4
 182 011c 48       		.byte	0x48
 183 011d 1D       		.byte	0x1d
 184 011e 05010000 		.4byte	0x105
 185 0122 02       		.uleb128 0x2
 186 0123 F0040000 		.4byte	.LASF23
 187 0127 05       		.byte	0x5
 188 0128 50       		.byte	0x50
 189 0129 19       		.byte	0x19
 190 012a 16010000 		.4byte	0x116
 191 012e 02       		.uleb128 0x2
 192 012f A2040000 		.4byte	.LASF24
 193 0133 05       		.byte	0x5
 194 0134 53       		.byte	0x53
 195 0135 19       		.byte	0x19
 196 0136 D0000000 		.4byte	0xd0
 197 013a 02       		.uleb128 0x2
 198 013b E5010000 		.4byte	.LASF25
 199 013f 05       		.byte	0x5
 200 0140 54       		.byte	0x54
 201 0141 19       		.byte	0x19
 202 0142 D0000000 		.4byte	0xd0
 203 0146 02       		.uleb128 0x2
 204 0147 2C060000 		.4byte	.LASF26
 205 014b 05       		.byte	0x5
 206 014c 55       		.byte	0x55
 207 014d 19       		.byte	0x19
 208 014e D0000000 		.4byte	0xd0
 209 0152 02       		.uleb128 0x2
 210 0153 3F060000 		.4byte	.LASF27
 211 0157 05       		.byte	0x5
 212 0158 57       		.byte	0x57
 213 0159 19       		.byte	0x19
 214 015a F9000000 		.4byte	0xf9
 215 015e 02       		.uleb128 0x2
 216 015f 39060000 		.4byte	.LASF28
 217 0163 05       		.byte	0x5
 218 0164 58       		.byte	0x58
 219 0165 19       		.byte	0x19
 220 0166 ED000000 		.4byte	0xed
 221 016a 02       		.uleb128 0x2
 222 016b DA040000 		.4byte	.LASF29
 223 016f 05       		.byte	0x5
 224 0170 5A       		.byte	0x5a
 225 0171 19       		.byte	0x19
 226 0172 F9000000 		.4byte	0xf9
 227 0176 02       		.uleb128 0x2
 228 0177 1C030000 		.4byte	.LASF30
ARM GAS  /tmp/ccCPrn0v.s 			page 5


 229 017b 05       		.byte	0x5
 230 017c 5C       		.byte	0x5c
 231 017d 19       		.byte	0x19
 232 017e ED000000 		.4byte	0xed
 233 0182 02       		.uleb128 0x2
 234 0183 22060000 		.4byte	.LASF31
 235 0187 05       		.byte	0x5
 236 0188 80       		.byte	0x80
 237 0189 12       		.byte	0x12
 238 018a 36000000 		.4byte	0x36
 239 018e 02       		.uleb128 0x2
 240 018f B7070000 		.4byte	.LASF32
 241 0193 05       		.byte	0x5
 242 0194 85       		.byte	0x85
 243 0195 1A       		.byte	0x1a
 244 0196 9A010000 		.4byte	0x19a
 245 019a 07       		.uleb128 0x7
 246 019b 60040000 		.4byte	.LASF48
 247 019f 4C       		.byte	0x4c
 248 01a0 06       		.byte	0x6
 249 01a1 9C       		.byte	0x9c
 250 01a2 08       		.byte	0x8
 251 01a3 84020000 		.4byte	0x284
 252 01a7 08       		.uleb128 0x8
 253 01a8 68647200 		.ascii	"hdr\000"
 254 01ac 06       		.byte	0x6
 255 01ad AD       		.byte	0xad
 256 01ae 05       		.byte	0x5
 257 01af 5D070000 		.4byte	0x75d
 258 01b3 00       		.byte	0
 259 01b4 08       		.uleb128 0x8
 260 01b5 63747800 		.ascii	"ctx\000"
 261 01b9 06       		.byte	0x6
 262 01ba B1       		.byte	0xb1
 263 01bb 21       		.byte	0x21
 264 01bc A1060000 		.4byte	0x6a1
 265 01c0 0C       		.byte	0xc
 266 01c1 01       		.uleb128 0x1
 267 01c2 58030000 		.4byte	.LASF33
 268 01c6 06       		.byte	0x6
 269 01c7 B6       		.byte	0xb6
 270 01c8 21       		.byte	0x21
 271 01c9 CE030000 		.4byte	0x3ce
 272 01cd 10       		.byte	0x10
 273 01ce 01       		.uleb128 0x1
 274 01cf 7A070000 		.4byte	.LASF34
 275 01d3 06       		.byte	0x6
 276 01d4 BB       		.byte	0xbb
 277 01d5 22       		.byte	0x22
 278 01d6 5F080000 		.4byte	0x85f
 279 01da 18       		.byte	0x18
 280 01db 01       		.uleb128 0x1
 281 01dc 7A030000 		.4byte	.LASF35
 282 01e0 06       		.byte	0x6
 283 01e1 C0       		.byte	0xc0
 284 01e2 22       		.byte	0x22
 285 01e3 C6000000 		.4byte	0xc6
ARM GAS  /tmp/ccCPrn0v.s 			page 6


 286 01e7 1C       		.byte	0x1c
 287 01e8 01       		.uleb128 0x1
 288 01e9 92070000 		.4byte	.LASF36
 289 01ed 06       		.byte	0x6
 290 01ee C9       		.byte	0xc9
 291 01ef 22       		.byte	0x22
 292 01f0 64080000 		.4byte	0x864
 293 01f4 20       		.byte	0x20
 294 01f5 01       		.uleb128 0x1
 295 01f6 95020000 		.4byte	.LASF37
 296 01fa 06       		.byte	0x6
 297 01fb CE       		.byte	0xce
 298 01fc 22       		.byte	0x22
 299 01fd 64080000 		.4byte	0x864
 300 0201 24       		.byte	0x24
 301 0202 01       		.uleb128 0x1
 302 0203 D6010000 		.4byte	.LASF38
 303 0207 06       		.byte	0x6
 304 0208 D3       		.byte	0xd3
 305 0209 21       		.byte	0x21
 306 020a 3A010000 		.4byte	0x13a
 307 020e 28       		.byte	0x28
 308 020f 01       		.uleb128 0x1
 309 0210 2D090000 		.4byte	.LASF39
 310 0214 06       		.byte	0x6
 311 0215 D7       		.byte	0xd7
 312 0216 21       		.byte	0x21
 313 0217 2E010000 		.4byte	0x12e
 314 021b 29       		.byte	0x29
 315 021c 01       		.uleb128 0x1
 316 021d 3C010000 		.4byte	.LASF40
 317 0221 06       		.byte	0x6
 318 0222 DC       		.byte	0xdc
 319 0223 21       		.byte	0x21
 320 0224 46010000 		.4byte	0x146
 321 0228 2A       		.byte	0x2a
 322 0229 0B       		.uleb128 0xb
 323 022a 7500     		.ascii	"u\000"
 324 022c 06       		.byte	0x6
 325 022d 2D01     		.2byte	0x12d
 326 022f 21       		.byte	0x21
 327 0230 8A070000 		.4byte	0x78a
 328 0234 2C       		.byte	0x2c
 329 0235 05       		.uleb128 0x5
 330 0236 BD020000 		.4byte	.LASF41
 331 023a 3201     		.2byte	0x132
 332 023c 21       		.byte	0x21
 333 023d A2030000 		.4byte	0x3a2
 334 0241 30       		.byte	0x30
 335 0242 05       		.uleb128 0x5
 336 0243 22030000 		.4byte	.LASF42
 337 0247 3801     		.2byte	0x138
 338 0249 21       		.byte	0x21
 339 024a CE030000 		.4byte	0x3ce
 340 024e 34       		.byte	0x34
 341 024f 05       		.uleb128 0x5
 342 0250 88040000 		.4byte	.LASF43
ARM GAS  /tmp/ccCPrn0v.s 			page 7


 343 0254 3E01     		.2byte	0x13e
 344 0256 21       		.byte	0x21
 345 0257 6A010000 		.4byte	0x16a
 346 025b 3C       		.byte	0x3c
 347 025c 05       		.uleb128 0x5
 348 025d C1090000 		.4byte	.LASF44
 349 0261 4501     		.2byte	0x145
 350 0263 22       		.byte	0x22
 351 0264 5A080000 		.4byte	0x85a
 352 0268 40       		.byte	0x40
 353 0269 05       		.uleb128 0x5
 354 026a 22050000 		.4byte	.LASF45
 355 026e 4901     		.2byte	0x149
 356 0270 21       		.byte	0x21
 357 0271 52010000 		.4byte	0x152
 358 0275 44       		.byte	0x44
 359 0276 05       		.uleb128 0x5
 360 0277 C2080000 		.4byte	.LASF46
 361 027b 5001     		.2byte	0x150
 362 027d 22       		.byte	0x22
 363 027e B8000000 		.4byte	0xb8
 364 0282 48       		.byte	0x48
 365 0283 00       		.byte	0
 366 0284 02       		.uleb128 0x2
 367 0285 13080000 		.4byte	.LASF47
 368 0289 05       		.byte	0x5
 369 028a 8A       		.byte	0x8a
 370 028b 1F       		.byte	0x1f
 371 028c 90020000 		.4byte	0x290
 372 0290 2A       		.uleb128 0x2a
 373 0291 F6070000 		.4byte	.LASF49
 374 0295 A008     		.2byte	0x8a0
 375 0297 06       		.byte	0x6
 376 0298 8F01     		.2byte	0x18f
 377 029a 08       		.byte	0x8
 378 029b 16030000 		.4byte	0x316
 379 029f 05       		.uleb128 0x5
 380 02a0 1A090000 		.4byte	.LASF50
 381 02a4 9301     		.2byte	0x193
 382 02a6 21       		.byte	0x21
 383 02a7 92080000 		.4byte	0x892
 384 02ab 00       		.byte	0
 385 02ac 05       		.uleb128 0x5
 386 02ad B5010000 		.4byte	.LASF51
 387 02b1 9701     		.2byte	0x197
 388 02b3 21       		.byte	0x21
 389 02b4 F7060000 		.4byte	0x6f7
 390 02b8 10       		.byte	0x10
 391 02b9 05       		.uleb128 0x5
 392 02ba 21080000 		.4byte	.LASF52
 393 02be 9E01     		.2byte	0x19e
 394 02c0 21       		.byte	0x21
 395 02c1 1E070000 		.4byte	0x71e
 396 02c5 28       		.byte	0x28
 397 02c6 05       		.uleb128 0x5
 398 02c7 85030000 		.4byte	.LASF53
 399 02cb A301     		.2byte	0x1a3
ARM GAS  /tmp/ccCPrn0v.s 			page 8


 400 02cd 21       		.byte	0x21
 401 02ce 82010000 		.4byte	0x182
 402 02d2 30       		.byte	0x30
 403 02d3 05       		.uleb128 0x5
 404 02d4 9E090000 		.4byte	.LASF54
 405 02d8 A901     		.2byte	0x1a9
 406 02da 21       		.byte	0x21
 407 02db 3D030000 		.4byte	0x33d
 408 02df 34       		.byte	0x34
 409 02e0 05       		.uleb128 0x5
 410 02e1 A5070000 		.4byte	.LASF55
 411 02e5 AE01     		.2byte	0x1ae
 412 02e7 22       		.byte	0x22
 413 02e8 FD080000 		.4byte	0x8fd
 414 02ec 38       		.byte	0x38
 415 02ed 05       		.uleb128 0x5
 416 02ee 6A040000 		.4byte	.LASF56
 417 02f2 B201     		.2byte	0x1b2
 418 02f4 21       		.byte	0x21
 419 02f5 8E010000 		.4byte	0x18e
 420 02f9 3C       		.byte	0x3c
 421 02fa 0B       		.uleb128 0xb
 422 02fb 64626700 		.ascii	"dbg\000"
 423 02ff 06       		.byte	0x6
 424 0300 B601     		.2byte	0x1b6
 425 0302 21       		.byte	0x21
 426 0303 7E030000 		.4byte	0x37e
 427 0307 88       		.byte	0x88
 428 0308 05       		.uleb128 0x5
 429 0309 85090000 		.4byte	.LASF57
 430 030d BB01     		.2byte	0x1bb
 431 030f 21       		.byte	0x21
 432 0310 0F060000 		.4byte	0x60f
 433 0314 94       		.byte	0x94
 434 0315 00       		.byte	0
 435 0316 02       		.uleb128 0x2
 436 0317 2B050000 		.4byte	.LASF58
 437 031b 07       		.byte	0x7
 438 031c 3F       		.byte	0x3f
 439 031d 12       		.byte	0x12
 440 031e F9000000 		.4byte	0xf9
 441 0322 07       		.uleb128 0x7
 442 0323 FD010000 		.4byte	.LASF59
 443 0327 04       		.byte	0x4
 444 0328 07       		.byte	0x7
 445 0329 44       		.byte	0x44
 446 032a 10       		.byte	0x10
 447 032b 3D030000 		.4byte	0x33d
 448 032f 01       		.uleb128 0x1
 449 0330 F6080000 		.4byte	.LASF60
 450 0334 07       		.byte	0x7
 451 0335 48       		.byte	0x48
 452 0336 21       		.byte	0x21
 453 0337 16030000 		.4byte	0x316
 454 033b 00       		.byte	0
 455 033c 00       		.byte	0
 456 033d 02       		.uleb128 0x2
ARM GAS  /tmp/ccCPrn0v.s 			page 9


 457 033e 9A060000 		.4byte	.LASF61
 458 0342 07       		.byte	0x7
 459 0343 49       		.byte	0x49
 460 0344 03       		.byte	0x3
 461 0345 22030000 		.4byte	0x322
 462 0349 07       		.uleb128 0x7
 463 034a 5E060000 		.4byte	.LASF62
 464 034e 0C       		.byte	0xc
 465 034f 08       		.byte	0x8
 466 0350 3E       		.byte	0x3e
 467 0351 10       		.byte	0x10
 468 0352 7E030000 		.4byte	0x37e
 469 0356 01       		.uleb128 0x1
 470 0357 E5070000 		.4byte	.LASF63
 471 035b 08       		.byte	0x8
 472 035c 46       		.byte	0x46
 473 035d 24       		.byte	0x24
 474 035e CB000000 		.4byte	0xcb
 475 0362 00       		.byte	0
 476 0363 01       		.uleb128 0x1
 477 0364 FB080000 		.4byte	.LASF64
 478 0368 08       		.byte	0x8
 479 0369 4B       		.byte	0x4b
 480 036a 19       		.byte	0x19
 481 036b 76010000 		.4byte	0x176
 482 036f 04       		.byte	0x4
 483 0370 01       		.uleb128 0x1
 484 0371 FC020000 		.4byte	.LASF65
 485 0375 08       		.byte	0x8
 486 0376 4F       		.byte	0x4f
 487 0377 19       		.byte	0x19
 488 0378 76010000 		.4byte	0x176
 489 037c 08       		.byte	0x8
 490 037d 00       		.byte	0
 491 037e 02       		.uleb128 0x2
 492 037f 81000000 		.4byte	.LASF66
 493 0383 08       		.byte	0x8
 494 0384 51       		.byte	0x51
 495 0385 03       		.byte	0x3
 496 0386 49030000 		.4byte	0x349
 497 038a 02       		.uleb128 0x2
 498 038b C6070000 		.4byte	.LASF67
 499 038f 09       		.byte	0x9
 500 0390 6D       		.byte	0x6d
 501 0391 12       		.byte	0x12
 502 0392 F9000000 		.4byte	0xf9
 503 0396 02       		.uleb128 0x2
 504 0397 05030000 		.4byte	.LASF68
 505 039b 09       		.byte	0x9
 506 039c 79       		.byte	0x79
 507 039d 12       		.byte	0x12
 508 039e F9000000 		.4byte	0xf9
 509 03a2 02       		.uleb128 0x2
 510 03a3 9A050000 		.4byte	.LASF69
 511 03a7 0A       		.byte	0xa
 512 03a8 32       		.byte	0x32
 513 03a9 18       		.byte	0x18
ARM GAS  /tmp/ccCPrn0v.s 			page 10


 514 03aa AE030000 		.4byte	0x3ae
 515 03ae 07       		.uleb128 0x7
 516 03af AA040000 		.4byte	.LASF70
 517 03b3 04       		.byte	0x4
 518 03b4 0A       		.byte	0xa
 519 03b5 38       		.byte	0x38
 520 03b6 08       		.byte	0x8
 521 03b7 C9030000 		.4byte	0x3c9
 522 03bb 01       		.uleb128 0x1
 523 03bc 19000000 		.4byte	.LASF71
 524 03c0 0A       		.byte	0xa
 525 03c1 39       		.byte	0x39
 526 03c2 1A       		.byte	0x1a
 527 03c3 C9030000 		.4byte	0x3c9
 528 03c7 00       		.byte	0
 529 03c8 00       		.byte	0
 530 03c9 04       		.uleb128 0x4
 531 03ca A2030000 		.4byte	0x3a2
 532 03ce 02       		.uleb128 0x2
 533 03cf 5F030000 		.4byte	.LASF72
 534 03d3 0A       		.byte	0xa
 535 03d4 3F       		.byte	0x3f
 536 03d5 19       		.byte	0x19
 537 03d6 DA030000 		.4byte	0x3da
 538 03da 07       		.uleb128 0x7
 539 03db 1F020000 		.4byte	.LASF73
 540 03df 08       		.byte	0x8
 541 03e0 0A       		.byte	0xa
 542 03e1 45       		.byte	0x45
 543 03e2 08       		.byte	0x8
 544 03e3 02040000 		.4byte	0x402
 545 03e7 01       		.uleb128 0x1
 546 03e8 19000000 		.4byte	.LASF71
 547 03ec 0A       		.byte	0xa
 548 03ed 46       		.byte	0x46
 549 03ee 1A       		.byte	0x1a
 550 03ef 02040000 		.4byte	0x402
 551 03f3 00       		.byte	0
 552 03f4 01       		.uleb128 0x1
 553 03f5 5F000000 		.4byte	.LASF74
 554 03f9 0A       		.byte	0xa
 555 03fa 47       		.byte	0x47
 556 03fb 1A       		.byte	0x1a
 557 03fc 02040000 		.4byte	0x402
 558 0400 04       		.byte	0x4
 559 0401 00       		.byte	0
 560 0402 04       		.uleb128 0x4
 561 0403 CE030000 		.4byte	0x3ce
 562 0407 02       		.uleb128 0x2
 563 0408 95000000 		.4byte	.LASF75
 564 040c 0A       		.byte	0xa
 565 040d 4E       		.byte	0x4e
 566 040e 22       		.byte	0x22
 567 040f 13040000 		.4byte	0x413
 568 0413 07       		.uleb128 0x7
 569 0414 43080000 		.4byte	.LASF76
 570 0418 0C       		.byte	0xc
ARM GAS  /tmp/ccCPrn0v.s 			page 11


 571 0419 0A       		.byte	0xa
 572 041a 55       		.byte	0x55
 573 041b 08       		.byte	0x8
 574 041c 48040000 		.4byte	0x448
 575 0420 01       		.uleb128 0x1
 576 0421 19000000 		.4byte	.LASF71
 577 0425 0A       		.byte	0xa
 578 0426 56       		.byte	0x56
 579 0427 1A       		.byte	0x1a
 580 0428 48040000 		.4byte	0x448
 581 042c 00       		.byte	0
 582 042d 01       		.uleb128 0x1
 583 042e 5F000000 		.4byte	.LASF74
 584 0432 0A       		.byte	0xa
 585 0433 57       		.byte	0x57
 586 0434 1A       		.byte	0x1a
 587 0435 48040000 		.4byte	0x448
 588 0439 04       		.byte	0x4
 589 043a 01       		.uleb128 0x1
 590 043b EB050000 		.4byte	.LASF77
 591 043f 0A       		.byte	0xa
 592 0440 58       		.byte	0x58
 593 0441 19       		.byte	0x19
 594 0442 52010000 		.4byte	0x152
 595 0446 08       		.byte	0x8
 596 0447 00       		.byte	0
 597 0448 04       		.uleb128 0x4
 598 0449 07040000 		.4byte	0x407
 599 044d 02       		.uleb128 0x2
 600 044e 31020000 		.4byte	.LASF78
 601 0452 0A       		.byte	0xa
 602 0453 5F       		.byte	0x5f
 603 0454 1E       		.byte	0x1e
 604 0455 59040000 		.4byte	0x459
 605 0459 07       		.uleb128 0x7
 606 045a 91010000 		.4byte	.LASF79
 607 045e 0C       		.byte	0xc
 608 045f 0A       		.byte	0xa
 609 0460 64       		.byte	0x64
 610 0461 08       		.byte	0x8
 611 0462 8E040000 		.4byte	0x48e
 612 0466 01       		.uleb128 0x1
 613 0467 19000000 		.4byte	.LASF71
 614 046b 0A       		.byte	0xa
 615 046c 65       		.byte	0x65
 616 046d 1A       		.byte	0x1a
 617 046e 8E040000 		.4byte	0x48e
 618 0472 00       		.byte	0
 619 0473 01       		.uleb128 0x1
 620 0474 5F000000 		.4byte	.LASF74
 621 0478 0A       		.byte	0xa
 622 0479 66       		.byte	0x66
 623 047a 1A       		.byte	0x1a
 624 047b 8E040000 		.4byte	0x48e
 625 047f 04       		.byte	0x4
 626 0480 01       		.uleb128 0x1
 627 0481 1E000000 		.4byte	.LASF80
ARM GAS  /tmp/ccCPrn0v.s 			page 12


 628 0485 0A       		.byte	0xa
 629 0486 67       		.byte	0x67
 630 0487 19       		.byte	0x19
 631 0488 96030000 		.4byte	0x396
 632 048c 08       		.byte	0x8
 633 048d 00       		.byte	0
 634 048e 04       		.uleb128 0x4
 635 048f 4D040000 		.4byte	0x44d
 636 0493 16       		.uleb128 0x16
 637 0494 08       		.byte	0x8
 638 0495 83       		.byte	0x83
 639 0496 05       		.byte	0x5
 640 0497 B6040000 		.4byte	0x4b6
 641 049b 08       		.uleb128 0x8
 642 049c 6E747000 		.ascii	"ntp\000"
 643 04a0 0B       		.byte	0xb
 644 04a1 87       		.byte	0x87
 645 04a2 1E       		.byte	0x1e
 646 04a3 B6040000 		.4byte	0x4b6
 647 04a7 00       		.byte	0
 648 04a8 01       		.uleb128 0x1
 649 04a9 4C090000 		.4byte	.LASF81
 650 04ad 0B       		.byte	0xb
 651 04ae 8B       		.byte	0x8b
 652 04af 1E       		.byte	0x1e
 653 04b0 B8000000 		.4byte	0xb8
 654 04b4 04       		.byte	0x4
 655 04b5 00       		.byte	0
 656 04b6 04       		.uleb128 0x4
 657 04b7 8E010000 		.4byte	0x18e
 658 04bb 16       		.uleb128 0x16
 659 04bc 08       		.byte	0x8
 660 04bd 90       		.byte	0x90
 661 04be 05       		.byte	0x5
 662 04bf DD040000 		.4byte	0x4dd
 663 04c3 08       		.uleb128 0x8
 664 04c4 747000   		.ascii	"tp\000"
 665 04c7 0B       		.byte	0xb
 666 04c8 94       		.byte	0x94
 667 04c9 1E       		.byte	0x1e
 668 04ca B6040000 		.4byte	0x4b6
 669 04ce 00       		.byte	0
 670 04cf 08       		.uleb128 0x8
 671 04d0 6D736700 		.ascii	"msg\000"
 672 04d4 0B       		.byte	0xb
 673 04d5 98       		.byte	0x98
 674 04d6 1D       		.byte	0x1d
 675 04d7 5E010000 		.4byte	0x15e
 676 04db 04       		.byte	0x4
 677 04dc 00       		.byte	0
 678 04dd 16       		.uleb128 0x16
 679 04de 04       		.byte	0x4
 680 04df 9D       		.byte	0x9d
 681 04e0 05       		.byte	0x5
 682 04e1 F3040000 		.4byte	0x4f3
 683 04e5 01       		.uleb128 0x1
 684 04e6 7A030000 		.4byte	.LASF35
ARM GAS  /tmp/ccCPrn0v.s 			page 13


 685 04ea 0B       		.byte	0xb
 686 04eb A1       		.byte	0xa1
 687 04ec 1E       		.byte	0x1e
 688 04ed C6000000 		.4byte	0xc6
 689 04f1 00       		.byte	0
 690 04f2 00       		.byte	0
 691 04f3 16       		.uleb128 0x16
 692 04f4 04       		.byte	0x4
 693 04f5 A6       		.byte	0xa6
 694 04f6 05       		.byte	0x5
 695 04f7 09050000 		.4byte	0x509
 696 04fb 01       		.uleb128 0x1
 697 04fc 1D070000 		.4byte	.LASF82
 698 0500 0B       		.byte	0xb
 699 0501 AA       		.byte	0xaa
 700 0502 1E       		.byte	0x1e
 701 0503 C6000000 		.4byte	0xc6
 702 0507 00       		.byte	0
 703 0508 00       		.byte	0
 704 0509 16       		.uleb128 0x16
 705 050a 08       		.byte	0x8
 706 050b AF       		.byte	0xaf
 707 050c 05       		.byte	0x5
 708 050d 2C050000 		.4byte	0x52c
 709 0511 08       		.uleb128 0x8
 710 0512 75703100 		.ascii	"up1\000"
 711 0516 0B       		.byte	0xb
 712 0517 B3       		.byte	0xb3
 713 0518 1E       		.byte	0x1e
 714 0519 B8000000 		.4byte	0xb8
 715 051d 00       		.byte	0
 716 051e 08       		.uleb128 0x8
 717 051f 75703200 		.ascii	"up2\000"
 718 0523 0B       		.byte	0xb
 719 0524 B7       		.byte	0xb7
 720 0525 1E       		.byte	0x1e
 721 0526 B8000000 		.4byte	0xb8
 722 052a 04       		.byte	0x4
 723 052b 00       		.byte	0
 724 052c 1F       		.uleb128 0x1f
 725 052d 08       		.byte	0x8
 726 052e 0B       		.byte	0xb
 727 052f 7F       		.byte	0x7f
 728 0530 6A050000 		.4byte	0x56a
 729 0534 20       		.uleb128 0x20
 730 0535 737700   		.ascii	"sw\000"
 731 0538 8C       		.byte	0x8c
 732 0539 93040000 		.4byte	0x493
 733 053d 20       		.uleb128 0x20
 734 053e 72647900 		.ascii	"rdy\000"
 735 0542 99       		.byte	0x99
 736 0543 BB040000 		.4byte	0x4bb
 737 0547 20       		.uleb128 0x20
 738 0548 69737200 		.ascii	"isr\000"
 739 054c A2       		.byte	0xa2
 740 054d DD040000 		.4byte	0x4dd
 741 0551 14       		.uleb128 0x14
ARM GAS  /tmp/ccCPrn0v.s 			page 14


 742 0552 CC060000 		.4byte	.LASF83
 743 0556 0B       		.byte	0xb
 744 0557 AB       		.byte	0xab
 745 0558 07       		.byte	0x7
 746 0559 F3040000 		.4byte	0x4f3
 747 055d 14       		.uleb128 0x14
 748 055e 34060000 		.4byte	.LASF84
 749 0562 0B       		.byte	0xb
 750 0563 B8       		.byte	0xb8
 751 0564 07       		.byte	0x7
 752 0565 09050000 		.4byte	0x509
 753 0569 00       		.byte	0
 754 056a 16       		.uleb128 0x16
 755 056b 10       		.byte	0x10
 756 056c 6C       		.byte	0x6c
 757 056d 09       		.byte	0x9
 758 056e AF050000 		.4byte	0x5af
 759 0572 21       		.uleb128 0x21
 760 0573 90000000 		.4byte	.LASF85
 761 0577 70       		.byte	0x70
 762 0578 F9000000 		.4byte	0xf9
 763 057c 03       		.byte	0x3
 764 057d 00       		.byte	0
 765 057e 21       		.uleb128 0x21
 766 057f D6010000 		.4byte	.LASF38
 767 0583 74       		.byte	0x74
 768 0584 F9000000 		.4byte	0xf9
 769 0588 05       		.byte	0x5
 770 0589 03       		.byte	0x3
 771 058a 21       		.uleb128 0x21
 772 058b FB040000 		.4byte	.LASF86
 773 058f 7A       		.byte	0x7a
 774 0590 F9000000 		.4byte	0xf9
 775 0594 18       		.byte	0x18
 776 0595 08       		.byte	0x8
 777 0596 01       		.uleb128 0x1
 778 0597 E6050000 		.4byte	.LASF87
 779 059b 0B       		.byte	0xb
 780 059c 7E       		.byte	0x7e
 781 059d 19       		.byte	0x19
 782 059e 8A030000 		.4byte	0x38a
 783 05a2 04       		.byte	0x4
 784 05a3 08       		.uleb128 0x8
 785 05a4 7500     		.ascii	"u\000"
 786 05a6 0B       		.byte	0xb
 787 05a7 B9       		.byte	0xb9
 788 05a8 05       		.byte	0x5
 789 05a9 2C050000 		.4byte	0x52c
 790 05ad 08       		.byte	0x8
 791 05ae 00       		.byte	0
 792 05af 02       		.uleb128 0x2
 793 05b0 05080000 		.4byte	.LASF88
 794 05b4 0B       		.byte	0xb
 795 05b5 BA       		.byte	0xba
 796 05b6 03       		.byte	0x3
 797 05b7 6A050000 		.4byte	0x56a
 798 05bb 2B       		.uleb128 0x2b
ARM GAS  /tmp/ccCPrn0v.s 			page 15


 799 05bc 0808     		.2byte	0x808
 800 05be 0B       		.byte	0xb
 801 05bf C0       		.byte	0xc0
 802 05c0 09       		.byte	0x9
 803 05c1 FA050000 		.4byte	0x5fa
 804 05c5 01       		.uleb128 0x1
 805 05c6 B7050000 		.4byte	.LASF89
 806 05ca 0B       		.byte	0xb
 807 05cb C4       		.byte	0xc4
 808 05cc 19       		.byte	0x19
 809 05cd E1000000 		.4byte	0xe1
 810 05d1 00       		.byte	0
 811 05d2 01       		.uleb128 0x1
 812 05d3 48040000 		.4byte	.LASF90
 813 05d7 0B       		.byte	0xb
 814 05d8 C8       		.byte	0xc8
 815 05d9 19       		.byte	0x19
 816 05da E1000000 		.4byte	0xe1
 817 05de 02       		.byte	0x2
 818 05df 08       		.uleb128 0x8
 819 05e0 70747200 		.ascii	"ptr\000"
 820 05e4 0B       		.byte	0xb
 821 05e5 CC       		.byte	0xcc
 822 05e6 1A       		.byte	0x1a
 823 05e7 FA050000 		.4byte	0x5fa
 824 05eb 04       		.byte	0x4
 825 05ec 01       		.uleb128 0x1
 826 05ed D0070000 		.4byte	.LASF91
 827 05f1 0B       		.byte	0xb
 828 05f2 D0       		.byte	0xd0
 829 05f3 19       		.byte	0x19
 830 05f4 FF050000 		.4byte	0x5ff
 831 05f8 08       		.byte	0x8
 832 05f9 00       		.byte	0
 833 05fa 04       		.uleb128 0x4
 834 05fb AF050000 		.4byte	0x5af
 835 05ff 0F       		.uleb128 0xf
 836 0600 AF050000 		.4byte	0x5af
 837 0604 0F060000 		.4byte	0x60f
 838 0608 10       		.uleb128 0x10
 839 0609 36000000 		.4byte	0x36
 840 060d 7F       		.byte	0x7f
 841 060e 00       		.byte	0
 842 060f 02       		.uleb128 0x2
 843 0610 D1060000 		.4byte	.LASF92
 844 0614 0B       		.byte	0xb
 845 0615 D1       		.byte	0xd1
 846 0616 03       		.byte	0x3
 847 0617 BB050000 		.4byte	0x5bb
 848 061b 19       		.uleb128 0x19
 849 061c 64000000 		.4byte	.LASF93
 850 0620 24       		.byte	0x24
 851 0621 0C       		.byte	0xc
 852 0622 BB01     		.2byte	0x1bb
 853 0624 08       		.byte	0x8
 854 0625 A1060000 		.4byte	0x6a1
 855 0629 0B       		.uleb128 0xb
ARM GAS  /tmp/ccCPrn0v.s 			page 16


 856 062a 723400   		.ascii	"r4\000"
 857 062d 0C       		.byte	0xc
 858 062e CE01     		.2byte	0x1ce
 859 0630 11       		.byte	0x11
 860 0631 F9000000 		.4byte	0xf9
 861 0635 00       		.byte	0
 862 0636 0B       		.uleb128 0xb
 863 0637 723500   		.ascii	"r5\000"
 864 063a 0C       		.byte	0xc
 865 063b CF01     		.2byte	0x1cf
 866 063d 11       		.byte	0x11
 867 063e F9000000 		.4byte	0xf9
 868 0642 04       		.byte	0x4
 869 0643 0B       		.uleb128 0xb
 870 0644 723600   		.ascii	"r6\000"
 871 0647 0C       		.byte	0xc
 872 0648 D001     		.2byte	0x1d0
 873 064a 11       		.byte	0x11
 874 064b F9000000 		.4byte	0xf9
 875 064f 08       		.byte	0x8
 876 0650 0B       		.uleb128 0xb
 877 0651 723700   		.ascii	"r7\000"
 878 0654 0C       		.byte	0xc
 879 0655 D101     		.2byte	0x1d1
 880 0657 11       		.byte	0x11
 881 0658 F9000000 		.4byte	0xf9
 882 065c 0C       		.byte	0xc
 883 065d 0B       		.uleb128 0xb
 884 065e 723800   		.ascii	"r8\000"
 885 0661 0C       		.byte	0xc
 886 0662 D201     		.2byte	0x1d2
 887 0664 11       		.byte	0x11
 888 0665 F9000000 		.4byte	0xf9
 889 0669 10       		.byte	0x10
 890 066a 0B       		.uleb128 0xb
 891 066b 723900   		.ascii	"r9\000"
 892 066e 0C       		.byte	0xc
 893 066f D301     		.2byte	0x1d3
 894 0671 11       		.byte	0x11
 895 0672 F9000000 		.4byte	0xf9
 896 0676 14       		.byte	0x14
 897 0677 0B       		.uleb128 0xb
 898 0678 72313000 		.ascii	"r10\000"
 899 067c 0C       		.byte	0xc
 900 067d D401     		.2byte	0x1d4
 901 067f 11       		.byte	0x11
 902 0680 F9000000 		.4byte	0xf9
 903 0684 18       		.byte	0x18
 904 0685 0B       		.uleb128 0xb
 905 0686 72313100 		.ascii	"r11\000"
 906 068a 0C       		.byte	0xc
 907 068b D501     		.2byte	0x1d5
 908 068d 11       		.byte	0x11
 909 068e F9000000 		.4byte	0xf9
 910 0692 1C       		.byte	0x1c
 911 0693 0B       		.uleb128 0xb
 912 0694 6C7200   		.ascii	"lr\000"
ARM GAS  /tmp/ccCPrn0v.s 			page 17


 913 0697 0C       		.byte	0xc
 914 0698 D601     		.2byte	0x1d6
 915 069a 11       		.byte	0x11
 916 069b F9000000 		.4byte	0xf9
 917 069f 20       		.byte	0x20
 918 06a0 00       		.byte	0
 919 06a1 19       		.uleb128 0x19
 920 06a2 A9000000 		.4byte	.LASF94
 921 06a6 04       		.byte	0x4
 922 06a7 0C       		.byte	0xc
 923 06a8 DF01     		.2byte	0x1df
 924 06aa 08       		.byte	0x8
 925 06ab BD060000 		.4byte	0x6bd
 926 06af 0B       		.uleb128 0xb
 927 06b0 737000   		.ascii	"sp\000"
 928 06b3 0C       		.byte	0xc
 929 06b4 E001     		.2byte	0x1e0
 930 06b6 1A       		.byte	0x1a
 931 06b7 BD060000 		.4byte	0x6bd
 932 06bb 00       		.byte	0
 933 06bc 00       		.byte	0
 934 06bd 04       		.uleb128 0x4
 935 06be 1B060000 		.4byte	0x61b
 936 06c2 07       		.uleb128 0x7
 937 06c3 77050000 		.4byte	.LASF95
 938 06c7 18       		.byte	0x18
 939 06c8 06       		.byte	0x6
 940 06c9 64       		.byte	0x64
 941 06ca 10       		.byte	0x10
 942 06cb F7060000 		.4byte	0x6f7
 943 06cf 01       		.uleb128 0x1
 944 06d0 C0070000 		.4byte	.LASF96
 945 06d4 06       		.byte	0x6
 946 06d5 68       		.byte	0x68
 947 06d6 21       		.byte	0x21
 948 06d7 4D040000 		.4byte	0x44d
 949 06db 00       		.byte	0
 950 06dc 01       		.uleb128 0x1
 951 06dd C3060000 		.4byte	.LASF97
 952 06e1 06       		.byte	0x6
 953 06e2 73       		.byte	0x73
 954 06e3 21       		.byte	0x21
 955 06e4 8A030000 		.4byte	0x38a
 956 06e8 0C       		.byte	0xc
 957 06e9 01       		.uleb128 0x1
 958 06ea 03050000 		.4byte	.LASF98
 959 06ee 06       		.byte	0x6
 960 06ef 79       		.byte	0x79
 961 06f0 21       		.byte	0x21
 962 06f1 11010000 		.4byte	0x111
 963 06f5 10       		.byte	0x10
 964 06f6 00       		.byte	0
 965 06f7 02       		.uleb128 0x2
 966 06f8 FF000000 		.4byte	.LASF99
 967 06fc 06       		.byte	0x6
 968 06fd 7B       		.byte	0x7b
 969 06fe 03       		.byte	0x3
ARM GAS  /tmp/ccCPrn0v.s 			page 18


 970 06ff C2060000 		.4byte	0x6c2
 971 0703 07       		.uleb128 0x7
 972 0704 53020000 		.4byte	.LASF100
 973 0708 08       		.byte	0x8
 974 0709 06       		.byte	0x6
 975 070a 80       		.byte	0x80
 976 070b 10       		.byte	0x10
 977 070c 1E070000 		.4byte	0x71e
 978 0710 01       		.uleb128 0x1
 979 0711 7F030000 		.4byte	.LASF101
 980 0715 06       		.byte	0x6
 981 0716 84       		.byte	0x84
 982 0717 21       		.byte	0x21
 983 0718 CE030000 		.4byte	0x3ce
 984 071c 00       		.byte	0
 985 071d 00       		.byte	0
 986 071e 02       		.uleb128 0x2
 987 071f 31070000 		.4byte	.LASF102
 988 0723 06       		.byte	0x6
 989 0724 85       		.byte	0x85
 990 0725 03       		.byte	0x3
 991 0726 03070000 		.4byte	0x703
 992 072a 02       		.uleb128 0x2
 993 072b 64050000 		.4byte	.LASF103
 994 072f 06       		.byte	0x6
 995 0730 8A       		.byte	0x8a
 996 0731 14       		.byte	0x14
 997 0732 B6040000 		.4byte	0x4b6
 998 0736 07       		.uleb128 0x7
 999 0737 70000000 		.4byte	.LASF104
 1000 073b 08       		.byte	0x8
 1001 073c 06       		.byte	0x6
 1002 073d 8F       		.byte	0x8f
 1003 073e 10       		.byte	0x10
 1004 073f 51070000 		.4byte	0x751
 1005 0743 01       		.uleb128 0x1
 1006 0744 7F030000 		.4byte	.LASF101
 1007 0748 06       		.byte	0x6
 1008 0749 93       		.byte	0x93
 1009 074a 21       		.byte	0x21
 1010 074b CE030000 		.4byte	0x3ce
 1011 074f 00       		.byte	0
 1012 0750 00       		.byte	0
 1013 0751 02       		.uleb128 0x2
 1014 0752 DD080000 		.4byte	.LASF105
 1015 0756 06       		.byte	0x6
 1016 0757 94       		.byte	0x94
 1017 0758 03       		.byte	0x3
 1018 0759 36070000 		.4byte	0x736
 1019 075d 1F       		.uleb128 0x1f
 1020 075e 0C       		.byte	0xc
 1021 075f 06       		.byte	0x6
 1022 0760 A0       		.byte	0xa0
 1023 0761 8A070000 		.4byte	0x78a
 1024 0765 14       		.uleb128 0x14
 1025 0766 A3090000 		.4byte	.LASF106
 1026 076a 06       		.byte	0x6
ARM GAS  /tmp/ccCPrn0v.s 			page 19


 1027 076b A4       		.byte	0xa4
 1028 076c 21       		.byte	0x21
 1029 076d A2030000 		.4byte	0x3a2
 1030 0771 14       		.uleb128 0x14
 1031 0772 7F030000 		.4byte	.LASF101
 1032 0776 06       		.byte	0x6
 1033 0777 A8       		.byte	0xa8
 1034 0778 21       		.byte	0x21
 1035 0779 CE030000 		.4byte	0x3ce
 1036 077d 14       		.uleb128 0x14
 1037 077e EF070000 		.4byte	.LASF107
 1038 0782 06       		.byte	0x6
 1039 0783 AC       		.byte	0xac
 1040 0784 21       		.byte	0x21
 1041 0785 07040000 		.4byte	0x407
 1042 0789 00       		.byte	0
 1043 078a 1F       		.uleb128 0x1f
 1044 078b 04       		.byte	0x4
 1045 078c 06       		.byte	0x6
 1046 078d F0       		.byte	0xf0
 1047 078e F3070000 		.4byte	0x7f3
 1048 0792 14       		.uleb128 0x14
 1049 0793 24000000 		.4byte	.LASF108
 1050 0797 06       		.byte	0x6
 1051 0798 F7       		.byte	0xf7
 1052 0799 21       		.byte	0x21
 1053 079a 5E010000 		.4byte	0x15e
 1054 079e 14       		.uleb128 0x14
 1055 079f D7000000 		.4byte	.LASF109
 1056 07a3 06       		.byte	0x6
 1057 07a4 FE       		.byte	0xfe
 1058 07a5 21       		.byte	0x21
 1059 07a6 5E010000 		.4byte	0x15e
 1060 07aa 17       		.uleb128 0x17
 1061 07ab 4C090000 		.4byte	.LASF81
 1062 07af 0501     		.2byte	0x105
 1063 07b1 22       		.byte	0x22
 1064 07b2 B8000000 		.4byte	0xb8
 1065 07b6 17       		.uleb128 0x17
 1066 07b7 52030000 		.4byte	.LASF110
 1067 07bb 0C01     		.2byte	0x10c
 1068 07bd 22       		.byte	0x22
 1069 07be F3070000 		.4byte	0x7f3
 1070 07c2 17       		.uleb128 0x17
 1071 07c3 F7000000 		.4byte	.LASF111
 1072 07c7 1101     		.2byte	0x111
 1073 07c9 21       		.byte	0x21
 1074 07ca 5E010000 		.4byte	0x15e
 1075 07ce 17       		.uleb128 0x17
 1076 07cf 4B030000 		.4byte	.LASF112
 1077 07d3 1A01     		.2byte	0x11a
 1078 07d5 22       		.byte	0x22
 1079 07d6 20080000 		.4byte	0x820
 1080 07da 17       		.uleb128 0x17
 1081 07db 63070000 		.4byte	.LASF113
 1082 07df 2301     		.2byte	0x123
 1083 07e1 22       		.byte	0x22
ARM GAS  /tmp/ccCPrn0v.s 			page 20


 1084 07e2 5A080000 		.4byte	0x85a
 1085 07e6 17       		.uleb128 0x17
 1086 07e7 E0060000 		.4byte	.LASF114
 1087 07eb 2B01     		.2byte	0x12b
 1088 07ed 21       		.byte	0x21
 1089 07ee 6A010000 		.4byte	0x16a
 1090 07f2 00       		.byte	0
 1091 07f3 04       		.uleb128 0x4
 1092 07f4 2A070000 		.4byte	0x72a
 1093 07f8 07       		.uleb128 0x7
 1094 07f9 24070000 		.4byte	.LASF115
 1095 07fd 0C       		.byte	0xc
 1096 07fe 0D       		.byte	0xd
 1097 07ff 34       		.byte	0x34
 1098 0800 10       		.byte	0x10
 1099 0801 20080000 		.4byte	0x820
 1100 0805 01       		.uleb128 0x1
 1101 0806 7F030000 		.4byte	.LASF101
 1102 080a 0D       		.byte	0xd
 1103 080b 35       		.byte	0x35
 1104 080c 19       		.byte	0x19
 1105 080d CE030000 		.4byte	0x3ce
 1106 0811 00       		.byte	0
 1107 0812 08       		.uleb128 0x8
 1108 0813 636E7400 		.ascii	"cnt\000"
 1109 0817 0D       		.byte	0xd
 1110 0818 37       		.byte	0x37
 1111 0819 19       		.byte	0x19
 1112 081a 76010000 		.4byte	0x176
 1113 081e 08       		.byte	0x8
 1114 081f 00       		.byte	0
 1115 0820 04       		.uleb128 0x4
 1116 0821 F8070000 		.4byte	0x7f8
 1117 0825 07       		.uleb128 0x7
 1118 0826 ED080000 		.4byte	.LASF116
 1119 082a 10       		.byte	0x10
 1120 082b 0E       		.byte	0xe
 1121 082c 39       		.byte	0x39
 1122 082d 08       		.byte	0x8
 1123 082e 5A080000 		.4byte	0x85a
 1124 0832 01       		.uleb128 0x1
 1125 0833 7F030000 		.4byte	.LASF101
 1126 0837 0E       		.byte	0xe
 1127 0838 3A       		.byte	0x3a
 1128 0839 19       		.byte	0x19
 1129 083a CE030000 		.4byte	0x3ce
 1130 083e 00       		.byte	0
 1131 083f 01       		.uleb128 0x1
 1132 0840 7A070000 		.4byte	.LASF34
 1133 0844 0E       		.byte	0xe
 1134 0845 3C       		.byte	0x3c
 1135 0846 1A       		.byte	0x1a
 1136 0847 B6040000 		.4byte	0x4b6
 1137 084b 08       		.byte	0x8
 1138 084c 01       		.uleb128 0x1
 1139 084d 19000000 		.4byte	.LASF71
 1140 0851 0E       		.byte	0xe
ARM GAS  /tmp/ccCPrn0v.s 			page 21


 1141 0852 3E       		.byte	0x3e
 1142 0853 1A       		.byte	0x1a
 1143 0854 1B090000 		.4byte	0x91b
 1144 0858 0C       		.byte	0xc
 1145 0859 00       		.byte	0
 1146 085a 04       		.uleb128 0x4
 1147 085b 25080000 		.4byte	0x825
 1148 085f 04       		.uleb128 0x4
 1149 0860 84020000 		.4byte	0x284
 1150 0864 04       		.uleb128 0x4
 1151 0865 22010000 		.4byte	0x122
 1152 0869 19       		.uleb128 0x19
 1153 086a CC040000 		.4byte	.LASF117
 1154 086e 10       		.byte	0x10
 1155 086f 06       		.byte	0x6
 1156 0870 6101     		.2byte	0x161
 1157 0872 10       		.byte	0x10
 1158 0873 92080000 		.4byte	0x892
 1159 0877 05       		.uleb128 0x5
 1160 0878 EF070000 		.4byte	.LASF107
 1161 087c 6601     		.2byte	0x166
 1162 087e 21       		.byte	0x21
 1163 087f 07040000 		.4byte	0x407
 1164 0883 00       		.byte	0
 1165 0884 05       		.uleb128 0x5
 1166 0885 F0050000 		.4byte	.LASF118
 1167 0889 6A01     		.2byte	0x16a
 1168 088b 22       		.byte	0x22
 1169 088c B6040000 		.4byte	0x4b6
 1170 0890 0C       		.byte	0xc
 1171 0891 00       		.byte	0
 1172 0892 24       		.uleb128 0x24
 1173 0893 00000000 		.4byte	.LASF119
 1174 0897 6B01     		.2byte	0x16b
 1175 0899 69080000 		.4byte	0x869
 1176 089d 19       		.uleb128 0x19
 1177 089e C6050000 		.4byte	.LASF120
 1178 08a2 14       		.byte	0x14
 1179 08a3 06       		.byte	0x6
 1180 08a4 7001     		.2byte	0x170
 1181 08a6 10       		.byte	0x10
 1182 08a7 ED080000 		.4byte	0x8ed
 1183 08ab 05       		.uleb128 0x5
 1184 08ac 7A030000 		.4byte	.LASF35
 1185 08b0 7401     		.2byte	0x174
 1186 08b2 22       		.byte	0x22
 1187 08b3 C6000000 		.4byte	0xc6
 1188 08b7 00       		.byte	0
 1189 08b8 05       		.uleb128 0x5
 1190 08b9 E4020000 		.4byte	.LASF121
 1191 08bd 7A01     		.2byte	0x17a
 1192 08bf 22       		.byte	0x22
 1193 08c0 64080000 		.4byte	0x864
 1194 08c4 04       		.byte	0x4
 1195 08c5 05       		.uleb128 0x5
 1196 08c6 55080000 		.4byte	.LASF122
 1197 08ca 7E01     		.2byte	0x17e
ARM GAS  /tmp/ccCPrn0v.s 			page 22


 1198 08cc 22       		.byte	0x22
 1199 08cd 64080000 		.4byte	0x864
 1200 08d1 08       		.byte	0x8
 1201 08d2 05       		.uleb128 0x5
 1202 08d3 45000000 		.4byte	.LASF123
 1203 08d7 8401     		.2byte	0x184
 1204 08d9 22       		.byte	0x22
 1205 08da 64080000 		.4byte	0x864
 1206 08de 0C       		.byte	0xc
 1207 08df 05       		.uleb128 0x5
 1208 08e0 B2090000 		.4byte	.LASF124
 1209 08e4 8801     		.2byte	0x188
 1210 08e6 22       		.byte	0x22
 1211 08e7 64080000 		.4byte	0x864
 1212 08eb 10       		.byte	0x10
 1213 08ec 00       		.byte	0
 1214 08ed 24       		.uleb128 0x24
 1215 08ee C8080000 		.4byte	.LASF125
 1216 08f2 8A01     		.2byte	0x18a
 1217 08f4 9D080000 		.4byte	0x89d
 1218 08f8 0D       		.uleb128 0xd
 1219 08f9 ED080000 		.4byte	0x8ed
 1220 08fd 04       		.uleb128 0x4
 1221 08fe F8080000 		.4byte	0x8f8
 1222 0902 2C       		.uleb128 0x2c
 1223 0903 63683000 		.ascii	"ch0\000"
 1224 0907 14       		.byte	0x14
 1225 0908 4101     		.2byte	0x141
 1226 090a 16       		.byte	0x16
 1227 090b 84020000 		.4byte	0x284
 1228 090f 02       		.uleb128 0x2
 1229 0910 F4020000 		.4byte	.LASF126
 1230 0914 0E       		.byte	0xe
 1231 0915 34       		.byte	0x34
 1232 0916 19       		.byte	0x19
 1233 0917 25080000 		.4byte	0x825
 1234 091b 04       		.uleb128 0x4
 1235 091c 0F090000 		.4byte	0x90f
 1236 0920 04       		.uleb128 0x4
 1237 0921 D0000000 		.4byte	0xd0
 1238 0925 0A       		.uleb128 0xa
 1239 0926 01       		.byte	0x1
 1240 0927 02       		.byte	0x2
 1241 0928 6E060000 		.4byte	.LASF127
 1242 092c 04       		.uleb128 0x4
 1243 092d DC000000 		.4byte	0xdc
 1244 0931 02       		.uleb128 0x2
 1245 0932 D1020000 		.4byte	.LASF128
 1246 0936 0F       		.byte	0xf
 1247 0937 3F       		.byte	0x3f
 1248 0938 21       		.byte	0x21
 1249 0939 3D090000 		.4byte	0x93d
 1250 093d 07       		.uleb128 0x7
 1251 093e 80010000 		.4byte	.LASF129
 1252 0942 38       		.byte	0x38
 1253 0943 0F       		.byte	0xf
 1254 0944 4B       		.byte	0x4b
ARM GAS  /tmp/ccCPrn0v.s 			page 23


 1255 0945 08       		.byte	0x8
 1256 0946 F3090000 		.4byte	0x9f3
 1257 094a 01       		.uleb128 0x1
 1258 094b BD020000 		.4byte	.LASF41
 1259 094f 0F       		.byte	0xf
 1260 0950 4F       		.byte	0x4f
 1261 0951 19       		.byte	0x19
 1262 0952 51070000 		.4byte	0x751
 1263 0956 00       		.byte	0
 1264 0957 01       		.uleb128 0x1
 1265 0958 B7050000 		.4byte	.LASF89
 1266 095c 0F       		.byte	0xf
 1267 095d 53       		.byte	0x53
 1268 095e 19       		.byte	0x19
 1269 095f 25090000 		.4byte	0x925
 1270 0963 08       		.byte	0x8
 1271 0964 01       		.uleb128 0x1
 1272 0965 19060000 		.4byte	.LASF130
 1273 0969 0F       		.byte	0xf
 1274 096a 57       		.byte	0x57
 1275 096b 19       		.byte	0x19
 1276 096c 31000000 		.4byte	0x31
 1277 0970 0C       		.byte	0xc
 1278 0971 01       		.uleb128 0x1
 1279 0972 23010000 		.4byte	.LASF131
 1280 0976 0F       		.byte	0xf
 1281 0977 5B       		.byte	0x5b
 1282 0978 1A       		.byte	0x1a
 1283 0979 20090000 		.4byte	0x920
 1284 097d 10       		.byte	0x10
 1285 097e 01       		.uleb128 0x1
 1286 097f B6020000 		.4byte	.LASF132
 1287 0983 0F       		.byte	0xf
 1288 0984 5F       		.byte	0x5f
 1289 0985 1A       		.byte	0x1a
 1290 0986 20090000 		.4byte	0x920
 1291 098a 14       		.byte	0x14
 1292 098b 01       		.uleb128 0x1
 1293 098c C1050000 		.4byte	.LASF133
 1294 0990 0F       		.byte	0xf
 1295 0991 63       		.byte	0x63
 1296 0992 1A       		.byte	0x1a
 1297 0993 20090000 		.4byte	0x920
 1298 0997 18       		.byte	0x18
 1299 0998 01       		.uleb128 0x1
 1300 0999 8A060000 		.4byte	.LASF134
 1301 099d 0F       		.byte	0xf
 1302 099e 6A       		.byte	0x6a
 1303 099f 19       		.byte	0x19
 1304 09a0 25000000 		.4byte	0x25
 1305 09a4 1C       		.byte	0x1c
 1306 09a5 08       		.uleb128 0x8
 1307 09a6 626E00   		.ascii	"bn\000"
 1308 09a9 0F       		.byte	0xf
 1309 09aa 6E       		.byte	0x6e
 1310 09ab 19       		.byte	0x19
 1311 09ac 25000000 		.4byte	0x25
ARM GAS  /tmp/ccCPrn0v.s 			page 24


 1312 09b0 20       		.byte	0x20
 1313 09b1 01       		.uleb128 0x1
 1314 09b2 72030000 		.4byte	.LASF135
 1315 09b6 0F       		.byte	0xf
 1316 09b7 72       		.byte	0x72
 1317 09b8 1A       		.byte	0x1a
 1318 09b9 20090000 		.4byte	0x920
 1319 09bd 24       		.byte	0x24
 1320 09be 08       		.uleb128 0x8
 1321 09bf 70747200 		.ascii	"ptr\000"
 1322 09c3 0F       		.byte	0xf
 1323 09c4 77       		.byte	0x77
 1324 09c5 1A       		.byte	0x1a
 1325 09c6 20090000 		.4byte	0x920
 1326 09ca 28       		.byte	0x28
 1327 09cb 08       		.uleb128 0x8
 1328 09cc 746F7000 		.ascii	"top\000"
 1329 09d0 0F       		.byte	0xf
 1330 09d1 7B       		.byte	0x7b
 1331 09d2 1A       		.byte	0x1a
 1332 09d3 20090000 		.4byte	0x920
 1333 09d7 2C       		.byte	0x2c
 1334 09d8 01       		.uleb128 0x1
 1335 09d9 99070000 		.4byte	.LASF136
 1336 09dd 0F       		.byte	0xf
 1337 09de 7F       		.byte	0x7f
 1338 09df 19       		.byte	0x19
 1339 09e0 F3090000 		.4byte	0x9f3
 1340 09e4 30       		.byte	0x30
 1341 09e5 01       		.uleb128 0x1
 1342 09e6 9B020000 		.4byte	.LASF137
 1343 09ea 0F       		.byte	0xf
 1344 09eb 83       		.byte	0x83
 1345 09ec 1A       		.byte	0x1a
 1346 09ed B8000000 		.4byte	0xb8
 1347 09f1 34       		.byte	0x34
 1348 09f2 00       		.byte	0
 1349 09f3 02       		.uleb128 0x2
 1350 09f4 B7080000 		.4byte	.LASF138
 1351 09f8 0F       		.byte	0xf
 1352 09f9 46       		.byte	0x46
 1353 09fa 10       		.byte	0x10
 1354 09fb FF090000 		.4byte	0x9ff
 1355 09ff 04       		.uleb128 0x4
 1356 0a00 040A0000 		.4byte	0xa04
 1357 0a04 2D       		.uleb128 0x2d
 1358 0a05 0F0A0000 		.4byte	0xa0f
 1359 0a09 0C       		.uleb128 0xc
 1360 0a0a 0F0A0000 		.4byte	0xa0f
 1361 0a0e 00       		.byte	0
 1362 0a0f 04       		.uleb128 0x4
 1363 0a10 31090000 		.4byte	0x931
 1364 0a14 02       		.uleb128 0x2
 1365 0a15 A0020000 		.4byte	.LASF139
 1366 0a19 0F       		.byte	0xf
 1367 0a1a 89       		.byte	0x89
 1368 0a1b 1C       		.byte	0x1c
ARM GAS  /tmp/ccCPrn0v.s 			page 25


 1369 0a1c 31090000 		.4byte	0x931
 1370 0a20 02       		.uleb128 0x2
 1371 0a21 47060000 		.4byte	.LASF140
 1372 0a25 0F       		.byte	0xf
 1373 0a26 8E       		.byte	0x8e
 1374 0a27 1C       		.byte	0x1c
 1375 0a28 31090000 		.4byte	0x931
 1376 0a2c 2E       		.uleb128 0x2e
 1377 0a2d 05020000 		.4byte	.LASF141
 1378 0a31 10       		.byte	0x10
 1379 0a32 1F       		.byte	0x1f
 1380 0a33 09       		.byte	0x9
 1381 0a34 B8000000 		.4byte	0xb8
 1382 0a38 4C0A0000 		.4byte	0xa4c
 1383 0a3c 0C       		.uleb128 0xc
 1384 0a3d B8000000 		.4byte	0xb8
 1385 0a41 0C       		.uleb128 0xc
 1386 0a42 4C0A0000 		.4byte	0xa4c
 1387 0a46 0C       		.uleb128 0xc
 1388 0a47 25000000 		.4byte	0x25
 1389 0a4b 00       		.byte	0
 1390 0a4c 04       		.uleb128 0x4
 1391 0a4d 510A0000 		.4byte	0xa51
 1392 0a51 2F       		.uleb128 0x2f
 1393 0a52 30       		.uleb128 0x30
 1394 0a53 E3090000 		.4byte	.LASF142
 1395 0a57 11       		.byte	0x11
 1396 0a58 4101     		.2byte	0x141
 1397 0a5a 09       		.byte	0x9
 1398 0a5b 5E010000 		.4byte	0x15e
 1399 0a5f 6E0A0000 		.4byte	0xa6e
 1400 0a63 0C       		.uleb128 0xc
 1401 0a64 6E0A0000 		.4byte	0xa6e
 1402 0a68 0C       		.uleb128 0xc
 1403 0a69 96030000 		.4byte	0x396
 1404 0a6d 00       		.byte	0
 1405 0a6e 04       		.uleb128 0x4
 1406 0a6f 51070000 		.4byte	0x751
 1407 0a73 1A       		.uleb128 0x1a
 1408 0a74 49070000 		.4byte	.LASF143
 1409 0a78 AE       		.byte	0xae
 1410 0a79 1A       		.uleb128 0x1a
 1411 0a7a 38030000 		.4byte	.LASF144
 1412 0a7e A8       		.byte	0xa8
 1413 0a7f 1A       		.uleb128 0x1a
 1414 0a80 08060000 		.4byte	.LASF145
 1415 0a84 A7       		.byte	0xa7
 1416 0a85 22       		.uleb128 0x22
 1417 0a86 41020000 		.4byte	.LASF146
 1418 0a8a 4201     		.2byte	0x142
 1419 0a8c 9B0A0000 		.4byte	0xa9b
 1420 0a90 0C       		.uleb128 0xc
 1421 0a91 6E0A0000 		.4byte	0xa6e
 1422 0a95 0C       		.uleb128 0xc
 1423 0a96 5E010000 		.4byte	0x15e
 1424 0a9a 00       		.byte	0
 1425 0a9b 22       		.uleb128 0x22
ARM GAS  /tmp/ccCPrn0v.s 			page 26


 1426 0a9c 34000000 		.4byte	.LASF147
 1427 0aa0 4301     		.2byte	0x143
 1428 0aa2 B10A0000 		.4byte	0xab1
 1429 0aa6 0C       		.uleb128 0xc
 1430 0aa7 6E0A0000 		.4byte	0xa6e
 1431 0aab 0C       		.uleb128 0xc
 1432 0aac 5E010000 		.4byte	0x15e
 1433 0ab0 00       		.byte	0
 1434 0ab1 1A       		.uleb128 0x1a
 1435 0ab2 91040000 		.4byte	.LASF148
 1436 0ab6 AD       		.byte	0xad
 1437 0ab7 22       		.uleb128 0x22
 1438 0ab8 0D050000 		.4byte	.LASF149
 1439 0abc 3F01     		.2byte	0x13f
 1440 0abe C80A0000 		.4byte	0xac8
 1441 0ac2 0C       		.uleb128 0xc
 1442 0ac3 6E0A0000 		.4byte	0xa6e
 1443 0ac7 00       		.byte	0
 1444 0ac8 31       		.uleb128 0x31
 1445 0ac9 B6000000 		.4byte	.LASF150
 1446 0acd 05       		.byte	0x5
 1447 0ace E7       		.byte	0xe7
 1448 0acf 08       		.byte	0x8
 1449 0ad0 DA0A0000 		.4byte	0xada
 1450 0ad4 0C       		.uleb128 0xc
 1451 0ad5 C6000000 		.4byte	0xc6
 1452 0ad9 00       		.byte	0
 1453 0ada 15       		.uleb128 0x15
 1454 0adb 13030000 		.4byte	.LASF156
 1455 0adf 4003     		.2byte	0x340
 1456 0ae1 06       		.byte	0x6
 1457 0ae2 010B0000 		.4byte	0xb01
 1458 0ae6 03       		.uleb128 0x3
 1459 0ae7 20090000 		.4byte	.LASF152
 1460 0aeb 12       		.byte	0x12
 1461 0aec 4003     		.2byte	0x340
 1462 0aee 27       		.byte	0x27
 1463 0aef 010B0000 		.4byte	0xb01
 1464 0af3 11       		.uleb128 0x11
 1465 0af4 1B       		.uleb128 0x1b
 1466 0af5 48040000 		.4byte	.LASF90
 1467 0af9 4603     		.2byte	0x346
 1468 0afb 25000000 		.4byte	0x25
 1469 0aff 00       		.byte	0
 1470 0b00 00       		.byte	0
 1471 0b01 04       		.uleb128 0x4
 1472 0b02 200A0000 		.4byte	0xa20
 1473 0b06 12       		.uleb128 0x12
 1474 0b07 3C070000 		.4byte	.LASF151
 1475 0b0b 1B03     		.2byte	0x31b
 1476 0b0d 06       		.byte	0x6
 1477 0b0e 25090000 		.4byte	0x925
 1478 0b12 310B0000 		.4byte	0xb31
 1479 0b16 03       		.uleb128 0x3
 1480 0b17 20090000 		.4byte	.LASF152
 1481 0b1b 12       		.byte	0x12
 1482 0b1c 1B03     		.2byte	0x31b
ARM GAS  /tmp/ccCPrn0v.s 			page 27


 1483 0b1e 2B       		.byte	0x2b
 1484 0b1f 010B0000 		.4byte	0xb01
 1485 0b23 11       		.uleb128 0x11
 1486 0b24 1B       		.uleb128 0x1b
 1487 0b25 48040000 		.4byte	.LASF90
 1488 0b29 2203     		.2byte	0x322
 1489 0b2b 25000000 		.4byte	0x25
 1490 0b2f 00       		.byte	0
 1491 0b30 00       		.byte	0
 1492 0b31 12       		.uleb128 0x12
 1493 0b32 FF060000 		.4byte	.LASF153
 1494 0b36 D102     		.2byte	0x2d1
 1495 0b38 08       		.byte	0x8
 1496 0b39 25000000 		.4byte	0x25
 1497 0b3d A10B0000 		.4byte	0xba1
 1498 0b41 03       		.uleb128 0x3
 1499 0b42 20090000 		.4byte	.LASF152
 1500 0b46 12       		.byte	0x12
 1501 0b47 D102     		.2byte	0x2d1
 1502 0b49 30       		.byte	0x30
 1503 0b4a 010B0000 		.4byte	0xb01
 1504 0b4e 09       		.uleb128 0x9
 1505 0b4f 627000   		.ascii	"bp\000"
 1506 0b52 12       		.byte	0x12
 1507 0b53 D102     		.2byte	0x2d1
 1508 0b55 45       		.byte	0x45
 1509 0b56 2C090000 		.4byte	0x92c
 1510 0b5a 09       		.uleb128 0x9
 1511 0b5b 6E00     		.ascii	"n\000"
 1512 0b5d 12       		.byte	0x12
 1513 0b5e D202     		.2byte	0x2d2
 1514 0b60 1F       		.byte	0x1f
 1515 0b61 25000000 		.4byte	0x25
 1516 0b65 03       		.uleb128 0x3
 1517 0b66 6A030000 		.4byte	.LASF154
 1518 0b6a 12       		.byte	0x12
 1519 0b6b D202     		.2byte	0x2d2
 1520 0b6d 30       		.byte	0x30
 1521 0b6e 96030000 		.4byte	0x396
 1522 0b72 13       		.uleb128 0x13
 1523 0b73 7700     		.ascii	"w\000"
 1524 0b75 D302     		.2byte	0x2d3
 1525 0b77 0A       		.byte	0xa
 1526 0b78 25000000 		.4byte	0x25
 1527 0b7c 0E       		.uleb128 0xe
 1528 0b7d EC060000 		.4byte	.LASF158
 1529 0b81 B10B0000 		.4byte	0xbb1
 1530 0b85 11       		.uleb128 0x11
 1531 0b86 1B       		.uleb128 0x1b
 1532 0b87 48040000 		.4byte	.LASF90
 1533 0b8b DA02     		.2byte	0x2da
 1534 0b8d 25000000 		.4byte	0x25
 1535 0b91 11       		.uleb128 0x11
 1536 0b92 13       		.uleb128 0x13
 1537 0b93 6D736700 		.ascii	"msg\000"
 1538 0b97 DE02     		.2byte	0x2de
 1539 0b99 0D       		.byte	0xd
ARM GAS  /tmp/ccCPrn0v.s 			page 28


 1540 0b9a 5E010000 		.4byte	0x15e
 1541 0b9e 00       		.byte	0
 1542 0b9f 00       		.byte	0
 1543 0ba0 00       		.byte	0
 1544 0ba1 0F       		.uleb128 0xf
 1545 0ba2 C1000000 		.4byte	0xc1
 1546 0ba6 B10B0000 		.4byte	0xbb1
 1547 0baa 10       		.uleb128 0x10
 1548 0bab 36000000 		.4byte	0x36
 1549 0baf 0F       		.byte	0xf
 1550 0bb0 00       		.byte	0
 1551 0bb1 0D       		.uleb128 0xd
 1552 0bb2 A10B0000 		.4byte	0xba1
 1553 0bb6 12       		.uleb128 0x12
 1554 0bb7 C8010000 		.4byte	.LASF155
 1555 0bbb 9F02     		.2byte	0x29f
 1556 0bbd 07       		.byte	0x7
 1557 0bbe 5E010000 		.4byte	0x15e
 1558 0bc2 F80B0000 		.4byte	0xbf8
 1559 0bc6 03       		.uleb128 0x3
 1560 0bc7 20090000 		.4byte	.LASF152
 1561 0bcb 12       		.byte	0x12
 1562 0bcc 9F02     		.2byte	0x29f
 1563 0bce 2D       		.byte	0x2d
 1564 0bcf 010B0000 		.4byte	0xb01
 1565 0bd3 09       		.uleb128 0x9
 1566 0bd4 6200     		.ascii	"b\000"
 1567 0bd6 12       		.byte	0x12
 1568 0bd7 9F02     		.2byte	0x29f
 1569 0bd9 3B       		.byte	0x3b
 1570 0bda D0000000 		.4byte	0xd0
 1571 0bde 03       		.uleb128 0x3
 1572 0bdf 6A030000 		.4byte	.LASF154
 1573 0be3 12       		.byte	0x12
 1574 0be4 A002     		.2byte	0x2a0
 1575 0be6 23       		.byte	0x23
 1576 0be7 96030000 		.4byte	0x396
 1577 0beb 13       		.uleb128 0x13
 1578 0bec 6D736700 		.ascii	"msg\000"
 1579 0bf0 A102     		.2byte	0x2a1
 1580 0bf2 09       		.byte	0x9
 1581 0bf3 5E010000 		.4byte	0x15e
 1582 0bf7 00       		.byte	0
 1583 0bf8 15       		.uleb128 0x15
 1584 0bf9 75040000 		.4byte	.LASF157
 1585 0bfd 7202     		.2byte	0x272
 1586 0bff 06       		.byte	0x6
 1587 0c00 280C0000 		.4byte	0xc28
 1588 0c04 03       		.uleb128 0x3
 1589 0c05 20090000 		.4byte	.LASF152
 1590 0c09 12       		.byte	0x12
 1591 0c0a 7202     		.2byte	0x272
 1592 0c0c 31       		.byte	0x31
 1593 0c0d 010B0000 		.4byte	0xb01
 1594 0c11 03       		.uleb128 0x3
 1595 0c12 48040000 		.4byte	.LASF90
 1596 0c16 12       		.byte	0x12
ARM GAS  /tmp/ccCPrn0v.s 			page 29


 1597 0c17 7202     		.2byte	0x272
 1598 0c19 3E       		.byte	0x3e
 1599 0c1a 25000000 		.4byte	0x25
 1600 0c1e 0E       		.uleb128 0xe
 1601 0c1f EC060000 		.4byte	.LASF158
 1602 0c23 380C0000 		.4byte	0xc38
 1603 0c27 00       		.byte	0
 1604 0c28 0F       		.uleb128 0xf
 1605 0c29 C1000000 		.4byte	0xc1
 1606 0c2d 380C0000 		.4byte	0xc38
 1607 0c31 10       		.uleb128 0x10
 1608 0c32 36000000 		.4byte	0x36
 1609 0c36 12       		.byte	0x12
 1610 0c37 00       		.byte	0
 1611 0c38 0D       		.uleb128 0xd
 1612 0c39 280C0000 		.4byte	0xc28
 1613 0c3d 15       		.uleb128 0x15
 1614 0c3e 5F020000 		.4byte	.LASF159
 1615 0c42 6202     		.2byte	0x262
 1616 0c44 06       		.byte	0x6
 1617 0c45 640C0000 		.4byte	0xc64
 1618 0c49 03       		.uleb128 0x3
 1619 0c4a 20090000 		.4byte	.LASF152
 1620 0c4e 12       		.byte	0x12
 1621 0c4f 6202     		.2byte	0x262
 1622 0c51 30       		.byte	0x30
 1623 0c52 010B0000 		.4byte	0xb01
 1624 0c56 03       		.uleb128 0x3
 1625 0c57 48040000 		.4byte	.LASF90
 1626 0c5b 12       		.byte	0x12
 1627 0c5c 6202     		.2byte	0x262
 1628 0c5e 3D       		.byte	0x3d
 1629 0c5f 25000000 		.4byte	0x25
 1630 0c63 00       		.byte	0
 1631 0c64 12       		.uleb128 0x12
 1632 0c65 C9090000 		.4byte	.LASF160
 1633 0c69 4102     		.2byte	0x241
 1634 0c6b 07       		.byte	0x7
 1635 0c6c 5E010000 		.4byte	0x15e
 1636 0c70 A60C0000 		.4byte	0xca6
 1637 0c74 03       		.uleb128 0x3
 1638 0c75 20090000 		.4byte	.LASF152
 1639 0c79 12       		.byte	0x12
 1640 0c7a 4102     		.2byte	0x241
 1641 0c7c 39       		.byte	0x39
 1642 0c7d 010B0000 		.4byte	0xb01
 1643 0c81 03       		.uleb128 0x3
 1644 0c82 6A030000 		.4byte	.LASF154
 1645 0c86 12       		.byte	0x12
 1646 0c87 4202     		.2byte	0x242
 1647 0c89 2F       		.byte	0x2f
 1648 0c8a 96030000 		.4byte	0x396
 1649 0c8e 0E       		.uleb128 0xe
 1650 0c8f EC060000 		.4byte	.LASF158
 1651 0c93 B60C0000 		.4byte	0xcb6
 1652 0c97 11       		.uleb128 0x11
 1653 0c98 13       		.uleb128 0x13
ARM GAS  /tmp/ccCPrn0v.s 			page 30


 1654 0c99 6D736700 		.ascii	"msg\000"
 1655 0c9d 4A02     		.2byte	0x24a
 1656 0c9f 0B       		.byte	0xb
 1657 0ca0 5E010000 		.4byte	0x15e
 1658 0ca4 00       		.byte	0
 1659 0ca5 00       		.byte	0
 1660 0ca6 0F       		.uleb128 0xf
 1661 0ca7 C1000000 		.4byte	0xc1
 1662 0cab B60C0000 		.4byte	0xcb6
 1663 0caf 10       		.uleb128 0x10
 1664 0cb0 36000000 		.4byte	0x36
 1665 0cb4 19       		.byte	0x19
 1666 0cb5 00       		.byte	0
 1667 0cb6 0D       		.uleb128 0xd
 1668 0cb7 A60C0000 		.4byte	0xca6
 1669 0cbb 12       		.uleb128 0x12
 1670 0cbc 33090000 		.4byte	.LASF161
 1671 0cc0 2102     		.2byte	0x221
 1672 0cc2 07       		.byte	0x7
 1673 0cc3 5E010000 		.4byte	0x15e
 1674 0cc7 F20C0000 		.4byte	0xcf2
 1675 0ccb 03       		.uleb128 0x3
 1676 0ccc 20090000 		.4byte	.LASF152
 1677 0cd0 12       		.byte	0x12
 1678 0cd1 2102     		.2byte	0x221
 1679 0cd3 38       		.byte	0x38
 1680 0cd4 010B0000 		.4byte	0xb01
 1681 0cd8 03       		.uleb128 0x3
 1682 0cd9 6A030000 		.4byte	.LASF154
 1683 0cdd 12       		.byte	0x12
 1684 0cde 2202     		.2byte	0x222
 1685 0ce0 2E       		.byte	0x2e
 1686 0ce1 96030000 		.4byte	0x396
 1687 0ce5 13       		.uleb128 0x13
 1688 0ce6 6D736700 		.ascii	"msg\000"
 1689 0cea 2302     		.2byte	0x223
 1690 0cec 09       		.byte	0x9
 1691 0ced 5E010000 		.4byte	0x15e
 1692 0cf1 00       		.byte	0
 1693 0cf2 15       		.uleb128 0x15
 1694 0cf3 03090000 		.4byte	.LASF162
 1695 0cf7 FC01     		.2byte	0x1fc
 1696 0cf9 06       		.byte	0x6
 1697 0cfa 150D0000 		.4byte	0xd15
 1698 0cfe 03       		.uleb128 0x3
 1699 0cff 20090000 		.4byte	.LASF152
 1700 0d03 12       		.byte	0x12
 1701 0d04 FC01     		.2byte	0x1fc
 1702 0d06 35       		.byte	0x35
 1703 0d07 010B0000 		.4byte	0xb01
 1704 0d0b 0E       		.uleb128 0xe
 1705 0d0c EC060000 		.4byte	.LASF158
 1706 0d10 250D0000 		.4byte	0xd25
 1707 0d14 00       		.byte	0
 1708 0d15 0F       		.uleb128 0xf
 1709 0d16 C1000000 		.4byte	0xc1
 1710 0d1a 250D0000 		.4byte	0xd25
ARM GAS  /tmp/ccCPrn0v.s 			page 31


 1711 0d1e 10       		.uleb128 0x10
 1712 0d1f 36000000 		.4byte	0x36
 1713 0d23 16       		.byte	0x16
 1714 0d24 00       		.byte	0
 1715 0d25 0D       		.uleb128 0xd
 1716 0d26 150D0000 		.4byte	0xd15
 1717 0d2a 12       		.uleb128 0x12
 1718 0d2b 2A010000 		.4byte	.LASF163
 1719 0d2f E601     		.2byte	0x1e6
 1720 0d31 0A       		.byte	0xa
 1721 0d32 20090000 		.4byte	0x920
 1722 0d36 550D0000 		.4byte	0xd55
 1723 0d3a 03       		.uleb128 0x3
 1724 0d3b 20090000 		.4byte	.LASF152
 1725 0d3f 12       		.byte	0x12
 1726 0d40 E601     		.2byte	0x1e6
 1727 0d42 34       		.byte	0x34
 1728 0d43 010B0000 		.4byte	0xb01
 1729 0d47 03       		.uleb128 0x3
 1730 0d48 53090000 		.4byte	.LASF164
 1731 0d4c 12       		.byte	0x12
 1732 0d4d E701     		.2byte	0x1e7
 1733 0d4f 24       		.byte	0x24
 1734 0d50 550D0000 		.4byte	0xd55
 1735 0d54 00       		.byte	0
 1736 0d55 04       		.uleb128 0x4
 1737 0d56 25000000 		.4byte	0x25
 1738 0d5a 15       		.uleb128 0x15
 1739 0d5b DC050000 		.4byte	.LASF165
 1740 0d5f CF01     		.2byte	0x1cf
 1741 0d61 06       		.byte	0x6
 1742 0d62 740D0000 		.4byte	0xd74
 1743 0d66 03       		.uleb128 0x3
 1744 0d67 20090000 		.4byte	.LASF152
 1745 0d6b 12       		.byte	0x12
 1746 0d6c CF01     		.2byte	0x1cf
 1747 0d6e 28       		.byte	0x28
 1748 0d6f 010B0000 		.4byte	0xb01
 1749 0d73 00       		.byte	0
 1750 0d74 15       		.uleb128 0x15
 1751 0d75 5B010000 		.4byte	.LASF166
 1752 0d79 B001     		.2byte	0x1b0
 1753 0d7b 06       		.byte	0x6
 1754 0d7c E20D0000 		.4byte	0xde2
 1755 0d80 03       		.uleb128 0x3
 1756 0d81 20090000 		.4byte	.LASF152
 1757 0d85 12       		.byte	0x12
 1758 0d86 B001     		.2byte	0x1b0
 1759 0d88 2C       		.byte	0x2c
 1760 0d89 010B0000 		.4byte	0xb01
 1761 0d8d 03       		.uleb128 0x3
 1762 0d8e B7050000 		.4byte	.LASF89
 1763 0d92 12       		.byte	0x12
 1764 0d93 B001     		.2byte	0x1b0
 1765 0d95 37       		.byte	0x37
 1766 0d96 25090000 		.4byte	0x925
 1767 0d9a 09       		.uleb128 0x9
ARM GAS  /tmp/ccCPrn0v.s 			page 32


 1768 0d9b 627000   		.ascii	"bp\000"
 1769 0d9e 12       		.byte	0x12
 1770 0d9f B001     		.2byte	0x1b0
 1771 0da1 4B       		.byte	0x4b
 1772 0da2 20090000 		.4byte	0x920
 1773 0da6 03       		.uleb128 0x3
 1774 0da7 48040000 		.4byte	.LASF90
 1775 0dab 12       		.byte	0x12
 1776 0dac B101     		.2byte	0x1b1
 1777 0dae 1B       		.byte	0x1b
 1778 0daf 25000000 		.4byte	0x25
 1779 0db3 09       		.uleb128 0x9
 1780 0db4 6E00     		.ascii	"n\000"
 1781 0db6 12       		.byte	0x12
 1782 0db7 B101     		.2byte	0x1b1
 1783 0db9 28       		.byte	0x28
 1784 0dba 25000000 		.4byte	0x25
 1785 0dbe 03       		.uleb128 0x3
 1786 0dbf 0D000000 		.4byte	.LASF167
 1787 0dc3 12       		.byte	0x12
 1788 0dc4 B101     		.2byte	0x1b1
 1789 0dc6 36       		.byte	0x36
 1790 0dc7 F3090000 		.4byte	0x9f3
 1791 0dcb 03       		.uleb128 0x3
 1792 0dcc 9B020000 		.4byte	.LASF137
 1793 0dd0 12       		.byte	0x12
 1794 0dd1 B101     		.2byte	0x1b1
 1795 0dd3 42       		.byte	0x42
 1796 0dd4 B8000000 		.4byte	0xb8
 1797 0dd8 0E       		.uleb128 0xe
 1798 0dd9 EC060000 		.4byte	.LASF158
 1799 0ddd F20D0000 		.4byte	0xdf2
 1800 0de1 00       		.byte	0
 1801 0de2 0F       		.uleb128 0xf
 1802 0de3 C1000000 		.4byte	0xc1
 1803 0de7 F20D0000 		.4byte	0xdf2
 1804 0deb 10       		.uleb128 0x10
 1805 0dec 36000000 		.4byte	0x36
 1806 0df0 0D       		.byte	0xd
 1807 0df1 00       		.byte	0
 1808 0df2 0D       		.uleb128 0xd
 1809 0df3 E20D0000 		.4byte	0xde2
 1810 0df7 12       		.uleb128 0x12
 1811 0df8 EE010000 		.4byte	.LASF168
 1812 0dfc 6601     		.2byte	0x166
 1813 0dfe 08       		.byte	0x8
 1814 0dff 25000000 		.4byte	0x25
 1815 0e03 670E0000 		.4byte	0xe67
 1816 0e07 03       		.uleb128 0x3
 1817 0e08 03060000 		.4byte	.LASF169
 1818 0e0c 12       		.byte	0x12
 1819 0e0d 6601     		.2byte	0x166
 1820 0e0f 2E       		.byte	0x2e
 1821 0e10 670E0000 		.4byte	0xe67
 1822 0e14 09       		.uleb128 0x9
 1823 0e15 627000   		.ascii	"bp\000"
 1824 0e18 12       		.byte	0x12
ARM GAS  /tmp/ccCPrn0v.s 			page 33


 1825 0e19 6601     		.2byte	0x166
 1826 0e1b 3D       		.byte	0x3d
 1827 0e1c 20090000 		.4byte	0x920
 1828 0e20 09       		.uleb128 0x9
 1829 0e21 6E00     		.ascii	"n\000"
 1830 0e23 12       		.byte	0x12
 1831 0e24 6701     		.2byte	0x167
 1832 0e26 1E       		.byte	0x1e
 1833 0e27 25000000 		.4byte	0x25
 1834 0e2b 03       		.uleb128 0x3
 1835 0e2c 6A030000 		.4byte	.LASF154
 1836 0e30 12       		.byte	0x12
 1837 0e31 6701     		.2byte	0x167
 1838 0e33 2F       		.byte	0x2f
 1839 0e34 96030000 		.4byte	0x396
 1840 0e38 13       		.uleb128 0x13
 1841 0e39 7200     		.ascii	"r\000"
 1842 0e3b 6801     		.2byte	0x168
 1843 0e3d 0A       		.byte	0xa
 1844 0e3e 25000000 		.4byte	0x25
 1845 0e42 0E       		.uleb128 0xe
 1846 0e43 EC060000 		.4byte	.LASF158
 1847 0e47 7C0E0000 		.4byte	0xe7c
 1848 0e4b 11       		.uleb128 0x11
 1849 0e4c 1B       		.uleb128 0x1b
 1850 0e4d 48040000 		.4byte	.LASF90
 1851 0e51 6F01     		.2byte	0x16f
 1852 0e53 25000000 		.4byte	0x25
 1853 0e57 11       		.uleb128 0x11
 1854 0e58 13       		.uleb128 0x13
 1855 0e59 6D736700 		.ascii	"msg\000"
 1856 0e5d 7301     		.2byte	0x173
 1857 0e5f 0D       		.byte	0xd
 1858 0e60 5E010000 		.4byte	0x15e
 1859 0e64 00       		.byte	0
 1860 0e65 00       		.byte	0
 1861 0e66 00       		.byte	0
 1862 0e67 04       		.uleb128 0x4
 1863 0e68 140A0000 		.4byte	0xa14
 1864 0e6c 0F       		.uleb128 0xf
 1865 0e6d C1000000 		.4byte	0xc1
 1866 0e71 7C0E0000 		.4byte	0xe7c
 1867 0e75 10       		.uleb128 0x10
 1868 0e76 36000000 		.4byte	0x36
 1869 0e7a 0E       		.byte	0xe
 1870 0e7b 00       		.byte	0
 1871 0e7c 0D       		.uleb128 0xd
 1872 0e7d 6C0E0000 		.4byte	0xe6c
 1873 0e81 12       		.uleb128 0x12
 1874 0e82 9F010000 		.4byte	.LASF170
 1875 0e86 3501     		.2byte	0x135
 1876 0e88 07       		.byte	0x7
 1877 0e89 5E010000 		.4byte	0x15e
 1878 0e8d B80E0000 		.4byte	0xeb8
 1879 0e91 03       		.uleb128 0x3
 1880 0e92 03060000 		.4byte	.LASF169
 1881 0e96 12       		.byte	0x12
ARM GAS  /tmp/ccCPrn0v.s 			page 34


 1882 0e97 3501     		.2byte	0x135
 1883 0e99 2C       		.byte	0x2c
 1884 0e9a 670E0000 		.4byte	0xe67
 1885 0e9e 03       		.uleb128 0x3
 1886 0e9f 6A030000 		.4byte	.LASF154
 1887 0ea3 12       		.byte	0x12
 1888 0ea4 3501     		.2byte	0x135
 1889 0ea6 40       		.byte	0x40
 1890 0ea7 96030000 		.4byte	0x396
 1891 0eab 13       		.uleb128 0x13
 1892 0eac 6D736700 		.ascii	"msg\000"
 1893 0eb0 3601     		.2byte	0x136
 1894 0eb2 09       		.byte	0x9
 1895 0eb3 5E010000 		.4byte	0x15e
 1896 0eb7 00       		.byte	0
 1897 0eb8 15       		.uleb128 0x15
 1898 0eb9 E0000000 		.4byte	.LASF171
 1899 0ebd 0D01     		.2byte	0x10d
 1900 0ebf 08       		.byte	0x8
 1901 0ec0 DB0E0000 		.4byte	0xedb
 1902 0ec4 03       		.uleb128 0x3
 1903 0ec5 03060000 		.4byte	.LASF169
 1904 0ec9 12       		.byte	0x12
 1905 0eca 0D01     		.2byte	0x10d
 1906 0ecc 36       		.byte	0x36
 1907 0ecd 670E0000 		.4byte	0xe67
 1908 0ed1 0E       		.uleb128 0xe
 1909 0ed2 EC060000 		.4byte	.LASF158
 1910 0ed6 250D0000 		.4byte	0xd25
 1911 0eda 00       		.byte	0
 1912 0edb 1C       		.uleb128 0x1c
 1913 0edc 59090000 		.4byte	.LASF172
 1914 0ee0 FE       		.byte	0xfe
 1915 0ee1 F10E0000 		.4byte	0xef1
 1916 0ee5 06       		.uleb128 0x6
 1917 0ee6 03060000 		.4byte	.LASF169
 1918 0eea FE       		.byte	0xfe
 1919 0eeb 33       		.byte	0x33
 1920 0eec 670E0000 		.4byte	0xe67
 1921 0ef0 00       		.byte	0
 1922 0ef1 23       		.uleb128 0x23
 1923 0ef2 71020000 		.4byte	.LASF173
 1924 0ef6 DE       		.byte	0xde
 1925 0ef7 09       		.byte	0x9
 1926 0ef8 5E010000 		.4byte	0x15e
 1927 0efc 2D0F0000 		.4byte	0xf2d
 1928 0f00 06       		.uleb128 0x6
 1929 0f01 03060000 		.4byte	.LASF169
 1930 0f05 DE       		.byte	0xde
 1931 0f06 39       		.byte	0x39
 1932 0f07 670E0000 		.4byte	0xe67
 1933 0f0b 06       		.uleb128 0x6
 1934 0f0c 6A030000 		.4byte	.LASF154
 1935 0f10 DF       		.byte	0xdf
 1936 0f11 30       		.byte	0x30
 1937 0f12 96030000 		.4byte	0x396
 1938 0f16 0E       		.uleb128 0xe
ARM GAS  /tmp/ccCPrn0v.s 			page 35


 1939 0f17 EC060000 		.4byte	.LASF158
 1940 0f1b 3D0F0000 		.4byte	0xf3d
 1941 0f1f 11       		.uleb128 0x11
 1942 0f20 25       		.uleb128 0x25
 1943 0f21 6D736700 		.ascii	"msg\000"
 1944 0f25 E7       		.byte	0xe7
 1945 0f26 0B       		.byte	0xb
 1946 0f27 5E010000 		.4byte	0x15e
 1947 0f2b 00       		.byte	0
 1948 0f2c 00       		.byte	0
 1949 0f2d 0F       		.uleb128 0xf
 1950 0f2e C1000000 		.4byte	0xc1
 1951 0f32 3D0F0000 		.4byte	0xf3d
 1952 0f36 10       		.uleb128 0x10
 1953 0f37 36000000 		.4byte	0x36
 1954 0f3b 18       		.byte	0x18
 1955 0f3c 00       		.byte	0
 1956 0f3d 0D       		.uleb128 0xd
 1957 0f3e 2D0F0000 		.4byte	0xf2d
 1958 0f42 23       		.uleb128 0x23
 1959 0f43 A1060000 		.4byte	.LASF174
 1960 0f47 BE       		.byte	0xbe
 1961 0f48 07       		.byte	0x7
 1962 0f49 5E010000 		.4byte	0x15e
 1963 0f4d 730F0000 		.4byte	0xf73
 1964 0f51 06       		.uleb128 0x6
 1965 0f52 03060000 		.4byte	.LASF169
 1966 0f56 BE       		.byte	0xbe
 1967 0f57 36       		.byte	0x36
 1968 0f58 670E0000 		.4byte	0xe67
 1969 0f5c 06       		.uleb128 0x6
 1970 0f5d 6A030000 		.4byte	.LASF154
 1971 0f61 BF       		.byte	0xbf
 1972 0f62 2D       		.byte	0x2d
 1973 0f63 96030000 		.4byte	0x396
 1974 0f67 25       		.uleb128 0x25
 1975 0f68 6D736700 		.ascii	"msg\000"
 1976 0f6c C0       		.byte	0xc0
 1977 0f6d 09       		.byte	0x9
 1978 0f6e 5E010000 		.4byte	0x15e
 1979 0f72 00       		.byte	0
 1980 0f73 1C       		.uleb128 0x1c
 1981 0f74 A4050000 		.4byte	.LASF175
 1982 0f78 94       		.byte	0x94
 1983 0f79 9D0F0000 		.4byte	0xf9d
 1984 0f7d 06       		.uleb128 0x6
 1985 0f7e 03060000 		.4byte	.LASF169
 1986 0f82 94       		.byte	0x94
 1987 0f83 30       		.byte	0x30
 1988 0f84 670E0000 		.4byte	0xe67
 1989 0f88 06       		.uleb128 0x6
 1990 0f89 48040000 		.4byte	.LASF90
 1991 0f8d 94       		.byte	0x94
 1992 0f8e 3D       		.byte	0x3d
 1993 0f8f 25000000 		.4byte	0x25
 1994 0f93 0E       		.uleb128 0xe
 1995 0f94 EC060000 		.4byte	.LASF158
ARM GAS  /tmp/ccCPrn0v.s 			page 36


 1996 0f98 380C0000 		.4byte	0xc38
 1997 0f9c 00       		.byte	0
 1998 0f9d 23       		.uleb128 0x23
 1999 0f9e 0C020000 		.4byte	.LASF176
 2000 0fa2 81       		.byte	0x81
 2001 0fa3 0A       		.byte	0xa
 2002 0fa4 20090000 		.4byte	0x920
 2003 0fa8 B80F0000 		.4byte	0xfb8
 2004 0fac 06       		.uleb128 0x6
 2005 0fad 03060000 		.4byte	.LASF169
 2006 0fb1 81       		.byte	0x81
 2007 0fb2 34       		.byte	0x34
 2008 0fb3 670E0000 		.4byte	0xe67
 2009 0fb7 00       		.byte	0
 2010 0fb8 1C       		.uleb128 0x1c
 2011 0fb9 90060000 		.4byte	.LASF177
 2012 0fbd 6B       		.byte	0x6b
 2013 0fbe CE0F0000 		.4byte	0xfce
 2014 0fc2 06       		.uleb128 0x6
 2015 0fc3 03060000 		.4byte	.LASF169
 2016 0fc7 6B       		.byte	0x6b
 2017 0fc8 27       		.byte	0x27
 2018 0fc9 670E0000 		.4byte	0xe67
 2019 0fcd 00       		.byte	0
 2020 0fce 1C       		.uleb128 0x1c
 2021 0fcf 15010000 		.4byte	.LASF178
 2022 0fd3 4C       		.byte	0x4c
 2023 0fd4 2C100000 		.4byte	0x102c
 2024 0fd8 06       		.uleb128 0x6
 2025 0fd9 03060000 		.4byte	.LASF169
 2026 0fdd 4C       		.byte	0x4c
 2027 0fde 2B       		.byte	0x2b
 2028 0fdf 670E0000 		.4byte	0xe67
 2029 0fe3 06       		.uleb128 0x6
 2030 0fe4 B7050000 		.4byte	.LASF89
 2031 0fe8 4C       		.byte	0x4c
 2032 0fe9 36       		.byte	0x36
 2033 0fea 25090000 		.4byte	0x925
 2034 0fee 26       		.uleb128 0x26
 2035 0fef 627000   		.ascii	"bp\000"
 2036 0ff2 4C       		.byte	0x4c
 2037 0ff3 4A       		.byte	0x4a
 2038 0ff4 20090000 		.4byte	0x920
 2039 0ff8 06       		.uleb128 0x6
 2040 0ff9 48040000 		.4byte	.LASF90
 2041 0ffd 4D       		.byte	0x4d
 2042 0ffe 1B       		.byte	0x1b
 2043 0fff 25000000 		.4byte	0x25
 2044 1003 26       		.uleb128 0x26
 2045 1004 6E00     		.ascii	"n\000"
 2046 1006 4D       		.byte	0x4d
 2047 1007 28       		.byte	0x28
 2048 1008 25000000 		.4byte	0x25
 2049 100c 06       		.uleb128 0x6
 2050 100d E7060000 		.4byte	.LASF179
 2051 1011 4D       		.byte	0x4d
 2052 1012 36       		.byte	0x36
ARM GAS  /tmp/ccCPrn0v.s 			page 37


 2053 1013 F3090000 		.4byte	0x9f3
 2054 1017 06       		.uleb128 0x6
 2055 1018 9B020000 		.4byte	.LASF137
 2056 101c 4D       		.byte	0x4d
 2057 101d 42       		.byte	0x42
 2058 101e B8000000 		.4byte	0xb8
 2059 1022 0E       		.uleb128 0xe
 2060 1023 EC060000 		.4byte	.LASF158
 2061 1027 F20D0000 		.4byte	0xdf2
 2062 102b 00       		.byte	0
 2063 102c 1D       		.uleb128 0x1d
 2064 102d 6F090000 		.4byte	.LASF180
 2065 1031 13       		.byte	0x13
 2066 1032 9703     		.2byte	0x397
 2067 1034 53100000 		.4byte	0x1053
 2068 1038 09       		.uleb128 0x9
 2069 1039 74717000 		.ascii	"tqp\000"
 2070 103d 13       		.byte	0x13
 2071 103e 9703     		.2byte	0x397
 2072 1040 3B       		.byte	0x3b
 2073 1041 6E0A0000 		.4byte	0xa6e
 2074 1045 09       		.uleb128 0x9
 2075 1046 6D736700 		.ascii	"msg\000"
 2076 104a 13       		.byte	0x13
 2077 104b 9703     		.2byte	0x397
 2078 104d 46       		.byte	0x46
 2079 104e 5E010000 		.4byte	0x15e
 2080 1052 00       		.byte	0
 2081 1053 1D       		.uleb128 0x1d
 2082 1054 69010000 		.4byte	.LASF181
 2083 1058 13       		.byte	0x13
 2084 1059 8A03     		.2byte	0x38a
 2085 105b 7A100000 		.4byte	0x107a
 2086 105f 09       		.uleb128 0x9
 2087 1060 74717000 		.ascii	"tqp\000"
 2088 1064 13       		.byte	0x13
 2089 1065 8A03     		.2byte	0x38a
 2090 1067 3C       		.byte	0x3c
 2091 1068 6E0A0000 		.4byte	0xa6e
 2092 106c 09       		.uleb128 0x9
 2093 106d 6D736700 		.ascii	"msg\000"
 2094 1071 13       		.byte	0x13
 2095 1072 8A03     		.2byte	0x38a
 2096 1074 47       		.byte	0x47
 2097 1075 5E010000 		.4byte	0x15e
 2098 1079 00       		.byte	0
 2099 107a 32       		.uleb128 0x32
 2100 107b B2040000 		.4byte	.LASF193
 2101 107f 13       		.byte	0x13
 2102 1080 7C03     		.2byte	0x37c
 2103 1082 15       		.byte	0x15
 2104 1083 5E010000 		.4byte	0x15e
 2105 1087 A6100000 		.4byte	0x10a6
 2106 108b 09       		.uleb128 0x9
 2107 108c 74717000 		.ascii	"tqp\000"
 2108 1090 13       		.byte	0x13
 2109 1091 7C03     		.2byte	0x37c
ARM GAS  /tmp/ccCPrn0v.s 			page 38


 2110 1093 40       		.byte	0x40
 2111 1094 6E0A0000 		.4byte	0xa6e
 2112 1098 03       		.uleb128 0x3
 2113 1099 6A030000 		.4byte	.LASF154
 2114 109d 13       		.byte	0x13
 2115 109e 7D03     		.2byte	0x37d
 2116 10a0 3D       		.byte	0x3d
 2117 10a1 96030000 		.4byte	0x396
 2118 10a5 00       		.byte	0
 2119 10a6 1D       		.uleb128 0x1d
 2120 10a7 29080000 		.4byte	.LASF182
 2121 10ab 13       		.byte	0x13
 2122 10ac 6003     		.2byte	0x360
 2123 10ae C0100000 		.4byte	0x10c0
 2124 10b2 09       		.uleb128 0x9
 2125 10b3 74717000 		.ascii	"tqp\000"
 2126 10b7 13       		.byte	0x13
 2127 10b8 6003     		.2byte	0x360
 2128 10ba 3F       		.byte	0x3f
 2129 10bb 6E0A0000 		.4byte	0xa6e
 2130 10bf 00       		.byte	0
 2131 10c0 18       		.uleb128 0x18
 2132 10c1 0F070000 		.4byte	.LASF183
 2133 10c5 13       		.byte	0x13
 2134 10c6 4802     		.2byte	0x248
 2135 10c8 14       		.byte	0x14
 2136 10c9 18       		.uleb128 0x18
 2137 10ca C5020000 		.4byte	.LASF184
 2138 10ce 13       		.byte	0x13
 2139 10cf 3D02     		.2byte	0x23d
 2140 10d1 14       		.byte	0x14
 2141 10d2 1D       		.uleb128 0x1d
 2142 10d3 92090000 		.4byte	.LASF185
 2143 10d7 14       		.byte	0x14
 2144 10d8 A501     		.2byte	0x1a5
 2145 10da E8100000 		.4byte	0x10e8
 2146 10de 0E       		.uleb128 0xe
 2147 10df EC060000 		.4byte	.LASF158
 2148 10e3 F8100000 		.4byte	0x10f8
 2149 10e7 00       		.byte	0
 2150 10e8 0F       		.uleb128 0xf
 2151 10e9 C1000000 		.4byte	0xc1
 2152 10ed F8100000 		.4byte	0x10f8
 2153 10f1 10       		.uleb128 0x10
 2154 10f2 36000000 		.4byte	0x36
 2155 10f6 0B       		.byte	0xb
 2156 10f7 00       		.byte	0
 2157 10f8 0D       		.uleb128 0xd
 2158 10f9 E8100000 		.4byte	0x10e8
 2159 10fd 18       		.uleb128 0x18
 2160 10fe F5060000 		.4byte	.LASF186
 2161 1102 14       		.byte	0x14
 2162 1103 9701     		.2byte	0x197
 2163 1105 14       		.byte	0x14
 2164 1106 18       		.uleb128 0x18
 2165 1107 BC010000 		.4byte	.LASF187
 2166 110b 0C       		.byte	0xc
ARM GAS  /tmp/ccCPrn0v.s 			page 39


 2167 110c D702     		.2byte	0x2d7
 2168 110e 1B       		.byte	0x1b
 2169 110f 18       		.uleb128 0x18
 2170 1110 A8090000 		.4byte	.LASF188
 2171 1114 0C       		.byte	0xc
 2172 1115 BF02     		.2byte	0x2bf
 2173 1117 1B       		.byte	0x1b
 2174 1118 33       		.uleb128 0x33
 2175 1119 D7070000 		.4byte	.LASF194
 2176 111d 15       		.byte	0x15
 2177 111e EB01     		.2byte	0x1eb
 2178 1120 1B       		.byte	0x1b
 2179 1121 03       		.uleb128 0x3
 2180 1122 AD010000 		.4byte	.LASF189
 2181 1126 15       		.byte	0x15
 2182 1127 EB01     		.2byte	0x1eb
 2183 1129 32       		.byte	0x32
 2184 112a F9000000 		.4byte	0xf9
 2185 112e 00       		.byte	0
 2186 112f 00       		.byte	0
 2187              		.section	.gnu.debuglto_.debug_abbrev,"e",%progbits
 2188              	.Ldebug_abbrev0:
 2189 0000 01       		.uleb128 0x1
 2190 0001 0D       		.uleb128 0xd
 2191 0002 00       		.byte	0
 2192 0003 03       		.uleb128 0x3
 2193 0004 0E       		.uleb128 0xe
 2194 0005 3A       		.uleb128 0x3a
 2195 0006 0B       		.uleb128 0xb
 2196 0007 3B       		.uleb128 0x3b
 2197 0008 0B       		.uleb128 0xb
 2198 0009 39       		.uleb128 0x39
 2199 000a 0B       		.uleb128 0xb
 2200 000b 49       		.uleb128 0x49
 2201 000c 13       		.uleb128 0x13
 2202 000d 38       		.uleb128 0x38
 2203 000e 0B       		.uleb128 0xb
 2204 000f 00       		.byte	0
 2205 0010 00       		.byte	0
 2206 0011 02       		.uleb128 0x2
 2207 0012 16       		.uleb128 0x16
 2208 0013 00       		.byte	0
 2209 0014 03       		.uleb128 0x3
 2210 0015 0E       		.uleb128 0xe
 2211 0016 3A       		.uleb128 0x3a
 2212 0017 0B       		.uleb128 0xb
 2213 0018 3B       		.uleb128 0x3b
 2214 0019 0B       		.uleb128 0xb
 2215 001a 39       		.uleb128 0x39
 2216 001b 0B       		.uleb128 0xb
 2217 001c 49       		.uleb128 0x49
 2218 001d 13       		.uleb128 0x13
 2219 001e 00       		.byte	0
 2220 001f 00       		.byte	0
 2221 0020 03       		.uleb128 0x3
 2222 0021 05       		.uleb128 0x5
 2223 0022 00       		.byte	0
ARM GAS  /tmp/ccCPrn0v.s 			page 40


 2224 0023 03       		.uleb128 0x3
 2225 0024 0E       		.uleb128 0xe
 2226 0025 3A       		.uleb128 0x3a
 2227 0026 0B       		.uleb128 0xb
 2228 0027 3B       		.uleb128 0x3b
 2229 0028 05       		.uleb128 0x5
 2230 0029 39       		.uleb128 0x39
 2231 002a 0B       		.uleb128 0xb
 2232 002b 49       		.uleb128 0x49
 2233 002c 13       		.uleb128 0x13
 2234 002d 00       		.byte	0
 2235 002e 00       		.byte	0
 2236 002f 04       		.uleb128 0x4
 2237 0030 0F       		.uleb128 0xf
 2238 0031 00       		.byte	0
 2239 0032 0B       		.uleb128 0xb
 2240 0033 21       		.uleb128 0x21
 2241 0034 04       		.sleb128 4
 2242 0035 49       		.uleb128 0x49
 2243 0036 13       		.uleb128 0x13
 2244 0037 00       		.byte	0
 2245 0038 00       		.byte	0
 2246 0039 05       		.uleb128 0x5
 2247 003a 0D       		.uleb128 0xd
 2248 003b 00       		.byte	0
 2249 003c 03       		.uleb128 0x3
 2250 003d 0E       		.uleb128 0xe
 2251 003e 3A       		.uleb128 0x3a
 2252 003f 21       		.uleb128 0x21
 2253 0040 06       		.sleb128 6
 2254 0041 3B       		.uleb128 0x3b
 2255 0042 05       		.uleb128 0x5
 2256 0043 39       		.uleb128 0x39
 2257 0044 0B       		.uleb128 0xb
 2258 0045 49       		.uleb128 0x49
 2259 0046 13       		.uleb128 0x13
 2260 0047 38       		.uleb128 0x38
 2261 0048 0B       		.uleb128 0xb
 2262 0049 00       		.byte	0
 2263 004a 00       		.byte	0
 2264 004b 06       		.uleb128 0x6
 2265 004c 05       		.uleb128 0x5
 2266 004d 00       		.byte	0
 2267 004e 03       		.uleb128 0x3
 2268 004f 0E       		.uleb128 0xe
 2269 0050 3A       		.uleb128 0x3a
 2270 0051 21       		.uleb128 0x21
 2271 0052 12       		.sleb128 18
 2272 0053 3B       		.uleb128 0x3b
 2273 0054 0B       		.uleb128 0xb
 2274 0055 39       		.uleb128 0x39
 2275 0056 0B       		.uleb128 0xb
 2276 0057 49       		.uleb128 0x49
 2277 0058 13       		.uleb128 0x13
 2278 0059 00       		.byte	0
 2279 005a 00       		.byte	0
 2280 005b 07       		.uleb128 0x7
ARM GAS  /tmp/ccCPrn0v.s 			page 41


 2281 005c 13       		.uleb128 0x13
 2282 005d 01       		.byte	0x1
 2283 005e 03       		.uleb128 0x3
 2284 005f 0E       		.uleb128 0xe
 2285 0060 0B       		.uleb128 0xb
 2286 0061 0B       		.uleb128 0xb
 2287 0062 3A       		.uleb128 0x3a
 2288 0063 0B       		.uleb128 0xb
 2289 0064 3B       		.uleb128 0x3b
 2290 0065 0B       		.uleb128 0xb
 2291 0066 39       		.uleb128 0x39
 2292 0067 0B       		.uleb128 0xb
 2293 0068 01       		.uleb128 0x1
 2294 0069 13       		.uleb128 0x13
 2295 006a 00       		.byte	0
 2296 006b 00       		.byte	0
 2297 006c 08       		.uleb128 0x8
 2298 006d 0D       		.uleb128 0xd
 2299 006e 00       		.byte	0
 2300 006f 03       		.uleb128 0x3
 2301 0070 08       		.uleb128 0x8
 2302 0071 3A       		.uleb128 0x3a
 2303 0072 0B       		.uleb128 0xb
 2304 0073 3B       		.uleb128 0x3b
 2305 0074 0B       		.uleb128 0xb
 2306 0075 39       		.uleb128 0x39
 2307 0076 0B       		.uleb128 0xb
 2308 0077 49       		.uleb128 0x49
 2309 0078 13       		.uleb128 0x13
 2310 0079 38       		.uleb128 0x38
 2311 007a 0B       		.uleb128 0xb
 2312 007b 00       		.byte	0
 2313 007c 00       		.byte	0
 2314 007d 09       		.uleb128 0x9
 2315 007e 05       		.uleb128 0x5
 2316 007f 00       		.byte	0
 2317 0080 03       		.uleb128 0x3
 2318 0081 08       		.uleb128 0x8
 2319 0082 3A       		.uleb128 0x3a
 2320 0083 0B       		.uleb128 0xb
 2321 0084 3B       		.uleb128 0x3b
 2322 0085 05       		.uleb128 0x5
 2323 0086 39       		.uleb128 0x39
 2324 0087 0B       		.uleb128 0xb
 2325 0088 49       		.uleb128 0x49
 2326 0089 13       		.uleb128 0x13
 2327 008a 00       		.byte	0
 2328 008b 00       		.byte	0
 2329 008c 0A       		.uleb128 0xa
 2330 008d 24       		.uleb128 0x24
 2331 008e 00       		.byte	0
 2332 008f 0B       		.uleb128 0xb
 2333 0090 0B       		.uleb128 0xb
 2334 0091 3E       		.uleb128 0x3e
 2335 0092 0B       		.uleb128 0xb
 2336 0093 03       		.uleb128 0x3
 2337 0094 0E       		.uleb128 0xe
ARM GAS  /tmp/ccCPrn0v.s 			page 42


 2338 0095 00       		.byte	0
 2339 0096 00       		.byte	0
 2340 0097 0B       		.uleb128 0xb
 2341 0098 0D       		.uleb128 0xd
 2342 0099 00       		.byte	0
 2343 009a 03       		.uleb128 0x3
 2344 009b 08       		.uleb128 0x8
 2345 009c 3A       		.uleb128 0x3a
 2346 009d 0B       		.uleb128 0xb
 2347 009e 3B       		.uleb128 0x3b
 2348 009f 05       		.uleb128 0x5
 2349 00a0 39       		.uleb128 0x39
 2350 00a1 0B       		.uleb128 0xb
 2351 00a2 49       		.uleb128 0x49
 2352 00a3 13       		.uleb128 0x13
 2353 00a4 38       		.uleb128 0x38
 2354 00a5 0B       		.uleb128 0xb
 2355 00a6 00       		.byte	0
 2356 00a7 00       		.byte	0
 2357 00a8 0C       		.uleb128 0xc
 2358 00a9 05       		.uleb128 0x5
 2359 00aa 00       		.byte	0
 2360 00ab 49       		.uleb128 0x49
 2361 00ac 13       		.uleb128 0x13
 2362 00ad 00       		.byte	0
 2363 00ae 00       		.byte	0
 2364 00af 0D       		.uleb128 0xd
 2365 00b0 26       		.uleb128 0x26
 2366 00b1 00       		.byte	0
 2367 00b2 49       		.uleb128 0x49
 2368 00b3 13       		.uleb128 0x13
 2369 00b4 00       		.byte	0
 2370 00b5 00       		.byte	0
 2371 00b6 0E       		.uleb128 0xe
 2372 00b7 34       		.uleb128 0x34
 2373 00b8 00       		.byte	0
 2374 00b9 03       		.uleb128 0x3
 2375 00ba 0E       		.uleb128 0xe
 2376 00bb 49       		.uleb128 0x49
 2377 00bc 13       		.uleb128 0x13
 2378 00bd 34       		.uleb128 0x34
 2379 00be 19       		.uleb128 0x19
 2380 00bf 00       		.byte	0
 2381 00c0 00       		.byte	0
 2382 00c1 0F       		.uleb128 0xf
 2383 00c2 01       		.uleb128 0x1
 2384 00c3 01       		.byte	0x1
 2385 00c4 49       		.uleb128 0x49
 2386 00c5 13       		.uleb128 0x13
 2387 00c6 01       		.uleb128 0x1
 2388 00c7 13       		.uleb128 0x13
 2389 00c8 00       		.byte	0
 2390 00c9 00       		.byte	0
 2391 00ca 10       		.uleb128 0x10
 2392 00cb 21       		.uleb128 0x21
 2393 00cc 00       		.byte	0
 2394 00cd 49       		.uleb128 0x49
ARM GAS  /tmp/ccCPrn0v.s 			page 43


 2395 00ce 13       		.uleb128 0x13
 2396 00cf 2F       		.uleb128 0x2f
 2397 00d0 0B       		.uleb128 0xb
 2398 00d1 00       		.byte	0
 2399 00d2 00       		.byte	0
 2400 00d3 11       		.uleb128 0x11
 2401 00d4 0B       		.uleb128 0xb
 2402 00d5 01       		.byte	0x1
 2403 00d6 00       		.byte	0
 2404 00d7 00       		.byte	0
 2405 00d8 12       		.uleb128 0x12
 2406 00d9 2E       		.uleb128 0x2e
 2407 00da 01       		.byte	0x1
 2408 00db 3F       		.uleb128 0x3f
 2409 00dc 19       		.uleb128 0x19
 2410 00dd 03       		.uleb128 0x3
 2411 00de 0E       		.uleb128 0xe
 2412 00df 3A       		.uleb128 0x3a
 2413 00e0 21       		.uleb128 0x21
 2414 00e1 12       		.sleb128 18
 2415 00e2 3B       		.uleb128 0x3b
 2416 00e3 05       		.uleb128 0x5
 2417 00e4 39       		.uleb128 0x39
 2418 00e5 0B       		.uleb128 0xb
 2419 00e6 27       		.uleb128 0x27
 2420 00e7 19       		.uleb128 0x19
 2421 00e8 49       		.uleb128 0x49
 2422 00e9 13       		.uleb128 0x13
 2423 00ea 01       		.uleb128 0x1
 2424 00eb 13       		.uleb128 0x13
 2425 00ec 00       		.byte	0
 2426 00ed 00       		.byte	0
 2427 00ee 13       		.uleb128 0x13
 2428 00ef 34       		.uleb128 0x34
 2429 00f0 00       		.byte	0
 2430 00f1 03       		.uleb128 0x3
 2431 00f2 08       		.uleb128 0x8
 2432 00f3 3A       		.uleb128 0x3a
 2433 00f4 21       		.uleb128 0x21
 2434 00f5 12       		.sleb128 18
 2435 00f6 3B       		.uleb128 0x3b
 2436 00f7 05       		.uleb128 0x5
 2437 00f8 39       		.uleb128 0x39
 2438 00f9 0B       		.uleb128 0xb
 2439 00fa 49       		.uleb128 0x49
 2440 00fb 13       		.uleb128 0x13
 2441 00fc 00       		.byte	0
 2442 00fd 00       		.byte	0
 2443 00fe 14       		.uleb128 0x14
 2444 00ff 0D       		.uleb128 0xd
 2445 0100 00       		.byte	0
 2446 0101 03       		.uleb128 0x3
 2447 0102 0E       		.uleb128 0xe
 2448 0103 3A       		.uleb128 0x3a
 2449 0104 0B       		.uleb128 0xb
 2450 0105 3B       		.uleb128 0x3b
 2451 0106 0B       		.uleb128 0xb
ARM GAS  /tmp/ccCPrn0v.s 			page 44


 2452 0107 39       		.uleb128 0x39
 2453 0108 0B       		.uleb128 0xb
 2454 0109 49       		.uleb128 0x49
 2455 010a 13       		.uleb128 0x13
 2456 010b 00       		.byte	0
 2457 010c 00       		.byte	0
 2458 010d 15       		.uleb128 0x15
 2459 010e 2E       		.uleb128 0x2e
 2460 010f 01       		.byte	0x1
 2461 0110 3F       		.uleb128 0x3f
 2462 0111 19       		.uleb128 0x19
 2463 0112 03       		.uleb128 0x3
 2464 0113 0E       		.uleb128 0xe
 2465 0114 3A       		.uleb128 0x3a
 2466 0115 21       		.uleb128 0x21
 2467 0116 12       		.sleb128 18
 2468 0117 3B       		.uleb128 0x3b
 2469 0118 05       		.uleb128 0x5
 2470 0119 39       		.uleb128 0x39
 2471 011a 0B       		.uleb128 0xb
 2472 011b 27       		.uleb128 0x27
 2473 011c 19       		.uleb128 0x19
 2474 011d 01       		.uleb128 0x1
 2475 011e 13       		.uleb128 0x13
 2476 011f 00       		.byte	0
 2477 0120 00       		.byte	0
 2478 0121 16       		.uleb128 0x16
 2479 0122 13       		.uleb128 0x13
 2480 0123 01       		.byte	0x1
 2481 0124 0B       		.uleb128 0xb
 2482 0125 0B       		.uleb128 0xb
 2483 0126 3A       		.uleb128 0x3a
 2484 0127 21       		.uleb128 0x21
 2485 0128 0B       		.sleb128 11
 2486 0129 3B       		.uleb128 0x3b
 2487 012a 0B       		.uleb128 0xb
 2488 012b 39       		.uleb128 0x39
 2489 012c 0B       		.uleb128 0xb
 2490 012d 01       		.uleb128 0x1
 2491 012e 13       		.uleb128 0x13
 2492 012f 00       		.byte	0
 2493 0130 00       		.byte	0
 2494 0131 17       		.uleb128 0x17
 2495 0132 0D       		.uleb128 0xd
 2496 0133 00       		.byte	0
 2497 0134 03       		.uleb128 0x3
 2498 0135 0E       		.uleb128 0xe
 2499 0136 3A       		.uleb128 0x3a
 2500 0137 21       		.uleb128 0x21
 2501 0138 06       		.sleb128 6
 2502 0139 3B       		.uleb128 0x3b
 2503 013a 05       		.uleb128 0x5
 2504 013b 39       		.uleb128 0x39
 2505 013c 0B       		.uleb128 0xb
 2506 013d 49       		.uleb128 0x49
 2507 013e 13       		.uleb128 0x13
 2508 013f 00       		.byte	0
ARM GAS  /tmp/ccCPrn0v.s 			page 45


 2509 0140 00       		.byte	0
 2510 0141 18       		.uleb128 0x18
 2511 0142 2E       		.uleb128 0x2e
 2512 0143 00       		.byte	0
 2513 0144 03       		.uleb128 0x3
 2514 0145 0E       		.uleb128 0xe
 2515 0146 3A       		.uleb128 0x3a
 2516 0147 0B       		.uleb128 0xb
 2517 0148 3B       		.uleb128 0x3b
 2518 0149 05       		.uleb128 0x5
 2519 014a 39       		.uleb128 0x39
 2520 014b 0B       		.uleb128 0xb
 2521 014c 27       		.uleb128 0x27
 2522 014d 19       		.uleb128 0x19
 2523 014e 00       		.byte	0
 2524 014f 00       		.byte	0
 2525 0150 19       		.uleb128 0x19
 2526 0151 13       		.uleb128 0x13
 2527 0152 01       		.byte	0x1
 2528 0153 03       		.uleb128 0x3
 2529 0154 0E       		.uleb128 0xe
 2530 0155 0B       		.uleb128 0xb
 2531 0156 0B       		.uleb128 0xb
 2532 0157 3A       		.uleb128 0x3a
 2533 0158 0B       		.uleb128 0xb
 2534 0159 3B       		.uleb128 0x3b
 2535 015a 05       		.uleb128 0x5
 2536 015b 39       		.uleb128 0x39
 2537 015c 0B       		.uleb128 0xb
 2538 015d 01       		.uleb128 0x1
 2539 015e 13       		.uleb128 0x13
 2540 015f 00       		.byte	0
 2541 0160 00       		.byte	0
 2542 0161 1A       		.uleb128 0x1a
 2543 0162 2E       		.uleb128 0x2e
 2544 0163 00       		.byte	0
 2545 0164 3F       		.uleb128 0x3f
 2546 0165 19       		.uleb128 0x19
 2547 0166 03       		.uleb128 0x3
 2548 0167 0E       		.uleb128 0xe
 2549 0168 3A       		.uleb128 0x3a
 2550 0169 21       		.uleb128 0x21
 2551 016a 08       		.sleb128 8
 2552 016b 3B       		.uleb128 0x3b
 2553 016c 0B       		.uleb128 0xb
 2554 016d 39       		.uleb128 0x39
 2555 016e 21       		.uleb128 0x21
 2556 016f 08       		.sleb128 8
 2557 0170 27       		.uleb128 0x27
 2558 0171 19       		.uleb128 0x19
 2559 0172 3C       		.uleb128 0x3c
 2560 0173 19       		.uleb128 0x19
 2561 0174 00       		.byte	0
 2562 0175 00       		.byte	0
 2563 0176 1B       		.uleb128 0x1b
 2564 0177 34       		.uleb128 0x34
 2565 0178 00       		.byte	0
ARM GAS  /tmp/ccCPrn0v.s 			page 46


 2566 0179 03       		.uleb128 0x3
 2567 017a 0E       		.uleb128 0xe
 2568 017b 3A       		.uleb128 0x3a
 2569 017c 21       		.uleb128 0x21
 2570 017d 12       		.sleb128 18
 2571 017e 3B       		.uleb128 0x3b
 2572 017f 05       		.uleb128 0x5
 2573 0180 39       		.uleb128 0x39
 2574 0181 21       		.uleb128 0x21
 2575 0182 0C       		.sleb128 12
 2576 0183 49       		.uleb128 0x49
 2577 0184 13       		.uleb128 0x13
 2578 0185 00       		.byte	0
 2579 0186 00       		.byte	0
 2580 0187 1C       		.uleb128 0x1c
 2581 0188 2E       		.uleb128 0x2e
 2582 0189 01       		.byte	0x1
 2583 018a 3F       		.uleb128 0x3f
 2584 018b 19       		.uleb128 0x19
 2585 018c 03       		.uleb128 0x3
 2586 018d 0E       		.uleb128 0xe
 2587 018e 3A       		.uleb128 0x3a
 2588 018f 21       		.uleb128 0x21
 2589 0190 12       		.sleb128 18
 2590 0191 3B       		.uleb128 0x3b
 2591 0192 0B       		.uleb128 0xb
 2592 0193 39       		.uleb128 0x39
 2593 0194 21       		.uleb128 0x21
 2594 0195 06       		.sleb128 6
 2595 0196 27       		.uleb128 0x27
 2596 0197 19       		.uleb128 0x19
 2597 0198 01       		.uleb128 0x1
 2598 0199 13       		.uleb128 0x13
 2599 019a 00       		.byte	0
 2600 019b 00       		.byte	0
 2601 019c 1D       		.uleb128 0x1d
 2602 019d 2E       		.uleb128 0x2e
 2603 019e 01       		.byte	0x1
 2604 019f 03       		.uleb128 0x3
 2605 01a0 0E       		.uleb128 0xe
 2606 01a1 3A       		.uleb128 0x3a
 2607 01a2 0B       		.uleb128 0xb
 2608 01a3 3B       		.uleb128 0x3b
 2609 01a4 05       		.uleb128 0x5
 2610 01a5 39       		.uleb128 0x39
 2611 01a6 21       		.uleb128 0x21
 2612 01a7 14       		.sleb128 20
 2613 01a8 27       		.uleb128 0x27
 2614 01a9 19       		.uleb128 0x19
 2615 01aa 01       		.uleb128 0x1
 2616 01ab 13       		.uleb128 0x13
 2617 01ac 00       		.byte	0
 2618 01ad 00       		.byte	0
 2619 01ae 1E       		.uleb128 0x1e
 2620 01af 35       		.uleb128 0x35
 2621 01b0 00       		.byte	0
 2622 01b1 49       		.uleb128 0x49
ARM GAS  /tmp/ccCPrn0v.s 			page 47


 2623 01b2 13       		.uleb128 0x13
 2624 01b3 00       		.byte	0
 2625 01b4 00       		.byte	0
 2626 01b5 1F       		.uleb128 0x1f
 2627 01b6 17       		.uleb128 0x17
 2628 01b7 01       		.byte	0x1
 2629 01b8 0B       		.uleb128 0xb
 2630 01b9 0B       		.uleb128 0xb
 2631 01ba 3A       		.uleb128 0x3a
 2632 01bb 0B       		.uleb128 0xb
 2633 01bc 3B       		.uleb128 0x3b
 2634 01bd 0B       		.uleb128 0xb
 2635 01be 39       		.uleb128 0x39
 2636 01bf 21       		.uleb128 0x21
 2637 01c0 03       		.sleb128 3
 2638 01c1 01       		.uleb128 0x1
 2639 01c2 13       		.uleb128 0x13
 2640 01c3 00       		.byte	0
 2641 01c4 00       		.byte	0
 2642 01c5 20       		.uleb128 0x20
 2643 01c6 0D       		.uleb128 0xd
 2644 01c7 00       		.byte	0
 2645 01c8 03       		.uleb128 0x3
 2646 01c9 08       		.uleb128 0x8
 2647 01ca 3A       		.uleb128 0x3a
 2648 01cb 21       		.uleb128 0x21
 2649 01cc 0B       		.sleb128 11
 2650 01cd 3B       		.uleb128 0x3b
 2651 01ce 0B       		.uleb128 0xb
 2652 01cf 39       		.uleb128 0x39
 2653 01d0 21       		.uleb128 0x21
 2654 01d1 07       		.sleb128 7
 2655 01d2 49       		.uleb128 0x49
 2656 01d3 13       		.uleb128 0x13
 2657 01d4 00       		.byte	0
 2658 01d5 00       		.byte	0
 2659 01d6 21       		.uleb128 0x21
 2660 01d7 0D       		.uleb128 0xd
 2661 01d8 00       		.byte	0
 2662 01d9 03       		.uleb128 0x3
 2663 01da 0E       		.uleb128 0xe
 2664 01db 3A       		.uleb128 0x3a
 2665 01dc 21       		.uleb128 0x21
 2666 01dd 0B       		.sleb128 11
 2667 01de 3B       		.uleb128 0x3b
 2668 01df 0B       		.uleb128 0xb
 2669 01e0 39       		.uleb128 0x39
 2670 01e1 21       		.uleb128 0x21
 2671 01e2 19       		.sleb128 25
 2672 01e3 49       		.uleb128 0x49
 2673 01e4 13       		.uleb128 0x13
 2674 01e5 0D       		.uleb128 0xd
 2675 01e6 0B       		.uleb128 0xb
 2676 01e7 6B       		.uleb128 0x6b
 2677 01e8 0B       		.uleb128 0xb
 2678 01e9 00       		.byte	0
 2679 01ea 00       		.byte	0
ARM GAS  /tmp/ccCPrn0v.s 			page 48


 2680 01eb 22       		.uleb128 0x22
 2681 01ec 2E       		.uleb128 0x2e
 2682 01ed 01       		.byte	0x1
 2683 01ee 3F       		.uleb128 0x3f
 2684 01ef 19       		.uleb128 0x19
 2685 01f0 03       		.uleb128 0x3
 2686 01f1 0E       		.uleb128 0xe
 2687 01f2 3A       		.uleb128 0x3a
 2688 01f3 21       		.uleb128 0x21
 2689 01f4 11       		.sleb128 17
 2690 01f5 3B       		.uleb128 0x3b
 2691 01f6 05       		.uleb128 0x5
 2692 01f7 39       		.uleb128 0x39
 2693 01f8 21       		.uleb128 0x21
 2694 01f9 08       		.sleb128 8
 2695 01fa 27       		.uleb128 0x27
 2696 01fb 19       		.uleb128 0x19
 2697 01fc 3C       		.uleb128 0x3c
 2698 01fd 19       		.uleb128 0x19
 2699 01fe 01       		.uleb128 0x1
 2700 01ff 13       		.uleb128 0x13
 2701 0200 00       		.byte	0
 2702 0201 00       		.byte	0
 2703 0202 23       		.uleb128 0x23
 2704 0203 2E       		.uleb128 0x2e
 2705 0204 01       		.byte	0x1
 2706 0205 3F       		.uleb128 0x3f
 2707 0206 19       		.uleb128 0x19
 2708 0207 03       		.uleb128 0x3
 2709 0208 0E       		.uleb128 0xe
 2710 0209 3A       		.uleb128 0x3a
 2711 020a 21       		.uleb128 0x21
 2712 020b 12       		.sleb128 18
 2713 020c 3B       		.uleb128 0x3b
 2714 020d 0B       		.uleb128 0xb
 2715 020e 39       		.uleb128 0x39
 2716 020f 0B       		.uleb128 0xb
 2717 0210 27       		.uleb128 0x27
 2718 0211 19       		.uleb128 0x19
 2719 0212 49       		.uleb128 0x49
 2720 0213 13       		.uleb128 0x13
 2721 0214 01       		.uleb128 0x1
 2722 0215 13       		.uleb128 0x13
 2723 0216 00       		.byte	0
 2724 0217 00       		.byte	0
 2725 0218 24       		.uleb128 0x24
 2726 0219 16       		.uleb128 0x16
 2727 021a 00       		.byte	0
 2728 021b 03       		.uleb128 0x3
 2729 021c 0E       		.uleb128 0xe
 2730 021d 3A       		.uleb128 0x3a
 2731 021e 21       		.uleb128 0x21
 2732 021f 06       		.sleb128 6
 2733 0220 3B       		.uleb128 0x3b
 2734 0221 05       		.uleb128 0x5
 2735 0222 39       		.uleb128 0x39
 2736 0223 21       		.uleb128 0x21
ARM GAS  /tmp/ccCPrn0v.s 			page 49


 2737 0224 03       		.sleb128 3
 2738 0225 49       		.uleb128 0x49
 2739 0226 13       		.uleb128 0x13
 2740 0227 00       		.byte	0
 2741 0228 00       		.byte	0
 2742 0229 25       		.uleb128 0x25
 2743 022a 34       		.uleb128 0x34
 2744 022b 00       		.byte	0
 2745 022c 03       		.uleb128 0x3
 2746 022d 08       		.uleb128 0x8
 2747 022e 3A       		.uleb128 0x3a
 2748 022f 21       		.uleb128 0x21
 2749 0230 12       		.sleb128 18
 2750 0231 3B       		.uleb128 0x3b
 2751 0232 0B       		.uleb128 0xb
 2752 0233 39       		.uleb128 0x39
 2753 0234 0B       		.uleb128 0xb
 2754 0235 49       		.uleb128 0x49
 2755 0236 13       		.uleb128 0x13
 2756 0237 00       		.byte	0
 2757 0238 00       		.byte	0
 2758 0239 26       		.uleb128 0x26
 2759 023a 05       		.uleb128 0x5
 2760 023b 00       		.byte	0
 2761 023c 03       		.uleb128 0x3
 2762 023d 08       		.uleb128 0x8
 2763 023e 3A       		.uleb128 0x3a
 2764 023f 21       		.uleb128 0x21
 2765 0240 12       		.sleb128 18
 2766 0241 3B       		.uleb128 0x3b
 2767 0242 0B       		.uleb128 0xb
 2768 0243 39       		.uleb128 0x39
 2769 0244 0B       		.uleb128 0xb
 2770 0245 49       		.uleb128 0x49
 2771 0246 13       		.uleb128 0x13
 2772 0247 00       		.byte	0
 2773 0248 00       		.byte	0
 2774 0249 27       		.uleb128 0x27
 2775 024a 11       		.uleb128 0x11
 2776 024b 01       		.byte	0x1
 2777 024c 25       		.uleb128 0x25
 2778 024d 0E       		.uleb128 0xe
 2779 024e 13       		.uleb128 0x13
 2780 024f 0B       		.uleb128 0xb
 2781 0250 03       		.uleb128 0x3
 2782 0251 0E       		.uleb128 0xe
 2783 0252 1B       		.uleb128 0x1b
 2784 0253 0E       		.uleb128 0xe
 2785 0254 10       		.uleb128 0x10
 2786 0255 17       		.uleb128 0x17
 2787 0256 00       		.byte	0
 2788 0257 00       		.byte	0
 2789 0258 28       		.uleb128 0x28
 2790 0259 24       		.uleb128 0x24
 2791 025a 00       		.byte	0
 2792 025b 0B       		.uleb128 0xb
 2793 025c 0B       		.uleb128 0xb
ARM GAS  /tmp/ccCPrn0v.s 			page 50


 2794 025d 3E       		.uleb128 0x3e
 2795 025e 0B       		.uleb128 0xb
 2796 025f 03       		.uleb128 0x3
 2797 0260 08       		.uleb128 0x8
 2798 0261 00       		.byte	0
 2799 0262 00       		.byte	0
 2800 0263 29       		.uleb128 0x29
 2801 0264 0F       		.uleb128 0xf
 2802 0265 00       		.byte	0
 2803 0266 0B       		.uleb128 0xb
 2804 0267 0B       		.uleb128 0xb
 2805 0268 00       		.byte	0
 2806 0269 00       		.byte	0
 2807 026a 2A       		.uleb128 0x2a
 2808 026b 13       		.uleb128 0x13
 2809 026c 01       		.byte	0x1
 2810 026d 03       		.uleb128 0x3
 2811 026e 0E       		.uleb128 0xe
 2812 026f 0B       		.uleb128 0xb
 2813 0270 05       		.uleb128 0x5
 2814 0271 3A       		.uleb128 0x3a
 2815 0272 0B       		.uleb128 0xb
 2816 0273 3B       		.uleb128 0x3b
 2817 0274 05       		.uleb128 0x5
 2818 0275 39       		.uleb128 0x39
 2819 0276 0B       		.uleb128 0xb
 2820 0277 01       		.uleb128 0x1
 2821 0278 13       		.uleb128 0x13
 2822 0279 00       		.byte	0
 2823 027a 00       		.byte	0
 2824 027b 2B       		.uleb128 0x2b
 2825 027c 13       		.uleb128 0x13
 2826 027d 01       		.byte	0x1
 2827 027e 0B       		.uleb128 0xb
 2828 027f 05       		.uleb128 0x5
 2829 0280 3A       		.uleb128 0x3a
 2830 0281 0B       		.uleb128 0xb
 2831 0282 3B       		.uleb128 0x3b
 2832 0283 0B       		.uleb128 0xb
 2833 0284 39       		.uleb128 0x39
 2834 0285 0B       		.uleb128 0xb
 2835 0286 01       		.uleb128 0x1
 2836 0287 13       		.uleb128 0x13
 2837 0288 00       		.byte	0
 2838 0289 00       		.byte	0
 2839 028a 2C       		.uleb128 0x2c
 2840 028b 34       		.uleb128 0x34
 2841 028c 00       		.byte	0
 2842 028d 03       		.uleb128 0x3
 2843 028e 08       		.uleb128 0x8
 2844 028f 3A       		.uleb128 0x3a
 2845 0290 0B       		.uleb128 0xb
 2846 0291 3B       		.uleb128 0x3b
 2847 0292 05       		.uleb128 0x5
 2848 0293 39       		.uleb128 0x39
 2849 0294 0B       		.uleb128 0xb
 2850 0295 49       		.uleb128 0x49
ARM GAS  /tmp/ccCPrn0v.s 			page 51


 2851 0296 13       		.uleb128 0x13
 2852 0297 3F       		.uleb128 0x3f
 2853 0298 19       		.uleb128 0x19
 2854 0299 3C       		.uleb128 0x3c
 2855 029a 19       		.uleb128 0x19
 2856 029b 00       		.byte	0
 2857 029c 00       		.byte	0
 2858 029d 2D       		.uleb128 0x2d
 2859 029e 15       		.uleb128 0x15
 2860 029f 01       		.byte	0x1
 2861 02a0 27       		.uleb128 0x27
 2862 02a1 19       		.uleb128 0x19
 2863 02a2 01       		.uleb128 0x1
 2864 02a3 13       		.uleb128 0x13
 2865 02a4 00       		.byte	0
 2866 02a5 00       		.byte	0
 2867 02a6 2E       		.uleb128 0x2e
 2868 02a7 2E       		.uleb128 0x2e
 2869 02a8 01       		.byte	0x1
 2870 02a9 3F       		.uleb128 0x3f
 2871 02aa 19       		.uleb128 0x19
 2872 02ab 03       		.uleb128 0x3
 2873 02ac 0E       		.uleb128 0xe
 2874 02ad 3A       		.uleb128 0x3a
 2875 02ae 0B       		.uleb128 0xb
 2876 02af 3B       		.uleb128 0x3b
 2877 02b0 0B       		.uleb128 0xb
 2878 02b1 39       		.uleb128 0x39
 2879 02b2 0B       		.uleb128 0xb
 2880 02b3 27       		.uleb128 0x27
 2881 02b4 19       		.uleb128 0x19
 2882 02b5 49       		.uleb128 0x49
 2883 02b6 13       		.uleb128 0x13
 2884 02b7 3C       		.uleb128 0x3c
 2885 02b8 19       		.uleb128 0x19
 2886 02b9 01       		.uleb128 0x1
 2887 02ba 13       		.uleb128 0x13
 2888 02bb 00       		.byte	0
 2889 02bc 00       		.byte	0
 2890 02bd 2F       		.uleb128 0x2f
 2891 02be 26       		.uleb128 0x26
 2892 02bf 00       		.byte	0
 2893 02c0 00       		.byte	0
 2894 02c1 00       		.byte	0
 2895 02c2 30       		.uleb128 0x30
 2896 02c3 2E       		.uleb128 0x2e
 2897 02c4 01       		.byte	0x1
 2898 02c5 3F       		.uleb128 0x3f
 2899 02c6 19       		.uleb128 0x19
 2900 02c7 03       		.uleb128 0x3
 2901 02c8 0E       		.uleb128 0xe
 2902 02c9 3A       		.uleb128 0x3a
 2903 02ca 0B       		.uleb128 0xb
 2904 02cb 3B       		.uleb128 0x3b
 2905 02cc 05       		.uleb128 0x5
 2906 02cd 39       		.uleb128 0x39
 2907 02ce 0B       		.uleb128 0xb
ARM GAS  /tmp/ccCPrn0v.s 			page 52


 2908 02cf 27       		.uleb128 0x27
 2909 02d0 19       		.uleb128 0x19
 2910 02d1 49       		.uleb128 0x49
 2911 02d2 13       		.uleb128 0x13
 2912 02d3 3C       		.uleb128 0x3c
 2913 02d4 19       		.uleb128 0x19
 2914 02d5 01       		.uleb128 0x1
 2915 02d6 13       		.uleb128 0x13
 2916 02d7 00       		.byte	0
 2917 02d8 00       		.byte	0
 2918 02d9 31       		.uleb128 0x31
 2919 02da 2E       		.uleb128 0x2e
 2920 02db 01       		.byte	0x1
 2921 02dc 3F       		.uleb128 0x3f
 2922 02dd 19       		.uleb128 0x19
 2923 02de 03       		.uleb128 0x3
 2924 02df 0E       		.uleb128 0xe
 2925 02e0 3A       		.uleb128 0x3a
 2926 02e1 0B       		.uleb128 0xb
 2927 02e2 3B       		.uleb128 0x3b
 2928 02e3 0B       		.uleb128 0xb
 2929 02e4 39       		.uleb128 0x39
 2930 02e5 0B       		.uleb128 0xb
 2931 02e6 27       		.uleb128 0x27
 2932 02e7 19       		.uleb128 0x19
 2933 02e8 3C       		.uleb128 0x3c
 2934 02e9 19       		.uleb128 0x19
 2935 02ea 01       		.uleb128 0x1
 2936 02eb 13       		.uleb128 0x13
 2937 02ec 00       		.byte	0
 2938 02ed 00       		.byte	0
 2939 02ee 32       		.uleb128 0x32
 2940 02ef 2E       		.uleb128 0x2e
 2941 02f0 01       		.byte	0x1
 2942 02f1 03       		.uleb128 0x3
 2943 02f2 0E       		.uleb128 0xe
 2944 02f3 3A       		.uleb128 0x3a
 2945 02f4 0B       		.uleb128 0xb
 2946 02f5 3B       		.uleb128 0x3b
 2947 02f6 05       		.uleb128 0x5
 2948 02f7 39       		.uleb128 0x39
 2949 02f8 0B       		.uleb128 0xb
 2950 02f9 27       		.uleb128 0x27
 2951 02fa 19       		.uleb128 0x19
 2952 02fb 49       		.uleb128 0x49
 2953 02fc 13       		.uleb128 0x13
 2954 02fd 01       		.uleb128 0x1
 2955 02fe 13       		.uleb128 0x13
 2956 02ff 00       		.byte	0
 2957 0300 00       		.byte	0
 2958 0301 33       		.uleb128 0x33
 2959 0302 2E       		.uleb128 0x2e
 2960 0303 01       		.byte	0x1
 2961 0304 03       		.uleb128 0x3
 2962 0305 0E       		.uleb128 0xe
 2963 0306 3A       		.uleb128 0x3a
 2964 0307 0B       		.uleb128 0xb
ARM GAS  /tmp/ccCPrn0v.s 			page 53


 2965 0308 3B       		.uleb128 0x3b
 2966 0309 05       		.uleb128 0x5
 2967 030a 39       		.uleb128 0x39
 2968 030b 0B       		.uleb128 0xb
 2969 030c 27       		.uleb128 0x27
 2970 030d 19       		.uleb128 0x19
 2971 030e 00       		.byte	0
 2972 030f 00       		.byte	0
 2973 0310 00       		.byte	0
 2974              		.section	.gnu.debuglto_.debug_line,"e",%progbits
 2975              	.Ldebug_line0:
 2976 0000 C2000000 		.4byte	.LELT0-.LSLT0
 2977              	.LSLT0:
 2978 0004 0500     		.2byte	0x5
 2979 0006 04       		.byte	0x4
 2980 0007 00       		.byte	0
 2981 0008 BA000000 		.4byte	.LELTP0-.LASLTP0
 2982              	.LASLTP0:
 2983 000c 01       		.byte	0x1
 2984 000d 01       		.byte	0x1
 2985 000e 01       		.byte	0x1
 2986 000f F6       		.byte	0xf6
 2987 0010 F2       		.byte	0xf2
 2988 0011 0D       		.byte	0xd
 2989 0012 00       		.byte	0
 2990 0013 01       		.byte	0x1
 2991 0014 01       		.byte	0x1
 2992 0015 01       		.byte	0x1
 2993 0016 01       		.byte	0x1
 2994 0017 00       		.byte	0
 2995 0018 00       		.byte	0
 2996 0019 00       		.byte	0
 2997 001a 01       		.byte	0x1
 2998 001b 00       		.byte	0
 2999 001c 00       		.byte	0
 3000 001d 01       		.byte	0x1
 3001 001e 01       		.byte	0x1
 3002 001f 01       		.uleb128 0x1
 3003 0020 1F       		.uleb128 0x1f
 3004 0021 0C       		.uleb128 0xc
 3005 0022 88000000 		.4byte	.LASF195
 3006 0026 FF000000 		.4byte	.LASF196
 3007 002a 7D020000 		.4byte	.LASF197
 3008 002e 23040000 		.4byte	.LASF198
 3009 0032 EC030000 		.4byte	.LASF199
 3010 0036 A5030000 		.4byte	.LASF200
 3011 003a AC020000 		.4byte	.LASF201
 3012 003e E3010000 		.4byte	.LASF202
 3013 0042 11000000 		.4byte	.LASF203
 3014 0046 21030000 		.4byte	.LASF204
 3015 004a 0E020000 		.4byte	.LASF205
 3016 004e 46010000 		.4byte	.LASF206
 3017 0052 02       		.byte	0x2
 3018 0053 01       		.uleb128 0x1
 3019 0054 1F       		.uleb128 0x1f
 3020 0055 02       		.uleb128 0x2
 3021 0056 0B       		.uleb128 0xb
ARM GAS  /tmp/ccCPrn0v.s 			page 54


 3022 0057 16       		.uleb128 0x16
 3023 0058 DF020000 		.4byte	.LASF207
 3024 005c 00       		.byte	0
 3025 005d 18030000 		.4byte	.LASF208
 3026 0061 0B       		.byte	0xb
 3027 0062 00000000 		.4byte	.LASF209
 3028 0066 08       		.byte	0x8
 3029 0067 CB020000 		.4byte	.LASF210
 3030 006b 09       		.byte	0x9
 3031 006c D5020000 		.4byte	.LASF211
 3032 0070 02       		.byte	0x2
 3033 0071 E2030000 		.4byte	.LASF212
 3034 0075 07       		.byte	0x7
 3035 0076 0C030000 		.4byte	.LASF213
 3036 007a 07       		.byte	0x7
 3037 007b 94030000 		.4byte	.LASF214
 3038 007f 07       		.byte	0x7
 3039 0080 0F040000 		.4byte	.LASF215
 3040 0084 07       		.byte	0x7
 3041 0085 05020000 		.4byte	.LASF216
 3042 0089 07       		.byte	0x7
 3043 008a D8030000 		.4byte	.LASF217
 3044 008e 07       		.byte	0x7
 3045 008f 19040000 		.4byte	.LASF218
 3046 0093 07       		.byte	0x7
 3047 0094 E7000000 		.4byte	.LASF219
 3048 0098 03       		.byte	0x3
 3049 0099 F7000000 		.4byte	.LASF220
 3050 009d 07       		.byte	0x7
 3051 009e DB010000 		.4byte	.LASF221
 3052 00a2 07       		.byte	0x7
 3053 00a3 CD010000 		.4byte	.LASF222
 3054 00a7 04       		.byte	0x4
 3055 00a8 C4010000 		.4byte	.LASF223
 3056 00ac 0A       		.byte	0xa
 3057 00ad DB000000 		.4byte	.LASF224
 3058 00b1 07       		.byte	0x7
 3059 00b2 38010000 		.4byte	.LASF225
 3060 00b6 06       		.byte	0x6
 3061 00b7 F0000000 		.4byte	.LASF226
 3062 00bb 05       		.byte	0x5
 3063 00bc 9D030000 		.4byte	.LASF227
 3064 00c0 07       		.byte	0x7
 3065 00c1 CC030000 		.4byte	.LASF228
 3066 00c5 01       		.byte	0x1
 3067              	.LELTP0:
 3068              	.LELT0:
 3069              		.section	.gnu.debuglto_.debug_str,"eMS",%progbits,1
 3070              	.LASF119:
 3071 0000 72656164 		.ascii	"ready_list_t\000"
 3071      795F6C69 
 3071      73745F74 
 3071      00
 3072              	.LASF167:
 3073 000d 6F6E6679 		.ascii	"onfy\000"
 3073      00
 3074              	.LASF4:
ARM GAS  /tmp/ccCPrn0v.s 			page 55


 3075 0012 73697A65 		.ascii	"size_t\000"
 3075      5F7400
 3076              	.LASF71:
 3077 0019 6E657874 		.ascii	"next\000"
 3077      00
 3078              	.LASF80:
 3079 001e 64656C74 		.ascii	"delta\000"
 3079      6100
 3080              	.LASF108:
 3081 0024 7264796D 		.ascii	"rdymsg\000"
 3081      736700
 3082              	.LASF21:
 3083 002b 75696E74 		.ascii	"uint64_t\000"
 3083      36345F74 
 3083      00
 3084              	.LASF147:
 3085 0034 63685468 		.ascii	"chThdDequeueAllI\000"
 3085      64446571 
 3085      75657565 
 3085      416C6C49 
 3085      00
 3086              	.LASF123:
 3087 0045 69646C65 		.ascii	"idlethread_base\000"
 3087      74687265 
 3087      61645F62 
 3087      61736500 
 3088              	.LASF5:
 3089 0055 5F5F7569 		.ascii	"__uint8_t\000"
 3089      6E74385F 
 3089      7400
 3090              	.LASF74:
 3091 005f 70726576 		.ascii	"prev\000"
 3091      00
 3092              	.LASF93:
 3093 0064 706F7274 		.ascii	"port_intctx\000"
 3093      5F696E74 
 3093      63747800 
 3094              	.LASF104:
 3095 0070 63685F74 		.ascii	"ch_threads_queue\000"
 3095      68726561 
 3095      64735F71 
 3095      75657565 
 3095      00
 3096              	.LASF66:
 3097 0081 73797374 		.ascii	"system_debug_t\000"
 3097      656D5F64 
 3097      65627567 
 3097      5F7400
 3098              	.LASF85:
 3099 0090 74797065 		.ascii	"type\000"
 3099      00
 3100              	.LASF75:
 3101 0095 63685F70 		.ascii	"ch_priority_queue_t\000"
 3101      72696F72 
 3101      6974795F 
 3101      71756575 
 3101      655F7400 
ARM GAS  /tmp/ccCPrn0v.s 			page 56


 3102              	.LASF94:
 3103 00a9 706F7274 		.ascii	"port_context\000"
 3103      5F636F6E 
 3103      74657874 
 3103      00
 3104              	.LASF150:
 3105 00b6 63685379 		.ascii	"chSysHalt\000"
 3105      7348616C 
 3105      7400
 3106              	.LASF15:
 3107 00c0 6C6F6E67 		.ascii	"long long unsigned int\000"
 3107      206C6F6E 
 3107      6720756E 
 3107      7369676E 
 3107      65642069 
 3108              	.LASF109:
 3109 00d7 65786974 		.ascii	"exitcode\000"
 3109      636F6465 
 3109      00
 3110              	.LASF171:
 3111 00e0 69627152 		.ascii	"ibqReleaseEmptyBufferS\000"
 3111      656C6561 
 3111      7365456D 
 3111      70747942 
 3111      75666665 
 3112              	.LASF111:
 3113 00f7 73656E74 		.ascii	"sentmsg\000"
 3113      6D736700 
 3114              	.LASF99:
 3115 00ff 76697274 		.ascii	"virtual_timers_list_t\000"
 3115      75616C5F 
 3115      74696D65 
 3115      72735F6C 
 3115      6973745F 
 3116              	.LASF178:
 3117 0115 6962714F 		.ascii	"ibqObjectInit\000"
 3117      626A6563 
 3117      74496E69 
 3117      7400
 3118              	.LASF131:
 3119 0123 62777270 		.ascii	"bwrptr\000"
 3119      747200
 3120              	.LASF163:
 3121 012a 6F627147 		.ascii	"obqGetFullBufferI\000"
 3121      65744675 
 3121      6C6C4275 
 3121      66666572 
 3121      4900
 3122              	.LASF40:
 3123 013c 72656673 		.ascii	"refs\000"
 3123      00
 3124              	.LASF1:
 3125 0141 6C6F6E67 		.ascii	"long long int\000"
 3125      206C6F6E 
 3125      6720696E 
 3125      7400
 3126              	.LASF3:
ARM GAS  /tmp/ccCPrn0v.s 			page 57


 3127 014f 7369676E 		.ascii	"signed char\000"
 3127      65642063 
 3127      68617200 
 3128              	.LASF166:
 3129 015b 6F62714F 		.ascii	"obqObjectInit\000"
 3129      626A6563 
 3129      74496E69 
 3129      7400
 3130              	.LASF181:
 3131 0169 6F73616C 		.ascii	"osalThreadDequeueNextI\000"
 3131      54687265 
 3131      61644465 
 3131      71756575 
 3131      654E6578 
 3132              	.LASF129:
 3133 0180 696F5F62 		.ascii	"io_buffers_queue\000"
 3133      75666665 
 3133      72735F71 
 3133      75657565 
 3133      00
 3134              	.LASF79:
 3135 0191 63685F64 		.ascii	"ch_delta_list\000"
 3135      656C7461 
 3135      5F6C6973 
 3135      7400
 3136              	.LASF170:
 3137 019f 69627147 		.ascii	"ibqGetTimeout\000"
 3137      65745469 
 3137      6D656F75 
 3137      7400
 3138              	.LASF189:
 3139 01ad 62617365 		.ascii	"basePri\000"
 3139      50726900 
 3140              	.LASF51:
 3141 01b5 76746C69 		.ascii	"vtlist\000"
 3141      737400
 3142              	.LASF187:
 3143 01bc 706F7274 		.ascii	"port_unlock\000"
 3143      5F756E6C 
 3143      6F636B00 
 3144              	.LASF155:
 3145 01c8 6F627150 		.ascii	"obqPutTimeout\000"
 3145      75745469 
 3145      6D656F75 
 3145      7400
 3146              	.LASF38:
 3147 01d6 73746174 		.ascii	"state\000"
 3147      6500
 3148              	.LASF11:
 3149 01dc 6C6F6E67 		.ascii	"long int\000"
 3149      20696E74 
 3149      00
 3150              	.LASF25:
 3151 01e5 74737461 		.ascii	"tstate_t\000"
 3151      74655F74 
 3151      00
 3152              	.LASF168:
ARM GAS  /tmp/ccCPrn0v.s 			page 58


 3153 01ee 69627152 		.ascii	"ibqReadTimeout\000"
 3153      65616454 
 3153      696D656F 
 3153      757400
 3154              	.LASF59:
 3155 01fd 63685F72 		.ascii	"ch_rfcu\000"
 3155      66637500 
 3156              	.LASF141:
 3157 0205 6D656D63 		.ascii	"memcpy\000"
 3157      707900
 3158              	.LASF176:
 3159 020c 69627147 		.ascii	"ibqGetEmptyBufferI\000"
 3159      6574456D 
 3159      70747942 
 3159      75666665 
 3159      724900
 3160              	.LASF73:
 3161 021f 63685F71 		.ascii	"ch_queue\000"
 3161      75657565 
 3161      00
 3162              	.LASF18:
 3163 0228 75696E74 		.ascii	"uint16_t\000"
 3163      31365F74 
 3163      00
 3164              	.LASF78:
 3165 0231 63685F64 		.ascii	"ch_delta_list_t\000"
 3165      656C7461 
 3165      5F6C6973 
 3165      745F7400 
 3166              	.LASF146:
 3167 0241 63685468 		.ascii	"chThdDequeueNextI\000"
 3167      64446571 
 3167      75657565 
 3167      4E657874 
 3167      4900
 3168              	.LASF100:
 3169 0253 63685F72 		.ascii	"ch_registry\000"
 3169      65676973 
 3169      74727900 
 3170              	.LASF159:
 3171 025f 6F627150 		.ascii	"obqPostFullBuffer\000"
 3171      6F737446 
 3171      756C6C42 
 3171      75666665 
 3171      7200
 3172              	.LASF173:
 3173 0271 69627147 		.ascii	"ibqGetFullBufferTimeoutS\000"
 3173      65744675 
 3173      6C6C4275 
 3173      66666572 
 3173      54696D65 
 3174              	.LASF12:
 3175 028a 5F5F7569 		.ascii	"__uint32_t\000"
 3175      6E743332 
 3175      5F7400
 3176              	.LASF37:
 3177 0295 7761656E 		.ascii	"waend\000"
ARM GAS  /tmp/ccCPrn0v.s 			page 59


 3177      6400
 3178              	.LASF137:
 3179 029b 6C696E6B 		.ascii	"link\000"
 3179      00
 3180              	.LASF139:
 3181 02a0 696E7075 		.ascii	"input_buffers_queue_t\000"
 3181      745F6275 
 3181      66666572 
 3181      735F7175 
 3181      6575655F 
 3182              	.LASF132:
 3183 02b6 62726470 		.ascii	"brdptr\000"
 3183      747200
 3184              	.LASF41:
 3185 02bd 77616974 		.ascii	"waiting\000"
 3185      696E6700 
 3186              	.LASF184:
 3187 02c5 6F73616C 		.ascii	"osalSysLock\000"
 3187      5379734C 
 3187      6F636B00 
 3188              	.LASF128:
 3189 02d1 696F5F62 		.ascii	"io_buffers_queue_t\000"
 3189      75666665 
 3189      72735F71 
 3189      75657565 
 3189      5F7400
 3190              	.LASF121:
 3191 02e4 6D61696E 		.ascii	"mainthread_base\000"
 3191      74687265 
 3191      61645F62 
 3191      61736500 
 3192              	.LASF126:
 3193 02f4 6D757465 		.ascii	"mutex_t\000"
 3193      785F7400 
 3194              	.LASF65:
 3195 02fc 6C6F636B 		.ascii	"lock_cnt\000"
 3195      5F636E74 
 3195      00
 3196              	.LASF68:
 3197 0305 73797369 		.ascii	"sysinterval_t\000"
 3197      6E746572 
 3197      76616C5F 
 3197      7400
 3198              	.LASF156:
 3199 0313 6F627146 		.ascii	"obqFlush\000"
 3199      6C757368 
 3199      00
 3200              	.LASF30:
 3201 031c 636E745F 		.ascii	"cnt_t\000"
 3201      7400
 3202              	.LASF42:
 3203 0322 6D736771 		.ascii	"msgqueue\000"
 3203      75657565 
 3203      00
 3204              	.LASF0:
 3205 032b 756E7369 		.ascii	"unsigned int\000"
 3205      676E6564 
ARM GAS  /tmp/ccCPrn0v.s 			page 60


 3205      20696E74 
 3205      00
 3206              	.LASF144:
 3207 0338 5F5F6462 		.ascii	"__dbg_check_unlock\000"
 3207      675F6368 
 3207      65636B5F 
 3207      756E6C6F 
 3207      636B00
 3208              	.LASF112:
 3209 034b 77747365 		.ascii	"wtsemp\000"
 3209      6D7000
 3210              	.LASF110:
 3211 0352 77747472 		.ascii	"wttrp\000"
 3211      7000
 3212              	.LASF33:
 3213 0358 72717565 		.ascii	"rqueue\000"
 3213      756500
 3214              	.LASF72:
 3215 035f 63685F71 		.ascii	"ch_queue_t\000"
 3215      75657565 
 3215      5F7400
 3216              	.LASF154:
 3217 036a 74696D65 		.ascii	"timeout\000"
 3217      6F757400 
 3218              	.LASF135:
 3219 0372 62756666 		.ascii	"buffers\000"
 3219      65727300 
 3220              	.LASF35:
 3221 037a 6E616D65 		.ascii	"name\000"
 3221      00
 3222              	.LASF101:
 3223 037f 71756575 		.ascii	"queue\000"
 3223      6500
 3224              	.LASF53:
 3225 0385 636F7265 		.ascii	"core_id\000"
 3225      5F696400 
 3226              	.LASF190:
 3227 038d 474E5520 		.ascii	"GNU C17 11.3.1 20220712 -mcpu=cortex-m4 -mthumb -mf"
 3227      43313720 
 3227      31312E33 
 3227      2E312032 
 3227      30323230 
 3228 03c0 6C6F6174 		.ascii	"loat-abi=soft -march=armv7e-m -ggdb -O2 -fomit-fram"
 3228      2D616269 
 3228      3D736F66 
 3228      74202D6D 
 3228      61726368 
 3229 03f3 652D706F 		.ascii	"e-pointer -falign-functions=16 -ffunction-sections "
 3229      696E7465 
 3229      72202D66 
 3229      616C6967 
 3229      6E2D6675 
 3230 0426 2D666461 		.ascii	"-fdata-sections -fno-common -flto\000"
 3230      74612D73 
 3230      65637469 
 3230      6F6E7320 
 3230      2D666E6F 
ARM GAS  /tmp/ccCPrn0v.s 			page 61


 3231              	.LASF90:
 3232 0448 73697A65 		.ascii	"size\000"
 3232      00
 3233              	.LASF9:
 3234 044d 73686F72 		.ascii	"short unsigned int\000"
 3234      7420756E 
 3234      7369676E 
 3234      65642069 
 3234      6E7400
 3235              	.LASF48:
 3236 0460 63685F74 		.ascii	"ch_thread\000"
 3236      68726561 
 3236      6400
 3237              	.LASF56:
 3238 046a 6D61696E 		.ascii	"mainthread\000"
 3238      74687265 
 3238      616400
 3239              	.LASF157:
 3240 0475 6F627150 		.ascii	"obqPostFullBufferS\000"
 3240      6F737446 
 3240      756C6C42 
 3240      75666665 
 3240      725300
 3241              	.LASF43:
 3242 0488 6570656E 		.ascii	"epending\000"
 3242      64696E67 
 3242      00
 3243              	.LASF148:
 3244 0491 63684462 		.ascii	"chDbgCheckClassI\000"
 3244      67436865 
 3244      636B436C 
 3244      61737349 
 3244      00
 3245              	.LASF24:
 3246 04a2 746D6F64 		.ascii	"tmode_t\000"
 3246      655F7400 
 3247              	.LASF70:
 3248 04aa 63685F6C 		.ascii	"ch_list\000"
 3248      69737400 
 3249              	.LASF193:
 3250 04b2 6F73616C 		.ascii	"osalThreadEnqueueTimeoutS\000"
 3250      54687265 
 3250      6164456E 
 3250      71756575 
 3250      6554696D 
 3251              	.LASF117:
 3252 04cc 63685F72 		.ascii	"ch_ready_list\000"
 3252      65616479 
 3252      5F6C6973 
 3252      7400
 3253              	.LASF29:
 3254 04da 6576656E 		.ascii	"eventmask_t\000"
 3254      746D6173 
 3254      6B5F7400 
 3255              	.LASF10:
 3256 04e6 5F5F696E 		.ascii	"__int32_t\000"
 3256      7433325F 
ARM GAS  /tmp/ccCPrn0v.s 			page 62


 3256      7400
 3257              	.LASF23:
 3258 04f0 73746B61 		.ascii	"stkalign_t\000"
 3258      6C69676E 
 3258      5F7400
 3259              	.LASF86:
 3260 04fb 72747374 		.ascii	"rtstamp\000"
 3260      616D7000 
 3261              	.LASF98:
 3262 0503 6C617374 		.ascii	"laststamp\000"
 3262      7374616D 
 3262      7000
 3263              	.LASF149:
 3264 050d 63685468 		.ascii	"chThdQueueObjectInit\000"
 3264      64517565 
 3264      75654F62 
 3264      6A656374 
 3264      496E6974 
 3265              	.LASF45:
 3266 0522 7265616C 		.ascii	"realprio\000"
 3266      7072696F 
 3266      00
 3267              	.LASF58:
 3268 052b 72666375 		.ascii	"rfcu_mask_t\000"
 3268      5F6D6173 
 3268      6B5F7400 
 3269              	.LASF191:
 3270 0537 2E2E2F2E 		.ascii	"../../chibios_trunk/os/hal/src/hal_buffers.c\000"
 3270      2E2F6368 
 3270      6962696F 
 3270      735F7472 
 3270      756E6B2F 
 3271              	.LASF103:
 3272 0564 74687265 		.ascii	"thread_reference_t\000"
 3272      61645F72 
 3272      65666572 
 3272      656E6365 
 3272      5F7400
 3273              	.LASF95:
 3274 0577 63685F76 		.ascii	"ch_virtual_timers_list\000"
 3274      69727475 
 3274      616C5F74 
 3274      696D6572 
 3274      735F6C69 
 3275              	.LASF2:
 3276 058e 6C6F6E67 		.ascii	"long double\000"
 3276      20646F75 
 3276      626C6500 
 3277              	.LASF69:
 3278 059a 63685F6C 		.ascii	"ch_list_t\000"
 3278      6973745F 
 3278      7400
 3279              	.LASF175:
 3280 05a4 69627150 		.ascii	"ibqPostFullBufferI\000"
 3280      6F737446 
 3280      756C6C42 
 3280      75666665 
ARM GAS  /tmp/ccCPrn0v.s 			page 63


 3280      724900
 3281              	.LASF89:
 3282 05b7 73757370 		.ascii	"suspended\000"
 3282      656E6465 
 3282      6400
 3283              	.LASF133:
 3284 05c1 62746F70 		.ascii	"btop\000"
 3284      00
 3285              	.LASF120:
 3286 05c6 63685F6F 		.ascii	"ch_os_instance_config\000"
 3286      735F696E 
 3286      7374616E 
 3286      63655F63 
 3286      6F6E6669 
 3287              	.LASF165:
 3288 05dc 6F627152 		.ascii	"obqResetI\000"
 3288      65736574 
 3288      4900
 3289              	.LASF87:
 3290 05e6 74696D65 		.ascii	"time\000"
 3290      00
 3291              	.LASF77:
 3292 05eb 7072696F 		.ascii	"prio\000"
 3292      00
 3293              	.LASF118:
 3294 05f0 63757272 		.ascii	"current\000"
 3294      656E7400 
 3295              	.LASF14:
 3296 05f8 5F5F7569 		.ascii	"__uint64_t\000"
 3296      6E743634 
 3296      5F7400
 3297              	.LASF169:
 3298 0603 69627170 		.ascii	"ibqp\000"
 3298      00
 3299              	.LASF145:
 3300 0608 5F5F6462 		.ascii	"__dbg_check_lock\000"
 3300      675F6368 
 3300      65636B5F 
 3300      6C6F636B 
 3300      00
 3301              	.LASF130:
 3302 0619 62636F75 		.ascii	"bcounter\000"
 3302      6E746572 
 3302      00
 3303              	.LASF31:
 3304 0622 636F7265 		.ascii	"core_id_t\000"
 3304      5F69645F 
 3304      7400
 3305              	.LASF26:
 3306 062c 74726566 		.ascii	"trefs_t\000"
 3306      735F7400 
 3307              	.LASF84:
 3308 0634 75736572 		.ascii	"user\000"
 3308      00
 3309              	.LASF28:
 3310 0639 6D73675F 		.ascii	"msg_t\000"
 3310      7400
ARM GAS  /tmp/ccCPrn0v.s 			page 64


 3311              	.LASF27:
 3312 063f 74707269 		.ascii	"tprio_t\000"
 3312      6F5F7400 
 3313              	.LASF140:
 3314 0647 6F757470 		.ascii	"output_buffers_queue_t\000"
 3314      75745F62 
 3314      75666665 
 3314      72735F71 
 3314      75657565 
 3315              	.LASF62:
 3316 065e 63685F73 		.ascii	"ch_system_debug\000"
 3316      79737465 
 3316      6D5F6465 
 3316      62756700 
 3317              	.LASF127:
 3318 066e 5F426F6F 		.ascii	"_Bool\000"
 3318      6C00
 3319              	.LASF19:
 3320 0674 696E7433 		.ascii	"int32_t\000"
 3320      325F7400 
 3321              	.LASF6:
 3322 067c 756E7369 		.ascii	"unsigned char\000"
 3322      676E6564 
 3322      20636861 
 3322      7200
 3323              	.LASF134:
 3324 068a 6273697A 		.ascii	"bsize\000"
 3324      6500
 3325              	.LASF177:
 3326 0690 69627152 		.ascii	"ibqResetI\000"
 3326      65736574 
 3326      4900
 3327              	.LASF61:
 3328 069a 72666375 		.ascii	"rfcu_t\000"
 3328      5F7400
 3329              	.LASF174:
 3330 06a1 69627147 		.ascii	"ibqGetFullBufferTimeout\000"
 3330      65744675 
 3330      6C6C4275 
 3330      66666572 
 3330      54696D65 
 3331              	.LASF7:
 3332 06b9 73686F72 		.ascii	"short int\000"
 3332      7420696E 
 3332      7400
 3333              	.LASF97:
 3334 06c3 6C617374 		.ascii	"lasttime\000"
 3334      74696D65 
 3334      00
 3335              	.LASF83:
 3336 06cc 68616C74 		.ascii	"halt\000"
 3336      00
 3337              	.LASF92:
 3338 06d1 74726163 		.ascii	"trace_buffer_t\000"
 3338      655F6275 
 3338      66666572 
 3338      5F7400
ARM GAS  /tmp/ccCPrn0v.s 			page 65


 3339              	.LASF114:
 3340 06e0 65776D61 		.ascii	"ewmask\000"
 3340      736B00
 3341              	.LASF179:
 3342 06e7 696E6679 		.ascii	"infy\000"
 3342      00
 3343              	.LASF158:
 3344 06ec 5F5F6675 		.ascii	"__func__\000"
 3344      6E635F5F 
 3344      00
 3345              	.LASF186:
 3346 06f5 63685379 		.ascii	"chSysLock\000"
 3346      734C6F63 
 3346      6B00
 3347              	.LASF153:
 3348 06ff 6F627157 		.ascii	"obqWriteTimeout\000"
 3348      72697465 
 3348      54696D65 
 3348      6F757400 
 3349              	.LASF183:
 3350 070f 6F73616C 		.ascii	"osalSysUnlock\000"
 3350      53797355 
 3350      6E6C6F63 
 3350      6B00
 3351              	.LASF82:
 3352 071d 72656173 		.ascii	"reason\000"
 3352      6F6E00
 3353              	.LASF115:
 3354 0724 63685F73 		.ascii	"ch_semaphore\000"
 3354      656D6170 
 3354      686F7265 
 3354      00
 3355              	.LASF102:
 3356 0731 72656769 		.ascii	"registry_t\000"
 3356      73747279 
 3356      5F7400
 3357              	.LASF151:
 3358 073c 6F627154 		.ascii	"obqTryFlushI\000"
 3358      7279466C 
 3358      75736849 
 3358      00
 3359              	.LASF143:
 3360 0749 63684462 		.ascii	"chDbgCheckClassS\000"
 3360      67436865 
 3360      636B436C 
 3360      61737353 
 3360      00
 3361              	.LASF20:
 3362 075a 75696E74 		.ascii	"uint32_t\000"
 3362      33325F74 
 3362      00
 3363              	.LASF113:
 3364 0763 77746D74 		.ascii	"wtmtxp\000"
 3364      787000
 3365              	.LASF22:
 3366 076a 706F7274 		.ascii	"port_stkalign_t\000"
 3366      5F73746B 
ARM GAS  /tmp/ccCPrn0v.s 			page 66


 3366      616C6967 
 3366      6E5F7400 
 3367              	.LASF34:
 3368 077a 6F776E65 		.ascii	"owner\000"
 3368      7200
 3369              	.LASF13:
 3370 0780 6C6F6E67 		.ascii	"long unsigned int\000"
 3370      20756E73 
 3370      69676E65 
 3370      6420696E 
 3370      7400
 3371              	.LASF36:
 3372 0792 77616261 		.ascii	"wabase\000"
 3372      736500
 3373              	.LASF136:
 3374 0799 6E6F7469 		.ascii	"notify\000"
 3374      667900
 3375              	.LASF16:
 3376 07a0 63686172 		.ascii	"char\000"
 3376      00
 3377              	.LASF55:
 3378 07a5 636F6E66 		.ascii	"config\000"
 3378      696700
 3379              	.LASF8:
 3380 07ac 5F5F7569 		.ascii	"__uint16_t\000"
 3380      6E743136 
 3380      5F7400
 3381              	.LASF32:
 3382 07b7 74687265 		.ascii	"thread_t\000"
 3382      61645F74 
 3382      00
 3383              	.LASF96:
 3384 07c0 646C6973 		.ascii	"dlist\000"
 3384      7400
 3385              	.LASF67:
 3386 07c6 73797374 		.ascii	"systime_t\000"
 3386      696D655F 
 3386      7400
 3387              	.LASF91:
 3388 07d0 62756666 		.ascii	"buffer\000"
 3388      657200
 3389              	.LASF194:
 3390 07d7 5F5F7365 		.ascii	"__set_BASEPRI\000"
 3390      745F4241 
 3390      53455052 
 3390      4900
 3391              	.LASF63:
 3392 07e5 70616E69 		.ascii	"panic_msg\000"
 3392      635F6D73 
 3392      6700
 3393              	.LASF107:
 3394 07ef 70717565 		.ascii	"pqueue\000"
 3394      756500
 3395              	.LASF49:
 3396 07f6 63685F6F 		.ascii	"ch_os_instance\000"
 3396      735F696E 
 3396      7374616E 
ARM GAS  /tmp/ccCPrn0v.s 			page 67


 3396      636500
 3397              	.LASF88:
 3398 0805 74726163 		.ascii	"trace_event_t\000"
 3398      655F6576 
 3398      656E745F 
 3398      7400
 3399              	.LASF47:
 3400 0813 6F735F69 		.ascii	"os_instance_t\000"
 3400      6E737461 
 3400      6E63655F 
 3400      7400
 3401              	.LASF52:
 3402 0821 7265676C 		.ascii	"reglist\000"
 3402      69737400 
 3403              	.LASF182:
 3404 0829 6F73616C 		.ascii	"osalThreadQueueObjectInit\000"
 3404      54687265 
 3404      61645175 
 3404      6575654F 
 3404      626A6563 
 3405              	.LASF76:
 3406 0843 63685F70 		.ascii	"ch_priority_queue\000"
 3406      72696F72 
 3406      6974795F 
 3406      71756575 
 3406      6500
 3407              	.LASF122:
 3408 0855 6D61696E 		.ascii	"mainthread_end\000"
 3408      74687265 
 3408      61645F65 
 3408      6E6400
 3409              	.LASF192:
 3410 0864 2F686F6D 		.ascii	"/home/rob/Projects/ChibiStudio/ChibiStudio_23/works"
 3410      652F726F 
 3410      622F5072 
 3410      6F6A6563 
 3410      74732F43 
 3411 0897 70616365 		.ascii	"pace_trunk/STM32_GPIB_firmware/\000"
 3411      5F747275 
 3411      6E6B2F53 
 3411      544D3332 
 3411      5F475049 
 3412              	.LASF138:
 3413 08b7 62716E6F 		.ascii	"bqnotify_t\000"
 3413      74696679 
 3413      5F7400
 3414              	.LASF46:
 3415 08c2 6D706F6F 		.ascii	"mpool\000"
 3415      6C00
 3416              	.LASF125:
 3417 08c8 6F735F69 		.ascii	"os_instance_config_t\000"
 3417      6E737461 
 3417      6E63655F 
 3417      636F6E66 
 3417      69675F74 
 3418              	.LASF105:
 3419 08dd 74687265 		.ascii	"threads_queue_t\000"
ARM GAS  /tmp/ccCPrn0v.s 			page 68


 3419      6164735F 
 3419      71756575 
 3419      655F7400 
 3420              	.LASF116:
 3421 08ed 63685F6D 		.ascii	"ch_mutex\000"
 3421      75746578 
 3421      00
 3422              	.LASF60:
 3423 08f6 6D61736B 		.ascii	"mask\000"
 3423      00
 3424              	.LASF64:
 3425 08fb 6973725F 		.ascii	"isr_cnt\000"
 3425      636E7400 
 3426              	.LASF162:
 3427 0903 6F627152 		.ascii	"obqReleaseEmptyBufferI\000"
 3427      656C6561 
 3427      7365456D 
 3427      70747942 
 3427      75666665 
 3428              	.LASF50:
 3429 091a 726C6973 		.ascii	"rlist\000"
 3429      7400
 3430              	.LASF152:
 3431 0920 6F627170 		.ascii	"obqp\000"
 3431      00
 3432              	.LASF17:
 3433 0925 75696E74 		.ascii	"uint8_t\000"
 3433      385F7400 
 3434              	.LASF39:
 3435 092d 666C6167 		.ascii	"flags\000"
 3435      7300
 3436              	.LASF161:
 3437 0933 6F627147 		.ascii	"obqGetEmptyBufferTimeout\000"
 3437      6574456D 
 3437      70747942 
 3437      75666665 
 3437      7254696D 
 3438              	.LASF81:
 3439 094c 77746F62 		.ascii	"wtobjp\000"
 3439      6A7000
 3440              	.LASF164:
 3441 0953 73697A65 		.ascii	"sizep\000"
 3441      7000
 3442              	.LASF172:
 3443 0959 69627152 		.ascii	"ibqReleaseEmptyBuffer\000"
 3443      656C6561 
 3443      7365456D 
 3443      70747942 
 3443      75666665 
 3444              	.LASF180:
 3445 096f 6F73616C 		.ascii	"osalThreadDequeueAllI\000"
 3445      54687265 
 3445      61644465 
 3445      71756575 
 3445      65416C6C 
 3446              	.LASF57:
 3447 0985 74726163 		.ascii	"trace_buffer\000"
ARM GAS  /tmp/ccCPrn0v.s 			page 69


 3447      655F6275 
 3447      66666572 
 3447      00
 3448              	.LASF185:
 3449 0992 63685379 		.ascii	"chSysUnlock\000"
 3449      73556E6C 
 3449      6F636B00 
 3450              	.LASF54:
 3451 099e 72666375 		.ascii	"rfcu\000"
 3451      00
 3452              	.LASF106:
 3453 09a3 6C697374 		.ascii	"list\000"
 3453      00
 3454              	.LASF188:
 3455 09a8 706F7274 		.ascii	"port_lock\000"
 3455      5F6C6F63 
 3455      6B00
 3456              	.LASF124:
 3457 09b2 69646C65 		.ascii	"idlethread_end\000"
 3457      74687265 
 3457      61645F65 
 3457      6E6400
 3458              	.LASF44:
 3459 09c1 6D74786C 		.ascii	"mtxlist\000"
 3459      69737400 
 3460              	.LASF160:
 3461 09c9 6F627147 		.ascii	"obqGetEmptyBufferTimeoutS\000"
 3461      6574456D 
 3461      70747942 
 3461      75666665 
 3461      7254696D 
 3462              	.LASF142:
 3463 09e3 63685468 		.ascii	"chThdEnqueueTimeoutS\000"
 3463      64456E71 
 3463      75657565 
 3463      54696D65 
 3463      6F757453 
 3464              		.section	.gnu.debuglto_.debug_line_str,"eMS",%progbits,1
 3465              	.LASF209:
 3466 0000 5F646566 		.ascii	"_default_types.h\000"
 3466      61756C74 
 3466      5F747970 
 3466      65732E68 
 3466      00
 3467              	.LASF203:
 3468 0011 2F686F6D 		.ascii	"/home/rob/Projects/ChibiStudio/ChibiStudio_23/tools"
 3468      652F726F 
 3468      622F5072 
 3468      6F6A6563 
 3468      74732F43 
 3469 0044 2F474E55 		.ascii	"/GNU Tools ARM Embedded/11.3.1 2022q3/arm-none-eabi"
 3469      20546F6F 
 3469      6C732041 
 3469      524D2045 
 3469      6D626564 
 3470 0077 2F696E63 		.ascii	"/include/machine\000"
 3470      6C756465 
ARM GAS  /tmp/ccCPrn0v.s 			page 70


 3470      2F6D6163 
 3470      68696E65 
 3470      00
 3471              	.LASF195:
 3472 0088 2F686F6D 		.ascii	"/home/rob/Projects/ChibiStudio/ChibiStudio_23/works"
 3472      652F726F 
 3472      622F5072 
 3472      6F6A6563 
 3472      74732F43 
 3473 00bb 70616365 		.ascii	"pace_trunk/STM32_GPIB_firmware/\000"
 3473      5F747275 
 3473      6E6B2F53 
 3473      544D3332 
 3473      5F475049 
 3474              	.LASF224:
 3475 00db 63687468 		.ascii	"chthreads.h\000"
 3475      72656164 
 3475      732E6800 
 3476              	.LASF219:
 3477 00e7 6368636F 		.ascii	"chcore.h\000"
 3477      72652E68 
 3477      00
 3478              	.LASF226:
 3479 00f0 6F73616C 		.ascii	"osal.h\000"
 3479      2E6800
 3480              	.LASF220:
 3481 00f7 63687365 		.ascii	"chsem.h\000"
 3481      6D2E6800 
 3482              	.LASF196:
 3483 00ff 2E2E2F2E 		.ascii	"../../chibios_trunk/os/common/ext/ARM/CMSIS/Core/In"
 3483      2E2F6368 
 3483      6962696F 
 3483      735F7472 
 3483      756E6B2F 
 3484 0132 636C7564 		.ascii	"clude\000"
 3484      6500
 3485              	.LASF225:
 3486 0138 68616C5F 		.ascii	"hal_buffers.c\000"
 3486      62756666 
 3486      6572732E 
 3486      6300
 3487              	.LASF206:
 3488 0146 2F686F6D 		.ascii	"/home/rob/Projects/ChibiStudio/ChibiStudio_23/tools"
 3488      652F726F 
 3488      622F5072 
 3488      6F6A6563 
 3488      74732F43 
 3489 0179 2F474E55 		.ascii	"/GNU Tools ARM Embedded/11.3.1 2022q3/lib/gcc/arm-n"
 3489      20546F6F 
 3489      6C732041 
 3489      524D2045 
 3489      6D626564 
 3490 01ac 6F6E652D 		.ascii	"one-eabi/11.3.1/include\000"
 3490      65616269 
 3490      2F31312E 
 3490      332E312F 
 3490      696E636C 
ARM GAS  /tmp/ccCPrn0v.s 			page 71


 3491              	.LASF223:
 3492 01c4 73747269 		.ascii	"string.h\000"
 3492      6E672E68 
 3492      00
 3493              	.LASF222:
 3494 01cd 68616C5F 		.ascii	"hal_buffers.h\000"
 3494      62756666 
 3494      6572732E 
 3494      6800
 3495              	.LASF221:
 3496 01db 63686D74 		.ascii	"chmtx.h\000"
 3496      782E6800 
 3497              	.LASF202:
 3498 01e3 2E2E2F2E 		.ascii	"../../chibios_trunk/os/rt/include\000"
 3498      2E2F6368 
 3498      6962696F 
 3498      735F7472 
 3498      756E6B2F 
 3499              	.LASF216:
 3500 0205 63687469 		.ascii	"chtime.h\000"
 3500      6D652E68 
 3500      00
 3501              	.LASF205:
 3502 020e 2F686F6D 		.ascii	"/home/rob/Projects/ChibiStudio/ChibiStudio_23/tools"
 3502      652F726F 
 3502      622F5072 
 3502      6F6A6563 
 3502      74732F43 
 3503 0241 2F474E55 		.ascii	"/GNU Tools ARM Embedded/11.3.1 2022q3/arm-none-eabi"
 3503      20546F6F 
 3503      6C732041 
 3503      524D2045 
 3503      6D626564 
 3504 0274 2F696E63 		.ascii	"/include\000"
 3504      6C756465 
 3504      00
 3505              	.LASF197:
 3506 027d 2E2E2F2E 		.ascii	"../../chibios_trunk/os/common/ports/ARM-common\000"
 3506      2E2F6368 
 3506      6962696F 
 3506      735F7472 
 3506      756E6B2F 
 3507              	.LASF201:
 3508 02ac 2E2E2F2E 		.ascii	"../../chibios_trunk/os/hal/src\000"
 3508      2E2F6368 
 3508      6962696F 
 3508      735F7472 
 3508      756E6B2F 
 3509              	.LASF210:
 3510 02cb 5F737464 		.ascii	"_stdint.h\000"
 3510      696E742E 
 3510      6800
 3511              	.LASF211:
 3512 02d5 63687479 		.ascii	"chtypes.h\000"
 3512      7065732E 
 3512      6800
 3513              	.LASF207:
ARM GAS  /tmp/ccCPrn0v.s 			page 72


 3514 02df 2E2E2F2E 		.ascii	"../../chibios_trunk/os/hal/src/hal_buffers.c\000"
 3514      2E2F6368 
 3514      6962696F 
 3514      735F7472 
 3514      756E6B2F 
 3515              	.LASF213:
 3516 030c 63686F62 		.ascii	"chobjects.h\000"
 3516      6A656374 
 3516      732E6800 
 3517              	.LASF208:
 3518 0318 73746464 		.ascii	"stddef.h\000"
 3518      65662E68 
 3518      00
 3519              	.LASF204:
 3520 0321 2F686F6D 		.ascii	"/home/rob/Projects/ChibiStudio/ChibiStudio_23/tools"
 3520      652F726F 
 3520      622F5072 
 3520      6F6A6563 
 3520      74732F43 
 3521 0354 2F474E55 		.ascii	"/GNU Tools ARM Embedded/11.3.1 2022q3/arm-none-eabi"
 3521      20546F6F 
 3521      6C732041 
 3521      524D2045 
 3521      6D626564 
 3522 0387 2F696E63 		.ascii	"/include/sys\000"
 3522      6C756465 
 3522      2F737973 
 3522      00
 3523              	.LASF214:
 3524 0394 63687266 		.ascii	"chrfcu.h\000"
 3524      63752E68 
 3524      00
 3525              	.LASF227:
 3526 039d 63687379 		.ascii	"chsys.h\000"
 3526      732E6800 
 3527              	.LASF200:
 3528 03a5 2E2E2F2E 		.ascii	"../../chibios_trunk/os/hal/osal/rt-nil\000"
 3528      2E2F6368 
 3528      6962696F 
 3528      735F7472 
 3528      756E6B2F 
 3529              	.LASF228:
 3530 03cc 636D7369 		.ascii	"cmsis_gcc.h\000"
 3530      735F6763 
 3530      632E6800 
 3531              	.LASF217:
 3532 03d8 63686C69 		.ascii	"chlists.h\000"
 3532      7374732E 
 3532      6800
 3533              	.LASF212:
 3534 03e2 63686561 		.ascii	"chearly.h\000"
 3534      726C792E 
 3534      6800
 3535              	.LASF199:
 3536 03ec 2E2E2F2E 		.ascii	"../../chibios_trunk/os/hal/include\000"
 3536      2E2F6368 
 3536      6962696F 
ARM GAS  /tmp/ccCPrn0v.s 			page 73


 3536      735F7472 
 3536      756E6B2F 
 3537              	.LASF215:
 3538 040f 63686465 		.ascii	"chdebug.h\000"
 3538      6275672E 
 3538      6800
 3539              	.LASF218:
 3540 0419 63687472 		.ascii	"chtrace.h\000"
 3540      6163652E 
 3540      6800
 3541              	.LASF198:
 3542 0423 2E2E2F2E 		.ascii	"../../chibios_trunk/os/common/ports/ARMv7-M\000"
 3542      2E2F6368 
 3542      6962696F 
 3542      735F7472 
 3542      756E6B2F 
 3543              		.text
 3544              		.section	.gnu.lto_.profile.6de3afccbe28b4ce,"e",%progbits
 3545 0000 789C6363 		.ascii	"x\234cc\000\002&~\006Y\006\000\000\306\0005"
 3545      0002267E 
 3545      06590600 
 3545      00C60035 
 3546              		.text
 3547              		.section	.gnu.lto_.icf.6de3afccbe28b4ce,"e",%progbits
 3548 0000 789C4B65 		.ascii	"x\234Kef\200\003\025\206\213w[?pp010121\00113\023\013"
 3548      66800315 
 3548      868B775B 
 3548      3F707030 
 3548      31303132 
 3549 001a 132B131B 		.ascii	"\023+\023\033\323\332\216\256s\334\314\317\247/~\313"
 3549      D3DA8EAE 
 3549      73DCCCCF 
 3549      A72F7ECB 
 3550 002a C1C5C4CE 		.ascii	"\301\305\304\316\304\301\304\011\305\\@\010\244Y\026"
 3550      C4C1C409 
 3550      C55C4008 
 3550      A45916
 3551 0039 75BC9DC7 		.ascii	"u\274\235\307\311:\367\332\201\303`\005\334@A\010\206"
 3551      C93AF7DA 
 3551      81C36005 
 3551      DC404108 
 3551      86
 3552 004a B2D94E4E 		.ascii	"\262\331NN\353\374\301\302\376s\331\206\015\034\022"
 3552      EBFCC1C2 
 3552      FE73D986 
 3552      0D1C12
 3553 0059 4C3C409D 		.ascii	"L<@\235\310\246pB\371\350b\274@\314\307\304\301q\241"
 3553      C8A67042 
 3553      F9E862BC 
 3553      40CCC7C4 
 3553      C171A1
 3554 006c 61FB5F46 		.ascii	"a\373_F\316\013\007^-\344\347\301P\004\305\\O\273\177"
 3554      CE0B075E 
 3554      2DE4E7C1 
 3554      5004C55C 
 3554      4FBB7F
 3555 007f 4E626743 		.ascii	"NbgC6\217\273\367\367\223n\026)\024\035\354H\016g\307"
ARM GAS  /tmp/ccCPrn0v.s 			page 74


 3555      368FBBF7 
 3555      F7936E16 
 3555      29141DEC 
 3555      480E67C7 
 3556 0093 612D10F3 		.ascii	"a-\020\363t\316\230\373\236\233\367\302\254\367\015"
 3556      74CE98FB 
 3556      9E9BF7C2 
 3556      ACF70D
 3557 00a2 AC2C30F7 		.ascii	"\254,0\367\3625\317i\277\304\313\300?\365\333\217H1"
 3557      F235CF69 
 3557      BFC4CBC0 
 3557      3FF5DB8F 
 3557      4831
 3558 00b4 0CDD38DC 		.ascii	"\014\3358\334\005\362\204\300\244{g\347s\011\376\371"
 3558      05F284C0 
 3558      A47B67E7 
 3558      7309FEF9 
 3559 00c4 71FA2B3F 		.ascii	"q\372+?\203\320\265\245\373.\260r\301\345\371\201\020"
 3559      83D0B5A5 
 3559      FB2EB072 
 3559      C1E5F981 
 3559      10
 3560 00d5 CA16DEFA 		.ascii	"\312\026\336\372\350\335O.!\254\306\240a\221\245\217"
 3560      E8DD4F2E 
 3560      21ACC6A0 
 3560      6191A58F 
 3561 00e5 8EFFE716 		.ascii	"\216\377\347\026]\331\377b\007\013(@\271QB\035\026\362"
 3561      5DD9FF62 
 3561      070B2840 
 3561      B951421D 
 3561      16F2
 3562 00f7 E862BC40 		.ascii	"\350b\274@\314\307\304-6u\342_\177\361I'\376\034\340"
 3562      CCC7C42D 
 3562      3675E25F 
 3562      7FF14927 
 3562      FE1CE0
 3563 010a E5C3AA0E 		.ascii	"\345\303\252\016\212%~]\274\265\226\233\013\305H.\010"
 3563      8A257E5D 
 3563      BCB5969B 
 3563      0BC5482E 
 3563      08
 3564 011b 945CF168 		.ascii	"\224\\\361hB7\273\030\206m\354\250\361\216\214\245~"
 3564      4237BB18 
 3564      866DECA8 
 3564      F18E8CA5 
 3564      7E
 3565 012c 9DDEFC80 		.ascii	"\235\336\374\200O\032\036\246`E2\2200\225\275\371\274"
 3565      4F1A1EA6 
 3565      60453290 
 3565      3095BDF9 
 3565      BC
 3566 013d EB0FA714 		.ascii	"\353\017\247\024\212\021\220(\302\356\021$\017\311\035"
 3566      8A119028 
 3566      C2EE1124 
 3566      0FC91D
 3567 014c EB5FB394 		.ascii	"\353_\263\224C\376\376\2667\327\371\030\024\216<i\335"
 3567      43FEFEB6 
ARM GAS  /tmp/ccCPrn0v.s 			page 75


 3567      37D7F918 
 3567      148E3C69 
 3567      DD
 3568 015d C5C80797 		.ascii	"\305\310\007\227\207\004.J\240(\336\\\365j+\253\010"
 3568      87042E4A 
 3568      A028DE5C 
 3568      F56A2BAB 
 3568      08
 3569 016e 56E3D031 		.ascii	"V\343\3201P\271\322\232\225\253Oq+\237\276\372v\001"
 3569      50B9D29A 
 3569      95AB4F71 
 3569      2B9FBEFA 
 3569      7601
 3570 0180 93147AB2 		.ascii	"\223\024z\262&\306\215*\213\037\277Y\302\307\002\343"
 3570      26C68D2A 
 3570      8B1FBF59 
 3570      C2C702E3 
 3571 0190 320000FB 		.ascii	"2\000\000\373V~\""
 3571      567E22
 3572              		.text
 3573              		.section	.gnu.lto_.ipa_sra.6de3afccbe28b4ce,"e",%progbits
 3574 0000 789C8D92 		.ascii	"x\234\215\222\013\012\3020\020Dg\222\226\242\242\242"
 3574      0B0AC230 
 3574      10446792 
 3574      96A2A2A2 
 3575 0010 225A5454 		.ascii	"\"ZTT\364\240\236\305\223\232\315g\223h[L\241\315tw"
 3575      F4A09EC5 
 3575      939ACD67 
 3575      93685B4C 
 3575      A1CD7477 
 3576 0024 36D347DF 		.ascii	"6\323G\337\006\272z\200\356\222E\353\237V\266m\336v"
 3576      06BA7A80 
 3576      EE9245EB 
 3576      9F56B66D 
 3576      DE76
 3577 0036 1D2616D5 		.ascii	"\035&\026\325\216\031\365\305<\332\271\320\243hXX\274"
 3577      8E19F5C5 
 3577      3CDAB9D0 
 3577      A3685858 
 3577      BC
 3578 0047 66316699 		.ascii	"f1f\231\032]\012\276\032\300\370\376\320\303\225T[_"
 3578      1A5D0ABE 
 3578      1AC0F8FE 
 3578      D0C39554 
 3578      5B5F
 3579 0059 15A3D4A5 		.ascii	"\025\243\324\245b\3005\213\221\301\311\215\010\367\005"
 3579      62C0358B 
 3579      91C1C98D 
 3579      08F705
 3580 0068 4983DB3C 		.ascii	"I\203\333<=\004\364:\016\3375\032\254n\262U\302Z\245"
 3580      3D04F43A 
 3580      0EDF351A 
 3580      AC6EB255 
 3580      C25AA5
 3581 007b 11568FDF 		.ascii	"\021V\217\337\377\313\351\2209\035\025\217;\262\347"
 3581      FFCBE990 
 3581      391D158F 
ARM GAS  /tmp/ccCPrn0v.s 			page 76


 3581      3BB2E7
 3582 008a 20A7D324 		.ascii	" \247\323$\231\363(\231KF?\004<\262\271\252\237\245"
 3582      99F32899 
 3582      4B463F04 
 3582      3CB2B9AA 
 3582      9FA5
 3583 009c DF899B2D 		.ascii	"\337\211\233-\343W\334\302\375>\312\015\232\017\337"
 3583      E357DCC2 
 3583      FD3ECA0D 
 3583      9A0FDF
 3584 00ab EA97DB23 		.ascii	"\352\227\333#\375+O\33149Fl\370\000\006\275\010|"
 3584      FD2B4FD9 
 3584      3439466C 
 3584      F80006BD 
 3584      087C
 3585              		.text
 3586              		.section	.gnu.lto_.inline.6de3afccbe28b4ce,"e",%progbits
 3587 0000 789CCD54 		.ascii	"x\234\315T[k\023A\024>3\263\346~\257\267\330\326Z,\352"
 3587      5B6B1341 
 3587      143E33B3 
 3587      E67EAFB7 
 3587      D8D65A2C 
 3588 0015 9308828A 		.ascii	"\223\010\202\212?\242\177\242\267\240\376\210i}\220"
 3588      3FA27FA2 
 3588      B7A0FE88 
 3588      697D90
 3589 0024 FA608B62 		.ascii	"\372`\213b\232\004#\201\264\264Rj\300\240/BI\254T\305"
 3589      9A042381 
 3589      B4B4526A 
 3589      C0A02F42 
 3589      49AC54C5 
 3590 0038 D84830A2 		.ascii	"\330H0\242\266\005\213\030\212\265P\264\005+h<3\263"
 3590      B6058B18 
 3590      8AB550B4 
 3590      052B683C 
 3590      33B3
 3591 004a D96E9AC4 		.ascii	"\331n\232\304@}1Yvgg\347\\\276\357\234\357|\260\202"
 3591      407D3159 
 3591      766767E7 
 3591      5CBEEF9C 
 3591      EF7CB082 
 3592 005e F10B0278 		.ascii	"\361\013\002x\327\223+\303t\200\000\015\014q\236\240"
 3592      D7932BC3 
 3592      7480000D 
 3592      0C719EA0 
 3593 006e 7D009641 		.ascii	"}\000\226A\3169\355\245@\305\031\352\304\033\301\277"
 3593      CE39EDA5 
 3593      40C519EA 
 3593      C41BC1BF 
 3594 007e 7C19ED86 		.ascii	"|\031\355\206\252%q\2105\003\317j.z\225\365\243\033"
 3594      AA257188 
 3594      3503CF6A 
 3594      2E7A95F5 
 3594      A31B
 3595 0090 0F1A6718 		.ascii	"\017\032g\030\272qp\341\246Owc\262\251x\334g\262r\343"
 3595      BA7170E1 
 3595      A64F7763 
ARM GAS  /tmp/ccCPrn0v.s 			page 77


 3595      B2A978DC 
 3595      67B272E3 
 3596 00a4 D984B072 		.ascii	"\331\204\260rr\231Ec++\264}\313\307\2224D4\334\264\211"
 3596      72994563 
 3596      2B2BB47D 
 3596      CBC79234 
 3596      4434DCB4 
 3597 00b9 EF847A45 		.ascii	"\357\204zE\022\204\372\360\241\251\207\325%P\010\217"
 3597      1284FAF0 
 3597      A1A987D5 
 3597      2550088F 
 3598 00c9 0109A75F 		.ascii	"\001\011\247_x\324dJ\275\240\201\026I\227r\254\007l"
 3598      78D4644A 
 3598      BDA08116 
 3598      499772AC 
 3598      076C
 3599 00db 60B97BFD 		.ascii	"`\271{\375~\036\367|@\345\301\0368c\254.\354\0200\322"
 3599      7E1EF77C 
 3599      40E5C11E 
 3599      3863AC2E 
 3599      EC1030D2 
 3600 00ef DD8409D3 		.ascii	"\335\204\011\323\322\016\002\316G6@H%E\213\210\314z"
 3600      D20E02CE 
 3600      47364048 
 3600      25458B88 
 3600      CC7A
 3601 0101 015C821E 		.ascii	"\001\\\202\036\003\037sU\214@1\351\000\317\257D\376"
 3601      031F7355 
 3601      8C4031E9 
 3601      00CFAF44 
 3601      FE
 3602 0112 B12C887F 		.ascii	"\261,\210\1776\2761.\020\330K\271\350-V)\210:\350\204"
 3602      36BE312E 
 3602      10D84BB9 
 3602      E82D5629 
 3602      883AE884 
 3603 0126 93EF9F3D 		.ascii	"\223\357\237=\211\263\020\241D!\326C\261S\257\242\351"
 3603      89B310A1 
 3603      4421D643 
 3603      B153AFA2 
 3603      E9
 3604 0137 301D40E0 		.ascii	"0\035@\340\013\321\364<\353\253\006n\004\0351\223\252"
 3604      0BD1F43C 
 3604      EBAB066E 
 3604      041D3193 
 3604      AA
 3605 0148 92AFB355 		.ascii	"\222\257\263U\277\336nh\371T\\\014\263K;\000=[\303\251"
 3605      BFDE6E68 
 3605      F9545C0C 
 3605      B34B3B00 
 3605      3D5BC3A9 
 3606 015c 320B01D8 		.ascii	"2\013\001\330\370\330\332\252\242\273\022\213\240\251"
 3606      F8D8DAAA 
 3606      A2BB128B 
 3606      A0A9
 3607 016a E626CAC7 		.ascii	"\346&\312\307\246MG\340\221\035\222\300B\002\245\\\021"
 3607      A64D47E0 
ARM GAS  /tmp/ccCPrn0v.s 			page 78


 3607      911D92C0 
 3607      4202A55C 
 3607      11
 3608 017b 0E166EEE 		.ascii	"\016\026n\356=uPs\353\341\361R;^h\317G\323\005i\332"
 3608      3D755073 
 3608      EBE1F152 
 3608      3B5E68CF 
 3608      47D30569 
 3609 0190 2A3BA71F 		.ascii	"*;\247\037\300\257\032\257q\333\352\336|zF~L\225\363"
 3609      C0AF1AAF 
 3609      71DBEADE 
 3609      7C7A467E 
 3609      4C95F3
 3610 01a3 D1E6F195 		.ascii	"\321\346\361\225+#x\000\202\345\231\237\217\244\335"
 3610      2B237800 
 3610      82E5999F 
 3610      8FA4DD
 3611 01b2 C1D28DED 		.ascii	"\301\322\215\355q\212\301\035C<\276\315\376jW\013\243"
 3611      718AC11D 
 3611      433CBECD 
 3611      FE6A570B 
 3611      A3
 3612 01c3 05CE3F78 		.ascii	"\005\316?x\371{\231]\301\012\252\032\262\263\261\301"
 3612      F97B995D 
 3612      C10AAA1A 
 3612      B2B3B1C1 
 3613 01d3 72925E46 		.ascii	"r\222^F\210\261\331L\226\205j\212G\034\304\270S'\336"
 3613      88B1D94C 
 3613      96856A8A 
 3613      471CC4B8 
 3613      5327DE
 3614 01e6 C9A45791 		.ascii	"\311\244W\221\313\224\353\012\327\372\353\016\211\202"
 3614      CB94EB0A 
 3614      D7FAEB0E 
 3614      8982
 3615 01f4 FFC536C0 		.ascii	"\377\3056\300\313\234^\025C\007\252\264\345\374\037"
 3615      CB9C5E15 
 3615      4307AAB4 
 3615      E5FC1F
 3616 0203 B57508C4 		.ascii	"\265u\010\304\200\331\320\265%S\264\312\302\243\266"
 3616      80D9D0B5 
 3616      2553B4CA 
 3616      C2A3B6
 3617 0212 A4EA1A6B 		.ascii	"\244\352\032k\3530\370\226R\327\336Jm\355_~\021\331"
 3617      EB30F896 
 3617      52D7DE4A 
 3617      6DED5F7E 
 3617      11D9
 3618 0224 94536AE2 		.ascii	"\224Sj\342\313\360\363]\205\013\302QL\362\035\322`\304"
 3618      CBF0F35D 
 3618      850BC251 
 3618      4CF21DD2 
 3618      60C4
 3619 0236 E840D753 		.ascii	"\350@\327S\262\313\020\333=V\033\243\236n\224\267\326"
 3619      B2CB10DB 
 3619      3D561BA3 
 3619      9E6E94B7 
ARM GAS  /tmp/ccCPrn0v.s 			page 79


 3619      D6
 3620 0247 2AB138F7 		.ascii	"*\2618\367&\226\266\275\213\245\035NL\256l\215\341\244"
 3620      2696B6BD 
 3620      8BA51D4E 
 3620      4CAE6C8D 
 3620      E1A4
 3621 0259 20FAA460 		.ascii	" \372\244`]8\"n\312\021q']Z\2523\"\3668\027\014mu\200"
 3621      5D38226E 
 3621      CA117127 
 3621      5D5AAA33 
 3621      22F63817 
 3622 0271 1DBD459A 		.ascii	"\035\275E\232\247k\020h\244{\014\332\263\361\251yiz"
 3622      A76B1068 
 3622      A47B0CDA 
 3622      B3F1A979 
 3622      697A
 3623 0283 646DFDCD 		.ascii	"dm\375\315\234\220\227+U.N\030\225mdZ\213\275\023.\316"
 3623      9C90972B 
 3623      552E4E18 
 3623      956D645A 
 3623      8BBD132E 
 3624 0298 450A9FCD 		.ascii	"E\012\237\315\012;7\275P\230\026\012\363\305W6\213M"
 3624      0A3B37BD 
 3624      5098160A 
 3624      F3C55736 
 3624      8B4D
 3625 02aa 14C65CA2 		.ascii	"\024\306\\\242\020\250\260]\252\372\027\221\035\207"
 3625      10A8B05D 
 3625      AAFA1791 
 3625      1D87
 3626 02b8 CEB51F85 		.ascii	"\316\265\037\205\357\262\015Og3\267g\004\300\300\353"
 3626      EFB20D4F 
 3626      6733B767 
 3626      04C0C0EB 
 3627 02c8 A7D9D55D 		.ascii	"\247\331\325]m\330\005\376\334\\xH2\341{(\333\016;&"
 3627      6DD805FE 
 3627      DC5C7848 
 3627      32E17B28 
 3627      DB0E3B26 
 3628 02dc 962E7D6D 		.ascii	"\226.}mJ\"\374\001\232\222SL"
 3628      4A22FC01 
 3628      9A92534C 
 3629              		.text
 3630              		.section	.gnu.lto_.jmpfuncs.6de3afccbe28b4ce,"e",%progbits
 3631 0000 789CC555 		.ascii	"x\234\305U[R\203@\020\234\031\220<(\205\030c\202IL\242"
 3631      5B528340 
 3631      109C1990 
 3631      3C288518 
 3631      6382494C 
 3632 0015 7E79253F 		.ascii	"~y%?\254\362 YO\345\353\213{x\025\253p\366\001FX\311"
 3632      ACF22059 
 3632      4FE5EB8B 
 3632      7B7815AB 
 3632      70F60146 
 3633 002b BAC492CA 		.ascii	"\272\304\222\312V\012f\246\231\356\335\036\036\006P"
 3633      560A66A6 
 3633      99EEDD1E 
ARM GAS  /tmp/ccCPrn0v.s 			page 80


 3633      1E0650
 3634 003a 5D192F0A 		.ascii	"]\031/\012h\004\230\207\010\274>\212\242H\220\242;D"
 3634      68049887 
 3634      08BC3E8A 
 3634      A24890A2 
 3634      3B44
 3635 004c 5E85BC0B 		.ascii	"^\205\274\013\241\212\"Gz\010\274\220\360\005\253\347"
 3635      A18A2247 
 3635      7A08BC90 
 3635      F005ABE7 
 3636 005c 00DF9338 		.ascii	"\000\337\2238\206\257\365\024\0108$\250\357\220\312"
 3636      86AFF514 
 3636      083824A8 
 3636      EF90CA
 3637 006b 2D8DEB2D 		.ascii	"-\215\353-\341\023\3423\036)\214\330\015\343\314\216"
 3637      E113E233 
 3637      1E298CD8 
 3637      0DE3CC8E 
 3638 007b D1E3F6D5 		.ascii	"\321\343\366\325%\270\033A\023A\211\240T\375\316\005"
 3638      25B81B41 
 3638      134189A0 
 3638      54FDCE05 
 3639 008b 4DA92F95 		.ascii	"M\251/\225)+\225\004\022lf\007s\350\3440)\003\243^\263"
 3639      292B9504 
 3639      126C6607 
 3639      73E8E430 
 3639      2903A35E 
 3640 00a0 BBB215B9 		.ascii	"\273\262\025\2717[\025\332j\301\207\272\004bB\014\024"
 3640      375B15DA 
 3640      6AC187BA 
 3640      0462420C 
 3640      14
 3641 00b1 D7B4ADBC 		.ascii	"\327\264\255\274\241_\346M\271S\261\313Y:6\224\220."
 3641      A15FE64D 
 3641      B953B1CB 
 3641      593A3694 
 3641      902E
 3642 00c3 28148DFD 		.ascii	"(\024\215\375j\241\031\012\254g\303\211DC\205\006\241"
 3642      6AA1190A 
 3642      AC67C389 
 3642      44438506 
 3642      A1
 3643 00d4 0DCE5293 		.ascii	"\015\316R\223hq\231\351\334\233)\330z\207\333\307`$"
 3643      687199E9 
 3643      DC9B29D8 
 3643      7A87DBC7 
 3643      6024
 3644 00e6 8F27EF9C 		.ascii	"\217'\357\2345~\372\305\335\236\340Ja,;\303D\235\014"
 3644      357EFAC5 
 3644      DD9EE04A 
 3644      612C3BC3 
 3644      449D0C
 3645 00f9 69010968 		.ascii	"i\001\011hE\214\032\245{\356\367\026Pt\217\271~\230"
 3645      458C1AA5 
 3645      7BEEF716 
 3645      50748FB9 
 3645      7E98
ARM GAS  /tmp/ccCPrn0v.s 			page 81


 3646 010b 1B2DEC5D 		.ascii	"\033-\354]\007\015$V|\341\255\370d\307\373\261\263\367"
 3646      070D2456 
 3646      7CE1ADF8 
 3646      64C7FBB1 
 3646      B3F7
 3647 011d 97FFECFD 		.ascii	"\227\377\354\375\251\231zm\346}\303]\353\317\364\031"
 3647      A9997A6D 
 3647      E67DC35D 
 3647      EBCFF419 
 3648 012d 618A43C8 		.ascii	"a\212C\310\034\252\353\356\275\364?\323s\363\352\303"
 3648      1CAAEBEE 
 3648      BDF43FD3 
 3648      73F3EAC3 
 3649 013d 5873A1AD 		.ascii	"Xs\241\255\031\377\306\232\313\212|\312TV]\246\230\177"
 3649      19FFC69A 
 3649      CB8A7CCA 
 3649      54565DA6 
 3649      987F
 3650 014f 7117FBAF 		.ascii	"q\027\373\257*\322\2513\351\265\374\274\366\024\353"
 3650      2AD2A933 
 3650      E9B5FCBC 
 3650      F614EB
 3651 015e F54F6239 		.ascii	"\365Ob9N\012j\344m\312I\301\350\233rR\270\274\341/&"
 3651      4E0A6AE4 
 3651      6DCA49C1 
 3651      E89B7252 
 3651      B8BCE12F 
 3652 0173 C73B7418 		.ascii	"\307;t\030\035W\336\033z\255m\0047\346\337I`\370\004"
 3652      1D57DE1B 
 3652      7AAD6D04 
 3652      37E6DF49 
 3652      60F804
 3653 0186 AFEF14F9 		.ascii	"\257\357\024\371"
 3654              		.text
 3655              		.section	.gnu.lto_.pureconst.6de3afccbe28b4ce,"e",%progbits
 3656 0000 789C05C1 		.ascii	"x\234\005\301\001\012\202@\000D\321\205\376 )*&R\213"
 3656      010A8240 
 3656      0044D185 
 3656      FE20292A 
 3656      26528B
 3657 0013 4A851EC7 		.ascii	"J\205\036\307\023\316Q\346t\276w\225Rj\211\036F\246"
 3657      13CE51E6 
 3657      74BE7795 
 3657      526A891E 
 3657      46A6
 3658 0025 314FD39A 		.ascii	"1O\323\232\316\364f\210F3E\257h\216\026\3636\037S\315"
 3658      CEF46688 
 3658      463345AF 
 3658      688E16F3 
 3658      361F53CD 
 3659 0039 6AB66837 		.ascii	"j\266h7\337\350\027\375\243\303\234\321\015\304\221"
 3659      DFE817FD 
 3659      A3C39CD1 
 3659      0DC491
 3660 0048 1303     		.ascii	"\023\003"
 3661              		.text
 3662              		.section	.gnu.lto_.ipa_modref.6de3afccbe28b4ce,"e",%progbits
ARM GAS  /tmp/ccCPrn0v.s 			page 82


 3663 0000 789CBD54 		.ascii	"x\234\275TAN\3030\020\334\335\244m\000AMQ\232\"@1j\363"
 3663      414EC330 
 3663      10DCDDA4 
 3663      6D00414D 
 3663      519A2240 
 3664 0017 80AA0FE1 		.ascii	"\200\252\017\341\021|\304A\221\340\300\201#\307>\201"
 3664      117CC441 
 3664      91E0C081 
 3664      23C73E81 
 3665 0027 27F4C411 		.ascii	"'\364\304\021\361\004\236\302:vj'q!\\H\024\305r\306"
 3665      F1049EC2 
 3665      3A766A27 
 3665      71215C48 
 3665      14C572C6 
 3666 003b E3D9F16C 		.ascii	"\343\331\361lfc\200\004\314\265\210PH!\200h\311\317"
 3666      66638004 
 3666      CCB58850 
 3666      48218068 
 3666      C9CF
 3667 004d 0A90EF2F 		.ascii	"\012\220\357/\220\222\246\365p\213<\024\200$\0204\014"
 3667      9092A6F5 
 3667      708B3C14 
 3667      80241034 
 3667      0C
 3668 005e 1986FC8D 		.ascii	"\031\206\374\215\370\333\216\244\324h\375\032\031\026"
 3668      F8DB8EA4 
 3668      D468FD1A 
 3668      1916
 3669 006c A402A23E 		.ascii	"\244\002\242>\213\262,z\226\207\0152D4\231\244F\230"
 3669      8BB22C7A 
 3669      96870D32 
 3669      443499A4 
 3669      4698
 3670 007e 06EDB71C 		.ascii	"\006\355\267\034SZ\257\336A\222\264\351\307V\244\335"
 3670      535AAFDE 
 3670      4192B4E9 
 3670      C756A4DD 
 3671 008e 4563CC6B 		.ascii	"Ec\314kkH=nV@V\201F\353\231\271\221\027\36103\365\362"
 3671      6B483D6E 
 3671      56405681 
 3671      46EB99B9 
 3671      9117F130 
 3672 00a5 B052E2A8 		.ascii	"\260R\342\250)\307T\213\226\257\231\353\030\025\367"
 3672      29C7548B 
 3672      96AF99EB 
 3672      1815F7
 3673 00b4 35B85D99 		.ascii	"5\270]\231\355\030\347n\245)\331\342j{\035W]3\234\260"
 3673      ED18E76E 
 3673      A529D9E2 
 3673      6A7B1D57 
 3673      5D339CB0 
 3674 00c8 D0061F79 		.ascii	"\320\006\037y\266\331\235\274\245\355j;D\324\234[\370"
 3674      B6D99DBC 
 3674      A5ED6A3B 
 3674      44D49C5B 
 3674      F8
 3675 00d9 64350D6B 		.ascii	"d5\015k;\245,s\342\202.\327\252*\365R\252w\205g\006"
ARM GAS  /tmp/ccCPrn0v.s 			page 83


 3675      3BA52C73 
 3675      E2822ED7 
 3675      AA2AF552 
 3675      AA778567 
 3676 00ee 5FA78149 		.ascii	"_\247\201I\036\324sIS\347V\334\336(\012\013\365jr'p"
 3676      1ED47349 
 3676      53E756DC 
 3676      DE280A0B 
 3676      F56A7227 
 3677 0103 C05CF228 		.ascii	"\300\\\362(\214\235\347\230{\012J\025\317Hd\255\231"
 3677      8C9DE798 
 3677      7B0A4A15 
 3677      CF4864AD 
 3677      99
 3678 0114 EA49BD55 		.ascii	"\352I\275U\011\\\304,\334\307n\225z|UR}(L\0039+\376"
 3678      095CC42C 
 3678      DCC76E95 
 3678      7A7C5552 
 3678      7D284C03 
 3679 012b 3D67996B 		.ascii	"=g\231k\033\262\256\324\370n\344\212\277FnA\"5!(~\311"
 3679      1BB2AED4 
 3679      F86EE48A 
 3679      BF466E41 
 3679      22352128 
 3680 0141 5CBBBBED 		.ascii	"\\\273\273\355\203\310\236H\270\364\273zx\372\002\255"
 3680      83C89E48 
 3680      B8F4BB7A 
 3680      78FA02AD 
 3681 0151 7EE0D7C2 		.ascii	"~\340\327\302J\257\366\001,\006\005\360:\020\300\233"
 3681      4AAFF601 
 3681      2C0605F0 
 3681      3A10C09B 
 3682 0161 7DC7149C 		.ascii	"}\307\024\234@/]\2750\366\317\256\223@\3275=\321\236"
 3682      402F5DBD 
 3682      30F6CFAE 
 3682      9340D735 
 3682      3DD19E
 3683 0174 87368939 		.ascii	"\2076\2119\345yW\213\214\004\364\322\370\311i\274\375"
 3683      E579578B 
 3683      8C04F4D2 
 3683      F8C969BC 
 3683      FD
 3684 0185 218DCBB6 		.ascii	"!\215\313\266\321\243\276\3214\334\357\341%\300\012"
 3684      D1A3BED1 
 3684      34DCEFE1 
 3684      25C00A
 3685 0194 DB5E56E5 		.ascii	"\333^V\345\010&\353\373\273\315z\003\337\225\241\256"
 3685      0826EBFB 
 3685      BBCD7A03 
 3685      DF95A1AE 
 3686 01a4 6A       		.ascii	"j"
 3687              		.text
 3688              		.section	.gnu.lto_.lto.6de3afccbe28b4ce,"e",%progbits
 3689 0000 0B000300 		.ascii	"\013\000\003\000\001\000\000\000"
 3689      01000000 
 3690              		.text
 3691              		.section	.gnu.lto_chSysUnlock.192.6de3afccbe28b4ce,"e",%progbits
ARM GAS  /tmp/ccCPrn0v.s 			page 84


 3692 0000 789C7D53 		.ascii	"x\234}Sol\023e\030\177\236\367\275\273^\2071$\204@\364"
 3692      6F6C1365 
 3692      187F9EF7 
 3692      BDBB5E87 
 3692      31248440 
 3693 0015 4B334348 		.ascii	"K3CH\024z\302\004\341\233\320\020\262\230\306\205j\214"
 3693      147AC204 
 3693      E19BD010 
 3693      B298C685 
 3693      6A8C
 3694 0027 2EA6E96E 		.ascii	".\246\351n7w\214\356\226\273\226\271\350rG\273aRb\226"
 3694      37778CEE 
 3694      96BB96B9 
 3694      E87247BB 
 3694      61526296 
 3695 003b 1AFD4090 		.ascii	"\032\375@\220\316}7\020\\t\303\321\255\011  \343o&\377"
 3695      CE7D3710 
 3695      5C74C3D1 
 3695      AD092020 
 3695      E36F26FF 
 3696 004f 16999988 		.ascii	"\026\231\231\210\006\222\305d\242&\374\231\317{m\267"
 3696      0692C564 
 3696      A226FC99 
 3696      CF7B6DB7 
 3697 005f F2412FF7 		.ascii	"\362A/\367\336\363\377\367<\277>o\257p\200-\010\360"
 3697      DEF3FFF7 
 3697      3CBF3E6F 
 3697      AF70802D 
 3697      08F0
 3698 0071 2E00A002 		.ascii	".\000\240\002\370i>\307\300\363\274\327\002\214e\363"
 3698      F8693EC7 
 3698      C0F3BCD7 
 3698      028C65F3 
 3699 0081 07188EE0 		.ascii	"\007\030\216\340\205\203\303\212\324\237\177v\370\356"
 3699      8583C38A 
 3699      D49F7F76 
 3699      F8EE
 3700 008f E45689B3 		.ascii	"\344V\211\263\276\374\262\247<\022~\276X#\343\276|."
 3700      BEFCB2A7 
 3700      3C127EBE 
 3700      5823E3BE 
 3700      7C2E
 3701 00a1 4835BE85 		.ascii	"H5\276\205\3402.\311\350\342\020\327\310\363\317\351"
 3701      E0322EC9 
 3701      E8E210D7 
 3701      C8F3CFE9 
 3702 00b1 FB976F6E 		.ascii	"\373\227on\310x\375\253\357\001\270Py\226\371:\312H"
 3702      C878FDAB 
 3702      EF01B850 
 3702      7996F93A 
 3702      CA48
 3703 00c3 4AEF7104 		.ascii	"J\357q\004R(w\364\301f\030\305\017\311RV a(+1$\243\272"
 3703      522877F4 
 3703      C16618C5 
 3703      0FC95256 
 3703      2061282B 
 3704 00db 4FC4D797 		.ascii	"O\304\327\227\010\353\353\334\364\245\347\276\360JR"
ARM GAS  /tmp/ccCPrn0v.s 			page 85


 3704      08EBEBDC 
 3704      F4A5E7BE 
 3704      F04A52
 3705 00ea 4F117B4F 		.ascii	"O\021{O\340\030\30282~\011\207\352e|I$\024\006\216\216"
 3705      E018C238 
 3705      327E0987 
 3705      EA657C49 
 3705      2414068E 
 3706 00ff AC3B99F5 		.ascii	"\254;\231\365\316z\"\305\255\244P\303J\203\237\016)"
 3706      CE7A22C5 
 3706      ADA450C3 
 3706      4A839F0E 
 3706      29
 3707 0110 1308DF61 		.ascii	"\023\010\337a\257\230\240\204\324\231\202\310\244\243"
 3707      AF98A084 
 3707      D49982C8 
 3707      A4A3
 3708 011e 57E592F7 		.ascii	"W\345\222\367ha\300+\375\266rhx\376\316\365\346\345"
 3708      6861C02B 
 3708      FDB67268 
 3708      78FECEF5 
 3708      E6E5
 3709 0130 084C66C0 		.ascii	"\010Lf\300\024\016, \321\221\201\251\012\260`\200\216"
 3709      140E2C20 
 3709      D19181A9 
 3709      0AB06080 
 3709      8E
 3710 0141 4AFE20F9 		.ascii	"J\376 \371\352\350\000\0248,\320\303\321+\001\014rV"
 3710      EAE80014 
 3710      382CD0C3 
 3710      D12B010C 
 3710      7256
 3711 0153 36B264FC 		.ascii	"6\262d\374\315\274\331\301i\204\307,\033\202\034\262"
 3711      CDBCD9C1 
 3711      6984C72C 
 3711      1B821CB2 
 3712 0163 0E13803D 		.ascii	"\016\023\200=\343\273\217\035Z\343\313\"\205I\326\227"
 3712      E3BB8F1D 
 3712      5AE3CB22 
 3712      8549D697 
 3713 0173 3F0F5966 		.ascii	"?\017Yf<\310\351wQ\014A\232J\014\235\344W\010\211Sx"
 3713      3CC8E977 
 3713      510C419A 
 3713      4A0C9DE4 
 3713      57088953 
 3714 0188 52B83613 		.ascii	"R\2706\023\0155~\032\337\203\252\321\374=\276\003\340"
 3714      0D357E1A 
 3714      DF83AAD1 
 3714      FC3DBE03 
 3714      E0
 3715 0199 ABE933F8 		.ascii	"\253\3513\3706\221}\310\262S\037#g\002\250\026\342\\"
 3715      36917DC8 
 3715      B2531F23 
 3715      6702A816 
 3715      E25C
 3716 01ab 2DC40FB5 		.ascii	"-\304\017\265\020\347\005D\0163\002c\022\005B\346\011"
 3716      10E70544 
ARM GAS  /tmp/ccCPrn0v.s 			page 86


 3716      0E330263 
 3716      120542E6 
 3716      09
 3717 01bc 2170CE68 		.ascii	"!p\316h\366\376\020\227r\250\274\025\003\340\\\241\015"
 3717      F6FE1097 
 3717      72A8BC15 
 3717      03E05CA1 
 3717      0D
 3718 01cd B355F017 		.ascii	"\263U\360\027\353\273\027\341\022^D\177\237\203\234"
 3718      EBBB17E1 
 3718      125E447F 
 3718      9F839C
 3719 01dc FF3E79B0 		.ascii	"\377>y\260A\220\346e\016\362\323\255/\327\266\276\""
 3719      4190E665 
 3719      0EF2D3AD 
 3719      2FD7B6BE 
 3719      22
 3720 01ed 5AFBAA75 		.ascii	"Z\373\252u\025\337\360\007\026%\012\321\266\320/\020"
 3720      15DFF007 
 3720      16250AD1 
 3720      B6D02F10 
 3721 01fd B1686A6A 		.ascii	"\261hjj\261\344\365\037\261qi\332k\270\263R\277\343"
 3721      B1E4F51F 
 3721      B17169DA 
 3721      6BB8B352 
 3721      BFE3
 3722 020f 3A4616EB 		.ascii	":F\026\353\351&*\351\245\372\346\217nb%\353V%+;J\244"
 3722      E9262AE9 
 3722      A5FAE68F 
 3722      6E6225EB 
 3722      56252B3B 
 3723 0225 54AEF040 		.ascii	"T\256\360@\225a\220\253e\206uU\206A\342\264H\260n\211"
 3723      956190AB 
 3723      65867555 
 3723      8641E2B4 
 3723      48B06E89 
 3724 0239 A074E0C8 		.ascii	"\240t\340\310\200,\010\312\376\246\036\263>\177\245"
 3724      802C08CA 
 3724      FEA61EB3 
 3724      3E7FA5
 3725 0248 DB265C31 		.ascii	"\333&\\1\230Rt\313\013#\245\333\037A\032sg\3606R\316"
 3725      985274CB 
 3725      0B23A5DB 
 3725      1F411A73 
 3725      67F03652 
 3726 025d 7E1AA1E8 		.ascii	"~\032\241\350\376\214\243\310^\360\241d\032\312\223"
 3726      FE8CA3C8 
 3726      5EF0A164 
 3726      1ACA93
 3727 026c 0456A0BA 		.ascii	"\004V\240\272\372\331\251\347\205\230/\026n\317\335"
 3727      FAD9A9E7 
 3727      85982F16 
 3727      6ECFDD
 3728 027b 58212EA6 		.ascii	"X!.\246p>\230[M2\363%\003\034G\245\007\375\0335\377"
 3728      703E985B 
 3728      4D32F325 
 3728      031C47A5 
ARM GAS  /tmp/ccCPrn0v.s 			page 87


 3728      07FD1B35 
 3729 0290 EB67DFCE 		.ascii	"\353g\337\316\034F\234(\347\214\315\004\261\204\360"
 3729      1C469C28 
 3729      E78CCD04 
 3729      B184F0
 3730 029f 8865EAC5 		.ascii	"\210e\352\305m>\314d\\{\204\355WG\\\031\203\324\356"
 3730      6D3ECC64 
 3730      5C7B84ED 
 3730      57475C19 
 3730      83D4EE
 3731 02b2 17041277 		.ascii	"\027\004\022wpV\314\267\366\030E\276q\205\377\256\217"
 3731      7056CCB7 
 3731      F61845BE 
 3731      7185FFAE 
 3731      8F
 3732 02c3 96F9E344 		.ascii	"\226\371\343D\341\3179U\340\003,\220y\374\223k\323*"
 3732      E1CF3955 
 3732      E0032C90 
 3732      79FC936B 
 3732      D32A
 3733 02d5 FD997DD6 		.ascii	"\375\231}\326\005\216\345Q3%a\306\264v+ih\266\325\242"
 3733      058EE551 
 3733      332561C6 
 3733      B4762B69 
 3733      68B6D5A2 
 3734 02e9 35D9D66E 		.ascii	"5\331\326nCO9Z\244\335l1c\251t\253i\325\352\361\215"
 3734      434F395A 
 3734      A4DD6C31 
 3734      63A974AB 
 3734      69D5EAF1 
 3735 02fe 0D5AB765 		.ascii	"\015Z\267ew8]\011\335\210\247\354tg\207\026{3\332\260"
 3735      77385D09 
 3735      DD88A7EC 
 3735      74678716 
 3735      7B33DAB0 
 3736 0312 31BEB3A9 		.ascii	"1\276\263\251q{\274\315\264\223\335\011\333\320\340"
 3736      717BBCCD 
 3736      B493DD09 
 3736      DBD0E0
 3737 0321 C57058A3 		.ascii	"\305pX\243W\027\245\226S\311\264\034\315Nif\247\276"
 3737      5717A596 
 3737      53C9B41C 
 3737      CD4E6966 
 3737      A7BE
 3738 0333 27DD6A50 		.ascii	"'\335jP\314\351q\302\355\020hI8F\223m\356\370\217\022"
 3738      CCE971C2 
 3738      ED106849 
 3738      3846936D 
 3738      EEF88F12 
 3739 0347 DD4A26AD 		.ascii	"\335J&\255N\315\370 \245m\333\025\325\"\321XcL\213X"
 3739      4ECDF820 
 3739      A56DDB15 
 3739      D522D158 
 3739      634C8B58 
 3740 035b D4A5B18A 		.ascii	"\324\245\261\212\224tL'\376\276\256\023\332\252\366"
 3740      94744C27 
 3740      FEBEAE13 
ARM GAS  /tmp/ccCPrn0v.s 			page 88


 3740      DAAAF6
 3741 036a C49E784B 		.ascii	"\304\236xK\272\255\315\260\235\260\036\336j\264mi}\245"
 3741      BAADCDB0 
 3741      9DB01EDE 
 3741      6AB46D69 
 3741      7DA5
 3742 037c 61136CFA 		.ascii	"a\023l\372\177\364.\313&\326\204\277\367\325\365Q\312"
 3742      7FF42ECB 
 3742      26D684BF 
 3742      F7D5F551 
 3742      CA
 3743 038d D2099FD0 		.ascii	"\322\011\237\320\226Gc\273Bb\276.\333\\\027Z\36320\033"
 3743      964763BB 
 3743      4262BE2E 
 3743      DB5C175A 
 3743      F332301B 
 3744 03a1 02492369 		.ascii	"\002I#i\331=\360/\304\215\233\246"
 3744      D93DF02F 
 3744      C48D9BA6 
 3745              		.text
 3746              		.section	.gnu.lto_ibqObjectInit.385.6de3afccbe28b4ce,"e",%progbits
 3747 0000 789C7D94 		.ascii	"x\234}\224\177L[U\024\307\357\367\336\327GK\2011\267"
 3747      7F4C5B55 
 3747      14C7EFF7 
 3747      DED7474B 
 3747      8131B7
 3748 0013 45F9CB4A 		.ascii	"E\371\313J\262\277\014m\004g\\\342\037*qs1\306\0314"
 3748      B2BF0C6D 
 3748      04675CE2 
 3748      1F2A7173 
 3748      31C61934 
 3749 0027 FE6148E5 		.ascii	"\376aH\345G\221\312h\241\2054\270,}R\326\245\325\315"
 3749      4791CA68 
 3749      A18534B8 
 3749      2C7D52D6 
 3749      A5D5CD
 3750 003a 61944D83 		.ascii	"a\224M\203L\376[\242\316dl\221\2619\032\2661\024\210"
 3750      4CFE5BA2 
 3750      CE646C91 
 3750      B1391AB6 
 3750      311488
 3751 004d 932C190B 		.ascii	"\223,\031\013,C\246\004\266\270\015q\202A\304s\357+"
 3751      2C43A604 
 3751      B6B80D71 
 3751      8241C473 
 3751      EF2B
 3752 005f 057FAC2F 		.ascii	"\005\177\254/\275\357\336s\356\347|\357y\347\336\333"
 3752      BDEFDE73 
 3752      EEE77CEF 
 3752      79E7DEDB 
 3753 006f 6C9DB159 		.ascii	"l\235\261Y\306X-5d0|\320\032\347\3140\214\24738\337"
 3753      C6582D35 
 3753      64307CD0 
 3753      1AE7CC30 
 3753      8CA73338 
 3754 0084 DBFA2EC7 		.ascii	"\333\372.\307E\014\177\334\245k\221\326\234\256\251"
 3754      450C7FDC 
ARM GAS  /tmp/ccCPrn0v.s 			page 89


 3754      A56B91D6 
 3754      9CAEA9
 3755 0093 A1AD9A20 		.ascii	"\241\255\232 \257]yZ\222\036-\345\211&=\026\264\245"
 3755      AF5D795A 
 3755      921E2DE5 
 3755      89263D16 
 3755      B4A5
 3756 00a5 5474BCD3 		.ascii	"Tt\274\323\032\267\221\212\262\300\302\\h\026\035at"
 3756      1AB7918A 
 3756      B2C0C25C 
 3756      68161D61 
 3756      74
 3757 00b6 0A17B916 		.ascii	"\012\027\271\026.\334Jt=d\034M\340&ca\246\036\013\364"
 3757      2EDC4A74 
 3757      3D641C4D 
 3757      E0266361 
 3757      A61E0BF4 
 3758 00ca 0D20117D 		.ascii	"\015 \021}\023\034\026X[\300\012\022\206qi\254\3330"
 3758      131C1658 
 3758      5BC00A12 
 3758      867169AC 
 3758      DB30
 3759 00dc 6C6C4F0F 		.ascii	"llO\017\302\247\320\015\3068b\030}\230\200\316$p\373"
 3759      C2A7D00D 
 3759      C6386218 
 3759      7D9880CE 
 3759      2470FB
 3760 00ef 846108B6 		.ascii	"\204a\010\266\373\014\302[\012i\232\307pCN\177\236\234"
 3760      FB0CC25B 
 3760      0A699AC7 
 3760      70434E7F 
 3760      9E9C
 3761 0101 FE24B2CF 		.ascii	"\376$\262\317\310\325\232\316\246\342E\014\267%p\314"
 3761      C8D59ACE 
 3761      A6E2450C 
 3761      B72570CC 
 3762 0111 04EE7E7A 		.ascii	"\004\356~z\343@\316A\204\022)@\213aA\002]I\205Q\225"
 3762      E340CE41 
 3762      84122940 
 3762      8B614102 
 3762      5D498551 
 3763 0126 41A86F2D 		.ascii	"A\250o-\020\221)\236\\\311@\001\215\347S\200%\206\367"
 3763      1091299E 
 3763      5CC94001 
 3763      8DE75380 
 3763      2586F7
 3764 0139 24D09304 		.ascii	"$\320\223\004\342*\207\031\326\237\"\364\030\0169\030"
 3764      E22A8719 
 3764      D69F22F4 
 3764      180E3918 
 3765 0149 B3ABAF87 		.ascii	"\263\253\257\207\0054\250\377\026T\003k\257|\313\250"
 3765      0534A8FF 
 3765      1654036B 
 3765      AF7CCBA8 
 3766 0159 85B60303 		.ascii	"\205\266\003\003\247\237\272\0301\236\367\177\207z\025"
 3766      A79FBA18 
 3766      319EF77F 
ARM GAS  /tmp/ccCPrn0v.s 			page 90


 3766      877A15
 3767 0168 37086E8D 		.ascii	"7\010n\215\341\370#\026<*\201\361h\3739\264\033\211"
 3767      E1F82316 
 3767      3C2A81F1 
 3767      68FB39B4 
 3767      1B89
 3768 017a 160711E1 		.ascii	"\026\007\021\341$\241*i\2275\276\374\330\020\330\000"
 3768      24A12A69 
 3768      9735BEFC 
 3768      D810D800 
 3769 018a EAE52AC3 		.ascii	"\352\345*\303 u\232\003\267}5bI\030\177.\277o\030w\362"
 3769      20759A03 
 3769      B77D3562 
 3769      49187F2E 
 3769      BF6F1877 
 3770 019f 0E9F5BDC 		.ascii	"\016\237[\334\217\315\240\252q\3063\0055\215\306\026"
 3770      8FCDA0AA 
 3770      71C63305 
 3770      358DC616 
 3771 01af EA756A19 		.ascii	"\352uj\0314\266Ro\243\226\311\270\325\316\270=\213Z"
 3771      34B6526F 
 3771      A396C9B8 
 3771      D5CEB83D 
 3771      8B5A
 3772 01c1 3615711D 		.ascii	"6\025q\035\320\203\\\340,\326\003\011l\004\316 \017"
 3772      D0835CE0 
 3772      2CD60309 
 3772      6C04CE20 
 3772      0F
 3773 01d2 E8830338 		.ascii	"\350\203\0038\217|\240\237V\353\020l\231\036\001#\301"
 3773      8F7CA09F 
 3773      56EB106C 
 3773      991E0123 
 3773      C1
 3774 01e3 D811C14D 		.ascii	"\330\021\301M#B\306<7&{\011\241>\337|-\362\310\310>"
 3774      2342C63C 
 3774      37267B09 
 3774      A13EDF7C 
 3774      2DF2C8C8 
 3775 01f8 088875FA 		.ascii	"\010\210u\372\036\012]\344\315\177\221\311\005\330\022"
 3775      1E0A5DE4 
 3775      CD7F91C9 
 3775      05D812
 3776 0207 DFEB1022 		.ascii	"\337\353\020\"\016\375M\017c\202\353t\234x\016\373\235"
 3776      0EFD4D0F 
 3776      6382EB74 
 3776      9C780EFB 
 3776      9D
 3777 0218 B7DC2C16 		.ascii	"\267\334,\026\002\227\240N\317\021!\016\321)T\352ZR"
 3777      0297A04E 
 3777      CF11210E 
 3777      D12954EA 
 3777      5A52
 3778 022a 4B13B97A 		.ascii	"K\023\271z\323\252\226Eh\246\226\276\242e\241\350\224"
 3778      D3AA9645 
 3778      68A696BE 
 3778      A265A1E8 
ARM GAS  /tmp/ccCPrn0v.s 			page 91


 3778      94
 3779 023b 94BE2AA5 		.ascii	"\224\276*\245\365|8\336a&JR=\024\233!\326\353!`E\312"
 3779      F57C38DE 
 3779      61264A52 
 3779      3D149B21 
 3779      D6EB2160 
 3780 0251 2A324C29 		.ascii	"*2L)\333\212\224u\255\224mU\3122\365\331D\034R\312\256"
 3780      DB8A9475 
 3780      AD946D55 
 3780      CA32F5D9 
 3780      441C52CA 
 3781 0266 3E7389B7 		.ascii	">s\211\2678X\034\274\314\255N|\251\334m\322(\255\245"
 3781      38581CBC 
 3781      CCAD4E7C 
 3781      A9DC6DD2 
 3781      28ADA5
 3782 0279 FE0B68AF 		.ascii	"\376\013h\257\217\342\012h>j\030\326\322\253\030\000"
 3782      8FE20A68 
 3782      3E6A18D6 
 3782      D2AB1800 
 3783 0289 DFA06474 		.ascii	"\337\240dt\332PC\2232\331+%\233\034\321e:mq\210L\031"
 3783      DA504393 
 3783      32D92B25 
 3783      9B1CD165 
 3783      3A6D7188 
 3784 029f 4BC0D1CD 		.ascii	"K\300\321\315\257\275\361\275T|\202\014\353\253c(a\244"
 3784      AFBDF1BD 
 3784      547C820C 
 3784      EBAB6328 
 3784      61A4
 3785 02b1 45E369F8 		.ascii	"E\343i\370\307!\253\336\354\300 \3612~\356\313\366\203"
 3785      C721ABDE 
 3785      ECC020F1 
 3785      327EEECB 
 3785      F683
 3786 02c3 F3130F60 		.ascii	"\363\023\017`H\355\302\344G\363\207\201a\244\022|\371"
 3786      48EDC2E4 
 3786      47F38781 
 3786      61A4127C 
 3786      F9
 3787 02d4 25324426 		.ascii	"%2D&\317\223Qw\273\367\217l\243\333\214A\230{wY\255"
 3787      CF935177 
 3787      BBF78F6C 
 3787      A3DB8C41 
 3787      987B7759 
 3788 02e9 DD3EB329 		.ascii	"\335>\263)\271\362\264P+\253uw_\307\013T\221\215\012"
 3788      B9F2B450 
 3788      2BAB7577 
 3788      5FC70B54 
 3788      918D0A
 3789 02fc BCD22F8B 		.ascii	"\274\322/\213\326\367\333\364\277\311N\"w\374\210\355"
 3789      D6F7DBF4 
 3789      BFC94E22 
 3789      77FC88ED 
 3790 030c 8C51614D 		.ascii	"\214QaM\321\253\212\275\217j\323Ox\216Ts\0259\226\226"
 3790      D1AB8ABD 
 3790      8F6AD34F 
ARM GAS  /tmp/ccCPrn0v.s 			page 92


 3790      788E5473 
 3790      15399696 
 3791 0320 9C42718A 		.ascii	"\234Bq\212\274\246\310HGtX\023v\265\211\232\264\217"
 3791      BCA6C848 
 3791      47745813 
 3791      76B5899A 
 3791      B48F
 3792 0332 477FD645 		.ascii	"G\177\326E\026y\362\244u\"zA\210l\221+\262\244\352\257"
 3792      1679F2A4 
 3792      75227A41 
 3792      886C912B 
 3792      B2A4EAAF 
 3793 0346 F16BFCFF 		.ascii	"\361k\374\377dg\360\014\311f+\331\353f\002\367AC\267"
 3793      6467F00C 
 3793      C9662BD9 
 3793      EB6602F7 
 3793      4143B7
 3794 0359 D04BF75A 		.ascii	"\320K\367Z\330\025;\233.\331\320/\370F\242y\012\235"
 3794      D8153B9B 
 3794      2ED9D02F 
 3794      F846A279 
 3794      0A9D
 3795 036b 4BFB5D77 		.ascii	"K\373]wp:\234\372\260{&\372\337\302*t\026\247\344\037"
 3795      703A9CFA 
 3795      B07B26FA 
 3795      DFC22A74 
 3795      16A7E41F 
 3796 037f CB0FE6DE 		.ascii	"\313\017\346\336\316\247e\347\360\365\032\366\217t)"
 3796      CEA765E7 
 3796      F0F51AF6 
 3796      8F7429
 3797 038e 34DEC349 		.ascii	"4\336\303I\231\202C\241\213\351\320\0316\217.\311\346"
 3797      998243A1 
 3797      8BE9D019 
 3797      368F2EC9 
 3797      E6
 3798 039f B365DE3C 		.ascii	"\263e\336<\261\264M]\010\272U\346InNH\263\304U\355\257"
 3798      B1B44D5D 
 3798      08BA55E6 
 3798      496E4E48 
 3798      B3C455ED 
 3799 03b4 F5B802FE 		.ascii	"\365\270\002\376r\327\316\200\377-OEC\320U\\\355-\367"
 3799      72D7CE80 
 3799      FF2D4F45 
 3799      43D0555C 
 3799      ED2DF7
 3800 03c7 96343456 		.ascii	"\22644Vz\375k\307\356\302\"W\310\037\250\011\326\225"
 3800      7AFD6BC7 
 3800      EEC22257 
 3800      C81FA809 
 3800      D695
 3801 03d9 5578DC0D 		.ascii	"Ux\334\015\201F_\215\253\344\225\027\213\012\335\333"
 3801      81465F8D 
 3801      ABE49517 
 3801      8B0ADDDB 
 3802 03e9 77EE78D6 		.ascii	"w\356x\326]\345\015\324\206\312\002\036\027+p:]\364"
 3802      5DE50DD4 
ARM GAS  /tmp/ccCPrn0v.s 			page 93


 3802      86CA021E 
 3802      172B703A 
 3802      5DF4
 3803 03fb AB90A1FE 		.ascii	"\253\220\241\376`\222\364\007]\325e\273\\\301@\205\354"
 3803      6092F407 
 3803      5DD565BB 
 3803      5CC14085 
 3803      EC
 3804 040c DDE58D55 		.ascii	"\335\345\215UU\236@\320Y\3014oy}\335\203\377\3609\267"
 3804      559E40D0 
 3804      59C1346F 
 3804      797DDD83 
 3804      FFF039B7 
 3805 0420 7AAA9EAC 		.ascii	"z\252\236\254|\274h\013\263\005\033\203u\036_\245\247"
 3805      7CBC680B 
 3805      B3051B83 
 3805      751E5FA5 
 3805      A7
 3806 0431 9297D769 		.ascii	"\222\227\327iA\357\333\036\3704\257\257\252I\333\345"
 3806      41EFDB1E 
 3806      F834AFAF 
 3806      AA49DBE5 
 3807 0441 F5D58886 		.ascii	"\365\325\210\206\372:g\232\305\374Az\005\032\012|^s"
 3807      FA3A679A 
 3807      C5FC417A 
 3807      051A0A7C 
 3807      5E73
 3808 0453 ECAC667F 		.ascii	"\354\254f\177\003V\315]z"
 3808      0356CD5D 
 3808      7A
 3809              		.text
 3810              		.section	.gnu.lto_ibqResetI.386.6de3afccbe28b4ce,"e",%progbits
 3811 0000 789C7D92 		.ascii	"x\234}\222_HSQ\034\307\177\337s7\235\330Sa\365P8\350"
 3811      5F485351 
 3811      1CC77FDF 
 3811      73379DD8 
 3811      5361F550 
 3812 0016 B1DC25AD 		.ascii	"\261\334%\255\260\267\250\007\353!\020,\"\"\30667\267"
 3812      B0B7A807 
 3812      EB21102C 
 3812      2222C636 
 3812      37B7
 3813 0028 6C5EBD77 		.ascii	"l^\275wCDl\247i\201\213\010{\020\2110|\363!\260\227"
 3813      43446CA7 
 3813      69818B08 
 3813      7B108930 
 3813      7CF321B0 
 3814 003d 60F9774D 		.ascii	"`\371wM\305 \3024K\303,\351\311\352%2J\264\260s\316"
 3814      C520C234 
 3814      4BC32CE9 
 3814      C9EA2532 
 3814      4AB4B073 
 3815 0052 9D91458E 		.ascii	"\235\221E\216\273\263\337\357\334\317\357s\177\367\267"
 3815      BBB3DFEF 
 3815      DCCFEF73 
 3815      7FF7B7
 3816 0061 C334A259 		.ascii	"\3034\242Y\"\332'\276\320\010\267;R\2148\347\307\362"
ARM GAS  /tmp/ccCPrn0v.s 			page 94


 3816      22DA27BE 
 3816      D008B73B 
 3816      528C38E7 
 3816      C7F2
 3817 0073 19AE76A4 		.ascii	"\031\256v\244\0120\000\225\201\022\014\011\364h\272"
 3817      0A300095 
 3817      81120C09 
 3817      F468BA
 3818 0082 4857C63F 		.ascii	"HW\306?=\030\330\315{3\370H\224 \365q\"o\007\034b-\202"
 3818      3D18D8CD 
 3818      7B33F848 
 3818      9420F571 
 3818      226F071C 
 3819 0099 DB09571B 		.ascii	"\333\011W\033\250$\303\371\363\3114\347\005\324\322"
 3819      A824C3F9 
 3819      F3C934E7 
 3819      05D4D2
 3820 00a8 8FC423A4 		.ascii	"\217\304#\244A\304\320\216l1Q\241*\204\023\"h\036\202"
 3820      41C4D08E 
 3820      6C3151A1 
 3820      2A841322 
 3820      681E82
 3821 00bb 2877F5C8 		.ascii	"(w\365\310U\026\255\334\271\3217t`\242\225\237l\032"
 3821      5516ADDC 
 3821      B9D13774 
 3821      60A2959F 
 3821      6C1A
 3822 00cd 46B3AA1B 		.ascii	"F\263\252\033\001\323\332\221\026\346\375\022xs}~\024"
 3822      01D3DA91 
 3822      16E6FD12 
 3822      78737D7E 
 3822      14
 3823 00de 7779A6CD 		.ascii	"wy\246\315-\210D\216PM\270f\224\205\347,\345]\362\371"
 3823      2D88448E 
 3823      504DB866 
 3823      9485E72C 
 3823      E55DF2F9 
 3824 00f2 8D8F739A 		.ascii	"\215\217s\232,\230\243\035\343R\3037i\004\221\310\021"
 3824      2C98A31D 
 3824      E352C337 
 3824      690491C8 
 3824      11
 3825 0103 4A53286E 		.ascii	"JS(n\247\277\035\034E\0064\210f\331\356\030D\233\362"
 3825      A7BF1D1C 
 3825      45063488 
 3825      66D9EE18 
 3825      449BF2
 3826 0116 6EDFB433 		.ascii	"n\337\2643\303\177\254\337\342\374\335\336\205\3015"
 3826      C37FACDF 
 3826      E2FCDDDE 
 3826      85C135
 3827 0125 D7361073 		.ascii	"\3276\020s2b\232\023\350\027@\267&\007\310\035\340\031"
 3827      32629A13 
 3827      E81740B7 
 3827      2607C81D 
 3827      E019
 3828 0137 A27B1AB3 		.ascii	"\242{\032\263\223V\221|g\374\375\300\004\350'kuS\012"
ARM GAS  /tmp/ccCPrn0v.s 			page 95


 3828      9356917C 
 3828      67FCFDC0 
 3828      04E8276B 
 3828      75530A
 3829 014a CC6A1003 		.ascii	"\314j\020\003q\251\355\341|Zc\331\257KEb\202-\362\025"
 3829      71A9EDE1 
 3829      7C5A63D9 
 3829      AF4B4562 
 3829      822DF215 
 3830 015e EECBB92F 		.ascii	"\356\313\271/i\321\230\340\217\364p\356\252}\202\010"
 3830      69D198E0 
 3830      8FF470EE 
 3830      AA7D8208 
 3831 016e 515E0D6C 		.ascii	"Q^\015l\317\224\330_c\311\341\017{4\344h\227\015\313"
 3831      CF94D85F 
 3831      63C9E10F 
 3831      7B34E468 
 3831      970DCB
 3832 0181 28FE1441 		.ascii	"(\376\024A\321\252\000\276\244\026\330_6\005<C\200H"
 3832      D1AA00BE 
 3832      A416D85F 
 3832      36053C43 
 3832      8048
 3833 0193 8372BDB0 		.ascii	"\203r\275\260]\377C'\341\373\215\276\264Q\325\350\277"
 3833      5DFF4327 
 3833      E1FB8DBE 
 3833      B451D5E8 
 3833      BF
 3834 01a4 E414BCA2 		.ascii	"\344\024\274\242\305x\256\305\331-\331\031\\\024\007"
 3834      C578AEC5 
 3834      D92DD919 
 3834      5C1407
 3835 01b3 60DAD6BE 		.ascii	"`\332\326\276\266\321\316\024\264\215\026z\213\025\354"
 3835      B6D1CE14 
 3835      B48D167A 
 3835      8B15EC
 3836 01c2 84C22FBC 		.ascii	"\204\302/\274\302y\0223\223\0264\315\252'$\335\030\021"
 3836      C2791233 
 3836      931634CD 
 3836      AA2724DD 
 3836      1811
 3837 01d4 BC1D6591 		.ascii	"\274\035e\221\227\217+R\266\374\260\363\355\352\342"
 3837      978F2B52 
 3837      B6FCB0F3 
 3837      EDEAE2
 3838 01e3 768CDAEA 		.ascii	"v\214\332\352\345\325.`L\016\375\232\032\372\271\263"
 3838      E5D52E60 
 3838      4C0EFD9A 
 3838      1AFAB9B3 
 3839 01f3 22D118E6 		.ascii	"\"\321\030\346\300v\312\322\317\351\233s\025\342\230"
 3839      C076CAD2 
 3839      CFE99B73 
 3839      15E298
 3840 0202 6364432A 		.ascii	"cdC*\317\300:K.\316W\250\223\335\255\301\376\013\223"
 3840      CFC03A4B 
 3840      2ECE57A8 
 3840      93DDADC1 
ARM GAS  /tmp/ccCPrn0v.s 			page 96


 3840      FE0B93
 3841 0215 199956E9 		.ascii	"\031\231V\351a#\032\324M\303\257W\232\306\245` f\351"
 3841      61231AD4 
 3841      4DC3AF57 
 3841      9AC6A560 
 3841      2066E9
 3842 0228 27C2117F 		.ascii	"'\302\021\177\244*\026\257\216\030\177\306\336\3222"
 3842      A42A16AF 
 3842      8E187FC6 
 3842      DED232
 3843 0237 BDD1306B 		.ascii	"\275\3210k\255z_ \350\215\231\361\272Z\275\352\314\351"
 3843      AD7A5F20 
 3843      E88D99F1 
 3843      BA5ABDEA 
 3843      CCE9
 3844 0249 B2526F45 		.ascii	"\262RoE\345\251\343\336P\304\2146\372\314\240N%\036"
 3844      E5A9E3DE 
 3844      50C48C36 
 3844      FACCA04E 
 3844      251E
 3845 025b 8F2EAE80 		.ascii	"\217.\256\200,5\254\034iXz\330wY\267\314\200\374\365"
 3845      2C35AC1C 
 3845      69587AD8 
 3845      7759B7CC 
 3845      80FCF5
 3846 026e FAE3A150 		.ascii	"\372\343\241P\320\264<\001rD\374\015\365\2736\355y\216"
 3846      D0B43C01 
 3846      7244FC0D 
 3846      F5BB36ED 
 3846      798E
 3847 0280 0643E5D5 		.ascii	"\006C\345\325\207\312\016\223\026k\250\367l\2413,\261"
 3847      87CA0E93 
 3847      166BA8F7 
 3847      6CA1332C 
 3847      B1
 3848 0291 98B192BA 		.ascii	"\230\261\222\272\210\035{\302\244E\255\232_W\227T\306"
 3848      881D7BC2 
 3848      A445AD9A 
 3848      5F579754 
 3848      C6
 3849              		.text
 3850              		.section	.gnu.lto_ibqGetEmptyBufferI.387.6de3afccbe28b4ce,"e",%progbits
 3851 0000 789C6D51 		.ascii	"x\234mQ\337K\024Q\024>\347\236;\263\277\300\027\211"
 3851      DF4B1451 
 3851      143EE79E 
 3851      3BB3BFC0 
 3851      1789
 3852 0012 A0977C09 		.ascii	"\240\227|\011\202t\007\\\213z\223\366\241z\010\004{"
 3852      8274075C 
 3852      8B7A93F6 
 3852      A17A0804 
 3852      7B
 3853 0023 6E71D759 		.ascii	"nq\327Y\335\326mtFYHd\257\256?\310\036l\203\020\027"
 3853      DDD66D74 
 3853      46594864 
 3853      AFAE3FC8 
 3853      1E6C8310 
ARM GAS  /tmp/ccCPrn0v.s 			page 97


 3854 0038 D27C8A40 		.ascii	"\322|\212@(0J,t7\351E\204\262\350\037\360\3010#|*\303"
 3854      28304A2C 
 3854      7437E945 
 3854      84B2E81F 
 3854      F0C13023 
 3855 004f CCCECCCA 		.ascii	"\314\316\314\312\232\0203w\3569\367;\337=\337wf\027"
 3855      9A103377 
 3855      EE39F73B 
 3855      DF3DDF77 
 3855      6617
 3856 0061 011E03C0 		.ascii	"\001\036\003\300\000/\364\003>(\214\013PJ5\373\204\310"
 3856      002FF403 
 3856      3E288C0B 
 3856      504A35FB 
 3856      84C8
 3857 0073 17EE097C 		.ascii	"\027\356\011|\215\233kS\265r\270PS\234\337\254\227$"
 3857      8D9B6B53 
 3857      B572B850 
 3857      539CDFAC 
 3857      9724
 3858 0085 460A21C6 		.ascii	"F\012!\306\353\334\023o\227\370\260\312\321\304X\205"
 3858      EBDC136F 
 3858      97F8B0CA 
 3858      D1C45885 
 3859 0095 53DE9808 		.ascii	"S\336\230\010\311\321B\315\362\243\235&\251\343da\374"
 3859      C9D142CD 
 3859      F2A39D26 
 3859      A9E36461 
 3859      FC
 3860 00a6 FDD39B5E 		.ascii	"\375\323\233^\211\017\007\253\345\0109AR\323}\230\303"
 3860      890F07AB 
 3860      E5083941 
 3860      52D37D98 
 3860      C3
 3861 00b7 59D250AF 		.ascii	"Y\322P\257E\311\337\023Xg\224\224\332}\267}\177\375"
 3861      45C9DF13 
 3861      58679494 
 3861      DA7DB77D 
 3861      7FFD
 3862 00c9 6C393F72 		.ascii	"l9?r5\007\003\013\370\212\225\002h\350\037Fh`\370\303"
 3862      3507030B 
 3862      F88A9502 
 3862      68E81F46 
 3862      6860F8C3 
 3863 00dd B705A502 		.ascii	"\267\005\245\002\320\277\210\207\240\020wq\3564@\350"
 3863      D0BF8887 
 3863      A0107771 
 3863      EE3440E8 
 3864 00ed D00DAF67 		.ascii	"\320\015\257g\037\265\222\372}0\241\324\347/X<\023B"
 3864      1FB592FA 
 3864      7D30A1D4 
 3864      E72F583C 
 3864      1342
 3865 00ff 10DE43C0 		.ascii	"\020\336C\300}AH\015\204\246s\036@\\\304 \007\000\323"
 3865      7D41480D 
 3865      84A6731E 
 3865      405CC420 
ARM GAS  /tmp/ccCPrn0v.s 			page 98


 3865      0700D3
 3866 0112 E46A5312 		.ascii	"\344jS\022U\011`\206D%\031\344\344\247P\033\223\253"
 3866      55096086 
 3866      442519E4 
 3866      E4A7501B 
 3866      93AB
 3867 0124 017607FB 		.ascii	"\001v\007\373\"_\007\343(\234\036n\353\367\220b\020"
 3867      225F07E3 
 3867      289C1E6E 
 3867      EBF79062 
 3867      10
 3868 0135 F6C4D0D2 		.ascii	"\366\304\320\322\026\021\262\205~d\245s\310\\\177\246"
 3868      1611B285 
 3868      7E64A573 
 3868      C85C7FA6 
 3869 0145 6B09E182 		.ascii	"k\011\341\202\033\345\2261\315\035\334\262\000\211\377"
 3869      1BE59631 
 3869      CD1DDCB2 
 3869      0089FF
 3870 0154 E0654C31 		.ascii	"\340eL1\376C\014oE\011\311U\343J\240\347\374\007\320"
 3870      FE430C6F 
 3870      4509C955 
 3870      E34AA0E7 
 3870      FC07D0
 3871 0167 95807BE2 		.ascii	"\225\200{\342-S\3518u\226\243\216\0254+\324\257Q\"\275"
 3871      2D53E938 
 3871      7596A38E 
 3871      15342BD4 
 3871      AF5122BD 
 3872 017b C39B956B 		.ascii	"\303\233\225kFn\255M\315\223K\2263\244U\315\350,\342"
 3872      466EAD4D 
 3872      CD934B96 
 3872      33A455CD 
 3872      E82CE2
 3873 018e CF189224 		.ascii	"\317\030\222$\315#\255\234\"\251g+\2541\276\277\236"
 3873      CD23AD9C 
 3873      22A9672B 
 3873      AC31BEBF 
 3873      9E
 3874 019f EEE03929 		.ascii	"\356\3409)\270\273\376k{\360\011U\0070\277\212l \377"
 3874      B8BBFE6B 
 3874      7BF00955 
 3874      0730BF8A 
 3874      6C20FF
 3875 01b2 62745F50 		.ascii	"bt_P\220\020_\242\247\321w4\246\0031\324\014\244{\027"
 3875      90105FA2 
 3875      A7D17734 
 3875      A60331D4 
 3875      0CA47B17 
 3876 01c6 E97A8E07 		.ascii	"\351z\216\007\361}}\307\317S\243\240>\375\351\015\262"
 3876      F17D7DC7 
 3876      CF53A3A0 
 3876      3EFDE90D 
 3876      B2
 3877 01d7 283C9A30 		.ascii	"(<\2320@\253\321ieL\303\266\342F\213m\3352\023\275\216"
 3877      40ABD169 
 3877      654CC3B6 
ARM GAS  /tmp/ccCPrn0v.s 			page 99


 3877      E2468B6D 
 3877      DD3213BD 
 3878 01ec 11ED4CC5 		.ascii	"\021\355L\305S\255\275}\355)\353\3378\326\0301\262\226"
 3878      53ADBD7D 
 3878      ED29EBDF 
 3878      38D61831 
 3878      B296
 3879 01fe 9D76BADB 		.ascii	"\235v\272\333\022f\254\327\356\273\2356Zo\\\2174\306"
 3879      1266ACD7 
 3879      EEBB9D36 
 3879      5A6F5C8F 
 3879      34C6
 3880 0210 AEB45CBB 		.ascii	"\256\264\\\273\034K\246\354L\266\3156\015h\010\207\015"
 3880      1C4BA6EC 
 3880      4CB6CD36 
 3880      0D680887 
 3880      0D
 3881 0221 7E132ED5 		.ascii	"~\023.\325r\016+-\307\350l\3532\034;\341\356\261x_2"
 3881      720E2B2D 
 3881      C7E86CEB 
 3881      321C3BE1 
 3881      EEB1785F 
 3882 0236 69DA4E38 		.ascii	"i\332N8\0012\025\357\351>y\354,|\311L^lo\212\234\207"
 3882      013215EF 
 3882      E93E79EC 
 3882      2C7CC94C 
 3882      5E6C6F8A 
 3883 024c BFC4C2EB 		.ascii	"\277\304\302\353\210"
 3883      88
 3884              		.text
 3885              		.section	.gnu.lto_ibqPostFullBufferI.388.6de3afccbe28b4ce,"e",%progbits
 3886 0000 789C7D55 		.ascii	"x\234}UmL[U\030>\3579\267\267\267\037\224\357l\221\341"
 3886      6D4C5B55 
 3886      183EEF39 
 3886      B7B7B71F 
 3886      94EF6C91 
 3887 0015 3AA3FE70 		.ascii	":\243\376p\2435\240\306%\376\230\2228\011Y2S\2151\376"
 3887      A335A0C6 
 3887      25FE9892 
 3887      38095932 
 3887      538D31FE 
 3888 0029 68F828A3 		.ascii	"h\370(\243\"+k!\004\311\322;\312@J\214tf\010\210#hb"
 3888      222B6B21 
 3888      04C9D23B 
 3888      CA404A8C 
 3888      74660888 
 3889 0040 3459A219 		.ascii	"4Y\242\031$\302\034P`\235\311\006\211Ag\324\314\200"
 3889      24C21C50 
 3889      609DC906 
 3889      894167D4 
 3889      CC80
 3890 0052 C4303A34 		.ascii	"\3040:4N\026'\031c\370\236so\013\304\306\206s\3579\357"
 3890      4E162719 
 3890      63F89E73 
 3890      6F0BC4C6 
 3890      8673EF39 
 3891 0067 79DEE77D 		.ascii	"y\336\347}\316s\336\226:\231\220\033D\033\220F\340L"
ARM GAS  /tmp/ccCPrn0v.s 			page 100


 3891      CE73DE96 
 3891      3A99901B 
 3891      441B9046 
 3891      E04C
 3892 0079 244C89AA 		.ascii	"$L\211\252\252\207\214\224\266F:)\214\301l\357\220,"
 3892      AA878C94 
 3892      B6463A29 
 3892      8CC16CEF 
 3892      902C
 3893 008b 8522B6A1 		.ascii	"\205\"\266\241\245\231\203\022\303\250EDN\353\021\011"
 3893      A5998312 
 3893      C3A84544 
 3893      4EEB1109 
 3894 009b CE26730C 		.ascii	"\316&s\014\264M\313Y\232\351\315\226\332#\266\276\241"
 3894      B44DCB59 
 3894      9AE9CD96 
 3894      DA23B6BE 
 3894      A1
 3895 00ac A503924C 		.ascii	"\245\003\222L{\272.\000\002\354<$\336F\3509\363\361"
 3895      7BBA2E00 
 3895      02EC3C24 
 3895      DE46E839 
 3895      F3F1
 3896 00be 3E2D49A1 		.ascii	">-I\241\275]\027\366%\012\365u-\202\3405A_\022b\246"
 3896      BD5D17F6 
 3896      250AF575 
 3896      2D82E035 
 3896      415F1262 
 3897 00d3 1F6A1091 		.ascii	"\037j\020\221\334\217\0201\261@\177\022b\205S\221\260"
 3897      DC8F1031 
 3897      B1407F12 
 3897      62855391 
 3897      B0
 3898 00e4 49831C32 		.ascii	"I\203\0342\002\011R&\031d\243b2[\254\020\204A\346\304"
 3898      02095226 
 3898      1964A362 
 3898      325BAC10 
 3898      8441E6C4 
 3899 00f8 8DB5D84A 		.ascii	"\215\265\330J\364\372n\365\263(\334\"$H\304\307\000"
 3899      F4FA6EF5 
 3899      B328DC22 
 3899      2448C4C7 
 3899      00
 3900 0109 723648F8 		.ascii	"r6H\370\314\005\273\001\224V \005QU\375vyDUM\344\344"
 3900      CC05BB01 
 3900      94562005 
 3900      5155FD76 
 3900      7944554D 
 3901 011f 45088EC2 		.ascii	"E\010\216\302\010\020B\241\0036\036F\300\240\016\330"
 3901      081042A1 
 3901      03361E46 
 3901      C0A00ED8 
 3902 012f 1080E64B 		.ascii	"\020\200\346KI\000\355\200w\366\022b\021\314`\000\234"
 3902      4900ED80 
 3902      77F61262 
 3902      11CC6000 
 3902      9C
ARM GAS  /tmp/ccCPrn0v.s 			page 101


 3903 0140 344D00F2 		.ascii	"4M\000\362+\237\362'OZ\033\356\354\033{\362\233\220"
 3903      2B9FF227 
 3903      4F5A1BEE 
 3903      EC1B7BF2 
 3903      9B90
 3904 0152 FA526314 		.ascii	"\372Rc\024\232D\336$P\251\003\346\261\364~\016\270\321"
 3904      9A44DE24 
 3904      50A903E6 
 3904      B1F47E0E 
 3904      B8D1
 3905 0164 763E06FD 		.ascii	"v>\006\375j\264\325\216\210\240\216\020*\225\237\004"
 3905      6AB4D58E 
 3905      88A08E10 
 3905      2A959F04 
 3906 0174 8BAAB33C 		.ascii	"\213\252\263<\327\303\3537L\3534\227\201\032:\340wN"
 3906      D7C3EB37 
 3906      4CEB3497 
 3906      811A3AE0 
 3906      774E
 3907 0186 A3EEA041 		.ascii	"\243\356\240ADPG\010\032\013n\217\334,\214\301\024\220"
 3907      44504708 
 3907      1A0B6E8F 
 3907      DC2C8CC1 
 3907      1490
 3908 0198 7168E272 		.ascii	"qh\342r\257\000\312\304]\240\362\027s\206\250z\177\363"
 3908      AF00CAC4 
 3908      5DA0F217 
 3908      7386A87A 
 3908      7FF3
 3909 01aa 3D55BDF9 		.ascii	"=U\275\371D\347\364D7<\012\204\032)\241\012\303!\021"
 3909      44E7F444 
 3909      373C0A84 
 3909      1A29A10A 
 3909      C32111
 3910 01bd 6A32E090 		.ascii	"j2\340\2201f\304\265\202\303D\250\331\214\303\202q+"
 3910      3166C4B5 
 3910      82C344A8 
 3910      D98CC382 
 3910      712B
 3911 01cf AED3706E 		.ascii	"\256\323pn\303y:\216\014\034\231\270\316\302\221\215"
 3911      C3793A8E 
 3911      0C1C99B8 
 3911      CEC2918D 
 3912 01df 23875029 		.ascii	"#\207P)\227PK\036\300%\330\003p\021\213\236cd\023?\014"
 3912      97504B1E 
 3912      C025D803 
 3912      70118B9E 
 3912      6364133F 
 3913 01f4 D4282103 		.ascii	"\324(!\003\214j\213\020.\376\241\352\342/W\201l\320"
 3913      8C6A8B10 
 3913      2EFEA1EA 
 3913      E22F5781 
 3913      6CD0
 3914 0206 909D8481 		.ascii	"\220\235\204\201\036\363\240\3116\021\276m\346\257G"
 3914      1EF3A0C9 
 3914      3611BE6D 
 3914      E6AF47
ARM GAS  /tmp/ccCPrn0v.s 			page 102


 3915 0215 B4C73A0D 		.ascii	"\264\307:\015\315\265\003\003\226'7#\341:my\200K\312"
 3915      CDB50303 
 3915      96273723 
 3915      E13A6D79 
 3915      804BCA
 3916 0228 78E6693B 		.ascii	"x\346i;ca\220\313\334\2040*c[\320Lr\227\266\336*f\014"
 3916      636190CB 
 3916      DC84302A 
 3916      635BD04C 
 3916      7297B6DE 
 3917 023f AE82B8FF 		.ascii	"\256\202\270\377\001\306>\300\206\0235%L\03671\336\015"
 3917      01C63EC0 
 3917      86133525 
 3917      4C1E3731 
 3917      DE0D
 3918 0251 27B9DBE7 		.ascii	"'\271\333\347y7)o\2748\003\344\031>k\236\205\327\011"
 3918      7937296F 
 3918      BC3803E4 
 3918      193E6B9E 
 3918      85D709
 3919 0264 2F113AD7 		.ascii	"/\021:\327\006\314\300$\254x\037\005\247\363\320\010"
 3919      06CCC024 
 3919      AC781F05 
 3919      A7F3D008 
 3920 0274 56953198 		.ascii	"V\2251\230\227\220`d\262&AIH0b\321\244\002eK\201\024"
 3920      97906064 
 3920      B2264149 
 3920      483062D1 
 3920      A402654B 
 3921 028a 5BF9E457 		.ascii	"[\371\344W\302\025\030\304\2216h\2538\362k\257\212\376"
 3921      C21518C4 
 3921      913668AB 
 3921      38F26BAF 
 3921      8AFE
 3922 029c 74712DC8 		.ascii	"tq-\310\341\012\010M\322\313\337\301\034\340~\033Jr"
 3922      E10A084D 
 3922      D2CBDFC1 
 3922      1CE07E1B 
 3922      4A72
 3923 02ae 7D0FE340 		.ascii	"}\017\343@w\013\032\003jT%N\003\011{\026WwZ\305\217"
 3923      770B1A03 
 3923      6A54254E 
 3923      03097B16 
 3923      57775AC5 
 3924 02c3 67FAEFC1 		.ascii	"g\372\357\301j~\200#\342`|\337\234b\377G(\305}\024\036"
 3924      6A7E8023 
 3924      E2607CDF 
 3924      9C62FF47 
 3924      28C57D14 
 3925 02d8 2F6688D0 		.ascii	"/f\210\320u\313_\342\027\035xA\266N\2470\325\2623u\020"
 3925      75CB5FE2 
 3925      171D7841 
 3925      B64EA730 
 3925      D5B23375 
 3926 02ed 67253FC3 		.ascii	"g%?\303a-\025\317l\221K\2643\343\275\033\227gz\207\204"
 3926      612D15CF 
 3926      6C914BB4 
ARM GAS  /tmp/ccCPrn0v.s 			page 103


 3926      33E3BD1B 
 3926      97677A87 
 3927 0302 EDF20053 		.ascii	"\355\362\000S\222\322\025a\2315aY.\267,_O\267\352\226"
 3927      92D21561 
 3927      99356159 
 3927      2EB72C5F 
 3927      4FB7EA96 
 3928 0316 B563F880 		.ascii	"\265c\370\200La?\266\346\0003!Q\021O5\2450o\273m\363"
 3928      4C613FB6 
 3928      E6003321 
 3928      51114F35 
 3928      A5306FBB 
 3929 032c DB6C5BD8 		.ascii	"\333l[\330\262\315\234\254mI\332\266f\026f\304\363Y"
 3929      B2CD9CAC 
 3929      6D49DAB6 
 3929      661666C4 
 3929      F359
 3930 033e 5A0A3716 		.ascii	"Z\0127\026\023n\365\307\037\307\373)\006\" \313\320"
 3930      136EF5C7 
 3930      1FC7FB29 
 3930      062220CB 
 3930      D0
 3931 034f 5CF91B10 		.ascii	"\\\371\033\020\354\000N\361\200SL\215\307\031\263\245"
 3931      EC004EF1 
 3931      80534C8D 
 3931      C719B3A5 
 3932 035f 706549B8 		.ascii	"peI\270\":i\226\262tfCg\200'\254\206A\207/\263m\370"
 3932      223A6996 
 3932      B2746643 
 3932      678027AC 
 3932      8641872F 
 3933 0376 38C7B374 		.ascii	"8\307\263t\301\034\271\006\232\272],#E\223\256$\232"
 3933      C11CB906 
 3933      9ABA5D2C 
 3933      234593AE 
 3933      249A
 3934 0388 74B82D46 		.ascii	"t\270-FY&Kc\031\034\276E\254\203I\315\037\374\034,S"
 3934      59264B63 
 3934      191CBE45 
 3934      AC8349CD 
 3934      1FFC1C2C 
 3935 039d 90BE9F20 		.ascii	"\220\276\237 \315gY)\216\374'<\257\335\342\374\364C"
 3935      CD675929 
 3935      8EFC273C 
 3935      AFDDE2FC 
 3935      F443
 3936 03af C899A577 		.ascii	"\310\231\245w\200\345\024\356\322\344\367\365\3545*"
 3936      80E514EE 
 3936      D2E4F7F5 
 3936      EC352A
 3937 03be 483EDFC3 		.ascii	"H>\337\303\262S\220\374\005\023A\315\270\325\360u\232"
 3937      B25390FC 
 3937      051341CD 
 3937      B8D5F075 
 3937      9A
 3938 03cf 38A6751B 		.ascii	"8\246u\033\342\216P\224-\270\255\311{\021\334\037i\002"
 3938      E28E5094 
ARM GAS  /tmp/ccCPrn0v.s 			page 104


 3938      2DB8ADC9 
 3938      7B11DC1F 
 3938      6902
 3939 03e1 BBC3C072 		.ascii	"\273\303\300r\022\251{E\252\001D\362X\360o\370\032\371"
 3939      12A97B45 
 3939      AA0144F2 
 3939      58F06FF8 
 3939      1AF9
 3940 03f3 C3DA5D34 		.ascii	"\303\332]4\336\005\236\330b\207I\314\320f\227\201w\020"
 3940      DE059ED8 
 3940      628749CC 
 3940      D0669781 
 3940      7710
 3941 0405 B2DD8977 		.ascii	"\262\335\211w\017\337[\310\202\230X-\216\336\353\001"
 3941      0FDF5BC8 
 3941      8298582D 
 3941      8EDEEB01 
 3942 0415 B8A2FD62 		.ascii	"\270\242\375b\360\336\031\015~\025\304%\313\341\335"
 3942      F0DE190D 
 3942      7E15C425 
 3942      CBE1DD
 3943 0424 F718CFBD 		.ascii	"\367\030\317\275=\362n\177)\376{\201\311\004+\377A\335"
 3943      3DF26E7F 
 3943      29FE7B81 
 3943      C9042BFF 
 3943      41DD
 3944 0436 A42D0B03 		.ascii	"\244-\013\003\245zC\203\246\267%\312\227.g\265\257\326"
 3944      A57A4383 
 3944      A6B725CA 
 3944      972E67B5 
 3944      AFD6
 3945 0448 E3F4FBCA 		.ascii	"\343\364\373\312\235G\375\2767=\025\365\001gq\265\267"
 3945      9D47FDBE 
 3945      373D15F5 
 3945      016771B5 
 3945      B7
 3946 0459 DCEBAA6F 		.ascii	"\334\353\252o\250\364\372\266\317\335\205E\316F\237"
 3946      A8F4FAB6 
 3946      CFDD8545 
 3946      CE469F
 3947 0468 BF265057 		.ascii	"\277&PWV\341q\327\373\033\216\3278]\257\034)*t\037>"
 3947      56E171D7 
 3947      FB1B8ED7 
 3947      385DAF1C 
 3947      292A741F 
 3948 047d 5AF282BB 		.ascii	"Z\362\202\273\312\353\257m,\363{\234\244\300\341p\342"
 3948      CAEBAF6D 
 3948      2CF37B9C 
 3948      A4C0E170 
 3948      E2
 3949 048e 5F054FF5 		.ascii	"_\005O\365\005t\244/\340\254.{\313\031\360W\360\267"
 3949      0574A42F 
 3949      E0AC2E7B 
 3949      CB19F057 
 3949      F0B7
 3950 04a0 BBBCA1AA 		.ascii	"\273\274\241\252\312\343\0178*\210\344-?Q\267kG\314"
 3950      CAE30F38 
ARM GAS  /tmp/ccCPrn0v.s 			page 105


 3950      2A88E42D 
 3950      3F51B76B 
 3950      47CC
 3951 04b2 71D053F5 		.ascii	"q\320S\365l\345SEO\023)\340}\333\303\352O\3249\376\207"
 3951      6CE55345 
 3951      4F1329E0 
 3951      7DDBC3EA 
 3951      4FD439FE 
 3952 04c7 D317C087 		.ascii	"\323\027\300\207\277\276\340\270W\233;\252\011\253\015"
 3952      BFBEE0B8 
 3952      579B3BAA 
 3952      09AB0D
 3953 04d6 1CFB175C 		.ascii	"\034\373\027\\\371w5"
 3953      F97735
 3954              		.text
 3955              		.section	.gnu.lto_ibqGetFullBufferTimeout.389.6de3afccbe28b4ce,"e",%progbits
 3956 0000 789C7D52 		.ascii	"x\234}R]h\034U\024>\337\235\335d\227@P\213\264\210\204"
 3956      5D681C55 
 3956      143EDF9D 
 3956      DD649740 
 3956      508BB488 
 3957 0015 A5A0056D 		.ascii	"\245\240\005mvJ\267A}S\203H\036VB\3277\037\226\335\311"
 3957      764AB741 
 3957      7D538348 
 3957      1E5642D7 
 3957      371F96DD 
 3958 002a 2419D3C9 		.ascii	"$\031\323\311\2443\273\256AB\246\211\375IDl\212\304"
 3958      A433BBAE 
 3958      4142A689 
 3958      FD49446C 
 3958      8AC4
 3959 003c BF4DD380 		.ascii	"\277M\323\200\365\347\241\352Cc\227\032\322m\323m\322"
 3959      F5E7A1EA 
 3959      4363971A 
 3959      D26DD36D 
 3959      D2
 3960 004d D2D8565F 		.ascii	"\322\330V_$VS\032\250\017\205\2206J\202\244n\317\235"
 3960      2456531A 
 3960      A80F8590 
 3960      364A82A4 
 3960      6ECF9D
 3961 0060 D986F8D0 		.ascii	"\331\206\370\320\302p\356\271\347|\347;\347|sk\024\242"
 3961      C270EEB9 
 3961      E77CE73B 
 3961      E77C736B 
 3961      14A2
 3962 0072 AF40F42C 		.ascii	"\257@\364,\021A!\034\031\032\024\344\272\356\313\325"
 3962      1141211C 
 3962      191A14E4 
 3962      BAEECBD5 
 3963 0082 02FB8606 		.ascii	"\002\373\206\006W\012'\0038\003/\000\352\025\350\305"
 3963      570A2703 
 3963      38032F00 
 3963      EA15E8C5 
 3964 0092 981244D5 		.ascii	"\230\022D\325&\004\330>\211\210\312\251\325\322\355"
 3964      2604D83E 
 3964      8988CAA9 
ARM GAS  /tmp/ccCPrn0v.s 			page 106


 3964      D5D2ED
 3965 00a1 1BF34FE7 		.ascii	"\033\363O\347\277)\006z\251\247\200SLG\024D\350}P}\321"
 3965      BF29067A 
 3965      A9A78053 
 3965      4C471444 
 3965      E87D507D 
 3966 00b6 75AF2E16 		.ascii	"u\257.\026\\7L\357\235F%)\304\000\256\3251`\314\007"
 3966      5C374CEF 
 3966      9D462529 
 3966      C400AED5 
 3966      3160CC07 
 3967 00ca 2C958F7F 		.ascii	",\225\217\177R{\030\335\023\353\000e\000\327\353<\216"
 3967      527B18DD 
 3967      13EB0065 
 3967      00D7EB3C 
 3967      8E
 3968 00db 6FC1F679 		.ascii	"o\301\366yn\262t\350\353\003\265\207\367\205z'\261\336"
 3968      6EB274E8 
 3968      EB03B587 
 3968      F7857A27 
 3968      B1DE
 3969 00ed 63007FD5 		.ascii	"c\000\177\325\325\320\031P\017\327\004QC\224;+\361\354"
 3969      D5D01950 
 3969      0FD70451 
 3969      43943B2B 
 3969      F1EC
 3970 00ff 64CF790E 		.ascii	"d\317y\016\027\026J1*\302\251\334\362\177\224\312[h"
 3970      17164A31 
 3970      2AC2A9DC 
 3970      F27F94CA 
 3970      5B68
 3971 0111 0A591F76 		.ascii	"\012Y\037v\036\353\270\374\304\364\365**a\257l{P\260"
 3971      1EEBB8FC 
 3971      C4F4F52A 
 3971      2A61AF6C 
 3971      7B50B0
 3972 0124 95B3AD4E 		.ascii	"\225\263\255N\036\371\375\312Sy\267\030\260\246\221"
 3972      1EF9FDCA 
 3972      5379B718 
 3972      B0A691
 3973 0133 F31ACF40 		.ascii	"\363\032\317@\204\0060\266\225\347\222\200\271\341\362"
 3973      840630B6 
 3973      95E79280 
 3973      B9E1F2
 3974 0142 F8F6A97E 		.ascii	"\370\366\251~w\306\225\220\236\012\304S@\322\256N\177"
 3974      77C69590 
 3974      9E0AC453 
 3974      40D2AE4E 
 3974      7F
 3975 0153 51751174 		.ascii	"Qu\021t\0019\342~\227\360`@\363\362z\343\357\372/(<"
 3975      0139E27E 
 3975      97F06040 
 3975      F3F27AE3 
 3975      EFFA2F28 
 3976 0168 A22901B3 		.ascii	"\242)\001\263\3408W\003\223\370\376\227`\321]+\177\344"
 3976      E0385703 
 3976      93F8FE97 
ARM GAS  /tmp/ccCPrn0v.s 			page 107


 3976      60D15D2B 
 3976      7FE4
 3977 017a BA657571 		.ascii	"\272euqm!\034\026\300i(\300\004\202\304y\242\243\212"
 3977      6D211C16 
 3977      C06928C0 
 3977      0482C479 
 3977      A2A38A
 3978 018d FC576E00 		.ascii	"\374Wn\000n\221hT\021\376\245\237/+\302\2759\3643\274"
 3978      6E916854 
 3978      11FEA59F 
 3978      2F2BC2BD 
 3978      39F433BC 
 3979 01a1 F3E35A79 		.ascii	"\363\343Zy,\3773\374\357\302\215'\344\3022X^\330\342"
 3979      2CFF33FC 
 3979      EFC28D27 
 3979      E4C23258 
 3979      5ED8E2
 3980 01b4 45EF8CFC 		.ascii	"E\357\214\374\371\37100\345G\227\347\3028\357\271\313"
 3980      F9F93030 
 3980      E54797E7 
 3980      C238EFB9 
 3980      CB
 3981 01c5 E327FEBB 		.ascii	"\343'\376\273\375\333&\224\374\304\350\242\204\367\035"
 3981      FDDB2694 
 3981      FCC4E8A2 
 3981      84F71D
 3982 01d4 13841954 		.ascii	"\023\204\031TY\330\341a\356}\371\343\374\010p\321\307"
 3982      59D8E161 
 3982      EE7DF9E3 
 3982      FC0870D1 
 3982      C7
 3983 01e5 FC341FC6 		.ascii	"\3744\037\306%\320\232\350\333*w\370\200\037\312\266"
 3983      25D09AE8 
 3983      DB2A77F8 
 3983      801FCAB6 
 3984 01f5 BC7220D4 		.ascii	"\274r \324\021D\230\365\270\012\342\343\032\256\310"
 3984      114498F5 
 3984      B80AE2E3 
 3984      1AAEC8
 3985 0204 C5B78D72 		.ascii	"\305\267\215r\302\220\341_!\247\355[:y\342\350bH\262"
 3985      C290E15F 
 3985      21A7ED5B 
 3985      3A79E2E8 
 3985      6248B2
 3986 0217 7BC3DFBD 		.ascii	"{\303\337\2753\362\367\334qT\206\271\2712\007\272'\372"
 3986      33F2F7DC 
 3986      715486B9 
 3986      B93207BA 
 3986      27FA
 3987 0229 233408D1 		.ascii	"#4\010\321\246sPx;\335-|8\374\006\277O\316\355?\026"
 3987      A6735078 
 3987      3BDD2D7C 
 3987      38FC06BF 
 3987      4FCEED3F 
 3988 023e 53829C4D 		.ascii	"S\202\234M%\211\024\241(\342q\311\032a\231\224\240G"
 3988      258914A1 
 3988      28E271C9 
ARM GAS  /tmp/ccCPrn0v.s 			page 108


 3988      1A619994 
 3988      A047
 3989 0250 F199AF06 		.ascii	"\361\231\257\006\313\360\303-\226\341\262O<~\353S`v"
 3989      CBF0C32D 
 3989      96E1B24F 
 3989      3C7EEB53 
 3989      6076
 3990 0262 03F95BB3 		.ascii	"\003\371[\263\033\310\363\036y\231\367n`\026\222\202"
 3990      1BC8F31E 
 3990      7999F76E 
 3990      60169282 
 3991 0272 C3D7B8AF 		.ascii	"\303\327\270\257(\257\011\265\3352u\325\266\322j\263"
 3991      28AF09B5 
 3991      DD3275D5 
 3991      B6D26AB3 
 3992 0282 6DBDAD6B 		.ascii	"m\275\255k\031Gml7\322F\"\223m1\254\215~rgL\315Yv\207"
 3992      19476D6C 
 3992      37D24622 
 3992      936D31AC 
 3992      8D7E7267 
 3993 029b D395D2F4 		.ascii	"\323\225\322\364d\306\316vv\250\2117\343\261\235\311"
 3993      64C6CE76 
 3993      76A88937 
 3993      E3B19DC9 
 3994 02ab D79B9B5E 		.ascii	"\327\233\233^M\266\032\266\231K\331\272J\365\321\250"
 3994      4DB61AB6 
 3994      994BD9BA 
 3994      4AF5D1A8 
 3995 02bb CA9F264B 		.ascii	"\312\237&K-\247\202\264\034\265=\265GulM\236\311t\266"
 3995      2DA782B4 
 3995      1CB53DB5 
 3995      47756C4D 
 3995      9EC974B6 
 3996 02cf B555B79D 		.ascii	"\265U\267\235\250F\001#\275\267k\363\377b\321\227\364"
 3996      A8460123 
 3996      BDB76BF3 
 3996      FF62D197 
 3996      F4
 3997 02e0 D6175B76 		.ascii	"\326\027[v\305\032\250:c\230\272\225\315(\246\323\026"
 3997      C51AA83A 
 3997      6398BA95 
 3997      CD28A6D3 
 3997      16
 3998 02f1 7D04ADE5 		.ascii	"}\004\255\345\260\2613\365\235\206\357G\333\351\271"
 3998      B0B133F5 
 3998      9D86EF47 
 3998      DBE9B9
 3999 0300 87C0ED8C 		.ascii	"\207\300\355\214jtj{\262-:\347\234n\207\241\325\351"
 3999      6A746A7B 
 3999      B22D3AE7 
 3999      9C6E87A1 
 3999      D5E9
 4000 0312 94A337DB 		.ascii	"\224\2437\333\306k\017)\321,\323\264:U\375\335\214\372"
 4000      C66B0F29 
 4000      D12CD3B4 
 4000      3A55FDDD 
 4000      8CFA
ARM GAS  /tmp/ccCPrn0v.s 			page 109


 4001 0324 CAEEB8DA 		.ascii	"\312\356\270\332\030O4%\324F\213wmz\300d:\206\223l\323"
 4001      184F3425 
 4001      D4468B77 
 4001      6D7AC064 
 4001      3A86936C 
 4002 0339 34666B78 		.ascii	"4fkx4K\227e\263\306\314\363\316\013\365qFi\314\303U"
 4002      344B9765 
 4002      B3C6CCF3 
 4002      CE0BF571 
 4002      4669CCC3 
 4003 034e 8FC513BB 		.ascii	"\217\305\023\273#r\216.\333\330\036yf\007\011\233\252"
 4003      23728E2E 
 4003      DBD81E79 
 4003      6607099B 
 4003      AA
 4004 035f 4DDDB4EC 		.ascii	"M\335\264\354n\272\017\263&\240\306"
 4004      6EBA0FB3 
 4004      26A0C6
 4005              		.text
 4006              		.section	.gnu.lto_ibqGetFullBufferTimeoutS.390.6de3afccbe28b4ce,"e",%progbits
 4007 0000 789C7D53 		.ascii	"x\234}Smh[U\030~\337s\356\275\371h\023\265*\372\253"
 4007      6D685B55 
 4007      187EDF73 
 4007      EEBDF968 
 4007      13B52AFA 
 4008 0015 64E03F69 		.ascii	"d\340?i\256\254\335PD\030\356\207\363\2078\251\"\373"
 4008      AEACDD50 
 4008      4418EE87 
 4008      F38738A9 
 4008      22FB
 4009 0027 21A1C9D2 		.ascii	"!\241\311\3225\253Y\272\334\2040F\315]\322.kKY\263I"
 4009      35AB59BA 
 4009      DC843046 
 4009      CD5DD22E 
 4009      6B4B59B3 
 4010 003c 968DD10F 		.ascii	"\226\215\321\017a~\313\264\177\254m\227\246]\227NT2"
 4010      617ECBB4 
 4010      7FAC6D97 
 4010      A65D974E 
 4010      5432
 4011 004e C6180CC7 		.ascii	"\306\030\014\307&\373\323V\021Z\205%\245+\365='i\352"
 4011      26FBD356 
 4011      115A8525 
 4011      A52BF53D 
 4011      2769EA
 4012 0061 100CC9CD 		.ascii	"\020\014\311\315s\317y\236\347}\237\367\236{\233\003"
 4012      73CF799E 
 4012      E77D9FF7 
 4012      9E7B9B03 
 4013 0071 DC07804B 		.ascii	"\334\007\200K\364C;\340\231t?\003\3234\367X\030f\322"
 4013      F4433BE0 
 4013      99743F03 
 4013      D334F758 
 4013      1866D2
 4014 0084 FDF7A7C7 		.ascii	"\375\367\247\307\025\274\202r\201\263\354\320\370\016"
 4014      15BC8272 
 4014      81B3ECD0 
ARM GAS  /tmp/ccCPrn0v.s 			page 110


 4014      F80E
 4015 0092 9CC5D5E5 		.ascii	"\234\305\325\345\257\230\322\223v\236\316\334zMQXo\272"
 4015      AF98D293 
 4015      769ECEDC 
 4015      7A4D5158 
 4015      6FBA
 4016 00a4 4EAE9C1F 		.ascii	"N\256\234\037z\200rI\305\354\231OV\357,Z\244\314\206"
 4016      7A807249 
 4016      C5EC994F 
 4016      56EF2C5A 
 4016      A4CC86
 4017 00b7 196BC551 		.ascii	"\031k\305Qc\311\364\000#;\311J\245\235Rf\301l\002+\004"
 4017      63C9F400 
 4017      233BC94A 
 4017      A59D5266 
 4017      C16C022B 
 4018 00cc 2B9E48DB 		.ascii	"+\236H\333%B\2103\256\2506\215\326\342L\203\355\317"
 4018      25428833 
 4018      AEA8368D 
 4018      D6E24C83 
 4018      EDCF
 4019 00de 1857517B 		.ascii	"\030WQ{\032\251\210\366,\272tb\227\257\375\361[\351"
 4019      1AA988F6 
 4019      2CBA7462 
 4019      97AFFDF1 
 4019      5BE9
 4020 00f0 85D964EF 		.ascii	"\205\331d\357\2768tO\340\367(h*Z{\020\232\362\246yc"
 4020      BE38744F 
 4020      E0F72868 
 4020      2A5A7B10 
 4020      9AF2A679 
 4021 0105 6DC2346D 		.ascii	"m\3024mp|\022+\233S\310X\037\232\215\304\030\2530Vf"
 4021      707C122B 
 4021      9B53C858 
 4021      1F9A8DC4 
 4021      18AB3056 
 4022 011a 52179C43 		.ascii	"R\027\234Cxl\272\312\270\202\214\367\341@#@\035@w\016"
 4022      786CBACA 
 4022      B8828CF7 
 4022      E1402340 
 4022      1D40770E 
 4023 012e 01552414 		.ascii	"\001U$\024\233Aa\373\205\270\276HuW\212\213'\235C'\254"
 4023      9B4161FB 
 4023      85B8BE48 
 4023      75578A8B 
 4023      279D4327 
 4024 0143 F17C5537 		.ascii	"\361|U7K\225\373p\264Q\260\011\347p\016\373pD\024\372"
 4024      4B95FB70 
 4024      B451B009 
 4024      E7700EFB 
 4024      704414FA 
 4025 0157 466844A9 		.ascii	"FhD\251\362\315\201GS\256\254\350(z\025cR6\217L\245"
 4025      F2CD8147 
 4025      53AEACE8 
 4025      287A1563 
 4025      52368F4C 
 4026 016c 723BC855 		.ascii	"r;\310U0\356\236\314}\246]4\363=.btW\0312Q\325`c\252"
ARM GAS  /tmp/ccCPrn0v.s 			page 111


 4026      30EE9ECC 
 4026      7DA65D34 
 4026      F33D2E62 
 4026      74571932 
 4027 0185 652169EE 		.ascii	"e!i\356\243v+\372\202l7\373_}-P\241\242\257\023\303"
 4027      A3762BFA 
 4027      826C37FB 
 4027      5F7D2D50 
 4027      A1A2AF13 
 4028 019a 5A3CAB2E 		.ascii	"Z<\253.\3405\2049\214\211x\327\221R\211\355\3137\325"
 4028      E0358439 
 4028      8C8978D7 
 4028      915289ED 
 4028      CB37D5
 4029 01ad BCF968F3 		.ascii	"\274\371h\363\264in\276\272vq\335\366$\002\323\0300"
 4029      B4696EBE 
 4029      BA7671DD 
 4029      F62402D3 
 4029      1830
 4030 01bf 9503B328 		.ascii	"\225\003\263(\300\254*\3754``G\234\304z\304it\320\012"
 4030      C0AC2AFD 
 4030      34606047 
 4030      9CC47AC4 
 4030      6974D00A 
 4031 01d3 C030872F 		.ascii	"\3000\207/\357\234\333\215f\036`\2043\211\223\204K\314"
 4031      EF9CDB8D 
 4031      661E6084 
 4031      33899384 
 4031      4BCC
 4032 01e5 7C70B668 		.ascii	"|p\266h\243\307\015\033,\351\202~d\301N\000V'w2O\200"
 4032      A3C70D1B 
 4032      2CE9827E 
 4032      64C14E00 
 4032      56277732 
 4033 01fb A0F3F2B7 		.ascii	"\240\363\362\267c\177\362\032\377|\321N\347\013\326"
 4033      637FF21A 
 4033      FF7CD14E 
 4033      E70BD6
 4034 020a 5922B7EC 		.ascii	"Y\"\267\354\3444v\355\270\230\334\327\342\000Z\017\035"
 4034      E43476ED 
 4034      B898DCD7 
 4034      E2005A0F 
 4034      1D
 4035 021b FE0961B7 		.ascii	"\376\011a\267@\306\317\350'\371C\326\363\373U/G\315"
 4035      40C6CFE8 
 4035      27F943D6 
 4035      F3FB552F 
 4035      47CD
 4036 022d C0CAD918 		.ascii	"\300\312\331\030\341\312\303\302\205_\267\375F\212L"
 4036      E1CAC3C2 
 4036      855FB7FD 
 4036      468A4C
 4037 023c 9865FA7F 		.ascii	"\230e\372\177a\234U}>o\221F*J+_\021\333\200z#\274\364"
 4037      619C557D 
 4037      3E6F9146 
 4037      2A4A2B5F 
 4037      11DB807A 
ARM GAS  /tmp/ccCPrn0v.s 			page 112


 4038 0253 4CF4060A 		.ascii	"L\364\006\012]\302\205\363\310Y\005\025\220\327\013"
 4038      5DC285F3 
 4038      C8590515 
 4038      90D70B
 4039 0262 AFBF2F9D 		.ascii	"\257\277/\235+\227\226\032p\001\245\363f)\213x]D\353"
 4039      2B97961A 
 4039      7001A5F3 
 4039      66298B78 
 4039      5D44EB
 4040 0275 1DDDC51D 		.ascii	"\035\335\305\035\024\316\363\001\335r\306\353Y\203P"
 4040      14CEF301 
 4040      DD72C6EB 
 4040      598350
 4041 0284 AEFC3038 		.ascii	"\256\37408\\\374\030)\016\316o\271\026\266@\036\271"
 4041      5CFC1829 
 4041      0ECE6FB9 
 4041      16B6401E 
 4041      B9
 4042 0295 43DA7C47 		.ascii	"C\332|G\015R\214\273\024\303\241\305k1\324\321\321\361"
 4042      0D528CBB 
 4042      14C3A1C5 
 4042      6B31D4D1 
 4042      D1F1
 4043 02a7 A76A29C6 		.ascii	"\247j)\306iV)\256p\207ryru&5(\013\017s\333\355O\227"
 4043      695629AE 
 4043      70877279 
 4043      72752635 
 4043      280B0F73 
 4044 02bf 7EE488C4 		.ascii	"~\344\210\304\327\250}S\331\022\37451\230y[\314}\235"
 4044      D7A87D53 
 4044      D912FC35 
 4044      3198795B 
 4044      CC7D9D
 4045 02d2 CDE56C9C 		.ascii	"\315\345l\234?>\3001B\007n\341\373\225\001.\357\345"
 4045      3F3EC031 
 4045      42076EE1 
 4045      FB95012E 
 4045      EFE5
 4046 02e4 5C3B502B 		.ascii	"\\;P+l9U\274\327 |\260\304\330K\3025u\212\035\203\367"
 4046      6C3955BC 
 4046      D7207CB0 
 4046      C4D84BC2 
 4046      35758A1D 
 4047 02fa E4360D62 		.ascii	"\3446\015b\203)\\\245\260\255\357\320\255\235=/E\326"
 4047      83295CA5 
 4047      B0ADEFD0 
 4047      AD9D3D2F 
 4047      45D6
 4048 030c DA33DF64 		.ascii	"\3323\337d\211=\300\305\353\232\342\032\345\371\210"
 4048      893DC0C5 
 4048      EB9AE21A 
 4048      E5F988
 4049 031b DF5B2B5B 		.ascii	"\337[+[i\006\364.o\367\316U:P\024\000\245.\221\027\336"
 4049      6906F42E 
 4049      6FF7CE55 
 4049      3A501400 
 4049      A52E9117 
ARM GAS  /tmp/ccCPrn0v.s 			page 113


 4050 0330 AD7A4728 		.ascii	"\255zG(\350\327\303!\257\276?\034:\354\367E\014}oG\300"
 4050      E8D7C321 
 4050      AFBE3F1C 
 4050      3AECF745 
 4050      0C7D6F47 
 4051 0345 1B688D44 		.ascii	"\033h\215D\017\006B\377\306\236\235\315z,\024\3564\272"
 4051      0F0642FF 
 4051      C69E9DCD 
 4051      7A2C14EE 
 4051      34BA
 4052 0357 DA7C7E4F 		.ascii	"\332|~O$\034=\322\251\267\276\373V\363N\317\033\373"
 4052      241C3DD2 
 4052      A9B7BEFB 
 4052      56F34ECF 
 4052      1BFB
 4053 0369 DF7CDDD3 		.ascii	"\337|\335\323\036\010\007cma\277\016Mn\267N_\237\220"
 4053      1E080763 
 4053      6D61BF0E 
 4053      4D6EB74E 
 4053      5F9F90
 4054 037c 868C2A33 		.ascii	"\206\214*3d\350\035m\037\352F\330'\376=\336h{\273?l"
 4054      64E81D6D 
 4054      1FEA46D8 
 4054      27FE3DDE 
 4054      687BBB3F 
 4055 0391 B87DA004 		.ascii	"\270}\240\004\274G\273\236{l\315\375\212\277\375\345"
 4055      BC47BB9E 
 4055      7B6CCDFD 
 4055      8ABFFDE5 
 4056 03a1 832DCDBB 		.ascii	"\203-\315\273\300\022\011\004\375\241h\204\007\215C"
 4056      C0120904 
 4056      FDA16884 
 4056      078D43
 4057 03b0 3C72B4CB 		.ascii	"<r\264\313\375?\326!\203.\341H\323\221@\005\273;\340"
 4057      FD3FD621 
 4057      832EE148 
 4057      D3914005 
 4057      BB3BE0
 4058 03c3 1FEA68B5 		.ascii	"\037\352h\265\004"
 4058      04
 4059              		.text
 4060              		.section	.gnu.lto_ibqReleaseEmptyBuffer.391.6de3afccbe28b4ce,"e",%progbits
 4061 0000 789C7D52 		.ascii	"x\234}R[H\024Q\030\376\377\263\027w+(\224H\202@\214"
 4061      5B481451 
 4061      18FEFFB3 
 4061      17772B28 
 4061      94488240 
 4062 0015 104A77C4 		.ascii	"\020Jw\304\013\325S\027\211\360aA\334\336\027w\034s"
 4062      0BD55317 
 4062      89F06141 
 4062      DCDE1777 
 4062      1C73
 4063 0027 D2757466 		.ascii	"\322utf7[$\366\244\022(Hi\261\204y\311H\360\301.\004"
 4063      375B24F6 
 4063      A4122848 
 4063      69B18479 
 4063      C948F0C1 
ARM GAS  /tmp/ccCPrn0v.s 			page 114


 4064 003d 8697CA35 		.ascii	"\206\227\3125]u\2510|\012\213\024M\037\022$2\320\312"
 4064      5D75A930 
 4064      7C0A8B14 
 4064      4D1F1224 
 4064      32D0CA
 4065 0050 DACE9959 		.ascii	"\332\316\231Y\305\036\3620\234\363_\276\377\373\277"
 4065      C51EF230 
 4065      9CF35FBE 
 4065      FFFBBF
 4066 005f FF675A09 		.ascii	"\377gZ\011@+\002\034\006\0004\001\26647\022\240\224"
 4066      402B021C 
 4066      06003401 
 4066      B6343712 
 4066      A094
 4067 0071 9E4E2078 		.ascii	"\236N x\255\271\321\216C\250{\010A\202A\3542\011\314"
 4067      ADB9D18E 
 4067      43A87B08 
 4067      418241EC 
 4067      3209CC
 4068 0084 5D8F2CCF 		.ascii	"]\217,\317\305\222iO\030\277\000\004A?\026\264&\241"
 4068      C592694F 
 4068      18BF0004 
 4068      413F16B4 
 4068      26A1
 4069 0096 99DDFB31 		.ascii	"\231\335\3731\305\202\266z\204\2140\245\357\226\373"
 4069      C582B67A 
 4069      848C30A5 
 4069      EF96FB
 4070 00a5 29B5C3D5 		.ascii	")\265\303\325A\014\016`?\353C\260\001\027\017\001\354"
 4070      410C0E60 
 4070      3FEB43B0 
 4070      01170F01 
 4070      EC
 4071 00b6 D60B8905 		.ascii	"\326\013\211\005\231Q\363\002A7\002/u\203u\350\037\313"
 4071      9951F302 
 4071      4137022F 
 4071      758375E8 
 4071      1FCB
 4072 00c8 81E7581D 		.ascii	"\201\347X\035\367\332\242\221X2\014c\300\200\205q\013"
 4072      F7DAA291 
 4072      58320C63 
 4072      C0808571 
 4072      0B
 4073 00d9 D7D633F1 		.ascii	"\327\3263\361\321\012#\350g\276\355\027\217\362\256"
 4073      D10A23E8 
 4073      67BEED17 
 4073      8FF2AE
 4074 00e8 EBA1960F 		.ascii	"\353\241\226\017S\007\333h\330\254\215b\215\336x\014"
 4074      5307DB68 
 4074      D8AC8D62 
 4074      8DDE780C 
 4075 00f8 89B501BB 		.ascii	"\211\265\001\273R-x\214\003\236\206b}\351\243ut\222"
 4075      522D788C 
 4075      039E8662 
 4075      7DE9A375 
 4075      7492
 4076 010a 7248300E 		.ascii	"rH0\016\321\307\340\264\353\023w\255\021\204WX\303\205"
ARM GAS  /tmp/ccCPrn0v.s 			page 115


 4076      D1C7E0B4 
 4076      EB1377AD 
 4076      11845758 
 4076      C385
 4077 011c 8EE3A6C0 		.ascii	"\216\343\246\300\252\311\255\306\217\352\"f&\261\212"
 4077      AAC9ADC6 
 4077      8FEA2266 
 4077      26B18A
 4078 012b 03A2C8E2 		.ascii	"\003\242\310\342\274\372\361\264%L7b7(];\365c\343\376"
 4078      BCFAF1B4 
 4078      254C3762 
 4078      37285D3B 
 4078      F563E3FE 
 4079 013f 2EB6441C 		.ascii	".\266D\034d\211\016\023\337)5#\015\003t\232\210\341"
 4079      64890E13 
 4079      DF293523 
 4079      0D03749A 
 4079      88E1
 4080 0151 D431678D 		.ascii	"\3241g\215\320\371\346i\344\357jw\350\347\302\\\"\037"
 4080      D0F9E669 
 4080      E4EF6A77 
 4080      E8E7C25C 
 4080      221F
 4081 0163 8E47630B 		.ascii	"\216Gc\013\311z\264\253\375Sk\010q\330\210\256\316\330"
 4081      C97AB4AB 
 4081      FD536B08 
 4081      71D888AE 
 4081      CED8
 4082 0175 316CC017 		.ascii	"1l\300\027{\377,\277O\302\021#\321\271\302\341\265\367"
 4082      7BFF2CBF 
 4082      4FC21123 
 4082      D1B9C2E1 
 4082      B5F7
 4083 0187 08E0185A 		.ascii	"\010\340\030Z5\314\3241\017\037<\233mG\214\030\230\241"
 4083      35CCD431 
 4083      0F1F3C9B 
 4083      6D478C18 
 4083      98A1
 4084 0199 593B8E23 		.ascii	"Y;\216#l\220\332T\2567\306\326\237v\323t\335\246X\320"
 4084      6C90DA54 
 4084      AE37C6D6 
 4084      9F76D374 
 4084      DDA658D0 
 4085 01ad CED4BF41 		.ascii	"\316\324\277A`\317[|\315\207L\273\305\022^\036\236B"
 4085      60CF5B7C 
 4085      CD874CBB 
 4085      C5125E1E 
 4085      9E42
 4086 01bf 2EB3F6EB 		.ascii	".\263\366\353\347\336\216\025\033g\327U\177\353j\377"
 4086      E7DE8E15 
 4086      1B67D755 
 4086      7FEB6AFF 
 4087 01cf 3ED38D71 		.ascii	">\323\215q1\363k3\010\277I]\0124\")\223Y\220\354\321"
 4087      31F36B33 
 4087      08BF495D 
 4087      0A342229 
 4087      935990EC 
ARM GAS  /tmp/ccCPrn0v.s 			page 116


 4088 01e4 51FD4D2D 		.ascii	"Q\375M-\205\354\037b\271z='\211\000&B\366\352E\267\023"
 4088      85EC1F62 
 4088      B97A3D27 
 4088      89002642 
 4088      F6EA45B7 
 4089 01f9 E3733F59 		.ascii	"\343s?YbsO\032L}Kw\020\243\333\330\334Q\235-\306$\014"
 4089      62734F1A 
 4089      4C7D4B77 
 4089      10A3DBD8 
 4089      DC519D2D 
 4090 0210 3485A66D 		.ascii	"4\205\246m\234\216\237\016\023\032{\254\015s\327%\224"
 4090      9C8E9F0E 
 4090      131A7BAC 
 4090      0D73D725 
 4090      94
 4091 0221 2A5E4950 		.ascii	"*^IP\025\217P\240*\227$\321\247\011y\245\262Gv\371\374"
 4091      158F50A0 
 4091      2A9724D1 
 4091      A70979A5 
 4091      B24776F9 
 4092 0236 C5B2B2DD 		.ascii	"\305\262\262\335vge\013\325\212Z\246U\026\211\222\333"
 4092      7667650B 
 4092      D58A5AA6 
 4092      55168992 
 4092      DB
 4093 0247 A7FA2BCA 		.ascii	"\247\372+\312\004\327\005gv\226\373|A\376Yw\211\254"
 4093      04D70567 
 4093      7696FB7C 
 4093      41FE5977 
 4093      89AC
 4094 0259 7AAB8B54 		.ascii	"z\253\213TI\200\014\207C`\237\310K\025-\216T4\241\264"
 4094      49800C87 
 4094      43609FC8 
 4094      4B152D8E 
 4094      5434A1B4 
 4095 026d A85CD054 		.ascii	"\250\\\320T\221\277n\217\277\244DR5\207\010f\331SUy"
 4095      91BF6E8F 
 4095      BFA44452 
 4095      35870866 
 4095      D9535579 
 4096 0281 E09F98E3 		.ascii	"\340\237\230\343\244Tr\2428';\027\034;P)\032\273T_F"
 4096      A45472A2 
 4096      38273B17 
 4096      1C3B5029 
 4096      1ABB545F 
 4097 0296 856CD88E 		.ascii	"\205l\330\216R8\372\037\270\352\023\344\012\261\334"
 4097      5238FA1F 
 4097      B8EA13E4 
 4097      0AB1DC
 4098 02a5 5F2CB19C 		.ascii	"_,\261\234\026\320\0304\301S\244I\005\252|\356?%\242"
 4098      16D01834 
 4098      C153A449 
 4098      05AA7CEE 
 4098      3F25A2
 4099 02b8 E2F52A15 		.ascii	"\342\365*\025\202t\305'\234)t\012yNW\276K\310S\330|"
 4099      8274C527 
 4099      9C29740A 
ARM GAS  /tmp/ccCPrn0v.s 			page 117


 4099      794E57BE 
 4099      4BC853D8 
 4100 02cd F99B4C5E 		.ascii	"\371\233L^M\326\334\027E\221\261\345\356\314R\251\250"
 4100      4DD6DC17 
 4100      4591B1E5 
 4100      EECC52A9 
 4100      A8
 4101 02de 6CAF8CE7 		.ascii	"l\257\214\347\362\361\014'C\211\214\207U\355s\272\012"
 4101      F2F10C27 
 4101      43898C87 
 4101      55ED73BA 
 4101      0A
 4102 02ef 53B88E4A 		.ascii	"S\270\216JUNO9\222\011D\205\004\257\344U\324\000\374"
 4102      554E4F39 
 4102      92094485 
 4102      04AFE455 
 4102      D400FC
 4103 0302 05E47B76 		.ascii	"\005\344{v\211"
 4103      89
 4104              		.text
 4105              		.section	.gnu.lto_ibqReleaseEmptyBufferS.392.6de3afccbe28b4ce,"e",%progbits
 4106 0000 789C6D53 		.ascii	"x\234mS]H\024Q\024>?3\263\273\272YhaE\206\366\026\224"
 4106      5D481451 
 4106      143E3F33 
 4106      B3BBBA59 
 4106      68614586 
 4107 0017 035A916F 		.ascii	"\003Z\221o\221\204DH\305\006a\021\213n\253nek;\212\017"
 4107      91844448 
 4107      C5066111 
 4107      8B6EAB6E 
 4107      656B3B8A 
 4108 002c 118EFFB4 		.ascii	"\021\216\377\264=\324V\204\366`\331[\020\364`\017fe"
 4108      3DD45684 
 4108      F660D95B 
 4108      10F4600F 
 4108      6665
 4109 003e 52D90F68 		.ascii	"R\331\017h\330R\321\017Q\010\231\032\364 \375\201\231"
 4109      D852D10F 
 4109      5108991A 
 4109      F420FD81 
 4109      99
 4110 004f 9D99D155 		.ascii	"\235\231\321U\323a\356\234{\356=\347;\337\371\356\235"
 4110      D361EE9C 
 4110      7BEE3DE7 
 4110      3BDFF9EE 
 4110      9D
 4111 0060 7B0C7015 		.ascii	"{\014p\025\000\316\311@\017\340\371X\224\3004\315m."
 4111      00CEC940 
 4111      0FE0F958 
 4111      94C034CD 
 4111      6D2E
 4112 0072 A286D819 		.ascii	"\242\206\330\031\302;8\320\326\251)\215\261\224\316"
 4112      C23B38D0 
 4112      D6A9298D 
 4112      B194CE
 4113 0081 E1FE3C85 		.ascii	"\341\376<\205\361b\"B\241&'B\274L\2459\226b[\025/%\""
 4113      F1622242 
ARM GAS  /tmp/ccCPrn0v.s 			page 118


 4113      A1262742 
 4113      BC4CA539 
 4113      96625B15 
 4114 0098 346A7122 		.ascii	"4jq\".w\016oPZ\317\015\341p\177[\232\342\302\326\363"
 4114      2E770E6F 
 4114      505ACF0D 
 4114      E1707F5B 
 4114      9AE2C2D6 
 4115 00ad D7B29C10 		.ascii	"\327\262\234\0207\326\305\242\036\007d\233\013\241\226"
 4115      37D6C5A2 
 4115      1E07649B 
 4115      0BA196
 4116 00bc 58513559 		.ascii	"XQ5Y\256\305\016\326e\361w\337\327\301\013Yuf\323\312"
 4116      AEC50ED6 
 4116      65F177DF 
 4116      D7C10B59 
 4116      7566D3CA 
 4117 00d0 31805AB0 		.ascii	"1\200Z\260\037\025\2654\224J\332\012\314T\321\335\210"
 4117      1F15B534 
 4117      944ADA0A 
 4117      CC54D1DD 
 4117      88
 4118 00e1 B0B1D734 		.ascii	"\260\261\3274\007\277u\231\246\007Nuc\355m\354B\000"
 4118      07BF7599 
 4118      A6074E75 
 4118      63ED6DEC 
 4118      4200
 4119 00f3 C2D3F828 		.ascii	"\302\323\370(\003 \331I\224\025$\272\031W{\315?SgM\363"
 4119      0320D949 
 4119      941524BA 
 4119      19577BCD 
 4119      3F53674D 
 4120 0108 F3177CBA 		.ascii	"\363\027|\272~\025\0021\001)\014\244*2T\3615\031. \315"
 4120      7E150231 
 4120      01290CA4 
 4120      2A3254F1 
 4120      35192E20 
 4121 011d 2DD62336 		.ascii	"-\326#6IF\262\014/\220+\025\261[\220\332\331\342o*h"
 4121      4946B20C 
 4121      2F902B15 
 4121      B15B90DA 
 4121      D9E26F2A 
 4122 0132 F6025C61 		.ascii	"\366\002\\ar\234:q~\2219t?\2160I\015\231\020E\012W\010"
 4122      729C3A71 
 4122      7E913974 
 4122      3F8E3049 
 4122      0D991045 
 4123 0149 93247B79 		.ascii	"\223${y0\3252\353\234\317\004=\350\3610J\027\247P:\272"
 4123      30D532EB 
 4123      9CCF043D 
 4123      E8F1304A 
 4123      17A7503A 
 4124 015e 6129E00E 		.ascii	"a)\340\016\035\350A\330\322!\263\262\373\030\024\322"
 4124      1DE841D8 
 4124      D221B3B2 
 4124      FB1814D2 
 4125 016e 13D4106F 		.ascii	"\023\324\020oA&F\255\014-\267\376\257\270,\224'\251"
ARM GAS  /tmp/ccCPrn0v.s 			page 119


 4125      412646AD 
 4125      0C2DB7FE 
 4125      AFB82C94 
 4125      27A9
 4126 0180 29939528 		.ascii	")\223\225(j\201b\000fM\304\243e\360\223\032\307\362"
 4126      6A816200 
 4126      664DC4A3 
 4126      65F0931A 
 4126      C7F2
 4127 0192 59C10768 		.ascii	"Y\301\007h+u\205y\244\277-\327\"\306v\325Ij\264Y\035"
 4127      2B758579 
 4127      A4BF2DD7 
 4127      22C676D5 
 4127      496AB459 
 4128 01a7 3A68CB58 		.ascii	":h\313Xd\225\026\214\242\2236\005e\377c\354C\331o\026"
 4128      6495168C 
 4128      A2933605 
 4128      65FF63EC 
 4128      43D96F16 
 4129 01bb 06454FF0 		.ascii	"\006EO\360.\322\012\033EI\364\247\316t0\364:\325\356"
 4129      2ED20A1B 
 4129      4549F4A7 
 4129      CE7430F4 
 4129      3AD5EE
 4130 01ce 6194595D 		.ascii	"a\224Y]\204\376\263\031\372\355\315\003\242(\253\302"
 4130      84FEB319 
 4130      FAEDCD03 
 4130      A228ABC2 
 4131 01de 7F4A9EA5 		.ascii	"\177J\236\245V\322x\024\247SFxNN\277\225#\352[\350o"
 4131      56D27814 
 4131      A7534678 
 4131      4E4EBF95 
 4131      23EA5BE8 
 4132 01f3 4542E9B6 		.ascii	"EB\351\266\347\372rv\315\207\007\3439\372l\354\372\236"
 4132      E7FA7276 
 4132      CD8707E3 
 4132      39FA6CEC 
 4132      FA9E
 4133 0205 D17476CF 		.ascii	"\321tv\317\337\265f{\007q\267S\374Vs\237\034!\273\330"
 4133      DFB5667B 
 4133      0771B753 
 4133      FC56739F 
 4133      1C21BBD8 
 4134 0219 6D85CF96 		.ascii	"m\205\317\226M@\305-(9d\253\344\373\351\222\243\031"
 4134      4D40C52D 
 4134      283964AB 
 4134      E4FBE992 
 4134      A319
 4135 022b 9CB410D4 		.ascii	"\234\264\020\324x\211\205\002*\002\177|\270Z0\223\246"
 4135      78898502 
 4135      2A027F7C 
 4135      B85A3093 
 4135      A6
 4136 023c 0556EB64 		.ascii	"\005V\353d\227\022G\377!N\016\3575\234\274\010\310k"
 4136      971247FF 
 4136      214E0EEF 
 4136      359CBC08 
ARM GAS  /tmp/ccCPrn0v.s 			page 120


 4136      C86B
 4137 024e DCE5501F 		.ascii	"\334\345P\037\217\276\242\031\015\274s\002\336\330\204"
 4137      8FBEA219 
 4137      0DBC7302 
 4137      DED884
 4138 025d 926D686D 		.ascii	"\222mhm\376\255\372\341\360\373>\222\362\237xv\342;"
 4138      FEADFAE1 
 4138      F0FB3E92 
 4138      F29F7876 
 4138      E23B
 4139 026f DC09A019 		.ascii	"\334\011\240\031\350\304N\314\364\262\204\275\013i\024"
 4139      E8C44ECC 
 4139      F4B284BD 
 4139      0B6914
 4140 027e 7CC01D4E 		.ascii	"|\300\035N/c\322\213W+pn\213\224t\275h\353\034\236\355"
 4140      2F63D28B 
 4140      572B706E 
 4140      8B9474BD 
 4140      68EB1C9E 
 4141 0293 66324ECE 		.ascii	"f2N\316\225a/p*\255\265c\334\263\264\246\250\376S\314"
 4141      95612F70 
 4141      2AADB563 
 4141      DCB3B4A6 
 4141      A8FE53CC 
 4142 02a7 67E7B633 		.ascii	"g\347\2663\316\376\021\000>\275<\\\021\324#\341\022"
 4142      CEFE1100 
 4142      3EBD3C5C 
 4142      11D423E1 
 4142      12
 4143 02b8 7D4F247C 		.ascii	"}O$|$\030\2502\364\374\362PI\310WU}8\024\236;\367\347"
 4143      2418A832 
 4143      F4FCF250 
 4143      49C85755 
 4143      7D38149E 
 4144 02cf E4EA35E1 		.ascii	"\344\3525\341\310Q\243\2628\020\364WE\252\217\037\325"
 4144      C851A3B2 
 4144      3810F457 
 4144      45AA8F1F 
 4144      D5
 4145 02e0 7DFB0A73 		.ascii	"}\373\012ss\374\005{vn\367\227\206\"\0255\305\221\240"
 4145      73FC057B 
 4145      766EF797 
 4145      86221535 
 4145      C591A0
 4146 02f3 0E1BB3B3 		.ascii	"\016\033\263\263uy\003Vj\330\230\216\014\033zy\3611"
 4146      75790356 
 4146      6AD8988E 
 4146      0C1B7A79 
 4146      F131
 4147 0305 DD88042C 		.ascii	"\335\210\004,\353/\251.-\015F\214\354\000(\241\222\023"
 4147      EB2FA92E 
 4147      2D0D468C 
 4147      EC0028A1 
 4147      9213
 4148 0317 95E9F3D6 		.ascii	"\225\351\363\326\262\363\202\245[\017o\312\335\014\377"
 4148      B2F382A5 
 4148      5B0F6FCA 
ARM GAS  /tmp/ccCPrn0v.s 			page 121


 4148      DD0CFF
 4149 0326 006D9B78 		.ascii	"\000m\233x\200"
 4149      80
 4150              		.text
 4151              		.section	.gnu.lto_ibqGetTimeout.393.6de3afccbe28b4ce,"e",%progbits
 4152 0000 789C7D54 		.ascii	"x\234}Tml\024U\024\275\367\275\331\217\262uK E\2024"
 4152      6D6C1455 
 4152      14BDF7BD 
 4152      D98FB275 
 4152      4B204582 
 4153 0015 69480C09 		.ascii	"iH\014\011\322\016R\020\375a\2026j\210i\254\254\321"
 4153      D20E5210 
 4153      FD618236 
 4153      6A8869AC 
 4153      ACD1
 4154 0027 18639A76 		.ascii	"\030c\232v\273\245k\331N\231\331\265\"!\035\332\322"
 4154      BBA56BD9 
 4154      4E99D9B5 
 4154      22211DDA 
 4154      D2
 4155 0038 B5AD0417 		.ascii	"\265\255\004\027\223\012\245\037\224\250\261Q\224\004"
 4155      930AA51F 
 4155      94A8B151 
 4155      9404
 4156 0046 AA953665 		.ascii	"\252\2256e\241 _\362\331H\240\200%\200 \242M\013R\012"
 4156      A1205FF2 
 4156      D948A080 
 4156      258020A2 
 4156      4D0B520A 
 4157 005a 94AEF7CD 		.ascii	"\224\256\367\315\016\343\222\000\233\2357o\356;\357"
 4157      0EE39200 
 4157      9B9D376F 
 4157      EE3BEF
 4158 0069 BC73CEDC 		.ascii	"\274s\316\334\335\3516\200\257\021\340S\000\300$\300"
 4158      DDE93680 
 4158      AF11E053 
 4158      00C024C0 
 4159 0079 75913A06 		.ascii	"u\221:\006\272\256/t0V\025\251g\270\023/\017~\356\222"
 4159      BAAE2F74 
 4159      305615A9 
 4159      67B8132F 
 4159      0F7EEE92 
 4160 008d 5647DC8D 		.ascii	"VG\334\215\221\277\347I\234UG\\\227\302w\222E\245it"
 4160      91BFE749 
 4160      9C55475C 
 4160      97C27792 
 4160      45A56974 
 4161 00a1 759624E1 		.ascii	"u\226$\341\372u\233\207c\007\034\306.\033\253\211\270"
 4161      FA759B87 
 4161      63071CC6 
 4161      2E1BAB89 
 4161      B8
 4162 00b2 EABE5F9B 		.ascii	"\352\276_\233*\205#\356\221\343C\263$;~aq:\014l\313"
 4162      2A8523EE 
 4162      91E343B3 
 4162      243B7E61 
 4162      713A0C6C 
ARM GAS  /tmp/ccCPrn0v.s 			page 122


 4163 00c7 A15789D6 		.ascii	"\241W\211\326(8q\225\265\210P\301\270d\263S\261\002"
 4163      28387195 
 4163      B58850C1 
 4163      B864B353 
 4163      B102
 4164 00d9 DBB80DED 		.ascii	"\333\270\015\355\223Q\2421\025\323e\002\214\356\275"
 4164      9351A231 
 4164      15D36502 
 4164      8CEEBD
 4165 00e8 76AC39AD 		.ascii	"v\2549\255\351\233\250T\001+;\361'\022\015`Cg5BFT\327"
 4165      E99BA854 
 4165      012B3BF1 
 4165      27120D60 
 4165      43673542 
 4166 00ff 8F9DEDD4 		.ascii	"\217\235\355\324\365$X\261\003\315E\306j1\222F\2006"
 4166      F52458B1 
 4166      03CD45C6 
 4166      6A319246 
 4166      8036
 4167 0111 13F04955 		.ascii	"\023\360IUX\237(-\357\266\000\274\026[\322\014\216v"
 4167      589F282D 
 4167      EFB600BC 
 4167      165BD20C 
 4167      8E76
 4168 0123 A4F1193A 		.ascii	"\244\361\031:dh\260\275\306\375\331*gE\017Zg\324\342"
 4168      6468B0BD 
 4168      C6FDD92A 
 4168      67450F5A 
 4168      67D4E2
 4169 0136 B7692ED8 		.ascii	"\267i.\330\211\260\022\200T\271\000\312w\011\274K\210"
 4169      89B01280 
 4169      54B900CA 
 4169      7709BC4B 
 4169      88
 4170 0147 3A321FA2 		.ascii	":2\037\242X\016T\334\215V\2653\026\274_\335cV\001B\277"
 4170      580E54DC 
 4170      8D56B533 
 4170      16BC5FDD 
 4170      63560142 
 4171 015c 98136D9F 		.ascii	"\230\023m\237\205\033\233G\270e\346S\323\271\275\261"
 4171      851B9B47 
 4171      B865E653 
 4171      D3B9BDB1 
 4172 016c A9B01FB5 		.ascii	"\251\260\037\2658\354\000Z\270\246\356}g\355p\020\025"
 4172      38EC005A 
 4172      B8A6EE7D 
 4172      67ED7010 
 4172      15
 4173 017d A135CC68 		.ascii	"\2415\314h\024\206F{\326\2359:\255I\217J\201_1d\250"
 4173      1486467B 
 4173      D69D393A 
 4173      AD498F4A 
 4173      815F3164 
 4174 0192 3D8C2CA9 		.ascii	"=\214,\251\026\333f\220\031\001\350o\210u\314\356\255"
 4174      16DB6690 
 4174      1901E86F 
 4174      8875CCEE 
ARM GAS  /tmp/ccCPrn0v.s 			page 123


 4174      AD
 4175 01a3 D2F7EB02 		.ascii	"\322\367\353\002\262\322\204\030\261\031\342\367m\264"
 4175      B2D28418 
 4175      B119E2F7 
 4175      6DB4
 4176 01b1 1F413884 		.ascii	"\037A8\204!\241\364(\222@ZD\354\301\037N\330\242\372"
 4176      21A1F428 
 4176      92405A44 
 4176      ECC11F4E 
 4176      D8A2FA
 4177 01c4 586CAD1E 		.ascii	"Xl\255\036\275\222\332\326up\303\330\225\011S\020\330"
 4177      BD92DAD6 
 4177      7570C3D8 
 4177      95095310 
 4177      D8
 4178 01d5 04461707 		.ascii	"\004F\027\007\346\222\350n\243\313\016\014\\\210;0\031"
 4178      E692E86E 
 4178      A3CB0E0C 
 4178      5C883B30 
 4178      19
 4179 01e6 B11BDD40 		.ascii	"\261\033\335@[S\304\000\320\302!F\037\216z\024\240\225"
 4179      5B53C400 
 4179      D0C22146 
 4179      1F8E7A14 
 4179      A095
 4180 01f8 B3F84315 		.ascii	"\263\370C\025=\334b\372\205s}I\324\001\306th\262\270"
 4180      3DDC62FA 
 4180      85737D49 
 4180      D401C674 
 4180      68B2B8
 4181 020b DDB8D970 		.ascii	"\335\270\331p\347\342\371I\302\262(\306.N5\252\303\315"
 4181      E7E2F949 
 4181      C2B228C6 
 4181      2E4E35AA 
 4181      C3CD
 4182 021d BF373620 		.ascii	"\27776 \356\217Wo\364'\341\001cz\243c\313\370\265S\223"
 4182      EE8F576F 
 4182      F427E101 
 4182      637AA363 
 4182      CBF8B553 
 4183 0232 F1607CA1 		.ascii	"\361`|\241uP\300+71\300\303h\017\340\034\003s\357\313"
 4183      7550C02B 
 4183      3731C0C3 
 4183      680FE01C 
 4183      0373EFCB 
 4184 0246 1F079A11 		.ascii	"\037\007\232\021\217\3041]\003Ix\024a\214U\316\0206"
 4184      8FC4315D 
 4184      03497814 
 4184      618C55CE 
 4184      1036
 4185 0258 EBE94DCE 		.ascii	"\353\351M\316l\3425\316%6j{\200\023\010t\353\303\343"
 4185      6CE235CE 
 4185      25366A7B 
 4185      80130874 
 4185      EBC3E3
 4186 026b 22F399AD 		.ascii	"\"\363\231\255\264\340\023\345\337P\010\256\034\332"
 4186      B4E013E5 
ARM GAS  /tmp/ccCPrn0v.s 			page 124


 4186      DF5008AE 
 4186      1CDA
 4187 0279 BEA565D0 		.ascii	"\276\245e\320)\330\015\375\327\207\233\377\355\377\012"
 4187      29D80DFD 
 4187      D7879BFF 
 4187      EDFF0A
 4188 0288 4D31176E 		.ascii	"M1\027n\365#\334cU\351P\207\314\233OE6\321@u\256\031"
 4188      F523DC63 
 4188      55E95087 
 4188      CC9B4F45 
 4188      36D14075 
 4189 029e F1089B77 		.ascii	"\361\010\233wYe\317\325'8R/\257\020\364\337\211\336"
 4189      5965CFD5 
 4189      2738522F 
 4189      AF10F4DF 
 4189      89DE
 4190 02b0 77BE5F7C 		.ascii	"w\276_|\012\34191+9\215\357\321Y#\254\372j\3574\216"
 4190      0AE13931 
 4190      2B398DEF 
 4190      D15923AC 
 4190      FA6AEF34 
 4191 02c5 F612A3ED 		.ascii	"\366\022\243\355Dl|\353H\313i\260b\273\335\307\350\240"
 4191      446C7CEB 
 4191      48CB69B0 
 4191      62BBDDC7 
 4191      E8A0
 4192 02d7 D59B1670 		.ascii	"\325\233\026p7\035\365\356;\324\217.\236\314R\205\304"
 4192      371DF5EE 
 4192      3BD48F2E 
 4192      9ECC5285 
 4192      C4
 4193 02e8 748A9DBB 		.ascii	"t\212\235\273\015\330]\202\021\331_\275\005\334m\257"
 4193      0DD85D82 
 4193      11D95FBD 
 4193      05DC6DAF 
 4194 02f8 B0C8A458 		.ascii	"\260\310\244X,<\311\342\272\327\307\315\340\267^\246"
 4194      2C3CC9E2 
 4194      BAD7C7CD 
 4194      E0B75EA6 
 4195 0308 E07BE356 		.ascii	"\340{\343V:.\257G\334\223`\307\263\307\262\363\363\232"
 4195      3A2EAF47 
 4195      DC9360C7 
 4195      B3C7B2F3 
 4195      F39A
 4196 031a F13E97F0 		.ascii	"\361>\227\360#\310l\324>\377\374\377B7\2344mN\341\354"
 4196      23C86CD4 
 4196      3EFFFCFF 
 4196      42379C34 
 4196      6D4EE1EC 
 4197 032e 2106070C 		.ascii	"!\006\007\014\203\004h\254\337\3138\217\257\277\371"
 4197      830468AC 
 4197      DFCB388F 
 4197      AFBFF9
 4198 033d F119348A 		.ascii	"\361\0314\212\343\341\027y\012\347\226\213\024\203r"
 4198      E3E11779 
 4198      0AE7968B 
 4198      148372
ARM GAS  /tmp/ccCPrn0v.s 			page 125


 4199 034c A34159B5 		.ascii	"\243AY\265\275\346\017\344\364\267\203\317\012\350\365"
 4199      BDE60FE4 
 4199      F4B783CF 
 4199      0AE8F5
 4200 035b 3A34E9FF 		.ascii	":4\351\377\344\011\374\027\004?\227\214}\333L)\355\323"
 4200      E409FC17 
 4200      043F978C 
 4200      7DDB4C29 
 4200      EDD3
 4201 036d B9ED2152 		.ascii	"\271\355!R.\341\033\361\254\007(k\211\333\314p\354\347"
 4201      2EE11BF1 
 4201      AC07286B 
 4201      89DBCC70 
 4201      ECE7
 4202 037f 6FC636A3 		.ascii	"o\3066\243\345\247\343\244H\272\332\310 \347u\2213{"
 4202      E5A7E3A4 
 4202      48BADAC8 
 4202      20E77591 
 4202      337B
 4203 0391 CAC0391E 		.ascii	"\312\3009\036\364\335u\022\023S\334\225\220\342\356"
 4203      F4DD7512 
 4203      1353DC95 
 4203      90E2EE
 4204 03a0 C4147727 		.ascii	"\304\024w'4E\367\333\367Ct\222\"]2\310b\254r!p;\225"
 4204      3445F7DB 
 4204      F7437492 
 4204      225D32C8 
 4204      62AC7221 
 4205 03b7 C3DCCEDD 		.ascii	"\303\334\316\335\322x\353m'\301x\212cp\233\237~M\030"
 4205      D278EB6D 
 4205      27C1788A 
 4205      63709B9F 
 4205      7E4D18
 4206 03ca 87564685 		.ascii	"\207VF\205\\\217\\\254\004|\262\252\024\310\271\252"
 4206      5C8F5CAC 
 4206      047CB2AA 
 4206      14C8B9AA 
 4207 03da F281CF1B 		.ascii	"\362\201\317\033\324\344\354b\177\201\337\023\014\025"
 4207      D4E4EC62 
 4207      7F81DF13 
 4207      0C15
 4208 03e8 FA95C479 		.ascii	"\372\225\304y\336\334,\271\\QK\264\262|\257//\250\206"
 4208      DEDC2CB9 
 4208      5C514BB4 
 4208      B27CAF2F 
 4208      2FA886
 4209 03fb 4A4B64CF 		.ascii	"JKd\317[9Ys\363^\313]\364r^\221_\015\224\347\253>\031"
 4209      5B395973 
 4209      F35ECB5D 
 4209      F4725E91 
 4209      5F0D94E7 
 4210 0412 32323365 		.ascii	"223e\372z\305VE3\221\212&\027\347/\2255\325+\356y\005"
 4210      FA7AC556 
 4210      4533918A 
 4210      2617E72F 
 4210      9535D52B 
 4211 0429 A1A2229F 		.ascii	"\241\242\"\237\252ezA\362\027,+{\362\201Z\346\013\276"
ARM GAS  /tmp/ccCPrn0v.s 			page 126


 4211      AA657A41 
 4211      F2172C2B 
 4211      7BF2815A 
 4211      E60BBE
 4212 043c A2E70BE7 		.ascii	"\242\347\013\347e\315\007G\320\037\360)\241 \017hK2"
 4212      65CD0747 
 4212      D01FF029 
 4212      A1200F68 
 4212      4B32
 4213 044e 1F43AB68 		.ascii	"\037C\253h4\250\301\214R\177|\236Y\014\263\036\001W"
 4213      34A8C18C 
 4213      527F7C9E 
 4213      590CB31E 
 4213      0157
 4214 0460 83B2BFD4 		.ascii	"\203\262\277\324\2734T\350\2435m\271FPGA\276\346\313"
 4214      BB3454E8 
 4214      A3356DB9 
 4214      46504741 
 4214      BEE6CB
 4215 0473 55FDAF3C 		.ascii	"U\375\257<b\213W\011\004\224R\331\367QP~iq\216\234\235"
 4215      628B5709 
 4215      049452D9 
 4215      F751507E 
 4215      69718E9C 
 4216 0488 E359E491 		.ascii	"\343Y\344\221\263\025\362\272\350>S@\363kyK\274^b\233"
 4216      B315F2BA 
 4216      E83E5340 
 4216      F36B794B 
 4216      BC5E629B 
 4217 049c FF789632 		.ascii	"\377x\2262E\245\214\211\347\303\005\0319\204\362\022"
 4217      45A58C89 
 4217      E7C30519 
 4217      3984F212 
 4218 04ac 0FED9A98 		.ascii	"\017\355\232\230\343Y\234.t\224\251\376\331\351O\317"
 4218      E3599C2E 
 4218      7494A9FE 
 4218      D9E94FCF 
 4219 04bc 01A68223 		.ascii	"\001\246\202#\340\013(\352r\370\017\240\325rN"
 4219      E00B28EA 
 4219      72F80FA0 
 4219      D5724E
 4220              		.text
 4221              		.section	.gnu.lto_ibqReadTimeout.394.6de3afccbe28b4ce,"e",%progbits
 4222 0000 789C8D55 		.ascii	"x\234\215U}PT\327\025\277\347\336\267\337\260\213|H"
 4222      7D5054D7 
 4222      15BFE7DE 
 4222      B7DFB08B 
 4222      7C48
 4223 0012 26859985 		.ascii	"&\205\231\205\2521\004w31\244\315\264\177$e2\255\223"
 4223      AA310477 
 4223      3331A4CD 
 4223      B47F2465 
 4223      32AD93
 4224 0025 61EA849A 		.ascii	"a\352\204\232Lg\232ad]uc\226\305]\250\245\031g_\200"
 4224      4C679A61 
 4224      645D7563 
 4224      96C55DA8 
ARM GAS  /tmp/ccCPrn0v.s 			page 127


 4224      A519675F 
 4225 003a 2C03D428 		.ascii	",\003\324(\030\343G\004%\251I\034\023c4F\214D\251\004"
 4225      18E34704 
 4225      25A9491C 
 4225      13633446 
 4225      8C44A904 
 4226 004e 35A28182 		.ascii	"5\242\201\202dq\225\017\227\206\321\230\0224\006i\011"
 4226      6471950F 
 4226      9786D198 
 4226      12340669 
 4226      09
 4227 005f D273EFDB 		.ascii	"\322s\357\333/\"f\312\360\336;\367\236\337=\347\374"
 4227      2F2266CA 
 4227      F0DE3BF7 
 4227      9EDF3DE7 
 4227      FC
 4228 0070 CE39F7AC 		.ascii	"\3169\367\254\311@\310A $\007\037\230C\240\276\256\206"
 4228      C940C841 
 4228      2024071F 
 4228      9843A0BE 
 4228      AE86
 4229 0082 1259969F 		.ascii	"\022Y\226\237\320PZQWK\241\015\316o?\244\226*\353\214"
 4229      D0505A51 
 4229      574BA10D 
 4229      CE6F3FA4 
 4229      962AEB8C 
 4230 0096 8746CE3D 		.ascii	"\207F\316=.1x-\202\220`K\335\331\212\376\326m?\2073"
 4230      2E31782D 
 4230      8290604B 
 4230      DDD98AFE 
 4230      D66D3F87 
 4231 00ab 207654D4 		.ascii	" vT\324\307\317\364\300\310\350f\203\264mS0\003\256"
 4231      C7CFF4C0 
 4231      C8E86683 
 4231      B46D5330 
 4231      03AE
 4232 00bd C08EBA6F 		.ascii	"\300\216\272o\036\225\324\264\252\316\340?}\222\361"
 4232      1E95D4B4 
 4232      AACEE03F 
 4232      7D92F1
 4233 00cc 5DD8DBFC 		.ascii	"]\330\333\374\351\257%\015\274[\377\346\177.\373&k\365"
 4233      E9AF250D 
 4233      BC5BFFE6 
 4233      7F2EFB26 
 4233      6BF5
 4234 00de E2B0966E 		.ascii	"\342\260\226n\337t0\003\017\343\312,\355@\230\020t\360"
 4234      DF743003 
 4234      0FE3CA2C 
 4234      ED409810 
 4234      74F0
 4235 00f0 46FD9B8A 		.ascii	"F\375\233\212y=\0273\024\347\006\272SA\327\354\337\230"
 4235      793D1733 
 4235      14E706BA 
 4235      5341D7EC 
 4235      DF98
 4236 0102 2235207A 		.ascii	"\"5 z\374\237cYR\0344D \361\264Q\201\010\277\273\302"
 4236      FC9F6359 
ARM GAS  /tmp/ccCPrn0v.s 			page 128


 4236      521C3444 
 4236      20F1B451 
 4236      8108BFBB 
 4237 0117 7E8DDCEF 		.ascii	"~\215\334\357\215O\317k\004\310\004[><[\205$\336\222"
 4237      8D4FCF6B 
 4237      04C8045B 
 4237      3E3C5B85 
 4237      24DE92
 4238 012a A0577193 		.ascii	"\240Wq\223\000/G8\002\361R&\251\324\032\255No\210\213"
 4238      002F4738 
 4238      02F15226 
 4238      A9D41AAD 
 4238      4E6F888B 
 4239 013e 379A12C0 		.ascii	"7\232\022\300KU$\372\327\304T\240N\002\011\337)`\266"
 4239      4B5524FA 
 4239      D7C454A0 
 4239      4E0209DF 
 4239      2960B6
 4240 0151 B6CAF244 		.ascii	"\266\312\362D\373\365\241\243\031\377\250x\345w^\262"
 4240      FBF5A1A3 
 4240      19FFA878 
 4240      E5775EB2 
 4241 0161 BE198E00 		.ascii	"\276\031\216\000\207\251@[\011d\021\252\273\006\232"
 4241      87A9405B 
 4241      096411AA 
 4241      BB069A
 4242 0170 6559475E 		.ascii	"eYG^\372\004BJJ\253\241*\015\001M!\300\224\000\224\265"
 4242      FA04424A 
 4242      4AABA12A 
 4242      0D014D21 
 4242      C0940094 
 4243 0185 4400AC1A 		.ascii	"D\000\254\032^\343\200\277+\200\261\316\216\215\306"
 4243      5EE380BF 
 4243      2B80B1CE 
 4243      8E8DC6
 4244 0194 4DE03D1E 		.ascii	"M\340=\036\001\220j\330\315\001o\207,\014\012\013\353"
 4244      01906AD8 
 4244      CD016F87 
 4244      2C0C0A0B 
 4244      EB
 4245 01a5 5A2300A9 		.ascii	"Z#\000\251\032\366\245\211(\366\003\276\037\342V\372"
 4245      1AF6A589 
 4245      28F603BE 
 4245      1FE256FA 
 4246 01b5 3A7CC64D 		.ascii	":|\306M/k\275'!\022e54\247\031H\033\220\365\204 #\354"
 4246      2F6BBD27 
 4246      21126535 
 4246      34A71948 
 4246      1B90F584 
 4247 01cc 8DD2768E 		.ascii	"\215\322v\216G\301s*$\254=-\004\314N\363h\016\371\014"
 4247      47C1732A 
 4247      24AC3D2D 
 4247      04CC4EF3 
 4247      680EF90C 
 4248 01e0 D62ADB67 		.ascii	"\326*\333g \262\277\363j\373\364}\344s\360(\232\263"
 4248      20B2BFF3 
 4248      6AFBF47D 
ARM GAS  /tmp/ccCPrn0v.s 			page 129


 4248      E473F028 
 4248      9AB3
 4249 01f2 702AA239 		.ascii	"p*\2429q\372\262\232t\200\213G\202)V\001\017w\342B\375"
 4249      71FAB29A 
 4249      74808B47 
 4249      82295601 
 4249      0F77E242 
 4250 0207 A5CEFB77 		.ascii	"\245\316\373w\312\255\222\363<\224\212X\276\000\252"
 4250      CAAD92F3 
 4250      3C948A58 
 4250      BE00AA
 4251 0216 AB86A64C 		.ascii	"\253\206\246L%\324\211\261\327\247\017g\267U\310gd\016"
 4251      25D489B1 
 4251      D7A70F67 
 4251      B755C867 
 4251      640E
 4252 0228 591F8288 		.ascii	"Y\037\202\210\264r\263\023\247\337Pw\0029\007\245\004"
 4252      B472B313 
 4252      A7DF5077 
 4252      023907A5 
 4252      04
 4253 0239 FD758188 		.ascii	"\375u\201\210Y\373*\0131\235\270\354\033\254\325\240"
 4253      59FB2A0B 
 4253      319DB8EC 
 4253      1BACD5A0 
 4254 0249 FD4AB3B7 		.ascii	"\375J\263\267;\226\354\2714\036`\017 \013\\u\244\205"
 4254      3B96ECB9 
 4254      341E600F 
 4254      200B5C75 
 4254      A485
 4255 025b AC0D3E4B 		.ascii	"\254\015>K.\204i\365Fi\265 \255mj\362e\230\227\377\307"
 4255      2E8469F5 
 4255      4669B520 
 4255      AD6D6AF2 
 4255      659897FF 
 4256 0270 BCFA04AF 		.ascii	"\274\372\004\257\3777\340\000\220\213J\300\227 \234"
 4256      FF37E000 
 4256      908B4AC0 
 4256      97209C
 4257 027f E435FD11 		.ascii	"\3445\375\021g\373\333\372y\030k8`\000\304\276v\263"
 4257      67FBDBFA 
 4257      79186B38 
 4257      6000C4BE 
 4257      76B3
 4258 0291 6084DAB1 		.ascii	"`\204\332\261\353\373\252x\355\034C\261t\372\004\235"
 4258      EBFBAA78 
 4258      ED1C43B1 
 4258      74FA049D 
 4259 02a1 2B80C770 		.ascii	"+\200\307p\345\017\321i\236\332\302HP14\314\015!Z\202"
 4259      E50FD169 
 4259      9EDAC248 
 4259      503134CC 
 4259      0D215A82 
 4260 02b5 9340E3A0 		.ascii	"\223@\343\240\033`\010>\350V\265\312?Lo\224\345\351"
 4260      1B60083E 
 4260      E856B5CA 
 4260      3F4C6F94 
ARM GAS  /tmp/ccCPrn0v.s 			page 130


 4260      E5E9
 4261 02c7 3F4DB41C 		.ascii	"?M\264\0344<\006\204\306SB\215\014\037\011\233O\205"
 4261      343C0684 
 4261      C653428D 
 4261      0C1F099B 
 4261      4F85
 4262 02d9 8F9A5093 		.ascii	"\217\232P\223\006\277Z\374\352\360\321\343c\300u\034"
 4262      06BF5AFC 
 4262      EAF0D1E3 
 4262      63C0751C 
 4263 02e9 3EF104AD 		.ascii	">\361\004\255\031Q0\341\223\200\317\034|\022\011\264"
 4263      195130E1 
 4263      9380CF1C 
 4263      7C1209B4 
 4264 02f9 40127F25 		.ascii	"@\022\177%su\012\177\315\305FM\0078\016f\300\375\014"
 4264      73750A7F 
 4264      CDC5464D 
 4264      07380E66 
 4264      C0FD0C
 4265 030c 804F2013 		.ascii	"\200O \023\240\025\346\021\014c>\301p\026p\330B~*\213"
 4265      A015E611 
 4265      0C633EC1 
 4265      701670D8 
 4265      427E2A8B 
 4266 0320 4BD95CB2 		.ascii	"K\331\\\262p\211\220FFF\267\216\230An%d\027\243B\256"
 4266      70899046 
 4266      4646B78E 
 4266      98416E25 
 4266      6417A342 
 4267 0335 40F93695 		.ascii	"@\3716\225o\036\335p\300\257\303I\205\213\362\3359\010"
 4267      6F1EDD70 
 4267      C0AFC349 
 4267      858BF2DD 
 4267      3908
 4268 0347 577B4168 		.ascii	"W{Ah\202\207\375|S\316T^\223\264\242\273\012\030\260"
 4268      8287FD7C 
 4268      53CE545E 
 4268      93B4A2BB 
 4268      0A18B0
 4269 035a 74F817E0 		.ascii	"t\370\027\340\252\374\016\256(\0032E_13V\003\352\202"
 4269      AAFC0EAE 
 4269      28033245 
 4269      5F313356 
 4269      03EA82
 4270 036d E7096154 		.ascii	"\347\011aT\215\327\236&\222qZ\371u.c0\"\362\213^\331"
 4270      8DD79E26 
 4270      92715AF9 
 4270      752E6330 
 4270      22F28B5E 
 4271 0382 5757DF62 		.ascii	"WW\337b\334+\023\346\246h\245\231\324\000\375\343s\274"
 4271      DC2B13E6 
 4271      A668A599 
 4271      D400FDE3 
 4271      73BC
 4272 0394 AEEA65BC 		.ascii	"\256\352e\274Fhc\331*\374\276\007R\376\327p\015P\357"
 4272      466863D9 
 4272      2AFCBE07 
ARM GAS  /tmp/ccCPrn0v.s 			page 131


 4272      52FED770 
 4272      0D50EF
 4273 03a7 9365EDB2 		.ascii	"\223e\355\262\353\360\031\320TaE\012\307\256\012G\026"
 4273      EBF019D0 
 4273      5461450A 
 4273      C7AE0A47 
 4273      16
 4274 03b8 6C4EE59F 		.ascii	"lN\345\237\357\232\266\376wx(\221w\034\337\234\036\336"
 4274      EF9AB6FE 
 4274      77782891 
 4274      771CDF9C 
 4274      1EDE
 4275 03ca 06385885 		.ascii	"\0068X\205f\252a`\307\353\000\237+\232\357\002:8\253"
 4275      66AA6160 
 4275      C7EB009F 
 4275      2B9AEF02 
 4275      3A38AB
 4276 03dd 28AEBC7F 		.ascii	"(\256\274\177\347z_\022t(\212]\243\367\211\034P\002"
 4276      E77A5F12 
 4276      74288A5D 
 4276      A3F7891C 
 4276      5002
 4277 03ef 5F80DA09 		.ascii	"_\200\332\011\017\013\314\336=\037\0176\000t*\230c\203"
 4277      0F0BCCDE 
 4277      3D1F0F36 
 4277      00742A98 
 4277      6383
 4278 0401 3AE802F2 		.ascii	":\350\002\362\003-\317\344\275\260\025\347\327\003\357"
 4278      032DCFE4 
 4278      BDB015E7 
 4278      D703EF
 4279 0410 329FF6F7 		.ascii	"2\237\366\367*\320a|\243@\360\363-\374\233\263y`\037"
 4279      2AD0617C 
 4279      A340F0F3 
 4279      2DFC9BB3 
 4279      79601F
 4280 0423 2AF2F8F6 		.ascii	"*\362\370\366\015\221\320\362\261\241\367\033G\265\334"
 4280      0D91D0F2 
 4280      B1A1F71B 
 4280      47B5DC
 4281 0432 BA92F9A9 		.ascii	"\272\222\371\251\206[\201=\020\012&x;\300SY!\222\362"
 4281      865B813D 
 4281      100A2678 
 4281      3BC05359 
 4281      2192F2
 4282 0445 F412DCA4 		.ascii	"\364\022\334\244i\202\261\012\333P\226B\345*\177\202"
 4282      6982B10A 
 4282      DB509642 
 4282      E52A7F82 
 4283 0455 179425A3 		.ascii	"\027\224%\243H\261\274\330)\334P\363\206\226\347\224"
 4283      48B1BCD8 
 4283      29DC50F3 
 4283      8696E794 
 4284 0465 0ACAC113 		.ascii	"\012\312\301\023~=\016m!^H\345e:~\315\310\370\200}\011"
 4284      7E3D0E6D 
 4284      215E48E5 
 4284      653A7ECD 
ARM GAS  /tmp/ccCPrn0v.s 			page 132


 4284      C8F8807D 
 4285 047a 4466D198 		.ascii	"Df\321\230\366\251\026\357- \217q\261\354{\310E7X\255"
 4285      F6A916EF 
 4285      2D208F71 
 4285      B1EC7BC8 
 4285      453758AD 
 4286 048e 6B6D854C 		.ascii	"km\205LR\227)\345\252b\211\314,I\204%\231PN\306\212"
 4286      529729E5 
 4286      AA6289CC 
 4286      2C498425 
 4286      99504EC6 
 4287 04a3 4BAF1EBB 		.ascii	"K\257\036\273\246E',\305$\361\260\324\007\306\033/\222"
 4287      A645272C 
 4287      C524F1B0 
 4287      D407C61B 
 4287      2F92
 4288 04b5 701705FD 		.ascii	"p\027\005\375~\003\376Z\011\361r*o\211\335\277b\363"
 4288      7E03FE5A 
 4288      09F1722A 
 4288      6F89DDBF 
 4288      62F3
 4289 04c7 90C99327 		.ascii	"\220\311\223'\274\330\024\031,\223f\360\360\315\330"
 4289      BCD81419 
 4289      2C9366F0 
 4289      F0CDD8
 4290 04d6 AC6C9E52 		.ascii	"\254l\236R\007?\023M\322\366\002\233\247v(n\321\256"
 4290      073F134D 
 4290      D2F6029B 
 4290      A776286E 
 4290      D1AE
 4291 04e8 E660D32D 		.ascii	"\346`\323-)b\366{\177\\\250\270\007F\260\270A\305\303"
 4291      2962F67B 
 4291      7F5CA8B8 
 4291      0746B0B8 
 4291      41C5C3
 4292 04fb E1112CEE 		.ascii	"\341\021,\356pL\272\216y\207E\276\224~\036\367\377\015"
 4292      704CBA8E 
 4292      798745BE 
 4292      947E1EF7 
 4292      FF0D
 4293 050d 783018F9 		.ascii	"x0\030\371\002\226\254\026\341j;\007j'Y\304n]@d\211"
 4293      0296AC16 
 4293      E16A3B07 
 4293      6A2759C4 
 4293      6E5D4064 
 4294 0522 A7676F1A 		.ascii	"\247go\032S\315\226\230I8\212\241+\215\376\02505^e\001"
 4294      53CD9698 
 4294      49388AA1 
 4294      2B8DFE15 
 4294      30355E65 
 4295 0537 B730CD6C 		.ascii	"\2670\315l\360)\221G\201n\227\230\226i\370\2059\340"
 4295      F0299147 
 4295      816E9798 
 4295      9669F885 
 4295      39E0
 4296 0549 EB05361F 		.ascii	"\353\0056\037\317j\025\362\335\270\022\3767\007\250"
 4296      CF6A15F2 
ARM GAS  /tmp/ccCPrn0v.s 			page 133


 4296      DDB812FE 
 4296      3707A8
 4297 0558 A2EFA74C 		.ascii	"\242\357\247L\307\322\261\240\270\272\345\243\204\351"
 4297      C7D2B1A0 
 4297      B8BAE5A3 
 4297      84E9
 4298 0566 713D5F94 		.ascii	"q=_\224\027\301z\2451\225`1Y\003X#=\336\317\326p\266"
 4298      17C17AA5 
 4298      31956031 
 4298      59035823 
 4298      3DDECFD6 
 4299 057c 74EF7CDB 		.ascii	"t\357|\333>\005\021Z\207\002\014\223\342\023I9\342="
 4299      3E05115A 
 4299      87020C93 
 4299      E2134939 
 4299      E23D
 4300 058e CC539FC8 		.ascii	"\314S\237\3104p\007\350\002\241\377\350~\356\347#\337"
 4300      347007E8 
 4300      02A1FFE8 
 4300      7EEEE723 
 4300      DF
 4301 059f 79CAB259 		.ascii	"y\312\262Y\"\376\362*Me\346\255\224-\020G\320\202h\232"
 4301      22FEF22A 
 4301      4D65E6AD 
 4301      942D1047 
 4301      D082689A 
 4302 05b3 6466F811 		.ascii	"df\370\021MRVN\025\216h\001X\0343\200\314Y\224\337\254"
 4302      4D52564E 
 4302      158E6801 
 4302      581C3380 
 4302      CC5994DF 
 4303 05c8 81BBA095 		.ascii	"\201\273\240\225\034\312D\361\202G\205\315\212F\356"
 4303      1CCA44F1 
 4303      824785CD 
 4303      8A46EE
 4304 05d7 D682CD74 		.ascii	"\326\202\315t\007\024\247\330\310\026\301B?\223\305"
 4304      0714A7D8 
 4304      C816C142 
 4304      3F93C5
 4305 05e6 89595930 		.ascii	"\211YY0}\210DW\224\304BT\350#\014\026\012uO\224\201"
 4305      7D884457 
 4305      94C44254 
 4305      E8230C16 
 4305      0A754F94 
 4306 05fb F1AEB0AA 		.ascii	"\361\256\260\252b\031\230\230\021O\337\203@\265 `\022"
 4306      62199898 
 4306      114FDF83 
 4306      40B52060 
 4306      12
 4307 060c 267B6308 		.ascii	"&{c\010da\205\222#\361g\211\370\015\261\315\025\272"
 4307      64618592 
 4307      23F16789 
 4307      F80DB1CD 
 4307      15BA
 4308 061e A229E12B 		.ascii	"\242)\341+\232$L\364G\033\016\357c\302l\035T\033\212"
 4308      9A244CF4 
 4308      471B0EEF 
ARM GAS  /tmp/ccCPrn0v.s 			page 134


 4308      63C26C1D 
 4308      541B8A
 4309 0631 0D7B2C9D 		.ascii	"\015{,\235\315\231\015\261\201\212\226\304F\030\304"
 4309      CD990DB1 
 4309      818A96C4 
 4309      4618C4
 4310 0640 4648C0DF 		.ascii	"FH\300\337\012qU\223X\266n\177\317\036L\200\036\373"
 4310      0A715593 
 4310      58B66E7F 
 4310      CF1E4C80 
 4310      1EFB
 4311 0652 AD8AA530 		.ascii	"\255\212\2450\213\356T\017\006\247\177\273\0270\274"
 4311      8BEE540F 
 4311      06A77FBB 
 4311      1730BC
 4312 0661 B89BA7F6 		.ascii	"\270\233\247\366\275\023M\357\240H\2572}?\364~ \356"
 4312      BD134DEF 
 4312      A048AF32 
 4312      7D3FF47E 
 4312      20EE
 4313 0673 277D5010 		.ascii	"'}P\020\211\357\232qKnc\227\306\334\276\376\230\333"
 4313      89EF9A71 
 4313      4B6E6397 
 4313      C6DCBEFE 
 4313      98DB
 4314 0685 3730E3F6 		.ascii	"70\343\366\015\304\334\276\211H\267\362 SXz\250U\215"
 4314      0DC4DCBE 
 4314      8948B7F2 
 4314      2053587A 
 4314      A8558D
 4315 0698 C7C76FFC 		.ascii	"\307\307o\374,bz\022\203\300\320\343YJ\274\270\237\246"
 4315      2C627A12 
 4315      83C0D0E3 
 4315      594ABCB8 
 4315      9FA6
 4316 06aa FAABDB07 		.ascii	"\372\253\333\007\243\236\247\003\341)\026\236\353\027"
 4316      A39EA703 
 4316      E129169E 
 4316      EB17
 4317 06b8 62E67AEF 		.ascii	"b\346z\357\214\271\376et\256\373g\314\365\276\273\346"
 4317      8CB9FE65 
 4317      74AEFB67 
 4317      CCF5BEBB 
 4317      E6
 4318 06c9 FA45806F 		.ascii	"\372E\200o v\254\007\242c\375R\354X\017O\361Y\246\367"
 4318      2076AC07 
 4318      A263FD52 
 4318      EC580F4F 
 4318      F159A6F7 
 4319 06dd C599D3DB 		.ascii	"\305\231\323\333?\333\364\366G\246w\302X\370\267v\232"
 4319      3FDBF4F6 
 4319      47A677C2 
 4319      58F8B776 
 4319      9A
 4320 06ee 77069B2B 		.ascii	"w\006\233+*6\227-\320\020\026o\344\277\314 \020\345"
 4320      2A36972D 
 4320      D010166F 
ARM GAS  /tmp/ccCPrn0v.s 			page 135


 4320      E4BFCC20 
 4320      10E5
 4321 0700 E24AE75B 		.ascii	"\342J\347[W\273\234v\253\333Uh]\352v\275`\267\225x\254"
 4321      57BB9C76 
 4321      ABDB5568 
 4321      5DEA76BD 
 4321      60B79578 
 4322 0715 B9AB1D85 		.ascii	"\271\253\035\205\216\374\222\322\025\016W\254\\\360"
 4322      8EFC92D2 
 4322      150E57AC 
 4322      5CF0
 4323 0723 C862EB3A 		.ascii	"\310b\353:\227{\215\247x\271\315^P\342.-Zc\315\377C"
 4323      977B8DA7 
 4323      78B9CD5E 
 4323      50E22E2D 
 4323      5A63CDFF 
 4324 0738 DEE2470A 		.ascii	"\336\342G\012~\273t\311o\012V:\334\316u\313\335v+Yd"
 4324      7EBB74C9 
 4324      6F0A563A 
 4324      DCCE75CB 
 4324      DD762B59 
 4325 074d B158F1DF 		.ascii	"\261X\361\337\306\217\272<!\244\313c]\275\374E\253\307"
 4325      C68FBA3C 
 4325      21A4CB63 
 4325      5DBDFC45 
 4325      ABC7
 4326 075f 6DE3DF82 		.ascii	"m\343\337\202\302\322\225+\355n\217\305F$G\341\332\342"
 4326      C2D2952B 
 4326      ED6E8FC5 
 4326      462447E1 
 4326      DAE2
 4327 0771 D4197B96 		.ascii	"\324\031{\226\307\355+\177\271\342\321\3059\204\026"
 4327      C7ED2B7F 
 4327      B9E2D1C5 
 4327      398416
 4328 0780 164391A6 		.ascii	"\026C\221\246\304\341\264\273JK\300m\371\011\313.\017"
 4328      C4E1B4BB 
 4328      4A4BC06D 
 4328      F909CB2E 
 4328      0F
 4329 0791 BEDC258B 		.ascii	"\276\334%\213\212\034\212lYM\262\356\001w\227X\035E"
 4329      8A1C8A6C 
 4329      594DB2EE 
 4329      01779758 
 4329      1D45
 4330 07a3 B6174B57 		.ascii	"\266\027KW\330Q\347)\363 TS\270\334c_\352v<u\217#6\227"
 4330      D851E729 
 4330      F3205453 
 4330      B8DC635F 
 4330      EA763C75 
 4331 07bb D3E92AB2 		.ascii	"\323\351*\262\332\377Rb}\362\231<kn^\376\222|k\256\013"
 4331      DAFF5262 
 4331      7DF2993C 
 4331      6B6E5EFE 
 4331      927C6BAE 
 4332 07d0 E92E095B 		.ascii	"\351.\011[rz\034\236\202U6\033Z\313\371i+\305.7\246"
 4332      727A1C9E 
ARM GAS  /tmp/ccCPrn0v.s 			page 136


 4332      8255361B 
 4332      5ACBF969 
 4332      2BC52E37 
 4333 07e5 19EDFCF9 		.ascii	"\031\355\374\371\027\213\362\020eC;xJ\3628\376jgN\317"
 4333      178BF210 
 4333      65433B78 
 4333      4AF238FE 
 4333      6A674ECF 
 4334 07f9 AA84BCFC 		.ascii	"\252\204\274\374g\314<\240b\267#\333<\377aB\335D\343"
 4334      67CC3CA0 
 4334      62B723DB 
 4334      3CFF6142 
 4334      DD44E3
 4335 080c B43B5DEE 		.ascii	"\264;]\3562\362?T\326\203\350"
 4335      32F23F54 
 4335      D683E8
 4336              		.text
 4337              		.section	.gnu.lto_obqObjectInit.395.6de3afccbe28b4ce,"e",%progbits
 4338 0000 789C7D94 		.ascii	"x\234}\224mL[U\030\307\317\377\234{/-\005\306\334\206"
 4338      6D4C5B55 
 4338      18C7CFFF 
 4338      9C7B2F2D 
 4338      05C6DC86 
 4339 0014 59F85249 		.ascii	"Y\370RI\366\311\320&\340\026\227\370A%f.\3068\203\306"
 4339      F6C9D026 
 4339      E01697F8 
 4339      4125662E 
 4339      C63883C6 
 4340 0028 0F0B565E 		.ascii	"\017\013V^\212TF\013-M\203\313\322+\260.\255\331\034"
 4340      8A54460B 
 4340      2D4D83CB 
 4340      D22BB02E 
 4340      ADD91C
 4341 003b EA702A61 		.ascii	"\352p*a\362\305,\231\316dl\2211d\015\356\005\005\262"
 4341      F2C52C99 
 4341      CE646C91 
 4341      31640DEE 
 4341      0505B2
 4342 004e B92F9B83 		.ascii	"\271/\233\2039\304l\001\324\311^\204\031D|\316i)\030"
 4342      39C46C01 
 4342      D4C95E84 
 4342      19447CCE 
 4342      692918
 4343 0061 B7DEF4DC 		.ascii	"\267\336\364\334s\236\347\374\236\377y\356s\316\251"
 4343      739EE7FC 
 4343      9EFF79EE 
 4343      73CEA9
 4344 0070 CD60EC36 		.ascii	"\315`\3546c\254\216\0322\030\336o\213qf\232\346\323"
 4344      63AC8E1A 
 4344      3218DE6F 
 4344      8B71669A 
 4344      E6D3
 4345 0082 199CEF6E 		.ascii	"\031\234\357n{\227\343<F>\3566\264\226\266\234\356\233"
 4345      7B97E33C 
 4345      463EEE36 
 4345      B496B69C 
 4345      EE9B
ARM GAS  /tmp/ccCPrn0v.s 			page 137


 4346 0094 C39B3541 		.ascii	"\303\2335A^\233\362\264&=Z\312\023Izt\264\247T\014\274"
 4346      5E9BF2B4 
 4346      263D5ACA 
 4346      13497A74 
 4346      B4A7540C 
 4347 00a9 D316B392 		.ascii	"\323\026\263\222\212\262\300\302\\h\272\2010\272\204"
 4347      8AB2C0C2 
 4347      5C68BA81 
 4347      30BA84
 4348 00b8 935CF7CF 		.ascii	"\223\\\367\317\376j^[o\036\216c\232\2610S\217\016c\015"
 4348      FE6A5E5B 
 4348      6F1E8E63 
 4348      9AB13053 
 4348      8F0E630D 
 4349 00cc 48C45807 		.ascii	"H\304X\007\273\016K+Xa\3344/\216\365\230\246\225\355"
 4349      BB0E4B2B 
 4349      5861DC34 
 4349      2F8EF598 
 4349      A695ED
 4350 00df EA45F824 		.ascii	"\352E\370$z\300\030G\024f>\001]I\340\217\343\246)\330"
 4350      7AC01847 
 4350      14663E01 
 4350      5D49E08F 
 4350      E3A629D8 
 4351 00f3 CE3E8437 		.ascii	"\316>\2047\026\3214\217b\257\234>\222\234\376\264e\217"
 4351      16D1348F 
 4351      62AF9C3E 
 4351      929CFEB4 
 4351      658F
 4352 0105 99AB35F5 		.ascii	"\231\2535\365\247\342E\024\237H\340h\002\230\231\372"
 4352      A7E24514 
 4352      9F48E068 
 4352      029899FA 
 4353 0115 7D5FCE7E 		.ascii	"}_\316~\204\342)@\213\342s\011t'\025\256\250\014B\003"
 4353      84E22940 
 4353      8BE27309 
 4353      742715AE 
 4353      A80C4203 
 4354 0129 2B816E09 		.ascii	"+\201n\011\234H\002\267\024\020<\223\002\364(\372%\320"
 4354      9C4802B7 
 4354      14103C93 
 4354      02F428FA 
 4354      25D0
 4355 013b 9B04622A 		.ascii	"\233\004b*\207)v.E\030Q\014\3453fS_\017\0354h\370\016"
 4355      8729762E 
 4355      4518510C 
 4355      E5336653 
 4355      5F0F1D34 
 4356 0152 5403CB69 		.ascii	"T\003\313i\371\226Q\367\333\367\015\236z\352|\213\371"
 4356      F99651F7 
 4356      DBF70D9E 
 4356      7AEA7C8B 
 4356      F9
 4357 0163 BCEF7B34 		.ascii	"\274\357{4\250\270!pK\024\307\036\323\361\270\004\306"
 4357      A8B82170 
 4357      4B14C71E 
 4357      D3F1B804 
ARM GAS  /tmp/ccCPrn0v.s 			page 138


 4357      C6
 4358 0174 229323E8 		.ascii	"\"\223#\3500\343\255v\"\302IBU\322&k<\273i\030l\020"
 4358      30E3AD76 
 4358      22C24942 
 4358      55D2266B 
 4358      3CBB6918 
 4359 018a 0D729511 		.ascii	"\015r\225\021\220:\315\201[\277\272\244\307\315\277"
 4359      903ACD81 
 4359      5BBFBAA4 
 4359      C7CDBF
 4360 0199 17DF33CD 		.ascii	"\027\3373\315\013\336\203\337\036\351\303\006P\3258"
 4360      0BDE83DF 
 4360      1EE9C306 
 4360      50D538
 4361 01a8 E399829A 		.ascii	"\343\231\202\232Fc\235z\203Z\006\215-\324[\251e2n\261"
 4361      46639D7A 
 4361      835A068D 
 4361      2DD45BA9 
 4361      65326EB1 
 4362 01bc 316ECBA2 		.ascii	"1n\313\242\226ME\\\005\364\"\027\350\307j \216\265@"
 4362      964D455C 
 4362      05F42217 
 4362      E8C76A20 
 4362      8EB540
 4363 01cf 1FF28001 		.ascii	"\037\362\200\001\330\2013(\000\316\321j\235\202-\322"
 4363      D8813328 
 4363      00CED16A 
 4363      9D822DD2 
 4364 01df 2360C619 		.ascii	"#`\306\031;$x\302h!c\216\233\023\227G!\373\202\304k"
 4364      3B2478C2 
 4364      6821638E 
 4364      9B139747 
 4364      21FB82C4 
 4365 01f4 9EB75CDA 		.ascii	"\236\267\\\332\003\001\261\312\330E\241\363\274\371"
 4365      0301B1CA 
 4365      D845A1F3 
 4365      BCF9
 4366 0202 1F32B900 		.ascii	"\0372\271\000[\340\273\355B\304`\274\351fLp\203\216"
 4366      5BE0BBED 
 4366      42C460BC 
 4366      E9664C70 
 4366      838E
 4367 0214 13CF61B3 		.ascii	"\023\317a\263\274u\272D\010\\\204:=\207\204\370\210"
 4367      BC75BA44 
 4367      085C843A 
 4367      3D8784F8 
 4367      88
 4368 0225 4EA152D7 		.ascii	"N\241R\327\222Z\232\3105\232\226\265t\241%\264\214%"
 4368      925A9AC8 
 4368      359A96B5 
 4368      74A125B4 
 4368      8C25
 4369 0237 2D9DA253 		.ascii	"-\235\242SR\306\262\224\326\373\341Xg\"Q\222\352\245"
 4369      52C6B294 
 4369      D6FBE158 
 4369      67225192 
 4369      EAA5
ARM GAS  /tmp/ccCPrn0v.s 			page 139


 4370 0249 D80CB1DA 		.ascii	"\330\014\261\332\010\001KR\026\221\221\220\262.IYVJ"
 4370      08014B52 
 4370      16919190 
 4370      B22E4959 
 4370      564A
 4371 025b 5997A5F4 		.ascii	"Y\227\245\364\233\237\215\307 \245l\3523\027x\253\235"
 4371      9B9F8DC7 
 4371      20A56CEA 
 4371      331778AB 
 4371      9D
 4372 026c C5C0CB5D 		.ascii	"\305\300\313]\352\304\227\311\335&\215\262:\352\277"
 4372      EAC497C9 
 4372      DD268DB2 
 4372      3AEABF
 4373 027b 80B6FD0A 		.ascii	"\200\266\375\012.\203\346#\246i)\373\021\203\340k\224"
 4373      2E83E623 
 4373      A66929FB 
 4373      1183E06B 
 4373      94
 4374 028c 8C411B6A 		.ascii	"\214A\033jjR&{\251d\023W\363e:\3551\210L\031K\300\341"
 4374      6A52267B 
 4374      A9641357 
 4374      F3653AED 
 4374      31884C19 
 4375 02a3 0DAFBD71 		.ascii	"\015\257\275qA*n\"\303\362\352(J\031i\321x\022\2761"
 4375      412A6E22 
 4375      C3F2EA28 
 4375      4A1969D1 
 4375      7812BE31 
 4376 02b7 C8AA37DB 		.ascii	"\310\2527\3331D\274\214\277\373e\307\376\271\361G0\254"
 4376      3144BC8C 
 4376      BFFB65C7 
 4376      FEB9F147 
 4376      30AC
 4377 02c9 7661E2C0 		.ascii	"va\342\300\334A`\004\251\004_~\211\014\221\311\327\313"
 4377      DC416004 
 4377      A9045F7E 
 4377      890C91C9 
 4377      D7CB
 4378 02db A8999EBD 		.ascii	"\250\231\236\275W\267\323m\306\020\022{7\246\326\356"
 4378      57B7D36D 
 4378      C610127B 
 4378      37A6D6EE 
 4379 02eb 985A975C 		.ascii	"\230Z\227\\yR\250\225\325\272;\257\343\005\252\310Z"
 4379      7952A895 
 4379      D5BA3BAF 
 4379      E305AAC8 
 4379      5A
 4380 02fc 055E1F95 		.ascii	"\005^\037\225E\033\370?\331E\344\326\237\261\205\310"
 4380      451BF83F 
 4380      D945E4D6 
 4380      9FB185C8 
 4381 030c 3C45DE56 		.ascii	"<E\336V\344C4\233~\301sD\346*\362nZ\362\006JR\344\237"
 4381      E443349B 
 4381      7EC17344 
 4381      E62AF26E 
 4381      5AF2064A 
ARM GAS  /tmp/ccCPrn0v.s 			page 140


 4382 0323 8A6CE98C 		.ascii	"\212l\351\214\214h\302\246\266P\223\366\261\310\015"
 4382      8C68C2A6 
 4382      B65093F6 
 4382      B1C80D
 4383 0332 43649127 		.ascii	"Cd\221'OZ\307#g\205\310\026\271\"K\252\336\211]\343"
 4383      4F5AC723 
 4383      6785C816 
 4383      B9224BAA 
 4383      DE895DE3 
 4384 0346 0F929DC4 		.ascii	"\017\222\235\3043$\233\255d\347\022\011<\004\015M\343"
 4384      33249BAD 
 4384      64E71209 
 4384      3C040D4D 
 4384      E3
 4385 0357 34DD6A61 		.ascii	"4\335jaS\354_\351\222\015\375\206o\302\251\012\314\247"
 4385      53EC5FE9 
 4385      920DFD86 
 4385      6FC2A90A 
 4385      CCA7
 4386 0369 FDAE5B38 		.ascii	"\375\256[8\025N}\330B\002\2757\371@t\006'\345\337\312"
 4386      154E7DD8 
 4386      4202BD37 
 4386      F9407406 
 4386      27E5DFCA 
 4387 037d 0F899D5D 		.ascii	"\017\211\235]L\313\336\301\327+\330\266\237\322\244"
 4387      4CCBDEC1 
 4387      D72BD8B6 
 4387      9FD2A4
 4388 038c 10BC8713 		.ascii	"\020\274\207\0232\005\273B?H\207N\261YtK\266\200-\362"
 4388      3205BB42 
 4388      3F48874E 
 4388      B159744B 
 4388      B6802DF2 
 4389 03a0 E6F103AF 		.ascii	"\346\361\003\257\253\353@w*q\216\233\343\322,u\326\370"
 4389      ABEB4077 
 4389      2A718E9B 
 4389      E3D22C75 
 4389      D6F8
 4390 03b2 EADC4EBF 		.ascii	"\352\334N\277\257\302\271\315\357{\313]\331\030p\226"
 4390      AFC2B9CD 
 4390      EF7BCB5D 
 4390      D9187096 
 4391 03c2 D4782A3C 		.ascii	"\324x*<\245\215\301*\217o\345\330UT\354\014\371\374"
 4391      A58DC12A 
 4391      8F6FE5D8 
 4391      5554EC0C 
 4391      F9FC
 4392 03d4 B581FAF2 		.ascii	"\265\201\372\362J\267\253\321\037\364\326:K_y\261\270"
 4392      4AB7ABD1 
 4392      1FF4D63A 
 4392      4B5F79B1 
 4392      B8
 4393 03e5 C8B565DB 		.ascii	"\310\265e\333\326g]\325\036\177]\250\334\357v\262B\207"
 4393      D6675DD5 
 4393      1E7F5DA8 
 4393      DCEF76B2 
 4393      4287
ARM GAS  /tmp/ccCPrn0v.s 			page 141


 4394 03f7 C349BF4A 		.ascii	"\303I\277J\031\352\013$I_\300YS\276\303\031\360W\312"
 4394      19EA0B24 
 4394      495FC059 
 4394      53BEC319 
 4394      F057CA
 4395 040a DE5511AC 		.ascii	"\336U\021\254\256v\373\003\216J\246\371*\032\352\037"
 4395      AE76FB03 
 4395      8E4AA6F9 
 4395      2A1AEA1F 
 4396 041a FD8FCFB1 		.ascii	"\375\217\317\261\331]\375d\325\023\305\033\2315\020"
 4396      D95DFD64 
 4396      D513C51B 
 4396      993510
 4397 0429 0CD4BBBD 		.ascii	"\014\324\273\275U\356*^Q\257\005<o\273\341\325|\336"
 4397      55EE2A5E 
 4397      51AF053C 
 4397      6FBBE1D5 
 4397      7CDE
 4398 043b EA266D87 		.ascii	"\352&m\207\307[+\032\033\352\035i\026\363\005\350\345"
 4398      C75B2B1A 
 4398      1BEA1D69 
 4398      16F305E8 
 4398      E5
 4399 044c 6F2CF47A 		.ascii	"o,\364z\022cG\015\373\027 e]\206"
 4399      1263470D 
 4399      FB172065 
 4399      5D86
 4400              		.text
 4401              		.section	.gnu.lto_obqResetI.396.6de3afccbe28b4ce,"e",%progbits
 4402 0000 789C7D93 		.ascii	"x\234}\223]HTA\024\307\317\177fwU\244\227\302\276\210"
 4402      5D485441 
 4402      14C7CF7F 
 4402      667755A4 
 4402      97C2BE88 
 4403 0014 12825ECA 		.ascii	"\022\202^\312\275\240}\330[\324C\365\020\030[DD.\272"
 4403      BDA07DD8 
 4403      5BD443F5 
 4403      10185B44 
 4403      442EBA
 4404 0027 AEBA995E 		.ascii	"\256\272\231^\275wEDj\247\325\0027\"\354A$B\361\315"
 4404      BD774544 
 4404      6AA7D502 
 4404      3722EC41 
 4404      2442F1CD 
 4405 003b 87C0A760 		.ascii	"\207\300\247`3?6?0\"J\264RIMz\010+\010\313 \321\302"
 4405      333F363F 
 4405      30224AB4 
 4405      52494D7A 
 4405      082B08CB 
 4406 0052 66E66E91 		.ascii	"f\346n\221d.w\347\316\271\363;\277\231{f\356\036N4N"
 4406      642E77E7 
 4406      CEB9F33B 
 4406      BF997B66 
 4406      EE1E4E34 
 4407 0067 44BBE51F 		.ascii	"D\273\345\037\234p\247)\306H\010q$\205\341ZS,\015\217"
 4407      9C70A729 
 4407      C6480871 
ARM GAS  /tmp/ccCPrn0v.s 			page 142


 4407      2485E15A 
 4407      532C0D8F 
 4408 007b A0235084 		.ascii	"\240#P\204!\202vn\310pq\350\323\374\3026\321\221\300"
 4408      2182766E 
 4408      C87071E8 
 4408      D3FCC236 
 4408      D191C0
 4409 008e 47A208E9 		.ascii	"G\242\010\351\237\033\236Mp\3116\003\231n\2446\200\262"
 4409      9F1B9E4D 
 4409      70C93603 
 4409      996EA436 
 4409      80B2
 4410 00a0 12428C4C 		.ascii	"\022B\214L\304\205H\243+]\210<D\034D\014\215x\277\235"
 4410      C48548A3 
 4410      2B5D883C 
 4410      441C440C 
 4410      8D78BF9D 
 4411 00b4 285D27C2 		.ascii	"(]'\302\015\331\251\353\201LOmW\255JZ\274{\263\263g"
 4411      0DD9A9EB 
 4411      814C4F6D 
 4411      57AD4A5A 
 4411      BC7BB3B3 
 4412 00c9 DF70BD38 		.ascii	"\337p\2758Q\333\213:\235\327\007\306\033\021\227\346"
 4412      51DB8B3A 
 4412      9DD707C6 
 4412      1B1197E6 
 4413 00d9 BD0A98BA 		.ascii	"\275\012\230\272\321\366\002\367D\242!S\022\221$\241"
 4413      D1F602F7 
 4413      44A22153 
 4413      129124A1 
 4414 00e9 1791FA52 		.ascii	"\027\221\372R[D\322\222\333\242\346\257y\234\324\364"
 4414      5B44D292 
 4414      DBA2E6AF 
 4414      799CD4F4 
 4415 00f9 83B91A31 		.ascii	"\203\271\0321\2444b\225F\022\221$\2415\351r8>uh\000"
 4415      A4346295 
 4415      46129124 
 4415      A135E972 
 4415      383E7568 
 4416 010e 095037EA 		.ascii	"\011P7\352\324r\007!\227\251F;G\335\011\361c\345\266"
 4416      D4720721 
 4416      97A9463B 
 4416      47DD09F1 
 4416      63E5B6
 4417 0121 102BB533 		.ascii	"\020+\2653\335\237\3237\200\230\233\021\363pb\334\003"
 4417      DD9FD337 
 4417      80989B11 
 4417      F37062DC 
 4417      03
 4418 0132 7449A895 		.ascii	"tI\250\225\253\"\012\027D\202\250\2153'\250\227\301"
 4418      AB220A17 
 4418      4482A88D 
 4418      3327A897 
 4418      C1
 4419 0143 7726DE8D 		.ascii	"w&\336\215\315\200~\262\372L\212\201U\231\262(i\372"
 4419      CD807EB2 
 4419      FA4C8A81 
ARM GAS  /tmp/ccCPrn0v.s 			page 143


 4419      5599B228 
 4419      69FA
 4420 0155 F1EB9DB4 		.ascii	"\361\353\235\264\314\242\275\0376sY\027\317\025\365"
 4420      CCA2BD1F 
 4420      36735917 
 4420      CF15F5
 4421 0164 22F755F5 		.ascii	"\"\367U\365S\313\254a\320A\325\013=A\211\\\3022\353"
 4421      53CBAC61 
 4421      D041D50B 
 4421      3D41895C 
 4421      C232EB
 4422 0177 FF1A9B66 		.ascii	"\377\032\233f\311\3619\356\000\355\022\010>E\200\210"
 4422      C9F139EE 
 4422      00ED1208 
 4422      3E458088 
 4423 0187 430B27E5 		.ascii	"C\013'\345<\332\270\203\263\177]\3663\024hWt\015\227"
 4423      3CDAB883 
 4423      B37F5DF6 
 4423      33146857 
 4423      740D97
 4424 019a 069EC32F 		.ascii	"\006\236\303/]L\273\3368\256\377\241#\270\370\007\235"
 4424      5D4CBBDE 
 4424      38AEFFA1 
 4424      23B8F807 
 4424      9D
 4425 01ab 76D06F73 		.ascii	"v\320os\031k\221\243\270@\344\261\341\224\342\355\272"
 4425      196B91A3 
 4425      B840E4B1 
 4425      E194E2ED 
 4425      BA
 4426 01bc EC2B9C97 		.ascii	"\354+\234\227\207d\314y\233/\016\332\034\003\347I\270"
 4426      8764CC79 
 4426      9B2F0EDA 
 4426      1C03E749 
 4426      B8
 4427 01cd 639786DD 		.ascii	"c\227\206\335\320\370\271q\234%YSeA\355\204\236!\232"
 4427      D0F8B971 
 4427      9C255953 
 4427      6541ED84 
 4427      9E219A
 4428 01e0 893EC93B 		.ascii	"\211>\311;\275~xRpU\311\026\0364\317,\315n\304\200\243"
 4428      BD7E7852 
 4428      7055C916 
 4428      1E34CF2C 
 4428      CD6EC480 
 4429 01f5 5E586A01 		.ascii	"^Xj\001\006\325\246\\\327\233\342;-\003\3161\011\266"
 4429      06D5A65C 
 4429      D79BE23B 
 4429      2D03CE31 
 4429      09B6
 4430 0207 55A5CEC7 		.ascii	"U\245\316\307o\315\347\313O\001}\277\245\352\234\254"
 4430      6FCDE7CB 
 4430      4F017DBF 
 4430      A5EA9CAC 
 4431 0217 B0E8EC42 		.ascii	"\260\350\354B\276>\375\255\034\316\026G\023*\364\031"
 4431      BE3EFDAD 
 4431      1CCE1647 
ARM GAS  /tmp/ccCPrn0v.s 			page 144


 4431      132AF419 
 4432 0227 A56679D0 		.ascii	"\245fy\320\260\314B#\3172/\005\003a\3338V\032*\014\371"
 4432      B0CC4223 
 4432      CF322F05 
 4432      0361DB38 
 4432      561A2A0C 
 4433 023c C2D54521 		.ascii	"\302\325E!\363\357\276?;\307\2501\2552\273\262 \020"
 4433      F3EFBE3F 
 4433      3BC7A831 
 4433      AD32BBB2 
 4433      2010
 4434 024e F487ADEA 		.ascii	"\364\207\255\352\2122\303w\346TN\266\377x\336\311\243"
 4434      8A32C377 
 4434      E6544EB6 
 4434      FF78DEC9 
 4434      A3
 4435 025f FEE29055 		.ascii	"\376\342\220U^S`\005\015\312\362z\015y\005T\252i'I\323"
 4435      5E536005 
 4435      0DCAF27A 
 4435      0D790554 
 4435      AA692749 
 4436 0274 364A0B2E 		.ascii	"6J\013.\033\266\025Pw\177auqq\320\262\275\001r\231\205"
 4436      1BB61550 
 4436      777F6175 
 4436      7171D0B2 
 4436      BD017299 
 4437 0289 55955B56 		.ascii	"U\225[V=\363\036\016\026\347\026\355\3179@<\\U\351]"
 4437      3DF31E0E 
 4437      16E716ED 
 4437      CF39403C 
 4437      5C55E95D 
 4438 029d 4767DAB2 		.ascii	"Gg\332\262\261\302Y\025!\247\357-%^n\227\374\002\243"
 4438      B1C25915 
 4438      21A7EF2D 
 4438      255E6E97 
 4438      FC02A3
 4439 02b0 C26133   		.ascii	"\302a3"
 4440              		.text
 4441              		.section	.gnu.lto_obqGetFullBufferI.397.6de3afccbe28b4ce,"e",%progbits
 4442 0000 789C6D51 		.ascii	"x\234mQMH\024a\030~\337\357\375fv\227\215\355 \021x"
 4442      4D481461 
 4442      187EDFEF 
 4442      FD667697 
 4442      8DED2011 
 4443 0015 C96BA43B 		.ascii	"\311k\244;\240\026u\223<T\207@\260S\207\226\335u\266"
 4443      A0167593 
 4443      3C548740 
 4443      B0538796 
 4443      DD75B6
 4444 0028 DDCC4667 		.ascii	"\335\314Fg]DEvt\375\301\365`[D(\244x\251KT`\230\210"
 4444      5D444576 
 4444      74FDC1F5 
 4444      605B4428 
 4444      A478A94B 
 4445 0040 D59A4804 		.ascii	"\325\232H\004\322\037I\2470\004%\263\203u\250\304\324"
 4445      D21F49A7 
 4445      300425B3 
ARM GAS  /tmp/ccCPrn0v.s 			page 145


 4445      8375A8C4 
 4445      D4
 4446 0051 DE999135 		.ascii	"\336\231\2215!f\276\277\367}\036\276\347y\276\213\002"
 4446      2166BEBF 
 4446      F77D1EBE 
 4446      E779BE8B 
 4446      02
 4447 0062 E02E0074 		.ascii	"\340.\000t\360@/\340\215\\V\200eYU\036!2\271\001\201"
 4447      F0402FE0 
 4447      8D5C5680 
 4447      6559551E 
 4447      2132B901 
 4448 0077 4F71657E 		.ascii	"Oqe~\250Hv\347\002\303\343+\245\222DO\316\317\375\022"
 4448      A84876E7 
 4448      02C3E32B 
 4448      A592444F 
 4448      CECFFD12 
 4449 008b BBE2AC12 		.ascii	"\273\342\254\022o\0258\212\350s93K\203~\331\233\013"
 4449      6F15388A 
 4449      E8733933 
 4449      4B837ED9 
 4449      9B0B
 4450 009d 3CBFB35E 		.ascii	"<\277\263^)U\274\235\313~\334\276\344@<\330Y\200#\244"
 4450      2955BC9D 
 4450      CB7EDCBE 
 4450      E4403CD8 
 4450      598023A4 
 4451 00b1 054945F5 		.ascii	"\005IE\365`\032\307HA\265\010%\317\207\260D\313[\326"
 4451      601AC748 
 4451      41B50825 
 4451      CF87B044 
 4451      CB5BD6
 4452 00c4 EFB9B5CF 		.ascii	"\357\271\265\317\033Gg2=g\323\3201\211O\220%\202\202"
 4452      1B476732 
 4452      3D67D3D0 
 4452      31894F90 
 4452      258282
 4453 00d7 DE6E8432 		.ascii	"\336n\2042n\277\3756iY>h\237\302\335\246\020\3758U\314"
 4453      6EBFFD36 
 4453      69593E68 
 4453      9FC2DDA6 
 4453      10FD3855 
 4454 00ec 803117B0 		.ascii	"\2001\027\260\376f\360f\340:\266N\027\000\324\217/\213"
 4454      FE66F066 
 4454      E03AB64E 
 4454      1700D48F 
 4454      2F8B
 4455 00fe 01FCBB76 		.ascii	"\001\374\273vy<|\257\344\255?;\203\226\365i\031\327"
 4455      793C7CAF 
 4455      E4AD3F3B 
 4455      8396F569 
 4455      19D7
 4456 0110 B48308C2 		.ascii	"\264\203\010\302\371\010\204\224 \024\205W\025\204\352"
 4456      F9088494 
 4456      20148557 
 4456      1584EA
 4457 011f E19A1F71 		.ascii	"\341\232\037q\012\017 Nc\200O\000#d\273\260$Zy\200Q"
ARM GAS  /tmp/ccCPrn0v.s 			page 146


 4457      0A0F204E 
 4457      63804F00 
 4457      2364BBB0 
 4457      245A7980 
 4458 0134 12EEA193 		.ascii	"\022\356\241\223\017\277\204\2654\276\350\343\034`K"
 4458      0FBF84B5 
 4458      34BEE8E3 
 4458      1C604B
 4459 0143 644A208B 		.ascii	"dJ \213\242\311\340\373}Ng\342\010l\212\256g\253D\310"
 4459      A2C9E0FB 
 4459      7D4E67E2 
 4459      086C8AAE 
 4459      67AB44C8 
 4460 0157 66DB913D 		.ascii	"f\333\221=\335G\346z\353\343y\204\023\366.=\203\011"
 4460      DD47E67A 
 4460      EBE37984 
 4460      13F62E3D 
 4460      8309
 4461 0169 BEC186F9 		.ascii	"\276\301\206\371H\374\247?\213\227\271\377St\257V\023"
 4461      48FCA73F 
 4461      8B97B9FF 
 4461      5374AF56 
 4461      13
 4462 017a 92ADC696 		.ascii	"\222\255\306\226@\217\370\255\320\226\200\233\342\005"
 4462      408FF8AD 
 4462      D096809B 
 4462      E205
 4463 0188 53693F75 		.ascii	"Si?u\214w\372\034F]\352\327j\"UwR\265\315\310\325\371"
 4463      8C77FA1C 
 4463      465DEAD7 
 4463      6A225577 
 4463      52B5CDC8 
 4464 019e A171B2C9 		.ascii	"\241q\262\311r\224\224\202\031\225El\367!IR\035\322"
 4464      72949482 
 4464      1995456C 
 4464      F7214952 
 4464      1DD2
 4465 01b0 6C314935 		.ascii	"l1I5\345\262\372H\305Rj\303cR\360\355\352\306Z\347="
 4465      E5B2FA48 
 4465      C5526AC3 
 4465      6352F0ED 
 4465      EAC65AE7 
 4466 01c5 2A04F06E 		.ascii	"*\004\360n\021m\003\303\003\313H\012\033mEp\265\204"
 4466      116D03C3 
 4466      03CB480A 
 4466      1B6D4570 
 4466      B584
 4467 01d7 DB5EA1E3 		.ascii	"\333^\241\343\355Gv\301\225\367\005\3031\256\221\342"
 4467      ED4776C1 
 4467      95F705C3 
 4467      31AE91E2 
 4468 01e7 103FD8F9 		.ascii	"\020?\330\371d\036\367n\011\012\220\300\011t\274y\366"
 4468      641EF76E 
 4468      090A90C0 
 4468      0974BC79 
 4468      F6
 4469 01f8 E2DD115D 		.ascii	"\342\335\021]U@\036G\200GMs\200\2577\277{9m\012\250"
ARM GAS  /tmp/ccCPrn0v.s 			page 147


 4469      55401E47 
 4469      80474D73 
 4469      80AF37BF 
 4469      7B396D0A 
 4470 020d 0FB638F4 		.ascii	"\017\2668\364\021\302\275\227\001\250\325\342F\203\256"
 4470      11C2BD97 
 4470      01A8D5E2 
 4470      4683AE
 4471 021c 994644AB 		.ascii	"\231FD\2531\215+z\2649\251U\307\023\221Dms\252.a\374"
 4471      318D2B7A 
 4471      B439A955 
 4471      C7139144 
 4471      6D73AA2E 
 4472 0232 BB0F9557 		.ascii	"\273\017\225Wh-\206Y\237l\014G\365P\263\231\272V\257"
 4472      682D8659 
 4472      9F6C0C47 
 4472      F550B399 
 4472      BA56AF
 4473 0245 D55E385F 		.ascii	"\325^8_Q\036:Ss\356t(\2260\033Z\302\246\256AY0\250\361"
 4473      511E3A53 
 4473      73EE7428 
 4473      96301B5A 
 4473      C2A6AE41 
 4474 025d 1FB5A946 		.ascii	"\037\265\251Fr\027i$\265x\370\252\2264\243\366\032\212"
 4474      72176924 
 4474      B578F8AA 
 4474      9634A3F6 
 4474      1A8A
 4475 026f A46231DD 		.ascii	"\244b1\335L\006\243 \215HS\343\341}\265\340)=v\262\256"
 4475      4C06A320 
 4475      8D4853E3 
 4475      E17DB5E0 
 4475      293D76B2 
 4476 0284 B2E23828 		.ascii	"\262\3428(\311D\233\336\370\027\367\205\016\247"
 4476      C9449BDE 
 4476      F817F785 
 4476      0EA7
 4477              		.text
 4478              		.section	.gnu.lto_obqReleaseEmptyBufferI.398.6de3afccbe28b4ce,"e",%progbits
 4479 0000 789C7D54 		.ascii	"x\234}Tmh[U\030>\357y\357\275\271\267I\367c\233l\025"
 4479      6D685B55 
 4479      183EEF79 
 4479      EFBDB9B7 
 4479      49F7639B 
 4480 0016 6599BF84 		.ascii	"e\231\277\204\255\271\262\2528\360\307\264\310\034\""
 4480      ADB9B2AA 
 4480      38F0C7B4 
 4480      C81C22
 4481 0025 AE547FA8 		.ascii	"\256T\177\250Hh\262\324\306\332\245\313M)\243\214\334"
 4481      4868B2D4 
 4481      C6DAA5CB 
 4481      4D29A38C 
 4481      DC
 4482 0036 25694633 		.ascii	"%iF3\305e\350\326Ti\251\202(\010\216e\203n\256kl7&\222"
 4482      C565E8D6 
 4482      5469A982 
 4482      28088E65 
ARM GAS  /tmp/ccCPrn0v.s 			page 148


 4482      836EAE6B 
 4483 004e 31995311 		.ascii	"1\231S\021'\235\021\333f*\310\004-\353\272\372\236s"
 4483      279D11DB 
 4483      662AC804 
 4483      2DEBBAFA 
 4483      9E73
 4484 0060 D3D86031 		.ascii	"\323\330`1\344|\276\317\363\234\367+\231U\030\373\216"
 4484      E47CBECF 
 4484      F39CF72B 
 4484      995518FB 
 4484      8E
 4485 0071 31F6010D 		.ascii	"1\366\001\015\250cp4\233\341\314\266\355\035.\316\223"
 4485      A8637034 
 4485      9BE1CCB6 
 4485      ED1D2ECE 
 4485      93
 4486 0082 D9C31C3E 		.ascii	"\331\303\034>\203\231bn\235\222\312\256\031\312\317"
 4486      8399626E 
 4486      9D92CAAE 
 4486      19CACF
 4487 0091 6C5590F7 		.ascii	"lU\220\367g\335d\367\212\033\271*\360N\225\243\362\264"
 4487      67DD64F7 
 4487      8A1BB92A 
 4487      F04E95A3 
 4487      F2B4
 4488 00a3 C3B99CCB 		.ascii	"\303\271\234\313k\312\241\354\232\374Lq\273\242\301"
 4488      6BCAA1EC 
 4488      9AFC4C71 
 4488      BBA2C1
 4489 00b2 F12AC2C5 		.ascii	"\361*\302\305\007\217\234\334L\010\311\315\035)9\033"
 4489      078F9CDC 
 4489      4C08C9CD 
 4489      1D29391B 
 4490 00c2 1D7247DF 		.ascii	"\035rG\337\337\354@\0148\230\315\030\016d\207\013X\234"
 4490      DFEC400C 
 4490      3898CD18 
 4490      0E64870B 
 4490      589C
 4491 00d4 A3A26A2E 		.ascii	"\243\242j.\335\2008\214\242I\267\363\027\177-,5\330"
 4491      DD80388C 
 4491      A249B7F3 
 4491      177F2D2C 
 4491      35D8
 4492 00e6 1F15E026 		.ascii	"\037\025\340&cq&?*h\353@\241\371\036\360\252\240\247"
 4492      6371263F 
 4492      2A68EB40 
 4492      A1F91EF0 
 4492      AAA0A7
 4493 00f9 8035166C 		.ascii	"\2005\026l\373\253\337\307l\333`\007\316B\374\014\214"
 4493      FBABDFC7 
 4493      6CDB6007 
 4493      CE42FC0C 
 4493      8C
 4494 010a 01631C06 		.ascii	"\001c\034\006\340n\003cnI\004\025h\3237\016D\327G\305"
 4494      E06E0363 
 4494      6E490415 
 4494      68D3370E 
ARM GAS  /tmp/ccCPrn0v.s 			page 149


 4494      44D747C5 
 4495 011e 2C48F343 		.ascii	",H\363C\207\207\306\037\272\224\264\237\336\177\036"
 4495      8787C61F 
 4495      BA94B49F 
 4495      DE7F1E
 4496 012d FA246F02 		.ascii	"\372$o\0028\016\3004)o\021\200\353\351;W\340=\273\220"
 4496      380EC034 
 4496      296F1180 
 4496      EBE93B57 
 4496      E03DBB90 
 4497 0141 F212225E 		.ascii	"\362\022\"^AH'\364kR\305\256\250<>(\336\357\375\274"
 4497      414827F4 
 4497      6B52C5AE 
 4497      A83C3E28 
 4497      DEEFFDBC 
 4498 0155 2233095C 		.ascii	"\"3\011\\\031\200\337\204\214]#C\210x\005!eD\212\347"
 4498      1980DF84 
 4498      8C5D2343 
 4498      88780521 
 4498      65448AE7 
 4499 0169 8B83DA14 		.ascii	"\213\203\332\024\024\200\235\203>\341\357\005 ?\311"
 4499      14809D83 
 4499      3EE1EF05 
 4499      203FC9
 4500 0178 0C5CFDF4 		.ascii	"\014\\\375\364\252Z\260\357,\275e\333\263\361\205\353"
 4500      AA5AB0EF 
 4500      2CBD65DB 
 4500      B3F185EB 
 4501 0188 1FBE011B 		.ascii	"\037\276\001\033\201q\215\323@\306]\012\343\272J\253"
 4501      81718DD3 
 4501      40C65D0A 
 4501      E3BA4AAB 
 4502 0198 46C34577 		.ascii	"F\303Ew:\255\006\255u4\3344<\214c=\343\306Z\200\263"
 4502      3AAD06AD 
 4502      7534DC34 
 4502      3C8C633D 
 4502      E3C65A80 
 4503 01ad A4378C22 		.ascii	"\2447\214\"\357\266\002v\201\261\021\344\316!I\207\277"
 4503      EFB60276 
 4503      81B111E4 
 4503      CE214987 
 4503      BF
 4504 01be B95D5A9C 		.ascii	"\271]Z\234\006\266\310\223^\226\001\336\031\246\004"
 4504      06B6C893 
 4504      5E9601DE 
 4504      19A604
 4505 01cd 7AE4F5DD 		.ascii	"z\344\365\335Mby\300\231\026x\342\274\201\224L\355\200"
 4505      4D6279C0 
 4505      991678E2 
 4505      BC81944C 
 4505      ED80
 4506 01df 88FE1351 		.ascii	"\210\376\023Q9=\364\322%`\217\212\235\365\005\004)*"
 4506      393DF4D2 
 4506      25608F8A 
 4506      9DF50504 
 4506      292A
 4507 01f1 07C557B1 		.ascii	"\007\305W\261\177\011md\377\213\247\312\315\010\310"
ARM GAS  /tmp/ccCPrn0v.s 			page 150


 4507      7F096D64 
 4507      FF8BA7CA 
 4507      CD08C8
 4508 0200 653D4710 		.ascii	"e=G\020OP\347\201p\004\027\370$Q\261\226:J;\177\021"
 4508      4F50E781 
 4508      700417F8 
 4508      2451B196 
 4508      3A4A3B7F 
 4509 0215 5E71A837 		.ascii	"^q\2507\233\0215?8\3150\214J\271\230\313\243 k#\250"
 4509      9B11353F 
 4509      38CD308C 
 4509      4AB998CB 
 4509      A3206B23 
 4510 022a 5643D217 		.ascii	"VC\322\027y\277\027\225\014h/\277\310\030\326k\324_"
 4510      79BF1795 
 4510      0C682FBF 
 4510      C818D66B 
 4510      D45F
 4511 023c 7C7D85AF 		.ascii	"|}\205\257\300\025\311?\204\365\260\0259lQ8\271\241"
 4511      C015C93F 
 4511      84F5B015 
 4511      396C5138 
 4511      B9A1
 4512 024e CD15734D 		.ascii	"\315\025sM\202k\310X\027yJ\346\342\205V\331s-\"`\222"
 4512      826BC858 
 4512      17794AE6 
 4512      E28556D9 
 4512      732D2260 
 4513 0263 6BE99181 		.ascii	"k\351\221\201+\317}\015W\201\354ir\256\345\032\234\003"
 4513      2BCF7D0D 
 4513      5781EC69 
 4513      72AEE51A 
 4513      9C03
 4514 0275 DE208371 		.ascii	"\336 \203qU]p/\347\255\364v\200\211\300\312\024\330"
 4514      555D702F 
 4514      E7ADF476 
 4514      8089C0CA 
 4514      14D8
 4515 0287 2A917D2B 		.ascii	"*\221}+#[\340\311\341\364e\216\032\252\024\035\010\302"
 4515      235BE0C9 
 4515      E1F4658E 
 4515      1AAA141D 
 4515      08C2
 4516 0299 AD0C54E0 		.ascii	"\255\014T\340s\270\002\377\275\300\243&\225\217\227"
 4516      73B802FF 
 4516      BDC0A326 
 4516      958F97
 4517 02a8 36CA747F 		.ascii	"6\312t\177\274\036]\265\322\314\372A&[X\313\033P\377"
 4517      BC1E5DB5 
 4517      D2CCFA41 
 4517      265B58CB 
 4517      1B50FF
 4518 02bb 6F359EF9 		.ascii	"o5\236\371\021v9\017\237J_\344h\240\013u\001\377\367"
 4518      1176390F 
 4518      9F4A5FE4 
 4518      68A00B75 
 4518      01FFF7
ARM GAS  /tmp/ccCPrn0v.s 			page 151


 4519 02ce D9AAD4B4 		.ascii	"\331\252\324\264\220BC>\231\253<Y\276\037\353V)\361"
 4519      9042433E 
 4519      99AB3C59 
 4519      BE1FEB56 
 4519      29F1
 4520 02e0 4FB0D3A9 		.ascii	"O\260\323\251\323\364\324\275\244YW\251\261~\220\254"
 4520      D3F4D4BD 
 4520      A45957A9 
 4520      B17E90AC 
 4521 02f0 BCDA6CEF 		.ascii	"\274\332l\357\226\036t\374\276\017\335\253\210\374\014"
 4521      961E74FC 
 4521      BE0FDDAB 
 4521      88FC0C
 4522 02ff 4F39AEDF 		.ascii	"O9\256\337\312|\263\334Gs\236\025\200_\244Cn)m\324\366"
 4522      CA7CB3DC 
 4522      47739E15 
 4522      805FA443 
 4522      6E296DD4 
 4523 0314 71DEF1EF 		.ascii	"q\336\361\357X\006\320\263L\335$\251*Hr\363,<\301\250"
 4523      5806D0B3 
 4523      4CDD24A9 
 4523      2A4872F3 
 4523      2C3CC1A8 
 4524 0328 72C200FB 		.ascii	"r\302\000\373\347@\320\022^\230 \274\263\233\004\321"
 4524      E740D012 
 4524      5E9820BC 
 4524      B39B04D1 
 4525 0338 1FA4F5E7 		.ascii	"\037\244\365\347\351c\247n\337X\013S\362T:s{\020\340"
 4525      E963A76E 
 4525      DF580B53 
 4525      F2543A73 
 4525      7B10E0
 4526 034b 82F895F4 		.ascii	"\202\370\225\364\313\316\230\210\217\307\351\210\036"
 4526      CBCE9888 
 4526      8FC7E988 
 4526      1E
 4527 0358 827351E9 		.ascii	"\202sQ\351\304\037co\236,\351\364\217\006\023\313\262"
 4527      C41F636F 
 4527      9E2CE9F4 
 4527      8F0613CB 
 4527      B2
 4528 0369 E277BEC4 		.ascii	"\342w\276\304\0237N\227\364J\307\202\343o\242 \216\255"
 4528      13374E97 
 4528      F44AC782 
 4528      E36FA220 
 4528      8EAD
 4529 037b 6647A42B 		.ascii	"fG\244+dF#\001sw4\362Z(\030\263\314\346\216p \334\032"
 4529      64462301 
 4529      737734F2 
 4529      5A2818B3 
 4529      CCE68E70 
 4530 0392 EBD9138E 		.ascii	"\353\331\023\216\254\334\373\2675\231\275\221h\247\325"
 4530      ACDCFBB7 
 4530      3599BD91 
 4530      68A7D5
 4531 03a1 DD160CF9 		.ascii	"\335\026\014\371c\321\236\275\235f\353\363\3176m\363"
 4531      63D19EBD 
ARM GAS  /tmp/ccCPrn0v.s 			page 152


 4531      9D66EBF3 
 4531      CF366DF3 
 4532 03b1 EFDCBDEB 		.ascii	"\357\334\275\353I\177{8\332\325\333\026\015\231\254"
 4532      497F7B38 
 4532      DAD5DB16 
 4532      0D99AC
 4533 03c0 D1E733E9 		.ascii	"\321\3473\351\033\024\324\210UAF,\263\243\355u\323\212"
 4533      1B14D488 
 4533      5541462C 
 4533      B3A3ED75 
 4533      D38A
 4534 03d2 06C5EA0F 		.ascii	"\006\305\352\017\364\264\267\207\242\226/\310\224H`"
 4534      F4B4B787 
 4534      A2962FC8 
 4534      944860
 4535 03e1 5FF7869A 		.ascii	"_\367\206\232;\337\366P\373c{\036nz\204al_\267\357\177"
 4535      3BDFF650 
 4535      FB637B1E 
 4535      6E7A8461 
 4535      6C5FB7EF 
 4536 03f6 E422164D 		.ascii	"\344\"\026M\321X\343\336\260\263\367u0\354\262^\375"
 4536      D158E3DE 
 4536      B0B3F775 
 4536      30ECB25E 
 4536      FD
 4537 0407 073589F5 		.ascii	"\0075\211\365\026"
 4537      16
 4538              		.text
 4539              		.section	.gnu.lto_obqGetEmptyBufferTimeout.399.6de3afccbe28b4ce,"e",%progbits
 4540 0000 789C7D92 		.ascii	"x\234}\222]L\034U\024\307\317\177\206]v\323\304\330"
 4540      5D4C1C55 
 4540      14C7CF7F 
 4540      865D76D3 
 4540      C4D8
 4541 0012 9246F069 		.ascii	"\222F\360i\323\3046\321\262\323\224\022\365\255\225"
 4541      D3C436D1 
 4541      B2D39412 
 4541      F5AD95
 4542 0021 F8C1C326 		.ascii	"\370\301\303&\244\353\233\017\233\335a\200\221\016C"
 4542      A4EB9B0F 
 4542      9BDD6180 
 4542      910E43
 4543 0030 67765D89 		.ascii	"gv]\211!\\\301\326\2006Z\036h\255K)\211\232\370P\265"
 4543      215CC1D6 
 4543      80365A1E 
 4543      68AD4B29 
 4543      899AF850 
 4544 0045 46945442 		.ascii	"F\224TBW\267\024JK\250\372`\203\037m\240\305\007\222"
 4544      57B7144A 
 4544      4BA8FA60 
 4544      831F6DA0 
 4544      C50792
 4545 0058 06C4A6C4 		.ascii	"\006\304\246\304\264n\317\235\331\022|h\223\315\275"
 4545      B46ECF9D 
 4545      D9127C68 
 4545      93CDBD
 4546 0067 E79EF33B 		.ascii	"\347\236\363;\377\363\261S\241\022}\006\242\355D\004"
ARM GAS  /tmp/ccCPrn0v.s 			page 153


 4546      FFF3B153 
 4546      A1127D06 
 4546      A2ED4404 
 4547 0077 95D07FB4 		.ascii	"\225\320\177\264O!!\304\336r\005o\037\355\233=Rx\011"
 4547      4F2121C4 
 4547      DE72056F 
 4547      1FED9B3D 
 4547      527809
 4548 008a E7E03940 		.ascii	"\347\3409@]\012\2720\254\006\020\254@\031\237[\021\321"
 4548      5D0ABA30 
 4548      AC0610AC 
 4548      40199F5B 
 4548      11D1
 4549 009c 38B436B1 		.ascii	"8\2646\261\364\341G\301\311\236C\257tQ\347(\276c9\242"
 4549      F4E147C1 
 4549      C99E43AF 
 4549      7451E728 
 4549      BE6339A2 
 4550 00b0 0042EF80 		.ascii	"\000B\357\200\252\363B\\Y\033\025\"Lo\235E)\250(\275"
 4550      AAF3425C 
 4550      591B1522 
 4550      4C6F9D45 
 4550      29A828BD 
 4551 00c4 B854C5C0 		.ascii	"\270T\305\300\260\017,O\237Y\233\207\330\3221\266N\250"
 4551      B00F2C4F 
 4551      9F599B87 
 4551      D8D231B6 
 4551      4EA8
 4552 00d6 BDB85AE5 		.ascii	"\275\270Z\345\211|\016>\237\341*\313\227\316\334\270"
 4552      897C0E3E 
 4552      9FE12ACB 
 4552      97CEDCB8 
 4553 00e6 0ED12FD0 		.ascii	"\016\321/\3205\216\3652\275\270Y\265\211\316\201:9+"
 4553      358EF532 
 4553      BDB859B5 
 4553      89CE813A 
 4553      392B
 4554 00f8 804D44D9 		.ascii	"\200MD\331\037d\006\033\231\037=C6\270x<Hy\270\245g"
 4554      1F64061B 
 4554      991F3D43 
 4554      36B8783C 
 4554      4879B8A5 
 4555 010d EE8F8962 		.ascii	"\356\217\211b%\025\220\361\271\363X\007sc\223\277\007"
 4555      251590F1 
 4555      B9F35807 
 4555      736393BF 
 4555      07
 4556 011e 69020765 		.ascii	"i\002\007e\345w\025>e\177k\343\375\277\315>\231\023"
 4556      E577153E 
 4556      657F6BE3 
 4556      FDBFCD3E 
 4556      9913
 4557 0130 F9327B12 		.ascii	"\3712{\022Y\257\362\024\224P/\206\267qk\022\230\033"
 4557      59AFF214 
 4557      94502F86 
 4557      B7716B12 
 4557      981B
ARM GAS  /tmp/ccCPrn0v.s 			page 154


 4558 0142 288EEC2C 		.ascii	"(\216\354,\364\210)!\221\316\022\342m\301\253?\371q"
 4558      F4882921 
 4558      91CE12E2 
 4558      6DC1AB3F 
 4558      F971
 4559 0154 F022E802 		.ascii	"\360\"\350\002\262\304\365\246\361\240C\353\362z\341"
 4559      B2C4F5A6 
 4559      F1A043EB 
 4559      F27AE1
 4560 0163 2F0A7F55 		.ascii	"/\012\177Ur\213\226\004f\300~\316\006\306\361\345\317"
 4560      728B9604 
 4560      66C07ECE 
 4560      06C6F1E5 
 4560      CF
 4561 0174 81BCB85B 		.ascii	"\201\274\270[\374@\210_\337\307\312\314\322\205\315"
 4561      FC40885F 
 4561      DFC7CACC 
 4561      D285CD
 4562 0183 6105380B 		.ascii	"a\0058\013\025\030C\200\230 :\251\312\177L\224A\344"
 4562      15184380 
 4562      98203AA9 
 4562      CA7F4C94 
 4562      41E4
 4563 0195 898654C5 		.ascii	"\211\206T\305\177\364\360\343\216\"\346\217-Tz\367\011"
 4563      7FF4F0E3 
 4563      8E22E68F 
 4563      2D547AF7 
 4563      09
 4564 01a6 5D5EABB7 		.ascii	"]^\253\267\007\376]\270\276E\216,\235E?\270\2722\370"
 4564      07FE5DB8 
 4564      BE458E2C 
 4564      9D453FB8 
 4564      BA32F8
 4565 01b9 E78901A0 		.ascii	"\347\211\001\240\340{W\347\3028\357\231\253#\247\377"
 4565      E07B57E7 
 4565      C238EF99 
 4565      AB23A7FF 
 4566 01c9 5BBA5A81 		.ascii	"[\272Z\201\011?0tK\342\335\247\024\302\024\2026vy\314"
 4566      093F3074 
 4566      4BE2DDA7 
 4566      14C21482 
 4566      367679CC 
 4567 01dd BD4FBEBD 		.ascii	"\275O\276\2756\010\\\364\231\357\257\2051\015\272\253"
 4567      36085CF4 
 4567      99EFAF85 
 4567      310DBAAB 
 4568 01ed 746F9353 		.ascii	"to\223S\274\307\237\313\216\234z8\324\032@\2307r\005"
 4568      BCC79FCB 
 4568      8E9C7A38 
 4568      D41A4098 
 4568      377205
 4569 0200 C4D74F98 		.ascii	"\304\327O\230\225\243\357\030\342\200)\335\277@v\333"
 4569      95A3EF18 
 4569      E28029DD 
 4569      BF4076DB 
 4570 0210 BDFCCDE9 		.ascii	"\275\374\315\351\223\267BR\335k\376\357\225\301\177"
 4570      93B74252 
ARM GAS  /tmp/ccCPrn0v.s 			page 155


 4570      DD6BFEEF 
 4570      95C17F
 4571 021f E63E45A9 		.ascii	"\346>E\251\231\371;s\240{JO\204\372\2404\033\354T\036"
 4571      99F93B73 
 4571      A07B4A4F 
 4571      84FAA034 
 4571      1BEC541E 
 4572 0233 F3A8D123 		.ascii	"\363\250\321#\271\205\020\177\246\034<t\252F\015p8\231"
 4572      B985107F 
 4572      A61C3C74 
 4572      AA460D70 
 4572      3899
 4573 0245 20521555 		.ascii	" R\025UU6K\331\010\357I\015\370#\224&\276=\360\325\""
 4573      55364BD9 
 4573      08EF490D 
 4573      F8239426 
 4573      BE3DF0D5 
 4574 025a EFE1B2AF 		.ascii	"\357\341\262\257<\262x\034\230\331\240\376\332\314\006"
 4574      3CB2781C 
 4574      98D9A0FE 
 4574      DACC06
 4575 0269 F5AF7DF5 		.ascii	"\365\257}\365\"O^\3132$W\016\177\313\335y\371\214k-"
 4575      224F5ECB 
 4575      3224570E 
 4575      7FCBDD79 
 4575      F98C6B2D 
 4576 027d B665688E 		.ascii	"\266eh\216\235\322\032\034\373uCO\273Z]\213\2312\343"
 4576      9DD21A1C 
 4576      FB75434F 
 4576      BB5A5D8B 
 4576      9932E3
 4577 0290 E94CA369 		.ascii	"\351L\243io\264\023\273k\264\254\355\264\272\355I\335"
 4577      6FB413BB 
 4577      6BB4ACED 
 4577      B4BAED49 
 4577      DD
 4578 02a1 48A49D4C 		.ascii	"H\244\235L[\253\026\1775V\263;\361rC\375\013\211&\323"
 4578      5BAB167F 
 4578      3556B33B 
 4578      F17243FD 
 4578      0B8926D3 
 4579 02b5 B1B249C7 		.ascii	"\261\262I\307\320\250:\032\325\370\247\313T\333-\221"
 4579      D0A83A1A 
 4579      D5F8A7CB 
 4579      54DB2D91 
 4580 02c5 B6ABB524 		.ascii	"\266\253\265$\017h\256\243\313;\221\31245\031\216\033"
 4580      0F68AEA3 
 4580      CB3B91CA 
 4580      3435198E 
 4580      1B
 4581 02d6 D5A9CC4E 		.ascii	"\325\251\314N\035l\177\342\177\276\350\363F\323s\215"
 4581      1D6C7FE2 
 4581      7FBEE8F3 
 4581      46D3738D 
 4582 02e6 7B6A6AA9 		.ascii	"{jj\251<mZ\206\235I\253\226\333\034}\204\254\355\362"
 4582      3C6D5A86 
 4582      9D49AB96 
ARM GAS  /tmp/ccCPrn0v.s 			page 156


 4582      DB1C7D84 
 4582      ACEDF2
 4583 02f9 E1A4ABDB 		.ascii	"\341\244\253\333L\337\216\266\320\323\017\301\235\264"
 4583      4CDF8EB6 
 4583      D0D30FC1 
 4583      9DB4
 4584 0307 66B6E907 		.ascii	"f\266\351\0072\215\006\307\334\016\227\321\362T\322"
 4584      328D06C7 
 4584      DC0E97D1 
 4584      F254D2
 4585 0316 351A1CF3 		.ascii	"5\032\034\363\305\207\244\350\266e\331m\232\361fZ\333"
 4585      C587A4E8 
 4585      B665D96D 
 4585      9AF1665A 
 4585      DB
 4586 0327 B73FA6D5 		.ascii	"\267?\246\325\305\342\365q\255\316\346Y\353\037(Y\256"
 4586      C5E2F571 
 4586      ADCEE659 
 4586      EB1F2859 
 4586      AE
 4587 0338 E9269A75 		.ascii	"\351&\232u\235\325j\037\255\322n;\274c\326y\343\331"
 4587      9DD56A1F 
 4587      ADD26E3B 
 4587      BC63D679 
 4587      E3D9
 4588 034a EA18533A 		.ascii	"\352\030S:\353p\326\343\261\370\376\210\354\243\335"
 4588      EB70D6E3 
 4588      B1F8FE88 
 4588      ECA3DD
 4589 0359 3177469E 		.ascii	"1wF\236\332E\212C\345\226a\331N\007\335\007\261\230"
 4589      DA458A43 
 4589      E59661D9 
 4589      4E07DD07 
 4589      B198
 4590 036b A761     		.ascii	"\247a"
 4591              		.text
 4592              		.section	.gnu.lto_obqGetEmptyBufferTimeoutS.400.6de3afccbe28b4ce,"e",%progbits
 4593 0000 789C7D53 		.ascii	"x\234}SmH[W\030~\337s\356\275I\014\312\232n\254\205"
 4593      6D485B57 
 4593      187EDF73 
 4593      EEBD490C 
 4593      CA9A6EAC 
 4594 0015 FDB0FF06 		.ascii	"\375\260\377\006\303\334Qm\351~\014\312\012[\367c\320"
 4594      C3DC516D 
 4594      E97E0CCA 
 4594      0A5BF763 
 4594      D0
 4595 0026 CD8DD11F 		.ascii	"\315\215\321\037#\2304\326\314\246\261\371 +\305\345"
 4595      239834D6 
 4595      CCA6B1F9 
 4595      202BC5E5 
 4596 0036 1AB53611 		.ascii	"\032\2656\021\247\361\207\306\"U7:\272/\2725\035\265"
 4596      A7F187C6 
 4596      2255373A 
 4596      BA2FBA35 
 4596      1DB5
 4597 0048 DA6A6A6D 		.ascii	"\332jjmttb)ec\254l\305\037A\367\001\272\215\306Q\305"
ARM GAS  /tmp/ccCPrn0v.s 			page 157


 4597      74746229 
 4597      6563AC6C 
 4597      C51F41F7 
 4597      01BA8DC6 
 4598 005e BDE7DC18 		.ascii	"\275\347\334\030W\006\013\311\315s\316y\236\347\274"
 4598      57060BC9 
 4598      CD73CE79 
 4598      9EE7BC
 4599 006d CF7BCE7D 		.ascii	"\317{\316}\300\001~\006\200\363\364\3032\300\336T\222"
 4599      C0017E06 
 4599      80F3F4C3 
 4599      32C0DE54 
 4599      92
 4600 007e 816118FB 		.ascii	"\201a\030\373-\014\373R\311B\372\243\227\361:\312\011"
 4600      2D0CFB52 
 4600      C942FAA3 
 4600      97F13ACA 
 4600      09
 4601 008f CED23D97 		.ascii	"\316\322=\227v\341\015\\Y\372\214)m\251\212\356\276"
 4601      76E10D5C 
 4601      59FA8C29 
 4601      6DA98AEE 
 4601      BE
 4602 00a0 7B2F2A0A 		.ascii	"{/*\012kO\331\345\314@\317\002\312)\025\323\275\037"
 4602      6B4FD9E5 
 4602      CC40CF02 
 4602      CA2915D3 
 4602      BD1F
 4603 00b2 AE0C66DE 		.ascii	"\256\014f\336\2232\033\366YMG\215\265\246:\031\331I"
 4603      93321BF6 
 4603      594D478D 
 4603      B5A63A19 
 4603      D949
 4604 00c4 5647AA42 		.ascii	"VG\252B\312,\230\216\243I\260bK\252L\"\204\030\343\212"
 4604      CA2C988E 
 4604      A349B062 
 4604      4BAA4C22 
 4604      8418E38A 
 4605 00d8 6AD3682E 		.ascii	"j\323h.\3064\330\372\214p\025\265\355H\233hOa\245N\354"
 4605      C634D8FA 
 4605      8C7015B5 
 4605      ED489B68 
 4605      4F61A54E 
 4606 00ed D55BBFF6 		.ascii	"\325[\277\366|\245\315\264\266\037\214A\363(^AAS\321"
 4606      7CA5CDB4 
 4606      B61F8C41 
 4606      F3285E41 
 4606      4153D1
 4607 0100 DA865095 		.ascii	"\332\206P\2255\214;\177\217\032\206\015N\215\241\271"
 4607      358C3B7F 
 4607      8F1A860D 
 4607      4E8DA1B9 
 4608 0110 388E8C25 		.ascii	"8\216\214%\360\257\035\304\0301\031\313\311\314\332"
 4608      F0AF1DC4 
 4608      183119CB 
 4608      C9CCDA
 4609 011f 021A8E93 		.ascii	"\002\032\216\223\327\212\224\353\310x\002[v\002\330"
ARM GAS  /tmp/ccCPrn0v.s 			page 158


 4609      D78A94EB 
 4609      C878025B 
 4609      7602D8
 4610 012e 019A2710 		.ascii	"\001\232'\020PEB\321I\024\276\237\210\347s\264\361\362"
 4610      504542D1 
 4610      4914BE9F 
 4610      88E773B4 
 4610      F1F2
 4611 0140 D9CC6F0F 		.ascii	"\331\314o\017\320\35050\226-*o\320\346\011L\357\024"
 4611      D0E83530 
 4611      962D2A6F 
 4611      D0E6094C 
 4611      EF14
 4612 0152 7CC21338 		.ascii	"|\302\0238\205\011\354\247\241\365\013\241\022\273\255"
 4612      8509ECA7 
 4612      A1F50BA1 
 4612      12BBAD
 4613 0161 DEED5C1B 		.ascii	"\336\355\\\033\257L\213\242\"71*e\323\310\324\004v\356"
 4613      AF4C8BA2 
 4613      2237312A 
 4613      65D3C8D4 
 4613      0476EE
 4614 0174 225FC1B8 		.ascii	"\"_\301\270\177:\221yf\320\310\266U\022\243\271\310"
 4614      7F3A9179 
 4614      66D0C8B6 
 4614      5512A3B9 
 4614      C8
 4615 0185 90A18A06 		.ascii	"\220\241\212\006\353\34353\255\306A*\330\324\347d\301"
 4615      EBE33533 
 4615      ADC6412A 
 4615      D8D4E764 
 4615      C1
 4616 0196 E9FFEA4B 		.ascii	"\351\377\352K\221r\246\336Ne\217\316\015\2741\203\267"
 4616      9172A6DE 
 4616      4E658FCE 
 4616      0DBC3183 
 4616      B7
 4617 01a7 10A6302A 		.ascii	"\020\2460*\002\316\"\345\022\313\027\357\252Ycm\243"
 4617      02CE22E5 
 4617      12CB17EF 
 4617      AA59636D 
 4617      A3
 4618 01b8 DB30BE4F 		.ascii	"\3330\276Oc\313\374\344\334\266'\020\230\306\200\251"
 4618      63CBFCE4 
 4618      DCB62710 
 4618      98C680A9 
 4619 01c8 1C984501 		.ascii	"\034\230E\001fU\201\201\015q\214\256\012\263\332\021"
 4619      66558181 
 4619      0D718CAE 
 4619      0AB3DA11 
 4620 01d8 AF613901 		.ascii	"\257a9\001\200s\034>\375\241\177/\032Y\200!\316$n%\\"
 4620      80731C3E 
 4620      FDA17F2F 
 4620      1A598021 
 4620      CE246E25 
 4621 01ed 60C6C240 		.ascii	"`\306\302@>\215t\350\260\316Z+!\211\314\337\010\300"
 4621      3E8D74E8 
ARM GAS  /tmp/ccCPrn0v.s 			page 159


 4621      B0CE5A2B 
 4621      2189CCDF 
 4621      08C0
 4622 01ff EC7269B0 		.ascii	"\354ri\260\036\004\237\257~9\362;/\011\206\362\027\220"
 4622      1E049FAF 
 4622      7E39F23B 
 4622      2F0986F2 
 4622      1790
 4623 0211 AE193C62 		.ascii	"\256\031<b\361\211\245\012N\315\327N\211\356}.\356\241"
 4623      F189A50A 
 4623      4ECDD74E 
 4623      89EE7D2E 
 4623      EEA1
 4624 0223 F5E8B1DB 		.ascii	"\365\350\261\333\010{\005\012}\213^\322?dm\277\334t"
 4624      087B050A 
 4624      7D8B5ED2 
 4624      3F646DBF 
 4624      DC74
 4625 0235 73D44268 		.ascii	"s\324Bh^\221!\256<\314\235\375q\313\360\353\374\263"
 4625      5E9121AE 
 4625      3CCC9DFD 
 4625      71CBF0EB 
 4625      FCB3
 4626 0247 C2AC2F39 		.ascii	"\302\254/9\3078+\372\\\250\221F*J+\317<\326\001\025"
 4626      C7382BFA 
 4626      5CA89146 
 4626      2A4A2BCF 
 4626      3CD60115 
 4627 025b 4778F1C9 		.ascii	"Gx\361\311\310\035\024\272x%N#g&\312!\227%\377y\276"
 4627      C81D14BA 
 4627      78254E23 
 4627      6726CA21 
 4627      9725FF79 
 4628 0270 7FB5B0E8 		.ascii	"\177\265\260\350\300\031\224\316\033\005\3126+\262\265"
 4628      C01994CE 
 4628      1B05CA36 
 4628      2BB2B5
 4629 027f 0FEFE1E5 		.ascii	"\017\357\341\345\224\316\365\016\0159\343v\346\020\312"
 4629      94CEF50E 
 4629      0D39E376 
 4629      E610CA
 4630 028e E5AB5D97 		.ascii	"\345\253]\227\363\263\016\212\203\323\233\256\271M\220"
 4630      F3B30E8A 
 4630      83D39BAE 
 4630      B94D90
 4631 029d 455E2E6D 		.ascii	"E^.m\256P\201\024\343>\305(\327b\245\030\352\360\360"
 4631      AE508114 
 4631      E33EC528 
 4631      D762A518 
 4631      EAF0F0
 4632 02b0 A56DA514 		.ascii	"\245m\245\024W\363\373\000:\270\302\313\225\213c+\223"
 4632      57F3FB00 
 4632      3AB8C2CB 
 4632      958B632B 
 4632      93
 4633 02c1 1D5D72E7 		.ascii	"\035]r\347s\334\366\335\307\213\337pD\022hT\277\241"
 4633      73DCF6DD 
ARM GAS  /tmp/ccCPrn0v.s 			page 160


 4633      C78BDF70 
 4633      44126854 
 4633      BFA1
 4634 02d3 6C2AFE18 		.ascii	"l*\376\030\355\032\314[E\353\037\261\251\011\033\347"
 4634      ED1ACC5B 
 4634      45EB1FB1 
 4634      A9091BE7 
 4635 02e3 8FB77084 		.ascii	"\217\267p\204\320\341{\370\266\331\302\245\003\234k"
 4635      D0E17BF8 
 4635      B6D9C2A5 
 4635      039C6B
 4636 02f2 874B5B5B 		.ascii	"\207K[[\316\314\377\344\020FX`\354ya\333q\206\235\204"
 4636      CECCFFE4 
 4636      10465860 
 4636      EC7961DB 
 4636      71869D84 
 4637 0306 B7E432B5 		.ascii	"\267\3442\265b\235)\274\214\342\326\276NC\033\333!E"
 4637      629D29BC 
 4637      8CE2D6BE 
 4637      4E431BDB 
 4637      2145
 4638 0318 D6D2B96F 		.ascii	"\326\322\271o\260\370~\340*\210\202UJ\364>\377 s\272"
 4638      B0F87EE0 
 4638      2A888255 
 4638      4AF43EFF 
 4638      2073BA
 4639 032b 5B9C2ABD 		.ascii	"[\234*\275\325[\325\3632\272U\024\001\2450\236\025\346"
 4639      D55BD5F3 
 4639      32BA5514 
 4639      01A5309E 
 4639      15E6
 4640 033d B57A43C0 		.ascii	"\265zC\300\357\325\203\001\267~(\030x\327\353\011\207"
 4640      EFD58301 
 4640      B77E2818 
 4640      78D7EB09 
 4640      87
 4641 034e F4030D3E 		.ascii	"\364\003\015>\267\2576\0349\342\013\374\033\273vW\353"
 4641      B7AF361C 
 4641      39E20BFC 
 4641      1BBB7657 
 4641      EB
 4642 035f D140B031 		.ascii	"\321@\2601\324T\347\361\272\302\301\310\361F\275\366"
 4642      D454E7F1 
 4642      BAC2C1C8 
 4642      F146BDF6 
 4643 036f CDD7AA77 		.ascii	"\315\327\252w\273^9\364\352K\256z_\320\037\255\013z"
 4643      BB5E39F4 
 4643      EA4BAE7A 
 4643      5FD01FAD 
 4643      0B7A
 4644 0381 75A8723A 		.ascii	"u\250r:u\372z\2044\020*2\003!\275\241\356\230\036\012"
 4644      75FA7A84 
 4644      34102A32 
 4644      0321BDA1 
 4644      EE981E0A 
 4645 0395 7AC4BFCB 		.ascii	"z\304\277\313\035\251\257\367\006CN\017(\001\367\211"
 4645      1DA9AFF7 
ARM GAS  /tmp/ccCPrn0v.s 			page 161


 4645      06434E0F 
 4645      2801F789 
 4646 03a5 A6A71F9B 		.ascii	"\246\247\037\233s\276\340\255\337w\244\246z\017X\302"
 4646      73BEE0AD 
 4646      DF77A4A6 
 4646      7A0F58C2 
 4647 03b5 3EBF3710 		.ascii	">\2777\020\011s\177\350(\017\237hr\376\217u D\217`\270"
 4647      09737FE8 
 4647      280F9F68 
 4647      72FE8F75 
 4647      20448F60 
 4648 03ca EAB8CFC4 		.ascii	"\352\270\317\304\316\006\370\007u\225\273\275"
 4648      CE06F807 
 4648      7595BBBD 
 4649              		.text
 4650              		.section	.gnu.lto_obqPostFullBuffer.401.6de3afccbe28b4ce,"e",%progbits
 4651 0000 789C7D92 		.ascii	"x\234}\222]H\024Q\024\307\317\271\263\273\356\022\201"
 4651      5D481451 
 4651      14C7CFB9 
 4651      B3BBEE12 
 4651      81
 4652 0011 14D1D693 		.ascii	"\024\321\326\223\030\021\224\356\204&\325[%\021>,H\333"
 4652      181194EE 
 4652      8426D55B 
 4652      25113E2C 
 4652      48DB
 4653 0023 6B2CBBE3 		.ascii	"k,\273\343\250\223\255\2433\273\331\026\2617\277HA\302"
 4653      A893ADA3 
 4653      33BBD916 
 4653      B137BF48 
 4653      41C2
 4654 0035 20C95A4D 		.ascii	" \311ZM\241\336\254\364\301P\263Z3[S\372|\250\260\310"
 4654      A1DEACF4 
 4654      C150B35A 
 4654      335B53FA 
 4654      7CA8B0C8 
 4655 0049 3EC08D04 		.ascii	">\300\215\004\211\014\332\"\333\356\235Y\305\036t\030"
 4655      890CDA22 
 4655      DBEE9D59 
 4655      C51E7418 
 4656 0059 EE3D1FBF 		.ascii	"\356=\037\277\363\277\347\334\231q\002p\025\001\266"
 4656      F3BFE7DC 
 4656      99710270 
 4656      1501B6
 4657 0068 00000A80 		.ascii	"\000\000\012\200\027Z\233\011PJ\367e\020<\333\332\354"
 4657      175A9B09 
 4657      504AF765 
 4657      103CDBDA 
 4657      EC
 4658 0079 C0BB6878 		.ascii	"\300\273hx\010\021\202\021\354\026D\346&\307f\273\006"
 4658      08118211 
 4658      EC1644E6 
 4658      26C766BB 
 4658      06
 4659 008a 6D8DB4C1 		.ascii	"m\215\264\301\371\025 \002\306cE\333z\264\260u\003f"
 4659      F9152002 
 4659      C66345DB 
ARM GAS  /tmp/ccCPrn0v.s 			page 162


 4659      7AB4B075 
 4659      0366
 4660 009c 59D15E8F 		.ascii	"Y\321^\217\220\033\243\364\371\227\001J\035pf\010#\203"
 4660      901BA3F4 
 4660      F997014A 
 4660      1D706608 
 4660      2383
 4661 00ae 38C0CE21 		.ascii	"8\300\316!\330\204\217\235\014\350N\003\013\006pzx\011"
 4661      D8848F9D 
 4661      0CE84E03 
 4661      0B06707A 
 4661      7809
 4662 00c0 204DF8CA 		.ascii	" M\370\312\011\260\306P&VdF\370>\202a\324\304\014\203"
 4662      09B0C650 
 4662      26566446 
 4662      F83E8261 
 4662      D4C40C83 
 4663 00d4 B53030D3 		.ascii	"\26500\323n\203{\030J\273\321\247c)'\214`\215\311=\300"
 4663      6E837B18 
 4663      4ABBD1A7 
 4663      6329278C 
 4663      608DC93D 
 4664 00e9 25307A23 		.ascii	"%0z#\376\316\006\243\2503\337N\011[\371\261\311\336"
 4664      FECE06A3 
 4664      A833DF4E 
 4664      095BF9B1 
 4664      C9DE
 4665 00fb 0B6F9F6D 		.ascii	"\013o\237m\216\322\230\245z\014\303\306\311\217\220"
 4665      8ED298A5 
 4665      7A0CC3C6 
 4665      C98F90
 4666 010a 64346177 		.ascii	"d4aw\266\025wp`\270-\325\2373ZG\307)G\"i\304\030\224"
 4666      B6157770 
 4666      60B82DD5 
 4666      9F335A47 
 4666      C7294722 
 4667 0122 CB26E357 		.ascii	"\313&\343Wlq\204\207\030\346\235\216\343b\207\352\304"
 4667      6C718487 
 4667      18E69D8E 
 4667      E36287EA 
 4667      C4
 4668 0133 D2C137EB 		.ascii	"\322\3017\353\022\233X\213*\007&\221\305y\365\255\227"
 4668      129B588B 
 4668      2A072691 
 4668      C579F5AD 
 4668      97
 4669 0144 D618FD93 		.ascii	"\326\030\375\223:O\351\353(\366\365%\023\355\304N\020"
 4669      3A4FE9EB 
 4669      28F6F525 
 4669      13EDC44E 
 4669      10
 4670 0155 8750401C 		.ascii	"\207P@\034f@\247\300o\237Z\220\306\330\207\021\210\351"
 4670      6640A7C0 
 4670      6F9F5A90 
 4670      C6D88711 
 4670      88E9
 4671 0167 D431E727 		.ascii	"\3241\347'\241\237\332\023N\276\317\017\266\375\376"
ARM GAS  /tmp/ccCPrn0v.s 			page 163


 4671      A19FDA13 
 4671      4EBECF0F 
 4671      B6FDFE
 4672 0176 FC611D1F 		.ascii	"\374a\035\037\222GS\237\315h\177\307\373\313m\210#f"
 4672      9247539F 
 4672      CD687FC7 
 4672      FBCB6D88 
 4672      2366
 4673 0188 747ECA81 		.ascii	"t~\312\201\017\014s\376W\317\337\3317\353q\324L\\\235"
 4673      0F0C73FE 
 4673      57CFDFD9 
 4673      37EB71D4 
 4673      4C5C9D
 4674 019b E3786D17 		.ascii	"\343xm\027\001|\204\266j\334i0\037\257\335\236\356@"
 4674      017C84B6 
 4674      6ADC6930 
 4674      1FAFDD9E 
 4674      EE40
 4675 01ad 8C9BCC9D 		.ascii	"\214\233\314\235i\007\216#\374!\265\331\274\357z\301"
 4675      69078E23 
 4675      FC21B5D9 
 4675      BCEF7AC1 
 4676 01bd 8ADB2E0A 		.ascii	"\212\333.\012\215\366\200\025\035l\212\247\010l{\206"
 4676      8DF68015 
 4676      1D6C8AA7 
 4676      086C7B86 
 4677 01cd 4FF8B0DB 		.ascii	"O\370\260\333.\261D\005\017\277@\336f\355\267dO\347"
 4677      2EB14405 
 4677      0FBF40DE 
 4677      66EDB764 
 4677      4FE7
 4678 01df 9C9DAB1B 		.ascii	"\234\235\253\033]\177\357\357\3701u\035\323\315|\372"
 4678      5D7FEFEF 
 4678      F831751D 
 4678      D3CD7CFA 
 4679 01ef 3985B040 		.ascii	"9\205\260@\352\262\240\031\211R\306\202d\255A\015\264"
 4679      EAB2A019 
 4679      8952C682 
 4679      64AD410D 
 4679      B4
 4680 0200 5C4ED8D9 		.ascii	"\\N\330\331\357\306\222\015FR\362\001\010D\020H\246"
 4680      EFC6920D 
 4680      4652F201 
 4680      08441048 
 4680      A6
 4681 0211 51172D4B 		.ascii	"Q\027-K\217\336;\303F\2370\305\372g.!N.\023<:i\010\246"
 4681      8FDE3BC3 
 4681      469F30C5 
 4681      FA672E21 
 4681      4E2E133C 
 4682 0229 5817832D 		.ascii	"X\027\203-\235\211s\310\025\371\323)\240y\227\2651\356"
 4682      9D8973C8 
 4682      15F9D329 
 4682      A07997B5 
 4682      31EE
 4683 023b 7AC47235 		.ascii	"z\304r5 \213\232\352\027\2135\365\230,\005u\261\260"
 4683      208B9AEA 
ARM GAS  /tmp/ccCPrn0v.s 			page 164


 4683      178B35F5 
 4683      982C0575 
 4683      B1B0
 4684 024d 5CF12B9E 		.ascii	"\\\361+\236`\250DQ\227\333\336\274|\261F\325*\364*\237"
 4684      60A84451 
 4684      97DBDEBC 
 4684      7CB146D5 
 4684      2AF42A9F 
 4685 0261 247B835A 		.ascii	"${\203Z\250\262B\364\034q\347\347y\017\025\027\035\360"
 4685      A8B242F4 
 4685      1C71E7E7 
 4685      790F1517 
 4685      1DF0
 4686 0273 962A5AA0 		.ascii	"\226*Z\240\306\247\311\"\344\272\\\"{%^\252\352iR\325"
 4686      C6A7C922 
 4686      E4BA5C22 
 4686      7B255EAA 
 4686      EA6952D5 
 4687 0287 C572DF71 		.ascii	"\305r\337qQ\327$\276{\375\241\322RY\323]\022XT\177u"
 4687      51D724BE 
 4687      7BFDA1D2 
 4687      5259D35D 
 4687      1258547F 
 4688 029c D5C6FF62 		.ascii	"\325\306\377b\256\275r\351\236\222]\371\005`\321\225"
 4688      AEBD72E9 
 4688      9E925DF9 
 4688      0560D195 
 4689 02ac 53B26B15 		.ascii	"S\262k\025=Ug\213\026\314\255TL\333U\016\333W\300\265"
 4689      3D55678B 
 4689      16CCAD54 
 4689      4CDB550E 
 4689      DB57C0B5 
 4690 02c0 A0A8544A 		.ascii	"\240\250TJ\307C%2\313\351a\235\241\031~\237.\027k\312"
 4690      C7432532 
 4690      CBE9619D 
 4690      A1197E9F 
 4690      2E176BCA 
 4691 02d4 C1154A24 		.ascii	"\301\025J$5\020P+E\371dP\334\177\330-\026\272=E\036"
 4691      3510502B 
 4691      45F96450 
 4691      DC7FD82D 
 4691      16BA3D45 
 4692 02e9 B1506543 		.ascii	"\261PeC\026-*\005tE\367\226I\022S+X]\245J\325\330\345"
 4692      162D2A05 
 4692      7445F796 
 4692      4912532B 
 4692      585DA54A 
 4693 0300 329D13BB 		.ascii	"2\235\023\273s\335\214\222\230\016\253\312t{\016g\361"
 4693      73DD8C92 
 4693      980EABCA 
 4693      747B0E67 
 4693      F1
 4694 0311 3EAA3425 		.ascii	">\2524%'k\353N \032d\004\344\200\252\205\341\037\002"
 4694      276BEB4E 
 4694      201A6404 
 4694      E480AA85 
 4694      E11F02
ARM GAS  /tmp/ccCPrn0v.s 			page 165


 4695 0324 EC8745   		.ascii	"\354\207E"
 4696              		.text
 4697              		.section	.gnu.lto_obqPostFullBufferS.402.6de3afccbe28b4ce,"e",%progbits
 4698 0000 789C6D54 		.ascii	"x\234mTmh\233U\024>\347\236\367}\363\331\364s,\330\016"
 4698      6D689B55 
 4698      143EE79E 
 4698      F77DF3D9 
 4698      F4732CD8 
 4699 0015 3A41D90F 		.ascii	":A\331\017\327\027V\025\367oZ\\\0312\230D\220\"\022"
 4699      D7175615 
 4699      F76F5A5C 
 4699      19329844 
 4699      902212
 4700 0028 DA346D63 		.ascii	"\3324mc\255Y\223\226\241e\364\355W\306\342\017\327\201"
 4700      AD599396 
 4700      A165F4ED 
 4700      57C6E20F 
 4700      D781
 4701 003a D46C9A5A 		.ascii	"\324l\232Z\305\037\202 X\177tc+u\263\260i\013\3321d"
 4701      C51F8220 
 4701      587F7463 
 4701      2B75B3B0 
 4701      690BDA31 
 4702 004f 327416CD 		.ascii	"2t\026\315\332\364_\021\035t]<\367\276\371\252k\310"
 4702      DAF45F11 
 4702      1D745D3C 
 4702      F7BEF9AA 
 4702      6BC8
 4703 0061 49EE3DEF 		.ascii	"I\356=\357s\236\363<\347\336\244U\007\370\002\000np"
 4703      739EF33C 
 4703      E7DEA455 
 4703      07F80200 
 4703      6E70
 4704 0073 A017F0FC 		.ascii	"\240\027\360\374dR\200eYG\034B\214O\276/\360*.\247f"
 4704      64528065 
 4704      59471C42 
 4704      8C4FBE2F 
 4704      F02A2EA7 
 4705 0088 0D6D6CD2 		.ascii	"\015ml\3227\233Y:\254\021g=*3\221\317h\370a\261F\027"
 4705      379B593A 
 4705      AC11673D 
 4705      2A3391CF 
 4705      68F861B1 
 4706 009e 89B29A33 		.ascii	"\211\262\2323y\204\201SE\204C|t\356\233\375\214\340"
 4706      79848153 
 4706      4584437C 
 4706      74EE9BFD 
 4706      8CE0
 4707 00b0 5DA3963A 		.ascii	"]\243\226:\267j/\234\230:\377\331~\033\342\022\027l"
 4707      B76A2F9C 
 4707      983AFFD9 
 4707      7E1BE212 
 4707      176C
 4708 00c2 C885D9CC 		.ascii	"\310\205\331\3143\332E\206d\226R\265\232\033/\026!\036"
 4708      33DA4586 
 4708      649652B5 
 4708      9A1B2F16 
ARM GAS  /tmp/ccCPrn0v.s 			page 166


 4708      211E
 4709 00d4 1C994CBA 		.ascii	"\034\231L\272l\226#\016\204aA\232n8\234.\267\007\207"
 4709      6C96230E 
 4709      8461419A 
 4709      6E389C2E 
 4709      B70787
 4710 00e7 71864CCE 		.ascii	"q\206L\316?X\334\370\364\252\221\260&\374Y\200aP/\035"
 4710      3F58DCF8 
 4710      F4AA91B0 
 4710      26FC5980 
 4710      61502F1D 
 4711 00fb 8D5AD4F8 		.ascii	"\215Z\324\370s\0176\352\350\034G8\270`Y?\255\317Y\226"
 4711      730F36EA 
 4711      E81C4738 
 4711      B860593F 
 4711      ADCF5996 
 4712 010f 0B4E5FC6 		.ascii	"\013N_\306\341K8\207\000\002\317\342\270\237\0013y\300"
 4712      E14B3887 
 4712      0002CFE2 
 4712      B89F0133 
 4712      79C0
 4713 0121 230518BA 		.ascii	"#\005\030\272R\004\210\2638\351\007\360\330\314\234"
 4713      520488B3 
 4713      38E907F0 
 4713      D8CC9C
 4714 0130 41415FAF 		.ascii	"AA_\257\350\013\326\303\334\007\226\365\227?}\353\350"
 4714      E80BD6C3 
 4714      DC0796F5 
 4714      973F7DEB 
 4714      E8
 4715 0141 53084213 		.ascii	"S\010B\023 t\342\320@\030:\207\3019\007\357\235\034"
 4715      2074E2D0 
 4715      40183A87 
 4715      C13907EF 
 4715      9D1C
 4716 0153 2EDEBB79 		.ascii	".\336\273y\357\341\265\227\243\002\204\303\307\271J"
 4716      EFE1B597 
 4716      A30284C3 
 4716      C7B94A
 4717 0162 8E2A8E6A 		.ascii	"\216*\216j\336\327p\324r\324\201p\326#^\301\006\304"
 4717      DED770D4 
 4717      72D48170 
 4717      D6235EC1 
 4717      06C4
 4718 0174 CBDC2E4D 		.ascii	"\313\334.M\220\343\027\241\265\0000M\302\336\214\360"
 4718      90E317A1 
 4718      B500304D 
 4718      C2DE8CF0 
 4719 0184 E65F61AD 		.ascii	"\346_a\255\336\271\357\207m1\326\010I\024}\275,\327"
 4719      DEB9EF87 
 4719      6D31D608 
 4719      49147DBD 
 4719      2CD7
 4720 0196 A3D2BF76 		.ascii	"\243\322\277v\313\257'\355\217-1\266r\006\011\251\336"
 4720      CBAF27ED 
 4720      8F2D31B6 
 4720      720609A9 
ARM GAS  /tmp/ccCPrn0v.s 			page 167


 4720      DE
 4721 01a7 1862C22D 		.ascii	"\030b\302-1\372\210\267\202\220+'\032\211\222ht\207"
 4721      31FA88B7 
 4721      82902B27 
 4721      1A899268 
 4721      7487
 4722 01b9 0148183C 		.ascii	"\001H\030<_\341\203\177\304x\266\205\010\277C5\311i"
 4722      5FE1837F 
 4722      C478B685 
 4722      08BF4335 
 4722      C969
 4723 01cb A2293E5C 		.ascii	"\242)>\\\325S\343\342y\027\311\271\236F\236\361W\362"
 4723      D553E3E2 
 4723      7917C9B9 
 4723      9E469EF1 
 4723      57F2
 4724 01dd 589CED47 		.ascii	"X\234\355G\257#</WC\337c\020d\213\261t\002I'\215;>d"
 4724      AF233C2F 
 4724      5743DF63 
 4724      10648BB1 
 4724      74024927 
 4725 01f5 C1953235 		.ascii	"\301\22525\307]\015N\326\027$8\310\260%8\013\022\034"
 4725      C75D0D4E 
 4725      D6172438 
 4725      C8B02538 
 4725      0B121C
 4726 0208 DCB4A8C0 		.ascii	"\334\264\250\300YR\240-n|\376\007H\005\272\262\264-"
 4726      5952A02D 
 4726      6E7CFE07 
 4726      4805BAB2 
 4726      B42D
 4727 021a C695E537 		.ascii	"\306\225\3457\337P'\335&\2650G\333\273J\223\366\372"
 4727      DF5027DD 
 4727      26B53047 
 4727      DBBB4A93 
 4727      F6FA
 4728 022c 0F7813F9 		.ascii	"\017x\023\371y\202%\265\375\210\363(\366(\032\2355Z"
 4728      798225B5 
 4728      FD88F328 
 4728      F6281A9D 
 4728      355A
 4729 023e 9AA4C1C2 		.ascii	"\232\244\301\302xV\357\356\034\3255\266\347\332il\206"
 4729      7856EFEE 
 4729      1CD535B6 
 4729      E7DA696C 
 4729      86
 4730 024f 5781657C 		.ascii	"W\201e|\3256&G\351&\227\021(\215\322Cn\333\207\267\340"
 4730      D5362647 
 4730      E9269711 
 4730      288DD243 
 4730      6EDB87B7 
 4731 0264 C3237DF8 		.ascii	"\303#}\370\363>\274%\037\306\332R\252Y\366\247]l\224"
 4731      F33EBC25 
 4731      1FC6DA52 
 4731      AA59F6A7 
 4731      5D6C94
 4732 0277 1B582933 		.ascii	"\033X)3p\253d\300Q4\240\027\015lvK\035\363\353\373\250"
ARM GAS  /tmp/ccCPrn0v.s 			page 168


 4732      70AB64C0 
 4732      5134A017 
 4732      0D6C764B 
 4732      1DF3EBFB 
 4733 028c E2F103E9 		.ascii	"\342\361\003\351\277\215\307\225\356\321\217\327\237"
 4733      BF8DC795 
 4733      EED18FD7 
 4733      9F
 4734 0299 E649BD82 		.ascii	"\346I\275\202\240 k8\324\371\013\002\237\205\244x\320"
 4734      A0206B38 
 4734      D4F90B02 
 4734      9F85A478 
 4734      D0
 4735 02aa AD9CAF13 		.ascii	"\255\234\257\023\371v\261~\247`=\235X\026TI>\366\236"
 4735      F976B17E 
 4735      A7603D9D 
 4735      58165449 
 4735      3EF69E
 4736 02bd CB1FEAB5 		.ascii	"\313\037\352\265\315$\346K\326\250\254\346\256\254\241"
 4736      CD24E64B 
 4736      D6A8ACE6 
 4736      AEACA1
 4737 02cc 4AC5BEC5 		.ascii	"J\305\276\305wT)\334KU\273\\\231\337\012W\346\333\304"
 4737      775429DC 
 4737      4B55BB5C 
 4737      99DF0A57 
 4737      E6DBC4
 4738 02df A2A06AAA 		.ascii	"\242\240j\252\240*\011/\021\347\301\320\177Oz\241jE"
 4738      A02A092F 
 4738      11E7C1D0 
 4738      7F4F7AA1 
 4738      6A45
 4739 02f1 BA5D20DD 		.ascii	"\272] \335G5\273\330^\305cL\312\363\377\375\372\023"
 4739      4735BBD8 
 4739      5EC5634C 
 4739      CAF3FFFD 
 4739      FA13
 4740 0303 CC59939F 		.ascii	"\314Y\223\237\277s\204\237\212\342\257'w\377\200\"\371"
 4740      BF73849F 
 4740      8AE2AF27 
 4740      77FF8022 
 4740      F9
 4741 0314 B2816A77 		.ascii	"\262\201jw!\371\023[\355\331m&o\213\202Ko\031 \243\004"
 4741      21F9135B 
 4741      EDD96D26 
 4741      6F8B824B 
 4741      6F1920A3 
 4742 0329 D52A6A57 		.ascii	"\325*jW\361h\024\365TV\351\373{\315\367\277\361\250"
 4742      F16814F5 
 4742      5456E9FB 
 4742      7BCDF7BF 
 4742      F1A8
 4743 033b C2357C19 		.ascii	"\3025|\031\300\350G\033\373I6\357\245\202\352\036\227"
 4743      C0E8471B 
 4743      FB4936EF 
 4743      A582EA1E 
 4743      97
ARM GAS  /tmp/ccCPrn0v.s 			page 169


 4744 034c D1B2812F 		.ascii	"\321\262\201/\332^\262\354\245\316h\261/\023\267t\377"
 4744      DA5EB2EC 
 4744      A5CE68B1 
 4744      2F13B774 
 4744      FF
 4745 035d 9C9ACD94 		.ascii	"\234\232\315\224\334Lg\017\3307\212\352\200\032D\243"
 4745      DC4C670F 
 4745      D8378AEA 
 4745      801A44A3 
 4746 036d C2784AB2 		.ascii	"\302xJ\262rb\364\336l\326\251\212\323\204\366\003\371"
 4746      7262F4DE 
 4746      6CD6A98A 
 4746      D384F603 
 4746      F9
 4747 037e AF021030 		.ascii	"\257\002\0200{\242}a3\026\3550O\304\242o\205C\003q\263"
 4747      7BA27D61 
 4747      3316ED30 
 4747      4FC4A26F 
 4747      85430371 
 4748 0393 A527D211 		.ascii	"\245'\322\021\011\014\014vF\242\345\353\340\241f\363"
 4748      090C0C76 
 4748      46A2E5EB 
 4748      E0A166F3 
 4749 03a3 5434D61B 		.ascii	"T4\326\033?\331\036\012\007\007b\203\357\364\232\201"
 4749      3FD91E0A 
 4749      07076283 
 4749      EFF49A81 
 4750 03b3 D78E371F 		.ascii	"\327\2167\037\012\266\2368\366R\260+\022\353;\325\036"
 4750      0AB69E38 
 4750      F652B02B 
 4750      12EB3BD5 
 4750      1E
 4751 03c4 0B9B70B0 		.ascii	"\013\233p\260\251\311\344wH\226F\343yd4n\366\264\277"
 4751      A9C9E477 
 4751      489646E3 
 4751      7964346E 
 4751      F6B4BF
 4752 03d7 6DC66321 		.ascii	"m\306c!\371\035\354\030\354\352\012\307\342M!\320\242"
 4752      F91DEC18 
 4752      ECEA0AC7 
 4752      E24D21D0 
 4752      A2
 4753 03e8 1DFD27F7 		.ascii	"\035\375'\367\356\3105\035\016w\275\320\371l\363s\240"
 4753      EEC8351D 
 4753      0E77BDD0 
 4753      F96CF373 
 4753      A0
 4754 03f9 C523EF85 		.ascii	"\305#\357\205\377\003\371R\376\017"
 4754      FF03F952 
 4754      FE0F
 4755              		.text
 4756              		.section	.gnu.lto_obqPutTimeout.403.6de3afccbe28b4ce,"e",%progbits
 4757 0000 789C7D53 		.ascii	"x\234}S}lSU\024?\347\336\327\327\316\2621 \270I4YH\010"
 4757      7D6C5355 
 4757      143FE7DE 
 4757      D7D7CEB2 
 4757      3120B849 
ARM GAS  /tmp/ccCPrn0v.s 			page 170


 4758 0018 06D91E32 		.ascii	"\006\331\0362\020\374\017%\006\027\323\210Lc\214\177"
 4758      10FC0F25 
 4758      0617D388 
 4758      4C638C7F 
 4759 0028 346BD7B1 		.ascii	"4k\327\261:\2727\336k\205I\226=6\266e3\013\351H&\231"
 4759      3ABA37DE 
 4759      6B854996 
 4759      3D36B665 
 4759      330BE948 
 4760 003e 63300C89 		.ascii	"c0\014\211D@T\246\023q\026\367\301\2472@\203l\260\341"
 4760      444054A6 
 4760      137116F7 
 4760      C1A73240 
 4760      836CB0E1 
 4761 0052 80392892 		.ascii	"\2009(\222\001\012\003\206\365\334\327RK\004\232\336"
 4761      010A0386 
 4761      F5DCD752 
 4761      4B049ADE 
 4762 0062 F7EE3BE7 		.ascii	"\367\356;\347w~\367w>n\203\005\340S\004\250\007\000"
 4762      777EF777 
 4762      3E6E8305 
 4762      E05304A8 
 4762      0700
 4763 0074 4C026C08 		.ascii	"L\002l\010\32610\014c\221\225\261\312\340\207\014\367"
 4763      D631300C 
 4763      639195B1 
 4763      CAE0870C 
 4763      F7
 4764 0085 E3F0D50D 		.ascii	"\343\360\325\015v\251*\230\322\024\2742O\342l]\320~"
 4764      76A92A98 
 4764      D214BC32 
 4764      4FE26C5D 
 4764      D07E
 4765 0097 A1E6CE04 		.ascii	"\241\346\316\004ai\036\253\312\226$\334\330\260\365"
 4765      61691EAB 
 4765      CA9624DC 
 4765      D8B0F5
 4766 00a6 5A5FDB6A 		.ascii	"Z_\333j3\312\302\252\203\366\272]\353\247J5\301\224"
 4766      33CAC2AA 
 4766      83F6BA5D 
 4766      EBA74A35 
 4766      C194
 4767 00b8 9BC74767 		.ascii	"\233\307GgI2~\024\347\264\232\330\333m#6\3425-6\\\033"
 4767      49327E14 
 4767      E7B49AD8 
 4767      DB6D2336 
 4767      E2352D36 
 4768 00ce F7229433 		.ascii	"\367\"\2243.Yd2\226c+\267\240<\005%zN\305\014\205\000"
 4768      2E596432 
 4768      96632BB7 
 4768      A03C0525 
 4768      7A4EC50C 
 4769 00e4 63DDE1D1 		.ascii	"c\335\341\321S\362\201\312\252W\313\241\254\035\277"
 4769      53F281CA 
 4769      AA57CBA1 
 4769      AC1DBF
 4770 00f3 21D50016 		.ascii	"!\325\000\026\264\255C\310\014\031F\357\331v\303H\202"
ARM GAS  /tmp/ccCPrn0v.s 			page 171


 4770      B4AD43C8 
 4770      0C1946EF 
 4770      D976C348 
 4770      82
 4771 0104 357B31E6 		.ascii	"5{1\346d\254\026{\322\010\320\032\003\334\335c\030\034"
 4771      64AC167B 
 4771      D208D01A 
 4771      03DCDD63 
 4771      181C
 4772 0116 4AF761D9 		.ascii	"J\367a\331\374\271\344\346\265xR\270?\211\272G\017\266"
 4772      FCB9E4E6 
 4772      B57852B8 
 4772      3F89BA47 
 4772      0FB6
 4773 0128 ED184263 		.ascii	"\355\030Bc\362\252\2168\201T\213\003i\346\031\237!="
 4773      F2AA8E38 
 4773      81548B03 
 4773      69E6199F 
 4773      213D
 4774 013a 9F2311A3 		.ascii	"\237#\021\243\207\332.\234C\243\301\300\362\020\306"
 4774      87DA2E9C 
 4774      43A3C1C0 
 4774      F210C6
 4775 0149 55D46238 		.ascii	"U\324b8\315\016\373\021\312\000H\267\035 \320)\"\354"
 4775      CD0EFB11 
 4775      CA0048B7 
 4775      1D20D029 
 4775      22EC
 4776 015b 14D13EDE 		.ascii	"\024\321>\336$\303\217\030\000\262va\334<v\245)\345"
 4776      24C38F18 
 4776      00B27661 
 4776      DC3C76A5 
 4776      29E5
 4777 016d BEB92766 		.ascii	"\276\271'f\006\320\017\3066+\017\305\201\027\315x5\366"
 4777      06D00FC6 
 4777      362B0FC5 
 4777      8117CD78 
 4777      35F6
 4778 017f D93CD81D 		.ascii	"\331<\330\035I\207\303\2702\212;\202q`s\307\20132\034"
 4778      4987C3B8 
 4778      328A3B82 
 4778      716073C7 
 4778      8133321C 
 4779 0193 459F105C 		.ascii	"E\237\020\\\313\350)\322\032;\321\320\177lZ\263\021"
 4779      CBE829D2 
 4779      1A3BD1D0 
 4779      7F6C5AB3 
 4779      11
 4780 01a4 928A7E46 		.ascii	"\222\212~F\335\024|\014\331\023\265\330:\2352\022\200"
 4780      DD147C0C 
 4780      D913B5D8 
 4780      3A9D3212 
 4780      80
 4781 01b5 81C648DB 		.ascii	"\201\306H\333\354\316J\343\240! e1\210Y[\363\374\003"
 4781      ECCE4AE3 
 4781      A0212065 
 4781      3188595B 
ARM GAS  /tmp/ccCPrn0v.s 			page 172


 4781      F3FC03
 4782 01c8 1FCBBD08 		.ascii	"\037\313\275\010?\241.\244\036GRHN\304\020~~\302\022"
 4782      3FA12EA4 
 4782      1E475248 
 4782      4EC4107E 
 4782      7EC212
 4783 01db 32C623EB 		.ascii	"2\306#\353\215\320\037S\327~Y\177\346LG=>\205\300\354"
 4783      8DD01F53 
 4783      D77E597F 
 4783      E64C473D 
 4783      3E85C0EC 
 4784 01ef 8C16A725 		.ascii	"\214\026\247%\321\262\320\222\201M\260\322\262\001\203"
 4784      D1B2D092 
 4784      814DB0D2 
 4784      B20183
 4785 01fe 64C4BD98 		.ascii	"d\304\275\230\202\330\201\251@\034\223\020\367\021]"
 4785      82D881A9 
 4785      401C9310 
 4785      F7115D
 4786 020d 0B8708FD 		.ascii	"\013\207\010\3758\032!\200\315\234E?*\351\343\0263\206"
 4786      381A2180 
 4786      CD9C453F 
 4786      2AE9E316 
 4786      3386
 4787 021f 36843722 		.ascii	"6\2047\"\015\214\271o,\022\257\033\367\032\357\234?"
 4787      0D8CB96F 
 4787      2C12AF1B 
 4787      F71AEF9C 
 4787      3F
 4788 0230 3759242F 		.ascii	"7Y$/\214\221\363\351\246\365\366\246\201\246F\304\303"
 4788      8C91F3E9 
 4788      A6F5F6A6 
 4788      81A646C4 
 4788      C3
 4789 0241 51EB8DBE 		.ascii	"Q\353\215\276$<bno|\277\363\237\360oS\360h\324\261\371"
 4789      243C626E 
 4789      6F7CBFF3 
 4789      9FF06F53 
 4789      F068D4B1 
 4790 0256 AA80576C 		.ascii	"\252\200Wla\200\307P.\3029&f\333\266\257\0077!\366F"
 4790      6180C750 
 4790      2EC23926 
 4790      66DBB6AF 
 4790      073721F6 
 4791 026b 31DF0D26 		.ascii	"1\337\015&\341q\204qV1]$\\Om\235\331\302\253m\036\013"
 4791      E1718471 
 4791      56315D24 
 4791      5C4F6D9D 
 4791      D9C2AB6D 
 4792 0281 5D13805F 		.ascii	"]\023\200_\020\350\365+\236\024\325\237\331J\016\267"
 4792      10E8F52B 
 4792      9E14D59F 
 4792      D94A0EB7 
 4793 0291 309F42A1 		.ascii	"0\237B\241\270bt\337\316\226\2536\301n&p\375\366\246"
 4793      B86274DF 
 4793      CE96AB36 
 4793      C16E2670 
ARM GAS  /tmp/ccCPrn0v.s 			page 173


 4793      FDF6A6
 4794 02a4 BFFAB661 		.ascii	"\277\372\266aL\314\320\255>\204{\2542\003\352\220\345"
 4794      4CCCD0AD 
 4794      3E847BAC 
 4794      3203EA90 
 4794      E5
 4795 02b5 39C9C826 		.ascii	"9\311\310&\231\250\366\372\346\260\270\030p\227Ut\\"
 4795      99A8F6FA 
 4795      E6B0B818 
 4795      70975574 
 4795      5C
 4796 02c6 4AE648B3 		.ascii	"J\346H\263\277F\360\357\020w\305\366n>\305\275 v\336"
 4796      BF46F0EF 
 4796      1077C5F6 
 4796      6E3EC5BD 
 4796      2076DE
 4797 02d9 7E7C870E 		.ascii	"~|\207\016\273\311\326]\352\234\306Q\366\232C(\012\307"
 4797      BBC9D65D 
 4797      EA9CC651 
 4797      F69A4328 
 4797      0AC7
 4798 02eb 77DF6C39 		.ascii	"w\337l9\015\361\302m\016?K'UmY\300S\351\254\267\337"
 4798      0DF1C26D 
 4798      0E3F4B27 
 4798      556D59C0 
 4798      53E9ACB7 
 4799 0300 A2E94CE6 		.ascii	"\242\351L\346)\354I\2411\203\252\317SM\330\027\004#"
 4799      29EC49A1 
 4799      3183AACF 
 4799      534DD817 
 4799      0423
 4800 0312 B2CB9D2E 		.ascii	"\262\313\235.\236*\227\307\311\244H\244fr\234\353\253"
 4800      9E2A97C7 
 4800      C9A448A4 
 4800      66729CEB 
 4800      AB
 4801 0323 F0C258E5 		.ascii	"\360\302X\345w\017S\345\273\243\271\264\015Skz\022\362"
 4801      770F53E5 
 4801      BBA3B9B4 
 4801      0D536B7A 
 4801      12F2
 4802 0335 79A3279E 		.ascii	"y\243'\236\317\267\365{\302\355f\343\004\233\205F\351"
 4802      CFB7F57B 
 4802      C2ED66E3 
 4802      049B8546 
 4802      E9
 4803 0346 CFFF7AFA 		.ascii	"\317\377z\372C8\335\314s\373\004\316\036\222\341\357"
 4803      4338DDCC 
 4803      73FB04CE 
 4803      1E92E1EF 
 4804 0356 66860468 		.ascii	"f\206\004h\336>\321t\216`\351\007g\021\270I=\324[\024"
 4804      DE3ED174 
 4804      8E60E907 
 4804      6711B849 
 4804      3DD45B14 
 4805 036a 2D12E7FC 		.ascii	"-\022\347\374!\301\027b\301\225{\252/\"\2278\307\347"
 4805      21C11762 
ARM GAS  /tmp/ccCPrn0v.s 			page 174


 4805      C1957BAA 
 4805      2F229738 
 4805      C7E7
 4806 037c 05FC7A1D 		.ascii	"\005\374z\035\306\300#<\001=,\320\\2yO\337W\3654\267"
 4806      C6C0233C 
 4806      013D2CD0 
 4806      5C32794F 
 4806      DF57F534 
 4807 0391 3C847804 		.ascii	"<\204x\004_\217\326}\220\352.qK\254P\362\271\277#[1"
 4807      5F8FD67D 
 4807      90EA2E71 
 4807      4BAC50F2 
 4807      B9BF235B 
 4808 03a6 9E5A3F95 		.ascii	"\236Z?\225\323$\231\301\345\377\2238.\343kQu-\325\231"
 4808      D32499C1 
 4808      E5FF9338 
 4808      2EE36B51 
 4808      752DD599 
 4809 03ba DCCA65D9 		.ascii	"\334\312e\331\201\3434\356\023E\247\314\032\346,1\373"
 4809      81E334EE 
 4809      1345A7CC 
 4809      1AE62C31 
 4809      FB
 4810 03cb 6465CF98 		.ascii	"de\317\230\354\326\007\013w-\234\236\330\207\316\204"
 4810      ECD6070B 
 4810      772D9C9E 
 4810      D887CE84 
 4811 03db 3E7425F6 		.ascii	">t%\366\241+a\256\256G\347J\260\331H\203!\231l\021V"
 4811      A12B61AE 
 4811      AE47E74A 
 4811      B0D94883 
 4811      21996C11 
 4812 03f0 B108B88D 		.ascii	"\261\010\270\215\3145\334\306S\245]\375\325\353E\273"
 4812      CC35DCC6 
 4812      53A55DFD 
 4812      D5EB45BB 
 4813 0400 7000AD2D 		.ascii	"p\000\255-\203\325\311t+1\212\256\010\211Ds\225B\325"
 4813      83D5C974 
 4813      2B318AAE 
 4813      08894473 
 4813      9542D5
 4814 0413 E75134D5 		.ascii	"\347Q4\325\245,\325\324\367<n\277\256,.\364\272\274"
 4814      A52CD5D4 
 4814      F73C6EBF 
 4814      AE2C2EF4 
 4814      BABC
 4815 0425 B9FE40BE 		.ascii	"\271\376@\276WM\334;\347f+\253T\255H/\311s{\234~-P\\"
 4815      574DDC3B 
 4815      E7662BAB 
 4815      54AD482F 
 4815      C9737B9C 
 4816 043d A4E4BEE9 		.ascii	"\244\344\276\351\310\236\353\\\2624\347eg\201W\363\255"
 4816      C89EEB5C 
 4816      B234E765 
 4816      678157F3 
 4816      AD
 4817 044e CAD33C0A 		.ascii	"\312\323<\012dfe)\364w\213PU\217!U])\314[\241\350\232"
ARM GAS  /tmp/ccCPrn0v.s 			page 175


 4817      64666529 
 4817      F4778B50 
 4817      558F2155 
 4817      5D29CC5B 
 4818 0465 5BBC9DAE 		.ascii	"[\274\235\256@A\201G\323\263\334 \251\256\225%i\017"
 4818      40418147 
 4818      D3B3DC20 
 4818      A9AE9525 
 4818      690F
 4819 0477 D8B25EF4 		.ascii	"\330\262^\364\024,\314\237\227=\037\320e\365{}\0365"
 4819      142CCC9F 
 4819      973D1FD0 
 4819      65F57B7D 
 4819      1E35
 4820 0489 E0E73E7D 		.ascii	"\340\347>}y\326c\210U\235\036\232?\263\330\033\335g"
 4820      79D66388 
 4820      559D1E9A 
 4820      3FB3D81B 
 4820      DD67
 4821 049b 15C2AC47 		.ascii	"\025\302\254G\3005\277\342-v\257\010\344{\310\247\227"
 4821      C035BFE2 
 4821      2D76AF08 
 4821      E47BC8A7 
 4821      97
 4822 04ac EA04B5BA 		.ascii	"\352\004\265\272\362t\317R\315\373\312#B\334\252\317"
 4822      F274CF52 
 4822      CDFBCA23 
 4822      42DCAACF 
 4823 04bc A7162B9E 		.ascii	"\247\026+\236\325~\345\245e\016e\261#7'WY\254R\2669"
 4823      D57EE5A5 
 4823      650E65B1 
 4823      23372757 
 4823      59AC52B6 
 4824 04d1 F7997CBA 		.ascii	"\367\231|\272Ww.w\273\211m\376\343YJT\215\252L<\357"
 4824      57772E77 
 4824      BB896DFE 
 4824      E3594A54 
 4824      8DAA4C3C 
 4825 04e6 2FC87410 		.ascii	"/\310t\020\312M<\024\225\352\310]\226!t\224h\336\331"
 4825      CA4D3C14 
 4825      95EAC85D 
 4825      96217494 
 4825      68DED9
 4826 04f9 1933E600 		.ascii	"\0313\346\000\323\300\352\363\370T\255\024\376\005\007"
 4826      D3C0EAF3 
 4826      F854AD14 
 4826      FE0507
 4827 0508 0D9E31   		.ascii	"\015\2361"
 4828              		.text
 4829              		.section	.gnu.lto_obqWriteTimeout.404.6de3afccbe28b4ce,"e",%progbits
 4830 0000 789C8D55 		.ascii	"x\234\215U}PT\327\025\277\347\336\267o?\370X\276a\332"
 4830      7D5054D7 
 4830      15BFE7DE 
 4830      B76F3FF8 
 4830      58BE61DA 
 4831 0014 66444C81 		.ascii	"fDL\201!\270\313hL\315\264\235I\312t2N\207\031\033\232"
 4831      21B8CB68 
ARM GAS  /tmp/ccCPrn0v.s 			page 176


 4831      4CCDB49D 
 4831      49CA7432 
 4831      4E87191B 
 4832 0029 E91F9D0E 		.ascii	"\351\037\235\016\003\270\352j\226\305]\250\261\031g"
 4832      03B8EA6A 
 4832      96C55DA8 
 4832      B11967
 4833 0038 5F409742 		.ascii	"_@\227Bj\"X#\312\207\2224\211\326j\214\326\200\326\020"
 4833      6A225823 
 4833      CA879234 
 4833      89D66A8C 
 4833      D680D610 
 4834 004c 22418889 		.ascii	"\"A\210\211B\211\210\200|\010\221\301\230\002\"\020"
 4834      42898880 
 4834      7C0891C1 
 4834      98022210 
 4835 005c 12457AEE 		.ascii	"\022Ez\356}\273\313\0221\323\235\275\357\235{\357\357"
 4835      7DBBCB12 
 4835      31D39DBD 
 4835      EF9D7BEF 
 4835      EF
 4836 006d 9E737EE7 		.ascii	"\236s~\347\234\373\316\246\000BN\002!O\341\200P\002"
 4836      9CFBCEA6 
 4836      00424E02 
 4836      214FE180 
 4836      5002
 4837 007f 65A52594 		.ascii	"e\245%\224(\212\362\214\226\322\302\322W)4\302\245\375"
 4837      288AF28C 
 4837      96D2C2D2 
 4837      572934C2 
 4837      A5FD
 4838 0091 A7646947 		.ascii	"\247diGi\360\251\341\317\237\226\030\374\315\207\220"
 4838      69F0A9E1 
 4838      CF9F9618 
 4838      FCCD8790 
 4839 00a1 606FE9C5 		.ascii	"`o\351\305\302\336\206\362e\320\002bEC\335\374\314\027"
 4839      C2DE86F2 
 4839      65D00262 
 4839      4543DDFC 
 4839      CC17
 4840 00b3 303CBA27 		.ascii	"0<\272'@*\337=\270\024n\300\201\322\257\237\224dZT\032"
 4840      402ADF3D 
 4840      B8146EC0 
 4840      81D2AF9F 
 4840      94645A54 
 4841 00c8 D0D97C9E 		.ascii	"\320\331|\236\361U8R\367\341/$-\034.{\363\333\353\356"
 4841      F1553852 
 4841      F7E12F24 
 4841      2D1C2E7B 
 4841      F3DBEBEE 
 4842 00dc CBB5B154 		.ascii	"\313\265\261T\234\326\321\375\273O.\305\3238\213\225"
 4842      9CD6D1FD 
 4842      BB4F2EC5 
 4842      D3388B95 
 4843 00ec 0E204E08 		.ascii	"\016 N\010z\250({S\325o\340\342R\325z\000\255T\321%"
 4843      7AA8287B 
 4843      53D56FE0 
ARM GAS  /tmp/ccCPrn0v.s 			page 177


 4843      E252D57A 
 4843      00AD54D1 
 4844 0101 C75F8F94 		.ascii	"\307_\217\224\252\020=\375\237\361$)\020\252|\220 Z"
 4844      AA103DFD 
 4844      9FF12429 
 4844      10AA7C90 
 4844      205A
 4845 0113 AD4284E1 		.ascii	"\255B\204\341\203^\303\301\334\360\235\3623/\011\220"
 4845      835EC3C1 
 4845      DCF09DF2 
 4845      332F0990 
 4846 0123 11F6BE7F 		.ascii	"\021\366\276\177\261\010Y\274%A\207j&\004^\361\221\004"
 4846      B10859BC 
 4846      2541876A 
 4846      26045EF1 
 4846      9104
 4847 0135 E2A24CD2 		.ascii	"\342\242L\322\310Z\235\336\020\020\030\024l\014\001"
 4847      C85A9DDE 
 4847      10101814 
 4847      6C0C01
 4848 0144 17D590F9 		.ascii	"\027\325\220\371_\015\323\200\034\016\022>#!\326\334"
 4848      5F0DD380 
 4848      1C0E123E 
 4848      2321D6DC 
 4849 0154 A028334D 		.ascii	"\240(3M\267wO\311\345um\212\336E\266\327A-p\234\006"
 4849      B7774FC9 
 4849      E5756D8A 
 4849      DE45B6D7 
 4849      412D709C 
 4850 0169 743B802C 		.ascii	"t;\200,\307\375\266\221:E\321\223\227\317\202g\223\322"
 4850      C7FDB691 
 4850      3A45D193 
 4850      97CF8267 
 4850      93D2
 4851 017b 62F8380A 		.ascii	"b\3708\012\0015\036\300\256\302\"%D\332v\316\007`\305"
 4851      01351EC0 
 4851      AEC22225 
 4851      44DA76CE 
 4851      0760C5
 4852 018e 709903FE 		.ascii	"p\231\003\376\256\002\306\377Q{\377\006(a\256z\037\202"
 4852      AE02C6FF 
 4852      517BFF06 
 4852      2861AE7A 
 4852      1F82
 4853 01a0 14433747 		.ascii	"\024C7G\274\263\300\306\326\006\037@*\206\233Q\302\215"
 4853      BCB3C0C6 
 4853      D6061F40 
 4853      2A869B51 
 4853      C28D
 4854 01b2 E380CF27 		.ascii	"\343\200\317'\270\232\243\265#\003\240\224)\340:\017"
 4854      B89AA3B5 
 4854      2303A094 
 4854      29E03A0F 
 4855 01c2 3E478B61 		.ascii	">G\213a\"*\2004\002\331N\010\262\302\002\311o\342'P"
 4855      222A8034 
 4855      02D94E08 
 4855      B2C202C9 
ARM GAS  /tmp/ccCPrn0v.s 			page 178


 4855      6FE22750 
 4856 01d6 705EF008 		.ascii	"p^\360\010[\232\205\200\021\232\351\254\220\311'\260"
 4856      5B9A8580 
 4856      119AE9AC 
 4856      90C927B0 
 4857 01e6 455D6F01 		.ascii	"E]o\001\337F\345H\323\\\014\371\024\234\352\316E\270"
 4857      DF46E548 
 4857      D35C0CF9 
 4857      149CEACE 
 4857      45B8
 4858 01f8 E0DBF9A8 		.ascii	"\340\333\371\250\371\272L>\003;w\006\343\254\001\356"
 4858      F9BA4C3E 
 4858      033B7706 
 4858      E3AC01EE 
 4859 0208 F1CC95B2 		.ascii	"\361\314\225\262\236\326\037U*\015\222\355\022\344\013"
 4859      9ED61F55 
 4859      2A0D92ED 
 4859      12E40B
 4860 0217 672E03D5 		.ascii	"g.\003\325\027CM\234\352\355\314\370\033s\247\223\033"
 4860      17434D9C 
 4860      EAEDCCF8 
 4860      1B73A793 
 4860      1B
 4861 0228 0B951685 		.ascii	"\013\225\026\205C\266{ \"\264\302\223\346\012\271\025"
 4861      43B67B20 
 4861      22B4C293 
 4861      E60AB915 
 4862 0238 C8E7904F 		.ascii	"\310\347\220O\320^\033\010\247u\2571\017\331\231\353"
 4862      D05E1B08 
 4862      A775AF31 
 4862      0FD999EB 
 4863 0248 EEB3B529 		.ascii	"\356\263\265)\037\213\343\256v\177\272\356h\356\341"
 4863      1F8BE3AE 
 4863      767FBAEE 
 4863      68EEE1
 4864 0257 17803470 		.ascii	"\027\2004p\2663ZUWw\251\322@\256x\211u\314\023;\207"
 4864      B6335A55 
 4864      5777A9D2 
 4864      40AE7889 
 4864      75CC133B 
 4865 026c C4CA6572 		.ascii	"\304\312er\325\313\254\363\373\314\256\011f\377\257"
 4865      D5CBACF3 
 4865      FBCCAE09 
 4865      66FFAF
 4866 027b CBDD40BA 		.ascii	"\313\335@\272T\227{\300\033\347\315\275>c\307\013\233"
 4866      54977BC0 
 4866      1BE7CDBD 
 4866      3E63C70B 
 4866      9B
 4867 028c 851F9B39 		.ascii	"\205\037\2339\242\017\304\206n\217 \205\333\343\365"
 4867      A20FC486 
 4867      6E8F2085 
 4867      DBE3F5
 4868 029b B5936A06 		.ascii	"\265\223j\006\255\003\376\224\312\004\245\033\200\007"
 4868      AD03FE94 
 4868      CA04A51B 
 4868      8007
ARM GAS  /tmp/ccCPrn0v.s 			page 179


 4869 02a9 7156EAA1 		.ascii	"qV\352\24143\\\261\202\014\252\252\206\270*DKp\036h"
 4869      34335CB1 
 4869      820CAAAA 
 4869      86B82A44 
 4869      4B701E68 
 4870 02bd 20B4030C 		.ascii	" \264\003\014\300{\355\232\006\345\376\334\353\212\322"
 4870      C07BED9A 
 4870      06E5FEDC 
 4870      EB8AD2
 4871 02cc 79164A5B 		.ascii	"y\026J[\357~\031\272\032\010\015\242\204\0063\034\022"
 4871      EF7E19BA 
 4871      1A080DA2 
 4871      8406331C 
 4871      12
 4872 02dd A1460D0E 		.ascii	"\241F\015\016\231\320\020-\276u\370\326\3430\340\010"
 4872      99D0102D 
 4872      BE75F8D6 
 4872      E330E008 
 4873 02ed C079208E 		.ascii	"\300y \216 \202\372\202Q0\342\010\301\021\212#\014\001"
 4873      2082FA82 
 4873      5130E208 
 4873      C1118A23 
 4873      0C01
 4874 02ff E1382208 		.ascii	"\3418\"\010\234\203H\376\210\342\260h\376\210\301\322"
 4874      9C8348FE 
 4874      88E2B068 
 4874      FE88C1D2 
 4875 030f 5D02500F 		.ascii	"]\002P\017q\200\353\313\000\316\302\343\000\015\020"
 4875      7180EBCB 
 4875      00CEC2E3 
 4875      000D10
 4876 031e 4FD0A104 		.ascii	"O\320\241\004\202\216%rX\022?\225\314%\023\227R\270"
 4876      828E2572 
 4876      58123F95 
 4876      CC251397 
 4876      52B8
 4877 0330 44483523 		.ascii	"DH5#\243\373\206cAi \344 \243B.D\371\033\252L\234\331"
 4877      A3FB8663 
 4877      416920E4 
 4877      20A3422E 
 4877      44F91BAA 
 4878 0347 7575B41C 		.ascii	"uu\264\034\360\373\205\263\202C\253\020/\273@l\015\366"
 4878      F0FB85B3 
 4878      8243AB10 
 4878      2FBB406C 
 4878      0DF6
 4879 0359 8CC6F077 		.ascii	"\214\306\360w\234\372\270G\013\333\213\200\001[\002"
 4879      9CFAB847 
 4879      0BDB8B80 
 4879      015B02
 4880 0368 5F02CE0A 		.ascii	"_\002\316\012\036\340\2142 \263tg,c% \377\361\017\204"
 4880      1EE08C32 
 4880      20B37467 
 4880      2C632520 
 4880      FFF10F84 
 4881 037c 302AE3B7 		.ascii	"0*\343\267\200\206\223i\272\343\253T\306`X\204\032\315"
 4881      80869369 
ARM GAS  /tmp/ccCPrn0v.s 			page 180


 4881      BAE3AB54 
 4881      C6605884 
 4881      1ACD
 4882 038e B29B236F 		.ascii	"\262\233#o1n\226\011u\263tG,)\001\372\373\027x\226\345"
 4882      316E9609 
 4882      75B37447 
 4882      2C2901FA 
 4882      FB177896 
 4883 03a3 749E30D4 		.ascii	"t\2360\324\221\276\001\337\377\004\351\267_\301-\300"
 4883      91BE01DF 
 4883      FF04E9B7 
 4883      5FC12DC0 
 4884 03b3 7DB7A2E8 		.ascii	"}\267\242\350\322o\303'@c\204\026\311\353\274\306\353"
 4884      D26FC327 
 4884      40638416 
 4884      C9EBBCC6 
 4884      EB
 4885 03c4 D9605F0E 		.ascii	"\331`_\016\177\335\255\331\367\335\320@\030\257?\276"
 4885      7FDDADD9 
 4885      F7DDD040 
 4885      18AF3FBE 
 4886 03d4 383784A4 		.ascii	"87\204\244Z\204|w\266\252\357\300\033\000\237\252;w"
 4886      5A847C77 
 4886      B6AAEFC0 
 4886      1B009FAA 
 4886      3B77
 4887 03e6 BBF57051 		.ascii	"\273\365pQ\335\270q\354\301\355k\341\360\231\272qP\320"
 4887      DDB871EC 
 4887      C1ED6BE1 
 4887      F099BA71 
 4887      50D0
 4888 03f8 2D384409 		.ascii	"-8D\011\\\006\331\206\301\343\230#o\177\320_\005\320"
 4888      5C06D986 
 4888      C1E39823 
 4888      6F7FD05F 
 4888      05D0
 4889 040a AA62FEDD 		.ascii	"\252b\376\335\257\2076 \367iA\034/\213}\370QK8\314\334"
 4889      AF873620 
 4889      F769411C 
 4889      2F8B7DF8 
 4889      514B38CC 
 4890 041f BA340DE8 		.ascii	"\2724\015\350\321\277Q \370\032\203\377r6\011Gq\343"
 4890      D1BF5120 
 4890      F81A83FF 
 4890      72360947 
 4890      71E3
 4891 0431 377CF98E 		.ascii	"7|\371\216\010h\301\370\300\261\352Q\035\327\256\206"
 4891      0868C1F8 
 4891      C0B1EA51 
 4891      1DD7AE86 
 4892 0441 7EB66AB2 		.ascii	"~\266j\262\373m\36083\370M7\017e\241\010\312\232\347"
 4892      FB6DF038 
 4892      33F84D37 
 4892      0F65A108 
 4892      CA9AE7
 4893 0454 70913E26 		.ascii	"p\221>&\030k\260\"\025\311\223\257\202gxFY\024\212\024"
 4893      186BB022 
ARM GAS  /tmp/ccCPrn0v.s 			page 181


 4893      15C993AF 
 4893      82677846 
 4893      59148A14 
 4894 0468 F3CB2284 		.ascii	"\363\313\"\204\242\272]\023\243:5\205\312\340\324\350"
 4894      A2BA5D13 
 4894      A33A3585 
 4894      CAE0D4E8 
 4895 0478 61C06FB9 		.ascii	"a\300o\271\220\277\313\341\211\252\277\025\314\370w"
 4895      90BFCBE1 
 4895      89AABF15 
 4895      CCF877
 4896 0487 F76510B1 		.ascii	"\367e\020\261Eu\272\324:\327$\220\247\270\2309\005\317"
 4896      4575BAD4 
 4896      3AD72490 
 4896      A7B89839 
 4896      05CF
 4897 0499 A221CCD7 		.ascii	"\242!\314\327\255\306,&\311\231j\302\212X\004\213\223"
 4897      ADC62C26 
 4897      C9996AC2 
 4897      8A58048B 
 4897      93
 4898 04aa 24C2228D 		.ascii	"$\302\"\215(Ga\316\245\372)\367.^),\332(q\317\344\023"
 4898      284761CE 
 4898      A5FA29F7 
 4898      2E5E292C 
 4898      DA2871CF 
 4899 04c0 D3D55DC4 		.ascii	"\323\325]\304[I\203\263\243u\200}L\310ev^\026\207~\316"
 4899      5B4983B3 
 4899      A375807D 
 4899      4CC86576 
 4899      5E16877E 
 4900 04d5 E291CD47 		.ascii	"\342\221\315G\256\017]X\031\313\330\343\224g\254 \026"
 4900      AE0F5D58 
 4900      19CBD8E3 
 4900      9467AC20 
 4900      16
 4901 04e6 4B96C50B 		.ascii	"K\226\305\013\334\376\261\325\242R\0327\261x\331\252"
 4901      DCFEB1D5 
 4901      A2521A37 
 4901      B178D9AA 
 4902 04f6 5A46CDDA 		.ascii	"ZF\315\332\2235\223\222Oq\305\230'\2215\373N\014c\212"
 4902      93359392 
 4902      4F71C598 
 4902      279135FB 
 4902      4E0C638A 
 4903 050a 07551BA7 		.ascii	"\007U\033\247\2071\305C~A;\343\032\022QS\313\272r\254"
 4903      8731C543 
 4903      7E413BE3 
 4903      1A125153 
 4903      CBBA72AC 
 4904 051e 2594BB83 		.ascii	"%\224\273\203\336'\262(Yx\254k\355{\365\036\363)\256"
 4904      DE27B228 
 4904      5978AC6B 
 4904      ED7BF51E 
 4904      F329AE
 4905 0531 1D5343C5 		.ascii	"\035SC\305ct\344'L\263Xt\356A-:\257\326\373M`2\323\250"
 4905      6374E427 
ARM GAS  /tmp/ccCPrn0v.s 			page 182


 4905      4CB35874 
 4905      EE412D3A 
 4905      AFD6FB4D 
 4906 0549 7013D32E 		.ascii	"p\023\323.\006\237\025\301\024\350&\211\351\230\226"
 4906      069F15C1 
 4906      14E82689 
 4906      E99896
 4907 0558 DF9B13EE 		.ascii	"\337\233\023\356\016`\011xV\247\322o\307\231p\340\314"
 4907      0E600978 
 4907      56A7D26F 
 4907      C79970E0 
 4907      CC
 4908 0569 58A2BADF 		.ascii	"X\242\272\337K\231\236-\301\274\342l\322M\0113\340<"
 4908      4B999E2D 
 4908      C1BCE26C 
 4908      D24D0933 
 4908      E03C
 4909 057b 416419C1 		.ascii	"Ad\031\301\006\001\356\360x\213\361\352\303L\031\360"
 4909      0601EEF0 
 4909      788BF1EA 
 4909      C34C19F0 
 4910 058b 9E367803 		.ascii	"\2366x\003\246\177w\254i\026|\304\2720\254\263\324-"
 4910      A67F77AC 
 4910      69167CC4 
 4910      BA30ACB3 
 4910      D42D
 4911 059d C272DA75 		.ascii	"\302r\332u\212G_\313\"\344\036\202'\250j\272\333\316"
 4911      8A475FCB 
 4911      22E41E82 
 4911      27A86ABA 
 4911      DBCE
 4912 05af 6DFDCB7D 		.ascii	"m\375\313}\2112\023n\205\203Z_\261\274\252L\002\321"
 4912      8932136E 
 4912      85835A5F 
 4912      B1BCAA4C 
 4912      02D1
 4913 05c1 8B4A44F5 		.ascii	"\213JD\365D\260\200\357Q%\231\205T\345\211\032\200\005"
 4913      44B080EF 
 4913      51259985 
 4913      54E5891A 
 4913      8005
 4914 05d3 B2007885 		.ascii	"\262\000x\205r\360D\011<\004\335\311\241,P\350\354\027"
 4914      72F04409 
 4914      3C04DDC9 
 4914      A12C50E8 
 4914      EC17
 4915 05e5 3A0BABB9 		.ascii	":\013\253\271\331\024\254\252\007\240\032\305\232N\021"
 4915      D914ACAA 
 4915      07A01AC5 
 4915      9A4E11
 4916 05f4 440C0B89 		.ascii	"D\014\013\211L-J\204\031<$\246\347I$\361e\037\203$\261"
 4916      4C2D4A84 
 4916      193C24A6 
 4916      E74924F1 
 4916      651F8324 
 4917 0609 FDED3C83 		.ascii	"\375\355<\203\340\207\334\372\213?\003#\013\306\323"
 4917      E087DCFA 
ARM GAS  /tmp/ccCPrn0v.s 			page 183


 4917      8B3F0323 
 4917      0BC6D3
 4918 0618 8F205022 		.ascii	"\217 P\"\010\030\205\312{~\004\2221KQ>\377\223\205\377"
 4918      081885CA 
 4918      7B7E0492 
 4918      314B513E 
 4918      FF9385FF 
 4919 062c 01FE15E6 		.ascii	"\001\376\025\346\271\255\321\336\333\032)T\354\231\230"
 4919      B9ADD1DE 
 4919      DB1A2954 
 4919      EC9998
 4920 063b AF3ABC99 		.ascii	"\257:\274\231!\213\225\321_=\316a\241=\306B\027C\274"
 4920      218B95D1 
 4920      5F3DCE61 
 4920      A13DC642 
 4920      1743BC
 4921 064e 46455D62 		.ascii	"FE]b1\364c1\204\260P\365\322F2\223\276o\366B\004K2|"
 4921      31F46331 
 4921      84B050F5 
 4921      D2463293 
 4921      BE6FF642 
 4922 0666 302717B1 		.ascii	"0'\027\261h\226\242\237\236\225Y\262\341\352\234\214"
 4922      6896A29F 
 4922      9E9559B2 
 4922      E1EA9C8C 
 4923 0676 FE054E5C 		.ascii	"\376\005N\\8\372\356||\367N\250\021:\022\317\302\026"
 4923      38FAEE7C 
 4923      7CF74EA8 
 4923      113A12CF 
 4923      C216
 4924 0688 B1E2DA4D 		.ascii	"\261\342\332M\337S\253\037\031\377\222\205\2630,\272"
 4924      DF53AB1F 
 4924      19FF9285 
 4924      B3302CBA 
 4925 0698 FB737373 		.ascii	"\373sssF\361\325\347Y9\346:\252^\356p\372\204\210@P"
 4925      46F1D5E7 
 4925      5939E63A 
 4925      AA5EEE70 
 4925      FA848840 
 4926 06ad DB823B56 		.ascii	"\333\202;V5\221\350\177w{\375\356n\337\202\273\333\347"
 4926      3591E87F 
 4926      777BFDEE 
 4926      6EDF82BB 
 4926      DBE7
 4927 06bf 7777AB27 		.ascii	"ww\253'|\245\316\331E\263%\236:\017\256\237\276\363"
 4927      7CA5CED9 
 4927      45B3259E 
 4927      3A0FAE9F 
 4927      BEF3
 4928 06d1 639FEEF7 		.ascii	"c\237\356\367\321{\344\034\304\242\203\304\3656\226"
 4928      D17BE41C 
 4928      C4A283C4 
 4928      F53696
 4929 06e0 8DECEF9F 		.ascii	"\215\354\357\2377}z\302\367%\364v\207+~\335\241cAw\270"
 4929      377D7AC2 
 4929      F725F476 
 4929      872B7EDD 
ARM GAS  /tmp/ccCPrn0v.s 			page 184


 4929      A1634177 
 4930 06f5 3ADF1D3A 		.ascii	":\337\035:\027t\207k\017u\207.\200\257\301\2779t\317"
 4930      1774876B 
 4930      0F75872E 
 4930      80AFC1BF 
 4930      3974CF
 4931 0708 37871EFF 		.ascii	"7\207\036\377\346\340\355\005\213\364\200\256\205=\240"
 4931      E6E0ED05 
 4931      8BF480AE 
 4931      853DA0
 4932 0717 73B11ED0 		.ascii	"s\261\036\320\351\353\001!\343\336\226=\307\213\212"
 4932      E9EB0121 
 4932      E3DE963D 
 4932      C78B8A
 4933 0726 C5885CC7 		.ascii	"\305\210\\\307\260D-aA\301\274\301\203@\024\210\017"
 4933      B0442D61 
 4933      41C1BCC1 
 4933      83401488 
 4933      0F
 4934 0737 42BA79A3 		.ascii	"B\272y\243\335f1;\354Y\346\265\016\373&Kv\236\323\234"
 4934      DD66313B 
 4934      EC59E6B5 
 4934      0EFB264B 
 4934      769ED39C 
 4935 074b BAD19A65 		.ascii	"\272\321\232eM\317\313_g\265\373\313\031+V\232\267\332"
 4935      4DCFCB5F 
 4935      67B5FBCB 
 4935      192B569A 
 4935      B7DA
 4936 075d 1D9B9DB9 		.ascii	"\035\233\235\271\231\331\226\214<G~\316fs\372\357\322"
 4936      99D9968C 
 4936      3C477ECE 
 4936      6673FAEF 
 4936      D2
 4937 076e 56AEC878 		.ascii	"V\256\310xn\355\232_e\254\267:l[3\035\0263Yn2\231\361"
 4937      6EED9A5F 
 4937      65ACB73A 
 4937      6C5B331D 
 4937      1633596E 
 4938 0785 9FCD8FDA 		.ascii	"\237\315\217\332\235\036\244\335i\336\230\371\242\331"
 4938      9D1EA4DD 
 4938      69DE98F9 
 4938      A2D9
 4939 0793 E9C8E6EF 		.ascii	"\351\310\346\357\214\254\374\365\353-\016\247)\233H"
 4939      8CACFCF5 
 4939      EB2D0EA7 
 4939      299B48
 4940 07a2 F6AC2DB9 		.ascii	"\366\254-\271\321\013\326LO[\326\257^\367\344\312U\204"
 4940      D10BD64C 
 4940      4F5BD6AF 
 4940      5EF7E4CA 
 4940      5584
 4941 07b4 66E5428E 		.ascii	"f\345B\2166\317j\263\330\363\363`\253\351\0074\333\235"
 4941      36CF6AB3 
 4941      D8F3F360 
 4941      ABE90734 
 4941      DB9D
ARM GAS  /tmp/ccCPrn0v.s 			page 185


 4942 07c6 F870E42D 		.ascii	"\370p\344-\317\261\252\262i#"
 4942      CFB1AAB2 
 4942      6923
 4943 07d0 497A04DC 		.ascii	"Iz\004\334\221g\266\346d\277\230\277\316\202{\316mN"
 4943      9167B6E6 
 4943      64BF98BF 
 4943      CE827BCE 
 4943      6D4E
 4944 07e2 846AB332 		.ascii	"\204j\2632\235\226\265\016\353\257\037q$\333n\263\331"
 4944      9D96B50E 
 4944      EBAF1F71 
 4944      24DB6EB3 
 4944      D9
 4945 07f3 73CC9697 		.ascii	"s\314\226\227\362\314\317>\237fNMK_\223nN\265#\3355"
 4945      F2CCCF3E 
 4945      9F664E4D 
 4945      4B5F936E 
 4945      4EB523DD 
 4946 0808 5E4D36A7 		.ascii	"^M6\247\325\231\261!;\033\265\255\372a-\271v\007\206"
 4946      D599B121 
 4946      3B1BB5AD 
 4946      FA612DB9 
 4946      760786
 4947 081b 19F5FCE9 		.ascii	"\031\365\374\351g\313\323\020\225\215z\360\224\344\264"
 4947      67CBD310 
 4947      958D7AF0 
 4947      94E4B4
 4948 082a FED9C26C 		.ascii	"\376\331\302l\316\015!i\351\317\307r\207r\035\326\344"
 4948      CE0D2169 
 4948      E9CFC772 
 4948      87721DD6 
 4948      E4
 4949 083b D89FA610 		.ascii	"\330\237\246\020\352 Z\233\305fwl#\377\003\345r\256"
 4949      EA205A9B 
 4949      C566776C 
 4949      23FF03E5 
 4949      72AE
 4950 084d 92       		.ascii	"\222"
 4951              		.text
 4952              		.section	.gnu.lto_obqTryFlushI.405.6de3afccbe28b4ce,"e",%progbits
 4953 0000 789C6D53 		.ascii	"x\234mSmlSe\024>\347=\367\243\037\3536\203\253\306("
 4953      6D6C5365 
 4953      143EE73D 
 4953      F7A31FEB 
 4953      3683ABC6 
 4954 0015 8EE80F22 		.ascii	"\216\350\017\"c7\331\304`\342\217\305\3750\3760!\031"
 4954      6337D9C4 
 4954      60E28FC5 
 4954      FD30FE30 
 4954      2119
 4955 0027 7F8C31CD 		.ascii	"\177\2141\315V:W&\026\332-\315\300ew\037la\306H\033"
 4955      563A5726 
 4955      16DA2DCD 
 4955      C065771F 
 4955      6C61C648 
 4956 003c D16DC435 		.ascii	"\321m\3045\0035\232\220\260\000\211\214I\035\233\030"
 4956      03359A90 
ARM GAS  /tmp/ccCPrn0v.s 			page 186


 4956      B000898C 
 4956      491D9B18 
 4957 004c 02183FA3 		.ascii	"\002\030?\243D\210 \221\331\202\030\334\024I\206\326"
 4957      44882091 
 4957      D98218DC 
 4957      144986D6 
 4958 005c F3BEB7EB 		.ascii	"\363\276\267\3536m\322\323{\3569\347y\316\347=\244\001"
 4958      366DD2D3 
 4958      7BEE39E7 
 4958      79CEE73D 
 4958      A401
 4959 006e BC070017 		.ascii	"\274\007\000\027X\260\0040\231\030\024`\333v\235)Do"
 4959      58B00430 
 4959      99181460 
 4959      DB769D29 
 4959      446F
 4960 0080 E2358193 		.ascii	"\3425\201\2238{~x\225\326\227(\0359:[\245\221\330\235"
 4960      387B7E78 
 4960      95D69728 
 4960      1D393A5B 
 4960      A591D89D 
 4961 0094 F0B2BF52 		.ascii	"\360\262\277RZ\324S\303}\005\214.\372\035\214\362\354"
 4961      5AD453C3 
 4961      7D058C2E 
 4961      FA1D8CF2 
 4961      EC
 4962 00a5 DF7B750D 		.ascii	"\337{u\015\246\035\335\020\003\216G\261\344=\212\331"
 4962      A61DDD10 
 4962      038E47B1 
 4962      E43D8AD9 
 4963 00b5 14437B8F 		.ascii	"\024C{\217\340\257\007\177\252\220f|\363\322\350c\232"
 4963      E0AF077F 
 4963      AA90667C 
 4963      F3D2E863 
 4963      9A
 4964 00c6 4B0CB34D 		.ascii	"K\014\263M\001G\330\246\0247\216$\017\254q\362xp\177"
 4964      0147D8A6 
 4964      14378E24 
 4964      0FAC71F2 
 4964      78707F
 4965 00d9 F2C0EF37 		.ascii	"\362\300\3577&\356\270\034\376:\323\213\335\205*\020"
 4965      26EEB81C 
 4965      FE3AD38B 
 4965      DD852A10 
 4966 00e9 BA0469BA 		.ascii	"\272\004i\272a\272\334\036/v\341\030YS\266}\347\364"
 4966      61BADC1E 
 4966      2F76E118 
 4966      5953B67D 
 4966      E7F4
 4967 00fb 8DF1B7CD 		.ascii	"\215\361\267\315\367{w\337\337\005\235\033j\270_\320"
 4967      F77B77DF 
 4967      DF059D1B 
 4967      6AB85FD0 
 4968 010b D158851A 		.ascii	"\321X\205\032\377W`\245\216\256>\204\365\034\370\345"
 4968      FF5760A5 
 4968      8EAE3E84 
 4968      F51CF8E5 
ARM GAS  /tmp/ccCPrn0v.s 			page 187


 4969 011b C5E3B6ED 		.ascii	"\305\343\266\355\206]'\260s\002\217#\200\020{\360-?"
 4969      865D27B0 
 4969      73028F23 
 4969      80107BF0 
 4969      2D3F
 4970 012d 8017A093 		.ascii	"\200\027\240\223\247\304\221c\310\330u\034{\353\354"
 4970      A7C49163 
 4970      C8D8751C 
 4970      7BEBEC
 4971 013c C4AD2B68 		.ascii	"\304\255+h'm\3548\271\030\016\260\007\337\365{!\215"
 4971      276DEC38 
 4971      B9180EB0 
 4971      07DFF57B 
 4971      218D
 4972 014e F031B27E 		.ascii	"\3601\262~\320\317F\304\223x\370k}\312\276\233{\303"
 4972      D0CF46C4 
 4972      9378F86B 
 4972      7DCABE9B 
 4972      7BC3
 4973 0160 B62F9FC3 		.ascii	"\266/\237\303\304\347\237\374r\317\203\010B\023,\004"
 4973      C4E79FFC 
 4973      72CF8308 
 4973      42132C04 
 4974 0170 42D74080 		.ascii	"B\327@\200\316\272\301\272\311\342bq\263xX\274,%\354"
 4974      CEBAC1BA 
 4974      C9E26271 
 4974      B37858BC 
 4974      2C25EC
 4975 0183 F3B194B2 		.ascii	"\363\261\224\262\224\2010\3129\276\002\361\004\372\201"
 4975      948130CA 
 4975      39BE02F1 
 4975      04FA81
 4976 0192 C9014649 		.ascii	"\311\001FI\266okhO\001\244H8/\335\374\362\227\260\257"
 4976      B66F6B68 
 4976      4F01A448 
 4976      382FDDFC 
 4976      F297B0AF 
 4977 01a6 2ECC0D21 		.ascii	".\314\015!\217\037\376\026\275\2250\210bG\204\033s+"
 4977      8F1FFE16 
 4977      BD953088 
 4977      6247841B 
 4977      732B
 4978 01b8 5732060B 		.ascii	"W2\006\013\242'\235%\342\336\214]\262\267Cr\252\256"
 4978      A2279D25 
 4978      E2DE8C5D 
 4978      B2B74372 
 4978      AAAE
 4979 01ca D6CDA710 		.ascii	"\326\315\247\020\236\220Z|\032\303\334\230\014s\223"
 4979      9E905A7C 
 4979      1AC3DC98 
 4979      0C7393
 4980 01d9 28E2FF14 		.ascii	"(\342\377\024_b\377m\321\227\255'$!\247\3005\3208\257"
 4980      5F62FF6D 
 4980      D197AD27 
 4980      2421A7C0 
 4980      35D038AF 
 4981 01ed 18650DB8 		.ascii	"\030e\015\270 \246\031J+\241c\254\205>\303\240\003\275"
ARM GAS  /tmp/ccCPrn0v.s 			page 188


 4981      20A6194A 
 4981      2BA163AC 
 4981      853EC3A0 
 4981      03BD
 4982 01ff 5E4F6484 		.ascii	"^Od\204\324\004e7Z\366\374\360Q\222`-Ez\241\033\203"
 4982      D4046537 
 4982      5AF6FCF0 
 4982      5192602D 
 4982      457AA11B 
 4983 0214 8BF86700 		.ascii	"\213\370g\000I\2432\005\232y\2004\243\313A\015P\031"
 4983      49A33205 
 4983      9A798034 
 4983      A3CB410D 
 4983      5019
 4984 0226 56D14E5C 		.ascii	"V\321N\\\307CM\221\321\315\030!1\246\352\357Q\322\213"
 4984      C7434D91 
 4984      D1CD1821 
 4984      31A6EAEF 
 4984      51D28B
 4985 0239 547E161B 		.ascii	"T~\026\033\363\351gf\221t#\236/ Ef\206\013\300\302\004"
 4985      F3E96766 
 4985      9174239E 
 4985      2F204566 
 4985      860BC0C2 
 4986 024e F7CD7F80 		.ascii	"\367\315\177\200|n\240\362\337\324\310 \335\321O\353"
 4986      7C6EA0F2 
 4986      DFD4C820 
 4986      DDD14FEB 
 4987 025e 6492B4F7 		.ascii	"d\222\264\367\216\367\263\335\305\036S\276\215\366_"
 4987      8EF7B3DD 
 4987      C51E53BE 
 4987      8DF65F
 4988 026d 43F293CB 		.ascii	"C\362\223\313\270\010x7\227\313\2251MO%\357\212\374"
 4988      B8087837 
 4988      97CB9531 
 4988      4D4F25EF 
 4988      8AFC
 4989 027f 8A70787E 		.ascii	"\212px~\255\223\267\211\374FG!\255\353\360\317\267\237"
 4989      AD93B789 
 4989      FC464721 
 4989      ADEBF0CF 
 4989      B79F
 4990 0291 2A644DCD 		.ascii	"*dM\315o\224Y\206\262U\274\233\000\202\252?C\035\257"
 4990      6F945986 
 4990      B255BC9B 
 4990      0082AA3F 
 4990      431DAF
 4991 02a4 7E8190E7 		.ascii	"~\201\220\3479&\3677\235\316\372\310]d\274_\251\361"
 4991      3926F737 
 4991      9DCEFAC8 
 4991      5D64BC5F 
 4991      A9F1
 4992 02b6 AA726E0A 		.ascii	"\252rn\012\362\220\233G\234S\3250hn\020\363\220\214"
 4992      F2909B47 
 4992      9C53D530 
 4992      686E10F3 
 4992      908C
ARM GAS  /tmp/ccCPrn0v.s 			page 189


 4993 02c8 6F19E65B 		.ascii	"o\031\346[\211!\217b\377\310) \235}\210\274\377\037"
 4993      89218F62 
 4993      FFC82920 
 4993      9D7D88BC 
 4993      FF1F
 4994 02da 5FC777F8 		.ascii	"_\307w\370\242C\177\254\377\232\240\022^\276W\206/\021"
 4994      A2437FAC 
 4994      FF9AA012 
 4994      5EBE5786 
 4994      2F11
 4995 02ec E783217E 		.ascii	"\347\203!~A\236\020\225(\322\211E\322\207\311Wd'?\340"
 4995      419E1095 
 4995      28D28945 
 4995      D287C957 
 4995      64273FE0 
 4996 0300 0BCE4E2E 		.ascii	"\013\316N.\317leN_~2\356\241#\223\253\013\223\231\234"
 4996      CF6C654E 
 4996      5F7E32EE 
 4996      A12393AB 
 4996      0B93999C 
 4997 0314 3FA39691 		.ascii	"?\243\226\221\376p5\225\026!\271\204\317;';7\370\347"
 4997      FE703595 
 4997      1621B984 
 4997      CF3B273B 
 4997      37F8E7
 4998 0327 E2C9664A 		.ascii	"\342\311fJ\227\005\374\250\012*U\324\236\025C\377\306"
 4998      9705FCA8 
 4998      0A2A55D4 
 4998      9E1543FF 
 4998      C6
 4999 0338 29EF8FCC 		.ascii	")\357\217\314\275\377\231\216\302]\221\027\203\347P"
 4999      BDFF998E 
 4999      C25D9117 
 4999      83E750
 5000 0347 857ECFA1 		.ascii	"\205~\317\241\222\300\273\364\271\345DO\035P\271\272"
 5000      92C0BBF4 
 5000      B9E5444F 
 5000      1D50B9BA 
 5001 0357 C7723E4D 		.ascii	"\307r>M\364\\\177\204\017\007\317\240\361\333;\003\257"
 5001      F45C7F84 
 5001      0F07CFA0 
 5001      F1DB3B03 
 5001      AF
 5002 0368 CBCF9075 		.ascii	"\313\317\220u]\360\237)\370\320q\351\263\005h\260Z\""
 5002      5DF09F29 
 5002      F8D071E9 
 5002      B30568B0 
 5002      5A22
 5003 037a DB425634 		.ascii	"\333BV4\322dm\212F\266\206\202m1\253\276%\334\024nh"
 5003      D2646D8A 
 5003      46B68682 
 5003      6D31ABBE 
 5003      25DC146E 
 5004 038f 6BDF128E 		.ascii	"k\337\022\216,\327\0035\265V<\022m\215mo\014\206\002"
 5004      2CD70335 
 5004      B5563C12 
 5004      6D8D6D6F 
ARM GAS  /tmp/ccCPrn0v.s 			page 190


 5004      0C8602
 5005 03a2 6DD1F657 		.ascii	"m\321\366WZ\255\206\315\317\325\326\004\236\331\364"
 5005      5AAD86CD 
 5005      CFD5D604 
 5005      9ED9F4
 5006 03b1 ECD381E6 		.ascii	"\354\323\201\346pt[\2741\032\262`}u\265\305\277\240"
 5006      70745BBC 
 5006      311AB260 
 5006      7D75B5C5 
 5006      BFA0
 5007 03c3 844662F9 		.ascii	"\204Fb\371\310H\314ji|\331\212E\203\362\031hjon\016"
 5007      C848CC6A 
 5007      697CD98A 
 5007      4583F219 
 5007      686A6F6E 
 5008 03d8 4563D541 		.ascii	"Ec\325A\320\"M;\266\337\267\302V\375d\250y\343\226\307"
 5008      D0224D3B 
 5008      B6DFB7C2 
 5008      56FD64A8 
 5008      79E396C7 
 5009 03ec 6B378016 		.ascii	"k7\200\026\013\357\014\375\013\260\261\354\301"
 5009      0BEF0CFD 
 5009      0BB0B1EC 
 5009      C1
 5010              		.text
 5011              		.section	.gnu.lto_obqFlush.406.6de3afccbe28b4ce,"e",%progbits
 5012 0000 789C7D53 		.ascii	"x\234}Smh\034U\024\275\367\275\231\315\256\301\372\021"
 5012      6D681C55 
 5012      14BDF7BD 
 5012      99CDAEC1 
 5012      FA11
 5013 0012 16434158 		.ascii	"\026CAX\012R\251\311Nhl\255\377\324 \222\037\201\320"
 5013      0A52A9C9 
 5013      4E686CAD 
 5013      FFD42092 
 5013      1F81D0
 5014 0025 15444497 		.ascii	"\025DD\227\354d\322\214\355f\222\231\2151\226\222q\363"
 5014      EC64D28C 
 5014      ED669299 
 5014      8D319692 
 5014      71F3
 5015 0037 A189B425 		.ascii	"\241\211\264%\205\2044\346\303\210\205\012Q[C%i\332"
 5015      858434E6 
 5015      C388850A 
 5015      515B4325 
 5015      69DA
 5016 0049 B06D1A93 		.ascii	"\260m\032\223\220\3204\005\245\246\305Jk\226\332J)\246"
 5016      90D03405 
 5016      A5A6C54A 
 5016      6B96DA4A 
 5016      29A6
 5017 005b 6E8B895D 		.ascii	"n\213\211]\357\233\331\204\026l\207\335y\367\336w\316"
 5017      EF9BD984 
 5017      166C87DD 
 5017      79F7DE77 
 5017      CE
 5018 006c 9933F7BE 		.ascii	"\2313\367\276\271\306\001\372\021\340=\000@\017\340"
ARM GAS  /tmp/ccCPrn0v.s 			page 191


 5018      B9C601FA 
 5018      11E03D00 
 5018      400FE0
 5019 007b 81F63606 		.ascii	"\201\3666\006\266m\277\222\305Xc\373g\014G\261{(\231"
 5019      B66DBF92 
 5019      C55863FB 
 5019      670C47B1 
 5019      7B2899
 5020 008e 2735B7EF 		.ascii	"'5\267\357c8\213\311\331\2039\022gM\355\331m\337\356"
 5020      63388BC9 
 5020      D9833912 
 5020      674DEDD9 
 5020      6DDFEE
 5021 00a1 F753755D 		.ascii	"\367Su]j\376\326&I\302\2165\236\214\037\267\267\371"
 5021      6AFED626 
 5021      49C28E35 
 5021      9E8C1FB7 
 5021      B7F9
 5022 00b3 88E76408 		.ascii	"\210\347d\010\015\214K26\340\000W\250rw\342\206}4\253"
 5022      0D8C4B32 
 5022      36E00057 
 5022      A87277E2 
 5022      867D34AB 
 5023 00c7 C56ECEBD 		.ascii	"\305n\316\275\016\320\000\316%\243'\007\011\343\361"
 5023      0ED000CE 
 5023      25A32707 
 5023      09E3F1
 5024 00d6 6340466F 		.ascii	"c@Fo\023B~\302\266\317\315\015\333\266\017\366\034\307"
 5024      13427EC2 
 5024      B6CFCD0D 
 5024      DBB60FF6 
 5024      1CC7
 5025 00e8 86111C26 		.ascii	"\206\021\034&\213\014[1\351\007\310v\210\\F\012v\237"
 5025      8B0C5B31 
 5025      E907C876 
 5025      885C460A 
 5025      769F
 5026 00fa 44A2670B 		.ascii	"D\242g\013\341\263\275\0368\201\273\305\366\030\272"
 5026      E1B3BD1E 
 5026      3881BBC5 
 5026      F618BA
 5027 0109 6580FA44 		.ascii	"e\200\372D&\250;\265\012\354\232x\226p\265\231\254g"
 5027      26A83BB5 
 5027      0AEC9A78 
 5027      9670B599 
 5027      AC67
 5028 011b 7A229D0B 		.ascii	"z\"\235\013\247\261\316\205\215\343\032\256\347\360"
 5028      A7B1CE85 
 5028      8DE31AAE 
 5028      E7F0
 5029 0129 E4250F9C 		.ascii	"\344%\017\234A\213r\357\262\250\012Ww;\017\\\234[\337"
 5029      418B72EF 
 5029      B2A80A57 
 5029      773B0F5C 
 5029      9C5BDF
 5030 013c 6327A49A 		.ascii	"c'\244\232\037\261\33616\211,\253\025\0076\310\370\202"
 5030      1FB1DE31 
ARM GAS  /tmp/ccCPrn0v.s 			page 192


 5030      36892CAB 
 5030      150736C8 
 5030      F882
 5031 014e 007CDF99 		.ascii	"\000|\337\231>\2267\336hO\331\002\322\220\2018\257\351"
 5031      3E9637DE 
 5031      684FD902 
 5031      D2908138 
 5031      AFE9
 5032 0160 F89CFCDC 		.ascii	"\370\234\374\3343\2050\201\365\302\3514:\006\275i\006"
 5032      33853081 
 5032      F5C2E934 
 5032      3A06BD69 
 5032      06
 5033 0171 19FAA596 		.ascii	"\031\372\245\226}\243\005\247\034\2721\263\372\352\000"
 5033      7DA305A7 
 5033      1CBA31B3 
 5033      FAEA00
 5034 0180 AD78DB9F 		.ascii	"\255x\333\237\015\263H\326)^\362S\021q\006\277;/'\354"
 5034      0DB348D6 
 5034      295EF253 
 5034      117106BF 
 5034      3B2F27EC 
 5035 0194 95F47EDB 		.ascii	"\225\364~\333\236\274\200\3633\313\177>\265\016\201"
 5035      9EBC80F3 
 5035      33CB7F3E 
 5035      B50E81
 5036 01a3 F918B0C7 		.ascii	"\371\030\260\3078\255\022\2552\375\275\210\307\321\007"
 5036      38AD12AD 
 5036      32FDBD88 
 5036      C7D107
 5037 01b2 4400E8E3 		.ascii	"D\000\350\343bN\266\204v\202F\317\231\2334Rr\207\331"
 5037      624EB684 
 5037      768246CF 
 5037      999B3452 
 5037      7287D9
 5038 01c5 573A52B9 		.ascii	"W:R\271b]:\324\371\317\325\337\236\026\335\020\325\364"
 5038      625D3AD4 
 5038      F9CFD5DF 
 5038      9E16DD10 
 5038      D5F4
 5039 01d7 55B73AD0 		.ascii	"U\267:\320\373kw'\342i\267\272\264\340\303q'\\Z\034"
 5039      FB6B7727 
 5039      E269B7BA 
 5039      B4E0C371 
 5039      275C5A1C 
 5040 01eb BC77E342 		.ascii	"\274w\343B\016\236q7\372o\012x\374\013\0068\211\236"
 5040      0E9E7137 
 5040      FA6F0A78 
 5040      FC0B0638 
 5040      899E
 5041 01fd 1A2C7030 		.ascii	"\032,p0\337|\365\303\345^\304)\0273z\331\207\323\010"
 5041      DF7CF5C3 
 5041      E55EC429 
 5041      17337AD9 
 5041      87D308
 5042 0210 2B2CBE01 		.ascii	"+,\276\001\001\241\211\346\271\261\203\267xu\231\214"
 5042      01A189E6 
ARM GAS  /tmp/ccCPrn0v.s 			page 193


 5042      B9B183B7 
 5042      7875998C 
 5043 0220 02CC21D0 		.ascii	"\002\314!\320r\016\317\212\366l\354\242\215\035\242"
 5043      720ECF8A 
 5043      F66CECA2 
 5043      8D1DA2
 5044 022f 7C1E85CD 		.ascii	"|\036\205\315\370\255\337\007\373nz\205\272\343\372"
 5044      F8ADDF07 
 5044      FB6E7A85 
 5044      BAE3FA
 5045 023e AF81DEDB 		.ascii	"\257\201\336\333\013\2070c\346\312\235\005\204\177Y"
 5045      0B873063 
 5045      E6CA9D05 
 5045      847F59
 5046 024d 6300DA90 		.ascii	"c\000\332\220i*\025\331\023\016jxow\312K\007\023\226"
 5046      692A15D9 
 5046      130E6A78 
 5046      6F77CA4B 
 5046      071396
 5047 0260 597CEC8F 		.ascii	"Y|\354\217\3079\322\221\333#\364\007\305Y\365\206\253"
 5047      C739D291 
 5047      DB23F407 
 5047      C559F586 
 5047      AB
 5048 0271 7E42D82A 		.ascii	"~B\330*\242\350\317\370.=,\305\232\256\217\257\347\350"
 5048      A2E8CFF8 
 5048      2E3D2CC5 
 5048      9AAE8FAF 
 5048      E7E8
 5049 0283 89A27B50 		.ascii	"\211\242{P\3739\237?8\224dk\335\352M\035F\372*\204\340"
 5049      FB399F3F 
 5049      3894646B 
 5049      DDEA4D1D 
 5049      46FA2A84 
 5050 0298 BD4F1619 		.ascii	"\275O\026\031g\334\025\377z+\347\377#\373\013\276C*"
 5050      67DC15FF 
 5050      7A2BE7FF 
 5050      23FB0BBE 
 5050      432A
 5051 02aa 0E7842E6 		.ascii	"\016xB\346\022\347\0247\036i\371[\3422Q%\221\365\265"
 5051      12E71437 
 5051      1E69F95B 
 5051      E2325125 
 5051      91F5B5
 5052 02bd 2C22F771 		.ascii	",\"\367q\331s\021p%\235N\013\347\361\000\015\216\373"
 5052      D9731170 
 5052      259D4E0B 
 5052      E7F1000D 
 5052      8EFB
 5053 02cf 9C271E4D 		.ascii	"\234'\036M=\357\372\212p\237\307X\363%\215\\\3732\005"
 5053      3DEFFA8A 
 5053      709FC758 
 5053      F3258D5C 
 5053      FB3205
 5054 02e2 6BBE8652 		.ascii	"k\276\206R\333\250\003\315N\007\336~\213>\026/\3671"
 5054      DBA803CD 
 5054      4E07DE7E 
ARM GAS  /tmp/ccCPrn0v.s 			page 194


 5054      8B3E162F 
 5054      F731
 5055 02f4 BF83941F 		.ascii	"\277\203\224\037\234\367h\252\013EK\334\231\037I\322"
 5055      9CF768AA 
 5055      0B454BDC 
 5055      991F49D2 
 5056 0304 CC4FBA5D 		.ascii	"\314O\272]<\226\244\235\261\373:\031\032s:\231\246\366"
 5056      3C96A49D 
 5056      B1FB3A19 
 5056      1A733A99 
 5056      A6F6
 5057 0316 8FEC3D91 		.ascii	"\217\354=\221\372\324\341\211\253\217\243+\032O\210"
 5057      FAD4E189 
 5057      AB8FA32B 
 5057      1A4F88
 5058 0325 34A4541A 		.ascii	"4\244T\032QM1\215\210Rj\032\357kj\314R\212*\365\210"
 5058      514D318D 
 5058      88526A1A 
 5058      EF6B6ACC 
 5058      528A2AF5 
 5059 033a 1E8AD596 		.ascii	"\036\212\325\226\353\306\375qxs\241Rg\230;\255\3522"
 5059      EBC6FD71 
 5059      7873A152 
 5059      67983BAD 
 5059      EA32
 5060 034c 550BC7CC 		.ascii	"U\013\307\314\332\252\235J\350\315\222\302\315\3417"
 5060      DAAA9D4A 
 5060      E8CD92C2 
 5060      CDE137
 5061 035b 4A8B5F0B 		.ascii	"J\213_\013W\350f\264\256\314\324\024\310\017\006\025"
 5061      57E866B4 
 5061      AECCD414 
 5061      C80F0615 
 5062 036b FAA9826A 		.ascii	"\372\251\202jX\031\244a)\225e\273\024\313T\305\032\216"
 5062      5819A461 
 5062      299565BB 
 5062      14CB54C5 
 5062      1A8E
 5063 037d D4565468 		.ascii	"\324VTh\246\025TA2\"5\325\317<P\013\276\254Ul+\177\261"
 5063      A6155441 
 5063      322235D5 
 5063      CF3C500B 
 5063      BEAC556C 
 5064 0394 700B041F 		.ascii	"p\013\004\037!eXt3c\371U\272\033\007+a\323C\340fL\321"
 5064      21655874 
 5064      3363F955 
 5064      BA1B072B 
 5064      61D343E0 
 5065 03ab ABD45DB5 		.ascii	"\253\324]\265\345\032\355Y\365\026A\263\"e\226Vj\352"
 5065      E51AED59 
 5065      F51641B3 
 5065      22659656 
 5065      6AEA
 5066 03bd AF3F84A2 		.ascii	"\257?\204\242\032\321\250Q\245h\037\306\224W\267\227"
 5066      1AD1A851 
 5066      A5681FC6 
 5066      9457B797 
ARM GAS  /tmp/ccCPrn0v.s 			page 195


 5067 03cd 284525A1 		.ascii	"(E%\241\342\220Rd\320\373\025\257*E-\335\012\357PUR"
 5067      E2905264 
 5067      D0FB15AF 
 5067      2A452DDD 
 5067      0AEF5055 
 5068 03e2 DBF26895 		.ascii	"\333\362h\225j\303\244\276\222\316\007/\345\227\020"
 5068      6AC3A4BE 
 5068      92CE072F 
 5068      E59710
 5069 03f1 4A251D62 		.ascii	"J%\035bI\226\376\221\366dIh{@\230\2516\365\274\300s"
 5069      4996FE91 
 5069      F6644968 
 5069      7B4098A9 
 5069      36F5BCC0 
 5070 0406 05C04CC8 		.ascii	"\005\300L\310\212jQ\303\254\207\377\000~>\363\313"
 5070      8A6A51C3 
 5070      AC87FF00 
 5070      7E3EF3CB 
 5071              		.text
 5072              		.section	.gnu.lto___func__.7.420.6de3afccbe28b4ce,"e",%progbits
 5073 0000 789C6361 		.ascii	"x\234ca``\220f\200\000u&\246z\006\311\314\244B\367\324"
 5073      60609066 
 5073      80007526 
 5073      A67A06C9 
 5073      CCA442F7 
 5074 0015 12B7D29C 		.ascii	"\022\267\322\234\034\247\322\264\264\324\242\220\314"
 5074      1CA7D2B4 
 5074      B4D4A290 
 5074      CC
 5075 0022 DCD4FCD2 		.ascii	"\334\324\374\322\222`\006\000\231\217\012f"
 5075      92600600 
 5075      998F0A66 
 5076              		.text
 5077              		.section	.gnu.lto___func__.6.422.6de3afccbe28b4ce,"e",%progbits
 5078 0000 789C6361 		.ascii	"x\234ca``\220d\200\000u&\246z\006\361\314\244\302\240"
 5078      60609064 
 5078      80007526 
 5078      A67A06F1 
 5078      CCA4C2A0 
 5079 0014 D49CD4C4 		.ascii	"\324\234\324\304\342T\327\334\202\222J\247\322\264\264"
 5079      E254D7DC 
 5079      82924AA7 
 5079      D2B4B4
 5080 0023 D4A26006 		.ascii	"\324\242`\006\000\205c\011\230"
 5080      00856309 
 5080      98
 5081              		.text
 5082              		.section	.gnu.lto___func__.3.426.6de3afccbe28b4ce,"e",%progbits
 5083 0000 789C6361 		.ascii	"x\234ca``\220d\200\000u&\246z\006\361\374\244\302\240"
 5083      60609064 
 5083      80007526 
 5083      A67A06F1 
 5083      FCA4C2A0 
 5084 0014 D49CD4C4 		.ascii	"\324\234\324\304\342T\327\334\202\222J\247\322\264\264"
 5084      E254D7DC 
 5084      82924AA7 
 5084      D2B4B4
ARM GAS  /tmp/ccCPrn0v.s 			page 196


 5085 0023 D4224F06 		.ascii	"\324\"O\006\000\205\331\011\224"
 5085      0085D909 
 5085      94
 5086              		.text
 5087              		.section	.gnu.lto___func__.2.427.6de3afccbe28b4ce,"e",%progbits
 5088 0000 789C6361 		.ascii	"x\234ca``\220a\200\000u&\246z\006\251\374\244B\367\324"
 5088      60609061 
 5088      80007526 
 5088      A67A06A9 
 5088      FCA442F7 
 5089 0015 12D7DC82 		.ascii	"\022\327\334\202\222J\247\322\264\264\324\242\220\314"
 5089      924AA7D2 
 5089      B4B4D4A2 
 5089      90CC
 5090 0023 DCD4FCD2 		.ascii	"\334\324\374\322\222`\006\000\246\364\012\352"
 5090      92600600 
 5090      A6F40AEA 
 5091              		.text
 5092              		.section	.gnu.lto_ibqGetFullBufferTimeoutS.part.0.435.6de3afccbe28b4ce,"e",%progbits
 5093 0000 789C7D53 		.ascii	"x\234}S]h\024W\024>\347\336;\263\263\011\244\255\"\276"
 5093      5D681457 
 5093      143EE7DE 
 5093      3BB3B309 
 5093      A4AD22BE 
 5094 0014 85D4F64D 		.ascii	"\205\324\366M\262SL*J_D\037\242\210T\210%\224B\227d"
 5094      B2534C2A 
 5094      4A5F441F 
 5094      A2885488 
 5094      25944297 
 5095 0029 9D98A98D 		.ascii	"\235\230\251\215\223\314\354\022d+{M\326\304l\036\232"
 5095      93CCEC12 
 5095      642B7B4D 
 5095      D6C46C1E 
 5095      9A
 5096 003a D0565482 		.ascii	"\320VT\202i\236\264\245\245\017JkIY\223\250\265?IWc"
 5096      699EB4A5 
 5096      A50F4A6B 
 5096      495993A8 
 5096      B53F4957 
 5097 004f 8B824A5A 		.ascii	"\213\202JZ\213\177\225\202\364\241\246\370{\356\235"
 5097      8B7F9582 
 5097      F4A1A6F8 
 5097      7BEE9D
 5098 005e D9182D2D 		.ascii	"\331\030--\314\317\235s\276\357;\337=\347N\203\000\230"
 5098      CCCF9D73 
 5098      BEEF3BDF 
 5098      3DE74E83 
 5098      0098
 5099 0070 0580B7E9 		.ascii	"\005\200\267\351\306\030\340>\013\244\224kb&.\322o\306"
 5099      C618E03E 
 5099      0BA4946B 
 5099      62262ED2 
 5099      6FC6
 5100 0082 7A860618 		.ascii	"z\206\006\030N\342\364\201\243\246\310\017U\035\275"
 5100      4EE2F481 
 5100      A3A6C80F 
 5100      551DBD
ARM GAS  /tmp/ccCPrn0v.s 			page 197


 5101 0091 3EB55A70 		.ascii	">\265Zp\374p\250\300B\244\300\217\206\012\263\305c\202"
 5101      FC70A8C0 
 5101      42A4C08F 
 5101      860AB3C5 
 5101      6382
 5102 00a3 403A60E0 		.ascii	"@:`\340\356\371$B\316d\\\030\230\303Qn\240\271\030i"
 5102      EEF92442 
 5102      CE645C18 
 5102      98C3516E 
 5102      A0B91869 
 5103 00b7 6D2EC11A 		.ascii	"m.\301\032\003m\002\314\235\276\375\353\335\227'z\366"
 5103      036D02CC 
 5103      9DBEFDEB 
 5103      DD97277A 
 5103      F6
 5104 00c8 ACCFC1AE 		.ascii	"\254\317\301\256\343\370\025\222\013P\211\301\341#\343"
 5104      E3F81592 
 5104      0B5089C1 
 5104      E123E3
 5105 00d7 2207591D 		.ascii	"\"\007Y\035\373\232\302\006Zy\244g\355\270\224g\377"
 5105      FB9AC206 
 5105      5A79A467 
 5105      EDB89467 
 5105      FF
 5106 00e8 392E651C 		.ascii	"9.e\034v\216a\310\371\006\031\357GY\255r\203\303r\\"
 5106      768E61C8 
 5106      F90619EF 
 5106      4759AD72 
 5106      83C3725C 
 5107 00fc 50263B9F 		.ascii	"P&;\237\001`D\036EP\351;'\372\016V\015bW1\242\236@&"
 5107      0160441E 
 5107      4550E93B 
 5107      27FA0E56 
 5107      0D625731 
 5108 0114 FA71A0FA 		.ascii	"\372q\240\372\025\252)\373\366\262.\310(\013T\250\022"
 5108      15AA29FB 
 5108      F6B22EC8 
 5108      280B54A8 
 5108      12
 5109 0125 60D784AA 		.ascii	"`\327\204\252\270\\\321\212\207{\253\006w[\304\313F"
 5109      B85CD18A 
 5109      877BAB06 
 5109      775BC4CB 
 5109      46
 5110 0136 3C0255C2 		.ascii	"<\002U\302$B\226@\250\341\301)\005\267>\321$\222\273"
 5110      24429640 
 5110      A8E1C129 
 5110      05B73ED1 
 5110      2492BB
 5111 0149 53BAA149 		.ascii	"S\272\241I\271\323Q\261o\211\324\217\037W+4\255'\360"
 5111      B9D351B1 
 5111      6F89D48F 
 5111      1F572B34 
 5111      AD27F0
 5112 015c 0CF6E348 		.ascii	"\014\366\343Hu\210V\306\3635@\340\354<X\333\370\016"
 5112      758856C6 
 5112      F33540E0 
ARM GAS  /tmp/ccCPrn0v.s 			page 198


 5112      EC3C58DB 
 5112      F80E
 5113 016e E1242195 		.ascii	"\341$!\225\364\347\345\016\314\315\014\334\037\253\331"
 5113      F4E7E50E 
 5113      CCCD0CDC 
 5113      1FABD9
 5114 017d AFDAD0F9 		.ascii	"\257\332\320\371\003\006\232\360#\262\030m\345\305\320"
 5114      03069AF0 
 5114      23B2186D 
 5114      E5C5D0
 5115 018c F1DCE5DE 		.ascii	"\361\334\345\336\342aSk\022\"\033!\264d$\360`\254\376"
 5115      E261536B 
 5115      12221B21 
 5115      B46424F0 
 5115      60ACFE
 5116 019f 4C8F5C4F 		.ascii	"L\217\\O[\012\371\323\272\025\373\377\315\237\337\364"
 5116      5B0AF9D3 
 5116      BA15FBFF 
 5116      CD9FDFF4 
 5117 01af 7464490D 		.ascii	"tdI\015\356\306\007\306O8\205\360=\006\324\007(!m\236"
 5117      EEC607C6 
 5117      4F3885F0 
 5117      3D06D407 
 5117      28216D9E 
 5118 01c3 D21C2730 		.ascii	"\322\034'0\032\255\262X?\251G\033\224G\273\\\346\313"
 5118      1AADB258 
 5118      3FA9471B 
 5118      9447BB5C 
 5118      E6CB
 5119 01d5 CA4748B9 		.ascii	"\312GH\271<\340s*I{\374b\306\220\362\376\243\367\245"
 5119      3CE0732A 
 5119      497BFC62 
 5119      C690F2FE 
 5119      A3F7A5
 5120 01e8 1C7E6DF1 		.ascii	"\034~m\361\363\210H\363\003fq`q\001\254\302\240\333"
 5120      F38848F3 
 5120      03667160 
 5120      7101ACC2 
 5120      A0DB
 5121 01fa 045619A3 		.ascii	"\004V\031\243\333\242x\234\336\025\024\0038\304\325"
 5121      DBA2789C 
 5121      DE151403 
 5121      38C4D5
 5122 0209 71938274 		.ascii	"q\223\202tF\270\031.9\334e\335\370\354`\261\210\024"
 5122      46B8192E 
 5122      39DC65DD 
 5122      F8EC60B1 
 5122      8814
 5123 021b 67641367 		.ascii	"gd\023gT\325\021\316\236\300\345\325\261R\234\216\261"
 5123      54D511CE 
 5123      9EC0E5D5 
 5123      B1529C8E 
 5123      B1
 5124 022c 5A2E0B1F 		.ascii	"Z.\013\037\367\330d1\316\351\004\231;U\363?C\330\366"
 5124      F7D86431 
 5124      CEE90499 
 5124      3B55F33F 
ARM GAS  /tmp/ccCPrn0v.s 			page 199


 5124      43D8F6
 5125 023f DECF082B 		.ascii	"\336\317\010+G\245\264\234_0E\022\367X\317L\037r\316"
 5125      47A5B49C 
 5125      5F304512 
 5125      F758CF4C 
 5125      1F72CE
 5126 0252 99E9A0FA 		.ascii	"\231\351\240\372\354~H\237\202sx\300\366\324p\243\200"
 5126      EC7E489F 
 5126      827378C0 
 5126      F6D470A3 
 5126      80
 5127 0263 6673925A 		.ascii	"fs\222Z#L\372\035\330\013\3607\313\377\261\216~\206"
 5127      234CFA1D 
 5127      D80BF037 
 5127      CBFFB18E 
 5127      7E86
 5128 0275 8BBA25E4 		.ascii	"\213\272%\344\200\337\234:P\027\032XF\034:\005\005d"
 5128      80DF9C3A 
 5128      50171A58 
 5128      461C3A05 
 5128      0564
 5129 0287 6FBDA97A 		.ascii	"o\275\251zm6\251\252\244\320\364\206\256.\032/\343%"
 5129      6D36A9AA 
 5129      A4D0F486 
 5129      AE2E1A2F 
 5129      E325
 5130 0299 A47C2FD5 		.ascii	"\244|/\325o\272\202'\221-\325\032b\301.\264\365\253"
 5130      6FBA8227 
 5130      912DD51A 
 5130      62C12EB4 
 5130      F5AB
 5131 02ab 679F5356 		.ascii	"g\237SV\212\267\226ps\201oBY\356,\276\036\372>\326{"
 5131      8AB79670 
 5131      73816F42 
 5131      59EE2CBE 
 5131      1EFA3ED6 
 5132 02c0 8DF31837 		.ascii	"\215\363\0307\361KT\340\277\012\177\342\323\330\233"
 5132      F14B54E0 
 5132      BF0A7FE2 
 5132      D3D89B
 5133 02cf DCFD0D37 		.ascii	"\334\375\0157\221\371\230\326<_\322\270\203\003W8\267"
 5133      91F998D6 
 5133      3C5FD2B8 
 5133      83035738 
 5133      B7
 5134 02e0 C8DD4604 		.ascii	"\310\335F\004Bo\360\177\307Hn\232\3638\011Z\377\251"
 5134      426FF07F 
 5134      C7486E9A 
 5134      F338095A 
 5134      FFA9
 5135 02f2 760D1B48 		.ascii	"v\015\033H-\256\325.\224\302\011\030e\357\217X\367\032"
 5135      2DAED52E 
 5135      94C20918 
 5135      65EF8F58 
 5135      F71A
 5136 0304 E0344FE8 		.ascii	"\3404O\350\343\025f\016A|\372\222\032\307!\216!\204"
 5136      E315660E 
ARM GAS  /tmp/ccCPrn0v.s 			page 200


 5136      417CFA92 
 5136      1AC7218E 
 5136      2184
 5137 0316 51AAD16E 		.ascii	"Q\252\321n\363\332\035\333\367Z\354\315\276\367\216"
 5137      F3DA1DDB 
 5137      F75AECCD 
 5137      BEF78E
 5138 0325 934A07F6 		.ascii	"\223J\007\366\2726\267\305mLg\266\272\336\302urE\235"
 5138      BA36B7C5 
 5138      6D4C67B6 
 5138      BADEC275 
 5138      72459D
 5139 0338 DDE5F9DB 		.ascii	"\335\345\371\333\203\216\346\224\223L\373\231\035\333"
 5139      838EE694 
 5139      934CFB99 
 5139      1DDB
 5140 0346 EDC62D9B 		.ascii	"\355\306-\233\352V$\0336oX\233lu\375\366\256f\337\261"
 5140      EA56241B 
 5140      366F589B 
 5140      6C75FDF6 
 5140      AE66DFB1 
 5141 035a A13691B0 		.ascii	"\2416\221\260\351J)\252\027DH/\260\333\232\337\265\003"
 5141      E94A29AA 
 5141      1744482F 
 5141      B0DB9ADF 
 5141      B503
 5142 036c 3FA5DEC9 		.ascii	"?\245\336\311\226Lk\253\343\007\211\024\010\267\245"
 5142      964C6BAB 
 5142      E3078914 
 5142      08B7A5
 5143 037b B363E953 		.ascii	"\263c\351S\261\304j\247u\325\326\372\272W!\226v\333"
 5143      B1C46AA7 
 5143      75D5D6FA 
 5143      BA572196 
 5143      76DB
 5144 038d 1D2F93E6 		.ascii	"\035/\223\346\355\3016\236\356\354H\374\217\264\027"
 5144      EDC1369E 
 5144      EEEC48FC 
 5144      8FB417
 5145 039c D0C34FD7 		.ascii	"\320\303O\327\356p\303u\242\015\036\003\320\367\252"
 5145      EE70C375 
 5145      A20D1E03 
 5145      D0F7AA
 5146 03ab B9       		.ascii	"\271"
 5147              		.text
 5148              		.section	.gnu.lto_obqGetEmptyBufferTimeoutS.part.0.447.6de3afccbe28b4ce,"e",%progbits
 5149 0000 789C7D53 		.ascii	"x\234}S]h\034U\024>\337\2753\263\263\011\024\255\224"
 5149      5D681C55 
 5149      143EDFBD 
 5149      33B3B309 
 5149      14AD94
 5150 0013 36E043AC 		.ascii	"6\340C\254\370\024\262#M\024\373V,\330\026)\226F\011"
 5150      F814B223 
 5150      4D14FB56 
 5150      2CD81629 
 5150      964609
 5151 0026 22B824DB 		.ascii	"\"\270$\333\335f[\323Ivv\011e-{\223l\023w\363`\"\376"
ARM GAS  /tmp/ccCPrn0v.s 			page 201


 5151      DD665BD3 
 5151      49767609 
 5151      652D7B93 
 5151      6C1377F3 
 5152 003d 2425B4E4 		.ascii	"$%\264\344\255\025EdE#\221\230\037k\254&j\203\212bK"
 5152      AD154564 
 5152      45239198 
 5152      1F6BAC26 
 5152      6A838A62 
 5153 0052 35D250FF 		.ascii	"5\322P\377\240\210\330HS\353\2713\2731\255(\314\334"
 5153      A088D848 
 5153      53EBB933 
 5153      BB31AD28 
 5153      CCDC
 5154 0064 7BE79CEF 		.ascii	"{\347\234\357|\347;\347\334\331o\020]\"\242\247\371"
 5154      7CE73BE7 
 5154      DCD96F10 
 5154      5D22A2A7 
 5154      F9
 5155 0075 4588F0B2 		.ascii	"E\210\360\262MJ\251\035!\013\033\375]\210\336\241\001"
 5155      4D4AA91D 
 5155      210B1BFD 
 5155      5D88DEA1 
 5155      01
 5156 0086 81192C8C 		.ascii	"\201\031,\214\224,#?\264\241\264<\277\335\220xq\250"
 5156      942C233F 
 5156      B4A1B43C 
 5156      BFDD9078 
 5156      71A8
 5157 0098 2802A481 		.ascii	"(\002\244\201\227\206\212\327N\314>\302 \337`\242{\315"
 5157      97868AD7 
 5157      4ECC3EC2 
 5157      20DF60A2 
 5157      7BCD
 5158 00aa 09CA5942 		.ascii	"\011\312YB\032&r\030\223&\254\273\300gk\023jM8\014X"
 5158      1A267218 
 5158      9326ACBB 
 5158      C0676B13 
 5158      6A4D380C 
 5159 00bf 39FBF3E0 		.ascii	"9\373\363\340\233\326\\\357\361\3359:6\216w\300*H;\006"
 5159      9BD65CEF 
 5159      F1DD393A 
 5159      368E77C0 
 5159      2A483B06 
 5160 00d3 474F4F19 		.ascii	"GOO\0319\312\372\266w\331l\302\316\203\327\372)\245"
 5160      39CAFAB6 
 5160      77D96CC2 
 5160      CE83D7FA 
 5160      29A5
 5161 00e5 3EFF735C 		.ascii	">\377s\\\2510\035\235@\020\363\036\204,\340\367-\332"
 5161      A9301D9D 
 5161      4010F31E 
 5161      842CE0F7 
 5161      2DDA
 5162 00f7 3738AAA6 		.ascii	"78\252\246\014\366d\327<D\202\203\307@\332}\265XZ]\202"
 5162      0CF664D7 
 5162      3C448283 
ARM GAS  /tmp/ccCPrn0v.s 			page 202


 5162      C740DA7D 
 5162      B5585A5D 
 5163 010c DAD83559 		.ascii	"\332\3305Y\216}\037\302(\240\273\346~N\252\372\237\023"
 5163      8E7D1FC2 
 5163      28A0BBE6 
 5163      7E4EAAFA 
 5163      9F13
 5164 011e 5D94D11A 		.ascii	"]\224\321\0328S5\321\261i\235\262N\307\025J\243\033"
 5164      385335D1 
 5164      B1699DB2 
 5164      4EC7154A 
 5164      A31B
 5165 0130 06BB6D8E 		.ascii	"\006\273m\216\313\226\343\030TM3\240,\203\340\303\275"
 5165      CB96E318 
 5165      544D33A0 
 5165      2C83E0C3 
 5165      BD
 5166 0141 0F34DC3E 		.ascii	"\0174\334>\343\0071\335\325\023\245_\276\203zA!w\266"
 5166      E30731DD 
 5166      D513A55F 
 5166      BE837A41 
 5166      2177B6
 5167 0154 9CEE430E 		.ascii	"\234\356C\016+`\270F\343\371<\2159\024\360JM\200\327"
 5167      2B60B846 
 5167      E3F93C8D 
 5167      3914F04A 
 5167      4D80D7
 5168 0167 DAF3B5C4 		.ascii	"\332\363\265\304\340\354\032\330\027\362\021h\226\221"
 5168      E0EC1AD8 
 5168      17F21168 
 5168      9691
 5169 0175 9AFCF54A 		.ascii	"\232\374\365J\023V\026\007V'j\207u':?\206\347\007|\002"
 5169      13561607 
 5169      56276A87 
 5169      75273A3F 
 5169      86E7077C 
 5170 018a 112A60E0 		.ascii	"\021*`\340\236@\363\312\205\276B\351n\237\223\021\331"
 5170      9E40F3CA 
 5170      85BE42E9 
 5170      6E9F9311 
 5170      D9
 5171 019b 32C2A72C 		.ascii	"2\302\247,\023\334\230h\234\353U\273\271\250 ~\301o"
 5171      13DC9868 
 5171      9CEB55BB 
 5171      B9A8207E 
 5171      C16F
 5172 01ad C6F0BFE3 		.ascii	"\306\360\277\343\327\312^(Kb\265\343\013#\373?\305<"
 5172      D7CA5E28 
 5172      4B62B5E3 
 5172      0B23FB3F 
 5172      C53C
 5173 01bf E81C3CEE 		.ascii	"\350\034<\356\004}\006.\237\335\022\323(OWKl\234\361"
 5173      047D062E 
 5173      9FDD12D3 
 5173      284F574B 
 5173      6C9CF1
 5174 01d2 A7EB55A6 		.ascii	"\247\353U\246[\247\362\025\346\323\314\\\231\361y\355"
ARM GAS  /tmp/ccCPrn0v.s 			page 203


 5174      5BA7F215 
 5174      E6D3CC5C 
 5174      99F179ED 
 5175 01e2 E41ADF58 		.ascii	"\344\032\337X4\225Z\275\371</u#\342\016\000<C\022\266"
 5175      34955ABD 
 5175      F93C2F75 
 5175      23E20E00 
 5175      3C4312B6 
 5176 01f6 24113648 		.ascii	"$\0216HT\231\374Z$\252C\374\332l\017\363^\3056\242\223"
 5176      5499FC5A 
 5176      24AA43FC 
 5176      DA6C0FF3 
 5176      5EC536A2 
 5177 020b 525F3965 		.ascii	"R_9e0\321)i\005GI\327D\017n\237-&\301v\301:\261\250"
 5177      30D12969 
 5177      054749D7 
 5177      440F6E9F 
 5177      2D26C176 
 5178 0223 D39E92E2 		.ascii	"\323\236\222\342\037\270Z:\277<\014\276\313\372\274"
 5178      1FB85A3A 
 5178      BF3C0CBE 
 5178      CBFABC
 5179 0232 3558AE8B 		.ascii	"5X\256\213\231\311\260\344kd\035\325\355\177\015t\360"
 5179      99C9B0E4 
 5179      6B641DD5 
 5179      ED7F0D74 
 5179      F0
 5180 0243 D92F400F 		.ascii	"\331/@\017\216)e\307\277D\2149\256\213\336\305~H)\205"
 5180      8E2965C7 
 5180      BF448C39 
 5180      AE8BDEC5 
 5180      7E482985 
 5181 0257 1587FEEC 		.ascii	"\025\207\376\354\371\213?\015)\351\2068^+\315\"\254"
 5181      F98B3F0D 
 5181      29E98638 
 5181      5E2BCD22 
 5181      AC
 5182 0268 962837C7 		.ascii	"\226(7\307\260\370\237\020w\322\037\"\377\323N\376#"
 5182      B0F89F10 
 5182      77D21F22 
 5182      FFD34EFE 
 5182      23
 5183 0279 BEF69BC2 		.ascii	"\276\366\233\302\022\344\225\371\221\206@\301V\216\341"
 5183      12E495F9 
 5183      918640C1 
 5183      568EE1
 5184 0288 7B508478 		.ascii	"{P\204x\352I\335m\253Yge\206\346'\374\354F\323\005|"
 5184      EA49DD6D 
 5184      AB596765 
 5184      86E627FC 
 5184      EC46D305 
 5185 029d 0BF6F771 		.ascii	"\013\366\367q\376\346\213\230\205\330\354s\030\353\312"
 5185      FEE68B98 
 5185      85D8EC73 
 5185      18EBCA
 5186 02ac F0A52F7D 		.ascii	"\360\245/}\225\320R&\177\334$\255u\272\031e'/\341\261"
 5186      95D05226 
ARM GAS  /tmp/ccCPrn0v.s 			page 204


 5186      7FDC24AD 
 5186      75BA1965 
 5186      272FE1B1 
 5187 02c0 40F75B7D 		.ascii	"@\367[}\227\245\014I\013oC\203\177+\376\212[\261Wd\362"
 5187      97A50C49 
 5187      0B6F4383 
 5187      7F2BFE8A 
 5187      5BB15764 
 5188 02d5 7BEC65F1 		.ascii	"{\354e\361!\237\363\233\345->\351\231\373\244}\033\351"
 5188      219FF39B 
 5188      E52D3EE9 
 5188      99FBA47D 
 5188      1BE9
 5189 02e7 A33F60CF 		.ascii	"\243?`\317:\322\260\264\244\375\237\234\227\261\213"
 5189      3AD2B0B4 
 5189      A4FD9F9C 
 5189      97B18B
 5190 02f6 39C33EE7 		.ascii	"9\303>\347E\346\324\025\230\225\012n\212\236\035$y\254"
 5190      45E6D415 
 5190      98950A6E 
 5190      8A9E1D24 
 5190      79AC
 5191 0308 D42FABAC 		.ascii	"\324/\253\254\034\310x\365^=\224\223\022\001D\260\253"
 5191      1CC878F5 
 5191      5E3D9493 
 5191      120144B0 
 5191      AB
 5192 0319 C96973DB 		.ascii	"\311is\333\343N\312mu\366\245\334C\361X\332sv\266%["
 5192      E34ECA6D 
 5192      75F6A5DC 
 5192      43F158DA 
 5192      7376B625 
 5193 032e 934DE9CC 		.ascii	"\223M\351\314\201\244\273\376\034\335\326\340t\271\251"
 5193      81A4BBFE 
 5193      1CDDD6E0 
 5193      74B9A9
 5194 033d C35E474B 		.ascii	"\303^GK,\036M\2472G\016;M\217\357m\330\026\335\265o"
 5194      2C1E4DA7 
 5194      32470E3B 
 5194      4D8FEF6D 
 5194      D816DDB5 
 5195 0352 CFC3D144 		.ascii	"\317\303\321D2\325\336\325\222\212;T\037\2118\374\304"
 5195      32D5DED5 
 5195      928A3B54 
 5195      1F8938FC 
 5195      C4
 5196 0363 74A8EB95 		.ascii	"t\250\353\225\221\256\347\264\265<\343x\251\230\336"
 5196      91AEE7B4 
 5196      B53CE378 
 5196      A998DE
 5197 0372 A3AD9944 		.ascii	"\243\255\231D\"\236\362\"12\334\326\316\216\315\267"
 5197      229EF222 
 5197      3132DCD6 
 5197      CE8ECDB7 
 5198 0382 D822DBE3 		.ascii	"\330\"\333\343\211\207\01646<@\241t\262=\356f\322\262"
 5198      89870E34 
 5198      363C40A1 
ARM GAS  /tmp/ccCPrn0v.s 			page 205


 5198      74B23DEE 
 5198      66D2B2
 5199 0395 DD3B28D3 		.ascii	"\335;(\323\235\035\221\377\241v=^R\351\372#\311\340"
 5199      9D1D91FF 
 5199      A1763D5E 
 5199      52E9FA23 
 5199      C9E0
 5200 03a7 1C69A3BF 		.ascii	"\034i\243\277\001\177@\261\301"
 5200      017F40B1 
 5200      C1
 5201              		.text
 5202              		.section	.gnu.lto_.symbol_nodes.6de3afccbe28b4ce,"e",%progbits
 5203 0000 789C7594 		.ascii	"x\234u\224\333o\023G\024\306g\374\305Y\260e/\261kB\344"
 5203      DB6F1347 
 5203      14C667FC 
 5203      C559B065 
 5203      2FB16B42 
 5204 0015 2CB62136 		.ascii	",\266!6\220\222p+\264\334i\032(\345\017\351+\022}D\352"
 5204      9092702B 
 5204      B4DC691A 
 5204      28E50FE9 
 5204      2B127D44 
 5205 002a 71E8B650 		.ascii	"q\350\266PR\356\3204\320\006p\014\341.\324\250\017\360"
 5205      52EED034 
 5205      D006700C 
 5205      E12ED4A8 
 5205      0FF0
 5206 003c 028A204F 		.ascii	"\002\212 O\021\245\217\250\025P\313D\221*\212\204 B"
 5206      11A58FA8 
 5206      1550CB44 
 5206      912A8A84 
 5206      2042
 5207 004e 42953BDE 		.ascii	"B\225;\336\231\335\021hv_|t\2763\337\2343\277\361\224"
 5207      99DD1168 
 5207      765F7C74 
 5207      BE33DF9C 
 5207      33BFF194 
 5208 0062 E630C622 		.ascii	"\3460\306\"w9\225\032\342\003?\372\2001b\354Vy`\240"
 5208      7739951A 
 5208      E2033FFA 
 5208      803162EC 
 5208      567960A0 
 5209 0076 0C2145CF 		.ascii	"\014!E\317cI\276\371[A[\271\2171D\306AK\313\342k\011"
 5209      6349BEF9 
 5209      5B415BB9 
 5209      8F3144C6 
 5209      414BCBE2 
 5210 008c 6A5D513B 		.ascii	"j]Q;\257YSEZ\326\334\001-\013\251\271\212\017d\315\000"
 5210      AF595345 
 5210      5AD6DC01 
 5210      2D0BA9B9 
 5210      8A0F64CD 
 5211 00a1 A8FB9D3D 		.ascii	"\250\373\235=o\227\007x\263b\030\013d\305>\320\207\357"
 5211      6F970778 
 5211      B362180B 
 5211      64C53ED0 
 5211      87EF
ARM GAS  /tmp/ccCPrn0v.s 			page 206


 5212 00b3 B8A88AC8 		.ascii	"\270\250\212\3107\240\345F\301\005\365\030=\177A\207"
 5212      37A0E546 
 5212      C105F518 
 5212      3D7F4187 
 5213 00c3 F4FC0ED4 		.ascii	"\364\374\016\324{\345\321\320\272\367W~\013Za\264<\000"
 5213      7BE5D1D0 
 5213      BAF7577E 
 5213      0B5A61B4 
 5213      3C00
 5214 00d5 5A6912A2 		.ascii	"Zi\022\242\027\221\225\226\373A\253\214K\277\007\255"
 5214      17919596 
 5214      FB41AB8C 
 5214      4BBF07AD 
 5215 00e5 36751339 		.ascii	"6u\0239\010Z\363\357\320t\376}\3131tJ\313A\320G\306"
 5215      085AF3EF 
 5215      D074FE7D 
 5215      CB31744A 
 5215      CB41D047 
 5216 00fa 392EC391 		.ascii	"9.\303\221\025?\200\326\0327=\004Zg\024\016\203>6\016"
 5216      153F80D6 
 5216      1A373D04 
 5216      5A67140E 
 5216      833E360E 
 5217 010e 72050BA5 		.ascii	"r\005\013\245\347Q\320'\246\2639\002Zo\264<\016\332"
 5217      E751D027 
 5217      A6B33902 
 5217      5A6FB43C 
 5217      0EDA
 5218 0120 606CF31A 		.ascii	"`l\363\032r\322\362\030h\243q\351\011\320&\343\331\234"
 5218      72D2F218 
 5218      68A371E9 
 5218      09D026E3 
 5218      D99C
 5219 0132 046D369D 		.ascii	"\004m6\235\315u,\222\226\247@[\214\226?\202\266\232"
 5219      CD752C92 
 5219      96A7405B 
 5219      8C963F82 
 5219      B69A
 5220 0144 04FE1368 		.ascii	"\004\376\023h[C}9OdL\324y\332\020\350\3230\355\034\250"
 5220      5B437D39 
 5220      4F644CD4 
 5220      79DA10E8 
 5220      D330ED1C 
 5221 0159 2F4C3B0D 		.ascii	"/L;\015\372,L\373\031\324\037\246\235\001m\017\323F"
 5221      FA2C4CFB 
 5221      19D41FA6 
 5221      9D016D0F 
 5221      D346
 5222 016b 403BC2B4 		.ascii	"@;\302\264\013\240\317\303\264Q\320\3160\355,\350\213"
 5222      0BA0CFC3 
 5222      B451D0CE 
 5222      30ED2CE8 
 5222      8B
 5223 017c 30ED1268 		.ascii	"0\355\022hW\210\006\266D\322\351\007S/\303\275V\021"
 5223      578806B6 
 5223      44D2E907 
 5223      532FC3BD 
ARM GAS  /tmp/ccCPrn0v.s 			page 207


 5223      5611
 5224 018e CE4C0DAF 		.ascii	"\316L\015\257\341\325\030Xq\360\306\221(w\343@\321\313"
 5224      E1D51858 
 5224      71F0C691 
 5224      2877E340 
 5224      D1CB
 5225 01a0 B9165092 		.ascii	"\271\026P\222\247_mE4HFu\322\362\215\270\010\207\306"
 5225      A75F6D45 
 5225      34484675 
 5225      D2F28DB8 
 5225      0887C6
 5226 01b3 A7A73C4F 		.ascii	"\247\247<O\253t\373\344_#\"\264`\025\247\317==\310\233"
 5226      AB74FBE4 
 5226      5F2322B4 
 5226      6015A7CF 
 5226      3D3DC89B 
 5227 01c7 FE967A62 		.ascii	"\376\226zb\334$\346v\313\260\037s\325\233\"v\215\005"
 5227      DC24E676 
 5227      CBB01F73 
 5227      D59B2276 
 5227      8D05
 5228 01d9 C978B7DF 		.ascii	"\311x\267\337h\\\371\273\255\"T\376\026\342\305\373"
 5228      685CF9BB 
 5228      AD2254FE 
 5228      16E2C5FB 
 5229 01e9 FF8CFECD 		.ascii	"\377\214\376\315\232\246q\325\213k\213\254\327`]D\352"
 5229      9AA671D5 
 5229      8B6B8BAC 
 5229      D7605D44 
 5229      EA
 5230 01fa 89711722 		.ascii	"\211q\027\"\321\343\335\376~$\226\317N\236\376\023\274"
 5230      D1E3DDFE 
 5230      7E2496CF 
 5230      4E9EFE13 
 5230      BC
 5231 020b 6A218103 		.ascii	"j!\201\003\277?N\361J\022\311^U\030C2!\303\011\0212"
 5231      BF3F4EF1 
 5231      4A12C95E 
 5231      55184332 
 5231      21C30911 
 5232 0220 19D6E2B0 		.ascii	"\031\326\342\260{\374\236l=\264\355\237D\213\375\307"
 5232      7BFC9E6C 
 5232      3DB4ED9F 
 5232      448BFDC7 
 5233 0230 F0F87484 		.ascii	"\360\370t\204\277N\241M9\325-\264\3312\254\304\320\246"
 5233      BF4EA14D 
 5233      39D52DB4 
 5233      D932ACC4 
 5233      D0A6
 5234 0242 9C2A71A4 		.ascii	"\234*q\244z\325$1\244\0227gG\0361/\313\032\215\375)"
 5234      7AD52431 
 5234      A4123767 
 5234      471E312F 
 5234      CB1A8DFD 
 5235 0257 BECF46CA 		.ascii	"\276\317F\312~\372\272Q\341|b\276H\226\313o\236\203"
 5235      7EFABA51 
 5235      E17C62BE 
ARM GAS  /tmp/ccCPrn0v.s 			page 208


 5235      4896CB6F 
 5235      9E83
 5236 0269 4FB4235D 		.ascii	"O\264#]\362\3767b\374t\361\331\314(x]D\275^\256\236"
 5236      F2FE3762 
 5236      FC74F1D9 
 5236      CC28785D 
 5236      44BD5EAE 
 5237 027e 445A19D5 		.ascii	"DZ\031\325\322H\263_\317\277\022-\213%+\306^\334\377"
 5237      D248B35F 
 5237      CFBF122D 
 5237      8B252BC6 
 5237      5EDCFF
 5238 0291 8FF37A4E 		.ascii	"\217\363zN\207_\"m\277\234\274:\306ym\267(}\370x\360"
 5238      875F226D 
 5238      BF9CBC3A 
 5238      C6796DB7 
 5238      287DF878 
 5239 02a6 2D786D8F 		.ascii	"-xm\217\260:>3\374D\234\351^d4\311\214&\231\321$3\232"
 5239      B03A3E33 
 5239      FC449CE9 
 5239      5E6434C9 
 5239      8C2699D1 
 5240 02bd 6446936C 		.ascii	"dF\223l\017\240\265+\222\3258\026\004\311\016\035\371"
 5240      0FA0B52B 
 5240      92D53816 
 5240      04C90E1D 
 5240      F9
 5241 02ce A02C7428 		.ascii	"\240,t(P\"R\240\356\245\221\365Ae5\250l\324\007\325"
 5241      502252A0 
 5241      EEA591F5 
 5241      416535A8 
 5241      6CD407D5 
 5242 02e2 A9417566 		.ascii	"\251Auf\003P\235\032\224\323\343_\031G_\031G_\031G_"
 5242      03509D1A 
 5242      94D3E35F 
 5242      19475F19 
 5242      475F1947 
 5243 02f7 19C72799 		.ascii	"\031\307'\231\024YI\322nq$\311\337\262\310i\2229' \231"
 5243      145949D2 
 5243      6E7124C9 
 5243      DFB2C869 
 5243      92392720 
 5244 030c D324F39A 		.ascii	"\323$\363\232d>\033\220\314\007$\363\216$Y\233/\222"
 5244      643E1B90 
 5244      CC0724F3 
 5244      8E24599B 
 5244      2F92
 5245 031e 92A4C052 		.ascii	"\222\244\300R\010H\026\002\222\205\200d!\033\220,\004"
 5245      08481602 
 5245      92858064 
 5245      211B902C 
 5245      04
 5246 032f 240B9A64 		.ascii	"$\013\232dA\223,8\222de\217(\225$+_\011+I\322\375\032"
 5246      41932C38 
 5246      9264658F 
 5246      2895242B 
 5246      5F092B49 
ARM GAS  /tmp/ccCPrn0v.s 			page 209


 5247 0346 8B8333EF 		.ascii	"\213\2033\357\322\243t9\267f*\263\242S\033]\376()\366"
 5247      D2A37439 
 5247      B7662AB3 
 5247      A2531B5D 
 5247      FE2829F6 
 5248 035a 3F2345BB 		.ascii	"?#E\273\242"
 5248      A2
 5249              		.text
 5250              		.section	.gnu.lto_.refs.6de3afccbe28b4ce,"e",%progbits
 5251 0000 789C0D8A 		.ascii	"x\234\015\212Y\012\2000\020\3052\317\245\205\026j\261"
 5251      590A8030 
 5251      10C532CF 
 5251      A585166A 
 5251      B1
 5252 0011 0A8A0B7A 		.ascii	"\012\212\013z)\357\177\023\347'\201\220\017\350\301"
 5252      29EF7F13 
 5252      E7278190 
 5252      0FE8C1
 5253 0020 02B2E8CE 		.ascii	"\002\262\350\316H\015\353\324gl\320\350\014\212\025"
 5253      480DEBD4 
 5253      676CD0E8 
 5253      0C8A15
 5254 002f 256567BE 		.ascii	"%eg\276\261\242\311\353\254\226\260Ek\3056\355\005\235"
 5254      B1A2C9EB 
 5254      AC96B045 
 5254      6BC536ED 
 5254      059D
 5255 0041 BAFCB80E 		.ascii	"\272\374\270\016\354\321\233\340\007vE\003\004"
 5255      ECD19BE0 
 5255      07764503 
 5255      04
 5256              		.text
 5257              		.section	.gnu.lto_.decls.6de3afccbe28b4ce,"e",%progbits
 5258 0000 789CAD7B 		.ascii	"x\234\255{\011\\Tg\266\347\335\271\310\252\321\210Y"
 5258      095C5467 
 5258      B6E7DDB9 
 5258      C8AAD188 
 5258      59
 5259 0011 4D4F7A92 		.ascii	"MOz\222\330\035\215I\247\223~\357\371\272\023\273\223"
 5259      D81D8D49 
 5259      A7937EEF 
 5259      F9BA13BB 
 5259      93
 5260 0022 76D2E94E 		.ascii	"v\322\351N\267\351\231y\351\231\241\001K\345\205-P\304"
 5260      B7E99979 
 5260      E999A101 
 5260      4BE5852D 
 5260      50C4
 5261 0034 F87A66FA 		.ascii	"\370zf\372\262\243(\253\" \312&\340\202\012\002\312"
 5261      B2A328AB 
 5261      2220CA26 
 5261      E0820A02 
 5261      CA
 5262 0045 A616A0B2 		.ascii	"\246\026\240\262\250\240\270\261\271\000\262\243\024"
 5262      A8A0B8B1 
 5262      B900B2A3 
 5262      14
ARM GAS  /tmp/ccCPrn0v.s 			page 210


 5263 0052 8882A030 		.ascii	"\210\202\2400\347[\252\356\255B\023\373\367\033\177"
 5263      E75BAAEE 
 5263      AD4213FB 
 5263      F71B7F
 5264 0061 3954DD7B 		.ascii	"9T\335{\316w\316\377\254\337w/d\355\007\014c\260g\230"
 5264      CE77CEFF 
 5264      ACDF772F 
 5264      64ED070C 
 5264      63B06798 
 5265 0075 971C1866 		.ascii	"\227\034\030f\006\376\275\3020\314%\240\317\200\032"
 5265      06FEBDC2 
 5265      30CC25A0 
 5265      CF801A
 5266 0084 811C3886 		.ascii	"\201\0348\206q\002r\006r\004\232\013\324\000\367\347"
 5266      71027206 
 5266      72049A0B 
 5266      D400F7E7 
 5267 0094 C1E7A740 		.ascii	"\301\347\247@\277\005Z\005\364;\240\317\201~\017\364"
 5267      BF055A05 
 5267      F43BA0CF 
 5267      817E0FF4 
 5268 00a4 07A0D780 		.ascii	"\007\240\327\200~\014\364?\200<\200\374\2006\002-\005"
 5268      7E0CF43F 
 5268      803C80FC 
 5268      8036022D 
 5268      05
 5269 00b5 7A19683D 		.ascii	"z\031h=\350\330\002\237)@\375,\303\344\300g1P\025P-"
 5269      E8D8029F 
 5269      2940FD2C 
 5269      C3E4C067 
 5269      31501550 
 5270 00ca D005A0C5 		.ascii	"\320\005\240\305@M@7\201>\001\372\011\320g@_\001u\002"
 5270      404D4037 
 5270      813E01FA 
 5270      09D06740 
 5270      5F017502 
 5271 00de F5000D00 		.ascii	"\365\000\015\000E\001\015\001\031\201\222\201\274\200"
 5271      45010D01 
 5271      19819281 
 5271      BC80
 5272 00ec 46813280 		.ascii	"F\2012\200\306\200\036\000\025\001U\002M\000=\006\252"
 5272      C6801E00 
 5272      15015502 
 5272      4D003D06 
 5272      AA
 5273 00fd 01FA0E68 		.ascii	"\001\372\016h\006\250\021\210\345\031\306\006\350\006"
 5273      06A81188 
 5273      E519C606 
 5273      E806
 5274 010b 7CB7834F 		.ascii	"|\267\203O\007\240\271@/\001\275\002\364c\240%@?\005"
 5274      07A0B940 
 5274      2F01BD02 
 5274      F463A025 
 5274      403F05
 5275 011e 5A0AF41E 		.ascii	"Z\012\364\036\320\373@\037\000}\004T,0\314\177f\010"
 5275      D0FB401F 
 5275      007D0454 
ARM GAS  /tmp/ccCPrn0v.s 			page 211


 5275      2C30CC7F 
 5275      6608
 5276 0130 B64FE1FA 		.ascii	"\266O\341\372\277\000\0152\304\177\024/\344\267\304"
 5276      BF000D32 
 5276      C47F142F 
 5276      E4B7C4
 5277 013f 9018BE81 		.ascii	"\220\030\276\201\342K\365\376\033\212\035O\374\351\000"
 5277      E24BF5FE 
 5277      1B8A1D4F 
 5277      FCE900
 5278 014e 628064A0 		.ascii	"b\200d\240\363\360\3651\304\245\036>?\2478^\004\232"
 5278      F3F0F531 
 5278      C4A51E3E 
 5278      3FA7385E 
 5278      049A
 5279 0160 867BD540 		.ascii	"\206{\325@y@\307\200\016\003\325\202L\035\320\357)\346"
 5279      7940C780 
 5279      0E03D582 
 5279      4C1DD0EF 
 5279      29E6
 5280 0172 3F00AD46 		.ascii	"?\000\255F9\203\317?\002\375W\240\205\"\261\033E\363"
 5280      3983CF3F 
 5280      02FD57A0 
 5280      8522B11B 
 5280      45F3
 5281 0184 B6549323 		.ascii	"\266T\223#S>\376;\302\303\223\274 \254_Y\3316\351\377"
 5281      533EFE3B 
 5281      C2C393BC 
 5281      20AC5F59 
 5281      D936E9FF 
 5282 0198 0AE8EF54 		.ascii	"\012\350\357T?\312\313\317\200>\000\372\013\215\323"
 5282      3FCACBCF 
 5282      803E00FA 
 5282      0B8DD3
 5283 01a7 EB40BFA0 		.ascii	"\353@\277\240\371\372'\240\177\005\372\030\350#\240"
 5283      F9FA27A0 
 5283      7F05FA18 
 5283      E823A0
 5284 01b6 15401F02 		.ascii	"\025@\037\002\375\022h%\320?\003\375\032\350_\200Z\000"
 5284      FD126825 
 5284      D03F03FD 
 5284      1AE85F80 
 5284      5A00
 5285 01c8 E34286E4 		.ascii	"\343B\206\344\022a\374\237\024\217\013K\260~F\343\377"
 5285      1261FC9F 
 5285      148F0B4B 
 5285      B07E46E3 
 5285      FF
 5286 01d9 6F9A7AF8 		.ascii	"o\232z\370'\352\303/5vLzM\270\376\027\315\335[@\035"
 5286      27EAC32F 
 5286      35764C7A 
 5286      4DB8FE17 
 5286      CDDD5B40 
 5287 01ee 60C39121 		.ascii	"`\303\221!\372\214\324\316W4?\177af\333\370\230\352"
 5287      FA8CD4CE 
 5287      57343F7F 
 5287      6166DBF8 
ARM GAS  /tmp/ccCPrn0v.s 			page 212


 5287      98EA
 5288 0200 35D97A4F 		.ascii	"5\331zO$yN\246k\221\355\277jp\246pj\256\277\242v\254"
 5288      24794EA6 
 5288      6B91EDBF 
 5288      6A70A670 
 5288      6AAEBFA2 
 5289 0216 F56A63FA 		.ascii	"\365jc\372\011\215\211)\266n@\3614\266\326\266\335y"
 5289      098D8929 
 5289      B66E40F1 
 5289      34B6D6B6 
 5289      DD79
 5290 0228 D26B1F51 		.ascii	"\322k\037Q\177\265\376-\245\376u\003\276\347\030\202"
 5290      7FB5FE2D 
 5290      A5FE7503 
 5290      BEE71882 
 5291 0238 65946244 		.ascii	"e\224bD\375\205jr\015\320Z OZ\233_k\352\3433Z\313\010"
 5291      FD856A72 
 5291      0DD05A20 
 5291      4F5A9B5F 
 5291      6BEAE333 
 5292 024f 9F174F7A 		.ascii	"\237\027Oz\350k\332k-P\333\213\250N/\215N\037\352\367"
 5292      E86BDA6B 
 5292      2D50DB8B 
 5292      A84E2F8D 
 5292      4E1FEAF7 
 5293 0263 521A4389 		.ascii	"R\032C\211\372\371\276&~\277\320\340\364\245}\363.\257"
 5293      FAF9BE26 
 5293      7EBFD0E0 
 5293      F4A57DF3 
 5293      2EAF
 5294 0275 FA540E6B 		.ascii	"\372T\016k\374x\322\313\335H/\340\237\313\220\276\375"
 5294      FC78D2CB 
 5294      DD482FE0 
 5294      9FCB90BE 
 5294      FD
 5295 0286 94FBC770 		.ascii	"\224\373\307p\177\303\223\236O\247\270W\202\256W\031"
 5295      7FC3939E 
 5295      4FA7B857 
 5295      82AE5719 
 5296 0296 720FE9CA 		.ascii	"r\017\351\312\321\344Z\242\271y\221\233\215\331\204"
 5296      D1E45AA2 
 5296      B979919B 
 5296      8DD984
 5297 02a5 CD942777 		.ascii	"\315\224'wM\355\373\003e\323\374\374+\315\377\012MN"
 5297      4DEDFB03 
 5297      65D3FCFC 
 5297      2BCDFF0A 
 5297      4D4E
 5298 02b7 56D27E42 		.ascii	"V\322~B5\375\002\320\035\300\360\022\215\335\003M\354"
 5298      35FD02D0 
 5298      1DC0F012 
 5298      8DDD034D 
 5298      EC
 5299 02c8 900F4FF2 		.ascii	"\220\017O\362\015aB\362O\362\357\023\252\337:?\213i"
 5299      0D6142F2 
 5299      4FF2EF13 
 5299      AADF3A3F 
ARM GAS  /tmp/ccCPrn0v.s 			page 213


 5299      8B69
 5300 02da BD6BFDF7 		.ascii	"\275k\375\367\004\273K\030\202\257\210\332}\355\007"
 5300      04BB4B18 
 5300      82AF88DA 
 5300      7DED07
 5301 02e9 6A01612C 		.ascii	"j\001a,\266\252\337'\305 \000\350\000g9_\236\005'\302"
 5301      B6AADF27 
 5301      C52000E8 
 5301      0067395F 
 5301      9E0527C2 
 5302 02fd A8A7F3F2 		.ascii	"\250\247\363\362?xK\274!t>\241\031\375;\356\373\347"
 5302      3F784BBC 
 5302      21743EA1 
 5302      19FD3BEE 
 5302      FBE7
 5303 030f 53D513F0 		.ascii	"S\325\023\360=m>}\306\375\377\233O#\"\351\203\011\212"
 5303      3D6D3E7D 
 5303      C6FDFF9B 
 5303      4F2322E9 
 5303      83098A
 5304 0322 513B9F4C 		.ascii	"Q;\237L\275\256\355\363\317(\376\0175\266\236uNM\201"
 5304      BDAEEDF3 
 5304      CF28FE0F 
 5304      35B69E75 
 5304      4E4D81
 5305 0335 2D67AAF3 		.ascii	"-g\252\3631\265\267\212{\372\254\372\214\233=/\220\355"
 5305      31B5B78A 
 5305      7BFAACFA 
 5305      8C9B3D2F 
 5305      90ED
 5306 0347 18D0F39F 		.ascii	"\030\320\363\237\030\262\337!\035\332YUKcl\352\335g"
 5306      18B2DF21 
 5306      1DDA5955 
 5306      4B636CEA 
 5306      DD67
 5307 0359 D1F9433D 		.ascii	"\321\371C=a\335\017O\232Q3\232\0315Cq\375\2433\352o"
 5307      61DD0F4F 
 5307      9A51339A 
 5307      19354371 
 5307      FDA333EA 
 5308 036e 3CD9BF37 		.ascii	"<\331\2777\320\332\032\321\314\250\3574:\177hF!\037"
 5308      D0DA1AD1 
 5308      CCA8EF34 
 5308      3A7F6846 
 5308      211F
 5309 0380 9F6546FD 		.ascii	"\237eF\375o\236\2345\372\201xP2\217!g\206\337\3218\377"
 5309      6F9E9C35 
 5309      FA817850 
 5309      328F2167 
 5309      86DFD138 
 5310 0395 23D8FF0F 		.ascii	"#\330\377\017O\316\034\015\024{\032\304\3435\206\334"
 5310      4FCE1C0D 
 5310      147B1AC4 
 5310      E33586DC 
 5311 03a5 33E9BBC0 		.ascii	"3\351\273\300\315\336G\254g\225\266\366?\343\236\276"
 5311      CDDE47AC 
 5311      6795B6F6 
ARM GAS  /tmp/ccCPrn0v.s 			page 214


 5311      3FE39EBE 
 5312 03b5 8F68F78F 		.ascii	"\217h\367\217\2179\313=\304z^9\201\301Wh\034m\250\177"
 5312      8F39CB3D 
 5312      C47A5E39 
 5312      81C15768 
 5312      1C6DA87F 
 5313 03c9 8BB91F9E 		.ascii	"\213\271\037\236Y_=ef}FmX\347\353\2379\265V\264\361"
 5313      595F3D65 
 5313      667D466D 
 5313      58E7EB9F 
 5313      39B556B4 
 5314 03de 380EB1F8 		.ascii	"8\016\261\370)\235[7h<\232~\240>\020\326\233\234\345"
 5314      299D5B37 
 5314      683C9A7E 
 5314      A03E10D6 
 5314      9B9CE5
 5315 03f1 5C7FDAEC 		.ascii	"\\\177\332\354\372\277@W\270\247\317\256\357\303\253"
 5315      FABF4057 
 5315      B8A7CFAE 
 5315      EFC3AB
 5316 0400 9D5DD6B8 		.ascii	"\235]\326\270\027\202\341\371\2647\3554ua\302\362,\275"
 5316      1782E1F9 
 5316      B437ED34 
 5316      7561C2F2 
 5316      2CBD
 5317 0412 B592E646 		.ascii	"\265\222\346F\333?/J\344L\344@u>-\007Z[\337\347\327"
 5317      DB3F2F4A 
 5317      E44CE440 
 5317      753E2D07 
 5317      5A5BDFE7 
 5318 0427 C74FA8BF 		.ascii	"\307O\250\277\016\350\035\010!\343\213jJ$\337Q?\307"
 5318      0EE81D08 
 5318      21E38B6A 
 5318      4A24DF51 
 5318      3FC7
 5319 0439 69BEDFA3 		.ascii	"i\276\337\2432\356\360\375<\334\177Ys\036@{\267i_C\275"
 5319      32EEF0FD 
 5319      3CDC7F59 
 5319      731E407B 
 5319      B7695F43 
 5320 044e 62EA39EB 		.ascii	"b\3529\353\275\366\207\366\326\277\363\3449\301\227"
 5320      BDF687F6 
 5320      D6BFF3E4 
 5320      39C197
 5321 045d 53F75753 		.ascii	"S\367WSL~LspEc\033\345g@\323\353\337g\373\263\037\260"
 5321      4C7E4C73 
 5321      7045631B 
 5321      E56740D3 
 5321      EBDF67FB 
 5322 0474 8D9E51D0 		.ascii	"\215\236Q\320\363\211;\247\236\275Vjj\024\331\226\236"
 5322      F3893BA7 
 5322      9EBD566A 
 5322      6A14D996 
 5322      9E
 5323 0485 63056901 		.ascii	"c\005i\001\273\030>e8\243\3136\314\373\012\376\027\374"
 5323      BB183E65 
 5323      38A3CB36 
ARM GAS  /tmp/ccCPrn0v.s 			page 215


 5323      CCFB0AFE 
 5323      17FC
 5324 0497 22538E82 		.ascii	"\"S\216\202\003\242\366\362\237\031\201\333y|H\261q"
 5324      03A2F6F2 
 5324      9F1981DB 
 5324      797C48B1 
 5324      71
 5325 04a8 214C03E6 		.ascii	"!L\003\346\034gO\260\025\350\233\274\016\370=\373\317"
 5325      1C674FB0 
 5325      15E89BBC 
 5325      0EF83DFB 
 5325      CF
 5326 04b9 0CB116FC 		.ascii	"\014\261\026\374\223&\276\300\025W\2368\3464\327\240"
 5326      9326BEC0 
 5326      15579E38 
 5326      E634D7A0 
 5327 04c9 284625BD 		.ascii	"(F%\275J0\260%,:\350W\002\311\177C\030\354\001\303-"
 5327      4A30B025 
 5327      2C3AE857 
 5327      02C97F43 
 5327      18EC01C3 
 5328 04de 46565846 		.ascii	"FVXFz\223E\317lN\360\311\310a,\254}X\266\343\274\344"
 5328      7A9345CF 
 5328      6C4EF0C9 
 5328      C8612CAC 
 5328      7D58B6E3 
 5329 04f4 84D71A42 		.ascii	"\204\327\032Bm\031\274\264\226}\263\202\255a\317\260"
 5329      6D19BCB4 
 5329      967DB382 
 5329      AD61CFB0 
 5330 0504 827CF77E 		.ascii	"\202|\367~\335\3459K\226\270,\001\211\211\362\372\333"
 5330      DDE5394B 
 5330      96B82C01 
 5330      8989F2FA 
 5330      DB
 5331 0515 214BE322 		.ascii	"!K\343\"\"\224\330 \276\216=\315\236\243\226J\201\336"
 5331      2294D820 
 5331      BE8E3DCD 
 5331      9EA3964A 
 5331      81DE
 5332 0527 63908E43 		.ascii	"c\220\216C\325\321\216\300\254d\253\314\314\345\210"
 5332      D5D18EC0 
 5332      AC64ABCC 
 5332      CCE588
 5333 0536 07A84301 		.ascii	"\007\250C\001\270\300\234b\341Y\34480+\330\263\354y"
 5333      B8C09C62 
 5333      E159E438 
 5333      302BD8B3 
 5333      EC79
 5334 0548 B61E3900 		.ascii	"\266\0369\000\013\363\017\207D(\316\241\366\225l\231"
 5334      0BF30F87 
 5334      4428CEA1 
 5334      F6956C99 
 5335 0558 76610942 		.ascii	"va\011B\230\230\031T\304\271Xj8i\251A\340\322Z\306/"
 5335      98981954 
 5335      C4B9586A 
 5335      3869A941 
ARM GAS  /tmp/ccCPrn0v.s 			page 216


 5335      E0D25AC6 
 5336 056d 48E61034 		.ascii	"H\346\0204P\025\215,\3425\005U\366\253\341i\244\274"
 5336      50158D2C 
 5336      E2350555 
 5336      F6ABE169 
 5336      A4BC
 5337 057f 0B2CCE4F 		.ascii	"\013,\316O,\013?\"\235!B\006\205\225\2439tOA\227\012"
 5337      2C0B3F22 
 5337      9D214206 
 5337      8595A339 
 5337      744F4197 
 5338 0594 5CEEE460 		.ascii	"\\\356\344`y[XA\264e\350\231f\232\2314\304\037,\215"
 5338      795B5841 
 5338      B465E899 
 5338      669A9934 
 5338      C41F2C8D 
 5339 05a8 37DA5BF0 		.ascii	"7\332[\360[\330fSj\246\225\342Z\331l\273\225\332nC\266"
 5339      5BD86653 
 5339      6AA695E2 
 5339      5AD96CBB 
 5339      95DA6E43 
 5340 05bd 17B0CE60 		.ascii	"\027\260\316`\213\223\017\202\3157 -<\374d\344#H\345"
 5340      8B930F82 
 5340      CD37202D 
 5340      3CFC64E4 
 5340      2348E5
 5341 05d0 9DED0F77 		.ascii	"\235\355\017w\362()C\212!Xd\332\331\353,\323\301\276"
 5341      F2282943 
 5341      8A215864 
 5341      DAD9EB2C 
 5341      D3C1BE
 5342 05e3 51C1DE62 		.ascii	"Q\301\336bo\262r9T\322i\014t\006d\353\343\224J\033'"
 5342      6FB27239 
 5342      54D2690C 
 5342      740664EB 
 5342      E3944A1B 
 5343 05f8 8526F039 		.ascii	"\205&\3609b\240\207e\226w\263\310)F>\007\342\027\221"
 5343      62A08765 
 5343      9677B3C8 
 5343      29463E07 
 5343      E21791
 5344 060b D66D9553 		.ascii	"\326m\225S]\266V\251\3567\245ZnC\"\207\006;o\315\261"
 5344      5DB656A9 
 5344      EE37A55A 
 5344      6E432287 
 5344      063B6FCD 
 5345 0620 12193489 		.ascii	"\022\0314\211\200A\036T\272\310\267AT\352/\236\312\340"
 5345      80411E54 
 5345      BAC8B741 
 5345      54EA2F9E 
 5345      CAE0
 5346 0632 5E635927 		.ascii	"^cY'\240`Ey\004e\365\313\021\226,\015\241K\231\021\226"
 5346      A0604579 
 5346      0465F5CB 
 5346      11962C0D 
 5346      A14B9911 
 5347 0647 19658D2C 		.ascii	"\031e\215,7\202\260\240\305\242<\204\026\037\037\313"
ARM GAS  /tmp/ccCPrn0v.s 			page 217


 5347      3782B0A0 
 5347      C5A23C84 
 5347      161F1FCB 
 5348 0657 2C75D02C 		.ascii	",u\320,f\307\321\312>e\257\013\363\376\273\0143\316"
 5348      66C7D1CA 
 5348      3E65AF0B 
 5348      F3FEBB0C 
 5348      33CE
 5349 0669 3213EC03 		.ascii	"2\023\354\003\226\033g\345Q$^\276'\254\315Q\025\377"
 5349      961B67E5 
 5349      51245EBE 
 5349      27ACCD51 
 5349      15FF
 5350 067b 9729229D 		.ascii	"\227)\"\235D\244\247X\346\021;\311rS\010!N\035+\217"
 5350      44A4A758 
 5350      E6113BC9 
 5350      72530821 
 5350      4E1D2B8F 
 5351 068f 83D30F81 		.ascii	"\203\323\017\201\246\201\202yd\361vq\234\000\205\214"
 5351      A6818279 
 5351      64F17671 
 5351      9C00858C 
 5352 069f EA383565 		.ascii	"\35285e\370\264S*xh\337\317\004qa\234\266\336P1\016"
 5352      F8B4532A 
 5352      7868DFCF 
 5352      0471619C 
 5352      B6DE5031 
 5353 06b4 86E162EC 		.ascii	"\206\341b\354g\202\265LM\025\367\262\250\344\303\270"
 5353      6782B54C 
 5353      4D15F7B2 
 5353      A8E4C3B8 
 5354 06c4 0A36940B 		.ascii	"\0126\224\013\341P%\024\362\214\\\002t\022\331\332\333"
 5354      E1502514 
 5354      F28C5C02 
 5354      7412D9DA 
 5354      DB
 5355 06d5 B7A75BD0 		.ascii	"\267\247[\320x\367\352f\016\343\255\012\342\021\340"
 5355      78F7EA66 
 5355      0EE3AD0A 
 5355      E211E0
 5356 06e4 486E3307 		.ascii	"Hn3\007\217\325\2338\370\024\270Sa\255\2058+}\006k\276"
 5356      8FD59B38 
 5356      F814B853 
 5356      61AD8538 
 5356      2B7D066B 
 5357 06f9 C09566A7 		.ascii	"\300\225f\247\206\3161\227\317\026\012f+\230\024\204"
 5357      86CE3197 
 5357      CF160A66 
 5357      2B981484 
 5358 0709 84A0F812 		.ascii	"\204\240\370\022\316e\011\316<\002Ex\321\000*\206\243"
 5358      CE6509CE 
 5358      3C024578 
 5358      D1002A86 
 5358      A3
 5359 071a 5DD54A1C 		.ascii	"]\325J\034\331\312Ep\321ZG\344S\000\265\026\240\012"
 5359      D9CA4570 
 5359      D15A47E4 
ARM GAS  /tmp/ccCPrn0v.s 			page 218


 5359      5300B516 
 5359      A00A
 5360 072c 97EA1B1A 		.ascii	"\227\352\033\032y\034\225\374:\223p\034\227`\345\265"
 5360      791C95FC 
 5360      3A93701C 
 5360      9760E5B5 
 5361 073c D6400218 		.ascii	"\326@\002\030\210\307>\237\007%\027yF\262\3013\305\006"
 5361      88C73E9F 
 5361      07251779 
 5361      46B2C133 
 5361      C506
 5362 074e 3E510B7C 		.ascii	">Q\013|'_\341Q\011\017L^\220\314eI\326&q6\025\354\016"
 5362      275FE151 
 5362      090F4C5E 
 5362      90CC6549 
 5362      D6267136 
 5363 0765 2E9193DB 		.ascii	".\221\223\333`\351\015$\026\032\221\\\307Y4\317N.\225"
 5363      60E90D24 
 5363      161A915C 
 5363      C75934CF 
 5363      4E2E95
 5364 0778 23DDD587 		.ascii	"#\335\325\207\005\356\247=\020-\004v\231\004\004\256"
 5364      05EEA73D 
 5364      102D0476 
 5364      990404AE 
 5365 0788 A63FA7DF 		.ascii	"\246?\247\337\316\034\236\335\024u\032\012\217\224\323"
 5365      CE1C9EDD 
 5365      14751A0A 
 5365      8F94D3
 5366 0797 9C7FDD91 		.ascii	"\234\177\335\221\014\256\374<\342Z\032\227\302e|OB3"
 5366      0CAEFC3C 
 5366      E25A1A97 
 5366      C2657C4F 
 5366      4233
 5367 07a9 406F3A97 		.ascii	"@o:\227\211\234C\300K\262c\3200K\346\266kWA\215\310"
 5367      899C43C0 
 5367      4BB263D0 
 5367      304BE6B6 
 5367      6B57418D 
 5368 07be 23007F0C 		.ascii	"#\000\177\014h\012e;5*\351\017\304\2161\3464^"
 5368      680A653B 
 5368      352AE90F 
 5368      C48E31E6 
 5368      345E
 5369 07d0 91C66573 		.ascii	"\221\306es\271\337c'\027\354\344p{MY\332i*\267=\332"
 5369      B9DF6327 
 5369      17ECE470 
 5369      7B4D59DA 
 5369      692AB73D 
 5370 07e5 5568F6D9 		.ascii	"Uh\366\331\017\337\274\266\015\252v\321\222%8\317m\335"
 5370      0FDFBCB6 
 5370      0DAA76D1 
 5370      922538CF 
 5370      6DDD
 5371 07f7 DFD41AD8 		.ascii	"\337\324\032\330h.\234;`\245>\177\"[AJ\3028\005x\304"
 5371      682E9C3B 
 5371      60A53E7F 
ARM GAS  /tmp/ccCPrn0v.s 			page 219


 5371      225B414A 
 5371      C2380578 
 5372 080c CC934C1F 		.ascii	"\314\223L\037\000\323\207\270\203\\\036\267\217\333"
 5372      00D387B8 
 5372      835C1EB7 
 5372      8FDB
 5373 081a 4F1DCDAF 		.ascii	"O\035\315\257'\000\022\270\330\331zK\211\336\014n\333"
 5373      270012B8 
 5373      D8D97A4B 
 5373      89DE0C6E 
 5373      DB
 5374 082b 2CBDF9A9 		.ascii	",\275\371\251\204\227\313eY\362\004\307\244\353%\245"
 5374      8497CB65 
 5374      59F204C7 
 5374      A4EB25A5 
 5375 083b 320405FD 		.ascii	"2\004\005\375C\201\031\312\212\336\252\260U.\343\354"
 5375      438119CA 
 5375      8ADEAAB0 
 5375      552EE3EC 
 5376 084b 7D369F1B 		.ascii	"}6\237\033c\241k\227\017\261\005\334=V\0058\315\242"
 5376      63A16B97 
 5376      0FB105DC 
 5376      3D560538 
 5376      CDA2
 5377 085d D757F900 		.ascii	"\327W\371\000\260\220;\314\035\341\212\271\"S&&\263"
 5377      B0903BCC 
 5377      1DE18AB9 
 5377      22532626 
 5377      B3
 5378 086e FD32ECDB 		.ascii	"\3752\354\333\020S\203\016\351\235\314\212\216FzG\330"
 5378      1053830E 
 5378      E99DCC8A 
 5378      8E467A47 
 5378      D8
 5379 087f 61D07B97 		.ascii	"a\320{\227\275\303R\305\357\343\310\366U\207\033>\266"
 5379      BDC352C5 
 5379      EFE3C8F6 
 5379      55871B3E 
 5379      B6
 5380 0890 9F621F02 		.ascii	"\237b\037\002\363\236\331()\351\207\331\"\304\362\000"
 5380      F39ED928 
 5380      29E987D9 
 5380      22C4F200 
 5381 08a0 37033C82 		.ascii	"7\003<\202]\335\306\246\263\36066\300\366\261\371\226"
 5381      5DDDC6A6 
 5381      B3F03636 
 5381      C0F6B1F9 
 5381      96
 5382 08b1 19E1A6EB 		.ascii	"\031\341\246\353'\223\355],A\267\260\263P\013\334\304"
 5382      2793ED5D 
 5382      2C41B7B0 
 5382      B3500BDC 
 5382      C4
 5383 08c2 AD5283ED 		.ascii	"\255R\203\355B\"\230\316\035\345\256\262W\320\0338\016"
 5383      422298CE 
 5383      1DE5AEB2 
 5383      57D01B38 
ARM GAS  /tmp/ccCPrn0v.s 			page 220


 5383      0E
 5384 08d3 CD664698 		.ascii	"\315fF\230s/\364\372Y\021\007\310\254\353\022\333\004"
 5384      732FF4FA 
 5384      591107C8 
 5384      ACEB12DB 
 5384      04
 5385 08e4 AC125055 		.ascii	"\254\022PU\306Up\245\\9-\020cj\015\206\323\306^cK\254"
 5385      C65570A5 
 5385      5C392D10 
 5385      636A0D86 
 5385      D3C65E63 
 5386 08fa 8795714B 		.ascii	"\207\225qKn\203\303\005\205\357d\273\200\211w\0125A"
 5386      6E83C305 
 5386      85EF64BB 
 5386      8089770A 
 5386      3541
 5387 090c 7B737182 		.ascii	"{sq\202\216q\267\201G\000\230\235\314O\352\015W\234"
 5387      8E71B781 
 5387      4700989D 
 5387      CC4FEA0D 
 5387      579C
 5388 091e 83ED3BD9 		.ascii	"\203\355;\331\033\332\205\355P\3363\250\361\372\316"
 5388      1BDA85ED 
 5388      50DE33A8 
 5388      F1FACE
 5389 092d 3577D9B9 		.ascii	"5w\331\271X\202;\316Y\241C{'\354\232\002#\307\003\245"
 5389      58823BCE 
 5389      59A1437B 
 5389      27EC9A02 
 5389      23C703A5 
 5390 0941 08B0EE70 		.ascii	"\010\260\356pw[\240U\337W\231\373>\035I\304_\214\316"
 5390      775BA055 
 5390      DF5799FB 
 5390      3E1D49C4 
 5390      5F8CCE
 5391 0954 B29B7BEB 		.ascii	"\262\233{\353\011CM\336\017Z\312@F>x\375\3109[\027m"
 5391      09434DDE 
 5391      0F5ACA40 
 5391      463E78FD 
 5391      C8395B17 
 5392 0969 74F0BE7F 		.ascii	"t\360\276\177\206\253\005\000g\271:\256\236\326FIbO"
 5392      86AB0500 
 5392      67B93AAE 
 5392      9ED64649 
 5392      624F
 5393 097b FE7B7896 		.ascii	"\376{x\226Ws\225\300\325\206\007\205 \215\034,\252\271"
 5393      577395C0 
 5393      D5860785 
 5393      208D1C2C 
 5393      AAB9
 5394 098d 1A339384 		.ascii	"\0323\223\204\240\003\354G\207$\240\300\236\346NiW\302"
 5394      A003EC47 
 5394      8724A0C0 
 5394      9EE64E69 
 5394      57C2
 5395 099f 7C34229C 		.ascii	"|4\"\234u\307\267\367\317\261:x\234\263\004\000\376"
 5395      75C7B7F7 
ARM GAS  /tmp/ccCPrn0v.s 			page 221


 5395      CFB13A78 
 5395      9CB30400 
 5395      FE
 5396 09b0 7F08740E 		.ascii	"\177\010t\016\355\346\267\004yF@wj\321\017\330x7\213"
 5396      EDE6B704 
 5396      79464077 
 5396      6AD10FD8 
 5396      78378B
 5397 09c3 8C9C00B4 		.ascii	"\214\234\000\264S\004e\267\357\345\2159Y\314\261\253"
 5397      530465B7 
 5397      EFE58D39 
 5397      59CCB1AB 
 5398 09d3 DC35D31C 		.ascii	"\3345\323\034\273<\0317\254\236^\256Q(\315(\"{@\301"
 5398      BB3C1937 
 5398      AC9E5EAE 
 5398      5128CD28 
 5398      227B40C1 
 5399 09e7 41A4A06A 		.ascii	"A\244\240jz\"\331z\367n\345\324\255\371\035\271\024"
 5399      7A22D97A 
 5399      F76EE5D4 
 5399      ADF91DB9 
 5399      14
 5400 09f8 44AB9068 		.ascii	"D\253\220h\347\330\301\\\313\241z\203\273I\207\352Y"
 5400      E7D8C15C 
 5400      CBA17A83 
 5400      BB4987EA 
 5400      59
 5401 0a09 249050BF 		.ascii	"$\220P\277ip\216\205\300-\223\200\300%\207e\014\253"
 5401      69708E85 
 5401      C02D9380 
 5401      C0258765 
 5401      0CAB
 5402 0a1b C7A50E0A 		.ascii	"\307\245\016\012\246\023\017\325\310\235\307Jl\\4Y\301"
 5402      A6130FD5 
 5402      C89DC74A 
 5402      6C5C3459 
 5402      C1
 5403 0a2c 9D7383EB 		.ascii	"\235s\203\353\202\305\335\334mZ\260\023\36111\325\216"
 5403      82C5DDDC 
 5403      6D5AB013 
 5403      F13131D5 
 5403      8E
 5404 0a3d 38299D5C 		.ascii	"8)\235\\\031\3335k\203\215&I\351\344\252\264L\030\034"
 5404      19DB356B 
 5404      838D2649 
 5404      E9E4AAB4 
 5404      4C181C
 5405 0a50 DC85B1A9 		.ascii	"\334\205\261\251I\321\305R\375-\255z\371*xy\0039qj\317"
 5405      49D1C552 
 5405      FD2DAD7A 
 5405      F92A7879 
 5405      0339716A 
 5406 0a65 C4006FE1 		.ascii	"\304\000o\341D\037\327O\275\354A\002\373\362\307\022"
 5406      441FD74F 
 5406      BDEC4102 
 5406      FBF2C712 
 5407 0a75 2CCFD403 		.ascii	",\317\324\003&\001\201\313\335\224<\301\232\275\034"
ARM GAS  /tmp/ccCPrn0v.s 			page 222


 5407      260181CB 
 5407      DD943CC1 
 5407      9ABD1C
 5408 0a84 A42886F0 		.ascii	"\244(\206\360\316\232\224]{\320\211l\212\017K\024\305"
 5408      CE9A945D 
 5408      7BD0896C 
 5408      8A0F4B14 
 5408      C5
 5409 0a95 D67E0880 		.ascii	"\326~\010\200\336}\372\236\330\307\335\005\265wH\337"
 5409      DE7DFA9E 
 5409      D8C7DD05 
 5409      B57748DF 
 5410 0aa5 F75C1DC0 		.ascii	"\367\\\035\300y\326\360\007T>$\352M\331\010.\214\003"
 5410      79D6F007 
 5410      543E24EA 
 5410      4DD9082E 
 5410      8C03
 5411 0ab7 4D038549 		.ascii	"M\003\205I\310\225\356K\261\226\233\334\030w\337\204"
 5411      C895EE4B 
 5411      B1969BDC 
 5411      1877DF84 
 5412 0ac7 F470CC9E 		.ascii	"\364p\314\2361\0073\322\373\024\006z5(\307K\320t@\351"
 5412      310733D2 
 5412      FB14067A 
 5412      3528C74B 
 5412      D07440E9 
 5413 0adb 48496C4D 		.ascii	"HIlM\362\240h\275\031>\344\360n\310=8\260e\241\2317"
 5413      F2A068BD 
 5413      193EE4F0 
 5413      6EC83D38 
 5413      B065A199 
 5414 0af0 49754C21 		.ascii	"IuL!\035\205\260\276\002\326\317\213\214T\346\241y\264"
 5414      1D85B0BE 
 5414      02D6CF8B 
 5414      8C54E6A1 
 5414      79B4
 5415 0b02 880EA589 		.ascii	"\210\016\245\211\304\007\261\333\177|*D\2011\231\314"
 5415      C407B1DB 
 5415      7F7C2A44 
 5415      813199CC 
 5416 0b12 8D73C1BC 		.ascii	"\215s\301\274\325\360\335Z\027\217\272\007\355[\026"
 5416      D5F0DD5A 
 5416      178FBA07 
 5416      ED5B16
 5417 0b21 3CE4FC74 		.ascii	"<\344\374tn<\331;\037\315\342\345\017G\340\354's\217"
 5417      6E3CD93B 
 5417      1FCDE2E5 
 5417      0F47E0EC 
 5417      27738F
 5418 0b34 67AFD31C 		.ascii	"g\257\323\0344\202\371\0126\210W\370\031.\234\237\346"
 5418      3482F90A 
 5418      368857F8 
 5418      192E9C9F 
 5418      E6
 5419 0b45 42F9103E 		.ascii	"B\371\020>\214\247\003\361,\261\334\314\215\316B\225"
 5419      8CA703F1 
 5419      2CB1DCCC 
ARM GAS  /tmp/ccCPrn0v.s 			page 223


 5419      8DCE4295 
 5420 0b55 5FB6096B 		.ascii	"_\266\011k\177\300\335\233\215\270m\037^\327\306\215"
 5420      7FC0DD9B 
 5420      8DB86D1F 
 5420      5ED7C68D 
 5421 0b65 CCE6A512 		.ascii	"\314\346\245\022\235S\334\204%O\036\225\030\351ev\206"
 5421      9D53DC84 
 5421      254F1E95 
 5421      18E96576 
 5421      86
 5422 0b76 851F9036 		.ascii	"\205\037\2206\024\351\322\366\311R|<7\037\3516\363/"
 5422      14E9D2F6 
 5422      C9527C3C 
 5422      371FE936 
 5422      F32F
 5423 0b88 57B09BF8 		.ascii	"W\260\233\370H^\236\201p\206\331\200P\314\275]\303N"
 5423      485E9E81 
 5423      7086D980 
 5423      50CCBD5D 
 5423      C34E
 5424 0b9a 16425BCD 		.ascii	"\026B[\315B[\221@B\307\336.K-1&\001\250\222\305r\242"
 5424      425B9140 
 5424      42C7DE2E 
 5424      4B2D3126 
 5424      01A892C5 
 5425 0bb0 0D23BDC5 		.ascii	"\015#\275\305\376\035\210\221S\321\202K\307\257\354"
 5425      FE1D8891 
 5425      53D1824B 
 5425      C7AFEC
 5426 0bbf E2D08231 		.ascii	"\342\320\2021\305\220\024+\221\346\330\316\277U\301"
 5426      C590142B 
 5426      91E6D8CE 
 5426      BF55C1
 5427 0bce 6EE31378 		.ascii	"n\343\023x\201\273;\264e\207\332\270\211\324\211\035"
 5427      81BB3BB4 
 5427      6587DAB8 
 5427      89D4891D 
 5428 0bde 103439D7 		.ascii	"\02049\327\006U\236\213|\310\206\221\213\220\256\274"
 5428      06559E8B 
 5428      7CC88691 
 5428      8B90AEBC 
 5429 0bee A35BF608 		.ascii	"\243[\366\010\226\347.>\225'\315S\215\004\322\253\313"
 5429      96E72E3E 
 5429      9527CD53 
 5429      8D04D2AB 
 5429      CB
 5430 0bff 1B2CBB6B 		.ascii	"\033,\273k\227I@\340N\366\214^W\233g7\265\224\206,]"
 5430      974940E0 
 5430      4EF68C5E 
 5430      579B6737 
 5430      B594862C 
 5431 0c14 040BCD40 		.ascii	"\004\013\315@\355@7\221\242M\303\203/X\350\311\342\367"
 5431      ED403791 
 5431      A24DC383 
 5431      2F58E8C9 
 5431      E2F7
 5432 0c26 98F4C4E7 		.ascii	"\230\364\304\347\014\224sf={\250\236l\244g\020\326\012"
ARM GAS  /tmp/ccCPrn0v.s 			page 224


 5432      0C947366 
 5432      3D7BA89E 
 5432      6CA46710 
 5432      D60A
 5433 0c38 27AE642E 		.ascii	"'\256d. Gv\343\214\362\360\255j\\\213\331|&\277\367"
 5433      204776E3 
 5433      8CF2F0AD 
 5433      6A5C8BD9 
 5433      7C26BFF7 
 5434 0c4c E9759303 		.ascii	"\351u\223\003\314\0126\027\225\212|H\206\007*\240R\240"
 5434      CC0A3617 
 5434      958A7C48 
 5434      86072AA0 
 5434      52A0
 5435 0c5e 93326C2B 		.ascii	"\2232l+M\267\017\205\363\213fm+\314AXr\230?\304\347"
 5435      4DB70F85 
 5435      F38B666D 
 5435      2BCC4158 
 5435      72983FC4 
 5436 0c73 F3645781 		.ascii	"\363dW\201\332W\332^\337\246 {=\334\001\376 ou\3649"
 5436      DA57DA5E 
 5436      DFA6207B 
 5436      3DDC01FE 
 5436      206F75F4 
 5437 0c88 478E4CC3 		.ascii	"G\216L\303\\\036\360\254\352\273\235\034\213\032\330"
 5437      5C1EF0AC 
 5437      EABB9D1C 
 5437      8B1AD8
 5438 0c97 FDC023FA 		.ascii	"\375\300#\372\351\251\033 \274^cL\014wXB\376\271,1\377"
 5438      E9A91B20 
 5438      BC5E634C 
 5438      0C775842 
 5438      FEB92C31 
 5439 0cac 430B0736 		.ascii	"C\013\0076Q\245\275\\)U\332\316\231\264\366\023\213"
 5439      51A5BD5C 
 5439      2955DACE 
 5439      99B4F613 
 5439      8B
 5440 0cbd 7BF90CDE 		.ascii	"{\371\014\336\304D\210\350D=P\003\233y\220},\177\237"
 5440      C44488E8 
 5440      443D5003 
 5440      9B79907D 
 5440      2C7F9F
 5441 0cd0 2DE5D143 		.ascii	"-\345\321C\221\2213\025vr\015.\354\035|\222ya\034o\212"
 5441      91913315 
 5441      76720D2E 
 5441      EC1D7C92 
 5441      79611C6F 
 5442 0ce5 DBDDEC3F 		.ascii	"\333\335\354?\001\257\207K\007\036q\361\261\371\200"
 5442      01AF874B 
 5442      071E71F1 
 5442      B1F980
 5443 0cf4 304DE0B4 		.ascii	"0M\340\264q-f8\350\005\020\331X\215\327\361\371\351"
 5443      712D6638 
 5443      E80510D9 
 5443      588DD7F1 
 5443      F9E9
ARM GAS  /tmp/ccCPrn0v.s 			page 225


 5444 0d06 20BF0F56 		.ascii	" \277\017Vj\2344\007\366\002\327\310\301a\276\024\""
 5444      6A9C3407 
 5444      F602D7C8 
 5444      C161BE14 
 5444      22
 5445 0d17 5BC217F2 		.ascii	"[\302\027\362G\371\023\374I\276\230\257\346\213\370"
 5445      47F913FC 
 5445      49BE98AF 
 5445      E68BF8
 5446 0d26 2AFE385F 		.ascii	"*\3768_\311\037\341\313\370c|9o\340+h\324\215\023\373"
 5446      C91FE1CB 
 5446      F8637C39 
 5446      6FE02B68 
 5446      D48D13FB 
 5447 0d3a 089AEB9C 		.ascii	"\010\232\353\234\011M;g>\350l=K\233\376\212\031\316"
 5447      094D3B67 
 5447      3EE86C3D 
 5447      4B9BFE8A 
 5447      19CE
 5448 0d4c 259393F9 		.ascii	"%\223\223\371{\243\350\031\272\300\354d\2239\002\025"
 5448      7BA3E819 
 5448      BAC0EC64 
 5448      93390215 
 5449 0d5c B9F10EF9 		.ascii	"\271\361\016\371\012\037\305G\360jp\332\211\326\251"
 5449      0A1FC547 
 5449      F06A70DA 
 5449      89D6A9
 5450 0d6b D3586B1A 		.ascii	"\323Xk\032\237b^\230\314\233\264FF\230\037\211\264L"
 5450      9F625E98 
 5450      CC9BB446 
 5450      46981F89 
 5450      B44C
 5451 0d7d 0A28F900 		.ascii	"\012(\371\000^Z\307^\266\000D\017\036\327I\364\202\371"
 5451      5E5AC75E 
 5451      B600440F 
 5451      1ED749F4 
 5451      82F9
 5452 0d8f 19D6C435 		.ascii	"\031\326\3045\232\235\311?L\362\025\315o\321@\302\207"
 5452      9A9DC93F 
 5452      4CF215CD 
 5452      6FD140C2 
 5452      87
 5453 0da0 56E36E53 		.ascii	"V\343nS\276\342-\362\205O\237c{\0364h\266G\034\343]"
 5453      BEE22DF2 
 5453      854F9F63 
 5453      7B1E3468 
 5453      B6471CE3 
 5454 0db5 CF1E63B9 		.ascii	"\317\036c\271\036\032\341\"T!\327\234x)\325\362\245"
 5454      1E1AE122 
 5454      5421D79C 
 5454      7829D5F2 
 5454      A5
 5455 0dc6 C619BE86 		.ascii	"\306\031\276\206\366\177/\0228Uth\021\346\033(\277\326"
 5455      F67F2F12 
 5455      38557468 
 5455      11E61B28 
 5455      BFD6
ARM GAS  /tmp/ccCPrn0v.s 			page 226


 5456 0dd8 C417B88B 		.ascii	"\304\027\270\213\333\256+\352\240\251\243 \353Q\333"
 5456      DBAE2BEA 
 5456      A0A9A320 
 5456      EB51DB
 5457 0de7 3E020341 		.ascii	">\002\003A\266\214\274\011(\332\026dS.l\235\262>\266"
 5457      B68CBC09 
 5457      28DA1664 
 5457      532E6C9D 
 5457      B23EB6
 5458 0dfa 34F0A6F7 		.ascii	"4\360\246\367KB\323\201{#s\254\037b\317\361\027\300"
 5458      4B42D381 
 5458      7B2373AC 
 5458      1F62CFF1 
 5458      17C0
 5459 0e0c D4453AED 		.ascii	"\324E:\355'\306\366\007\025\276N\366\241F\376<\360\264"
 5459      27C6F607 
 5459      15BE4EF6 
 5459      A146FE3C 
 5459      F0B4
 5460 0e1e D3F90C32 		.ascii	"\323\371\0142r\244x\246\315z\323mR\225\310\347m\031"
 5460      72A478A6 
 5460      CD7AD36D 
 5460      5295C8E7 
 5460      6D19
 5461 0e30 A98DA1AF 		.ascii	"\251\215\241\257\276\340\013#_A\313\206\2137u\362V\330"
 5461      BEE00B23 
 5461      5F41CB86 
 5461      8B3775F2 
 5461      56D8
 5462 0e42 AEF16D4C 		.ascii	"\256\361mL\005{\225\277\302\3137\301\207^\220\023\036"
 5462      057B95BF 
 5462      C2CB37C1 
 5462      875E9013 
 5462      1E
 5463 0e53 568DEF20 		.ascii	"V\215\357  5\247\222V\276\015\364\267\363\246c\350\003"
 5463      2035A792 
 5463      56BE0DF4 
 5463      B7F3A663 
 5463      E803
 5464 0e65 C31F83D0 		.ascii	"\303\037\203\320\211\007\215\2136\355\270\220\357!["
 5464      89078D8B 
 5464      36EDB890 
 5464      EF215B
 5465 0e74 86D210F2 		.ascii	"\206\322\020\362\202O\243\342\272\252\002\275\252a\345"
 5465      824FA3E2 
 5465      BAAA02BD 
 5465      AA61E5
 5466 0e83 69B01836 		.ascii	"i\260\0306\007\"\007\264m\016\254:\323T7j\231\246.\376"
 5466      072207B4 
 5466      6D0EAC3A 
 5466      D354376A 
 5466      99A62EFE 
 5467 0e97 364D5326 		.ascii	"6MS&\022(\0348V#Y\010t\233\004\004n{\336\226x{s\236"
 5467      12281C38 
 5467      56235908 
 5467      749B0404 
 5467      6E7BDE96 
ARM GAS  /tmp/ccCPrn0v.s 			page 227


 5468 0eaf 7A68DC7A 		.ascii	"zh\334zQ\236\216\200\205\022\244 \356qx\223\203\365"
 5468      519E8E80 
 5468      8512A420 
 5468      EE717893 
 5468      83F5
 5469 0ec1 4B21737E 		.ascii	"K!s~\344\234\206;Y\302\022\372\336$>\2461\213\034\353"
 5469      E49C863B 
 5469      59C212FA 
 5469      DE243EA6 
 5469      318B1CEB 
 5470 0ed5 06F83EFE 		.ascii	"\006\370>\376\256f\012\221>k o\377z\3712\366\256\232"
 5470      AE660A91 
 5470      3E6B206F 
 5470      FF7AF932 
 5470      F6AE9A
 5471 0ee8 245AF1E7 		.ascii	"$Z\361\347\311\231\257\227\257\3222\255_\015v\201Z8"
 5471      C999AF97 
 5471      AFD232AD 
 5471      5F0D7681 
 5471      5A38
 5472 0efa 2AF143FC 		.ascii	"*\361C\374 \217}\2709t;\337\321\352\020\336m)$\237\001"
 5472      208F7DB8 
 5472      39743BDF 
 5472      D1EA10DE 
 5472      6D29249F 
 5473 0f0f 67AE03F5 		.ascii	"g\256\003\365\"\207\322\252&z$\247[\226\273\344\250"
 5473      2287D2AA 
 5473      267A24A7 
 5473      5B96BBE4 
 5473      A8
 5474 0f20 79979463 		.ascii	"y\227\224c\267\007\027\361h\364\3221_N\307\3740\337"
 5474      B70717F1 
 5474      68F4D231 
 5474      5F4EC7FC 
 5474      30DF
 5475 0f32 C93FD04E 		.ascii	"\311?\320N2\004z\220\200\036`;\200g1t)\"\027\346&\017"
 5475      32047A90 
 5475      801E603B 
 5475      80673174 
 5475      292217E6 
 5476 0f48 23C108EC 		.ascii	"#\301\010\354\012v\214\277\317\217#D\035\350\344\230"
 5476      0A768CBF 
 5476      CF8F2344 
 5476      1DE8E498 
 5477 0f58 054B930C 		.ascii	"\005K\223\014\354=~\004\230\332\331*\033\021\316\236"
 5477      EC3D7E04 
 5477      98DAD92A 
 5477      1B11CE9E 
 5478 0f68 C2A2BFB9 		.ascii	"\302\242\277\271Xj\231\260\324\"\207\3331\362\026\240"
 5478      586A99B0 
 5478      D42287DB 
 5478      31F216A0 
 5479 0f78 143B387A 		.ascii	"\024;8zGm7\236\261\325\036\275\361\243\347\024\377\030"
 5479      476D379E 
 5479      B1D51EBD 
 5479      F1A3E714 
 5479      FF18
ARM GAS  /tmp/ccCPrn0v.s 			page 228


 5480 0f8a 964CF333 		.ascii	"\226L\3633\264\016\363\033\016\2307\237\307V\336\030"
 5480      B40EF31B 
 5480      0E98379F 
 5480      C756DE18 
 5481 0f9a 5BC9044D 		.ascii	"[\311\004M\343\036"
 5481      E31E
 5482 0fa0 01CFC21B 		.ascii	"\001\317\302\0339\023Lpg\037\035\255`\255\236m\025A"
 5482      39134C70 
 5482      671F1DAD 
 5482      60AD9E6D 
 5482      1541
 5483 0fb2 6300CE10 		.ascii	"c\000\316\020\351s\321\013\266\315\2540\277\2759\356"
 5483      E973D10B 
 5483      B6CDAC30 
 5483      BFBD39EE 
 5484 0fc2 AE8DBA89 		.ascii	"\256\215\272\211\241\356\233:\210\346\367\011\3562\033"
 5484      A1EE9B3A 
 5484      88E6F709 
 5484      EE321B
 5485 0fd1 2190A7D9 		.ascii	"!\220\247\331\213\346h\345\017\034\304\310N\361\027"
 5485      8BE668E5 
 5485      0F1CC4C8 
 5485      4EF117
 5486 0fe0 B908014F 		.ascii	"\271\010\001O.\315v\222\177\030q!\\\017\371[|\204\200"
 5486      2ECD7692 
 5486      7F187121 
 5486      5C0FF95B 
 5486      7C8480
 5487 0ff3 C341C365 		.ascii	"\303A\303e\216Q\210\020,\3001%B"
 5487      8E518810 
 5487      2CC03125 
 5487      42
 5488 1000 80439210 		.ascii	"\200C\222\020.D\011[\204\315B\244\020&l\025B\005z2\274"
 5488      2E44095B 
 5488      84CD42A4 
 5488      10266C15 
 5488      42057A32 
 5489 1015 711EBB58 		.ascii	"q\036\273X\317\237\0069u\317\"\233\335\001\014/H\230"
 5489      CF9F0639 
 5489      75CF229B 
 5489      DD010C2F 
 5489      4898
 5490 1027 041E79DB 		.ascii	"\004\036y\333`\336\263[\266\342D_\342\317\232\327\265"
 5490      60DEB35B 
 5490      B6E2445F 
 5490      E2CF9AD7 
 5490      B5
 5491 1038 ABE04E10 		.ascii	"\253\340N\020\3507\370\026\340\222T\232\367\327\374"
 5491      E837F816 
 5491      E092549A 
 5491      F7D7FC
 5492 1047 B3646933 		.ascii	"\263di3\177\331b)\321{\227\254<\317\031\300i\222\216"
 5492      7FD96229 
 5492      D17B97AC 
 5492      3CCF19C0 
 5492      69928E
 5493 105a 931C79D4 		.ascii	"\223\034y\324i\210n\374\304\334\234\246\225\360(\215"
ARM GAS  /tmp/ccCPrn0v.s 			page 229


 5493      69886EFC 
 5493      C4DC9CA6 
 5493      95F0288D 
 5494 106a 5E390FC7 		.ascii	"^9\017\3075\251\347\253S4W1\3408\352\330\244-\261\266"
 5494      35A9E7AB 
 5494      53345731 
 5494      E038EAD8 
 5494      A42DB1B6 
 5495 107e 66660C5D 		.ascii	"ff\014]\030\213\027N\3665\2577\263L\007\2238\314J\034"
 5495      188B174E 
 5495      F635AF37 
 5495      B34C0793 
 5495      38CC4A1C 
 5496 1092 8F5B6A66 		.ascii	"\217[jf\275I8\361\230ss \261\324\306\314j3\275\347\003"
 5496      BD4938F1 
 5496      98737320 
 5496      B1D4C6CC 
 5496      6A33BDE7 
 5497 10a7 9E7C18AA 		.ascii	"\236|\030\252\357(*\215\270\251\212q\313'\224\355B\242"
 5497      EF282A8D 
 5497      B8A98A71 
 5497      CB2794ED 
 5497      42A2
 5498 10b9 4006510D 		.ascii	"@\006Q\015\022\350\331\236}\303\321B`\207I@\340\272"
 5498      12E8D99E 
 5498      7DC3D142 
 5498      60874940 
 5498      E0BA
 5499 10cb 9A778C09 		.ascii	"\232w\214\011f\013I\024r2\266\276er\347\3659\266\014"
 5499      660B4914 
 5499      7232B6BE 
 5499      6572E7F5 
 5499      39B60C
 5500 10de BA1C81CB 		.ascii	"\272\034\201\313\356\033\233\352\355_R\320\253oe\376"
 5500      EE1B9BEA 
 5500      ED5F52D0 
 5500      AB6F65FE 
 5501 10ee 0079F5CD 		.ascii	"\000y\365\315\354\024\230\024,\034^9\\\244>\013\355"
 5501      EC149814 
 5501      2C1C5E39 
 5501      5CA43E0B 
 5501      ED
 5502 10ff A48A5291 		.ascii	"\244\212R\221\035\271\025\301\250\257M\313\232%\260"
 5502      1DB915C1 
 5502      A8AF4DCB 
 5502      9A25B0
 5503 110e 4B2012DD 		.ascii	"K \022\335\340M?\222:\375\2505\317\336\342\350\235."
 5503      E04D3F92 
 5503      3AFDA835 
 5503      CFDEE2E8 
 5503      9D2E
 5504 1120 D0A3B7C0 		.ascii	"\320\243\267\300\325\034=\230\251\276\262\317\24062"
 5504      D51C3D98 
 5504      A9BEB2CF 
 5504      A03632
 5505 112f 51384640 		.ascii	"Q8F@\301C\240GHIE\344@\243\243\325\344\314\026\314\273"
 5505      C143A047 
ARM GAS  /tmp/ccCPrn0v.s 			page 230


 5505      484945E4 
 5505      40A3A3D5 
 5505      E4CC16CC 
 5506 1144 47883DEC 		.ascii	"G\210=\354\202@\321@\333\201R\355aM\352d\364\036[4\234"
 5506      8240D140 
 5506      DB8152ED 
 5506      614DEA64 
 5506      F41E5B34 
 5507 1159 9EBC261B 		.ascii	"\236\274&\033d\244\372\223\373s\330\327X\326\221\274"
 5507      64A4FA93 
 5507      FB73D8D7 
 5507      58D691BC 
 5508 1169 3D160E0B 		.ascii	"=\026\016\013\030h\250=\302y\020.\231|\341\020<\026"
 5508      1868A83D 
 5508      C279102E 
 5508      997CE110 
 5508      3C16
 5509 117b 0AF20110 		.ascii	"\012\362\001\020\027\372\006\367\335\347\227\240\310"
 5509      17FA06F7 
 5509      DDE797A0 
 5509      C8
 5510 1188 E71F2007 		.ascii	"\347\037 \007O\264\003\025\012O}\007X \024B4\216\240"
 5510      4FB40315 
 5510      0A4F7D07 
 5510      58201442 
 5510      348EA0
 5511 119b 8E912B10 		.ascii	"\216\221+\020(\303\265\201)\353\255\251H\025B[\023/"
 5511      28C3B581 
 5511      29EBADA9 
 5511      4815425B 
 5511      132F
 5512 11ad 9F03C997 		.ascii	"\237\003\311\227z:b\256\3141\037YMo\257&\232zF\012_"
 5512      7A3A62AE 
 5512      CC311F59 
 5512      4D6FAF26 
 5512      9A7A460A 
 5513 11c2 4FC053B4 		.ascii	"O\300S\264X\350\345*\265\266Q\207\334 S4G\330#T\012"
 5513      58E8E52A 
 5513      B5B65187 
 5513      DC205334 
 5513      47D82354 
 5514 11d7 DA13283E 		.ascii	"\332\023(>\271V\343\223\320a\241\213\255\024\320I\310"
 5514      B956E393 
 5514      D061A18B 
 5514      AD14D049 
 5514      C8
 5515 11e8 FC7AC6F4 		.ascii	"\374z\306\364K\241<\341\200y\235z\3445N\221\335&SH3"
 5515      4BA13CE1 
 5515      80799D7A 
 5515      E4354E91 
 5515      DD265348 
 5516 11fd 733507AC 		.ascii	"s5\007\254(\323K\325cf\256\346,\331J^\360\345\010\271"
 5516      28D34BD5 
 5516      6366AEE6 
 5516      2CD94A5E 
 5516      F0E508B9 
 5517 1211 66AEE660 		.ascii	"f\256\346`w\322\244y\237\231\373X=j\017\020T\231B\226"
ARM GAS  /tmp/ccCPrn0v.s 			page 231


 5517      77D2A479 
 5517      9F99FB58 
 5517      3D6A0F10 
 5517      54994296 
 5518 1225 8537259A 		.ascii	"\2057%\232W\231G\005\030:\333\201\015\3472\241L(\027"
 5518      57994705 
 5518      183ADB81 
 5518      0DE732A1 
 5518      4C2817
 5519 1238 AA859342 		.ascii	"\252\205\223B\225pB(\025\014\302)\241B8-\034\247\023"
 5519      95704228 
 5519      150CC229 
 5519      A142382D 
 5519      1CA713
 5520 124b 2BFFAC49 		.ascii	"+\377\254I\335^\013($8\345&\346~\013$\2049lb^c\265\001"
 5520      DD5E0B28 
 5520      2438E526 
 5520      E67E0B24 
 5520      84396C62 
 5521 1263 20B37E86 		.ascii	" \263~\206x\270[\330f\341?\354>!\016h\227<v\345\276"
 5521      78B85BD8 
 5521      66E13FEC 
 5521      3E210E68 
 5521      973C76E5 
 5522 1278 E6352606 		.ascii	"\3465&\006|\346\207\001\303\302\213\307\024\265\225"
 5522      7CE68701 
 5522      C3C28BC7 
 5522      14B595
 5523 1287 6BA8EA5A 		.ascii	"k\250\352Z\334\235a\273\356\027\251\217s\231\224W\207"
 5523      DC9D61BB 
 5523      EE17A98F 
 5523      73999457 
 5523      87
 5524 1298 7909C341 		.ascii	"y\011\303A\223\352o2r(\257\036uU2\002t\367\361\275R"
 5524      93EA6F32 
 5524      7228AF1E 
 5524      75553202 
 5524      74F7F1BD 
 5525 12ad 472B4067 		.ascii	"G+@g\237\005PLi\325}\265\343\317Q\305\347\261\321\326"
 5525      9F05504C 
 5525      69D57DB5 
 5525      E3CF51C5 
 5525      E7B1D1D6 
 5526 12c1 8663D9AA 		.ascii	"\206c\331\252\321\303\246\015\001\363v=N\214W\035I\245"
 5526      D1C3A60D 
 5526      01F3763D 
 5526      4E8C571D 
 5526      49A5
 5527 12d3 BC46CCBB 		.ascii	"\274F\314\273\265\357d\263\352H?\235\210\027\004\274"
 5527      B5EF64B3 
 5527      EA483F9D 
 5527      881704BC 
 5528 12e3 03DA09DC 		.ascii	"\003\332\011\334\261\210\304\021[\353\337\2715\011\314"
 5528      B188C411 
 5528      5BEBDFB9 
 5528      3509CC
 5529 12f2 F28B020C 		.ascii	"\362\213\002\014\273\311\314V\033\372\342\367\257\233"
ARM GAS  /tmp/ccCPrn0v.s 			page 232


 5529      BBC9CC56 
 5529      1BFAE2F7 
 5529      AF9B
 5530 1300 3932F42F 		.ascii	"92\364/\011\210\017\252O\034\273\330\302\231\270[\254"
 5530      09880FAA 
 5530      4F1CBBD8 
 5530      C299B85B 
 5530      AC
 5531 1311 B965EDF1 		.ascii	"\271e\355\361#6o\344;p\227\005\3718\012KKCn)7\202~\261"
 5531      23366FE4 
 5531      3B709705 
 5531      F9380A4B 
 5531      4B436E29 
 5532 1329 12A91882 		.ascii	"\022\251\030\202N\311\261\231}J\276\242\370)g\372\222"
 5532      4EC9B199 
 5532      7D4ABEA2 
 5532      F82967FA 
 5532      92
 5533 133a 52C2FB22 		.ascii	"R\302\373\"\347\306\005\243\316\217T^H\202\333))\267"
 5533      E7C605A3 
 5533      CE8F545E 
 5533      4882DB29 
 5533      29B7
 5534 134c 62E1510E 		.ascii	"b\341Q\016\351V\224\020{\245\010>\202\327+!\341\350"
 5534      E9569410 
 5534      7BA5083E 
 5534      82D72B21 
 5534      E1E8
 5535 135e 7A8B4B7A 		.ascii	"z\213Kz\010\231\317\027X\305\020\256\344\033\244\314"
 5535      0899CF17 
 5535      58C510AE 
 5535      E41BA4CC 
 5536 136e 6A253C49 		.ascii	"j%<I\371]JJ_-\376\335M\374\255\324\010\247\364\220\366"
 5536      F95D4A4A 
 5536      5F2DFEDD 
 5536      4DFCADD4 
 5536      08A7F490 
 5537 1383 C8F46A65 		.ascii	"\310\364jeQ:hIRB\015ql\020,\0112(q\00666=ukt\350)C)"
 5537      513A6849 
 5537      52420D71 
 5537      6C102C09 
 5537      32287106 
 5538 13a1 9B906E50 		.ascii	"\233\220nP\202\322\015\221lP\246!2\010d\027\306\005"
 5538      82D20D91 
 5538      6C50A621 
 5538      32086417 
 5538      C605
 5539 13b3 9F5294AA 		.ascii	"\237R\224\252P9H9\025\031\227~*rnl\346)%.\363T\244s"
 5539      50394839 
 5539      1519977E 
 5539      2A726E6C 
 5539      E629252E 
 5540 13cb 3A121162 		.ascii	":\022\021b\203\015Jlz\250\034\033\334\216\366\210Hg"
 5540      830D4A6C 
 5540      7AA81C1B 
 5540      DC8EF688 
 5540      4867
ARM GAS  /tmp/ccCPrn0v.s 			page 233


 5541 13dd B41CF872 		.ascii	"\264\034\370r,,@\317\031sc\001xP\246\022;7(34(\010V"
 5541      2C2C40CF 
 5541      19736301 
 5541      7850A612 
 5541      3B372833 
 5542 13f5 CE05B6B2 		.ascii	"\316\005\266\262#S\211t\216\313\014\005YA\001C\177\305"
 5542      23538974 
 5542      8ECB0C05 
 5542      59410143 
 5542      7FC5
 5543 1407 BF820515 		.ascii	"\277\202\005\025\034\374\370\025\304,\266\246M\032E"
 5543      1CFCF815 
 5543      C42CB6A6 
 5543      4D1A45
 5544 1416 F88DED5D 		.ascii	"\370\215\355]\367\035\331\005\261\277b\330w\234\345"
 5544      F71DD905 
 5544      B1BF62D8 
 5544      779CE5
 5545 1425 0E14BF7D 		.ascii	"\016\024\277}\023\355\325\274\365v\322*0#\240\342\315"
 5545      13EDD5BC 
 5545      F576D22A 
 5545      3023A0E2 
 5545      CD
 5546 1436 D82465A2 		.ascii	"\330$e\242l\370b\313\362\252\020e/\310\374\266Uh![\026"
 5546      6CF862CB 
 5546      F2AA1065 
 5546      2FC8FCB6 
 5546      5568215B 
 5547 144b FA0BC666 		.ascii	"\372\013\306f\341\232\260\242\35159\311\221\371\311"
 5547      E19AB0A2 
 5547      E93539C9 
 5547      91F9C9
 5548 145a B658385A 		.ascii	"\266X8Z\334\011U\330ZE\270,\264\013mt/\277*\260\227"
 5548      DC0955D8 
 5548      5A45B82C 
 5548      B40B6D74 
 5548      2FBF2AB0 
 5549 146f 8515375E 		.ascii	"\205\0257^\203\262X$p\371\325\311S\274uY\334\204\262"
 5549      83B25824 
 5549      70F9D5C9 
 5549      53BC7559 
 5549      DC84B2
 5550 1482 B82180C0 		.ascii	"\270!\200\300\0130H/\260\002W\272\263\366\274\235Z\037"
 5550      0B30482F 
 5550      B00257BA 
 5550      B3F6BC9D 
 5550      5A1F
 5551 1494 1DC22D48 		.ascii	"\035\302-H}\247\200\004\321{\311+\003\307m\325\372\260"
 5551      7DA78004 
 5551      D17BC92B 
 5551      03C76DD5 
 5551      FAB0
 5552 14a6 E2E69CEB 		.ascii	"\342\346\234\353<\240\376\302\253\213\026\355m\324E"
 5552      3CA0FEC2 
 5552      AB8B16ED 
 5552      6DD445
 5553 14b5 198E6852 		.ascii	"\031\216hR\327\262r\236#\010f]\034\011s@\273\352\000"
ARM GAS  /tmp/ccCPrn0v.s 			page 234


 5553      D7B2729E 
 5553      2308665D 
 5553      1C097340 
 5553      BBEA00
 5554 14c8 8F76D5A2 		.ascii	"\217v\325\242\035\005G,\337>\237Qw\347\315\245\235\347"
 5554      1D05472C 
 5554      DF3E9F51 
 5554      77E7CDA5 
 5554      9DE7
 5555 14da D42EE9A7 		.ascii	"\324.\351\247J\007\260\301\366\250\350KD\217\320\007"
 5555      4A07B0C1 
 5555      F6A8E84B 
 5555      448FD007 
 5556 14ea B53D5552 		.ascii	"\265=URp_2\2053\231\376\326`H`\006\261p\320\375\355"
 5556      705F3285 
 5556      3399FED6 
 5556      60486006 
 5556      B170D0FD 
 5557 14ff FBB93793 		.ascii	"\373\2717\223 \252)\017:\306_\257\304Q\215\375\325\220"
 5557      20AA290F 
 5557      3AC65FAF 
 5557      C4518DFD 
 5557      D590
 5558 1511 D04B4CDD 		.ascii	"\320KL\335\201/$\254#/\013\334VCm\201`\035\255\273\020"
 5558      812F24AC 
 5558      232F0BDC 
 5558      56436D81 
 5558      601DADBB 
 5559 1526 AD64D884 		.ascii	"\255d\330\204\207B\216\324h\232\250G\270\001\026\206"
 5559      87428ED4 
 5559      689AA847 
 5559      B8011686 
 5560 1536 05C40743 		.ascii	"\005\304\007C\327\272\033#5A\262\340\342\\]\357%\271"
 5560      D7BA1B23 
 5560      3541B2E0 
 5560      E25C5DEF 
 5560      25B9
 5561 1548 3242AEEE 		.ascii	"2B\256\356\010\204\337-\260\305\354\212\304W\344{\216"
 5561      0884DF2D 
 5561      B0C5EC8A 
 5561      C457E47B 
 5561      8E
 5562 1559 8C3CFD84 		.ascii	"\214<\375\204 \265o\317\036\265\263\010\322Y5H\312h"
 5562      20B56FCF 
 5562      1EB5B308 
 5562      D2593548 
 5562      CA68
 5563 156b 599E1AF9 		.ascii	"Y\236\032\371\3734H\0170\234\336\374\035\037\"5\017"
 5563      FB34480F 
 5563      309CDEFC 
 5563      1D1F2235 
 5563      0F
 5564 157c 843188D1 		.ascii	"\2041\210\321\225\330\2035s\254c4!0\343XvGA\313Y\031"
 5564      95D88335 
 5564      73AC6334 
 5564      2130E358 
 5564      764741CB 
ARM GAS  /tmp/ccCPrn0v.s 			page 235


 5565 1592 C5C8B8A9 		.ascii	"\305\310\270\2510\325\361\202\242\244+\354\204p\217"
 5565      30D5F182 
 5565      A2A42BEC 
 5565      84708F
 5566 15a1 9879085F 		.ascii	"\230y\010_H\200n\273`?\366\026\236S\234c\203\344.\360"
 5566      48806EBB 
 5566      603FF616 
 5566      9E539C63 
 5566      83E42EF0 
 5567 15b5 E3A1408A 		.ascii	"\343\241@\212a\024\373\021\275\010J\312\001\252\351"
 5567      6114FB11 
 5567      BD084ACA 
 5567      01AAE9
 5568 15c4 76C68464 		.ascii	"v\306\204d\035\305G\020\305)Ts\216P\022F4$\267\364\206"
 5568      1DC54710 
 5568      C5295473 
 5568      8E501246 
 5568      3424B7F4 
 5569 15d9 3BA8E19C 		.ascii	";\250\341\234\026\036\203\242\031\001\011\0027\262*"
 5569      161E83A2 
 5569      19010902 
 5569      37B22A
 5570 15e8 C9E8A886 		.ascii	"\311\350\250\206\323\212\2331R\227+\276\221\344\304"
 5570      D38A9B31 
 5570      52972BBE 
 5570      91E4C4
 5571 15f7 29A29CEB 		.ascii	")\242\234\353\304\310\205N(V\312X\213\204|\356gP\350"
 5571      C4C8854E 
 5571      2856CA58 
 5571      8B847CEE 
 5571      6750E8
 5572 160a F26E86EF 		.ascii	"\362n\206\357\261C\227\273\205P\021B\220\227\247\310"
 5572      B14397BB 
 5572      85501142 
 5572      9097A7C8 
 5573 161a E8324708 		.ascii	"\3502G\010\203\313\356\321\361~'r\031.\242\307\356\310"
 5573      83CBEED1 
 5573      F17E2772 
 5573      192EA2C7 
 5573      EEC8
 5574 162c 4DF8C497 		.ascii	"M\370\304\227)D\300ec\277\361\264\210.\017\013\221p"
 5574      2944C065 
 5574      63BFF1B4 
 5574      882E0F0B 
 5574      9170
 5575 163e 99D2D95F 		.ascii	"\231\322\331_\347D*n\023\\\316\354<Y8\307\272\201\243"
 5575      E7442A6E 
 5575      135CCEEC 
 5575      3C5938C7 
 5575      BA81A3
 5576 1651 4466B388 		.ascii	"Df\263\210\260\355\253\313\353\"\321L\255\376\006\265"
 5576      B0EDABCB 
 5576      EB22D14C 
 5576      ADFE06B5 
 5577 1661 F0AFA2C4 		.ascii	"\360\257\242\304\020\221\264p\210HB\331\360*\016eZ\027"
 5577      1091B470 
 5577      884842D9 
ARM GAS  /tmp/ccCPrn0v.s 			page 236


 5577      F02A0E65 
 5577      5A17
 5578 1673 2909456C 		.ascii	")\011El\027\266\210\304\307`\221U\304\025\231\350\357"
 5578      17B688C4 
 5578      C7609155 
 5578      C41599E8 
 5578      EF
 5579 1684 73E6095C 		.ascii	"s\346\011\\g^y\253l\035\312\030\221Y\036-\202\300s\020"
 5579      675E79AB 
 5579      6C1DCA18 
 5579      91591E2D 
 5579      82C07310 
 5580 1698 CA2468DF 		.ascii	"\312$h\337\301\363\365\215\366j(\343\304X@\022/\342"
 5580      C1F3F58D 
 5580      F66A28E3 
 5580      C4584012 
 5580      2FE2
 5581 16aa BF9B8443 		.ascii	"\277\233\204C}\370\231\177U#i\305\314\310\252mtx\243"
 5581      7DF8997F 
 5581      552369C5 
 5581      CCC8AA6D 
 5581      7478A3
 5582 16bd D2894B10 		.ascii	"\322\211K\020\345+\020\311[(\222S\311\307\242$\022\034"
 5582      E52B10C9 
 5582      5B289253 
 5582      C9C7A224 
 5582      121C
 5583 16cf 14C9A1E0 		.ascii	"\024\311\241\340\304T;\342\376\016p\377q\335h\221l\355"
 5583      C4543BE2 
 5583      FE0E70FF 
 5583      71DD6891 
 5583      6CED
 5584 16e1 7EB2C824 		.ascii	"~\262\310$a\205\217\302\032\306\234\260\373y\247\211"
 5584      61858FC2 
 5584      1AC69CB0 
 5584      FB79A789 
 5585 16f1 FBC96222 		.ascii	"\373\311b\"u?\221\272\177\357\025\354~I7q?\001\334O"
 5585      753F91BA 
 5585      7FEF15EC 
 5585      7E493771 
 5585      3F01DC4F 
 5586 1705 1109B0ED 		.ascii	"\021\011\260\355\"\233 \256HxU\276\347\2046\266\205"
 5586      229B20AE 
 5586      487855BE 
 5586      E78436B6 
 5586      85
 5587 1716 E061092B 		.ascii	"\340a\011+O#T\301\205\31554\013\010UKz\327M\033k\030"
 5587      4F2354C1 
 5587      85CD3534 
 5587      0B08554B 
 5587      7AD74D1B 
 5588 172c 1922938E 		.ascii	"\031\"\223\216a\234y\2242\205\373\336\270kS8\252iEa"
 5588      619C7994 
 5588      3285FBDE 
 5588      B86B5338 
 5588      AA694561 
 5589 1740 33C4340A 		.ascii	"3\3044\012$\215\002)y\031l<\017\036\026\234\2746k\363"
ARM GAS  /tmp/ccCPrn0v.s 			page 237


 5589      248D0229 
 5589      79196C3C 
 5589      0F1E169C 
 5589      BC366BF3 
 5590 1754 DC0361CE 		.ascii	"\334\003a\316\002\177\023\0164\334\225\324\350\356\026"
 5590      027F130E 
 5590      34DC95D4 
 5590      E8EE16
 5591 1763 7781856C 		.ascii	"w\201\205l\021\361Q\254\316\036\350\320\364\275\005"
 5591      11F151AC 
 5591      CE1EE8D0 
 5591      F4BD05
 5592 1772 97F44B3F 		.ascii	"\227\364K?\3612\007\274\314\024\011?UD\375r\021&\316"
 5592      F13207BC 
 5592      CC14093F 
 5592      5544FD72 
 5592      1126CE
 5593 1785 4CECE41E 		.ascii	"L\354\344\036\007k\313{\301\362c\324+N\340\376\004z"
 5593      076BCB7B 
 5593      C1F263D4 
 5593      2B4EE0FE 
 5593      047A
 5594 1797 1CEA3AB4 		.ascii	"\034\352:\264C\323+\373\305}\240\344\200\210\004\321"
 5594      43D32BFB 
 5594      C57DA0E4 
 5594      808804D1 
 5595 17a7 7BB1BEEA 		.ascii	"{\261\276\352G\274\012\301\212\273\347Xq\204\335\033"
 5595      47BC0AC1 
 5595      8ABBE758 
 5595      7184DD1B 
 5596 17b7 DB9DB93C 		.ascii	"\333\235\271<Q\316vf\344|\347\331c&\252\352\301^\033"
 5596      51CE7666 
 5596      E47CE7D9 
 5596      6326AAEA 
 5596      C15E1B
 5597 17ca 92F07CF0 		.ascii	"\222\360|\360xW"
 5597      7857
 5598 17d0 4A689F2D 		.ascii	"Jh\237-\351\206\002\270\314\271\322q\326\221\004\376"
 5598      E98602B8 
 5598      CCB9D271 
 5598      D69104FE 
 5599 17e0 085C8E24 		.ascii	"\010\\\216$5\217\012\246\300\347\010$\360E\"S\210\315"
 5599      358F0AA6 
 5599      C0E70824 
 5599      F0452253 
 5599      88CD
 5600 17f2 CD445DAC 		.ascii	"\315D]\254&\345\337\020e\012|\221x\230\006\3760\015"
 5600      26E5DF10 
 5600      650A7C91 
 5600      789806FE 
 5600      300D
 5601 1804 FCF88B38 		.ascii	"\374\370\21386\255\203$6y\020\233b\221\000?$\262y\342"
 5601      36AD8324 
 5601      3679109B 
 5601      6291003F 
 5601      24B279E2 
 5602 1818 8AAA9704 		.ascii	"\212\252\227\004\356\366hQ\266\303\033'\235Q\2277\000"
ARM GAS  /tmp/ccCPrn0v.s 			page 238


 5602      EEF66851 
 5602      B6C31B27 
 5602      9D519737 
 5602      00
 5603 1829 F216E7EF 		.ascii	"\362\026\347\357\355\3622\313./\267\354\362\012\313"
 5603      EDF232CB 
 5603      2E2FB7EC 
 5603      F20ACB
 5604 1838 2E3F6ED9 		.ascii	".?n\331\345'\3402c\374D\272\023\231\231'\3412j(\350"
 5604      E527E032 
 5604      63FC44BA 
 5604      13999927 
 5604      E1326A28 
 5605 184d A6A3757D 		.ascii	"\246\243u}U\212\214\001\273y\277\365\326C\036\273\331"
 5605      558A8C01 
 5605      BB79BFF5 
 5605      D6431EBB 
 5605      D9
 5606 185e 779E9479 		.ascii	"w\236\224y\245XJ\235,\245N\216\275\200\235\034\274\243"
 5606      A5584A9D 
 5606      2CA54E8E 
 5606      BD809D1C 
 5606      BCA3
 5607 1870 767915ED 		.ascii	"vy\025\355\362\022\221=*\256h~Q\356\005\277F\221_\007"
 5607      F212913D 
 5607      2AAE687E 
 5607      51EE05BF 
 5607      46915F07 
 5608 1884 5B4E0CF2 		.ascii	"[N\014\362\304:\362\253\252?\367\347\326\306kD\346\014"
 5608      C43AF2AB 
 5608      AA3FF7E7 
 5608      D6C66B44 
 5608      E60C
 5609 1896 E9B1D0F6 		.ascii	"\351\261\320\366\014\021\033\177\324H\214\327\210\247"
 5609      0C111B7F 
 5609      D4488CD7 
 5609      88A7
 5610 18a4 A9F1D3D4 		.ascii	"\251\361\323\324\370\350\"l|fX\255\276ZZ}\247p\365E"
 5610      F8E8226C 
 5610      7C6658AD 
 5610      BE5A5A7D 
 5610      A770F545 
 5611 18b8 BD207005 		.ascii	"\275 p\005Sc\347\235\336\3304\027u\377\256\271\214\274"
 5611      5363E79D 
 5611      DED83417 
 5611      75FFAEB9 
 5611      8CBC
 5612 18ca 77EEECEE 		.ascii	"w\356\354\356\037\317H\037t$\300\316CX\"\313\216T\213"
 5612      1FCF481F 
 5612      7424C0CE 
 5612      435822CB 
 5612      8E548B
 5613 18dd D6C81A45 		.ascii	"\326\310\032E\246\201\214\223\302\234:\001#\033(L\242"
 5613      A6818C93 
 5613      C29C3A01 
 5613      231B284C 
 5613      A2
ARM GAS  /tmp/ccCPrn0v.s 			page 239


 5614 18ee D96F14CF 		.ascii	"\331o\024\317Ql\347(\266\211\205\030\333\035\272\223"
 5614      516CE728 
 5614      B6898518 
 5614      DB1DBA93 
 5615 18fe A0FEBF40 		.ascii	"\240\376\277@\373\377\254\310\326\211+v\273\010\\t\236"
 5615      FBFFACC8 
 5615      D6892B76 
 5615      BB085C74 
 5615      9E
 5616 190f F181A3C5 		.ascii	"\361\201\243\305\037!i\036\210'w\036/PO\303M\"}\325"
 5616      1F21691E 
 5616      8827771E 
 5616      2F504FC3 
 5616      4D227DD5 
 5617 1923 8D31A45C 		.ascii	"\2151\244\\\276\344e\335Q\227\241\243\366\001\372\023"
 5617      BEE465DD 
 5617      5197A1A3 
 5617      F601FA13 
 5618 1933 FBB31F69 		.ascii	"\373\263\037i\016:\344\215\313\025\021\361\321\243\374"
 5618      0E3AE48D 
 5618      CB1511F1 
 5618      D1A3FC
 5619 1942 5473B58D 		.ascii	"Ts\265\215f\323\261\344\336\3357=\351\370F\371\\\356"
 5619      66D3B1E4 
 5619      DEDD373D 
 5619      E9F846F9 
 5619      5CEE
 5620 1954 AA289F83 		.ascii	"\252(\237\203`]\233\373\275\215\324\212v\212\201\230"
 5620      605D9BFB 
 5620      BD8DD48A 
 5620      768A8198 
 5621 1964 7D387697 		.ascii	"}8v\227\3046\270\234\330\026\324\303\222P\266#\356\231"
 5621      C436B89C 
 5621      D816D4C3 
 5621      9250B623 
 5621      EE99
 5622 1976 0B59B31A 		.ascii	"\013Y\263\032\351\206\310\\\307\346N\032\352+\355q("
 5622      E986C85C 
 5622      C7E64E1A 
 5622      EA2BED71 
 5622      28
 5623 1987 F71DBB75 		.ascii	"\367\035\273u\213U6\203\240\363\015\261\205\306\262"
 5623      8B553683 
 5623      A0F30DB1 
 5623      85C6B2
 5624 1996 85C6B2E0 		.ascii	"\205\306\262\340y\034\313\203\307H,\257B,o\212\004y"
 5624      791CCB83 
 5624      C7482CAF 
 5624      422C6F8A 
 5624      0479
 5625 19a8 B3C85E15 		.ascii	"\263\310^\025W<z^\356\305H\263\006z\005\365\355\036"
 5625      573C7A5E 
 5625      EEC548B3 
 5625      067A05F5 
 5625      ED1E
 5626 19ba 7E73B5EB 		.ascii	"~s\265\353\351o\256\000\336\246\251\026\366'I\012:\220"
 5626      E96FAE00 
ARM GAS  /tmp/ccCPrn0v.s 			page 240


 5626      DEA6A916 
 5626      F627490A 
 5626      3A90
 5627 19cc C615FC22 		.ascii	"\306\025\374\"^I\217\344;\305\016\260\217\327\242\377"
 5627      5E498FE4 
 5627      3BC50EB0 
 5627      8FD7A2FF 
 5628 19dc 0B6945F0 		.ascii	"\013iE\360<yp\356\354\331\234v\252\353\364\254\363F"
 5628      3C7970EE 
 5628      ECD99C76 
 5628      AAEBF4AC 
 5628      F346
 5629 19ee 8F88FFC7 		.ascii	"\217\210\377\307\036|\304\245\207\261PT\274\177\355"
 5629      1E7CC4A5 
 5629      87B15054 
 5629      BC7FED
 5630 19fd 116F8BF4 		.ascii	"\021o\213\3640v\233x\305\310Q\363f\367DA\316.;k\245"
 5630      30769B78 
 5630      C5C851F3 
 5630      66F74441 
 5630      CE2E3B6B 
 5631 1a12 0322FEBF 		.ascii	"\003\"\376\277m\220Rtz\211v\276\200OJ\003b\237H\217"
 5631      6D905274 
 5631      7A8976BE 
 5631      804F4A03 
 5631      629F488F 
 5632 1a26 2F7D2695 		.ascii	"/}&\225yH\345nc\3736\033\034\3256\272;g\210C4\244C\246"
 5632      7948E56E 
 5632      63FB361B 
 5632      1CD536BA 
 5632      3B678843 
 5633 1a3e 5DE155F9 		.ascii	"]\341U\371\350\274\331N\015\016\014\334gM\3663i\272"
 5633      E8BCD94E 
 5633      0D0E0CDC 
 5633      674DF633 
 5633      69BA
 5634 1a50 8C22338C 		.ascii	"\214\"3\214\323U\325\273\357\226D\016Q\247Ms\317(\336"
 5634      D355D5BB 
 5634      EF96440E 
 5634      51A74D73 
 5634      CF28DE
 5635 1a63 A5AAEF52 		.ascii	"\245\252\357R\325\273^\225\353\220\352\306\353-\027"
 5635      D5BB5E95 
 5635      EB90EAC6 
 5635      EB2D17
 5636 1a72 1DB1F474 		.ascii	"\035\261\364t7\2011$\214R\331Q*[\365\212\334\201d\363"
 5636      37813124 
 5636      8C52D951 
 5636      2A5BF58A 
 5636      DC8164F3 
 5637 1a86 06C792C8 		.ascii	"\006\307\222\310\216:]c\202<Fe\307\250l\333\313\362"
 5637      8E3A5D63 
 5637      823C4665 
 5637      C7A86CDB 
 5637      CBF2
 5638 1a98 38926DEF 		.ascii	"8\222m\357\331\222H&\303\235~\223\336\007T\366\001\225"
 5638      D9924826 
ARM GAS  /tmp/ccCPrn0v.s 			page 241


 5638      C39D7E93 
 5638      DE0754F6 
 5638      0195
 5639 1aaa 0D7A590E 		.ascii	"\015zY\016{\016d;v\354M!\241H3O\221\011*;Ae[_\220c\220"
 5639      7B0E643B 
 5639      76EC4D21 
 5639      A148334F 
 5639      91092A3B 
 5640 1ac5 EC74EFD1 		.ascii	"\354t\357\321;x&\324\343P\364\215d\030$\222\230)(\344"
 5640      3B7826D4 
 5640      E350F48D 
 5640      64182492 
 5640      982928E4 
 5641 1ad9 88C87B9D 		.ascii	"\210\310{\2356\326\221y,2\217pd\266\337\315\274\352"
 5641      36D69179 
 5641      2C328F70 
 5641      64B6DFCD 
 5641      BCEA
 5642 1aeb 40768446 		.ascii	"@v\204FSd\036\213\223\324\322$\265\264\377\0059\003"
 5642      53641E8B 
 5642      93D4D224 
 5642      B5B4FF05 
 5642      3903
 5643 1afd 592A1ABA 		.ascii	"Y*\032\272\331i\207\245\353\012R\251\364\2040C\245g"
 5643      D96987A5 
 5643      EB0A52A9 
 5643      F4843043 
 5643      A567
 5644 1b0f A874F922 		.ascii	"\250t\371\"\271\014I\247Wm\336It\327k\346M\220D\244"
 5644      B90C49A7 
 5644      576DDE49 
 5644      74D76BE6 
 5644      4D9044A4 
 5645 1b23 8324227D 		.ascii	"\203$\"}\334E>\367\334\354f\275\275#\244\027\227W\206"
 5645      DC453EF7 
 5645      DCEC66BD 
 5645      BD23A417 
 5645      975786
 5646 1b36 102A095C 		.ascii	"\020*\011\\\\\203\341+\342S\030\\\025\357\271\374G\353"
 5646      5C83E12B 
 5646      E253185C 
 5646      15EFB9FC 
 5646      47EB
 5647 1b48 628B9098 		.ascii	"b\213\220\230p\011\271t\325\230\323<\007\233=Yl\002"
 5647      7009B974 
 5647      D598D33C 
 5647      079B3D59 
 5647      6C02
 5648 1b5a 19218550 		.ascii	"\031!\205P\263!\324\354\321\205r\353s\263\3138\362N"
 5648      B321D4EC 
 5648      D18572EB 
 5648      73B3CB38 
 5648      F24E
 5649 1b6c DA5D7373 		.ascii	"\332]ss\034\246\321\212\222\230\315X\365\235\341\333"
 5649      1CA6D18A 
 5649      9298CD58 
 5649      F59DE1DB 
ARM GAS  /tmp/ccCPrn0v.s 			page 242


 5650 1b7c 39447579 		.ascii	"9Duy\251\311\243(i\023U\275\211\252\016\207\246F\252"
 5650      A9C9A328 
 5650      691355BD 
 5650      89AA0E87 
 5650      A646AA
 5651 1b8f 73CB86DE 		.ascii	"s\313\206\336E\302\371\221\345~4\205[\251\350V*\332"
 5651      45C2F991 
 5651      E57E3485 
 5651      5BA9E856 
 5651      2ADA
 5652 1ba1 BA403622 		.ascii	"\272@6\"\321\261\222\362,\274\251o\345\020\212\322\256"
 5652      D1B192F2 
 5652      2CBCA96F 
 5652      E5108AD2 
 5652      AE
 5653 1bb2 CE5827EB 		.ascii	"\316X'\3539\036'1\261\030\305Q\343\343+\260\275\241"
 5653      391E2731 
 5653      B118C551 
 5653      E3E32BB0 
 5653      BDA1
 5654 1bc4 DF749D1C 		.ascii	"\337t\235\034}\270\2702$\375\3158)\206j\216A\177\217"
 5654      7DB8B832 
 5654      24FDCD38 
 5654      29866A8E 
 5654      417F8F
 5655 1bd7 BEA27681 		.ascii	"\276\242v\201\234;\237\221K\346\203\370\350\215\366"
 5655      9C3B9F91 
 5655      4BE683F8 
 5655      E88DF6
 5656 1be6 BDF6A07B 		.ascii	"\275\366\240{\033p\344\023\350N\321`\302N\264\267&J"
 5656      1B70E413 
 5656      E84ED160 
 5656      C24EB4B7 
 5656      264A
 5657 1bf8 CC7649AE 		.ascii	"\314vI\256F\267\252\332\272{\321lL\222\230\035\020\340"
 5657      46B7AADA 
 5657      BA7BD16C 
 5657      4C92981D 
 5657      10E0
 5658 1c0a 2465E01E 		.ascii	"$e\340\036\336\271m\020\234\2331\371g\004|\225\002\274"
 5658      DEB96D10 
 5658      9C9B31F9 
 5658      67047C95 
 5658      02BC
 5659 1c1c 8EE1C411 		.ascii	"\216\341\304\021sA\331\020l\251\022\263\223`k\270\274"
 5659      7341D910 
 5659      6CA912B3 
 5659      93606BB8 
 5659      BC
 5660 1c2d 477C3335 		.ascii	"G|35R\211\2140|\021\242(\345\\\252\224\200\241%KL\002"
 5660      52898C30 
 5660      7C11A228 
 5660      E55CAA94 
 5660      80A1254B 
 5661 1c43 C2C6C867 		.ascii	"\302\306\310g\221\301\303\265\231k\221\017%\211=\312"
 5661      91C1C3B5 
 5661      996B910F 
ARM GAS  /tmp/ccCPrn0v.s 			page 243


 5661      25893DCA 
 5662 1c53 5F52952A 		.ascii	"_R\225*\256U\330M]\330\215]x8_\276\201\004\257_\277"
 5662      AE55D84D 
 5662      5DD88D5D 
 5662      78385FBE 
 5662      8104AF5F 
 5663 1c68 9769F91B 		.ascii	"\227i\371\033\253\002!C\242OY\303\005\305\325\226\177"
 5663      AB022143 
 5663      A24F59C3 
 5663      05C5D596 
 5663      7F
 5664 1c79 4B5DA432 		.ascii	"K]\2442K.n\322<\374fJd\267\311\30283.%\037\303\323>"
 5664      4B2E6ED2 
 5664      3CFC664A 
 5664      64B7C9C2 
 5664      38332E25 
 5665 1c91 4B421E1E 		.ascii	"KB\036\036\356\352\277\312Z\007<[b\366`\341\246\224"
 5665      EEEABFCA 
 5665      5A073C5B 
 5665      62F660E1 
 5665      A694
 5666 1ca3 8EAD7330 		.ascii	"\216\255s0\330\253\275\243i,B\233-\245S\264\351\030"
 5666      D8ABBDA3 
 5666      692C429B 
 5666      2DA553B4 
 5666      E918
 5667 1cb5 EDB10572 		.ascii	"\355\261\005r\346\002\364\330w\376\342}|lI\306\211\354"
 5667      E602F4D8 
 5667      77FEE27D 
 5667      7C6C49C6 
 5667      89EC
 5668 1cc7 3C6D0C93 		.ascii	"<m\014\223\210\231\275\020\272\262.%n\326\333\205\375"
 5668      8899BD10 
 5668      BAB22E25 
 5668      6ED6DB85 
 5668      FD
 5669 1cd8 12B30F9B 		.ascii	"\022\263\017\233\271\020\022\271WDf\362\243\242\"\014"
 5669      B91012B9 
 5669      574466F2 
 5669      A3A2220C 
 5670 1ce8 CEDC7E29 		.ascii	"\316\334~)\227\332\310\3056v.\220\013\221\215\232\256"
 5670      97DAC8C5 
 5670      36762E90 
 5670      0B918D9A 
 5670      AE
 5671 1cf9 5D953634 		.ascii	"]\22564v\027h\354\362\250d\036\226,X \237B\222\035G"
 5671      761768EC 
 5671      F2A8641E 
 5671      962C5820 
 5671      9F42921D 
 5672 1d0e 626B6D29 		.ascii	"bkm)\360\314\002\014|\277t\210\212\036\302\242a\013"
 5672      F0CC020C 
 5672      7CBF7488 
 5672      8A1EC2A2 
 5672      610B
 5673 1d20 E4AB0B66 		.ascii	"\344\253\013f\267_\343\300\376a'\002\274\000\200o\356"
 5673      B75FE3C0 
ARM GAS  /tmp/ccCPrn0v.s 			page 244


 5673      FE612702 
 5673      BC00806F 
 5673      EE
 5674 1d31 08F98375 		.ascii	"\010\371\203u\303\025J\314\021\214;u\242i?\256G\343"
 5674      C3154ACC 
 5674      118C3B75 
 5674      A2693FAE 
 5674      47E3
 5675 1d43 A603E1D1 		.ascii	"\246\003\341\321\012\373E\241\224Om\344c\033M\363\345"
 5675      0AFB45A1 
 5675      944F6DE4 
 5675      631B4DF3 
 5675      E5
 5676 1d54 41646377 		.ascii	"Adcwv\307U\016\027nb\317\2556\\\270\255B1\025-\306\242"
 5676      76C7550E 
 5676      176E62CF 
 5676      AD365CB8 
 5676      AD423115 
 5677 1d6b F7E6CB8F 		.ascii	"\367\346\313\217\220\350\350\271\206\203,\216Ec\030"
 5677      90E8E8B9 
 5677      86832C8E 
 5677      456318
 5678 1d7a 8A45AB70 		.ascii	"\212E\253p\214\312\035\303r3\363\345\255\317\203\\\376"
 5678      8CCA1DC3 
 5678      7233F3E5 
 5678      ADCF835C 
 5678      FE
 5679 1d8b CE9E7A1B 		.ascii	"\316\236z\033R\312p\225\231\275\273\311\226Tq\2314\353"
 5679      52CA7095 
 5679      99BDBBC9 
 5679      96547199 
 5679      34EB
 5680 1d9d B014B677 		.ascii	"\260\024\266w{\014\316\371 S\001\334\201\303SS\016\344"
 5680      7B0CCEF9 
 5680      205301DC 
 5680      81C35353 
 5680      0EE4
 5681 1daf B07A5C92 		.ascii	"\260z\\\222\267!m\307\357_\257\343\340\326I\254-+.\253"
 5681      B7216DC7 
 5681      EF5FAFE3 
 5681      E0D649AC 
 5681      2D2B2EAB 
 5682 1dc3 C39CAD7E 		.ascii	"\303\234\255~\234-\203\304TJ\314\011\314\276<\2609\016"
 5682      9C2D83C4 
 5682      544ACC09 
 5682      CCBE3CB0 
 5682      390E
 5683 1dd5 C65BA432 		.ascii	"\306[\244211:\231+Ap\203\025\373.\276R*\305H\313%\246"
 5683      31313A99 
 5683      2B417083 
 5683      15FB2EBE 
 5683      522AC548 
 5684 1dec 1443CD9B 		.ascii	"\024C\315\233/o_\310\310Y\013\361\021\244:\025!:\205"
 5684      2F6F5FC8 
 5684      C8590BF1 
 5684      11A43A15 
 5684      213A85
ARM GAS  /tmp/ccCPrn0v.s 			page 245


 5685 1dff 35ECC82C 		.ascii	"5\354\310,\370\010\001\030b\021\274\335\023[\262lg\035"
 5685      F8080118 
 5685      6211BCDD 
 5685      135BB26C 
 5685      671D
 5686 1e11 2B25E68C 		.ascii	"+%\346\214D\367\345\246\251#SoW\223\227$\265\\\215T"
 5686      44F7E5A6 
 5686      A923536F 
 5686      57939724 
 5686      B55C8D54 
 5687 1e25 8DED9C96 		.ascii	"\215\355\234\226j\341\033\031'I?\222\307\255\315\240"
 5687      6AE11B19 
 5687      27493F92 
 5687      C7ADCDA0 
 5688 1e35 A525C619 		.ascii	"\245%\306\031\343}@h\010V\224\312\371\255B\035^Y/\235"
 5688      E37D4068 
 5688      085694CA 
 5688      F9AD421D 
 5688      5E592F9D 
 5689 1e49 95EA4C33 		.ascii	"\225\352L3\353GP\235\205W\273\324\337\353\264\322W\026"
 5689      EB47509D 
 5689      8557BBD4 
 5689      DFEBB4D2 
 5689      5716
 5690 1e5b E730D483 		.ascii	"\3470\324\203\335\375c\352/9:\351\231\356<\346U\367"
 5690      DDFD63EA 
 5690      2F393AE9 
 5690      99EE3CE6 
 5690      55F7
 5691 1e6d 8585AB6F 		.ascii	"\205\205\253oTSi\2375`^\372\303\256\031\265\007\343"
 5691      5453699F 
 5691      35605EFA 
 5691      C3AE19B5 
 5691      07E3
 5692 1e7f 28AF11F3 		.ascii	"(\257\021\363\366&l\351S\177\335|\231\332\273\200y\335"
 5692      F6266CE9 
 5692      537FDD7C 
 5692      99DABB80 
 5692      79DD
 5693 1e91 773B5266 		.ascii	"w;Rf=z]\224\230\345\357\302C\374\376\304`V='\222@5I"
 5693      3D7A5D94 
 5693      98E5EFC2 
 5693      43FCFEC4 
 5693      60563D27 
 5694 1ea9 888D1E4B 		.ascii	"\210\215\036K!\265A\203W\263g\375?\016\227a\365%\011"
 5694      21B54183 
 5694      57B367FD 
 5694      3F0E9761 
 5694      F52509
 5695 1ebc 046CE0C1 		.ascii	"\004l\340\301\355C\201;pdo\271\346\270yU\272\002\353"
 5695      ED43813B 
 5695      70646FB9 
 5695      E6B87955 
 5695      BA02EB
 5696 1ecf AF49488E 		.ascii	"\257IH\216\221C\\H\314'3CJm\362J\024%LQ\202ma$4\223"
 5696      91435C48 
 5696      CC273343 
ARM GAS  /tmp/ccCPrn0v.s 			page 246


 5696      4A6DF24A 
 5696      14254C51 
 5697 1ee9 326C812F 		.ascii	"2l\201/$r9\257\011\334\376\236\366\235\352\0378\024"
 5697      247239AF 
 5697      09DCFE9E 
 5697      F69DEA1F 
 5697      3814
 5698 1efb 534F5AB1 		.ascii	"SOZ\261'\323e;\232\324\267e\012\215\\\033\346%\327]"
 5698      27D3653B 
 5698      9AD4B765 
 5698      0A8D5C1B 
 5698      E625D75D 
 5699 1f0f 0E57D765 		.ascii	"\016W\327e\323\350\264#\000\347\010\200\374\303\307"
 5699      D3E8B423 
 5699      00E70880 
 5699      FCC3C7
 5700 1f1e D1DE11FB 		.ascii	"\321\336\021\373\333\375\322ub\371\006|!\226\363\026"
 5700      DBFDD275 
 5700      62F9067C 
 5700      2196F316 
 5701 1f2e C39939A7 		.ascii	"\303\2319\247xZ}+\275\237j\270\2114tR\015)f\015\267"
 5701      785A7D2B 
 5701      BD9F6AB8 
 5701      89347452 
 5701      0D29660D 
 5702 1f43 88860EF8 		.ascii	"\210\206\016\370B4\\\002\015JY\344=\025C\002\305\327"
 5702      42345C02 
 5702      0D4A59E4 
 5702      3D154302 
 5702      C5D7
 5703 1f55 89F18D77 		.ascii	"\211\361\215w\017\024\223\2224X\217z\371!Q_R6<r\205"
 5703      0F149392 
 5703      34588F7A 
 5703      F921515F 
 5703      52363C72 
 5704 1f6a A5A50545 		.ascii	"\245\245\005Es\233\330\350\226nS\033\217_\223C\026\021"
 5704      739BD8E8 
 5704      966E531B 
 5704      8F5F9343 
 5704      1611
 5705 1f7c D1C9CC4B 		.ascii	"\321\311\314Ki\222*\332CD{\245\036*Z\367\232\034\263"
 5705      69922ADA 
 5705      43447BA5 
 5705      1E2A5AF7 
 5705      9A1CB3
 5706 1f8f E809E53B 		.ascii	"\350\011\345;\001\345{S*\247Yx\213i\025\372\360"
 5706      01E57B53 
 5706      2AA75978 
 5706      8B6915FA 
 5706      F0
 5707 1fa0 D27E6940 		.ascii	"\322~i@\352\243kc~$'/2\347\254PRs\326*\014\022CC\322"
 5707      EAA36B63 
 5707      7E24272F 
 5707      32E7AC50 
 5707      5273D62A 
 5708 1fb9 20153640 		.ascii	" \0256@\316\216v\266\365\250\277\026\035\2429\273\203"
 5708      CE8E76B6 
ARM GAS  /tmp/ccCPrn0v.s 			page 247


 5708      F5A8BF16 
 5708      1DA239BB 
 5708      83
 5709 1fca 5CCB258A 		.ascii	"\\\313%\212\214\217\312\213:\360\331>t^\241t\227(\031"
 5709      8C8FCA8B 
 5709      3AF0D93E 
 5709      745EA174 
 5709      972819
 5710 1fdd 862F44C9 		.ascii	"\206/D\311$\004\317\3202P\253\376\342\265\220\206\337"
 5710      2404CFD0 
 5710      3250ABFE 
 5710      E2B59086 
 5710      DF
 5711 1fee 8883772D 		.ascii	"\210\203w-\241\344\262\332N=4\260#\230w\366\366\341"
 5711      A1E4B2DA 
 5711      4E3D34B0 
 5711      239877F6 
 5711      F6E1
 5712 2000 B7D45F19 		.ascii	"\267\324_\031R\326(f\305\327ND\252\031\315\241\274{"
 5712      52D62866 
 5712      C5D74E44 
 5712      AA19CDA1 
 5712      BC7B
 5713 2012 98379C7C 		.ascii	"\2307\234|\347\212\372w\277y\2247\206yQ\261\211\211"
 5713      E78AFA77 
 5713      BF799437 
 5713      867951B1 
 5713      8989
 5714 2024 AA3F9514 		.ascii	"\252?\225\024\312}\314\263\032\204G\"\372bH\343\305"
 5714      CA7DCCB3 
 5714      1A844722 
 5714      FA6248E3 
 5714      C5
 5715 2035 22D7E9AF 		.ascii	"\"\327\351\257+\006\361\246YP\265-\006\017\376q\351"
 5715      2B06F1A6 
 5715      5950B52D 
 5715      060FFE71 
 5715      E9
 5716 2046 01745279 		.ascii	"\001tRynF\273\203Yt\200\212\3663\3707\313\206\323\217"
 5716      6E46BB83 
 5716      5974808A 
 5716      F633F837 
 5716      CB86D38F 
 5717 205a B6E027A8 		.ascii	"\266\340'\250\207\322\004\310\306\216\3067\263\263\346"
 5717      87D204C8 
 5717      C68EC637 
 5717      B3B3E6
 5718 2069 E594C44C 		.ascii	"\345\224\304Lb\020ia#[\324XM\320\200?\302\274\274\255"
 5718      62106961 
 5718      235BD458 
 5718      4DD0803F 
 5718      C2BCBCAD 
 5719 207d 7DBBD4BF 		.ascii	"}\273\324\277E\035\240\216=\306\274\233\315\333\377"
 5719      451DA08E 
 5719      3DC6BC9B 
 5719      CDDBFF
 5720 208c A6FEDF58 		.ascii	"\246\376\337X\2245\215Yw\263\207\016\250\265{\225\362"
ARM GAS  /tmp/ccCPrn0v.s 			page 248


 5720      94358D59 
 5720      77B3870E 
 5720      A8B57B95 
 5720      F2
 5721 209d 66C859ED 		.ascii	"f\310Y\355LY\213\032\017#5\247\330 /\375\374u\337\376"
 5721      4C598B1A 
 5721      0F2335A7 
 5721      D8202FFD 
 5721      FC75DFFE 
 5722 20b1 74E9D265 		.ascii	"t\351\322e\360\237\307zOwO\337\000W\275\177\240\317"
 5722      F09FC77A 
 5722      4F774FDF 
 5722      0057BD7F 
 5722      A0CF
 5723 20c3 D7CB7C03 		.ascii	"\327\313|\003\226\255w\363Z\026\340\357\201>]\335\003"
 5723      96AD77F3 
 5723      5A16E0EF 
 5723      813E5DDD 
 5723      03
 5724 20d4 D7AED5F9 		.ascii	"\327\256\325\371\007,\365\220?\375\375\237\027\257\\"
 5724      072CF590 
 5724      3FFDFD9F 
 5724      17AF5C
 5725 20e3 FE01B3D0 		.ascii	"\376\001\263\320\342\366\322_\350\326~\270\346g\357"
 5725      E2F6D25F 
 5725      E8D67EB8 
 5725      E667EF
 5726 20f2 BDCFCCF5 		.ascii	"\275\317\314\365X\357\352\347\357\351\353\357\251\337"
 5726      58EFEAE7 
 5726      EFE9EBEF 
 5726      A9DF
 5727 2100 E8FA4DA0 		.ascii	"\350\372M\240.P\367\334\254;\256z\301G\367\235^@wm\364"
 5727      2E50F7DC 
 5727      AC3BAE7A 
 5727      C147F79D 
 5727      5E40776D 
 5728 2115 E8A7AB7E 		.ascii	"\350\247\253~\365\262\365\276\336\272e\376\276\356\313"
 5728      F5B2F5BE 
 5728      DEBA65FE 
 5728      BEEECB
 5729 2124 BEF0F7FD 		.ascii	"\276\360\367\375w\235\207>`\331J\004i\265>p\215\247"
 5729      779D873E 
 5729      60D94A04 
 5729      69B53E70 
 5729      8DA7
 5730 2136 AFF6BBEB 		.ascii	"\257\366\273\353\273\357-\333\340\353\377u\200\237\233"
 5730      BBEF2DDB 
 5730      E0EBFF75 
 5730      809F9B
 5731 2145 878EE25D 		.ascii	"\207\216\342]\375\345\347\357\275\353\372\351\027\253"
 5731      FDE5E7EF 
 5731      BDEBFAE9 
 5731      17AB
 5732 2153 3E765DEB 		.ascii	">v]\353\351\357\275\301\315_\267\214y\232g\376\372e"
 5732      E9EFBDC1 
 5732      CD5FB78C 
 5732      799A67FE 
ARM GAS  /tmp/ccCPrn0v.s 			page 249


 5732      FA65
 5733 2165 9E3E1E5E 		.ascii	"\236>\036^\201kt\300\363\362\014\320\007,]\317\330\353"
 5733      816B74C0 
 5733      F3F20CD0 
 5733      072C5DCF 
 5733      D8EB
 5734 2177 FD913AE2 		.ascii	"\375\221:\342\022\357\247\367w 7t\337\352|\364\2008"
 5734      12EFA7F7 
 5734      77203774 
 5734      DFEA7CF4 
 5734      8038
 5735 2189 C0F33F74 		.ascii	"\300\363?tr\240\247\217~\371\317]\365\266\001\201\001"
 5735      72A0A78F 
 5735      7EF9CF5D 
 5735      F5B60181 
 5735      01
 5736 219a 7E3A9F35 		.ascii	"~:\2375\2725\022Y \350=\275u\266\001\033\003\320\247"
 5736      BA351259 
 5736      20E83DBD 
 5736      75B6011B 
 5736      03D0A7
 5737 21ad AB1E0B02 		.ascii	"\253\036\013\002 \275\215\277>@\357\346\355'\302O\275"
 5737      20BD8DBF 
 5737      3E40EFE6 
 5737      ED27C24F 
 5737      BD
 5738 21be 4ED06FF4 		.ascii	"N\320o\364\323\261\201B`\000\230\010\364{\027h\3713"
 5738      D3B18142 
 5738      60009808 
 5738      F47B1768 
 5738      F933
 5739 21d0 81C45000 		.ascii	"\201\304P\000\244\000Q\327K\376:\267\000_\037\301c\275"
 5739      A40051D7 
 5739      4BFE3AB7 
 5739      005F1FC1 
 5739      63BD
 5740 21e2 9B3FEF19 		.ascii	"\233?\357\031\340/\370\270y\353x\3775\033y\357\200u"
 5740      E02FF8B8 
 5740      79EB78FF 
 5740      351B79EF 
 5740      8075
 5741 21f4 2290AB9E 		.ascii	"\"\220\253\236\323\373\331B\330\365\353At\215L>\340"
 5741      D3FBD942 
 5741      D8F5EB41 
 5741      748D4C3E 
 5741      E0
 5742 2205 6EC00669 		.ascii	"n\300\006i\203\336\327\375\337\375x\037\275\237\243"
 5742      83DED7FD 
 5742      DFFD781F 
 5742      BD9FA3
 5743 2214 D661573D 		.ascii	"\326aW=\277\306}\235\015hs\365\360\321\213\036\310e"
 5743      BFC67D9D 
 5743      0D6873F5 
 5743      F0D18B1E 
 5743      C865
 5744 2226 5B3F371F 		.ascii	"[?7\037O\017WP\350\004\272\220o:o\3275:\367\300u\262"
 5744      4F0F5750 
ARM GAS  /tmp/ccCPrn0v.s 			page 250


 5744      E804BA90 
 5744      6F3A6FD7 
 5744      353AF7C0 
 5745 223c 97AFC7D7 		.ascii	"\227\257\307\327H\360\231\300\343%\000\336Q\253\302"
 5745      48F099C0 
 5745      E32500DE 
 5745      51ABC2
 5746 224b 553FC7DB 		.ascii	"U?\307\333\015\202D\020\302\017/\\\015\336\372\357P"
 5746      0D824410 
 5746      C20F2F5C 
 5746      0DDEFAEF 
 5746      50
 5747 225c 426430E8 		.ascii	"Bd0\350\035\250\327}'\353P\230=}\326\331\341<x\273\005"
 5747      1DA8D77D 
 5747      27EB5098 
 5747      3D7DD6D9 
 5747      E13C78BB 
 5748 2271 7C0DD105 		.ascii	"|\015\321\005H\270\220\220\030\3762\307\364\005\"\276"
 5748      48B89090 
 5748      18FE32C7 
 5748      F40522BE 
 5749 2281 C1CD530F 		.ascii	"\301\315S\017\013l\340\026ReK?]\365\222n\003Z\017!\000"
 5749      0B6CE016 
 5749      52654B3F 
 5749      5DF5926E 
 5749      035A0F21 
 5750 2296 2B7EF011 		.ascii	"+~\360\021\240\363\366\263G\256\351\274\335\374\326"
 5750      A0F3F6B3 
 5750      47AEE9BC 
 5750      DDFCD6
 5751 22a5 FBFAEB6C 		.ascii	"\373\372\353l\002\220\015\010\342\006\275\336\337o\036"
 5751      02900D08 
 5751      E206BDDE 
 5751      DF6F1E
 5752 22b4 8D9BBF0E 		.ascii	"\215\233\277\016\002\244\363A\265&\353\276\363\324{"
 5752      02A4F341 
 5752      B526EBBE 
 5752      F3D47B
 5753 22c3 F8AED149 		.ascii	"\370\256\321I\020n\020\\\372,\376C\300Q9\243\364\201"
 5753      106E105C 
 5753      FA2CFE43 
 5753      C05139A3 
 5753      F481
 5754 22d5 AA001B3D 		.ascii	"\252\000\033=\372\351\252\027\327z\271\255\203+oP\007"
 5754      FAE9AA17 
 5754      D77AB9AD 
 5754      832B6F50 
 5754      07
 5755 22e6 9AF5B842 		.ascii	"\232\365\270B\340\366\0067\360xN\200\376k7/\317u>\000"
 5755      E0F60637 
 5755      F0784E80 
 5755      FE6B372F 
 5755      CF753E00 
 5756 22fa 7B839BBB 		.ascii	"{\203\233\273[\200N\364\335\340\243\363w\004\270`\310"
 5756      5B804EF4 
 5756      DDE0A3F3 
 5756      7704B860 
ARM GAS  /tmp/ccCPrn0v.s 			page 251


 5756      C8
 5757 230b D307A401 		.ascii	"\323\007\244\001\221\203\346;H\372\343\030\360\036\372"
 5757      9183E63B 
 5757      48FAE318 
 5757      F01EFA
 5758 231a EFB8003F 		.ascii	"\357\270\000?;?_\177=p\365pi\217\277{\370\372@H\365"
 5758      3B3F5F7F 
 5758      3D70F570 
 5758      698FBF7B 
 5758      F8FA4048 
 5759 232f EF3F05B4 		.ascii	"\357?\005\264\207\257\267\267\257\3172$\032\260\354"
 5759      87AFB7B7 
 5759      AFCF3224 
 5759      1AB0EC
 5760 233e A33F7DFE 		.ascii	"\243?}\376\355\007o\177\016R\036\020\030\300\316\257"
 5760      ED076F7F 
 5760      0E521E10 
 5760      18C0CEAF 
 5761 234e 5FE32FF9 		.ascii	"_\343/\371a\003\"\376)\240\250\212\336~\276\276^\022"
 5761      610322FE 
 5761      29A0A88A 
 5761      DE7EBEBE 
 5761      5E12
 5762 2360 685EEBB9 		.ascii	"h^\353\271n\201%8Wrw\376\354[\320N\376k=\002Q\212\320"
 5762      6E812538 
 5762      577277FE 
 5762      EC5BD04E 
 5762      FE6B3D02 
 5763 2377 A780D262 		.ascii	"\247\200\322b\207\276\271\222\004\377\344Y\302\212\344"
 5763      87BEB992 
 5763      04FFE459 
 5763      C28AE4
 5764 2386 019784D7 		.ascii	"\001\227\204\327\351m\020LW\3175\266\364\023\265\236"
 5764      E96D104C 
 5764      57CF35B6 
 5764      F413B59E 
 5765 2396 6E1D8268 		.ascii	"n\035\202h\207\254\350\326\3017\377\215sL_ X\337\352"
 5765      87ACE8D6 
 5765      C137FF8D 
 5765      734C5F20 
 5765      58DFEA
 5766 23a9 71A579B9 		.ascii	"q\245y\271\005\350Q\323\212k\320\245\003\010\257\321"
 5766      05E851D3 
 5766      8A6BD0A5 
 5766      0308AFD1 
 5767 23b9 79E9DD70 		.ascii	"y\351\335p\3158Y\\An\360\205\003\3241\204U\347\377-"
 5767      CD38595C 
 5767      416EF085 
 5767      03D43184 
 5767      55E7FF2D 
 5768 23cd 8C40FDF3 		.ascii	"\214@\375\363 \363\255\247\277>\020]\200\036\377\000"
 5768      20F3ADA7 
 5768      BF3E105D 
 5768      801EFF00 
 5769 23dd 5276482F 		.ascii	"RvH/n}<\013~\3763W\375\202'\210\201N\177\223]Tl\033"
 5769      6E7D3C0B 
 5769      7EFE3357 
ARM GAS  /tmp/ccCPrn0v.s 			page 252


 5769      FD822788 
 5769      814E7F93 
 5770 23f5 F15D1B8F 		.ascii	"\361]\033\217@\177\2508\275\275z\013\000\373\370\352"
 5770      407FA838 
 5770      BDBD7A0B 
 5770      00FBF8EA 
 5771 2405 3DD76E74 		.ascii	"=\327nt\206\001H\347.)\371y\3267\240\265\334\277!\302"
 5771      860148E7 
 5771      2E29F979 
 5771      D637A0B5 
 5771      DCBF21C2 
 5772 2419 D0D67A5F 		.ascii	"\320\326z_?\033\204\340C\210\010\025\343\334}$4\316"
 5772      3F1B84E0 
 5772      43880815 
 5772      E3DC7D24 
 5772      34CE
 5773 242b C0B83BFA 		.ascii	"\300\270;\372\024\334AHr\367_\003SOr\337\340\017\037"
 5773      14DC4148 
 5773      72F75F03 
 5773      534F72DF 
 5773      E00F1F
 5774 243e B2BB876F 		.ascii	"\262\273\207o \362Qt\375\030\022\354l\036&\324\206\223"
 5774      20F25174 
 5774      FD1812EC 
 5774      6C1E26D4 
 5774      8693
 5775 2450 C515E4D3 		.ascii	"\305\025\344\323\313\323\347\353\345\337\263\223\230"
 5775      CBD3E7EB 
 5775      E5DFB393 
 5775      98
 5776 245d F2A6DD36 		.ascii	"\362\246\3356\3263\013<}\374\002\365\326\360\237\367"
 5776      D6330B3C 
 5776      7DFC02F5 
 5776      D6F09FF7 
 5777 246d 0DD43FE1 		.ascii	"\015\324?\3416\264\352\352\215\001\177\366A\303\207"
 5777      36B4EAEA 
 5777      8D017FF6 
 5777      41C387
 5778 247c 99E3EABA 		.ascii	"\231\343\352\2726\320\307\303\325u\351\207\374\362\237"
 5778      36D0C7C3 
 5778      D575E987 
 5778      FCF29F
 5779 248b 33B66EFE 		.ascii	"3\266n\376\336\337~\240{\333\233\231\003\005\000U\376"
 5779      DEDF7EA0 
 5779      7BDB9B99 
 5779      03050055 
 5779      FE
 5780 249c B6F7CF18 		.ascii	"\266\367\317\030;\315\202%\317RR\220X\000%\233T\253"
 5780      3BCD8225 
 5780      CF525290 
 5780      5800259B 
 5780      54AB
 5781 24ae 363E70F1 		.ascii	"6>p\361t\377\346S\235\376\223@/\257\2171\252/!\207\000"
 5781      74FFE653 
 5781      9DFE9340 
 5781      2FAF8F31 
 5781      AA2F2187 
ARM GAS  /tmp/ccCPrn0v.s 			page 253


 5782 24c3 73F5DBFF 		.ascii	"s\365\333\377\310\356\251A\375\356\"_\254\3617\336~"
 5782      C8EEA941 
 5782      FDEE225F 
 5782      ACF137DE 
 5782      7E
 5783 24d4 FA8D962A 		.ascii	"\372\215\226*\035\301\326\037\360\314X\345\343\251g"
 5783      1DC1D61F 
 5783      F0CC58E5 
 5783      E3A967
 5784 24e3 ECCC6B96 		.ascii	"\354\314k\226\277\343`\301z\016\256\276\360\015\320"
 5784      BFE360C1 
 5784      7A0EAEBE 
 5784      F00DD0
 5785 24f2 A05AA5B1 		.ascii	"\240Z\245\261\360\213y\263\331*\367\347\317\003\367"
 5785      F08B79B3 
 5785      D92AF7E7 
 5785      CF03F7
 5786 2501 4F3A2FD8 		.ascii	"O:/\330Jt\032\014\253\235\360m\2675\024\214F\337\373"
 5786      4A741A0C 
 5786      AB9DF06D 
 5786      B735148C 
 5786      46DFFB
 5787 2514 8E962C47 		.ascii	"\216\226,G_\013\230\252\340\317\034,8*\343\275\347}"
 5787      5F0B98AA 
 5787      E0CF1C2C 
 5787      382AE3BD 
 5787      E77D
 5788 2526 9F6473D5 		.ascii	"\237ds\325s\276\326@Wk\324-\2377\233\355\014\267\376"
 5788      73BED640 
 5788      576BD42D 
 5788      9F379BED 
 5788      0CB7FE
 5789 2539 1B1C2874 		.ascii	"\033\034(t\263a\276\343d\305\343=\326\277\363\352\323"
 5789      B361BEE3 
 5789      64C5E33D 
 5789      D6BFF3EA 
 5789      D3
 5790 254a D2B7D4CF 		.ascii	"\322\267\324\317\315_\277\364\235\305OM\006\025\260"
 5790      CD5FBFF4 
 5790      9DC54F4D 
 5790      0615B0
 5791 2559 C5BE07E8 		.ascii	"\305\276\007\350\364\253\346yZ\213\256Z\370\024\355"
 5791      F4ABE679 
 5791      5A8BAE5A 
 5791      F814ED
 5792 2568 0B9E1862 		.ascii	"\013\236\030b\007\"Mel}M\212\347\372ZiY\345\3624Tsg"
 5792      07224D65 
 5792      6C7D4D8A 
 5792      E7FA5A69 
 5792      59E5F234 
 5793 257f 450485FC 		.ascii	"E\004\205\374\213@\223R{\270\372\322\177\343'^\201\001"
 5793      8B409352 
 5793      7BB8FAD2 
 5793      7FE3275E 
 5793      8101
 5794 2591 EB57C970 		.ascii	"\353W\311p\201\277\331\342v\370-\234 \236i\333\326\271"
 5794      81BFD9E2 
ARM GAS  /tmp/ccCPrn0v.s 			page 254


 5794      76F82D9C 
 5794      209E69DB 
 5794      D6B9
 5795 25a3 F97B6D84 		.ascii	"\371{m\204vpv\205\002\366\364\202=\325U\367\235\037"
 5795      76707685 
 5795      02F6F482 
 5795      3DD555F7 
 5795      9D1F
 5796 25b5 24558421 		.ascii	"$U\204!\036\000\035\257s[k\003cf\275\277\357\206y\256"
 5796      1E001DAF 
 5796      735B6B03 
 5796      6366BDBF 
 5796      EF8679AE 
 5797 25c9 AE707C70 		.ascii	"\256p|p\205Ep.\010\304\0157\337c\375\227\353\327\374"
 5797      8545702E 
 5797      08C40D37 
 5797      DF63FD97 
 5797      EBD7FC
 5798 25dc 11B5AE5A 		.ascii	"\021\265\256Z\013\317\264_\322\321\202Lc\035\277\326"
 5798      0BCFB45F 
 5798      D2D1824C 
 5798      631DBFD6 
 5799 25ec E101F091 		.ascii	"\341\001\360\221\227\327*\270\361k\367u+\221\231\225"
 5799      97D72AB8 
 5799      F16BF775 
 5799      2B919995 
 5800 25fc 30600356 		.ascii	"0`\003V\315\325J\374\0366\267U\304\356o|\360\035S\026"
 5800      CDD54AFC 
 5800      1E36B755 
 5800      C4EE6F7C 
 5800      F01D5316 
 5801 2610 ADD7AD76 		.ascii	"\255\327\255v\326\002Fp%o\235\267\207\337Fp\310\307"
 5801      D6024670 
 5801      256F9DB7 
 5801      87DF4670 
 5801      C8C7
 5802 2622 07A2FADD 		.ascii	"\007\242\372\335?v\034\325\303\214\014X\206\316\306"
 5802      3F761CD5 
 5802      C38C0C58 
 5802      86CEC6
 5803 2631 5FA26F8B 		.ascii	"_\242o\213a\367\\\374\033ow\335\0328!.[\276|\351{K\227"
 5803      61F75CFC 
 5803      1B6F77DD 
 5803      1A38212E 
 5803      5BBE7CE9 
 5804 2648 2F7EF79D 		.ascii	"/~\367\235w\337\375\346\275e0\250\336\006#\272\267u"
 5804      77DFFDE6 
 5804      BD6530A8 
 5804      DE0623BA 
 5804      B775
 5805 265a 6EEE9E66 		.ascii	"n\356\236f\257aO\2023\013\270\354\340\012\307\021\275"
 5805      AF614F82 
 5805      330BB8EC 
 5805      E00AC711 
 5805      BD
 5806 266b EBC71FAD 		.ascii	"\353\307\037\255\376\315\027\177Z\345\340\346\265\301"
 5806      FECD177F 
ARM GAS  /tmp/ccCPrn0v.s 			page 255


 5806      5AE5E0E6 
 5806      B5C1
 5807 2679 6D23DA3F 		.ascii	"m#\332?a\276\352~\363\375\0337x\217\266\355e+?_\275"
 5807      61BEEA7E 
 5807      F3FD1B37 
 5807      788FB6ED 
 5807      652B3F5F 
 5808 268e 6AF5B295 		.ascii	"j\365\262\225\260\017.[e\012\252w\200g\200\353:\017"
 5808      B00F2E5B 
 5808      650AAA77 
 5808      806780EB 
 5808      3A0F
 5809 26a0 0FB040CE 		.ascii	"\017\260@\316\005$I\213|\003\334\274\276\304\361~\306"
 5809      0524498B 
 5809      7C03DCBC 
 5809      BEC4F17E 
 5809      C6
 5810 26b1 4CA1B986 		.ascii	"L\241\271\206\026A\312\336\366\361$\337\321 W\025i\322"
 5810      1641CADE 
 5810      F6F124DF 
 5810      D1205715 
 5810      69D2
 5811 26c3 F5FCACBB 		.ascii	"\365\374\254\2738E\244\020\177\007\366\355\220\000\375"
 5811      3845A410 
 5811      7F07F6ED 
 5811      9000FD
 5812 26d2 6E8B7121 		.ascii	"n\213q!T\016\364\356\237\2551Ze\365\377\001\344\023"
 5812      540EF4EE 
 5812      9FAD315A 
 5812      65F5FF01 
 5812      E413
 5813 26e4 5857     		.ascii	"XW"
 5814              		.text
 5815              		.section	.gnu.lto_.symtab.6de3afccbe28b4ce,"e",%progbits
 5816 0000 6962714F 		.ascii	"ibqObjectInit\000"
 5816      626A6563 
 5816      74496E69 
 5816      7400
 5817 000e 00       		.ascii	"\000"
 5818 000f 00       		.ascii	"\000"
 5819 0010 00       		.ascii	"\000"
 5820 0011 00000000 		.ascii	"\000\000\000\000\000\000\000\000"
 5820      00000000 
 5821 0019 8B020000 		.ascii	"\213\002\000\000"
 5822 001d 69627152 		.ascii	"ibqResetI\000"
 5822      65736574 
 5822      4900
 5823 0027 00       		.ascii	"\000"
 5824 0028 00       		.ascii	"\000"
 5825 0029 00       		.ascii	"\000"
 5826 002a 00000000 		.ascii	"\000\000\000\000\000\000\000\000"
 5826      00000000 
 5827 0032 EC020000 		.ascii	"\354\002\000\000"
 5828 0036 69627147 		.ascii	"ibqGetEmptyBufferI\000"
 5828      6574456D 
 5828      70747942 
 5828      75666665 
ARM GAS  /tmp/ccCPrn0v.s 			page 256


 5828      724900
 5829 0049 00       		.ascii	"\000"
 5830 004a 00       		.ascii	"\000"
 5831 004b 00       		.ascii	"\000"
 5832 004c 00000000 		.ascii	"\000\000\000\000\000\000\000\000"
 5832      00000000 
 5833 0054 F0020000 		.ascii	"\360\002\000\000"
 5834 0058 69627150 		.ascii	"ibqPostFullBufferI\000"
 5834      6F737446 
 5834      756C6C42 
 5834      75666665 
 5834      724900
 5835 006b 00       		.ascii	"\000"
 5836 006c 00       		.ascii	"\000"
 5837 006d 00       		.ascii	"\000"
 5838 006e 00000000 		.ascii	"\000\000\000\000\000\000\000\000"
 5838      00000000 
 5839 0076 99020000 		.ascii	"\231\002\000\000"
 5840 007a 69627147 		.ascii	"ibqGetFullBufferTimeoutS\000"
 5840      65744675 
 5840      6C6C4275 
 5840      66666572 
 5840      54696D65 
 5841 0093 00       		.ascii	"\000"
 5842 0094 00       		.ascii	"\000"
 5843 0095 00       		.ascii	"\000"
 5844 0096 00000000 		.ascii	"\000\000\000\000\000\000\000\000"
 5844      00000000 
 5845 009e 6C020000 		.ascii	"l\002\000\000"
 5846 00a2 69627147 		.ascii	"ibqGetFullBufferTimeout\000"
 5846      65744675 
 5846      6C6C4275 
 5846      66666572 
 5846      54696D65 
 5847 00ba 00       		.ascii	"\000"
 5848 00bb 00       		.ascii	"\000"
 5849 00bc 00       		.ascii	"\000"
 5850 00bd 00000000 		.ascii	"\000\000\000\000\000\000\000\000"
 5850      00000000 
 5851 00c5 F2020000 		.ascii	"\362\002\000\000"
 5852 00c9 69627152 		.ascii	"ibqReleaseEmptyBufferS\000"
 5852      656C6561 
 5852      7365456D 
 5852      70747942 
 5852      75666665 
 5853 00e0 00       		.ascii	"\000"
 5854 00e1 00       		.ascii	"\000"
 5855 00e2 00       		.ascii	"\000"
 5856 00e3 00000000 		.ascii	"\000\000\000\000\000\000\000\000"
 5856      00000000 
 5857 00eb A1020000 		.ascii	"\241\002\000\000"
 5858 00ef 69627152 		.ascii	"ibqReleaseEmptyBuffer\000"
 5858      656C6561 
 5858      7365456D 
 5858      70747942 
 5858      75666665 
 5859 0105 00       		.ascii	"\000"
ARM GAS  /tmp/ccCPrn0v.s 			page 257


 5860 0106 00       		.ascii	"\000"
 5861 0107 00       		.ascii	"\000"
 5862 0108 00000000 		.ascii	"\000\000\000\000\000\000\000\000"
 5862      00000000 
 5863 0110 F4020000 		.ascii	"\364\002\000\000"
 5864 0114 69627147 		.ascii	"ibqGetTimeout\000"
 5864      65745469 
 5864      6D656F75 
 5864      7400
 5865 0122 00       		.ascii	"\000"
 5866 0123 00       		.ascii	"\000"
 5867 0124 00       		.ascii	"\000"
 5868 0125 00000000 		.ascii	"\000\000\000\000\000\000\000\000"
 5868      00000000 
 5869 012d F6020000 		.ascii	"\366\002\000\000"
 5870 0131 69627152 		.ascii	"ibqReadTimeout\000"
 5870      65616454 
 5870      696D656F 
 5870      757400
 5871 0140 00       		.ascii	"\000"
 5872 0141 00       		.ascii	"\000"
 5873 0142 00       		.ascii	"\000"
 5874 0143 00000000 		.ascii	"\000\000\000\000\000\000\000\000"
 5874      00000000 
 5875 014b B4020000 		.ascii	"\264\002\000\000"
 5876 014f 6F62714F 		.ascii	"obqObjectInit\000"
 5876      626A6563 
 5876      74496E69 
 5876      7400
 5877 015d 00       		.ascii	"\000"
 5878 015e 00       		.ascii	"\000"
 5879 015f 00       		.ascii	"\000"
 5880 0160 00000000 		.ascii	"\000\000\000\000\000\000\000\000"
 5880      00000000 
 5881 0168 C1020000 		.ascii	"\301\002\000\000"
 5882 016c 6F627152 		.ascii	"obqResetI\000"
 5882      65736574 
 5882      4900
 5883 0176 00       		.ascii	"\000"
 5884 0177 00       		.ascii	"\000"
 5885 0178 00       		.ascii	"\000"
 5886 0179 00000000 		.ascii	"\000\000\000\000\000\000\000\000"
 5886      00000000 
 5887 0181 F8020000 		.ascii	"\370\002\000\000"
 5888 0185 6F627147 		.ascii	"obqGetFullBufferI\000"
 5888      65744675 
 5888      6C6C4275 
 5888      66666572 
 5888      4900
 5889 0197 00       		.ascii	"\000"
 5890 0198 00       		.ascii	"\000"
 5891 0199 00       		.ascii	"\000"
 5892 019a 00000000 		.ascii	"\000\000\000\000\000\000\000\000"
 5892      00000000 
 5893 01a2 FD020000 		.ascii	"\375\002\000\000"
 5894 01a6 6F627152 		.ascii	"obqReleaseEmptyBufferI\000"
 5894      656C6561 
ARM GAS  /tmp/ccCPrn0v.s 			page 258


 5894      7365456D 
 5894      70747942 
 5894      75666665 
 5895 01bd 00       		.ascii	"\000"
 5896 01be 00       		.ascii	"\000"
 5897 01bf 00       		.ascii	"\000"
 5898 01c0 00000000 		.ascii	"\000\000\000\000\000\000\000\000"
 5898      00000000 
 5899 01c8 C7020000 		.ascii	"\307\002\000\000"
 5900 01cc 6F627147 		.ascii	"obqGetEmptyBufferTimeoutS\000"
 5900      6574456D 
 5900      70747942 
 5900      75666665 
 5900      7254696D 
 5901 01e6 00       		.ascii	"\000"
 5902 01e7 00       		.ascii	"\000"
 5903 01e8 00       		.ascii	"\000"
 5904 01e9 00000000 		.ascii	"\000\000\000\000\000\000\000\000"
 5904      00000000 
 5905 01f1 78020000 		.ascii	"x\002\000\000"
 5906 01f5 6F627147 		.ascii	"obqGetEmptyBufferTimeout\000"
 5906      6574456D 
 5906      70747942 
 5906      75666665 
 5906      7254696D 
 5907 020e 00       		.ascii	"\000"
 5908 020f 00       		.ascii	"\000"
 5909 0210 00       		.ascii	"\000"
 5910 0211 00000000 		.ascii	"\000\000\000\000\000\000\000\000"
 5910      00000000 
 5911 0219 FF020000 		.ascii	"\377\002\000\000"
 5912 021d 6F627150 		.ascii	"obqPostFullBufferS\000"
 5912      6F737446 
 5912      756C6C42 
 5912      75666665 
 5912      725300
 5913 0230 00       		.ascii	"\000"
 5914 0231 00       		.ascii	"\000"
 5915 0232 00       		.ascii	"\000"
 5916 0233 00000000 		.ascii	"\000\000\000\000\000\000\000\000"
 5916      00000000 
 5917 023b CF020000 		.ascii	"\317\002\000\000"
 5918 023f 6F627150 		.ascii	"obqPostFullBuffer\000"
 5918      6F737446 
 5918      756C6C42 
 5918      75666665 
 5918      7200
 5919 0251 00       		.ascii	"\000"
 5920 0252 00       		.ascii	"\000"
 5921 0253 00       		.ascii	"\000"
 5922 0254 00000000 		.ascii	"\000\000\000\000\000\000\000\000"
 5922      00000000 
 5923 025c 01030000 		.ascii	"\001\003\000\000"
 5924 0260 6F627150 		.ascii	"obqPutTimeout\000"
 5924      75745469 
 5924      6D656F75 
 5924      7400
ARM GAS  /tmp/ccCPrn0v.s 			page 259


 5925 026e 00       		.ascii	"\000"
 5926 026f 00       		.ascii	"\000"
 5927 0270 00       		.ascii	"\000"
 5928 0271 00000000 		.ascii	"\000\000\000\000\000\000\000\000"
 5928      00000000 
 5929 0279 07030000 		.ascii	"\007\003\000\000"
 5930 027d 6F627157 		.ascii	"obqWriteTimeout\000"
 5930      72697465 
 5930      54696D65 
 5930      6F757400 
 5931 028d 00       		.ascii	"\000"
 5932 028e 00       		.ascii	"\000"
 5933 028f 00       		.ascii	"\000"
 5934 0290 00000000 		.ascii	"\000\000\000\000\000\000\000\000"
 5934      00000000 
 5935 0298 DE020000 		.ascii	"\336\002\000\000"
 5936 029c 6F627154 		.ascii	"obqTryFlushI\000"
 5936      7279466C 
 5936      75736849 
 5936      00
 5937 02a9 00       		.ascii	"\000"
 5938 02aa 00       		.ascii	"\000"
 5939 02ab 00       		.ascii	"\000"
 5940 02ac 00000000 		.ascii	"\000\000\000\000\000\000\000\000"
 5940      00000000 
 5941 02b4 0B030000 		.ascii	"\013\003\000\000"
 5942 02b8 6F627146 		.ascii	"obqFlush\000"
 5942      6C757368 
 5942      00
 5943 02c1 00       		.ascii	"\000"
 5944 02c2 00       		.ascii	"\000"
 5945 02c3 00       		.ascii	"\000"
 5946 02c4 00000000 		.ascii	"\000\000\000\000\000\000\000\000"
 5946      00000000 
 5947 02cc 0D030000 		.ascii	"\015\003\000\000"
 5948 02d0 63683000 		.ascii	"ch0\000"
 5949 02d4 00       		.ascii	"\000"
 5950 02d5 02       		.ascii	"\002"
 5951 02d6 00       		.ascii	"\000"
 5952 02d7 00000000 		.ascii	"\000\000\000\000\000\000\000\000"
 5952      00000000 
 5953 02df E2020000 		.ascii	"\342\002\000\000"
 5954 02e3 63685379 		.ascii	"chSysHalt\000"
 5954      7348616C 
 5954      7400
 5955 02ed 00       		.ascii	"\000"
 5956 02ee 02       		.ascii	"\002"
 5957 02ef 00       		.ascii	"\000"
 5958 02f0 00000000 		.ascii	"\000\000\000\000\000\000\000\000"
 5958      00000000 
 5959 02f8 11030000 		.ascii	"\021\003\000\000"
 5960 02fc 5F5F6462 		.ascii	"__dbg_check_unlock\000"
 5960      675F6368 
 5960      65636B5F 
 5960      756E6C6F 
 5960      636B00
 5961 030f 00       		.ascii	"\000"
ARM GAS  /tmp/ccCPrn0v.s 			page 260


 5962 0310 02       		.ascii	"\002"
 5963 0311 00       		.ascii	"\000"
 5964 0312 00000000 		.ascii	"\000\000\000\000\000\000\000\000"
 5964      00000000 
 5965 031a 1E030000 		.ascii	"\036\003\000\000"
 5966 031e 63685468 		.ascii	"chThdQueueObjectInit\000"
 5966      64517565 
 5966      75654F62 
 5966      6A656374 
 5966      496E6974 
 5967 0333 00       		.ascii	"\000"
 5968 0334 02       		.ascii	"\002"
 5969 0335 00       		.ascii	"\000"
 5970 0336 00000000 		.ascii	"\000\000\000\000\000\000\000\000"
 5970      00000000 
 5971 033e 25030000 		.ascii	"%\003\000\000"
 5972 0342 63685468 		.ascii	"chThdDequeueAllI\000"
 5972      64446571 
 5972      75657565 
 5972      416C6C49 
 5972      00
 5973 0353 00       		.ascii	"\000"
 5974 0354 02       		.ascii	"\002"
 5975 0355 00       		.ascii	"\000"
 5976 0356 00000000 		.ascii	"\000\000\000\000\000\000\000\000"
 5976      00000000 
 5977 035e 2A030000 		.ascii	"*\003\000\000"
 5978 0362 63684462 		.ascii	"chDbgCheckClassI\000"
 5978      67436865 
 5978      636B436C 
 5978      61737349 
 5978      00
 5979 0373 00       		.ascii	"\000"
 5980 0374 02       		.ascii	"\002"
 5981 0375 00       		.ascii	"\000"
 5982 0376 00000000 		.ascii	"\000\000\000\000\000\000\000\000"
 5982      00000000 
 5983 037e 2C030000 		.ascii	",\003\000\000"
 5984 0382 63685468 		.ascii	"chThdDequeueNextI\000"
 5984      64446571 
 5984      75657565 
 5984      4E657874 
 5984      4900
 5985 0394 00       		.ascii	"\000"
 5986 0395 02       		.ascii	"\002"
 5987 0396 00       		.ascii	"\000"
 5988 0397 00000000 		.ascii	"\000\000\000\000\000\000\000\000"
 5988      00000000 
 5989 039f 2E030000 		.ascii	".\003\000\000"
 5990 03a3 63685468 		.ascii	"chThdEnqueueTimeoutS\000"
 5990      64456E71 
 5990      75657565 
 5990      54696D65 
 5990      6F757453 
 5991 03b8 00       		.ascii	"\000"
 5992 03b9 02       		.ascii	"\002"
 5993 03ba 00       		.ascii	"\000"
ARM GAS  /tmp/ccCPrn0v.s 			page 261


 5994 03bb 00000000 		.ascii	"\000\000\000\000\000\000\000\000"
 5994      00000000 
 5995 03c3 33030000 		.ascii	"3\003\000\000"
 5996 03c7 63684462 		.ascii	"chDbgCheckClassS\000"
 5996      67436865 
 5996      636B436C 
 5996      61737353 
 5996      00
 5997 03d8 00       		.ascii	"\000"
 5998 03d9 02       		.ascii	"\002"
 5999 03da 00       		.ascii	"\000"
 6000 03db 00000000 		.ascii	"\000\000\000\000\000\000\000\000"
 6000      00000000 
 6001 03e3 35030000 		.ascii	"5\003\000\000"
 6002 03e7 5F5F6462 		.ascii	"__dbg_check_lock\000"
 6002      675F6368 
 6002      65636B5F 
 6002      6C6F636B 
 6002      00
 6003 03f8 00       		.ascii	"\000"
 6004 03f9 02       		.ascii	"\002"
 6005 03fa 00       		.ascii	"\000"
 6006 03fb 00000000 		.ascii	"\000\000\000\000\000\000\000\000"
 6006      00000000 
 6007 0403 37030000 		.ascii	"7\003\000\000"
 6008              		.text
 6009              		.section	.gnu.lto_.ext_symtab.6de3afccbe28b4ce,"e",%progbits
 6010 0000 01       		.ascii	"\001"
 6011 0001 01       		.ascii	"\001"
 6012 0002 00       		.ascii	"\000"
 6013 0003 01       		.ascii	"\001"
 6014 0004 00       		.ascii	"\000"
 6015 0005 01       		.ascii	"\001"
 6016 0006 00       		.ascii	"\000"
 6017 0007 01       		.ascii	"\001"
 6018 0008 00       		.ascii	"\000"
 6019 0009 01       		.ascii	"\001"
 6020 000a 00       		.ascii	"\000"
 6021 000b 01       		.ascii	"\001"
 6022 000c 00       		.ascii	"\000"
 6023 000d 01       		.ascii	"\001"
 6024 000e 00       		.ascii	"\000"
 6025 000f 01       		.ascii	"\001"
 6026 0010 00       		.ascii	"\000"
 6027 0011 01       		.ascii	"\001"
 6028 0012 00       		.ascii	"\000"
 6029 0013 01       		.ascii	"\001"
 6030 0014 00       		.ascii	"\000"
 6031 0015 01       		.ascii	"\001"
 6032 0016 00       		.ascii	"\000"
 6033 0017 01       		.ascii	"\001"
 6034 0018 00       		.ascii	"\000"
 6035 0019 01       		.ascii	"\001"
 6036 001a 00       		.ascii	"\000"
 6037 001b 01       		.ascii	"\001"
 6038 001c 00       		.ascii	"\000"
 6039 001d 01       		.ascii	"\001"
ARM GAS  /tmp/ccCPrn0v.s 			page 262


 6040 001e 00       		.ascii	"\000"
 6041 001f 01       		.ascii	"\001"
 6042 0020 00       		.ascii	"\000"
 6043 0021 01       		.ascii	"\001"
 6044 0022 00       		.ascii	"\000"
 6045 0023 01       		.ascii	"\001"
 6046 0024 00       		.ascii	"\000"
 6047 0025 01       		.ascii	"\001"
 6048 0026 00       		.ascii	"\000"
 6049 0027 01       		.ascii	"\001"
 6050 0028 00       		.ascii	"\000"
 6051 0029 01       		.ascii	"\001"
 6052 002a 00       		.ascii	"\000"
 6053 002b 01       		.ascii	"\001"
 6054 002c 00       		.ascii	"\000"
 6055 002d 02       		.ascii	"\002"
 6056 002e 01       		.ascii	"\001"
 6057 002f 01       		.ascii	"\001"
 6058 0030 00       		.ascii	"\000"
 6059 0031 01       		.ascii	"\001"
 6060 0032 00       		.ascii	"\000"
 6061 0033 01       		.ascii	"\001"
 6062 0034 00       		.ascii	"\000"
 6063 0035 01       		.ascii	"\001"
 6064 0036 00       		.ascii	"\000"
 6065 0037 01       		.ascii	"\001"
 6066 0038 00       		.ascii	"\000"
 6067 0039 01       		.ascii	"\001"
 6068 003a 00       		.ascii	"\000"
 6069 003b 01       		.ascii	"\001"
 6070 003c 00       		.ascii	"\000"
 6071 003d 01       		.ascii	"\001"
 6072 003e 00       		.ascii	"\000"
 6073 003f 01       		.ascii	"\001"
 6074 0040 00       		.ascii	"\000"
 6075              		.text
 6076              		.section	.gnu.lto_.opts,"e",%progbits
 6077 0000 272D666E 		.ascii	"'-fno-openmp' '-fno-openacc' '-fno-pie' '-fcf-prote"
 6077      6F2D6F70 
 6077      656E6D70 
 6077      2720272D 
 6077      666E6F2D 
 6078 0033 6374696F 		.ascii	"ction=none' '-g' '-mcpu=cortex-m4' '-mthumb' '-mflo"
 6078      6E3D6E6F 
 6078      6E652720 
 6078      272D6727 
 6078      20272D6D 
 6079 0066 61742D61 		.ascii	"at-abi=soft' '-mlibarch=armv7e-m' '-march=armv7e-m'"
 6079      62693D73 
 6079      6F667427 
 6079      20272D6D 
 6079      6C696261 
 6080 0099 20272D4F 		.ascii	" '-O2' '-fomit-frame-pointer' '-falign-functions=16"
 6080      32272027 
 6080      2D666F6D 
 6080      69742D66 
 6080      72616D65 
ARM GAS  /tmp/ccCPrn0v.s 			page 263


 6081 00cc 2720272D 		.ascii	"' '-ffunction-sections' '-fdata-sections' '-fno-com"
 6081      6666756E 
 6081      6374696F 
 6081      6E2D7365 
 6081      6374696F 
 6082 00ff 6D6F6E27 		.ascii	"mon' '-flto' '-Xassembler' '-alms=./build/lst/hal_b"
 6082      20272D66 
 6082      6C746F27 
 6082      20272D58 
 6082      61737365 
 6083 0132 75666665 		.ascii	"uffers.lst'\000"
 6083      72732E6C 
 6083      73742700 
 6084              		.text
 6085              		.comm	__gnu_lto_slim,1,1
 6086              		.ident	"GCC: (Arm GNU Toolchain 11.3.Rel1) 11.3.1 20220712"
ARM GAS  /tmp/ccCPrn0v.s 			page 264


DEFINED SYMBOLS
                            *ABS*:0000000000000000 hal_buffers.c
     /tmp/ccCPrn0v.s:39     .gnu.debuglto_.debug_info:0000000000000000 hal_buffers.c.9ef8d435
                            *COM*:0000000000000001 __gnu_lto_slim

NO UNDEFINED SYMBOLS
