ARM GAS  /tmp/ccV6HDM7.s 			page 1


   1              		.cpu cortex-m4
   2              		.arch armv7e-m
   3              		.fpu softvfp
   4              		.eabi_attribute 20, 1
   5              		.eabi_attribute 21, 1
   6              		.eabi_attribute 23, 3
   7              		.eabi_attribute 24, 1
   8              		.eabi_attribute 25, 1
   9              		.eabi_attribute 26, 1
  10              		.eabi_attribute 30, 2
  11              		.eabi_attribute 34, 1
  12              		.eabi_attribute 18, 4
  13              		.file	"hal_st_lld.c"
  14              		.file 1 "/home/rob/Projects/ChibiStudio/ChibiStudio_23/tools/GNU Tools ARM Embedded/11.3.1 2022q3/
  15              		.file 2 "/home/rob/Projects/ChibiStudio/ChibiStudio_23/tools/GNU Tools ARM Embedded/11.3.1 2022q3/
  16              		.file 3 "../../chibios_trunk/os/common/ext/ST/STM32F4xx/stm32f401xe.h"
  17              		.file 4 "../../chibios_trunk/os/hal/ports/STM32/LLD/TIMv1/stm32_tim.h"
  18              		.file 5 "../../chibios_trunk/os/rt/include/chdebug.h"
  19              		.file 6 "../../chibios_trunk/os/rt/include/chsys.h"
  20              		.file 7 "../../chibios_trunk/os/hal/ports/STM32/LLD/SYSTICKv1/hal_st_lld.c"
  21              		.file 8 "../../chibios_trunk/os/hal/osal/rt-nil/osal.h"
  22              		.file 9 "../../chibios_trunk/os/common/ports/ARMv7-M/chcore.h"
  23              		.file 10 "../../chibios_trunk/os/common/ext/ARM/CMSIS/Core/Include/cmsis_gcc.h"
  24              		.section	.gnu.debuglto_.debug_info,"e",%progbits
  25              	.Ldebug_info0:
  26              		.hidden	hal_st_lld.c.5e376345
  27              		.weak	hal_st_lld.c.5e376345
  28              	hal_st_lld.c.5e376345:
  29 0000 F8040000 		.4byte	0x4f8
  30 0004 0500     		.2byte	0x5
  31 0006 01       		.byte	0x1
  32 0007 04       		.byte	0x4
  33 0008 00000000 		.4byte	.Ldebug_abbrev0
  34 000c 0F       		.uleb128 0xf
  35 000d 39000000 		.4byte	.LASF73
  36 0011 1D       		.byte	0x1d
  37 0012 46040000 		.4byte	.LASF74
  38 0016 49030000 		.4byte	.LASF75
  39 001a 00000000 		.4byte	.Ldebug_line0
  40 001e 10       		.uleb128 0x10
  41 001f 04       		.byte	0x4
  42 0020 05       		.byte	0x5
  43 0021 696E7400 		.ascii	"int\000"
  44 0025 03       		.uleb128 0x3
  45 0026 04       		.byte	0x4
  46 0027 07       		.byte	0x7
  47 0028 8D020000 		.4byte	.LASF0
  48 002c 03       		.uleb128 0x3
  49 002d 08       		.byte	0x8
  50 002e 05       		.byte	0x5
  51 002f EE010000 		.4byte	.LASF1
  52 0033 03       		.uleb128 0x3
  53 0034 08       		.byte	0x8
  54 0035 04       		.byte	0x4
  55 0036 C7010000 		.4byte	.LASF2
  56 003a 03       		.uleb128 0x3
  57 003b 01       		.byte	0x1
ARM GAS  /tmp/ccV6HDM7.s 			page 2


  58 003c 06       		.byte	0x6
  59 003d 6A020000 		.4byte	.LASF3
  60 0041 03       		.uleb128 0x3
  61 0042 01       		.byte	0x1
  62 0043 08       		.byte	0x8
  63 0044 31020000 		.4byte	.LASF4
  64 0048 03       		.uleb128 0x3
  65 0049 02       		.byte	0x2
  66 004a 05       		.byte	0x5
  67 004b 77010000 		.4byte	.LASF5
  68 004f 03       		.uleb128 0x3
  69 0050 02       		.byte	0x2
  70 0051 07       		.byte	0x7
  71 0052 C2020000 		.4byte	.LASF6
  72 0056 03       		.uleb128 0x3
  73 0057 04       		.byte	0x4
  74 0058 05       		.byte	0x5
  75 0059 FC010000 		.4byte	.LASF7
  76 005d 07       		.uleb128 0x7
  77 005e 4A010000 		.4byte	.LASF10
  78 0062 01       		.byte	0x1
  79 0063 4F       		.byte	0x4f
  80 0064 19       		.byte	0x19
  81 0065 69000000 		.4byte	0x69
  82 0069 03       		.uleb128 0x3
  83 006a 04       		.byte	0x4
  84 006b 07       		.byte	0x7
  85 006c A3020000 		.4byte	.LASF8
  86 0070 03       		.uleb128 0x3
  87 0071 08       		.byte	0x8
  88 0072 07       		.byte	0x7
  89 0073 76020000 		.4byte	.LASF9
  90 0077 07       		.uleb128 0x7
  91 0078 B6010000 		.4byte	.LASF11
  92 007c 02       		.byte	0x2
  93 007d 30       		.byte	0x30
  94 007e 14       		.byte	0x14
  95 007f 5D000000 		.4byte	0x5d
  96 0083 08       		.uleb128 0x8
  97 0084 77000000 		.4byte	0x77
  98 0088 03       		.uleb128 0x3
  99 0089 01       		.byte	0x1
 100 008a 08       		.byte	0x8
 101 008b EC020000 		.4byte	.LASF12
 102 008f 0A       		.uleb128 0xa
 103 0090 88000000 		.4byte	0x88
 104 0094 05       		.uleb128 0x5
 105 0095 77000000 		.4byte	0x77
 106 0099 A4000000 		.4byte	0xa4
 107 009d 06       		.uleb128 0x6
 108 009e 25000000 		.4byte	0x25
 109 00a2 00       		.byte	0
 110 00a3 00       		.byte	0
 111 00a4 05       		.uleb128 0x5
 112 00a5 77000000 		.4byte	0x77
 113 00a9 B4000000 		.4byte	0xb4
 114 00ad 06       		.uleb128 0x6
ARM GAS  /tmp/ccV6HDM7.s 			page 3


 115 00ae 25000000 		.4byte	0x25
 116 00b2 01       		.byte	0x1
 117 00b3 00       		.byte	0
 118 00b4 11       		.uleb128 0x11
 119 00b5 10       		.byte	0x10
 120 00b6 03       		.byte	0x3
 121 00b7 DB       		.byte	0xdb
 122 00b8 09       		.byte	0x9
 123 00b9 EB000000 		.4byte	0xeb
 124 00bd 09       		.uleb128 0x9
 125 00be 02040000 		.4byte	.LASF13
 126 00c2 DD       		.byte	0xdd
 127 00c3 83000000 		.4byte	0x83
 128 00c7 00       		.byte	0
 129 00c8 12       		.uleb128 0x12
 130 00c9 435200   		.ascii	"CR\000"
 131 00cc 03       		.byte	0x3
 132 00cd DE       		.byte	0xde
 133 00ce 11       		.byte	0x11
 134 00cf 83000000 		.4byte	0x83
 135 00d3 04       		.byte	0x4
 136 00d4 09       		.uleb128 0x9
 137 00d5 24020000 		.4byte	.LASF14
 138 00d9 DF       		.byte	0xdf
 139 00da 83000000 		.4byte	0x83
 140 00de 08       		.byte	0x8
 141 00df 09       		.uleb128 0x9
 142 00e0 A7010000 		.4byte	.LASF15
 143 00e4 E0       		.byte	0xe0
 144 00e5 83000000 		.4byte	0x83
 145 00e9 0C       		.byte	0xc
 146 00ea 00       		.byte	0
 147 00eb 07       		.uleb128 0x7
 148 00ec 15030000 		.4byte	.LASF16
 149 00f0 03       		.byte	0x3
 150 00f1 E1       		.byte	0xe1
 151 00f2 02       		.byte	0x2
 152 00f3 B4000000 		.4byte	0xb4
 153 00f7 05       		.uleb128 0x5
 154 00f8 83000000 		.4byte	0x83
 155 00fc 07010000 		.4byte	0x107
 156 0100 06       		.uleb128 0x6
 157 0101 25000000 		.4byte	0x25
 158 0105 01       		.byte	0x1
 159 0106 00       		.byte	0
 160 0107 08       		.uleb128 0x8
 161 0108 F7000000 		.4byte	0xf7
 162 010c 05       		.uleb128 0x5
 163 010d 83000000 		.4byte	0x83
 164 0111 1C010000 		.4byte	0x11c
 165 0115 06       		.uleb128 0x6
 166 0116 25000000 		.4byte	0x25
 167 011a 03       		.byte	0x3
 168 011b 00       		.byte	0
 169 011c 08       		.uleb128 0x8
 170 011d 0C010000 		.4byte	0x10c
 171 0121 0B       		.uleb128 0xb
ARM GAS  /tmp/ccV6HDM7.s 			page 4


 172 0122 90       		.byte	0x90
 173 0123 03       		.byte	0x3
 174 0124 6201     		.2byte	0x162
 175 0126 EA020000 		.4byte	0x2ea
 176 012a 02       		.uleb128 0x2
 177 012b 435200   		.ascii	"CR\000"
 178 012e 03       		.byte	0x3
 179 012f 6401     		.2byte	0x164
 180 0131 11       		.byte	0x11
 181 0132 83000000 		.4byte	0x83
 182 0136 00       		.byte	0
 183 0137 01       		.uleb128 0x1
 184 0138 BA020000 		.4byte	.LASF17
 185 013c 03       		.byte	0x3
 186 013d 6501     		.2byte	0x165
 187 013f 11       		.byte	0x11
 188 0140 83000000 		.4byte	0x83
 189 0144 04       		.byte	0x4
 190 0145 01       		.uleb128 0x1
 191 0146 8B010000 		.4byte	.LASF18
 192 014a 03       		.byte	0x3
 193 014b 6601     		.2byte	0x166
 194 014d 11       		.byte	0x11
 195 014e 83000000 		.4byte	0x83
 196 0152 08       		.byte	0x8
 197 0153 02       		.uleb128 0x2
 198 0154 43495200 		.ascii	"CIR\000"
 199 0158 03       		.byte	0x3
 200 0159 6701     		.2byte	0x167
 201 015b 11       		.byte	0x11
 202 015c 83000000 		.4byte	0x83
 203 0160 0C       		.byte	0xc
 204 0161 01       		.uleb128 0x1
 205 0162 3D040000 		.4byte	.LASF19
 206 0166 03       		.byte	0x3
 207 0167 6801     		.2byte	0x168
 208 0169 11       		.byte	0x11
 209 016a 83000000 		.4byte	0x83
 210 016e 10       		.byte	0x10
 211 016f 01       		.uleb128 0x1
 212 0170 9A020000 		.4byte	.LASF20
 213 0174 03       		.byte	0x3
 214 0175 6901     		.2byte	0x169
 215 0177 11       		.byte	0x11
 216 0178 83000000 		.4byte	0x83
 217 017c 14       		.byte	0x14
 218 017d 01       		.uleb128 0x1
 219 017e 92040000 		.4byte	.LASF21
 220 0182 03       		.byte	0x3
 221 0183 6A01     		.2byte	0x16a
 222 0185 11       		.byte	0x11
 223 0186 83000000 		.4byte	0x83
 224 018a 18       		.byte	0x18
 225 018b 01       		.uleb128 0x1
 226 018c 9C030000 		.4byte	.LASF22
 227 0190 03       		.byte	0x3
 228 0191 6B01     		.2byte	0x16b
ARM GAS  /tmp/ccV6HDM7.s 			page 5


 229 0193 11       		.byte	0x11
 230 0194 77000000 		.4byte	0x77
 231 0198 1C       		.byte	0x1c
 232 0199 01       		.uleb128 0x1
 233 019a 23000000 		.4byte	.LASF23
 234 019e 03       		.byte	0x3
 235 019f 6C01     		.2byte	0x16c
 236 01a1 11       		.byte	0x11
 237 01a2 83000000 		.4byte	0x83
 238 01a6 20       		.byte	0x20
 239 01a7 01       		.uleb128 0x1
 240 01a8 36030000 		.4byte	.LASF24
 241 01ac 03       		.byte	0x3
 242 01ad 6D01     		.2byte	0x16d
 243 01af 11       		.byte	0x11
 244 01b0 83000000 		.4byte	0x83
 245 01b4 24       		.byte	0x24
 246 01b5 01       		.uleb128 0x1
 247 01b6 A6030000 		.4byte	.LASF25
 248 01ba 03       		.byte	0x3
 249 01bb 6E01     		.2byte	0x16e
 250 01bd 11       		.byte	0x11
 251 01be A4000000 		.4byte	0xa4
 252 01c2 28       		.byte	0x28
 253 01c3 01       		.uleb128 0x1
 254 01c4 FA030000 		.4byte	.LASF26
 255 01c8 03       		.byte	0x3
 256 01c9 6F01     		.2byte	0x16f
 257 01cb 11       		.byte	0x11
 258 01cc 83000000 		.4byte	0x83
 259 01d0 30       		.byte	0x30
 260 01d1 01       		.uleb128 0x1
 261 01d2 2C000000 		.4byte	.LASF27
 262 01d6 03       		.byte	0x3
 263 01d7 7001     		.2byte	0x170
 264 01d9 11       		.byte	0x11
 265 01da 83000000 		.4byte	0x83
 266 01de 34       		.byte	0x34
 267 01df 01       		.uleb128 0x1
 268 01e0 D3010000 		.4byte	.LASF28
 269 01e4 03       		.byte	0x3
 270 01e5 7101     		.2byte	0x171
 271 01e7 11       		.byte	0x11
 272 01e8 83000000 		.4byte	0x83
 273 01ec 38       		.byte	0x38
 274 01ed 01       		.uleb128 0x1
 275 01ee B0030000 		.4byte	.LASF29
 276 01f2 03       		.byte	0x3
 277 01f3 7201     		.2byte	0x172
 278 01f5 11       		.byte	0x11
 279 01f6 77000000 		.4byte	0x77
 280 01fa 3C       		.byte	0x3c
 281 01fb 01       		.uleb128 0x1
 282 01fc AE010000 		.4byte	.LASF30
 283 0200 03       		.byte	0x3
 284 0201 7301     		.2byte	0x173
 285 0203 11       		.byte	0x11
ARM GAS  /tmp/ccV6HDM7.s 			page 6


 286 0204 83000000 		.4byte	0x83
 287 0208 40       		.byte	0x40
 288 0209 01       		.uleb128 0x1
 289 020a 62020000 		.4byte	.LASF31
 290 020e 03       		.byte	0x3
 291 020f 7401     		.2byte	0x174
 292 0211 11       		.byte	0x11
 293 0212 83000000 		.4byte	0x83
 294 0216 44       		.byte	0x44
 295 0217 01       		.uleb128 0x1
 296 0218 BA030000 		.4byte	.LASF32
 297 021c 03       		.byte	0x3
 298 021d 7501     		.2byte	0x175
 299 021f 11       		.byte	0x11
 300 0220 A4000000 		.4byte	0xa4
 301 0224 48       		.byte	0x48
 302 0225 01       		.uleb128 0x1
 303 0226 00000000 		.4byte	.LASF33
 304 022a 03       		.byte	0x3
 305 022b 7601     		.2byte	0x176
 306 022d 11       		.byte	0x11
 307 022e 83000000 		.4byte	0x83
 308 0232 50       		.byte	0x50
 309 0233 01       		.uleb128 0x1
 310 0234 3F030000 		.4byte	.LASF34
 311 0238 03       		.byte	0x3
 312 0239 7701     		.2byte	0x177
 313 023b 11       		.byte	0x11
 314 023c 83000000 		.4byte	0x83
 315 0240 54       		.byte	0x54
 316 0241 01       		.uleb128 0x1
 317 0242 81010000 		.4byte	.LASF35
 318 0246 03       		.byte	0x3
 319 0247 7801     		.2byte	0x178
 320 0249 11       		.byte	0x11
 321 024a 83000000 		.4byte	0x83
 322 024e 58       		.byte	0x58
 323 024f 01       		.uleb128 0x1
 324 0250 C4030000 		.4byte	.LASF36
 325 0254 03       		.byte	0x3
 326 0255 7901     		.2byte	0x179
 327 0257 11       		.byte	0x11
 328 0258 77000000 		.4byte	0x77
 329 025c 5C       		.byte	0x5c
 330 025d 01       		.uleb128 0x1
 331 025e DD020000 		.4byte	.LASF37
 332 0262 03       		.byte	0x3
 333 0263 7A01     		.2byte	0x17a
 334 0265 11       		.byte	0x11
 335 0266 83000000 		.4byte	0x83
 336 026a 60       		.byte	0x60
 337 026b 01       		.uleb128 0x1
 338 026c 88040000 		.4byte	.LASF38
 339 0270 03       		.byte	0x3
 340 0271 7B01     		.2byte	0x17b
 341 0273 11       		.byte	0x11
 342 0274 83000000 		.4byte	0x83
ARM GAS  /tmp/ccV6HDM7.s 			page 7


 343 0278 64       		.byte	0x64
 344 0279 01       		.uleb128 0x1
 345 027a CE030000 		.4byte	.LASF39
 346 027e 03       		.byte	0x3
 347 027f 7C01     		.2byte	0x17c
 348 0281 11       		.byte	0x11
 349 0282 A4000000 		.4byte	0xa4
 350 0286 68       		.byte	0x68
 351 0287 01       		.uleb128 0x1
 352 0288 1F010000 		.4byte	.LASF40
 353 028c 03       		.byte	0x3
 354 028d 7D01     		.2byte	0x17d
 355 028f 11       		.byte	0x11
 356 0290 83000000 		.4byte	0x83
 357 0294 70       		.byte	0x70
 358 0295 02       		.uleb128 0x2
 359 0296 43535200 		.ascii	"CSR\000"
 360 029a 03       		.byte	0x3
 361 029b 7E01     		.2byte	0x17e
 362 029d 11       		.byte	0x11
 363 029e 83000000 		.4byte	0x83
 364 02a2 74       		.byte	0x74
 365 02a3 01       		.uleb128 0x1
 366 02a4 D8030000 		.4byte	.LASF41
 367 02a8 03       		.byte	0x3
 368 02a9 7F01     		.2byte	0x17f
 369 02ab 11       		.byte	0x11
 370 02ac A4000000 		.4byte	0xa4
 371 02b0 78       		.byte	0x78
 372 02b1 01       		.uleb128 0x1
 373 02b2 71010000 		.4byte	.LASF42
 374 02b6 03       		.byte	0x3
 375 02b7 8001     		.2byte	0x180
 376 02b9 11       		.byte	0x11
 377 02ba 83000000 		.4byte	0x83
 378 02be 80       		.byte	0x80
 379 02bf 01       		.uleb128 0x1
 380 02c0 35010000 		.4byte	.LASF43
 381 02c4 03       		.byte	0x3
 382 02c5 8101     		.2byte	0x181
 383 02c7 11       		.byte	0x11
 384 02c8 83000000 		.4byte	0x83
 385 02cc 84       		.byte	0x84
 386 02cd 01       		.uleb128 0x1
 387 02ce E2030000 		.4byte	.LASF44
 388 02d2 03       		.byte	0x3
 389 02d3 8201     		.2byte	0x182
 390 02d5 11       		.byte	0x11
 391 02d6 94000000 		.4byte	0x94
 392 02da 88       		.byte	0x88
 393 02db 01       		.uleb128 0x1
 394 02dc BF010000 		.4byte	.LASF45
 395 02e0 03       		.byte	0x3
 396 02e1 8301     		.2byte	0x183
 397 02e3 11       		.byte	0x11
 398 02e4 83000000 		.4byte	0x83
 399 02e8 8C       		.byte	0x8c
ARM GAS  /tmp/ccV6HDM7.s 			page 8


 400 02e9 00       		.byte	0
 401 02ea 0C       		.uleb128 0xc
 402 02eb 05020000 		.4byte	.LASF46
 403 02ef 03       		.byte	0x3
 404 02f0 8401     		.2byte	0x184
 405 02f2 21010000 		.4byte	0x121
 406 02f6 03       		.uleb128 0x3
 407 02f7 01       		.byte	0x1
 408 02f8 02       		.byte	0x2
 409 02f9 24030000 		.4byte	.LASF47
 410 02fd 0B       		.uleb128 0xb
 411 02fe 60       		.byte	0x60
 412 02ff 04       		.byte	0x4
 413 0300 F601     		.2byte	0x1f6
 414 0302 1D040000 		.4byte	0x41d
 415 0306 02       		.uleb128 0x2
 416 0307 43523100 		.ascii	"CR1\000"
 417 030b 04       		.byte	0x4
 418 030c F701     		.2byte	0x1f7
 419 030e 19       		.byte	0x19
 420 030f 83000000 		.4byte	0x83
 421 0313 00       		.byte	0
 422 0314 02       		.uleb128 0x2
 423 0315 43523200 		.ascii	"CR2\000"
 424 0319 04       		.byte	0x4
 425 031a F801     		.2byte	0x1f8
 426 031c 19       		.byte	0x19
 427 031d 83000000 		.4byte	0x83
 428 0321 04       		.byte	0x4
 429 0322 01       		.uleb128 0x1
 430 0323 54020000 		.4byte	.LASF48
 431 0327 04       		.byte	0x4
 432 0328 F901     		.2byte	0x1f9
 433 032a 19       		.byte	0x19
 434 032b 83000000 		.4byte	0x83
 435 032f 08       		.byte	0x8
 436 0330 01       		.uleb128 0x1
 437 0331 B5020000 		.4byte	.LASF49
 438 0335 04       		.byte	0x4
 439 0336 FA01     		.2byte	0x1fa
 440 0338 19       		.byte	0x19
 441 0339 83000000 		.4byte	0x83
 442 033d 0C       		.byte	0xc
 443 033e 02       		.uleb128 0x2
 444 033f 535200   		.ascii	"SR\000"
 445 0342 04       		.byte	0x4
 446 0343 FB01     		.2byte	0x1fb
 447 0345 19       		.byte	0x19
 448 0346 83000000 		.4byte	0x83
 449 034a 10       		.byte	0x10
 450 034b 02       		.uleb128 0x2
 451 034c 45475200 		.ascii	"EGR\000"
 452 0350 04       		.byte	0x4
 453 0351 FC01     		.2byte	0x1fc
 454 0353 19       		.byte	0x19
 455 0354 83000000 		.4byte	0x83
 456 0358 14       		.byte	0x14
ARM GAS  /tmp/ccV6HDM7.s 			page 9


 457 0359 01       		.uleb128 0x1
 458 035a F4000000 		.4byte	.LASF50
 459 035e 04       		.byte	0x4
 460 035f FD01     		.2byte	0x1fd
 461 0361 19       		.byte	0x19
 462 0362 83000000 		.4byte	0x83
 463 0366 18       		.byte	0x18
 464 0367 01       		.uleb128 0x1
 465 0368 FA000000 		.4byte	.LASF51
 466 036c 04       		.byte	0x4
 467 036d FE01     		.2byte	0x1fe
 468 036f 19       		.byte	0x19
 469 0370 83000000 		.4byte	0x83
 470 0374 1C       		.byte	0x1c
 471 0375 01       		.uleb128 0x1
 472 0376 0A000000 		.4byte	.LASF52
 473 037a 04       		.byte	0x4
 474 037b FF01     		.2byte	0x1ff
 475 037d 19       		.byte	0x19
 476 037e 83000000 		.4byte	0x83
 477 0382 20       		.byte	0x20
 478 0383 02       		.uleb128 0x2
 479 0384 434E5400 		.ascii	"CNT\000"
 480 0388 04       		.byte	0x4
 481 0389 0002     		.2byte	0x200
 482 038b 19       		.byte	0x19
 483 038c 83000000 		.4byte	0x83
 484 0390 24       		.byte	0x24
 485 0391 02       		.uleb128 0x2
 486 0392 50534300 		.ascii	"PSC\000"
 487 0396 04       		.byte	0x4
 488 0397 0102     		.2byte	0x201
 489 0399 19       		.byte	0x19
 490 039a 83000000 		.4byte	0x83
 491 039e 28       		.byte	0x28
 492 039f 02       		.uleb128 0x2
 493 03a0 41525200 		.ascii	"ARR\000"
 494 03a4 04       		.byte	0x4
 495 03a5 0202     		.2byte	0x202
 496 03a7 19       		.byte	0x19
 497 03a8 83000000 		.4byte	0x83
 498 03ac 2C       		.byte	0x2c
 499 03ad 02       		.uleb128 0x2
 500 03ae 52435200 		.ascii	"RCR\000"
 501 03b2 04       		.byte	0x4
 502 03b3 0302     		.2byte	0x203
 503 03b5 19       		.byte	0x19
 504 03b6 83000000 		.4byte	0x83
 505 03ba 30       		.byte	0x30
 506 03bb 02       		.uleb128 0x2
 507 03bc 43435200 		.ascii	"CCR\000"
 508 03c0 04       		.byte	0x4
 509 03c1 0402     		.2byte	0x204
 510 03c3 19       		.byte	0x19
 511 03c4 1C010000 		.4byte	0x11c
 512 03c8 34       		.byte	0x34
 513 03c9 01       		.uleb128 0x1
ARM GAS  /tmp/ccV6HDM7.s 			page 10


 514 03ca FD020000 		.4byte	.LASF53
 515 03ce 04       		.byte	0x4
 516 03cf 0502     		.2byte	0x205
 517 03d1 19       		.byte	0x19
 518 03d2 83000000 		.4byte	0x83
 519 03d6 44       		.byte	0x44
 520 03d7 02       		.uleb128 0x2
 521 03d8 44435200 		.ascii	"DCR\000"
 522 03dc 04       		.byte	0x4
 523 03dd 1302     		.2byte	0x213
 524 03df 19       		.byte	0x19
 525 03e0 83000000 		.4byte	0x83
 526 03e4 48       		.byte	0x48
 527 03e5 01       		.uleb128 0x1
 528 03e6 34000000 		.4byte	.LASF54
 529 03ea 04       		.byte	0x4
 530 03eb 1402     		.2byte	0x214
 531 03ed 19       		.byte	0x19
 532 03ee 83000000 		.4byte	0x83
 533 03f2 4C       		.byte	0x4c
 534 03f3 02       		.uleb128 0x2
 535 03f4 4F5200   		.ascii	"OR\000"
 536 03f7 04       		.byte	0x4
 537 03f8 1502     		.2byte	0x215
 538 03fa 19       		.byte	0x19
 539 03fb 83000000 		.4byte	0x83
 540 03ff 50       		.byte	0x50
 541 0400 01       		.uleb128 0x1
 542 0401 2B020000 		.4byte	.LASF55
 543 0405 04       		.byte	0x4
 544 0406 1602     		.2byte	0x216
 545 0408 19       		.byte	0x19
 546 0409 83000000 		.4byte	0x83
 547 040d 54       		.byte	0x54
 548 040e 01       		.uleb128 0x1
 549 040f 00010000 		.4byte	.LASF56
 550 0413 04       		.byte	0x4
 551 0414 1702     		.2byte	0x217
 552 0416 19       		.byte	0x19
 553 0417 07010000 		.4byte	0x107
 554 041b 58       		.byte	0x58
 555 041c 00       		.byte	0
 556 041d 0C       		.uleb128 0xc
 557 041e F1020000 		.4byte	.LASF57
 558 0422 04       		.byte	0x4
 559 0423 1902     		.2byte	0x219
 560 0425 FD020000 		.4byte	0x2fd
 561 0429 13       		.uleb128 0x13
 562 042a 04       		.byte	0x4
 563 042b 1D040000 		.4byte	0x41d
 564 042f 0D       		.uleb128 0xd
 565 0430 55010000 		.4byte	.LASF58
 566 0434 AA       		.byte	0xaa
 567 0435 14       		.uleb128 0x14
 568 0436 1E040000 		.4byte	.LASF59
 569 043a 06       		.byte	0x6
 570 043b 5101     		.2byte	0x151
ARM GAS  /tmp/ccV6HDM7.s 			page 11


 571 043d 08       		.byte	0x8
 572 043e 0D       		.uleb128 0xd
 573 043f 05010000 		.4byte	.LASF60
 574 0443 A9       		.byte	0xa9
 575 0444 0E       		.uleb128 0xe
 576 0445 90010000 		.4byte	.LASF62
 577 0449 2002     		.2byte	0x220
 578 044b 69040000 		.4byte	0x469
 579 044f 15       		.uleb128 0x15
 580 0450 737200   		.ascii	"sr\000"
 581 0453 07       		.byte	0x7
 582 0454 2202     		.2byte	0x222
 583 0456 0C       		.byte	0xc
 584 0457 77000000 		.4byte	0x77
 585 045b 16       		.uleb128 0x16
 586 045c E7020000 		.4byte	.LASF61
 587 0460 07       		.byte	0x7
 588 0461 2302     		.2byte	0x223
 589 0463 10       		.byte	0x10
 590 0464 29040000 		.4byte	0x429
 591 0468 00       		.byte	0
 592 0469 0E       		.uleb128 0xe
 593 046a 31040000 		.4byte	.LASF63
 594 046e E701     		.2byte	0x1e7
 595 0470 7E040000 		.4byte	0x47e
 596 0474 17       		.uleb128 0x17
 597 0475 59020000 		.4byte	.LASF76
 598 0479 8E040000 		.4byte	0x48e
 599 047d 00       		.byte	0
 600 047e 05       		.uleb128 0x5
 601 047f 8F000000 		.4byte	0x8f
 602 0483 8E040000 		.4byte	0x48e
 603 0487 06       		.uleb128 0x6
 604 0488 25000000 		.4byte	0x25
 605 048c 0B       		.byte	0xb
 606 048d 00       		.byte	0
 607 048e 0A       		.uleb128 0xa
 608 048f 7E040000 		.4byte	0x47e
 609 0493 04       		.uleb128 0x4
 610 0494 0F000000 		.4byte	.LASF64
 611 0498 08       		.byte	0x8
 612 0499 9902     		.2byte	0x299
 613 049b 14       		.byte	0x14
 614 049c 04       		.uleb128 0x4
 615 049d 3F020000 		.4byte	.LASF65
 616 04a1 08       		.byte	0x8
 617 04a2 5E02     		.2byte	0x25e
 618 04a4 14       		.byte	0x14
 619 04a5 04       		.uleb128 0x4
 620 04a6 02030000 		.4byte	.LASF66
 621 04aa 08       		.byte	0x8
 622 04ab 5302     		.2byte	0x253
 623 04ad 14       		.byte	0x14
 624 04ae 04       		.uleb128 0x4
 625 04af DB010000 		.4byte	.LASF67
 626 04b3 06       		.byte	0x6
 627 04b4 D901     		.2byte	0x1d9
ARM GAS  /tmp/ccV6HDM7.s 			page 12


 628 04b6 14       		.byte	0x14
 629 04b7 04       		.uleb128 0x4
 630 04b8 24010000 		.4byte	.LASF68
 631 04bc 06       		.byte	0x6
 632 04bd C301     		.2byte	0x1c3
 633 04bf 14       		.byte	0x14
 634 04c0 04       		.uleb128 0x4
 635 04c1 09040000 		.4byte	.LASF69
 636 04c5 09       		.byte	0x9
 637 04c6 F102     		.2byte	0x2f1
 638 04c8 1B       		.byte	0x1b
 639 04c9 04       		.uleb128 0x4
 640 04ca 11020000 		.4byte	.LASF70
 641 04ce 09       		.byte	0x9
 642 04cf E602     		.2byte	0x2e6
 643 04d1 1B       		.byte	0x1b
 644 04d2 04       		.uleb128 0x4
 645 04d3 2A030000 		.4byte	.LASF71
 646 04d7 09       		.byte	0x9
 647 04d8 D702     		.2byte	0x2d7
 648 04da 1B       		.byte	0x1b
 649 04db 04       		.uleb128 0x4
 650 04dc 40010000 		.4byte	.LASF72
 651 04e0 09       		.byte	0x9
 652 04e1 BF02     		.2byte	0x2bf
 653 04e3 1B       		.byte	0x1b
 654 04e4 18       		.uleb128 0x18
 655 04e5 EC030000 		.4byte	.LASF77
 656 04e9 0A       		.byte	0xa
 657 04ea EB01     		.2byte	0x1eb
 658 04ec 1B       		.byte	0x1b
 659 04ed 19       		.uleb128 0x19
 660 04ee D5020000 		.4byte	.LASF78
 661 04f2 0A       		.byte	0xa
 662 04f3 EB01     		.2byte	0x1eb
 663 04f5 32       		.byte	0x32
 664 04f6 77000000 		.4byte	0x77
 665 04fa 00       		.byte	0
 666 04fb 00       		.byte	0
 667              		.section	.gnu.debuglto_.debug_abbrev,"e",%progbits
 668              	.Ldebug_abbrev0:
 669 0000 01       		.uleb128 0x1
 670 0001 0D       		.uleb128 0xd
 671 0002 00       		.byte	0
 672 0003 03       		.uleb128 0x3
 673 0004 0E       		.uleb128 0xe
 674 0005 3A       		.uleb128 0x3a
 675 0006 0B       		.uleb128 0xb
 676 0007 3B       		.uleb128 0x3b
 677 0008 05       		.uleb128 0x5
 678 0009 39       		.uleb128 0x39
 679 000a 0B       		.uleb128 0xb
 680 000b 49       		.uleb128 0x49
 681 000c 13       		.uleb128 0x13
 682 000d 38       		.uleb128 0x38
 683 000e 0B       		.uleb128 0xb
 684 000f 00       		.byte	0
ARM GAS  /tmp/ccV6HDM7.s 			page 13


 685 0010 00       		.byte	0
 686 0011 02       		.uleb128 0x2
 687 0012 0D       		.uleb128 0xd
 688 0013 00       		.byte	0
 689 0014 03       		.uleb128 0x3
 690 0015 08       		.uleb128 0x8
 691 0016 3A       		.uleb128 0x3a
 692 0017 0B       		.uleb128 0xb
 693 0018 3B       		.uleb128 0x3b
 694 0019 05       		.uleb128 0x5
 695 001a 39       		.uleb128 0x39
 696 001b 0B       		.uleb128 0xb
 697 001c 49       		.uleb128 0x49
 698 001d 13       		.uleb128 0x13
 699 001e 38       		.uleb128 0x38
 700 001f 0B       		.uleb128 0xb
 701 0020 00       		.byte	0
 702 0021 00       		.byte	0
 703 0022 03       		.uleb128 0x3
 704 0023 24       		.uleb128 0x24
 705 0024 00       		.byte	0
 706 0025 0B       		.uleb128 0xb
 707 0026 0B       		.uleb128 0xb
 708 0027 3E       		.uleb128 0x3e
 709 0028 0B       		.uleb128 0xb
 710 0029 03       		.uleb128 0x3
 711 002a 0E       		.uleb128 0xe
 712 002b 00       		.byte	0
 713 002c 00       		.byte	0
 714 002d 04       		.uleb128 0x4
 715 002e 2E       		.uleb128 0x2e
 716 002f 00       		.byte	0
 717 0030 03       		.uleb128 0x3
 718 0031 0E       		.uleb128 0xe
 719 0032 3A       		.uleb128 0x3a
 720 0033 0B       		.uleb128 0xb
 721 0034 3B       		.uleb128 0x3b
 722 0035 05       		.uleb128 0x5
 723 0036 39       		.uleb128 0x39
 724 0037 0B       		.uleb128 0xb
 725 0038 27       		.uleb128 0x27
 726 0039 19       		.uleb128 0x19
 727 003a 00       		.byte	0
 728 003b 00       		.byte	0
 729 003c 05       		.uleb128 0x5
 730 003d 01       		.uleb128 0x1
 731 003e 01       		.byte	0x1
 732 003f 49       		.uleb128 0x49
 733 0040 13       		.uleb128 0x13
 734 0041 01       		.uleb128 0x1
 735 0042 13       		.uleb128 0x13
 736 0043 00       		.byte	0
 737 0044 00       		.byte	0
 738 0045 06       		.uleb128 0x6
 739 0046 21       		.uleb128 0x21
 740 0047 00       		.byte	0
 741 0048 49       		.uleb128 0x49
ARM GAS  /tmp/ccV6HDM7.s 			page 14


 742 0049 13       		.uleb128 0x13
 743 004a 2F       		.uleb128 0x2f
 744 004b 0B       		.uleb128 0xb
 745 004c 00       		.byte	0
 746 004d 00       		.byte	0
 747 004e 07       		.uleb128 0x7
 748 004f 16       		.uleb128 0x16
 749 0050 00       		.byte	0
 750 0051 03       		.uleb128 0x3
 751 0052 0E       		.uleb128 0xe
 752 0053 3A       		.uleb128 0x3a
 753 0054 0B       		.uleb128 0xb
 754 0055 3B       		.uleb128 0x3b
 755 0056 0B       		.uleb128 0xb
 756 0057 39       		.uleb128 0x39
 757 0058 0B       		.uleb128 0xb
 758 0059 49       		.uleb128 0x49
 759 005a 13       		.uleb128 0x13
 760 005b 00       		.byte	0
 761 005c 00       		.byte	0
 762 005d 08       		.uleb128 0x8
 763 005e 35       		.uleb128 0x35
 764 005f 00       		.byte	0
 765 0060 49       		.uleb128 0x49
 766 0061 13       		.uleb128 0x13
 767 0062 00       		.byte	0
 768 0063 00       		.byte	0
 769 0064 09       		.uleb128 0x9
 770 0065 0D       		.uleb128 0xd
 771 0066 00       		.byte	0
 772 0067 03       		.uleb128 0x3
 773 0068 0E       		.uleb128 0xe
 774 0069 3A       		.uleb128 0x3a
 775 006a 21       		.uleb128 0x21
 776 006b 03       		.sleb128 3
 777 006c 3B       		.uleb128 0x3b
 778 006d 0B       		.uleb128 0xb
 779 006e 39       		.uleb128 0x39
 780 006f 21       		.uleb128 0x21
 781 0070 11       		.sleb128 17
 782 0071 49       		.uleb128 0x49
 783 0072 13       		.uleb128 0x13
 784 0073 38       		.uleb128 0x38
 785 0074 0B       		.uleb128 0xb
 786 0075 00       		.byte	0
 787 0076 00       		.byte	0
 788 0077 0A       		.uleb128 0xa
 789 0078 26       		.uleb128 0x26
 790 0079 00       		.byte	0
 791 007a 49       		.uleb128 0x49
 792 007b 13       		.uleb128 0x13
 793 007c 00       		.byte	0
 794 007d 00       		.byte	0
 795 007e 0B       		.uleb128 0xb
 796 007f 13       		.uleb128 0x13
 797 0080 01       		.byte	0x1
 798 0081 0B       		.uleb128 0xb
ARM GAS  /tmp/ccV6HDM7.s 			page 15


 799 0082 0B       		.uleb128 0xb
 800 0083 3A       		.uleb128 0x3a
 801 0084 0B       		.uleb128 0xb
 802 0085 3B       		.uleb128 0x3b
 803 0086 05       		.uleb128 0x5
 804 0087 39       		.uleb128 0x39
 805 0088 21       		.uleb128 0x21
 806 0089 09       		.sleb128 9
 807 008a 01       		.uleb128 0x1
 808 008b 13       		.uleb128 0x13
 809 008c 00       		.byte	0
 810 008d 00       		.byte	0
 811 008e 0C       		.uleb128 0xc
 812 008f 16       		.uleb128 0x16
 813 0090 00       		.byte	0
 814 0091 03       		.uleb128 0x3
 815 0092 0E       		.uleb128 0xe
 816 0093 3A       		.uleb128 0x3a
 817 0094 0B       		.uleb128 0xb
 818 0095 3B       		.uleb128 0x3b
 819 0096 05       		.uleb128 0x5
 820 0097 39       		.uleb128 0x39
 821 0098 21       		.uleb128 0x21
 822 0099 03       		.sleb128 3
 823 009a 49       		.uleb128 0x49
 824 009b 13       		.uleb128 0x13
 825 009c 00       		.byte	0
 826 009d 00       		.byte	0
 827 009e 0D       		.uleb128 0xd
 828 009f 2E       		.uleb128 0x2e
 829 00a0 00       		.byte	0
 830 00a1 3F       		.uleb128 0x3f
 831 00a2 19       		.uleb128 0x19
 832 00a3 03       		.uleb128 0x3
 833 00a4 0E       		.uleb128 0xe
 834 00a5 3A       		.uleb128 0x3a
 835 00a6 21       		.uleb128 0x21
 836 00a7 05       		.sleb128 5
 837 00a8 3B       		.uleb128 0x3b
 838 00a9 0B       		.uleb128 0xb
 839 00aa 39       		.uleb128 0x39
 840 00ab 21       		.uleb128 0x21
 841 00ac 08       		.sleb128 8
 842 00ad 27       		.uleb128 0x27
 843 00ae 19       		.uleb128 0x19
 844 00af 3C       		.uleb128 0x3c
 845 00b0 19       		.uleb128 0x19
 846 00b1 00       		.byte	0
 847 00b2 00       		.byte	0
 848 00b3 0E       		.uleb128 0xe
 849 00b4 2E       		.uleb128 0x2e
 850 00b5 01       		.byte	0x1
 851 00b6 3F       		.uleb128 0x3f
 852 00b7 19       		.uleb128 0x19
 853 00b8 03       		.uleb128 0x3
 854 00b9 0E       		.uleb128 0xe
 855 00ba 3A       		.uleb128 0x3a
ARM GAS  /tmp/ccV6HDM7.s 			page 16


 856 00bb 21       		.uleb128 0x21
 857 00bc 07       		.sleb128 7
 858 00bd 3B       		.uleb128 0x3b
 859 00be 05       		.uleb128 0x5
 860 00bf 39       		.uleb128 0x39
 861 00c0 21       		.uleb128 0x21
 862 00c1 06       		.sleb128 6
 863 00c2 27       		.uleb128 0x27
 864 00c3 19       		.uleb128 0x19
 865 00c4 01       		.uleb128 0x1
 866 00c5 13       		.uleb128 0x13
 867 00c6 00       		.byte	0
 868 00c7 00       		.byte	0
 869 00c8 0F       		.uleb128 0xf
 870 00c9 11       		.uleb128 0x11
 871 00ca 01       		.byte	0x1
 872 00cb 25       		.uleb128 0x25
 873 00cc 0E       		.uleb128 0xe
 874 00cd 13       		.uleb128 0x13
 875 00ce 0B       		.uleb128 0xb
 876 00cf 03       		.uleb128 0x3
 877 00d0 0E       		.uleb128 0xe
 878 00d1 1B       		.uleb128 0x1b
 879 00d2 0E       		.uleb128 0xe
 880 00d3 10       		.uleb128 0x10
 881 00d4 17       		.uleb128 0x17
 882 00d5 00       		.byte	0
 883 00d6 00       		.byte	0
 884 00d7 10       		.uleb128 0x10
 885 00d8 24       		.uleb128 0x24
 886 00d9 00       		.byte	0
 887 00da 0B       		.uleb128 0xb
 888 00db 0B       		.uleb128 0xb
 889 00dc 3E       		.uleb128 0x3e
 890 00dd 0B       		.uleb128 0xb
 891 00de 03       		.uleb128 0x3
 892 00df 08       		.uleb128 0x8
 893 00e0 00       		.byte	0
 894 00e1 00       		.byte	0
 895 00e2 11       		.uleb128 0x11
 896 00e3 13       		.uleb128 0x13
 897 00e4 01       		.byte	0x1
 898 00e5 0B       		.uleb128 0xb
 899 00e6 0B       		.uleb128 0xb
 900 00e7 3A       		.uleb128 0x3a
 901 00e8 0B       		.uleb128 0xb
 902 00e9 3B       		.uleb128 0x3b
 903 00ea 0B       		.uleb128 0xb
 904 00eb 39       		.uleb128 0x39
 905 00ec 0B       		.uleb128 0xb
 906 00ed 01       		.uleb128 0x1
 907 00ee 13       		.uleb128 0x13
 908 00ef 00       		.byte	0
 909 00f0 00       		.byte	0
 910 00f1 12       		.uleb128 0x12
 911 00f2 0D       		.uleb128 0xd
 912 00f3 00       		.byte	0
ARM GAS  /tmp/ccV6HDM7.s 			page 17


 913 00f4 03       		.uleb128 0x3
 914 00f5 08       		.uleb128 0x8
 915 00f6 3A       		.uleb128 0x3a
 916 00f7 0B       		.uleb128 0xb
 917 00f8 3B       		.uleb128 0x3b
 918 00f9 0B       		.uleb128 0xb
 919 00fa 39       		.uleb128 0x39
 920 00fb 0B       		.uleb128 0xb
 921 00fc 49       		.uleb128 0x49
 922 00fd 13       		.uleb128 0x13
 923 00fe 38       		.uleb128 0x38
 924 00ff 0B       		.uleb128 0xb
 925 0100 00       		.byte	0
 926 0101 00       		.byte	0
 927 0102 13       		.uleb128 0x13
 928 0103 0F       		.uleb128 0xf
 929 0104 00       		.byte	0
 930 0105 0B       		.uleb128 0xb
 931 0106 0B       		.uleb128 0xb
 932 0107 49       		.uleb128 0x49
 933 0108 13       		.uleb128 0x13
 934 0109 00       		.byte	0
 935 010a 00       		.byte	0
 936 010b 14       		.uleb128 0x14
 937 010c 2E       		.uleb128 0x2e
 938 010d 00       		.byte	0
 939 010e 3F       		.uleb128 0x3f
 940 010f 19       		.uleb128 0x19
 941 0110 03       		.uleb128 0x3
 942 0111 0E       		.uleb128 0xe
 943 0112 3A       		.uleb128 0x3a
 944 0113 0B       		.uleb128 0xb
 945 0114 3B       		.uleb128 0x3b
 946 0115 05       		.uleb128 0x5
 947 0116 39       		.uleb128 0x39
 948 0117 0B       		.uleb128 0xb
 949 0118 27       		.uleb128 0x27
 950 0119 19       		.uleb128 0x19
 951 011a 3C       		.uleb128 0x3c
 952 011b 19       		.uleb128 0x19
 953 011c 00       		.byte	0
 954 011d 00       		.byte	0
 955 011e 15       		.uleb128 0x15
 956 011f 34       		.uleb128 0x34
 957 0120 00       		.byte	0
 958 0121 03       		.uleb128 0x3
 959 0122 08       		.uleb128 0x8
 960 0123 3A       		.uleb128 0x3a
 961 0124 0B       		.uleb128 0xb
 962 0125 3B       		.uleb128 0x3b
 963 0126 05       		.uleb128 0x5
 964 0127 39       		.uleb128 0x39
 965 0128 0B       		.uleb128 0xb
 966 0129 49       		.uleb128 0x49
 967 012a 13       		.uleb128 0x13
 968 012b 00       		.byte	0
 969 012c 00       		.byte	0
ARM GAS  /tmp/ccV6HDM7.s 			page 18


 970 012d 16       		.uleb128 0x16
 971 012e 34       		.uleb128 0x34
 972 012f 00       		.byte	0
 973 0130 03       		.uleb128 0x3
 974 0131 0E       		.uleb128 0xe
 975 0132 3A       		.uleb128 0x3a
 976 0133 0B       		.uleb128 0xb
 977 0134 3B       		.uleb128 0x3b
 978 0135 05       		.uleb128 0x5
 979 0136 39       		.uleb128 0x39
 980 0137 0B       		.uleb128 0xb
 981 0138 49       		.uleb128 0x49
 982 0139 13       		.uleb128 0x13
 983 013a 00       		.byte	0
 984 013b 00       		.byte	0
 985 013c 17       		.uleb128 0x17
 986 013d 34       		.uleb128 0x34
 987 013e 00       		.byte	0
 988 013f 03       		.uleb128 0x3
 989 0140 0E       		.uleb128 0xe
 990 0141 49       		.uleb128 0x49
 991 0142 13       		.uleb128 0x13
 992 0143 34       		.uleb128 0x34
 993 0144 19       		.uleb128 0x19
 994 0145 00       		.byte	0
 995 0146 00       		.byte	0
 996 0147 18       		.uleb128 0x18
 997 0148 2E       		.uleb128 0x2e
 998 0149 01       		.byte	0x1
 999 014a 03       		.uleb128 0x3
 1000 014b 0E       		.uleb128 0xe
 1001 014c 3A       		.uleb128 0x3a
 1002 014d 0B       		.uleb128 0xb
 1003 014e 3B       		.uleb128 0x3b
 1004 014f 05       		.uleb128 0x5
 1005 0150 39       		.uleb128 0x39
 1006 0151 0B       		.uleb128 0xb
 1007 0152 27       		.uleb128 0x27
 1008 0153 19       		.uleb128 0x19
 1009 0154 00       		.byte	0
 1010 0155 00       		.byte	0
 1011 0156 19       		.uleb128 0x19
 1012 0157 05       		.uleb128 0x5
 1013 0158 00       		.byte	0
 1014 0159 03       		.uleb128 0x3
 1015 015a 0E       		.uleb128 0xe
 1016 015b 3A       		.uleb128 0x3a
 1017 015c 0B       		.uleb128 0xb
 1018 015d 3B       		.uleb128 0x3b
 1019 015e 05       		.uleb128 0x5
 1020 015f 39       		.uleb128 0x39
 1021 0160 0B       		.uleb128 0xb
 1022 0161 49       		.uleb128 0x49
 1023 0162 13       		.uleb128 0x13
 1024 0163 00       		.byte	0
 1025 0164 00       		.byte	0
 1026 0165 00       		.byte	0
ARM GAS  /tmp/ccV6HDM7.s 			page 19


 1027              		.section	.gnu.debuglto_.debug_line,"e",%progbits
 1028              	.Ldebug_line0:
 1029 0000 83000000 		.4byte	.LELT0-.LSLT0
 1030              	.LSLT0:
 1031 0004 0500     		.2byte	0x5
 1032 0006 04       		.byte	0x4
 1033 0007 00       		.byte	0
 1034 0008 7B000000 		.4byte	.LELTP0-.LASLTP0
 1035              	.LASLTP0:
 1036 000c 01       		.byte	0x1
 1037 000d 01       		.byte	0x1
 1038 000e 01       		.byte	0x1
 1039 000f F6       		.byte	0xf6
 1040 0010 F2       		.byte	0xf2
 1041 0011 0D       		.byte	0xd
 1042 0012 00       		.byte	0
 1043 0013 01       		.byte	0x1
 1044 0014 01       		.byte	0x1
 1045 0015 01       		.byte	0x1
 1046 0016 01       		.byte	0x1
 1047 0017 00       		.byte	0
 1048 0018 00       		.byte	0
 1049 0019 00       		.byte	0
 1050 001a 01       		.byte	0x1
 1051 001b 00       		.byte	0
 1052 001c 00       		.byte	0
 1053 001d 01       		.byte	0x1
 1054 001e 01       		.byte	0x1
 1055 001f 01       		.uleb128 0x1
 1056 0020 1F       		.uleb128 0x1f
 1057 0021 0A       		.uleb128 0xa
 1058 0022 D3020000 		.4byte	.LASF79
 1059 0026 42020000 		.4byte	.LASF80
 1060 002a 13020000 		.4byte	.LASF81
 1061 002e 4C000000 		.4byte	.LASF82
 1062 0032 AC020000 		.4byte	.LASF83
 1063 0036 0A000000 		.4byte	.LASF84
 1064 003a 7B020000 		.4byte	.LASF85
 1065 003e 7F000000 		.4byte	.LASF86
 1066 0042 9C010000 		.4byte	.LASF87
 1067 0046 1B010000 		.4byte	.LASF88
 1068 004a 02       		.byte	0x2
 1069 004b 01       		.uleb128 0x1
 1070 004c 1F       		.uleb128 0x1f
 1071 004d 02       		.uleb128 0x2
 1072 004e 0B       		.uleb128 0xb
 1073 004f 0B       		.uleb128 0xb
 1074 0050 D9000000 		.4byte	.LASF89
 1075 0054 00       		.byte	0
 1076 0055 C8000000 		.4byte	.LASF90
 1077 0059 08       		.byte	0x8
 1078 005a 00000000 		.4byte	.LASF91
 1079 005e 09       		.byte	0x9
 1080 005f 8E010000 		.4byte	.LASF92
 1081 0063 02       		.byte	0x2
 1082 0064 B3000000 		.4byte	.LASF93
 1083 0068 06       		.byte	0x6
ARM GAS  /tmp/ccV6HDM7.s 			page 20


 1084 0069 A1000000 		.4byte	.LASF94
 1085 006d 07       		.byte	0x7
 1086 006e AB000000 		.4byte	.LASF95
 1087 0072 07       		.byte	0x7
 1088 0073 3F000000 		.4byte	.LASF96
 1089 0077 05       		.byte	0x5
 1090 0078 78000000 		.4byte	.LASF97
 1091 007c 04       		.byte	0x4
 1092 007d BF000000 		.4byte	.LASF98
 1093 0081 03       		.byte	0x3
 1094 0082 26030000 		.4byte	.LASF99
 1095 0086 01       		.byte	0x1
 1096              	.LELTP0:
 1097              	.LELT0:
 1098              		.section	.gnu.debuglto_.debug_str,"eMS",%progbits,1
 1099              	.LASF33:
 1100 0000 41484231 		.ascii	"AHB1LPENR\000"
 1100      4C50454E 
 1100      5200
 1101              	.LASF52:
 1102 000a 43434552 		.ascii	"CCER\000"
 1102      00
 1103              	.LASF64:
 1104 000f 6F73616C 		.ascii	"osalOsTimerHandlerI\000"
 1104      4F735469 
 1104      6D657248 
 1104      616E646C 
 1104      65724900 
 1105              	.LASF23:
 1106 0023 41504231 		.ascii	"APB1RSTR\000"
 1106      52535452 
 1106      00
 1107              	.LASF27:
 1108 002c 41484232 		.ascii	"AHB2ENR\000"
 1108      454E5200 
 1109              	.LASF54:
 1110 0034 444D4152 		.ascii	"DMAR\000"
 1110      00
 1111              	.LASF73:
 1112 0039 474E5520 		.ascii	"GNU C17 11.3.1 20220712 -mcpu=cortex-m4 -mthumb -mf"
 1112      43313720 
 1112      31312E33 
 1112      2E312032 
 1112      30323230 
 1113 006c 6C6F6174 		.ascii	"loat-abi=soft -march=armv7e-m -ggdb -O2 -fomit-fram"
 1113      2D616269 
 1113      3D736F66 
 1113      74202D6D 
 1113      61726368 
 1114 009f 652D706F 		.ascii	"e-pointer -falign-functions=16 -ffunction-sections "
 1114      696E7465 
 1114      72202D66 
 1114      616C6967 
 1114      6E2D6675 
 1115 00d2 2D666461 		.ascii	"-fdata-sections -fno-common -flto\000"
 1115      74612D73 
 1115      65637469 
ARM GAS  /tmp/ccV6HDM7.s 			page 21


 1115      6F6E7320 
 1115      2D666E6F 
 1116              	.LASF50:
 1117 00f4 43434D52 		.ascii	"CCMR1\000"
 1117      3100
 1118              	.LASF51:
 1119 00fa 43434D52 		.ascii	"CCMR2\000"
 1119      3200
 1120              	.LASF56:
 1121 0100 43435852 		.ascii	"CCXR\000"
 1121      00
 1122              	.LASF60:
 1123 0105 5F5F6462 		.ascii	"__dbg_check_lock_from_isr\000"
 1123      675F6368 
 1123      65636B5F 
 1123      6C6F636B 
 1123      5F66726F 
 1124              	.LASF40:
 1125 011f 42444352 		.ascii	"BDCR\000"
 1125      00
 1126              	.LASF68:
 1127 0124 63685379 		.ascii	"chSysLockFromISR\000"
 1127      734C6F63 
 1127      6B46726F 
 1127      6D495352 
 1127      00
 1128              	.LASF43:
 1129 0135 504C4C49 		.ascii	"PLLI2SCFGR\000"
 1129      32534346 
 1129      475200
 1130              	.LASF72:
 1131 0140 706F7274 		.ascii	"port_lock\000"
 1131      5F6C6F63 
 1131      6B00
 1132              	.LASF10:
 1133 014a 5F5F7569 		.ascii	"__uint32_t\000"
 1133      6E743332 
 1133      5F7400
 1134              	.LASF58:
 1135 0155 5F5F6462 		.ascii	"__dbg_check_unlock_from_isr\000"
 1135      675F6368 
 1135      65636B5F 
 1135      756E6C6F 
 1135      636B5F66 
 1136              	.LASF42:
 1137 0171 53534347 		.ascii	"SSCGR\000"
 1137      5200
 1138              	.LASF5:
 1139 0177 73686F72 		.ascii	"short int\000"
 1139      7420696E 
 1139      7400
 1140              	.LASF35:
 1141 0181 41484233 		.ascii	"AHB3LPENR\000"
 1141      4C50454E 
 1141      5200
 1142              	.LASF18:
 1143 018b 43464752 		.ascii	"CFGR\000"
ARM GAS  /tmp/ccV6HDM7.s 			page 22


 1143      00
 1144              	.LASF62:
 1145 0190 73745F6C 		.ascii	"st_lld_serve_interrupt\000"
 1145      6C645F73 
 1145      65727665 
 1145      5F696E74 
 1145      65727275 
 1146              	.LASF15:
 1147 01a7 41504232 		.ascii	"APB2FZ\000"
 1147      465A00
 1148              	.LASF30:
 1149 01ae 41504231 		.ascii	"APB1ENR\000"
 1149      454E5200 
 1150              	.LASF11:
 1151 01b6 75696E74 		.ascii	"uint32_t\000"
 1151      33325F74 
 1151      00
 1152              	.LASF45:
 1153 01bf 44434B43 		.ascii	"DCKCFGR\000"
 1153      46475200 
 1154              	.LASF2:
 1155 01c7 6C6F6E67 		.ascii	"long double\000"
 1155      20646F75 
 1155      626C6500 
 1156              	.LASF28:
 1157 01d3 41484233 		.ascii	"AHB3ENR\000"
 1157      454E5200 
 1158              	.LASF67:
 1159 01db 63685379 		.ascii	"chSysUnlockFromISR\000"
 1159      73556E6C 
 1159      6F636B46 
 1159      726F6D49 
 1159      535200
 1160              	.LASF1:
 1161 01ee 6C6F6E67 		.ascii	"long long int\000"
 1161      206C6F6E 
 1161      6720696E 
 1161      7400
 1162              	.LASF7:
 1163 01fc 6C6F6E67 		.ascii	"long int\000"
 1163      20696E74 
 1163      00
 1164              	.LASF46:
 1165 0205 5243435F 		.ascii	"RCC_TypeDef\000"
 1165      54797065 
 1165      44656600 
 1166              	.LASF70:
 1167 0211 706F7274 		.ascii	"port_lock_from_isr\000"
 1167      5F6C6F63 
 1167      6B5F6672 
 1167      6F6D5F69 
 1167      737200
 1168              	.LASF14:
 1169 0224 41504231 		.ascii	"APB1FZ\000"
 1169      465A00
 1170              	.LASF55:
 1171 022b 43434D52 		.ascii	"CCMR3\000"
ARM GAS  /tmp/ccV6HDM7.s 			page 23


 1171      3300
 1172              	.LASF4:
 1173 0231 756E7369 		.ascii	"unsigned char\000"
 1173      676E6564 
 1173      20636861 
 1173      7200
 1174              	.LASF65:
 1175 023f 6F73616C 		.ascii	"osalSysUnlockFromISR\000"
 1175      53797355 
 1175      6E6C6F63 
 1175      6B46726F 
 1175      6D495352 
 1176              	.LASF48:
 1177 0254 534D4352 		.ascii	"SMCR\000"
 1177      00
 1178              	.LASF76:
 1179 0259 5F5F6675 		.ascii	"__func__\000"
 1179      6E635F5F 
 1179      00
 1180              	.LASF31:
 1181 0262 41504232 		.ascii	"APB2ENR\000"
 1181      454E5200 
 1182              	.LASF3:
 1183 026a 7369676E 		.ascii	"signed char\000"
 1183      65642063 
 1183      68617200 
 1184              	.LASF9:
 1185 0276 6C6F6E67 		.ascii	"long long unsigned int\000"
 1185      206C6F6E 
 1185      6720756E 
 1185      7369676E 
 1185      65642069 
 1186              	.LASF0:
 1187 028d 756E7369 		.ascii	"unsigned int\000"
 1187      676E6564 
 1187      20696E74 
 1187      00
 1188              	.LASF20:
 1189 029a 41484232 		.ascii	"AHB2RSTR\000"
 1189      52535452 
 1189      00
 1190              	.LASF8:
 1191 02a3 6C6F6E67 		.ascii	"long unsigned int\000"
 1191      20756E73 
 1191      69676E65 
 1191      6420696E 
 1191      7400
 1192              	.LASF49:
 1193 02b5 44494552 		.ascii	"DIER\000"
 1193      00
 1194              	.LASF17:
 1195 02ba 504C4C43 		.ascii	"PLLCFGR\000"
 1195      46475200 
 1196              	.LASF6:
 1197 02c2 73686F72 		.ascii	"short unsigned int\000"
 1197      7420756E 
 1197      7369676E 
ARM GAS  /tmp/ccV6HDM7.s 			page 24


 1197      65642069 
 1197      6E7400
 1198              	.LASF78:
 1199 02d5 62617365 		.ascii	"basePri\000"
 1199      50726900 
 1200              	.LASF37:
 1201 02dd 41504231 		.ascii	"APB1LPENR\000"
 1201      4C50454E 
 1201      5200
 1202              	.LASF61:
 1203 02e7 74696D70 		.ascii	"timp\000"
 1203      00
 1204              	.LASF12:
 1205 02ec 63686172 		.ascii	"char\000"
 1205      00
 1206              	.LASF57:
 1207 02f1 73746D33 		.ascii	"stm32_tim_t\000"
 1207      325F7469 
 1207      6D5F7400 
 1208              	.LASF53:
 1209 02fd 42445452 		.ascii	"BDTR\000"
 1209      00
 1210              	.LASF66:
 1211 0302 6F73616C 		.ascii	"osalSysLockFromISR\000"
 1211      5379734C 
 1211      6F636B46 
 1211      726F6D49 
 1211      535200
 1212              	.LASF16:
 1213 0315 4442474D 		.ascii	"DBGMCU_TypeDef\000"
 1213      43555F54 
 1213      79706544 
 1213      656600
 1214              	.LASF47:
 1215 0324 5F426F6F 		.ascii	"_Bool\000"
 1215      6C00
 1216              	.LASF71:
 1217 032a 706F7274 		.ascii	"port_unlock\000"
 1217      5F756E6C 
 1217      6F636B00 
 1218              	.LASF24:
 1219 0336 41504232 		.ascii	"APB2RSTR\000"
 1219      52535452 
 1219      00
 1220              	.LASF34:
 1221 033f 41484232 		.ascii	"AHB2LPENR\000"
 1221      4C50454E 
 1221      5200
 1222              	.LASF75:
 1223 0349 2F686F6D 		.ascii	"/home/rob/Projects/ChibiStudio/ChibiStudio_23/works"
 1223      652F726F 
 1223      622F5072 
 1223      6F6A6563 
 1223      74732F43 
 1224 037c 70616365 		.ascii	"pace_trunk/STM32_GPIB_firmware/\000"
 1224      5F747275 
 1224      6E6B2F53 
ARM GAS  /tmp/ccV6HDM7.s 			page 25


 1224      544D3332 
 1224      5F475049 
 1225              	.LASF22:
 1226 039c 52455345 		.ascii	"RESERVED0\000"
 1226      52564544 
 1226      3000
 1227              	.LASF25:
 1228 03a6 52455345 		.ascii	"RESERVED1\000"
 1228      52564544 
 1228      3100
 1229              	.LASF29:
 1230 03b0 52455345 		.ascii	"RESERVED2\000"
 1230      52564544 
 1230      3200
 1231              	.LASF32:
 1232 03ba 52455345 		.ascii	"RESERVED3\000"
 1232      52564544 
 1232      3300
 1233              	.LASF36:
 1234 03c4 52455345 		.ascii	"RESERVED4\000"
 1234      52564544 
 1234      3400
 1235              	.LASF39:
 1236 03ce 52455345 		.ascii	"RESERVED5\000"
 1236      52564544 
 1236      3500
 1237              	.LASF41:
 1238 03d8 52455345 		.ascii	"RESERVED6\000"
 1238      52564544 
 1238      3600
 1239              	.LASF44:
 1240 03e2 52455345 		.ascii	"RESERVED7\000"
 1240      52564544 
 1240      3700
 1241              	.LASF77:
 1242 03ec 5F5F7365 		.ascii	"__set_BASEPRI\000"
 1242      745F4241 
 1242      53455052 
 1242      4900
 1243              	.LASF26:
 1244 03fa 41484231 		.ascii	"AHB1ENR\000"
 1244      454E5200 
 1245              	.LASF13:
 1246 0402 4944434F 		.ascii	"IDCODE\000"
 1246      444500
 1247              	.LASF69:
 1248 0409 706F7274 		.ascii	"port_unlock_from_isr\000"
 1248      5F756E6C 
 1248      6F636B5F 
 1248      66726F6D 
 1248      5F697372 
 1249              	.LASF59:
 1250 041e 63685379 		.ascii	"chSysTimerHandlerI\000"
 1250      7354696D 
 1250      65724861 
 1250      6E646C65 
 1250      724900
ARM GAS  /tmp/ccV6HDM7.s 			page 26


 1251              	.LASF63:
 1252 0431 73745F6C 		.ascii	"st_lld_init\000"
 1252      6C645F69 
 1252      6E697400 
 1253              	.LASF19:
 1254 043d 41484231 		.ascii	"AHB1RSTR\000"
 1254      52535452 
 1254      00
 1255              	.LASF74:
 1256 0446 2E2E2F2E 		.ascii	"../../chibios_trunk/os/hal/ports/STM32/LLD/SYSTICKv"
 1256      2E2F6368 
 1256      6962696F 
 1256      735F7472 
 1256      756E6B2F 
 1257 0479 312F6861 		.ascii	"1/hal_st_lld.c\000"
 1257      6C5F7374 
 1257      5F6C6C64 
 1257      2E6300
 1258              	.LASF38:
 1259 0488 41504232 		.ascii	"APB2LPENR\000"
 1259      4C50454E 
 1259      5200
 1260              	.LASF21:
 1261 0492 41484233 		.ascii	"AHB3RSTR\000"
 1261      52535452 
 1261      00
 1262              		.section	.gnu.debuglto_.debug_line_str,"eMS",%progbits,1
 1263              	.LASF91:
 1264 0000 5F737464 		.ascii	"_stdint.h\000"
 1264      696E742E 
 1264      6800
 1265              	.LASF84:
 1266 000a 2E2E2F2E 		.ascii	"../../chibios_trunk/os/hal/ports/STM32/LLD/SYSTICKv"
 1266      2E2F6368 
 1266      6962696F 
 1266      735F7472 
 1266      756E6B2F 
 1267 003d 3100     		.ascii	"1\000"
 1268              	.LASF96:
 1269 003f 68616C5F 		.ascii	"hal_st_lld.c\000"
 1269      73745F6C 
 1269      6C642E63 
 1269      00
 1270              	.LASF82:
 1271 004c 2E2E2F2E 		.ascii	"../../chibios_trunk/os/common/ports/ARMv7-M\000"
 1271      2E2F6368 
 1271      6962696F 
 1271      735F7472 
 1271      756E6B2F 
 1272              	.LASF97:
 1273 0078 6F73616C 		.ascii	"osal.h\000"
 1273      2E6800
 1274              	.LASF86:
 1275 007f 2E2E2F2E 		.ascii	"../../chibios_trunk/os/rt/include\000"
 1275      2E2F6368 
 1275      6962696F 
 1275      735F7472 
ARM GAS  /tmp/ccV6HDM7.s 			page 27


 1275      756E6B2F 
 1276              	.LASF94:
 1277 00a1 63686465 		.ascii	"chdebug.h\000"
 1277      6275672E 
 1277      6800
 1278              	.LASF95:
 1279 00ab 63687379 		.ascii	"chsys.h\000"
 1279      732E6800 
 1280              	.LASF93:
 1281 00b3 73746D33 		.ascii	"stm32_tim.h\000"
 1281      325F7469 
 1281      6D2E6800 
 1282              	.LASF98:
 1283 00bf 6368636F 		.ascii	"chcore.h\000"
 1283      72652E68 
 1283      00
 1284              	.LASF90:
 1285 00c8 5F646566 		.ascii	"_default_types.h\000"
 1285      61756C74 
 1285      5F747970 
 1285      65732E68 
 1285      00
 1286              	.LASF89:
 1287 00d9 2E2E2F2E 		.ascii	"../../chibios_trunk/os/hal/ports/STM32/LLD/SYSTICKv"
 1287      2E2F6368 
 1287      6962696F 
 1287      735F7472 
 1287      756E6B2F 
 1288 010c 312F6861 		.ascii	"1/hal_st_lld.c\000"
 1288      6C5F7374 
 1288      5F6C6C64 
 1288      2E6300
 1289              	.LASF88:
 1290 011b 2F686F6D 		.ascii	"/home/rob/Projects/ChibiStudio/ChibiStudio_23/tools"
 1290      652F726F 
 1290      622F5072 
 1290      6F6A6563 
 1290      74732F43 
 1291 014e 2F474E55 		.ascii	"/GNU Tools ARM Embedded/11.3.1 2022q3/arm-none-eabi"
 1291      20546F6F 
 1291      6C732041 
 1291      524D2045 
 1291      6D626564 
 1292 0181 2F696E63 		.ascii	"/include/sys\000"
 1292      6C756465 
 1292      2F737973 
 1292      00
 1293              	.LASF92:
 1294 018e 73746D33 		.ascii	"stm32f401xe.h\000"
 1294      32663430 
 1294      3178652E 
 1294      6800
 1295              	.LASF87:
 1296 019c 2F686F6D 		.ascii	"/home/rob/Projects/ChibiStudio/ChibiStudio_23/tools"
 1296      652F726F 
 1296      622F5072 
 1296      6F6A6563 
ARM GAS  /tmp/ccV6HDM7.s 			page 28


 1296      74732F43 
 1297 01cf 2F474E55 		.ascii	"/GNU Tools ARM Embedded/11.3.1 2022q3/arm-none-eabi"
 1297      20546F6F 
 1297      6C732041 
 1297      524D2045 
 1297      6D626564 
 1298 0202 2F696E63 		.ascii	"/include/machine\000"
 1298      6C756465 
 1298      2F6D6163 
 1298      68696E65 
 1298      00
 1299              	.LASF81:
 1300 0213 2E2E2F2E 		.ascii	"../../chibios_trunk/os/common/ext/ST/STM32F4xx\000"
 1300      2E2F6368 
 1300      6962696F 
 1300      735F7472 
 1300      756E6B2F 
 1301              	.LASF80:
 1302 0242 2E2E2F2E 		.ascii	"../../chibios_trunk/os/common/ext/ARM/CMSIS/Core/In"
 1302      2E2F6368 
 1302      6962696F 
 1302      735F7472 
 1302      756E6B2F 
 1303 0275 636C7564 		.ascii	"clude\000"
 1303      6500
 1304              	.LASF85:
 1305 027b 2E2E2F2E 		.ascii	"../../chibios_trunk/os/hal/ports/STM32/LLD/TIMv1\000"
 1305      2E2F6368 
 1305      6962696F 
 1305      735F7472 
 1305      756E6B2F 
 1306              	.LASF83:
 1307 02ac 2E2E2F2E 		.ascii	"../../chibios_trunk/os/hal/osal/rt-nil\000"
 1307      2E2F6368 
 1307      6962696F 
 1307      735F7472 
 1307      756E6B2F 
 1308              	.LASF79:
 1309 02d3 2F686F6D 		.ascii	"/home/rob/Projects/ChibiStudio/ChibiStudio_23/works"
 1309      652F726F 
 1309      622F5072 
 1309      6F6A6563 
 1309      74732F43 
 1310 0306 70616365 		.ascii	"pace_trunk/STM32_GPIB_firmware/\000"
 1310      5F747275 
 1310      6E6B2F53 
 1310      544D3332 
 1310      5F475049 
 1311              	.LASF99:
 1312 0326 636D7369 		.ascii	"cmsis_gcc.h\000"
 1312      735F6763 
 1312      632E6800 
 1313              		.text
 1314              		.section	.gnu.lto_.profile.7be2dba34920dfb7,"e",%progbits
 1315 0000 789C6362 		.ascii	"x\234cb\000\001\000\000\022\000\003"
 1315      00010000 
 1315      120003
ARM GAS  /tmp/ccV6HDM7.s 			page 29


 1316              		.text
 1317              		.section	.gnu.lto_.icf.7be2dba34920dfb7,"e",%progbits
 1318 0000 789C8B67 		.ascii	"x\234\213g@\000f\206I\035\023\236310N\2320\375\031\257"
 1318      40006686 
 1318      491D139E 
 1318      3331304E 
 1318      9A30FD19 
 1319 0015 1C130313 		.ascii	"\034\023\003\023#\026\314\004\305\314xq\343\215ew\230"
 1319      2316CC04 
 1319      C5CC7871 
 1319      E38D6577 
 1319      98
 1320 0026 D8908518 		.ascii	"\330\220\205\030\000C\200\011\030"
 1320      00438009 
 1320      18
 1321              		.text
 1322              		.section	.gnu.lto_.ipa_sra.7be2dba34920dfb7,"e",%progbits
 1323 0000 789C1366 		.ascii	"x\234\023f@\000f\006\006F\010\004\"&0\013\000\002\373"
 1323      40006606 
 1323      06460804 
 1323      2226300B 
 1323      0002FB
 1324 0013 0021     		.ascii	"\000!"
 1325              		.text
 1326              		.section	.gnu.lto_.inline.7be2dba34920dfb7,"e",%progbits
 1327 0000 789C6B66 		.ascii	"x\234kf@\000f\006\006\216\206\206\206\011L\031\214\014"
 1327      40006606 
 1327      068E8686 
 1327      86094C19 
 1327      8C0C
 1328 0012 4C2C4056 		.ascii	"L,@V\003S\012\003\003\033\204\301\304\300\004R\303\310"
 1328      03530A03 
 1328      031B84C1 
 1328      C4C00452 
 1328      C3C8
 1329 0024 85413288 		.ascii	"\205A2\210\002\025\034`J\007jR\001\262\0260\245\243"
 1329      02151C60 
 1329      4A076A52 
 1329      01B21630 
 1329      A5A3
 1330 0036 6B6262E0 		.ascii	"kbb\340\335\364\354\314I\3464\240\022!\260\2224\354"
 1330      DDF4ECCC 
 1330      49E634A0 
 1330      1221B092 
 1330      34EC
 1331 0048 E6320000 		.ascii	"\3462\000\000\220R\030\243"
 1331      905218A3 
 1332              		.text
 1333              		.section	.gnu.lto_.jmpfuncs.7be2dba34920dfb7,"e",%progbits
 1334 0000 789CE367 		.ascii	"x\234\343g@\000f\010\305\310\300\300\004\242\001\001"
 1334      40006608 
 1334      C5C8C0C0 
 1334      04A20101 
 1335 0010 EF0016   		.ascii	"\357\000\026"
 1336              		.text
 1337              		.section	.gnu.lto_.pureconst.7be2dba34920dfb7,"e",%progbits
 1338 0000 789CE362 		.ascii	"x\234\343b```f\330\305\3128\213\205i\026\013\000\013"
ARM GAS  /tmp/ccV6HDM7.s 			page 30


 1338      60606066 
 1338      D8C5CA38 
 1338      8B856916 
 1338      0B000B
 1339 0013 01020C   		.ascii	"\001\002\014"
 1340              		.text
 1341              		.section	.gnu.lto_.ipa_modref.7be2dba34920dfb7,"e",%progbits
 1342 0000 789C0B61 		.ascii	"x\234\013a@\000&F\006\005\001\001\006&&\026\006F&VF"
 1342      40002646 
 1342      06050101 
 1342      06262616 
 1342      06462656 
 1343 0015 06263608 		.ascii	"\006&6\010\015\022dF\027db\207\320\014L`yF\030\037\205"
 1343      0D126446 
 1343      17646287 
 1343      D00C4C60 
 1343      7946181F 
 1344 002a C3C00000 		.ascii	"\303\300\000\000b\315\001\327"
 1344      62CD01D7 
 1345              		.text
 1346              		.section	.gnu.lto_.lto.7be2dba34920dfb7,"e",%progbits
 1347 0000 0B000300 		.ascii	"\013\000\003\000\001\000\000\000"
 1347      01000000 
 1348              		.text
 1349              		.section	.gnu.lto_st_lld_init.385.7be2dba34920dfb7,"e",%progbits
 1350 0000 789C7D93 		.ascii	"x\234}\223Kh\023A\030\307\277\377\316&&\021\354EDA("
 1350      4B681341 
 1350      18C7BFFF 
 1350      CE262611 
 1350      EC454441 
 1351 0015 EAC58364 		.ascii	"\352\305\203d\260\005\361(\255 \305\012\205T$\210,i"
 1351      B005F128 
 1351      AD20C50A 
 1351      85542488 
 1351      2C69
 1352 0027 1A4D4CD2 		.ascii	"\032ML\322m7\211A<d\252\240\222\213V<(bK=\345 \210\247"
 1352      6D378941 
 1352      3C64AAA0 
 1352      928B563C 
 1352      28624B3D 
 1353 003f 622B2516 		.ascii	"b+%\026\253\">\260(>\220V\343E\364R_T\251\020ggS\023"
 1353      AB223EB0 
 1353      283E9056 
 1353      E345F452 
 1353      5F54A910 
 1354 0057 4D9B61BF 		.ascii	"M\233a\277\331\231\335\337\377{\314\3434#\272DD[\244"
 1354      D999DDDF 
 1354      FF7BCCE3 
 1354      3423BA44 
 1354      445BA4
 1355 006a 81112E0C 		.ascii	"\201\021.\014\3455\022B\354Z\245ap(\357\305\030\324"
 1355      E5351242 
 1355      EC5AA561 
 1355      7028EFC5 
 1355      18D4
 1356 007c 0C94D390 		.ascii	"\014\224\323\220\303(\343r\372s\372\363\374\257\015"
 1356      C328E372 
ARM GAS  /tmp/ccV6HDM7.s 			page 31


 1356      FA73FAF3 
 1356      FCAF0D
 1357 008b A250C427 		.ascii	"\242P\304'\242\034U\332jg\014i7f\\E\361\273|N\210\351"
 1357      A21C55DA 
 1357      6A670C69 
 1357      37665C45 
 1357      F1BB7C4E 
 1358 00a1 0F98B8A9 		.ascii	"\017\230\270\251\257\005i\320\2441i\2724\2174\2574\237"
 1358      AF0569D0 
 1358      A43169BA 
 1358      348F34AF 
 1358      349F
 1359 00b3 34A26166 		.ascii	"4\242af\207\024:D\221h\204i\316dPN\0264Q\032\233\203"
 1359      87143A44 
 1359      91688469 
 1359      CE64504E 
 1359      1634511A 
 1360 00c9 FDDEFC6F 		.ascii	"\375\336\374oW\032o^\356\353L3-jS\223^\006\027\334'"
 1360      571A6F5E 
 1360      EEEB4C33 
 1360      2D6A5393 
 1360      5E0617DC 
 1361 00de 40AA17F3 		.ascii	"@\252\027\363g\205\356\302u\273\024\317\361q\334\002"
 1361      6785EEC2 
 1361      75BB14CF 
 1361      F171DC02 
 1362 00ee EDD8949D 		.ascii	"\355\330\224\235@F\246\272\250\235\272x\006Lcpo\005"
 1362      4046A6BA 
 1362      A89DBA78 
 1362      064C6370 
 1362      6F05
 1363 0100 6CF1D73C 		.ascii	"l\361\327<\352\330I\233eZM0'\012\253#\213HU\275\352"
 1363      EAD8499B 
 1363      655A4D30 
 1363      270AAB23 
 1363      8B4855BD 
 1364 0115 8CE1F68A 		.ascii	"\214\341\366\212N\247l\224\351\265\376<\377A\243r\230"
 1364      4EA76C94 
 1364      E9B5FE3C 
 1364      FF41A372 
 1364      98
 1365 0126 BDAB5C4A 		.ascii	"\275\253\\J\352ZP\325\370z\016\025\334+\313\033PE\016"
 1365      EA5A50D5 
 1365      F87A0E15 
 1365      DC2BCB1B 
 1365      50450E
 1366 0139 C8B53B2F 		.ascii	"\310\265;/\326,\311\315\373\270\247b<@\262\232\216\217"
 1366      D62CC9CD 
 1366      FBB8A762 
 1366      3C40B29A 
 1366      8E8F
 1367 014b 79EBD3F9 		.ascii	"y\353\323\371\213>\264Q\346S!f\3252~/l\224\256\343*"
 1367      8B3EB451 
 1367      E6532166 
 1367      D5327E2F 
 1367      6C94AEE3 
 1368 0160 401C6A57 		.ascii	"@\034jW*\252\217M\261\307x\264\224\340\023\034!rG\360"
ARM GAS  /tmp/ccV6HDM7.s 			page 32


 1368      2AAA8F4D 
 1368      B1C778B4 
 1368      94E0131C 
 1368      217247F0 
 1369 0174 F48EB363 		.ascii	"\364\216\263c_\234\004\225|\031\374\031\302\012/\313"
 1369      5F9C0495 
 1369      7C19FC19 
 1369      C20A2FCB 
 1370 0184 D6A404DF 		.ascii	"\326\244\004\337\032\013\236#\244\004\216\367\037+\301"
 1370      1A0B9E23 
 1370      A4048EF7 
 1370      1F2BC1
 1371 0193 2E28DC78 		.ascii	".(\334x\211CD;\345\260\260.\373\012\333\3543\371B\035"
 1371      8943443B 
 1371      E5B0B02E 
 1371      FB0ADBEC 
 1371      33F9421D 
 1372 01a7 A1D2E5D2 		.ascii	"\241\322\345\322\372Fq\336\340`\225\275\322\230}\213"
 1372      FA4671DE 
 1372      E06095BD 
 1372      D2987D8B 
 1373 01b7 6095BDDA 		.ascii	"`\225\275\332\230\235\305\001\225\277\003\2174\206\337"
 1373      989DC501 
 1373      95BF038F 
 1373      3486DF
 1374 01c6 63BF742C 		.ascii	"c\277t,k,k'\337-\224<\352n\0153To\010Q\200G\315d\204"
 1374      6B2C6B27 
 1374      DF2D943C 
 1374      EA6E0D33 
 1374      546F0851 
 1375 01df 5B660FEF 		.ascii	"[f\017\357\262\314\243\221p:\305\333\243\261\236X \235"
 1375      B2CCA391 
 1375      703AC5DB 
 1375      A3B19E58 
 1375      209D
 1376 01f1 E98D99B5 		.ascii	"\351\215\231\265c\243\245\225gM+\236\352\017\205#F\332"
 1376      63A3A595 
 1376      674D2B9E 
 1376      EA0F8523 
 1376      46DA
 1377 0203 CAF4C579 		.ascii	"\312\364\305y\240{_k\213\261\247\253\243\3158\034\263"
 1377      A07B5F6B 
 1377      8BB1A7AB 
 1377      A3CD381C 
 1377      B3
 1378 0214 92D99015 		.ascii	"\222\331\220\025\341\324\346\367s\371\204m\251\231\252"
 1378      E1D4E6F7 
 1378      73F9846D 
 1378      A999AA
 1379 0223 90668A47 		.ascii	"\220f\212GC\011\336oZ2\202\222\361\316\316\335<\020"
 1379      4309DE6F 
 1379      5A328292 
 1379      F1CECEDD 
 1379      3C10
 1380 0235 0C7477B4 		.ascii	"\014tw\264\357=\266\335\376k\244\322F\"\321\353\017"
 1380      EF3DB6DD 
 1380      FE6BA4D2 
ARM GAS  /tmp/ccV6HDM7.s 			page 33


 1380      4622D1EB 
 1380      0F
 1381 0246 D31FA337 		.ascii	"\323\037\2437f\274"
 1381      66BC
 1382              		.text
 1383              		.section	.gnu.lto_st_lld_serve_interrupt.386.7be2dba34920dfb7,"e",%progbits
 1384 0000 789C4D51 		.ascii	"x\234MQMh\023A\024~of\263Y-DD*\305S/BQ\310`c\352UZE"
 1384      4D681341 
 1384      147E6F66 
 1384      B3592D44 
 1384      442AC553 
 1385 001e 8A152AE9 		.ascii	"\212\025*\351\305Sh\323Hc\0337\356&\366 %cZ-D\241\244"
 1385      C55368D3 
 1385      48631B37 
 1385      EE26F620 
 1385      25635A2D 
 1386 0035 A858C5A6 		.ascii	"\250X\305\246\275y\020\245\210\250\265?\321\242\342"
 1386      BD7910A5 
 1386      88A8B53F 
 1386      D1A2E2
 1387 0044 0FF87315 		.ascii	"\017\370s\025\241*\225Z/A\260\212U\342\233I\252Yfv\336"
 1387      A12A955A 
 1387      2F41B08A 
 1387      55E29B49 
 1387      AA596676 
 1388 0059 7BDFCFCC 		.ascii	"{\337\317\314\274\331\316\000\356\002\300~\232\350\001"
 1388      BCD9CE00 
 1388      EE02C07E 
 1388      9AE801
 1389 0068 1CCD6519 		.ascii	"\034\315e\031H)\367z\031\033\314\235c8\213\331\233#"
 1389      4829F77A 
 1389      191BCC9D 
 1389      63388BD9 
 1389      9B23
 1390 007a B5C650CE 		.ascii	"\265\306P\316\267\372\246\270\303\340x\301*\343\006"
 1390      B7FAA6B8 
 1390      C3E078C1 
 1390      2AE306
 1391 0089 9ECE6537 		.ascii	"\236\316e7\020\2563\2044\343\006\246q\222\013*\374|"
 1391      10AE3384 
 1391      34E306A6 
 1391      71920B2A 
 1391      FC7C
 1392 009b FC558E99 		.ascii	"\374U\216\231g\345\231\272\025\2004T>\017\232[\320\240"
 1392      67E599BA 
 1392      15803454 
 1392      3E0F9A5B 
 1392      D0A0
 1393 00ad 7F2DD67B 		.ascii	"\177-\326{\320\032C\252\354,HY|15\361\001\345\250\304"
 1393      D01A43AA 
 1393      EC2C4859 
 1393      7C3135F1 
 1393      01E5A8C4 
 1394 00c1 81694CDF 		.ascii	"\201iL\337\307{\010\017\020`\034\337YD\273\363\217\366"
 1394      C77B080F 
 1394      10601CDF 
 1394      5944BBF3 
ARM GAS  /tmp/ccV6HDM7.s 			page 34


 1394      8FF6
 1395 00d3 7CAAB8A8 		.ascii	"|\252\270\250i\247f*\264YM{e\325PD\222\364\034\345j"
 1395      69A7662A 
 1395      B4594D7B 
 1395      65D55044 
 1395      92F41CE5 
 1396 00e8 E00CDE7A 		.ascii	"\340\014\336z\353)\310\337\245\021)\237\236\307\251"
 1396      EB29C8DF 
 1396      A511299F 
 1396      9EC7A9
 1397 00f7 67F32F37 		.ascii	"g\363/7\327 0\316hr\232&\020\307K\201\245\002r\341\352"
 1397      D72030CE 
 1397      68729A26 
 1397      10C74B81 
 1397      A50272E1 
 1398 010c 5AD24059 		.ascii	"Z\322@Y\000\310sVN\006)\371\301\344\307\213\237\352"
 1398      00C87356 
 1398      4E0629F9 
 1398      C1E4C78B 
 1398      9FEA
 1399 011e F47A2942 		.ascii	"\364z)BKf\3420N\2439\200\232\243\353W\011_c\217\346"
 1399      4B66E230 
 1399      4EA33980 
 1399      9AA3EB57 
 1399      095F638F 
 1400 0133 BE706E7A 		.ascii	"\276pnz\024DG\276\241\360e_\377<\026\020\232&\245\264"
 1400      144447BE 
 1400      A1F0655F 
 1400      FF3C1610 
 1400      9A26A5B4 
 1401 0147 520FD105 		.ascii	"R\017\321\005\320\016\233hS:\203\322^[\327\3728VTV\265"
 1401      D00E9B68 
 1401      533A83D2 
 1401      5E5BD7FA 
 1401      38565456 
 1402 015c 68014F90 		.ascii	"h\001O\220h\215\015^\036^b\334\313\321l\300\022\226"
 1402      688D0D5E 
 1402      1E5E62DC 
 1402      CBD16CC0 
 1402      1296
 1403 016e 0B416E71 		.ascii	"\013Anq\223{\225e\275r\264\264c^;f\256\014\177G\256"
 1403      937B9565 
 1403      BD72B4B4 
 1403      635E3B66 
 1403      AE0C7F47 
 1404 0183 2E48EEDF 		.ascii	".H\356\337\262K\353\346\313\274\332\375\211:\022uE\351"
 1404      B24BEBE6 
 1404      CBBCDAFD 
 1404      893A1275 
 1404      45E9
 1405 0195 6E6B1DD9 		.ascii	"nk\035\331\276G\316\271E\3730XeC+\013\333\350Z\015X"
 1405      BE47CEB9 
 1405      45FB3058 
 1405      65432B0B 
 1405      DBE85A0D 
 1406 01aa 7EC43CE7 		.ascii	"~\304<\347\257\213\277\256\243\356\315\037\306!\213"
 1406      AF8BBFAE 
ARM GAS  /tmp/ccV6HDM7.s 			page 35


 1406      A3EECD1F 
 1406      C6218B
 1407 01b9 CC8E03B0 		.ascii	"\314\216\003\260\215\0324\3767\256\3042\213\371\317"
 1407      8D1A34FE 
 1407      37AEC432 
 1407      8BF9CF
 1408 01c8 96568DF3 		.ascii	"\226V\215\363r\2670SPiH\364\330\361\250p\354.\321\356"
 1408      72B73053 
 1408      506948F4 
 1408      D8F1A870 
 1408      EC2ED1EE 
 1409 01dc D8C7A291 		.ascii	"\330\307\242\221\244+Zzb]\261P2\325\035\263\253\343"
 1409      A42B5A7A 
 1409      625DB150 
 1409      32D51DB3 
 1409      ABE3
 1410 01ee 706340F4 		.ascii	"pc@\364\333N\257\233\350\214D\303I'u\274W\204:\016\005"
 1410      DB4EAF9B 
 1410      E88C44C3 
 1410      492775BC 
 1410      57843A0E 
 1411 0203 1AC307DA 		.ascii	"\032\303\007\332[\233\303GcN\274\277\323\211\012h\366"
 1411      5B9BC347 
 1411      634EBCBF 
 1411      D3890A68 
 1411      F6
 1412 0214 FB058D88 		.ascii	"\373\005\215\210\222\332n\205i\273\242\247\263O$l\207"
 1412      92DA6E85 
 1412      69BBA2A7 
 1412      B34F246C 
 1412      87
 1413 0225 76D032D1 		.ascii	"v\3202\321\326\266O\204\216\204:Z[\016\236\334\245\320"
 1413      D6B64F84 
 1413      8E843A5A 
 1413      5B0E9EDC 
 1413      A5D0
 1414 0237 B09B0CF7 		.ascii	"\260\233\014\367\365u\373#`$c\361\304\326\352\222?\030"
 1414      F575FB23 
 1414      602463F1 
 1414      C4D6EA92 
 1414      3F18
 1415 0249 0DEC690A 		.ascii	"\015\354i\012\354\016\002s\235\277\353Q\374\013"
 1415      EC0E0273 
 1415      9DBFEB51 
 1415      FC0B
 1416              		.text
 1417              		.section	.gnu.lto_st_lld_serve_interrupt.part.0.392.7be2dba34920dfb7,"e",%progbits
 1418 0000 789C7D54 		.ascii	"x\234}ToL\023g\030\177\237\273\376c~Y0[\310\374Bf\214"
 1418      6F4C1367 
 1418      187F9FBB 
 1418      FE637E59 
 1418      305BC8FC 
 1419 0017 CB263D27 		.ascii	"\313&='c~\235\262e!\263\011\261&\306\017KS\312)78\216"
 1419      637E9DB2 
 1419      6521B309 
 1419      B126C60F 
 1419      4B53CA29 
ARM GAS  /tmp/ccV6HDM7.s 			page 36


 1420 002e DDB576CD 		.ascii	"\335\265v\315\322\364&\321l\313\314\206[\030\204\356"
 1420      D2F426D1 
 1420      6CCBCC86 
 1420      5B1884EE 
 1421 003e D00F64CC 		.ascii	"\320\017d\314d3|`\212\226\211cP\004M\011b\001\033[\241"
 1421      64337C60 
 1421      8A968963 
 1421      50044D09 
 1421      62011B5B 
 1422 0053 0B4BD001 		.ascii	"\013K\320\001\301\031\273\214\205=\357\335\265v\011"
 1422      C119BB8C 
 1422      853DEFDD 
 1422      B57609
 1423 0062 7A69EE7D 		.ascii	"zi\356}\336\337\363\373=\367<\277\367\256q\013!}@\310"
 1423      DEDFF3FB 
 1423      3DF73CBF 
 1423      F7AE710B 
 1423      217D40C8 
 1424 0076 3E420858 		.ascii	">B\010X\011|\343 \252\252\276e\267@\251\2762\360u\333"
 1424      097CE320 
 1424      AAAABE65 
 1424      B740A9BE 
 1424      32F075DB 
 1425 008a 786B662C 		.ascii	"xkf,\272\035\246AGX\370\244m<\333\237\353\330\016\327"
 1425      BA1DA641 
 1425      4758F8A4 
 1425      6D3CDB9F 
 1425      EBD80ED7 
 1426 009e 0C0448C4 		.ascii	"\014\004H\304\302\260\020\201s\254\0258\204r#\367\325"
 1426      C2B01081 
 1426      73AC1538 
 1426      847223F7 
 1426      D5
 1427 00af 4EDB29F5 		.ascii	"N\333)\365d\331\022!\021\242_\024\377J\355\035\002\204"
 1427      64D91221 
 1427      11A25F14 
 1427      FF4AED1D 
 1427      0284
 1428 00c1 C2B8BF08 		.ascii	"\302\270\277\010\024\265\202m+X\360\376\002\224[\301"
 1428      14B5826D 
 1428      2B58F0FE 
 1428      02945BC1 
 1429 00d1 D10988BC 		.ascii	"\321\011\210\2746\244\252\253\023}g\347A=\243\302\307"
 1429      36A4AAAB 
 1429      137D67E7 
 1429      413DA3C2 
 1429      C7
 1430 00e2 57207219 		.ascii	"W r\031\006\200\304P\240A\312\201\264\376\002m\274o"
 1430      0680C450 
 1430      A041CA81 
 1430      B4FE026D 
 1430      BC6F
 1431 00f4 F59E4E0B 		.ascii	"\365\236N\013\015\232\264_tZ\002i[0FQ\344\352\246E\303"
 1431      0D9AB45F 
 1431      745A0269 
 1431      5B304651 
 1431      E4EAA645 
ARM GAS  /tmp/ccV6HDM7.s 			page 37


 1432 0109 85A29BD5 		.ascii	"\205\242\233\325\012\027j\221-\344\032\014\001\011c"
 1432      0A176A91 
 1432      2DE41A0C 
 1432      010963
 1433 0118 19961625 		.ascii	"\031\226\026%\301aZ\020\203\300oz\200\203]Z\356x\216"
 1433      C1615A10 
 1433      83C06F7A 
 1433      80835D5A 
 1433      EE788E
 1434 012b FC0A8AB9 		.ascii	"\374\012\212\271\215\345F\222\23562\002\001\2038\012"
 1434      8DE54692 
 1434      9D363202 
 1434      0183380A 
 1435 013b 05663411 		.ascii	"\005f4\021\037\265\2238|\230\337\237\377\354\30162\006"
 1435      1FB59338 
 1435      7C98DF9F 
 1435      FFECC136 
 1435      3206
 1436 014d 12EE1D63 		.ascii	"\022\356\035c\014\336+\260\227\334d{*\361RT\035\262"
 1436      0CDE2BB0 
 1436      97DC647B 
 1436      2AF15254 
 1436      1DB2
 1437 015f 84C621A8 		.ascii	"\204\306!\250\3672\001\014\253\301\237%F\263\271\351"
 1437      F732010C 
 1437      ABC19F25 
 1437      46B3B9E9 
 1438 016f 331BFDBB 		.ascii	"3\033\375\273\206[\3251\225R\302&E\037\206\226\315\305"
 1438      865BD531 
 1438      9552C226 
 1438      451F8696 
 1438      CDC5
 1439 0181 BB6C3780 		.ascii	"\273l7\200\\\207 \366OnB\276e1\221o$\366\323\260\321"
 1439      5C8720F6 
 1439      4F6E42BE 
 1439      6531916F 
 1439      24F6D3B0 
 1440 0196 B4481993 		.ascii	"\264H\031\223\2200\031\215Sf \334\312S;V\312\220'\030"
 1440      9030198D 
 1440      536620DC 
 1440      CA533B56 
 1440      CA902718 
 1441 01aa F03414F0 		.ascii	"\3604\024\360X\356\344\3578\346mh4RI\230*\0323m'3p\254"
 1441      58EEE4EF 
 1441      38E66D68 
 1441      34524998 
 1441      2A1A336D 
 1442 01c2 30E6F547 		.ascii	"0\346\365G\333\310,\360y\263/\\|`\034\305f\335_\272"
 1442      DBC82CF0 
 1442      79B32F5C 
 1442      7C601CC5 
 1442      66DD5FBA 
 1443 01d6 DB65BB03 		.ascii	"\333e\273\003d\316\350>E\273\307$\003W\001O\342\302"
 1443      64CEE83E 
 1443      45BBC724 
 1443      0357014F 
 1443      E2C2
ARM GAS  /tmp/ccV6HDM7.s 			page 38


 1444 01e8 945555D7 		.ascii	"\224UU\3277\276TU\355\360|\366\013\260\343y\263\364"
 1444      37BE5455 
 1444      EDF07CF6 
 1444      0BB0E379 
 1444      B3F4
 1445 01fa A5552DF4 		.ascii	"\245U-\364\350Y\213\021\262\244\233e\362\341cF]\030"
 1445      E8598B11 
 1445      B2A49B65 
 1445      F2E16346 
 1445      5D18
 1446 020c C8BE42D7 		.ascii	"\310\276B\327\207\363\337&\027\357\225\322\023\241h"
 1446      87F3DF26 
 1446      17EF95D2 
 1446      13A168
 1447 021b 6AB14C47 		.ascii	"j\261LG\007\265v\255\035`\304@\273\322%0\252\207\017"
 1447      07B576AD 
 1447      1D60C440 
 1447      BBD22530 
 1447      AA870F
 1448 022e 7FE889AE 		.ascii	"\177\350\211\256\314n\205\270\221\350[\321\351\331\215"
 1448      CC6E85B8 
 1448      91E85BD1 
 1448      E9D98D
 1449 023d FB888D19 		.ascii	"\373\210\215\031X\3672\305N\234e\010L\200-\004\273u"
 1449      58F732C5 
 1449      4E9C6508 
 1449      4C802D04 
 1449      BB75
 1450 024f DDB91F7F 		.ascii	"\335\271\037\177\316|\007p\303\340\\\311\224\300M \353"
 1450      CE7C0770 
 1450      C3E05CC9 
 1450      94C04D20 
 1450      EB
 1451 0260 CC8997E9 		.ascii	"\314\211\227\351,\355\370&\355\374\236=\345\360Y\241"
 1451      2CEDF826 
 1451      EDFC9E3D 
 1451      E5F059A1 
 1452 0270 04C74E03 		.ascii	"\004\307N\003\301%\003w\251\177;\317c\302K\341y\034"
 1452      C1250377 
 1452      A97F3BCF 
 1452      63C24BE1 
 1452      791C
 1453 0282 082BAFF6 		.ascii	"\010+\257\366\366h\313\016Z\235n\325\265A-\232\356\001"
 1453      F668CB0E 
 1453      5A9D6ED5 
 1453      B5412D9A 
 1453      EE01
 1454 0294 B3C1856E 		.ascii	"\263\301\205n\024\377\313\264\226\223\317\201\361\274"
 1454      14FFCBB4 
 1454      9693CF81 
 1454      F1BC
 1455 02a2 8F2053AA 		.ascii	"\217 S\252\263\006N_\316\366\002~\243\346\324kK8u\302"
 1455      B3064E5F 
 1455      CEF6027E 
 1455      A3E6D46B 
 1455      4B3875C2 
 1456 02b6 D03C5EEA 		.ascii	"\320<^\352\000\230,\322\035\231,\322\305\376\247[\247"
ARM GAS  /tmp/ccV6HDM7.s 			page 39


 1456      00982CD2 
 1456      1D992CD2 
 1456      C5FEA75B 
 1456      A7
 1457 02c7 6EDD3274 		.ascii	"n\3352tm\177\240n\032L\307\326\250c\267\315\212\350"
 1457      6D7FA06E 
 1457      1A4CC7D6 
 1457      A863B7CD 
 1457      8AE8
 1458 02d9 58B2A8E0 		.ascii	"X\262\250\340\341d\276\340\302\337\332\016}\375'\235"
 1458      E164BEE0 
 1458      C2DFDA0E 
 1458      7DFD279D 
 1459 02e9 77748A3A 		.ascii	"wt\212::c\010gLG3\313\210\315\032\330\243'\216\316Q"
 1459      3A630867 
 1459      4C4733CB 
 1459      88CD1AD8 
 1459      A3278ECE 
 1460 02fe 4749B1A3 		.ascii	"GI\261\243w\2368\232*vT7pQ7\262\310\270\277\250qs\372"
 1460      779E389A 
 1460      2A765437 
 1460      705137B2 
 1460      C8B8BFA8 
 1461 0315 7F4D37CB 		.ascii	"\177M7\313\346\337\207\015\314\015\234\326\026?\325"
 1461      E6DF870D 
 1461      CC0D9CD6 
 1461      163FD5
 1462 0324 E7A497C6 		.ascii	"\347\244\227\306\202\221dp\343\346\032$\221\347d\251"
 1462      82916470 
 1462      E3E61A24 
 1462      91E764A9 
 1463 0334 8EAB95A5 		.ascii	"\216\253\225\245\017x\237_\341\252\033\204:\301\355"
 1463      0F789F5F 
 1463      E1AA1B84 
 1463      3AC1ED
 1464 0343 0FD40B52 		.ascii	"\017\324\013Rq\354\331S\311\005%\271Qi\361\372x\217"
 1464      71ECD953 
 1464      C90525B9 
 1464      5169F1FA 
 1464      788F
 1465 0355 5F0E3437 		.ascii	"_\01647r\356C\256\312=\236wkk\366{\216\012\262\030\364"
 1465      72EE43AE 
 1465      CA3D9E77 
 1465      6B6BF67B 
 1465      8E0AB218 
 1466 036a CA3C47F6 		.ascii	"\312<G\366;\235\034\376|T*)&SR\270\006o\023\327\"\311"
 1466      3B9D1CFE 
 1466      7C542A29 
 1466      265352B8 
 1466      066F13D7 
 1467 0380 F8045DC6 		.ascii	"\370\004]\306\0358\3606\347>\342>TS\375\336\361\327"
 1467      1D38F036 
 1467      E73EE23E 
 1467      5453FDDE 
 1467      F1D7
 1468 0392 69D6A3F8 		.ascii	"i\326\243\370=MM\365N\037\261\370\005\261\345\305b\310"
 1468      3D4D4DF5 
ARM GAS  /tmp/ccV6HDM7.s 			page 40


 1468      4E1FB1F8 
 1468      05B1E5C5 
 1468      62C8
 1469 03a4 59C557EE 		.ascii	"Y\305W\356}\263\362\215*\302(\262\363\031O\220\024\274"
 1469      7DB3F28D 
 1469      2AC228B2 
 1469      F3194F90 
 1469      14BC
 1470 03b6 C9FE8A66 		.ascii	"\311\376\212f\301\210\235\015\344\325\247\320e?'4\373"
 1470      C1889D0D 
 1470      E4D5A7D0 
 1470      653F2734 
 1470      FB
 1471 03c7 9A02F53C 		.ascii	"\232\002\365<\346\224\220\202\324\252\247P}\222(J\315"
 1471      E6949082 
 1471      D4AAA750 
 1471      7D92284A 
 1471      CD
 1472 03d8 66FBFB0E 		.ascii	"f\373\373\016\272\216\357\255p!\313'\311<\252\354u^"
 1472      BA8EEFAD 
 1472      7021CB27 
 1472      C93CAAEC 
 1472      755E
 1473 03ea 85AF9585 		.ascii	"\205\257\225\205w\236\255\346?\362S-W\355r\327\270\271"
 1473      779EADE6 
 1473      3FF2532D 
 1473      57ED72D7 
 1473      B8B9
 1474 03fc 6AD47235 		.ascii	"j\324r5\371\347\213\212\240x\216\371|X\355y\227\373"
 1474      F9E78B8A 
 1474      A0788EF9 
 1474      7C58ED79 
 1474      97FB
 1475 040e 6039ADD8 		.ascii	"`9\255\330\"\013\273\312w\354&\214L\354\"/Jr\210\374"
 1475      220BBBCA 
 1475      77EC268C 
 1475      4CEC222F 
 1475      4A7288FC 
 1476 0422 07DCB056 		.ascii	"\007\334\260V\351"
 1476      E9
 1477              		.text
 1478              		.section	.gnu.lto_.symbol_nodes.7be2dba34920dfb7,"e",%progbits
 1479 0000 789C3BCF 		.ascii	"x\234;\317\000\004L\035\314\365\034\015@\300\3028\341"
 1479      00044C1D 
 1479      CCF51C0D 
 1479      40C0C238 
 1479      E1
 1480 0011 1C03433D 		.ascii	"\034\003C=\003\303\316\226\306\306\006\001\220T#s='"
 1480      03C3CE96 
 1480      C6C60601 
 1480      90542373 
 1480      3D27
 1481 0023 8AD4AE86 		.ascii	"\212\324\256\206FF\220D\023s=\0276\011\306\026\346z"
 1481      46469044 
 1481      13733D17 
 1481      3609C616 
 1481      E67A
ARM GAS  /tmp/ccV6HDM7.s 			page 41


 1482 0035 EEFF5020 		.ascii	"\356\377P \017\226d`\000\252\003\313\2652\327\363\340"
 1482      0F966460 
 1482      00AA03CB 
 1482      B532D7F3 
 1482      E0
 1483 0046 926B63AE 		.ascii	"\222kc\256\347\305!\307\314\300\012\261\352\011\037"
 1483      E7C521C7 
 1483      CCC00AB1 
 1483      EA091F
 1484 0055 33030B84 		.ascii	"3\003\013\204\271\204\233\231\201\031\312\344bfb\270"
 1484      B9849B99 
 1484      8119CAE4 
 1484      626662B8 
 1485 0065 F0E1D70A 		.ascii	"\360\341\327\012F\306C\\\014\000\203\357F\270"
 1485      46C6435C 
 1485      0C0083EF 
 1485      46B8
 1486              		.text
 1487              		.section	.gnu.lto_.refs.7be2dba34920dfb7,"e",%progbits
 1488 0000 789C6364 		.ascii	"x\234cd\000\002\000\000\012\000\002"
 1488      00020000 
 1488      0A0002
 1489              		.text
 1490              		.section	.gnu.lto_.decls.7be2dba34920dfb7,"e",%progbits
 1491 0000 789CAD58 		.ascii	"x\234\255X{PT\327\031?\367\334\313r\026M\301<M\322N"
 1491      7B5054D7 
 1491      193FF7DC 
 1491      CB72164D 
 1491      C13C4DD2 
 1492 0015 ED74A6A1 		.ascii	"\355t\246\241Ne]\320\230\177:\023XPh 2\273\346\331?"
 1492      4E655DD0 
 1492      987F3A13 
 1492      58506820 
 1492      32BBE6D9 
 1493 002a 3688AB10 		.ascii	"6\210\253\020\201\245\273\213\217\351tz\026\020V\201"
 1493      81A5BB8B 
 1493      8FE9747A 
 1493      16105681 
 1494 003a 6457AB10 		.ascii	"dW\253\020B\222\015\211\217\004\243\020c\004E]\001\211"
 1494      42920D89 
 1494      8F04A310 
 1494      6304455D 
 1494      0189
 1495 004c 26BEE2DB 		.ascii	"&\276\342\333\210\304\025\214\370\026\037\021E\240\337"
 1495      88C4158C 
 1495      F8161F11 
 1495      45A0DF
 1496 005b B92FF652 		.ascii	"\271/\366R\222\266\323\356\370\333{\356\371}\357\357"
 1496      92B6D3EE 
 1496      F8DB7BEE 
 1496      F97DEFEF 
 1497 006b 3C165744 		.ascii	"<\026WD!T\032\206\320\024\016\241!\370\010\010\241#"
 1497      21541A86 
 1497      D0140EA1 
 1497      21F80808 
 1497      A123
 1498 007d 805F001A 		.ascii	"\200_\000\032\001O\303\3743\200\327\000O\001v\303\334"
ARM GAS  /tmp/ccV6HDM7.s 			page 42


 1498      014FC3FC 
 1498      3380D700 
 1498      4F0176C3 
 1498      DC
 1499 008e EFE0F92A 		.ascii	"\357\340\371*`6`\016 \0030\027\220\005x\023\260\027"
 1499      6036600E 
 1499      20033017 
 1499      90057813 
 1499      B017
 1500 00a0 23F43892 		.ascii	"#\3648\222\270gd\033\212\356\000 B\266\311\354\374V"
 1500      B867641B 
 1500      8AEE0020 
 1500      42B6C9EC 
 1500      FC56
 1501 00b2 B6CDEC25 		.ascii	"\266\315\354%\000v\001\237\002\317D\200\021\3602\340"
 1501      0076019F 
 1501      02CF4480 
 1501      11F032E0 
 1502 00c2 4F001320 		.ascii	"O\000\023 \015\220\016h\005\373c\220\344\3675Y\207\371"
 1502      0D900E68 
 1502      05FB6390 
 1502      E4F73559 
 1502      87F9
 1503 00d4 7955F631 		.ascii	"yU\3661S\326\231/\307\370\006\233\007\235\307d\235\331"
 1503      53D6992F 
 1503      C7F8069B 
 1503      079DC764 
 1503      9DD9
 1504 00e6 217A7F81 		.ascii	"!z\177\201\247\023P\000X\004\370+\340o\200\277\003\334"
 1504      A7135000 
 1504      5804F82B 
 1504      E06F80BF 
 1504      03DC
 1505 00f8 80624029 		.ascii	"\200b@)\240\034\340\223m\316\225m*\371\352\036\341\004"
 1505      A01CE093 
 1505      6DCE956D 
 1505      2AF9EA1E 
 1505      E104
 1506 010a DD63DC04 		.ascii	"\335c\334\004\001\257\272\353\213\031\027\240\364\006"
 1506      01AFBAEB 
 1506      8B1917A0 
 1506      F406
 1507 0118 F5B708D1 		.ascii	"\365\267\010\321\215\334\026`\233$\011\017G0\022p\305"
 1507      8DDC1660 
 1507      9B24090F 
 1507      47301270 
 1507      C5
 1508 0129 F1EEAAF0 		.ascii	"\361\356\252\360H\312D\002\305\372G$\221f\016\031\215"
 1508      48CA4402 
 1508      C5FA4724 
 1508      91660E19 
 1508      8D
 1509 013a BA688E35 		.ascii	"\272h\2165 \022\236\210\214ES\251\370i\231\207v\202"
 1509      20129E88 
 1509      8C4553A9 
 1509      F8699987 
 1509      7682
ARM GAS  /tmp/ccV6HDM7.s 			page 43


 1510 014c 047C5E19 		.ascii	"\004|^\031K\362\300\300\206\313\347\316FD\006d\003H"
 1510      4BF2C0C0 
 1510      86CBE7CE 
 1510      46440664 
 1510      0348
 1511 015e 34B08B8B 		.ascii	"4\260\213\213\016p;\270\355\234\200/\326\257o\216|B"
 1511      0E703BB8 
 1511      ED9C802F 
 1511      D6AF6F8E 
 1511      7C42
 1512 0170 B44FFDB8 		.ascii	"\264O\375\270\205\223\034\264r\314\007\013\203rd!X\361"
 1512      85931CB4 
 1512      72CC070B 
 1512      83726421 
 1512      58F1
 1513 0182 569FDAC4 		.ascii	"V\237\332\304G\236\035\335\012)\344\230h\037\373\"\220"
 1513      479E1DDD 
 1513      0A29E498 
 1513      681FFB22 
 1513      90
 1514 0193 5800110F 		.ascii	"X\000\021\017\007J\347\257\005\253\037\032\031\373>"
 1514      074AE7AF 
 1514      05AB1F1A 
 1514      19FB3E
 1515 01a2 883D56C0 		.ascii	"\210=V\300;\257.\357\342\230\337b\311\357\327\334^ "
 1515      3BAF2EEF 
 1515      E298DF62 
 1515      C9EFD7DC 
 1515      5E20
 1516 01b4 F7738C67 		.ascii	"\367s\214gvn \262\034\362Z%Z\356A\344]qp\026\221\325"
 1516      766E20B2 
 1516      1CF25A25 
 1516      5AEE41E4 
 1516      5D717016 
 1517 01ca 30BB517C 		.ascii	"0\273Q|9\211\010\324\212\264\212/\207\020\001erB|\331"
 1517      398908D4 
 1517      8AB48A2F 
 1517      87100165 
 1517      72427CD9 
 1518 01de 8348501C 		.ascii	"\203HP\034@$\227a\366\226\370\362\034\351\207\361\022"
 1518      40249761 
 1518      F696F8F2 
 1518      1CE987F1 
 1518      12
 1519 01ef CCC69349 		.ascii	"\314\306\223I\005Fd\2458\216&\357\211\317\011d-\314"
 1519      054664A5 
 1519      388E26EF 
 1519      89CF0964 
 1519      2DCC
 1520 0201 D58BE3F1 		.ascii	"\325\213\343\361\244\011\306\255\3428\212\354\203\361"
 1520      A409C6AD 
 1520      E2388AEC 
 1520      83F1
 1521 020f 314027E0 		.ascii	"1@'\340\034\340\002\340\272\310y9\310\227\352\311M\350"
 1521      1CE002E0 
 1521      BAC87939 
 1521      C897EAC9 
ARM GAS  /tmp/ccV6HDM7.s 			page 44


 1521      4DE8
 1522 0221 5542DD9D 		.ascii	"UB\335\235\316\0262\361g?\343'N\014R\332w\247\362\340"
 1522      CE1632F1 
 1522      673FE327 
 1522      4E0C52DA 
 1522      77A7F2E0 
 1523 0235 85692B97 		.ascii	"\205i+\227\224R\257\233o\347~\340*\261T\234n@\034\202"
 1523      9452AF9B 
 1523      6FE77EE0 
 1523      2AB1549C 
 1523      6E401C82 
 1524 0249 AAD42FAB 		.ascii	"\252\324/\253(\245Q\305c[\271m*\271U$A\275\336#\221"
 1524      28A551C5 
 1524      635BB96D 
 1524      2AB95524 
 1524      41BDDE23 
 1525 025e EDDC572A 		.ascii	"\355\334W*\331\246\222g\312d\362\222J^\0044r\"\333\241"
 1525      D9A69267 
 1525      CA64F292 
 1525      4A5E0434 
 1525      7222DBA1 
 1526 0272 B09735AC 		.ascii	"\260\2275\254\244zY!\317\252d\247\032Qg\035e\344~\256"
 1526      A47A5921 
 1526      CFAA64A7 
 1526      1A51671D 
 1526      65E47EAE 
 1527 0286 0748A95D 		.ascii	"\007H\251]\027T\3152%\242>M\270\262\323+\212\335\357"
 1527      1754CD32 
 1527      25A23E4D 
 1527      B8B2D32B 
 1527      8ADDEF
 1528 0299 35768165 		.ascii	"5v\201e\206\037(\206\017\253\206\277U\015\367(\252\347"
 1528      861F2886 
 1528      0FAB86BF 
 1528      550DF728 
 1528      AAE7
 1529 02ab 3545920D 		.ascii	"5E\222\015\237T\330^\225\275\256\006|U\261{F\265\333"
 1529      9F54D85E 
 1529      95BDAE06 
 1529      7C55B17B 
 1529      46B5DB
 1530 02be A1DA3DA5 		.ascii	"\241\332=\245h\336\320h\312v\007\024\366\220\312\036"
 1530      68DED068 
 1530      CA760714 
 1530      F690CA1E 
 1531 02ce 50552F2A 		.ascii	"PU/*d\227J\006U\362\232B\236V\311S\"\011;\260\376\264"
 1531      64974A06 
 1531      55F29A42 
 1531      9E56C953 
 1531      22093BB0 
 1532 02e4 44B67057 		.ascii	"D\266pWU\362\312\260\323\373\212\3521\225=\242\332\375"
 1532      55F2CAB0 
 1532      D3FB8AEA 
 1532      31953DA2 
 1532      DAFD
 1533 02f6 4E21AF69 		.ascii	"N!\257iT%\362\240B\336T\311\275\222]\346\365\222\342"
 1533      5425F2A0 
ARM GAS  /tmp/ccV6HDM7.s 			page 45


 1533      42DE54C9 
 1533      BD925DE6 
 1533      F592E2
 1534 0309 F59C265E 		.ascii	"\365\234&^\331\353>E\367\216\312\032\025\273\203\012"
 1534      D9EB3E45 
 1534      F78ECA1A 
 1534      15BB830A 
 1535 0319 77505306 		.ascii	"wPS\006Ys\251\322\363\335\232U(\263}\212\356I\225=\256"
 1535      5973A9D2 
 1535      F3DD9A55 
 1535      28B37D8A 
 1535      EE49953D 
 1536 032e 067C4021 		.ascii	"\006|@!oi\002\226\3726\244\364\355\033\265o{T\315\353"
 1536      6F690296 
 1536      FA36A4F4 
 1536      ED1BB56F 
 1536      7B54CDEB 
 1537 0342 8AE6779A 		.ascii	"\212\346w\232\372\312N\367+\354\355\320d\244u\006\007"
 1537      FACA4EF7 
 1537      2BECEDD0 
 1537      64A47506 
 1537      07
 1538 0353 4D404077 		.ascii	"M@@w\271\037a\262\022\007\270\267\361*\274\002W\340"
 1538      B91F61B2 
 1538      1207B8B7 
 1538      F12ABC02 
 1538      57E0
 1539 0365 625C82CB 		.ascii	"b\\\202\313\3612<\300=\340\206\270{\\\021\366\340\267"
 1539      F1323CC0 
 1539      3DE086B8 
 1539      7B5C11F6 
 1539      E0B7
 1540 0377 F020E7C6 		.ascii	"\360 \347\306K\360R\274\022/\307\357\3402\\\205\013"
 1540      4BF052BC 
 1540      122FC7EF 
 1540      E0325C85 
 1540      0B
 1541 0388 7129F6E2 		.ascii	"q)\366\342\177\340~\316\207\357s\024\356\007\321e\277"
 1541      7FE07ECE 
 1541      87EF7314 
 1541      EE07D165 
 1541      BF
 1542 0399 E2F2A8A6 		.ascii	"\342\362\250\246kr\355\357)\265?\241\251\002\260\244"
 1542      6B72EDEF 
 1542      29B53FA1 
 1542      A902B0A4 
 1543 03a9 5C8023B2 		.ascii	"\\\200#\262\366\320\255M\334xmt\325\370\377\024\236"
 1543      F6D0AD4D 
 1543      DC786D74 
 1543      D5F8FF14 
 1543      9E
 1544 03ba 800F6FE8 		.ascii	"\200\017o\350\272;V\275`\336\225#\250\001\222T\011\210"
 1544      BA3B56BD 
 1544      60DE9523 
 1544      A8019254 
 1544      0988
 1545 03cc 7C202076 		.ascii	"|  v|qd\015\304\022ql\313\332\201p\361\220by\355)\225"
ARM GAS  /tmp/ccV6HDM7.s 			page 46


 1545      7C71640D 
 1545      C412716C 
 1545      CBDA8170 
 1545      F1906279 
 1546 03e3 F3F2E3D5 		.ascii	"\363\362\343\325\3325\305\330\035\245\352\252Y\255)"
 1546      DA35C5D8 
 1546      1DA5EAAA 
 1546      59AD29
 1547 03f2 3423B72B 		.ascii	"4#\267+\344\373x\365\310%\265S\341\336\323\230\215\033"
 1547      E4FB78F5 
 1547      C825B553 
 1547      E1DED398 
 1547      8D1B
 1548 0404 EED00798 		.ascii	"\356\320\007\230m\304\325P\202\217p-\376\030\177\310"
 1548      6DC4D550 
 1548      828F702D 
 1548      FE187FC8 
 1549 0414 52219FB1 		.ascii	"R!\237\261j-Y\331\377\345\330\361Z\3115x\204\250\200"
 1549      6A2D59D9 
 1549      FFE5D8F1 
 1549      5AC93578 
 1549      84A880
 1550 0427 AF56AF38 		.ascii	"\257V\2578\"\250Y\257\225\335\254cY7C\326-\200\335\200"
 1550      22A859AF 
 1550      95DDAC63 
 1550      593743D6 
 1550      2D80DD80 
 1551 043b AF010700 		.ascii	"\257\001\007\000G\004v\222\363\002\336\261\343\3725"
 1551      47047692 
 1551      F302DEB1 
 1551      E3FA35
 1552 044a 6EE47D05 		.ascii	"n\344}\005\367\201q#\026\260\357\366\375\312\320\013"
 1552      F7817123 
 1552      16B0EFF6 
 1552      FDCAD00B 
 1553 045a 4B0AB301 		.ascii	"K\012\263\0013\001\360\271\253\251\353\2031*\335\256"
 1553      3301F0B9 
 1553      ABA9EB83 
 1553      312ADDAE 
 1554 046a A5C90970 		.ascii	"\245\311\011ps\032\360=\240\013p\001p\005p\023\320\007"
 1554      731AF03D 
 1554      A00B7001 
 1554      70057013 
 1554      D007
 1555 047c 7800809F 		.ascii	"x\000\200\237R\2448\014\221\245\200\2120\2611:\342\013"
 1555      52A4380C 
 1555      91A5808A 
 1555      30B1313A 
 1555      E20B
 1556 048e 03DBFEB6 		.ascii	"\003\333\376\266\246\316\261!\2665w\2450\361\343\275"
 1556      A6CEB121 
 1556      B63577A5 
 1556      30F1E3BD 
 1557 049e D5EBC68C 		.ascii	"\325\353\306\214v\323\210WM\307%\257O\327\324H\351\322"
 1557      76D38857 
 1557      4DC725AF 
 1557      4FD7D448 
ARM GAS  /tmp/ccV6HDM7.s 			page 47


 1557      E9D2
 1558 04b0 F1EDDC66 		.ascii	"\361\355\334f|T\256\306\360\321\335\367\266\334\221"
 1558      7C54AEC6 
 1558      F0D1DDF7 
 1558      B6DC91
 1559 04bf 1D2A39DC 		.ascii	"\035*9\334\312\001\205lR\311\341c\307\323\220\277'\300"
 1559      CA01856C 
 1559      52C9E163 
 1559      C7D390BF 
 1559      27C0
 1560 04d1 B5735FAA 		.ascii	"\265s_\252\234|\321|\010\344\306\006\001\310\026\274"
 1560      9C7CD17C 
 1560      08E4C606 
 1560      01C816BC 
 1561 04e1 0B4829E0 		.ascii	"\013H)\340\341\355?\244X\335\242\321\224\310\365\262"
 1561      E1ED3FA4 
 1561      58DDA2D1 
 1561      94C8F5B2 
 1562 04f1 D53A95EB 		.ascii	"\325:\225\353\030^w\313d\362\013M\"\312\001\252\230"
 1562      185E77CB 
 1562      64F20B4D 
 1562      22CA01AA 
 1562      98
 1563 0502 6D56D990 		.ascii	"mV\331\220%[!\253~\246\222\235\303\344=Eu\273FU\212"
 1563      255B21AB 
 1563      7EA6929D 
 1563      C3E43D45 
 1563      75BB4655 
 1564 0517 E881426E 		.ascii	"\350\201BnU\311\220\273b\203l\367\023\225\0149\220\372"
 1564      55C990BB 
 1564      62836CF7 
 1564      13950C39 
 1564      90FA
 1565 0529 15D56D1A 		.ascii	"\025\325m\032U\371,S\310\235\241\225\227/T\331\352&"
 1565      55F92C53 
 1565      C89DA195 
 1565      972F54D9 
 1565      EA26
 1566 053b 95EA56F5 		.ascii	"\225\352V\365\352dn\275\246B![(\200\331\021t\024\366"
 1566      EA646EBD 
 1566      A642215B 
 1566      2880D911 
 1566      7414F6
 1567 054e C5B7B80D 		.ascii	"\305\267\270\015\357\307\337\340C\370\000\336\215\217"
 1567      EFC7DFE0 
 1567      43F800DE 
 1567      8D8F
 1568 055c E13DB81D 		.ascii	"\341=\270\035\267\342\257\361a|\002\357\303G\360^|\034"
 1568      B7E2AFF1 
 1568      617C02EF 
 1568      C347F05E 
 1568      7C1C
 1569 056e 1FC45F29 		.ascii	"\037\304_)\207\331\240\022Q\243\246\335r2\237\311~?"
 1569      87D9A012 
 1569      51A3A6DD 
 1569      72329FC9 
 1569      7E3F
ARM GAS  /tmp/ccV6HDM7.s 			page 48


 1570 0580 D5641A27 		.ascii	"\325d\032'\266\273\\l\367\347x\003p\322\332\227\257"
 1570      B6BB5C6C 
 1570      F7E77803 
 1570      70D2DA97 
 1570      AF
 1571 0591 6972942D 		.ascii	"ir\224-\341\006\177E\263~\2746\300\223\370\277\214P"
 1571      E1067F45 
 1571      B37EBC36 
 1571      C093F8BF 
 1571      8C50
 1572 05a3 C0EFACBA 		.ascii	"\300\357\254\272\273F\257\356\354Sr\024\337\211;\360"
 1572      BB46AFEE 
 1572      EC537214 
 1572      DF893BF0 
 1573 05b3 D481B54D 		.ascii	"\324\201\265M\270\227\003\037\036\032p\267\021om\017"
 1573      B897031F 
 1573      1E1A70B7 
 1573      116F6D0F 
 1574 05c3 ADA7349F 		.ascii	"\255\2474\237\266\367TU\227\364x\306\371\012\331\355"
 1574      B6F75455 
 1574      97F478C6 
 1574      F90AD9ED 
 1575 05d3 E2A14F55 		.ascii	"\342\241OU\301tu\365Y/\366\363,\036J\213\306\322/\340"
 1575      C17475F5 
 1575      592FF6F3 
 1575      2C1E4A8B 
 1575      C6D22FE0 
 1576 05e7 5198458B 		.ascii	"Q\230E\213J\330{\371x\177\221\364s\372\020G\003%\264"
 1576      4AD87BF9 
 1576      787F91F4 
 1576      73FA1047 
 1576      0325B4
 1577 05fa 3EA0AB6D 		.ascii	">\240\253m\245%U4\265\272\272g\017sA\227\237\255)\215"
 1577      A5255534 
 1577      B5BABA67 
 1577      0F734197 
 1577      9FAD298D 
 1578 060e F4177578 		.ascii	"\364\027ux\374\255\364I?X\251\242\305\001\037\347\006"
 1578      FCADF449 
 1578      3F58A9A2 
 1578      C5011FE7 
 1578      06
 1579 061f 157780FA 		.ascii	"\025w\200\372\002\234\327_S\361Vq[\240\231\363\371\003"
 1579      029CD75F 
 1579      53F15671 
 1579      5BA099F3 
 1579      F903
 1580 0631 D4ED0F78 		.ascii	"\324\355\017x8wm\300\343\006\331'|\205m\360K\275\230"
 1580      38776DC0 
 1580      E306D927 
 1580      7C856DF0 
 1580      4BBD98
 1581 0644 B8699BC7 		.ascii	"\270i\233\307\347o\363\214\363\326\266Q_m\233'\312\317"
 1581      E76FF38C 
 1581      F3D6B651 
 1581      5F6D9B27 
 1581      CACF
ARM GAS  /tmp/ccV6HDM7.s 			page 49


 1582 0656 44046F61 		.ascii	"D\004oa\200z\375\305\304[\330\001\256\002\236(\246\016"
 1582      807AFDC5 
 1582      C45BD801 
 1582      AE029E28 
 1582      A60E
 1583 0668 3CF18202 		.ascii	"<\361\202\002L\320q^\010\334]K\275\343\334\265\305n"
 1583      4CD0715E 
 1583      08DC5D4B 
 1583      BDE3DCB5 
 1583      C56E
 1584 067a 37688E03 		.ascii	"7h\216\003\232V\326RO\224\257\266\030d\005\012\216\336"
 1584      9A56D652 
 1584      4F94AFB6 
 1584      1864050A 
 1584      8EDE
 1585 068c 10FF1000 		.ascii	"\020\377\020\000\023\030\276\236\027\360V\357W\247u"
 1585      1318BE9E 
 1585      17F056EF 
 1585      57A775
 1586 069b 3739F1D7 		.ascii	"79\361\327\\\260_\307=\346}\036q\223\243\310=8r*u\354"
 1586      5CB05FC7 
 1586      3DE67D1E 
 1586      7193A3C8 
 1586      3D38722A 
 1587 06b1 14C470EC 		.ascii	"\024\304p\354D\011\370\223\276\216V\376\227 w\205\322"
 1587      4409F893 
 1587      BE8E56FE 
 1587      97207785 
 1587      D2
 1588 06c2 472FA1B3 		.ascii	"G/\241\263\370{(q\020\243^\261\013\267[*\272u\321UU"
 1588      F87B2871 
 1588      10A35EB1 
 1588      0BB75B2A 
 1588      BA75D155 
 1589 06d7 B4AFF916 		.ascii	"\264\257\371\026}G\327^D\327Q\352}>\210;\241\237 q\016"
 1589      7D47D75E 
 1589      44D751EA 
 1589      7D3E883B 
 1589      A19F2071 
 1590 06ec 06A8039F 		.ascii	"\006\250\003\237\306\257\264\221ho\025\365\326\370\003"
 1590      C6AFB491 
 1590      686F15F5 
 1590      D6F803
 1591 06fb 98523E88 		.ascii	"\230R>\210\317(\002g$\001Dzu`\360H\305\232S\021\314"
 1591      CF280267 
 1591      2401447A 
 1591      7560F048 
 1591      C59A5311 
 1592 0710 60FD41B6 		.ascii	"`\375A\266\000Y\237\204 \356\226\204Q\267l\354\"!\003"
 1592      00599F84 
 1592      20EE9684 
 1592      51B76CEC 
 1592      222103
 1593 0723 4C7ABBB7 		.ascii	"Lz\273\267\266\031GW\301\331\326y\337{z\302\256\"\177"
 1593      B6194757 
 1593      C1D9D679 
 1593      DF7B7AC2 
ARM GAS  /tmp/ccV6HDM7.s 			page 50


 1593      AE227F
 1594 0736 7410FF20 		.ascii	"t\020\377 \013\377\300\026\312+;\010i\013\007\321\256"
 1594      0BFFC016 
 1594      CA2B3B08 
 1594      690B07D1 
 1594      AE
 1595 0747 1D5B0775 		.ascii	"\035[\007uL\264\261s\320\273\231\253\241-8\210{d\321"
 1595      4CB4B173 
 1595      D0BB99AB 
 1595      A12D3888 
 1595      7B64D1
 1596 075a 1E517433 		.ascii	"\036Qt3!\205\204%\025\374\361|\230$z\337\377gI\362\222"
 1596      21858425 
 1596      15FCF17C 
 1596      98247ADF 
 1596      FF6749F2 
 1597 076f 2C794994 		.ascii	",yI\224\334H\240\202\233\216w\205\253\0130\250\354\021"
 1597      DC48A082 
 1597      9B8E7785 
 1597      AB0B30A8 
 1597      EC11
 1598 0781 76C6BF4F 		.ascii	"v\306\277O\020Y\317,\225\265\264\326\350\364\010]\023"
 1598      1059CF2C 
 1598      95B5B4D6 
 1598      E8F4085D 
 1598      13
 1599 0792 9765656D 		.ascii	"\227eemC<\274\240\026\256\027\336\336\357+\377H?\262"
 1599      433CBCA0 
 1599      16AE17DE 
 1599      DEEF2BFF 
 1599      483FB2
 1600 07a5 B0BD18DD 		.ascii	"\260\275\030\335\200\007+U\337\355\217\032\372'\265"
 1600      80072B55 
 1600      DFED8F1A 
 1600      FA27B5
 1601 07b4 4A15DD83 		.ascii	"J\025\335\203{\361U1\204\353\370&\214\2442t\353\011"
 1601      7BF15531 
 1601      84EBF826 
 1601      8CA43274 
 1601      EB09
 1602 07c6 D54BC29D 		.ascii	"\325K\302\235\203\365\275\306\026I"
 1602      83F5BDC6 
 1602      1649
 1603 07d0 3839886F 		.ascii	"89\210oI\341\336\206\201$\272EO|\222hcU]\303f]\015\015"
 1603      49E1DE86 
 1603      8124BA45 
 1603      4F7C9268 
 1603      63555DC3 
 1604 07e8 406D7741 		.ascii	"@mwA\334w$\321\037a \211\256\326\223#\372\021\301\213"
 1604      DC7724D1 
 1604      1F612089 
 1604      AED69323 
 1604      FA11C18B 
 1605 07fc 3E6A3606 		.ascii	">j6\006\357\351\266\301\375\261\0046\310\357a\021\334"
 1605      EFE9B6C1 
 1605      FDB10436 
 1605      C8EF6111 
ARM GAS  /tmp/ccV6HDM7.s 			page 51


 1605      DC
 1606 080d 1555FBF0 		.ascii	"\025U\373\360=\030I\272{\365\244&b\024\335\372\241\315"
 1606      3D1849BA 
 1606      7BF5A426 
 1606      6214DDFA 
 1606      A1CD
 1607 081f F9521E41 		.ascii	"\371R\036A|_\324\352\307\017`$i\235\326\2235\021\222"
 1607      7C5FD4EA 
 1607      C70F6024 
 1607      699DD693 
 1607      351192
 1608 0832 8FAA3ADF 		.ascii	"\217\252:\337\011\335z\331\207\036|\014H\341\015\302"
 1608      09DD7AD9 
 1608      871E7C0C 
 1608      48E10DC2 
 1609 0842 40125EA1 		.ascii	"@\022^\241'[%a\326\311\273\334p&C\222(\345\207d\321"
 1609      275B2561 
 1609      D6C9BBDC 
 1609      70264392 
 1609      28E58764 
 1610 0857 0D7AB23F 		.ascii	"\015z\262?BI:\270%$i7/\212\026\362n^\022\255\321\223"
 1610      42493AB8 
 1610      25246937 
 1610      2F8A16F2 
 1610      6E5E12AD 
 1611 086d 73A3050E 		.ascii	"s\243\005\016I\373\0064I\027\211\252\305\374\022\276"
 1611      49FB0634 
 1611      491789AA 
 1611      C5FC12BE 
 1612 087d 48D60DE8 		.ascii	"H\326\015\350\311\335Q\223\336\270EM\272D\324*\345="
 1612      C9DD5193 
 1612      DEB8454D 
 1612      BA44D42A 
 1612      E53D
 1613 088f 7C89AC75 		.ascii	"|\211\254uXO\212\306 A\267\256\347\343\363\302o8.\022"
 1613      584F8AC6 
 1613      2041B7AE 
 1613      E7E3F3C2 
 1613      6F382E12 
 1614 08a3 00D13DF8 		.ascii	"\000\321=\370u\031\017\213\252\207\266@hSc\321R\276"
 1614      75190F8B 
 1614      AA87B640 
 1614      685363D1 
 1614      52BE
 1615 08b5 8C47E5FC 		.ascii	"\214G\345\3742\036\227\301\357\222O>]U\250\374\364x"
 1615      321E97C1 
 1615      EF924F3E 
 1615      5D55A8FC 
 1615      F478
 1616 08c7 A38C9716 		.ascii	"\243\214\227\026M\005\257\374\251\254\023\260\373\362"
 1616      4D05AFFC 
 1616      A9AC13B0 
 1616      FBF2
 1617 08d5 F1D5FFF2 		.ascii	"\361\325\377\362\277\004o\363\310\370\026\017\002\341"
 1617      BF046FF3 
 1617      C8F8160F 
 1617      02E1
ARM GAS  /tmp/ccV6HDM7.s 			page 52


 1618 08e3 B0A99F13 		.ascii	"\260\251\237\023p\335\347\353\266\215\0316\343\343\275"
 1618      70DDE7EB 
 1618      B68D1936 
 1618      E3E3BD
 1619 08f2 3C42CB79 		.ascii	"<B\313y&\207\220\336\234dI2\277\234\2248->&\306\000"
 1619      268790DE 
 1619      9C644932 
 1619      BF9C9438 
 1619      2D3E26C6 
 1620 0907 FF32B3B2 		.ascii	"\3772\263\262gg\333\235V\227\243 o\276\301\3564de\344"
 1620      6767DB9D 
 1620      5697A320 
 1620      6FBEC1EE 
 1620      346465E4 
 1621 091b 18F2ED0E 		.ascii	"\030\362\355\016\227\323`\231\225\026\027kHMM4X^\263"
 1621      97D36099 
 1621      9516176B 
 1621      484D4D34 
 1621      585EB3
 1622 092e CC4A31BD 		.ascii	"\314J1\275\260\300\310X\253\323e\315\311\231\023\223"
 1622      B0C0C858 
 1622      ABD365CD 
 1622      C9991393 
 1623 093e 4966BCF8 		.ascii	"If\274\370\322\004\223q\032z<t6f\252-n\332\263qS\246"
 1623      D2049371 
 1623      1A7A3C74 
 1623      3666AA2D 
 1623      6EDAB371 
 1624 0954 2252909D 		.ascii	"\"R\220\235\347\212\213\265\272\"\322SSSb-\246\3513"
 1624      E78A8BB5 
 1624      BA22D253 
 1624      5353622D 
 1624      A6E933
 1625 0967 CC61168B 		.ascii	"\314a\026\213i\206Y\215\342Y\336d1\013\011\211\246\341"
 1625      6986598D 
 1625      E259DE64 
 1625      310B0989 
 1625      A6E1
 1626 0979 A9A9FAF8 		.ascii	"\251\251\372\370\364\204\330\324\364\244\027\315ld\224"
 1626      F484D8D4 
 1626      F4A417CD 
 1626      6C6494
 1627 0988 460A3B45 		.ascii	"F\012;E\037\237\234\020'\263\311\252\\\362H\271\270"
 1627      1F9F9C10 
 1627      27B3C9AA 
 1627      5CF248B9 
 1627      B8
 1628 0999 70660566 		.ascii	"pf\005f\330\323\030\312\304\2063\013\"\223,K$k%\214"
 1628      D8D318CA 
 1628      C486330B 
 1628      22932C4B 
 1628      246B258C 
 1629 09ad 84E99A2D 		.ascii	"\204\351\232-\263\314l`d\003\225\233L\230\266\304%+"
 1629      B3CC6C60 
 1629      6403959B 
 1629      4C98B6C4 
 1629      252B
ARM GAS  /tmp/ccV6HDM7.s 			page 53


 1630 09bf 42C99210 		.ascii	"B\311\222\020oJ1\013,\311p\310\227=\261\311\034\236"
 1630      6F4A310B 
 1630      2CC970C8 
 1630      973DB1C9 
 1630      1C9E
 1631 09d1 687A810D 		.ascii	"hz\201\015-\206,{\256\315\340\260\3176\244;\354o\332"
 1631      2D862C7B 
 1631      AECDE0B0 
 1631      CF36A43B 
 1631      EC6FDA
 1632 09e4 32A1BE26 		.ascii	"2\241\276&Vz\213\253`N\266=tl\215\2153,\264;\346;\363"
 1632      567A8BAB 
 1632      604EB63D 
 1632      746C8D8D 
 1632      332CB43B 
 1633 09fb 33326D72 		.ascii	"32mr_\304VXg\244\247$X\347f;r\027f8l\006\364\307\237"
 1633      5FC45658 
 1633      67A4A724 
 1633      58E7663B 
 1633      72176638 
 1634 0a14 E860A63D 		.ascii	"\350`\246=7\327\236g\260-r\201\236\244:}\312\242E\006"
 1634      37D79E67 
 1634      B02D7281 
 1634      9EA43A7D 
 1634      CAA24506 
 1635 0a28 A72B372E 		.ascii	"\247+7.v\356\224\311\306E\266\230,4\306l2Yg-\316\267"
 1635      76EE94C9 
 1635      C645B698 
 1635      2C34C66C 
 1635      3259672D 
 1636 0a3e 25DAE6EA 		.ascii	"%\332\346\352X\236\323_\327\245$\232f&&\261\267\330"
 1636      589ED35F 
 1636      D7A5249A 
 1636      662626B1 
 1636      B7D8
 1637 0a50 E9AFFF22 		.ascii	"\351\257\377\"1aF\232\351%E&\314dJ3\307\341\231f!1-"
 1637      3161469A 
 1637      E9254526 
 1637      CC644A33 
 1637      C7E19966 
 1638 0a67 DECC43CB 		.ascii	"\336\314C\313\240o,i\223\2317\003\342\315f>\335b\342"
 1638      A06F2C69 
 1638      93993703 
 1638      E2CD663E 
 1638      DD62E2
 1639 0a7a 4D2FCE12 		.ascii	"M/\316\022L\246$\263(\037+~\033\371$(\0064:1%\311,X"
 1639      4CA624B3 
 1639      281F2B7E 
 1639      1BF92428 
 1639      06343A31 
 1640 0a92 D240DA64 		.ascii	"\322@\332d\216\005\030A\362U\363O\3451\332J\234\225"
 1640      8E051841 
 1640      F255F34F 
 1640      E531DA4A 
 1640      9C95
 1641 0aa4 9206AB50 		.ascii	"\222\006\253P\314\304\352\312\316ey\250/V\027o|\026"
 1641      CCC4EACA 
ARM GAS  /tmp/ccV6HDM7.s 			page 54


 1641      CE6579A8 
 1641      2F56176F 
 1641      7C16
 1642 0ab6 E9331CB9 		.ascii	"\3513\034\271\013\246\331&\345\242\210LP\266-\232\224"
 1642      0BA6D926 
 1642      E5A2884C 
 1642      50B62D9A 
 1642      94
 1643 0ac7 3B05FD4A 		.ascii	";\005\375JZ\235V\247\315\261\300f\205eis8\012\362]1"
 1643      5A9D56A7 
 1643      CDB1C066 
 1643      85656973 
 1643      380AF25D 
 1644 0adc F9190E57 		.ascii	"\371\031\016W\314\344\307Gg\023\376\347\035\302\202"
 1644      CCE4C747 
 1644      6713FEE7 
 1644      1DC282
 1645 0aeb 132D67E7 		.ascii	"\023-g\347e\273\236\264Z\347\314\236g\315\314\262e\316"
 1645      65BB9EB4 
 1645      5AE7CC9E 
 1645      67CDCCB2 
 1645      65CE
 1646 0afd B7E6D8E1 		.ascii	"\267\346\330\341k\256\303\236k\315v:\376\360\023\216"
 1646      6BAEC39E 
 1646      6BCD763A 
 1646      FEF0138E 
 1647 0b0d 1C2E4376 		.ascii	"\034.Cv^fN\301\034\033psl\263\013\346A\276\017gfY\026"
 1647      5E664EC1 
 1647      1C1B7073 
 1647      6CB30BE6 
 1647      41BE0F67 
 1648 0b24 3B6765E7 		.ascii	";ge\347\332\034\311\031ysrl\216\224\211\377\211\276"
 1648      DA1CC919 
 1648      7973726C 
 1648      8E9489FF 
 1648      89BE
 1649 0b36 73B113B4 		.ascii	"s\261\023\264\237\016\015\242 O\023\306CV\250\200\313"
 1649      9F0E0DA2 
 1649      204F13C6 
 1649      4356A880 
 1649      CB
 1650 0b47 9A106F49 		.ascii	"\232\020oIJ7\247<\224\221\2630c\261\023B\317\311\316"
 1650      4A37A73C 
 1650      9491B330 
 1650      63B11342 
 1650      CFC9CE
 1651 0b5a B325FDFB 		.ascii	"\263%\375\373\265\026oN3\230\322,)\026\203\311\016\313"
 1651      B5166F4E 
 1651      3398D22C 
 1651      291683C9 
 1651      0ECB
 1652 0b6c 3345F19C 		.ascii	"3E\361\234\353\314vZ\347ef\202\367(1\366Tp:\035|\246"
 1652      EBCC765A 
 1652      E7656682 
 1652      F72831F6 
 1652      54703A1D 
 1653 0b82 58CC0FDB 		.ascii	"X\314\017\333\235\0319\332\251\230\237\251:\223\206"
ARM GAS  /tmp/ccV6HDM7.s 			page 55


 1653      9D1939DA 
 1653      A9989FA9 
 1653      3A9386
 1654 0b91 AC26E565 		.ascii	"\254&\345eKcV\016\326\011m9\247\376|\254R\353 \332\005"
 1654      4B63560E 
 1654      D6096D39 
 1654      A7FE7CAC 
 1654      52EB20DA 
 1655 0ba6 D326A581 		.ascii	"\323&\245\201\024\254\022\266\037\364\252\241G\230\351"
 1655      14AC12B6 
 1655      1FF4AAA1 
 1655      4798E9
 1656 0bb5 99DA124B 		.ascii	"\231\332\022KU\177I,\230\034\350\243r\354\332I\321\312"
 1656      557F492C 
 1656      981CE8A3 
 1656      72ECDA49 
 1656      D1CA
 1657 0bc7 88C28E09 		.ascii	"\210\302\216\011\231\0242\2632\034\377\004h\226\314"
 1657      991432B3 
 1657      321CFF04 
 1657      6896CC
 1658 0bd6 37       		.ascii	"7"
 1659              		.text
 1660              		.section	.gnu.lto_.symtab.7be2dba34920dfb7,"e",%progbits
 1661 0000 73745F6C 		.ascii	"st_lld_init\000"
 1661      6C645F69 
 1661      6E697400 
 1662 000c 00       		.ascii	"\000"
 1663 000d 00       		.ascii	"\000"
 1664 000e 00       		.ascii	"\000"
 1665 000f 00000000 		.ascii	"\000\000\000\000\000\000\000\000"
 1665      00000000 
 1666 0017 64010000 		.ascii	"d\001\000\000"
 1667 001b 73745F6C 		.ascii	"st_lld_serve_interrupt\000"
 1667      6C645F73 
 1667      65727665 
 1667      5F696E74 
 1667      65727275 
 1668 0032 00       		.ascii	"\000"
 1669 0033 00       		.ascii	"\000"
 1670 0034 00       		.ascii	"\000"
 1671 0035 00000000 		.ascii	"\000\000\000\000\000\000\000\000"
 1671      00000000 
 1672 003d 61010000 		.ascii	"a\001\000\000"
 1673 0041 5F5F6462 		.ascii	"__dbg_check_lock_from_isr\000"
 1673      675F6368 
 1673      65636B5F 
 1673      6C6F636B 
 1673      5F66726F 
 1674 005b 00       		.ascii	"\000"
 1675 005c 02       		.ascii	"\002"
 1676 005d 00       		.ascii	"\000"
 1677 005e 00000000 		.ascii	"\000\000\000\000\000\000\000\000"
 1677      00000000 
 1678 0066 66010000 		.ascii	"f\001\000\000"
 1679 006a 63685379 		.ascii	"chSysTimerHandlerI\000"
 1679      7354696D 
ARM GAS  /tmp/ccV6HDM7.s 			page 56


 1679      65724861 
 1679      6E646C65 
 1679      724900
 1680 007d 00       		.ascii	"\000"
 1681 007e 02       		.ascii	"\002"
 1682 007f 00       		.ascii	"\000"
 1683 0080 00000000 		.ascii	"\000\000\000\000\000\000\000\000"
 1683      00000000 
 1684 0088 68010000 		.ascii	"h\001\000\000"
 1685 008c 5F5F6462 		.ascii	"__dbg_check_unlock_from_isr\000"
 1685      675F6368 
 1685      65636B5F 
 1685      756E6C6F 
 1685      636B5F66 
 1686 00a8 00       		.ascii	"\000"
 1687 00a9 02       		.ascii	"\002"
 1688 00aa 00       		.ascii	"\000"
 1689 00ab 00000000 		.ascii	"\000\000\000\000\000\000\000\000"
 1689      00000000 
 1690 00b3 6A010000 		.ascii	"j\001\000\000"
 1691              		.text
 1692              		.section	.gnu.lto_.ext_symtab.7be2dba34920dfb7,"e",%progbits
 1693 0000 01       		.ascii	"\001"
 1694 0001 01       		.ascii	"\001"
 1695 0002 00       		.ascii	"\000"
 1696 0003 01       		.ascii	"\001"
 1697 0004 00       		.ascii	"\000"
 1698 0005 01       		.ascii	"\001"
 1699 0006 00       		.ascii	"\000"
 1700 0007 01       		.ascii	"\001"
 1701 0008 00       		.ascii	"\000"
 1702 0009 01       		.ascii	"\001"
 1703 000a 00       		.ascii	"\000"
 1704              		.text
 1705              		.section	.gnu.lto_.opts,"e",%progbits
 1706 0000 272D666E 		.ascii	"'-fno-openmp' '-fno-openacc' '-fno-pie' '-fcf-prote"
 1706      6F2D6F70 
 1706      656E6D70 
 1706      2720272D 
 1706      666E6F2D 
 1707 0033 6374696F 		.ascii	"ction=none' '-g' '-mcpu=cortex-m4' '-mthumb' '-mflo"
 1707      6E3D6E6F 
 1707      6E652720 
 1707      272D6727 
 1707      20272D6D 
 1708 0066 61742D61 		.ascii	"at-abi=soft' '-mlibarch=armv7e-m' '-march=armv7e-m'"
 1708      62693D73 
 1708      6F667427 
 1708      20272D6D 
 1708      6C696261 
 1709 0099 20272D4F 		.ascii	" '-O2' '-fomit-frame-pointer' '-falign-functions=16"
 1709      32272027 
 1709      2D666F6D 
 1709      69742D66 
 1709      72616D65 
 1710 00cc 2720272D 		.ascii	"' '-ffunction-sections' '-fdata-sections' '-fno-com"
 1710      6666756E 
ARM GAS  /tmp/ccV6HDM7.s 			page 57


 1710      6374696F 
 1710      6E2D7365 
 1710      6374696F 
 1711 00ff 6D6F6E27 		.ascii	"mon' '-flto' '-Xassembler' '-alms=./build/lst/hal_s"
 1711      20272D66 
 1711      6C746F27 
 1711      20272D58 
 1711      61737365 
 1712 0132 745F6C6C 		.ascii	"t_lld.lst'\000"
 1712      642E6C73 
 1712      742700
 1713              		.text
 1714              		.comm	__gnu_lto_slim,1,1
 1715              		.ident	"GCC: (Arm GNU Toolchain 11.3.Rel1) 11.3.1 20220712"
ARM GAS  /tmp/ccV6HDM7.s 			page 58


DEFINED SYMBOLS
                            *ABS*:0000000000000000 hal_st_lld.c
     /tmp/ccV6HDM7.s:28     .gnu.debuglto_.debug_info:0000000000000000 hal_st_lld.c.5e376345
                            *COM*:0000000000000001 __gnu_lto_slim

NO UNDEFINED SYMBOLS
