ARM GAS  /tmp/ccBEvDSI.s 			page 1


   1              		.cpu cortex-m4
   2              		.arch armv7e-m
   3              		.fpu softvfp
   4              		.eabi_attribute 20, 1
   5              		.eabi_attribute 21, 1
   6              		.eabi_attribute 23, 3
   7              		.eabi_attribute 24, 1
   8              		.eabi_attribute 25, 1
   9              		.eabi_attribute 26, 1
  10              		.eabi_attribute 30, 2
  11              		.eabi_attribute 34, 1
  12              		.eabi_attribute 18, 4
  13              		.file	"nvic.c"
  14              		.file 1 "/home/rob/Projects/ChibiStudio/ChibiStudio_23/tools/GNU Tools ARM Embedded/11.3.1 2022q3/
  15              		.file 2 "/home/rob/Projects/ChibiStudio/ChibiStudio_23/tools/GNU Tools ARM Embedded/11.3.1 2022q3/
  16              		.file 3 "../../chibios_trunk/os/common/ext/ARM/CMSIS/Core/Include/core_cm4.h"
  17              		.file 4 "../../chibios_trunk/os/hal/ports/common/ARMCMx/nvic.c"
  18              		.file 5 "../../chibios_trunk/os/rt/include/chearly.h"
  19              		.section	.gnu.debuglto_.debug_info,"e",%progbits
  20              	.Ldebug_info0:
  21              		.hidden	nvic.c.a0e1227e
  22              		.weak	nvic.c.a0e1227e
  23              	nvic.c.a0e1227e:
  24 0000 6F040000 		.4byte	0x46f
  25 0004 0500     		.2byte	0x5
  26 0006 01       		.byte	0x1
  27 0007 04       		.byte	0x4
  28 0008 00000000 		.4byte	.Ldebug_abbrev0
  29 000c 10       		.uleb128 0x10
  30 000d 28000000 		.4byte	.LASF54
  31 0011 1D       		.byte	0x1d
  32 0012 11030000 		.4byte	.LASF55
  33 0016 7A020000 		.4byte	.LASF56
  34 001a 00000000 		.4byte	.Ldebug_line0
  35 001e 11       		.uleb128 0x11
  36 001f 04       		.byte	0x4
  37 0020 05       		.byte	0x5
  38 0021 696E7400 		.ascii	"int\000"
  39 0025 02       		.uleb128 0x2
  40 0026 04       		.byte	0x4
  41 0027 07       		.byte	0x7
  42 0028 1B020000 		.4byte	.LASF0
  43 002c 02       		.uleb128 0x2
  44 002d 08       		.byte	0x8
  45 002e 05       		.byte	0x5
  46 002f 7E010000 		.4byte	.LASF1
  47 0033 02       		.uleb128 0x2
  48 0034 08       		.byte	0x8
  49 0035 04       		.byte	0x4
  50 0036 64010000 		.4byte	.LASF2
  51 003a 02       		.uleb128 0x2
  52 003b 01       		.byte	0x1
  53 003c 06       		.byte	0x6
  54 003d F2010000 		.4byte	.LASF3
  55 0041 0A       		.uleb128 0xa
  56 0042 9A010000 		.4byte	.LASF8
  57 0046 01       		.byte	0x1
ARM GAS  /tmp/ccBEvDSI.s 			page 2


  58 0047 2B       		.byte	0x2b
  59 0048 18       		.byte	0x18
  60 0049 4D000000 		.4byte	0x4d
  61 004d 02       		.uleb128 0x2
  62 004e 01       		.byte	0x1
  63 004f 08       		.byte	0x8
  64 0050 A9010000 		.4byte	.LASF4
  65 0054 02       		.uleb128 0x2
  66 0055 02       		.byte	0x2
  67 0056 05       		.byte	0x5
  68 0057 E9000000 		.4byte	.LASF5
  69 005b 02       		.uleb128 0x2
  70 005c 02       		.byte	0x2
  71 005d 07       		.byte	0x7
  72 005e 32020000 		.4byte	.LASF6
  73 0062 02       		.uleb128 0x2
  74 0063 04       		.byte	0x4
  75 0064 05       		.byte	0x5
  76 0065 91010000 		.4byte	.LASF7
  77 0069 0A       		.uleb128 0xa
  78 006a 0B010000 		.4byte	.LASF9
  79 006e 01       		.byte	0x1
  80 006f 4F       		.byte	0x4f
  81 0070 19       		.byte	0x19
  82 0071 75000000 		.4byte	0x75
  83 0075 02       		.uleb128 0x2
  84 0076 04       		.byte	0x4
  85 0077 07       		.byte	0x7
  86 0078 FF020000 		.4byte	.LASF10
  87 007c 02       		.uleb128 0x2
  88 007d 08       		.byte	0x8
  89 007e 07       		.byte	0x7
  90 007f FE010000 		.4byte	.LASF11
  91 0083 0A       		.uleb128 0xa
  92 0084 3C010000 		.4byte	.LASF12
  93 0088 02       		.byte	0x2
  94 0089 18       		.byte	0x18
  95 008a 13       		.byte	0x13
  96 008b 41000000 		.4byte	0x41
  97 008f 05       		.uleb128 0x5
  98 0090 83000000 		.4byte	0x83
  99 0094 0A       		.uleb128 0xa
 100 0095 09000000 		.4byte	.LASF13
 101 0099 02       		.byte	0x2
 102 009a 30       		.byte	0x30
 103 009b 14       		.byte	0x14
 104 009c 69000000 		.4byte	0x69
 105 00a0 05       		.uleb128 0x5
 106 00a1 94000000 		.4byte	0x94
 107 00a5 07       		.uleb128 0x7
 108 00a6 A0000000 		.4byte	0xa0
 109 00aa 12       		.uleb128 0x12
 110 00ab 04       		.byte	0x4
 111 00ac B7000000 		.4byte	0xb7
 112 00b0 02       		.uleb128 0x2
 113 00b1 01       		.byte	0x1
 114 00b2 08       		.byte	0x8
ARM GAS  /tmp/ccBEvDSI.s 			page 3


 115 00b3 45020000 		.4byte	.LASF14
 116 00b7 07       		.uleb128 0x7
 117 00b8 B0000000 		.4byte	0xb0
 118 00bc 13       		.uleb128 0x13
 119 00bd 040E     		.2byte	0xe04
 120 00bf 03       		.byte	0x3
 121 00c0 9601     		.2byte	0x196
 122 00c2 09       		.byte	0x9
 123 00c3 6E010000 		.4byte	0x16e
 124 00c7 01       		.uleb128 0x1
 125 00c8 37010000 		.4byte	.LASF15
 126 00cc 9801     		.2byte	0x198
 127 00ce 7E010000 		.4byte	0x17e
 128 00d2 00       		.byte	0
 129 00d3 01       		.uleb128 0x1
 130 00d4 CD020000 		.4byte	.LASF16
 131 00d8 9901     		.2byte	0x199
 132 00da 83010000 		.4byte	0x183
 133 00de 20       		.byte	0x20
 134 00df 01       		.uleb128 0x1
 135 00e0 28020000 		.4byte	.LASF17
 136 00e4 9A01     		.2byte	0x19a
 137 00e6 7E010000 		.4byte	0x17e
 138 00ea 80       		.byte	0x80
 139 00eb 01       		.uleb128 0x1
 140 00ec 75010000 		.4byte	.LASF18
 141 00f0 9B01     		.2byte	0x19b
 142 00f2 83010000 		.4byte	0x183
 143 00f6 A0       		.byte	0xa0
 144 00f7 06       		.uleb128 0x6
 145 00f8 65020000 		.4byte	.LASF19
 146 00fc 9C01     		.2byte	0x19c
 147 00fe 7E010000 		.4byte	0x17e
 148 0102 0001     		.2byte	0x100
 149 0104 06       		.uleb128 0x6
 150 0105 D7020000 		.4byte	.LASF20
 151 0109 9D01     		.2byte	0x19d
 152 010b 83010000 		.4byte	0x183
 153 010f 2001     		.2byte	0x120
 154 0111 06       		.uleb128 0x6
 155 0112 ED010000 		.4byte	.LASF21
 156 0116 9E01     		.2byte	0x19e
 157 0118 7E010000 		.4byte	0x17e
 158 011c 8001     		.2byte	0x180
 159 011e 06       		.uleb128 0x6
 160 011f E1020000 		.4byte	.LASF22
 161 0123 9F01     		.2byte	0x19f
 162 0125 83010000 		.4byte	0x183
 163 0129 A001     		.2byte	0x1a0
 164 012b 06       		.uleb128 0x6
 165 012c 12000000 		.4byte	.LASF23
 166 0130 A001     		.2byte	0x1a0
 167 0132 7E010000 		.4byte	0x17e
 168 0136 0002     		.2byte	0x200
 169 0138 06       		.uleb128 0x6
 170 0139 EB020000 		.4byte	.LASF24
 171 013d A101     		.2byte	0x1a1
ARM GAS  /tmp/ccBEvDSI.s 			page 4


 172 013f 93010000 		.4byte	0x193
 173 0143 2002     		.2byte	0x220
 174 0145 14       		.uleb128 0x14
 175 0146 495000   		.ascii	"IP\000"
 176 0149 03       		.byte	0x3
 177 014a A201     		.2byte	0x1a2
 178 014c 12       		.byte	0x12
 179 014d B3010000 		.4byte	0x1b3
 180 0151 0003     		.2byte	0x300
 181 0153 06       		.uleb128 0x6
 182 0154 F5020000 		.4byte	.LASF25
 183 0158 A301     		.2byte	0x1a3
 184 015a B8010000 		.4byte	0x1b8
 185 015e F003     		.2byte	0x3f0
 186 0160 06       		.uleb128 0x6
 187 0161 53010000 		.4byte	.LASF26
 188 0165 A401     		.2byte	0x1a4
 189 0167 A0000000 		.4byte	0xa0
 190 016b 000E     		.2byte	0xe00
 191 016d 00       		.byte	0
 192 016e 03       		.uleb128 0x3
 193 016f A0000000 		.4byte	0xa0
 194 0173 7E010000 		.4byte	0x17e
 195 0177 04       		.uleb128 0x4
 196 0178 25000000 		.4byte	0x25
 197 017c 07       		.byte	0x7
 198 017d 00       		.byte	0
 199 017e 05       		.uleb128 0x5
 200 017f 6E010000 		.4byte	0x16e
 201 0183 03       		.uleb128 0x3
 202 0184 94000000 		.4byte	0x94
 203 0188 93010000 		.4byte	0x193
 204 018c 04       		.uleb128 0x4
 205 018d 25000000 		.4byte	0x25
 206 0191 17       		.byte	0x17
 207 0192 00       		.byte	0
 208 0193 03       		.uleb128 0x3
 209 0194 94000000 		.4byte	0x94
 210 0198 A3010000 		.4byte	0x1a3
 211 019c 04       		.uleb128 0x4
 212 019d 25000000 		.4byte	0x25
 213 01a1 37       		.byte	0x37
 214 01a2 00       		.byte	0
 215 01a3 03       		.uleb128 0x3
 216 01a4 8F000000 		.4byte	0x8f
 217 01a8 B3010000 		.4byte	0x1b3
 218 01ac 04       		.uleb128 0x4
 219 01ad 25000000 		.4byte	0x25
 220 01b1 EF       		.byte	0xef
 221 01b2 00       		.byte	0
 222 01b3 05       		.uleb128 0x5
 223 01b4 A3010000 		.4byte	0x1a3
 224 01b8 03       		.uleb128 0x3
 225 01b9 94000000 		.4byte	0x94
 226 01bd C9010000 		.4byte	0x1c9
 227 01c1 15       		.uleb128 0x15
 228 01c2 25000000 		.4byte	0x25
ARM GAS  /tmp/ccBEvDSI.s 			page 5


 229 01c6 8302     		.2byte	0x283
 230 01c8 00       		.byte	0
 231 01c9 0C       		.uleb128 0xc
 232 01ca E3010000 		.4byte	.LASF27
 233 01ce A501     		.2byte	0x1a5
 234 01d0 04       		.byte	0x4
 235 01d1 BC000000 		.4byte	0xbc
 236 01d5 0E       		.uleb128 0xe
 237 01d6 8C       		.byte	0x8c
 238 01d7 B801     		.2byte	0x1b8
 239 01d9 DA020000 		.4byte	0x2da
 240 01dd 01       		.uleb128 0x1
 241 01de 31010000 		.4byte	.LASF28
 242 01e2 BA01     		.2byte	0x1ba
 243 01e4 A5000000 		.4byte	0xa5
 244 01e8 00       		.byte	0
 245 01e9 01       		.uleb128 0x1
 246 01ea 70010000 		.4byte	.LASF29
 247 01ee BB01     		.2byte	0x1bb
 248 01f0 A0000000 		.4byte	0xa0
 249 01f4 04       		.byte	0x4
 250 01f5 01       		.uleb128 0x1
 251 01f6 4A020000 		.4byte	.LASF30
 252 01fa BC01     		.2byte	0x1bc
 253 01fc A0000000 		.4byte	0xa0
 254 0200 08       		.byte	0x8
 255 0201 01       		.uleb128 0x1
 256 0202 B7010000 		.4byte	.LASF31
 257 0206 BD01     		.2byte	0x1bd
 258 0208 A0000000 		.4byte	0xa0
 259 020c 0C       		.byte	0xc
 260 020d 08       		.uleb128 0x8
 261 020e 53435200 		.ascii	"SCR\000"
 262 0212 BE01     		.2byte	0x1be
 263 0214 A0000000 		.4byte	0xa0
 264 0218 10       		.byte	0x10
 265 0219 08       		.uleb128 0x8
 266 021a 43435200 		.ascii	"CCR\000"
 267 021e BF01     		.2byte	0x1bf
 268 0220 A0000000 		.4byte	0xa0
 269 0224 14       		.byte	0x14
 270 0225 08       		.uleb128 0x8
 271 0226 53485000 		.ascii	"SHP\000"
 272 022a C001     		.2byte	0x1c0
 273 022c EA020000 		.4byte	0x2ea
 274 0230 18       		.byte	0x18
 275 0231 01       		.uleb128 0x1
 276 0232 15020000 		.4byte	.LASF32
 277 0236 C101     		.2byte	0x1c1
 278 0238 A0000000 		.4byte	0xa0
 279 023c 24       		.byte	0x24
 280 023d 01       		.uleb128 0x1
 281 023e A4010000 		.4byte	.LASF33
 282 0242 C201     		.2byte	0x1c2
 283 0244 A0000000 		.4byte	0xa0
 284 0248 28       		.byte	0x28
 285 0249 01       		.uleb128 0x1
ARM GAS  /tmp/ccBEvDSI.s 			page 6


 286 024a 75020000 		.4byte	.LASF34
 287 024e C301     		.2byte	0x1c3
 288 0250 A0000000 		.4byte	0xa0
 289 0254 2C       		.byte	0x2c
 290 0255 01       		.uleb128 0x1
 291 0256 6A020000 		.4byte	.LASF35
 292 025a C401     		.2byte	0x1c4
 293 025c A0000000 		.4byte	0xa0
 294 0260 30       		.byte	0x30
 295 0261 01       		.uleb128 0x1
 296 0262 E3000000 		.4byte	.LASF36
 297 0266 C501     		.2byte	0x1c5
 298 0268 A0000000 		.4byte	0xa0
 299 026c 34       		.byte	0x34
 300 026d 01       		.uleb128 0x1
 301 026e 8C010000 		.4byte	.LASF37
 302 0272 C601     		.2byte	0x1c6
 303 0274 A0000000 		.4byte	0xa0
 304 0278 38       		.byte	0x38
 305 0279 01       		.uleb128 0x1
 306 027a 4C030000 		.4byte	.LASF38
 307 027e C701     		.2byte	0x1c7
 308 0280 A0000000 		.4byte	0xa0
 309 0284 3C       		.byte	0x3c
 310 0285 08       		.uleb128 0x8
 311 0286 50465200 		.ascii	"PFR\000"
 312 028a C801     		.2byte	0x1c8
 313 028c 04030000 		.4byte	0x304
 314 0290 40       		.byte	0x40
 315 0291 08       		.uleb128 0x8
 316 0292 44465200 		.ascii	"DFR\000"
 317 0296 C901     		.2byte	0x1c9
 318 0298 A5000000 		.4byte	0xa5
 319 029c 48       		.byte	0x48
 320 029d 08       		.uleb128 0x8
 321 029e 41445200 		.ascii	"ADR\000"
 322 02a2 CA01     		.2byte	0x1ca
 323 02a4 A5000000 		.4byte	0xa5
 324 02a8 4C       		.byte	0x4c
 325 02a9 01       		.uleb128 0x1
 326 02aa 47030000 		.4byte	.LASF39
 327 02ae CB01     		.2byte	0x1cb
 328 02b0 1E030000 		.4byte	0x31e
 329 02b4 50       		.byte	0x50
 330 02b5 01       		.uleb128 0x1
 331 02b6 60020000 		.4byte	.LASF40
 332 02ba CC01     		.2byte	0x1cc
 333 02bc 38030000 		.4byte	0x338
 334 02c0 60       		.byte	0x60
 335 02c1 01       		.uleb128 0x1
 336 02c2 CD020000 		.4byte	.LASF16
 337 02c6 CD01     		.2byte	0x1cd
 338 02c8 3D030000 		.4byte	0x33d
 339 02cc 74       		.byte	0x74
 340 02cd 01       		.uleb128 0x1
 341 02ce 51030000 		.4byte	.LASF41
 342 02d2 CE01     		.2byte	0x1ce
ARM GAS  /tmp/ccBEvDSI.s 			page 7


 343 02d4 A0000000 		.4byte	0xa0
 344 02d8 88       		.byte	0x88
 345 02d9 00       		.byte	0
 346 02da 03       		.uleb128 0x3
 347 02db 8F000000 		.4byte	0x8f
 348 02df EA020000 		.4byte	0x2ea
 349 02e3 04       		.uleb128 0x4
 350 02e4 25000000 		.4byte	0x25
 351 02e8 0B       		.byte	0xb
 352 02e9 00       		.byte	0
 353 02ea 05       		.uleb128 0x5
 354 02eb DA020000 		.4byte	0x2da
 355 02ef 03       		.uleb128 0x3
 356 02f0 A5000000 		.4byte	0xa5
 357 02f4 FF020000 		.4byte	0x2ff
 358 02f8 04       		.uleb128 0x4
 359 02f9 25000000 		.4byte	0x25
 360 02fd 01       		.byte	0x1
 361 02fe 00       		.byte	0
 362 02ff 07       		.uleb128 0x7
 363 0300 EF020000 		.4byte	0x2ef
 364 0304 05       		.uleb128 0x5
 365 0305 FF020000 		.4byte	0x2ff
 366 0309 03       		.uleb128 0x3
 367 030a A5000000 		.4byte	0xa5
 368 030e 19030000 		.4byte	0x319
 369 0312 04       		.uleb128 0x4
 370 0313 25000000 		.4byte	0x25
 371 0317 03       		.byte	0x3
 372 0318 00       		.byte	0
 373 0319 07       		.uleb128 0x7
 374 031a 09030000 		.4byte	0x309
 375 031e 05       		.uleb128 0x5
 376 031f 19030000 		.4byte	0x319
 377 0323 03       		.uleb128 0x3
 378 0324 A5000000 		.4byte	0xa5
 379 0328 33030000 		.4byte	0x333
 380 032c 04       		.uleb128 0x4
 381 032d 25000000 		.4byte	0x25
 382 0331 04       		.byte	0x4
 383 0332 00       		.byte	0
 384 0333 07       		.uleb128 0x7
 385 0334 23030000 		.4byte	0x323
 386 0338 05       		.uleb128 0x5
 387 0339 33030000 		.4byte	0x333
 388 033d 03       		.uleb128 0x3
 389 033e 94000000 		.4byte	0x94
 390 0342 4D030000 		.4byte	0x34d
 391 0346 04       		.uleb128 0x4
 392 0347 25000000 		.4byte	0x25
 393 034b 04       		.byte	0x4
 394 034c 00       		.byte	0
 395 034d 0C       		.uleb128 0xc
 396 034e 00000000 		.4byte	.LASF42
 397 0352 CF01     		.2byte	0x1cf
 398 0354 03       		.byte	0x3
 399 0355 D5010000 		.4byte	0x1d5
ARM GAS  /tmp/ccBEvDSI.s 			page 8


 400 0359 0E       		.uleb128 0xe
 401 035a 0C       		.byte	0xc
 402 035b CF02     		.2byte	0x2cf
 403 035d 86030000 		.4byte	0x386
 404 0361 01       		.uleb128 0x1
 405 0362 CD020000 		.4byte	.LASF16
 406 0366 D102     		.2byte	0x2d1
 407 0368 86030000 		.4byte	0x386
 408 036c 00       		.byte	0
 409 036d 01       		.uleb128 0x1
 410 036e 2D020000 		.4byte	.LASF43
 411 0372 D202     		.2byte	0x2d2
 412 0374 A5000000 		.4byte	0xa5
 413 0378 04       		.byte	0x4
 414 0379 01       		.uleb128 0x1
 415 037a F3000000 		.4byte	.LASF44
 416 037e D302     		.2byte	0x2d3
 417 0380 A0000000 		.4byte	0xa0
 418 0384 08       		.byte	0x8
 419 0385 00       		.byte	0
 420 0386 03       		.uleb128 0x3
 421 0387 94000000 		.4byte	0x94
 422 038b 96030000 		.4byte	0x396
 423 038f 04       		.uleb128 0x4
 424 0390 25000000 		.4byte	0x25
 425 0394 00       		.byte	0
 426 0395 00       		.byte	0
 427 0396 0C       		.uleb128 0xc
 428 0397 58010000 		.4byte	.LASF45
 429 039b D402     		.2byte	0x2d4
 430 039d 03       		.byte	0x3
 431 039e 59030000 		.4byte	0x359
 432 03a2 02       		.uleb128 0x2
 433 03a3 01       		.byte	0x1
 434 03a4 02       		.byte	0x2
 435 03a5 6F020000 		.4byte	.LASF46
 436 03a9 16       		.uleb128 0x16
 437 03aa 16010000 		.4byte	.LASF57
 438 03ae 05       		.byte	0x5
 439 03af E7       		.byte	0xe7
 440 03b0 08       		.byte	0x8
 441 03b1 BB030000 		.4byte	0x3bb
 442 03b5 17       		.uleb128 0x17
 443 03b6 AA000000 		.4byte	0xaa
 444 03ba 00       		.byte	0
 445 03bb 09       		.uleb128 0x9
 446 03bc 44010000 		.4byte	.LASF47
 447 03c0 AF       		.byte	0xaf
 448 03c1 CF030000 		.4byte	0x3cf
 449 03c5 0B       		.uleb128 0xb
 450 03c6 6E00     		.ascii	"n\000"
 451 03c8 AF       		.byte	0xaf
 452 03c9 1E       		.byte	0x1e
 453 03ca 94000000 		.4byte	0x94
 454 03ce 00       		.byte	0
 455 03cf 09       		.uleb128 0x9
 456 03d0 4F020000 		.4byte	.LASF48
ARM GAS  /tmp/ccBEvDSI.s 			page 9


 457 03d4 A5       		.byte	0xa5
 458 03d5 E3030000 		.4byte	0x3e3
 459 03d9 0B       		.uleb128 0xb
 460 03da 6E00     		.ascii	"n\000"
 461 03dc A5       		.byte	0xa5
 462 03dd 20       		.byte	0x20
 463 03de 94000000 		.4byte	0x94
 464 03e2 00       		.byte	0
 465 03e3 09       		.uleb128 0x9
 466 03e4 C6010000 		.4byte	.LASF49
 467 03e8 93       		.byte	0x93
 468 03e9 0D040000 		.4byte	0x40d
 469 03ed 0D       		.uleb128 0xd
 470 03ee 20010000 		.4byte	.LASF50
 471 03f2 93       		.byte	0x93
 472 03f3 2C       		.byte	0x2c
 473 03f4 94000000 		.4byte	0x94
 474 03f8 0D       		.uleb128 0xd
 475 03f9 57030000 		.4byte	.LASF51
 476 03fd 93       		.byte	0x93
 477 03fe 3E       		.byte	0x3e
 478 03ff 94000000 		.4byte	0x94
 479 0403 18       		.uleb128 0x18
 480 0404 BD010000 		.4byte	.LASF58
 481 0408 1D040000 		.4byte	0x41d
 482 040c 00       		.byte	0
 483 040d 03       		.uleb128 0x3
 484 040e B7000000 		.4byte	0xb7
 485 0412 1D040000 		.4byte	0x41d
 486 0416 04       		.uleb128 0x4
 487 0417 25000000 		.4byte	0x25
 488 041b 1C       		.byte	0x1c
 489 041c 00       		.byte	0
 490 041d 07       		.uleb128 0x7
 491 041e 0D040000 		.4byte	0x40d
 492 0422 09       		.uleb128 0x9
 493 0423 F9000000 		.4byte	.LASF52
 494 0427 7D       		.byte	0x7d
 495 0428 36040000 		.4byte	0x436
 496 042c 0B       		.uleb128 0xb
 497 042d 6E00     		.ascii	"n\000"
 498 042f 7D       		.byte	0x7d
 499 0430 21       		.byte	0x21
 500 0431 94000000 		.4byte	0x94
 501 0435 00       		.byte	0
 502 0436 09       		.uleb128 0x9
 503 0437 17000000 		.4byte	.LASF53
 504 043b 66       		.byte	0x66
 505 043c 55040000 		.4byte	0x455
 506 0440 0B       		.uleb128 0xb
 507 0441 6E00     		.ascii	"n\000"
 508 0443 66       		.byte	0x66
 509 0444 20       		.byte	0x20
 510 0445 94000000 		.4byte	0x94
 511 0449 0D       		.uleb128 0xd
 512 044a 57030000 		.4byte	.LASF51
 513 044e 66       		.byte	0x66
ARM GAS  /tmp/ccBEvDSI.s 			page 10


 514 044f 2C       		.byte	0x2c
 515 0450 94000000 		.4byte	0x94
 516 0454 00       		.byte	0
 517 0455 19       		.uleb128 0x19
 518 0456 28010000 		.4byte	.LASF59
 519 045a 04       		.byte	0x4
 520 045b 4F       		.byte	0x4f
 521 045c 06       		.byte	0x6
 522 045d 0F       		.uleb128 0xf
 523 045e 6E00     		.ascii	"n\000"
 524 0460 54       		.byte	0x54
 525 0461 0C       		.byte	0xc
 526 0462 94000000 		.4byte	0x94
 527 0466 1A       		.uleb128 0x1a
 528 0467 0F       		.uleb128 0xf
 529 0468 6900     		.ascii	"i\000"
 530 046a 57       		.byte	0x57
 531 046b 11       		.byte	0x11
 532 046c 94000000 		.4byte	0x94
 533 0470 00       		.byte	0
 534 0471 00       		.byte	0
 535 0472 00       		.byte	0
 536              		.section	.gnu.debuglto_.debug_abbrev,"e",%progbits
 537              	.Ldebug_abbrev0:
 538 0000 01       		.uleb128 0x1
 539 0001 0D       		.uleb128 0xd
 540 0002 00       		.byte	0
 541 0003 03       		.uleb128 0x3
 542 0004 0E       		.uleb128 0xe
 543 0005 3A       		.uleb128 0x3a
 544 0006 21       		.uleb128 0x21
 545 0007 03       		.sleb128 3
 546 0008 3B       		.uleb128 0x3b
 547 0009 05       		.uleb128 0x5
 548 000a 39       		.uleb128 0x39
 549 000b 21       		.uleb128 0x21
 550 000c 12       		.sleb128 18
 551 000d 49       		.uleb128 0x49
 552 000e 13       		.uleb128 0x13
 553 000f 38       		.uleb128 0x38
 554 0010 0B       		.uleb128 0xb
 555 0011 00       		.byte	0
 556 0012 00       		.byte	0
 557 0013 02       		.uleb128 0x2
 558 0014 24       		.uleb128 0x24
 559 0015 00       		.byte	0
 560 0016 0B       		.uleb128 0xb
 561 0017 0B       		.uleb128 0xb
 562 0018 3E       		.uleb128 0x3e
 563 0019 0B       		.uleb128 0xb
 564 001a 03       		.uleb128 0x3
 565 001b 0E       		.uleb128 0xe
 566 001c 00       		.byte	0
 567 001d 00       		.byte	0
 568 001e 03       		.uleb128 0x3
 569 001f 01       		.uleb128 0x1
 570 0020 01       		.byte	0x1
ARM GAS  /tmp/ccBEvDSI.s 			page 11


 571 0021 49       		.uleb128 0x49
 572 0022 13       		.uleb128 0x13
 573 0023 01       		.uleb128 0x1
 574 0024 13       		.uleb128 0x13
 575 0025 00       		.byte	0
 576 0026 00       		.byte	0
 577 0027 04       		.uleb128 0x4
 578 0028 21       		.uleb128 0x21
 579 0029 00       		.byte	0
 580 002a 49       		.uleb128 0x49
 581 002b 13       		.uleb128 0x13
 582 002c 2F       		.uleb128 0x2f
 583 002d 0B       		.uleb128 0xb
 584 002e 00       		.byte	0
 585 002f 00       		.byte	0
 586 0030 05       		.uleb128 0x5
 587 0031 35       		.uleb128 0x35
 588 0032 00       		.byte	0
 589 0033 49       		.uleb128 0x49
 590 0034 13       		.uleb128 0x13
 591 0035 00       		.byte	0
 592 0036 00       		.byte	0
 593 0037 06       		.uleb128 0x6
 594 0038 0D       		.uleb128 0xd
 595 0039 00       		.byte	0
 596 003a 03       		.uleb128 0x3
 597 003b 0E       		.uleb128 0xe
 598 003c 3A       		.uleb128 0x3a
 599 003d 21       		.uleb128 0x21
 600 003e 03       		.sleb128 3
 601 003f 3B       		.uleb128 0x3b
 602 0040 05       		.uleb128 0x5
 603 0041 39       		.uleb128 0x39
 604 0042 21       		.uleb128 0x21
 605 0043 12       		.sleb128 18
 606 0044 49       		.uleb128 0x49
 607 0045 13       		.uleb128 0x13
 608 0046 38       		.uleb128 0x38
 609 0047 05       		.uleb128 0x5
 610 0048 00       		.byte	0
 611 0049 00       		.byte	0
 612 004a 07       		.uleb128 0x7
 613 004b 26       		.uleb128 0x26
 614 004c 00       		.byte	0
 615 004d 49       		.uleb128 0x49
 616 004e 13       		.uleb128 0x13
 617 004f 00       		.byte	0
 618 0050 00       		.byte	0
 619 0051 08       		.uleb128 0x8
 620 0052 0D       		.uleb128 0xd
 621 0053 00       		.byte	0
 622 0054 03       		.uleb128 0x3
 623 0055 08       		.uleb128 0x8
 624 0056 3A       		.uleb128 0x3a
 625 0057 21       		.uleb128 0x21
 626 0058 03       		.sleb128 3
 627 0059 3B       		.uleb128 0x3b
ARM GAS  /tmp/ccBEvDSI.s 			page 12


 628 005a 05       		.uleb128 0x5
 629 005b 39       		.uleb128 0x39
 630 005c 21       		.uleb128 0x21
 631 005d 12       		.sleb128 18
 632 005e 49       		.uleb128 0x49
 633 005f 13       		.uleb128 0x13
 634 0060 38       		.uleb128 0x38
 635 0061 0B       		.uleb128 0xb
 636 0062 00       		.byte	0
 637 0063 00       		.byte	0
 638 0064 09       		.uleb128 0x9
 639 0065 2E       		.uleb128 0x2e
 640 0066 01       		.byte	0x1
 641 0067 3F       		.uleb128 0x3f
 642 0068 19       		.uleb128 0x19
 643 0069 03       		.uleb128 0x3
 644 006a 0E       		.uleb128 0xe
 645 006b 3A       		.uleb128 0x3a
 646 006c 21       		.uleb128 0x21
 647 006d 04       		.sleb128 4
 648 006e 3B       		.uleb128 0x3b
 649 006f 0B       		.uleb128 0xb
 650 0070 39       		.uleb128 0x39
 651 0071 21       		.uleb128 0x21
 652 0072 06       		.sleb128 6
 653 0073 27       		.uleb128 0x27
 654 0074 19       		.uleb128 0x19
 655 0075 01       		.uleb128 0x1
 656 0076 13       		.uleb128 0x13
 657 0077 00       		.byte	0
 658 0078 00       		.byte	0
 659 0079 0A       		.uleb128 0xa
 660 007a 16       		.uleb128 0x16
 661 007b 00       		.byte	0
 662 007c 03       		.uleb128 0x3
 663 007d 0E       		.uleb128 0xe
 664 007e 3A       		.uleb128 0x3a
 665 007f 0B       		.uleb128 0xb
 666 0080 3B       		.uleb128 0x3b
 667 0081 0B       		.uleb128 0xb
 668 0082 39       		.uleb128 0x39
 669 0083 0B       		.uleb128 0xb
 670 0084 49       		.uleb128 0x49
 671 0085 13       		.uleb128 0x13
 672 0086 00       		.byte	0
 673 0087 00       		.byte	0
 674 0088 0B       		.uleb128 0xb
 675 0089 05       		.uleb128 0x5
 676 008a 00       		.byte	0
 677 008b 03       		.uleb128 0x3
 678 008c 08       		.uleb128 0x8
 679 008d 3A       		.uleb128 0x3a
 680 008e 21       		.uleb128 0x21
 681 008f 04       		.sleb128 4
 682 0090 3B       		.uleb128 0x3b
 683 0091 0B       		.uleb128 0xb
 684 0092 39       		.uleb128 0x39
ARM GAS  /tmp/ccBEvDSI.s 			page 13


 685 0093 0B       		.uleb128 0xb
 686 0094 49       		.uleb128 0x49
 687 0095 13       		.uleb128 0x13
 688 0096 00       		.byte	0
 689 0097 00       		.byte	0
 690 0098 0C       		.uleb128 0xc
 691 0099 16       		.uleb128 0x16
 692 009a 00       		.byte	0
 693 009b 03       		.uleb128 0x3
 694 009c 0E       		.uleb128 0xe
 695 009d 3A       		.uleb128 0x3a
 696 009e 21       		.uleb128 0x21
 697 009f 03       		.sleb128 3
 698 00a0 3B       		.uleb128 0x3b
 699 00a1 05       		.uleb128 0x5
 700 00a2 39       		.uleb128 0x39
 701 00a3 0B       		.uleb128 0xb
 702 00a4 49       		.uleb128 0x49
 703 00a5 13       		.uleb128 0x13
 704 00a6 00       		.byte	0
 705 00a7 00       		.byte	0
 706 00a8 0D       		.uleb128 0xd
 707 00a9 05       		.uleb128 0x5
 708 00aa 00       		.byte	0
 709 00ab 03       		.uleb128 0x3
 710 00ac 0E       		.uleb128 0xe
 711 00ad 3A       		.uleb128 0x3a
 712 00ae 21       		.uleb128 0x21
 713 00af 04       		.sleb128 4
 714 00b0 3B       		.uleb128 0x3b
 715 00b1 0B       		.uleb128 0xb
 716 00b2 39       		.uleb128 0x39
 717 00b3 0B       		.uleb128 0xb
 718 00b4 49       		.uleb128 0x49
 719 00b5 13       		.uleb128 0x13
 720 00b6 00       		.byte	0
 721 00b7 00       		.byte	0
 722 00b8 0E       		.uleb128 0xe
 723 00b9 13       		.uleb128 0x13
 724 00ba 01       		.byte	0x1
 725 00bb 0B       		.uleb128 0xb
 726 00bc 0B       		.uleb128 0xb
 727 00bd 3A       		.uleb128 0x3a
 728 00be 21       		.uleb128 0x21
 729 00bf 03       		.sleb128 3
 730 00c0 3B       		.uleb128 0x3b
 731 00c1 05       		.uleb128 0x5
 732 00c2 39       		.uleb128 0x39
 733 00c3 21       		.uleb128 0x21
 734 00c4 09       		.sleb128 9
 735 00c5 01       		.uleb128 0x1
 736 00c6 13       		.uleb128 0x13
 737 00c7 00       		.byte	0
 738 00c8 00       		.byte	0
 739 00c9 0F       		.uleb128 0xf
 740 00ca 34       		.uleb128 0x34
 741 00cb 00       		.byte	0
ARM GAS  /tmp/ccBEvDSI.s 			page 14


 742 00cc 03       		.uleb128 0x3
 743 00cd 08       		.uleb128 0x8
 744 00ce 3A       		.uleb128 0x3a
 745 00cf 21       		.uleb128 0x21
 746 00d0 04       		.sleb128 4
 747 00d1 3B       		.uleb128 0x3b
 748 00d2 0B       		.uleb128 0xb
 749 00d3 39       		.uleb128 0x39
 750 00d4 0B       		.uleb128 0xb
 751 00d5 49       		.uleb128 0x49
 752 00d6 13       		.uleb128 0x13
 753 00d7 00       		.byte	0
 754 00d8 00       		.byte	0
 755 00d9 10       		.uleb128 0x10
 756 00da 11       		.uleb128 0x11
 757 00db 01       		.byte	0x1
 758 00dc 25       		.uleb128 0x25
 759 00dd 0E       		.uleb128 0xe
 760 00de 13       		.uleb128 0x13
 761 00df 0B       		.uleb128 0xb
 762 00e0 03       		.uleb128 0x3
 763 00e1 0E       		.uleb128 0xe
 764 00e2 1B       		.uleb128 0x1b
 765 00e3 0E       		.uleb128 0xe
 766 00e4 10       		.uleb128 0x10
 767 00e5 17       		.uleb128 0x17
 768 00e6 00       		.byte	0
 769 00e7 00       		.byte	0
 770 00e8 11       		.uleb128 0x11
 771 00e9 24       		.uleb128 0x24
 772 00ea 00       		.byte	0
 773 00eb 0B       		.uleb128 0xb
 774 00ec 0B       		.uleb128 0xb
 775 00ed 3E       		.uleb128 0x3e
 776 00ee 0B       		.uleb128 0xb
 777 00ef 03       		.uleb128 0x3
 778 00f0 08       		.uleb128 0x8
 779 00f1 00       		.byte	0
 780 00f2 00       		.byte	0
 781 00f3 12       		.uleb128 0x12
 782 00f4 0F       		.uleb128 0xf
 783 00f5 00       		.byte	0
 784 00f6 0B       		.uleb128 0xb
 785 00f7 0B       		.uleb128 0xb
 786 00f8 49       		.uleb128 0x49
 787 00f9 13       		.uleb128 0x13
 788 00fa 00       		.byte	0
 789 00fb 00       		.byte	0
 790 00fc 13       		.uleb128 0x13
 791 00fd 13       		.uleb128 0x13
 792 00fe 01       		.byte	0x1
 793 00ff 0B       		.uleb128 0xb
 794 0100 05       		.uleb128 0x5
 795 0101 3A       		.uleb128 0x3a
 796 0102 0B       		.uleb128 0xb
 797 0103 3B       		.uleb128 0x3b
 798 0104 05       		.uleb128 0x5
ARM GAS  /tmp/ccBEvDSI.s 			page 15


 799 0105 39       		.uleb128 0x39
 800 0106 0B       		.uleb128 0xb
 801 0107 01       		.uleb128 0x1
 802 0108 13       		.uleb128 0x13
 803 0109 00       		.byte	0
 804 010a 00       		.byte	0
 805 010b 14       		.uleb128 0x14
 806 010c 0D       		.uleb128 0xd
 807 010d 00       		.byte	0
 808 010e 03       		.uleb128 0x3
 809 010f 08       		.uleb128 0x8
 810 0110 3A       		.uleb128 0x3a
 811 0111 0B       		.uleb128 0xb
 812 0112 3B       		.uleb128 0x3b
 813 0113 05       		.uleb128 0x5
 814 0114 39       		.uleb128 0x39
 815 0115 0B       		.uleb128 0xb
 816 0116 49       		.uleb128 0x49
 817 0117 13       		.uleb128 0x13
 818 0118 38       		.uleb128 0x38
 819 0119 05       		.uleb128 0x5
 820 011a 00       		.byte	0
 821 011b 00       		.byte	0
 822 011c 15       		.uleb128 0x15
 823 011d 21       		.uleb128 0x21
 824 011e 00       		.byte	0
 825 011f 49       		.uleb128 0x49
 826 0120 13       		.uleb128 0x13
 827 0121 2F       		.uleb128 0x2f
 828 0122 05       		.uleb128 0x5
 829 0123 00       		.byte	0
 830 0124 00       		.byte	0
 831 0125 16       		.uleb128 0x16
 832 0126 2E       		.uleb128 0x2e
 833 0127 01       		.byte	0x1
 834 0128 3F       		.uleb128 0x3f
 835 0129 19       		.uleb128 0x19
 836 012a 03       		.uleb128 0x3
 837 012b 0E       		.uleb128 0xe
 838 012c 3A       		.uleb128 0x3a
 839 012d 0B       		.uleb128 0xb
 840 012e 3B       		.uleb128 0x3b
 841 012f 0B       		.uleb128 0xb
 842 0130 39       		.uleb128 0x39
 843 0131 0B       		.uleb128 0xb
 844 0132 27       		.uleb128 0x27
 845 0133 19       		.uleb128 0x19
 846 0134 3C       		.uleb128 0x3c
 847 0135 19       		.uleb128 0x19
 848 0136 01       		.uleb128 0x1
 849 0137 13       		.uleb128 0x13
 850 0138 00       		.byte	0
 851 0139 00       		.byte	0
 852 013a 17       		.uleb128 0x17
 853 013b 05       		.uleb128 0x5
 854 013c 00       		.byte	0
 855 013d 49       		.uleb128 0x49
ARM GAS  /tmp/ccBEvDSI.s 			page 16


 856 013e 13       		.uleb128 0x13
 857 013f 00       		.byte	0
 858 0140 00       		.byte	0
 859 0141 18       		.uleb128 0x18
 860 0142 34       		.uleb128 0x34
 861 0143 00       		.byte	0
 862 0144 03       		.uleb128 0x3
 863 0145 0E       		.uleb128 0xe
 864 0146 49       		.uleb128 0x49
 865 0147 13       		.uleb128 0x13
 866 0148 34       		.uleb128 0x34
 867 0149 19       		.uleb128 0x19
 868 014a 00       		.byte	0
 869 014b 00       		.byte	0
 870 014c 19       		.uleb128 0x19
 871 014d 2E       		.uleb128 0x2e
 872 014e 01       		.byte	0x1
 873 014f 3F       		.uleb128 0x3f
 874 0150 19       		.uleb128 0x19
 875 0151 03       		.uleb128 0x3
 876 0152 0E       		.uleb128 0xe
 877 0153 3A       		.uleb128 0x3a
 878 0154 0B       		.uleb128 0xb
 879 0155 3B       		.uleb128 0x3b
 880 0156 0B       		.uleb128 0xb
 881 0157 39       		.uleb128 0x39
 882 0158 0B       		.uleb128 0xb
 883 0159 27       		.uleb128 0x27
 884 015a 19       		.uleb128 0x19
 885 015b 00       		.byte	0
 886 015c 00       		.byte	0
 887 015d 1A       		.uleb128 0x1a
 888 015e 0B       		.uleb128 0xb
 889 015f 01       		.byte	0x1
 890 0160 00       		.byte	0
 891 0161 00       		.byte	0
 892 0162 00       		.byte	0
 893              		.section	.gnu.debuglto_.debug_line,"e",%progbits
 894              	.Ldebug_line0:
 895 0000 5A000000 		.4byte	.LELT0-.LSLT0
 896              	.LSLT0:
 897 0004 0500     		.2byte	0x5
 898 0006 04       		.byte	0x4
 899 0007 00       		.byte	0
 900 0008 52000000 		.4byte	.LELTP0-.LASLTP0
 901              	.LASLTP0:
 902 000c 01       		.byte	0x1
 903 000d 01       		.byte	0x1
 904 000e 01       		.byte	0x1
 905 000f F6       		.byte	0xf6
 906 0010 F2       		.byte	0xf2
 907 0011 0D       		.byte	0xd
 908 0012 00       		.byte	0
 909 0013 01       		.byte	0x1
 910 0014 01       		.byte	0x1
 911 0015 01       		.byte	0x1
 912 0016 01       		.byte	0x1
ARM GAS  /tmp/ccBEvDSI.s 			page 17


 913 0017 00       		.byte	0
 914 0018 00       		.byte	0
 915 0019 00       		.byte	0
 916 001a 01       		.byte	0x1
 917 001b 00       		.byte	0
 918 001c 00       		.byte	0
 919 001d 01       		.byte	0x1
 920 001e 01       		.byte	0x1
 921 001f 01       		.uleb128 0x1
 922 0020 1F       		.uleb128 0x1f
 923 0021 06       		.uleb128 0x6
 924 0022 AB010000 		.4byte	.LASF60
 925 0026 FB000000 		.4byte	.LASF61
 926 002a 52000000 		.4byte	.LASF62
 927 002e 0A000000 		.4byte	.LASF63
 928 0032 34010000 		.4byte	.LASF64
 929 0036 81000000 		.4byte	.LASF65
 930 003a 02       		.byte	0x2
 931 003b 01       		.uleb128 0x1
 932 003c 1F       		.uleb128 0x1f
 933 003d 02       		.uleb128 0x2
 934 003e 0B       		.uleb128 0xb
 935 003f 06       		.uleb128 0x6
 936 0040 FE010000 		.4byte	.LASF66
 937 0044 00       		.byte	0
 938 0045 41000000 		.4byte	.LASF67
 939 0049 04       		.byte	0x4
 940 004a 00000000 		.4byte	.LASF68
 941 004e 05       		.byte	0x5
 942 004f 36000000 		.4byte	.LASF69
 943 0053 01       		.byte	0x1
 944 0054 F4000000 		.4byte	.LASF70
 945 0058 02       		.byte	0x2
 946 0059 2C000000 		.4byte	.LASF71
 947 005d 03       		.byte	0x3
 948              	.LELTP0:
 949              	.LELT0:
 950              		.section	.gnu.debuglto_.debug_str,"eMS",%progbits,1
 951              	.LASF42:
 952 0000 5343425F 		.ascii	"SCB_Type\000"
 952      54797065 
 952      00
 953              	.LASF13:
 954 0009 75696E74 		.ascii	"uint32_t\000"
 954      33325F74 
 954      00
 955              	.LASF23:
 956 0012 49414252 		.ascii	"IABR\000"
 956      00
 957              	.LASF53:
 958 0017 6E766963 		.ascii	"nvicEnableVector\000"
 958      456E6162 
 958      6C655665 
 958      63746F72 
 958      00
 959              	.LASF54:
 960 0028 474E5520 		.ascii	"GNU C17 11.3.1 20220712 -mcpu=cortex-m4 -mthumb -mf"
ARM GAS  /tmp/ccBEvDSI.s 			page 18


 960      43313720 
 960      31312E33 
 960      2E312032 
 960      30323230 
 961 005b 6C6F6174 		.ascii	"loat-abi=soft -march=armv7e-m -ggdb -O2 -fomit-fram"
 961      2D616269 
 961      3D736F66 
 961      74202D6D 
 961      61726368 
 962 008e 652D706F 		.ascii	"e-pointer -falign-functions=16 -ffunction-sections "
 962      696E7465 
 962      72202D66 
 962      616C6967 
 962      6E2D6675 
 963 00c1 2D666461 		.ascii	"-fdata-sections -fno-common -flto\000"
 963      74612D73 
 963      65637469 
 963      6F6E7320 
 963      2D666E6F 
 964              	.LASF36:
 965 00e3 4D4D4641 		.ascii	"MMFAR\000"
 965      5200
 966              	.LASF5:
 967 00e9 73686F72 		.ascii	"short int\000"
 967      7420696E 
 967      7400
 968              	.LASF44:
 969 00f3 4143544C 		.ascii	"ACTLR\000"
 969      5200
 970              	.LASF52:
 971 00f9 6E766963 		.ascii	"nvicDisableVector\000"
 971      44697361 
 971      626C6556 
 971      6563746F 
 971      7200
 972              	.LASF9:
 973 010b 5F5F7569 		.ascii	"__uint32_t\000"
 973      6E743332 
 973      5F7400
 974              	.LASF57:
 975 0116 63685379 		.ascii	"chSysHalt\000"
 975      7348616C 
 975      7400
 976              	.LASF50:
 977 0120 68616E64 		.ascii	"handler\000"
 977      6C657200 
 978              	.LASF59:
 979 0128 6E766963 		.ascii	"nvicInit\000"
 979      496E6974 
 979      00
 980              	.LASF28:
 981 0131 43505549 		.ascii	"CPUID\000"
 981      4400
 982              	.LASF15:
 983 0137 49534552 		.ascii	"ISER\000"
 983      00
 984              	.LASF12:
ARM GAS  /tmp/ccBEvDSI.s 			page 19


 985 013c 75696E74 		.ascii	"uint8_t\000"
 985      385F7400 
 986              	.LASF47:
 987 0144 6E766963 		.ascii	"nvicSetPending\000"
 987      53657450 
 987      656E6469 
 987      6E6700
 988              	.LASF26:
 989 0153 53544952 		.ascii	"STIR\000"
 989      00
 990              	.LASF45:
 991 0158 53436E53 		.ascii	"SCnSCB_Type\000"
 991      43425F54 
 991      79706500 
 992              	.LASF2:
 993 0164 6C6F6E67 		.ascii	"long double\000"
 993      20646F75 
 993      626C6500 
 994              	.LASF29:
 995 0170 49435352 		.ascii	"ICSR\000"
 995      00
 996              	.LASF18:
 997 0175 52534552 		.ascii	"RSERVED1\000"
 997      56454431 
 997      00
 998              	.LASF1:
 999 017e 6C6F6E67 		.ascii	"long long int\000"
 999      206C6F6E 
 999      6720696E 
 999      7400
 1000              	.LASF37:
 1001 018c 42464152 		.ascii	"BFAR\000"
 1001      00
 1002              	.LASF7:
 1003 0191 6C6F6E67 		.ascii	"long int\000"
 1003      20696E74 
 1003      00
 1004              	.LASF8:
 1005 019a 5F5F7569 		.ascii	"__uint8_t\000"
 1005      6E74385F 
 1005      7400
 1006              	.LASF33:
 1007 01a4 43465352 		.ascii	"CFSR\000"
 1007      00
 1008              	.LASF4:
 1009 01a9 756E7369 		.ascii	"unsigned char\000"
 1009      676E6564 
 1009      20636861 
 1009      7200
 1010              	.LASF31:
 1011 01b7 41495243 		.ascii	"AIRCR\000"
 1011      5200
 1012              	.LASF58:
 1013 01bd 5F5F6675 		.ascii	"__func__\000"
 1013      6E635F5F 
 1013      00
 1014              	.LASF49:
ARM GAS  /tmp/ccBEvDSI.s 			page 20


 1015 01c6 6E766963 		.ascii	"nvicSetSystemHandlerPriority\000"
 1015      53657453 
 1015      79737465 
 1015      6D48616E 
 1015      646C6572 
 1016              	.LASF27:
 1017 01e3 4E564943 		.ascii	"NVIC_Type\000"
 1017      5F547970 
 1017      6500
 1018              	.LASF21:
 1019 01ed 49435052 		.ascii	"ICPR\000"
 1019      00
 1020              	.LASF3:
 1021 01f2 7369676E 		.ascii	"signed char\000"
 1021      65642063 
 1021      68617200 
 1022              	.LASF11:
 1023 01fe 6C6F6E67 		.ascii	"long long unsigned int\000"
 1023      206C6F6E 
 1023      6720756E 
 1023      7369676E 
 1023      65642069 
 1024              	.LASF32:
 1025 0215 53484353 		.ascii	"SHCSR\000"
 1025      5200
 1026              	.LASF0:
 1027 021b 756E7369 		.ascii	"unsigned int\000"
 1027      676E6564 
 1027      20696E74 
 1027      00
 1028              	.LASF17:
 1029 0228 49434552 		.ascii	"ICER\000"
 1029      00
 1030              	.LASF43:
 1031 022d 49435452 		.ascii	"ICTR\000"
 1031      00
 1032              	.LASF6:
 1033 0232 73686F72 		.ascii	"short unsigned int\000"
 1033      7420756E 
 1033      7369676E 
 1033      65642069 
 1033      6E7400
 1034              	.LASF14:
 1035 0245 63686172 		.ascii	"char\000"
 1035      00
 1036              	.LASF30:
 1037 024a 56544F52 		.ascii	"VTOR\000"
 1037      00
 1038              	.LASF48:
 1039 024f 6E766963 		.ascii	"nvicClearPending\000"
 1039      436C6561 
 1039      7250656E 
 1039      64696E67 
 1039      00
 1040              	.LASF40:
 1041 0260 49534152 		.ascii	"ISAR\000"
 1041      00
ARM GAS  /tmp/ccBEvDSI.s 			page 21


 1042              	.LASF19:
 1043 0265 49535052 		.ascii	"ISPR\000"
 1043      00
 1044              	.LASF35:
 1045 026a 44465352 		.ascii	"DFSR\000"
 1045      00
 1046              	.LASF46:
 1047 026f 5F426F6F 		.ascii	"_Bool\000"
 1047      6C00
 1048              	.LASF34:
 1049 0275 48465352 		.ascii	"HFSR\000"
 1049      00
 1050              	.LASF56:
 1051 027a 2F686F6D 		.ascii	"/home/rob/Projects/ChibiStudio/ChibiStudio_23/works"
 1051      652F726F 
 1051      622F5072 
 1051      6F6A6563 
 1051      74732F43 
 1052 02ad 70616365 		.ascii	"pace_trunk/STM32_GPIB_firmware/\000"
 1052      5F747275 
 1052      6E6B2F53 
 1052      544D3332 
 1052      5F475049 
 1053              	.LASF16:
 1054 02cd 52455345 		.ascii	"RESERVED0\000"
 1054      52564544 
 1054      3000
 1055              	.LASF20:
 1056 02d7 52455345 		.ascii	"RESERVED2\000"
 1056      52564544 
 1056      3200
 1057              	.LASF22:
 1058 02e1 52455345 		.ascii	"RESERVED3\000"
 1058      52564544 
 1058      3300
 1059              	.LASF24:
 1060 02eb 52455345 		.ascii	"RESERVED4\000"
 1060      52564544 
 1060      3400
 1061              	.LASF25:
 1062 02f5 52455345 		.ascii	"RESERVED5\000"
 1062      52564544 
 1062      3500
 1063              	.LASF10:
 1064 02ff 6C6F6E67 		.ascii	"long unsigned int\000"
 1064      20756E73 
 1064      69676E65 
 1064      6420696E 
 1064      7400
 1065              	.LASF55:
 1066 0311 2E2E2F2E 		.ascii	"../../chibios_trunk/os/hal/ports/common/ARMCMx/nvic"
 1066      2E2F6368 
 1066      6962696F 
 1066      735F7472 
 1066      756E6B2F 
 1067 0344 2E6300   		.ascii	".c\000"
 1068              	.LASF39:
ARM GAS  /tmp/ccBEvDSI.s 			page 22


 1069 0347 4D4D4652 		.ascii	"MMFR\000"
 1069      00
 1070              	.LASF38:
 1071 034c 41465352 		.ascii	"AFSR\000"
 1071      00
 1072              	.LASF41:
 1073 0351 43504143 		.ascii	"CPACR\000"
 1073      5200
 1074              	.LASF51:
 1075 0357 7072696F 		.ascii	"prio\000"
 1075      00
 1076              		.section	.gnu.debuglto_.debug_line_str,"eMS",%progbits,1
 1077              	.LASF68:
 1078 0000 5F737464 		.ascii	"_stdint.h\000"
 1078      696E742E 
 1078      6800
 1079              	.LASF63:
 1080 000a 2E2E2F2E 		.ascii	"../../chibios_trunk/os/rt/include\000"
 1080      2E2F6368 
 1080      6962696F 
 1080      735F7472 
 1080      756E6B2F 
 1081              	.LASF71:
 1082 002c 63686561 		.ascii	"chearly.h\000"
 1082      726C792E 
 1082      6800
 1083              	.LASF69:
 1084 0036 636F7265 		.ascii	"core_cm4.h\000"
 1084      5F636D34 
 1084      2E6800
 1085              	.LASF67:
 1086 0041 5F646566 		.ascii	"_default_types.h\000"
 1086      61756C74 
 1086      5F747970 
 1086      65732E68 
 1086      00
 1087              	.LASF62:
 1088 0052 2E2E2F2E 		.ascii	"../../chibios_trunk/os/hal/ports/common/ARMCMx\000"
 1088      2E2F6368 
 1088      6962696F 
 1088      735F7472 
 1088      756E6B2F 
 1089              	.LASF65:
 1090 0081 2F686F6D 		.ascii	"/home/rob/Projects/ChibiStudio/ChibiStudio_23/tools"
 1090      652F726F 
 1090      622F5072 
 1090      6F6A6563 
 1090      74732F43 
 1091 00b4 2F474E55 		.ascii	"/GNU Tools ARM Embedded/11.3.1 2022q3/arm-none-eabi"
 1091      20546F6F 
 1091      6C732041 
 1091      524D2045 
 1091      6D626564 
 1092 00e7 2F696E63 		.ascii	"/include/sys\000"
 1092      6C756465 
 1092      2F737973 
 1092      00
ARM GAS  /tmp/ccBEvDSI.s 			page 23


 1093              	.LASF70:
 1094 00f4 6E766963 		.ascii	"nvic.c\000"
 1094      2E6300
 1095              	.LASF61:
 1096 00fb 2E2E2F2E 		.ascii	"../../chibios_trunk/os/common/ext/ARM/CMSIS/Core/In"
 1096      2E2F6368 
 1096      6962696F 
 1096      735F7472 
 1096      756E6B2F 
 1097 012e 636C7564 		.ascii	"clude\000"
 1097      6500
 1098              	.LASF64:
 1099 0134 2F686F6D 		.ascii	"/home/rob/Projects/ChibiStudio/ChibiStudio_23/tools"
 1099      652F726F 
 1099      622F5072 
 1099      6F6A6563 
 1099      74732F43 
 1100 0167 2F474E55 		.ascii	"/GNU Tools ARM Embedded/11.3.1 2022q3/arm-none-eabi"
 1100      20546F6F 
 1100      6C732041 
 1100      524D2045 
 1100      6D626564 
 1101 019a 2F696E63 		.ascii	"/include/machine\000"
 1101      6C756465 
 1101      2F6D6163 
 1101      68696E65 
 1101      00
 1102              	.LASF60:
 1103 01ab 2F686F6D 		.ascii	"/home/rob/Projects/ChibiStudio/ChibiStudio_23/works"
 1103      652F726F 
 1103      622F5072 
 1103      6F6A6563 
 1103      74732F43 
 1104 01de 70616365 		.ascii	"pace_trunk/STM32_GPIB_firmware/\000"
 1104      5F747275 
 1104      6E6B2F53 
 1104      544D3332 
 1104      5F475049 
 1105              	.LASF66:
 1106 01fe 2E2E2F2E 		.ascii	"../../chibios_trunk/os/hal/ports/common/ARMCMx/nvic"
 1106      2E2F6368 
 1106      6962696F 
 1106      735F7472 
 1106      756E6B2F 
 1107 0231 2E6300   		.ascii	".c\000"
 1108              		.text
 1109              		.section	.gnu.lto_.profile.561e83f70441d155,"e",%progbits
 1110 0000 789C6362 		.ascii	"x\234cb\000\001\000\000\022\000\003"
 1110      00010000 
 1110      120003
 1111              		.text
 1112              		.section	.gnu.lto_.icf.561e83f70441d155,"e",%progbits
 1113 0000 789C4B62 		.ascii	"x\234Kb@\000v\206\246\003\323n\363\2601101\0021\023"
 1113      40007686 
 1113      A603D36E 
 1113      F3B03131 
 1113      30310231 
ARM GAS  /tmp/ccBEvDSI.s 			page 24


 1114 0015 0833BE7E 		.ascii	"\0103\276~\266\347\011\023\033\0233\204\013\306\207"
 1114      B6E70913 
 1114      1B133384 
 1114      0BC687
 1115 0024 1EAC7DC9 		.ascii	"\036\254}\311\301\006\347\002\245\230\217\356\3354\205"
 1115      C106E702 
 1115      A5988FEE 
 1115      DD3485
 1116 0033 13C46461 		.ascii	"\023\304da9\327\364o\001/\353\325\265\217\026q\202\345"
 1116      39D7F46F 
 1116      012FEBD5 
 1116      B58F1671 
 1116      82E5
 1117 0045 D95E2E99 		.ascii	"\331^.\2318\217\015\314d\000\000\026\357\025\370"
 1117      388F0DCC 
 1117      64000016 
 1117      EF15F8
 1118              		.text
 1119              		.section	.gnu.lto_.ipa_sra.561e83f70441d155,"e",%progbits
 1120 0000 789C3361 		.ascii	"x\2343a@\0006\006\006FF&\030\217\221\211\021L1#D\200"
 1120      40003606 
 1120      06464626 
 1120      188F9189 
 1120      114C3123 
 1121 0016 90811522 		.ascii	"\220\201\025\"\312\006\241\030\000\021?\000Z"
 1121      CA06A118 
 1121      00113F00 
 1121      5A
 1122              		.text
 1123              		.section	.gnu.lto_.inline.561e83f70441d155,"e",%progbits
 1124 0000 789C8B63 		.ascii	"x\234\213cd\200\0036\006\006\356\303\027\273\3372g0"
 1124      64800336 
 1124      0606EEC3 
 1124      17BBDF32 
 1124      6730
 1125 0012 32300900 		.ascii	"20\011\000Yw\2313\200\242\015@\300\224\302\304\300\004"
 1125      59779933 
 1125      80A20D40 
 1125      C094C2C4 
 1125      C004
 1126 0024 52C3C8C0 		.ascii	"R\303\310\300\013\3423\24712122\261\202\205\300\024"
 1126      0BE233A7 
 1126      31323132 
 1126      32B18285 
 1126      C014
 1127 0036 0B581D73 		.ascii	"\013X\035s\012\212\006&03\231\201\205\201\007,\233\312"
 1127      0A8A0626 
 1127      30339981 
 1127      8581072C 
 1127      9BCA
 1128 0048 C001D2C1 		.ascii	"\300\001\322\301\004\346>`Jcd\204\352f\306\246\033\246"
 1128      04E63E60 
 1128      4A636484 
 1128      EA66C6A6 
 1128      1BA6
 1129 005a 8705A487 		.ascii	"\207\005\244\207\231\201\353\305\231\231\315@=LP=P\373"
 1129      9981EBC5 
ARM GAS  /tmp/ccBEvDSI.s 			page 25


 1129      9999CD40 
 1129      3D4C503D 
 1129      50FB
 1130 006c 59609620 		.ascii	"Y`\226 k\205\031\307\002w\002\304bn\260\027 ~f\232\340"
 1130      6B8519C7 
 1130      027702C4 
 1130      626EB017 
 1130      207E669A 
 1131 0081 07E4B032 		.ascii	"\007\344\2602p\000\025\034`NE\270\005\233\201\034`&"
 1131      7000151C 
 1131      604E45B8 
 1131      059B811C 
 1131      6026
 1132 0093 D42D6C64 		.ascii	"\324-ld\350a\000\000\354\341Bz"
 1132      E8610000 
 1132      ECE1427A 
 1133              		.text
 1134              		.section	.gnu.lto_.jmpfuncs.561e83f70441d155,"e",%progbits
 1135 0000 789C4D8C 		.ascii	"x\234M\214K\012\200@\014C\363:\037\227\236\325\205k"
 1135      4B0A8040 
 1135      0C43F33A 
 1135      1F979ED5 
 1135      856B
 1136 0012 AFE5D283 		.ascii	"\257\345\322\203\011520Z\372H\233@v}\323\015\001\345"
 1136      09353230 
 1136      5AFA489B 
 1136      40767DD3 
 1136      0D01E5
 1137 0025 88E6F585 		.ascii	"\210\346\365\205\245\374\234\022]\\\025\231;3W\242o"
 1137      A5FC9C12 
 1137      5D5C1599 
 1137      3B3357A2 
 1137      6F
 1138 0036 60F2FDAA 		.ascii	"`\362\375\252f\212\223\005\0317\236L_j\243\266\017\321"
 1138      668A9305 
 1138      19379E4C 
 1138      5F6AA3B6 
 1138      0FD1
 1139 0048 037DE412 		.ascii	"\003}\344\022\344"
 1139      E4
 1140              		.text
 1141              		.section	.gnu.lto_.pureconst.561e83f70441d155,"e",%progbits
 1142 0000 789C1366 		.ascii	"x\234\023f```c\230\305\3028\213\205i\026\013\363,\026"
 1142      60606063 
 1142      98C5C238 
 1142      8B856916 
 1142      0BF32C16 
 1143 0014 D6592C6C 		.ascii	"\326Y,l\263X\000%\306\003\337"
 1143      B3580025 
 1143      C603DF
 1144              		.text
 1145              		.section	.gnu.lto_.ipa_modref.561e83f70441d155,"e",%progbits
 1146 0000 789CAB63 		.ascii	"x\234\253c@\0006\006\006\005\001\001\006F&\016 \346"
 1146      40003606 
 1146      06050101 
 1146      0646260E 
 1146      20E6
ARM GAS  /tmp/ccBEvDSI.s 			page 26


 1147 0012 648472B8 		.ascii	"d\204r\270\200\230\233\221\201\001\302\207\011\002\005"
 1147      80989B91 
 1147      8101C287 
 1147      090205
 1148 0021 98D00598 		.ascii	"\230\320\005\230\231\344\221\205x\200B\254(j\240&\261"
 1148      99E49185 
 1148      788042AC 
 1148      286AA026 
 1148      B1
 1149 0032 61136400 		.ascii	"a\023d\000\0009\371\004O"
 1149      0039F904 
 1149      4F
 1150              		.text
 1151              		.section	.gnu.lto_.lto.561e83f70441d155,"e",%progbits
 1152 0000 0B000300 		.ascii	"\013\000\003\000\001\000\000\000"
 1152      01000000 
 1153              		.text
 1154              		.section	.gnu.lto_nvicInit.385.561e83f70441d155,"e",%progbits
 1155 0000 789C6D52 		.ascii	"x\234mRMHTQ\024>\347\336\367f^\024S\320\377N\202\332"
 1155      4D485451 
 1155      143EE7DE 
 1155      F7665E14 
 1155      53D0FF4E 
 1156 0016 04736B04 		.ascii	"\004sk\004\263\235\345\"Z\010\326\264\037\306i\302\227"
 1156      B39DE522 
 1156      5A08D6B4 
 1156      1FC669C2 
 1156      97
 1157 0027 CD3C7BA3 		.ascii	"\315<{\243Y\224\314\325I\205\211\260\011W\006\376\024"
 1157      5994CCD5 
 1157      498589B0 
 1157      095706FE 
 1157      14
 1158 0038 818525D2 		.ascii	"\201\205%\322\2464\345e8\026\265r\023AR\264(\251E\023"
 1158      A634E565 
 1158      3816B572 
 1158      134152B4 
 1158      28A94513 
 1159 004c 458615D3 		.ascii	"E\206\025\323\271wtr\321\345\375\234w\316\367s\356y"
 1159      B9777472 
 1159      D1E5FD9C 
 1159      77CEF773 
 1159      EE79
 1160 005e F7180318 		.ascii	"\367\030\003\030\006\200$\335\350\003\274\236\3132\220"
 1160      068024DD 
 1160      E803BC9E 
 1160      CB3290
 1161 006d 52D6F819 		.ascii	"R\326\370\031\366\345\262\305\376=8\215\372\233c\337"
 1161      F6E5B2C5 
 1161      FE3D388D 
 1161      FA9B63DF 
 1162 007d F86ACD60 		.ascii	"\370j\315`\231\334\025F\225\371\302r\265\321\225\013"
 1162      99DC1546 
 1162      95F9C272 
 1162      B5D1950B 
 1163 008d DCEFEDF2 		.ascii	"\334\357\355\362\033&v\344\262K7v\341d\211\201\220f"
 1163      1B2676E4 
ARM GAS  /tmp/ccBEvDSI.s 			page 27


 1163      B24B3776 
 1163      E1648981 
 1163      9066
 1164 009f 9CB26966 		.ascii	"\234\262if\000z\006Z\372\001+k\230\013B\375\234\375"
 1164      007A065A 
 1164      FA012B6B 
 1164      980B42FD 
 1164      9CFD
 1165 00b1 5C78B043 		.ascii	"\\x\260C\216x\370\011 \275Z3\321\267\031\211\351\333"
 1165      8E78F809 
 1165      20BD5A33 
 1165      D1B71989 
 1165      E9DB
 1166 00c3 8A15265A 		.ascii	"\212\025&ZW\2212{=)\013\243\231\236\300\265\016\253"
 1166      5791327B 
 1166      3D290BA3 
 1166      999EC0B5 
 1166      0EAB
 1167 00d5 7D02D38F 		.ascii	"}\002\323\217\360!*l/.X\353a\022\025\033\011<T\006\217"
 1167      F0212A6C 
 1167      2F2E58EB 
 1167      6112151B 
 1167      093C5406 
 1168 00ea DDCA6AF0 		.ascii	"\335\312j\360\324Z\360G\002O#<F\212?X\224d8\2018\205"
 1168      D45AF047 
 1168      024F233C 
 1168      468A3F58 
 1168      94643881 
 1169 0100 63F3A627 		.ascii	"c\363\246'\177\027{\245,\356\274\367\346\213E%\312R"
 1169      7F177BA5 
 1169      2CEEBCF7 
 1169      E68B4525 
 1169      CA52
 1170 0112 E313E857 		.ascii	"\343\023\350W\021\300\000\207\302\362H5J\017`\2203\035"
 1170      11C00087 
 1170      C2F24835 
 1170      4A0F6090 
 1170      331D
 1171 0124 7750BCC4 		.ascii	"wP\274\304\344\373\327y\204_lf\372N@m\330wQ\365@O\351"
 1171      E4FBD779 
 1171      845F6C66 
 1171      FA4E406D 
 1171      D87751F5 
 1172 013b 6564C0C4 		.ascii	"ed\300\304Q5\217\221\355\027\236\240\207Pu[J\253m\006"
 1172      51358F91 
 1172      ED179EA0 
 1172      8750755B 
 1172      4AAB6D06 
 1173 014f 5B41513B 		.ascii	"[AQ;\207\016\222\0037\264\312[R\241\367\315q\203F\253"
 1173      870E9203 
 1173      37B4CA5B 
 1173      52A1F7CD 
 1173      718346AB 
 1174 0163 8B6172F6 		.ascii	"\213ar\366\265\353\326\0079\317u\275\232\343\312\223"
 1174      B5EBD607 
 1174      39CF75BD 
 1174      9AE3CA93 
ARM GAS  /tmp/ccBEvDSI.s 			page 28


 1175 0173 2BF4D73C 		.ascii	"+\364\327<S\236\337\027\267\221WJ;\246P\316\374s\\\334"
 1175      539EDF17 
 1175      B791574A 
 1175      3BA650CE 
 1175      FC735CDC 
 1176 0187 70368FB3 		.ascii	"p6\217\263\252P5L\236\316\034&\000\252)\\\334\322\364"
 1176      AA50354C 
 1176      9ECE1C26 
 1176      00AA295C 
 1176      DCD2F4
 1177 019a 0C2F9126 		.ascii	"\014/\221&I\027im\324\356\337\326\350\375\227\377\002"
 1177      4917696D 
 1177      D4EEDFD6 
 1177      E8FD97FF 
 1177      02
 1178 01ab ED32FFA5 		.ascii	"\3552\377\245\346\343s,5\336\275\233\250\231\201n\344"
 1178      E6E3732C 
 1178      35DEBD9B 
 1178      A899816E 
 1178      E4
 1179 01bc 744E4855 		.ascii	"tNHUw_A\315s\277n\335 9i\250\326\221\0125j\240\274\264"
 1179      775F41CD 
 1179      73BF6EDD 
 1179      203969A8 
 1179      D6910A35 
 1180 01d4 D725BDD7 		.ascii	"\327%\275\327\037\354\362B-Ws\240\325\303\021\237\""
 1180      1FECF242 
 1180      2D5773A0 
 1180      D5C3119F 
 1180      22
 1181 01e5 EB3749EC 		.ascii	"\3537I\354\356:b\233\345Y\027Y\347\273?y\213N\230>'"
 1181      EE3A629B 
 1181      E5591759 
 1181      E7BB3F79 
 1181      8B4E983E 
 1182 01fa 031CCBBF 		.ascii	"\003\034\313\277\004 ,\032\235D\\\270N\203\250w\235"
 1182      04202C1A 
 1182      9D445CB8 
 1182      4E83A877 
 1182      9D
 1183 020b D3F1584B 		.ascii	"\323\361XKJ\3246\332\015v\270\245\365\244\355\254\215"
 1183      4AD436DA 
 1183      0D76B8A5 
 1183      F5A4EDAC 
 1183      8D
 1184 021c 23A14AD1 		.ascii	"#\241J\321\346\270M\251\346h,\036iq[\223M\"|\242\256"
 1184      E6B84DA9 
 1184      E6682C1E 
 1184      69715B93 
 1184      4D227CA2 
 1185 0231 32143952 		.ascii	"2\0249R\177\364p\344\224\355&\332\242n\\@U0(\350\212"
 1185      7FF470E4 
 1185      94ED26DA 
 1185      A26E5C40 
 1185      553028E8 
 1186 0246 29AA935A 		.ascii	")\252\223ZA:)\321\030=#\232\035\227\034bN\"\341$\305"
 1186      413A29D1 
ARM GAS  /tmp/ccBEvDSI.s 			page 29


 1186      183D239A 
 1186      1D971C62 
 1186      4E22E124 
 1187 025b A1E375B5 		.ascii	"\241\343u\265u\347E\362\234\035\013\306\000\223\233"
 1187      75E745F2 
 1187      9C1D0BC6 
 1187      00939B
 1188 026a 4A5130BA 		.ascii	"JQ0\272/\276?\024:\020\007\264\377\002JN\022>"
 1188      2FBE3F14 
 1188      3A1007B4 
 1188      FF024A4E 
 1188      123E
 1189              		.text
 1190              		.section	.gnu.lto_nvicEnableVector.386.561e83f70441d155,"e",%progbits
 1191 0000 789C7D91 		.ascii	"x\234}\221Ah\324@\030\205\3777\223\304\024\305\012\""
 1191      4168D440 
 1191      1885FF37 
 1191      93C414C5 
 1191      0A22
 1192 0012 7853E8C5 		.ascii	"xS\350\305\213;\272\205\352Q\355\241xX(\256\367e\033"
 1192      8B3BBA85 
 1192      EA51EDA1 
 1192      785828AE 
 1192      F7651B
 1193 0025 A31BD764 		.ascii	"\243\033\327d\326\354n\353Ev\332\205\026\026\244\324"
 1193      D6EC6EEB 
 1193      4576DA85 
 1193      1616A4D4 
 1194 0035 93A76AC1 		.ascii	"\223\247j\301C\017\202\327\266V\214+b\213\012*\354I"
 1194      430F82D7 
 1194      B6568C2B 
 1194      628B0A2A 
 1194      EC49
 1195 0047 8522548B 		.ascii	"\205\"T\213\202\007A\024ZZ'I\325\036\3040\377\360\277"
 1195      82074114 
 1195      5A5A2749 
 1195      D51EC430 
 1195      FFF0BF
 1196 005a E4BDF966 		.ascii	"\344\275\371f&\237@t\227\210zt\201\023nN\265\030)\245"
 1196      269F4074 
 1196      97887A74 
 1196      81136E4E 
 1196      B51829A5 
 1197 006e 4EED6218 		.ascii	"N\355b\030\235ju\341!\022\005j040\303\205\226?\237~"
 1197      9D6A75E1 
 1197      2112056A 
 1197      303430C3 
 1197      85963F9F 
 1198 0083 59993FA8 		.ascii	"Y\231?\250f#|&jP\362\230\260\366\303\320\363\001\034"
 1198      66237C26 
 1198      6A50F298 
 1198      B0F6C3D0 
 1198      F3011C
 1199 0096 3661DF00 		.ascii	"6a\337\000\035\215\224z\2654\247T\027]_@c\036s\232\305"
 1199      1D8D947A 
 1199      B534A754 
 1199      175D5F40 
ARM GAS  /tmp/ccBEvDSI.s 			page 30


 1199      631E739A 
 1200 00ab 3089C8D6 		.ascii	"0\211\310\326\206;\333\206w\251aq\247a\331&\332\235"
 1200      863BDB86 
 1200      77A96171 
 1200      A761D926 
 1200      DA9D
 1201 00bd AEACDFD0 		.ascii	"\256\254\337\320\3757f\2446\266&\225\352|\304\327\236"
 1201      FD3766A4 
 1201      36B62695 
 1201      EA7CC4D7 
 1201      9E
 1202 00ce 3D20C698 		.ascii	"= \306\230.N\214\033\272Lb\206\005,\302\006\026t`\232"
 1202      2E4E8C1B 
 1202      BA4C6286 
 1202      052CC206 
 1202      1674609A 
 1203 00e2 C7275006 		.ascii	"\307'P\006TDt\233\263T\214j\361\203\251\017\017\236"
 1203      5444749B 
 1203      B3548C6A 
 1203      F183A90F 
 1203      0F9E
 1204 00f4 81D6D9D8 		.ascii	"\201\326\331\330\346\304*\343\340\226\356\233\033\343"
 1204      E6C42AE3 
 1204      E096EE9B 
 1204      1BE3
 1205 0102 E05A586F 		.ascii	"\340ZXo\011\206\326\355o\255\016\323'\251\203\222Y\265"
 1205      0986D6ED 
 1205      6FAD0ED3 
 1205      27A98392 
 1205      59B5
 1206 0114 9B6AAF89 		.ascii	"\233j\257\211{\361M\254\361\352cD\361\207\276\031\245"
 1206      7BF14DAC 
 1206      F1EA6344 
 1206      F187BE19 
 1206      A5
 1207 0125 ECAB6D48 		.ascii	"\354\253mH\242\223\272\235\355\366\237 \320\273\345"
 1207      A293BA9D 
 1207      EDF69F20 
 1207      D0BBE5
 1208 0134 2CC13C4A 		.ascii	",\301<J0\315[\023\253\006\347\334\266\216\340P\2547"
 1208      30CD5B13 
 1208      AB06E7DC 
 1208      B68EE050 
 1208      AC37
 1209 0146 C73B7AD3 		.ascii	"\307;z\323Zk\226\231\262\277sn\306\022\234\247\360\227"
 1209      5A6B9699 
 1209      B2BF736E 
 1209      C6129CA7 
 1209      F097
 1210 0158 FCDFB0F2 		.ascii	"\374\337\260\362\022\274\024\266\326}i\031\3031\314"
 1210      12BC14B6 
 1210      D67D6919 
 1210      C331CC
 1211 0167 4C60AF13 		.ascii	"L`\257\023\330\377\242\317\341\376\211\276\370\035\335"
 1211      D8FFA2CF 
 1211      E1FE89BE 
 1211      F81DDD
ARM GAS  /tmp/ccBEvDSI.s 			page 31


 1212 0176 62632BEF 		.ascii	"bc+\357\007\222\3377\315\361\367\316\210\362\242$}W"
 1212      0792DF37 
 1212      CDF1F7CE 
 1212      88F2A224 
 1212      7D57
 1213 0188 8472480C 		.ascii	"\204rH\014\206\362\262\353\324\252\242\277\344\015y"
 1213      86F2B2EB 
 1213      D4AAA2BF 
 1213      E40D79
 1214 0197 F95AFD82 		.ascii	"\371Z\375\202'w\366\205l\257\030\221a\271Z):n\241\026"
 1214      2777F685 
 1214      6CAF1891 
 1214      61B95A29 
 1214      3A6EA116 
 1215 01ab D683B2C8 		.ascii	"\326\203\262\310\237\317\365f\013\003\203g\317\024."
 1215      9FCFF566 
 1215      0B038367 
 1215      CF142E
 1216 01ba 7AA13F52 		.ascii	"z\241?R\014]A}\231\214\320\303\211\243\262\272\355\224"
 1216      0C5D417D 
 1216      998CD0C3 
 1216      89A3B2BA 
 1216      ED94
 1217 01cc 55512A5E 		.ascii	"UQ*^\021\025\031j\202#}_\006\342\364\271\\\177\356\232"
 1217      1115196A 
 1217      82237D5F 
 1217      06E2F4B9 
 1217      5C7FEE9A 
 1218 01e0 08863D27 		.ascii	"\010\206='\343\020\202}i\227)\036s\217g\263'\\2*\241"
 1218      E310827D 
 1218      6997291E 
 1218      738F67B3 
 1218      275C322A 
 1219 01f5 277F0131 		.ascii	"'\177\0011\361\324;"
 1219      F1D43B
 1220              		.text
 1221              		.section	.gnu.lto_nvicDisableVector.387.561e83f70441d155,"e",%progbits
 1222 0000 789C6D90 		.ascii	"x\234m\220Ah\023A\024\206\337?\263\033\023\004+H\301"
 1222      41681341 
 1222      1486DF3F 
 1222      B31B1304 
 1222      2B48C1
 1223 0013 9B82085E 		.ascii	"\233\202\010^\314h\012\325\243\332\203(\004\212\361"
 1223      CC680AD5 
 1223      A3DA8328 
 1223      048AF1
 1224 0022 1ED27535 		.ascii	"\036\322u5k\334L\335M\032\021$\257\026*\004\244\304"
 1224      6BDC4CDD 
 1224      4D1A1124 
 1224      AF162A04 
 1224      A4C4
 1225 0034 935088F4 		.ascii	"\223P\210\364\226C\301\243\265\036\214\221\252\025\204"
 1225      9643C1A3 
 1225      B51E8C91 
 1225      AA1584
 1226 0043 2278F222 		.ascii	"\"x\362\"b\241\350M\024\005\213qvW4\207\016\363\036"
 1226      62A1E84D 
ARM GAS  /tmp/ccBEvDSI.s 			page 32


 1226      14058B71 
 1226      76573487 
 1226      0EF31E
 1227 0056 EF7F33DF 		.ascii	"\357\1773\337\2747\257\003\242\007Dt\310\030$\341^\273"
 1227      BC37AF03 
 1227      A2074474 
 1227      C81824E1 
 1227      5EBB
 1228 0068 2588994F 		.ascii	"%\210\231O\355\022\230m\2672x\202X\201\232\002M,Ie\344"
 1228      ED12986D 
 1228      B7327882 
 1228      58819A02 
 1228      4D2C4965 
 1229 007d CFB52F1B 		.ascii	"\317\265/\033O\367s\267\207\317DM\212\227\215\324>X"
 1229      4FF773B7 
 1229      87CF444D 
 1229      8A978DD4 
 1229      3E58
 1230 008f C68FE2A0 		.ascii	"\306\217\342\240\215\364]\320\321\036\363\306\372\012"
 1230      8DF45DD0 
 1230      D11EF3C6 
 1230      FA0A
 1231 009d 73866EAD 		.ascii	"s\206n\255\242\371\030+\246\226\300\002\226\323D\273"
 1231      A2F9182B 
 1231      A696C002 
 1231      96D344BB 
 1232 00ad 13D064E8 		.ascii	"\023\320d\350\341[\273\307\333\203\005\346\315OX<\234"
 1232      E15BBBC7 
 1232      DB8305E6 
 1232      CD4F583C 
 1232      9C
 1233 00be 0109218C 		.ascii	"\001\011!\214I\022\322\002V\315\235\216\214zb\013\334"
 1233      4912D202 
 1233      56CD9D8E 
 1233      8C7A620B 
 1233      DC
 1234 00cf 33ED4A91 		.ascii	"3\355J\221\210Y#~\010\3768x\011\372%\346\356\337\331"
 1234      8859237E 
 1234      08FE3878 
 1234      09FA25E6 
 1234      EEDFD9
 1235 00e2 B424A495 		.ascii	"\264$\244\225:\202\003\221\376=\377NH\363D\352=\301"
 1235      3A820391 
 1235      FE3DFF4E 
 1235      48F344EA 
 1235      3DC1
 1236 00f4 8E12DBF3 		.ascii	"\216\022\333\363\337\245\224\221\204\214\210\376\327"
 1236      DFA59491 
 1236      848C88FE 
 1236      D7
 1237 0101 D61B693A 		.ascii	"\326\033i:n\200b\317\3759\336cc9\372\361\226\254?C/"
 1237      6E8062CF 
 1237      FD39DE63 
 1237      6339FAF1 
 1237      96AC3F43 
 1238 0116 3A185F62 		.ascii	":\030_bN\207}\\':i\302\255\021\375\0347M\333R\306\305"
 1238      4E877D5C 
ARM GAS  /tmp/ccBEvDSI.s 			page 33


 1238      273A69C2 
 1238      AD11FD1C 
 1238      374DDB52 
 1239 012c DBAF879E 		.ascii	"\333\257\207\236\332\021]\203\377\017}1\214.&\350\267"
 1239      DA115D83 
 1239      FF0F7D31 
 1239      8C2E26E8 
 1239      B7
 1240 013d EEE8CE64 		.ascii	"\356\350\316d\345\025\274\204\354\216\\Y\307\214!S\256"
 1240      E515BC84 
 1240      EC8E5C59 
 1240      C78C2153 
 1240      AE
 1241 014e 99C640DC 		.ascii	"\231\306@\334\376\360\350|<\365\216\304\377\301\020"
 1241      FEF0E87C 
 1241      3CF58EC4 
 1241      FFC110
 1242 015d 155459FB 		.ascii	"\025TY\373\256\012\364\224\232\014\364U\327\251\205"
 1242      AE0AF494 
 1242      9A0CF455 
 1242      D7A985
 1243 016c 6AA2EC4D 		.ascii	"j\242\354My\205Z\375\222\247\207\343bnL5tP\011\247K"
 1243      79855AFD 
 1243      92A787E3 
 1243      626E4C35 
 1243      745009A7 
 1244 0181 8E5BAC05 		.ascii	"\216[\254\005\365jE\025.\346\307r\305\263\223\347\316"
 1244      F56A4515 
 1244      2EE6C772 
 1244      C5B393E7 
 1244      CE
 1245 0192 142F7B81 		.ascii	"\024/{\201\337(\005\256\242\361lV\231\355D\250\016\377"
 1245      DF2805AE 
 1245      A2F16C56 
 1245      99ED44A8 
 1245      0EFF
 1246 01a4 DED4A12A 		.ascii	"\336\324\241*\227\256\251i\035\230\012\216\366}]U\247"
 1246      97AEA969 
 1246      1D980A8E 
 1246      F67D5D55 
 1246      A7
 1247 01b5 2FE427F2 		.ascii	"/\344'\3627Tu\306s\262\016\241\2727\211\262\245c\356"
 1247      375475C6 
 1247      73B20EA1 
 1247      BA3789B2 
 1247      A563EE
 1248 01c8 F15CEE84 		.ascii	"\361\\\356\204K\177\000\000\014\276\012"
 1248      4B7F0000 
 1248      0CBE0A
 1249              		.text
 1250              		.section	.gnu.lto_nvicSetSystemHandlerPriority.388.561e83f70441d155,"e",%progbits
 1251 0000 789C4D50 		.ascii	"x\234MPAh\023A\024\375\177\376l\222\266Z\005\021z\014"
 1251      41681341 
 1251      14FD7FFE 
 1251      6C92B65A 
 1251      05117A0C 
 1252 0014 DECD6802 		.ascii	"\336\315h\002Uoj\016E\241P\2547\221\220nW\263\246\311"
ARM GAS  /tmp/ccBEvDSI.s 			page 34


 1252      556F6A0E 
 1252      45A150AC 
 1252      3791906E 
 1252      57B3A6C9 
 1253 0028 C64D6A05 		.ascii	"\306Mj\005)\2316\265BD$\242\207^Zz\221 \202B/\265T\011"
 1253      299936B5 
 1253      424424A2 
 1253      875E5A7A 
 1253      91208242 
 1254 0040 6A416B05 		.ascii	"jAk\005\021\212`=HA\321\212\036<h\301\246\365\357\246"
 1254      118A603D 
 1254      4841D18A 
 1254      1E3C68C1 
 1254      A6F5EFA6 
 1255 0054 D62E3B7F 		.ascii	"\326.;\177\376\233y\363\336\377\377+\002\334\003\200"
 1255      FE9B79F3 
 1255      DEFFFF2B 
 1255      02DC0380 
 1256 0064 0E5E6800 		.ascii	"\016^h\000\336\252\224\005h\255\217\006\205(U\256\013"
 1256      DEAA9405 
 1256      68AD8F06 
 1256      852855AE 
 1256      0B
 1257 0075 7C8CAFC7 		.ascii	"|\214\257\307\246\002r\244\322:\365y\341\210$\274\275"
 1257      A60272A4 
 1257      D23AF579 
 1257      E18824BC 
 1257      BD
 1258 0086 C5903854 		.ascii	"\305\2208T)71\303G\010EA\022\2138I\212\017V\347\276"
 1258      293731C3 
 1258      47084541 
 1258      128B3849 
 1258      8A0F56E7 
 1259 009b 3D5C6CD3 		.ascii	"=\\l\323\325\032\256\000\024\301\377\014\014\354A\311"
 1259      D51AAE00 
 1259      14C1FF0C 
 1259      0CEC41C9 
 1260 00ab 712F860D 		.ascii	"q/\206\015\014\335@\330_\323\372\315\207i\255\233`p"
 1260      0CDD40D8 
 1260      5FD3FACD 
 1260      8769AD9B 
 1260      6070
 1261 00bd 068B8F70 		.ascii	"\006\213\217p\232\353\021x\007\277\007\231pw\223\260"
 1261      9AEB1178 
 1261      07BF0799 
 1261      707793B0 
 1262 00cd DE20CC6E 		.ascii	"\336 \314n'\254\006\001Z\032\312|\202B<xk\324\364\332"
 1262      27AC0601 
 1262      5A1ACA7C 
 1262      82423C78 
 1262      6BD4F4DA 
 1263 00e1 C64DAD3F 		.ascii	"\306M\255?\265\375x'w \010\022 $\361\222 \014\203W\020"
 1263      B5FD7827 
 1263      77200812 
 1263      2024F192 
 1263      200C8357 
 1264 00f6 71069B11 		.ascii	"q\006\233\021g\371\3118y]h\211\272\0060A\242\001\206"
ARM GAS  /tmp/ccBEvDSI.s 			page 35


 1264      67F9C938 
 1264      795D6889 
 1264      BA063041 
 1264      A20186
 1265 0109 18FC167A 		.ascii	"\030\374\026zyi\036\275}_#\374\021\245\331kHH\301\300"
 1265      79691EBD 
 1265      7D5F23FC 
 1265      11A5D96B 
 1265      4848C1C0 
 1266 011d 20B6301C 		.ascii	" \2660\034^g(\010\241.\256\206\211\312\030\310_\004"
 1266      5E672808 
 1266      A12EAE86 
 1266      89CA18C8 
 1266      5F04
 1267 012f 2011E031 		.ascii	" \021\3401\210\020\374\022#+q\"\254\241\337\367\004"
 1267      8810FC12 
 1267      232B7122 
 1267      ACA1DFF7 
 1267      04
 1268 0140 D19785B1 		.ascii	"\321\227\205\261\230'N\276^]\214\204\241\214\"\223\366"
 1268      98274EBE 
 1268      5E5D8C84 
 1268      A18C2293 
 1268      F6
 1269 0151 87622347 		.ascii	"\207b#G\326\260\257\360~\037\345\371\347\370\014\371"
 1269      D6B0AFF0 
 1269      7E1FE5F9 
 1269      E7F80CF9 
 1270 0161 7E54EB90 		.ascii	"~T\353\220=\207OP\354\364U\344V\215\306\277\332\226"
 1270      3D874F50 
 1270      ECF455E4 
 1270      568DC6BF 
 1270      DA96
 1271 0173 579B1BE5 		.ascii	"W\233\033\345,\022I\362\362\322\332(\222A2\260\004("
 1271      2C1249F2 
 1271      F2D2DA28 
 1271      924132B0 
 1271      0428
 1272 0185 193FFD59 		.ascii	"\031?\375Y\236#61=\023\216\372}I\267z6\254U\245\344"
 1272      9E233631 
 1272      3D138EFA 
 1272      7D49B77A 
 1272      36AC55A5 
 1273 019a 4B7CE15D 		.ascii	"K|\341]\264O\262Wb\036\317\002\034\346\264\272\353\314"
 1273      B44FB257 
 1273      621ECF02 
 1273      1CE6B4BA 
 1273      EBCC
 1274 01ac 2BCCB129 		.ascii	"+\314\261)\031\260!\206?\326O\372\215\214\023\376\237"
 1274      19B02186 
 1274      3FD64FFA 
 1274      8D8C13FE 
 1274      9F
 1275 01bd 1940B74A 		.ascii	"\031@\267J9\031K\271N\217\352r\235\013\226Y\310\253"
 1275      39194BB9 
 1275      4E8FEA72 
 1275      9D0B9659 
ARM GAS  /tmp/ccBEvDSI.s 			page 36


 1275      C8AB
 1276 01cf 78CAEEB1 		.ascii	"x\312\356\261\273\013\375\275\266\263=ODcj\300q\323"
 1276      BB0BFDBD 
 1276      B6B33D4F 
 1276      44636AC0 
 1276      71D3
 1277 01e1 F95CD2B4 		.ascii	"\371\\\322\264\022\005\267?\233V\335\247;c\321DG\327"
 1277      1205B73F 
 1277      9B56DDA7 
 1277      3B63D144 
 1277      47D7
 1278 01f3 89E38973 		.ascii	"\211\343\211s\266\233\031H\272\226\202\366HD\361ozO"
 1278      B69B1948 
 1278      BA9682F6 
 1278      4844F16F 
 1278      7A4F
 1279 0205 9DFC26D3 		.ascii	"\235\374&\323\311\253T\262O\345\034\227\035L'\223q\262"
 1279      C9AB54B2 
 1279      4FE51C97 
 1279      1D4C2793 
 1279      71B2
 1280 0217 EAD8A9CE 		.ascii	"\352\330\251\316x\347e\225\275d\233\021\023\202\251"
 1280      78E76595 
 1280      BD649B11 
 1280      1382A9
 1281 0226 64B6B7CF 		.ascii	"d\266\267\317rw7p$y\300:\030\215\036\262@\346\\\333"
 1281      72773770 
 1281      2479C03A 
 1281      188D1EB2 
 1281      40E65CDB 
 1282 023a F90B10CD 		.ascii	"\371\013\020\315\326D"
 1282      D644
 1283              		.text
 1284              		.section	.gnu.lto_nvicClearPending.389.561e83f70441d155,"e",%progbits
 1285 0000 789C4D50 		.ascii	"x\234MPAHTQ\024\275\347\275\377u$\250 \002w\012!\264"
 1285      41485451 
 1285      14BDE7BD 
 1285      FF7524A8 
 1285      2002770A 
 1286 0016 A8793586 		.ascii	"\250y5\206\265L]\210\304\2008\355\207\361\367c~6\363"
 1286      B54C5D88 
 1286      C48038ED 
 1286      87F1F763 
 1286      7E36F3
 1287 0029 ECFF99C6 		.ascii	"\354\377\231\306M\314UAa@\304V\255\024w.\204hg\266\350"
 1287      4DCC5541 
 1287      6140C456 
 1287      AD14772E 
 1287      846867B6 
 1288 003e 3720046D 		.ascii	"7 \004m$\020\022\012\"\012\244vm\012\022\355\376?B="
 1288      2410120A 
 1288      220AA476 
 1288      6D0A12ED 
 1288      FE3F423D 
 1289 0052 DEBDEF9C 		.ascii	"\336\275\357\234w\356}\367\336w\003D\353DtI\014\232"
 1289      77EE7DF7 
 1289      DE770344 
ARM GAS  /tmp/ccBEvDSI.s 			page 37


 1289      EB447449 
 1289      0C9A
 1290 0064 F074B5A5 		.ascii	"\360t\265\245\210\231ow+\314\255\266z\360\012)\0035"
 1290      88996F77 
 1290      2BCCADB6 
 1290      7AF00A29 
 1290      0335
 1291 0076 159AD8D0 		.ascii	"\025\232\330\320F\350\357\335\037{\007\275\274\031\343"
 1291      46E8EFDD 
 1291      1F7B07BD 
 1291      BC19E3
 1292 0085 3B5193D2 		.ascii	";Q\223\322\345\242\353\002\034\361\027\321\357\"\263"
 1292      E5A2EB02 
 1292      1CF117D1 
 1292      EF22B3
 1293 0094 0CBA1A33 		.ascii	"\014\272\0323\357\275\335f\356\241';h\276\304\266\324"
 1293      EFBDDD66 
 1293      EEA1273B 
 1293      68BEC4B6 
 1293      D4
 1294 00a5 5258C141 		.ascii	"RX\301A7\321\231N\242\334\320\363\367n\314G'+\314\237"
 1294      37D1994E 
 1294      A2DCD0F3 
 1294      F76ECC47 
 1294      272BCC9F 
 1295 00b9 BEE2C340 		.ascii	"\276\342\303@\006\244\224\"\245\265\234\216\230\013"
 1295      06A49422 
 1295      A5B59C8E 
 1295      980B
 1296 00c7 EC48DC9A 		.ascii	"\354H\334\232N\372b\007\034K\313Zu\310\234\220_\212"
 1296      4EFA6207 
 1296      1C4BCB5A 
 1296      75C89C90 
 1296      5F8A
 1297 00d9 BFACBF03 		.ascii	"\277\254\277\003\375Q\013\317\226\366\035\015\355v]"
 1297      FD510BCF 
 1297      96F61D0D 
 1297      ED765D
 1298 00e8 465FC28F 		.ascii	"F_\302\217\026\277i\255pE\247\352\361\342\276<+\352"
 1298      16BF69AD 
 1298      7045A7EA 
 1298      F1E2BE3C 
 1298      2BEA
 1299 00fa 47822B17 		.ascii	"G\202+\027\363\307K\";Z\011n\377l\355ji\277\001J=\267"
 1299      F3C74B22 
 1299      3B5A096E 
 1299      FF6CED6A 
 1299      69BF014A 
 1300 0110 17F8AC8B 		.ascii	"\027\370\254\213\255d\374C]\217\361:\021\2066\2303\321"
 1300      AD64FC43 
 1300      5D8FF13A 
 1300      11863698 
 1300      33D1
 1301 0122 1B3C22BA 		.ascii	"\033<\"\272%\360\360\234mcVf\320\016\235\250\371\317"
 1301      25F0F09C 
 1301      6D635666 
 1301      D00E9DA8 
ARM GAS  /tmp/ccBEvDSI.s 			page 38


 1301      F9CF
 1302 0134 2FEEA47F 		.ascii	"/\356\244\177\261\246\361\257U\242\202)\333\212oB;e"
 1302      B1A6F1AF 
 1302      55A28229 
 1302      DB8A6F42 
 1302      3B65
 1303 0146 2642FBC0 		.ascii	"&B\373\300\367j\221\031-\007SA\241V\277\027\330\377"
 1303      F76A9119 
 1303      2D075341 
 1303      A156BF17 
 1303      D8FF
 1304 0158 71313768 		.ascii	"q17h\0326\234\216fJ\236_\254\205\365\352\264)\334\315"
 1304      1A369C8E 
 1304      664A9E5F 
 1304      AC85F5EA 
 1304      B429DCCD 
 1305 016c 0FE68A63 		.ascii	"\017\346\212c\023\343#\305\373AXi\224B\337\320P6kd{"
 1305      13E323C5 
 1305      FB415869 
 1305      9442DFD0 
 1305      50366B64 
 1306 0181 49AA8D4E 		.ascii	"I\252\215N#md\312\245\207f\306\206R\301\263\225\212"
 1306      236D64CA 
 1306      A58766C6 
 1306      8652C1B3 
 1306      958A
 1307 0193 AD9AE1C9 		.ascii	"\255\232\341\311\374h~\326T\037\007^\326#T\317wP\266"
 1307      FC687ED6 
 1307      541F075E 
 1307      D62354CF 
 1307      7750B6
 1308 01a6 74CDBF9E 		.ascii	"t\315\277\236\313\335\364\351/\314\222\227\204"
 1308      CBDDF4E9 
 1308      2FCC9297 
 1308      84
 1309              		.text
 1310              		.section	.gnu.lto_nvicSetPending.390.561e83f70441d155,"e",%progbits
 1311 0000 789C4D50 		.ascii	"x\234MPAh\023A\024\375of\267M\021T\020\301\233\202\010"
 1311      41681341 
 1311      14FD6F66 
 1311      B74D1154 
 1311      10C19B82 
 1312 0015 3D684653 		.ascii	"=hFS\251\036\253=\210\224@i\274\207t]\311\332&Sw\023"
 1312      A91EAB3D 
 1312      88944069 
 1312      BC87745D 
 1312      C9DA2653 
 1313 002b D34BC96F 		.ascii	"\323K\311o\013-\004\244\264'O\225\336<\010\275\266\025"
 1313      0B2D04A4 
 1313      B4274F95 
 1313      DE3C08BD 
 1313      B615
 1314 003d 740DE424 		.ascii	"t\015\344$\202(9\351AD\241\324\213\364\242`i\375\273"
 1314      822839E9 
 1314      4144A1D4 
 1314      8BF4A260 
 1314      69FDBB
ARM GAS  /tmp/ccBEvDSI.s 			page 39


 1315 0050 29E830FF 		.ascii	")\3500\377\317{\363\376\237\377\377\\\007\3213\"\272"
 1315      CF7BF3FE 
 1315      9FFFFF5C 
 1315      07D13322 
 1315      BA
 1316 0061 28064D58 		.ascii	"(\006MX[m)b\346\221~\205\371\325\326\000^\"e\240\246"
 1316      5B6D2962 
 1316      E6917E85 
 1316      F9D5D600 
 1316      5E2265A0 
 1317 0076 42131BDA 		.ascii	"B\023\033\332\010\375\335\371\361\363\3239~\036c\217"
 1317      08FDDDF9 
 1317      F1F3D339 
 1317      7E1E638F 
 1318 0086 A849E972 		.ascii	"\250I\351r\321w\006\216\370\263\270\340\"\363\004t%"
 1318      D177068E 
 1318      F8B3B8E0 
 1318      22F30474 
 1318      25
 1319 0097 667EFF6A 		.ascii	"f~\377j\213y\200\346v\320\334\306\226\324RXA\247\237"
 1319      8B7980E6 
 1319      76D0DCC6 
 1319      96D45258 
 1319      41A79F
 1320 00aa E8442F51 		.ascii	"\350D/Qnh\363\203\033\363\301\321\012\363\273o\330\273"
 1320      6E68F383 
 1320      1BF3C1D1 
 1320      0AF3BB6F 
 1320      D8BB
 1321 00bc 940129A5 		.ascii	"\224\001)\245Hi-\247#\346\002;\022\267\256\223\276\330"
 1321      48692DA7 
 1321      23E6023B 
 1321      12B7AE93 
 1321      BED8
 1322 00ce 01C7D2B2 		.ascii	"\001\307\322\262V=2/\344\227\342\257\037\337\202\376"
 1322      563D322F 
 1322      E497E2AF 
 1322      1FDF82FE 
 1323 00de A8C5A7CB 		.ascii	"\250\305\247\313]GC\273}\2038\237\360\203\245\357Z+"
 1323      5D4743BB 
 1323      7D83389F 
 1323      F083A5EF 
 1323      5A2B
 1324 00f0 5CD6A97A 		.ascii	"\\\326\251z\270\324\225gE\375Lp\345b\341pYdG+\301\355"
 1324      B8D49567 
 1324      45FD4C70 
 1324      E562E170 
 1324      5964472B 
 1325 0106 FD56474B 		.ascii	"\375VGK\373\015P\352\271\275\310']\274H\306\337\325"
 1325      FB0D50EA 
 1325      B9BDC827 
 1325      5DBC48C6 
 1325      DFD5
 1326 0118 F518AF13 		.ascii	"\365\030\257\023ax\2039\023\275\301#\242\233\002wO\331"
 1326      61788339 
 1326      13BDC123 
 1326      A29B0277 
ARM GAS  /tmp/ccBEvDSI.s 			page 40


 1326      4FD9
 1327 012a 36666506 		.ascii	"6fe\006\355\320\221Z\370\322\035K\377b]\343_\253D\005"
 1327      EDD0915A 
 1327      F8D21D4B 
 1327      FF625DE3 
 1327      5FAB4405 
 1328 013e 53B615DF 		.ascii	"S\266\025\337\204v\322\214\207\366\241\357\325\"3Z\016"
 1328      8476D28C 
 1328      87F6A1EF 
 1328      D522335A 
 1328      0E
 1329 014f 268342AD 		.ascii	"&\203B\255~?\260\377\343bn\3104l8\025\315\224<\277X"
 1329      7E3FB0FF 
 1329      E3626EC8 
 1329      346C3815 
 1329      CD943CBF 
 1330 0164 0BEBD529 		.ascii	"\013\353\325)S\270\227\037\312\025\357\214\337\275]"
 1330      53B8971F 
 1330      CA15EF8C 
 1330      DFBD5D
 1331 0173 7C108495 		.ascii	"|\020\204\225F)\364\015\015g\263F\266\227\244\332\350"
 1331      4629F40D 
 1331      0D67B346 
 1331      B697A4DA 
 1331      E8
 1332 0184 38D246A6 		.ascii	"8\322F\246\\\232636\224\012\236\255Tl\325\334\232\310"
 1332      5C9A3633 
 1332      36940A9E 
 1332      AD546CD5 
 1332      DC9AC8
 1333 0197 8FE6674D 		.ascii	"\217\346gM\365q\340e=B\365t\017eKW\375k\271\334\015"
 1333      F571E065 
 1333      3D42F574 
 1333      0F654B57 
 1333      FD6BB9DC 
 1334 01ac 9FFE0235 		.ascii	"\237\376\0025\323\227\342"
 1334      D397E2
 1335              		.text
 1336              		.section	.gnu.lto___func__.0.393.561e83f70441d155,"e",%progbits
 1337 0000 789C6361 		.ascii	"x\234ca``\220g\200\000u&\246z\006\331\274\262\314\344"
 1337      60609067 
 1337      80007526 
 1337      A67A06D9 
 1337      BCB2CCE4 
 1338 0014 E0D492E0 		.ascii	"\340\324\222\340\312\342\222\324\\\217\304\274\224\234"
 1338      CAE292D4 
 1338      5C8FC4BC 
 1338      949C
 1339 0022 D4A280A2 		.ascii	"\324\242\200\242\314\374\242\314\222J\006\000\317\344"
 1339      CCFCA2CC 
 1339      924A0600 
 1339      CFE4
 1340 0030 0C6C     		.ascii	"\014l"
 1341              		.text
 1342              		.section	.gnu.lto_.symbol_nodes.561e83f70441d155,"e",%progbits
 1343 0000 789C7BCB 		.ascii	"x\234{\313\000\004L\215\314\365\274\037~\255\260`\234"
 1343      00044C8D 
ARM GAS  /tmp/ccBEvDSI.s 			page 41


 1343      CCF5BC1F 
 1343      7EADB060 
 1343      9C
 1344 0011 708E81A1 		.ascii	"p\216\201\241\236\201aWC##H\274\211\271\236\257\001"
 1344      9E816157 
 1344      43232348 
 1344      BC89B99E 
 1344      AF01
 1345 0023 0858D025 		.ascii	"\010X\320%\232\231\353\371\261J\2640\327\013`\223`\355"
 1345      9A99EBF9 
 1345      B14AB430 
 1345      D70B6093 
 1345      60ED
 1346 0035 64666B70 		.ascii	"dfkpb``fje\256\027\304\252\265\215\271^\010\233\004"
 1346      62606066 
 1346      6A65AE17 
 1346      C4AAB58D 
 1346      B95E089B 
 1347 004a 630773BD 		.ascii	"c\007s\275\360\177(\220\007K20\000\325\201\345\332\231"
 1347      F07F2890 
 1347      074B3230 
 1347      00D581E5 
 1347      DA99
 1348 005c EB4570C8 		.ascii	"\353Ep\31013s@\214;\302\310\314\314\376\342\314Lc\306"
 1348      31337340 
 1348      8C3BC2C8 
 1348      CCCCFEE2 
 1348      CC4C63C6 
 1349 0070 256C0C00 		.ascii	"%l\014\000\335oI\210"
 1349      DD6F4988 
 1350              		.text
 1351              		.section	.gnu.lto_.refs.561e83f70441d155,"e",%progbits
 1352 0000 789C6367 		.ascii	"x\234cg```dfb\341d`\000\000\000\246\000\033"
 1352      60606064 
 1352      6662E164 
 1352      60000000 
 1352      A6001B
 1353              		.text
 1354              		.section	.gnu.lto_.decls.561e83f70441d155,"e",%progbits
 1355 0000 789C9D57 		.ascii	"x\234\235WkTSW\026>\347\334KrP\024X\325\221v\351\252"
 1355      6B545357 
 1355      163EE7DC 
 1355      4B725014 
 1355      58D59176 
 1356 0016 337FC6E5 		.ascii	"3\177\306\345\264F\264\326\376\230\037b\320\312Zu\206"
 1356      B446B4D6 
 1356      FE981F62 
 1356      D0CA5A75 
 1356      86
 1357 0027 955867AD 		.ascii	"\225Xg\255\231\037\0241\035h!\2611\266\272\346\261\016"
 1357      991F1431 
 1357      1D6821B1 
 1357      31B6BAE6 
 1357      B10E
 1358 0039 10202248 		.ascii	"\020 \"H\202U1\"\306\250\3651V\261\332\312K\211\200"
 1358      82553122 
 1358      C6A8F531 
ARM GAS  /tmp/ccBEvDSI.s 			page 42


 1358      56B1DACA 
 1358      4B8980
 1359 004c 8A2FB4F5 		.ascii	"\212/\264\365U\0255\210\264\210\212bmEQ\231}\356\313"
 1359      55153588 
 1359      B4888A62 
 1359      6D455199 
 1359      7DEECB
 1360 005f 24B6336B 		.ascii	"$\2663k\206\305\276\257o\357o\177g\237}\316\275\351"
 1360      86C5BEAF 
 1360      6FEF6F7F 
 1360      679F7DCE 
 1360      BDE9
 1361 0071 8D436894 		.ascii	"\215Ch\224\200\320i\214\320 \374Q\204\320\031\260\221"
 1361      80D0698C 
 1361      D020FC51 
 1361      84D019B0 
 1361      91
 1362 0082 603560A7 		.ascii	"`5`\247\300^\006\354\0250\013X3\334\377\035\316\377"
 1362      C05E06EC 
 1362      15300B58 
 1362      33DCFF1D 
 1362      CEFF
 1363 0094 006B83EB 		.ascii	"\000k\203\353\000X\002\\\267\302y>\234\031X\036X!\330"
 1363      0058025C 
 1363      B7C2793E 
 1363      9C19581E 
 1363      5821D8
 1364 00a7 47602EB0 		.ascii	"G`.\260b\26020/\030\206\\1H\366kV\370U\236\023J.\316"
 1364      62B03230 
 1364      2F18865C 
 1364      3148F66B 
 1364      56F8559E 
 1365 00bf F703D7A0 		.ascii	"\367\003\327\240\360\216\200s\024\304\015G27\217\033"
 1365      F08E8073 
 1365      14C40D47 
 1365      32378F1B 
 1366 00cf 0DF65BB0 		.ascii	"\015\366[\260?\207\304\334\200\353ap\356Dr\374\010%"
 1366      3F87C4DC 
 1366      80EB6170 
 1366      EE4472FC 
 1366      0825
 1367 00e1 3E16CEC3 		.ascii	">\026\316\303\224\370B%>262_(W\007X'A\350%$\217I\255"
 1367      94F84225 
 1367      3E323632 
 1367      5F285707 
 1367      582741E8 
 1368 00fa C13A309D 		.ascii	"\301:0\235\242e\2752>\037\330\006e\274\274F\177\003"
 1368      A265BD32 
 1368      3E1FD806 
 1368      65BCBC46 
 1368      7F03
 1369 010c 5BAED48E 		.ascii	"[\256\324\216\327\307\010fRx\343AS4\222k\244j\372K\204"
 1369      D7C70866 
 1369      5278E341 
 1369      5334926B 
 1369      A46AFA4B 
 1370 0121 26750C23 		.ascii	"&u\014#\025\337\342\377\340\373+\305\367\021h\205K)"
ARM GAS  /tmp/ccBEvDSI.s 			page 43


 1370      15DFE2FF 
 1370      E0FB2BC5 
 1370      F7116885 
 1370      4B29
 1371 0133 B7EE252C 		.ascii	"\267\356%,\352F\342\261\"Y\365\3203!>\300\330=\346k"
 1371      EA46E2B1 
 1371      2259F5D0 
 1371      33213EC0 
 1371      D83DE66B 
 1372 0147 12C7D5E0 		.ascii	"\022\307\325\340}\200\326\312\036\224\022\244\033\207"
 1372      7D80D6CA 
 1372      1E9412A4 
 1372      1B87
 1373 0155 F9FCC7C2 		.ascii	"\371\374\307\302\031Q=\232\302\244?\377\253\350\000"
 1373      19513D9A 
 1373      C2A43FFF 
 1373      ABE800
 1374 0164 A7426866 		.ascii	"\247Bhf\014\375\023\022I\271\257\371\370\220\330 \320"
 1374      0CFD1312 
 1374      49B9AFF9 
 1374      F890D820 
 1374      D0
 1375 0175 0402CE68 		.ascii	"\004\002\316h$\321\004\360\270F\274\0377`\372\036x\224"
 1375      24D104F0 
 1375      B846BC1F 
 1375      3760FA1E 
 1375      7894
 1376 0187 9EBF51A1 		.ascii	"\236\277Q\241\217e<\021x\274$'j\306(1Q$;o]\017\016\211"
 1376      8F653C11 
 1376      78BC2427 
 1376      6AC62831 
 1376      51243B6F 
 1377 019f 0D285844 		.ascii	"\015(XD\264HnV\357h\210\035%\2052\037i\301r\354!\314"
 1377      B4486E56 
 1377      EF68881D 
 1377      2585321F 
 1377      69C172EC 
 1378 01b5 C3B9CE18 		.ascii	"\303\271\316\030\030I\020\321\017 \213\333{q\217 \351"
 1378      184910D1 
 1378      0F208BDB 
 1378      7B718F20 
 1378      E9
 1379 01c6 F839267A 		.ascii	"\3709&zj\177 \037\217\037\2370\276\203\261\376\257\213"
 1379      6A7F201F 
 1379      8F1F9F30 
 1379      BE83B1FE 
 1379      AF8B
 1380 01d8 0E778E5F 		.ascii	"\016w\216_{\026H\313'\036\305\255\370\204B\\\0076\031"
 1380      7B1648CB 
 1380      271EC5AD 
 1380      F884425C 
 1380      073619
 1381 01eb 41BAEA6D 		.ascii	"A\272\352m\373\026\264\006\360!\334\244a\211\012\344"
 1381      FB16B406 
 1381      F021DCA4 
 1381      61890AE4 
 1382 01fb 642C20A2 		.ascii	"d, \242#\3700<;\201\033\361q|\022\037\343\025\351\202"
ARM GAS  /tmp/ccBEvDSI.s 			page 44


 1382      23F8303C 
 1382      3B811BF1 
 1382      717C121F 
 1382      E315E982 
 1383 020f B0ED52D8 		.ascii	"\260\355R\330A\\\037\032V\003\365[J@\342\325#\255\217"
 1383      415C1F1A 
 1383      5603F55B 
 1383      4A40E2D5 
 1383      23AD8F
 1384 0222 8484708E 		.ascii	"\204\204p\2166\034F\"\222\037\007\352~\257\315\312)"
 1384      361C4622 
 1384      921F07EA 
 1384      7EAFCDCA 
 1384      29
 1385 0233 85E5B43C 		.ascii	"\205\345\264<\\6\032\016\367\364pp\217\200\221\263\015"
 1385      5C361A0E 
 1385      F7F47070 
 1385      8F8091B3 
 1385      0D
 1386 0244 98AE241C 		.ascii	"\230\256$\034\310\217\022\311\031\277\263\377\2052_"
 1386      C88F12C9 
 1386      19BFB3FF 
 1386      85325F
 1387 0253 80329F87 		.ascii	"\2002\237\207B\226\325\025\357\0306JN\315\013y\026\237"
 1387      4296D515 
 1387      EF18364A 
 1387      4ECD0B79 
 1387      169F
 1388 0265 01F45BCC 		.ascii	"\001\364[\314\035$f\035g\306\2344\226\256\2278\357B"
 1388      1D24661D 
 1388      67C69C34 
 1388      96AE9738 
 1388      EF42
 1389 0277 D8964BC1 		.ascii	"\330\226K\301KB$\347U\340\274\202uc\360 ? \352\347c"
 1389      4B4224E7 
 1389      55E0BC82 
 1389      7563F020 
 1389      3F20EAE7 
 1390 028c 3BF4E4D2 		.ascii	";\364\344\322\216\030>\221\335\254)W@S&\241\016<\246"
 1390      8E183E91 
 1390      DDAC2957 
 1390      405326A1 
 1390      0E3CA6
 1391 029f 1107F135 		.ascii	"\021\007\3615\240\361\356/\253\034\252d\177\357:\276"
 1391      A0F1EE2F 
 1391      AB1CAA64 
 1391      7FEF3ABE 
 1392 02af 8C2FF186 		.ascii	"\214/\361\206\307\234\011B\007\006K*\244\231\373\271"
 1392      C79C0942 
 1392      07064B2A 
 1392      A499FBB9 
 1393 02bf D035CDCE 		.ascii	"\3205\315\316\007\321j\350\215\360P\020\351\023\341"
 1393      07D16AE8 
 1393      8DF05010 
 1393      E913E1
 1394 02ce 1094740F 		.ascii	"\020\224t\017\247\333%\335SE\022\334\237W>,R\366-\220"
 1394      A7DB25DD 
ARM GAS  /tmp/ccBEvDSI.s 			page 45


 1394      534512DC 
 1394      9F573E2C 
 1394      52F62D90 
 1395 02e2 DD038CBB 		.ascii	"\335\003\214\273k\216\237\026CJ\321\215\277\007\364"
 1395      6B8E9F16 
 1395      434AD18D 
 1395      BF07F4
 1396 02f1 36E60E52 		.ascii	"6\346\016R)8\345X\316H\350^\211Q\017#\270\306<C#\031"
 1396      2938E558 
 1396      CE48E85E 
 1396      89510F23 
 1396      B8C63C43 
 1397 0307 EF03631F 		.ascii	"\357\003c\0370>\253l\3224r\306\273\270\227/@\314\035"
 1397      303EAB6C 
 1397      D23472C6 
 1397      BBB8972F 
 1397      40CC1D
 1398 031a 607C3BFB 		.ascii	"`|;\373s\313\207h\360\321p\230\217A\340c@<\243\216\326"
 1398      73CB8768 
 1398      F0D17098 
 1398      8F41E063 
 1398      403CA38E 
 1399 032f 4A194789 		.ascii	"J\031G\211dc\361\321\276\230\310\214\217!\343#\310X"
 1399      6463F1D1 
 1399      BE98C88C 
 1399      8F21E323 
 1399      C858
 1400 0341 BBB22A10 		.ascii	"\273\262*\020:\206\207\370'@\0070w\220\306 \320f\211"
 1400      3A8687F8 
 1400      27400730 
 1400      7790C620 
 1400      D06689
 1401 0354 C84768AB 		.ascii	"\310Gh\253t\001\203\371F~\202\351\005\371\011\246A\202"
 1401      740183F9 
 1401      467E82E9 
 1401      05F909A6 
 1401      4182
 1402 0366 689774E3 		.ascii	"h\227t\343\034\015\351}AL{`2G\337>\337\023\324\215W"
 1402      1C0DE97D 
 1402      414C7B60 
 1402      3247DF3E 
 1402      DF13D48D 
 1403 037b FF12F861 		.ascii	"\377\022\370a\003tw\353\347\214\3059c\036@\243\254 "
 1403      037477EB 
 1403      E78CC539 
 1403      631E40A3 
 1403      AC20
 1404 038d F228EE68 		.ascii	"\362(\356h+f\277\014\016@W\254 \262\236g\032\330\250"
 1404      2B66BF0C 
 1404      0E4057AC 
 1404      20B29E67 
 1404      1AD8A8
 1405 03a0 82FD1AF8 		.ascii	"\202\375\032\370\243\006\326\253`>Q\301<\302A\236\363"
 1405      A306D6AB 
 1405      603E51C1 
 1405      3CC2419E 
 1405      F3
ARM GAS  /tmp/ccBEvDSI.s 			page 46


 1406 03b1 18077363 		.ascii	"\030\007sc\272p;D\312\263\177Q\213<.G~\213\317\001("
 1406      BA703B44 
 1406      CAB37F51 
 1406      8B3C2E47 
 1406      7E8BCF01 
 1407 03c6 B7F43758 		.ascii	"\267\3647X\215\254Q\325\026\022U\255\264\206a\003\250"
 1407      8DAC51D5 
 1407      161255AD 
 1407      B4866103 
 1407      A8
 1408 03d7 3E515AC4 		.ascii	">QZ\304\261\243x)`ri\277\326XkU=M\232\330^\034\266\372"
 1408      B1A37829 
 1408      607269BF 
 1408      D6586B55 
 1408      3D4D9AD8 
 1409 03ef 5DA40804 		.ascii	"]\244\010\004\256 \215\330M\312\311*RJV\223ed%)!\305"
 1409      AE208DD8 
 1409      4DCAC92A 
 1409      524A5693 
 1409      65642529 
 1410 0405 E453B29C 		.ascii	"\344S\262\234\224\021\017\341\2574 ;*\223\335\3067\201"
 1410      94110FE1 
 1410      AF34203B 
 1410      2A93DDC6 
 1410      3781
 1411 0417 4C6EB5EF 		.ascii	"Ln\265\3574\211\007T\211O\265\202>\321\300:\025,\320"
 1411      34890754 
 1411      894FB582 
 1411      3ED1C03A 
 1411      152CD0
 1412 042a F43BB5B2 		.ascii	"\364;\265\2624\250`\256\0062\011\244w\371j\334\325~"
 1412      34A860AE 
 1412      063209A4 
 1412      77F96ADC 
 1412      D57E
 1413 043c D33B2421 		.ascii	"\323;$!\\o\005\371\257\202E\262\275\256\347F\254\266"
 1413      5C6F05F9 
 1413      AF8245B2 
 1413      BDAEE746 
 1413      ACB6
 1414 044e FDAC516A 		.ascii	"\375\254Qj\343%\034;\321\223\327\026\255acdh-\221\032"
 1414      E3251C3B 
 1414      D193D716 
 1414      AD616364 
 1414      682D911A 
 1415 0462 CE85F9FE 		.ascii	"\316\205\371\376\301\257\370\306\344\343[G\377\271-"
 1415      C1AFF8C6 
 1415      E4E35B47 
 1415      FFB92D
 1416 0471 D191FDEB 		.ascii	"\321\221\375\353#(q\037\200E\316\375\313bC\372w=\251"
 1416      2328711F 
 1416      8045CEFD 
 1416      CB6243FA 
 1416      773DA9
 1417 0484 029E0D84 		.ascii	"\002\236\015\204; \372\210\017aK\343\316\331\232\307"
 1417      3B20FA88 
 1417      0F614BE3 
ARM GAS  /tmp/ccBEvDSI.s 			page 47


 1417      CED99AC7 
 1418 0494 C1700F48 		.ascii	"\301p\017Hs\232\037\342\370\232\301\364\231\324\302"
 1418      739A1FE2 
 1418      F89AC1F4 
 1418      99D4C2
 1419 04a3 82480E1C 		.ascii	"\202H\016\034\270\333\213#sn\203\234[\211H<\017\036"
 1419      B8DB8B23 
 1419      736E839C 
 1419      5B89483C 
 1419      0F1E
 1420 04b5 AFC62139 		.ascii	"\257\306!9?#\233\201\012\366\214m\322\350\316\037\277"
 1420      3F239B81 
 1420      0AF68C6D 
 1420      D2E8CE1F 
 1420      BF
 1421 04c6 F2851092 		.ascii	"\362\205\020\2220\014\006\372VD\363\005D\213\004~\023"
 1421      300C06FA 
 1421      5644F305 
 1421      448B047E 
 1421      13
 1422 04d7 E0AB3580 		.ascii	"\340\2535\200\3502\001\"\273z;\274/\3546_@\326I\"i\274"
 1422      E8320122 
 1422      BB7A3BBC 
 1422      2FEC365F 
 1422      40D64922 
 1423 04ed 53DE199A 		.ascii	"S\336\031\232\264\232\360w\314\036\302q\010\335q\371"
 1423      B49AF077 
 1423      CC1EC271 
 1423      08DD71F9 
 1424 04fd 4C694C48 		.ascii	"LiLH\3220\030\362\274E\313 \347\247R\316\211t\015\\"
 1424      D23018F2 
 1424      BC45CB20 
 1424      E7A752CE 
 1424      89740D5C 
 1425 0511 AF97AEC7 		.ascii	"\257\227\256\307\321Mp\275\015l\247t\237@\367J\347\241"
 1425      D14D70BD 
 1425      0D6CA774 
 1425      9F40F74A 
 1425      E7A1
 1426 0523 22D957B4 		.ascii	"\"\331W\264\252\357\205\2727\201\232\203P\203'\256\245"
 1426      AAEF85BA 
 1426      37819A83 
 1426      508327AE 
 1426      A5
 1427 0534 07F4CF37 		.ascii	"\007\364\3177b\371-\006;E\223\244fO\351\336G\272\347"
 1427      62F92D06 
 1427      3B4593A4 
 1427      664FE9DE 
 1427      47BAE7
 1428 0547 7B6D184A 		.ascii	"{m\030Jk Y\003X\000\3540\330q\260\323R\322\022\276\375"
 1428      6B205903 
 1428      5800EC30 
 1428      D871B0D3 
 1428      52D212BE 
 1429 055c 06293D0F 		.ascii	"\006)=\017\305x\255(o\235N\3361\"\3776C\333\256\335"
 1429      C578AD28 
 1429      6F9D4EDE 
ARM GAS  /tmp/ccBEvDSI.s 			page 48


 1429      3122FF36 
 1429      43DBAEDD 
 1430 0570 25B5EDBF 		.ascii	"%\265\355\277\310\026r\212\310\025\336D\302\226\326"
 1430      C816728A 
 1430      C815DE44 
 1430      C296D6
 1431 057f 09721C1E 		.ascii	"\011r\034\036\234\202N\275@\276%\247\311Ur\226\\#g\310"
 1431      9C824EBD 
 1431      40BE25A7 
 1431      C9557296 
 1431      5C2367C8 
 1432 0593 37A4839C 		.ascii	"7\244\203\234'\347H\220\\&WH;\351$\227H\033\271N\276"
 1432      27E74890 
 1432      5C265748 
 1432      3BE92497 
 1432      481BB94E 
 1433 05a8 261779E7 		.ascii	"&\027y\347\362E\375D]\324\255@\036\371B_'g\336@\232"
 1433      F245FD44 
 1433      5DD4AD40 
 1433      1EF9425F 
 1433      2767DE40 
 1434 05bd F0292237 		.ascii	"\360)\"7\323:\"\275\233y\350\3222%\364\200\026\312\227"
 1434      D33A22BD 
 1434      9B79E8D2 
 1434      3225F480 
 1434      16CA97
 1435 05d0 14A07CB1 		.ascii	"\024\240|\261\271vI{P\013\011\000*W\245\221\250[\311"
 1435      B976497B 
 1435      500B0900 
 1435      2A57A591 
 1435      A85BC9
 1436 05e3 3335EB61 		.ascii	"35\353a-t\263\006\226\250\274u\032X\243\201\313T\260"
 1436      2D74B306 
 1436      96A8BC75 
 1436      1A58A381 
 1436      CB54B0
 1437 05f6 4103EB65 		.ascii	"A\003\353eI\374S\342\261\314{\020\037\323Pm\373\032"
 1437      49FC53E2 
 1437      B1CC7B10 
 1437      1FD3506D 
 1437      FB1A
 1438 0608 50731E0D 		.ascii	"Ps\036\015\305\224\261T\251\264'5\260R\312\311Y\275"
 1438      C594B154 
 1438      A9B42735 
 1438      B052CAC9 
 1438      59BD
 1439 061a 650AEBE7 		.ascii	"e\012\353\347\032\270\343y\031\226\253\241\3734\364"
 1439      1AB8E379 
 1439      1996ABA1 
 1439      FB34F4
 1440 0629 4B2994CF 		.ascii	"K)\224\317]\205\\\301\275d7\200r\243\356\322\306R\246"
 1440      5D855CC1 
 1440      BD643780 
 1440      72A3EED2 
 1440      C652A6
 1441 063c 467E1516 		.ascii	"F~\025\026\251\360>U\365\036\011\233\031\005\035T\321"
 1441      A9F03E55 
ARM GAS  /tmp/ccBEvDSI.s 			page 49


 1441      F51E099B 
 1441      19051D54 
 1441      D1
 1442 064d 43611554 		.ascii	"Ca\025T\320R\225\2716\254\204\012Z\254\242\373\303j"
 1442      D05295B9 
 1442      36AC840A 
 1442      5AACA2FB 
 1442      C36A
 1443 065f 282BAE94 		.ascii	"(+\256\224\025o$~\242\316\371OX\255\304\032\265\022"
 1443      156F247E 
 1443      A2CEF94F 
 1443      58ADC41A 
 1443      B512
 1444 0671 3BC32A01 		.ascii	";\303*\001;h;_\324\273\033\332\037\223\204\360\266\274"
 1444      3B683B5F 
 1444      D4BB1BDA 
 1444      1F9384F0 
 1444      B6BC
 1445 0683 41FEE7BE 		.ascii	"A\376\347\276\024I\307@\355\311\030m\327\354RR}\307"
 1445      1449C740 
 1445      EDC9186D 
 1445      D7EC5252 
 1445      7DC7
 1446 0695 975497B4 		.ascii	"\227T\227\264|\306\300\352\351\206=\361b\333\226Z\322"
 1446      7CC6C0EA 
 1446      E9863DF1 
 1446      62DB965A 
 1446      D2
 1447 06a6 8721A58B 		.ascii	"\207!\245\213\005r[\250\333\337\315\252\031[\300\016"
 1447      05725BA8 
 1447      DBDFCDAA 
 1447      195BC00E 
 1448 06b6 7757780B 		.ascii	"wWx\013\273]\361\236<\336\310.\366J\005<\366z\203n\342"
 1448      BB5DF19E 
 1448      3CDEC82E 
 1448      F64A053C 
 1448      F67A836E 
 1449 06cb 13B83CC6 		.ascii	"\023\270<\306\362c\330^8\345e\262\374B~_\222\340\313"
 1449      F263D85E 
 1449      38E565B2 
 1449      FC427E5F 
 1449      92E0CB
 1450 06de 973FD74F 		.ascii	"\227?\327Oc\026(d\325\001\235\277\231\025V\260w\274"
 1450      63162864 
 1450      D5019DBF 
 1450      991556B0 
 1450      77BC
 1451 06f0 DEEE569E 		.ascii	"\336\356V\236\202\225\007+\213b}\371\355._3{\331\007"
 1451      8295072B 
 1451      8B627DF9 
 1451      ED2E5F33 
 1451      7BD907
 1452 0703 2C15CC19 		.ascii	",\025\314\031\360\340\\\010\311\0150O\000\273}\225\245"
 1452      F0E05C08 
 1452      C90D304F 
 1452      00BB7D95 
 1452      A5
ARM GAS  /tmp/ccBEvDSI.s 			page 50


 1453 0714 CB9D2D81 		.ascii	"\313\235-\201\177\346\3469],\257\305\025\347\206\003"
 1453      7FE6E639 
 1453      5D2CAFC5 
 1453      15E78603 
 1454 0724 F3B39A78 		.ascii	"\363\263\232x\017\370\2737\005X\034\363\265\270r\375"
 1454      0FF8BB37 
 1454      05581CF3 
 1454      B5B872FD 
 1455 0734 2D2EECF1 		.ascii	"-.\354\361;]\036\177\013\303\345\3403\326\003\252r\375"
 1455      3B5D1E7F 
 1455      0BC3E5E0 
 1455      33D603AA 
 1455      72FD
 1456 0746 D33CC102 		.ascii	"\323<\301\002H\324\302\342y\264\307\237\234\353k\341"
 1456      48D4C2E2 
 1456      79B4C79F 
 1456      9CEB6BE1 
 1457 0756 F574E15C 		.ascii	"\365t\341\\\037s\271\363\330\322x\267\337\345rC|<\304"
 1457      1F73B9F3 
 1457      D8D278B7 
 1457      DFE57243 
 1457      7C3CC4
 1458 0769 D778F202 		.ascii	"\327x\362\002\014.\002.\317o \013\323I?2 \200\300a\232"
 1458      0C2E022E 
 1458      CF6F200B 
 1458      D3493F32 
 1458      2080C061 
 1459 077e 48EADC47 		.ascii	"H\352\334G.\353\356c\351k\342Y,\036\351\236\206\360"
 1459      2EEBEE63 
 1459      E96BE259 
 1459      2C1EE99E 
 1459      86F0
 1460 0790 C438BA54 		.ascii	"\3048\272T\204\032\257\366\357N\342\277\205Zp\037\334"
 1460      841AAFF6 
 1460      EF4EE2BF 
 1460      855A701F 
 1460      DC
 1461 07a1 F5AF69EB 		.ascii	"\365\257i\353\320\311\267w\010\024\230@\201\343D\342"
 1461      D0C9B777 
 1461      08149840 
 1461      81E344E2 
 1462 07b1 ECB95C40 		.ascii	"\354\271\\@GC\374m\306F\364\240{\004\336\224\250\217"
 1462      4743FC6D 
 1462      C646F4A0 
 1462      7B04DE94 
 1462      A88F
 1463 07c3 A05E69EF 		.ascii	"\240^i\357[\267e\331\036a\\E\005"
 1463      5BB765D9 
 1463      1E615C45 
 1463      05
 1464 07d0 EBAFECAC 		.ascii	"\353\257\354\254>\227P\311\002\274\332b\037\271\015"
 1464      3E9750C9 
 1464      02BCDA62 
 1464      1FB90D
 1465 07df 53CE95DC 		.ascii	"S\316\225\334&\350\026\351!3;\365\364\212\310\347m\264"
 1465      26E816E9 
 1465      21333BF5 
ARM GAS  /tmp/ccBEvDSI.s 			page 51


 1465      F48AC8E7 
 1465      6DB4
 1466 07f1 48EA6B02 		.ascii	"H\352k\0027\243\"\367\332\037a\257}@\350w L\267\265"
 1466      37A322F7 
 1466      DA1F61AF 
 1466      7D40E877 
 1466      204CB7B5 
 1467 0805 7B5397F8 		.ascii	"{S\227\370k\214c\301\200\357\311\253\375$\364\023\371"
 1467      6B8C63C1 
 1467      80EFC9AB 
 1467      FD24F413 
 1467      F9
 1468 0816 27D24FE0 		.ascii	"'\322O\340\307\331C\002g\220p\247\365\310pu\373\355"
 1468      C7D94302 
 1468      679070A7 
 1468      F5C87075 
 1468      FBED
 1469 0828 27374937 		.ascii	"'7I7({L8!\010l)\270\264'Z\372\300\016DF\303W\362\246"
 1469      287B4C38 
 1469      21086C29 
 1469      B8B4275A 
 1469      FAC00E44 
 1470 0841 92462D74 		.ascii	"\222F-t <\364w\237\272\331\275\317\273\234\014\2672"
 1470      203CF477 
 1470      9FBAD9BD 
 1470      CFBB9C0C 
 1470      B732
 1471 0853 F109F981 		.ascii	"\361\011\371\201\334W\360\357\011\376\022\317\314\247"
 1471      DC57F0EF 
 1471      09FE12CF 
 1471      CCA7
 1472 0861 2229D8D1 		.ascii	"\")\330\321sA\320z\364\211\322\243\317x\217\336\342"
 1472      7341D07A 
 1472      F489D2A3 
 1472      CF788FDE 
 1472      E2
 1473 0872 F5DDD6DF 		.ascii	"\365\335\326\337\336,D\226\216\011\250O\352\360\346"
 1473      DE2C4496 
 1473      8E09A84F 
 1473      EAF0E6
 1474 0881 6377EA87 		.ascii	"cw\352\207\362\322\335[\337\374\321V\360\232\306\204"
 1474      F2D2DD5B 
 1474      DFFCD156 
 1474      F09AC684 
 1475 0891 41A56A83 		.ascii	"A\245j\203J\325\316Q\372\2003\025\024ok\320q\337\352"
 1475      4AD5CE51 
 1475      FA803315 
 1475      146F6BD0 
 1475      71DFEA
 1476 08a4 B67C587F 		.ascii	"\266|X\177J\215\363\004\331;O\220\275\277\242\264 \352"
 1476      4A8DF304 
 1476      D93B4F90 
 1476      BDBFA2B4 
 1476      20EA
 1477 08b6 8579ADEA 		.ascii	"\205y\255\352/\331\030\035\251\242P@\005\002W\321\365"
 1477      2FD9181D 
 1477      A9A25040 
ARM GAS  /tmp/ccBEvDSI.s 			page 52


 1477      050257D1 
 1477      F5
 1478 08c7 74E72E2A 		.ascii	"t\347.*1?\325\230\013\005\247\302\354T\230\375\224\256"
 1478      313FD598 
 1478      0B05A7C2 
 1478      EC5498FD 
 1478      94AE
 1479 08d9 E6CC256B 		.ascii	"\346\314%k\217=\305\222\367\311\202\347\336.\305\333"
 1479      8F3DC592 
 1479      F7C982E7 
 1479      DE2EC5DB 
 1480 08e9 A5789FD2 		.ascii	"\245x\237\322\323\255\334\373\326\305+ge\325\327B\274"
 1480      D3ADDCFB 
 1480      D6C52B67 
 1480      65D5D742 
 1480      BC
 1481 08fa 8B15EF62 		.ascii	"\213\025\357b\305\273^O\367q\357\332\315\225\316!Z5"
 1481      C5BB5E4F 
 1481      F771EFDA 
 1481      CD95CE21 
 1481      5A35
 1482 090c 07946A96 		.ascii	"\007\224j\226J*\037\324\324o\214\346C*\025\370\220j"
 1482      4A2A1FD4 
 1482      D46F8CE6 
 1482      432A15F8 
 1482      906A
 1483 091e 3BAFBB63 		.ascii	";\257\273c#\207\004\257\374\345\222\363W\367\236\236"
 1483      238704AF 
 1483      FCE592F3 
 1483      57F79E9E 
 1484 092e 839E841F 		.ascii	"\203\236\204\037\254\345\275\367\036\215=\230\357\033"
 1484      ACE5BDF7 
 1484      1E8D3D98 
 1484      EF1B
 1485 093c 57269428 		.ascii	"W&\224(YK\004\376\033|\233\236\366F!:\310\363\336\277"
 1485      594B04FE 
 1485      1B7C9B9E 
 1485      F646213A 
 1485      C8F3DEBF 
 1486 0950 DABE3506 		.ascii	"\332\2765\006\270\313\001\241\005:x\262\367\326\212"
 1486      B8CB01A1 
 1486      053A78B2 
 1486      F7D68A
 1487 095f B551F004 		.ascii	"\265Q\360\004> V\010\264\230?j\272\334\365\275\036\036"
 1487      3E205608 
 1487      B4983F6A 
 1487      BADCF5BD 
 1487      1E1E
 1488 0971 AD12D04A 		.ascii	"\255\022\320J\370b\252`=?\014\345z\364\\\316\265\262"
 1488      F862AA60 
 1488      3D3F0CE5 
 1488      7AF45CCE 
 1488      B5B2
 1489 0983 EAC3A274 		.ascii	"\352\303\242tW\001X\307\335U}zU\234^\326\346\025\320"
 1489      570158C7 
 1489      DD557D7A 
 1489      559C5ED6 
ARM GAS  /tmp/ccBEvDSI.s 			page 53


 1489      E615D0
 1490 0996 1A595BDB 		.ascii	"\032Y[\333\331MQ\343*]\314U\024H\205\315\246\236x\005"
 1490      D94D51E3 
 1490      2A5DCC55 
 1490      144885CD 
 1490      A69E7805 
 1491 09aa 8F246DB5 		.ascii	"\217$m\265\200<\\\033\242\345\220Pw\254q\373g\030\332"
 1491      803C5C1B 
 1491      A2E59050 
 1491      77AC71FB 
 1491      6718DA
 1492 09bd 7FB8BC04 		.ascii	"\177\270\274\004\304*AZ\001\316\030\336\302\225B\225"
 1492      C42A415A 
 1492      01CE18DE 
 1492      C2954295 
 1493 09cd 80D60BEB 		.ascii	"\200\326\013\353\004R\005\011\233\273\013\012\207i\205"
 1493      04520509 
 1493      9BBB0B0A 
 1493      876985
 1494 09dc F30ACA37 		.ascii	"\363\012\3127\243\224\357aW\317\227\362\344\007^\024"
 1494      A394EF61 
 1494      57CF97F2 
 1494      E4075E14 
 1495 09ec E37BD439 		.ascii	"\343{\32498T\013,S\002\375\\\205\230b\234c\2322a\202"
 1495      38540B2C 
 1495      5302FD5C 
 1495      8598629C 
 1495      639A3261 
 1496 0a01 01FE3332 		.ascii	"\001\37632\263\346e\331\026\2469\354\213\254\037\032"
 1496      B3E665D9 
 1496      16A639EC 
 1496      8BAC1F1A 
 1497 0a11 6C0B0D99 		.ascii	"l\013\015\231\351\331\206\0056\273c\241!\303\226\223"
 1497      E9D98605 
 1497      36BB63A1 
 1497      21C39693 
 1498 0a21 63B31A92 		.ascii	"c\263\032\222L\263\215\263\027\033\254\037geL\310\240"
 1498      4CB38DB3 
 1498      171BAC1F 
 1498      67654CC8 
 1498      A0
 1499 0a32 6FFFE1DD 		.ascii	"o\377\341\335\261\306\304\251(N\276\237\220>\321\222"
 1499      B1C6C4A9 
 1499      284EBE9F 
 1499      903ED192 
 1500 0a42 3869D254 		.ascii	"8i\322T\013\242\213\262\254\216\311\223\322\034\321"
 1500      0BA28BB2 
 1500      AC8EC993 
 1500      D21CD1
 1501 0a51 A619E619 		.ascii	"\246\031\346\031\246\2713\222'F%\031\347\274c2\0332"
 1501      A6B93392 
 1501      27462519 
 1501      E7BC6332 
 1501      1B32
 1502 0a63 6D391683 		.ascii	"m9\026\203\3356\317\220j\267}`\311\000j#\317jv,\232"
 1502      DD36CF90 
 1502      6AB77D60 
ARM GAS  /tmp/ccBEvDSI.s 			page 54


 1502      C9006A23 
 1502      CF6A762C 
 1503 0a78 9F650BBD 		.ascii	"\237e\013\275N\2334\331\360\211\315\376\341\302\005"
 1503      4E9B34D9 
 1503      F089CDFE 
 1503      E1C205
 1504 0a87 E9191645 		.ascii	"\351\031\026E\222y\316l`};5ez\332\373Y\366\234O\322"
 1504      9279CE6C 
 1504      607D3B35 
 1504      657ADAFB 
 1504      59F69C4F 
 1505 0a9c ED16034A 		.ascii	"\355\026\003J\376\005\361\212d\313b\007\227m0\3166\247"
 1505      FE05F18A 
 1505      64CB6207 
 1505      976D30CE 
 1505      36A7
 1506 0aae 980D461B 		.ascii	"\230\015F\033\204\244X3\262\027\315\267\200\207\335"
 1506      84A45833 
 1506      B217CDB7 
 1506      8087DD
 1507 0abd 929691F3 		.ascii	"\222\226\221\363\306\204L4\324l\264\232\215\323\323"
 1507      C6844C34 
 1507      D46CB49A 
 1507      8DD3D3
 1508 0acc E62C5960 		.ascii	"\346,Y`\321DO!)\251z>\224\267BF\362\206\230\2224\335"
 1508      D1444F21 
 1508      29A97A3E 
 1508      94B74246 
 1508      F2869892 
 1509 0ae2 A4DD4E86 		.ascii	"\244\335N\206\002\246>\277\235$\246\230SM\324$\337%"
 1509      02A63EBF 
 1509      9D24A698 
 1509      534DD424 
 1509      DF25
 1510 0af4 0238C304 		.ascii	"\0028\303\004\217\340`\236\223b\212\376\303\334\024"
 1510      8FE0609E 
 1510      93628AFE 
 1510      C3DC14
 1511 0b03 A394039E 		.ascii	"\243\224\003\236%\231\304\331\263g\232\204\244d\223"
 1511      2599C4D9 
 1511      B3679A84 
 1511      A46493
 1512 0b12 900CE7D4 		.ascii	"\220\014\347\324\231&1i\246\331$N\237\231d\212\002\010"
 1512      99263169 
 1512      A6D9244E 
 1512      9F99648A 
 1512      0208
 1513 0b24 1C92F9FD 		.ascii	"\034\222\371\375,~0\302!\312<\313h6\011\346Y\251\202"
 1513      2C7E30C2 
 1513      21CA3CCB 
 1513      683609E6 
 1513      59A982
 1514 0b37 D10867A3 		.ascii	"\321\010g\243)*)\305d4\211s\347\374\021\262\000\026"
 1514      292A29C5 
 1514      64348973 
 1514      E7FC11B2 
 1514      0016
ARM GAS  /tmp/ccBEvDSI.s 			page 55


 1515 0b49 654C7D37 		.ascii	"eL}7%\031\216IF\023U\3073$-\355\375E\326\214\264\264"
 1515      25198E49 
 1515      461355C7 
 1515      33242DED 
 1515      FD45D68C 
 1516 0b5f 091385C4 		.ascii	"\011\023\205\3047Qt\272=\347\343\251\226\327s\320\020"
 1516      375174BA 
 1516      3DE7E3A9 
 1516      96D773D0 
 1516      10
 1517 0b70 2880C3B2 		.ascii	"(\200\303\262\370\365\2347\320h>\205f\213\303\274d\241"
 1517      F8F59C37 
 1517      D0683E85 
 1517      668BC3BC 
 1517      64A1
 1518 0b82 C392332B 		.ascii	"\303\2223+\335:?\333bO\265g\331\354Y\216%o\376_\355"
 1518      DD3A3FDB 
 1518      624FB567 
 1518      D9EC598E 
 1518      256FFE5F 
 1519 0b97 81A89A57 		.ascii	"\201\250\232W\314\310L\267S\3764\305\232\345\220\272"
 1519      CCC84CB7 
 1519      53FE34C5 
 1519      9AE590BA 
 1520 0ba7 6586357D 		.ascii	"e\2065}^\266e.4\200\315\036\317\037$g-|\376Dr1f[\322"
 1520      5EB6652E 
 1520      3480CD1E 
 1520      CF1F2467 
 1520      2D7CFE44 
 1521 0bc0 EDA916EB 		.ascii	"\355\251\026\353\374,\353_\207+\362\224\333\350\214"
 1521      FC2CEB5F 
 1521      872BF294 
 1521      DBE88C
 1522 0bcf 4C103A2B 		.ascii	"L\020:+=\333\361\332/H\263;\014Y\352,g\002O\366\022"
 1522      3DDBF1DA 
 1522      2F48B33B 
 1522      0C59EA2C 
 1522      67024FF6 
 1523 0be4 98E4B8B4 		.ascii	"\230\344\270\264\264y\213\262\262\035Y\3264\313\342"
 1523      B4798BB2 
 1523      B21D59D6 
 1523      34CBE2
 1524 0bf3 0590292A 		.ascii	"\005\220)*\303f]\350\020!\321\373z\253\315\221i\267"
 1524      C3665DE8 
 1524      1021D1FB 
 1524      7AABCD91 
 1524      69B7
 1525 0c05 7D129536 		.ascii	"}\022\2256\335f\313\3767\366\206\011\256"
 1525      DD66CBFE 
 1525      37F68609 
 1525      AE
 1526              		.text
 1527              		.section	.gnu.lto_.symtab.561e83f70441d155,"e",%progbits
 1528 0000 6E766963 		.ascii	"nvicInit\000"
 1528      496E6974 
 1528      00
 1529 0009 00       		.ascii	"\000"
ARM GAS  /tmp/ccBEvDSI.s 			page 56


 1530 000a 00       		.ascii	"\000"
 1531 000b 00       		.ascii	"\000"
 1532 000c 00000000 		.ascii	"\000\000\000\000\000\000\000\000"
 1532      00000000 
 1533 0014 80010000 		.ascii	"\200\001\000\000"
 1534 0018 6E766963 		.ascii	"nvicEnableVector\000"
 1534      456E6162 
 1534      6C655665 
 1534      63746F72 
 1534      00
 1535 0029 00       		.ascii	"\000"
 1536 002a 00       		.ascii	"\000"
 1537 002b 00       		.ascii	"\000"
 1538 002c 00000000 		.ascii	"\000\000\000\000\000\000\000\000"
 1538      00000000 
 1539 0034 82010000 		.ascii	"\202\001\000\000"
 1540 0038 6E766963 		.ascii	"nvicDisableVector\000"
 1540      44697361 
 1540      626C6556 
 1540      6563746F 
 1540      7200
 1541 004a 00       		.ascii	"\000"
 1542 004b 00       		.ascii	"\000"
 1543 004c 00       		.ascii	"\000"
 1544 004d 00000000 		.ascii	"\000\000\000\000\000\000\000\000"
 1544      00000000 
 1545 0055 86010000 		.ascii	"\206\001\000\000"
 1546 0059 6E766963 		.ascii	"nvicSetSystemHandlerPriority\000"
 1546      53657453 
 1546      79737465 
 1546      6D48616E 
 1546      646C6572 
 1547 0076 00       		.ascii	"\000"
 1548 0077 00       		.ascii	"\000"
 1549 0078 00       		.ascii	"\000"
 1550 0079 00000000 		.ascii	"\000\000\000\000\000\000\000\000"
 1550      00000000 
 1551 0081 71010000 		.ascii	"q\001\000\000"
 1552 0085 6E766963 		.ascii	"nvicClearPending\000"
 1552      436C6561 
 1552      7250656E 
 1552      64696E67 
 1552      00
 1553 0096 00       		.ascii	"\000"
 1554 0097 00       		.ascii	"\000"
 1555 0098 00       		.ascii	"\000"
 1556 0099 00000000 		.ascii	"\000\000\000\000\000\000\000\000"
 1556      00000000 
 1557 00a1 88010000 		.ascii	"\210\001\000\000"
 1558 00a5 6E766963 		.ascii	"nvicSetPending\000"
 1558      53657450 
 1558      656E6469 
 1558      6E6700
 1559 00b4 00       		.ascii	"\000"
 1560 00b5 00       		.ascii	"\000"
 1561 00b6 00       		.ascii	"\000"
 1562 00b7 00000000 		.ascii	"\000\000\000\000\000\000\000\000"
ARM GAS  /tmp/ccBEvDSI.s 			page 57


 1562      00000000 
 1563 00bf 8A010000 		.ascii	"\212\001\000\000"
 1564 00c3 63685379 		.ascii	"chSysHalt\000"
 1564      7348616C 
 1564      7400
 1565 00cd 00       		.ascii	"\000"
 1566 00ce 02       		.ascii	"\002"
 1567 00cf 00       		.ascii	"\000"
 1568 00d0 00000000 		.ascii	"\000\000\000\000\000\000\000\000"
 1568      00000000 
 1569 00d8 8F010000 		.ascii	"\217\001\000\000"
 1570              		.text
 1571              		.section	.gnu.lto_.ext_symtab.561e83f70441d155,"e",%progbits
 1572 0000 01       		.ascii	"\001"
 1573 0001 01       		.ascii	"\001"
 1574 0002 00       		.ascii	"\000"
 1575 0003 01       		.ascii	"\001"
 1576 0004 00       		.ascii	"\000"
 1577 0005 01       		.ascii	"\001"
 1578 0006 00       		.ascii	"\000"
 1579 0007 01       		.ascii	"\001"
 1580 0008 00       		.ascii	"\000"
 1581 0009 01       		.ascii	"\001"
 1582 000a 00       		.ascii	"\000"
 1583 000b 01       		.ascii	"\001"
 1584 000c 00       		.ascii	"\000"
 1585 000d 01       		.ascii	"\001"
 1586 000e 00       		.ascii	"\000"
 1587              		.text
 1588              		.section	.gnu.lto_.opts,"e",%progbits
 1589 0000 272D666E 		.ascii	"'-fno-openmp' '-fno-openacc' '-fno-pie' '-fcf-prote"
 1589      6F2D6F70 
 1589      656E6D70 
 1589      2720272D 
 1589      666E6F2D 
 1590 0033 6374696F 		.ascii	"ction=none' '-g' '-mcpu=cortex-m4' '-mthumb' '-mflo"
 1590      6E3D6E6F 
 1590      6E652720 
 1590      272D6727 
 1590      20272D6D 
 1591 0066 61742D61 		.ascii	"at-abi=soft' '-mlibarch=armv7e-m' '-march=armv7e-m'"
 1591      62693D73 
 1591      6F667427 
 1591      20272D6D 
 1591      6C696261 
 1592 0099 20272D4F 		.ascii	" '-O2' '-fomit-frame-pointer' '-falign-functions=16"
 1592      32272027 
 1592      2D666F6D 
 1592      69742D66 
 1592      72616D65 
 1593 00cc 2720272D 		.ascii	"' '-ffunction-sections' '-fdata-sections' '-fno-com"
 1593      6666756E 
 1593      6374696F 
 1593      6E2D7365 
 1593      6374696F 
 1594 00ff 6D6F6E27 		.ascii	"mon' '-flto' '-Xassembler' '-alms=./build/lst/nvic."
 1594      20272D66 
ARM GAS  /tmp/ccBEvDSI.s 			page 58


 1594      6C746F27 
 1594      20272D58 
 1594      61737365 
 1595 0132 6C737427 		.ascii	"lst'\000"
 1595      00
 1596              		.text
 1597              		.comm	__gnu_lto_slim,1,1
 1598              		.ident	"GCC: (Arm GNU Toolchain 11.3.Rel1) 11.3.1 20220712"
ARM GAS  /tmp/ccBEvDSI.s 			page 59


DEFINED SYMBOLS
                            *ABS*:0000000000000000 nvic.c
     /tmp/ccBEvDSI.s:23     .gnu.debuglto_.debug_info:0000000000000000 nvic.c.a0e1227e
                            *COM*:0000000000000001 __gnu_lto_slim

NO UNDEFINED SYMBOLS
