:020000040800F2
:1000000000040020D9020008DB020008DB0200081F
:10001000DB020008DB020008DB020008DB0200084C
:10002000DB020008DB020008DB0200084171000867
:10003000DB020008DB020008DB020008DB0200082C
:10004000DB020008DB020008DB020008DB0200081C
:10005000DB020008DB02000821590008115A0008E1
:10006000015B0008F15B0008E15C0008DB020008AE
:10007000DB020008DB020008DB020008DB020008EC
:10008000DB020008DB020008DB020008DB020008DC
:10009000DB020008DB020008DB020008D15D00087B
:1000A000DB020008DB020008DB020008DB020008BC
:1000B00021600008DB02000841620008DB02000842
:1000C000DB020008DB020008DB020008DB0200089C
:1000D000DB020008DB020008DB020008DB0200088C
:1000E000F15E0008DB020008DB020008DB0200080A
:1000F000DB020008DB020008DB020008DB0200086C
:10010000DB020008DB020008DB020008DB0200085B
:10011000DB020008DB020008DB020008DB0200084B
:10012000DB020008DB020008DB020008DB0200083B
:10013000DB020008DB020008DB020008DB0200082B
:10014000DB020008DB020008DB0200084163000854
:10015000DB020008DB020008DB020008DB0200080B
:10016000DB020008DB020008DB020008DB020008FB
:10017000DB020008DB020008DB020008DB020008EB
:10018000DB020008DB020008DB020008DB020008DB
:10019000DB020008DB020008DB020008DB020008CB
:1001A000DB020008DB020008DB020008DB020008BB
:1001B000DB020008DB020008DB020008DB020008AB
:1001C000DB020008DB020008DB020008DB0200089B
:1001D000DB020008DB020008DB020008DB0200088B
:1002000072B6264880F30888254880F30988254877
:1002100025490860022080F31488BFF36F8F05F032
:10022000E7FA06F0E5FA4FF0553020491B4A9142B3
:100230003CBF41F8040BFAE71D49194A91423CBF03
:1002400041F8040BFAE71B491B4A1C4B9A423EBF7C
:1002500051F8040B42F8040BF8E700201849194A3A
:1002600091423CBF41F8040BFAE705F0D9FA05F0DA
:10027000C7FA154C154DAC4203DA54F8041B8847F5
:10028000F9E706F06DFF124C124DAC4203DA54F858
:10029000041B8847F9E705F0BBBA00000004002002
:1002A000000800200000000808ED00E00000002029
:1002B00000040020C09E0008000800203C09002027
:1002C0004009002024200020E0010008E00100088F
:1002D000E0010008E001000892E700F000F8FEE706
:1002E0002DE9F04FC1F80CD0C3689D46BDE8F08FF2
:1002F00005F0E6FA002383F311882846A047002082
:1003000006F006FFFEE705F0C3FA06F079FB05F0FC
:10031000D7FA00DFFEE70000000000000000000048
:10032000A2EB0300704700BF02780B78012A28BFB8
:100330009A42F5D16DE9044540EA0104CDE902672E
:100340006FF0000C4FEA447212B380EA010414F01B
:10035000070F6AD100F0070420F0070004F003053E
:1003600021F007014FEAC505F0E8042314F0040F5B
:10037000F1E804670CFA05F462EA040266EA04068E
:100380000AD063EA0403624667EA0407664603E0AC
:10039000F0E80423F1E8046782FA4CF582EA0604E7
:1003A000A4FA8CF46CBB83FA4CF583EA0705A5FA32
:1003B0008CF595B950E9022351E9026782FA4CF5B0
:1003C00082EA0604A4FA8CF483FA4CF583EA070562
:1003D000A5FA8CF52543DBD09CB92DBAB5FA85F486
:1003E00024F0070427FA04F1DDE9026723FA04F395
:1003F00003F0FF0001F0FF01FDE80445A0EB010060
:10040000704724BAB4FA84F424F0070426FA04F1FD
:10041000DDE9026722FA04F202F0FF0001F0FF01B9
:10042000FDE80445A0EB0100704714F0030F3CD138
:1004300010F0030428D150F8082B51F8083B82FA39
:100440004CF582EA0305A5FA8CF55DB950F8042C49
:1004500051F8043C82FA4CF582EA0305A5FA8CF5C2
:10046000002DE8D02DBAB5FA85F424F0070423FA5C
:1004700004F122FA04F202F0FF0001F0FF01FDE8AE
:100480000445A0EB010070474FEAC40420F00300CC
:1004900050F8082B21F0030151F8083B0CFA04F442
:1004A00062EA040263EA0403C9E710F003041AD005
:1004B000A1EB040120F00300E40750F8042B06D060
:1004C0000FD28B785FFAA2F4E41A06D12BB1CB7865
:1004D0005FFAB2F4E41A00D11BB920465DF8104B64
:1004E000704701F1040150F8042BCC0721F00301FF
:1004F00051F8043B48D824D222F07F4482FA4CF5CC
:1005000094EA1325A5FA8CF50AD165B951F8043B94
:1005100084EA0204B4EB036F0ED150F8042BEBE72E
:100520004FEA132355E035F07F454DD10878FDE8BB
:100530000445C0F1000070474FEA126203F0FF0368
:1005400047E002EA1C4482FA4CF594EA1345A5FA06
:100550008CF50AD165B951F8043B84EA0204B4EB86
:10056000034F0CD150F8042BEBE74FEA134330E074
:1005700015EA1C4528D10B884FEA124229E04FEAC0
:10058000124203EA1C4324E002F0FF0482FA4CF515
:1005900094EA1365A5FA8CF50AD165B951F8043BC4
:1005A00084EA0204B4EB032F09D150F8042BEBE7E3
:1005B0004FEA13630DE015F0FF0F05D10B684FEA0A
:1005C000122223F07F4304E04FF00000FDE80445D1
:1005D000704712BA1BBA82FA4CF482EA0304A4FAF6
:1005E0008CF5B5FA85F402FA04F203FA04F34FEA43
:1005F0001260FDE80445A0EB13607047844641EAB1
:10060000000313F003036DD1403A41D351F8043B8A
:1006100040F8043B51F8043B40F8043B51F8043BDC
:1006200040F8043B51F8043B40F8043B51F8043BCC
:1006300040F8043B51F8043B40F8043B51F8043BBC
:1006400040F8043B51F8043B40F8043B51F8043BAC
:1006500040F8043B51F8043B40F8043B51F8043B9C
:1006600040F8043B51F8043B40F8043B51F8043B8C
:1006700040F8043B51F8043B40F8043B51F8043B7C
:1006800040F8043B51F8043B40F8043B403ABDD2EB
:10069000303211D351F8043B40F8043B51F8043B8D
:1006A00040F8043B51F8043B40F8043B51F8043B4C
:1006B00040F8043B103AEDD20C3205D351F8043B1C
:1006C00040F8043B043AF9D2043208D0D2071CBFE8
:1006D00011F8013B00F8013B01D30B880380604611
:1006E000704700BF082A13D38B078DD010F0030387
:1006F0008AD0C3F10403D21ADB071CBF11F8013BF7
:1007000000F8013B80D331F8023B20F8023B7BE745
:10071000043AD9D3013A11F8013B00F8013BF9D270
:100720000B7803704B7843708B788370604670470A
:1007300000000000000000000000000000000000B9
:1007400090F800F06DE9024520F007016FF0000C11
:1007500010F0070491F820F040F049804FF00004B9
:100760006FF00700D1E9002391F840F000F1080094
:1007700082FA4CF2A4FA8CF283FA4CF3A2FA8CF3CC
:100780004BBBD1E9022382FA4CF200F10800A4FA33
:100790008CF283FA4CF3A2FA8CF3E3B9D1E9042387
:1007A00082FA4CF200F10800A4FA8CF283FA4CF3BE
:1007B000A2FA8CF37BB9D1E9062301F1200182FA78
:1007C0004CF200F10800A4FA8CF283FA4CF3A2FA7E
:1007D0008CF3002BC6D0002A04BF04301A4612BA8C
:1007E000B2FA82F2FDE8024500EBD2007047D1E98F
:1007F000002304F00305C4F100004FEAC50514F01E
:10080000040F91F840F00CFA05F562EA05021CBFEE
:1008100063EA050362464FF00004A9E70000000008
:10082000704700BF00000000000000000000000052
:100830002DE9F043002302F003054FEA521E4FF06A
:100840000F080127032609E0046A24EA0202026273
:1008500049082CD04FEA8E0EAD00013303F0070299
:100860004FEA430C920011F0010F07FA03F906FA60
:100870000CFC08FA02F2EBD0446824EA0904446054
:10088000846824EA0C048460C46824EA0C0444EA02
:100890000E04C460046824EA0C042C43072B046093
:1008A000D2D9446A490824EA02024262D2D1BDE8A0
:1008B000F08300BF00000000000000000000000006
:1008C00000EB810310B4DA6893691C68DC6019B925
:1008D000402C84BF40241C60538A1268406D02F093
:1008E000030C5A1E2244B2FBF3F202FB03F3033360
:1008F00023F0030343EAC24300EB411243F0C04339
:10090000BCF1010FC2F8103B0AD009B200EB411054
:1009100010BCD0F8003B43F00443C0F8003B7047E4
:10092000D0F8083800EB411213F4807FD2F8003B76
:1009300014BF43F0805343F0005309B2C2F8003BA8
:10094000E4E700BF0000000000000000000000001D
:1009500000EB810310B4DC6862691368D360EBB903
:10096000426D02EB41134FF40020C3F810092368D5
:1009700003F00303012B2BD008B202EB401001233C
:10098000D0F8004944F00444C0F800498B40D2F844
:10099000341810BC0B43C2F83438704719B9402BD7
:1009A00084BF40231360B4F810C0426D0CF1FF30D7
:1009B0001844B0FBFCF043EAC04302EB411043F0A3
:1009C0000053C0F81039236803F00303012BD3D17F
:1009D000D2F8083813F4807F02EB411308B2D3F841
:1009E000004914BF44F0805444F00054C3F8004957
:1009F000C3E700BF0000000000000000000000008E
:100A0000FEE700BF00000000000000000000000042
:100A1000014B5B6883607047001000E0000000003D
:100A20000E4A0F4B81685B6810B4946802691B1B07
:100A30005B1AD218416902614268C46841F1000141
:100A40009342026888BF436001349342C0E9023494
:100A5000416110BC38BF0360704700BFE818002038
:100A6000001000E000000000000000000000000096
:100A7000302383F311880D4B5B6813F4006302D1BC
:100A800083F311887047EFF30983203B4FF08072A6
:100A9000DA6183F30988064A1168D2688968926826
:100AA00091428CBF034A044A9A61704700ED00E00E
:100AB000C80E002007030008120300080000000011
:100AC000012809D0022815D060B10D490D4B032033
:100AD000002208701A70704709490A4B08700D22ED
:100AE0001A807047074B0649987040F60D2208702F
:100AF0001A8070470249034B08700A221A80704717
:100B00000308002038190020000000000000000049
:100B10000E490F480F4A002330B40B700E4C0F499A
:100B200023700B700E4C0F4903700F4D0F4823704C
:100B300040F60D2CA2F800C093704FF4966C0B7029
:100B40002B70A0F800C030BC704700BF0408002024
:100B50003B1900203819002000080020030800205D
:100B600002080020010800200F08002012080020C1
:100B7000014B01221A707047D51B002000000000B5
:100B80002DE9F041524F534CDFF84C8101224FF4D4
:100B9000004138464FF40045FFF74AFE01224FF46A
:100BA000804120467D83FFF743FE4FF480464B4B48
:100BB00066831B78012231463846002B49D0FFF767
:100BC00037FE3E8301224FF400714046FFF730FEAE
:100BD0004FF40073A8F81A302022FF212046FFF7B7
:100BE00027FE012229464046FFF722FE204620220A
:100BF0004FF48051A8F81850FFF71AFE20224FF446
:100C00000051FFF715FE4FF4806601224FF480611A
:100C1000FFF70EFE01224FF4807140466683FFF716
:100C200007FE4FF48073A8F81A30012229462046A7
:100C3000FFF7FEFD2022314640462583FFF7F8FDF1
:100C400001220221FFF7F4FD0223A8F81A30BDE8C3
:100C5000F081FFF7EDFD40467E8301224FF40071E5
:100C6000FFF7E6FD4FF40073A8F818302046202265
:100C7000FF21FFF7DDFD294640462022FFF7D8FD82
:100C8000204620224FF48051FFF7D2FD20224FF45E
:100C90000051FFF7CDFD20224FF48061FFF7C8FD22
:100CA000404620224FF48071FFF7C2FD29462046BE
:100CB0002022FFF7BDFD20224FF480614046FFF760
:100CC000B7FDBDE8F04120220221FFF7B1BD00BF12
:100CD000000802400004024000000240100800200A
:100CE000022906D0032906D00129074818BF002091
:100CF000704706487047032A03D8054800EBC20036
:100D000070470020704700BFE89C0008949C0008D2
:100D1000709D0008000000000000000000000000BE
:100D200090F8443003F01F02012A03D190F84510D7
:100D30000B291BD003F06003202B01D0002070474B
:100D400090F84530212B09D81F2BF7D90A490722E3
:100D50000023C0E90E12036401207047222BEDD15D
:100D60000023C0E90E330364012070470023C0E96B
:100D70000E3303641046704708080020000000008E
:100D80000B4A0C48D2F898304FF08041496A5960BC
:100D90004068196860F31F2143F8101B02F69C009D
:100DA00002F19C01834228BF0B46C2F8983070477D
:100DB000C80E0020001000E000000000000000004D
:100DC00008B5044672B6094DB5F894301B0705D531
:100DD000074BC5F8884003221A70FEE7D5F8983013
:100DE00005221A709860FFF7CBFFF1E7C80E0020CC
:100DF000E8180020000000000000000000000000D3
:100E000070B400228E684FF0FF3400E0624600EBC1
:100E100042110B46D1F80059002D02F1010C05DA00
:100E2000D1F8005945F08045C1F80059D1F8005B70
:100E3000002D05DAD1F8005B45F08045C1F8005B74
:100E4000B242C3F80849C3F8084BDFD14FF0011391
:100E500070BCC0F81C3870470000000000000000A3
:100E6000124BD3F88C2010B5D2B9D3F89030002BA8
:100E700016DDC368BBB1D0E90531D0F81CC0C2682B
:100E800063448B42436124BF436A4361013A036B6D
:100E9000C2600022826213B1BDE81040184710BD45
:100EA0000348FFF78DFF0348FFF78AFFC80E0020B5
:100EB000C88300084C9900080000000000000000F2
:100EC000154BD3F88C2010B512BBD3F89030002B03
:100ED0001EDDC9B1C369043B8B4215D3C3689BB106
:100EE000036984691960C169C2680B44A342036144
:100EF00024BF436A0361013A036BC260002282622D
:100F00002BB1BDE8104018470448FFF759FF10BD4A
:100F10000348FFF755FF00BFC80E00208896000861
:100F2000C88300080000000000000000000000006E
:100F300008B530B129B1012901D0002008BD002A2F
:100F4000FBD00148FFF73CFFC098000800000000FC
:100F5000124AD2F88C10002910B518DBD2F8902074
:100F6000002A14DD0346A8B10278042A12D1806851
:100F7000996D00220C68DC6500F001109860BDE8F6
:100F80001040C3E90422586D9A61FFF739BF044845
:100F9000FFF716FF0348FFF713FF00BFC80E00203E
:100FA000D0830008709900080000000000000000D5
:100FB000F8B5144DD5F88C60002E20DBD5F8905094
:100FC000002D1CDDC0B1032916D846894FF0010C55
:100FD0000CFA01FC1CEA06051FFA8CF70CD100EB99
:100FE00081043E43E4684681A469C4E90035A260F7
:100FF000BDE8F840FFF764BC0348FFF7E1FE034893
:10100000FFF7DEFEC80E00201C990008D083000800
:10101000F8B5144DD5F88C60002E20DBD5F8905033
:10102000002D1CDDC0B1032916D806894FF0010C34
:101030000CFA01FC1CEA06051FFA8CF70CD100EB38
:1010400081043E43E46806816469C4E90035A26016
:10105000BDE8F840FFF77CBC0348FFF7B1FE03484A
:10106000FFF7AEFEC80E0020C8980008D083000825
:10107000436BD3F88C2410680178042902D1197AC3
:10108000022900D070471179B0F808C001228A40C7
:1010900012EA0C0FF6D10E4A10B5D2F88C40002C93
:1010A00013DBD2F89020002A0FDDD3E915429442D9
:1010B00005D0BDE8104052F8043BFFF7A9BF1B6DF7
:1010C000002BF6D00348FFF77BFE0348FFF778FEBE
:1010D000C80E002010990008D0830008000000000E
:1010E00070B590F83430063B0446052B04D8DFE891
:1010F00003F036030306132F3348FFF761FEC36B7B
:10110000B0F84A20934207D2C268128AB3FBF2F1C8
:1011100002FB1133002B3BD0142384F834303023EE
:1011200083F31188294ED6F88C30002B2DDDD6F8AC
:10113000905055BB0122C6F890202B4620462A46E7
:101140002946FFF735FFC6F8905085F3118870BD2A
:10115000036C03B19847002384F8343070BD436DAD
:101160004168D3F800290D6842F40012C3F8002941
:10117000D3F8002B42F40012C3F8002B0DB1062166
:10118000A847062384F8343070BD1148FFF718FED5
:10119000302383F311880D4ED6F88C30002BF4DD0C
:1011A000D6F89050002DF0D10122C6F890202B46A1
:1011B0002A462946FFF72CFFC6F8905085F3118880
:1011C0000A2384F8343070BDFC960008C80E002055
:1011D000D8830008000000000000000000000000AC
:1011E00038B590F834101429044606D0152924D0B7
:1011F00006290DD02048FFF7E3FDC3689B695B68B3
:101200002BB9036C03B19847002384F8343038BD00
:10121000436DD3F8002942F40012C3F80029D3F833
:10122000002B42F40012C3F8002B43681B6803B183
:101230009847062384F8343038BD0B2380F83430C7
:10124000302383F311880D4DD5F88C30002B0FDD42
:10125000D5F8904064B90122C5F890202346224673
:101260002146FFF7D5FEC5F8904084F3118838BDBC
:101270000348FFF7A5FD00BF00960008C80E002038
:10128000D8830008000000000000000000000000FB
:101290004FF080430229DA6838BF0221920710B567
:1012A00000EB01041BD55C635A6A101A814298BF97
:1012B000022101D910BD0246D8680131800701EB37
:1012C00002040CD55C63586A821A8A42F3D202295E
:1012D000F0D9044A536B43F00103536310BD024835
:1012E000FFF76EFDC80E00207C960008000000008D
:1012F0001F4A38B5D2F88C30002B2FDBD2F8903053
:10130000002B2BDD036863B3116988420CD0D0E950
:101310000145996823602944C3E9014100214FF048
:10132000FF330160936138BD1146002541F8103F3D
:101330005960056014698C4216D08068A3684FF02C
:1013400080410344A360486AD169421A9342EAD9B2
:10135000091A1944BDE83840FFF79ABF0548FFF75E
:101360002FFD0548FFF72CFD4FF08043DD6038BDB1
:10137000C80E0020D08300088098000800000000FC
:1013800010B590F828301BB30F2B21D0124AB2F8B9
:101390009410C90704460FD50022A369A16884F8F8
:1013A00028201B689A688A42FBD85A682046C4E9FC
:1013B000003214605C6010BDD2F89820C16ADB0076
:1013C00043F00103C2E902011370FFF7D9FCE3E720
:1013D0000248FFF7F5FC00BFC80E00206896000821
:1013E0002D4AD2F88C30002B70B551DBD2F89030FA
:1013F000002B4DDD41684B0747D1836813F007048C
:1014000043D1994241D25D1AEF2D3ED9C568FF2DD7
:101410003BD80669CEB343F8301C43F8746C41697D
:1014200043F8701C4FF0020C0126016843F8485C39
:1014300003F828CC03F8266C43F80C5C03F8274C1F
:10144000164D43F82C3C43E90544D46A43F8545CF8
:10145000A3F17405A3F1400043F8445C02F12805B0
:1014600043F8341C43F83C4C43F8382CA3F11C01DE
:1014700043F8405C2060A3F12004D06243E90841B6
:10148000A3F1500043F8181C70BD0548FFF798FC05
:101490000448FFF795FC00BFC80E0020F1020008C9
:1014A000B8970008D083000800000000000000008A
:1014B00038B5302383F311881A4BD3E9234554EA16
:1014C000050C20D10124C3F89040F9B101F1FF3C93
:1014D0001CEA010C1AD1144C65684942281A0840CC
:1014E0002168821A8A420CD395420AD362601A6834
:1014F00000219A42C3F890100BD1002383F3118886
:1015000038BD6046F3E70948FFF75AFC0848FFF783
:1015100057FCD96893688A689A42EED20548FFF76B
:101520004FFC00BFC80E0020E0180020E083000838
:10153000C0960008E89500080000000000000000C8
:10154000104BD3F88C20002A10B515DBD3F890305F
:10155000002B11DD99B14B1E0B4010D10A4A546883
:101560004942201A08401168884203D3844201D3BB
:10157000506010BD184610BD0448FFF721FC044818
:10158000FFF71EFCC80E0020E0180020D0830008E2
:10159000C0960008000000000000000000000000ED
:1015A00070B5302383F31188304CD4F88C30002B85
:1015B00050DDD4F89030002B4CD12D4BD3F88C1447
:1015C00001220868C4F8902090F800C0BCF1040F14
:1015D0000BD193F808C0BCF1020F06D10979B0F81D
:1015E00008C08A4012EA0C0F05D00023C4F89030DE
:1015F00083F3118870BDD3E915529542F5D11D6D65
:10160000002DF2D0DD6E002DEFD0043DAD1AECD0F0
:1016100015601D6DDE6D013D1D651D6E1544B542E5
:101620005D6524BF9D6E5D65D4F88C500026B54283
:10163000DE6618DBD4F89060002E14DD5E6DB242D9
:101640000BD052F8043BFFF7E3FC002DCDD1094845
:10165000FFF7B6FB0848FFF7B3FB1B6D002BF0D07C
:101660000648FFF7ADFB0648FFF7AAFBC80E0020AF
:1016700050090020E8830008D8830008B8950008C6
:10168000D0830008000000000000000000000000FF
:101690002DE9F047484F7E6D06EB40130546D3F821
:1016A0000849C3F80849E1074FEA401919D5D6F8A7
:1016B0001038DA0715D507EB8003D9684B6918682D
:1016C000DA68904257D33B89D1F808800122AA40BA
:1016D00023EA02033B81B8F1000F02D029463846C5
:1016E000C047230608D5D6F834384FF0010E0EFA5D
:1016F00005FE13EA0E0F01D1BDE8F08707EB850365
:10170000D7F85480D9684E69D6E900349C422BD270
:101710006A1CD2B20F8A08EB023208EB090C1B1BC1
:10172000BB4228BF3B461C46DCF818399BB2B4EBE1
:10173000830FE1D8B568002C38D02B681360042CD7
:101740000AD9601F20F00300043028442B4653F8C8
:10175000041F11609842FAD1736825441C44336811
:10176000B560A3427460DAD8D8F8343823EA0E039F
:10177000C8F83438C0E7121A1A6000225A603023C1
:1017800083F31188DFF83480D8F88C30934210DD71
:10179000D8F890A0BAF1000F0BD129463846FFF7D0
:1017A000D7F8C8F890A08AF311889AE70448FFF7A1
:1017B00007FB0448FFF704FBE00D0020C80E0020E3
:1017C0002C970008D88300080000000000000000EB
:1017D0002DE9F0412A4F7E6D06EB40130446D3F805
:1017E000085BC3F8085B280703D5D6F81438190737
:1017F0003BD4EA0737D5D6F81438DB0733D507EBE7
:101800008403D9688A6954B9488A5368B3FBF0F5F0
:1018100000FB15331BB91068D36898420DD37B8940
:10182000CD680122A24023EA02037B81DDB121467B
:101830002B461348BDE8F04118471B1AC2E9003493
:10184000302383F311880F4DD5F88C30002B14DD35
:10185000D5F890308BB90A482146FFF731F8C5F822
:10186000904084F31188BDE8F08107EB84032146A2
:10187000DB6838465B689847BBE70348FFF7A0FA88
:10188000E00D0020C80E0020D883000800000000F2
:1018900008B5154B9A68D10723D4DA68D20720D44B
:1018A00012498A6822F00F028A6001289A6810D1D2
:1018B00042F001029A60DA6822F00102DA600A4B13
:1018C0001A6842F001021A605A6822F001025A6056
:1018D00008BD22F001029A60DA6842F00102DA6083
:1018E000EDE70348FFF76CFA003C01400038014087
:1018F0001497000800000000000000000000000035
:1019000010B5302383F311880F4CD4F88C30002BA2
:1019100016DDD4F890309BB90C4B1B780120C4F82D
:1019200090005BB1FFF7B4FF094A0A490023C2E9FE
:101930000013C4F8903083F3118810BD0220F1E742
:101940000548FFF73DFA00BFC80E0020C10E002079
:10195000400E0020711B0008D88300080000000022
:1019600010B5302383F31188164AD2E923310B4393
:1019700019D115480178023901240229C2F8904092
:1019800014D8C168022404700B600B61C868146825
:1019900020F0FF009442C860C2F8903009D10023C3
:1019A00083F3118810BD0948FFF70AFA0848FFF7CA
:1019B00007FAD268A36892689A42F0D20548FFF706
:1019C000FFF900BFC80E002040090020E083000896
:1019D000EC96000864990008000000000000000078
:1019E00070B5302383F311881A4BD3E923210A43BE
:1019F00021D1194C217801250229C3F890501DD11D
:101A000061684E68E1680138C8624D614A620A61E6
:101A1000032222701EB1CA6842F00102CA601A682D
:101A2000852400209A420C60C3F8900009D100235D
:101A300083F3118870BD0948FFF7C2F90848FFF722
:101A4000BFF9D96893688A689A42F0D20548FFF7CF
:101A5000B7F900BFC80E002040090020E08300084D
:101A6000549800086499000800000000000000007D
:101A700038B51C4C04F11003E161436023698260B6
:101A8000036058604FF080432061D868022A38BF55
:101A9000022210F0020001EB02051CD15D63186107
:101AA0000220D8605D6AA5EB010C624502D938BD01
:101AB00029461546DA680130920701440ED559636C
:101AC0005A6A511B8142F3D20228F0D9636B43F06A
:101AD0000103636338BD0448FFF772F90348FFF759
:101AE0006FF900BFC80E0020D09700087C96000850
:101AF000F8B54FF080431C4FD3F824C03B460A464C
:101B000053F8105F9D422AD0FC69AB68ACEB04042B
:101B10000C1928BF0C46A34206461BD89C4209D983
:101B2000B54202D113E0AE4211D02D68E41AAB6881
:101B30009C42F8D86B68B460C6E900531E60AB687D
:101B40006E601B1B4FF0FF32AB60BA61F8BD0748F7
:101B5000FFF736F96046FFF79BFBAB68DEE7BDE8B1
:101B6000F8406146FFF784BFC80E00203C9900088A
:101B700070B54448444903780A78B3FA83F35B09A3
:101B8000013203700A70302383F311883F4CD4F87C
:101B90008C30002B6CDDD4F89030002B68D13C4B9E
:101BA0009968DA6841EA02000125C007C4F890503C
:101BB00016D53848806810F00F005CD11E6826F0FA
:101BC00001061E605E6822F0010221F0010126F08C
:101BD00001065E609960DA602F4A5D61C2E900002B
:101BE0002E4D2B6853B12846FFF782FBD4F88C307A
:101BF000002B3ADBD4F89030002B36DD284A2748FA
:101C000000234FF4FA71C5E903236B61FFF770FFFE
:101C1000D4F88C30002B28DBD4F89030002B24DD56
:101C2000204D2B6853B12846FFF762FBD4F88C3067
:101C3000002B1ADBD4F89030002B16DD1A4B194814
:101C400000264FF4FA61C5E903366E61FFF750FFD5
:101C5000D4F88C30B34211DDD4F89030B3420DDDAE
:101C6000C4F8906086F3118870BD1048FFF7A8F89B
:101C70000F48FFF7A5F80F48FFF7A2F80E48FFF747
:101C80009FF800BFC10E0020C00E0020C80E00202B
:101C9000003C014000380140400E0020D81B0020CD
:101CA00001190008F01B0020B1200008D0830008B3
:101CB000D883000818960008E88300080000000098
:101CC00010B590F8283013B30F2B20D0114AB2F87A
:101CD0009410C90704460ED50022A369A16884F8B0
:101CE00028201B689A688A42FBD25A68C4E90032ED
:101CF00014605C6010BDD2F89820C16ADB0043F02C
:101D00000103C2E902011370FFF73AF8E4E7024861
:101D1000FFF756F8C80E0020909800080000000059
:101D200010B5302383F311881F4CD4F88C30002B6E
:101D300036DDD4F89030002B32D10123C4F8903036
:101D400091F8283008460C2B10D8DFE803F01C0F60
:101D50000F220B070F0B0F0F0F0F0B00CA6A9368B0
:101D600001339360D0E9003213605A604FF0FF33C3
:101D7000C362FFF7A5FFD4F88C30002B0DDDD4F83B
:101D80009030002B09DD0023C4F8903083F31188D4
:101D900010BDCB6A00221A60E8E70448FFF710F88C
:101DA0000348FFF70DF800BFC80E0020E8830008C5
:101DB000D8830008000000000000000000000000C0
:101DC0002DE9F041244FD7F88C30002B35DBD7F8C4
:101DD0009030002B31DD0468A042064620D00D462D
:101DE0004FF00008E3682B43E36015B123691D42FF
:101DF00013D0D7F88C20002AD4E901031DDBD7F8D3
:101E00009020002A19DD18B3C26B134390F82820E4
:101E1000C3630A2A14D00B2A04D02468A642E1D155
:101E2000BDE8F081C26A9A43F7D1C0F82C80FFF771
:101E300047FF2468A642D5D1F2E70848FEF7C0FF65
:101E4000C26A1342E9D0C0F82C80FFF739FFF0E7EF
:101E50000348FEF7B5FF00BFC80E0020D08300087E
:101E6000B098000800000000000000000000000022
:101E70002DE9F84300EB81039E69B6B3302383F369
:101E80001188424FD7F88C30002B59DDD7F89030AD
:101E9000002B55D10D4600EB85090123044608218E
:101EA000301DC7F89030FFF78BFFD9F80C305B6915
:101EB0001B68E3B9D7F88C80B8F1000F43DBD7F883
:101EC0009030002B3FDD736DB26D93423ED052F8DF
:101ED000043B29462046FFF79BF8B8F1000F49D094
:101EE0000023C7F8903083F31188BDE8F883D7F852
:101EF0008C80B8F1000F26DBD7F89030002B22DD64
:101F0000D6E915318B4238D0326D706C01323265B2
:101F1000326E1144F26DB165914224BFB26EB2656A
:101F200006F144028242CFD0036873645A6090F88D
:101F30002830042B27D10023C362FFF7C1FEB9E785
:101F40001348FEF73DFF1348FEF73AFF336D002BB1
:101F5000BDD0D9F80C305A691268002ABDD01B8A4E
:101F6000013B1340B9D1294604F144022046FFF752
:101F70004FF8B2E70848FEF723FF326D002AC3D0BE
:101F80000648FEF71DFF0648FEF71AFFC80E0020A0
:101F9000D8830008D0830008E88300083C98000834
:101FA000C4950008000000000000000000000000D0
:101FB00070B504460068844217D00F4D6FF00106DB
:101FC000036823605C6090F82830042B11D1D5F8A9
:101FD0008C30C662002B09DBD5F89030002B05DD74
:101FE000FFF76EFE2068A042EAD170BD0348FEF7FD
:101FF000E7FE0348FEF7E4FEC80E0020D083000889
:10200000C49500080000000000000000000000006F
:102010001F4AD2F88C30002B70B532DBD2F89030EA
:10202000002B2EDD1B4B197D51BBD3E900141D691C
:10203000661AB5EBA60F23D09E68351D9D60A5429C
:10204000306038BF99681C69186A99601249013478
:1020500088421C6114D004681C62616090F82830CA
:10206000042B11D1D2F88C3000218B42C16208DBE5
:10207000D2F890308B4204DDBDE87040FFF720BEFF
:1020800070BD0648FEF79CFE0548FEF799FE00BFAE
:10209000C80E0020881B0020A81B0020D083000849
:1020A000C4950008000000000000000000000000CF
:1020B00038B5302383F311881D4CD4F88C30002BB5
:1020C0002FDDD4F8903063BB1A4D2B780122934258
:1020D000C4F890201AD0022B12D11748FFF798FFAE
:1020E000D4F88C30002293422A701DDDD4F8903051
:1020F000002B19DD0023C4F8903083F3118838BD1C
:102100000E48FFF785FFD4F88C30EBE70C4B1B78BB
:102110000BB92B70EAE70B48FFF77AFFD4F88C3045
:10212000E0E70948FEF74CFE0848FEF749FE00BF0D
:10213000C80E0020C00E00200200000103000001B4
:10214000C10E002001000001D8830008E8830008C8
:1021500010B5D0F88C341C682278042A02D1027A97
:10216000022A00D010BD5979628901238B401342A5
:10217000F8D10E4BD3F88C20002A13DBD3F8903023
:10218000002B0FDDD0E907239A4207D020464FF4F9
:102190008073BDE810400432FEF70ABF8369002B4C
:1021A000F4D010BD0248FEF70BFE00BFC80E0020A1
:1021B000D0830008000000000000000000000000C4
:1021C000406BFFF7C5BF00BF00000000000000002B
:1021D000093170B550F8214024B3302383F31188BE
:1021E000394DD5F88C30002B5FDDD5F89030002BC1
:1021F0005BD1D4F88C240123C5F890301368527950
:1022000003EB8203DB689B695E6866B92046FFF7D3
:102210009FFFD5F89030002B44DD0023C5F89030A7
:1022200083F3118870BD04216018FFF7C9FDD5F84C
:102230008C30002B45DBD5F89030002B41DDA36AB4
:10224000043B9E423AD8D4E90732934233D01E6011
:10225000A16AA269E0680B44616AE3618B4224BF12
:10226000236BE36104F10C0301328342A26112D0BB
:102270000268E260536090F82830042B18D1D5F83A
:102280008C3000229342C2621BDBD5F8903093421F
:1022900017DDFFF715FDD5F88C602046FFF758FFD6
:1022A000002EB6DC0948FEF78BFD0948FEF788FDD5
:1022B0000848FEF785FDA269002AC8D00648FEF747
:1022C0007FFD0648FEF77CFDC80E0020E88300086D
:1022D000D8830008C4950008189A0008D083000825
:1022E000F8B590F83430044613B1002380F8343048
:1022F00004EB81016268CB681B6A19685B68A364A0
:102300006164936883B32046984768B3E36B94F89D
:102310004410B4F84A209A422CBF1A46E2630906D8
:1023200000F1CE80002A00F00781152384F83430B4
:10233000302383F31188B54DD5F88C30002B40F352
:10234000F880D5F89060002E40F0F3800121D4E9A8
:102350000E232046C5F890103146FEF729FEC5F839
:10236000906086F31188F8BD94F8441011F060066F
:1023700008461CD194F8452001F07F0343EA02236C
:1023800040F20232934200F0248144D8B3F5807FBA
:1023900000F0638122D9B3F5817F00F06E81B3F53F
:1023A000407F04D194F84630012B00F0E480626D48
:1023B000D2F80039616843F40013C2F80039D2F84A
:1023C000003B0D6843F40013C2F8003B15B1062131
:1023D0002046A847062384F83430F8BD012B4BD0A3
:1023E000022B3BD194F9480094F84820002802F0D1
:1023F0000F00C0F2BE805830626D400110580504D5
:10240000D6D586024CBF824882480222C4E90E0219
:10241000002222647DE7B3F5006F00F0458132D9D8
:10242000B3F5106F24D12378042B00F0AF80774FE1
:1024300094F846304BB1626884F84F300421217023
:10244000136813B10221204698470023C4E90E33D4
:1024500094F84400236403066FD54FE0002BA6D107
:10246000022204F14C002364C4E90E02134650E733
:1024700040F6024293429AD1674802230022C4E9FF
:102480000E03226445E7B3F5A06F00F0C980A3F501
:10249000C063012B8BD86268B4F84830556894F853
:1024A000471094F846202046A84700283FF47FAF05
:1024B000D0E9003294F844102664C4E90E2328E7DA
:1024C000DAB1092384F83430302383F311884F4D77
:1024D000D5F88C30002B2CDDD5F890604EBB012157
:1024E000D4E90E232046C5F890103146FEF790FD42
:1024F000C5F8906086F31188F8BD444F142384F822
:102500003430302383F31188D7F88C30002B10DD62
:10251000D7F890506DB90122C7F890202B4620467D
:102520002A462946FEF744FDC7F8905085F31188E6
:10253000F8BD3A48FEF744FC344F0B2384F834309E
:10254000302383F31188D7F88C30002BF1DDD7F8D6
:102550009050002DEDD10122C7F890202B46204647
:102560002A462946FEF754FDC7F8905085F3118896
:10257000F8BD483040E7B4F84C30244F266443F0AF
:102580000203C4E90E66A4F84C3064E7302383F3F9
:1025900011881E4FD7F88C30002BCADDD7F8905029
:1025A000002DC6D101232046C7F89030FEF7D0FC9D
:1025B000C7F8905085F311880322636884F84F5060
:1025C00022701B68002B3FF433AF1146204698471A
:1025D0002EE794F84630002B7FF4E9AE94F84830AB
:1025E00013F00F020BD013F0800F636D03EB421357
:1025F00061D1D3F8002B42F40012C3F8002B002362
:10260000C4E90E33014F236425E700BFC80E002044
:10261000DC9B0008389A0008B89D0008D8830008A1
:10262000B4F84430B3F5A06FE9D194F84610626D68
:1026300084F84E10D2F8003823F4FE6343EA011305
:102640006168C2F800380B6823B120460121984721
:1026500094F8440003232370D1E794F84630012B0B
:102660007FF4A5AEB4F84C301A4F266423F0020371
:10267000C4E90E66A4F84C30EDE694F84630002B21
:102680007FF495AE94F8483013F00F02B7D013F0F2
:10269000800F636D03EB421314D1D3F8002B22F4A7
:1026A0000012C3F8002BAAE7012304F14F02C4E98A
:1026B0000E2326642DE6D3F8002942F40012C3F855
:1026C00000299CE7D3F8002922F40012C3F800295E
:1026D00095E700BFC80E00200000000000000000C9
:1026E000F8B5664BD3F88C40002CC0F29C80D3F830
:1026F0009030002B40F3978000287DD00378042B86
:102700007AD100EB81040DB2E368002B74D15669D5
:10271000E2601EB133607360B360F360936923B10C
:1027200000221A605A609A60DA60E368426D1C68A1
:102730009F6904F00304661E022E98BFA40402EBF6
:1027400041164FF0000C98BF04F18054C6F810CB2E
:102750008CBF4B4C04F500444FEA411C002F4ED077
:102760005F8A01F1580676012743975101F1100E57
:10277000D2F81C78012606FA0EF63E43C2F81C6811
:1027800002EB0C065F694FF0000CC6F810C9002F71
:102790004CD09D8BB3F810C0C66D4FEA9C03012D41
:1027A00088BF6B43856D6F681D043344BB42C365AE
:1027B00061D801F13F0302EB830335435D608B0178
:1027C00043F02003136113699806FCD42D48456833
:1027D00043685B1B112BFBD901F1480040014CEA17
:1027E000815C4CEA040414500123D2F81C088B408D
:1027F0000343C2F81C38F8BD2348FEF7E1FA02EBA8
:10280000451601F1100ED6F8007B27F40047C6F8F4
:10281000007BD2F81C68012707FA0EF726EA0706A4
:10282000C2F81C68ACE71948FEF7CAFA01F13F0389
:1028300002EB8303164858608B0143F020031361B9
:1028400013699B06FCD40F48446843681B1B112B7B
:10285000FBD902EB45150123D5F8000920F400400F
:10286000C5F8000903FA01F1D2F81C3823EA010384
:10287000C2F81C38F8BD0748FEF7A2FAC80E0020BF
:1028800000800010001000E0C8990008D083000804
:102890000004000234960008000000000000000060
:1028A000F0B583B005291ED8DFE801F01F1D031F16
:1028B0001F4E302383F31188594CD4F88C30002BF1
:1028C00065DDD4F89050002D61D10127C4F89070D7
:1028D0000378042B5ED0032B00F09B800023C4F808
:1028E000903083F3118803B0F0BD302383F3118857
:1028F0004B4CD4F88C30002B49DDD4F89030002BB1
:1029000045D1484D2B7D0122C4F890201BB195F88C
:102910004C30002BE2D102214348FFF751FA012647
:1029200042482E75FFF744FB414885F84C60FFF79D
:102930003FFBD4F88C30002B03DDD4F89030002B13
:10294000CCDC3C48FEF73CFA302383F31188344C4E
:10295000D4F88C30002B1ADDD4F89050BDB9314E2C
:102960000121301DC4F89010FFF72AFAD4F88C30FA
:102970003575002B86F84C50E3DDD4F89030002BF1
:10298000DFDDC4F8905085F3118803B0F0BD2A480C
:10299000FEF716FA294A01903946FFF7A1FE284AA8
:1029A00001980221FFF79CFED4F88C30002B33DB1A
:1029B000D4F89030002B2FDD1A4E336BB561C6E989
:1029C0000733C6E90D5506F10C00FFF7F1FAD4F80C
:1029D0008C303575002B1FDBD4F89030002B1BDDBD
:1029E000736E3365B36E06F14400C6E91533C6E96C
:1029F0001B55FFF7DDFA3946301D86F84C50FFF7BE
:102A0000DFF93046FFF7A4FBD4F88C30002B98DDBB
:102A100093E7FEF79DFA61E70A48FEF7D1F900BF98
:102A2000C80E002050090020540900205C09002035
:102A300094090020E8830008D8830008789B0008E8
:102A40009C9B0008D08300080000000000000000EC
:102A50002DE9F843D0E90245AC4206460F465DD069
:102A6000D0E900E1234600201EF803C00CF1010C60
:102A700063449942D8BF5B1AAB4200F10100F3D125
:102A8000012A43D0D6F810E070455DDBAC425ED041
:102A9000431E73455ED0D6E900984FF0000C01E06C
:102AA00071451AD019F8043001331C44A0450CF1CB
:102AB000010CD8BFA4EB0804A0EB0C01AC4201F15F
:102AC000FF31EDD119F8054064B9012A3CD10EF16E
:102AD000010333612046BDE8F883254619F8054017
:102AE000002CF2D00EF10103336140220021384660
:102AF00005F024F9736862199A4213DA31680135D6
:102B0000224629443846FDF779FDE3E73369002B77
:102B100006DDA3F1020EC6F810E0B5E70020AFE72E
:102B20000024D7E75B1B316803F1FF3801352944E6
:102B300042463846FDF762FD3168A4EB080207EB18
:102B40000800FDF75BFDC5E74FF0FF34C2E7D6F89C
:102B50000090B7E7D6F800902546B3E700000000E4
:102B600038B5264BD3F88C20002A3DD1D3F89020DD
:102B7000002A39DD5A68916801293BD1DC6894420A
:102B800035D0A2699A4232D1156884F828002B68A2
:102B900013605A6085F82810B2F89430D5609B070E
:102BA0000ED5EFF30983226A243B9A4205D82146C9
:102BB0002846BDE83840FDF793BB1148FEF700F901
:102BC00094F82830D2F89820E16AD160DB0043F015
:102BD000020313709560FEF7D3F8EFF30983226ABE
:102BE000243B9A42E3D9E8E70648FEF7E9F80648AD
:102BF000FEF7E6F80548FEF7E3F800BFC80E002030
:102C0000F0830008C8830008209800085496000844
:102C100070B51B4CD4F88C2086B052BBD4F89060B1
:102C2000002E26DD4D1CE6681BD0F9B1154B039331
:102C300005466846CDE90462FEF75AFF2846FFF7CD
:102C40008FFFD4F88C30002B16DBD4F89030002B9B
:102C500012DD009B13B16846FEF74AFBF06A06B02E
:102C600070BDFFF77DFFF06A06B070BD0648FEF745
:102C7000A7F80648FEF7A4F80548FEF7A1F800BF3C
:102C8000C80E0020211D000894990008C883000880
:102C9000D0830008000000000000000000000000D9
:102CA000F8B51B4ED6F88C7057BBD6F89030002B79
:102CB00004460D460BDC23E062682946C3E9004266
:102CC000042013606360FFF7A3FF00281BDBE368A9
:102CD00043B9237A83B9F368002DEDD14FF0FF3764
:102CE0003846F8BDE36883B163691A6804331A444F
:102CF000C4E90A323846F8BD6FF001073846F8BD1E
:102D00000448FEF75DF80746EAE70348FEF758F87F
:102D1000C80E0020C8830008A09900080000000029
:102D20002DE9F04F83B00193002A7BD092463022E8
:102D300082F311884A4CD4E923631E434AD10546E5
:102D40000F4600924FF00108B146A96AC4F890807E
:102D5000002958D0EA6AAAEB0603A2EB010B9B45B7
:102D600028BF9B46BBF1400F37D93B4601F1400BD2
:102D7000D1F800C048688A68D1F80CE0C3F80CE0CC
:102D800010315945C3F800C058609A6003F1100330
:102D9000EED1AB6AEA6A40339A4207F1400706F186
:102DA0004006AB6225D9D4F88C304BBBD4F89020C8
:102DB000002A25DDC4F890302368A3422AD189F384
:102DC0001188564541D2009B83F31188D4E9233200
:102DD0001343BAD02348FDF7F3FF38465A46FDF7B0
:102DE0000DFCAB6AEA6A5B449A425E445F44AB62A4
:102DF000D9D82846FEF734F8D4F88C30002BD5D03B
:102E00001948FDF7DDFF01992846FFF749FF60B932
:102E1000A96A9FE7E2689B6892689A42CFD21348FA
:102E2000FDF7CEFF1248FDF7CBFFD4F88C30002B16
:102E3000E6D1D4F89020002AE2DD2268C4F8903070
:102E4000A24206D1002383F31188304603B0BDE8C7
:102E5000F08FE16893688A689A42F3D2DFE700BF97
:102E6000C80E0020E083000800840008009A0008D3
:102E700000990008000000000000000000000000B1
:102E80004FF0FF330C30FFF74BBF00BF00000000D6
:102E90000C30FFF745BF00BF00000000000000003D
:102EA000F8B5302383F311881F4CD4E92332134340
:102EB00022D1436B0122054600F10C07C4F8902093
:102EC00003B313F8016BAA6B6B63934210D2D4F86F
:102ED0008C30A3B9D4F89020002A10DD2268C4F801
:102EE0009030A24218D1002383F311883046F8BDF8
:102EF0003846FDF7B5FFEAE70C48FDF761FF0C48DF
:102F0000FDF75EFF4FF0FF313846FFF7C9FE06467A
:102F10000028DCD16B6BD4E7E16893688A689A4239
:102F2000E1D20448FDF74CFFC80E0020E083000802
:102F300000840008009A0008000000000000000063
:102F4000F8B5302383F311881E4CD4E923321343A0
:102F500022D10123C4F89030436B054600F10C07E1
:102F600003B313F8016BAA6B6B63934210D2D4F8CE
:102F70008C30A3B9D4F89020002A10DD2268C4F860
:102F80009030A24216D1002383F311883046F8BD59
:102F90003846FDF765FFEAE70B48FDF711FF0B48E0
:102FA000FDF70EFF3846FFF77BFE06460028DED110
:102FB0006B6BD6E7E16893688A689A42E3D204486B
:102FC000FDF7FEFEC80E0020E08300080084000824
:102FD000009A00080000000000000000000000004F
:102FE000F8B51B4ED6F88C7057BBD6F89030002B36
:102FF00004460D460BDC23E062682946C3E9004223
:10300000042013606360FFF703FE00281BDBE36806
:1030100043B9237A83B9F368002DEDD14FF0FF3720
:103020003846F8BDE36883B12369E1691A1D0B4492
:10303000C4E90A233846F8BD6FF001073846F8BDE9
:103040000448FDF7BDFE0746EAE70348FDF7B8FE72
:10305000C80E0020C8830008E097000800000000A8
:103060002DE9F04F83B00193002A79D0302787F300
:1030700011884A4CD4E923631E4346D105468B464A
:1030800092464FF00108B146A86AC4F89080002823
:1030900057D0EA6AAAEB0603121A9A4228BF1A46C8
:1030A000402A35D959460BF1400BD1F800C04A6887
:1030B0008B68D1F80CE0C0F80CE010315945C0F82D
:1030C00000C04260836000F11000EED1AB6AEA6A92
:1030D00040339A428B4606F14006AB6225D9D4F8BC
:1030E0008C305BBBD4F89020002A27DDC4F89030E8
:1030F0002368A3422CD189F31188564543D287F324
:103100001188D4E923321343BED02548FDF758FE79
:103110005946164493440092FDF770FAAB6A009A40
:103120001344EA6AAB629A42D9D8E969284604395D
:10313000FDF7C6FED4F88C30002BD3D01948FDF72C
:103140003FFE01992846FFF74BFF60B9A86AA0E748
:10315000E2689B6892689A42CDD21348FDF730FE30
:103160001248FDF72DFED4F88C30002BE6D1D4F8B0
:103170009020002AE2DD2268C4F89030A24206D1F5
:10318000002383F31188304603B0BDE8F08FE16877
:1031900093688A689A42F3D2DFE700BFC80E002026
:1031A000E083000800840008009A0008A895000841
:1031B0004FF0FF334430FFF753BF00BF0000000063
:1031C0004430FFF74DBF00BF0000000000000000CA
:1031D000F8B5302383F31188294DD5E92332134301
:1031E00025D10123C5F89030C36E04460F4600F187
:1031F000440613B31F70D4E91B3201339342E366D4
:103200000FD2D5F88C00A8B9D5F89030002B11DD7D
:103210002B68C5F89000AB4217D1002383F31188C7
:10322000F8BD216E30460439FDF74AFEE9E715483E
:10323000FDF7C6FD1448FDF7C3FD4FF0FF313046E2
:10324000FFF7CEFE48B9E36ED4E7EA689B68926860
:103250009A42E2D20D48FDF7B3FDD5F88C30002B31
:10326000E8D1D5F89020002AE4DD2A68C5F890302E
:10327000AA42D2D0E96893688A689A42CDD2E9E737
:10328000C80E0020E083000800840008009A0008AF
:10329000F8B50E46302383F31188294DD5E9233143
:1032A0000B4324D1C36E0121044600F14407C5F845
:1032B000901013B31E70D4E91B3201339342E366BE
:1032C0000FD2D5F88C00A8B9D5F89030002B11DDBD
:1032D0002B68C5F89000AB4216D1002383F3118808
:1032E000F8BD216E38460439FDF7EAFDE9E71548D7
:1032F000FDF766FD1448FDF763FD11463846FFF7FC
:103300006FFE48B9E36ED5E7EA689B6892689A4217
:10331000E3D20E48FDF754FDD5F88C30002BE9D1EF
:10332000D5F89020002AE5DD2A68C5F89030AA4239
:10333000D3D0E96893688A689A42CED2E9E700BFA1
:10334000C80E0020E083000800840008009A0008EE
:1033500010B5302383F31188144CD4E9233213437E
:1033600016D1012301460820C4F89030FFF750FC25
:10337000D4F88C307BB9D4F89020002A0BDD226879
:10338000C4F89030A24209D1002383F3118810BD04
:103390000748FDF715FD0748FDF712FDE168936842
:1033A0008A689A42F0D20448FDF70AFDC80E002050
:1033B000E083000800840008AC97000800000000CB
:1033C000334C344ADFF8D0A0344D2DE98848E36807
:1033D0004FF40056DA6140F6C41941F28838374696
:1033E0009AF800306F83042B0CBFCB46C3463023C2
:1033F00083F31188D4E92332134334D1012359468E
:103400000820C4F89030FFF703FCD4F88C306BBB75
:10341000D4F89020002A29DDC4F890302368A34214
:103420002FD1002383F3118830232E8383F3118857
:10343000D4E92332134316D1012359460820C4F896
:103440009030FFF7E5FBD4F88C307BB9D4F89020AE
:10345000002A0BDDC4F890302368A34209D1002371
:1034600083F31188BCE70E48FDF7AAFC0D48FDF771
:10347000A7FCE2689B6892689A42F0D20A48FDF77E
:103480009FFCE2689B6892689A42CAD2F6E700BF46
:10349000C80E002008840008E00D0020000802404B
:1034A000E083000800840008AC97000800000000DA
:1034B000174DEC6808B5236BE06204F130069E42BC
:1034C00008D194F82A30B3B10F20FFF749FB114817
:1034D000FDF776FC1A682263D5F88C20002A13DBEE
:1034E000D5F89020002A0FDD1846FEF7E9FB236B84
:1034F0009E42E6D0EEE794F829309B07E4D1D4E968
:10350000043213605A60DFE70348FDF759FC00BF3F
:10351000C80E00207C970008D0830008000000003F
:103520003C4BD3F88C2070B5002A70D1D3F8902092
:10353000002A6CDD04468068DD6820B3AA688368D1
:103540009A4207D990F828308260062B3ED0072B8C
:1035500028D0EBB1234603E09968AA68914202D3D0
:103560001B689C42F8D15A680620C5E900321560F4
:103570005D60EC62FFF7F4FAA368AB4244D12B6CB8
:10358000A34241D170BD2B6CC4E902532C6470BDC1
:10359000D0E90032012180F8281013605A60FEF74C
:1035A0008FFBD7E7D0E90032C66A13605A60334612
:1035B00003E099688268914202D31B689E42F8D169
:1035C0005A68C0E9003210605860C3E7D0E90032A1
:1035D000C66A13605A60334603E099688268914274
:1035E00002D31B689E42F8D15A68036042601060A3
:1035F0005860B068AA6883689342ABD290F82830CC
:103600008260062BA3D1E1E70348FDF7D9FB03480D
:10361000FDF7D6FBC80E0020A4980008C883000858
:1036200070B5284CD4F88C30002B3CD1D4F89030B5
:10363000002B38DD23680546E068A342826835D157
:103640000023EB62AB68934236D9FDF799FE012364
:1036500085F82830B4F89430E5609B0706460ED50F
:10366000EFF30983326A243B9A4205D83146284653
:10367000BDE87040FCF734BE1348FDF7A1FB90F89D
:103680002830D4F89820C16AD160DB0043F00203EF
:1036900013709560FDF774FBEFF30983326A243BE6
:1036A0009A42E3D9E8E70948FDF78AFB9B689A420A
:1036B000C6D20748FDF784FB2846BDE87040FEF7F8
:1036C000FFBA00BFC80E0020F0830008C8830008BE
:1036D00060970008000000000000000000000000EB
:1036E0000EB42DE9F04F86B00FAB53F8046B029384
:1036F0003546019315F8011B002900F001820446AC
:103700004FF000090CE023682046DB68984709F178
:1037100001092E46354615F8011B002900F0D98015
:103720002529F0D173782D2B04BFB51C4FF0010C67
:103730002B7818BF4FF0000C2B2B03BF6B784FF08A
:10374000010E01354FF0000E302B03BF01351F462F
:103750002B7820272A2B49D16B78DDF804B02E2B4B
:103760005BF8042B05F1020656D0002003F0DF01C0
:103770004C295FD0A3F14405342D00F2B080DFE87E
:1037800015F0DC00AE00AE00AE00AE00DC00AE0016
:10379000AE00AE00AE00AE004D011201AE00AE00B4
:1037A000AE00AE00B401AE00AE001201AE00AE003D
:1037B000AE00AE00AE00AE00AE00AE00AE00AE0099
:1037C0006F01DC00AE00AE00AE00AE00DC00AE006B
:1037D000AE00AE00AE00AE004D011201AE00AE0074
:1037E0005001AE00B401AE00AE0012016E1C002B01
:1037F0006FD0002205E016F8013B01EB4002002BE0
:1038000067D0A3F13001C9B2092902EB8200F2D9D5
:103810002E2BDDF804B0A8D13378002B59D02A2BF9
:1038200047D173785BF8040B03F0DF014C2906F1F4
:1038300002069FD116F8013B002B4AD0A3F14401A8
:1038400034294CD8DFE811F079004B004B004B00D5
:103850004B0079004B004B004B004B004B00EA0043
:10386000AF004B004B004B004B0051014B004B0095
:10387000AF004B004B004B004B004B004B004B008C
:103880004B004B004B000C0179004B004B004B00F0
:103890004B0079004B004B004B004B004B00EA0003
:1038A000AF004B004B00ED004B0051014B004B00B3
:1038B000AF0001360020A3F13001C9B2092900EBA5
:1038C00080053FF653AF16F8013B01EB4500002B96
:1038D000F1D1484606B0BDE8F04F03B070478DF80F
:1038E0000C30013ACDF804B022EAE27ABCF1000FC4
:1038F00004D1002ACAF1000A00F3E48000250DF18A
:103900000C0B05F10108D84423681BF8011BDB6888
:1039100020469847C345F7D109F10109A944BAF1F6
:10392000000F3FF4F7AE554623683946DB68204662
:103930009847013DF8D1D144ECE65B4653F8040BBF
:1039400001930028C0F2B680BEF1000F00F0D580D0
:103950002B238DF80C300DF10D0E03AB0EF10B0B7C
:103960005D466B49A1FB0081C90801EB810A8846CD
:10397000A0EB4A0130318246C9B2BAF1090F05F80D
:10398000011D4046EDDCABEB0500704401E015F88D
:10399000011F0EF8011B8645F9D1AEEB0305521B42
:1039A0009B46013D2DE04FF010085B4653F8040B99
:1039B00001930DF1170300E02B468646B0FBF8F0AB
:1039C00008FB10EA0AF130013929C8BF0AF13701B2
:1039D000C9B2C64503F1FF3503F8011CECD20DF165
:1039E0001700451B184603AB0DF117089E4601E072
:1039F00010F8011B0EF8011B4045F9D1521B9B46E4
:103A0000013D22EAE27ABCF1000F03D1002ACAF19B
:103A1000000A2EDC002DBFF674AF80E74FF00808D7
:103A2000C3E75B4653F804BB0193BBF1000F5FD0C3
:103A30009BF8001000284AD100294BD047F6FE70B1
:103A4000594601E0C54205D411F8013FABEB010531
:103A5000002BF7D1A1EB0B01521A4D1E2027D0E706
:103A60005BF8043BCDF804B0013A8DF80C30202708
:103A70003AE7D0469BF800102D290FD02B290DD006
:103A800023683946DB68204698471AF1010AF7D1C6
:103A9000002DA9EB0809BFF634AF3BE6302FEFD17C
:103AA00022682046D2680BF1010B09F10109013DA2
:103AB0009047E5E72D238DF80C3040420DF10D0EB7
:103AC00003AB4BE76546D0460DF10C0BD2E709B1CD
:103AD0000138B5D522EAE27ABCF1000F03D1002A01
:103AE000CAF1000A0EDC202719E74FF00A085CE74C
:103AF000DFF820B00028A1D0EAE703AB9E462DE70F
:103B00008946E6E6D04620274FF0FF35B2E700BFF2
:103B1000CDCCCCCC108400080000000000000000D8
:103B200010B531490446FFF7DBFD30492046FFF769
:103B3000D7FD2F492046FFF7D3FD2E492046FFF73A
:103B4000CFFD2D492046FFF7CBFD2C492046FFF73E
:103B5000C7FD2B492046FFF7C3FD2A492046FFF742
:103B6000BFFD29492046FFF7BBFD28492046FFF746
:103B7000B7FD27492046FFF7B3FD26492046FFF74A
:103B8000AFFD25492046FFF7ABFD24492046FFF74E
:103B9000A7FD23492046FFF7A3FD22492046FFF752
:103BA0009FFD21492046FFF79BFD20492046FFF756
:103BB00097FD1F492046FFF793FD1E492046FFF75A
:103BC0008FFD1D492046FFF78BFD1C492046FFF75E
:103BD00087FD1B492046FFF783FD20461949BDE8B4
:103BE0001040FFF77DBD00BF188400086084000806
:103BF000A0840008E0840008088500083C850008CF
:103C000074850008D08500081086000854860008D6
:103C100090860008DC860008048700085C8700089E
:103C2000B4870008FC87000828880008608800081E
:103C3000A8880008F88800083C8900086C890008FA
:103C4000B4890008F48900080000000000000000AA
:103C500038B50E4C4FF400410D4601222046FCF7CA
:103C6000E7FD02206583FFF773FB202229462046EB
:103C7000FCF7DEFD064B1B789B0700D438BDBDE882
:103C8000384004490448FFF72BBD00BF0004024040
:103C900001080020288A00085009002000000000C8
:103CA0000B4B10B50446184620224FF48061FCF7F8
:103CB000BFFD03695B0505D520460649BDE81040F8
:103CC000FFF70EBD20460449BDE81040FFF708BDD0
:103CD00000000240308A0008448A0008000000000A
:103CE000014A0249FFF7FCBC548A00087C8A00089C
:103CF0002DE9F84F624D634C634F01224FF4806110
:103D000006462846FCF794FD4FF4806320462B833B
:103D100001224FF48071FCF78BFD4FF480736383B5
:103D2000284620224FF40051FCF782FD3888574C7A
:103D300000EB8000002340002370FDF751FE504847
:103D400020224FF40051FCF773FD2B699B045BD4D8
:103D50004B4DDFF83C91FDF703FE284601224FF45E
:103D60008061FCF765FD4FF480636B8320224FF484
:103D700080512D69FCF75CFDD0F810800220FFF720
:103D8000E7FA99F80030ED439807EDB25CD4DFF81C
:103D9000F4A04FF0100B20224FF480715046AAF887
:103DA00018B0FCF745FD0220FFF7D2FAAAF81AB0C6
:103DB000AAF818B03888324F00EB8000002340008A
:103DC0002370FDF70DFE20222D484FF40051FCF723
:103DD0002FFD3B699A0428D52A4CFDF7C1FD10231D
:103DE000638301224FF480712046FCF721FD4FF4DC
:103DF0008073638399F800309B07C8F3003831D48F
:103E000035704046BDE8F88F2378002BA0D1237889
:103E1000002B94D01E4B1B789A072BD44FF0FF0831
:103E2000FCF7AEFE4046BDE8F88F2378002BD3D1D7
:103E30002378002BC7D099F800309907EED51549A3
:103E40001548FFF74DFCE9E7144B15495B5D124837
:103E500013F0970F18BF2A462B4608BF2022FFF702
:103E60003FFC94E70F490C4888F00102FFF738FC4B
:103E70003570C6E70C490848FFF732FCCEE700BFB3
:103E8000000402400000024012080020D51B002060
:103E900001080020D08A000850090020BD9D0008BC
:103EA000B88A0008048B0008848A0008000000001B
:103EB00070B50D46B8B1044628601249204603F09B
:103EC000ABFF215C222904EB000612D00D493046DD
:103ED00003F086FF98B1421C00232A6003703378F8
:103EE00023B1304670BD0C68002CE6D10026304668
:103EF00070BD0136304604F0EFF90028EBD12860A0
:103F0000EDE700BF108B000800000000000000007B
:103F10002DE9F8430568CDB10646884691461F460F
:103F200005E02C782E2C14D056F8085F75B1284681
:103F30004946FCF7F9F904460028F2D14046736877
:103F4000089A394698472046BDE8F8830120BDE825
:103F5000F883089B43F827901A4640467368791CFB
:103F600098470020BDE8F883000000000000000032
:103F70002DE9F04FDFF8BCB28268DBF80C10056861
:103F8000ABB0044600230490AB486668C861137068
:103F9000A268AA491493CDE912332846E368069231
:103FA00010920593119303950B96FFF799FBA44983
:103FB0002846FFF795FBDBF80C3093F829305A07B9
:103FC00066D40DF1680A9F490398FFF789FB049BAB
:103FD00000251C682E465746236801229B680DF178
:103FE000330120469847002848D09DF833101B29FC
:103FF0002DD05EB15B293FD035B1412900F0E8807A
:10400000422900F0C88000252E46E5E7082920D087
:104010007F291ED00D2900F0238109294BD00E29BC
:1040200000F0E280102900F0FB801F29D4D90DF1A7
:10403000A7039F42D0D2844B1B782BB12368204624
:10404000DB6898479DF8331007F8011BC4E7012689
:10405000C2E75745C0D023680821DB68204698474F
:1040600023682021DB682046984723680821DB6805
:104070002046013F9847AFE73546ADE74FF47A70E9
:10408000FFF766F9DBF80C3093F829305B079AD517
:10409000302383F31188DBE9233253EA020440F032
:1040A00006826A4801232146CBF89030FDF788FE4E
:1040B0002046FFF7FDF90DF1A7039F428CD2644B18
:1040C0003E7093E803000DF138090E908DF83C1016
:1040D0004846514604F01AF8049B48455A68D3F8FC
:1040E000108000F0648108F104030793C1469AB17F
:1040F00013688BB1CDE9084514461D462846514644
:1041000004F004F8854208BF49F8045B54F8085FDE
:10411000002DF3D1DDE908450020C9F80000D8F8EA
:104120000090B9F1000F3FF457AFD8F80430A7EB77
:104130000A010891002B00F0878199F800C0BCF1BA
:10414000000F00F0B781CDE909456446089DDDF810
:104150001CC0BE461A5CA24208BF624605D13BB1F4
:1041600052F8043F195CA142F9D0002B40F02D8198
:104170000DF1A7039E4505D28542DCBF0EF8014B29
:10418000D8F80090013019F80040002C00F053815D
:10419000D8F80430DEE70122514610A8FEF758FC9B
:1041A00000281ED18DF868001023522229490AEBFD
:1041B00000072046FFF794FA27492046FFF790FAB8
:1041C0000025264952462046FFF78AFA2E4603E785
:1041D0000022514610A8FEF73BFC00287FF713AFE2
:1041E000E2E7FFF610AFDFE70122514610A8FEF725
:1041F0002FFC002840F0D8808DF8686010235222F0
:1042000014490AEB00072046FFF76AFA12492046D4
:10421000FFF766FA114952462046FFF761FADBE6DE
:104220003246514610A8FEF713FC00287FF7D4AEA3
:10423000E4E700BFC80E0020148B0008C8910008F6
:104240001C8B0008308B00080F080020D01B0020BA
:104250007C8B0008448B0008508B0008548B0008AE
:1042600020469749FFF73CFA059BA7EB0A04013B60
:104270009C424FDA631E0AEB03021AF8031020294E
:104280000AD1002C03DC45E0002B43D0013B12F89F
:10429000011D20291C46F7D0002C3BDDDDE912353D
:1042A000DDE905100BE0EA1A01328A1AA2420CDCA1
:1042B000C25C134401339942D8BF5B1A01269D4268
:1042C000F1DA5A1B013AA242F2DD06B11293059BC4
:1042D0005E1B013EA64205F101006FDCDDF818808F
:1042E000324651464044FCF789F9A21B0AEB06010D
:1042F0004046FCF783F9069B059A5C55631C2B44EA
:104300009A42D8BF059A0699D8BF9B1A0022CA5470
:104310001393149200260DA93E705046FFF7C8FD76
:104320000DA90546002015ACFFF7C2FD50B1042EC3
:1043300033D044F8040B0DA900200136FFF7B8FD77
:104340000028F4D12AAB03EB860343F8540C002D6C
:104350003FF498AE15AB00935A48039933462A466A
:10436000FFF7D6FD00283FF48DAE0B9B53B115AB84
:10437000009303990B9833462A46FFF7C9FD00289E
:104380003FF480AE039C50492A462046FFF7A8F927
:104390004E492046FFF7A4F974E64D490398FFF70C
:1043A0009FF9002319936DE6FFF616AE26E708F194
:1043B0000403C8F800000793994698E6069B224636
:1043C00018445146FCF71AF995E7DDE909450AEB6F
:1043D00000030893089A0023137000283FF4FCADF3
:1043E000049BD8F80420D3F80090002A59D034490F
:1043F0004846FFF775F9D8F800206AB1354FDDF867
:104400001C8001E008F1040839464846FFF768F9C6
:10441000D8F80020002AF5D129494846FFF760F96D
:104420002D494846FFF75CF9274952464846FFF7B1
:1044300057F9089FD0E5A4460AEB00030A9D099CA2
:104440000AF800C00893CBE74846CDF82490FCF763
:1044500077F90AEB00094F450146CDF820902CD2A0
:10446000A7EB0A03A3EB070C099A3B4603E0934230
:10447000B0D0D8F8002003EB0C0E12F80E2003F891
:10448000012B4B450DF1A702F1D19342A2D201318C
:1044900020221A7000230AF801300AEB0103089366
:1044A0009EE709493A464846FFF71AF9C1E70B4823
:1044B000FCF786FC8DF868C08EE53B46E7E700BF59
:1044C000C89100087C9C0008548B0008748B00087D
:1044D0005C8B0008588B0008308B0008E0830008D4
:1044E0002DE9F04FC04C85B0CDE902230646884641
:1044F00015464FF4804101222046FCF799F94FF40C
:1045000080432383002D40F04D81B8F1000F04D18A
:104510003046FCF715F91FFA80F8B448B24CB44D98
:1045200001224FF40041FCF783F94FF40043038369
:10453000012220464FF48051FCF77AF94FF4805362
:10454000238301224FF40051FCF772F94FF400531A
:10455000238320224FF48061FCF76AF94FF48071C5
:1045600020222846FCF764F9A24B1B78990700F13A
:104570006881A14BA148B3F80090A14C9C4D9A4F83
:10458000A0FB0930C00800232370FDF729FA9848E2
:1045900020224FF48071FCF74BF92B69DB0500F505
:1045A00080604FF020024FF4806100F1C180FCF781
:1045B0003FF93B69580540F1BB80FDF7D1F9B8F1EF
:1045C000000F78D0DFF834A2894D874F013E4FF0BD
:1045D000000BAAFB09394FEAD90916F8012F0192FD
:1045E000002348462370FDF7FBF9202280484FF452
:1045F0008071FCF71DF92B69DA0500F1AF80FDF73A
:10460000AFF97C4B1B789B0700F1D78076480122DD
:10461000FF21FCF70DF9019AD343DBB243EA0243D1
:10462000BB61484600232370FDF7DAF96E4820226B
:104630004FF48061FCF7FCF83B69580540F19F801E
:10464000FDF78EF908F1FF335B4500F01081022081
:10465000FEF77EFE644801224FF40051FCF7E8F8B3
:104660004FF400537B830220FEF772FE624BB3F8D7
:10467000009000232370AAFB0930C008FDF7B0F9B1
:104680005B4820224FF48071FCF7D2F82B69DB05E0
:1046900040F1C680FDF764F9534801224FF4005100
:1046A000FCF7C6F80BF1010B4FF400533B831FFAE4
:1046B0008BF398458DD84D4D01224FF4004128468B
:1046C0004FF40044FCF7B4F8A5F580606C83202219
:1046D000FF21FCF7ADF8029B002B40F0F380424C29
:1046E000434D204620224FF40051FCF7A1F8202230
:1046F0004FF48051FCF79CF801224FF4807128465A
:10470000FCF796F84FF48073204601224FF4806145
:104710002B83FCF78DF84FF48063238301224FF441
:104720008041FCF785F84FF480436383002012E05A
:104730002378002B7FF441AF2378002B3FF427AF81
:104740002C4B1B789A0700F1B6802E4B00221A7072
:10475000FCF716FA012005B0BDE8F08F2378002B96
:104760007FF44DAF2378002B3FF43FAF214B1B78F4
:104770009907EAD524492548FEF7B2FFE5E72378F3
:10478000002B7FF45DAF2378002B3FF44FAF194B24
:104790001B78012BD9D11E4B1E491A781B48FEF7F6
:1047A0009FFFD2E7A4F5806001224FF40041FCF79F
:1047B0003FF84FF400434383A7E6029B002B6DD1E3
:1047C000019A154B15499B5C104813F0970F13463F
:1047D00008BF2022FEF784FF074BB3F80090AAFB26
:1047E00009394FEAD90911E70004024000080240E4
:1047F000000002400108002012080020CDCCCCCCE3
:10480000D51B002034190020B88B00085009002067
:1048100004080020408C0008BD9D0008208C000882
:104820002378002B7FF436AF2378002B3FF428AF9A
:10483000284B1B789A0788D527492848FEF750FF50
:1048400083E720224FF48071FBF7F2FF20462022FD
:104850004FF480612D69FBF7EBFF236920491F4866
:10486000C5F30022C3F38023FEF73AFF81E6039BE2
:10487000002B3FF4ECAE4FF480511A480122FBF7B5
:10488000D7FF4FF480537B83124B1B7899077FF53A
:10489000DEAE15491148FEF723FFD8E613490F484D
:1048A000019AFEF71DFF124BB3F80090AAFB0939DD
:1048B0004FEAD909AAE633780E4908481A46FEF7A6
:1048C0000FFF42E70C4801222146FBF7B1FF0483AA
:1048D00005E700BF01080020888C0008500900206F
:1048E000848B000800040240788C0008008C0008CB
:1048F00012080020988B0008000002400000000011
:1049000070B5204B204E214C1B78327843F65F71F6
:10491000203321809107A37012D400231B481C4D23
:1049200001220321FFF7DCFD04232870237068B106
:1049300001232B7017491848BDE87040FEF7D0BE20
:10494000164915480322FEF7CBFEE6E733789A07AF
:1049500012D401220D4800231146FFF7C1FD0028A3
:10496000E6D1337828709B0700D470BDBDE8704055
:104970000B490948FEF7B4BE084907480122FEF773
:10498000AFFEE6E71108002001080020F41800201F
:10499000E81E0020DC8C000850090020C08C0008B4
:1049A000288A00080000000000000000000000004D
:1049B00070B5204B204E214C1B78327843F65F7146
:1049C000203321809107A37012D400231B481C4D73
:1049D00001220321FFF784FD11232870237068B1A1
:1049E00001232B7017491848BDE87040FEF778BEC8
:1049F000164915480322FEF773FEE6E733789A0757
:104A000012D401220D4800231146FFF769FD00284A
:104A1000E6D1337828709B0700D470BDBDE87040A4
:104A20000B490948FEF75CBE084907480122FEF71A
:104A300057FEE6E71108002001080020F4180020C6
:104A4000E81E0020EC8C000850090020C08C0008F3
:104A5000288A00080000000000000000000000009C
:104A600070B5204B204E1B783278204C43F65F7196
:104A7000203390072180A37012D401221B481C4DC3
:104A800000230321FFF72CFD01222870227068B15A
:104A900001232B7017491848BDE87040FEF720BE6F
:104AA000164915480322FEF71BFEE6E733789907FF
:104AB00012D401220D4800231146FFF711FD0028F2
:104AC000E6D1337828709B0700D470BDBDE87040F4
:104AD0000B490948FEF704BE08490748FEF700FEE7
:104AE000E7E700BF1108002001080020F4180020AB
:104AF000E81E0020FC8C000850090020C08C000833
:104B0000288A0008000000000000000000000000EB
:104B10002DE9F047594D2B789F0782B004467CD48D
:104B2000574B584F1B7843F65F7240333A80BB7047
:104B30005448002301220321FFF7D2FC002867D14B
:104B4000012C2B7834D0990700F19380DFF838A13D
:104B5000DFF83891DFF838810DF107063046FFF7AE
:104B6000C7F82B780446002B4BD0FF2C494B0BD0B9
:104B700098F80020032AF1D09DF807201978914277
:104B800002D05B789342E9D12B7843F65F723A808A
:104B90009A0763D400233B4801220221FFF7A0FCBF
:104BA0002B789B07044650D4204602B0BDE8F0871E
:104BB000980759D4DFF8D090DFF8D0800DF10706C0
:104BC00003E0013CE4B2FD2C10D83046FFF790F82A
:104BD0002B780446002BF4D1013C9DF80720494670
:104BE0004046E4B2FEF77CFDFD2CEED92A4B1B7843
:104BF000002BC9D0294B24491A782448FEF770FDB0
:104C0000C2E79DF8072051464846FEF769FDACE72C
:104C10000124204602B0BDE8F087194E20493378C0
:104C2000184F02461948FEF75BFD33782A78403367
:104C3000BB70960743F65F733B807FF579AF1949E8
:104C400012480322FEF74CFD72E7024616490F4850
:104C5000FEF746FD204602B0BDE8F08711490B483B
:104C60000222FEF73DFD95E710490848FEF738FDA2
:104C7000A0E70F490548FEF733FD67E7010800206C
:104C800011080020F4180020448D0008500900206D
:104C900003080020381900203B19002004080020D8
:104CA0000C8D0008C08C00085C8D0008308D000859
:104CB000488D000800000000000000000000000017
:104CC00001F180432DE9F047013BDFF87C8152F888
:104CD000239098F800309E074ED45C4C237803BB99
:104CE0005B4B1B78DBB15B4B5B4D1B782878032B50
:104CF00032D0002869D00126584B2E701B7873B132
:104D0000237863B13F21484603F0E6FA00284CD0EF
:104D1000002E7BD0524B1B78002B40F08980BDE8E1
:104D2000F087504B504A1B782033937098F800302E
:104D300043F65F719D07118062D400234A48464DB7
:104D400001220321FFF7CCFB23782870002BC7D06A
:104D5000404B1B78032BCCD10028CCD198F80030E5
:104D600099076BD40022012311464846FFF7B8FB90
:104D7000061E18BF0126BFE70E4615463B493346BF
:104D80004A460746FEF7ACFC002EA6DDDFF8E0A0A1
:104D9000043D0024224655F8043F5146384601346C
:104DA000FEF79EFCA642F5D197E72D4B1B78002B12
:104DB000B5D0002E3CD198F800309A07AFD5BDE8A9
:104DC000F0472C492C48FEF78BBC98F80030980728
:104DD00028D400231A4619464846FFF781FB0028CD
:104DE00089D1264B28701E7898F800309B0713D481
:104DF0000022334622481146FFF772FB06467BE746
:104E000020491D480322FEF76BFC96E71B4B1878E0
:104E1000FFF77EFE287082E7194A1B491648FEF705
:104E20005FFCE5E7184914484A46FEF759FCD0E70D
:104E3000BDE8F04715491048FEF752BC12490E482C
:104E40004A46FEF74DFC8DE70108002010080020BF
:104E50003419002003080020E81E0020000800206C
:104E60000F08002011080020F4180020788D000899
:104E7000908D0008288A00085009002002080020B0
:104E800038190020C08C0008A48D0008BC8D0008D3
:104E9000012904D113681B78652B03D070470020CB
:104EA000FFF736BE0846FFF733BE00BF0000000024
:104EB00070B5204E204C33781822403022709A076B
:104EC00082B060702AD40023012202211A48FFF721
:104ED00007FB05460DF10700FEF70AFF1923FF281F
:104EE000237000D035B11549154802B0BDE87040B7
:104EF000FEF7F6BB33789B0716D401220E48002339
:104F00001146FFF7EDFA0028EDD19DF807200D4975
:104F10000B4802B0BDE87040FEF7E2BB0A49084802
:104F20000222FEF7DDFBCEE7074905480122FEF726
:104F3000D7FBE2E701080020F4180020E08D00080C
:104F400050090020D08D0008C08C0008000000002F
:104F500070B5174C4FF400410D4601222046FBF777
:104F600067FC02206583FEF7F3F9202229462046DC
:104F7000FBF75EFCA4F5806001220221FBF758FCE0
:104F800002220C4B42831B780B4A14219B071170A1
:104F900007D40122BDE87040074800231146FFF7FF
:104FA0009FBA064906480122FEF79AFBF1E700BFC7
:104FB0000004024001080020F4180020C08C000802
:104FC0005009002000000000000000000000000068
:104FD00000291DDD1346002270B5114604461868ED
:104FE00002F09AFE83B21E2B014609D80B4DC3B2C4
:104FF000297020460A49BDE870401A46FEF770BB8A
:10500000064B08491A782046BDE87040FEF768BB99
:10501000024B05491A78FEF763BB00BF1108002058
:10502000188E0008448E0008F48D0008000000006F
:1050300000291DDD1346002270B51146044618688C
:1050400002F06AFE83B2012B014607D90B4B0C49D3
:105050001A782046BDE87040FEF742BB074DC3B248
:10506000297020460749BDE870401A46FEF738BB54
:10507000024B05491A78FEF733BB00BF0008002039
:10508000CC8E0008A48E0008748E0008000000007A
:10509000002970B5044628DD012913461ED010688A
:1050A0000021022202F038FE2B4905462046ADB20F
:1050B000FEF716FBFF2D09D8284A294915702B4603
:1050C00020462A46BDE87040FEF70ABB234B25491F
:1050D0001A782046BDE87040FEF702BB002218682F
:1050E000114602F019FE85B2E4E71C4B1E491A78FE
:1050F000FEF7F6FA1D492046FEF7F2FA1C49204653
:10510000FEF7EEFA1B492046FEF7EAFA1A49204656
:10511000FEF7E6FA19492046FEF7E2FA184920465A
:10512000FEF7DEFA17492046FEF7DAFA164920465E
:10513000FEF7D6FA15492046FEF7D2FA1449204662
:10514000FEF7CEFA13492046FEF7CAFA2046124966
:10515000BDE87040FEF7C4BA5C900008010800206A
:105160006C900008CC8E0008FC8E0008248F00088C
:10517000488F00086C8F0008A48F0008BC8F0008BF
:10518000D48F0008FC8F00080C9000081C900008C9
:105190002C9000083C9000084C9000080000000093
:1051A00000291DDD1346002270B51146044618681B
:1051B00002F0B2FD83B2012B014607D90B4B0C491B
:1051C0001A782046BDE87040FEF78ABA074DC3B290
:1051D000297020460749BDE870401A46FEF780BA9C
:1051E000024B05491A78FEF77BBA00BF0F08002072
:1051F000CC8E0008C09000089490000800000000C9
:1052000000291DDD1346002270B5114604461868BA
:1052100002F082FD83B2012B014607D90B4B0C49EA
:105220001A782046BDE87040FEF75ABA074DC3B25F
:10523000297020460749BDE870401A46FEF750BA6B
:10524000024B05491A78FEF74BBA00BF020800204E
:10525000CC8E00080C910008E890000800000000C7
:1052600000291FDD1346002270B511460446186858
:1052700002F052FD83B2032B0CD80D4DC0B2287042
:10528000FBF71EFC2B780B4920461A46BDE8704000
:10529000FEF726BA064B08491A782046BDE870404A
:1052A000FEF71EBA024B05491A78FEF719BA00BF7D
:1052B0000308002054910008CC8E000830910008AB
:1052C00000291DDD1346002270B5114604461868FA
:1052D00002F022FD83B2FF2B014609D80B4DC3B269
:1052E000297020460A49BDE870401A46FEF7F8B911
:1052F000064B08491A782046BDE87040FEF7F0B921
:10530000024B05491A78FEF7EBB900BF04080020EC
:10531000A4910008CC8E00087891000800000000DD
:1053200000291DDD1346002270B511460446186899
:1053300002F0F2FC83B2012B014607D90B4B0C495A
:105340001A782046BDE87040FEF7CAB9074DC3B2CF
:10535000297020460749BDE870401A46FEF7C0B9DB
:10536000024B05491A78FEF7BBB900BF3B19002074
:10537000CC8E0008F0910008CC91000800000000DD
:1053800000293ADD134600222DE9F0411146054679
:10539000186802F0C1FC83B21E2B04462A4B25D8A4
:1053A0001B782A4EDFF8A8802033B37098F80030BD
:1053B00043F65F729907328024D400232348254F97
:1053C00001220321FFF78CF8082338703370F8B1FD
:1053D0000123214921483B70FEF782F9A3B22846F8
:1053E0001F49BDE8F0411A46FEF77AB928461D4923
:1053F0001A78BDE8F041FEF773B9134B1A491A78D1
:10540000FEF76EB9194915480322FEF769F9D4E78A
:1054100098F800309A0711D401220C480023114655
:10542000FFF75EF80028D3D198F8003038709B075A
:10543000D4D50F490948FEF753F9CFE70B49074880
:105440000122FEF74DF9E7E711080020F4180020CB
:1054500001080020E81E00205C920008500900208E
:1054600038920008448E000814920008C08C00088E
:10547000288A000800000000000000000000000072
:10548000002920DD1346002270B511460446186835
:1054900002F042FC83B2012B01460CD8104B1B7862
:1054A000C3B9104DC3B2297020460F49BDE8704002
:1054B0001A46FEF715B90B4B0C491A782046BDE881
:1054C0007040FEF70DB9064B064A1B781278084962
:1054D000FEF706B920460749BDE87040FEF700B95F
:1054E00010080020841B0020A0920008CC8E000829
:1054F0006C920008CC920008000000000000000040
:10550000002938B520DD13460022114604461868EC
:1055100002F002FC83B2012B014607D9114B12495C
:105520001A782046BDE83840FEF7DAB80D4DC3B210
:105530001A46297020460D49FEF7D2F82B7853B150
:10554000BDE83840FFF704BD064B09491A78BDE8AD
:105550003840FEF7C5B8BDE8384006482022022191
:10556000FBF766B910080020CC8E000830930008C5
:105570000C93000800000240000000000000000042
:1055800000291ADD1346002210B51146044618689A
:1055900002F0C2FBB0F5803F0A4B024606D220461D
:1055A00009491A80BDE81040FEF79AB8204607491D
:1055B0001A88BDE81040FEF793B8024B04491A88D8
:1055C000FEF78EB8120800207C9300089C93000818
:1055D00054930008000000000000000000000000DC
:1055E000002908B509DD134600221868114602F0AB
:1055F00093FB83B21E2B06D908BD054B1878BDE876
:105600000840FFF755BCBDE80840C0B2FFF750BCEA
:105610001108002000000000000000000000000051
:1056200000291DDD1346002270B511460446186896
:1056300002F072FB83B2FF2B014609D80B4DC3B2B7
:10564000297020460A49BDE870401A46FEF748B85E
:10565000064B08491A782046BDE87040FEF740B86E
:10566000024B05491A78FEF73BB800BFD41B002057
:10567000E8930008CC8E0008C893000800000000E2
:1056800070B52B4D00292B780BDD94460022114676
:105690000446DCF8000002F03FFB82B21E2A33D839
:1056A000C3B2244E244C327843F65F7120332180FC
:1056B0009107A37022D400231F48204D012203210B
:1056C000FEF70EFF08232870237038B101232B70DA
:1056D000BDE870401A491B48FEF702B833789A07B4
:1056E00019D40122144800231146FEF7F9FE0028C0
:1056F000ECD1337828709B0713D470BD1249114840
:105700000322FDF7EDFFD6E72A7810492046BDE8D1
:105710007040FDF7E5BF0C490A480122FDF7E0FFA4
:10572000DFE7BDE870400A490648FDF7D9BF00BF72
:105730001108002001080020F4180020E81E0020B5
:10574000DC8C000850090020C08C0008CC8E0008BA
:10575000288A00080000000000000000000000008F
:10576000F8B50C1E054605DC28461C49BDE8F84086
:10577000FDF7B6BF164600223068114602F0CCFA9B
:10578000012CC7B21CD000227068114602F0C4FA86
:10579000012F0446E8D1124D12491348FDF7A0FF2E
:1057A0003A46FF212846FBF743F8230483F07F4362
:1057B00083F47F0303F47F03E4B22343AB61F8BDBA
:1057C000012FD1D107490848FDF78AFFBDE8F8400D
:1057D00003482022FF21FBF72BB800BF14940008D8
:1057E0000004024038940008500900200000000026
:1057F000704700BF00000000000000000000000033
:10580000704700BF00000000000000000000000022
:10581000FEE700BF000000000000000000000000E4
:10582000F8B5154D154F16491648174A05F170047D
:1058300081420DD9043A034652F8046F43F8046BD1
:105840009942F9D84B1E1B1A23F003030433184462
:10585000874207D97A1E121A22F00302043200216D
:1058600002F06CFAA54205D0D5E90420D5E9061767
:105870001035DDE7F8BD00BFE09B000824200020C4
:105880002420002024200020FC9F000800000000AD
:1058900008B5064BD3E923210A4303D10122C3F8FB
:1058A000902008BD0248FBF78BFA00BFC80E00200D
:1058B000E08300080000000000000000000000007D
:1058C00008B5074BD3F88C2032B9D3F890100029D3
:1058D00002DDC3F8902008BD0248FBF771FA00BF53
:1058E000C80E002000840008000000000000000036
:1058F00008B5FFF7E5FF084B1A689A4203D1002369
:1059000083F3118808BDD96893688A689A42F6D2F1
:105910000248FBF755FA00BFC80E0020F4950008B6
:1059200038B5334CB4F8943013F0040545D0302327
:1059300083F31188D4F88C30002B52DBD4F89020FC
:10594000002A4ED10133C4F88C3082F31188294AE1
:10595000536903F001035361C3B9302181F3118806
:10596000D4F88C30002B3FDDD4F89020002A3BD1B6
:10597000013BC4F88C3082F31188B4F8943013F0F2
:1059800004050AD0BDE83840FBF772B81A4A13681C
:10599000002BE2D050689847DFE781F31188D4F8F4
:1059A0009830164A9A6004211970FBF7E9F985F3DB
:1059B0001188BDE83840FBF75BB8302383F31188CA
:1059C000D4F898300D4A9A6003211970FBF7D8F982
:1059D00085F31188302383F31188D4F88C30002BA1
:1059E000ACDA0748FBF7ECF90648FBF7E9F900BF2A
:1059F000C80E0020003C0140400E00200C9A000818
:105A00004C940008549400080000000000000000BE
:105A100038B5334CB4F8943013F0040545D0302336
:105A200083F31188D4F88C30002B52DBD4F890200B
:105A3000002A4ED10133C4F88C3082F31188294AF0
:105A4000536903F002035361C3B9302181F3118814
:105A5000D4F88C30002B3FDDD4F89020002A3BD1C5
:105A6000013BC4F88C3082F31188B4F8943013F001
:105A700004050AD0BDE83840FAF7FABF1A4A93681D
:105A8000002BE2D0D0689847DFE781F31188D4F883
:105A90009830164A9A6004211970FBF771F985F362
:105AA0001188BDE83840FAF7E3BF302383F311884B
:105AB000D4F898300D4A9A6003211970FBF760F909
:105AC00085F31188302383F31188D4F88C30002BB0
:105AD000ACDA0748FBF774F90648FBF771F900BF29
:105AE000C80E0020003C0140400E0020DC99000858
:105AF0004C940008549400080000000000000000CE
:105B000038B5334CB4F8943013F0040545D0302345
:105B100083F31188D4F88C30002B52DBD4F890201A
:105B2000002A4ED10133C4F88C3082F31188294AFF
:105B3000536903F004035361C3B9302181F3118821
:105B4000D4F88C30002B3FDDD4F89020002A3BD1D4
:105B5000013BC4F88C3082F31188B4F8943013F010
:105B600004050AD0BDE83840FAF782BF1A4A136923
:105B7000002BE2D050699847DFE781F31188D4F811
:105B80009830164A9A6004211970FBF7F9F885F3EA
:105B90001188BDE83840FAF76BBF302383F31188D2
:105BA000D4F898300D4A9A6003211970FBF7E8F891
:105BB00085F31188302383F31188D4F88C30002BBF
:105BC000ACDA0748FBF7FCF80648FBF7F9F800BF2A
:105BD000C80E0020003C0140400E002088990008BB
:105BE0004C940008549400080000000000000000DD
:105BF00038B5334CB4F8943013F0040545D0302355
:105C000083F31188D4F88C30002B52DBD4F8902029
:105C1000002A4ED10133C4F88C3082F31188294A0E
:105C2000536903F008035361C3B9302181F311882C
:105C3000D4F88C30002B3FDDD4F89020002A3BD1E3
:105C4000013BC4F88C3082F31188B4F8943013F01F
:105C500004050AD0BDE83840FAF70ABF1A4A93692A
:105C6000002BE2D0D0699847DFE781F31188D4F8A0
:105C70009830164A9A6004211970FBF781F885F371
:105C80001188BDE83840FAF7F3BE302383F311885A
:105C9000D4F898300D4A9A6003211970FBF770F818
:105CA00085F31188302383F31188D4F88C30002BCE
:105CB000ACDA0748FBF784F80648FBF781F800BF29
:105CC000C80E0020003C0140400E00203099000822
:105CD0004C940008549400080000000000000000EC
:105CE00038B5334CB4F8943013F0040545D0302364
:105CF00083F31188D4F88C30002B52DBD4F8902039
:105D0000002A4ED10133C4F88C3082F31188294A1D
:105D1000536903F010035361C3B9302181F3118833
:105D2000D4F88C30002B3FDDD4F89020002A3BD1F2
:105D3000013BC4F88C3082F31188B4F8943013F02E
:105D400004050AD0BDE83840FAF792BE1A4A136A31
:105D5000002BE2D0506A9847DFE781F31188D4F82E
:105D60009830164A9A6004211970FBF709F885F3F8
:105D70001188BDE83840FAF77BBE302383F31188E1
:105D8000D4F898300D4A9A6003211970FAF7F8FF99
:105D900085F31188302383F31188D4F88C30002BDD
:105DA000ACDA0748FBF70CF80648FBF709F800BF28
:105DB000C80E0020003C0140400E0020DC98000886
:105DC0004C940008549400080000000000000000FB
:105DD00038B5414CB4F8943013F0040562D0302348
:105DE00083F31188D4F88C30002B6FDBD4F890202B
:105DF000002A6BD10133C4F88C3082F31188374B01
:105E00005D6905F478725A61AB0604D5344A936A29
:105E10000BB1D06A9847680604D5314A136B0BB1B1
:105E2000506B9847290604D52D4A936B0BB1D06B64
:105E30009847EA0504D52A4A136C0BB1506C984771
:105E4000AB0518D4302181F31188D4F88C30002BA5
:105E50003FDDD4F89020002A3BD1013BC4F88C30C0
:105E600082F31188B4F8943013F004050AD0BDE829
:105E70003840FAF7FDBD1A4A936C002BE2D0D06C83
:105E80009847DFE781F31188D4F89830154A9A6073
:105E900004211970FAF774FF85F31188BDE83840C2
:105EA000FAF7E6BD302383F31188D4F898300D4A11
:105EB0009A6003211970FAF763FF85F31188302384
:105EC00083F31188D4F88C30002B8FDA0648FAF768
:105ED00077FF0648FAF774FFC80E0020003C014027
:105EE000400E0020749800084C9400085494000858
:105EF00038B5454CB4F8943013F0040569D030231C
:105F000083F31188D4F88C30002B76DBD4F8902002
:105F1000002A72D10133C4F88C3082F311883B4BD4
:105F20005D6905F47C425A616A0504D5384A136DEF
:105F30000BB1506D98472B0504D5354A936D0BB1C5
:105F4000D06D9847E80404D5314A136E0BB1506EFA
:105F50009847A90404D52E4A936E0BB1D06E98478A
:105F60006A0404D52A4A136F0BB1506F98472B046B
:105F700018D4302181F31188D4F88C30002B3FDD08
:105F8000D4F89020002A3BD1013BC4F88C3082F336
:105F90001188B4F8943013F004050AD0BDE83840F5
:105FA000FAF766BD1A4A936F002BE2D0D06F98477C
:105FB000DFE781F31188D4F89830164A9A600421FB
:105FC0001970FAF7DDFE85F31188BDE83840FAF75D
:105FD0004FBD302383F31188D4F898300D4A9A606E
:105FE00003211970FAF7CCFE85F31188302383F36F
:105FF0001188D4F88C30002B88DA0748FAF7E0FED5
:106000000648FAF7DDFE00BFC80E0020003C014044
:10601000400E0020089800084C9400085494000892
:106020002DE9F84F7A4CB4F8943013F0040535D0CC
:10603000302181F31188D4F88C30002B42DBD4F866
:106040009020002A3ED10133C4F88C3082F31188AD
:106050004FF080452B69EA681340DAB2D2439B07C0
:106060002A6132D4302181F31188D4F88C30002B8E
:1060700040F39380D4F89020002A40F08E80013BBA
:10608000C4F88C3082F31188B4F8943013F004050E
:1060900000F08680BDE8F84FFAF7EABC302383F3BE
:1060A0001188D4F898305B4A9A6003211970FAF786
:1060B00067FE85F31188302181F31188D4F88C3084
:1060C000002BBCDA5448FAF77BFE81F31188D4F830
:1060D0008C30002B74DDD4F890A0BAF1000F6FD192
:1060E0000123DFF838B1C4F89030D0464FF03009C2
:1060F0002669686AE769B268C11B914266D3174492
:10610000D6E90032E76113605A60C6F800A023693F
:106110005B4508BFC5F80CA0D4F88C30002B52DDCD
:10612000D4F89030002B4EDDC4F890A088F311888D
:10613000D6E903313046984789F31188D4F88C307A
:10614000002B3DDDD4F89030002B39D1736901224A
:10615000C4F89020002BCBD0696ACA1B93424BD362
:10616000206958454ED08268934209D9B04202D185
:1061700045E0864243D000689B1A82689342F8D873
:10618000B36082683060D21A436873601E604FF05B
:10619000FF33C0E90162A361A8E72148FAF710FEC6
:1061A00081F31188D4F898301A4A9A600421197042
:1061B000FAF7E6FD85F31188BDE8F84FFAF758BC09
:1061C0001848FAF7FDFD1848FAF7FAFD5E4505D0C4
:1061D000121AD119E061B160FBF75AF8D4F88C308B
:1061E000002BF0DDD4F89030002BECDD0023C4F858
:1061F000903083F3118835E70C48FAF7E1FD0C483D
:10620000FAF7DEFD5B1ADA193046FBF731FCE5E7F9
:10621000C80E0020089700084C940008D80E0020F3
:1062200054940008D8830008E883000854970008B5
:106230003C99000800000000000000000000000081
:1062400038B53A4CB4F8943013F0040554D03023E8
:1062500083F31188D4F88C30002B61DBD4F89000E4
:1062600000285DD10133C4F88C3080F31188304DA3
:10627000EA681369D1680B40D9B2C943DB071161E1
:1062800018D4302181F31188D4F88C30002B4ADDEA
:10629000D4F89020002A46D1013BC4F88C3082F318
:1062A0001188B4F8943013F0040515D0BDE83840D7
:1062B000FAF7DEBB2B78042B07D102232B7010607A
:1062C0001061D36823F0FF03D3606B685B68002B19
:1062D000D7D017489847D4E781F31188D4F898307D
:1062E000144A9A6004211970FAF74AFD85F311885F
:1062F000BDE83840FAF7BCBB302383F31188D4F8EB
:1063000098300C4A9A6003211970FAF739FD85F329
:106310001188302383F31188D4F88C30002B9DDA58
:106320000548FAF74DFD0548FAF74AFDC80E00206A
:10633000400900200C9600084C9400085494000872
:106340002DE9F84FDFF8B882B8F8943013F0040460
:1063500000F05E81302383F31188D8F88C30002B55
:10636000C0F26B81D8F89020002A40F0668101339A
:10637000C8F88C3082F31188A24E746D6769A369E6
:106380001F4017F48059676140F08E81002F5ADB5F
:106390003B0500F11081BD040CD5D4F8083813F08A
:1063A000060FE36823F470530CBF43F4105343F417
:1063B000A053E360380704D57368DB680BB19148DC
:1063C0009847F90200F18280BA0200F1C980FB0609
:1063D00056D43803D4F818480BD5E10300F1D48122
:1063E000A20300F1D781630300F1DA81260300F1F3
:1063F00027817D030BD5E00700F1D681A10700F1CD
:10640000D981620700F1DC81230700F1208130216E
:1064100081F31188D8F88C30002B40F3B281D8F882
:106420009020002A40F0AD81013BC8F88C3082F307
:106430001188B8F8943013F0040400F0D180BDE85E
:10644000F84FFAF715BBD4F8003E9A0705D0D4F8F8
:10645000003E23F00303C4F8003E96F8503033703A
:1064600073681A68D4F8043823F00103C4F80438B8
:10647000002A8DD06348052190473B058BD59AE0D3
:10648000756D2B6A03F4F012B2F5802FC3F30A1175
:1064900003F00F0300F0DF80B2F5402F99D106EB37
:1064A0008303DB681A6A002993D005F58055002321
:1064B00048469E0708BF2868072B03F101039CBFCD
:1064C00002F8010B000A9942F3D182E74FF0000C69
:1064D000D6F854A0DFF830B14A486546012207E0FB
:1064E000B36D01359B68EDB29D42AC463FF66CAF93
:1064F0000AEB4511D1F8003903F44023B3F5802F9E
:10650000EED1D1F80039002BEADAD1F8003943F0A6
:106510009043C1F80039D1F80039002BFBDB716DD5
:106520004FEA8C1C4CF020030B610B699B06FCD4DA
:10653000DBF80410DBF804305B1A112BFAD906EBF8
:1065400085033189DB6802FA05FC9B6821EA0C01AE
:106550003181002BC4D0294698472A480122BFE741
:10656000D6F854A0274800254FF0010B06E0B36D84
:1065700001359B68EDB29D423FF629AF0AEB45120B
:10658000D2F8003B03F44023B3F5802FEFD1D2F8CB
:10659000003B002BEBDA06EB85030BFA05F1DB6819
:1065A000DA68738923EA01037381002ADFD0294660
:1065B00090471448DBE7D6E91501FAF721FC337858
:1065C00086F850300522736832701B6813B10D488D
:1065D000042198470023BD04B3607FF5EBAEDCE6F1
:1065E00081F31188D8F89830084A9A60042119700C
:1065F000FAF7C6FB84F31188BDE8F84FFAF738BA0A
:10660000C80E0020E00D0020001000E014980008E3
:10661000302383F31188D8F898306D4A9A600321AB
:106620001970FAF7ADFB84F31188302383F31188D6
:10663000D8F88C30002BBFF695AE6648FAF7C0FB51
:106640000320FBF7C5F87D037FF5E1AED3E6032019
:10665000FBF71EF8DBE6981C06EB80035B689B6982
:10666000D3E9002AA2EB0A0C9A68C1B105F580555E
:10667000AE4600234D4613F0030F08BFDEF800506E
:106680009C4503F1010384BF02F8015B2D0A994286
:10669000F1D106EB800673689B69D3E901A20A4435
:1066A0005144C3E9011294E6022333702023C6E962
:1066B0000422F264B26186F83420B2602361236957
:1066C00013F02003FBD1444948684A68121A112A82
:1066D000FBD9B56D0022C4F83428AF684FF0011221
:1066E000C4F81C284FF000604FF0FF3104EB431258
:1066F0009F42C2F8000903F10103C2F8000BC2F87F
:106700000819C2F8081BF1D12868606210232361C0
:106710002369D906FCD4304A516853685B1A112B9F
:10672000FBD9D4F800386D6823F4FE63C4F8003850
:10673000A36943F44023092243F01003A361C4F882
:106740001028C4F81428254A254BF26000214FF088
:10675000C042C4F8102BC4F8003BC4F81019C4F8A8
:10676000003900F11003AB42F3652DD873681B6844
:1067700040F48010A062002B3FF449AE19489847BE
:1067800045E61948FAF71CFB0020FBF721F8A203A5
:106790007FF529AE0120FBF71BF863037FF526AEDA
:1067A0000220FBF715F821E60020FAF771FFA10798
:1067B0007FF527AE0120FAF76BFF62077FF524AE65
:1067C0000220FAF765FF1FE60848FAF7F9FA00BF5A
:1067D000149800084C940008001000E0549B000836
:1067E00040800010E00D002054940008349600080A
:1067F0006C4B6D4A196941F01F012DE9F04F196189
:1068000019696A4EDFF8A8916A4D6B4CDFF8AC81CC
:10681000DFF8ACA121F01F0119611969196B41F072
:106820001F011963196D41F01F0119654FF4807143
:10683000186D51606FF0500191606249D1604FF660
:10684000FF776149576111624FF42A2151625F4914
:1068500011605F485F4900224FF0FF3C4FF0800B12
:1068600072604FF0553EC6F808C0C6F80C907761CC
:1068700009F1FB0932627262C6F800B04FF080661F
:106880006A60C5F808C0C5F80CA06F612A626A6228
:106890002E606260C4F808C0C4F80CE06761226230
:1068A000626222604260C0F808C0C0F80CE0476134
:1068B0000262426202604A604FF08050C1F808C034
:1068C000C1F80C904F610A624A620A604FF40042BC
:1068D0001864C8F800201A6842F001021A601A68A9
:1068E0009407FCD599682F4A21F0030199609368B9
:1068F00013F00C03FBD110682A4900F0F900106076
:106900009360136843F4803313600B689803FCD5DD
:106910004B6F244A43F001034B67536F9907FCD533
:106920002D4B53601368254943F0807313604B6807
:106930005A04FCD51B4A13689B01FCD5274B2848F9
:1069400090600321C2F88C101A68264B9A421ED020
:10695000254B40F202721A60234A136803F00F03BA
:10696000022BFAD10F4A936843F0020393609368B5
:1069700003F00C03082BFAD1536C43F480435364A7
:10698000536E43F480435366536EBDE8F08F174A4D
:10699000174B12689A42DBD1134B4FF481721A6085
:1069A000DAE700BF00380240000002400004024065
:1069B0005554555500080240000C0240007000403C
:1069C000555555010500156400775055A0A9802A3A
:1069D00000100240001C024019544107002004E04E
:1069E0000010883811640020003C024000ED00E0F7
:1069F00041C20F4100000000000000000000000044
:106A000070B5194C2668E0683368236001225C6029
:106A100086F82820E660FAF7B3FCB4F894309B07B8
:106A200005460BD5EFF309832A6A243B9A4218D80E
:106A300029463046BDE87040F9F752BC90F828303E
:106A4000D4F89820C16AD160DB0043F002031370D0
:106A50009660FAF795F9EFF309832A6A243B9A4284
:106A6000E6D90248FAF7ACF9C80E0020F083000816
:106A700070B5334C3022E56882F31188D4E92321C4
:106A800011434ED10346286C0122C4F890200028FF
:106A900044D08268AA4241D198423FD11E68DA6848
:106AA0002A64B3422FD0686C4AB111688A4203D07D
:106AB0008968884238BF0846D268002AF5D1A860A4
:106AC0001868016C02681A605360C3E9020103642C
:106AD000FBF7F6F8D4F88C3033BBD4F89030002BA9
:106AE00022DD2268E36892689B689A420CD9FFF71E
:106AF00087FFD4F88C301BB9D4F89030002B03DC1E
:106B00001048FAF75DF9816023680022A342C4F8B7
:106B100090200CD1002383F3118870BD0A48FAF746
:106B20004FF90A48FAF74CF90948FAF749F9E268C7
:106B30009B6892689A42EDD20648FAF741F900BF85
:106B4000C80E002000840008A8960008E083000812
:106B5000C8830008F498000800000000000000004E
:106B6000F8B5302383F31188704CD4E923321343F2
:106B700034D10122C4F8902090F82A208AB3013A37
:106B800080F82A20826A02F0FF120F2A08D02268B9
:106B9000C4F89030A24227D1002383F31188F8BDB6
:106BA000D0E904210A6051602268C4F89030A24202
:106BB00040F09780002383F3118890F8293003F088
:106BC0000303012B33D0022BE9D1816C026A3023FD
:106BD00083F31188D4E9233003430DD05448FAF7E6
:106BE000EFF85448FAF7ECF8E16893688A689A423B
:106BF000D2D25148FAF7E4F80123C4F890300029C2
:106C000076D0002A74D08B68013B134070D108689D
:106C1000106020680A60A042C4F89030BCD0E268DE
:106C2000836892689A42B7D24448FAF7C9F8066A6C
:106C3000002E53D0720751D156E902520732D208C2
:106C400046F8042C05F11407302282F31188D4E9A8
:106C500023210A43C2D13846C4F89030FCF760FCC7
:106C6000D4F88C30002B55D1D4F89020002A51DD77
:106C7000C4F890302368A3424FD1A6F1080105F172
:106C80000C04002383F311882346994220D29C42AE
:106C90001A6801D0994219D90AB1914216D246F820
:106CA000082C56F8042C196056F8080C013201EB38
:106CB000C204A04226D05868421C03EBC202914293
:106CC00019D03846BDE8F840FFF7D2BE1346DCE7DE
:106CD0005A68013203EBC2029142D8D21848FAF73F
:106CE0006FF8E16893688A689A42BFF463AF80E7FF
:106CF0001448FAF765F856E9021201320244C3E972
:106D00000012DEE744681444026846F8044C46F872
:106D1000082CD0E70C48FAF753F8E2689B689268B1
:106D20009A42AAD20948FAF74BF800BFC80E0020D1
:106D3000E083000888970008AC97000830980008A6
:106D4000D4960008E096000800840008F498000833
:106D50002DE9F047302306460F4683F311885A4C3D
:106D6000FEF796FDA56AAB7E0133AB76FEF7A8FD74
:106D70002368A34240F09380A5F11000002383F321
:106D80001188DFF848914FF030084FF0010A036A8C
:106D90009E4200F08E8088F31188D4E923352B437E
:106DA00019D10269C4F890A04A4517D0937EFF2BF1
:106DB000A2F1100568D00133937623680022A34224
:106DC000C4F8902063D1002383F31188FFF7C8FE35
:106DD00035B12846DBE73E48F9F7F2FF1D46ECE700
:106DE0004FF4B8725521304600F0A8FF302383F3EA
:106DF0001188FEF74DFDC6F8FC70364FC6F83C71A1
:106E000006F5B877C6F84471334BE16AC6F81C3111
:106E100006F1FC078023C6F82C710227C6F828313A
:106E2000C6F8643106F5987206F5AA73A6F848719B
:106E300006F5A8700127C6E95755C6F83091C6F87F
:106E40004061C6F80051C6F83841C6F8341186F8DA
:106E50004A710A60C6E95533C6F8500106F59070CC
:106E6000E262FCF7DDFBD4F88C30FBB9D4F890304B
:106E7000002B1BDD2368C4F89050A3421CD10023D3
:106E800083F31188BDE8F0871448F9F799FF9A68F1
:106E9000E3689B68934296D21148F9F791FFE26844
:106EA0009B6892689A42BFF467AFF5E70D48F9F71F
:106EB00087FF0D48F9F784FFE2689B6892689A4261
:106EC000DDD20A48F9F77CFFC80E0020F00E002042
:106ED000E08300085C940008F1020008D8950008DF
:106EE0009C9600080084000898970008AC9700085A
:106EF000744C754B754DDFF8D881DFF8D8912DE9CA
:106F0000804804F1200604F1180703F12001C4E9C8
:106F10000031C4E90233C4E90677C4E908660022F7
:106F2000DFF8B4B1226183B02275302383F3118876
:106F3000D5E92332134368D10123C5F89030237D6E
:106F4000F3B9D5F88C20002A62DBD5F89030002BFD
:106F50005EDD2369002B6CD1D5F80CA0616ACAF8FC
:106F60000060CAF80410C1F800A0C4F824A0002AE8
:106F700054D10420FBF7F4FDDAF82C30002BDED0DE
:106F8000D5F88C30002B7FD1D5F89030002B7BDDED
:106F90002B680022AB42C5F8902042D1002383F336
:106FA000118898F8002082B1019B02EA2362012A2D
:106FB0000BD1BDF80430022B7BD0032B74D0012BF6
:106FC0006DD046494846FCF78BFB302383F311888C
:106FD000D5E92332134318D101234FF4FA71082065
:106FE000C5F89030FBF714FED5F88C30002B4BD150
:106FF000D5F89020002A47DDC5F890302B68AB42C9
:1070000045D1002383F311888FE73548F9F7D8FE7F
:107010003448F9F7D5FEEB68002A2DD03248F9F74D
:10702000CFFEEA689B6892689A42B7D22F48F9F778
:10703000C7FEE168081D096801916168E060884247
:10704000A06924BF2168E160013BB8422361E2D01E
:107050000368A3615F6090F82830042B2ED10023D1
:10706000C362FAF72DFED5F88C20EB68002AD5D143
:10707000D5F89020002AD1DD2A689B6892689A4250
:1070800086D9FFF7BDFC7BE71948F9F799FEEA6856
:107090009B6892689A42B4D21648F9F791FE164955
:1070A0004846FCF71DFB90E714494846FCF718FBDF
:1070B0008BE759464846FCF713FB86E71048F9F77B
:1070C0007FFE00BF881B0020B01B0020C80E0020E0
:1070D00001080020500900207494000894940008CE
:1070E000E0830008D0830008C8830008F4990008F2
:1070F00000840008AC970008649400088494000899
:10710000C49500080000000000000000000000001E
:1071100008B5302383F31188064BD3E923210A43B2
:1071200004D10122C3F89020FCF7C2F90248F9F714
:1071300047FE00BFC80E0020E083000800000000EA
:10714000EFF30983203383F30988002383F3118845
:10715000704700BF000000000000000000000000B9
:10716000BE4BBF481A6962F01F022DE980481A61C0
:107170001A6902F01F021A614FF0FF341A695A6946
:107180005C6100215A6959615A691A6A62F0805239
:107190001A621A6A02F080521A621A6A5A6A5C62A9
:1071A0005A6A59625A6A1A6C42F080521A641A6E0C
:1071B00042F080521A661A6E026842F480720260CF
:1071C0001A6F02F44072B2F5007F8DB003D04FF415
:1071D00080321A671967A24CA24A6168A24E6023E6
:1071E000402021F40071616082F806334FF4807111
:1071F000C2F88001802410604FF4007082F80733D9
:10720000C2F88041146082F808334FF48064C2F8F9
:107210008011116082F80933C2F8800110604FF4C8
:10722000000082F80A33C2F88041146082F81733F4
:107230004FF08054C2F88001106082F8283370202B
:10724000C2F8841151604FF0804182F81C0333462C
:10725000C2F88041146082F81E03C2F880111160E8
:1072600006F180010022C3E9002208338B42FAD1E3
:10727000DFF8F8817E4BDFF8FC91C8F80C30012173
:1072800003F50C3388F8001089F80010186CC8F862
:1072900004200843C9E90122C9F81C20C9F82820A4
:1072A000C9F82020C9F82C20C9F82420C9F83020BA
:1072B0001864186E704C714F084318661B6EA368F3
:1072C0000B43A3606E4CC9F858404FF080434FF019
:1072D000A044C9F854404FF0FF3042F2CF04BA60E6
:1072E0009C62D8629A615A63DA605A605961196087
:1072F00039700023CDE90602CDE908220022CDE94C
:107300000A23042406A8F9F783FBF9F789FB013C5B
:10731000F8D15C495C4A5D48DFF874A15D4B5E4D75
:10732000CAF80410C0E90012521ACAF808205B4AD1
:107330001A629A630AF11402CAE905220422DA6188
:107340005A63069ABA60564ACAF80020554AAA6398
:1073500003F110021A6114229A6103F124025A62A5
:1073600003F128029A621C221A6303F13C02DA63D9
:1073700003F140021A6403F14402C3E900339C6044
:107380005C61DC62CAE90344CAF81C407D602C637E
:107390005A64302181F3118862B6C5E90154424B29
:1073A0006C63EC61C5F88C40D868404A4FF6FF0C1E
:1073B00000EA0C000243DA60D3F8FC203C4842F0BB
:1073C0008072C3F8FC2002684FF0200C42F00102EA
:1073D000026083F81FC083F822104FF080432D60B5
:1073E000596A05F11003C5E90433324BC5F89430EE
:1073F0004FF0FF33AB610123C5F8903005F19C03DA
:10740000C5F898300A462346C5E90823C5F88840E0
:1074100005EB0413013493F89C20802C6FF30202D7
:1074200083F89C20F4D1244B24486C640022C5E9E5
:107430001E220B9203F12402C5E90A2203F148023D
:10744000C5E91C220122C5E91333A5F8642085F89B
:107450006620099203F14402143331E000380240FF
:107460000070004000E100E0400E002040090020D4
:1074700000080040E00D0020002004E0E818002093
:10748000C09B00082820002000000120E0180020F8
:107490001019002098180020C80E0020411500087F
:1074A000B11400083C9A000800ED00E00003FA0562
:1074B000001000E0E0FF8000F00E002068170020C0
:1074C000EB6000F598730893C14BAB65C14BEB655E
:1074D000C14B2B66C14BEA6655214FF49872069357
:1074E000BF4B0A93C5F880406D65079000F026FCFD
:1074F00006A8F9F775FFD5F88C20002AC0F2A28102
:10750000D5F89020002A40F39D81002800F09D814D
:10751000FAF7D6FB02233B70FEF7D2F92B68AB4299
:1075200040F0F281002787F31188AE4CAE4801226B
:107530004FF40051F9F77CF9204601221021F9F7A8
:1075400077F91023638320220121F9F771F94FF0B5
:10755000300B8BF31188FEF79BF90220FAF798F9AC
:10756000FEF7C6F98BF31188FEF792F99F4CA04BFA
:1075700077603360FEF7BCF923469E4A43F8042B3C
:10758000636004F52173C4E915336362A3660123C4
:107590002372237584F84C3004F17C03C4E907336B
:1075A000236304F10C03C4E903334FF48273A36231
:1075B000236604F14403C4E911338F4BE3638F4B1B
:1075C0006367022604F28C43A761C4E90D77C4E91E
:1075D0001B772464A467E66226656666E3658BF321
:1075E0001188FEF755F9237A013B012B00F29581B2
:1075F000834BC9F82040C9F82C40C9F81C40C4F896
:107600008C342672FEF75CF92B68AB4240F0968111
:10761000002686F31188D9F85420936B23F40023B5
:10762000936343F69820FBF793FE302383F311888E
:10763000FEF72EF999F800305A1E012A00F27B81DC
:10764000704AC9F80420012BC9E90366C9E9056637
:1076500000F0FE80022389F80030FEF731F92B6834
:10766000AB4240F093814FF0000B8BF31188D9F8B7
:107670005420654E936B366043F4002393633023AC
:1076800083F31188FEF704F9D5F88C30EF685B4579
:10769000C0F2D880D5F890305B4540F3D380336892
:1076A000019301AB3360012303934FF0FF33059344
:1076B000CDF810B00297FEF703F92B68AB4240F00B
:1076C0007181002383F3118850495148FFF740FB33
:1076D000302383F31188FEF7DBF898F800305A1E48
:1076E000012A00F25C814B4AC8F80420012B00F00B
:1076F0003481D8F8081042F21072B1FBF2F3013B6A
:107700009BB203FB0222914240F05481D8F80C2036
:10771000D5F88C0000211160516093620223116141
:1077200088F80030D160002840F00281D5F8903010
:10773000002B40F3FD802B68C5F89000AB4240F071
:107740003C81002383F31188F9F71AFA324B187839
:10775000F9F7B6F9314B1B78002B40F0FB8030492C
:107760003048DFF8C480FFF7F3FA002640F6E80956
:10777000D4F88C341B681B78042B40F0C080002E9A
:1077800000F02B81EF68302383F31188D5E9233291
:10779000134340F0DC80FB6B012113EA0102C5F8C2
:1077A000901000F0BD8023EA0203FB63D5F88C3013
:1077B000002B40F0BD80D5F89020002A40F3B8801F
:1077C000C5F890302B68AB4240F000812EE000BF3E
:1077D000509A00080004002000080020B09400081F
:1077E000010A000800000240000802405009002081
:1077F000711B0008909D0008C1210008711000084D
:10780000609C0008849C0008D01B0020C133000845
:10781000781D0020CC9B00080308002010080020E1
:10782000F16E0008081C002024190020002787F3AF
:10783000118896F828300F2B9AD13046FFF790F92F
:107840003E4695E78F48F9F7BBFA8F48F9F7B8FA43
:107850008E4BD9F854005A6B8D4F8E4942F08002FE
:107860005A635A6D42F080025A655A6D5A6942F065
:1078700080025A615A6922F080025A615B69864B24
:1078800008224FF0E00C83F843C3C3F888219A60C4
:10789000C023C760C0F80018C0F8006E03604FF442
:1078A000341383630369002BFCDA7C4A01230361F0
:1078B000516853685B1A0B2BFBD90369DF07FCD4B3
:1078C000764A516853685B1A112BFBD90369002B68
:1078D000FCDA0026D9F858108660F9F791FA704B57
:1078E000C0F81068C0F81468C0F81C6883614FF0D5
:1078F000FF334361836843F001038360AAE642F2E9
:107900001070FBF725FD33E7EA689B6892689A429E
:10791000BFF408AE6348F9F753FA6348F9F750FA31
:10792000F9620A20FBF71CF9FB6B03F001023AE74E
:107930005E48F9F745FA5E48F9F742FAEA689B684B
:1079400092689A42BFF464AE5A48F9F739FA5A4835
:10795000F9F736FAFDF7FCFA01E74C4B574AC8F83D
:1079600008201A6C42F004021A641A6E42F00402F3
:107970001A661A6E1A6A42F004021A621A6A22F031
:1079800004021A621B6A42F2CF03BFE6EA689B68F0
:1079900092689A42BFF467AE4948F9F711FA49482C
:1079A000F9F70EFABA689B689A42BFF48AAE464865
:1079B000F9F706FA4548F9F703FAEA689B6892680E
:1079C0009A42BFF4BEAE4248F9F7FAF9EA689B68FA
:1079D00092689A42BFF42AAFE9E7302383F3118813
:1079E000D5E923321343B2D101234046C5F8903084
:1079F000FBF796FDD5F88C30002B99D1D5F8903057
:107A0000002B95DD2B68C5F89060AB4240F0B38049
:107A1000002383F311882F4E37463668002E5BD043
:107A2000D6F804C006F10F0121F007010CF10102A4
:107A300006EBC202A1F108039342EDD2501A484569
:107A4000EAD99E4280F0A08006F108029A1AD2106C
:107A5000B0F50F6F72600BD9C2106FF48F700244D3
:107A6000C3F8FC2801F50F613268C3F8F8283160CB
:107A70001F464FF40F625A60404647F808ABFEF7C6
:107A8000F7FF40E0D0830008E89800080038024083
:107A9000401400400300200200E100E0001000E07C
:107AA000083C30C048970008689800080084000827
:107AB00070970008FC970008E083000800BD0105EE
:107AC0002C9A0008BC990008E89900084496000820
:107AD000649900081C1900204046FEF7C9FFDAF837
:107AE0000030002B3FF44EAE082211464FF40F60D9
:107AF0009847074600283FF445AE4FF40F6340F81F
:107B000008AC40F8043C2F4B06932F4B0A932F4BA5
:107B10000B9307F50F630893384681234FF40F62E8
:107B200055210993079700F009F9302383F3118851
:107B3000D5E9233213437FF40AAF012706A8C5F81D
:107B40009070F9F74DFC80F829700646FBF768FD48
:107B5000D5F88C30002B7FF4EBAED5F89020002ABE
:107B60007FF7E6AEC5F890302B68AB421DD10023FD
:107B700083F3118806E6EA689B6892689A42BFF42C
:107B800047AF1348F9F71CF9BCF58F7F15D006F500
:107B90001063D31ADB10C6F8FC383368C6F8F8381F
:107BA00006F6F8033B60334662E7EA689B68926832
:107BB0009A42DCD20748F9F703F933683B60334651
:107BC00056E700BFB8940008713F0008689C0008A1
:107BD000F4980008B4960008012B2DE9F84F41D025
:107BE000242B1F463ED880464A488E4675461EF8CE
:107BF00001BB10F80B4014F00804F7D1BBF12D0FB6
:107C000071D0BBF12B0F08BF9EF800B06FF0004998
:107C100008BF05F1020E002B42D0102B55D0B9FB46
:107C2000F7F60025284607FB169A05E033D007FB38
:107C300000C001251EF801BBABF1300CBCF1090FEF
:107C400006D9ABF1410CBCF1190F12D8ABF1370CCE
:107C5000634517DDB5F1FF3FECD08642E6D24FF029
:107C6000FF35E7E700F064F8162303600020BDE865
:107C7000F88FABF1610CBCF1190F03D8ABF1570CC5
:107C80006345E7DC6B1C25D084B9002AEFD095BB97
:107C90001160BDE8F88FE245C9DA4FF0FF35C9E75A
:107CA000BBF1300F04D00A273B46B8E74042ECE76F
:107CB0009EF8003003F0DF03582B20D110279EF8E8
:107CC00001B03B460EF1020EA9E7BBF1300F19D00F
:107CD0001F46A4E72223C8F8003072B10EF1FF312D
:107CE00048461160D5E79EF800B04FF0004905F115
:107CF000020E01248FE78146F0E74846B7E70827E0
:107D00003B468CE79EF8000000F0DF005828D5D0F5
:107D10001F4684E7BD9D000810B4044C84461346FA
:107D2000206810BC0A466146FFF756BF380900209C
:107D3000014B1868704700BF38090020830730B531
:107D400048D0541E002A3FD0CAB2034601E0013C8D
:107D50003AD303F8012B9D07F9D1032C2DD9CDB2CD
:107D600045EA05250F2C45EA054536D9A4F1100250
:107D700022F00F0C03F1200EE6444FEA121C03F12F
:107D8000100242E9045542E9025510327245F8D119
:107D90000CF1010214F00C0F03EB021204F00F0CB3
:107DA00013D0ACF1040323F003030433134442F86B
:107DB000045B9342FBD10CF003042CB1C9B21C4408
:107DC00003F8011B9C42FBD130BD64461346002CD6
:107DD000F4D1F9E703461446BFE71A46A446E0E7A4
:107DE00084460078B8B100B58E46097872460B46D5
:107DF00019B90BE012F8013F43B19842FAD1137858
:107E0000002B14BF604600205DF804FB1CF8010F36
:107E10000028EBD1F3E7704710B50446007888B12D
:107E20008E460978A44659B172460B4602E012F814
:107E3000013F2BB18342FAD11CF8010F0028F2D187
:107E4000ACEB040010BD00BF01292DE9F0415BD966
:107E50004FF00108C64600244FF0FF35434608E0C6
:107E6000A3EB05081C464FF0010E04EB0E038B42FA
:107E700010D200EB0E0CC75C1CF80560B742EFD3C4
:107E800032D04FF001082546C646444404EB0E03A9
:107E90008B42EED30127C2F80080BE4600244FF08B
:107EA000FF363B4607E09F1B1C464FF0010E04EBDC
:107EB0000E038B4210D200EB060C10F803801CF866
:107EC0000EC0E045EFD817D001272646BE463C44F9
:107ED00004EB0E038B42EED30136681C864201D3BD
:107EE00017603046BDE8F081C6450ABF74440EF104
:107EF000010E4FF0010EB8E7BE450ABF74440EF103
:107F0000010E4FF0010ED2E701270026E8E700BF7F
:107F10002DE9F04F9246ADF21C4D05AA81460F4661
:107F2000504619461D46FFF78FFF134683460DF254
:107F3000144243F8045F9342FBD1002D00F0E0802F
:107F40006C1E06AE0AF1FF320AEB0400009612F82E
:107F5000011FAB1A013B5344824246F82130F6D14F
:107F600005995A465144504600F084F900286FD1D3
:107F70000BF1FF330393CBF10103804606460193D7
:107F800009EB060E009A1EF8043052F82330DBB1DC
:107F9000B8F1000F03D0059A9A4200D9AB1A1E44DB
:107FA0004FF000087B1B9E42EAD909EB070045F41D
:107FB000006100F0F7F907447B1B9E42E0D90020E6
:107FC0000DF21C4DBDE8F08FC3455B4638BF4346FC
:107FD000A34210D2591EF21851444A4402E0013320
:107FE000A34208D212F8010B11F801CF8445F6D054
:107FF000019A1644D3E7C345039B7AD906EB0B02DB
:108000004A440AEB0B01029602E0434515D00346B1
:1080100012F8010D11F8016D864203F1010C03F114
:10802000FF30F2D0029E634608F1010898450AD855
:10803000059B1E44A5EB0308B4E7434608F101087D
:108040009845029EF4D970460DF21C4DBDE8F08FA4
:10805000A5EB0B035B4538BF5B46013305930BF182
:10806000FF330193CBF101030026029345F400682E
:1080700009EB060E009A1EF8043052F823306BB15B
:108080001E447B1BB342F3D209EB0700414600F0CC
:1080900089F907447B1BB342EAD290E7A34514D287
:1080A000019B0BEB06020AEB03014A445B4602E02C
:1080B0000133A34209D212F8010B11F801CF844514
:1080C000F6D0029A16441E44DBE7BBF1000F12D033
:1080D0000BEB060149440AEB0B0201E053450AD0C1
:1080E00012F801CD11F8010D84451346F6D0059B19
:1080F000C6E75B4698E770460DF21C4DBDE8F08F71
:1081000006AB4FF0FF3400932AE700BF2DE9F041A2
:108110000D46097890B00446002954D06A78002AA8
:1081200000F08380AB78002B51D0E8782E680028CF
:1081300000F082802B79002B57D02846F8F700FBFF
:10814000064640F40071204600F02CF986425BD8C8
:10815000FE2E00F28680801B27184022711C684684
:10816000FFF7ECFD7EB16A1E5FFA86FC901912F8EB
:10817000013F03F03F0340336B44A91A614482423C
:1081800003F8401CF3D1013CA35D03F03F034033EF
:108190006B4413F8403C1C44A74203D239E04444EA
:1081A000A74236D314F806C00CF03F0C0CF1400384
:1081B0000DEB030C2046324629461CF8408C00F09B
:1081C00059F80028EBD1204610B0BDE8F0810078C6
:1081D00042EA014200E00C4640EA0343611C98B1C8
:1081E0009A426078F7D1013CEDE7227862B131BA6A
:1081F00001E099421ED042EA0323204614F8012FE1
:10820000002AF6D1994215D00024204610B0BDE8CE
:10821000F081BB5DB819002BF6D04FF4006100F07F
:10822000C1F80744BC42AED9EEE710B0BDE8F0415A
:1082300000F052B8C41EC6E7120442EA016242EAE4
:1082400003232178024600E02C4641EA0200651C27
:1082500002020029D8D0B3EB002F6178F4D1023CA0
:10826000B1E7014633462A46204610B0BDE8F0414A
:10827000FFF74EBE032A10B516D940EA01039B074B
:1082800024D104460B4619462046D1F800E0D0F828
:1082900000C0F44504F1040403F1040316D1043AC8
:1082A000032A20461946EED8541E9AB1421E0139BF
:1082B00001E0C3180CD012F801EF11F801CFE64528
:1082C000A4EB0203F5D0AEEB0C0010BD541EEDE79D
:1082D000184610BD104610BD11F0FF01034644D0F2
:1082E000820732D110B5046841EA012E4EEA0E4EE3
:1082F0008EEA0402A2F1013323EA0203A4F101325F
:1083000022EA0402134313F0803F0FD150F8044FC8
:1083100084EA0E0CA4F10133ACF1013223EA040328
:1083200022EA0C02134313F0803FEFD0037823B905
:1083300036E010F8013F002B32D09942F9D110BD40
:108340008A4211D09A071846CCD0184613F8012B50
:10835000002AF5D1104670479907184607D01846ED
:1083600001330278002AF7D170478207F7D10268FB
:10837000A2F1013323EA020313F0803F08D150F841
:10838000042FA2F1013323EA020313F0803FF6D059
:108390000378002BE8D010F8013F002BFBD1704789
:1083A000184610BD71B1034600EB010C01E06345B6
:1083B00006D01A46013311780029F8D1101A7047F7
:0883C000181A704708467047C7
:1083C800535623313100000053562331300000004A
:1083D8005356233600000000535623340000000093
:1083E8005356233700000000737461636B206F7667
:1083F8006572666C6F7700005356233500000000E5
:10840800626C696E6B657200286E756C6C29000071
:10841800417661696C61626C6520636F6D6D616E38
:1084280064732028616C6C206172652070726563CA
:108438006564656420627920222B2B2220616E649A
:108448002041524520636173652073656E736974BA
:10845800697665293A0A0D006164647220312D330A
:108468003020202020202054656C6C20636F6E74AF
:10847800726F6C6C657220776869636820696E73C7
:108488007472756D656E7420746F206164647265B2
:1084980073732E0A0D0000006175746F20307C31F3
:1084A80020202020202020456E61626C6520283124
:1084B80029206F722064697361626C6520283029F5
:1084C80020726561642061667465722077726974D0
:1084D800652E0A0D00000000636C72202020202009
:1084E800202020202020204973737565206465763C
:1084F80069636520636C6561722E0A0D00000000D7
:108508006465627567204E2020202020202020539B
:108518006574206C6576656C20666F722064656290
:10852800756767696E67206D657373616765732E1C
:108538000A0D000064656661756C74202020202097
:10854800202020456D756C61746573207468652002
:1085580041726475696E6F20415234383820636FF8
:108568006D6D616E642E0A0D000000006563686F12
:1085780020307C3120202020202020456E61626C34
:108588006520283129206F722064697361626C65E7
:1085980020283029206563686F696E67206F662020
:1085A800636861726163746572732072656365697B
:1085B8007665642066726F6D2055534220706F7225
:1085C800742E0A0D00000000656F6920307C312090
:1085D80020202020202020456E61626C65202831F3
:1085E80029206F722064697361626C6520283029C4
:1085F80020454F492077697468206C617374206244
:108608007974652E0A0D0000656F7320307C317C0B
:10861800327C3320202020454F53207465726D69C9
:108628006E61746F7220E2809420303A43522B4C72
:10863800462C20313A43522C20323A4C462C2033D7
:108648003A4E6F6E652E0A0D00000000656F745F6C
:1086580063686172204E2020202020456E64206FC0
:1086680066207472616E736D697373696F6E2063CF
:10867800686172616374657220415343494920639C
:108688006F64652E0A0D0000656F745F656E616228
:108698006C65204E202020456E64206F6620747221
:1086A800616E736D697373696F6E2063686172615F
:1086B8006374657220656E61626C652028312920BB
:1086C8006F722064697361626C65202830292E0AF4
:1086D8000D00000069666320202020202020202033
:1086E800202020497373756520696E746572666110
:1086F800636520636C6561722E0A0D006C6C6F20D7
:10870800202020202020202020202044697361621E
:108718006C652066726F6E742070616E656C206F78
:108728007065726174696F6E206F66207468652069
:1087380063757272656E746C7920616464726573B6
:1087480073656420696E737472756D656E742E0A34
:108758000D0000006C6F63202020202020202020A6
:10876800202020456E61626C652066726F6E7420F1
:1087780070616E656C206F7065726174696F6E20D0
:108788006F66207468652063757272656E746C79A3
:108798002061646472657373656420696E737472B2
:1087A800756D656E742E0A0D000000006C6F6E20EA
:1087B80020307C31202020202020204368616E67F3
:1087C80065206C697374656E206F6E6C79206D6FAF
:1087D800646520286F6E6C79206966206D6F64650A
:1087E800203D3D204C697374656E6572292E0A0D13
:1087F800000000006D6F646520307C31202020204F
:10880800202020303A204C697374656E65722C20E4
:10881800313A2054616C6B65722E0A0D000000001D
:1088280072656164202020202020202020202052F2
:108838006561642066726F6D20696E737472756D00
:10884800656E7420756E74696C2074696D656F75DA
:10885800742E0A0D000000007265616420656F695E
:1088680020202020202020526561642066726F6DD0
:1088780020696E737472756D656E7420756E746997
:108888006C20454F49206465746563746564206F86
:10889800722074696D656F75742E0A0D00000000F2
:1088A800726561645F746D6F5F6D73204E20205434
:1088B800696D656F75742076616C75652C20696EBD
:1088C800206D696C6C697365636F6E64732C2066C8
:1088D8006F72207265616420616E642073706F6CC2
:1088E8006C20636F6D6D616E64732E0A0D0000005D
:1088F80073706F6C6C205B4E5D202020202020520E
:10890800656164207374617475732062797465207D
:1089180062792073657269616C20706F6C6C696E26
:10892800672074686520696E737472756D656E74FE
:108938002E0A0D00737461747573205B4E5D2020E0
:1089480020202052656164206F72206368616E6721
:10895800652073746174757320627974652E0A0DCD
:108968000000000073727120202020202020202089
:108978002020205175657279207374617475732095
:108988006F6620535251206C696E652E20303A2054
:108998004E6F742061737365727465642C20313A6C
:1089A80041737365727465642E0A0D0074726720D2
:1089B8005B4E5D20202020202020204973737565A0
:1089C80020646576696365207472696767657220DB
:1089D800284745542920746F2074686520696E7390
:1089E8007472756D656E742E0A0D000076657220BE
:1089F80020202020202020202020205175657279F9
:108A08002041565234383820696E74657266616345
:108A1800652076657273696F6E2E0A0D000000007E
:108A28004F4B0A0D00000000535251204E4F542066
:108A380041737365727465640D0A000053525120C6
:108A480041737365727465640D0A000041565234AF
:108A5800383820475049422D55534220436F6E7491
:108A6800726F6C6C65722056657273696F6E203612
:108A78002E30300025730D0A0000000054696D6522
:108A88006F75743A2057616974696E6720666F72F2
:108A98002044415620746F20676F206C6F772077D1
:108AA80068696C652072656164696E670A0D00000B
:108AB8005265616420627974653A202563203078B4
:108AC800253032780A0D000054696D656F75743A67
:108AD8002057616974696E6720666F722044415639
:108AE80020746F20676F2068696768207768696CF1
:108AF800652072656164696E670A0D00454F493AE1
:108B08002025780A0D000000200900007368656CB4
:108B18006C00000043686962694F532F5254205318
:108B280068656C6C0D0A00004750494220436F6E1F
:108B38007665727465723E20000000001B5B256438
:108B4800441B5B25644300001B5B4B00257300003E
:108B580020257300746F6F206D616E7920617267D4
:108B6800756D656E74730D0A00000000203F0D0AD4
:108B78000000000068656C70000000004E4441432E
:108B88003A2578202F204E5246443A25780A0D007F
:108B980054696D656F75743A204265666F72652019
:108BA80077726974696E6720256320257820000034
:108BB80054696D656F75743A2057616974696E6799
:108BC80020666F72204E52464420746F20676F20D3
:108BD8006869676820616E64204E44414320746F61
:108BE80020676F206C6F77207768696C65207772D3
:108BF8006974696E670A0D0057726974696E672037
:108C0800636F6D6D616E6420627974653A203078A7
:108C1800253032780A0D000057726974696E672032
:108C28006461746120627974653A20256320307824
:108C3800253032780A0D000054696D656F75743AF5
:108C48002057616974696E6720666F72204E5246BC
:108C58004420746F20676F206869676820776869A7
:108C68006C652077726974696E672563000000007F
:108C7800417373657274696E6720454F490A0D0028
:108C880054696D656F75743A2057616974696E67C8
:108C980020666F72204E44414320746F20676F2016
:108CA80068696768207768696C6520777269746994
:108CB8006E670A0D000000004750494220636F6D3F
:108CC8006D616E642E206C656E3A202564200D0A55
:108CD800000000004552524F5220696E20636C72AA
:108CE8000A0D00004552524F5220696E206C6C6F7D
:108CF8000A0D00004552524F5220696E206C6F6376
:108D08000A0D00004750494220726561642E2045D3
:108D18004F493A20256420416464726573733A2090
:108D280025640D0A00000000677069625F72656162
:108D38006420656F692E2E2E0A0D00002563000041
:108D4800677069625F7265616420656F732E2E2E8D
:108D58000A0D0000677069625F7265616420656E64
:108D68006420286572726F723D25640A0D00000048
:108D780047504942204F75743A202573206C656E20
:108D88003A2025640D0A0000417267756D656E749E
:108D98002025643A2025730D0A0000006770696277
:108DA8005F777269746528293A20222573220A0D93
:108DB800000000004552524F5220696E20717565BF
:108DC80072790A0D000000005374617475733A20BB
:108DD800253032580A0D00004552524F5220696E14
:108DE8002073706F6C6C0A0D000000004368616EA0
:108DF8006765207461726765742061646472657365
:108E0800732E204E6F773A2025640D0A000000006B
:108E1800746172676574206164647265737320633A
:108E280068616E67656420746F3A20253064206F2E
:108E38007220307825303258200D0A00496E76614C
:108E48006C696420696E737472756D656E742061E7
:108E58006464726573732C207374696C6C3A203087
:108E68007825303258200D0A00000000456E6162F6
:108E78006C65205265616420616674657220577262
:108E88006974652E2043757272656E7420736574FB
:108E980074696E673A2025640D0A00004175746F85
:108EA80072656164206368616E67656420746F3AF7
:108EB80020253064206F7220307825303258200DFC
:108EC8000A00000056616C756520746F6F20626936
:108ED800672C204E4F54206368616E6765642E20AE
:108EE8005374696C6C3A20307825303258200D0A5A
:108EF80000000000456E7465722044656275672045
:108F08004C6576656C2E204974206973206E6F77E6
:108F18003A203078253032580D0A00004F6E65200F
:108F28007365742062697420697320666F72206F9C
:108F38006E6520736F757263652E0D0A0000000060
:108F4800496E7075742063616E20626520696E20B9
:108F58004845582C20444543206F72204F43542ED7
:108F68000D0A00004966204261736520322069734A
:108F7800206E656564656420656E746572202732AD
:108F88002720617320616E6F74686572207061724A
:108F9800616D657465722E0D0A0000004465627586
:108FA8006720536F7572636573206172653A200D8F
:108FB8000A0000002020202020426974303A204214
:108FC8007574746F6E2E0D0A00000000202020209A
:108FD80020426974313A20475049422048696768FD
:108FE800204C6576656C20436F6D6D616E64732EE1
:108FF8000D0A00002020202020426974323A202ED9
:109008000D0A00002020202020426974333A202EC7
:109018000D0A00002020202020426974343A202EB6
:109028000D0A00002020202020426974353A202EA5
:109038000D0A00002020202020426974363A202E94
:109048000D0A00002020202020426974373A202E83
:109058000D0A000055736520426173652032212E88
:109068000D0A000044656275676C6576656C20635F
:1090780068616E67656420746F3A20253064206FDC
:109088007220307825303258200D0A00456E616212
:109098006C65204C6F63616C204563686F2E2043BC
:1090A800757272656E742073657474696E673A20A0
:1090B80025640D0A000000004C6F63616C656368ED
:1090C8006F206368616E67656420746F3A2025308D
:1090D80064206F7220307825303258200D0A000045
:1090E800456E61626C6520454F492E20437572724A
:1090F800656E742073657474696E673A2025640D13
:109108000A000000454F49206368616E6765642066
:10911800746F3A20253064206F7220307825303201
:1091280058200D0A000000004368616E67652045FD
:109138004F532E2043757272656E74207365747474
:10914800696E673A2025640D0A000000454F5320D8
:109158006368616E67656420746F3A202530642007
:109168006F7220307825303258200D0A0000000038
:109178004368616E676520454F542043686172619A
:10918800637465722E2043757272656E7420736500
:109198007474696E673A2025640D0A00454F54209F
:1091A800436861722E206368616E67656420746F1E
:1091B8003A20253064206F722030782530325820CC
:1091C8000D0A0000456E61626C6520454F542E20E3
:1091D80043757272656E742073657474696E673A4C
:1091E8002025640D0A000000454F54206368616E15
:1091F80067656420746F3A20253064206F722030D0
:109208007825303258200D0A0000000047455420C8
:1092180066726F6D20746172676574206164647230
:109228006573732E204E6F773A2025640D0A00006F
:109238004745542066726F6D20616464726573736C
:109248003A20253064206F7220307825303258203B
:109258000D0A00004552524F5220696E206765740E
:109268000A0D0000456E61626C65206C6973746557
:109278006E5F6F6E6C792E2043757272656E742006
:1092880073657474696E673A2025642C206D6F6469
:10929800653A2025640D0A006C697374656E5F6F0A
:1092A8006E6C79206368616E67656420746F3A201C
:1092B800253064206F7220307825303258200D0A0E
:1092C800000000006C697374656E5F6F6E6C7920C6
:1092D8004E4F54206368616E676564206265636100
:1092E8007573652077652061726520696E20436F0C
:1092F8006E74726F6C6C6572204D6F6465210D0A17
:10930800000000004368616E6765204D6F64652E3C
:109318002043757272656E742073657474696E6724
:109328003A2025640D0A00004D6F6465206368616A
:109338006E67656420746F3A20253064206F722050
:10934800307825303258200D0A000000456E7465CB
:10935800722074696D656F75742E2043757272651D
:109368006E742074696D656F75743A202564206D7C
:10937800730D0A0074696D656F7574206368616E9A
:1093880067656420746F3A20253064206D73200D62
:109398000A00000056616C756520746F6F20626961
:1093A800672C204E4F54206368616E6765642E20D9
:1093B8005374696C6C3A202564206D73200D0A0083
:1093C8004368616E676520537461747573206279B0
:1093D80074652E204E6F773A2025640D0A00000030
:1093E8005374617475732062797465206368616E63
:1093F80067656420746F3A20253064206F722030CE
:109408007825303258200D0A00000000596F752069
:109418006D75737420656E74657220612073656361
:1094280074696F6E2028312D32353529200D0A00D8
:10943800456E7465722050696E746573742E0D0ADA
:10944800000000005356233800000000535623390B
:10945800000000006E6F6E616D650000636C6963EB
:109468006B206C6F6E672E0D0A000000636C6963D9
:109478006B206F6E63652E0D0A000000636C6963D4
:109488006B20646F75626C652E0D0A00756E6B6ECD
:109498006F776E206D65737361676520666F7220E4
:1094A8002564210D0A00000069646C650000000055
:1094B8007368656C6C31000074657374000000009B
:1094C8002B2B68656C7000002B2B616464720000A4
:1094D8002B2B6175746F00002B2B6563686F000080
:1094E8002B2B6465627567002B2B64656661756C50
:1094F800740000002B2B656F690000002B2B656F33
:10950800730000002B2B636C720000002B2B656F1F
:10951800740000002B2B6D6F646500002B2B656FAA
:10952800745F656E61626C65000000002B2B7372BE
:10953800710000002B2B7472670000002B2B7370D6
:109548006F6C6C002B2B6966630000002B2B6C6C16
:109558006F0000002B2B6C6F630000002B2B6C6FCF
:109568006E0000002B2B6765740000002B2B7374B2
:1095780061747573000000002B2B72656164000034
:109588002B2B726561645F746D6F5F6D73000000F3
:109598002B2B7665720000002E000000633000005F
:1095A8006F6271577269746554696D656F7574007F
:1095B800736475534F46486F6F6B4900636854680E
:1095C80064446F446571756575654E6578744900C6
:1095D80063685265674E65787454687265616400A3
:1095E8006368537973556E6C6F636B006368537966
:1095F80073556E6C6F636B005F7573625F65703077
:109608006F757400566563746F724238000000000D
:109618005F70616C5F6C6C645F64697361626C65D8
:109628007061646576656E74000000006F74675F32
:1096380072616D5F616C6C6F630000006770745FCE
:109648006C6C645F737461727400000063685379B2
:109658007347657449646C65546872656164580041
:109668005F5F7363685F72656164795F6168656194
:10967800640000007374536574416C61726D00007E
:109688006F6271506F737446756C6C42756666656F
:10969800725300006368537973556E6C6F636B0087
:1096A80063684D7478556E6C6F636B0063685379AB
:1096B80073556E6C6F636B006368436F7265416CC2
:1096C8006C6F6346726F6D546F70490063684865CC
:1096D80061704672656500006368506F6F6C467212
:1096E8006565490067707453746F7054696D65726D
:1096F800490000005F7573625F657030696E000035
:10970800566563746F724230000000005F70616CD0
:109718005F6C6C645F656E61626C657061646576D0
:10972800656E74006F74675F6669666F5F777269EC
:1097380074655F66726F6D5F62756666657200005C
:109748006368537973556E6C6F636B006368565426
:10975800446F5469636B4900636853636857616B6E
:1097680065757053000000007573625374617274FC
:109778000000000063685468644578697453000009
:10978800636854686452656C656173650000000025
:10979800636854686443726561746553746174697D
:1097A800630000006368537973556E6C6F636B00D8
:1097B8006368546864437265617465537573706552
:1097C8006E64656449000000737453746172744177
:1097D8006C61726D000000006F6271476574456DC1
:1097E80070747942756666657254696D656F7574D3
:1097F800530000006368537973556E6C6F636B0098
:10980800566563746F7245300000000056656374D6
:109818006F723134430000006368536368476F53C5
:109828006C656570530000006368537973556E6CFE
:109838006F636B006F627152656C65617365456D2E
:109848007074794275666665724900006770745372
:1098580074617274436F6E74696E756F75734900C5
:109868007364755374617274000000005665637404
:109878006F7239430000000063685654446F5265A4
:1098880073657449000000005F5F7363685F726509
:109898006164795F626568696E64000063684D742D
:1098A800784C6F636B53000063684576745369673F
:1098B8006E616C49000000005F63746C000000007A
:1098C80075736253746172745472616E736D6974E6
:1098D80049000000566563746F7236380000000056
:1098E80063685363685265616479490063685379B2
:1098F80073556E6C6F636B00696271526561645475
:10990800696D656F757400006F626E6F7469667952
:109918000000000075736253746172745265636568
:109928006976654900000000566563746F723634C5
:109938000000000063685F646C6973745F696E732C
:109948006572740069627152656C65617365456D15
:10995800707479427566666572530000636853795E
:1099680073556E6C6F636B007573624469736162E3
:109978006C65456E64706F696E7473490000000011
:10998800566563746F723630000000006368565481
:10999800446F536574490000696271476574467580
:1099A8006C6C42756666657254696D656F75745343
:1099B8000000000067707453746172740000000046
:1099C800757362496E6974456E64706F696E744927
:1099D80000000000566563746F7235430000000094
:1099E8006368537973556E6C6F636B006368537962
:1099F80073556E6C6F636B006368537973556E6C47
:109A08006F636B00566563746F7235380000000031
:109A1800696271506F737446756C6C4275666665E1
:109A2800724900006368537973556E6C6F636B00FD
:109A380000000000A4950008000400200008002091
:109A480068170020981800206D61696E002C403856
:109A580004044C080C10141C2028292A00000000BB
:109A6800000024040100040000000000000C0010A5
:109A780028303400C094000861570008C8940008D2
:109A8800213B0008D0940008D14F0008D894000862
:109A980031500008E0940008A1510008E89400083B
:109AA80091500008F0940008110B0008FC9400087D
:109AB8000152000804950008615200080C9500083E
:109AC8000149000814950008C15200081C950008B7
:109AD8000155000824950008215300083495000812
:109AE800A13C00083C9500088156000844950008F0
:109AF800E15500084C950008513C000854950008B1
:109B0800B14900085C950008614A0008649500089E
:109B1800815400086C95000881530008749500086A
:109B28002156000880950008914E00088895000885
:109B38008155000898950008E13C0008A0950008A8
:109B4800C14C0008000000000000000000000000F8
:109B5800E1220008E1100008E1110008400040007F
:109B68003C1900203C190020010000004C1900207D
:109B780003000000000000002108000800000000A9
:109B8800100000005419002000000000010000002F
:109B9800000000000200000000000000711E000824
:109BA800D1210008400040006419002074190020E9
:109BB80002000000000000008000000040010000DA
:109BC8000300000010270000710B000800000000CF
:109BD8000000000001000000FC9F00082420002075
:109BE8002420002024200020FC9F00080000000002
:109BF8000000000000000000FC9F000800000000BA
:109C08000000000000000000FC9F000800000000A9
:109C18000000000000000000FC9F00080000000099
:109C28000000000000000000FC9F00080000000089
:109C38000000000000000000FC9F00080000000079
:109C48000000000000000000FC9F00080000000069
:109C58000000000000000000E00D002002020100EA
:109C6800500900207C9A0008841900200002000096
:109C7800001900200000000000000000A1280008D2
:109C8800E10C0008210D0008A11500084B00000098
:109C98009C9C000809024B00040100C032080B001C
:109CA8000202020100090400000102020100052469
:109CB8000010010524010301042402020524060002
:109CC800010705810310000109040100020A0000D0
:109CD800000705020240000007058202400000005C
:109CE80012000000F09C000812010002EF0201407F
:109CF80055F063E0000201020301000004030904B7
:109D08002603530054004D006900630072006F0081
:109D180065006C0065006300740072006F006E00DF
:109D2800690063007300000038034300680069009D
:109D3800620069004F0053002F00520054002000B9
:109D48005600690072007400750061006C00200004
:109D580043004F004D00200050006F007200740057
:109D6800080337003100300004000000049D00089B
:109D780026000000089D000838000000309D0008FB
:109D880008000000689D000800000000B1310008CC
:109D9800812E0008D1310008A12E00089132000858
:109DA800412F0008C1310008912E0008310F00082A
:109DB800000000000020202020202020202028282B
:109DC8002828282020202020202020202020202073
:109DD80020202020208810101010101010101010B3
:109DE80010101010100404040404040404040410E3
:109DF8001010101010104141414141410101010171
:109E0800010101010101010101010101010101013A
:109E18001010101010104242424242420202020246
:109E2800020202020202020202020202020202020A
:109E380010101010200000000000000000000000BA
:109E4800000000000000000000000000000000000A
:109E580000000000000000000000000000000000FA
:109E680000000000000000000000000000000000EA
:109E780000000000000000000000000000000000DA
:109E880000000000000000000000000000000000CA
:109E980000000000000000000000000000000000BA
:109EA80000000000000000000000000000000000AA
:089EB8000000000000000000A2
:109EC000010201030D0000000096000000000801DF
:109ED0000102E8030000000000000000EC1E00206A
:109EE000541F0020BC1F00200000000000000000E4
:109EF0000000000000000000000000000000000062
:109F00000000000000000000000000000000000051
:109F10000000000000000000000000000000000041
:109F20000000000000000000000000000000000031
:109F30000000000000000000000000000000000021
:109F40000000000000000000000000000000000011
:109F50000000000000000000000000000000000001
:109F600000000000000000000000000000000000F1
:109F700001000000000000000E33CDAB34126DE68E
:109F8000ECDE05000B0000000000000000000000F7
:109F900000000000000000000000000000000000C1
:109FA00000000000000000000000000000000000B1
:109FB00000000000000000000000000000000000A1
:109FC0000000000000000000000000000000000091
:109FD0000000000000000000000000000000000081
:109FE0000000000000000000000000000000000071
:0C9FF00000000000000000001808002025
:04000005080002D914
:00000001FF
